version 1
nodes
  0 "Bip01"  -1
  1 "Bip01 Footsteps"   0
  2 "Bip01 Pelvis"   0
  3 "Bip01 Spine"   2
  4 "Bip01 Spine1"   3
  5 "Bip01 Spine2"   4
  6 "Bip01 Spine3"   5
  7 "Bip01 Neck"   6
  8 "Bip01 Head"   7
  9 "Dummy21"   8
 10 "Bip01 L Clavicle"   7
 11 "Bip01 L UpperArm"  10
 12 "Bip01 L Forearm"  11
 13 "Bip01 L Hand"  12
 14 "Bip01 L Finger0"  13
 15 "Bip01 L Finger01"  14
 16 "Dummy06"  15
 17 "Bip01 L Finger1"  13
 18 "Bip01 L Finger11"  17
 19 "Dummy03"  18
 20 "-- L knuckle"  17
 21 "-- L knuckle_end"  20
 22 "-- L Forearm twist"  12
 23 "-- L Forearm twist_end"  22
 24 "-- L wrist"  12
 25 "-- L wrist_end"  24
 26 "-- L Elbow"  11
 27 "--L Elbow_end"  26
 28 "-- L bicep twist"  11
 29 "-- L bicep twist_end"  28
 30 "-- L shoulder outside"  10
 31 "-- L shoulder outside_end"  30
 32 "-- L Shoulder inside"  10
 33 "-- L Shoulder inside_end"  32
 34 "Bip01 R Clavicle"   7
 35 "Bip01 R UpperArm"  34
 36 "Bip01 R Forearm"  35
 37 "Bip01 R Hand"  36
 38 "Bip01 R Finger0"  37
 39 "Bip01 R Finger01"  38
 40 "Dummy01"  39
 41 "Bip01 R Finger1"  37
 42 "Bip01 R Finger11"  41
 43 "Dummy02"  42
 44 "-- R knuckle"  41
 45 "Point06"  44
 46 "skin01"  37
 47 "-- R wrist"  36
 48 "-- R wrist_end"  47
 49 "-- R forearm twist"  36
 50 "-- R forearm twist_end"  49
 51 "-- R Elbow"  35
 52 "--R Elbow_end"  51
 53 "-- R bicep twist"  35
 54 "-- R bicep twist_end"  53
 55 "-- R Shoulder inside"  34
 56 "-- R Shoulder inside_end"  55
 57 "-- R shoulder outside"  34
 58 "-- R shoulder outside_end"  57
 59 "-- Neck smooth"   6
 60 "-- neck smooth end"  59
 61 "-- R Butt"   2
 62 "--R Butt_end"  61
 63 "-- L butt"   2
 64 "--L butt_end"  63
 65 "GIGN01"   2
 66 "Bip01 L Thigh"   2
 67 "Bip01 L Calf"  66
 68 "Bip01 L Foot"  67
 69 "Bip01 L Toe0"  68
 70 "Dummy16"  69
 71 "-- L ankle"  67
 72 "-- L ankleend"  71
 73 "-- L Knee"  66
 74 "--L Knee_end"  73
 75 "Bip01 R Thigh"   2
 76 "Bip01 R Calf"  75
 77 "Bip01 R Foot"  76
 78 "Bip01 R Toe0"  77
 79 "Dummy11"  78
 80 "-- R Ankle"  76
 81 "-- R ankleend"  80
 82 "-- R Knee"  75
 83 "--R Knee_end"  82
end
skeleton
time 0
  0 0.500000 13.522099 26.931471 -0.243067 0.535714 -2.432935
  1 13.773751 5.584523 -22.520975 -0.544290 0.221328 2.303921
  2 -2.276934 0.000003 -1.238185 -1.570795 -1.570451 0.000000
  3 1.796341 0.712006 0.000835 -0.270042 -0.297220 -0.174935
  4 4.120618 -0.002563 0.000373 -0.115569 0.135622 0.650492
  5 4.118039 -0.003166 0.000639 -0.210419 0.376953 -0.254616
  6 4.120290 -0.002544 0.001207 -0.416455 0.425615 0.404370
  7 4.116920 -0.002981 -0.000897 0.291631 0.491279 -0.372903
  8 4.443596 -0.000000 -0.000000 0.174937 -0.218805 0.308995
  9 9.024059 0.000001 0.000001 0.000000 0.000000 0.000000
 10 -0.817417 0.442796 1.463285 1.347457 -1.153903 2.194357
 11 6.384777 0.000002 0.000005 -1.415121 -0.003636 -1.541083
 12 10.242682 0.000003 0.000000 0.000000 -0.000000 -1.722992
 13 11.375562 -0.000003 -0.000000 3.095523 0.394426 0.704628
 14 0.728680 0.023430 -1.008291 0.867878 0.712365 -0.046112
 15 2.136498 0.000001 -0.000002 -0.000000 0.000000 -0.078540
 16 2.313139 -0.000001 0.000001 0.000000 0.000000 0.000000
 17 3.115506 -0.886041 -0.021432 -0.611647 0.000152 0.191986
 18 2.011149 -0.000003 -0.000002 0.000000 -0.000000 1.218072
 19 2.141380 0.000000 0.000001 0.000000 0.000000 0.000000
 20 1.734172 0.000001 -0.000000 0.000000 0.000000 0.608208
 21 0.000004 -4.440595 -0.000001 1.570544 -0.062990 -0.195737
 22 5.999999 -0.000000 -0.000001 -2.899985 0.000000 0.000000
 23 -0.000001 -4.440602 -0.000000 1.569944 -0.062987 0.004053
 24 11.375563 -0.000001 0.000004 -2.400376 0.036059 0.444371
 25 0.000001 -4.440603 0.000001 1.570144 -0.062988 0.004040
 26 10.510130 0.000002 -0.000000 0.000000 0.000000 -2.432292
 27 0.000002 -1.748400 5.000000 0.000000 0.004007 1.602291
 28 5.500000 0.000003 -0.000000 0.452186 0.000000 -0.000000
 29 -0.000001 -1.940598 5.000000 -0.044472 0.004003 -0.000180
 30 6.551491 0.000001 0.000002 -0.997945 0.193041 -1.120033
 31 -0.000000 -1.940600 5.000002 -0.027189 -0.053376 0.005295
 32 6.551491 0.000001 0.000002 -0.342090 0.204255 -0.389461
 33 -0.000001 -1.940599 4.999999 -0.066572 -0.152786 -0.110311
 34 0.817418 -0.435721 -1.463284 1.806673 0.635120 -1.094766
 35 6.384776 -0.000002 0.000002 0.338138 0.084583 -1.196641
 36 10.242681 -0.000000 0.000001 0.000000 -0.000000 -2.233958
 37 11.375560 0.000001 0.000001 2.608859 0.432062 0.375209
 38 0.728681 0.023431 1.008292 -1.579583 -0.319038 0.212973
 39 2.136496 -0.000000 -0.000000 -0.000000 0.000000 1.282817
 40 2.313138 -0.000000 -0.000000 0.000000 0.000000 3.141593
 41 3.115507 -0.886041 0.021432 0.420765 0.316066 0.167178
 42 2.011150 -0.000000 0.000002 -0.000000 0.000000 2.082010
 43 2.141379 -0.000000 0.000003 0.000000 0.000000 3.141593
 44 1.734173 -0.000001 -0.000001 0.000000 -0.000000 1.041748
 45 0.136314 -3.738192 2.525889 1.493698 2.759406 -1.474501
 46 14.562626 -1.166813 -0.284478 0.258917 0.054664 1.504024
 47 11.389366 -0.000819 0.158785 2.056952 0.278296 0.128374
 48 0.000000 -4.440597 0.000001 1.570144 -3.078602 0.004040
 49 5.999999 0.000001 0.000002 2.056952 0.000000 0.000000
 50 0.000002 -4.440600 0.000001 1.569944 -3.078603 0.004053
 51 10.510132 -0.000000 0.000001 0.000000 0.000000 -2.687776
 52 0.000000 -1.748400 -5.000001 -3.141593 0.004007 -1.539299
 53 5.500000 -0.000000 0.000002 -0.132826 0.000000 -0.000000
 54 0.000000 0.000000 -5.000000 -0.044472 3.137589 -0.000177
 55 6.551491 -0.000000 0.000001 0.132826 -0.033746 -0.327347
 56 -1.266844 -1.937443 -4.950561 -0.066572 -2.988806 -0.110308
 57 6.551491 -0.000001 0.000001 0.132826 -0.033746 -0.327347
 58 0.699371 -1.944208 -5.006846 -0.027189 -3.088217 0.005298
 59 4.226146 -0.003203 -0.000001 0.177303 0.266466 -0.232906
 60 0.000001 5.000000 0.000001 -0.153564 0.000087 2.718702
 61 0.000006 -0.000006 -3.713579 0.119535 -2.936655 -0.885276
 62 0.000001 0.000000 5.000000 3.053195 1.558589 -0.074929
 63 -0.000005 0.000005 3.713580 -0.311487 -2.845558 -0.582080
 64 0.000001 0.000000 -5.000000 -0.088726 1.558589 3.066335
 65 7.363603 1.646646 0.495663 -3.141593 -1.570796 0.000000
 66 -0.000005 0.000005 3.619082 -0.441735 -2.434423 -1.159240
 67 16.573917 -0.000000 0.000001 -0.000000 -0.000000 -2.011748
 68 15.128181 0.000000 -0.000000 0.026832 0.026147 -0.175154
 69 5.758666 4.244731 0.000000 0.000000 -0.000000 2.033309
 70 3.177727 0.000000 0.000000 0.000000 0.000000 3.141593
 71 15.708951 0.000002 -0.000000 0.013957 0.013894 -0.093781
 72 0.275148 0.189215 -3.445208 3.130898 0.000409 -1.514604
 73 17.210192 -0.000001 0.000002 -0.000000 0.000000 -2.319003
 74 0.000000 -0.000001 -5.000000 -0.079433 1.546568 -1.570857
 75 0.000007 -0.000004 -3.619079 0.260448 -2.945758 -1.468642
 76 16.573919 -0.000000 0.000001 0.000000 0.000000 -1.562392
 77 15.128181 0.000000 0.000001 0.265624 -0.173430 0.666428
 78 5.758665 4.244731 0.000000 -0.000000 0.000000 1.483530
 79 4.003934 -0.000000 0.000000 0.000000 0.000000 0.000000
 80 15.708953 0.000000 0.000000 0.195074 -0.100553 0.460486
 81 0.273998 0.191090 3.439762 -3.130907 -0.000437 -1.508107
 82 17.210196 0.000000 0.000001 -0.000000 0.000000 -2.116793
 83 0.000000 -0.000001 5.000000 -0.079311 1.595025 -1.570737
time 1
  0 0.500000 13.522099 26.931471 -0.243067 0.535714 -2.432935
  1 13.773751 5.584523 -22.520975 -0.544290 0.221328 2.303921
  2 -2.276934 0.000003 -1.238185 -1.570795 -1.570451 0.000000
  3 1.796342 0.712004 0.000826 -0.266488 -0.290907 -0.177379
  4 4.120619 -0.002564 0.000366 -0.113146 0.132025 0.650993
  5 4.118037 -0.003167 0.000629 -0.207062 0.374769 -0.252859
  6 4.120289 -0.002547 0.001199 -0.413121 0.422782 0.406376
  7 4.117056 -0.003049 -0.000916 0.296392 0.479764 -0.329862
  8 4.443596 0.000000 -0.000000 0.191343 -0.210149 0.218424
  9 9.024061 -0.000000 0.000001 0.000000 0.000000 0.000000
 10 -0.799773 0.452480 1.470081 1.325321 -1.166423 2.174884
 11 6.384776 0.000000 0.000001 -1.440356 -0.019428 -1.494131
 12 10.242682 0.000002 -0.000000 0.000000 -0.000000 -1.612640
 13 11.375562 -0.000001 0.000001 3.046769 0.348618 0.626808
 14 0.728681 0.023431 -1.008293 1.097607 0.715302 0.054066
 15 2.136498 -0.000000 -0.000001 0.000000 0.000000 -0.078540
 16 2.313139 -0.000001 0.000001 0.000000 0.000000 0.000000
 17 3.115506 -0.886044 -0.021432 -0.561228 -0.030056 0.277573
 18 2.011153 0.000002 0.000002 -0.000000 -0.000000 1.317788
 19 2.141380 -0.000001 -0.000001 0.000000 0.000000 0.000000
 20 1.734174 -0.000000 0.000000 0.000000 -0.000000 0.658182
 21 0.000002 -4.440594 0.000000 1.570544 -0.062990 -0.195737
 22 6.000000 -0.000001 -0.000000 -2.935682 0.000000 -0.000000
 23 0.000000 -4.440599 -0.000001 1.569944 -0.062987 0.004053
 24 11.375562 -0.000001 0.000003 -2.419203 0.023276 0.405209
 25 -0.000002 -4.440604 0.000001 1.570144 -0.062988 0.004040
 26 10.510132 0.000003 -0.000001 -0.000000 0.000000 -2.377116
 27 -0.000000 -1.748401 4.999999 0.000000 0.004007 1.602291
 28 5.499999 0.000000 0.000000 0.478378 0.000000 0.000000
 29 -0.000003 -1.940599 5.000001 -0.044472 0.004003 -0.000180
 30 6.551490 0.000001 0.000000 -1.025618 0.166320 -1.030229
 31 -0.000000 -1.940599 5.000002 -0.027189 -0.053376 0.005295
 32 6.551490 0.000001 0.000000 -0.366093 0.190880 -0.365826
 33 -0.000000 -1.940599 4.999995 -0.066572 -0.152786 -0.110311
 34 0.799768 -0.445402 -1.470082 1.828153 0.748275 -1.072508
 35 6.384775 -0.000001 0.000001 0.341300 0.099518 -1.113055
 36 10.242682 -0.000000 0.000002 0.000000 -0.000000 -2.235205
 37 11.375561 0.000001 -0.000002 2.619455 0.403903 0.381594
 38 0.728681 0.023431 1.008294 -1.579583 -0.319038 0.212973
 39 2.136497 -0.000002 -0.000000 0.000000 0.000000 1.282817
 40 2.313138 -0.000001 -0.000000 0.000000 0.000000 3.141593
 41 3.115507 -0.886041 0.021433 0.420765 0.316066 0.167178
 42 2.011151 -0.000000 -0.000001 -0.000000 0.000000 2.082010
 43 2.141379 0.000000 -0.000003 0.000000 0.000000 3.141593
 44 1.734172 -0.000001 -0.000001 -0.000000 -0.000000 1.041748
 45 0.136315 -3.738193 2.525890 1.493698 2.759406 -1.474501
 46 14.562628 -1.166814 -0.284474 0.258917 0.054664 1.504024
 47 11.389366 -0.000820 0.158779 2.064897 0.266021 0.136616
 48 0.000000 -4.440602 0.000001 1.570144 -3.078602 0.004040
 49 6.000000 0.000001 -0.000003 2.064897 0.000000 -0.000000
 50 0.000001 -4.440602 0.000001 1.569944 -3.078603 0.004053
 51 10.510132 -0.000000 0.000003 -0.000000 0.000000 -2.688399
 52 -0.000000 -1.748400 -5.000001 -3.141593 0.004007 -1.539299
 53 5.500000 0.000000 -0.000000 -0.131223 0.000000 0.000000
 54 0.000001 0.000000 -5.000000 -0.044472 3.137589 -0.000177
 55 6.551490 0.000001 -0.000001 0.131223 -0.024774 -0.310954
 56 -1.266844 -1.937444 -4.950560 -0.066572 -2.988806 -0.110308
 57 6.551491 0.000000 -0.000001 0.131223 -0.024774 -0.310954
 58 0.699370 -1.944207 -5.006849 -0.027189 -3.088217 0.005298
 59 4.226146 -0.003201 0.000000 0.177249 0.262183 -0.210475
 60 0.000000 5.000001 -0.000001 -0.153564 0.000087 2.718702
 61 0.000006 -0.000006 -3.713579 0.119535 -2.936655 -0.885276
 62 0.000001 0.000000 5.000000 3.053195 1.558589 -0.074929
 63 -0.000005 0.000005 3.713580 -0.311487 -2.845558 -0.582080
 64 0.000001 0.000000 -5.000000 -0.088726 1.558589 3.066335
 65 7.363603 1.646646 0.495663 -3.141593 -1.570796 0.000000
 66 -0.000005 0.000005 3.619082 -0.441735 -2.434423 -1.159240
 67 16.573917 -0.000000 0.000001 -0.000000 -0.000000 -2.011748
 68 15.128181 0.000000 -0.000000 0.026832 0.026147 -0.175154
 69 5.758666 4.244731 0.000000 0.000000 -0.000000 2.033309
 70 3.177727 0.000000 0.000000 0.000000 0.000000 3.141593
 71 15.708951 0.000002 -0.000000 0.013957 0.013894 -0.093781
 72 0.275148 0.189215 -3.445208 3.130898 0.000409 -1.514604
 73 17.210192 -0.000001 0.000002 -0.000000 0.000000 -2.319003
 74 0.000000 -0.000001 -5.000000 -0.079433 1.546568 -1.570857
 75 0.000007 -0.000004 -3.619079 0.260448 -2.945758 -1.468642
 76 16.573919 -0.000000 0.000001 0.000000 0.000000 -1.562392
 77 15.128181 0.000000 0.000001 0.265624 -0.173430 0.666428
 78 5.758665 4.244731 0.000000 -0.000000 0.000000 1.483530
 79 4.003934 -0.000000 0.000000 0.000000 0.000000 0.000000
 80 15.708953 0.000000 0.000000 0.195074 -0.100553 0.460486
 81 0.273998 0.191090 3.439762 -3.130907 -0.000437 -1.508107
 82 17.210196 0.000000 0.000001 -0.000000 0.000000 -2.116793
 83 0.000000 -0.000001 5.000000 -0.079311 1.595025 -1.570737
time 2
  0 0.500000 13.522099 26.931471 -0.243067 0.535714 -2.432935
  1 13.773751 5.584523 -22.520975 -0.544290 0.221328 2.303921
  2 -2.276934 0.000003 -1.238185 -1.570795 -1.570451 0.000000
  3 1.796343 0.712000 0.000815 -0.262586 -0.283920 -0.180046
  4 4.120615 -0.002565 0.000358 -0.110471 0.128048 0.651535
  5 4.118039 -0.003171 0.000618 -0.203360 0.372348 -0.250929
  6 4.120289 -0.002551 0.001192 -0.409449 0.419644 0.408578
  7 4.117214 -0.003118 -0.000937 0.301196 0.466143 -0.280145
  8 4.443599 0.000000 -0.000001 0.209709 -0.198836 0.117163
  9 9.024059 0.000001 0.000000 0.000000 0.000000 0.000000
 10 -0.778758 0.462725 1.478175 1.299506 -1.181214 2.152384
 11 6.384776 -0.000001 -0.000002 -1.467127 -0.035800 -1.446378
 12 10.242683 0.000001 0.000000 0.000000 -0.000000 -1.489394
 13 11.375562 -0.000002 0.000002 3.005935 0.300969 0.549475
 14 0.728681 0.023431 -1.008292 1.333863 0.700117 0.155560
 15 2.136498 -0.000001 0.000001 0.000000 -0.000000 -0.078540
 16 2.313138 0.000001 -0.000002 0.000000 0.000000 0.000000
 17 3.115506 -0.886042 -0.021431 -0.511776 -0.065787 0.364769
 18 2.011149 -0.000001 0.000001 0.000000 0.000000 1.421226
 19 2.141382 -0.000001 -0.000000 0.000000 0.000000 0.000000
 20 1.734172 0.000001 0.000001 -0.000000 0.000000 0.710139
 21 0.000007 -4.440595 0.000001 1.570544 -0.062990 -0.195737
 22 6.000000 -0.000002 0.000000 -2.965764 0.000000 0.000000
 23 -0.000000 -4.440602 -0.000001 1.569944 -0.062987 0.004053
 24 11.375562 -0.000001 0.000004 -2.435067 0.011775 0.363927
 25 -0.000003 -4.440603 0.000000 1.570144 -0.062988 0.004040
 26 10.510133 0.000001 0.000000 0.000000 -0.000000 -2.315493
 27 0.000002 -1.748401 4.999999 0.000000 0.004007 1.602291
 28 5.499999 -0.000002 -0.000000 0.502848 0.000000 0.000000
 29 -0.000001 -1.940598 5.000001 -0.044472 0.004003 -0.000180
 30 6.551490 -0.000001 -0.000001 -1.059213 0.145240 -0.955057
 31 0.000000 -1.940600 5.000000 -0.027189 -0.053376 0.005295
 32 6.551491 -0.000001 -0.000001 -0.387554 0.180014 -0.342607
 33 0.000000 -1.940599 4.999994 -0.066572 -0.152786 -0.110311
 34 0.778763 -0.455648 -1.478175 1.870003 0.871321 -1.036888
 35 6.384777 0.000001 -0.000000 0.346033 0.112077 -1.020415
 36 10.242682 -0.000001 0.000004 0.000000 -0.000000 -2.237151
 37 11.375561 -0.000001 -0.000002 2.632842 0.374516 0.386886
 38 0.728681 0.023430 1.008291 -1.579583 -0.319038 0.212973
 39 2.136497 -0.000002 -0.000000 0.000000 0.000000 1.282817
 40 2.313140 0.000000 0.000001 0.000000 0.000000 3.141593
 41 3.115506 -0.886041 0.021429 0.420766 0.316066 0.167178
 42 2.011151 0.000000 -0.000001 -0.000000 -0.000000 2.082010
 43 2.141380 0.000001 0.000000 0.000000 0.000000 3.141593
 44 1.734172 -0.000001 -0.000000 -0.000000 -0.000000 1.041748
 45 0.136316 -3.738193 2.525889 1.493698 2.759406 -1.474501
 46 14.562628 -1.166813 -0.284480 0.258917 0.054664 1.504024
 47 11.389366 -0.000819 0.158782 2.074321 0.253130 0.144450
 48 0.000001 -4.440599 0.000001 1.570144 -3.078602 0.004040
 49 5.999999 -0.000001 -0.000001 2.074320 -0.000000 -0.000000
 50 0.000002 -4.440603 0.000001 1.569944 -3.078603 0.004053
 51 10.510133 -0.000001 0.000003 0.000000 0.000000 -2.689372
 52 -0.000000 -1.748400 -5.000000 -3.141593 0.004007 -1.539299
 53 5.500000 -0.000000 0.000001 -0.129847 0.000000 0.000000
 54 -0.000001 0.000000 -5.000000 -0.044472 3.137589 -0.000177
 55 6.551492 0.000000 -0.000001 0.129847 -0.015916 -0.295446
 56 -1.266844 -1.937443 -4.950561 -0.066572 -2.988806 -0.110308
 57 6.551492 0.000001 -0.000001 0.129847 -0.015916 -0.295446
 58 0.699371 -1.944207 -5.006849 -0.027189 -3.088217 0.005298
 59 4.226144 -0.003202 0.000000 0.177078 0.257079 -0.183833
 60 0.000001 5.000001 0.000000 -0.153564 0.000087 2.718702
 61 0.000006 -0.000006 -3.713579 0.119535 -2.936655 -0.885276
 62 0.000001 0.000000 5.000000 3.053195 1.558589 -0.074929
 63 -0.000005 0.000005 3.713580 -0.311487 -2.845558 -0.582080
 64 0.000001 0.000000 -5.000000 -0.088726 1.558589 3.066335
 65 7.363603 1.646646 0.495663 -3.141593 -1.570796 0.000000
 66 -0.000005 0.000005 3.619082 -0.441735 -2.434423 -1.159240
 67 16.573917 -0.000000 0.000001 -0.000000 -0.000000 -2.011748
 68 15.128181 0.000000 -0.000000 0.026832 0.026147 -0.175154
 69 5.758666 4.244731 0.000000 0.000000 -0.000000 2.033309
 70 3.177727 0.000000 0.000000 0.000000 0.000000 3.141593
 71 15.708951 0.000002 -0.000000 0.013957 0.013894 -0.093781
 72 0.275148 0.189215 -3.445208 3.130898 0.000409 -1.514604
 73 17.210192 -0.000001 0.000002 -0.000000 0.000000 -2.319003
 74 0.000000 -0.000001 -5.000000 -0.079433 1.546568 -1.570857
 75 0.000007 -0.000004 -3.619079 0.260448 -2.945758 -1.468642
 76 16.573919 -0.000000 0.000001 0.000000 0.000000 -1.562392
 77 15.128181 0.000000 0.000001 0.265624 -0.173430 0.666428
 78 5.758665 4.244731 0.000000 -0.000000 0.000000 1.483530
 79 4.003934 -0.000000 0.000000 0.000000 0.000000 0.000000
 80 15.708953 0.000000 0.000000 0.195074 -0.100553 0.460486
 81 0.273998 0.191090 3.439762 -3.130907 -0.000437 -1.508107
 82 17.210196 0.000000 0.000001 -0.000000 0.000000 -2.116793
 83 0.000000 -0.000001 5.000000 -0.079311 1.595025 -1.570737
time 3
  0 0.500000 13.522099 26.931471 -0.243067 0.535714 -2.432935
  1 13.773751 5.584523 -22.520975 -0.544290 0.221328 2.303921
  2 -2.276934 0.000003 -1.238185 -1.570795 -1.570451 0.000000
  3 1.796342 0.711998 0.000805 -0.258443 -0.276438 -0.182862
  4 4.120618 -0.002567 0.000349 -0.107615 0.123793 0.652104
  5 4.118039 -0.003173 0.000607 -0.199411 0.369752 -0.248877
  6 4.120286 -0.002554 0.001182 -0.405536 0.416280 0.410915
  7 4.117376 -0.003178 -0.000956 0.305208 0.452327 -0.230838
  8 4.443600 0.000000 0.000000 0.226778 -0.184812 0.015571
  9 9.024062 -0.000002 0.000001 0.000000 0.000000 0.000000
 10 -0.757300 0.471841 1.486441 1.273632 -1.196226 2.130085
 11 6.384776 0.000002 0.000004 -1.493350 -0.056407 -1.401433
 12 10.242682 -0.000002 -0.000001 0.000000 -0.000000 -1.352296
 13 11.375560 0.000000 -0.000001 2.970711 0.254880 0.468045
 14 0.728680 0.023430 -1.008292 1.558429 0.668293 0.246312
 15 2.136496 -0.000000 0.000003 0.000000 0.000000 -0.078540
 16 2.313137 0.000000 -0.000002 0.000000 0.000000 0.000000
 17 3.115507 -0.886044 -0.021432 -0.466282 -0.104896 0.448844
 18 2.011150 0.000000 0.000001 0.000000 -0.000000 1.522803
 19 2.141381 -0.000001 0.000000 0.000000 0.000000 0.000000
 20 1.734170 -0.000001 -0.000001 -0.000000 -0.000000 0.761241
 21 0.000004 -4.440594 -0.000001 1.570544 -0.062990 -0.195737
 22 6.000000 -0.000001 0.000000 -2.991999 0.000000 -0.000000
 23 0.000001 -4.440601 -0.000001 1.569944 -0.062987 0.004053
 24 11.375560 0.000000 0.000003 -2.448890 0.004184 0.318868
 25 -0.000001 -4.440605 0.000002 1.570144 -0.062988 0.004040
 26 10.510131 -0.000002 -0.000001 -0.000000 0.000000 -2.246944
 27 0.000002 -1.748401 4.999998 -0.000000 0.004007 1.602291
 28 5.500000 -0.000002 -0.000000 0.523788 0.000000 -0.000000
 29 -0.000002 -1.940600 5.000002 -0.044472 0.004003 -0.000180
 30 6.551490 -0.000000 0.000001 -1.093691 0.126442 -0.901002
 31 -0.000001 -1.940599 5.000000 -0.027189 -0.053376 0.005295
 32 6.551490 -0.000000 0.000001 -0.405012 0.171113 -0.323916
 33 -0.000000 -1.940599 4.999994 -0.066572 -0.152786 -0.110311
 34 0.757308 -0.464764 -1.486440 1.939392 0.989955 -0.977552
 35 6.384776 0.000000 0.000002 0.351255 0.120063 -0.927630
 36 10.242682 0.000000 -0.000001 0.000000 0.000000 -2.238979
 37 11.375562 0.000001 -0.000000 2.645389 0.345264 0.391829
 38 0.728680 0.023431 1.008291 -1.579583 -0.319038 0.212973
 39 2.136497 -0.000003 -0.000001 0.000000 0.000000 1.282817
 40 2.313140 0.000001 0.000001 0.000000 0.000000 3.141593
 41 3.115507 -0.886042 0.021434 0.420765 0.316066 0.167178
 42 2.011150 0.000000 0.000003 -0.000000 0.000000 2.082010
 43 2.141379 -0.000000 -0.000002 0.000000 0.000000 3.141593
 44 1.734173 -0.000002 0.000000 0.000000 -0.000000 1.041748
 45 0.136314 -3.738194 2.525891 1.493698 2.759406 -1.474501
 46 14.562629 -1.166815 -0.284474 0.258917 0.054664 1.504024
 47 11.389367 -0.000820 0.158778 2.083271 0.240107 0.152183
 48 0.000001 -4.440601 0.000001 1.570144 -3.078602 0.004040
 49 5.999999 -0.000000 -0.000004 2.083271 0.000000 -0.000000
 50 0.000003 -4.440602 0.000000 1.569944 -3.078603 0.004053
 51 10.510131 -0.000000 0.000000 -0.000000 0.000000 -2.690286
 52 0.000001 -1.748400 -4.999999 3.141593 0.004007 -1.539299
 53 5.500000 -0.000000 -0.000001 -0.128636 -0.000000 0.000000
 54 0.000000 -0.000000 -4.999996 -0.044472 3.137589 -0.000177
 55 6.551491 0.000001 0.000001 0.128636 -0.008242 -0.281571
 56 -1.266844 -1.937443 -4.950559 -0.066572 -2.988806 -0.110308
 57 6.551491 0.000001 0.000001 0.128636 -0.008242 -0.281571
 58 0.699371 -1.944207 -5.006846 -0.027189 -3.088217 0.005298
 59 4.226146 -0.003202 -0.000001 0.176773 0.251818 -0.156593
 60 -0.000001 5.000002 0.000001 -0.153564 0.000087 2.718702
 61 0.000006 -0.000006 -3.713579 0.119535 -2.936655 -0.885276
 62 0.000001 0.000000 5.000000 3.053195 1.558589 -0.074929
 63 -0.000005 0.000005 3.713580 -0.311487 -2.845558 -0.582080
 64 0.000001 0.000000 -5.000000 -0.088726 1.558589 3.066335
 65 7.363603 1.646646 0.495663 -3.141593 -1.570796 0.000000
 66 -0.000005 0.000005 3.619082 -0.441735 -2.434423 -1.159240
 67 16.573917 -0.000000 0.000001 -0.000000 -0.000000 -2.011748
 68 15.128181 0.000000 -0.000000 0.026832 0.026147 -0.175154
 69 5.758666 4.244731 0.000000 0.000000 -0.000000 2.033309
 70 3.177727 0.000000 0.000000 0.000000 0.000000 3.141593
 71 15.708951 0.000002 -0.000000 0.013957 0.013894 -0.093781
 72 0.275148 0.189215 -3.445208 3.130898 0.000409 -1.514604
 73 17.210192 -0.000001 0.000002 -0.000000 0.000000 -2.319003
 74 0.000000 -0.000001 -5.000000 -0.079433 1.546568 -1.570857
 75 0.000007 -0.000004 -3.619079 0.260448 -2.945758 -1.468642
 76 16.573919 -0.000000 0.000001 0.000000 0.000000 -1.562392
 77 15.128181 0.000000 0.000001 0.265624 -0.173430 0.666428
 78 5.758665 4.244731 0.000000 -0.000000 0.000000 1.483530
 79 4.003934 -0.000000 0.000000 0.000000 0.000000 0.000000
 80 15.708953 0.000000 0.000000 0.195074 -0.100553 0.460486
 81 0.273998 0.191090 3.439762 -3.130907 -0.000437 -1.508107
 82 17.210196 0.000000 0.000001 -0.000000 0.000000 -2.116793
 83 0.000000 -0.000001 5.000000 -0.079311 1.595025 -1.570737
time 4
  0 0.500000 13.522099 26.931471 -0.243067 0.535714 -2.432935
  1 13.773751 5.584523 -22.520975 -0.544290 0.221328 2.303921
  2 -2.276934 0.000003 -1.238185 -1.570795 -1.570451 0.000000
  3 1.796342 0.711995 0.000794 -0.254166 -0.268642 -0.185751
  4 4.120615 -0.002568 0.000340 -0.104647 0.119365 0.652682
  5 4.118041 -0.003177 0.000595 -0.195313 0.367043 -0.246756
  6 4.120285 -0.002559 0.001173 -0.401480 0.412771 0.413328
  7 4.117523 -0.003227 -0.000971 0.308029 0.440333 -0.188802
  8 4.443597 0.000000 -0.000000 0.239396 -0.169214 -0.076199
  9 9.024063 -0.000001 0.000001 0.000000 0.000000 0.000000
 10 -0.738558 0.478752 1.493662 1.251348 -1.209286 2.111107
 11 6.384776 -0.000001 0.000002 -1.516312 -0.086612 -1.363457
 12 10.242682 -0.000001 0.000000 -0.000000 -0.000000 -1.199883
 13 11.375559 0.000002 0.000001 2.938371 0.212148 0.378839
 14 0.728682 0.023432 -1.008293 1.756833 0.625775 0.318425
 15 2.136497 0.000001 0.000001 -0.000000 -0.000000 -0.078540
 16 2.313140 -0.000001 -0.000001 0.000000 0.000000 0.000000
 17 3.115507 -0.886041 -0.021431 -0.427013 -0.144394 0.525463
 18 2.011151 0.000002 0.000001 0.000000 -0.000000 1.616935
 19 2.141379 0.000000 -0.000001 0.000000 0.000000 0.000000
 20 1.734172 0.000001 -0.000001 -0.000000 -0.000000 0.808622
 21 0.000002 -4.440593 -0.000000 1.570544 -0.062990 -0.195737
 22 6.000001 -0.000000 0.000001 -3.016828 -0.000000 -0.000000
 23 0.000002 -4.440601 -0.000000 1.569944 -0.062987 0.004053
 24 11.375563 -0.000000 0.000004 -2.461938 0.002426 0.268140
 25 0.000000 -4.440603 -0.000001 1.570144 -0.062988 0.004040
 26 10.510131 -0.000001 -0.000000 0.000000 0.000000 -2.170738
 27 0.000001 -1.748401 4.999999 -0.000000 0.004007 1.602290
 28 5.500000 -0.000000 -0.000000 0.540941 0.000000 -0.000000
 29 -0.000001 -1.940596 5.000000 -0.044472 0.004003 -0.000180
 30 6.551491 -0.000001 0.000002 -1.125574 0.103192 -0.868068
 31 0.000000 -1.940599 5.000001 -0.027189 -0.053376 0.005295
 32 6.551491 -0.000001 0.000002 -0.418511 0.161977 -0.311860
 33 0.000000 -1.940599 4.999996 -0.066572 -0.152786 -0.110311
 34 0.738555 -0.471674 -1.493663 2.038617 1.089962 -0.888092
 35 6.384776 -0.000001 0.000000 0.356021 0.122691 -0.843877
 36 10.242682 -0.000000 0.000002 0.000000 -0.000000 -2.239868
 37 11.375561 -0.000000 -0.000002 2.653524 0.317531 0.397414
 38 0.728680 0.023430 1.008292 -1.579583 -0.319038 0.212973
 39 2.136496 0.000000 0.000000 -0.000000 -0.000000 1.282817
 40 2.313138 0.000000 0.000000 0.000000 0.000000 3.141593
 41 3.115506 -0.886041 0.021428 0.420766 0.316066 0.167178
 42 2.011151 -0.000001 0.000001 0.000000 -0.000000 2.082010
 43 2.141380 -0.000001 0.000000 0.000000 0.000000 3.141593
 44 1.734173 -0.000002 -0.000000 0.000000 -0.000000 1.041748
 45 0.136315 -3.738192 2.525889 1.493698 2.759406 -1.474501
 46 14.562626 -1.166813 -0.284479 0.258917 0.054664 1.504024
 47 11.389366 -0.000819 0.158781 2.089815 0.227491 0.160187
 48 0.000000 -4.440598 -0.000000 1.570144 -3.078602 0.004040
 49 5.999999 -0.000000 -0.000003 2.089815 -0.000000 -0.000000
 50 0.000001 -4.440603 -0.000001 1.569944 -3.078603 0.004053
 51 10.510132 0.000000 0.000002 -0.000000 -0.000000 -2.690730
 52 -0.000000 -1.748401 -5.000003 -3.141593 0.004007 -1.539299
 53 5.499999 0.000001 0.000000 -0.127593 0.000000 -0.000000
 54 -0.000001 0.000001 -4.999998 -0.044472 3.137589 -0.000177
 55 6.551490 -0.000002 0.000000 0.127593 -0.002545 -0.269818
 56 -1.266844 -1.937444 -4.950561 -0.066572 -2.988806 -0.110308
 57 6.551491 0.000001 -0.000002 0.127593 -0.002545 -0.269818
 58 0.699371 -1.944208 -5.006847 -0.027189 -3.088217 0.005298
 59 4.226146 -0.003200 -0.000000 0.176387 0.247151 -0.132711
 60 -0.000002 5.000002 -0.000000 -0.153564 0.000087 2.718702
 61 0.000006 -0.000006 -3.713579 0.119535 -2.936655 -0.885276
 62 0.000001 0.000000 5.000000 3.053195 1.558589 -0.074929
 63 -0.000005 0.000005 3.713580 -0.311487 -2.845558 -0.582080
 64 0.000001 0.000000 -5.000000 -0.088726 1.558589 3.066335
 65 7.363603 1.646646 0.495663 -3.141593 -1.570796 0.000000
 66 -0.000005 0.000005 3.619082 -0.441735 -2.434423 -1.159240
 67 16.573917 -0.000000 0.000001 -0.000000 -0.000000 -2.011748
 68 15.128181 0.000000 -0.000000 0.026832 0.026147 -0.175154
 69 5.758666 4.244731 0.000000 0.000000 -0.000000 2.033309
 70 3.177727 0.000000 0.000000 0.000000 0.000000 3.141593
 71 15.708951 0.000002 -0.000000 0.013957 0.013894 -0.093781
 72 0.275148 0.189215 -3.445208 3.130898 0.000409 -1.514604
 73 17.210192 -0.000001 0.000002 -0.000000 0.000000 -2.319003
 74 0.000000 -0.000001 -5.000000 -0.079433 1.546568 -1.570857
 75 0.000007 -0.000004 -3.619079 0.260448 -2.945758 -1.468642
 76 16.573919 -0.000000 0.000001 0.000000 0.000000 -1.562392
 77 15.128181 0.000000 0.000001 0.265624 -0.173430 0.666428
 78 5.758665 4.244731 0.000000 -0.000000 0.000000 1.483530
 79 4.003934 -0.000000 0.000000 0.000000 0.000000 0.000000
 80 15.708953 0.000000 0.000000 0.195074 -0.100553 0.460486
 81 0.273998 0.191090 3.439762 -3.130907 -0.000437 -1.508107
 82 17.210196 0.000000 0.000001 -0.000000 0.000000 -2.116793
 83 0.000000 -0.000001 5.000000 -0.079311 1.595025 -1.570737
time 5
  0 0.500000 13.522099 26.931471 -0.243067 0.535714 -2.432935
  1 13.773751 5.584523 -22.520975 -0.544290 0.221328 2.303921
  2 -2.276934 0.000003 -1.238185 -1.570795 -1.570451 0.000000
  3 1.796344 0.711991 0.000782 -0.249855 -0.260712 -0.188643
  4 4.120615 -0.002568 0.000332 -0.101638 0.114866 0.653255
  5 4.118038 -0.003177 0.000583 -0.191161 0.364283 -0.244617
  6 4.120290 -0.002564 0.001163 -0.397377 0.409198 0.415759
  7 4.117616 -0.003254 -0.000979 0.309601 0.432227 -0.160737
  8 4.443599 0.000000 0.000000 0.244793 -0.154165 -0.148278
  9 9.024057 0.000001 0.000000 0.000000 0.000000 0.000000
 10 -0.725823 0.482906 1.498569 1.236348 -1.218137 2.098464
 11 6.384776 -0.000001 -0.000003 -1.532844 -0.132674 -1.337271
 12 10.242682 0.000001 -0.000000 0.000000 0.000000 -1.030430
 13 11.375562 -0.000000 0.000000 2.905874 0.173470 0.278738
 14 0.728680 0.023432 -1.008292 1.919377 0.580834 0.369678
 15 2.136496 0.000001 0.000000 -0.000000 0.000000 -0.078540
 16 2.313139 -0.000000 0.000000 0.000000 0.000000 0.000000
 17 3.115507 -0.886040 -0.021431 -0.395518 -0.180717 0.590582
 18 2.011149 -0.000001 -0.000001 0.000000 -0.000000 1.698037
 19 2.141381 -0.000000 0.000001 0.000000 0.000000 0.000000
 20 1.734170 0.000000 -0.000000 0.000000 0.000000 0.849429
 21 0.000005 -4.440595 0.000001 1.570544 -0.062990 -0.195737
 22 5.999998 -0.000000 -0.000000 -3.043287 0.000000 -0.000000
 23 0.000002 -4.440601 -0.000000 1.569944 -0.062987 0.004053
 24 11.375560 -0.000001 0.000003 -2.475718 0.008143 0.209387
 25 -0.000002 -4.440603 -0.000001 1.570144 -0.062988 0.004040
 26 10.510132 0.000003 -0.000000 -0.000000 0.000000 -2.086012
 27 -0.000002 -1.748399 4.999999 0.000000 0.004007 1.602291
 28 5.499999 0.000000 -0.000000 0.554435 0.000000 0.000000
 29 -0.000003 -1.940598 5.000000 -0.044472 0.004003 -0.000180
 30 6.551490 0.000001 -0.000001 -1.152853 0.068005 -0.855167
 31 0.000001 -1.940600 5.000000 -0.027189 -0.053376 0.005295
 32 6.551490 0.000001 -0.000001 -0.428336 0.150091 -0.307504
 33 -0.000001 -1.940598 4.999998 -0.066572 -0.152786 -0.110311
 34 0.725826 -0.475829 -1.498568 2.151723 1.159167 -0.779788
 35 6.384776 0.000001 -0.000001 0.359880 0.120281 -0.778504
 36 10.242682 -0.000001 -0.000000 0.000000 -0.000000 -2.239002
 37 11.375562 -0.000000 -0.000001 2.653712 0.292780 0.404813
 38 0.728680 0.023431 1.008291 -1.579583 -0.319038 0.212973
 39 2.136496 0.000000 0.000000 0.000000 0.000000 1.282817
 40 2.313140 -0.000001 0.000000 0.000000 0.000000 3.141593
 41 3.115506 -0.886041 0.021433 0.420766 0.316066 0.167178
 42 2.011151 -0.000000 -0.000002 -0.000000 0.000000 2.082010
 43 2.141380 0.000000 0.000003 0.000000 0.000000 3.141593
 44 1.734172 -0.000001 0.000001 -0.000000 0.000000 1.041748
 45 0.136314 -3.738194 2.525891 1.493698 2.759406 -1.474501
 46 14.562627 -1.166813 -0.284478 0.258917 0.054664 1.504024
 47 11.389367 -0.000818 0.158783 2.092034 0.215903 0.168867
 48 0.000001 -4.440599 0.000001 1.570144 -3.078602 0.004040
 49 6.000000 0.000000 -0.000000 2.092034 -0.000000 -0.000000
 50 0.000002 -4.440600 0.000001 1.569944 -3.078603 0.004053
 51 10.510132 -0.000000 -0.000001 -0.000000 -0.000000 -2.690298
 52 -0.000001 -1.748399 -5.000000 3.141593 0.004007 -1.539299
 53 5.500000 -0.000000 -0.000001 -0.126837 -0.000000 -0.000000
 54 -0.000001 0.000000 -5.000000 -0.044472 3.137589 -0.000177
 55 6.551490 -0.000000 0.000000 0.126837 0.000585 -0.260864
 56 -1.266843 -1.937443 -4.950558 -0.066572 -2.988806 -0.110308
 57 6.551490 -0.000000 0.000000 0.126837 0.000585 -0.260864
 58 0.699370 -1.944208 -5.006845 -0.027189 -3.088217 0.005298
 59 4.226146 -0.003203 -0.000001 0.176054 0.243931 -0.116432
 60 0.000002 5.000000 0.000001 -0.153564 0.000087 2.718702
 61 0.000006 -0.000006 -3.713579 0.119535 -2.936655 -0.885276
 62 0.000001 0.000000 5.000000 3.053195 1.558589 -0.074929
 63 -0.000005 0.000005 3.713580 -0.311487 -2.845558 -0.582080
 64 0.000001 0.000000 -5.000000 -0.088726 1.558589 3.066335
 65 7.363603 1.646646 0.495663 -3.141593 -1.570796 0.000000
 66 -0.000005 0.000005 3.619082 -0.441735 -2.434423 -1.159240
 67 16.573917 -0.000000 0.000001 -0.000000 -0.000000 -2.011748
 68 15.128181 0.000000 -0.000000 0.026832 0.026147 -0.175154
 69 5.758666 4.244731 0.000000 0.000000 -0.000000 2.033309
 70 3.177727 0.000000 0.000000 0.000000 0.000000 3.141593
 71 15.708951 0.000002 -0.000000 0.013957 0.013894 -0.093781
 72 0.275148 0.189215 -3.445208 3.130898 0.000409 -1.514604
 73 17.210192 -0.000001 0.000002 -0.000000 0.000000 -2.319003
 74 0.000000 -0.000001 -5.000000 -0.079433 1.546568 -1.570857
 75 0.000007 -0.000004 -3.619079 0.260448 -2.945758 -1.468642
 76 16.573919 -0.000000 0.000001 0.000000 0.000000 -1.562392
 77 15.128181 0.000000 0.000001 0.265624 -0.173430 0.666428
 78 5.758665 4.244731 0.000000 -0.000000 0.000000 1.483530
 79 4.003934 -0.000000 0.000000 0.000000 0.000000 0.000000
 80 15.708953 0.000000 0.000000 0.195074 -0.100553 0.460486
 81 0.273998 0.191090 3.439762 -3.130907 -0.000437 -1.508107
 82 17.210196 0.000000 0.000001 -0.000000 0.000000 -2.116793
 83 0.000000 -0.000001 5.000000 -0.079311 1.595025 -1.570737
time 6
  0 0.500000 13.522099 26.931471 -0.243067 0.535714 -2.432935
  1 13.773751 5.584523 -22.520975 -0.544290 0.221328 2.303921
  2 -2.276934 0.000003 -1.238185 -1.570795 -1.570451 0.000000
  3 1.796344 0.711989 0.000771 -0.245609 -0.252831 -0.191473
  4 4.120615 -0.002570 0.000321 -0.098656 0.110400 0.653810
  5 4.118038 -0.003179 0.000572 -0.187052 0.361537 -0.242508
  6 4.120288 -0.002568 0.001154 -0.393320 0.405644 0.418152
  7 4.117642 -0.003260 -0.000980 0.309975 0.430068 -0.153307
  8 4.443600 -0.000001 0.000001 0.240649 -0.142215 -0.191013
  9 9.024060 0.000001 -0.000000 0.000000 0.000000 0.000000
 10 -0.722425 0.483943 1.499877 1.220127 -1.237195 2.112990
 11 6.384776 0.000000 0.000000 -1.549577 -0.197955 -1.362940
 12 10.242681 -0.000002 0.000001 -0.000000 -0.000000 -0.887043
 13 11.375561 0.000001 0.000002 2.902897 0.146802 0.199972
 14 0.728679 0.023430 -1.008292 1.986118 0.559799 0.388266
 15 2.136493 0.000001 0.000001 0.000000 -0.000000 -0.078540
 16 2.313142 0.000000 -0.000000 0.000000 0.000000 0.000000
 17 3.115506 -0.886041 -0.021431 -0.382808 -0.196752 0.618037
 18 2.011151 0.000001 0.000000 0.000000 0.000000 1.732507
 19 2.141379 0.000002 -0.000001 0.000000 0.000000 0.000000
 20 1.734172 0.000001 0.000001 0.000000 -0.000000 0.866760
 21 0.000008 -4.440594 -0.000000 1.570544 -0.062990 -0.195737
 22 5.999999 0.000000 0.000001 -3.043725 0.000000 -0.000000
 23 0.000004 -4.440600 -0.000000 1.569944 -0.062987 0.004053
 24 11.375562 0.000001 0.000005 -2.475924 0.017760 0.160170
 25 -0.000002 -4.440603 0.000000 1.570144 -0.062988 0.004040
 26 10.510132 -0.000000 0.000001 -0.000000 0.000000 -2.014318
 27 -0.000002 -1.748401 4.999999 -0.000000 0.004007 1.602291
 28 5.499999 -0.000003 0.000001 0.564381 0.000000 -0.000000
 29 -0.000001 -1.940599 5.000002 -0.044472 0.004003 -0.000180
 30 6.551490 -0.000000 -0.000001 -1.189446 0.022180 -0.896049
 31 0.000000 -1.940599 5.000000 -0.027189 -0.053376 0.005295
 32 6.551490 -0.000000 -0.000001 -0.432123 0.142032 -0.317182
 33 -0.000000 -1.940599 4.999997 -0.066572 -0.152786 -0.110311
 34 0.722430 -0.476868 -1.499876 2.205611 1.182034 -0.724726
 35 6.384776 0.000002 0.000001 0.368751 0.115610 -0.747940
 36 10.242682 -0.000001 0.000003 0.000000 0.000000 -2.237423
 37 11.375560 -0.000001 -0.000003 2.648957 0.280593 0.410317
 38 0.728681 0.023431 1.008290 -1.579583 -0.319038 0.212973
 39 2.136497 -0.000001 -0.000000 0.000000 0.000000 1.282817
 40 2.313140 -0.000000 0.000000 0.000000 0.000000 3.141593
 41 3.115506 -0.886041 0.021429 0.420766 0.316066 0.167178
 42 2.011152 0.000000 -0.000000 -0.000000 0.000000 2.082010
 43 2.141379 0.000001 0.000000 0.000000 0.000000 3.141593
 44 1.734172 -0.000001 0.000001 -0.000000 0.000000 1.041748
 45 0.136316 -3.738193 2.525890 1.493698 2.759406 -1.474501
 46 14.562627 -1.166815 -0.284476 0.258917 0.054664 1.504024
 47 11.389366 -0.000819 0.158778 2.090653 0.210015 0.174267
 48 0.000000 -4.440600 0.000001 1.570144 -3.078602 0.004040
 49 6.000000 0.000000 -0.000001 2.090653 -0.000000 -0.000000
 50 0.000001 -4.440603 0.000000 1.569944 -3.078603 0.004053
 51 10.510132 -0.000000 0.000002 -0.000000 -0.000000 -2.689508
 52 0.000001 -1.748401 -5.000005 -3.141593 0.004007 -1.539299
 53 5.500000 -0.000001 0.000002 -0.128704 -0.000000 0.000000
 54 0.000000 0.000001 -5.000000 -0.044472 3.137589 -0.000177
 55 6.551490 -0.000000 0.000003 0.128704 0.000156 -0.256728
 56 -1.266844 -1.937444 -4.950561 -0.066572 -2.988806 -0.110308
 57 6.551491 0.000003 0.000001 0.128704 0.000156 -0.256728
 58 0.699370 -1.944209 -5.006845 -0.027189 -3.088217 0.005298
 59 4.226145 -0.003201 0.000000 0.175955 0.243065 -0.112078
 60 0.000003 5.000000 0.000000 -0.153564 0.000087 2.718702
 61 0.000006 -0.000006 -3.713579 0.119535 -2.936655 -0.885276
 62 0.000001 0.000000 5.000000 3.053195 1.558589 -0.074929
 63 -0.000005 0.000005 3.713580 -0.311487 -2.845558 -0.582080
 64 0.000001 0.000000 -5.000000 -0.088726 1.558589 3.066335
 65 7.363603 1.646646 0.495663 -3.141593 -1.570796 0.000000
 66 -0.000005 0.000005 3.619082 -0.441735 -2.434423 -1.159240
 67 16.573917 -0.000000 0.000001 -0.000000 -0.000000 -2.011748
 68 15.128181 0.000000 -0.000000 0.026832 0.026147 -0.175154
 69 5.758666 4.244731 0.000000 0.000000 -0.000000 2.033309
 70 3.177727 0.000000 0.000000 0.000000 0.000000 3.141593
 71 15.708951 0.000002 -0.000000 0.013957 0.013894 -0.093781
 72 0.275148 0.189215 -3.445208 3.130898 0.000409 -1.514604
 73 17.210192 -0.000001 0.000002 -0.000000 0.000000 -2.319003
 74 0.000000 -0.000001 -5.000000 -0.079433 1.546568 -1.570857
 75 0.000007 -0.000004 -3.619079 0.260448 -2.945758 -1.468642
 76 16.573919 -0.000000 0.000001 0.000000 0.000000 -1.562392
 77 15.128181 0.000000 0.000001 0.265624 -0.173430 0.666428
 78 5.758665 4.244731 0.000000 -0.000000 0.000000 1.483530
 79 4.003934 -0.000000 0.000000 0.000000 0.000000 0.000000
 80 15.708953 0.000000 0.000000 0.195074 -0.100553 0.460486
 81 0.273998 0.191090 3.439762 -3.130907 -0.000437 -1.508107
 82 17.210196 0.000000 0.000001 -0.000000 0.000000 -2.116793
 83 0.000000 -0.000001 5.000000 -0.079311 1.595025 -1.570737
time 7
  0 0.500000 13.522099 26.931471 -0.243067 0.535714 -2.432935
  1 13.773751 5.584523 -22.520975 -0.544290 0.221328 2.303921
  2 -2.276934 0.000003 -1.238185 -1.570795 -1.570451 0.000000
  3 1.796344 0.711985 0.000759 -0.241525 -0.245183 -0.194176
  4 4.120616 -0.002571 0.000312 -0.095769 0.106071 0.654336
  5 4.118039 -0.003183 0.000558 -0.183079 0.358867 -0.240478
  6 4.120285 -0.002571 0.001147 -0.389404 0.402191 0.420452
  7 4.117569 -0.003240 -0.000974 0.308832 0.436364 -0.175029
  8 4.443600 -0.000002 0.000001 0.224537 -0.135098 -0.195363
  9 9.024061 0.000000 0.000000 0.000000 0.000000 0.000000
 10 -0.732327 0.480836 1.496063 1.243999 -1.213616 2.104899
 11 6.384776 0.000002 0.000001 -1.523817 -0.211848 -1.348532
 12 10.242682 0.000001 -0.000000 0.000000 0.000000 -0.838263
 13 11.375563 0.000002 -0.000000 2.858832 0.125001 0.140074
 14 0.728680 0.023428 -1.008291 1.975850 0.563131 0.385507
 15 2.136496 0.000001 0.000000 -0.000000 -0.000000 -0.078540
 16 2.313139 0.000000 -0.000000 0.000000 0.000000 0.000000
 17 3.115507 -0.886045 -0.021431 -0.384754 -0.194241 0.613784
 18 2.011152 0.000001 0.000001 0.000000 -0.000000 1.727158
 19 2.141379 0.000000 0.000001 0.000000 0.000000 0.000000
 20 1.734174 0.000001 0.000000 0.000000 -0.000000 0.864071
 21 0.000003 -4.440593 -0.000000 1.570544 -0.062990 -0.195737
 22 6.000000 -0.000000 -0.000000 -3.085545 0.000000 -0.000000
 23 0.000003 -4.440600 0.000000 1.569944 -0.062987 0.004053
 24 11.375561 0.000001 0.000002 -2.497318 0.023057 0.122090
 25 -0.000000 -4.440605 0.000000 1.570144 -0.062988 0.004040
 26 10.510131 -0.000001 -0.000000 -0.000000 -0.000000 -1.989928
 27 0.000002 -1.748401 4.999999 0.000000 0.004007 1.602291
 28 5.500000 -0.000000 -0.000000 0.558070 0.000000 0.000000
 29 -0.000000 -1.940598 5.000000 -0.044472 0.004003 -0.000180
 30 6.551491 0.000001 0.000001 -1.160599 0.001732 -0.882210
 31 0.000001 -1.940600 5.000001 -0.027189 -0.053376 0.005295
 32 6.551491 0.000001 0.000001 -0.429463 0.129820 -0.319892
 33 0.000001 -1.940599 4.999995 -0.066572 -0.152786 -0.110311
 34 0.732331 -0.473761 -1.496062 2.222053 1.188101 -0.681317
 35 6.384776 0.000001 0.000003 0.377531 0.110501 -0.727835
 36 10.242682 -0.000001 0.000004 0.000000 -0.000000 -2.234482
 37 11.375560 0.000000 -0.000001 2.641360 0.270694 0.416236
 38 0.728681 0.023431 1.008290 -1.579583 -0.319038 0.212973
 39 2.136496 0.000000 -0.000000 -0.000000 -0.000000 1.282817
 40 2.313139 -0.000001 -0.000000 0.000000 0.000000 3.141593
 41 3.115507 -0.886040 0.021432 0.420766 0.316066 0.167178
 42 2.011152 -0.000000 -0.000003 -0.000000 0.000000 2.082010
 43 2.141380 0.000000 0.000003 0.000000 0.000000 3.141593
 44 1.734172 -0.000000 0.000000 0.000000 0.000000 1.041748
 45 0.136315 -3.738193 2.525890 1.493698 2.759406 -1.474501
 46 14.562628 -1.166813 -0.284478 0.258917 0.054664 1.504024
 47 11.389366 -0.000819 0.158781 2.087628 0.205094 0.179516
 48 0.000001 -4.440601 0.000002 1.570144 -3.078602 0.004040
 49 5.999999 0.000001 0.000002 2.087628 -0.000000 -0.000000
 50 0.000001 -4.440603 0.000000 1.569944 -3.078603 0.004053
 51 10.510131 -0.000000 0.000003 -0.000000 0.000000 -2.688037
 52 0.000001 -1.748399 -5.000001 -3.141593 0.004007 -1.539299
 53 5.500000 -0.000001 0.000003 -0.130839 0.000000 0.000000
 54 0.000001 0.000001 -5.000001 -0.044472 3.137589 -0.000177
 55 6.551491 0.000002 0.000002 0.130839 -0.001074 -0.253997
 56 -1.266845 -1.937444 -4.950559 -0.066572 -2.988806 -0.110308
 57 6.551492 0.000002 0.000002 0.130839 -0.001074 -0.253997
 58 0.699369 -1.944210 -5.006845 -0.027189 -3.088217 0.005298
 59 4.226146 -0.003200 0.000001 0.176232 0.245582 -0.124755
 60 -0.000000 5.000001 0.000001 -0.153564 0.000087 2.718702
 61 0.000006 -0.000006 -3.713579 0.119535 -2.936655 -0.885276
 62 0.000001 0.000000 5.000000 3.053195 1.558589 -0.074929
 63 -0.000005 0.000005 3.713580 -0.311487 -2.845558 -0.582080
 64 0.000001 0.000000 -5.000000 -0.088726 1.558589 3.066335
 65 7.363603 1.646646 0.495663 -3.141593 -1.570796 0.000000
 66 -0.000005 0.000005 3.619082 -0.441735 -2.434423 -1.159240
 67 16.573917 -0.000000 0.000001 -0.000000 -0.000000 -2.011748
 68 15.128181 0.000000 -0.000000 0.026832 0.026147 -0.175154
 69 5.758666 4.244731 0.000000 0.000000 -0.000000 2.033309
 70 3.177727 0.000000 0.000000 0.000000 0.000000 3.141593
 71 15.708951 0.000002 -0.000000 0.013957 0.013894 -0.093781
 72 0.275148 0.189215 -3.445208 3.130898 0.000409 -1.514604
 73 17.210192 -0.000001 0.000002 -0.000000 0.000000 -2.319003
 74 0.000000 -0.000001 -5.000000 -0.079433 1.546568 -1.570857
 75 0.000007 -0.000004 -3.619079 0.260448 -2.945758 -1.468642
 76 16.573919 -0.000000 0.000001 0.000000 0.000000 -1.562392
 77 15.128181 0.000000 0.000001 0.265624 -0.173430 0.666428
 78 5.758665 4.244731 0.000000 -0.000000 0.000000 1.483530
 79 4.003934 -0.000000 0.000000 0.000000 0.000000 0.000000
 80 15.708953 0.000000 0.000000 0.195074 -0.100553 0.460486
 81 0.273998 0.191090 3.439762 -3.130907 -0.000437 -1.508107
 82 17.210196 0.000000 0.000001 -0.000000 0.000000 -2.116793
 83 0.000000 -0.000001 5.000000 -0.079311 1.595025 -1.570737
time 8
  0 0.500000 13.522099 26.931471 -0.243067 0.535714 -2.432935
  1 13.773751 5.584523 -22.520975 -0.544290 0.221328 2.303921
  2 -2.276934 0.000003 -1.238185 -1.570795 -1.570451 0.000000
  3 1.796342 0.711984 0.000749 -0.237695 -0.237951 -0.196695
  4 4.120616 -0.002571 0.000305 -0.093047 0.101981 0.654819
  5 4.118040 -0.003184 0.000548 -0.179337 0.356340 -0.238574
  6 4.120284 -0.002575 0.001137 -0.385720 0.398924 0.422607
  7 4.117407 -0.003189 -0.000958 0.305814 0.449956 -0.222475
  8 4.443599 -0.000001 0.000001 0.198647 -0.131907 -0.167348
  9 9.024058 -0.000000 -0.000000 0.000000 0.000000 0.000000
 10 -0.753604 0.473279 1.487866 1.308616 -1.092193 2.051548
 11 6.384776 -0.000001 -0.000001 -1.407867 -0.168368 -1.198180
 12 10.242682 -0.000002 -0.000000 0.000000 0.000000 -0.843197
 13 11.375559 0.000000 -0.000000 2.700874 0.082450 0.052421
 14 0.728682 0.023431 -1.008293 1.947350 0.572197 0.377656
 15 2.136495 0.000000 0.000002 0.000000 0.000000 -0.078540
 16 2.313138 0.000001 -0.000001 0.000000 0.000000 0.000000
 17 3.115508 -0.886040 -0.021431 -0.390173 -0.187356 0.602036
 18 2.011151 -0.000002 -0.000002 -0.000000 0.000000 1.712399
 19 2.141381 -0.000001 0.000002 0.000000 0.000000 0.000000
 20 1.734172 0.000001 -0.000001 0.000000 -0.000000 0.856651
 21 0.000007 -4.440596 0.000000 1.570544 -0.062990 -0.195737
 22 5.999998 -0.000000 -0.000000 3.038802 -0.000000 -0.000000
 23 0.000001 -4.440600 -0.000001 1.569944 -0.062987 0.004053
 24 11.375560 0.000001 0.000002 -2.576011 0.026192 0.062354
 25 -0.000003 -4.440602 -0.000001 1.570144 -0.062988 0.004040
 26 10.510131 -0.000002 -0.000001 0.000000 -0.000000 -1.992395
 27 0.000001 -1.748402 5.000000 -0.000000 0.004007 1.602291
 28 5.500000 -0.000000 -0.000000 0.525413 0.000000 -0.000000
 29 -0.000001 -1.940597 4.999999 -0.044472 0.004003 -0.000180
 30 6.551490 0.000000 0.000000 -1.034937 0.002303 -0.765308
 31 0.000000 -1.940598 5.000001 -0.027189 -0.053376 0.005295
 32 6.551490 0.000000 0.000000 -0.414947 0.102486 -0.302719
 33 -0.000000 -1.940599 4.999998 -0.066572 -0.152786 -0.110311
 34 0.753606 -0.466204 -1.487865 2.220776 1.185922 -0.630026
 35 6.384776 -0.000001 0.000001 0.377473 0.103392 -0.718061
 36 10.242681 -0.000001 0.000001 0.000000 -0.000000 -2.223660
 37 11.375559 0.000001 0.000002 2.618943 0.252879 0.430338
 38 0.728681 0.023430 1.008290 -1.579583 -0.319038 0.212973
 39 2.136497 0.000001 -0.000001 -0.000000 0.000000 1.282817
 40 2.313140 0.000001 0.000001 0.000000 0.000000 3.141593
 41 3.115506 -0.886041 0.021431 0.420765 0.316066 0.167178
 42 2.011150 0.000001 0.000004 -0.000000 0.000000 2.082010
 43 2.141379 -0.000000 -0.000001 0.000000 0.000000 3.141593
 44 1.734173 -0.000000 0.000001 0.000000 -0.000000 1.041748
 45 0.136314 -3.738192 2.525891 1.493698 2.759406 -1.474501
 46 14.562625 -1.166814 -0.284478 0.258917 0.054664 1.504024
 47 11.389365 -0.000820 0.158781 2.077713 0.195892 0.190955
 48 -0.000000 -4.440599 -0.000002 1.570144 -3.078602 0.004040
 49 6.000000 -0.000001 0.000001 2.077713 0.000000 0.000000
 50 0.000001 -4.440600 0.000001 1.569944 -3.078603 0.004053
 51 10.510132 -0.000000 0.000001 -0.000000 -0.000000 -2.682626
 52 -0.000001 -1.748399 -5.000000 -3.141593 0.004007 -1.539299
 53 5.500000 0.000000 -0.000001 -0.130271 0.000000 -0.000000
 54 0.000000 0.000001 -5.000000 -0.044472 3.137589 -0.000177
 55 6.551489 -0.000000 0.000001 0.130271 -0.002670 -0.252634
 56 -1.266844 -1.937444 -4.950561 -0.066572 -2.988806 -0.110308
 57 6.551490 -0.000000 0.000001 0.130271 -0.002670 -0.252634
 58 0.699370 -1.944209 -5.006847 -0.027189 -3.088217 0.005298
 59 4.226147 -0.003202 0.000001 0.176706 0.250903 -0.151890
 60 -0.000002 5.000001 0.000000 -0.153564 0.000087 2.718702
 61 0.000006 -0.000006 -3.713579 0.119535 -2.936655 -0.885276
 62 0.000001 0.000000 5.000000 3.053195 1.558589 -0.074929
 63 -0.000005 0.000005 3.713580 -0.311487 -2.845558 -0.582080
 64 0.000001 0.000000 -5.000000 -0.088726 1.558589 3.066335
 65 7.363603 1.646646 0.495663 -3.141593 -1.570796 0.000000
 66 -0.000005 0.000005 3.619082 -0.441735 -2.434423 -1.159240
 67 16.573917 -0.000000 0.000001 -0.000000 -0.000000 -2.011748
 68 15.128181 0.000000 -0.000000 0.026832 0.026147 -0.175154
 69 5.758666 4.244731 0.000000 0.000000 -0.000000 2.033309
 70 3.177727 0.000000 0.000000 0.000000 0.000000 3.141593
 71 15.708951 0.000002 -0.000000 0.013957 0.013894 -0.093781
 72 0.275148 0.189215 -3.445208 3.130898 0.000409 -1.514604
 73 17.210192 -0.000001 0.000002 -0.000000 0.000000 -2.319003
 74 0.000000 -0.000001 -5.000000 -0.079433 1.546568 -1.570857
 75 0.000007 -0.000004 -3.619079 0.260448 -2.945758 -1.468642
 76 16.573919 -0.000000 0.000001 0.000000 0.000000 -1.562392
 77 15.128181 0.000000 0.000001 0.265624 -0.173430 0.666428
 78 5.758665 4.244731 0.000000 -0.000000 0.000000 1.483530
 79 4.003934 -0.000000 0.000000 0.000000 0.000000 0.000000
 80 15.708953 0.000000 0.000000 0.195074 -0.100553 0.460486
 81 0.273998 0.191090 3.439762 -3.130907 -0.000437 -1.508107
 82 17.210196 0.000000 0.000001 -0.000000 0.000000 -2.116793
 83 0.000000 -0.000001 5.000000 -0.079311 1.595025 -1.570737
time 9
  0 0.500000 13.522099 26.931471 -0.243067 0.535714 -2.432935
  1 13.773751 5.584523 -22.520975 -0.544290 0.221328 2.303921
  2 -2.276934 0.000003 -1.238185 -1.570795 -1.570451 0.000000
  3 1.796343 0.711982 0.000739 -0.234210 -0.231322 -0.198972
  4 4.120617 -0.002573 0.000293 -0.090557 0.098235 0.655253
  5 4.118038 -0.003183 0.000540 -0.175919 0.354020 -0.236840
  6 4.120286 -0.002578 0.001127 -0.382357 0.395925 0.424567
  7 4.117200 -0.003111 -0.000935 0.300809 0.467339 -0.284465
  8 4.443597 0.000000 -0.000000 0.167657 -0.130668 -0.119804
  9 9.024064 -0.000000 0.000000 0.000000 0.000000 0.000000
 10 -0.780610 0.461874 1.477463 1.346010 -0.933814 2.028642
 11 6.384776 0.000000 0.000000 -1.250722 -0.116002 -1.001992
 12 10.242682 0.000002 0.000000 0.000000 -0.000000 -0.887765
 13 11.375559 0.000001 0.000001 2.512927 0.006418 -0.029228
 14 0.728681 0.023430 -1.008294 1.899874 0.586701 0.363962
 15 2.136495 0.000001 0.000000 -0.000000 0.000000 -0.078540
 16 2.313140 0.000000 -0.000000 0.000000 0.000000 0.000000
 17 3.115505 -0.886040 -0.021431 -0.399259 -0.176158 0.582642
 18 2.011150 -0.000000 -0.000000 0.000000 -0.000000 1.688097
 19 2.141379 -0.000002 0.000001 0.000000 0.000000 0.000000
 20 1.734172 -0.000000 -0.000001 0.000000 -0.000000 0.844429
 21 0.000006 -4.440591 0.000001 1.570544 -0.062990 -0.195737
 22 5.999998 -0.000001 0.000000 2.836036 -0.000000 0.000000
 23 0.000002 -4.440601 0.000000 1.569944 -0.062987 0.004053
 24 11.375560 -0.000001 0.000004 -2.670653 0.017395 -0.014046
 25 -0.000001 -4.440603 -0.000000 1.570144 -0.062988 0.004040
 26 10.510131 0.000001 -0.000001 0.000000 -0.000000 -2.014678
 27 -0.000000 -1.748401 4.999999 0.000000 0.004007 1.602290
 28 5.500000 0.000001 -0.000000 0.476428 -0.000000 -0.000000
 29 -0.000003 -1.940599 5.000002 -0.044472 0.004003 -0.000180
 30 6.551490 0.000001 -0.000000 -0.900992 0.023969 -0.666716
 31 0.000002 -1.940598 5.000000 -0.027189 -0.053376 0.005295
 32 6.551490 0.000001 -0.000000 -0.383839 0.087452 -0.280632
 33 -0.000001 -1.940599 5.000000 -0.066572 -0.152786 -0.110311
 34 0.780610 -0.454798 -1.477462 2.178003 1.167185 -0.610978
 35 6.384778 0.000000 -0.000002 0.375477 0.095835 -0.726601
 36 10.242682 -0.000000 0.000004 -0.000000 -0.000000 -2.209026
 37 11.375561 -0.000000 -0.000001 2.588895 0.237177 0.447198
 38 0.728681 0.023432 1.008291 -1.579583 -0.319038 0.212973
 39 2.136497 -0.000001 -0.000000 -0.000000 0.000000 1.282817
 40 2.313141 0.000001 -0.000000 0.000000 0.000000 3.141593
 41 3.115507 -0.886041 0.021432 0.420765 0.316066 0.167178
 42 2.011152 -0.000000 -0.000002 -0.000000 0.000000 2.082010
 43 2.141380 0.000000 0.000003 0.000000 0.000000 3.141593
 44 1.734172 -0.000002 -0.000001 -0.000000 -0.000000 1.041748
 45 0.136315 -3.738192 2.525890 1.493698 2.759406 -1.474501
 46 14.562627 -1.166816 -0.284477 0.258917 0.054664 1.504024
 47 11.389366 -0.000818 0.158782 2.063688 0.187367 0.203498
 48 0.000000 -4.440599 -0.000000 1.570144 -3.078602 0.004040
 49 6.000000 0.000001 0.000000 2.063687 -0.000000 0.000000
 50 0.000002 -4.440600 0.000001 1.569944 -3.078603 0.004053
 51 10.510131 0.000000 0.000004 -0.000000 -0.000000 -2.675309
 52 0.000000 -1.748400 -5.000000 3.141593 0.004007 -1.539299
 53 5.500000 0.000001 0.000002 -0.129406 -0.000000 -0.000000
 54 -0.000001 -0.000001 -5.000001 -0.044472 3.137589 -0.000177
 55 6.551491 -0.000001 -0.000001 0.129406 -0.005389 -0.253790
 56 -1.266843 -1.937443 -4.950561 -0.066572 -2.988806 -0.110308
 57 6.551491 -0.000001 -0.000001 0.129406 -0.005389 -0.253790
 58 0.699370 -1.944208 -5.006846 -0.027189 -3.088217 0.005298
 59 4.226144 -0.003201 -0.000000 0.177098 0.257530 -0.186180
 60 0.000003 5.000000 -0.000001 -0.153564 0.000087 2.718702
 61 0.000006 -0.000006 -3.713579 0.119535 -2.936655 -0.885276
 62 0.000001 0.000000 5.000000 3.053195 1.558589 -0.074929
 63 -0.000005 0.000005 3.713580 -0.311487 -2.845558 -0.582080
 64 0.000001 0.000000 -5.000000 -0.088726 1.558589 3.066335
 65 7.363603 1.646646 0.495663 -3.141593 -1.570796 0.000000
 66 -0.000005 0.000005 3.619082 -0.441735 -2.434423 -1.159240
 67 16.573917 -0.000000 0.000001 -0.000000 -0.000000 -2.011748
 68 15.128181 0.000000 -0.000000 0.026832 0.026147 -0.175154
 69 5.758666 4.244731 0.000000 0.000000 -0.000000 2.033309
 70 3.177727 0.000000 0.000000 0.000000 0.000000 3.141593
 71 15.708951 0.000002 -0.000000 0.013957 0.013894 -0.093781
 72 0.275148 0.189215 -3.445208 3.130898 0.000409 -1.514604
 73 17.210192 -0.000001 0.000002 -0.000000 0.000000 -2.319003
 74 0.000000 -0.000001 -5.000000 -0.079433 1.546568 -1.570857
 75 0.000007 -0.000004 -3.619079 0.260448 -2.945758 -1.468642
 76 16.573919 -0.000000 0.000001 0.000000 0.000000 -1.562392
 77 15.128181 0.000000 0.000001 0.265624 -0.173430 0.666428
 78 5.758665 4.244731 0.000000 -0.000000 0.000000 1.483530
 79 4.003934 -0.000000 0.000000 0.000000 0.000000 0.000000
 80 15.708953 0.000000 0.000000 0.195074 -0.100553 0.460486
 81 0.273998 0.191090 3.439762 -3.130907 -0.000437 -1.508107
 82 17.210196 0.000000 0.000001 -0.000000 0.000000 -2.116793
 83 0.000000 -0.000001 5.000000 -0.079311 1.595025 -1.570737
time 10
  0 0.500000 13.522099 26.931471 -0.243067 0.535714 -2.432935
  1 13.773751 5.584523 -22.520975 -0.544290 0.221328 2.303921
  2 -2.276934 0.000003 -1.238185 -1.570795 -1.570451 0.000000
  3 1.796342 0.711979 0.000731 -0.231160 -0.225480 -0.200954
  4 4.120619 -0.002574 0.000288 -0.088368 0.094938 0.655626
  5 4.118039 -0.003187 0.000529 -0.172916 0.351973 -0.235323
  6 4.120286 -0.002582 0.001122 -0.379406 0.393281 0.426281
  7 4.116994 -0.003016 -0.000908 0.294282 0.485068 -0.349563
  8 4.443601 0.000000 0.000000 0.136274 -0.129740 -0.065529
  9 9.024061 -0.000000 0.000001 0.000000 0.000000 0.000000
 10 -0.807909 0.448138 1.466947 1.362092 -0.813928 2.042684
 11 6.384776 -0.000001 -0.000002 -1.120283 -0.052427 -0.863452
 12 10.242682 -0.000000 -0.000001 -0.000000 -0.000000 -0.991935
 13 11.375558 0.000002 -0.000000 2.359326 -0.096203 -0.074905
 14 0.728682 0.023431 -1.008292 1.851075 0.600817 0.349120
 15 2.136494 0.000001 -0.000002 0.000000 -0.000000 -0.078540
 16 2.313138 0.000000 0.000001 0.000000 0.000000 0.000000
 17 3.115508 -0.886040 -0.021432 -0.408667 -0.164993 0.562929
 18 2.011147 -0.000001 0.000000 0.000000 0.000000 1.663480
 19 2.141380 -0.000003 0.000000 0.000000 0.000000 0.000000
 20 1.734170 0.000000 -0.000001 -0.000000 0.000000 0.832045
 21 0.000006 -4.440595 -0.000001 1.570544 -0.062990 -0.195737
 22 6.000000 -0.000000 -0.000000 2.659780 0.000000 -0.000000
 23 0.000002 -4.440602 -0.000000 1.569944 -0.062987 0.004053
 24 11.375562 0.000000 0.000003 -2.746061 -0.013362 -0.095265
 25 -0.000001 -4.440604 0.000001 1.570144 -0.062988 0.004040
 26 10.510131 0.000001 -0.000001 0.000000 0.000000 -2.066764
 27 0.000001 -1.748401 5.000000 0.000000 0.004007 1.602291
 28 5.500000 -0.000000 -0.000000 0.427573 0.000000 -0.000000
 29 -0.000001 -1.940599 5.000001 -0.044472 0.004003 -0.000180
 30 6.551491 -0.000000 -0.000002 -0.790773 0.058709 -0.600847
 31 0.000000 -1.940599 5.000001 -0.027189 -0.053376 0.005295
 32 6.551491 -0.000000 -0.000002 -0.348522 0.086968 -0.261081
 33 0.000001 -1.940600 4.999995 -0.066572 -0.152786 -0.110311
 34 0.807912 -0.441061 -1.466946 2.118363 1.137868 -0.609382
 35 6.384776 -0.000001 -0.000002 0.372376 0.087413 -0.745436
 36 10.242683 -0.000001 0.000000 -0.000000 -0.000000 -2.194537
 37 11.375561 -0.000001 -0.000001 2.554957 0.224059 0.465483
 38 0.728681 0.023430 1.008292 -1.579583 -0.319038 0.212973
 39 2.136497 0.000001 0.000000 -0.000000 -0.000000 1.282817
 40 2.313138 0.000001 0.000000 0.000000 0.000000 3.141593
 41 3.115506 -0.886041 0.021432 0.420765 0.316066 0.167178
 42 2.011149 0.000000 -0.000001 -0.000000 0.000000 2.082010
 43 2.141378 -0.000001 -0.000002 0.000000 0.000000 3.141593
 44 1.734172 -0.000002 -0.000001 0.000000 0.000000 1.041748
 45 0.136315 -3.738191 2.525893 1.493698 2.759406 -1.474501
 46 14.562627 -1.166815 -0.284474 0.258917 0.054664 1.504024
 47 11.389365 -0.000819 0.158781 2.047412 0.179889 0.216224
 48 0.000000 -4.440598 0.000001 1.570144 -3.078602 0.004040
 49 5.999999 0.000001 0.000001 2.047412 0.000000 0.000000
 50 0.000002 -4.440600 0.000001 1.569944 -3.078603 0.004053
 51 10.510132 -0.000002 0.000002 0.000000 0.000000 -2.668065
 52 0.000001 -1.748400 -5.000000 -3.141593 0.004007 -1.539299
 53 5.500000 -0.000001 -0.000001 -0.128277 -0.000000 0.000000
 54 -0.000001 0.000001 -4.999999 -0.044472 3.137589 -0.000177
 55 6.551490 -0.000002 -0.000002 0.128277 -0.008868 -0.256342
 56 -1.266842 -1.937444 -4.950559 -0.066572 -2.988806 -0.110308
 57 6.551490 -0.000001 -0.000002 0.128277 -0.008868 -0.256342
 58 0.699372 -1.944209 -5.006850 -0.027189 -3.088217 0.005298
 59 4.226146 -0.003200 -0.000001 0.177284 0.264158 -0.220813
 60 0.000002 5.000001 -0.000001 -0.153564 0.000087 2.718702
 61 0.000006 -0.000006 -3.713579 0.119535 -2.936655 -0.885276
 62 0.000001 0.000000 5.000000 3.053195 1.558589 -0.074929
 63 -0.000005 0.000005 3.713580 -0.311487 -2.845558 -0.582080
 64 0.000001 0.000000 -5.000000 -0.088726 1.558589 3.066335
 65 7.363603 1.646646 0.495663 -3.141593 -1.570796 0.000000
 66 -0.000005 0.000005 3.619082 -0.441735 -2.434423 -1.159240
 67 16.573917 -0.000000 0.000001 -0.000000 -0.000000 -2.011748
 68 15.128181 0.000000 -0.000000 0.026832 0.026147 -0.175154
 69 5.758666 4.244731 0.000000 0.000000 -0.000000 2.033309
 70 3.177727 0.000000 0.000000 0.000000 0.000000 3.141593
 71 15.708951 0.000002 -0.000000 0.013957 0.013894 -0.093781
 72 0.275148 0.189215 -3.445208 3.130898 0.000409 -1.514604
 73 17.210192 -0.000001 0.000002 -0.000000 0.000000 -2.319003
 74 0.000000 -0.000001 -5.000000 -0.079433 1.546568 -1.570857
 75 0.000007 -0.000004 -3.619079 0.260448 -2.945758 -1.468642
 76 16.573919 -0.000000 0.000001 0.000000 0.000000 -1.562392
 77 15.128181 0.000000 0.000001 0.265624 -0.173430 0.666428
 78 5.758665 4.244731 0.000000 -0.000000 0.000000 1.483530
 79 4.003934 -0.000000 0.000000 0.000000 0.000000 0.000000
 80 15.708953 0.000000 0.000000 0.195074 -0.100553 0.460486
 81 0.273998 0.191090 3.439762 -3.130907 -0.000437 -1.508107
 82 17.210196 0.000000 0.000001 -0.000000 0.000000 -2.116793
 83 0.000000 -0.000001 5.000000 -0.079311 1.595025 -1.570737
time 11
  0 0.500000 13.522099 26.931471 -0.243067 0.535714 -2.432935
  1 13.773751 5.584523 -22.520975 -0.544290 0.221328 2.303921
  2 -2.276934 0.000003 -1.238185 -1.570795 -1.570451 0.000000
  3 1.796343 0.711977 0.000723 -0.228634 -0.220613 -0.202588
  4 4.120615 -0.002574 0.000283 -0.086547 0.092192 0.655931
  5 4.118039 -0.003188 0.000524 -0.170420 0.350266 -0.234066
  6 4.120289 -0.002586 0.001116 -0.376956 0.391076 0.427699
  7 4.116824 -0.002928 -0.000882 0.287613 0.499912 -0.405867
  8 4.443596 0.000000 -0.000000 0.109301 -0.128422 -0.017360
  9 9.024060 -0.000000 0.000001 0.000000 0.000000 0.000000
 10 -0.830576 0.434897 1.458217 1.380803 -0.759359 2.062635
 11 6.384778 -0.000002 -0.000001 -1.035786 0.076601 -0.803032
 12 10.242681 0.000001 -0.000000 -0.000000 0.000000 -1.240219
 13 11.375561 0.000001 -0.000001 2.246791 -0.226929 -0.066493
 14 0.728681 0.023431 -1.008293 1.803438 0.613814 0.333926
 15 2.136498 0.000000 -0.000001 0.000000 -0.000000 -0.078540
 16 2.313140 -0.000001 0.000001 0.000000 0.000000 0.000000
 17 3.115505 -0.886041 -0.021431 -0.417913 -0.154425 0.543895
 18 2.011149 0.000001 0.000001 0.000000 -0.000000 1.639793
 19 2.141379 -0.000002 0.000001 0.000000 0.000000 0.000000
 20 1.734169 0.000001 -0.000000 -0.000000 -0.000000 0.820126
 21 0.000007 -4.440593 0.000001 1.570544 -0.062990 -0.195737
 22 5.999999 -0.000001 -0.000000 2.527308 -0.000000 0.000000
 23 0.000001 -4.440602 -0.000001 1.569944 -0.062987 0.004053
 24 11.375562 -0.000001 0.000004 -2.789981 -0.086372 -0.173655
 25 -0.000002 -4.440604 -0.000000 1.570144 -0.062988 0.004040
 26 10.510131 0.000001 -0.000001 0.000000 0.000000 -2.190906
 27 -0.000000 -1.748400 4.999999 -0.000000 0.004007 1.602290
 28 5.499999 -0.000000 0.000000 0.386652 0.000000 0.000000
 29 -0.000002 -1.940599 5.000002 -0.044472 0.004003 -0.000180
 30 6.551492 -0.000000 0.000003 -0.712738 0.127717 -0.557446
 31 0.000003 -1.940599 5.000001 -0.027189 -0.053376 0.005295
 32 6.551492 -0.000000 0.000003 -0.316696 0.108884 -0.242413
 33 -0.000000 -1.940599 4.999997 -0.066572 -0.152786 -0.110311
 34 0.830571 -0.427820 -1.458218 2.063401 1.104468 -0.613731
 35 6.384777 0.000002 -0.000001 0.368633 0.077498 -0.766438
 36 10.242681 -0.000000 0.000000 -0.000000 -0.000000 -2.184047
 37 11.375562 0.000001 0.000001 2.520651 0.213556 0.483904
 38 0.728681 0.023431 1.008293 -1.579583 -0.319038 0.212973
 39 2.136497 -0.000001 0.000001 0.000000 0.000000 1.282817
 40 2.313140 0.000000 0.000001 0.000000 0.000000 3.141593
 41 3.115506 -0.886041 0.021430 0.420766 0.316066 0.167178
 42 2.011149 0.000000 0.000001 0.000000 0.000000 2.082010
 43 2.141379 -0.000000 -0.000001 0.000000 0.000000 3.141593
 44 1.734173 -0.000001 -0.000002 -0.000000 -0.000000 1.041748
 45 0.136315 -3.738193 2.525890 1.493698 2.759406 -1.474501
 46 14.562627 -1.166813 -0.284480 0.258917 0.054664 1.504024
 47 11.389367 -0.000820 0.158781 2.030692 0.173624 0.228375
 48 -0.000000 -4.440599 0.000001 1.570144 -3.078602 0.004040
 49 6.000001 0.000000 0.000001 2.030692 0.000000 0.000000
 50 0.000002 -4.440604 0.000002 1.569944 -3.078603 0.004053
 51 10.510131 -0.000000 0.000002 0.000000 0.000000 -2.662820
 52 -0.000000 -1.748399 -4.999999 -3.141593 0.004007 -1.539299
 53 5.500000 -0.000000 0.000000 -0.126818 0.000000 0.000000
 54 -0.000000 0.000000 -4.999999 -0.044472 3.137589 -0.000177
 55 6.551491 0.000001 -0.000000 0.126818 -0.012802 -0.259158
 56 -1.266843 -1.937445 -4.950561 -0.066572 -2.988806 -0.110308
 57 6.551491 0.000001 0.000000 0.126818 -0.012802 -0.259158
 58 0.699371 -1.944210 -5.006846 -0.027189 -3.088217 0.005298
 59 4.226145 -0.003200 -0.000000 0.177292 0.269675 -0.249714
 60 -0.000002 5.000001 -0.000000 -0.153564 0.000087 2.718702
 61 0.000006 -0.000006 -3.713579 0.119535 -2.936655 -0.885276
 62 0.000001 0.000000 5.000000 3.053195 1.558589 -0.074929
 63 -0.000005 0.000005 3.713580 -0.311487 -2.845558 -0.582080
 64 0.000001 0.000000 -5.000000 -0.088726 1.558589 3.066335
 65 7.363603 1.646646 0.495663 -3.141593 -1.570796 0.000000
 66 -0.000005 0.000005 3.619082 -0.441735 -2.434423 -1.159240
 67 16.573917 -0.000000 0.000001 -0.000000 -0.000000 -2.011748
 68 15.128181 0.000000 -0.000000 0.026832 0.026147 -0.175154
 69 5.758666 4.244731 0.000000 0.000000 -0.000000 2.033309
 70 3.177727 0.000000 0.000000 0.000000 0.000000 3.141593
 71 15.708951 0.000002 -0.000000 0.013957 0.013894 -0.093781
 72 0.275148 0.189215 -3.445208 3.130898 0.000409 -1.514604
 73 17.210192 -0.000001 0.000002 -0.000000 0.000000 -2.319003
 74 0.000000 -0.000001 -5.000000 -0.079433 1.546568 -1.570857
 75 0.000007 -0.000004 -3.619079 0.260448 -2.945758 -1.468642
 76 16.573919 -0.000000 0.000001 0.000000 0.000000 -1.562392
 77 15.128181 0.000000 0.000001 0.265624 -0.173430 0.666428
 78 5.758665 4.244731 0.000000 -0.000000 0.000000 1.483530
 79 4.003934 -0.000000 0.000000 0.000000 0.000000 0.000000
 80 15.708953 0.000000 0.000000 0.195074 -0.100553 0.460486
 81 0.273998 0.191090 3.439762 -3.130907 -0.000437 -1.508107
 82 17.210196 0.000000 0.000001 -0.000000 0.000000 -2.116793
 83 0.000000 -0.000001 5.000000 -0.079311 1.595025 -1.570737
time 12
  0 0.500000 13.522099 26.931471 -0.243067 0.535714 -2.432935
  1 13.773751 5.584523 -22.520975 -0.544290 0.221328 2.303921
  2 -2.276934 0.000003 -1.238185 -1.570795 -1.570451 0.000000
  3 1.796344 0.711976 0.000718 -0.226718 -0.216906 -0.203822
  4 4.120617 -0.002575 0.000279 -0.085162 0.090102 0.656160
  5 4.118037 -0.003187 0.000519 -0.168524 0.348965 -0.233112
  6 4.120286 -0.002588 0.001111 -0.375095 0.389396 0.428774
  7 4.116719 -0.002869 -0.000863 0.282982 0.508927 -0.441013
  8 4.443600 -0.000000 0.000000 0.091557 -0.126961 0.011854
  9 9.024061 0.000000 0.000001 0.000000 0.000000 0.000000
 10 -0.844248 0.426032 1.452950 1.395741 -0.758410 2.082773
 11 6.384776 -0.000000 0.000000 -0.985644 0.207688 -0.835672
 12 10.242682 -0.000001 0.000000 -0.000000 0.000000 -1.487201
 13 11.375561 0.000001 -0.000001 2.210871 -0.353238 -0.066987
 14 0.728679 0.023430 -1.008293 1.754428 0.626372 0.317609
 15 2.136498 -0.000000 -0.000000 -0.000000 -0.000000 -0.078540
 16 2.313139 0.000000 -0.000000 0.000000 0.000000 0.000000
 17 3.115505 -0.886043 -0.021433 -0.427484 -0.143884 0.524517
 18 2.011153 0.000000 0.000001 -0.000000 -0.000000 1.615764
 19 2.141380 -0.000001 -0.000001 0.000000 0.000000 0.000000
 20 1.734173 0.000001 0.000000 -0.000000 0.000000 0.808033
 21 0.000005 -4.440594 -0.000001 1.570544 -0.062990 -0.195737
 22 6.000000 -0.000001 0.000000 2.489294 -0.000000 -0.000000
 23 0.000002 -4.440600 0.000000 1.569944 -0.062987 0.004053
 24 11.375562 -0.000001 0.000003 -2.786598 -0.152019 -0.247084
 25 0.000001 -4.440603 0.000000 1.570144 -0.062988 0.004040
 26 10.510130 -0.000000 0.000000 -0.000000 -0.000000 -2.314397
 27 0.000000 -1.748401 4.999998 0.000000 0.004007 1.602291
 28 5.499999 -0.000001 0.000001 0.353646 0.000000 -0.000000
 29 -0.000000 -1.940598 5.000000 -0.044472 0.004003 -0.000180
 30 6.551493 -0.000002 -0.000003 -0.658014 0.195278 -0.549221
 31 0.000001 -1.940599 5.000000 -0.027189 -0.053376 0.005295
 32 6.551493 -0.000002 -0.000003 -0.289617 0.135850 -0.236261
 33 0.000001 -1.940599 4.999995 -0.066572 -0.152786 -0.110311
 34 0.844252 -0.418954 -1.452950 2.027150 1.074500 -0.620345
 35 6.384776 0.000001 0.000001 0.364577 0.065476 -0.781504
 36 10.242682 0.000000 -0.000001 0.000000 -0.000000 -2.181409
 37 11.375560 -0.000001 -0.000002 2.489517 0.205489 0.501094
 38 0.728681 0.023431 1.008292 -1.579583 -0.319038 0.212973
 39 2.136496 -0.000001 0.000001 0.000000 -0.000000 1.282817
 40 2.313139 -0.000000 -0.000000 0.000000 0.000000 3.141593
 41 3.115507 -0.886039 0.021430 0.420765 0.316066 0.167178
 42 2.011152 -0.000001 -0.000003 -0.000000 0.000000 2.082010
 43 2.141379 -0.000001 0.000002 0.000000 0.000000 3.141593
 44 1.734173 -0.000002 -0.000001 -0.000000 -0.000000 1.041748
 45 0.136314 -3.738191 2.525890 1.493698 2.759406 -1.474501
 46 14.562627 -1.166812 -0.284477 0.258917 0.054664 1.504024
 47 11.389366 -0.000820 0.158779 2.015363 0.168653 0.239227
 48 -0.000001 -4.440598 0.000002 1.570144 -3.078602 0.004040
 49 5.999999 0.000001 -0.000001 2.015364 -0.000000 -0.000000
 50 0.000002 -4.440603 0.000001 1.569944 -3.078603 0.004053
 51 10.510132 0.000001 -0.000001 0.000000 0.000000 -2.661501
 52 -0.000001 -1.748399 -5.000001 -3.141593 0.004007 -1.539299
 53 5.500000 0.000001 -0.000002 -0.124942 -0.000000 -0.000000
 54 -0.000001 0.000001 -5.000000 -0.044472 3.137589 -0.000177
 55 6.551490 0.000000 0.000002 0.124942 -0.016926 -0.261130
 56 -1.266843 -1.937443 -4.950562 -0.066572 -2.988806 -0.110308
 57 6.551490 0.000000 0.000002 0.124942 -0.016926 -0.261130
 58 0.699371 -1.944209 -5.006847 -0.027189 -3.088217 0.005298
 59 4.226146 -0.003201 0.000001 0.177234 0.273039 -0.267308
 60 0.000002 5.000000 0.000001 -0.153564 0.000087 2.718702
 61 0.000006 -0.000006 -3.713579 0.119535 -2.936655 -0.885276
 62 0.000001 0.000000 5.000000 3.053195 1.558589 -0.074929
 63 -0.000005 0.000005 3.713580 -0.311487 -2.845558 -0.582080
 64 0.000001 0.000000 -5.000000 -0.088726 1.558589 3.066335
 65 7.363603 1.646646 0.495663 -3.141593 -1.570796 0.000000
 66 -0.000005 0.000005 3.619082 -0.441735 -2.434423 -1.159240
 67 16.573917 -0.000000 0.000001 -0.000000 -0.000000 -2.011748
 68 15.128181 0.000000 -0.000000 0.026832 0.026147 -0.175154
 69 5.758666 4.244731 0.000000 0.000000 -0.000000 2.033309
 70 3.177727 0.000000 0.000000 0.000000 0.000000 3.141593
 71 15.708951 0.000002 -0.000000 0.013957 0.013894 -0.093781
 72 0.275148 0.189215 -3.445208 3.130898 0.000409 -1.514604
 73 17.210192 -0.000001 0.000002 -0.000000 0.000000 -2.319003
 74 0.000000 -0.000001 -5.000000 -0.079433 1.546568 -1.570857
 75 0.000007 -0.000004 -3.619079 0.260448 -2.945758 -1.468642
 76 16.573919 -0.000000 0.000001 0.000000 0.000000 -1.562392
 77 15.128181 0.000000 0.000001 0.265624 -0.173430 0.666428
 78 5.758665 4.244731 0.000000 -0.000000 0.000000 1.483530
 79 4.003934 -0.000000 0.000000 0.000000 0.000000 0.000000
 80 15.708953 0.000000 0.000000 0.195074 -0.100553 0.460486
 81 0.273998 0.191090 3.439762 -3.130907 -0.000437 -1.508107
 82 17.210196 0.000000 0.000001 -0.000000 0.000000 -2.116793
 83 0.000000 -0.000001 5.000000 -0.079311 1.595025 -1.570737
time 13
  0 0.500000 13.522099 26.931471 -0.243067 0.535714 -2.432935
  1 13.773751 5.584523 -22.520975 -0.544290 0.221328 2.303921
  2 -2.276934 0.000003 -1.238185 -1.570795 -1.570451 0.000000
  3 1.796341 0.711976 0.000715 -0.225502 -0.214546 -0.204603
  4 4.120619 -0.002575 0.000274 -0.084281 0.088772 0.656304
  5 4.118039 -0.003189 0.000515 -0.167318 0.348137 -0.232507
  6 4.120286 -0.002587 0.001109 -0.373912 0.388326 0.429456
  7 4.116714 -0.002866 -0.000861 0.282780 0.509301 -0.442488
  8 4.443598 -0.000000 0.000000 0.087806 -0.125938 0.009276
  9 9.024061 0.000000 0.000001 0.000000 0.000000 0.000000
 10 -0.844814 0.425649 1.452732 1.386027 -0.799754 2.115357
 11 6.384776 -0.000000 0.000002 -0.983579 0.256664 -0.957785
 12 10.242682 -0.000001 0.000000 -0.000000 -0.000000 -1.564827
 13 11.375561 0.000001 0.000001 2.250585 -0.402270 -0.102303
 14 0.728681 0.023431 -1.008291 1.715602 0.635731 0.304219
 15 2.136496 -0.000002 0.000000 -0.000000 -0.000000 -0.078540
 16 2.313141 0.000001 0.000000 0.000000 0.000000 0.000000
 17 3.115508 -0.886041 -0.021432 -0.435104 -0.135767 0.509306
 18 2.011151 0.000001 -0.000001 0.000000 0.000000 1.596964
 19 2.141379 0.000001 0.000001 0.000000 0.000000 0.000000
 20 1.734176 0.000002 -0.000000 0.000000 0.000000 0.798570
 21 0.000007 -4.440596 0.000000 1.570544 -0.062990 -0.195737
 22 6.000000 -0.000000 0.000000 2.541651 -0.000000 0.000000
 23 0.000000 -4.440601 0.000000 1.569944 -0.062987 0.004053
 24 11.375564 -0.000002 0.000004 -2.762356 -0.159522 -0.279371
 25 0.000000 -4.440604 0.000001 1.570144 -0.062988 0.004040
 26 10.510131 -0.000001 -0.000000 -0.000000 -0.000000 -2.353210
 27 -0.000000 -1.748401 4.999998 -0.000000 0.004007 1.602291
 28 5.500000 -0.000001 0.000000 0.334604 0.000000 0.000000
 29 -0.000001 -1.940598 5.000000 -0.044472 0.004003 -0.000180
 30 6.551491 0.000000 0.000002 -0.630324 0.220752 -0.589346
 31 -0.000001 -1.940599 5.000003 -0.027189 -0.053376 0.005295
 32 6.551491 0.000000 0.000002 -0.273130 0.148452 -0.252750
 33 0.000001 -1.940598 4.999993 -0.066572 -0.152786 -0.110311
 34 0.844815 -0.418573 -1.452732 2.018716 1.056162 -0.630696
 35 6.384776 0.000000 0.000000 0.360390 0.050799 -0.782551
 36 10.242682 -0.000001 -0.000000 0.000000 0.000000 -2.190478
 37 11.375561 0.000000 -0.000001 2.465099 0.199482 0.515657
 38 0.728681 0.023432 1.008293 -1.579583 -0.319038 0.212973
 39 2.136497 0.000001 -0.000001 -0.000000 -0.000000 1.282817
 40 2.313139 0.000000 -0.000000 0.000000 0.000000 3.141593
 41 3.115507 -0.886040 0.021434 0.420765 0.316066 0.167178
 42 2.011153 0.000000 -0.000001 -0.000000 0.000000 2.082010
 43 2.141380 0.000001 -0.000000 0.000000 0.000000 3.141593
 44 1.734174 -0.000002 -0.000001 0.000000 -0.000000 1.041748
 45 0.136315 -3.738194 2.525888 1.493698 2.759406 -1.474501
 46 14.562628 -1.166813 -0.284473 0.258917 0.054664 1.504024
 47 11.389369 -0.000819 0.158781 2.003278 0.164965 0.248102
 48 0.000001 -4.440598 -0.000000 1.570144 -3.078602 0.004040
 49 6.000001 0.000001 0.000001 2.003278 0.000000 -0.000000
 50 0.000003 -4.440600 -0.000000 1.569944 -3.078603 0.004053
 51 10.510132 -0.000001 0.000002 -0.000000 0.000000 -2.666035
 52 0.000001 -1.748399 -5.000002 -3.141593 0.004007 -1.539299
 53 5.500000 -0.000000 -0.000001 -0.122581 0.000000 -0.000000
 54 -0.000001 0.000001 -5.000000 -0.044472 3.137589 -0.000177
 55 6.551490 -0.000001 0.000001 0.122581 -0.021004 -0.261158
 56 -1.266845 -1.937444 -4.950562 -0.066572 -2.988806 -0.110308
 57 6.551490 -0.000000 0.000001 0.122581 -0.021004 -0.261158
 58 0.699369 -1.944208 -5.006849 -0.027189 -3.088217 0.005298
 59 4.226146 -0.003202 -0.000001 0.177231 0.273179 -0.268040
 60 -0.000003 5.000001 0.000001 -0.153565 0.000087 2.718702
 61 0.000006 -0.000006 -3.713579 0.119535 -2.936655 -0.885276
 62 0.000001 0.000000 5.000000 3.053195 1.558589 -0.074929
 63 -0.000005 0.000005 3.713580 -0.311487 -2.845558 -0.582080
 64 0.000001 0.000000 -5.000000 -0.088726 1.558589 3.066335
 65 7.363603 1.646646 0.495663 -3.141593 -1.570796 0.000000
 66 -0.000005 0.000005 3.619082 -0.441735 -2.434423 -1.159240
 67 16.573917 -0.000000 0.000001 -0.000000 -0.000000 -2.011748
 68 15.128181 0.000000 -0.000000 0.026832 0.026147 -0.175154
 69 5.758666 4.244731 0.000000 0.000000 -0.000000 2.033309
 70 3.177727 0.000000 0.000000 0.000000 0.000000 3.141593
 71 15.708951 0.000002 -0.000000 0.013957 0.013894 -0.093781
 72 0.275148 0.189215 -3.445208 3.130898 0.000409 -1.514604
 73 17.210192 -0.000001 0.000002 -0.000000 0.000000 -2.319003
 74 0.000000 -0.000001 -5.000000 -0.079433 1.546568 -1.570857
 75 0.000007 -0.000004 -3.619079 0.260448 -2.945758 -1.468642
 76 16.573919 -0.000000 0.000001 0.000000 0.000000 -1.562392
 77 15.128181 0.000000 0.000001 0.265624 -0.173430 0.666428
 78 5.758665 4.244731 0.000000 -0.000000 0.000000 1.483530
 79 4.003934 -0.000000 0.000000 0.000000 0.000000 0.000000
 80 15.708953 0.000000 0.000000 0.195074 -0.100553 0.460486
 81 0.273998 0.191090 3.439762 -3.130907 -0.000437 -1.508107
 82 17.210196 0.000000 0.000001 -0.000000 0.000000 -2.116793
 83 0.000000 -0.000001 5.000000 -0.079311 1.595025 -1.570737
time 14
  0 0.500000 13.522099 26.931471 -0.243067 0.535714 -2.432935
  1 13.773751 5.584523 -22.520975 -0.544290 0.221328 2.303921
  2 -2.276934 0.000003 -1.238185 -1.570795 -1.570451 0.000000
  3 1.796342 0.711975 0.000714 -0.225077 -0.213719 -0.204876
  4 4.120616 -0.002575 0.000275 -0.083972 0.088305 0.656354
  5 4.118042 -0.003191 0.000512 -0.166895 0.347846 -0.232296
  6 4.120286 -0.002588 0.001109 -0.373498 0.387951 0.429695
  7 4.116951 -0.002996 -0.000901 0.292820 0.488550 -0.362611
  8 4.443600 0.000000 -0.000000 0.118717 -0.124188 -0.071948
  9 9.024061 0.000000 0.000001 0.000000 0.000000 0.000000
 10 -0.813241 0.445179 1.464893 1.298197 -0.922549 2.179289
 11 6.384777 -0.000002 -0.000000 -1.039216 0.241080 -1.226670
 12 10.242683 0.000002 -0.000000 -0.000000 0.000000 -1.514178
 13 11.375562 -0.000001 -0.000000 2.366538 -0.363179 -0.144272
 14 0.728680 0.023430 -1.008292 1.676442 0.644643 0.290324
 15 2.136495 0.000001 -0.000000 0.000000 0.000000 -0.078540
 16 2.313139 0.000002 0.000000 0.000000 0.000000 0.000000
 17 3.115507 -0.886041 -0.021431 -0.442824 -0.127782 0.494081
 18 2.011152 0.000001 -0.000002 -0.000000 -0.000000 1.578204
 19 2.141379 -0.000002 0.000001 0.000000 0.000000 0.000000
 20 1.734175 0.000001 -0.000000 0.000000 -0.000000 0.789127
 21 0.000005 -4.440593 0.000000 1.570544 -0.062990 -0.195737
 22 6.000000 -0.000001 -0.000001 2.678766 -0.000000 0.000000
 23 0.000001 -4.440601 -0.000000 1.569944 -0.062987 0.004053
 24 11.375562 -0.000001 0.000002 -2.718658 -0.125227 -0.260163
 25 -0.000000 -4.440605 -0.000000 1.570144 -0.062988 0.004040
 26 10.510129 0.000000 -0.000001 0.000000 0.000000 -2.327885
 27 -0.000000 -1.748399 5.000000 0.000000 0.004007 1.602291
 28 5.500000 0.000000 -0.000000 0.320927 0.000000 0.000000
 29 -0.000002 -1.940598 5.000002 -0.044472 0.004003 -0.000180
 30 6.551492 -0.000002 0.000000 -0.625426 0.241609 -0.721677
 31 0.000001 -1.940599 5.000000 -0.027189 -0.053376 0.005295
 32 6.551492 -0.000002 0.000000 -0.258777 0.164970 -0.304646
 33 0.000002 -1.940600 4.999996 -0.066572 -0.152786 -0.110311
 34 0.813247 -0.438103 -1.464892 2.057476 1.056396 -0.674054
 35 6.384776 0.000001 -0.000000 0.355304 0.022254 -0.746450
 36 10.242682 -0.000002 0.000002 -0.000000 -0.000000 -2.236192
 37 11.375561 -0.000002 -0.000000 2.451342 0.194674 0.524577
 38 0.728681 0.023431 1.008293 -1.579583 -0.319038 0.212973
 39 2.136497 0.000000 -0.000001 0.000000 0.000000 1.282817
 40 2.313140 -0.000000 0.000001 0.000000 0.000000 3.141593
 41 3.115506 -0.886042 0.021433 0.420765 0.316066 0.167178
 42 2.011150 0.000001 0.000003 0.000000 -0.000000 2.082010
 43 2.141380 -0.000000 -0.000002 0.000000 0.000000 3.141593
 44 1.734173 0.000000 0.000000 -0.000000 -0.000000 1.041748
 45 0.136314 -3.738192 2.525890 1.493698 2.759406 -1.474501
 46 14.562629 -1.166814 -0.284477 0.258917 0.054664 1.504024
 47 11.389366 -0.000821 0.158782 1.996572 0.162221 0.253624
 48 0.000001 -4.440598 0.000003 1.570144 -3.078602 0.004040
 49 5.999999 0.000001 0.000002 1.996572 -0.000000 0.000000
 50 0.000001 -4.440599 -0.000000 1.569944 -3.078603 0.004053
 51 10.510130 -0.000002 0.000002 0.000000 0.000000 -2.688893
 52 0.000001 -1.748399 -4.999998 -3.141593 0.004007 -1.539299
 53 5.499999 -0.000000 -0.000001 -0.118732 -0.000000 -0.000000
 54 0.000000 0.000001 -5.000000 -0.044472 3.137589 -0.000177
 55 6.551492 0.000002 -0.000001 0.118732 -0.027312 -0.255992
 56 -1.266843 -1.937446 -4.950557 -0.066572 -2.988806 -0.110308
 57 6.551492 0.000002 -0.000001 0.118732 -0.027312 -0.255992
 58 0.699370 -1.944210 -5.006845 -0.027189 -3.088217 0.005298
 59 4.226146 -0.003202 -0.000001 0.177297 0.265452 -0.227593
 60 0.000000 5.000002 0.000000 -0.153564 0.000087 2.718702
 61 0.000006 -0.000006 -3.713579 0.119535 -2.936655 -0.885276
 62 0.000001 0.000000 5.000000 3.053195 1.558589 -0.074929
 63 -0.000005 0.000005 3.713580 -0.311487 -2.845558 -0.582080
 64 0.000001 0.000000 -5.000000 -0.088726 1.558589 3.066335
 65 7.363603 1.646646 0.495663 -3.141593 -1.570796 0.000000
 66 -0.000005 0.000005 3.619082 -0.441735 -2.434423 -1.159240
 67 16.573917 -0.000000 0.000001 -0.000000 -0.000000 -2.011748
 68 15.128181 0.000000 -0.000000 0.026832 0.026147 -0.175154
 69 5.758666 4.244731 0.000000 0.000000 -0.000000 2.033309
 70 3.177727 0.000000 0.000000 0.000000 0.000000 3.141593
 71 15.708951 0.000002 -0.000000 0.013957 0.013894 -0.093781
 72 0.275148 0.189215 -3.445208 3.130898 0.000409 -1.514604
 73 17.210192 -0.000001 0.000002 -0.000000 0.000000 -2.319003
 74 0.000000 -0.000001 -5.000000 -0.079433 1.546568 -1.570857
 75 0.000007 -0.000004 -3.619079 0.260448 -2.945758 -1.468642
 76 16.573919 -0.000000 0.000001 0.000000 0.000000 -1.562392
 77 15.128181 0.000000 0.000001 0.265624 -0.173430 0.666428
 78 5.758665 4.244731 0.000000 -0.000000 0.000000 1.483530
 79 4.003934 -0.000000 0.000000 0.000000 0.000000 0.000000
 80 15.708953 0.000000 0.000000 0.195074 -0.100553 0.460486
 81 0.273998 0.191090 3.439762 -3.130907 -0.000437 -1.508107
 82 17.210196 0.000000 0.000001 -0.000000 0.000000 -2.116793
 83 0.000000 -0.000001 5.000000 -0.079311 1.595025 -1.570737
time 15
  0 0.500000 13.522099 26.931471 -0.243067 0.535714 -2.432935
  1 13.773751 5.584523 -22.520975 -0.544290 0.221328 2.303921
  2 -2.276934 0.000003 -1.238185 -1.570795 -1.570451 0.000000
  3 1.796343 0.711983 0.000746 -0.236398 -0.235490 -0.197544
  4 4.120616 -0.002572 0.000299 -0.092122 0.100590 0.654982
  5 4.118041 -0.003186 0.000543 -0.178067 0.355479 -0.237929
  6 4.120285 -0.002576 0.001134 -0.384469 0.397811 0.423337
  7 4.117452 -0.003206 -0.000964 0.306698 0.446311 -0.209669
  8 4.443601 0.000000 0.000001 0.208969 -0.128541 -0.186369
  9 9.024061 -0.000001 0.000001 0.000000 0.000000 0.000000
 10 -0.747911 0.475423 1.490059 0.971908 -1.114992 2.432230
 11 6.384776 0.000001 0.000001 -1.176594 0.275746 -1.625855
 12 10.242683 0.000000 0.000000 -0.000000 -0.000000 -1.438461
 13 11.375562 0.000001 0.000001 2.580509 -0.244714 -0.172399
 14 0.728680 0.023432 -1.008292 1.625684 0.655404 0.271768
 15 2.136497 -0.000003 0.000001 0.000000 -0.000000 -0.078540
 16 2.313138 -0.000000 -0.000000 0.000000 0.000000 0.000000
 17 3.115505 -0.886041 -0.021433 -0.452878 -0.117727 0.474512
 18 2.011151 0.000001 0.000001 -0.000000 -0.000000 1.554176
 19 2.141380 -0.000001 0.000000 0.000000 0.000000 0.000000
 20 1.734172 0.000001 0.000000 0.000000 -0.000000 0.777032
 21 0.000007 -4.440593 0.000001 1.570544 -0.062990 -0.195737
 22 6.000001 -0.000000 0.000001 2.914044 -0.000000 0.000000
 23 0.000002 -4.440602 -0.000000 1.569944 -0.062987 0.004053
 24 11.375562 0.000001 0.000004 -2.630233 -0.063064 -0.198718
 25 -0.000002 -4.440604 0.000001 1.570144 -0.062988 0.004040
 26 10.510133 -0.000000 0.000001 -0.000000 -0.000000 -2.290027
 27 -0.000001 -1.748400 4.999999 -0.000000 0.004007 1.602291
 28 5.500002 0.000001 0.000001 0.287515 0.000000 -0.000000
 29 -0.000001 -1.940598 5.000000 -0.044472 0.004003 -0.000180
 30 6.551491 0.000001 0.000000 -0.736586 0.445319 -1.198320
 31 -0.000001 -1.940599 5.000002 -0.027189 -0.053376 0.005295
 32 6.551491 0.000001 0.000000 -0.211252 0.273435 -0.415556
 33 0.000001 -1.940599 4.999997 -0.066572 -0.152786 -0.110311
 34 0.747914 -0.468344 -1.490058 2.128869 1.071467 -0.760999
 35 6.384776 0.000000 0.000002 0.308068 -0.002167 -0.711032
 36 10.242683 -0.000001 -0.000001 -0.000000 0.000000 -2.313683
 37 11.375562 0.000000 -0.000002 2.446970 0.194084 0.528352
 38 0.728681 0.023432 1.008293 -1.579583 -0.319038 0.212973
 39 2.136497 -0.000001 -0.000000 0.000000 0.000000 1.282817
 40 2.313140 -0.000000 0.000000 0.000000 0.000000 3.141593
 41 3.115506 -0.886040 0.021432 0.420765 0.316066 0.167178
 42 2.011153 -0.000001 -0.000003 -0.000000 0.000000 2.082010
 43 2.141380 -0.000000 0.000001 0.000000 0.000000 3.141593
 44 1.734172 -0.000002 -0.000000 -0.000000 -0.000000 1.041748
 45 0.136314 -3.738194 2.525889 1.493698 2.759406 -1.474501
 46 14.562627 -1.166814 -0.284477 0.258917 0.054664 1.504024
 47 11.389366 -0.000819 0.158779 1.994329 0.161887 0.255672
 48 0.000000 -4.440598 -0.000000 1.570144 -3.078602 0.004040
 49 6.000000 0.000000 -0.000002 1.994330 0.000000 0.000000
 50 0.000002 -4.440602 0.000001 1.569944 -3.078603 0.004053
 51 10.510130 0.000000 -0.000002 0.000000 -0.000000 -2.727638
 52 -0.000000 -1.748400 -5.000000 3.141593 0.004007 -1.539299
 53 5.499999 -0.000001 0.000000 -0.101807 -0.000000 -0.000000
 54 -0.000001 0.000001 -5.000000 -0.044472 3.137589 -0.000177
 55 6.551491 0.000001 0.000001 0.101807 -0.029050 -0.251043
 56 -1.266844 -1.937443 -4.950562 -0.066572 -2.988806 -0.110308
 57 6.551491 0.000001 0.000001 0.101807 -0.029050 -0.251043
 58 0.699370 -1.944208 -5.006847 -0.027189 -3.088217 0.005298
 59 4.226146 -0.003202 -0.000000 0.176595 0.249490 -0.144642
 60 0.000002 5.000000 -0.000001 -0.153564 0.000087 2.718702
 61 0.000006 -0.000006 -3.713579 0.119535 -2.936655 -0.885276
 62 0.000001 0.000000 5.000000 3.053195 1.558589 -0.074929
 63 -0.000005 0.000005 3.713580 -0.311487 -2.845558 -0.582080
 64 0.000001 0.000000 -5.000000 -0.088726 1.558589 3.066335
 65 7.363603 1.646646 0.495663 -3.141593 -1.570796 0.000000
 66 -0.000005 0.000005 3.619082 -0.441735 -2.434423 -1.159240
 67 16.573917 -0.000000 0.000001 -0.000000 -0.000000 -2.011748
 68 15.128181 0.000000 -0.000000 0.026832 0.026147 -0.175154
 69 5.758666 4.244731 0.000000 0.000000 -0.000000 2.033309
 70 3.177727 0.000000 0.000000 0.000000 0.000000 3.141593
 71 15.708951 0.000002 -0.000000 0.013957 0.013894 -0.093781
 72 0.275148 0.189215 -3.445208 3.130898 0.000409 -1.514604
 73 17.210192 -0.000001 0.000002 -0.000000 0.000000 -2.319003
 74 0.000000 -0.000001 -5.000000 -0.079433 1.546568 -1.570857
 75 0.000007 -0.000004 -3.619079 0.260448 -2.945758 -1.468642
 76 16.573919 -0.000000 0.000001 0.000000 0.000000 -1.562392
 77 15.128181 0.000000 0.000001 0.265624 -0.173430 0.666428
 78 5.758665 4.244731 0.000000 -0.000000 0.000000 1.483530
 79 4.003934 -0.000000 0.000000 0.000000 0.000000 0.000000
 80 15.708953 0.000000 0.000000 0.195074 -0.100553 0.460486
 81 0.273998 0.191090 3.439762 -3.130907 -0.000437 -1.508107
 82 17.210196 0.000000 0.000001 -0.000000 0.000000 -2.116793
 83 0.000000 -0.000001 5.000000 -0.079311 1.595025 -1.570737
time 16
  0 0.500000 13.522099 26.931471 -0.243067 0.535714 -2.432935
  1 13.773751 5.584523 -22.520975 -0.544290 0.221328 2.303921
  2 -2.276934 0.000003 -1.238185 -1.570795 -1.570451 0.000000
  3 1.796343 0.711997 0.000803 -0.258036 -0.275698 -0.183138
  4 4.120616 -0.002566 0.000348 -0.107333 0.123373 0.652159
  5 4.118041 -0.003174 0.000604 -0.199022 0.369495 -0.248675
  6 4.120286 -0.002554 0.001183 -0.405150 0.415947 0.411145
  7 4.118005 -0.003340 -0.001004 0.313310 0.400221 -0.052037
  8 4.443600 -0.000001 0.000000 0.319537 -0.146119 -0.274208
  9 9.024061 -0.000000 -0.000000 0.000000 0.000000 0.000000
 10 -0.675103 0.495371 1.518108 0.577996 -1.197538 2.699982
 11 6.384777 -0.000000 0.000003 -1.300230 0.403729 -1.824743
 12 10.242682 0.000001 -0.000000 0.000000 -0.000000 -1.507806
 13 11.375561 0.000000 0.000001 2.742298 -0.183513 -0.139296
 14 0.728678 0.023431 -1.008292 1.574246 0.665402 0.252382
 15 2.136496 -0.000003 0.000001 0.000000 -0.000000 -0.078540
 16 2.313140 -0.000001 -0.000000 0.000000 0.000000 0.000000
 17 3.115506 -0.886041 -0.021431 -0.463121 -0.107864 0.454856
 18 2.011152 0.000002 0.000001 -0.000000 -0.000000 1.530136
 19 2.141378 -0.000002 0.000000 0.000000 0.000000 0.000000
 20 1.734173 0.000001 0.000000 -0.000000 -0.000000 0.764932
 21 0.000005 -4.440592 -0.000001 1.570544 -0.062990 -0.195737
 22 5.999999 0.000002 0.000001 3.082736 0.000000 0.000000
 23 0.000001 -4.440601 -0.000000 1.569944 -0.062987 0.004053
 24 11.375561 -0.000000 0.000003 -2.553059 -0.051128 -0.146617
 25 -0.000002 -4.440605 -0.000000 1.570144 -0.062988 0.004040
 26 10.510131 0.000000 -0.000000 -0.000000 0.000000 -2.324699
 27 0.000000 -1.748401 5.000000 -0.000000 0.004007 1.602291
 28 5.500001 0.000001 0.000000 0.262552 -0.000000 -0.000000
 29 -0.000002 -1.940598 5.000000 -0.044472 0.004003 -0.000180
 30 6.551491 -0.000000 0.000002 -0.892230 0.610546 -1.445092
 31 -0.000003 -1.940599 5.000001 -0.027189 -0.053376 0.005295
 32 6.551491 -0.000000 0.000002 -0.176502 0.343680 -0.409909
 33 0.000000 -1.940599 4.999996 -0.066572 -0.152786 -0.110311
 34 0.675106 -0.488294 -1.518109 2.193542 1.091160 -0.862835
 35 6.384777 0.000002 0.000000 0.231364 0.000185 -0.710171
 36 10.242683 -0.000001 0.000004 -0.000000 0.000000 -2.382092
 37 11.375561 -0.000001 -0.000003 2.447688 0.203210 0.530908
 38 0.728681 0.023432 1.008291 -1.579583 -0.319038 0.212973
 39 2.136496 -0.000000 0.000000 0.000000 -0.000000 1.282817
 40 2.313138 0.000000 -0.000001 0.000000 0.000000 3.141593
 41 3.115506 -0.886042 0.021432 0.420765 0.316066 0.167178
 42 2.011149 -0.000000 0.000001 0.000000 0.000000 2.082010
 43 2.141381 -0.000001 0.000001 0.000000 0.000000 3.141593
 44 1.734171 -0.000001 0.000001 -0.000000 0.000000 1.041748
 45 0.136315 -3.738193 2.525891 1.493698 2.759406 -1.474501
 46 14.562628 -1.166814 -0.284477 0.258917 0.054664 1.504024
 47 11.389365 -0.000819 0.158779 1.993790 0.166670 0.255432
 48 0.000001 -4.440598 0.000000 1.570144 -3.078602 0.004040
 49 5.999998 0.000001 -0.000001 1.993790 0.000000 0.000000
 50 0.000002 -4.440602 0.000001 1.569944 -3.078603 0.004053
 51 10.510131 -0.000000 0.000003 0.000000 -0.000000 -2.761842
 52 0.000001 -1.748399 -5.000000 -3.141593 0.004007 -1.539299
 53 5.500000 -0.000000 0.000002 -0.076795 -0.000000 -0.000000
 54 0.000001 -0.000001 -4.999999 -0.044472 3.137589 -0.000177
 55 6.551490 0.000000 0.000002 0.076795 -0.021413 -0.251147
 56 -1.266843 -1.937443 -4.950561 -0.066572 -2.988806 -0.110308
 57 6.551490 0.000000 0.000002 0.076795 -0.021413 -0.251147
 58 0.699371 -1.944207 -5.006848 -0.027189 -3.088217 0.005298
 59 4.226146 -0.003200 -0.000000 0.174052 0.230597 -0.051053
 60 0.000003 5.000000 0.000001 -0.153564 0.000087 2.718701
 61 0.000006 -0.000006 -3.713579 0.119535 -2.936655 -0.885276
 62 0.000001 0.000000 5.000000 3.053195 1.558589 -0.074929
 63 -0.000005 0.000005 3.713580 -0.311487 -2.845558 -0.582080
 64 0.000001 0.000000 -5.000000 -0.088726 1.558589 3.066335
 65 7.363603 1.646646 0.495663 -3.141593 -1.570796 0.000000
 66 -0.000005 0.000005 3.619082 -0.441735 -2.434423 -1.159240
 67 16.573917 -0.000000 0.000001 -0.000000 -0.000000 -2.011748
 68 15.128181 0.000000 -0.000000 0.026832 0.026147 -0.175154
 69 5.758666 4.244731 0.000000 0.000000 -0.000000 2.033309
 70 3.177727 0.000000 0.000000 0.000000 0.000000 3.141593
 71 15.708951 0.000002 -0.000000 0.013957 0.013894 -0.093781
 72 0.275148 0.189215 -3.445208 3.130898 0.000409 -1.514604
 73 17.210192 -0.000001 0.000002 -0.000000 0.000000 -2.319003
 74 0.000000 -0.000001 -5.000000 -0.079433 1.546568 -1.570857
 75 0.000007 -0.000004 -3.619079 0.260448 -2.945758 -1.468642
 76 16.573919 -0.000000 0.000001 0.000000 0.000000 -1.562392
 77 15.128181 0.000000 0.000001 0.265624 -0.173430 0.666428
 78 5.758665 4.244731 0.000000 -0.000000 0.000000 1.483530
 79 4.003934 -0.000000 0.000000 0.000000 0.000000 0.000000
 80 15.708953 0.000000 0.000000 0.195074 -0.100553 0.460486
 81 0.273998 0.191090 3.439762 -3.130907 -0.000437 -1.508107
 82 17.210196 0.000000 0.000001 -0.000000 0.000000 -2.116793
 83 0.000000 -0.000001 5.000000 -0.079311 1.595025 -1.570737
time 17
  0 0.500000 13.522099 26.931471 -0.243067 0.535714 -2.432935
  1 13.773751 5.584523 -22.520975 -0.544290 0.221328 2.303921
  2 -2.276934 0.000003 -1.238185 -1.570795 -1.570451 0.000000
  3 1.796341 0.712006 0.000835 -0.270042 -0.297220 -0.174935
  4 4.120618 -0.002563 0.000373 -0.115569 0.135622 0.650492
  5 4.118039 -0.003166 0.000639 -0.210419 0.376953 -0.254616
  6 4.120290 -0.002544 0.001207 -0.416455 0.425615 0.404370
  7 4.118368 -0.003383 -0.001016 0.313353 0.370269 0.047732
  8 4.443597 0.000000 -0.000001 0.371645 -0.158750 -0.332568
  9 9.024060 -0.000000 0.000001 0.000000 0.000000 0.000000
 10 -0.627014 0.501449 1.536638 0.445791 -1.222981 2.732193
 11 6.384778 -0.000000 0.000003 -1.343216 0.466748 -1.847483
 12 10.242682 0.000001 0.000000 -0.000000 -0.000000 -1.577886
 13 11.375562 0.000001 0.000000 2.807013 -0.170770 -0.105605
 14 0.728681 0.023429 -1.008293 1.525992 0.673952 0.233711
 15 2.136496 -0.000000 0.000000 0.000000 0.000000 -0.078540
 16 2.313140 0.000002 -0.000001 0.000000 0.000000 0.000000
 17 3.115507 -0.886043 -0.021431 -0.472781 -0.098901 0.436559
 18 2.011153 0.000001 -0.000002 -0.000000 -0.000000 1.507848
 19 2.141380 0.000001 0.000001 0.000000 0.000000 0.000000
 20 1.734173 0.000002 0.000001 0.000000 -0.000000 0.753714
 21 0.000005 -4.440592 -0.000001 1.570544 -0.062990 -0.195737
 22 6.000000 0.000001 -0.000000 -3.134912 0.000000 0.000000
 23 0.000002 -4.440601 0.000000 1.569944 -0.062987 0.004053
 24 11.375563 0.000000 0.000002 -2.520717 -0.058605 -0.119994
 25 -0.000002 -4.440604 0.000000 1.570144 -0.062988 0.004040
 26 10.510130 -0.000001 -0.000001 0.000000 0.000000 -2.359739
 27 0.000000 -1.748400 4.999999 0.000000 0.004007 1.602291
 28 5.499998 -0.000001 -0.000001 0.250423 -0.000000 -0.000000
 29 -0.000001 -1.940597 5.000000 -0.044472 0.004003 -0.000180
 30 6.551492 0.000001 0.000002 -0.909311 0.665760 -1.448136
 31 -0.000002 -1.940598 5.000001 -0.027189 -0.053376 0.005295
 32 6.551492 0.000001 0.000002 -0.165947 0.362448 -0.396718
 33 0.000001 -1.940598 4.999995 -0.066572 -0.152786 -0.110311
 34 0.627016 -0.494373 -1.536639 2.228047 1.104983 -0.935167
 35 6.384776 -0.000001 0.000000 0.197498 0.010694 -0.732178
 36 10.242681 -0.000001 0.000001 0.000000 -0.000000 -2.402743
 37 11.375560 0.000001 -0.000000 2.448959 0.218621 0.534172
 38 0.728681 0.023433 1.008291 -1.579583 -0.319038 0.212973
 39 2.136497 -0.000001 0.000001 -0.000000 -0.000000 1.282817
 40 2.313140 0.000000 0.000001 0.000000 0.000000 3.141593
 41 3.115506 -0.886041 0.021432 0.420765 0.316066 0.167178
 42 2.011151 -0.000001 -0.000000 -0.000000 0.000000 2.082010
 43 2.141380 0.000001 0.000001 0.000000 0.000000 3.141593
 44 1.734173 -0.000002 0.000000 0.000000 0.000000 1.041748
 45 0.136315 -3.738193 2.525889 1.493698 2.759406 -1.474501
 46 14.562626 -1.166814 -0.284476 0.258917 0.054664 1.504024
 47 11.389367 -0.000819 0.158782 1.992904 0.174645 0.254487
 48 0.000000 -4.440600 -0.000000 1.570144 -3.078602 0.004040
 49 5.999999 0.000000 -0.000001 1.992904 -0.000000 -0.000000
 50 0.000002 -4.440602 -0.000000 1.569944 -3.078603 0.004053
 51 10.510132 -0.000000 -0.000002 0.000000 -0.000000 -2.772168
 52 -0.000001 -1.748400 -4.999999 3.141593 0.004007 -1.539299
 53 5.500000 -0.000001 -0.000001 -0.066263 -0.000000 0.000000
 54 -0.000000 -0.000000 -4.999998 -0.044472 3.137590 -0.000177
 55 6.551490 -0.000000 -0.000000 0.066263 -0.015487 -0.254142
 56 -1.266844 -1.937443 -4.950560 -0.066572 -2.988806 -0.110308
 57 6.551491 -0.000000 -0.000000 0.066263 -0.015487 -0.254142
 58 0.699371 -1.944207 -5.006849 -0.027189 -3.088217 0.005298
 59 4.226146 -0.003203 -0.000001 0.170938 0.217098 0.011424
 60 0.000000 5.000001 -0.000001 -0.153564 0.000087 2.718702
 61 0.000006 -0.000006 -3.713579 0.119535 -2.936655 -0.885276
 62 0.000001 0.000000 5.000000 3.053195 1.558589 -0.074929
 63 -0.000005 0.000005 3.713580 -0.311487 -2.845558 -0.582080
 64 0.000001 0.000000 -5.000000 -0.088726 1.558589 3.066335
 65 7.363603 1.646646 0.495663 -3.141593 -1.570796 0.000000
 66 -0.000005 0.000005 3.619082 -0.441735 -2.434423 -1.159240
 67 16.573917 -0.000000 0.000001 -0.000000 -0.000000 -2.011748
 68 15.128181 0.000000 -0.000000 0.026832 0.026147 -0.175154
 69 5.758666 4.244731 0.000000 0.000000 -0.000000 2.033309
 70 3.177727 0.000000 0.000000 0.000000 0.000000 3.141593
 71 15.708951 0.000002 -0.000000 0.013957 0.013894 -0.093781
 72 0.275148 0.189215 -3.445208 3.130898 0.000409 -1.514604
 73 17.210192 -0.000001 0.000002 -0.000000 0.000000 -2.319003
 74 0.000000 -0.000001 -5.000000 -0.079433 1.546568 -1.570857
 75 0.000007 -0.000004 -3.619079 0.260448 -2.945758 -1.468642
 76 16.573919 -0.000000 0.000001 0.000000 0.000000 -1.562392
 77 15.128181 0.000000 0.000001 0.265624 -0.173430 0.666428
 78 5.758665 4.244731 0.000000 -0.000000 0.000000 1.483530
 79 4.003934 -0.000000 0.000000 0.000000 0.000000 0.000000
 80 15.708953 0.000000 0.000000 0.195074 -0.100553 0.460486
 81 0.273998 0.191090 3.439762 -3.130907 -0.000437 -1.508107
 82 17.210196 0.000000 0.000001 -0.000000 0.000000 -2.116793
 83 0.000000 -0.000001 5.000000 -0.079311 1.595025 -1.570737
time 18
  0 0.500000 13.522099 26.931471 -0.243067 0.535714 -2.432935
  1 13.773751 5.584523 -22.520975 -0.544290 0.221328 2.303921
  2 -2.276934 0.000003 -1.238185 -1.570795 -1.570451 0.000000
  3 1.796342 0.712005 0.000833 -0.269510 -0.296277 -0.175302
  4 4.120617 -0.002562 0.000374 -0.115206 0.135085 0.650567
  5 4.118040 -0.003167 0.000636 -0.209917 0.376627 -0.254353
  6 4.120285 -0.002542 0.001208 -0.415956 0.425192 0.404671
  7 4.118491 -0.003385 -0.001019 0.312655 0.360265 0.080858
  8 4.443599 -0.000001 0.000000 0.351959 -0.162382 -0.349690
  9 9.024062 -0.000000 0.000000 0.000000 0.000000 0.000000
 10 -0.610822 0.502280 1.542878 0.393138 -1.236969 2.752045
 11 6.384776 0.000001 0.000004 -1.354269 0.429529 -1.864392
 12 10.242682 -0.000000 0.000001 -0.000000 0.000000 -1.554799
 13 11.375561 0.000001 0.000000 2.848790 -0.145441 -0.086519
 14 0.728682 0.023431 -1.008291 1.477220 0.681783 0.214408
 15 2.136498 0.000001 -0.000000 0.000000 -0.000000 -0.078540
 16 2.313138 0.000000 0.000000 0.000000 0.000000 0.000000
 17 3.115510 -0.886040 -0.021431 -0.482596 -0.090116 0.418191
 18 2.011154 0.000001 0.000001 0.000000 -0.000000 1.485559
 19 2.141380 -0.000000 0.000000 0.000000 0.000000 0.000000
 20 1.734172 0.000001 -0.000000 -0.000000 -0.000000 0.742498
 21 0.000007 -4.440595 -0.000000 1.570544 -0.062990 -0.195737
 22 6.000001 -0.000001 -0.000000 -3.093980 0.000000 -0.000000
 23 0.000003 -4.440602 -0.000000 1.569944 -0.062987 0.004053
 24 11.375562 0.000001 0.000004 -2.500662 -0.052270 -0.098858
 25 -0.000001 -4.440604 0.000001 1.570144 -0.062988 0.004040
 26 10.510132 -0.000001 0.000000 0.000000 -0.000000 -2.348196
 27 0.000001 -1.748401 4.999999 -0.000000 0.004007 1.602290
 28 5.500000 -0.000001 -0.000000 0.261896 -0.000000 0.000000
 29 -0.000003 -1.940599 5.000000 -0.044472 0.004003 -0.000180
 30 6.551491 -0.000001 -0.000001 -0.942270 0.640949 -1.487428
 31 0.000003 -1.940599 5.000001 -0.027189 -0.053376 0.005295
 32 6.551491 -0.000001 -0.000001 -0.173099 0.357103 -0.401922
 33 -0.000001 -1.940599 4.999996 -0.066572 -0.152786 -0.110311
 34 0.610826 -0.495207 -1.542877 2.231969 1.104465 -0.968309
 35 6.384777 -0.000002 -0.000001 0.209159 0.011358 -0.744851
 36 10.242681 -0.000001 0.000001 -0.000000 -0.000000 -2.402204
 37 11.375560 0.000002 0.000002 2.450035 0.234923 0.537596
 38 0.728680 0.023430 1.008291 -1.579583 -0.319038 0.212973
 39 2.136497 -0.000002 -0.000002 -0.000000 0.000000 1.282817
 40 2.313141 0.000001 0.000002 0.000000 0.000000 3.141593
 41 3.115507 -0.886041 0.021431 0.420766 0.316066 0.167178
 42 2.011151 0.000000 0.000002 -0.000000 0.000000 2.082010
 43 2.141379 0.000001 -0.000003 0.000000 0.000000 3.141593
 44 1.734172 -0.000001 0.000001 0.000000 0.000000 1.041748
 45 0.136313 -3.738192 2.525892 1.493698 2.759406 -1.474501
 46 14.562629 -1.166814 -0.284479 0.258917 0.054664 1.504024
 47 11.389365 -0.000818 0.158782 1.991778 0.183020 0.253434
 48 0.000000 -4.440599 0.000002 1.570144 -3.078602 0.004040
 49 5.999998 0.000001 0.000000 1.991778 -0.000000 0.000000
 50 0.000001 -4.440602 0.000000 1.569944 -3.078603 0.004053
 51 10.510131 -0.000001 0.000002 0.000000 0.000000 -2.771898
 52 0.000000 -1.748400 -4.999998 -3.141593 0.004007 -1.539299
 53 5.500000 0.000000 -0.000002 -0.070169 0.000000 -0.000000
 54 -0.000001 0.000001 -5.000000 -0.044472 3.137589 -0.000177
 55 6.551491 -0.000002 -0.000002 0.070169 -0.016803 -0.255802
 56 -1.266844 -1.937443 -4.950560 -0.066572 -2.988806 -0.110308
 57 6.551492 -0.000002 -0.000002 0.070169 -0.016803 -0.255802
 58 0.699370 -1.944208 -5.006847 -0.027189 -3.088217 0.005298
 59 4.226146 -0.003200 -0.000001 0.169578 0.212369 0.032439
 60 0.000001 5.000001 0.000000 -0.153564 0.000087 2.718702
 61 0.000006 -0.000006 -3.713579 0.119535 -2.936655 -0.885276
 62 0.000001 0.000000 5.000000 3.053195 1.558589 -0.074929
 63 -0.000005 0.000005 3.713580 -0.311487 -2.845558 -0.582080
 64 0.000001 0.000000 -5.000000 -0.088726 1.558589 3.066335
 65 7.363603 1.646646 0.495663 -3.141593 -1.570796 0.000000
 66 -0.000005 0.000005 3.619082 -0.441735 -2.434423 -1.159240
 67 16.573917 -0.000000 0.000001 -0.000000 -0.000000 -2.011748
 68 15.128181 0.000000 -0.000000 0.026832 0.026147 -0.175154
 69 5.758666 4.244731 0.000000 0.000000 -0.000000 2.033309
 70 3.177727 0.000000 0.000000 0.000000 0.000000 3.141593
 71 15.708951 0.000002 -0.000000 0.013957 0.013894 -0.093781
 72 0.275148 0.189215 -3.445208 3.130898 0.000409 -1.514604
 73 17.210192 -0.000001 0.000002 -0.000000 0.000000 -2.319003
 74 0.000000 -0.000001 -5.000000 -0.079433 1.546568 -1.570857
 75 0.000007 -0.000004 -3.619079 0.260448 -2.945758 -1.468642
 76 16.573919 -0.000000 0.000001 0.000000 0.000000 -1.562392
 77 15.128181 0.000000 0.000001 0.265624 -0.173430 0.666428
 78 5.758665 4.244731 0.000000 -0.000000 0.000000 1.483530
 79 4.003934 -0.000000 0.000000 0.000000 0.000000 0.000000
 80 15.708953 0.000000 0.000000 0.195074 -0.100553 0.460486
 81 0.273998 0.191090 3.439762 -3.130907 -0.000437 -1.508107
 82 17.210196 0.000000 0.000001 -0.000000 0.000000 -2.116793
 83 0.000000 -0.000001 5.000000 -0.079311 1.595025 -1.570737
time 19
  0 0.500000 13.522099 26.931471 -0.243067 0.535714 -2.432935
  1 13.773751 5.584523 -22.520975 -0.544290 0.221328 2.303921
  2 -2.276934 0.000003 -1.238185 -1.570795 -1.570451 0.000000
  3 1.796341 0.712005 0.000830 -0.268000 -0.293599 -0.176340
  4 4.120616 -0.002563 0.000371 -0.114178 0.133559 0.650780
  5 4.118043 -0.003172 0.000630 -0.208492 0.375701 -0.253607
  6 4.120286 -0.002544 0.001204 -0.414541 0.423990 0.405522
  7 4.118509 -0.003387 -0.001017 0.312526 0.358825 0.085622
  8 4.443599 -0.000000 -0.000000 0.305486 -0.170829 -0.331133
  9 9.024063 -0.000000 0.000000 0.000000 0.000000 0.000000
 10 -0.608487 0.502350 1.543778 0.388460 -1.247189 2.751976
 11 6.384777 0.000000 0.000002 -1.363165 0.341999 -1.876322
 12 10.242682 0.000001 -0.000000 -0.000000 0.000000 -1.515087
 13 11.375561 0.000001 -0.000001 2.900091 -0.092897 -0.057948
 14 0.728679 0.023429 -1.008293 1.427963 0.688868 0.194514
 15 2.136498 0.000001 0.000000 0.000000 0.000000 -0.078540
 16 2.313139 0.000001 -0.000000 0.000000 0.000000 0.000000
 17 3.115504 -0.886042 -0.021431 -0.492564 -0.081511 0.399751
 18 2.011149 0.000000 -0.000000 0.000000 0.000000 1.463270
 19 2.141379 -0.000000 0.000000 0.000000 0.000000 0.000000
 20 1.734171 0.000001 -0.000000 0.000000 -0.000000 0.731284
 21 0.000006 -4.440594 0.000000 1.570544 -0.062990 -0.195737
 22 6.000000 -0.000000 -0.000001 -3.044781 0.000000 -0.000000
 23 0.000000 -4.440601 0.000000 1.569944 -0.062987 0.004053
 24 11.375561 0.000000 0.000002 -2.476352 -0.033430 -0.063714
 25 0.000000 -4.440602 -0.000001 1.570144 -0.062988 0.004040
 26 10.510131 0.000001 -0.000000 -0.000000 -0.000000 -2.328340
 27 0.000001 -1.748401 4.999999 -0.000000 0.004007 1.602291
 28 5.500001 0.000001 0.000000 0.286781 -0.000000 0.000000
 29 -0.000002 -1.940598 5.000000 -0.044472 0.004003 -0.000180
 30 6.551491 -0.000000 0.000001 -0.990705 0.574561 -1.544592
 31 -0.000001 -1.940599 5.000002 -0.027189 -0.053376 0.005295
 32 6.551491 -0.000000 0.000001 -0.189748 0.340406 -0.412530
 33 -0.000002 -1.940599 4.999997 -0.066572 -0.152786 -0.110311
 34 0.608488 -0.495274 -1.543778 2.210514 1.084543 -1.000313
 35 6.384778 0.000000 0.000000 0.238445 0.017846 -0.785576
 36 10.242682 -0.000000 0.000001 0.000000 -0.000000 -2.387137
 37 11.375563 -0.000000 0.000002 2.454054 0.276777 0.545597
 38 0.728680 0.023431 1.008293 -1.579583 -0.319038 0.212973
 39 2.136497 0.000000 -0.000000 -0.000000 0.000000 1.282817
 40 2.313140 0.000000 0.000000 0.000000 0.000000 3.141593
 41 3.115506 -0.886042 0.021432 0.420766 0.316066 0.167178
 42 2.011152 0.000001 0.000001 -0.000000 -0.000000 2.082010
 43 2.141380 0.000001 0.000001 0.000000 0.000000 3.141593
 44 1.734173 -0.000001 0.000001 0.000000 0.000000 1.041748
 45 0.136314 -3.738192 2.525889 1.493698 2.759406 -1.474501
 46 14.562627 -1.166815 -0.284476 0.258917 0.054664 1.504024
 47 11.389366 -0.000818 0.158782 1.989283 0.204393 0.250061
 48 0.000000 -4.440598 -0.000000 1.570144 -3.078602 0.004040
 49 6.000000 0.000001 0.000002 1.989283 0.000000 -0.000000
 50 0.000002 -4.440601 -0.000002 1.569944 -3.078603 0.004053
 51 10.510132 -0.000001 0.000002 0.000000 0.000000 -2.764365
 52 0.000000 -1.748400 -5.000003 -3.141593 0.004007 -1.539299
 53 5.500000 0.000000 0.000000 -0.080380 0.000000 -0.000000
 54 0.000001 -0.000000 -5.000000 -0.044472 3.137589 -0.000177
 55 6.551491 -0.000000 0.000002 0.080380 -0.019085 -0.261177
 56 -1.266844 -1.937444 -4.950561 -0.066572 -2.988806 -0.110308
 57 6.551492 -0.000001 0.000002 0.080380 -0.019085 -0.261177
 58 0.699371 -1.944207 -5.006849 -0.027189 -3.088217 0.005298
 59 4.226147 -0.003202 -0.000000 0.169368 0.211680 0.035466
 60 -0.000000 5.000001 0.000000 -0.153564 0.000087 2.718702
 61 0.000006 -0.000006 -3.713579 0.119535 -2.936655 -0.885276
 62 0.000001 0.000000 5.000000 3.053195 1.558589 -0.074929
 63 -0.000005 0.000005 3.713580 -0.311487 -2.845558 -0.582080
 64 0.000001 0.000000 -5.000000 -0.088726 1.558589 3.066335
 65 7.363603 1.646646 0.495663 -3.141593 -1.570796 0.000000
 66 -0.000005 0.000005 3.619082 -0.441735 -2.434423 -1.159240
 67 16.573917 -0.000000 0.000001 -0.000000 -0.000000 -2.011748
 68 15.128181 0.000000 -0.000000 0.026832 0.026147 -0.175154
 69 5.758666 4.244731 0.000000 0.000000 -0.000000 2.033309
 70 3.177727 0.000000 0.000000 0.000000 0.000000 3.141593
 71 15.708951 0.000002 -0.000000 0.013957 0.013894 -0.093781
 72 0.275148 0.189215 -3.445208 3.130898 0.000409 -1.514604
 73 17.210192 -0.000001 0.000002 -0.000000 0.000000 -2.319003
 74 0.000000 -0.000001 -5.000000 -0.079433 1.546568 -1.570857
 75 0.000007 -0.000004 -3.619079 0.260448 -2.945758 -1.468642
 76 16.573919 -0.000000 0.000001 0.000000 0.000000 -1.562392
 77 15.128181 0.000000 0.000001 0.265624 -0.173430 0.666428
 78 5.758665 4.244731 0.000000 -0.000000 0.000000 1.483530
 79 4.003934 -0.000000 0.000000 0.000000 0.000000 0.000000
 80 15.708953 0.000000 0.000000 0.195074 -0.100553 0.460486
 81 0.273998 0.191090 3.439762 -3.130907 -0.000437 -1.508107
 82 17.210196 0.000000 0.000001 -0.000000 0.000000 -2.116793
 83 0.000000 -0.000001 5.000000 -0.079311 1.595025 -1.570737
time 20
  0 0.500000 13.522099 26.931471 -0.243067 0.535714 -2.432935
  1 13.773751 5.584523 -22.520975 -0.544290 0.221328 2.303921
  2 -2.276934 0.000003 -1.238185 -1.570795 -1.570451 0.000000
  3 1.796343 0.712003 0.000823 -0.265649 -0.289410 -0.177954
  4 4.120615 -0.002564 0.000366 -0.112572 0.131172 0.651110
  5 4.118041 -0.003171 0.000625 -0.206268 0.374250 -0.252444
  6 4.120286 -0.002546 0.001198 -0.412333 0.422110 0.406850
  7 4.118459 -0.003384 -0.001017 0.312872 0.362888 0.072178
  8 4.443602 -0.000001 -0.000000 0.248077 -0.178796 -0.293948
  9 9.024064 -0.000001 0.000002 0.000000 0.000000 0.000000
 10 -0.615069 0.502119 1.541240 0.422148 -1.255184 2.731119
 11 6.384776 0.000000 0.000002 -1.369126 0.229181 -1.879061
 12 10.242682 0.000001 0.000001 -0.000000 -0.000000 -1.457539
 13 11.375560 -0.000000 0.000002 2.953306 -0.030650 -0.031346
 14 0.728680 0.023430 -1.008292 1.378255 0.695182 0.174078
 15 2.136496 -0.000001 -0.000000 0.000000 -0.000000 -0.078540
 16 2.313139 -0.000002 0.000001 0.000000 0.000000 0.000000
 17 3.115506 -0.886041 -0.021432 -0.502683 -0.073092 0.381238
 18 2.011150 0.000001 0.000001 0.000000 0.000000 1.440980
 19 2.141379 0.000002 -0.000001 0.000000 0.000000 0.000000
 20 1.734172 0.000002 0.000000 0.000000 0.000000 0.720073
 21 0.000004 -4.440592 -0.000000 1.570544 -0.062990 -0.195737
 22 6.000000 -0.000002 0.000000 -2.994249 -0.000000 -0.000000
 23 0.000003 -4.440599 0.000001 1.569944 -0.062987 0.004053
 24 11.375561 -0.000001 0.000004 -2.450498 -0.007486 -0.027805
 25 -0.000001 -4.440602 0.000000 1.570144 -0.062988 0.004040
 26 10.510133 0.000001 0.000001 -0.000000 0.000000 -2.299566
 27 0.000000 -1.748399 4.999999 -0.000000 0.004007 1.602291
 28 5.500000 -0.000000 0.000000 0.316059 -0.000000 -0.000000
 29 -0.000002 -1.940598 5.000000 -0.044472 0.004003 -0.000180
 30 6.551491 0.000001 0.000002 -1.036271 0.481653 -1.598228
 31 0.000002 -1.940599 5.000001 -0.027189 -0.053376 0.005295
 32 6.551491 0.000001 0.000002 -0.209562 0.315611 -0.422362
 33 0.000000 -1.940600 4.999996 -0.066572 -0.152786 -0.110311
 34 0.615077 -0.495044 -1.541241 2.182675 1.057803 -1.020044
 35 6.384778 0.000002 -0.000002 0.275565 0.030015 -0.840942
 36 10.242683 -0.000001 0.000003 0.000000 0.000000 -2.358327
 37 11.375561 -0.000001 -0.000004 2.460249 0.327376 0.554960
 38 0.728680 0.023430 1.008293 -1.579583 -0.319038 0.212973
 39 2.136498 -0.000000 -0.000001 -0.000000 0.000000 1.282817
 40 2.313139 0.000001 0.000000 0.000000 0.000000 3.141593
 41 3.115507 -0.886041 0.021432 0.420765 0.316066 0.167178
 42 2.011148 -0.000000 0.000001 0.000000 -0.000000 2.082010
 43 2.141379 -0.000002 -0.000000 0.000000 0.000000 3.141593
 44 1.734171 0.000000 -0.000000 0.000000 0.000000 1.041748
 45 0.136316 -3.738193 2.525891 1.493698 2.759406 -1.474501
 46 14.562629 -1.166816 -0.284477 0.258917 0.054664 1.504024
 47 11.389365 -0.000819 0.158779 1.986440 0.229997 0.245303
 48 0.000001 -4.440599 -0.000001 1.570144 -3.078602 0.004040
 49 5.999999 0.000001 -0.000001 1.986440 -0.000000 0.000000
 50 0.000003 -4.440599 -0.000001 1.569944 -3.078603 0.004053
 51 10.510130 -0.000000 0.000003 0.000000 -0.000000 -2.749960
 52 -0.000000 -1.748400 -5.000001 -3.141593 0.004007 -1.539299
 53 5.500000 0.000001 -0.000000 -0.093905 0.000000 -0.000000
 54 -0.000000 0.000001 -5.000000 -0.044472 3.137589 -0.000177
 55 6.551491 -0.000001 -0.000000 0.093905 -0.021527 -0.268634
 56 -1.266843 -1.937443 -4.950559 -0.066572 -2.988806 -0.110308
 57 6.551492 -0.000000 0.000000 0.093905 -0.021527 -0.268634
 58 0.699371 -1.944208 -5.006847 -0.027189 -3.088217 0.005298
 59 4.226148 -0.003202 -0.000001 0.169951 0.213619 0.026927
 60 0.000001 5.000002 0.000000 -0.153564 0.000087 2.718701
 61 0.000006 -0.000006 -3.713579 0.119535 -2.936655 -0.885276
 62 0.000001 0.000000 5.000000 3.053195 1.558589 -0.074929
 63 -0.000005 0.000005 3.713580 -0.311487 -2.845558 -0.582080
 64 0.000001 0.000000 -5.000000 -0.088726 1.558589 3.066335
 65 7.363603 1.646646 0.495663 -3.141593 -1.570796 0.000000
 66 -0.000005 0.000005 3.619082 -0.441735 -2.434423 -1.159240
 67 16.573917 -0.000000 0.000001 -0.000000 -0.000000 -2.011748
 68 15.128181 0.000000 -0.000000 0.026832 0.026147 -0.175154
 69 5.758666 4.244731 0.000000 0.000000 -0.000000 2.033309
 70 3.177727 0.000000 0.000000 0.000000 0.000000 3.141593
 71 15.708951 0.000002 -0.000000 0.013957 0.013894 -0.093781
 72 0.275148 0.189215 -3.445208 3.130898 0.000409 -1.514604
 73 17.210192 -0.000001 0.000002 -0.000000 0.000000 -2.319003
 74 0.000000 -0.000001 -5.000000 -0.079433 1.546568 -1.570857
 75 0.000007 -0.000004 -3.619079 0.260448 -2.945758 -1.468642
 76 16.573919 -0.000000 0.000001 0.000000 0.000000 -1.562392
 77 15.128181 0.000000 0.000001 0.265624 -0.173430 0.666428
 78 5.758665 4.244731 0.000000 -0.000000 0.000000 1.483530
 79 4.003934 -0.000000 0.000000 0.000000 0.000000 0.000000
 80 15.708953 0.000000 0.000000 0.195074 -0.100553 0.460486
 81 0.273998 0.191090 3.439762 -3.130907 -0.000437 -1.508107
 82 17.210196 0.000000 0.000001 -0.000000 0.000000 -2.116793
 83 0.000000 -0.000001 5.000000 -0.079311 1.595025 -1.570737
time 21
  0 0.500000 13.522099 26.931471 -0.243067 0.535714 -2.432935
  1 13.773751 5.584523 -22.520975 -0.544290 0.221328 2.303921
  2 -2.276934 0.000003 -1.238185 -1.570795 -1.570451 0.000000
  3 1.796342 0.712001 0.000816 -0.262592 -0.283931 -0.180042
  4 4.120617 -0.002565 0.000358 -0.110475 0.128054 0.651535
  5 4.118038 -0.003170 0.000617 -0.203366 0.372352 -0.250932
  6 4.120287 -0.002551 0.001193 -0.409454 0.419649 0.408575
  7 4.118379 -0.003382 -0.001014 0.313307 0.369410 0.050578
  8 4.443598 -0.000001 0.000000 0.195934 -0.182410 -0.255986
  9 9.024057 0.000000 0.000000 0.000000 0.000000 0.000000
 10 -0.625626 0.501544 1.537173 0.482250 -1.261590 2.690969
 11 6.384776 -0.000000 0.000000 -1.371047 0.102370 -1.875321
 12 10.242681 -0.000001 0.000001 -0.000000 -0.000000 -1.385637
 13 11.375561 0.000003 0.000003 3.007323 0.033276 -0.009141
 14 0.728681 0.023431 -1.008292 1.328142 0.700704 0.153156
 15 2.136497 -0.000001 0.000001 -0.000000 -0.000000 -0.078540
 16 2.313140 0.000000 0.000000 0.000000 0.000000 0.000000
 17 3.115507 -0.886040 -0.021432 -0.512952 -0.064860 0.362651
 18 2.011153 0.000000 0.000001 0.000000 0.000000 1.418689
 19 2.141380 0.000002 0.000000 0.000000 0.000000 0.000000
 20 1.734175 0.000002 0.000001 0.000000 0.000000 0.708864
 21 0.000006 -4.440595 0.000001 1.570544 -0.062990 -0.195737
 22 6.000000 0.000001 0.000001 -2.943138 -0.000000 -0.000000
 23 0.000004 -4.440601 -0.000000 1.569944 -0.062987 0.004053
 24 11.375561 0.000002 0.000005 -2.423259 0.021582 0.004408
 25 -0.000002 -4.440606 0.000000 1.570144 -0.062988 0.004040
 26 10.510132 -0.000000 0.000001 0.000000 0.000000 -2.263615
 27 0.000000 -1.748400 4.999999 -0.000000 0.004007 1.602291
 28 5.500000 -0.000000 0.000001 0.344521 -0.000000 -0.000000
 29 -0.000001 -1.940598 5.000000 -0.044472 0.004003 -0.000180
 30 6.551491 -0.000001 -0.000001 -1.072007 0.369959 -1.642564
 31 0.000001 -1.940597 5.000001 -0.027189 -0.053376 0.005295
 32 6.551491 -0.000001 -0.000001 -0.228763 0.284406 -0.428452
 33 0.000001 -1.940599 4.999997 -0.066572 -0.152786 -0.110311
 34 0.625628 -0.494469 -1.537174 2.154320 1.027750 -1.031930
 35 6.384777 -0.000000 0.000001 0.317341 0.046254 -0.902376
 36 10.242682 0.000001 -0.000002 0.000000 -0.000000 -2.322381
 37 11.375563 -0.000000 0.000002 2.467869 0.379844 0.564875
 38 0.728680 0.023431 1.008294 -1.579583 -0.319038 0.212973
 39 2.136497 0.000001 0.000000 0.000000 -0.000000 1.282817
 40 2.313138 -0.000001 -0.000000 0.000000 0.000000 3.141593
 41 3.115506 -0.886040 0.021432 0.420765 0.316066 0.167178
 42 2.011151 0.000000 0.000001 -0.000000 0.000000 2.082010
 43 2.141379 0.000000 0.000000 0.000000 0.000000 3.141593
 44 1.734173 -0.000001 0.000001 0.000000 -0.000000 1.041748
 45 0.136315 -3.738192 2.525889 1.493698 2.759406 -1.474501
 46 14.562626 -1.166812 -0.284478 0.258917 0.054664 1.504024
 47 11.389366 -0.000818 0.158783 1.983470 0.256301 0.239848
 48 -0.000000 -4.440599 0.000000 1.570144 -3.078602 0.004040
 49 6.000000 0.000000 0.000002 1.983471 0.000000 -0.000000
 50 0.000002 -4.440601 0.000000 1.569944 -3.078603 0.004053
 51 10.510131 -0.000000 0.000001 -0.000000 0.000000 -2.731987
 52 0.000000 -1.748400 -5.000002 3.141593 0.004007 -1.539299
 53 5.500000 0.000001 -0.000002 -0.109871 -0.000000 -0.000000
 54 -0.000001 0.000000 -4.999998 -0.044472 3.137589 -0.000177
 55 6.551492 -0.000000 0.000001 0.109871 -0.024350 -0.277292
 56 -1.266844 -1.937444 -4.950561 -0.066572 -2.988806 -0.110308
 57 6.551492 -0.000000 0.000001 0.109871 -0.024350 -0.277292
 58 0.699371 -1.944209 -5.006847 -0.027189 -3.088217 0.005298
 59 4.226146 -0.003203 0.000001 0.170828 0.216696 0.013227
 60 -0.000002 5.000003 0.000000 -0.153564 0.000087 2.718702
 61 0.000006 -0.000006 -3.713579 0.119535 -2.936655 -0.885276
 62 0.000001 0.000000 5.000000 3.053195 1.558589 -0.074929
 63 -0.000005 0.000005 3.713580 -0.311487 -2.845558 -0.582080
 64 0.000001 0.000000 -5.000000 -0.088726 1.558589 3.066335
 65 7.363603 1.646646 0.495663 -3.141593 -1.570796 0.000000
 66 -0.000005 0.000005 3.619082 -0.441735 -2.434423 -1.159240
 67 16.573917 -0.000000 0.000001 -0.000000 -0.000000 -2.011748
 68 15.128181 0.000000 -0.000000 0.026832 0.026147 -0.175154
 69 5.758666 4.244731 0.000000 0.000000 -0.000000 2.033309
 70 3.177727 0.000000 0.000000 0.000000 0.000000 3.141593
 71 15.708951 0.000002 -0.000000 0.013957 0.013894 -0.093781
 72 0.275148 0.189215 -3.445208 3.130898 0.000409 -1.514604
 73 17.210192 -0.000001 0.000002 -0.000000 0.000000 -2.319003
 74 0.000000 -0.000001 -5.000000 -0.079433 1.546568 -1.570857
 75 0.000007 -0.000004 -3.619079 0.260448 -2.945758 -1.468642
 76 16.573919 -0.000000 0.000001 0.000000 0.000000 -1.562392
 77 15.128181 0.000000 0.000001 0.265624 -0.173430 0.666428
 78 5.758665 4.244731 0.000000 -0.000000 0.000000 1.483530
 79 4.003934 -0.000000 0.000000 0.000000 0.000000 0.000000
 80 15.708953 0.000000 0.000000 0.195074 -0.100553 0.460486
 81 0.273998 0.191090 3.439762 -3.130907 -0.000437 -1.508107
 82 17.210196 0.000000 0.000001 -0.000000 0.000000 -2.116793
 83 0.000000 -0.000001 5.000000 -0.079311 1.595025 -1.570737
time 22
  0 0.500000 13.522099 26.931471 -0.243067 0.535714 -2.432935
  1 13.773751 5.584523 -22.520975 -0.544290 0.221328 2.303921
  2 -2.276934 0.000003 -1.238185 -1.570795 -1.570451 0.000000
  3 1.796342 0.711998 0.000806 -0.258966 -0.277387 -0.182507
  4 4.120616 -0.002566 0.000350 -0.107976 0.124332 0.652033
  5 4.118039 -0.003173 0.000608 -0.199911 0.370081 -0.249136
  6 4.120287 -0.002554 0.001184 -0.406031 0.416706 0.410620
  7 4.118308 -0.003378 -0.001016 0.313572 0.375339 0.030920
  8 4.443599 0.000001 -0.000000 0.165540 -0.179810 -0.235716
  9 9.024060 0.000000 -0.000000 0.000000 0.000000 0.000000
 10 -0.635194 0.500799 1.533486 0.555276 -1.267026 2.634627
 11 6.384776 -0.000001 0.000000 -1.368240 -0.027514 -1.867081
 12 10.242682 0.000001 0.000001 -0.000000 -0.000000 -1.304554
 13 11.375561 -0.000001 0.000000 3.059769 0.091538 0.007425
 14 0.728680 0.023431 -1.008291 1.277669 0.705413 0.131806
 15 2.136495 0.000001 -0.000002 0.000000 0.000000 -0.078540
 16 2.313139 -0.000002 0.000001 0.000000 0.000000 0.000000
 17 3.115505 -0.886041 -0.021429 -0.523366 -0.056821 0.343988
 18 2.011155 0.000002 0.000001 0.000000 0.000000 1.396399
 19 2.141379 0.000001 -0.000001 0.000000 0.000000 0.000000
 20 1.734172 0.000001 0.000001 -0.000000 -0.000000 0.697659
 21 0.000004 -4.440593 0.000001 1.570544 -0.062990 -0.195737
 22 6.000000 0.000000 -0.000000 -2.893692 0.000000 0.000000
 23 0.000002 -4.440602 0.000000 1.569944 -0.062987 0.004053
 24 11.375563 0.000000 0.000004 -2.395976 0.049527 0.029914
 25 -0.000001 -4.440603 0.000000 1.570144 -0.062988 0.004040
 26 10.510131 -0.000001 0.000000 0.000000 -0.000000 -2.223073
 27 0.000001 -1.748401 4.999999 -0.000000 0.004007 1.602290
 28 5.500000 -0.000001 0.000000 0.368493 -0.000000 -0.000000
 29 -0.000001 -1.940599 5.000000 -0.044472 0.004003 -0.000180
 30 6.551491 -0.000001 -0.000000 -1.094578 0.249892 -1.673909
 31 0.000001 -1.940598 5.000001 -0.027189 -0.053376 0.005295
 32 6.551491 -0.000001 -0.000000 -0.244826 0.249792 -0.429475
 33 0.000001 -1.940599 4.999996 -0.066572 -0.152786 -0.110311
 34 0.635195 -0.493719 -1.533487 2.129452 0.997804 -1.042367
 35 6.384776 0.000001 -0.000002 0.361091 0.064201 -0.962033
 36 10.242682 -0.000000 0.000001 -0.000000 -0.000000 -2.285816
 37 11.375562 0.000001 -0.000001 2.475935 0.427815 0.574391
 38 0.728681 0.023430 1.008291 -1.579583 -0.319038 0.212973
 39 2.136497 0.000001 0.000001 -0.000000 0.000000 1.282817
 40 2.313139 -0.000000 -0.000000 0.000000 0.000000 3.141593
 41 3.115507 -0.886042 0.021433 0.420765 0.316066 0.167178
 42 2.011150 0.000000 0.000000 -0.000000 0.000000 2.082010
 43 2.141380 -0.000000 -0.000001 0.000000 0.000000 3.141593
 44 1.734172 -0.000000 0.000000 -0.000000 0.000000 1.041748
 45 0.136316 -3.738193 2.525892 1.493698 2.759406 -1.474501
 46 14.562628 -1.166815 -0.284475 0.258917 0.054664 1.504024
 47 11.389367 -0.000819 0.158781 1.980707 0.280167 0.234505
 48 0.000000 -4.440602 0.000001 1.570144 -3.078602 0.004040
 49 6.000000 0.000001 0.000002 1.980707 -0.000000 -0.000000
 50 0.000002 -4.440602 -0.000001 1.569944 -3.078603 0.004053
 51 10.510131 0.000001 -0.000001 -0.000000 -0.000000 -2.713705
 52 -0.000000 -1.748400 -5.000002 -3.141593 0.004007 -1.539299
 53 5.500000 0.000000 -0.000000 -0.127309 -0.000000 -0.000000
 54 -0.000000 0.000000 -5.000002 -0.044472 3.137589 -0.000177
 55 6.551490 0.000000 -0.000001 0.127309 -0.027612 -0.286355
 56 -1.266842 -1.937444 -4.950560 -0.066572 -2.988806 -0.110308
 57 6.551490 0.000001 -0.000001 0.127309 -0.027612 -0.286355
 58 0.699372 -1.944207 -5.006848 -0.027189 -3.088217 0.005298
 59 4.226145 -0.003202 -0.000001 0.171563 0.219453 0.000791
 60 0.000001 5.000000 -0.000001 -0.153564 0.000087 2.718702
 61 0.000006 -0.000006 -3.713579 0.119535 -2.936655 -0.885276
 62 0.000001 0.000000 5.000000 3.053195 1.558589 -0.074929
 63 -0.000005 0.000005 3.713580 -0.311487 -2.845558 -0.582080
 64 0.000001 0.000000 -5.000000 -0.088726 1.558589 3.066335
 65 7.363603 1.646646 0.495663 -3.141593 -1.570796 0.000000
 66 -0.000005 0.000005 3.619082 -0.441735 -2.434423 -1.159240
 67 16.573917 -0.000000 0.000001 -0.000000 -0.000000 -2.011748
 68 15.128181 0.000000 -0.000000 0.026832 0.026147 -0.175154
 69 5.758666 4.244731 0.000000 0.000000 -0.000000 2.033309
 70 3.177727 0.000000 0.000000 0.000000 0.000000 3.141593
 71 15.708951 0.000002 -0.000000 0.013957 0.013894 -0.093781
 72 0.275148 0.189215 -3.445208 3.130898 0.000409 -1.514604
 73 17.210192 -0.000001 0.000002 -0.000000 0.000000 -2.319003
 74 0.000000 -0.000001 -5.000000 -0.079433 1.546568 -1.570857
 75 0.000007 -0.000004 -3.619079 0.260448 -2.945758 -1.468642
 76 16.573919 -0.000000 0.000001 0.000000 0.000000 -1.562392
 77 15.128181 0.000000 0.000001 0.265624 -0.173430 0.666428
 78 5.758665 4.244731 0.000000 -0.000000 0.000000 1.483530
 79 4.003934 -0.000000 0.000000 0.000000 0.000000 0.000000
 80 15.708953 0.000000 0.000000 0.195074 -0.100553 0.460486
 81 0.273998 0.191090 3.439762 -3.130907 -0.000437 -1.508107
 82 17.210196 0.000000 0.000001 -0.000000 0.000000 -2.116793
 83 0.000000 -0.000001 5.000000 -0.079311 1.595025 -1.570737
time 23
  0 0.500000 13.522099 26.931471 -0.243067 0.535714 -2.432935
  1 13.773751 5.584523 -22.520975 -0.544290 0.221328 2.303921
  2 -2.276934 0.000003 -1.238185 -1.570795 -1.570451 0.000000
  3 1.796342 0.711995 0.000795 -0.254908 -0.270000 -0.185251
  4 4.120615 -0.002567 0.000343 -0.105164 0.120136 0.652582
  5 4.118042 -0.003179 0.000594 -0.196025 0.367515 -0.247124
  6 4.120282 -0.002556 0.001176 -0.402185 0.413383 0.412910
  7 4.118245 -0.003372 -0.001012 0.313700 0.380479 0.013854
  8 4.443600 0.000001 0.000000 0.155483 -0.172849 -0.232607
  9 9.024063 -0.000001 0.000000 0.000000 0.000000 0.000000
 10 -0.643470 0.499981 1.530297 0.637461 -1.270902 2.565337
 11 6.384776 -0.000001 0.000002 -1.360624 -0.148964 -1.855250
 12 10.242681 -0.000001 0.000001 -0.000000 0.000000 -1.222179
 13 11.375558 0.000000 0.000000 3.106918 0.137076 0.018486
 14 0.728680 0.023433 -1.008293 1.226890 0.709292 0.110091
 15 2.136497 -0.000001 0.000001 0.000000 -0.000000 -0.078540
 16 2.313139 0.000001 0.000000 0.000000 0.000000 0.000000
 17 3.115505 -0.886039 -0.021432 -0.533925 -0.048978 0.325251
 18 2.011152 0.000001 -0.000000 0.000000 0.000000 1.374108
 19 2.141379 0.000003 -0.000000 0.000000 0.000000 0.000000
 20 1.734171 0.000001 0.000000 -0.000000 -0.000000 0.686459
 21 0.000005 -4.440592 0.000000 1.570544 -0.062990 -0.195737
 22 5.999998 -0.000002 -0.000000 -2.849569 -0.000000 -0.000000
 23 0.000002 -4.440602 -0.000000 1.569944 -0.062987 0.004053
 24 11.375559 0.000000 0.000004 -2.371080 0.071971 0.047346
 25 -0.000003 -4.440604 0.000001 1.570144 -0.062988 0.004040
 26 10.510131 0.000001 0.000001 0.000000 -0.000000 -2.181886
 27 0.000000 -1.748401 4.999999 -0.000000 0.004007 1.602291
 28 5.500000 0.000000 0.000001 0.386375 0.000000 0.000000
 29 -0.000002 -1.940599 5.000000 -0.044472 0.004003 -0.000180
 30 6.551491 -0.000000 0.000002 -1.103022 0.134455 -1.689578
 31 0.000002 -1.940598 5.000002 -0.027189 -0.053376 0.005295
 32 6.551491 -0.000000 0.000002 -0.256951 0.215767 -0.426654
 33 -0.000000 -1.940599 4.999996 -0.066572 -0.152786 -0.110311
 34 0.643472 -0.492901 -1.530299 2.107919 0.968364 -1.052139
 35 6.384776 0.000000 0.000000 0.404497 0.080433 -1.012510
 36 10.242682 -0.000001 0.000003 -0.000000 -0.000000 -2.255157
 37 11.375561 -0.000000 -0.000001 2.483144 0.464955 0.582239
 38 0.728681 0.023431 1.008291 -1.579583 -0.319038 0.212973
 39 2.136497 0.000001 0.000001 0.000000 0.000000 1.282817
 40 2.313138 -0.000001 0.000000 0.000000 0.000000 3.141593
 41 3.115506 -0.886041 0.021430 0.420765 0.316066 0.167178
 42 2.011151 0.000000 0.000002 0.000000 0.000000 2.082010
 43 2.141380 0.000000 0.000000 0.000000 0.000000 3.141593
 44 1.734172 -0.000001 -0.000001 0.000000 -0.000000 1.041748
 45 0.136316 -3.738193 2.525888 1.493698 2.759406 -1.474501
 46 14.562627 -1.166816 -0.284478 0.258917 0.054664 1.504024
 47 11.389365 -0.000818 0.158782 1.978618 0.298568 0.230188
 48 0.000001 -4.440600 0.000001 1.570144 -3.078602 0.004040
 49 5.999998 0.000000 -0.000003 1.978618 -0.000000 -0.000000
 50 0.000001 -4.440600 0.000000 1.569944 -3.078603 0.004053
 51 10.510132 -0.000000 0.000001 0.000000 0.000000 -2.698375
 52 -0.000001 -1.748400 -4.999999 -3.141593 0.004007 -1.539299
 53 5.500000 -0.000000 0.000001 -0.144842 -0.000000 0.000000
 54 -0.000001 0.000000 -5.000000 -0.044472 3.137590 -0.000177
 55 6.551490 -0.000001 0.000002 0.144842 -0.031250 -0.294812
 56 -1.266842 -1.937444 -4.950560 -0.066572 -2.988806 -0.110308
 57 6.551490 -0.000001 0.000002 0.144842 -0.031250 -0.294812
 58 0.699369 -1.944209 -5.006845 -0.027189 -3.088217 0.005298
 59 4.226145 -0.003200 0.000001 0.172154 0.221813 -0.009970
 60 0.000002 5.000000 -0.000000 -0.153564 0.000087 2.718702
 61 0.000006 -0.000006 -3.713579 0.119535 -2.936655 -0.885276
 62 0.000001 0.000000 5.000000 3.053195 1.558589 -0.074929
 63 -0.000005 0.000005 3.713580 -0.311487 -2.845558 -0.582080
 64 0.000001 0.000000 -5.000000 -0.088726 1.558589 3.066335
 65 7.363603 1.646646 0.495663 -3.141593 -1.570796 0.000000
 66 -0.000005 0.000005 3.619082 -0.441735 -2.434423 -1.159240
 67 16.573917 -0.000000 0.000001 -0.000000 -0.000000 -2.011748
 68 15.128181 0.000000 -0.000000 0.026832 0.026147 -0.175154
 69 5.758666 4.244731 0.000000 0.000000 -0.000000 2.033309
 70 3.177727 0.000000 0.000000 0.000000 0.000000 3.141593
 71 15.708951 0.000002 -0.000000 0.013957 0.013894 -0.093781
 72 0.275148 0.189215 -3.445208 3.130898 0.000409 -1.514604
 73 17.210192 -0.000001 0.000002 -0.000000 0.000000 -2.319003
 74 0.000000 -0.000001 -5.000000 -0.079433 1.546568 -1.570857
 75 0.000007 -0.000004 -3.619079 0.260448 -2.945758 -1.468642
 76 16.573919 -0.000000 0.000001 0.000000 0.000000 -1.562392
 77 15.128181 0.000000 0.000001 0.265624 -0.173430 0.666428
 78 5.758665 4.244731 0.000000 -0.000000 0.000000 1.483530
 79 4.003934 -0.000000 0.000000 0.000000 0.000000 0.000000
 80 15.708953 0.000000 0.000000 0.195074 -0.100553 0.460486
 81 0.273998 0.191090 3.439762 -3.130907 -0.000437 -1.508107
 82 17.210196 0.000000 0.000001 -0.000000 0.000000 -2.116793
 83 0.000000 -0.000001 5.000000 -0.079311 1.595025 -1.570737
time 24
  0 0.500000 13.522099 26.931471 -0.243067 0.535714 -2.432935
  1 13.773751 5.584523 -22.520975 -0.544290 0.221328 2.303921
  2 -2.276934 0.000003 -1.238185 -1.570795 -1.570451 0.000000
  3 1.796342 0.711992 0.000783 -0.250550 -0.261995 -0.188179
  4 4.120618 -0.002569 0.000331 -0.102124 0.115594 0.653164
  5 4.118039 -0.003177 0.000584 -0.191832 0.364730 -0.244962
  6 4.120286 -0.002561 0.001166 -0.398039 0.409777 0.415367
  7 4.118167 -0.003361 -0.001011 0.313730 0.386534 -0.006291
  8 4.443599 0.000000 -0.000001 0.152294 -0.164500 -0.233177
  9 9.024063 -0.000001 0.000000 0.000000 0.000000 0.000000
 10 -0.653198 0.498814 1.526549 0.730819 -1.271487 2.487051
 11 6.384777 -0.000001 -0.000001 -1.348953 -0.249336 -1.839505
 12 10.242682 0.000000 0.000002 -0.000000 0.000000 -1.150220
 13 11.375560 0.000002 0.000000 -3.139081 0.163185 0.026277
 14 0.728680 0.023430 -1.008292 1.175859 0.712326 0.088080
 15 2.136497 0.000000 0.000000 0.000000 -0.000000 -0.078540
 16 2.313138 0.000001 -0.000000 0.000000 0.000000 0.000000
 17 3.115505 -0.886041 -0.021431 -0.544625 -0.041333 0.306438
 18 2.011155 0.000002 0.000001 0.000000 0.000000 1.351817
 19 2.141377 0.000001 -0.000000 0.000000 0.000000 0.000000
 20 1.734173 -0.000000 -0.000000 -0.000000 -0.000000 0.675263
 21 0.000003 -4.440592 0.000000 1.570544 -0.062990 -0.195737
 22 6.000000 -0.000000 0.000000 -2.815250 0.000000 -0.000000
 23 0.000001 -4.440601 -0.000001 1.569944 -0.062987 0.004053
 24 11.375562 -0.000002 0.000003 -2.351624 0.084491 0.057252
 25 -0.000002 -4.440604 0.000001 1.570144 -0.062988 0.004040
 26 10.510132 0.000002 0.000001 -0.000000 0.000000 -2.145906
 27 0.000001 -1.748400 4.999999 -0.000000 0.004007 1.602291
 28 5.500000 -0.000001 0.000000 0.398595 0.000000 0.000000
 29 -0.000001 -1.940599 5.000001 -0.044472 0.004003 -0.000180
 30 6.551491 0.000001 0.000002 -1.097028 0.037565 -1.686927
 31 0.000001 -1.940598 5.000000 -0.027189 -0.053376 0.005295
 32 6.551491 0.000001 0.000002 -0.266053 0.186178 -0.423650
 33 -0.000000 -1.940600 4.999995 -0.066572 -0.152786 -0.110311
 34 0.653204 -0.491738 -1.526549 2.087594 0.937762 -1.057462
 35 6.384776 -0.000000 -0.000001 0.445554 0.090464 -1.046955
 36 10.242682 -0.000000 -0.000002 0.000000 0.000000 -2.236921
 37 11.375563 0.000000 -0.000001 2.487918 0.484963 0.586867
 38 0.728680 0.023431 1.008291 -1.579583 -0.319038 0.212973
 39 2.136496 -0.000000 -0.000001 0.000000 -0.000000 1.282817
 40 2.313138 -0.000000 -0.000001 0.000000 0.000000 3.141593
 41 3.115505 -0.886041 0.021429 0.420765 0.316066 0.167178
 42 2.011151 -0.000001 0.000002 -0.000000 0.000000 2.082010
 43 2.141380 0.000000 0.000002 0.000000 0.000000 3.141593
 44 1.734173 -0.000002 -0.000002 -0.000000 -0.000000 1.041748
 45 0.136315 -3.738192 2.525892 1.493698 2.759406 -1.474501
 46 14.562627 -1.166815 -0.284477 0.258917 0.054664 1.504024
 47 11.389367 -0.000819 0.158778 1.977748 0.308518 0.227850
 48 0.000001 -4.440602 0.000002 1.570144 -3.078602 0.004040
 49 6.000000 -0.000000 -0.000002 1.977748 0.000000 0.000000
 50 0.000002 -4.440602 -0.000001 1.569944 -3.078603 0.004053
 51 10.510131 -0.000000 -0.000001 -0.000000 0.000000 -2.689257
 52 -0.000002 -1.748400 -5.000002 -3.141593 0.004007 -1.539299
 53 5.500000 -0.000001 0.000001 -0.160593 0.000000 0.000000
 54 0.000000 -0.000000 -4.999997 -0.044472 3.137589 -0.000177
 55 6.551489 -0.000001 -0.000000 0.160593 -0.035320 -0.301236
 56 -1.266844 -1.937444 -4.950558 -0.066572 -2.988806 -0.110308
 57 6.551490 -0.000001 -0.000000 0.160593 -0.035320 -0.301236
 58 0.699372 -1.944207 -5.006846 -0.027189 -3.088217 0.005298
 59 4.226144 -0.003200 -0.000000 0.172797 0.224554 -0.022617
 60 -0.000002 5.000000 0.000001 -0.153564 0.000087 2.718702
 61 0.000006 -0.000006 -3.713579 0.119535 -2.936655 -0.885276
 62 0.000001 0.000000 5.000000 3.053195 1.558589 -0.074929
 63 -0.000005 0.000005 3.713580 -0.311487 -2.845558 -0.582080
 64 0.000001 0.000000 -5.000000 -0.088726 1.558589 3.066335
 65 7.363603 1.646646 0.495663 -3.141593 -1.570796 0.000000
 66 -0.000005 0.000005 3.619082 -0.441735 -2.434423 -1.159240
 67 16.573917 -0.000000 0.000001 -0.000000 -0.000000 -2.011748
 68 15.128181 0.000000 -0.000000 0.026832 0.026147 -0.175154
 69 5.758666 4.244731 0.000000 0.000000 -0.000000 2.033309
 70 3.177727 0.000000 0.000000 0.000000 0.000000 3.141593
 71 15.708951 0.000002 -0.000000 0.013957 0.013894 -0.093781
 72 0.275148 0.189215 -3.445208 3.130898 0.000409 -1.514604
 73 17.210192 -0.000001 0.000002 -0.000000 0.000000 -2.319003
 74 0.000000 -0.000001 -5.000000 -0.079433 1.546568 -1.570857
 75 0.000007 -0.000004 -3.619079 0.260448 -2.945758 -1.468642
 76 16.573919 -0.000000 0.000001 0.000000 0.000000 -1.562392
 77 15.128181 0.000000 0.000001 0.265624 -0.173430 0.666428
 78 5.758665 4.244731 0.000000 -0.000000 0.000000 1.483530
 79 4.003934 -0.000000 0.000000 0.000000 0.000000 0.000000
 80 15.708953 0.000000 0.000000 0.195074 -0.100553 0.460486
 81 0.273998 0.191090 3.439762 -3.130907 -0.000437 -1.508107
 82 17.210196 0.000000 0.000001 -0.000000 0.000000 -2.116793
 83 0.000000 -0.000001 5.000000 -0.079311 1.595025 -1.570737
time 25
  0 0.500000 13.522099 26.931471 -0.243067 0.535714 -2.432935
  1 13.773751 5.584523 -22.520975 -0.544290 0.221328 2.303921
  2 -2.276934 0.000003 -1.238185 -1.570795 -1.570451 0.000000
  3 1.796344 0.711988 0.000771 -0.246021 -0.253598 -0.191199
  4 4.120617 -0.002569 0.000322 -0.098945 0.110834 0.653757
  5 4.118038 -0.003178 0.000573 -0.187451 0.361804 -0.242713
  6 4.120286 -0.002566 0.001156 -0.393714 0.405990 0.417920
  7 4.118090 -0.003355 -0.001007 0.313608 0.393290 -0.028833
  8 4.443601 -0.000001 -0.000000 0.154298 -0.155383 -0.236488
  9 9.024061 -0.000000 0.000000 0.000000 0.000000 0.000000
 10 -0.664027 0.497255 1.522375 0.829346 -1.268458 2.405230
 11 6.384777 0.000001 -0.000001 -1.336372 -0.317730 -1.817151
 12 10.242681 -0.000000 0.000001 -0.000000 -0.000000 -1.100117
 13 11.375560 0.000001 0.000001 -3.115811 0.166573 0.034100
 14 0.728680 0.023429 -1.008292 1.124637 0.714503 0.065842
 15 2.136497 0.000002 -0.000000 -0.000000 -0.000000 -0.078540
 16 2.313138 -0.000001 -0.000000 0.000000 0.000000 0.000000
 17 3.115506 -0.886041 -0.021432 -0.555465 -0.033892 0.287550
 18 2.011150 0.000000 -0.000000 0.000000 0.000000 1.329526
 19 2.141380 -0.000001 -0.000000 0.000000 0.000000 0.000000
 20 1.734172 0.000001 0.000001 0.000000 0.000000 0.664073
 21 0.000007 -4.440595 0.000001 1.570544 -0.062990 -0.195737
 22 6.000000 -0.000000 -0.000000 -2.794322 0.000000 0.000000
 23 -0.000000 -4.440600 -0.000000 1.569944 -0.062987 0.004053
 24 11.375562 -0.000002 0.000004 -2.340042 0.084465 0.061719
 25 -0.000001 -4.440603 0.000001 1.570144 -0.062988 0.004040
 26 10.510130 0.000001 0.000001 0.000000 0.000000 -2.120855
 27 0.000000 -1.748400 4.999999 -0.000000 0.004007 1.602291
 28 5.500000 0.000001 0.000001 0.407320 -0.000000 0.000000
 29 -0.000001 -1.940596 5.000000 -0.044472 0.004003 -0.000180
 30 6.551491 0.000002 -0.000000 -1.078338 -0.030453 -1.662775
 31 0.000001 -1.940598 5.000001 -0.027189 -0.053376 0.005295
 32 6.551491 0.000002 -0.000000 -0.274349 0.163402 -0.424247
 33 -0.000000 -1.940598 4.999994 -0.066572 -0.152786 -0.110311
 34 0.664031 -0.490177 -1.522377 2.069315 0.907963 -1.057804
 35 6.384777 0.000000 -0.000000 0.482060 0.091532 -1.062581
 36 10.242681 -0.000000 -0.000002 0.000000 -0.000000 -2.232977
 37 11.375561 0.000002 -0.000001 2.489188 0.483210 0.586821
 38 0.728682 0.023430 1.008293 -1.579583 -0.319038 0.212973
 39 2.136495 0.000001 0.000003 0.000000 0.000000 1.282817
 40 2.313138 0.000001 -0.000001 0.000000 0.000000 3.141593
 41 3.115507 -0.886042 0.021432 0.420765 0.316066 0.167178
 42 2.011151 -0.000000 -0.000002 -0.000000 0.000000 2.082010
 43 2.141379 0.000001 0.000002 0.000000 0.000000 3.141593
 44 1.734172 -0.000001 -0.000001 -0.000000 0.000000 1.041748
 45 0.136315 -3.738194 2.525888 1.493698 2.759406 -1.474501
 46 14.562628 -1.166814 -0.284475 0.258917 0.054664 1.504024
 47 11.389366 -0.000818 0.158781 1.978619 0.307816 0.228080
 48 -0.000001 -4.440598 0.000001 1.570144 -3.078602 0.004040
 49 6.000000 0.000000 -0.000001 1.978619 0.000000 0.000000
 50 0.000002 -4.440602 -0.000001 1.569944 -3.078603 0.004053
 51 10.510131 -0.000001 0.000001 -0.000000 0.000000 -2.687284
 52 0.000001 -1.748399 -4.999999 3.141593 0.004007 -1.539299
 53 5.500000 -0.000000 -0.000002 -0.172851 0.000000 -0.000000
 54 0.000000 -0.000000 -4.999997 -0.044472 3.137589 -0.000177
 55 6.551490 -0.000001 0.000001 0.172851 -0.039795 -0.304514
 56 -1.266843 -1.937443 -4.950560 -0.066572 -2.988806 -0.110308
 57 6.551491 -0.000001 0.000001 0.172851 -0.039795 -0.304514
 58 0.699371 -1.944207 -5.006847 -0.027189 -3.088217 0.005298
 59 4.226146 -0.003201 0.000001 0.173450 0.227564 -0.036684
 60 -0.000002 5.000001 -0.000001 -0.153564 0.000087 2.718702
 61 0.000006 -0.000006 -3.713579 0.119535 -2.936655 -0.885276
 62 0.000001 0.000000 5.000000 3.053195 1.558589 -0.074929
 63 -0.000005 0.000005 3.713580 -0.311487 -2.845558 -0.582080
 64 0.000001 0.000000 -5.000000 -0.088726 1.558589 3.066335
 65 7.363603 1.646646 0.495663 -3.141593 -1.570796 0.000000
 66 -0.000005 0.000005 3.619082 -0.441735 -2.434423 -1.159240
 67 16.573917 -0.000000 0.000001 -0.000000 -0.000000 -2.011748
 68 15.128181 0.000000 -0.000000 0.026832 0.026147 -0.175154
 69 5.758666 4.244731 0.000000 0.000000 -0.000000 2.033309
 70 3.177727 0.000000 0.000000 0.000000 0.000000 3.141593
 71 15.708951 0.000002 -0.000000 0.013957 0.013894 -0.093781
 72 0.275148 0.189215 -3.445208 3.130898 0.000409 -1.514604
 73 17.210192 -0.000001 0.000002 -0.000000 0.000000 -2.319003
 74 0.000000 -0.000001 -5.000000 -0.079433 1.546568 -1.570857
 75 0.000007 -0.000004 -3.619079 0.260448 -2.945758 -1.468642
 76 16.573919 -0.000000 0.000001 0.000000 0.000000 -1.562392
 77 15.128181 0.000000 0.000001 0.265624 -0.173430 0.666428
 78 5.758665 4.244731 0.000000 -0.000000 0.000000 1.483530
 79 4.003934 -0.000000 0.000000 0.000000 0.000000 0.000000
 80 15.708953 0.000000 0.000000 0.195074 -0.100553 0.460486
 81 0.273998 0.191090 3.439762 -3.130907 -0.000437 -1.508107
 82 17.210196 0.000000 0.000001 -0.000000 0.000000 -2.116793
 83 0.000000 -0.000001 5.000000 -0.079311 1.595025 -1.570737
time 26
  0 0.500000 13.522099 26.931471 -0.243067 0.535714 -2.432935
  1 13.773751 5.584523 -22.520975 -0.544290 0.221328 2.303921
  2 -2.276934 0.000003 -1.238185 -1.570795 -1.570451 0.000000
  3 1.796342 0.711987 0.000759 -0.241446 -0.245035 -0.194228
  4 4.120617 -0.002571 0.000312 -0.095714 0.105987 0.654345
  5 4.118039 -0.003183 0.000560 -0.183003 0.358816 -0.240439
  6 4.120286 -0.002570 0.001145 -0.389329 0.402125 0.420496
  7 4.118001 -0.003340 -0.001004 0.313292 0.400534 -0.053088
  8 4.443600 0.000000 0.000001 0.159882 -0.146018 -0.241579
  9 9.024063 0.000000 0.000001 0.000000 0.000000 0.000000
 10 -0.675603 0.495281 1.517916 0.927011 -1.261992 2.325414
 11 6.384776 0.000001 0.000000 -1.325993 -0.362445 -1.788872
 12 10.242682 0.000003 0.000002 -0.000000 -0.000000 -1.069744
 13 11.375562 -0.000003 0.000001 -3.102495 0.155467 0.045579
 14 0.728682 0.023433 -1.008291 1.073286 0.715815 0.043453
 15 2.136500 0.000000 -0.000001 0.000000 -0.000000 -0.078540
 16 2.313139 -0.000001 0.000000 0.000000 0.000000 0.000000
 17 3.115506 -0.886042 -0.021431 -0.566441 -0.026657 0.268586
 18 2.011152 -0.000001 0.000001 -0.000000 0.000000 1.307235
 19 2.141381 -0.000001 -0.000001 0.000000 0.000000 0.000000
 20 1.734173 0.000000 -0.000000 0.000000 0.000000 0.652888
 21 0.000008 -4.440595 0.000001 1.570544 -0.062990 -0.195737
 22 5.999997 -0.000000 0.000000 -2.782832 -0.000000 0.000000
 23 0.000001 -4.440601 0.000000 1.569944 -0.062987 0.004053
 24 11.375560 0.000000 0.000004 -2.334068 0.075486 0.065142
 25 0.000001 -4.440602 -0.000001 1.570144 -0.062988 0.004040
 26 10.510131 0.000003 0.000001 -0.000000 -0.000000 -2.105668
 27 0.000001 -1.748400 4.999999 -0.000000 0.004007 1.602291
 28 5.500000 0.000000 0.000001 0.415118 -0.000000 -0.000000
 29 -0.000001 -1.940597 5.000000 -0.044472 0.004003 -0.000180
 30 6.551491 0.000001 0.000000 -1.054000 -0.078729 -1.621400
 31 0.000000 -1.940598 5.000001 -0.027189 -0.053376 0.005295
 32 6.551490 0.000001 -0.000000 -0.283413 0.144866 -0.427696
 33 0.000000 -1.940598 4.999996 -0.066572 -0.152786 -0.110311
 34 0.675607 -0.488202 -1.517916 2.051988 0.877368 -1.055425
 35 6.384776 0.000000 0.000002 0.516499 0.086450 -1.068803
 36 10.242682 0.000000 -0.000002 0.000000 -0.000000 -2.237523
 37 11.375562 -0.000000 0.000002 2.488017 0.464407 0.582973
 38 0.728681 0.023432 1.008291 -1.579583 -0.319038 0.212973
 39 2.136497 -0.000001 -0.000000 0.000000 0.000000 1.282817
 40 2.313138 -0.000000 -0.000001 0.000000 0.000000 3.141593
 41 3.115506 -0.886041 0.021432 0.420766 0.316066 0.167178
 42 2.011151 -0.000001 -0.000001 -0.000000 0.000000 2.082010
 43 2.141379 0.000000 -0.000000 0.000000 0.000000 3.141593
 44 1.734173 -0.000001 -0.000003 0.000000 0.000000 1.041748
 45 0.136315 -3.738192 2.525891 1.493698 2.759406 -1.474501
 46 14.562626 -1.166813 -0.284477 0.258917 0.054664 1.504024
 47 11.389367 -0.000819 0.158784 1.981008 0.298779 0.230237
 48 0.000001 -4.440598 -0.000001 1.570144 -3.078602 0.004040
 49 6.000000 0.000000 0.000003 1.981008 0.000000 -0.000000
 50 0.000002 -4.440602 0.000001 1.569944 -3.078603 0.004053
 51 10.510131 0.000000 -0.000001 0.000000 -0.000000 -2.689558
 52 0.000001 -1.748400 -5.000000 -3.141593 0.004007 -1.539299
 53 5.500000 0.000000 0.000000 -0.182964 0.000000 0.000000
 54 -0.000000 -0.000001 -4.999999 -0.044472 3.137589 -0.000177
 55 6.551491 0.000001 0.000001 0.182964 -0.044731 -0.305976
 56 -1.266844 -1.937443 -4.950559 -0.066572 -2.988806 -0.110308
 57 6.551491 0.000002 0.000001 0.182964 -0.044731 -0.305976
 58 0.699370 -1.944208 -5.006845 -0.027189 -3.088217 0.005298
 59 4.226146 -0.003201 0.000001 0.174078 0.230733 -0.051700
 60 0.000002 5.000000 0.000000 -0.153564 0.000087 2.718702
 61 0.000006 -0.000006 -3.713579 0.119535 -2.936655 -0.885276
 62 0.000001 0.000000 5.000000 3.053195 1.558589 -0.074929
 63 -0.000005 0.000005 3.713580 -0.311487 -2.845558 -0.582080
 64 0.000001 0.000000 -5.000000 -0.088726 1.558589 3.066335
 65 7.363603 1.646646 0.495663 -3.141593 -1.570796 0.000000
 66 -0.000005 0.000005 3.619082 -0.441735 -2.434423 -1.159240
 67 16.573917 -0.000000 0.000001 -0.000000 -0.000000 -2.011748
 68 15.128181 0.000000 -0.000000 0.026832 0.026147 -0.175154
 69 5.758666 4.244731 0.000000 0.000000 -0.000000 2.033309
 70 3.177727 0.000000 0.000000 0.000000 0.000000 3.141593
 71 15.708951 0.000002 -0.000000 0.013957 0.013894 -0.093781
 72 0.275148 0.189215 -3.445208 3.130898 0.000409 -1.514604
 73 17.210192 -0.000001 0.000002 -0.000000 0.000000 -2.319003
 74 0.000000 -0.000001 -5.000000 -0.079433 1.546568 -1.570857
 75 0.000007 -0.000004 -3.619079 0.260448 -2.945758 -1.468642
 76 16.573919 -0.000000 0.000001 0.000000 0.000000 -1.562392
 77 15.128181 0.000000 0.000001 0.265624 -0.173430 0.666428
 78 5.758665 4.244731 0.000000 -0.000000 0.000000 1.483530
 79 4.003934 -0.000000 0.000000 0.000000 0.000000 0.000000
 80 15.708953 0.000000 0.000000 0.195074 -0.100553 0.460486
 81 0.273998 0.191090 3.439762 -3.130907 -0.000437 -1.508107
 82 17.210196 0.000000 0.000001 -0.000000 0.000000 -2.116793
 83 0.000000 -0.000001 5.000000 -0.079311 1.595025 -1.570737
time 27
  0 0.500000 13.522099 26.931471 -0.243067 0.535714 -2.432935
  1 13.773751 5.584523 -22.520975 -0.544290 0.221328 2.303921
  2 -2.276934 0.000003 -1.238185 -1.570795 -1.570451 0.000000
  3 1.796342 0.711983 0.000747 -0.236949 -0.236536 -0.197184
  4 4.120617 -0.002573 0.000301 -0.092515 0.101181 0.654913
  5 4.118038 -0.003183 0.000548 -0.178606 0.355845 -0.238203
  6 4.120286 -0.002577 0.001135 -0.385000 0.398283 0.423027
  7 4.117908 -0.003321 -0.000998 0.312761 0.408049 -0.078366
  8 4.443600 0.000001 -0.000000 0.167511 -0.136861 -0.247470
  9 9.024063 0.000000 0.000000 0.000000 0.000000 0.000000
 10 -0.687573 0.492897 1.513304 1.018778 -1.252769 2.252208
 11 6.384776 -0.000000 0.000001 -1.318398 -0.388892 -1.757220
 12 10.242682 0.000000 -0.000000 -0.000000 0.000000 -1.055546
 13 11.375561 -0.000000 0.000001 -3.095343 0.135542 0.061630
 14 0.728680 0.023432 -1.008292 1.021870 0.716258 0.020986
 15 2.136499 -0.000001 0.000001 -0.000000 -0.000000 -0.078540
 16 2.313138 -0.000000 0.000000 0.000000 0.000000 0.000000
 17 3.115506 -0.886039 -0.021432 -0.577550 -0.019632 0.249547
 18 2.011153 0.000002 0.000000 -0.000000 -0.000000 1.284944
 19 2.141378 0.000002 -0.000001 0.000000 0.000000 0.000000
 20 1.734173 0.000001 0.000000 -0.000000 -0.000000 0.641708
 21 0.000006 -4.440593 -0.000000 1.570544 -0.062990 -0.195737
 22 6.000000 -0.000002 -0.000000 -2.777103 0.000000 -0.000000
 23 0.000001 -4.440602 0.000000 1.569944 -0.062987 0.004053
 24 11.375560 -0.000001 0.000002 -2.331450 0.060384 0.069349
 25 -0.000000 -4.440603 -0.000001 1.570144 -0.062988 0.004040
 26 10.510130 0.000001 -0.000001 0.000000 -0.000000 -2.098569
 27 -0.000001 -1.748401 4.999998 0.000000 0.004007 1.602291
 28 5.500000 0.000001 0.000000 0.422563 -0.000000 -0.000000
 29 -0.000002 -1.940598 5.000000 -0.044472 0.004003 -0.000180
 30 6.551491 0.000001 0.000002 -1.029152 -0.113013 -1.568034
 31 -0.000001 -1.940599 5.000001 -0.027189 -0.053376 0.005295
 32 6.551491 0.000001 0.000002 -0.293188 0.129205 -0.432107
 33 -0.000001 -1.940599 4.999997 -0.066572 -0.152786 -0.110311
 34 0.687579 -0.485820 -1.513304 2.035706 0.846260 -1.050937
 35 6.384777 -0.000001 0.000001 0.548977 0.076747 -1.069337
 36 10.242681 -0.000000 0.000002 -0.000000 -0.000000 -2.247730
 37 11.375562 0.000001 -0.000002 2.485420 0.434225 0.576739
 38 0.728681 0.023432 1.008292 -1.579583 -0.319038 0.212973
 39 2.136497 0.000001 0.000000 -0.000000 0.000000 1.282817
 40 2.313138 -0.000002 -0.000000 0.000000 0.000000 3.141593
 41 3.115508 -0.886042 0.021433 0.420765 0.316066 0.167178
 42 2.011151 0.000000 -0.000002 -0.000000 0.000000 2.082010
 43 2.141379 -0.000000 -0.000003 0.000000 0.000000 3.141593
 44 1.734172 -0.000001 -0.000000 -0.000000 0.000000 1.041748
 45 0.136314 -3.738194 2.525891 1.493698 2.759406 -1.474501
 46 14.562627 -1.166814 -0.284475 0.258917 0.054664 1.504024
 47 11.389367 -0.000819 0.158779 1.984321 0.284119 0.233603
 48 0.000000 -4.440599 -0.000000 1.570144 -3.078602 0.004040
 49 6.000000 -0.000000 -0.000003 1.984321 0.000000 0.000000
 50 0.000002 -4.440601 -0.000000 1.569944 -3.078603 0.004053
 51 10.510131 -0.000000 0.000001 0.000000 0.000000 -2.694661
 52 0.000001 -1.748401 -5.000001 -3.141593 0.004007 -1.539299
 53 5.500000 0.000000 -0.000001 -0.191340 -0.000000 -0.000000
 54 -0.000002 -0.000001 -4.999999 -0.044472 3.137589 -0.000177
 55 6.551491 0.000000 0.000001 0.191340 -0.049995 -0.306172
 56 -1.266844 -1.937443 -4.950561 -0.066572 -2.988806 -0.110308
 57 6.551491 0.000000 0.000002 0.191340 -0.049995 -0.306172
 58 0.699370 -1.944208 -5.006847 -0.027189 -3.088217 0.005298
 59 4.226146 -0.003202 -0.000000 0.174655 0.233959 -0.067199
 60 -0.000001 5.000002 0.000000 -0.153564 0.000087 2.718702
 61 0.000006 -0.000006 -3.713579 0.119535 -2.936655 -0.885276
 62 0.000001 0.000000 5.000000 3.053195 1.558589 -0.074929
 63 -0.000005 0.000005 3.713580 -0.311487 -2.845558 -0.582080
 64 0.000001 0.000000 -5.000000 -0.088726 1.558589 3.066335
 65 7.363603 1.646646 0.495663 -3.141593 -1.570796 0.000000
 66 -0.000005 0.000005 3.619082 -0.441735 -2.434423 -1.159240
 67 16.573917 -0.000000 0.000001 -0.000000 -0.000000 -2.011748
 68 15.128181 0.000000 -0.000000 0.026832 0.026147 -0.175154
 69 5.758666 4.244731 0.000000 0.000000 -0.000000 2.033309
 70 3.177727 0.000000 0.000000 0.000000 0.000000 3.141593
 71 15.708951 0.000002 -0.000000 0.013957 0.013894 -0.093781
 72 0.275148 0.189215 -3.445208 3.130898 0.000409 -1.514604
 73 17.210192 -0.000001 0.000002 -0.000000 0.000000 -2.319003
 74 0.000000 -0.000001 -5.000000 -0.079433 1.546568 -1.570857
 75 0.000007 -0.000004 -3.619079 0.260448 -2.945758 -1.468642
 76 16.573919 -0.000000 0.000001 0.000000 0.000000 -1.562392
 77 15.128181 0.000000 0.000001 0.265624 -0.173430 0.666428
 78 5.758665 4.244731 0.000000 -0.000000 0.000000 1.483530
 79 4.003934 -0.000000 0.000000 0.000000 0.000000 0.000000
 80 15.708953 0.000000 0.000000 0.195074 -0.100553 0.460486
 81 0.273998 0.191090 3.439762 -3.130907 -0.000437 -1.508107
 82 17.210196 0.000000 0.000001 -0.000000 0.000000 -2.116793
 83 0.000000 -0.000001 5.000000 -0.079311 1.595025 -1.570737
time 28
  0 0.500000 13.522099 26.931471 -0.243067 0.535714 -2.432935
  1 13.773751 5.584523 -22.520975 -0.544290 0.221328 2.303921
  2 -2.276934 0.000003 -1.238185 -1.570795 -1.570451 0.000000
  3 1.796343 0.711980 0.000735 -0.232645 -0.228329 -0.199991
  4 4.120618 -0.002573 0.000290 -0.089435 0.096545 0.655445
  5 4.118036 -0.003183 0.000537 -0.174379 0.352972 -0.236062
  6 4.120290 -0.002582 0.001123 -0.380843 0.394570 0.425447
  7 4.117819 -0.003305 -0.000994 0.312012 0.415619 -0.103969
  8 4.443599 -0.000000 -0.000000 0.175730 -0.128324 -0.253168
  9 9.024062 -0.000001 0.000000 0.000000 0.000000 0.000000
 10 -0.699594 0.490151 1.508673 1.101232 -1.241872 2.188656
 11 6.384776 -0.000001 0.000000 -1.313554 -0.403612 -1.725449
 12 10.242682 0.000005 0.000000 0.000000 0.000000 -1.051801
 13 11.375564 -0.000001 0.000001 -3.090261 0.112102 0.081610
 14 0.728682 0.023432 -1.008291 0.970453 0.715829 -0.001481
 15 2.136497 -0.000000 -0.000001 0.000000 -0.000000 -0.078540
 16 2.313138 0.000000 0.000001 0.000000 0.000000 0.000000
 17 3.115508 -0.886041 -0.021431 -0.588789 -0.012820 0.230434
 18 2.011152 0.000003 0.000001 -0.000000 0.000000 1.262653
 19 2.141377 0.000001 -0.000000 0.000000 0.000000 0.000000
 20 1.734172 0.000002 0.000001 -0.000000 0.000000 0.630535
 21 0.000007 -4.440592 0.000001 1.570544 -0.062990 -0.195737
 22 6.000001 0.000001 -0.000000 -2.773279 0.000000 -0.000000
 23 -0.000001 -4.440602 0.000000 1.569944 -0.062987 0.004053
 24 11.375564 -0.000001 0.000003 -2.329807 0.042250 0.075073
 25 -0.000001 -4.440604 -0.000001 1.570144 -0.062988 0.004040
 26 10.510131 0.000004 0.000001 -0.000000 0.000000 -2.096697
 27 0.000000 -1.748402 4.999999 0.000000 0.004007 1.602291
 28 5.499999 0.000001 0.000000 0.429776 -0.000000 0.000000
 29 -0.000001 -1.940599 5.000001 -0.044472 0.004003 -0.000180
 30 6.551491 -0.000003 -0.000001 -1.008428 -0.138392 -1.509925
 31 -0.000001 -1.940599 5.000000 -0.027189 -0.053376 0.005295
 32 6.551491 -0.000003 -0.000001 -0.303044 0.115716 -0.435353
 33 -0.000000 -1.940599 4.999994 -0.066572 -0.152786 -0.110311
 34 0.699596 -0.483074 -1.508673 2.020540 0.814922 -1.044976
 35 6.384777 0.000001 -0.000002 0.579677 0.064339 -1.067681
 36 10.242681 -0.000001 0.000003 -0.000000 -0.000000 -2.260766
 37 11.375560 0.000001 -0.000001 2.482364 0.398337 0.569498
 38 0.728680 0.023430 1.008293 -1.579583 -0.319038 0.212973
 39 2.136495 0.000001 0.000002 0.000000 0.000000 1.282817
 40 2.313139 0.000000 -0.000001 0.000000 0.000000 3.141593
 41 3.115507 -0.886042 0.021432 0.420765 0.316066 0.167178
 42 2.011151 -0.000000 -0.000002 -0.000000 0.000000 2.082010
 43 2.141380 0.000000 -0.000002 0.000000 0.000000 3.141593
 44 1.734172 -0.000002 -0.000001 -0.000000 0.000000 1.041748
 45 0.136315 -3.738192 2.525889 1.493698 2.759406 -1.474501
 46 14.562626 -1.166815 -0.284477 0.258917 0.054664 1.504024
 47 11.389365 -0.000819 0.158781 1.987983 0.266553 0.237475
 48 0.000001 -4.440600 0.000002 1.570144 -3.078602 0.004040
 49 5.999999 0.000001 0.000000 1.987982 -0.000000 0.000000
 50 0.000002 -4.440603 0.000002 1.569944 -3.078603 0.004053
 51 10.510132 -0.000001 0.000003 -0.000000 -0.000000 -2.701180
 52 -0.000002 -1.748400 -5.000001 -3.141593 0.004007 -1.539299
 53 5.500000 -0.000001 0.000003 -0.198509 0.000000 -0.000000
 54 -0.000000 0.000001 -5.000002 -0.044472 3.137589 -0.000177
 55 6.551491 0.000001 -0.000001 0.198509 -0.055386 -0.305733
 56 -1.266843 -1.937444 -4.950559 -0.066572 -2.988806 -0.110308
 57 6.551491 0.000001 -0.000001 0.198509 -0.055386 -0.305733
 58 0.699371 -1.944208 -5.006847 -0.027189 -3.088217 0.005298
 59 4.226145 -0.003199 0.000000 0.175164 0.237146 -0.082721
 60 0.000000 5.000001 0.000001 -0.153564 0.000087 2.718702
 61 0.000006 -0.000006 -3.713579 0.119535 -2.936655 -0.885276
 62 0.000001 0.000000 5.000000 3.053195 1.558589 -0.074929
 63 -0.000005 0.000005 3.713580 -0.311487 -2.845558 -0.582080
 64 0.000001 0.000000 -5.000000 -0.088726 1.558589 3.066335
 65 7.363603 1.646646 0.495663 -3.141593 -1.570796 0.000000
 66 -0.000005 0.000005 3.619082 -0.441735 -2.434423 -1.159240
 67 16.573917 -0.000000 0.000001 -0.000000 -0.000000 -2.011748
 68 15.128181 0.000000 -0.000000 0.026832 0.026147 -0.175154
 69 5.758666 4.244731 0.000000 0.000000 -0.000000 2.033309
 70 3.177727 0.000000 0.000000 0.000000 0.000000 3.141593
 71 15.708951 0.000002 -0.000000 0.013957 0.013894 -0.093781
 72 0.275148 0.189215 -3.445208 3.130898 0.000409 -1.514604
 73 17.210192 -0.000001 0.000002 -0.000000 0.000000 -2.319003
 74 0.000000 -0.000001 -5.000000 -0.079433 1.546568 -1.570857
 75 0.000007 -0.000004 -3.619079 0.260448 -2.945758 -1.468642
 76 16.573919 -0.000000 0.000001 0.000000 0.000000 -1.562392
 77 15.128181 0.000000 0.000001 0.265624 -0.173430 0.666428
 78 5.758665 4.244731 0.000000 -0.000000 0.000000 1.483530
 79 4.003934 -0.000000 0.000000 0.000000 0.000000 0.000000
 80 15.708953 0.000000 0.000000 0.195074 -0.100553 0.460486
 81 0.273998 0.191090 3.439762 -3.130907 -0.000437 -1.508107
 82 17.210196 0.000000 0.000001 -0.000000 0.000000 -2.116793
 83 0.000000 -0.000001 5.000000 -0.079311 1.595025 -1.570737
time 29
  0 0.500000 13.522099 26.931471 -0.243067 0.535714 -2.432935
  1 13.773751 5.584523 -22.520975 -0.544290 0.221328 2.303921
  2 -2.276934 0.000003 -1.238185 -1.570795 -1.570451 0.000000
  3 1.796343 0.711977 0.000723 -0.228651 -0.220646 -0.202577
  4 4.120618 -0.002575 0.000282 -0.086559 0.092210 0.655929
  5 4.118039 -0.003187 0.000524 -0.170437 0.350278 -0.234074
  6 4.120289 -0.002585 0.001114 -0.376972 0.391091 0.427690
  7 4.117726 -0.003281 -0.000986 0.311068 0.423029 -0.129189
  8 4.443601 -0.000001 0.000000 0.183156 -0.120790 -0.257676
  9 9.024062 0.000000 0.000001 0.000000 0.000000 0.000000
 10 -0.711318 0.487127 1.504155 1.172603 -1.230634 2.136209
 11 6.384776 0.000001 0.000003 -1.311288 -0.414438 -1.697055
 12 10.242682 0.000001 -0.000000 0.000000 0.000000 -1.050921
 13 11.375561 -0.000001 0.000001 -3.082944 0.090140 0.103365
 14 0.728680 0.023432 -1.008293 0.919101 0.714530 -0.023872
 15 2.136499 0.000002 -0.000001 -0.000000 0.000000 -0.078540
 16 2.313139 -0.000003 0.000001 0.000000 0.000000 0.000000
 17 3.115506 -0.886041 -0.021433 -0.600156 -0.006224 0.211247
 18 2.011151 0.000001 0.000001 0.000000 0.000000 1.240362
 19 2.141379 0.000002 -0.000000 0.000000 0.000000 0.000000
 20 1.734170 -0.000000 -0.000000 -0.000000 -0.000000 0.619369
 21 0.000005 -4.440594 0.000000 1.570544 -0.062990 -0.195737
 22 5.999997 0.000000 -0.000000 -2.767406 0.000000 0.000000
 23 0.000001 -4.440601 0.000001 1.569944 -0.062987 0.004053
 24 11.375561 -0.000001 0.000004 -2.326784 0.024531 0.082129
 25 -0.000001 -4.440604 0.000002 1.570144 -0.062988 0.004040
 26 10.510131 -0.000000 -0.000000 0.000000 0.000000 -2.096257
 27 -0.000001 -1.748400 4.999998 -0.000000 0.004007 1.602291
 28 5.500000 -0.000001 0.000000 0.436743 0.000000 -0.000000
 29 -0.000002 -1.940599 5.000000 -0.044472 0.004003 -0.000180
 30 6.551491 -0.000001 0.000000 -0.994877 -0.159735 -1.455624
 31 -0.000000 -1.940598 5.000000 -0.027189 -0.053376 0.005295
 32 6.551491 -0.000001 0.000000 -0.312188 0.103993 -0.436224
 33 0.000000 -1.940598 4.999994 -0.066572 -0.152786 -0.110311
 34 0.711329 -0.480053 -1.504154 2.006558 0.783634 -1.038194
 35 6.384776 0.000001 0.000000 0.608960 0.051481 -1.067105
 36 10.242683 0.000000 0.000003 0.000000 0.000000 -2.273803
 37 11.375563 -0.000001 -0.000004 2.479630 0.362430 0.562478
 38 0.728680 0.023432 1.008290 -1.579583 -0.319038 0.212973
 39 2.136496 -0.000002 -0.000002 0.000000 -0.000000 1.282817
 40 2.313140 -0.000001 -0.000001 0.000000 0.000000 3.141593
 41 3.115506 -0.886040 0.021432 0.420765 0.316066 0.167178
 42 2.011151 0.000001 -0.000004 -0.000000 0.000000 2.082010
 43 2.141380 0.000000 0.000001 0.000000 0.000000 3.141593
 44 1.734173 -0.000000 -0.000001 0.000000 0.000000 1.041748
 45 0.136315 -3.738192 2.525891 1.493698 2.759406 -1.474501
 46 14.562627 -1.166811 -0.284477 0.258917 0.054664 1.504024
 47 11.389368 -0.000819 0.158780 1.991491 0.248852 0.241204
 48 -0.000000 -4.440599 -0.000000 1.570144 -3.078602 0.004040
 49 6.000001 0.000001 0.000001 1.991491 -0.000000 -0.000000
 50 0.000001 -4.440604 0.000002 1.569944 -3.078603 0.004053
 51 10.510132 0.000000 0.000001 0.000000 -0.000000 -2.707698
 52 -0.000000 -1.748400 -5.000000 -3.141593 0.004007 -1.539299
 53 5.500000 0.000000 0.000002 -0.205058 -0.000000 -0.000000
 54 0.000001 0.000001 -5.000000 -0.044472 3.137589 -0.000177
 55 6.551491 0.000002 -0.000001 0.205059 -0.060626 -0.305312
 56 -1.266843 -1.937443 -4.950560 -0.066572 -2.988806 -0.110308
 57 6.551492 0.000002 -0.000001 0.205059 -0.060626 -0.305312
 58 0.699370 -1.944208 -5.006846 -0.027189 -3.088217 0.005298
 59 4.226145 -0.003200 0.000000 0.175598 0.240207 -0.097823
 60 0.000001 5.000000 0.000001 -0.153564 0.000087 2.718702
 61 0.000006 -0.000006 -3.713579 0.119535 -2.936655 -0.885276
 62 0.000001 0.000000 5.000000 3.053195 1.558589 -0.074929
 63 -0.000005 0.000005 3.713580 -0.311487 -2.845558 -0.582080
 64 0.000001 0.000000 -5.000000 -0.088726 1.558589 3.066335
 65 7.363603 1.646646 0.495663 -3.141593 -1.570796 0.000000
 66 -0.000005 0.000005 3.619082 -0.441735 -2.434423 -1.159240
 67 16.573917 -0.000000 0.000001 -0.000000 -0.000000 -2.011748
 68 15.128181 0.000000 -0.000000 0.026832 0.026147 -0.175154
 69 5.758666 4.244731 0.000000 0.000000 -0.000000 2.033309
 70 3.177727 0.000000 0.000000 0.000000 0.000000 3.141593
 71 15.708951 0.000002 -0.000000 0.013957 0.013894 -0.093781
 72 0.275148 0.189215 -3.445208 3.130898 0.000409 -1.514604
 73 17.210192 -0.000001 0.000002 -0.000000 0.000000 -2.319003
 74 0.000000 -0.000001 -5.000000 -0.079433 1.546568 -1.570857
 75 0.000007 -0.000004 -3.619079 0.260448 -2.945758 -1.468642
 76 16.573919 -0.000000 0.000001 0.000000 0.000000 -1.562392
 77 15.128181 0.000000 0.000001 0.265624 -0.173430 0.666428
 78 5.758665 4.244731 0.000000 -0.000000 0.000000 1.483530
 79 4.003934 -0.000000 0.000000 0.000000 0.000000 0.000000
 80 15.708953 0.000000 0.000000 0.195074 -0.100553 0.460486
 81 0.273998 0.191090 3.439762 -3.130907 -0.000437 -1.508107
 82 17.210196 0.000000 0.000001 -0.000000 0.000000 -2.116793
 83 0.000000 -0.000001 5.000000 -0.079311 1.595025 -1.570737
time 30
  0 0.500000 13.522099 26.931471 -0.243067 0.535714 -2.432935
  1 13.773751 5.584523 -22.520975 -0.544290 0.221328 2.303921
  2 -2.276934 0.000003 -1.238185 -1.570795 -1.570451 0.000000
  3 1.796342 0.711975 0.000714 -0.225077 -0.213719 -0.204876
  4 4.120616 -0.002575 0.000275 -0.083972 0.088305 0.656354
  5 4.118040 -0.003190 0.000514 -0.166895 0.347846 -0.232296
  6 4.120290 -0.002590 0.001106 -0.373498 0.387951 0.429695
  7 4.117644 -0.003260 -0.000980 0.309975 0.430068 -0.153307
  8 4.443597 0.000000 -0.000001 0.188459 -0.114610 -0.259991
  9 9.024059 0.000000 -0.000000 0.000000 0.000000 0.000000
 10 -0.722429 0.483945 1.499877 1.232360 -1.220498 2.095121
 11 6.384777 -0.000002 -0.000000 -1.311557 -0.430406 -1.675396
 12 10.242681 -0.000000 -0.000000 -0.000000 -0.000000 -1.043876
 13 11.375563 0.000001 0.000001 -3.068894 0.074294 0.123524
 14 0.728681 0.023431 -1.008292 0.867878 0.712365 -0.046112
 15 2.136497 -0.000001 -0.000001 0.000000 0.000000 -0.078540
 16 2.313141 0.000001 0.000000 0.000000 0.000000 0.000000
 17 3.115505 -0.886042 -0.021431 -0.611647 0.000152 0.191986
 18 2.011151 -0.000001 -0.000000 -0.000000 0.000000 1.218072
 19 2.141383 -0.000002 -0.000000 0.000000 0.000000 0.000000
 20 1.734175 0.000001 -0.000000 -0.000000 0.000000 0.608208
 21 0.000006 -4.440593 -0.000001 1.570544 -0.062990 -0.195737
 22 6.000003 -0.000000 0.000001 -2.755438 -0.000000 0.000000
 23 0.000001 -4.440600 0.000000 1.569944 -0.062987 0.004053
 24 11.375563 0.000001 0.000004 -2.320097 0.010896 0.089618
 25 -0.000002 -4.440604 0.000001 1.570144 -0.062988 0.004040
 26 10.510129 -0.000000 -0.000000 -0.000000 -0.000000 -2.092734
 27 -0.000000 -1.748401 4.999998 -0.000000 0.004007 1.602291
 28 5.500000 0.000001 -0.000000 0.443371 -0.000000 -0.000000
 29 -0.000002 -1.940599 5.000000 -0.044472 0.004003 -0.000180
 30 6.551492 -0.000002 -0.000001 -0.989696 -0.182930 -1.413599
 31 -0.000002 -1.940600 5.000002 -0.027189 -0.053376 0.005295
 32 6.551492 -0.000002 -0.000001 -0.319861 0.093291 -0.434682
 33 -0.000001 -1.940599 4.999995 -0.066572 -0.152786 -0.110311
 34 0.722426 -0.476867 -1.499877 1.993826 0.752666 -1.031256
 35 6.384778 0.000001 -0.000001 0.637396 0.040706 -1.070663
 36 10.242682 0.000000 -0.000001 -0.000000 0.000000 -2.284010
 37 11.375559 -0.000000 -0.000002 2.477793 0.332205 0.556755
 38 0.728682 0.023431 1.008294 -1.579583 -0.319038 0.212973
 39 2.136496 0.000003 0.000002 0.000000 0.000000 1.282817
 40 2.313138 -0.000001 0.000001 0.000000 0.000000 3.141593
 41 3.115507 -0.886040 0.021431 0.420765 0.316066 0.167178
 42 2.011150 0.000000 -0.000000 -0.000000 0.000000 2.082010
 43 2.141379 0.000000 -0.000000 0.000000 0.000000 3.141593
 44 1.734173 -0.000001 0.000001 0.000000 0.000000 1.041748
 45 0.136314 -3.738192 2.525890 1.493698 2.759406 -1.474501
 46 14.562626 -1.166813 -0.284477 0.258917 0.054664 1.504024
 47 11.389365 -0.000820 0.158779 1.994437 0.233869 0.244226
 48 0.000000 -4.440599 -0.000001 1.570144 -3.078602 0.004040
 49 5.999999 -0.000000 -0.000001 1.994438 0.000000 -0.000000
 50 0.000002 -4.440598 0.000000 1.569944 -3.078603 0.004053
 51 10.510132 0.000001 -0.000001 0.000000 0.000000 -2.712801
 52 -0.000001 -1.748400 -4.999999 -3.141593 0.004007 -1.539299
 53 5.499999 0.000001 -0.000003 -0.211611 -0.000000 -0.000000
 54 -0.000001 -0.000001 -5.000001 -0.044472 3.137589 -0.000177
 55 6.551491 0.000000 0.000000 0.211611 -0.065376 -0.305572
 56 -1.266844 -1.937444 -4.950559 -0.066572 -2.988806 -0.110308
 57 6.551491 0.000000 0.000001 0.211611 -0.065376 -0.305572
 58 0.699371 -1.944208 -5.006846 -0.027189 -3.088217 0.005298
 59 4.226145 -0.003199 0.000001 0.175955 0.243065 -0.112078
 60 -0.000000 5.000000 -0.000000 -0.153564 0.000087 2.718701
 61 0.000006 -0.000006 -3.713579 0.119535 -2.936655 -0.885276
 62 0.000001 0.000000 5.000000 3.053195 1.558589 -0.074929
 63 -0.000005 0.000005 3.713580 -0.311487 -2.845558 -0.582080
 64 0.000001 0.000000 -5.000000 -0.088726 1.558589 3.066335
 65 7.363603 1.646646 0.495663 -3.141593 -1.570796 0.000000
 66 -0.000005 0.000005 3.619082 -0.441735 -2.434423 -1.159240
 67 16.573917 -0.000000 0.000001 -0.000000 -0.000000 -2.011748
 68 15.128181 0.000000 -0.000000 0.026832 0.026147 -0.175154
 69 5.758666 4.244731 0.000000 0.000000 -0.000000 2.033309
 70 3.177727 0.000000 0.000000 0.000000 0.000000 3.141593
 71 15.708951 0.000002 -0.000000 0.013957 0.013894 -0.093781
 72 0.275148 0.189215 -3.445208 3.130898 0.000409 -1.514604
 73 17.210192 -0.000001 0.000002 -0.000000 0.000000 -2.319003
 74 0.000000 -0.000001 -5.000000 -0.079433 1.546568 -1.570857
 75 0.000007 -0.000004 -3.619079 0.260448 -2.945758 -1.468642
 76 16.573919 -0.000000 0.000001 0.000000 0.000000 -1.562392
 77 15.128181 0.000000 0.000001 0.265624 -0.173430 0.666428
 78 5.758665 4.244731 0.000000 -0.000000 0.000000 1.483530
 79 4.003934 -0.000000 0.000000 0.000000 0.000000 0.000000
 80 15.708953 0.000000 0.000000 0.195074 -0.100553 0.460486
 81 0.273998 0.191090 3.439762 -3.130907 -0.000437 -1.508107
 82 17.210196 0.000000 0.000001 -0.000000 0.000000 -2.116793
 83 0.000000 -0.000001 5.000000 -0.079311 1.595025 -1.570737
end
