version 1
nodes
  0 "Bip01"  -1
  1 "Bip01 Footsteps"   0
  2 "Bip01 Pelvis"   0
  3 "Bip01 Spine"   2
  4 "Bip01 Spine1"   3
  5 "Bip01 Spine2"   4
  6 "Bip01 Spine3"   5
  7 "Bip01 Neck"   6
  8 "Bip01 Head"   7
  9 "Dummy21"   8
 10 "Bip01 L Clavicle"   7
 11 "Bip01 L UpperArm"  10
 12 "Bip01 L Forearm"  11
 13 "Bip01 L Hand"  12
 14 "Bip01 L Finger0"  13
 15 "Bip01 L Finger01"  14
 16 "Dummy06"  15
 17 "Bip01 L Finger1"  13
 18 "Bip01 L Finger11"  17
 19 "Dummy03"  18
 20 "-- L knuckle"  17
 21 "-- L knuckle_end"  20
 22 "-- L Forearm twist"  12
 23 "-- L Forearm twist_end"  22
 24 "-- L wrist"  12
 25 "-- L wrist_end"  24
 26 "-- L Elbow"  11
 27 "--L Elbow_end"  26
 28 "-- L bicep twist"  11
 29 "-- L bicep twist_end"  28
 30 "-- L shoulder outside"  10
 31 "-- L shoulder outside_end"  30
 32 "-- L Shoulder inside"  10
 33 "-- L Shoulder inside_end"  32
 34 "Bip01 R Clavicle"   7
 35 "Bip01 R UpperArm"  34
 36 "Bip01 R Forearm"  35
 37 "Bip01 R Hand"  36
 38 "Bip01 R Finger0"  37
 39 "Bip01 R Finger01"  38
 40 "Dummy01"  39
 41 "Bip01 R Finger1"  37
 42 "Bip01 R Finger11"  41
 43 "Dummy02"  42
 44 "-- R knuckle"  41
 45 "Point06"  44
 46 "skin01"  37
 47 "-- R wrist"  36
 48 "-- R wrist_end"  47
 49 "-- R forearm twist"  36
 50 "-- R forearm twist_end"  49
 51 "-- R Elbow"  35
 52 "--R Elbow_end"  51
 53 "-- R bicep twist"  35
 54 "-- R bicep twist_end"  53
 55 "-- R Shoulder inside"  34
 56 "-- R Shoulder inside_end"  55
 57 "-- R shoulder outside"  34
 58 "-- R shoulder outside_end"  57
 59 "-- Neck smooth"   6
 60 "-- neck smooth end"  59
 61 "-- R Butt"   2
 62 "--R Butt_end"  61
 63 "-- L butt"   2
 64 "--L butt_end"  63
 65 "GIGN01"   2
 66 "Bip01 L Thigh"   2
 67 "Bip01 L Calf"  66
 68 "Bip01 L Foot"  67
 69 "Bip01 L Toe0"  68
 70 "Dummy16"  69
 71 "-- L ankle"  67
 72 "-- L ankleend"  71
 73 "-- L Knee"  66
 74 "--L Knee_end"  73
 75 "Bip01 R Thigh"   2
 76 "Bip01 R Calf"  75
 77 "Bip01 R Foot"  76
 78 "Bip01 R Toe0"  77
 79 "Dummy11"  78
 80 "-- R Ankle"  76
 81 "-- R ankleend"  80
 82 "-- R Knee"  75
 83 "--R Knee_end"  82
end
skeleton
time 0
  0 0.500000 13.522099 26.931471 -0.243067 0.535714 -2.432935
  1 13.773750 5.584524 -22.520975 -0.544290 0.221328 2.303921
  2 -2.276936 0.000004 -1.238185 -1.570795 -1.570451 0.000000
  3 1.796495 0.712022 0.001011 -0.313987 -0.037793 -0.197769
  4 4.119554 -0.002978 0.000991 -0.307483 0.048528 0.294192
  5 4.119660 -0.003103 -0.000131 0.040347 0.085352 0.331485
  6 4.119604 -0.003052 0.000660 -0.202270 0.065417 0.303715
  7 4.118866 -0.003499 0.000453 -0.154489 0.588418 -0.010805
  8 4.443601 -0.000001 -0.000001 0.349018 -0.250940 0.176779
  9 9.024061 0.000001 0.000001 0.000000 0.000000 0.000000
 10 -0.961735 -0.218248 1.424145 -0.015727 -0.823302 3.069629
 11 6.384775 -0.000000 0.000002 -0.347903 -0.410526 -1.154117
 12 10.242682 0.000001 0.000001 -0.000000 -0.000000 -1.111142
 13 11.375560 0.000001 0.000001 2.153049 0.649536 -0.045397
 14 0.728681 0.023433 -1.008292 1.100073 0.611404 0.551668
 15 2.136495 0.000001 -0.000001 0.000000 0.000000 -0.078540
 16 2.313139 -0.000001 -0.000000 0.000000 0.000000 0.000000
 17 3.115506 -0.886040 -0.021431 -0.454479 0.000392 0.514872
 18 2.011150 0.000001 0.000001 0.000000 0.000000 1.322792
 19 2.141379 0.000001 -0.000001 0.000000 0.000000 0.000000
 20 1.734172 0.000001 -0.000001 0.000000 -0.000000 0.660693
 21 0.000004 -4.440593 0.000000 1.570544 -0.062990 -0.195737
 22 5.999999 -0.000000 0.000001 2.450471 -0.000000 0.000000
 23 0.000002 -4.440601 -0.000001 1.569944 -0.062987 0.004053
 24 11.375561 -0.000001 0.000005 -2.722984 0.343792 0.337528
 25 0.000001 -4.440603 -0.000000 1.570144 -0.062988 0.004040
 26 10.510131 0.000001 0.000000 -0.000000 0.000000 -2.126367
 27 0.000000 -1.748401 4.999999 -0.000000 0.004007 1.602290
 28 5.500000 0.000001 0.000000 0.209530 0.000000 -0.000000
 29 -0.000001 -1.940598 5.000000 -0.044472 0.004003 -0.000180
 30 6.551491 -0.000001 0.000001 -0.346024 -0.184441 -0.673909
 31 -0.000000 -1.940598 5.000001 -0.027189 -0.053376 0.005295
 32 6.551491 -0.000001 0.000001 -0.176102 -0.057453 -0.321257
 33 -0.000001 -1.940598 4.999997 -0.066572 -0.152786 -0.110311
 34 0.961744 0.225323 -1.424146 2.060723 1.163064 -1.383544
 35 6.384775 -0.000001 0.000001 0.082865 -0.402059 -1.255328
 36 10.242682 0.000001 0.000001 -0.000000 -0.000000 -2.277634
 37 11.375561 0.000002 0.000002 2.673840 0.229464 0.697008
 38 0.728681 0.023431 1.008294 -1.579583 -0.319038 0.212973
 39 2.136496 -0.000001 0.000001 0.000000 0.000000 1.282817
 40 2.313139 -0.000001 0.000000 0.000000 0.000000 3.141593
 41 3.115507 -0.886041 0.021433 0.420765 0.316066 0.167178
 42 2.011153 -0.000001 -0.000002 0.000000 -0.000000 2.082010
 43 2.141380 0.000000 -0.000001 0.000000 0.000000 3.141593
 44 1.734173 -0.000001 0.000000 -0.000000 0.000000 1.041748
 45 0.136315 -3.738191 2.525893 1.493698 2.759406 -1.474501
 46 14.562628 -1.166813 -0.284474 0.258917 0.054664 1.504024
 47 11.389366 -0.000820 0.158782 2.096503 0.214133 0.317940
 48 0.000000 -4.440599 -0.000000 1.570144 -3.078602 0.004040
 49 6.000000 -0.000001 0.000001 2.096503 0.000000 0.000000
 50 0.000000 -4.440603 -0.000000 1.569944 -3.078603 0.004053
 51 10.510131 -0.000000 0.000003 -0.000000 -0.000000 -2.709614
 52 0.000001 -1.748400 -5.000000 3.141593 0.004007 -1.539299
 53 5.499999 0.000002 0.000000 0.024501 -0.000000 -0.000000
 54 0.000001 -0.000001 -4.999999 -0.044472 3.137590 -0.000177
 55 6.551490 0.000001 -0.000001 -0.024501 -0.145046 -0.324239
 56 -1.266842 -1.937443 -4.950562 -0.066572 -2.988806 -0.110308
 57 6.551490 0.000001 -0.000001 -0.024501 -0.145046 -0.324239
 58 0.699370 -1.944208 -5.006846 -0.027189 -3.088217 0.005298
 59 4.226146 -0.003202 -0.000001 -0.083187 0.332364 0.008491
 60 0.000002 5.000000 0.000000 -0.153564 0.000087 2.718702
 61 0.000006 -0.000006 -3.713579 0.119535 -2.936655 -0.885276
 62 0.000001 0.000000 5.000000 3.053195 1.558589 -0.074929
 63 -0.000005 0.000005 3.713580 -0.311487 -2.845558 -0.582080
 64 0.000000 -0.000000 -5.000000 -0.088722 1.558589 3.066339
 65 7.363603 1.646646 0.495663 -3.141593 -1.570796 0.000000
 66 -0.000005 0.000005 3.619082 -0.441735 -2.434423 -1.159241
 67 16.573919 -0.000001 0.000002 -0.000000 -0.000000 -2.011748
 68 15.128180 0.000001 0.000001 0.026832 0.026147 -0.175154
 69 5.758666 4.244731 0.000000 0.000000 -0.000000 2.033309
 70 3.177727 -0.000000 0.000000 0.000000 0.000000 3.141593
 71 15.708950 0.000002 0.000001 0.013957 0.013894 -0.093781
 72 0.275147 0.189214 -3.445208 3.130898 0.000409 -1.514604
 73 17.210194 -0.000002 0.000003 0.000000 0.000000 -2.319003
 74 0.000000 -0.000001 -4.999999 -0.079433 1.546568 -1.570859
 75 0.000007 -0.000004 -3.619079 0.260448 -2.945758 -1.468642
 76 16.573919 -0.000000 0.000001 0.000000 0.000000 -1.562392
 77 15.128181 0.000000 0.000001 0.265624 -0.173430 0.666428
 78 5.758665 4.244731 0.000000 -0.000000 0.000000 1.483530
 79 4.003934 -0.000000 0.000000 0.000000 0.000000 0.000000
 80 15.708953 0.000000 0.000000 0.195074 -0.100553 0.460486
 81 0.273998 0.191090 3.439762 -3.130907 -0.000437 -1.508107
 82 17.210196 0.000000 0.000001 -0.000000 0.000000 -2.116793
 83 0.000000 -0.000001 5.000000 -0.079311 1.595025 -1.570737
time 1
  0 0.500000 13.522099 26.931471 -0.243067 0.535714 -2.432935
  1 13.773750 5.584524 -22.520975 -0.544290 0.221328 2.303921
  2 -2.276936 0.000004 -1.238185 -1.570795 -1.570451 0.000000
  3 1.796503 0.712021 0.001011 -0.314219 -0.034533 -0.196263
  4 4.119563 -0.002975 0.000990 -0.307276 0.051770 0.295742
  5 4.119668 -0.003100 -0.000133 0.040774 0.087868 0.334054
  6 4.119610 -0.003052 0.000649 -0.199838 0.068445 0.305515
  7 4.118927 -0.003500 0.000417 -0.142852 0.591498 0.011875
  8 4.443599 0.000001 -0.000000 0.361039 -0.280364 0.121670
  9 9.024060 -0.000002 0.000000 0.000000 0.000000 0.000000
 10 -0.966175 -0.201237 1.423691 -0.017195 -0.823127 3.051611
 11 6.384777 -0.000000 -0.000000 -0.385381 -0.371413 -1.044208
 12 10.242682 -0.000001 -0.000001 -0.000000 -0.000000 -1.192098
 13 11.375561 -0.000000 0.000002 2.144450 0.564686 -0.031636
 14 0.728681 0.023430 -1.008292 1.100073 0.611404 0.551668
 15 2.136496 0.000001 -0.000001 0.000000 0.000000 -0.078540
 16 2.313139 0.000000 0.000000 0.000000 0.000000 0.000000
 17 3.115506 -0.886043 -0.021432 -0.454479 0.000392 0.514872
 18 2.011151 0.000001 0.000001 -0.000000 0.000000 1.322792
 19 2.141379 -0.000000 -0.000001 0.000000 0.000000 0.000000
 20 1.734173 0.000001 0.000001 -0.000000 0.000000 0.660693
 21 0.000004 -4.440594 0.000000 1.570544 -0.062990 -0.195737
 22 6.000000 -0.000001 0.000000 2.426412 -0.000000 0.000000
 23 0.000003 -4.440600 -0.000001 1.569944 -0.062987 0.004053
 24 11.375562 0.000001 0.000003 -2.753004 0.303435 0.311213
 25 0.000000 -4.440604 -0.000001 1.570144 -0.062988 0.004040
 26 10.510131 -0.000001 -0.000001 0.000000 0.000000 -2.166845
 27 -0.000000 -1.748400 4.999998 -0.000000 0.004007 1.602290
 28 5.500000 -0.000001 -0.000000 0.203994 -0.000000 -0.000000
 29 -0.000002 -1.940599 5.000000 -0.044472 0.004003 -0.000180
 30 6.551492 -0.000000 -0.000001 -0.338462 -0.159468 -0.624641
 31 0.000001 -1.940599 5.000001 -0.027189 -0.053376 0.005295
 32 6.551492 -0.000000 -0.000001 -0.171647 -0.049233 -0.300889
 33 -0.000002 -1.940598 4.999996 -0.066572 -0.152786 -0.110311
 34 0.966175 0.208315 -1.423690 2.011063 1.196513 -1.445482
 35 6.384775 -0.000001 -0.000000 0.015672 -0.291902 -1.242446
 36 10.242681 -0.000002 0.000001 0.000000 -0.000000 -2.237214
 37 11.375561 0.000001 0.000001 2.698877 0.227139 0.639558
 38 0.728680 0.023431 1.008292 -1.579583 -0.319038 0.212973
 39 2.136497 0.000001 0.000000 0.000000 0.000000 1.282817
 40 2.313140 0.000001 0.000000 0.000000 0.000000 3.141593
 41 3.115506 -0.886041 0.021429 0.420766 0.316066 0.167178
 42 2.011153 -0.000001 -0.000002 -0.000000 -0.000000 2.082010
 43 2.141381 0.000002 0.000003 0.000000 0.000000 3.141593
 44 1.734171 -0.000001 0.000001 -0.000000 -0.000000 1.041748
 45 0.136315 -3.738192 2.525889 1.493698 2.759406 -1.474501
 46 14.562627 -1.166815 -0.284480 0.258917 0.054664 1.504024
 47 11.389366 -0.000818 0.158783 2.111761 0.210169 0.291234
 48 -0.000000 -4.440600 0.000000 1.570144 -3.078602 0.004040
 49 5.999999 0.000001 0.000001 2.111761 -0.000000 0.000000
 50 0.000002 -4.440602 0.000000 1.569944 -3.078603 0.004053
 51 10.510132 -0.000002 0.000002 0.000000 -0.000000 -2.689403
 52 0.000002 -1.748402 -5.000000 -3.141593 0.004007 -1.539299
 53 5.500000 -0.000001 0.000001 0.032771 0.000000 0.000000
 54 0.000001 0.000000 -4.999999 -0.044472 3.137589 -0.000177
 55 6.551491 0.000000 -0.000003 -0.032771 -0.097196 -0.326458
 56 -1.266843 -1.937444 -4.950560 -0.066572 -2.988806 -0.110308
 57 6.551491 0.000000 -0.000003 -0.032771 -0.097196 -0.326458
 58 0.699369 -1.944208 -5.006847 -0.027189 -3.088217 0.005298
 59 4.226145 -0.003201 -0.000000 -0.078557 0.333671 0.020817
 60 0.000000 5.000000 -0.000001 -0.153564 0.000087 2.718702
 61 0.000006 -0.000006 -3.713579 0.119535 -2.936655 -0.885276
 62 0.000001 0.000000 5.000000 3.053195 1.558589 -0.074929
 63 -0.000005 0.000005 3.713580 -0.311487 -2.845558 -0.582080
 64 0.000000 -0.000000 -5.000000 -0.088722 1.558589 3.066339
 65 7.363603 1.646646 0.495663 -3.141593 -1.570796 0.000000
 66 -0.000005 0.000005 3.619082 -0.441735 -2.434423 -1.159241
 67 16.573919 -0.000001 0.000002 -0.000000 -0.000000 -2.011748
 68 15.128180 0.000001 0.000001 0.026832 0.026147 -0.175154
 69 5.758666 4.244731 0.000000 0.000000 -0.000000 2.033309
 70 3.177727 -0.000000 0.000000 0.000000 0.000000 3.141593
 71 15.708950 0.000002 0.000001 0.013957 0.013894 -0.093781
 72 0.275147 0.189214 -3.445208 3.130898 0.000409 -1.514604
 73 17.210194 -0.000002 0.000003 0.000000 0.000000 -2.319003
 74 0.000000 -0.000001 -4.999999 -0.079433 1.546568 -1.570859
 75 0.000007 -0.000004 -3.619079 0.260448 -2.945758 -1.468642
 76 16.573919 -0.000000 0.000001 0.000000 0.000000 -1.562392
 77 15.128181 0.000000 0.000001 0.265624 -0.173430 0.666428
 78 5.758665 4.244731 0.000000 -0.000000 0.000000 1.483530
 79 4.003934 -0.000000 0.000000 0.000000 0.000000 0.000000
 80 15.708953 0.000000 0.000000 0.195074 -0.100553 0.460486
 81 0.273998 0.191090 3.439762 -3.130907 -0.000437 -1.508107
 82 17.210196 0.000000 0.000001 -0.000000 0.000000 -2.116793
 83 0.000000 -0.000001 5.000000 -0.079311 1.595025 -1.570737
time 2
  0 0.500000 13.522099 26.931471 -0.243067 0.535714 -2.432935
  1 13.773750 5.584524 -22.520975 -0.544290 0.221328 2.303921
  2 -2.276936 0.000004 -1.238185 -1.570795 -1.570451 0.000000
  3 1.796512 0.712019 0.001012 -0.314471 -0.030913 -0.194592
  4 4.119572 -0.002973 0.000989 -0.307040 0.055369 0.297465
  5 4.119674 -0.003097 -0.000134 0.041256 0.090661 0.336908
  6 4.119621 -0.003052 0.000640 -0.197131 0.071802 0.307523
  7 4.119068 -0.003489 0.000343 -0.117359 0.598145 0.066093
  8 4.443597 0.000002 0.000000 0.390171 -0.331935 0.017902
  9 9.024061 -0.000003 0.000000 0.000000 0.000000 0.000000
 10 -0.975711 -0.164127 1.422038 -0.024470 -0.822906 3.011558
 11 6.384778 -0.000000 -0.000000 -0.420480 -0.318010 -0.922952
 12 10.242682 -0.000001 0.000000 -0.000000 -0.000000 -1.285936
 13 11.375560 0.000001 0.000001 2.133599 0.463465 -0.018121
 14 0.728681 0.023430 -1.008292 1.100072 0.611404 0.551668
 15 2.136497 -0.000000 0.000001 0.000000 0.000000 -0.078540
 16 2.313139 -0.000000 -0.000001 0.000000 0.000000 0.000000
 17 3.115507 -0.886042 -0.021432 -0.454479 0.000392 0.514872
 18 2.011151 0.000000 -0.000000 -0.000000 0.000000 1.322792
 19 2.141381 0.000000 0.000000 0.000000 0.000000 0.000000
 20 1.734173 0.000001 -0.000000 0.000000 -0.000000 0.660693
 21 0.000006 -4.440593 0.000001 1.570544 -0.062990 -0.195737
 22 6.000000 0.000001 0.000001 2.400219 -0.000000 0.000000
 23 0.000002 -4.440600 -0.000001 1.569944 -0.062987 0.004053
 24 11.375560 0.000001 0.000004 -2.786505 0.253022 0.275920
 25 -0.000001 -4.440603 -0.000000 1.570144 -0.062988 0.004040
 26 10.510130 -0.000001 -0.000000 0.000000 -0.000000 -2.213764
 27 -0.000000 -1.748400 4.999998 -0.000000 0.004007 1.602290
 28 5.499999 -0.000000 -0.000000 0.198774 -0.000000 0.000000
 29 -0.000004 -1.940598 5.000000 -0.044472 0.004003 -0.000180
 30 6.551491 0.000002 0.000000 -0.331514 -0.133328 -0.580901
 31 -0.000000 -1.940599 5.000000 -0.027189 -0.053376 0.005295
 32 6.551491 0.000002 0.000000 -0.167357 -0.039741 -0.282009
 33 0.000003 -1.940600 4.999995 -0.066572 -0.152786 -0.110311
 34 0.975713 0.171203 -1.422039 -1.230856 1.907588 1.552658
 35 6.384778 0.000002 -0.000003 -0.068951 -0.155927 -1.243536
 36 10.242682 -0.000000 0.000000 0.000000 0.000000 -2.198481
 37 11.375563 0.000001 0.000001 2.734147 0.226087 0.581374
 38 0.728681 0.023430 1.008292 -1.579583 -0.319038 0.212973
 39 2.136497 -0.000002 -0.000000 -0.000000 -0.000000 1.282817
 40 2.313141 -0.000000 -0.000000 0.000000 0.000000 3.141593
 41 3.115508 -0.886041 0.021431 0.420766 0.316066 0.167178
 42 2.011148 0.000000 -0.000000 -0.000000 0.000000 2.082010
 43 2.141379 -0.000000 -0.000000 0.000000 0.000000 3.141593
 44 1.734173 -0.000001 -0.000002 -0.000000 -0.000000 1.041748
 45 0.136315 -3.738193 2.525892 1.493698 2.759406 -1.474501
 46 14.562628 -1.166815 -0.284477 0.258917 0.054664 1.504024
 47 11.389367 -0.000819 0.158781 2.131715 0.207367 0.263239
 48 -0.000000 -4.440600 0.000001 1.570144 -3.078602 0.004040
 49 6.000001 0.000000 0.000001 2.131715 -0.000000 -0.000000
 50 0.000001 -4.440601 -0.000000 1.569944 -3.078603 0.004053
 51 10.510132 -0.000002 0.000003 0.000000 0.000000 -2.670037
 52 -0.000000 -1.748397 -4.999999 3.141593 0.004007 -1.539299
 53 5.500000 -0.000001 0.000001 0.047562 -0.000000 -0.000000
 54 -0.000001 -0.000001 -5.000002 -0.044472 3.137589 -0.000177
 55 6.551492 0.000001 -0.000002 -0.047562 -0.035221 -0.330901
 56 -1.266843 -1.937443 -4.950558 -0.066572 -2.988806 -0.110308
 57 6.551493 0.000000 -0.000002 -0.047562 -0.035221 -0.330901
 58 0.699370 -1.944209 -5.006848 -0.027189 -3.088217 0.005298
 59 4.226145 -0.003200 0.000001 -0.068857 0.336496 0.050280
 60 0.000000 5.000001 0.000001 -0.153564 0.000087 2.718702
 61 0.000006 -0.000006 -3.713579 0.119535 -2.936655 -0.885276
 62 0.000001 0.000000 5.000000 3.053195 1.558589 -0.074929
 63 -0.000005 0.000005 3.713580 -0.311487 -2.845558 -0.582080
 64 0.000000 -0.000000 -5.000000 -0.088722 1.558589 3.066339
 65 7.363603 1.646646 0.495663 -3.141593 -1.570796 0.000000
 66 -0.000005 0.000005 3.619082 -0.441735 -2.434423 -1.159241
 67 16.573919 -0.000001 0.000002 -0.000000 -0.000000 -2.011748
 68 15.128180 0.000001 0.000001 0.026832 0.026147 -0.175154
 69 5.758666 4.244731 0.000000 0.000000 -0.000000 2.033309
 70 3.177727 -0.000000 0.000000 0.000000 0.000000 3.141593
 71 15.708950 0.000002 0.000001 0.013957 0.013894 -0.093781
 72 0.275147 0.189214 -3.445208 3.130898 0.000409 -1.514604
 73 17.210194 -0.000002 0.000003 0.000000 0.000000 -2.319003
 74 0.000000 -0.000001 -4.999999 -0.079433 1.546568 -1.570859
 75 0.000007 -0.000004 -3.619079 0.260448 -2.945758 -1.468642
 76 16.573919 -0.000000 0.000001 0.000000 0.000000 -1.562392
 77 15.128181 0.000000 0.000001 0.265624 -0.173430 0.666428
 78 5.758665 4.244731 0.000000 -0.000000 0.000000 1.483530
 79 4.003934 -0.000000 0.000000 0.000000 0.000000 0.000000
 80 15.708953 0.000000 0.000000 0.195074 -0.100553 0.460486
 81 0.273998 0.191090 3.439762 -3.130907 -0.000437 -1.508107
 82 17.210196 0.000000 0.000001 -0.000000 0.000000 -2.116793
 83 0.000000 -0.000001 5.000000 -0.079311 1.595025 -1.570737
time 3
  0 0.500000 13.522099 26.931471 -0.243067 0.535714 -2.432935
  1 13.773750 5.584524 -22.520975 -0.544290 0.221328 2.303921
  2 -2.276936 0.000004 -1.238185 -1.570795 -1.570451 0.000000
  3 1.796520 0.712018 0.001013 -0.314733 -0.027040 -0.192807
  4 4.119582 -0.002971 0.000990 -0.306781 0.059219 0.299308
  5 4.119684 -0.003093 -0.000134 0.041780 0.093647 0.339964
  6 4.119627 -0.003049 0.000631 -0.194227 0.075387 0.309681
  7 4.119217 -0.003474 0.000265 -0.090373 0.603918 0.123486
  8 4.443600 -0.000001 0.000001 0.424141 -0.382698 -0.092647
  9 9.024059 0.000000 0.000000 0.000000 0.000000 0.000000
 10 -0.983959 -0.125187 1.420410 -0.032611 -0.822906 2.969851
 11 6.384777 -0.000001 0.000001 -0.442228 -0.252857 -0.809120
 12 10.242682 -0.000000 -0.000002 0.000000 0.000000 -1.368046
 13 11.375560 0.000001 -0.000001 2.123837 0.359754 -0.012034
 14 0.728681 0.023432 -1.008292 1.100073 0.611404 0.551668
 15 2.136498 0.000001 -0.000000 0.000000 -0.000000 -0.078540
 16 2.313138 -0.000000 0.000000 0.000000 0.000000 0.000000
 17 3.115506 -0.886040 -0.021430 -0.454479 0.000392 0.514872
 18 2.011149 -0.000001 0.000001 -0.000000 0.000000 1.322792
 19 2.141380 -0.000000 0.000001 0.000000 0.000000 0.000000
 20 1.734172 -0.000001 0.000000 -0.000000 -0.000000 0.660693
 21 0.000005 -4.440593 0.000000 1.570544 -0.062990 -0.195737
 22 5.999999 0.000001 -0.000001 2.378142 0.000000 -0.000000
 23 0.000002 -4.440602 -0.000000 1.569944 -0.062987 0.004053
 24 11.375560 0.000001 0.000002 -2.816664 0.201575 0.230137
 25 -0.000001 -4.440603 -0.000000 1.570144 -0.062988 0.004040
 26 10.510131 -0.000000 -0.000003 -0.000000 0.000000 -2.254819
 27 0.000000 -1.748401 4.999999 -0.000000 0.004007 1.602291
 28 5.500000 -0.000000 -0.000002 0.192775 -0.000000 0.000000
 29 -0.000003 -1.940598 5.000001 -0.044472 0.004003 -0.000180
 30 6.551493 -0.000001 -0.000000 -0.323388 -0.104374 -0.544902
 31 0.000003 -1.940599 5.000000 -0.027189 -0.053376 0.005295
 32 6.551493 -0.000001 -0.000000 -0.162316 -0.028293 -0.265838
 33 0.000001 -1.940600 4.999995 -0.066572 -0.152786 -0.110311
 34 0.983966 0.132260 -1.420411 -1.347993 1.873812 1.391908
 35 6.384776 0.000001 -0.000000 -0.155227 -0.026520 -1.260811
 36 10.242682 0.000000 0.000002 0.000000 0.000000 -2.159100
 37 11.375560 0.000001 -0.000003 2.767685 0.227007 0.523291
 38 0.728680 0.023430 1.008294 -1.579583 -0.319038 0.212973
 39 2.136497 0.000001 0.000000 0.000000 0.000000 1.282817
 40 2.313138 -0.000000 0.000000 0.000000 0.000000 3.141593
 41 3.115506 -0.886042 0.021434 0.420766 0.316066 0.167178
 42 2.011151 -0.000001 -0.000000 0.000000 -0.000000 2.082010
 43 2.141380 0.000000 0.000001 0.000000 0.000000 3.141593
 44 1.734171 -0.000000 0.000002 0.000000 0.000000 1.041748
 45 0.136315 -3.738194 2.525889 1.493698 2.759406 -1.474501
 46 14.562627 -1.166816 -0.284477 0.258917 0.054664 1.504024
 47 11.389365 -0.000818 0.158781 2.150324 0.204730 0.234608
 48 0.000001 -4.440599 0.000001 1.570144 -3.078602 0.004040
 49 5.999998 0.000001 -0.000002 2.150324 0.000000 0.000000
 50 0.000002 -4.440602 0.000001 1.569944 -3.078603 0.004053
 51 10.510130 -0.000000 0.000002 -0.000000 -0.000000 -2.650347
 52 0.000001 -1.748399 -5.000002 3.141593 0.004007 -1.539299
 53 5.499999 -0.000000 0.000002 0.063373 0.000000 0.000000
 54 0.000000 0.000000 -5.000000 -0.044472 3.137590 -0.000177
 55 6.551489 0.000001 -0.000000 -0.063373 0.024517 -0.336794
 56 -1.266843 -1.937443 -4.950560 -0.066572 -2.988806 -0.110308
 57 6.551490 0.000000 0.000000 -0.063373 0.024517 -0.336794
 58 0.699370 -1.944207 -5.006848 -0.027189 -3.088217 0.005298
 59 4.226147 -0.003202 -0.000000 -0.058751 0.338926 0.081049
 60 -0.000000 5.000000 0.000000 -0.153564 0.000087 2.718702
 61 0.000006 -0.000006 -3.713579 0.119535 -2.936655 -0.885276
 62 0.000001 0.000000 5.000000 3.053195 1.558589 -0.074929
 63 -0.000005 0.000005 3.713580 -0.311487 -2.845558 -0.582080
 64 0.000000 -0.000000 -5.000000 -0.088722 1.558589 3.066339
 65 7.363603 1.646646 0.495663 -3.141593 -1.570796 0.000000
 66 -0.000005 0.000005 3.619082 -0.441735 -2.434423 -1.159241
 67 16.573919 -0.000001 0.000002 -0.000000 -0.000000 -2.011748
 68 15.128180 0.000001 0.000001 0.026832 0.026147 -0.175154
 69 5.758666 4.244731 0.000000 0.000000 -0.000000 2.033309
 70 3.177727 -0.000000 0.000000 0.000000 0.000000 3.141593
 71 15.708950 0.000002 0.000001 0.013957 0.013894 -0.093781
 72 0.275147 0.189214 -3.445208 3.130898 0.000409 -1.514604
 73 17.210194 -0.000002 0.000003 0.000000 0.000000 -2.319003
 74 0.000000 -0.000001 -4.999999 -0.079433 1.546568 -1.570859
 75 0.000007 -0.000004 -3.619079 0.260448 -2.945758 -1.468642
 76 16.573919 -0.000000 0.000001 0.000000 0.000000 -1.562392
 77 15.128181 0.000000 0.000001 0.265624 -0.173430 0.666428
 78 5.758665 4.244731 0.000000 -0.000000 0.000000 1.483530
 79 4.003934 -0.000000 0.000000 0.000000 0.000000 0.000000
 80 15.708953 0.000000 0.000000 0.195074 -0.100553 0.460486
 81 0.273998 0.191090 3.439762 -3.130907 -0.000437 -1.508107
 82 17.210196 0.000000 0.000001 -0.000000 0.000000 -2.116793
 83 0.000000 -0.000001 5.000000 -0.079311 1.595025 -1.570737
time 4
  0 0.500000 13.522099 26.931471 -0.243067 0.535714 -2.432935
  1 13.773750 5.584524 -22.520975 -0.544290 0.221328 2.303921
  2 -2.276936 0.000004 -1.238185 -1.570795 -1.570451 0.000000
  3 1.796529 0.712017 0.001015 -0.314998 -0.023022 -0.190955
  4 4.119593 -0.002968 0.000985 -0.306505 0.063211 0.301223
  5 4.119690 -0.003090 -0.000137 0.042333 0.096742 0.343135
  6 4.119640 -0.003053 0.000621 -0.191207 0.079099 0.311932
  7 4.119321 -0.003461 0.000199 -0.068361 0.607076 0.165660
  8 4.443598 0.000001 0.000001 0.454040 -0.428034 -0.190553
  9 9.024059 0.000001 0.000001 0.000000 0.000000 0.000000
 10 -0.988461 -0.093675 1.419794 -0.035602 -0.822888 2.937227
 11 6.384776 -0.000000 -0.000001 -0.447317 -0.190162 -0.727332
 12 10.242682 -0.000001 -0.000002 0.000000 -0.000000 -1.412576
 13 11.375561 -0.000001 0.000000 2.119929 0.271341 -0.017183
 14 0.728680 0.023431 -1.008292 1.100073 0.611404 0.551668
 15 2.136498 -0.000002 0.000001 0.000000 0.000000 -0.078540
 16 2.313139 0.000000 -0.000000 0.000000 0.000000 0.000000
 17 3.115506 -0.886042 -0.021431 -0.454479 0.000392 0.514872
 18 2.011150 -0.000001 0.000000 0.000000 -0.000000 1.322791
 19 2.141380 0.000000 0.000000 0.000000 0.000000 0.000000
 20 1.734172 0.000000 0.000000 0.000000 0.000000 0.660693
 21 0.000006 -4.440594 -0.000000 1.570544 -0.062990 -0.195737
 22 5.999999 -0.000001 0.000000 2.367038 -0.000000 0.000000
 23 0.000002 -4.440601 -0.000000 1.569944 -0.062987 0.004053
 24 11.375561 -0.000001 0.000004 -2.836740 0.161443 0.178250
 25 -0.000000 -4.440603 -0.000000 1.570144 -0.062988 0.004040
 26 10.510129 -0.000001 -0.000003 0.000000 -0.000000 -2.277084
 27 0.000002 -1.748402 4.999999 0.000000 0.004007 1.602290
 28 5.499999 -0.000001 -0.000001 0.186506 0.000000 -0.000000
 29 -0.000002 -1.940598 5.000001 -0.044472 0.004003 -0.000180
 30 6.551490 0.000000 -0.000001 -0.314839 -0.075129 -0.520548
 31 0.000001 -1.940599 5.000002 -0.027189 -0.053376 0.005295
 32 6.551490 0.000000 -0.000001 -0.156961 -0.015933 -0.254425
 33 -0.000000 -1.940599 4.999997 -0.066572 -0.152786 -0.110311
 34 0.988463 0.100756 -1.419792 -1.419755 1.845710 1.296729
 35 6.384775 0.000001 0.000002 -0.222082 0.067648 -1.281810
 36 10.242682 -0.000001 -0.000001 0.000000 -0.000000 -2.115224
 37 11.375564 0.000002 0.000002 2.787550 0.229200 0.466165
 38 0.728681 0.023432 1.008290 -1.579583 -0.319038 0.212973
 39 2.136497 0.000000 -0.000000 0.000000 0.000000 1.282817
 40 2.313140 0.000000 -0.000001 0.000000 0.000000 3.141593
 41 3.115508 -0.886041 0.021430 0.420766 0.316066 0.167178
 42 2.011151 -0.000002 0.000000 0.000000 0.000000 2.082010
 43 2.141380 -0.000002 -0.000001 0.000000 0.000000 3.141593
 44 1.734173 -0.000001 0.000000 -0.000000 -0.000000 1.041748
 45 0.136315 -3.738192 2.525889 1.493698 2.759406 -1.474501
 46 14.562629 -1.166815 -0.284478 0.258917 0.054664 1.504024
 47 11.389368 -0.000818 0.158783 2.161800 0.200911 0.206212
 48 0.000002 -4.440599 -0.000001 1.570144 -3.078602 0.004040
 49 6.000001 -0.000001 0.000000 2.161800 -0.000000 0.000000
 50 0.000002 -4.440600 0.000000 1.569944 -3.078603 0.004053
 51 10.510130 -0.000000 -0.000001 0.000000 0.000000 -2.628408
 52 0.000001 -1.748399 -5.000001 3.141593 0.004007 -1.539299
 53 5.499999 -0.000002 -0.000000 0.072801 0.000000 -0.000000
 54 -0.000002 0.000002 -5.000003 -0.044472 3.137590 -0.000177
 55 6.551490 0.000002 -0.000001 -0.072801 0.066689 -0.341797
 56 -1.266843 -1.937442 -4.950561 -0.066572 -2.988806 -0.110308
 57 6.551490 0.000002 -0.000000 -0.072801 0.066689 -0.341797
 58 0.699371 -1.944206 -5.006848 -0.027189 -3.088217 0.005298
 59 4.226145 -0.003201 0.000002 -0.050248 0.340240 0.103148
 60 -0.000002 5.000000 0.000001 -0.153564 0.000087 2.718701
 61 0.000006 -0.000006 -3.713579 0.119535 -2.936655 -0.885276
 62 0.000001 0.000000 5.000000 3.053195 1.558589 -0.074929
 63 -0.000005 0.000005 3.713580 -0.311487 -2.845558 -0.582080
 64 0.000000 -0.000000 -5.000000 -0.088722 1.558589 3.066339
 65 7.363603 1.646646 0.495663 -3.141593 -1.570796 0.000000
 66 -0.000005 0.000005 3.619082 -0.441735 -2.434423 -1.159241
 67 16.573919 -0.000001 0.000002 -0.000000 -0.000000 -2.011748
 68 15.128180 0.000001 0.000001 0.026832 0.026147 -0.175154
 69 5.758666 4.244731 0.000000 0.000000 -0.000000 2.033309
 70 3.177727 -0.000000 0.000000 0.000000 0.000000 3.141593
 71 15.708950 0.000002 0.000001 0.013957 0.013894 -0.093781
 72 0.275147 0.189214 -3.445208 3.130898 0.000409 -1.514604
 73 17.210194 -0.000002 0.000003 0.000000 0.000000 -2.319003
 74 0.000000 -0.000001 -4.999999 -0.079433 1.546568 -1.570859
 75 0.000007 -0.000004 -3.619079 0.260448 -2.945758 -1.468642
 76 16.573919 -0.000000 0.000001 0.000000 0.000000 -1.562392
 77 15.128181 0.000000 0.000001 0.265624 -0.173430 0.666428
 78 5.758665 4.244731 0.000000 -0.000000 0.000000 1.483530
 79 4.003934 -0.000000 0.000000 0.000000 0.000000 0.000000
 80 15.708953 0.000000 0.000000 0.195074 -0.100553 0.460486
 81 0.273998 0.191090 3.439762 -3.130907 -0.000437 -1.508107
 82 17.210196 0.000000 0.000001 -0.000000 0.000000 -2.116793
 83 0.000000 -0.000001 5.000000 -0.079311 1.595025 -1.570737
time 5
  0 0.500000 13.522099 26.931471 -0.243067 0.535714 -2.432935
  1 13.773750 5.584524 -22.520975 -0.544290 0.221328 2.303921
  2 -2.276936 0.000004 -1.238185 -1.570795 -1.570451 0.000000
  3 1.796539 0.712015 0.001015 -0.315258 -0.018968 -0.189089
  4 4.119599 -0.002964 0.000988 -0.306218 0.067239 0.303155
  5 4.119701 -0.003088 -0.000139 0.042902 0.099864 0.346338
  6 4.119647 -0.003049 0.000610 -0.188149 0.082838 0.314215
  7 4.119331 -0.003459 0.000169 -0.058058 0.606862 0.174115
  8 4.443598 0.000001 0.000001 0.469769 -0.465179 -0.254701
  9 9.024060 -0.000001 0.000000 0.000000 0.000000 0.000000
 10 -0.988158 -0.079052 1.420932 -0.027523 -0.822379 2.924387
 11 6.384776 0.000001 0.000001 -0.442131 -0.150491 -0.701005
 12 10.242682 -0.000001 0.000001 -0.000000 -0.000000 -1.397860
 13 11.375562 0.000001 0.000001 2.124944 0.217651 -0.033343
 14 0.728680 0.023431 -1.008292 1.100073 0.611404 0.551668
 15 2.136499 0.000000 -0.000000 -0.000000 0.000000 -0.078540
 16 2.313138 0.000000 -0.000000 0.000000 0.000000 0.000000
 17 3.115506 -0.886040 -0.021432 -0.454479 0.000392 0.514872
 18 2.011151 0.000001 -0.000001 -0.000000 -0.000000 1.322791
 19 2.141378 -0.000000 -0.000000 0.000000 0.000000 0.000000
 20 1.734172 0.000001 0.000001 -0.000000 0.000000 0.660693
 21 0.000005 -4.440593 -0.000000 1.570544 -0.062990 -0.195737
 22 6.000000 0.000001 0.000001 2.370734 0.000000 -0.000000
 23 0.000001 -4.440602 -0.000000 1.569944 -0.062987 0.004053
 24 11.375561 0.000001 0.000005 -2.843051 0.144989 0.134513
 25 -0.000001 -4.440603 0.000000 1.570144 -0.062988 0.004040
 26 10.510132 -0.000000 -0.000001 0.000000 0.000000 -2.269726
 27 -0.000000 -1.748401 4.999999 0.000000 0.004007 1.602291
 28 5.500001 -0.000000 -0.000000 0.181698 0.000000 0.000000
 29 -0.000000 -1.940598 5.000000 -0.044472 0.004003 -0.000180
 30 6.551491 0.000001 0.000001 -0.308328 -0.053744 -0.513208
 31 -0.000001 -1.940598 5.000002 -0.027189 -0.053376 0.005295
 32 6.551491 0.000001 0.000001 -0.152789 -0.006351 -0.250651
 33 0.000000 -1.940600 4.999997 -0.066572 -0.152786 -0.110311
 34 0.988159 0.086132 -1.420929 -1.354434 1.822008 1.378404
 35 6.384775 0.000001 0.000001 -0.240589 0.102460 -1.284902
 36 10.242682 -0.000003 0.000001 0.000000 -0.000000 -2.061788
 37 11.375560 0.000001 0.000001 2.781996 0.230643 0.410950
 38 0.728682 0.023431 1.008291 -1.579583 -0.319038 0.212973
 39 2.136497 -0.000000 -0.000001 0.000000 -0.000000 1.282817
 40 2.313137 0.000001 0.000000 0.000000 0.000000 3.141593
 41 3.115507 -0.886042 0.021430 0.420766 0.316066 0.167178
 42 2.011150 -0.000001 0.000000 0.000000 -0.000000 2.082010
 43 2.141381 -0.000000 0.000001 0.000000 0.000000 3.141593
 44 1.734171 -0.000001 -0.000000 -0.000000 0.000000 1.041748
 45 0.136314 -3.738193 2.525891 1.493698 2.759406 -1.474501
 46 14.562628 -1.166815 -0.284478 0.258917 0.054664 1.504024
 47 11.389367 -0.000818 0.158783 2.160619 0.194394 0.179262
 48 0.000001 -4.440600 0.000000 1.570144 -3.078602 0.004040
 49 5.999999 -0.000001 -0.000000 2.160619 -0.000000 0.000000
 50 0.000001 -4.440601 0.000001 1.569944 -3.078603 0.004053
 51 10.510130 -0.000001 -0.000000 -0.000000 -0.000000 -2.601690
 52 0.000002 -1.748398 -5.000000 -3.141593 0.004007 -1.539299
 53 5.499999 -0.000003 0.000001 0.072929 0.000000 -0.000000
 54 0.000001 -0.000001 -5.000000 -0.044472 3.137589 -0.000177
 55 6.551490 0.000001 0.000000 -0.072929 0.080442 -0.341988
 56 -1.266844 -1.937445 -4.950557 -0.066572 -2.988806 -0.110308
 57 6.551490 0.000001 0.000001 -0.072929 0.080442 -0.341988
 58 0.699370 -1.944210 -5.006845 -0.027189 -3.088217 0.005298
 59 4.226146 -0.003200 0.000000 -0.045370 0.340116 0.107018
 60 -0.000001 5.000001 0.000001 -0.153564 0.000087 2.718702
 61 0.000006 -0.000006 -3.713579 0.119535 -2.936655 -0.885276
 62 0.000001 0.000000 5.000000 3.053195 1.558589 -0.074929
 63 -0.000005 0.000005 3.713580 -0.311487 -2.845558 -0.582080
 64 0.000000 -0.000000 -5.000000 -0.088722 1.558589 3.066339
 65 7.363603 1.646646 0.495663 -3.141593 -1.570796 0.000000
 66 -0.000005 0.000005 3.619082 -0.441735 -2.434423 -1.159241
 67 16.573919 -0.000001 0.000002 -0.000000 -0.000000 -2.011748
 68 15.128180 0.000001 0.000001 0.026832 0.026147 -0.175154
 69 5.758666 4.244731 0.000000 0.000000 -0.000000 2.033309
 70 3.177727 -0.000000 0.000000 0.000000 0.000000 3.141593
 71 15.708950 0.000002 0.000001 0.013957 0.013894 -0.093781
 72 0.275147 0.189214 -3.445208 3.130898 0.000409 -1.514604
 73 17.210194 -0.000002 0.000003 0.000000 0.000000 -2.319003
 74 0.000000 -0.000001 -4.999999 -0.079433 1.546568 -1.570859
 75 0.000007 -0.000004 -3.619079 0.260448 -2.945758 -1.468642
 76 16.573919 -0.000000 0.000001 0.000000 0.000000 -1.562392
 77 15.128181 0.000000 0.000001 0.265624 -0.173430 0.666428
 78 5.758665 4.244731 0.000000 -0.000000 0.000000 1.483530
 79 4.003934 -0.000000 0.000000 0.000000 0.000000 0.000000
 80 15.708953 0.000000 0.000000 0.195074 -0.100553 0.460486
 81 0.273998 0.191090 3.439762 -3.130907 -0.000437 -1.508107
 82 17.210196 0.000000 0.000001 -0.000000 0.000000 -2.116793
 83 0.000000 -0.000001 5.000000 -0.079311 1.595025 -1.570737
time 6
  0 0.500000 13.522099 26.931471 -0.243067 0.535714 -2.432935
  1 13.773750 5.584524 -22.520975 -0.544290 0.221328 2.303921
  2 -2.276936 0.000004 -1.238185 -1.570795 -1.570451 0.000000
  3 1.796550 0.712013 0.001016 -0.315506 -0.014985 -0.187257
  4 4.119609 -0.002961 0.000985 -0.305929 0.071194 0.305055
  5 4.119710 -0.003084 -0.000141 0.043470 0.102927 0.349487
  6 4.119657 -0.003047 0.000603 -0.185137 0.086503 0.316469
  7 4.119275 -0.003470 0.000174 -0.059849 0.604914 0.157028
  8 4.443599 -0.000000 -0.000001 0.469939 -0.484305 -0.275624
  9 9.024060 -0.000001 0.000000 0.000000 0.000000 0.000000
 10 -0.985383 -0.081713 1.422699 0.159000 -0.843561 2.722063
 11 6.384777 -0.000000 0.000000 -0.648743 -0.021589 -0.612586
 12 10.242682 -0.000001 -0.000000 -0.000000 -0.000000 -1.364919
 13 11.375561 0.000002 -0.000000 2.286222 0.349172 -0.026016
 14 0.728680 0.023432 -1.008291 1.100073 0.611404 0.551668
 15 2.136495 -0.000002 0.000000 0.000000 -0.000000 -0.078540
 16 2.313139 -0.000000 -0.000000 0.000000 0.000000 0.000000
 17 3.115506 -0.886040 -0.021431 -0.454479 0.000392 0.514872
 18 2.011149 0.000001 0.000001 0.000000 -0.000000 1.322791
 19 2.141380 -0.000000 0.000001 0.000000 0.000000 0.000000
 20 1.734171 0.000001 -0.000000 -0.000000 -0.000000 0.660693
 21 0.000005 -4.440594 0.000000 1.570544 -0.062990 -0.195737
 22 6.000000 0.000000 0.000001 2.584778 -0.000000 0.000000
 23 0.000002 -4.440602 -0.000000 1.569944 -0.062987 0.004053
 24 11.375561 0.000001 0.000003 -2.744754 0.203434 0.178851
 25 -0.000000 -4.440605 -0.000000 1.570144 -0.062988 0.004040
 26 10.510130 -0.000000 -0.000001 0.000000 0.000000 -2.253256
 27 0.000000 -1.748401 4.999999 -0.000000 0.004007 1.602290
 28 5.500000 -0.000001 -0.000000 0.254323 0.000000 -0.000000
 29 -0.000001 -1.940597 5.000001 -0.044472 0.004003 -0.000180
 30 6.551493 -0.000001 -0.000001 -0.446278 0.038260 -0.492220
 31 -0.000000 -1.940599 5.000001 -0.027189 -0.053376 0.005295
 32 6.551493 -0.000001 -0.000001 -0.212049 0.045956 -0.234165
 33 -0.000001 -1.940599 4.999997 -0.066572 -0.152786 -0.110311
 34 0.985384 0.088793 -1.422700 -1.215556 1.814961 1.551291
 35 6.384777 -0.000002 0.000002 -0.216161 0.093610 -1.273472
 36 10.242682 -0.000002 0.000002 0.000000 -0.000000 -2.024994
 37 11.375559 0.000001 -0.000002 2.763205 0.229970 0.380777
 38 0.728682 0.023431 1.008291 -1.579583 -0.319038 0.212973
 39 2.136498 0.000003 -0.000001 -0.000000 -0.000000 1.282817
 40 2.313138 0.000001 -0.000000 0.000000 0.000000 3.141593
 41 3.115506 -0.886041 0.021432 0.420766 0.316066 0.167178
 42 2.011150 -0.000001 -0.000000 -0.000000 -0.000000 2.082010
 43 2.141380 -0.000002 -0.000001 0.000000 0.000000 3.141593
 44 1.734173 -0.000001 -0.000001 0.000000 -0.000000 1.041748
 45 0.136314 -3.738192 2.525890 1.493698 2.759406 -1.474501
 46 14.562627 -1.166816 -0.284479 0.258917 0.054664 1.504024
 47 11.389365 -0.000817 0.158782 2.152303 0.188897 0.165146
 48 0.000000 -4.440598 -0.000002 1.570144 -3.078602 0.004040
 49 5.999997 0.000000 -0.000001 2.152303 -0.000000 0.000000
 50 0.000004 -4.440600 -0.000002 1.569944 -3.078603 0.004053
 51 10.510131 -0.000002 0.000002 -0.000000 0.000000 -2.583293
 52 -0.000001 -1.748401 -5.000002 3.141593 0.004007 -1.539299
 53 5.499998 0.000001 -0.000001 0.066015 -0.000000 0.000000
 54 -0.000000 0.000002 -5.000001 -0.044472 3.137589 -0.000177
 55 6.551492 0.000001 -0.000001 -0.066015 0.073214 -0.338940
 56 -1.266843 -1.937444 -4.950561 -0.066572 -2.988806 -0.110308
 57 6.551493 0.000000 -0.000001 -0.066015 0.073214 -0.338940
 58 0.699371 -1.944208 -5.006848 -0.027189 -3.088217 0.005298
 59 4.226146 -0.003200 -0.000000 -0.044946 0.339248 0.097465
 60 0.000001 5.000001 0.000000 -0.153564 0.000087 2.718702
 61 0.000006 -0.000006 -3.713579 0.119535 -2.936655 -0.885276
 62 0.000001 0.000000 5.000000 3.053195 1.558589 -0.074929
 63 -0.000005 0.000005 3.713580 -0.311487 -2.845558 -0.582080
 64 0.000000 -0.000000 -5.000000 -0.088722 1.558589 3.066339
 65 7.363603 1.646646 0.495663 -3.141593 -1.570796 0.000000
 66 -0.000005 0.000005 3.619082 -0.441735 -2.434423 -1.159241
 67 16.573919 -0.000001 0.000002 -0.000000 -0.000000 -2.011748
 68 15.128180 0.000001 0.000001 0.026832 0.026147 -0.175154
 69 5.758666 4.244731 0.000000 0.000000 -0.000000 2.033309
 70 3.177727 -0.000000 0.000000 0.000000 0.000000 3.141593
 71 15.708950 0.000002 0.000001 0.013957 0.013894 -0.093781
 72 0.275147 0.189214 -3.445208 3.130898 0.000409 -1.514604
 73 17.210194 -0.000002 0.000003 0.000000 0.000000 -2.319003
 74 0.000000 -0.000001 -4.999999 -0.079433 1.546568 -1.570859
 75 0.000007 -0.000004 -3.619079 0.260448 -2.945758 -1.468642
 76 16.573919 -0.000000 0.000001 0.000000 0.000000 -1.562392
 77 15.128181 0.000000 0.000001 0.265624 -0.173430 0.666428
 78 5.758665 4.244731 0.000000 -0.000000 0.000000 1.483530
 79 4.003934 -0.000000 0.000000 0.000000 0.000000 0.000000
 80 15.708953 0.000000 0.000000 0.195074 -0.100553 0.460486
 81 0.273998 0.191090 3.439762 -3.130907 -0.000437 -1.508107
 82 17.210196 0.000000 0.000001 -0.000000 0.000000 -2.116793
 83 0.000000 -0.000001 5.000000 -0.079311 1.595025 -1.570737
time 7
  0 0.500000 13.522099 26.931471 -0.243067 0.535714 -2.432935
  1 13.773750 5.584524 -22.520975 -0.544290 0.221328 2.303921
  2 -2.276936 0.000004 -1.238185 -1.570795 -1.570451 0.000000
  3 1.796559 0.712012 0.001017 -0.315736 -0.011183 -0.185509
  4 4.119618 -0.002961 0.000984 -0.305646 0.074970 0.306871
  5 4.119720 -0.003080 -0.000143 0.044022 0.105851 0.352496
  6 4.119666 -0.003048 0.000590 -0.182252 0.089996 0.318632
  7 4.119174 -0.003484 0.000203 -0.068782 0.601616 0.123781
  8 4.443600 -0.000001 -0.000000 0.463522 -0.499198 -0.276684
  9 9.024063 -0.000000 -0.000001 0.000000 0.000000 0.000000
 10 -0.980673 -0.094647 1.425114 0.348181 -0.835823 2.526295
 11 6.384775 0.000000 -0.000000 -0.867373 0.049510 -0.585003
 12 10.242683 -0.000000 -0.000000 -0.000000 0.000000 -1.252752
 13 11.375562 0.000001 -0.000001 2.466473 0.499275 -0.015733
 14 0.728680 0.023432 -1.008292 1.100072 0.611404 0.551668
 15 2.136496 -0.000002 0.000000 0.000000 -0.000000 -0.078540
 16 2.313140 -0.000001 -0.000000 0.000000 0.000000 0.000000
 17 3.115506 -0.886041 -0.021430 -0.454479 0.000392 0.514872
 18 2.011150 -0.000001 0.000001 0.000000 0.000000 1.322792
 19 2.141381 -0.000000 -0.000000 0.000000 0.000000 0.000000
 20 1.734172 -0.000000 -0.000000 0.000000 -0.000000 0.660693
 21 0.000003 -4.440594 0.000000 1.570544 -0.062990 -0.195737
 22 6.000000 0.000002 -0.000000 2.811799 -0.000000 0.000000
 23 0.000002 -4.440602 0.000000 1.569944 -0.062987 0.004053
 24 11.375561 0.000002 0.000002 -2.634451 0.267402 0.215226
 25 -0.000000 -4.440604 0.000001 1.570144 -0.062988 0.004040
 26 10.510130 -0.000001 -0.000000 0.000000 -0.000000 -2.197172
 27 0.000001 -1.748401 4.999999 0.000000 0.004007 1.602290
 28 5.500000 -0.000000 -0.000000 0.333766 -0.000000 -0.000000
 29 -0.000001 -1.940598 5.000000 -0.044472 0.004003 -0.000180
 30 6.551490 -0.000000 -0.000001 -0.599029 0.098026 -0.481086
 31 0.000000 -1.940599 5.000002 -0.027189 -0.053376 0.005295
 32 6.551490 -0.000000 -0.000001 -0.276275 0.082735 -0.218836
 33 0.000001 -1.940599 4.999997 -0.066572 -0.152786 -0.110311
 34 0.980681 0.101719 -1.425116 2.256496 1.315222 -1.197397
 35 6.384777 0.000000 -0.000001 -0.131601 0.027740 -1.248300
 36 10.242683 -0.000001 0.000002 -0.000000 -0.000000 -1.963174
 37 11.375561 -0.000001 -0.000000 2.713884 0.223534 0.341755
 38 0.728680 0.023430 1.008293 -1.579583 -0.319038 0.212973
 39 2.136496 0.000001 0.000000 -0.000000 -0.000000 1.282817
 40 2.313137 0.000000 -0.000000 0.000000 0.000000 3.141593
 41 3.115505 -0.886042 0.021431 0.420766 0.316066 0.167178
 42 2.011150 -0.000000 0.000001 -0.000000 0.000000 2.082010
 43 2.141379 -0.000000 0.000000 0.000000 0.000000 3.141593
 44 1.734173 -0.000001 0.000000 -0.000000 0.000000 1.041748
 45 0.136315 -3.738192 2.525889 1.493698 2.759406 -1.474501
 46 14.562627 -1.166814 -0.284477 0.258917 0.054664 1.504024
 47 11.389365 -0.000819 0.158781 2.129613 0.177491 0.148580
 48 0.000001 -4.440598 0.000000 1.570144 -3.078602 0.004040
 49 5.999998 -0.000001 -0.000000 2.129613 0.000000 0.000000
 50 0.000002 -4.440600 -0.000000 1.569944 -3.078603 0.004053
 51 10.510131 -0.000001 0.000003 0.000000 -0.000000 -2.552384
 52 -0.000000 -1.748400 -4.999999 3.141593 0.004007 -1.539299
 53 5.499999 0.000000 0.000001 0.045998 -0.000000 -0.000000
 54 -0.000001 0.000001 -5.000000 -0.044472 3.137589 -0.000177
 55 6.551492 0.000002 -0.000002 -0.045998 0.036477 -0.332830
 56 -1.266843 -1.937444 -4.950561 -0.066572 -2.988806 -0.110308
 57 6.551492 0.000001 -0.000002 -0.045998 0.036477 -0.332830
 58 0.699371 -1.944209 -5.006848 -0.027189 -3.088217 0.005298
 59 4.226146 -0.003202 -0.000001 -0.047103 0.337784 0.079217
 60 0.000000 5.000000 -0.000001 -0.153564 0.000087 2.718702
 61 0.000006 -0.000006 -3.713579 0.119535 -2.936655 -0.885276
 62 0.000001 0.000000 5.000000 3.053195 1.558589 -0.074929
 63 -0.000005 0.000005 3.713580 -0.311487 -2.845558 -0.582080
 64 0.000000 -0.000000 -5.000000 -0.088722 1.558589 3.066339
 65 7.363603 1.646646 0.495663 -3.141593 -1.570796 0.000000
 66 -0.000005 0.000005 3.619082 -0.441735 -2.434423 -1.159241
 67 16.573919 -0.000001 0.000002 -0.000000 -0.000000 -2.011748
 68 15.128180 0.000001 0.000001 0.026832 0.026147 -0.175154
 69 5.758666 4.244731 0.000000 0.000000 -0.000000 2.033309
 70 3.177727 -0.000000 0.000000 0.000000 0.000000 3.141593
 71 15.708950 0.000002 0.000001 0.013957 0.013894 -0.093781
 72 0.275147 0.189214 -3.445208 3.130898 0.000409 -1.514604
 73 17.210194 -0.000002 0.000003 0.000000 0.000000 -2.319003
 74 0.000000 -0.000001 -4.999999 -0.079433 1.546568 -1.570859
 75 0.000007 -0.000004 -3.619079 0.260448 -2.945758 -1.468642
 76 16.573919 -0.000000 0.000001 0.000000 0.000000 -1.562392
 77 15.128181 0.000000 0.000001 0.265624 -0.173430 0.666428
 78 5.758665 4.244731 0.000000 -0.000000 0.000000 1.483530
 79 4.003934 -0.000000 0.000000 0.000000 0.000000 0.000000
 80 15.708953 0.000000 0.000000 0.195074 -0.100553 0.460486
 81 0.273998 0.191090 3.439762 -3.130907 -0.000437 -1.508107
 82 17.210196 0.000000 0.000001 -0.000000 0.000000 -2.116793
 83 0.000000 -0.000001 5.000000 -0.079311 1.595025 -1.570737
time 8
  0 0.500000 13.522099 26.931471 -0.243067 0.535714 -2.432935
  1 13.773750 5.584524 -22.520975 -0.544290 0.221328 2.303921
  2 -2.276936 0.000004 -1.238185 -1.570795 -1.570451 0.000000
  3 1.796567 0.712010 0.001017 -0.315942 -0.007668 -0.183894
  4 4.119626 -0.002958 0.000982 -0.305378 0.078459 0.308551
  5 4.119729 -0.003078 -0.000143 0.044540 0.108552 0.355279
  6 4.119674 -0.003048 0.000582 -0.179578 0.093218 0.320641
  7 4.118860 -0.003515 0.000311 -0.105478 0.589431 0.014455
  8 4.443598 0.000002 0.000001 0.432404 -0.517217 -0.214479
  9 9.024061 -0.000001 -0.000001 0.000000 0.000000 0.000000
 10 -0.963198 -0.148107 1.432330 0.502951 -0.802464 2.439450
 11 6.384777 -0.000001 -0.000001 -1.086399 0.031386 -0.633041
 12 10.242682 0.000000 -0.000000 -0.000000 -0.000000 -1.081984
 13 11.375561 0.000002 0.000001 2.684658 0.648774 0.031519
 14 0.728681 0.023432 -1.008292 1.100073 0.611404 0.551668
 15 2.136497 -0.000001 0.000001 -0.000000 -0.000000 -0.078540
 16 2.313139 0.000001 -0.000000 0.000000 0.000000 0.000000
 17 3.115506 -0.886040 -0.021430 -0.454479 0.000392 0.514872
 18 2.011150 -0.000000 -0.000001 0.000000 -0.000000 1.322792
 19 2.141380 -0.000000 0.000000 0.000000 0.000000 0.000000
 20 1.734171 0.000001 0.000000 -0.000000 0.000000 0.660693
 21 0.000004 -4.440594 0.000000 1.570544 -0.062990 -0.195737
 22 6.000001 0.000001 0.000001 3.061932 -0.000000 -0.000000
 23 0.000002 -4.440602 -0.000000 1.569944 -0.062987 0.004053
 24 11.375561 0.000002 0.000004 -2.513467 0.316945 0.252537
 25 -0.000001 -4.440603 0.000001 1.570144 -0.062988 0.004040
 26 10.510132 0.000000 -0.000000 0.000000 -0.000000 -2.111788
 27 0.000001 -1.748401 4.999999 -0.000000 0.004007 1.602291
 28 5.500000 0.000001 -0.000000 0.412372 -0.000000 0.000000
 29 -0.000001 -1.940598 5.000000 -0.044472 0.004003 -0.000180
 30 6.551489 0.000000 -0.000000 -0.756127 0.107248 -0.505519
 31 0.000001 -1.940600 5.000002 -0.027189 -0.053376 0.005295
 32 6.551489 0.000000 -0.000000 -0.338236 0.097923 -0.219507
 33 -0.000001 -1.940600 4.999997 -0.066572 -0.152786 -0.110311
 34 0.963201 0.155186 -1.432331 2.508970 1.252060 -0.821459
 35 6.384777 0.000002 0.000000 -0.005683 -0.065926 -1.236418
 36 10.242683 -0.000000 -0.000000 0.000000 -0.000000 -1.910565
 37 11.375562 -0.000001 -0.000001 2.652104 0.211197 0.322330
 38 0.728681 0.023431 1.008292 -1.579583 -0.319038 0.212973
 39 2.136496 0.000001 -0.000001 0.000000 -0.000000 1.282817
 40 2.313141 0.000001 -0.000000 0.000000 0.000000 3.141593
 41 3.115506 -0.886041 0.021432 0.420766 0.316066 0.167178
 42 2.011151 -0.000000 -0.000000 0.000000 -0.000000 2.082010
 43 2.141380 0.000001 0.000000 0.000000 0.000000 3.141593
 44 1.734172 -0.000001 -0.000000 -0.000000 -0.000000 1.041748
 45 0.136315 -3.738192 2.525890 1.493698 2.759406 -1.474501
 46 14.562627 -1.166815 -0.284477 0.258917 0.054664 1.504024
 47 11.389367 -0.000818 0.158781 2.100559 0.165098 0.143190
 48 0.000000 -4.440598 -0.000000 1.570144 -3.078602 0.004040
 49 6.000000 -0.000000 -0.000002 2.100560 0.000000 0.000000
 50 0.000002 -4.440601 0.000000 1.569944 -3.078603 0.004053
 51 10.510133 -0.000001 0.000001 0.000000 -0.000000 -2.526079
 52 0.000000 -1.748398 -5.000001 3.141593 0.004007 -1.539299
 53 5.500000 0.000001 -0.000001 0.011093 0.000000 -0.000000
 54 0.000000 0.000001 -5.000000 -0.044472 3.137589 -0.000177
 55 6.551490 0.000001 0.000002 -0.011093 -0.020135 -0.329183
 56 -1.266844 -1.937444 -4.950559 -0.066572 -2.988806 -0.110308
 57 6.551491 0.000000 0.000002 -0.011093 -0.020135 -0.329183
 58 0.699369 -1.944206 -5.006848 -0.027189 -3.088217 0.005298
 59 4.226147 -0.003202 -0.000001 -0.058505 0.332319 0.018741
 60 0.000001 5.000000 -0.000000 -0.153564 0.000087 2.718702
 61 0.000006 -0.000006 -3.713579 0.119535 -2.936655 -0.885276
 62 0.000001 0.000000 5.000000 3.053195 1.558589 -0.074929
 63 -0.000005 0.000005 3.713580 -0.311487 -2.845558 -0.582080
 64 0.000000 -0.000000 -5.000000 -0.088722 1.558589 3.066339
 65 7.363603 1.646646 0.495663 -3.141593 -1.570796 0.000000
 66 -0.000005 0.000005 3.619082 -0.441735 -2.434423 -1.159241
 67 16.573919 -0.000001 0.000002 -0.000000 -0.000000 -2.011748
 68 15.128180 0.000001 0.000001 0.026832 0.026147 -0.175154
 69 5.758666 4.244731 0.000000 0.000000 -0.000000 2.033309
 70 3.177727 -0.000000 0.000000 0.000000 0.000000 3.141593
 71 15.708950 0.000002 0.000001 0.013957 0.013894 -0.093781
 72 0.275147 0.189214 -3.445208 3.130898 0.000409 -1.514604
 73 17.210194 -0.000002 0.000003 0.000000 0.000000 -2.319003
 74 0.000000 -0.000001 -4.999999 -0.079433 1.546568 -1.570859
 75 0.000007 -0.000004 -3.619079 0.260448 -2.945758 -1.468642
 76 16.573919 -0.000000 0.000001 0.000000 0.000000 -1.562392
 77 15.128181 0.000000 0.000001 0.265624 -0.173430 0.666428
 78 5.758665 4.244731 0.000000 -0.000000 0.000000 1.483530
 79 4.003934 -0.000000 0.000000 0.000000 0.000000 0.000000
 80 15.708953 0.000000 0.000000 0.195074 -0.100553 0.460486
 81 0.273998 0.191090 3.439762 -3.130907 -0.000437 -1.508107
 82 17.210196 0.000000 0.000001 -0.000000 0.000000 -2.116793
 83 0.000000 -0.000001 5.000000 -0.079311 1.595025 -1.570737
time 9
  0 0.500000 13.522099 26.931471 -0.243067 0.535714 -2.432935
  1 13.773750 5.584524 -22.520975 -0.544290 0.221328 2.303921
  2 -2.276936 0.000004 -1.238185 -1.570795 -1.570451 0.000000
  3 1.796573 0.712009 0.001018 -0.316121 -0.004549 -0.182462
  4 4.119636 -0.002955 0.000982 -0.305135 0.081554 0.310042
  5 4.119736 -0.003075 -0.000145 0.045006 0.110946 0.357750
  6 4.119681 -0.003047 0.000574 -0.177200 0.096073 0.322430
  7 4.118437 -0.003503 0.000459 -0.153926 0.567953 -0.130462
  8 4.443600 0.000001 -0.000000 0.385063 -0.527575 -0.109825
  9 9.024061 -0.000000 0.000000 0.000000 0.000000 0.000000
 10 -0.932038 -0.220419 1.443419 0.565536 -0.780828 2.504167
 11 6.384778 -0.000001 -0.000001 -1.321573 -0.082075 -0.808941
 12 10.242682 -0.000001 -0.000000 0.000000 0.000000 -0.822448
 13 11.375561 -0.000001 -0.000001 3.050072 0.764973 0.197697
 14 0.728681 0.023430 -1.008292 1.100073 0.611404 0.551668
 15 2.136496 -0.000001 0.000001 -0.000000 -0.000000 -0.078540
 16 2.313138 0.000001 0.000000 0.000000 0.000000 0.000000
 17 3.115507 -0.886041 -0.021431 -0.454479 0.000392 0.514872
 18 2.011150 -0.000000 -0.000001 0.000000 0.000000 1.322792
 19 2.141378 0.000000 0.000001 0.000000 0.000000 0.000000
 20 1.734171 0.000001 0.000001 -0.000000 0.000000 0.660693
 21 0.000004 -4.440594 0.000001 1.570544 -0.062990 -0.195737
 22 6.000000 -0.000000 -0.000001 -2.876334 0.000000 -0.000000
 23 0.000002 -4.440602 0.000000 1.569944 -0.062987 0.004053
 24 11.375561 0.000001 0.000002 -2.352832 0.332759 0.300905
 25 -0.000001 -4.440603 0.000001 1.570144 -0.062988 0.004040
 26 10.510130 -0.000001 -0.000001 -0.000000 -0.000000 -1.982021
 27 0.000000 -1.748402 4.999999 -0.000000 0.004007 1.602290
 28 5.500001 -0.000001 -0.000000 0.498211 0.000000 -0.000000
 29 -0.000001 -1.940599 5.000001 -0.044472 0.004003 -0.000180
 30 6.551494 -0.000001 -0.000001 -0.944489 0.052603 -0.594053
 31 -0.000000 -1.940598 5.000001 -0.027189 -0.053376 0.005295
 32 6.551493 -0.000001 -0.000002 -0.401753 0.095339 -0.246518
 33 0.000000 -1.940599 4.999998 -0.066572 -0.152786 -0.110311
 34 0.932045 0.227496 -1.443420 2.640080 1.167702 -0.537912
 35 6.384778 0.000001 -0.000002 0.144273 -0.177084 -1.246232
 36 10.242682 -0.000002 0.000002 0.000000 0.000000 -1.872123
 37 11.375562 0.000001 0.000002 2.586082 0.197804 0.321176
 38 0.728679 0.023431 1.008293 -1.579583 -0.319038 0.212973
 39 2.136497 -0.000000 -0.000000 0.000000 0.000000 1.282817
 40 2.313138 0.000001 -0.000001 0.000000 0.000000 3.141593
 41 3.115506 -0.886042 0.021431 0.420766 0.316066 0.167178
 42 2.011150 -0.000000 -0.000000 -0.000000 0.000000 2.082010
 43 2.141379 0.000000 0.000000 0.000000 0.000000 3.141593
 44 1.734172 -0.000000 0.000001 -0.000000 0.000000 1.041748
 45 0.136315 -3.738194 2.525890 1.493698 2.759406 -1.474501
 46 14.562626 -1.166814 -0.284477 0.258917 0.054664 1.504024
 47 11.389366 -0.000820 0.158782 2.068874 0.154283 0.147257
 48 0.000000 -4.440600 0.000000 1.570144 -3.078602 0.004040
 49 6.000000 -0.000000 0.000001 2.068874 0.000000 0.000000
 50 0.000003 -4.440601 -0.000002 1.569944 -3.078603 0.004053
 51 10.510131 -0.000001 0.000002 0.000000 0.000000 -2.506858
 52 0.000001 -1.748400 -5.000000 -3.141593 0.004007 -1.539299
 53 5.499999 -0.000000 0.000000 -0.027765 0.000000 -0.000000
 54 -0.000001 0.000001 -5.000000 -0.044472 3.137589 -0.000177
 55 6.551491 -0.000000 -0.000001 0.027765 -0.085699 -0.329682
 56 -1.266843 -1.937442 -4.950560 -0.066572 -2.988806 -0.110308
 57 6.551491 -0.000000 -0.000001 0.027765 -0.085699 -0.329682
 58 0.699371 -1.944208 -5.006846 -0.027189 -3.088217 0.005298
 59 4.226147 -0.003203 -0.000002 -0.074325 0.322347 -0.062982
 60 -0.000002 5.000001 -0.000000 -0.153565 0.000087 2.718702
 61 0.000006 -0.000006 -3.713579 0.119535 -2.936655 -0.885276
 62 0.000001 0.000000 5.000000 3.053195 1.558589 -0.074929
 63 -0.000005 0.000005 3.713580 -0.311487 -2.845558 -0.582080
 64 0.000000 -0.000000 -5.000000 -0.088722 1.558589 3.066339
 65 7.363603 1.646646 0.495663 -3.141593 -1.570796 0.000000
 66 -0.000005 0.000005 3.619082 -0.441735 -2.434423 -1.159241
 67 16.573919 -0.000001 0.000002 -0.000000 -0.000000 -2.011748
 68 15.128180 0.000001 0.000001 0.026832 0.026147 -0.175154
 69 5.758666 4.244731 0.000000 0.000000 -0.000000 2.033309
 70 3.177727 -0.000000 0.000000 0.000000 0.000000 3.141593
 71 15.708950 0.000002 0.000001 0.013957 0.013894 -0.093781
 72 0.275147 0.189214 -3.445208 3.130898 0.000409 -1.514604
 73 17.210194 -0.000002 0.000003 0.000000 0.000000 -2.319003
 74 0.000000 -0.000001 -4.999999 -0.079433 1.546568 -1.570859
 75 0.000007 -0.000004 -3.619079 0.260448 -2.945758 -1.468642
 76 16.573919 -0.000000 0.000001 0.000000 0.000000 -1.562392
 77 15.128181 0.000000 0.000001 0.265624 -0.173430 0.666428
 78 5.758665 4.244731 0.000000 -0.000000 0.000000 1.483530
 79 4.003934 -0.000000 0.000000 0.000000 0.000000 0.000000
 80 15.708953 0.000000 0.000000 0.195074 -0.100553 0.460486
 81 0.273998 0.191090 3.439762 -3.130907 -0.000437 -1.508107
 82 17.210196 0.000000 0.000001 -0.000000 0.000000 -2.116793
 83 0.000000 -0.000001 5.000000 -0.079311 1.595025 -1.570737
time 10
  0 0.500000 13.522099 26.931471 -0.243067 0.535714 -2.432935
  1 13.773750 5.584524 -22.520975 -0.544290 0.221328 2.303921
  2 -2.276936 0.000004 -1.238185 -1.570795 -1.570451 0.000000
  3 1.796580 0.712008 0.001018 -0.316267 -0.001935 -0.181262
  4 4.119643 -0.002953 0.000982 -0.304928 0.084148 0.311293
  5 4.119739 -0.003072 -0.000147 0.045402 0.112953 0.359822
  6 4.119685 -0.003043 0.000570 -0.175203 0.098462 0.323936
  7 4.117988 -0.003434 0.000595 -0.197182 0.539477 -0.279755
  8 4.443600 0.000001 -0.000000 0.328055 -0.530992 0.008691
  9 9.024059 -0.000001 -0.000001 0.000000 0.000000 0.000000
 10 -0.890073 -0.287708 1.457827 0.589218 -0.774289 2.631356
 11 6.384777 -0.000000 -0.000000 -1.434150 -0.226523 -0.967134
 12 10.242682 0.000001 0.000000 0.000000 0.000000 -0.568539
 13 11.375563 0.000001 -0.000000 -2.941778 0.797786 0.313590
 14 0.728680 0.023432 -1.008291 1.100072 0.611404 0.551668
 15 2.136496 -0.000000 0.000001 0.000000 0.000000 -0.078540
 16 2.313140 -0.000000 0.000000 0.000000 0.000000 0.000000
 17 3.115507 -0.886041 -0.021432 -0.454479 0.000392 0.514872
 18 2.011149 -0.000001 -0.000001 0.000000 -0.000000 1.322792
 19 2.141379 -0.000001 0.000000 0.000000 0.000000 0.000000
 20 1.734173 0.000000 -0.000001 -0.000000 -0.000000 0.660693
 21 0.000009 -4.440593 0.000000 1.570544 -0.062990 -0.195737
 22 6.000000 -0.000000 0.000000 -2.637234 0.000000 -0.000000
 23 0.000003 -4.440602 -0.000000 1.569944 -0.062987 0.004053
 24 11.375562 0.000000 0.000003 -2.233183 0.336959 0.312612
 25 -0.000001 -4.440603 0.000000 1.570144 -0.062988 0.004040
 26 10.510129 0.000001 -0.000000 -0.000000 0.000000 -1.855066
 27 -0.000001 -1.748401 4.999999 -0.000000 0.004007 1.602291
 28 5.499998 0.000001 0.000000 0.543312 0.000000 -0.000000
 29 -0.000002 -1.940600 5.000001 -0.044472 0.004003 -0.000180
 30 6.551490 0.000001 0.000001 -1.058761 -0.039826 -0.678987
 31 -0.000000 -1.940599 5.000001 -0.027189 -0.053376 0.005295
 32 6.551490 0.000001 0.000001 -0.431149 0.077705 -0.275632
 33 -0.000001 -1.940600 4.999998 -0.066572 -0.152786 -0.110311
 34 0.890078 0.294786 -1.457829 2.696515 1.082406 -0.323704
 35 6.384778 0.000001 -0.000001 0.305918 -0.299158 -1.281914
 36 10.242681 -0.000000 0.000001 0.000000 -0.000000 -1.848133
 37 11.375561 0.000001 0.000002 2.521506 0.187869 0.333494
 38 0.728680 0.023431 1.008294 -1.579583 -0.319038 0.212973
 39 2.136497 -0.000003 0.000001 0.000000 -0.000000 1.282817
 40 2.313141 0.000001 -0.000001 0.000000 0.000000 3.141593
 41 3.115508 -0.886043 0.021431 0.420766 0.316066 0.167178
 42 2.011151 -0.000000 -0.000000 -0.000000 0.000000 2.082010
 43 2.141380 0.000000 -0.000001 0.000000 0.000000 3.141593
 44 1.734173 -0.000001 -0.000000 -0.000000 0.000000 1.041748
 45 0.136315 -3.738192 2.525889 1.493698 2.759406 -1.474501
 46 14.562628 -1.166814 -0.284478 0.258917 0.054664 1.504024
 47 11.389365 -0.000820 0.158782 2.037250 0.146801 0.157420
 48 0.000000 -4.440599 -0.000001 1.570144 -3.078602 0.004040
 49 6.000000 0.000000 0.000002 2.037250 0.000000 -0.000000
 50 0.000002 -4.440601 0.000002 1.569944 -3.078603 0.004053
 51 10.510130 0.000001 0.000001 -0.000000 0.000000 -2.494863
 52 0.000001 -1.748398 -4.999998 -3.141593 0.004007 -1.539299
 53 5.500000 0.000001 0.000001 -0.055969 0.000000 0.000000
 54 -0.000000 -0.000001 -4.999999 -0.044472 3.137589 -0.000177
 55 6.551492 0.000000 0.000000 0.055969 -0.148137 -0.334215
 56 -1.266843 -1.937443 -4.950560 -0.066572 -2.988806 -0.110308
 57 6.551492 -0.000000 0.000000 0.055969 -0.148137 -0.334215
 58 0.699372 -1.944208 -5.006847 -0.027189 -3.088217 0.005298
 59 4.226145 -0.003201 -0.000000 -0.087914 0.308785 -0.147319
 60 0.000000 5.000000 -0.000000 -0.153564 0.000087 2.718702
 61 0.000006 -0.000006 -3.713579 0.119535 -2.936655 -0.885276
 62 0.000001 0.000000 5.000000 3.053195 1.558589 -0.074929
 63 -0.000005 0.000005 3.713580 -0.311487 -2.845558 -0.582080
 64 0.000000 -0.000000 -5.000000 -0.088722 1.558589 3.066339
 65 7.363603 1.646646 0.495663 -3.141593 -1.570796 0.000000
 66 -0.000005 0.000005 3.619082 -0.441735 -2.434423 -1.159241
 67 16.573919 -0.000001 0.000002 -0.000000 -0.000000 -2.011748
 68 15.128180 0.000001 0.000001 0.026832 0.026147 -0.175154
 69 5.758666 4.244731 0.000000 0.000000 -0.000000 2.033309
 70 3.177727 -0.000000 0.000000 0.000000 0.000000 3.141593
 71 15.708950 0.000002 0.000001 0.013957 0.013894 -0.093781
 72 0.275147 0.189214 -3.445208 3.130898 0.000409 -1.514604
 73 17.210194 -0.000002 0.000003 0.000000 0.000000 -2.319003
 74 0.000000 -0.000001 -4.999999 -0.079433 1.546568 -1.570859
 75 0.000007 -0.000004 -3.619079 0.260448 -2.945758 -1.468642
 76 16.573919 -0.000000 0.000001 0.000000 0.000000 -1.562392
 77 15.128181 0.000000 0.000001 0.265624 -0.173430 0.666428
 78 5.758665 4.244731 0.000000 -0.000000 0.000000 1.483530
 79 4.003934 -0.000000 0.000000 0.000000 0.000000 0.000000
 80 15.708953 0.000000 0.000000 0.195074 -0.100553 0.460486
 81 0.273998 0.191090 3.439762 -3.130907 -0.000437 -1.508107
 82 17.210196 0.000000 0.000001 -0.000000 0.000000 -2.116793
 83 0.000000 -0.000001 5.000000 -0.079311 1.595025 -1.570737
time 11
  0 0.500000 13.522099 26.931471 -0.243067 0.535714 -2.432935
  1 13.773750 5.584524 -22.520975 -0.544290 0.221328 2.303921
  2 -2.276936 0.000004 -1.238185 -1.570795 -1.570451 0.000000
  3 1.796586 0.712007 0.001019 -0.316376 0.000066 -0.180344
  4 4.119643 -0.002952 0.000981 -0.304767 0.086134 0.312251
  5 4.119748 -0.003072 -0.000149 0.045707 0.114488 0.361409
  6 4.119687 -0.003043 0.000564 -0.173671 0.100289 0.325092
  7 4.117589 -0.003320 0.000682 -0.222695 0.511557 -0.406457
  8 4.443602 -0.000002 0.000000 0.267907 -0.530299 0.113117
  9 9.024059 -0.000000 0.000001 0.000000 0.000000 0.000000
 10 -0.848221 -0.330165 1.473593 0.637216 -0.758325 2.712486
 11 6.384779 -0.000001 -0.000000 -1.299148 -0.206247 -0.994029
 12 10.242682 0.000002 -0.000001 0.000000 -0.000000 -0.621214
 13 11.375563 -0.000000 0.000001 -3.016043 0.869023 0.241859
 14 0.728680 0.023429 -1.008292 1.100072 0.611404 0.551668
 15 2.136497 0.000001 0.000000 0.000000 0.000000 -0.078540
 16 2.313140 -0.000002 0.000000 0.000000 0.000000 0.000000
 17 3.115506 -0.886043 -0.021432 -0.454479 0.000392 0.514872
 18 2.011149 0.000001 -0.000000 0.000000 0.000000 1.322792
 19 2.141380 0.000001 0.000001 0.000000 0.000000 0.000000
 20 1.734171 0.000002 -0.000001 0.000000 -0.000000 0.660693
 21 0.000004 -4.440594 0.000000 1.570544 -0.062990 -0.195737
 22 6.000000 0.000000 0.000000 -2.684579 0.000000 0.000000
 23 0.000002 -4.440600 0.000001 1.569944 -0.062987 0.004053
 24 11.375563 0.000001 0.000004 -2.249289 0.379382 0.304120
 25 -0.000001 -4.440602 0.000001 1.570144 -0.062988 0.004040
 26 10.510131 0.000002 -0.000001 0.000000 -0.000000 -1.881403
 27 -0.000001 -1.748401 4.999999 -0.000000 0.004007 1.602291
 28 5.500000 0.000002 -0.000000 0.501421 -0.000000 0.000000
 29 -0.000001 -1.940598 5.000001 -0.044472 0.004003 -0.000180
 30 6.551491 0.000001 0.000001 -0.954323 -0.034408 -0.681849
 31 -0.000000 -1.940600 5.000002 -0.027189 -0.053376 0.005295
 32 6.551491 0.000001 0.000001 -0.401958 0.069738 -0.286513
 33 0.000001 -1.940600 4.999996 -0.066572 -0.152786 -0.110311
 34 0.848230 0.337237 -1.473593 2.711564 1.008302 -0.169215
 35 6.384777 0.000000 -0.000000 0.467204 -0.427376 -1.343224
 36 10.242682 -0.000001 0.000000 0.000000 -0.000000 -1.838366
 37 11.375562 0.000001 0.000001 2.464198 0.185160 0.353877
 38 0.728679 0.023431 1.008293 -1.579583 -0.319038 0.212973
 39 2.136496 -0.000001 -0.000000 0.000000 0.000000 1.282817
 40 2.313142 0.000000 -0.000001 0.000000 0.000000 3.141593
 41 3.115505 -0.886042 0.021431 0.420766 0.316066 0.167178
 42 2.011151 0.000000 0.000000 0.000000 -0.000000 2.082010
 43 2.141379 0.000001 0.000000 0.000000 0.000000 3.141593
 44 1.734173 -0.000001 -0.000000 0.000000 -0.000000 1.041748
 45 0.136315 -3.738192 2.525889 1.493698 2.759406 -1.474501
 46 14.562627 -1.166815 -0.284477 0.258917 0.054664 1.504024
 47 11.389367 -0.000818 0.158782 2.008521 0.144102 0.170180
 48 0.000002 -4.440599 -0.000001 1.570144 -3.078602 0.004040
 49 6.000000 0.000001 -0.000001 2.008521 -0.000000 -0.000000
 50 0.000002 -4.440601 -0.000001 1.569944 -3.078603 0.004053
 51 10.510133 -0.000001 0.000001 0.000000 -0.000000 -2.489979
 52 -0.000000 -1.748399 -4.999999 -3.141593 0.004007 -1.539299
 53 5.500000 -0.000000 -0.000001 -0.068548 0.000000 0.000000
 54 0.000001 -0.000001 -4.999998 -0.044472 3.137589 -0.000177
 55 6.551489 -0.000001 0.000001 0.068548 -0.207157 -0.340595
 56 -1.266845 -1.937443 -4.950562 -0.066572 -2.988806 -0.110308
 57 6.551491 0.000001 -0.000001 0.068548 -0.207157 -0.340595
 58 0.699371 -1.944209 -5.006849 -0.027189 -3.088217 0.005298
 59 4.226145 -0.003201 0.000000 -0.094092 0.295473 -0.217628
 60 0.000003 5.000000 0.000001 -0.153564 0.000087 2.718702
 61 0.000006 -0.000006 -3.713579 0.119535 -2.936655 -0.885276
 62 0.000001 0.000000 5.000000 3.053195 1.558589 -0.074929
 63 -0.000005 0.000005 3.713580 -0.311487 -2.845558 -0.582080
 64 0.000000 -0.000000 -5.000000 -0.088722 1.558589 3.066339
 65 7.363603 1.646646 0.495663 -3.141593 -1.570796 0.000000
 66 -0.000005 0.000005 3.619082 -0.441735 -2.434423 -1.159241
 67 16.573919 -0.000001 0.000002 -0.000000 -0.000000 -2.011748
 68 15.128180 0.000001 0.000001 0.026832 0.026147 -0.175154
 69 5.758666 4.244731 0.000000 0.000000 -0.000000 2.033309
 70 3.177727 -0.000000 0.000000 0.000000 0.000000 3.141593
 71 15.708950 0.000002 0.000001 0.013957 0.013894 -0.093781
 72 0.275147 0.189214 -3.445208 3.130898 0.000409 -1.514604
 73 17.210194 -0.000002 0.000003 0.000000 0.000000 -2.319003
 74 0.000000 -0.000001 -4.999999 -0.079433 1.546568 -1.570859
 75 0.000007 -0.000004 -3.619079 0.260448 -2.945758 -1.468642
 76 16.573919 -0.000000 0.000001 0.000000 0.000000 -1.562392
 77 15.128181 0.000000 0.000001 0.265624 -0.173430 0.666428
 78 5.758665 4.244731 0.000000 -0.000000 0.000000 1.483530
 79 4.003934 -0.000000 0.000000 0.000000 0.000000 0.000000
 80 15.708953 0.000000 0.000000 0.195074 -0.100553 0.460486
 81 0.273998 0.191090 3.439762 -3.130907 -0.000437 -1.508107
 82 17.210196 0.000000 0.000001 -0.000000 0.000000 -2.116793
 83 0.000000 -0.000001 5.000000 -0.079311 1.595025 -1.570737
time 12
  0 0.500000 13.522099 26.931471 -0.243067 0.535714 -2.432935
  1 13.773750 5.584524 -22.520975 -0.544290 0.221328 2.303921
  2 -2.276936 0.000004 -1.238185 -1.570795 -1.570451 0.000000
  3 1.796588 0.712007 0.001019 -0.316446 0.001346 -0.179757
  4 4.119650 -0.002951 0.000980 -0.304663 0.087404 0.312863
  5 4.119746 -0.003069 -0.000148 0.045904 0.115470 0.362425
  6 4.119692 -0.003045 0.000559 -0.172690 0.101457 0.325833
  7 4.117319 -0.003224 0.000690 -0.222731 0.494939 -0.486039
  8 4.443601 -0.000001 0.000000 0.211338 -0.530749 0.175732
  9 9.024060 0.000001 0.000001 0.000000 0.000000 0.000000
 10 -0.822998 -0.333283 1.487126 0.679356 -0.743404 2.759889
 11 6.384777 -0.000002 -0.000001 -1.090491 -0.106581 -0.952969
 12 10.242683 -0.000001 -0.000001 0.000000 0.000000 -0.830224
 13 11.375562 0.000000 -0.000001 3.042706 0.932208 0.095677
 14 0.728681 0.023430 -1.008293 1.100072 0.611404 0.551668
 15 2.136497 0.000001 -0.000001 0.000000 0.000000 -0.078540
 16 2.313138 -0.000000 0.000001 0.000000 0.000000 0.000000
 17 3.115506 -0.886041 -0.021432 -0.454479 0.000392 0.514872
 18 2.011150 0.000000 -0.000001 0.000000 0.000000 1.322792
 19 2.141379 -0.000000 0.000001 0.000000 0.000000 0.000000
 20 1.734172 0.000002 -0.000000 0.000000 0.000000 0.660693
 21 0.000005 -4.440593 -0.000001 1.570544 -0.062990 -0.195737
 22 6.000000 0.000001 -0.000000 -2.847641 -0.000000 -0.000000
 23 0.000001 -4.440601 0.000000 1.569944 -0.062987 0.004053
 24 11.375561 0.000000 0.000001 -2.314648 0.426799 0.295285
 25 -0.000001 -4.440603 0.000002 1.570144 -0.062988 0.004040
 26 10.510133 -0.000000 -0.000001 -0.000000 -0.000000 -1.985908
 27 0.000002 -1.748402 4.999999 -0.000000 0.004007 1.602291
 28 5.500002 0.000000 -0.000000 0.423248 0.000000 -0.000000
 29 -0.000002 -1.940599 5.000000 -0.044472 0.004003 -0.000180
 30 6.551492 -0.000002 -0.000001 -0.781614 0.024600 -0.642008
 31 -0.000001 -1.940598 5.000001 -0.027189 -0.053376 0.005295
 32 6.551492 -0.000002 -0.000001 -0.344589 0.074909 -0.280981
 33 -0.000003 -1.940599 4.999998 -0.066572 -0.152786 -0.110311
 34 0.823004 0.340360 -1.487124 2.701652 0.952805 -0.083621
 35 6.384775 0.000001 -0.000000 0.612922 -0.559266 -1.423045
 36 10.242682 -0.000001 0.000002 -0.000000 -0.000000 -1.842663
 37 11.375561 -0.000002 -0.000002 2.420707 0.192271 0.376332
 38 0.728681 0.023430 1.008291 -1.579583 -0.319038 0.212973
 39 2.136497 0.000000 -0.000001 0.000000 -0.000000 1.282817
 40 2.313138 0.000000 -0.000000 0.000000 0.000000 3.141593
 41 3.115506 -0.886042 0.021432 0.420766 0.316066 0.167178
 42 2.011152 -0.000001 0.000000 0.000000 0.000000 2.082010
 43 2.141380 0.000000 -0.000000 0.000000 0.000000 3.141593
 44 1.734172 -0.000001 -0.000000 -0.000000 -0.000000 1.041748
 45 0.136315 -3.738194 2.525892 1.493698 2.759406 -1.474501
 46 14.562628 -1.166815 -0.284478 0.258917 0.054664 1.504024
 47 11.389367 -0.000820 0.158780 1.985924 0.147212 0.181971
 48 -0.000000 -4.440601 0.000000 1.570144 -3.078602 0.004040
 49 6.000000 0.000001 -0.000002 1.985924 0.000000 0.000000
 50 0.000001 -4.440600 -0.000001 1.569944 -3.078603 0.004053
 51 10.510133 -0.000000 0.000003 0.000000 0.000000 -2.492128
 52 0.000000 -1.748399 -5.000000 -3.141593 0.004007 -1.539299
 53 5.500001 -0.000000 0.000002 -0.067004 0.000000 0.000000
 54 -0.000000 0.000000 -5.000000 -0.044472 3.137589 -0.000177
 55 6.551489 -0.000000 0.000001 0.067004 -0.264650 -0.344719
 56 -1.266844 -1.937442 -4.950561 -0.066572 -2.988806 -0.110308
 57 6.551490 -0.000001 0.000001 0.067004 -0.264650 -0.344719
 58 0.699371 -1.944207 -5.006848 -0.027189 -3.088217 0.005298
 59 4.226147 -0.003202 -0.000000 -0.089542 0.287336 -0.261245
 60 -0.000000 5.000000 0.000000 -0.153564 0.000087 2.718702
 61 0.000006 -0.000006 -3.713579 0.119535 -2.936655 -0.885276
 62 0.000001 0.000000 5.000000 3.053195 1.558589 -0.074929
 63 -0.000005 0.000005 3.713580 -0.311487 -2.845558 -0.582080
 64 0.000000 -0.000000 -5.000000 -0.088722 1.558589 3.066339
 65 7.363603 1.646646 0.495663 -3.141593 -1.570796 0.000000
 66 -0.000005 0.000005 3.619082 -0.441735 -2.434423 -1.159241
 67 16.573919 -0.000001 0.000002 -0.000000 -0.000000 -2.011748
 68 15.128180 0.000001 0.000001 0.026832 0.026147 -0.175154
 69 5.758666 4.244731 0.000000 0.000000 -0.000000 2.033309
 70 3.177727 -0.000000 0.000000 0.000000 0.000000 3.141593
 71 15.708950 0.000002 0.000001 0.013957 0.013894 -0.093781
 72 0.275147 0.189214 -3.445208 3.130898 0.000409 -1.514604
 73 17.210194 -0.000002 0.000003 0.000000 0.000000 -2.319003
 74 0.000000 -0.000001 -4.999999 -0.079433 1.546568 -1.570859
 75 0.000007 -0.000004 -3.619079 0.260448 -2.945758 -1.468642
 76 16.573919 -0.000000 0.000001 0.000000 0.000000 -1.562392
 77 15.128181 0.000000 0.000001 0.265624 -0.173430 0.666428
 78 5.758665 4.244731 0.000000 -0.000000 0.000000 1.483530
 79 4.003934 -0.000000 0.000000 0.000000 0.000000 0.000000
 80 15.708953 0.000000 0.000000 0.195074 -0.100553 0.460486
 81 0.273998 0.191090 3.439762 -3.130907 -0.000437 -1.508107
 82 17.210196 0.000000 0.000001 -0.000000 0.000000 -2.116793
 83 0.000000 -0.000001 5.000000 -0.079311 1.595025 -1.570737
time 13
  0 0.500000 13.522099 26.931471 -0.243067 0.535714 -2.432935
  1 13.773750 5.584524 -22.520975 -0.544290 0.221328 2.303921
  2 -2.276936 0.000004 -1.238185 -1.570795 -1.570451 0.000000
  3 1.796590 0.712006 0.001019 -0.316470 0.001797 -0.179550
  4 4.119647 -0.002950 0.000980 -0.304627 0.087851 0.313079
  5 4.119750 -0.003070 -0.000148 0.045973 0.115815 0.362783
  6 4.119693 -0.003044 0.000559 -0.172344 0.101868 0.326095
  7 4.117247 -0.003201 0.000653 -0.211170 0.493818 -0.502015
  8 4.443597 0.000001 -0.000000 0.185330 -0.533906 0.183547
  9 9.024061 0.000000 0.000001 0.000000 0.000000 0.000000
 10 -0.821293 -0.316261 1.491820 0.660348 -0.761668 2.813847
 11 6.384778 -0.000001 0.000000 -1.004934 -0.028806 -0.976445
 12 10.242681 -0.000000 0.000000 -0.000000 -0.000000 -0.972645
 13 11.375562 0.000001 0.000002 2.977929 0.967458 0.068239
 14 0.728680 0.023431 -1.008291 1.100073 0.611404 0.551668
 15 2.136496 -0.000000 0.000000 0.000000 0.000000 -0.078540
 16 2.313139 0.000000 -0.000000 0.000000 0.000000 0.000000
 17 3.115506 -0.886041 -0.021432 -0.454479 0.000392 0.514872
 18 2.011150 0.000000 -0.000000 0.000000 0.000000 1.322792
 19 2.141379 -0.000001 -0.000000 0.000000 0.000000 0.000000
 20 1.734172 0.000001 -0.000000 0.000000 -0.000000 0.660693
 21 0.000006 -4.440593 0.000001 1.570544 -0.062990 -0.195737
 22 5.999999 -0.000001 -0.000000 -2.894559 0.000000 0.000000
 23 0.000002 -4.440602 -0.000000 1.569944 -0.062987 0.004053
 24 11.375561 0.000001 0.000005 -2.329885 0.445479 0.307232
 25 -0.000001 -4.440604 0.000000 1.570144 -0.062988 0.004040
 26 10.510131 -0.000000 0.000001 0.000000 -0.000000 -2.057119
 27 -0.000001 -1.748400 4.999999 -0.000000 0.004007 1.602290
 28 5.499999 -0.000000 0.000000 0.383066 0.000000 -0.000000
 29 -0.000002 -1.940598 5.000000 -0.044472 0.004003 -0.000180
 30 6.551492 0.000001 -0.000000 -0.704625 0.066836 -0.637206
 31 -0.000001 -1.940600 5.000001 -0.027189 -0.053376 0.005295
 32 6.551492 0.000001 -0.000000 -0.313011 0.087016 -0.281083
 33 0.000001 -1.940600 4.999996 -0.066572 -0.152786 -0.110311
 34 0.821293 0.323338 -1.491821 2.689463 0.932298 -0.071130
 35 6.384775 -0.000001 -0.000001 0.677288 -0.629742 -1.467178
 36 10.242682 -0.000002 0.000000 0.000000 0.000000 -1.850343
 37 11.375559 0.000000 -0.000001 2.405427 0.200270 0.386959
 38 0.728680 0.023433 1.008295 -1.579583 -0.319038 0.212973
 39 2.136496 0.000001 -0.000002 0.000000 0.000000 1.282817
 40 2.313138 -0.000001 0.000001 0.000000 0.000000 3.141593
 41 3.115507 -0.886040 0.021432 0.420766 0.316066 0.167178
 42 2.011152 -0.000000 0.000003 -0.000000 0.000000 2.082010
 43 2.141380 0.000000 -0.000001 0.000000 0.000000 3.141593
 44 1.734173 -0.000001 0.000001 -0.000000 0.000000 1.041748
 45 0.136316 -3.738193 2.525891 1.493698 2.759406 -1.474501
 46 14.562629 -1.166815 -0.284474 0.258917 0.054664 1.504024
 47 11.389365 -0.000819 0.158781 1.977530 0.151283 0.186676
 48 0.000001 -4.440598 -0.000001 1.570144 -3.078602 0.004040
 49 5.999999 -0.000000 -0.000001 1.977530 -0.000000 -0.000000
 50 0.000003 -4.440601 -0.000002 1.569944 -3.078603 0.004053
 51 10.510132 -0.000000 -0.000001 -0.000000 -0.000000 -2.495968
 52 -0.000001 -1.748398 -4.999999 -3.141593 0.004007 -1.539299
 53 5.499999 0.000000 -0.000002 -0.061458 -0.000000 -0.000000
 54 -0.000001 -0.000001 -4.999999 -0.044472 3.137590 -0.000177
 55 6.551491 -0.000000 -0.000001 0.061458 -0.292655 -0.343876
 56 -1.266843 -1.937444 -4.950561 -0.066572 -2.988806 -0.110308
 57 6.551491 -0.000000 -0.000001 0.061458 -0.292655 -0.343876
 58 0.699371 -1.944207 -5.006849 -0.027189 -3.088217 0.005298
 59 4.226146 -0.003200 -0.000001 -0.082211 0.286374 -0.270427
 60 -0.000000 5.000002 0.000000 -0.153564 0.000087 2.718702
 61 0.000006 -0.000006 -3.713579 0.119535 -2.936655 -0.885276
 62 0.000001 0.000000 5.000000 3.053195 1.558589 -0.074929
 63 -0.000005 0.000005 3.713580 -0.311487 -2.845558 -0.582080
 64 0.000000 -0.000000 -5.000000 -0.088722 1.558589 3.066339
 65 7.363603 1.646646 0.495663 -3.141593 -1.570796 0.000000
 66 -0.000005 0.000005 3.619082 -0.441735 -2.434423 -1.159241
 67 16.573919 -0.000001 0.000002 -0.000000 -0.000000 -2.011748
 68 15.128180 0.000001 0.000001 0.026832 0.026147 -0.175154
 69 5.758666 4.244731 0.000000 0.000000 -0.000000 2.033309
 70 3.177727 -0.000000 0.000000 0.000000 0.000000 3.141593
 71 15.708950 0.000002 0.000001 0.013957 0.013894 -0.093781
 72 0.275147 0.189214 -3.445208 3.130898 0.000409 -1.514604
 73 17.210194 -0.000002 0.000003 0.000000 0.000000 -2.319003
 74 0.000000 -0.000001 -4.999999 -0.079433 1.546568 -1.570859
 75 0.000007 -0.000004 -3.619079 0.260448 -2.945758 -1.468642
 76 16.573919 -0.000000 0.000001 0.000000 0.000000 -1.562392
 77 15.128181 0.000000 0.000001 0.265624 -0.173430 0.666428
 78 5.758665 4.244731 0.000000 -0.000000 0.000000 1.483530
 79 4.003934 -0.000000 0.000000 0.000000 0.000000 0.000000
 80 15.708953 0.000000 0.000000 0.195074 -0.100553 0.460486
 81 0.273998 0.191090 3.439762 -3.130907 -0.000437 -1.508107
 82 17.210196 0.000000 0.000001 -0.000000 0.000000 -2.116793
 83 0.000000 -0.000001 5.000000 -0.079311 1.595025 -1.570737
time 14
  0 0.500000 13.522099 26.931471 -0.243067 0.535714 -2.432935
  1 13.773750 5.584524 -22.520975 -0.544290 0.221328 2.303921
  2 -2.276936 0.000004 -1.238185 -1.570795 -1.570451 0.000000
  3 1.796573 0.712009 0.001018 -0.316129 -0.004392 -0.182390
  4 4.119634 -0.002954 0.000983 -0.305123 0.081710 0.310117
  5 4.119738 -0.003077 -0.000148 0.045030 0.111067 0.357874
  6 4.119678 -0.003041 0.000577 -0.177080 0.096217 0.322521
  7 4.117237 -0.003221 0.000534 -0.173568 0.504184 -0.485841
  8 4.443597 0.000001 -0.000001 0.140255 -0.530852 0.186911
  9 9.024059 0.000000 0.000001 0.000000 0.000000 0.000000
 10 -0.837064 -0.258469 1.494322 0.557520 -0.828737 2.948763
 11 6.384777 -0.000002 -0.000000 -1.173053 0.093996 -1.247560
 12 10.242682 -0.000001 -0.000000 0.000000 0.000000 -0.970715
 13 11.375560 0.000001 -0.000000 -2.735650 1.017059 0.633703
 14 0.728680 0.023432 -1.008291 1.100072 0.611404 0.551668
 15 2.136498 -0.000000 -0.000001 0.000000 -0.000000 -0.078540
 16 2.313138 0.000001 -0.000001 0.000000 0.000000 0.000000
 17 3.115506 -0.886040 -0.021431 -0.454479 0.000392 0.514872
 18 2.011151 0.000001 0.000000 -0.000000 0.000000 1.322792
 19 2.141379 -0.000002 0.000000 0.000000 0.000000 0.000000
 20 1.734173 0.000001 -0.000000 -0.000000 -0.000000 0.660693
 21 0.000006 -4.440595 0.000001 1.570544 -0.062990 -0.195737
 22 5.999999 0.000002 -0.000001 -2.526229 -0.000000 -0.000000
 23 0.000002 -4.440603 0.000000 1.569944 -0.062987 0.004053
 24 11.375561 0.000000 0.000003 -2.176901 0.408541 0.454502
 25 -0.000001 -4.440605 -0.000001 1.570144 -0.062988 0.004040
 26 10.510130 -0.000001 -0.000000 -0.000000 -0.000000 -2.056154
 27 0.000002 -1.748401 4.999999 -0.000000 0.004007 1.602291
 28 5.499999 -0.000001 -0.000001 0.399983 -0.000000 -0.000000
 29 0.000000 -1.940599 5.000000 -0.044472 0.004003 -0.000180
 30 6.551493 -0.000002 -0.000001 -0.771165 0.158087 -0.749031
 31 0.000003 -1.940598 5.000001 -0.027189 -0.053376 0.005295
 32 6.551493 -0.000002 -0.000001 -0.321592 0.141361 -0.310393
 33 -0.000000 -1.940598 4.999997 -0.066572 -0.152786 -0.110311
 34 0.837063 0.265547 -1.494322 2.604428 0.945205 -0.171112
 35 6.384778 0.000001 -0.000002 0.653123 -0.753695 -1.470770
 36 10.242683 -0.000002 0.000001 0.000000 -0.000000 -1.897052
 37 11.375560 -0.000002 0.000001 2.425262 0.227180 0.409908
 38 0.728680 0.023431 1.008292 -1.579583 -0.319038 0.212973
 39 2.136497 -0.000002 0.000000 0.000000 -0.000000 1.282817
 40 2.313141 -0.000000 -0.000002 0.000000 0.000000 3.141593
 41 3.115507 -0.886042 0.021432 0.420766 0.316066 0.167178
 42 2.011152 0.000000 -0.000000 0.000000 0.000000 2.082010
 43 2.141379 0.000000 0.000000 0.000000 0.000000 3.141593
 44 1.734174 -0.000002 -0.000000 -0.000000 0.000000 1.041748
 45 0.136316 -3.738194 2.525891 1.493698 2.759406 -1.474501
 46 14.562629 -1.166815 -0.284475 0.258917 0.054664 1.504024
 47 11.389365 -0.000819 0.158782 1.984776 0.168015 0.193363
 48 -0.000000 -4.440598 -0.000000 1.570144 -3.078602 0.004040
 49 5.999999 0.000002 0.000000 1.984776 0.000000 0.000000
 50 0.000003 -4.440601 -0.000000 1.569944 -3.078603 0.004053
 51 10.510132 -0.000002 0.000001 -0.000000 0.000000 -2.519322
 52 0.000001 -1.748402 -5.000000 -3.141593 0.004007 -1.539299
 53 5.499999 0.000000 0.000000 -0.031430 0.000000 -0.000000
 54 -0.000001 -0.000000 -5.000000 -0.044472 3.137589 -0.000177
 55 6.551491 -0.000001 -0.000001 0.031430 -0.318986 -0.326737
 56 -1.266842 -1.937444 -4.950558 -0.066572 -2.988806 -0.110308
 57 6.551494 0.000002 -0.000002 0.031430 -0.318986 -0.326737
 58 0.699372 -1.944206 -5.006847 -0.027189 -3.088217 0.005298
 59 4.226145 -0.003201 0.000000 -0.062169 0.290061 -0.263781
 60 -0.000001 5.000002 0.000000 -0.153564 0.000087 2.718702
 61 0.000006 -0.000006 -3.713579 0.119535 -2.936655 -0.885276
 62 0.000001 0.000000 5.000000 3.053195 1.558589 -0.074929
 63 -0.000005 0.000005 3.713580 -0.311487 -2.845558 -0.582080
 64 0.000000 -0.000000 -5.000000 -0.088722 1.558589 3.066339
 65 7.363603 1.646646 0.495663 -3.141593 -1.570796 0.000000
 66 -0.000005 0.000005 3.619082 -0.441735 -2.434423 -1.159241
 67 16.573919 -0.000001 0.000002 -0.000000 -0.000000 -2.011748
 68 15.128180 0.000001 0.000001 0.026832 0.026147 -0.175154
 69 5.758666 4.244731 0.000000 0.000000 -0.000000 2.033309
 70 3.177727 -0.000000 0.000000 0.000000 0.000000 3.141593
 71 15.708950 0.000002 0.000001 0.013957 0.013894 -0.093781
 72 0.275147 0.189214 -3.445208 3.130898 0.000409 -1.514604
 73 17.210194 -0.000002 0.000003 0.000000 0.000000 -2.319003
 74 0.000000 -0.000001 -4.999999 -0.079433 1.546568 -1.570859
 75 0.000007 -0.000004 -3.619079 0.260448 -2.945758 -1.468642
 76 16.573919 -0.000000 0.000001 0.000000 0.000000 -1.562392
 77 15.128181 0.000000 0.000001 0.265624 -0.173430 0.666428
 78 5.758665 4.244731 0.000000 -0.000000 0.000000 1.483530
 79 4.003934 -0.000000 0.000000 0.000000 0.000000 0.000000
 80 15.708953 0.000000 0.000000 0.195074 -0.100553 0.460486
 81 0.273998 0.191090 3.439762 -3.130907 -0.000437 -1.508107
 82 17.210196 0.000000 0.000001 -0.000000 0.000000 -2.116793
 83 0.000000 -0.000001 5.000000 -0.079311 1.595025 -1.570737
time 15
  0 0.500000 13.522099 26.931471 -0.243067 0.535714 -2.432935
  1 13.773750 5.584524 -22.520975 -0.544290 0.221328 2.303921
  2 -2.276936 0.000004 -1.238185 -1.570795 -1.570451 0.000000
  3 1.796541 0.712014 0.001015 -0.315319 -0.018004 -0.188645
  4 4.119602 -0.002965 0.000985 -0.306149 0.068196 0.303615
  5 4.119706 -0.003087 -0.000140 0.043038 0.100605 0.347100
  6 4.119649 -0.003047 0.000611 -0.187421 0.083726 0.314759
  7 4.117392 -0.003319 0.000183 -0.059925 0.538603 -0.380724
  8 4.443600 -0.000001 0.000001 0.051969 -0.533720 0.134964
  9 9.024060 -0.000001 -0.000002 0.000000 0.000000 0.000000
 10 -0.888772 -0.085548 1.484744 0.427273 -0.884369 3.051013
 11 6.384777 -0.000001 0.000000 -1.483793 0.230403 -1.610886
 12 10.242682 0.000001 0.000001 0.000000 -0.000000 -0.968892
 13 11.375562 0.000002 0.000001 -2.161122 0.756951 1.198546
 14 0.728680 0.023431 -1.008293 1.100072 0.611404 0.551668
 15 2.136496 0.000000 0.000001 0.000000 -0.000000 -0.078540
 16 2.313139 0.000000 -0.000001 0.000000 0.000000 0.000000
 17 3.115507 -0.886041 -0.021432 -0.454479 0.000392 0.514872
 18 2.011151 0.000000 0.000000 -0.000000 0.000000 1.322792
 19 2.141381 -0.000001 -0.000001 0.000000 0.000000 0.000000
 20 1.734172 0.000001 0.000000 -0.000000 0.000000 0.660693
 21 0.000005 -4.440593 0.000001 1.570544 -0.062990 -0.195737
 22 6.000000 0.000001 0.000001 -2.150378 0.000000 -0.000000
 23 0.000003 -4.440600 0.000000 1.569944 -0.062987 0.004053
 24 11.375561 0.000002 0.000005 -1.986569 0.285849 0.609935
 25 -0.000000 -4.440604 -0.000001 1.570144 -0.062988 0.004040
 26 10.510132 0.000001 -0.000000 -0.000000 0.000000 -2.055242
 27 0.000001 -1.748400 4.999999 -0.000000 0.004007 1.602290
 28 5.500001 0.000001 -0.000000 0.402266 -0.000000 0.000000
 29 -0.000001 -1.940600 5.000001 -0.044472 0.004003 -0.000180
 30 6.551490 0.000001 0.000001 -1.041102 0.446820 -1.236076
 31 -0.000001 -1.940598 5.000001 -0.027189 -0.053376 0.005295
 32 6.551490 0.000001 0.000001 -0.292603 0.305196 -0.377436
 33 0.000002 -1.940599 4.999996 -0.066572 -0.152786 -0.110311
 34 0.888774 0.092624 -1.484744 2.365653 0.973683 -0.525193
 35 6.384777 0.000001 -0.000002 0.395897 -0.841049 -1.305319
 36 10.242681 -0.000001 0.000001 -0.000000 -0.000000 -1.982913
 37 11.375560 0.000000 0.000001 2.503910 0.264453 0.441177
 38 0.728681 0.023431 1.008289 -1.579583 -0.319038 0.212973
 39 2.136497 0.000001 -0.000001 0.000000 -0.000000 1.282817
 40 2.313141 -0.000000 -0.000001 0.000000 0.000000 3.141593
 41 3.115506 -0.886042 0.021430 0.420766 0.316066 0.167178
 42 2.011152 -0.000001 0.000001 0.000000 0.000000 2.082010
 43 2.141380 0.000001 0.000001 0.000000 0.000000 3.141593
 44 1.734173 -0.000002 0.000001 0.000000 -0.000000 1.041748
 45 0.136316 -3.738192 2.525891 1.493698 2.759406 -1.474501
 46 14.562627 -1.166815 -0.284480 0.258917 0.054664 1.504024
 47 11.389367 -0.000820 0.158782 2.019554 0.194444 0.199298
 48 0.000001 -4.440600 -0.000001 1.570144 -3.078602 0.004040
 49 6.000000 -0.000001 0.000001 2.019553 0.000000 -0.000000
 50 0.000002 -4.440601 -0.000002 1.569944 -3.078603 0.004053
 51 10.510131 0.000001 0.000000 -0.000000 -0.000000 -2.562253
 52 0.000000 -1.748400 -5.000001 -3.141593 0.004007 -1.539299
 53 5.500000 -0.000000 -0.000000 0.021725 -0.000000 0.000000
 54 -0.000000 0.000002 -5.000000 -0.044472 3.137589 -0.000177
 55 6.551490 -0.000000 -0.000000 -0.021725 -0.305802 -0.292446
 56 -1.266842 -1.937443 -4.950558 -0.066572 -2.988806 -0.110308
 57 6.551491 -0.000001 -0.000000 -0.021725 -0.305802 -0.292446
 58 0.699370 -1.944208 -5.006845 -0.027189 -3.088217 0.005298
 59 4.226146 -0.003201 0.000001 -0.006017 0.304151 -0.214138
 60 0.000001 5.000001 -0.000000 -0.153564 0.000087 2.718702
 61 0.000006 -0.000006 -3.713579 0.119535 -2.936655 -0.885276
 62 0.000001 0.000000 5.000000 3.053195 1.558589 -0.074929
 63 -0.000005 0.000005 3.713580 -0.311487 -2.845558 -0.582080
 64 0.000000 -0.000000 -5.000000 -0.088722 1.558589 3.066339
 65 7.363603 1.646646 0.495663 -3.141593 -1.570796 0.000000
 66 -0.000005 0.000005 3.619082 -0.441735 -2.434423 -1.159241
 67 16.573919 -0.000001 0.000002 -0.000000 -0.000000 -2.011748
 68 15.128180 0.000001 0.000001 0.026832 0.026147 -0.175154
 69 5.758666 4.244731 0.000000 0.000000 -0.000000 2.033309
 70 3.177727 -0.000000 0.000000 0.000000 0.000000 3.141593
 71 15.708950 0.000002 0.000001 0.013957 0.013894 -0.093781
 72 0.275147 0.189214 -3.445208 3.130898 0.000409 -1.514604
 73 17.210194 -0.000002 0.000003 0.000000 0.000000 -2.319003
 74 0.000000 -0.000001 -4.999999 -0.079433 1.546568 -1.570859
 75 0.000007 -0.000004 -3.619079 0.260448 -2.945758 -1.468642
 76 16.573919 -0.000000 0.000001 0.000000 0.000000 -1.562392
 77 15.128181 0.000000 0.000001 0.265624 -0.173430 0.666428
 78 5.758665 4.244731 0.000000 -0.000000 0.000000 1.483530
 79 4.003934 -0.000000 0.000000 0.000000 0.000000 0.000000
 80 15.708953 0.000000 0.000000 0.195074 -0.100553 0.460486
 81 0.273998 0.191090 3.439762 -3.130907 -0.000437 -1.508107
 82 17.210196 0.000000 0.000001 -0.000000 0.000000 -2.116793
 83 0.000000 -0.000001 5.000000 -0.079311 1.595025 -1.570737
time 16
  0 0.500000 13.522099 26.931471 -0.243067 0.535714 -2.432935
  1 13.773750 5.584524 -22.520975 -0.544290 0.221328 2.303921
  2 -2.276936 0.000004 -1.238185 -1.570795 -1.570451 0.000000
  3 1.796508 0.712021 0.001012 -0.314423 -0.031610 -0.194914
  4 4.119570 -0.002974 0.000989 -0.307086 0.054676 0.297133
  5 4.119672 -0.003097 -0.000134 0.041162 0.090123 0.336358
  6 4.119617 -0.003051 0.000642 -0.197653 0.071156 0.307135
  7 4.117693 -0.003410 -0.000257 0.086682 0.567642 -0.214104
  8 4.443600 0.000000 0.000001 -0.028749 -0.546949 0.031467
  9 9.024063 -0.000002 -0.000000 0.000000 0.000000 0.000000
 10 -0.931584 0.130016 1.455495 0.381633 -0.884640 2.999565
 11 6.384777 -0.000003 -0.000000 1.499892 2.793148 1.343851
 12 10.242682 -0.000001 0.000001 0.000000 -0.000000 -1.037481
 13 11.375561 -0.000000 0.000002 -2.030061 0.543652 1.357357
 14 0.728680 0.023429 -1.008291 1.100073 0.611404 0.551668
 15 2.136496 0.000001 0.000001 0.000000 -0.000000 -0.078540
 16 2.313139 -0.000001 0.000000 0.000000 0.000000 0.000000
 17 3.115507 -0.886043 -0.021431 -0.454479 0.000392 0.514872
 18 2.011151 -0.000000 -0.000001 0.000000 0.000000 1.322792
 19 2.141380 0.000001 0.000001 0.000000 0.000000 0.000000
 20 1.734172 -0.000000 0.000000 -0.000000 -0.000000 0.660693
 21 0.000008 -4.440593 0.000002 1.570544 -0.062990 -0.195737
 22 6.000000 -0.000000 0.000001 -2.033510 -0.000000 -0.000000
 23 0.000002 -4.440602 0.000000 1.569944 -0.062987 0.004053
 24 11.375561 -0.000000 0.000005 -1.908250 0.191140 0.679221
 25 0.000000 -4.440604 0.000000 1.570144 -0.062988 0.004040
 26 10.510131 -0.000000 -0.000000 0.000000 0.000000 -2.089537
 27 0.000000 -1.748401 4.999998 0.000000 0.004007 1.602290
 28 5.500000 -0.000001 -0.000000 0.367532 -0.000000 0.000000
 29 -0.000002 -1.940599 5.000000 -0.044472 0.004003 -0.000180
 30 6.551492 -0.000001 0.000000 -1.299544 0.589613 -1.569595
 31 0.000002 -1.940599 5.000002 -0.027189 -0.053376 0.005295
 32 6.551492 -0.000001 0.000000 -0.241348 0.374342 -0.356160
 33 0.000001 -1.940601 4.999996 -0.066572 -0.152786 -0.110311
 34 0.931590 -0.122938 -1.455495 2.132788 0.959780 -0.944755
 35 6.384778 0.000002 -0.000000 0.061872 -0.840762 -1.069490
 36 10.242681 -0.000001 -0.000000 0.000000 -0.000000 -2.070017
 37 11.375562 -0.000000 0.000001 2.594314 0.296636 0.472695
 38 0.728680 0.023431 1.008293 -1.579583 -0.319038 0.212973
 39 2.136496 0.000002 -0.000000 0.000000 -0.000000 1.282817
 40 2.313137 -0.000000 -0.000000 0.000000 0.000000 3.141593
 41 3.115508 -0.886042 0.021430 0.420766 0.316066 0.167178
 42 2.011152 -0.000001 -0.000000 0.000000 0.000000 2.082010
 43 2.141379 -0.000000 -0.000000 0.000000 0.000000 3.141593
 44 1.734173 -0.000001 0.000000 0.000000 -0.000000 1.041748
 45 0.136315 -3.738194 2.525890 1.493698 2.759406 -1.474501
 46 14.562629 -1.166815 -0.284479 0.258917 0.054664 1.504024
 47 11.389366 -0.000819 0.158781 2.059768 0.219696 0.204243
 48 0.000001 -4.440600 -0.000001 1.570144 -3.078602 0.004040
 49 5.999999 -0.000001 -0.000001 2.059768 0.000000 -0.000000
 50 0.000002 -4.440601 -0.000003 1.569944 -3.078603 0.004053
 51 10.510131 -0.000001 0.000001 0.000000 0.000000 -2.605805
 52 0.000001 -1.748400 -5.000000 -3.141593 0.004007 -1.539299
 53 5.500001 -0.000002 0.000001 0.075266 0.000000 -0.000000
 54 -0.000001 0.000000 -5.000001 -0.044472 3.137589 -0.000177
 55 6.551491 0.000001 0.000001 -0.075266 -0.269661 -0.262594
 56 -1.266844 -1.937443 -4.950560 -0.066572 -2.988806 -0.110308
 57 6.551491 0.000001 0.000001 -0.075266 -0.269661 -0.262594
 58 0.699371 -1.944208 -5.006848 -0.027189 -3.088217 0.005298
 59 4.226145 -0.003199 0.000001 0.062329 0.318428 -0.132722
 60 -0.000002 5.000002 0.000000 -0.153564 0.000087 2.718702
 61 0.000006 -0.000006 -3.713579 0.119535 -2.936655 -0.885276
 62 0.000001 0.000000 5.000000 3.053195 1.558589 -0.074929
 63 -0.000005 0.000005 3.713580 -0.311487 -2.845558 -0.582080
 64 0.000000 -0.000000 -5.000000 -0.088722 1.558589 3.066339
 65 7.363603 1.646646 0.495663 -3.141593 -1.570796 0.000000
 66 -0.000005 0.000005 3.619082 -0.441735 -2.434423 -1.159241
 67 16.573919 -0.000001 0.000002 -0.000000 -0.000000 -2.011748
 68 15.128180 0.000001 0.000001 0.026832 0.026147 -0.175154
 69 5.758666 4.244731 0.000000 0.000000 -0.000000 2.033309
 70 3.177727 -0.000000 0.000000 0.000000 0.000000 3.141593
 71 15.708950 0.000002 0.000001 0.013957 0.013894 -0.093781
 72 0.275147 0.189214 -3.445208 3.130898 0.000409 -1.514604
 73 17.210194 -0.000002 0.000003 0.000000 0.000000 -2.319003
 74 0.000000 -0.000001 -4.999999 -0.079433 1.546568 -1.570859
 75 0.000007 -0.000004 -3.619079 0.260448 -2.945758 -1.468642
 76 16.573919 -0.000000 0.000001 0.000000 0.000000 -1.562392
 77 15.128181 0.000000 0.000001 0.265624 -0.173430 0.666428
 78 5.758665 4.244731 0.000000 -0.000000 0.000000 1.483530
 79 4.003934 -0.000000 0.000000 0.000000 0.000000 0.000000
 80 15.708953 0.000000 0.000000 0.195074 -0.100553 0.460486
 81 0.273998 0.191090 3.439762 -3.130907 -0.000437 -1.508107
 82 17.210196 0.000000 0.000001 -0.000000 0.000000 -2.116793
 83 0.000000 -0.000001 5.000000 -0.079311 1.595025 -1.570737
time 17
  0 0.500000 13.522099 26.931471 -0.243067 0.535714 -2.432935
  1 13.773750 5.584524 -22.520975 -0.544290 0.221328 2.303921
  2 -2.276936 0.000004 -1.238185 -1.570795 -1.570451 0.000000
  3 1.796495 0.712022 0.001011 -0.313987 -0.037793 -0.197769
  4 4.119554 -0.002978 0.000991 -0.307483 0.048528 0.294192
  5 4.119660 -0.003103 -0.000131 0.040347 0.085352 0.331485
  6 4.119604 -0.003052 0.000660 -0.202270 0.065417 0.303715
  7 4.118054 -0.003438 -0.000638 0.216211 0.575515 -0.039051
  8 4.443595 0.000001 0.000000 -0.067664 -0.571440 -0.110182
  9 9.024059 -0.000000 0.000001 0.000000 0.000000 0.000000
 10 -0.943064 0.315377 1.419758 0.403312 -0.849772 2.847790
 11 6.384774 -0.000000 0.000001 1.544391 2.721773 1.344111
 12 10.242683 -0.000000 0.000002 0.000000 0.000000 -1.100665
 13 11.375561 0.000001 -0.000001 -2.065840 0.533288 1.368971
 14 0.728681 0.023430 -1.008293 1.100072 0.611404 0.551668
 15 2.136497 0.000000 -0.000000 0.000000 -0.000000 -0.078540
 16 2.313139 -0.000001 0.000000 0.000000 0.000000 0.000000
 17 3.115507 -0.886042 -0.021432 -0.454479 0.000392 0.514872
 18 2.011150 0.000000 -0.000000 0.000000 0.000000 1.322792
 19 2.141379 -0.000000 0.000000 0.000000 0.000000 0.000000
 20 1.734173 0.000001 0.000001 -0.000000 0.000000 0.660693
 21 0.000006 -4.440594 -0.000001 1.570544 -0.062990 -0.195737
 22 6.000000 0.000001 0.000000 -2.062029 -0.000000 0.000000
 23 0.000001 -4.440600 0.000000 1.569944 -0.062987 0.004053
 24 11.375562 0.000002 0.000003 -1.925351 0.179688 0.688453
 25 -0.000001 -4.440604 0.000001 1.570144 -0.062988 0.004040
 26 10.510130 -0.000000 0.000001 0.000000 0.000000 -2.121129
 27 -0.000001 -1.748400 4.999999 0.000000 0.004007 1.602291
 28 5.499999 -0.000000 -0.000000 0.336629 -0.000000 0.000000
 29 -0.000001 -1.940598 5.000000 -0.044472 0.004003 -0.000180
 30 6.551490 -0.000001 0.000000 -1.199803 0.647144 -1.516614
 31 0.000001 -1.940599 5.000001 -0.027189 -0.053376 0.005295
 32 6.551490 -0.000001 0.000000 -0.223136 0.383482 -0.360031
 33 -0.000002 -1.940599 4.999997 -0.066572 -0.152786 -0.110311
 34 0.943063 -0.308300 -1.419757 2.040856 0.925503 -1.223083
 35 6.384775 -0.000001 0.000003 -0.117131 -0.795502 -0.945553
 36 10.242683 0.000001 -0.000000 0.000000 0.000000 -2.120931
 37 11.375561 -0.000001 -0.000001 2.645891 0.313102 0.491401
 38 0.728680 0.023431 1.008293 -1.579583 -0.319038 0.212973
 39 2.136497 0.000004 -0.000001 0.000000 -0.000000 1.282817
 40 2.313137 -0.000000 -0.000000 0.000000 0.000000 3.141593
 41 3.115506 -0.886041 0.021433 0.420765 0.316066 0.167178
 42 2.011151 -0.000001 -0.000000 0.000000 0.000000 2.082010
 43 2.141381 -0.000000 -0.000000 0.000000 0.000000 3.141593
 44 1.734172 -0.000001 0.000001 0.000000 0.000000 1.041748
 45 0.136315 -3.738191 2.525891 1.493698 2.759406 -1.474501
 46 14.562627 -1.166816 -0.284476 0.258917 0.054664 1.504024
 47 11.389367 -0.000819 0.158781 2.082513 0.233552 0.207181
 48 0.000002 -4.440599 0.000000 1.570144 -3.078602 0.004040
 49 6.000000 0.000001 -0.000001 2.082513 -0.000000 -0.000000
 50 0.000003 -4.440601 -0.000002 1.569944 -3.078603 0.004053
 51 10.510133 0.000001 0.000000 0.000000 -0.000000 -2.631262
 52 0.000001 -1.748401 -5.000001 -3.141593 0.004007 -1.539299
 53 5.500002 0.000001 -0.000001 0.103611 -0.000000 -0.000000
 54 0.000000 -0.000001 -5.000001 -0.044472 3.137589 -0.000177
 55 6.551491 0.000001 0.000000 -0.103611 -0.240365 -0.251607
 56 -1.266844 -1.937444 -4.950559 -0.066572 -2.988806 -0.110308
 57 6.551491 0.000001 0.000001 -0.103611 -0.240365 -0.251607
 58 0.699369 -1.944207 -5.006846 -0.027189 -3.088217 0.005298
 59 4.226146 -0.003202 -0.000001 0.120105 0.325431 -0.042972
 60 0.000000 5.000000 0.000001 -0.153564 0.000087 2.718702
 61 0.000006 -0.000006 -3.713579 0.119535 -2.936655 -0.885276
 62 0.000001 0.000000 5.000000 3.053195 1.558589 -0.074929
 63 -0.000005 0.000005 3.713580 -0.311487 -2.845558 -0.582080
 64 0.000000 -0.000000 -5.000000 -0.088722 1.558589 3.066339
 65 7.363603 1.646646 0.495663 -3.141593 -1.570796 0.000000
 66 -0.000005 0.000005 3.619082 -0.441735 -2.434423 -1.159241
 67 16.573919 -0.000001 0.000002 -0.000000 -0.000000 -2.011748
 68 15.128180 0.000001 0.000001 0.026832 0.026147 -0.175154
 69 5.758666 4.244731 0.000000 0.000000 -0.000000 2.033309
 70 3.177727 -0.000000 0.000000 0.000000 0.000000 3.141593
 71 15.708950 0.000002 0.000001 0.013957 0.013894 -0.093781
 72 0.275147 0.189214 -3.445208 3.130898 0.000409 -1.514604
 73 17.210194 -0.000002 0.000003 0.000000 0.000000 -2.319003
 74 0.000000 -0.000001 -4.999999 -0.079433 1.546568 -1.570859
 75 0.000007 -0.000004 -3.619079 0.260448 -2.945758 -1.468642
 76 16.573919 -0.000000 0.000001 0.000000 0.000000 -1.562392
 77 15.128181 0.000000 0.000001 0.265624 -0.173430 0.666428
 78 5.758665 4.244731 0.000000 -0.000000 0.000000 1.483530
 79 4.003934 -0.000000 0.000000 0.000000 0.000000 0.000000
 80 15.708953 0.000000 0.000000 0.195074 -0.100553 0.460486
 81 0.273998 0.191090 3.439762 -3.130907 -0.000437 -1.508107
 82 17.210196 0.000000 0.000001 -0.000000 0.000000 -2.116793
 83 0.000000 -0.000001 5.000000 -0.079311 1.595025 -1.570737
time 18
  0 0.500000 13.522099 26.931471 -0.243067 0.535714 -2.432935
  1 13.773750 5.584524 -22.520975 -0.544290 0.221328 2.303921
  2 -2.276936 0.000004 -1.238185 -1.570795 -1.570451 0.000000
  3 1.796495 0.712022 0.001010 -0.314019 -0.037343 -0.197561
  4 4.119555 -0.002977 0.000992 -0.307455 0.048976 0.294406
  5 4.119662 -0.003103 -0.000131 0.040406 0.085699 0.331840
  6 4.119606 -0.003054 0.000657 -0.201934 0.065835 0.303963
  7 4.118272 -0.003437 -0.000777 0.264141 0.573133 0.049748
  8 4.443598 0.000001 -0.000001 -0.059029 -0.580938 -0.202586
  9 9.024061 -0.000001 -0.000002 0.000000 0.000000 0.000000
 10 -0.939597 0.383626 1.405352 0.384073 -0.834374 2.794755
 11 6.384776 -0.000000 -0.000000 -1.542965 0.409957 -1.790617
 12 10.242682 0.000001 0.000002 0.000000 -0.000000 -1.082385
 13 11.375562 0.000001 0.000001 -2.114934 0.555534 1.328725
 14 0.728681 0.023433 -1.008292 1.100073 0.611404 0.551668
 15 2.136499 -0.000001 -0.000001 0.000000 -0.000000 -0.078540
 16 2.313138 -0.000001 -0.000001 0.000000 0.000000 0.000000
 17 3.115507 -0.886040 -0.021432 -0.454479 0.000392 0.514872
 18 2.011150 -0.000001 0.000001 0.000000 -0.000000 1.322792
 19 2.141380 0.000000 -0.000000 0.000000 0.000000 0.000000
 20 1.734172 -0.000000 -0.000001 0.000000 0.000000 0.660693
 21 0.000007 -4.440594 0.000001 1.570544 -0.062990 -0.195737
 22 6.000000 0.000001 -0.000000 -2.100930 0.000000 0.000000
 23 0.000003 -4.440600 0.000001 1.569944 -0.062987 0.004053
 24 11.375562 0.000001 0.000004 -1.949438 0.184420 0.671750
 25 -0.000001 -4.440603 0.000000 1.570144 -0.062988 0.004040
 26 10.510130 0.000000 0.000001 0.000000 0.000000 -2.111989
 27 -0.000001 -1.748400 5.000000 -0.000000 0.004007 1.602290
 28 5.499999 -0.000000 -0.000000 0.324126 -0.000000 0.000000
 29 0.000000 -1.940597 5.000000 -0.044472 0.004003 -0.000180
 30 6.551491 -0.000000 -0.000001 -1.127791 0.637099 -1.491416
 31 -0.000001 -1.940598 5.000000 -0.027189 -0.053376 0.005295
 32 6.551491 -0.000000 -0.000001 -0.216498 0.374846 -0.372044
 33 0.000000 -1.940600 4.999996 -0.066572 -0.152786 -0.110311
 34 0.939596 -0.376545 -1.405352 2.030607 0.914986 -1.329516
 35 6.384776 0.000001 -0.000002 -0.156793 -0.759763 -0.919884
 36 10.242682 0.000000 0.000000 -0.000000 -0.000000 -2.140205
 37 11.375561 0.000003 0.000001 2.659279 0.318395 0.497841
 38 0.728680 0.023430 1.008290 -1.579583 -0.319038 0.212973
 39 2.136496 -0.000000 0.000001 0.000000 -0.000000 1.282817
 40 2.313139 0.000000 -0.000001 0.000000 0.000000 3.141593
 41 3.115506 -0.886042 0.021431 0.420766 0.316066 0.167178
 42 2.011151 -0.000001 -0.000002 -0.000000 0.000000 2.082010
 43 2.141380 -0.000001 -0.000000 0.000000 0.000000 3.141593
 44 1.734172 -0.000002 -0.000002 0.000000 0.000000 1.041748
 45 0.136315 -3.738192 2.525890 1.493698 2.759406 -1.474501
 46 14.562626 -1.166816 -0.284478 0.258917 0.054664 1.504024
 47 11.389366 -0.000819 0.158782 2.088187 0.237832 0.208420
 48 0.000001 -4.440600 -0.000001 1.570144 -3.078602 0.004040
 49 6.000000 0.000002 0.000000 2.088187 -0.000000 -0.000000
 50 0.000002 -4.440601 -0.000001 1.569944 -3.078603 0.004053
 51 10.510131 -0.000000 0.000002 0.000000 0.000000 -2.640899
 52 0.000000 -1.748397 -5.000001 -3.141593 0.004007 -1.539299
 53 5.500000 -0.000001 0.000001 0.108768 -0.000000 0.000000
 54 0.000000 -0.000001 -4.999998 -0.044472 3.137589 -0.000177
 55 6.551490 0.000001 -0.000002 -0.108768 -0.225978 -0.251355
 56 -1.266844 -1.937444 -4.950561 -0.066572 -2.988806 -0.110308
 57 6.551491 -0.000000 -0.000001 -0.108768 -0.225978 -0.251355
 58 0.699370 -1.944207 -5.006850 -0.027189 -3.088217 0.005298
 59 4.226145 -0.003201 0.000001 0.139898 0.326285 0.004945
 60 -0.000001 5.000002 -0.000000 -0.153564 0.000087 2.718702
 61 0.000006 -0.000006 -3.713579 0.119535 -2.936655 -0.885276
 62 0.000001 0.000000 5.000000 3.053195 1.558589 -0.074929
 63 -0.000005 0.000005 3.713580 -0.311487 -2.845558 -0.582080
 64 0.000000 -0.000000 -5.000000 -0.088722 1.558589 3.066339
 65 7.363603 1.646646 0.495663 -3.141593 -1.570796 0.000000
 66 -0.000005 0.000005 3.619082 -0.441735 -2.434423 -1.159241
 67 16.573919 -0.000001 0.000002 -0.000000 -0.000000 -2.011748
 68 15.128180 0.000001 0.000001 0.026832 0.026147 -0.175154
 69 5.758666 4.244731 0.000000 0.000000 -0.000000 2.033309
 70 3.177727 -0.000000 0.000000 0.000000 0.000000 3.141593
 71 15.708950 0.000002 0.000001 0.013957 0.013894 -0.093781
 72 0.275147 0.189214 -3.445208 3.130898 0.000409 -1.514604
 73 17.210194 -0.000002 0.000003 0.000000 0.000000 -2.319003
 74 0.000000 -0.000001 -4.999999 -0.079433 1.546568 -1.570859
 75 0.000007 -0.000004 -3.619079 0.260448 -2.945758 -1.468642
 76 16.573919 -0.000000 0.000001 0.000000 0.000000 -1.562392
 77 15.128181 0.000000 0.000001 0.265624 -0.173430 0.666428
 78 5.758665 4.244731 0.000000 -0.000000 0.000000 1.483530
 79 4.003934 -0.000000 0.000000 0.000000 0.000000 0.000000
 80 15.708953 0.000000 0.000000 0.195074 -0.100553 0.460486
 81 0.273998 0.191090 3.439762 -3.130907 -0.000437 -1.508107
 82 17.210196 0.000000 0.000001 -0.000000 0.000000 -2.116793
 83 0.000000 -0.000001 5.000000 -0.079311 1.595025 -1.570737
time 19
  0 0.500000 13.522099 26.931471 -0.243067 0.535714 -2.432935
  1 13.773750 5.584524 -22.520975 -0.544290 0.221328 2.303921
  2 -2.276936 0.000004 -1.238185 -1.570795 -1.570451 0.000000
  3 1.796499 0.712022 0.001011 -0.314111 -0.036064 -0.196970
  4 4.119561 -0.002977 0.000991 -0.307374 0.050247 0.295014
  5 4.119661 -0.003101 -0.000133 0.040573 0.086686 0.332847
  6 4.119607 -0.003053 0.000654 -0.200981 0.067023 0.304669
  7 4.118443 -0.003437 -0.000831 0.282890 0.570557 0.109248
  8 4.443598 0.000000 -0.000000 -0.036057 -0.577962 -0.272163
  9 9.024061 -0.000000 -0.000000 0.000000 0.000000 0.000000
 10 -0.935844 0.410579 1.400298 0.355521 -0.825422 2.769182
 11 6.384777 -0.000001 0.000001 -1.475724 0.390252 -1.772119
 12 10.242683 0.000000 0.000001 0.000000 0.000000 -1.061427
 13 11.375563 0.000000 -0.000001 -2.178893 0.590928 1.274244
 14 0.728681 0.023431 -1.008292 1.100072 0.611404 0.551668
 15 2.136496 0.000001 -0.000000 0.000000 0.000000 -0.078540
 16 2.313138 -0.000000 -0.000001 0.000000 0.000000 0.000000
 17 3.115506 -0.886041 -0.021431 -0.454479 0.000392 0.514872
 18 2.011150 0.000001 -0.000000 0.000000 -0.000000 1.322792
 19 2.141378 -0.000001 -0.000000 0.000000 0.000000 0.000000
 20 1.734172 -0.000001 0.000000 0.000000 -0.000000 0.660693
 21 0.000007 -4.440594 0.000000 1.570544 -0.062990 -0.195737
 22 6.000000 -0.000000 -0.000001 -2.151227 0.000000 0.000000
 23 0.000002 -4.440600 0.000001 1.569944 -0.062987 0.004053
 24 11.375562 0.000000 0.000002 -1.980662 0.194856 0.650034
 25 -0.000000 -4.440605 0.000000 1.570144 -0.062988 0.004040
 26 10.510131 0.000000 0.000001 -0.000000 0.000000 -2.101510
 27 -0.000001 -1.748401 5.000000 -0.000000 0.004007 1.602290
 28 5.500000 0.000000 0.000001 0.313662 -0.000000 0.000000
 29 -0.000001 -1.940597 5.000000 -0.044472 0.004003 -0.000180
 30 6.551491 0.000000 0.000001 -1.045818 0.615352 -1.451692
 31 -0.000000 -1.940598 5.000001 -0.027189 -0.053376 0.005295
 32 6.551491 0.000000 0.000001 -0.212238 0.361437 -0.385267
 33 0.000000 -1.940599 4.999997 -0.066572 -0.152786 -0.110311
 34 0.935845 -0.403501 -1.400298 2.026768 0.917804 -1.402846
 35 6.384778 -0.000000 -0.000001 -0.177179 -0.722412 -0.909770
 36 10.242682 -0.000001 -0.000000 -0.000000 -0.000000 -2.154905
 37 11.375563 0.000001 0.000000 2.668073 0.321815 0.502102
 38 0.728681 0.023431 1.008293 -1.579583 -0.319038 0.212973
 39 2.136497 0.000001 -0.000001 0.000000 0.000000 1.282817
 40 2.313136 -0.000000 -0.000000 0.000000 0.000000 3.141593
 41 3.115507 -0.886041 0.021432 0.420766 0.316066 0.167178
 42 2.011149 0.000000 0.000001 -0.000000 0.000000 2.082010
 43 2.141378 -0.000001 -0.000001 0.000000 0.000000 3.141593
 44 1.734172 -0.000001 0.000001 0.000000 -0.000000 1.041748
 45 0.136315 -3.738192 2.525890 1.493698 2.759406 -1.474501
 46 14.562628 -1.166815 -0.284476 0.258917 0.054664 1.504024
 47 11.389367 -0.000818 0.158783 2.091905 0.240628 0.209240
 48 0.000000 -4.440600 -0.000002 1.570144 -3.078602 0.004040
 49 6.000000 0.000002 0.000000 2.091905 0.000000 0.000000
 50 0.000002 -4.440601 -0.000000 1.569944 -3.078603 0.004053
 51 10.510132 -0.000001 0.000001 -0.000000 0.000000 -2.648249
 52 -0.000000 -1.748398 -5.000000 3.141593 0.004007 -1.539299
 53 5.500000 -0.000001 -0.000000 0.110586 0.000000 -0.000000
 54 -0.000000 -0.000000 -4.999999 -0.044472 3.137590 -0.000177
 55 6.551491 -0.000001 0.000001 -0.110586 -0.212316 -0.252985
 56 -1.266844 -1.937444 -4.950560 -0.066572 -2.988806 -0.110308
 57 6.551491 -0.000001 0.000001 -0.110586 -0.212316 -0.252985
 58 0.699371 -1.944210 -5.006846 -0.027189 -3.088217 0.005298
 59 4.226147 -0.003202 0.000000 0.145921 0.326183 0.038363
 60 0.000000 5.000000 -0.000000 -0.153564 0.000087 2.718702
 61 0.000006 -0.000006 -3.713579 0.119535 -2.936655 -0.885276
 62 0.000001 0.000000 5.000000 3.053195 1.558589 -0.074929
 63 -0.000005 0.000005 3.713580 -0.311487 -2.845558 -0.582080
 64 0.000000 -0.000000 -5.000000 -0.088722 1.558589 3.066339
 65 7.363603 1.646646 0.495663 -3.141593 -1.570796 0.000000
 66 -0.000005 0.000005 3.619082 -0.441735 -2.434423 -1.159241
 67 16.573919 -0.000001 0.000002 -0.000000 -0.000000 -2.011748
 68 15.128180 0.000001 0.000001 0.026832 0.026147 -0.175154
 69 5.758666 4.244731 0.000000 0.000000 -0.000000 2.033309
 70 3.177727 -0.000000 0.000000 0.000000 0.000000 3.141593
 71 15.708950 0.000002 0.000001 0.013957 0.013894 -0.093781
 72 0.275147 0.189214 -3.445208 3.130898 0.000409 -1.514604
 73 17.210194 -0.000002 0.000003 0.000000 0.000000 -2.319003
 74 0.000000 -0.000001 -4.999999 -0.079433 1.546568 -1.570859
 75 0.000007 -0.000004 -3.619079 0.260448 -2.945758 -1.468642
 76 16.573919 -0.000000 0.000001 0.000000 0.000000 -1.562392
 77 15.128181 0.000000 0.000001 0.265624 -0.173430 0.666428
 78 5.758665 4.244731 0.000000 -0.000000 0.000000 1.483530
 79 4.003934 -0.000000 0.000000 0.000000 0.000000 0.000000
 80 15.708953 0.000000 0.000000 0.195074 -0.100553 0.460486
 81 0.273998 0.191090 3.439762 -3.130907 -0.000437 -1.508107
 82 17.210196 0.000000 0.000001 -0.000000 0.000000 -2.116793
 83 0.000000 -0.000001 5.000000 -0.079311 1.595025 -1.570737
time 20
  0 0.500000 13.522099 26.931471 -0.243067 0.535714 -2.432935
  1 13.773750 5.584524 -22.520975 -0.544290 0.221328 2.303921
  2 -2.276936 0.000004 -1.238185 -1.570795 -1.570451 0.000000
  3 1.796502 0.712022 0.001012 -0.314252 -0.034065 -0.196047
  4 4.119565 -0.002975 0.000991 -0.307246 0.052235 0.295965
  5 4.119670 -0.003101 -0.000133 0.040836 0.088229 0.334423
  6 4.119612 -0.003049 0.000649 -0.199489 0.068879 0.305774
  7 4.118826 -0.003419 -0.000880 0.299082 0.565266 0.228929
  8 4.443599 0.000000 -0.000000 0.030070 -0.547508 -0.409001
  9 9.024062 0.000000 -0.000000 0.000000 0.000000 0.000000
 10 -0.928113 0.434651 1.398235 0.279048 -0.816642 2.726075
 11 6.384776 0.000001 -0.000000 -1.398346 0.360653 -1.745181
 12 10.242681 0.000000 0.000000 -0.000000 -0.000000 -1.038308
 13 11.375562 0.000002 0.000002 -2.259705 0.635145 1.203924
 14 0.728681 0.023430 -1.008290 1.100073 0.611404 0.551668
 15 2.136498 -0.000001 -0.000001 0.000000 -0.000000 -0.078540
 16 2.313137 -0.000000 0.000002 0.000000 0.000000 0.000000
 17 3.115506 -0.886042 -0.021432 -0.454479 0.000392 0.514872
 18 2.011151 -0.000001 0.000001 -0.000000 0.000000 1.322792
 19 2.141380 0.000000 0.000000 0.000000 0.000000 0.000000
 20 1.734173 0.000000 0.000001 0.000000 0.000000 0.660693
 21 0.000007 -4.440593 0.000001 1.570544 -0.062990 -0.195737
 22 6.000000 0.000000 0.000000 -2.213037 -0.000000 -0.000000
 23 0.000002 -4.440601 0.000000 1.569944 -0.062987 0.004053
 24 11.375562 0.000001 0.000005 -2.018328 0.209351 0.623744
 25 -0.000001 -4.440603 -0.000000 1.570144 -0.062988 0.004040
 26 10.510132 0.000000 0.000001 0.000000 -0.000000 -2.089950
 27 0.000001 -1.748400 5.000000 0.000000 0.004007 1.602291
 28 5.500000 0.000000 -0.000000 0.305198 0.000000 -0.000000
 29 -0.000001 -1.940599 5.000001 -0.044472 0.004003 -0.000180
 30 6.551490 0.000002 0.000000 -0.960175 0.580341 -1.402350
 31 0.000001 -1.940600 5.000001 -0.027189 -0.053376 0.005295
 32 6.551490 0.000002 0.000000 -0.210095 0.342790 -0.398805
 33 0.000000 -1.940600 4.999998 -0.066572 -0.152786 -0.110311
 34 0.928118 -0.427578 -1.398236 2.056252 0.953532 -1.495104
 35 6.384777 0.000001 0.000000 -0.182273 -0.684320 -0.911656
 36 10.242680 -0.000001 -0.000001 0.000000 -0.000000 -2.165681
 37 11.375562 0.000001 0.000000 2.672897 0.323671 0.504449
 38 0.728681 0.023430 1.008293 -1.579583 -0.319038 0.212973
 39 2.136497 0.000002 -0.000001 -0.000000 -0.000000 1.282817
 40 2.313141 0.000000 -0.000001 0.000000 0.000000 3.141593
 41 3.115506 -0.886041 0.021434 0.420766 0.316066 0.167178
 42 2.011152 -0.000001 0.000001 0.000000 -0.000000 2.082010
 43 2.141379 -0.000001 -0.000001 0.000000 0.000000 3.141593
 44 1.734172 -0.000001 -0.000000 -0.000000 0.000000 1.041748
 45 0.136316 -3.738193 2.525889 1.493698 2.759406 -1.474501
 46 14.562627 -1.166815 -0.284476 0.258917 0.054664 1.504024
 47 11.389366 -0.000820 0.158781 2.093941 0.242157 0.209693
 48 0.000000 -4.440599 0.000000 1.570144 -3.078602 0.004040
 49 6.000000 -0.000001 -0.000001 2.093941 -0.000000 -0.000000
 50 0.000001 -4.440602 0.000001 1.569944 -3.078603 0.004053
 51 10.510130 -0.000000 -0.000001 0.000000 0.000000 -2.653636
 52 -0.000000 -1.748400 -5.000000 -3.141593 0.004007 -1.539299
 53 5.499999 0.000000 -0.000002 0.109503 0.000000 -0.000000
 54 0.000000 0.000001 -5.000001 -0.044472 3.137589 -0.000177
 55 6.551492 0.000001 0.000000 -0.109503 -0.199424 -0.255974
 56 -1.266845 -1.937443 -4.950562 -0.066572 -2.988806 -0.110308
 57 6.551492 0.000001 0.000000 -0.109503 -0.199424 -0.255974
 58 0.699370 -1.944211 -5.006848 -0.027189 -3.088217 0.005298
 59 4.226146 -0.003202 -0.000001 0.145956 0.325233 0.107040
 60 0.000002 4.999999 -0.000001 -0.153564 0.000087 2.718702
 61 0.000006 -0.000006 -3.713579 0.119535 -2.936655 -0.885276
 62 0.000001 0.000000 5.000000 3.053195 1.558589 -0.074929
 63 -0.000005 0.000005 3.713580 -0.311487 -2.845558 -0.582080
 64 0.000000 -0.000000 -5.000000 -0.088722 1.558589 3.066339
 65 7.363603 1.646646 0.495663 -3.141593 -1.570796 0.000000
 66 -0.000005 0.000005 3.619082 -0.441735 -2.434423 -1.159241
 67 16.573919 -0.000001 0.000002 -0.000000 -0.000000 -2.011748
 68 15.128180 0.000001 0.000001 0.026832 0.026147 -0.175154
 69 5.758666 4.244731 0.000000 0.000000 -0.000000 2.033309
 70 3.177727 -0.000000 0.000000 0.000000 0.000000 3.141593
 71 15.708950 0.000002 0.000001 0.013957 0.013894 -0.093781
 72 0.275147 0.189214 -3.445208 3.130898 0.000409 -1.514604
 73 17.210194 -0.000002 0.000003 0.000000 0.000000 -2.319003
 74 0.000000 -0.000001 -4.999999 -0.079433 1.546568 -1.570859
 75 0.000007 -0.000004 -3.619079 0.260448 -2.945758 -1.468642
 76 16.573919 -0.000000 0.000001 0.000000 0.000000 -1.562392
 77 15.128181 0.000000 0.000001 0.265624 -0.173430 0.666428
 78 5.758665 4.244731 0.000000 -0.000000 0.000000 1.483530
 79 4.003934 -0.000000 0.000000 0.000000 0.000000 0.000000
 80 15.708953 0.000000 0.000000 0.195074 -0.100553 0.460486
 81 0.273998 0.191090 3.439762 -3.130907 -0.000437 -1.508107
 82 17.210196 0.000000 0.000001 -0.000000 0.000000 -2.116793
 83 0.000000 -0.000001 5.000000 -0.079311 1.595025 -1.570737
time 21
  0 0.500000 13.522099 26.931471 -0.243067 0.535714 -2.432935
  1 13.773750 5.584524 -22.520975 -0.544290 0.221328 2.303921
  2 -2.276936 0.000004 -1.238185 -1.570795 -1.570451 0.000000
  3 1.796510 0.712020 0.001013 -0.314434 -0.031453 -0.194842
  4 4.119568 -0.002974 0.000989 -0.307076 0.054832 0.297207
  5 4.119676 -0.003098 -0.000135 0.041183 0.090244 0.336482
  6 4.119619 -0.003051 0.000642 -0.197536 0.071301 0.307223
  7 4.119246 -0.003367 -0.000867 0.294319 0.562069 0.349170
  8 4.443599 -0.000003 -0.000000 0.115200 -0.491440 -0.541962
  9 9.024059 -0.000001 -0.000001 0.000000 0.000000 0.000000
 10 -0.923433 0.428844 1.403105 0.179318 -0.815097 2.696733
 11 6.384777 0.000000 0.000001 -1.313707 0.321262 -1.712909
 12 10.242682 -0.000000 0.000001 -0.000000 0.000000 -1.013298
 13 11.375563 0.000002 -0.000001 -2.359668 0.683348 1.115748
 14 0.728681 0.023431 -1.008292 1.100073 0.611404 0.551668
 15 2.136498 -0.000001 0.000001 0.000000 -0.000000 -0.078540
 16 2.313139 0.000000 0.000001 0.000000 0.000000 0.000000
 17 3.115507 -0.886042 -0.021432 -0.454479 0.000392 0.514872
 18 2.011149 0.000002 0.000000 0.000000 0.000000 1.322792
 19 2.141379 0.000000 -0.000000 0.000000 0.000000 0.000000
 20 1.734171 0.000002 -0.000000 -0.000000 0.000000 0.660693
 21 0.000005 -4.440593 -0.000000 1.570544 -0.062990 -0.195737
 22 6.000000 -0.000000 -0.000001 -2.286559 -0.000000 0.000000
 23 0.000002 -4.440600 0.000000 1.569944 -0.062987 0.004053
 24 11.375562 0.000002 0.000002 -2.061707 0.226321 0.593296
 25 -0.000001 -4.440604 0.000001 1.570144 -0.062988 0.004040
 26 10.510130 0.000000 0.000001 0.000000 -0.000000 -2.077445
 27 0.000002 -1.748401 4.999999 -0.000000 0.004007 1.602290
 28 5.499999 -0.000000 0.000000 0.298838 -0.000000 0.000000
 29 -0.000001 -1.940598 5.000001 -0.044472 0.004003 -0.000180
 30 6.551492 0.000000 0.000001 -0.876739 0.531215 -1.347779
 31 0.000000 -1.940599 5.000001 -0.027189 -0.053376 0.005295
 32 6.551492 0.000000 0.000001 -0.209957 0.318573 -0.411670
 33 0.000001 -1.940599 4.999997 -0.066572 -0.152786 -0.110311
 34 0.923437 -0.421775 -1.403105 -1.050201 2.129898 1.562829
 35 6.384777 -0.000002 -0.000002 -0.175610 -0.645801 -0.922372
 36 10.242682 -0.000003 0.000002 -0.000000 0.000000 -2.173182
 37 11.375560 -0.000001 -0.000000 2.674392 0.324243 0.505178
 38 0.728681 0.023431 1.008291 -1.579583 -0.319038 0.212973
 39 2.136497 0.000001 0.000000 -0.000000 -0.000000 1.282817
 40 2.313140 -0.000000 -0.000000 0.000000 0.000000 3.141593
 41 3.115508 -0.886041 0.021430 0.420766 0.316066 0.167178
 42 2.011148 0.000000 0.000002 0.000000 0.000000 2.082010
 43 2.141380 -0.000000 -0.000001 0.000000 0.000000 3.141593
 44 1.734172 -0.000001 -0.000000 -0.000000 0.000000 1.041748
 45 0.136315 -3.738193 2.525891 1.493698 2.759406 -1.474501
 46 14.562628 -1.166815 -0.284479 0.258917 0.054664 1.504024
 47 11.389366 -0.000819 0.158782 2.094572 0.242630 0.209833
 48 0.000000 -4.440597 0.000000 1.570144 -3.078602 0.004040
 49 5.999999 0.000000 -0.000001 2.094572 -0.000000 -0.000000
 50 0.000002 -4.440601 -0.000001 1.569944 -3.078603 0.004053
 51 10.510133 -0.000003 0.000002 -0.000000 -0.000000 -2.657387
 52 -0.000001 -1.748399 -5.000001 3.141593 0.004007 -1.539299
 53 5.500000 -0.000002 0.000001 0.105929 0.000000 -0.000000
 54 0.000001 -0.000001 -5.000000 -0.044472 3.137589 -0.000177
 55 6.551490 -0.000002 -0.000000 -0.105929 -0.187307 -0.259889
 56 -1.266842 -1.937445 -4.950560 -0.066572 -2.988806 -0.110308
 57 6.551490 -0.000002 -0.000000 -0.105929 -0.187307 -0.259889
 58 0.699373 -1.944209 -5.006847 -0.027189 -3.088217 0.005298
 59 4.226145 -0.003200 0.000000 0.133659 0.324606 0.175932
 60 0.000000 4.999999 -0.000000 -0.153564 0.000087 2.718702
 61 0.000006 -0.000006 -3.713579 0.119535 -2.936655 -0.885276
 62 0.000001 0.000000 5.000000 3.053195 1.558589 -0.074929
 63 -0.000005 0.000005 3.713580 -0.311487 -2.845558 -0.582080
 64 0.000000 -0.000000 -5.000000 -0.088722 1.558589 3.066339
 65 7.363603 1.646646 0.495663 -3.141593 -1.570796 0.000000
 66 -0.000005 0.000005 3.619082 -0.441735 -2.434423 -1.159241
 67 16.573919 -0.000001 0.000002 -0.000000 -0.000000 -2.011748
 68 15.128180 0.000001 0.000001 0.026832 0.026147 -0.175154
 69 5.758666 4.244731 0.000000 0.000000 -0.000000 2.033309
 70 3.177727 -0.000000 0.000000 0.000000 0.000000 3.141593
 71 15.708950 0.000002 0.000001 0.013957 0.013894 -0.093781
 72 0.275147 0.189214 -3.445208 3.130898 0.000409 -1.514604
 73 17.210194 -0.000002 0.000003 0.000000 0.000000 -2.319003
 74 0.000000 -0.000001 -4.999999 -0.079433 1.546568 -1.570859
 75 0.000007 -0.000004 -3.619079 0.260448 -2.945758 -1.468642
 76 16.573919 -0.000000 0.000001 0.000000 0.000000 -1.562392
 77 15.128181 0.000000 0.000001 0.265624 -0.173430 0.666428
 78 5.758665 4.244731 0.000000 -0.000000 0.000000 1.483530
 79 4.003934 -0.000000 0.000000 0.000000 0.000000 0.000000
 80 15.708953 0.000000 0.000000 0.195074 -0.100553 0.460486
 81 0.273998 0.191090 3.439762 -3.130907 -0.000437 -1.508107
 82 17.210196 0.000000 0.000001 -0.000000 0.000000 -2.116793
 83 0.000000 -0.000001 5.000000 -0.079311 1.595025 -1.570737
time 22
  0 0.500000 13.522099 26.931471 -0.243067 0.535714 -2.432935
  1 13.773750 5.584524 -22.520975 -0.544290 0.221328 2.303921
  2 -2.276936 0.000004 -1.238185 -1.570795 -1.570451 0.000000
  3 1.796516 0.712019 0.001013 -0.314646 -0.028337 -0.193404
  4 4.119580 -0.002973 0.000987 -0.306869 0.057930 0.298691
  5 4.119680 -0.003094 -0.000134 0.041603 0.092647 0.338940
  6 4.119627 -0.003050 0.000635 -0.195201 0.074187 0.308957
  7 4.119659 -0.003278 -0.000816 0.276529 0.562620 0.461868
  8 4.443598 0.000001 0.000001 0.206328 -0.419330 -0.658364
  9 9.024061 0.000002 0.000000 0.000000 0.000000 0.000000
 10 -0.924240 0.403679 1.409958 0.072607 -0.818877 2.676822
 11 6.384776 -0.000000 0.000001 -1.224469 0.272522 -1.678171
 12 10.242682 0.000000 0.000001 -0.000000 -0.000000 -0.986545
 13 11.375562 0.000000 0.000002 -2.480709 0.730209 1.008021
 14 0.728681 0.023430 -1.008293 1.100073 0.611404 0.551668
 15 2.136497 0.000001 0.000000 0.000000 0.000000 -0.078540
 16 2.313138 -0.000001 0.000001 0.000000 0.000000 0.000000
 17 3.115506 -0.886040 -0.021432 -0.454479 0.000392 0.514872
 18 2.011149 -0.000001 -0.000002 -0.000000 0.000000 1.322792
 19 2.141380 0.000000 0.000001 0.000000 0.000000 0.000000
 20 1.734171 -0.000001 -0.000000 0.000000 -0.000000 0.660693
 21 0.000006 -4.440594 0.000000 1.570544 -0.062990 -0.195737
 22 6.000000 -0.000001 0.000002 -2.371892 -0.000000 -0.000000
 23 0.000002 -4.440601 0.000000 1.569944 -0.062987 0.004053
 24 11.375561 0.000000 0.000006 -2.110005 0.244341 0.559174
 25 0.000000 -4.440605 -0.000001 1.570144 -0.062988 0.004040
 26 10.510132 0.000000 0.000001 0.000000 0.000000 -2.064069
 27 0.000000 -1.748401 4.999999 -0.000000 0.004007 1.602290
 28 5.500000 -0.000000 -0.000000 0.294704 -0.000000 -0.000000
 29 -0.000002 -1.940599 5.000000 -0.044472 0.004003 -0.000180
 30 6.551491 -0.000000 0.000001 -0.800538 0.468333 -1.291802
 31 -0.000002 -1.940599 5.000001 -0.027189 -0.053376 0.005295
 32 6.551491 -0.000000 0.000001 -0.211726 0.288797 -0.422860
 33 0.000000 -1.940601 4.999997 -0.066572 -0.152786 -0.110311
 34 0.924242 -0.396602 -1.409959 -1.018105 2.061422 1.486923
 35 6.384777 0.000002 0.000001 -0.160286 -0.606879 -0.939176
 36 10.242684 -0.000003 0.000002 -0.000000 0.000000 -2.178060
 37 11.375559 -0.000003 -0.000002 2.673216 0.323793 0.504604
 38 0.728680 0.023432 1.008294 -1.579583 -0.319038 0.212973
 39 2.136496 -0.000001 0.000001 -0.000000 -0.000000 1.282817
 40 2.313141 -0.000000 -0.000001 0.000000 0.000000 3.141593
 41 3.115507 -0.886041 0.021431 0.420766 0.316066 0.167178
 42 2.011151 -0.000001 0.000000 -0.000000 -0.000000 2.082010
 43 2.141379 -0.000000 -0.000001 0.000000 0.000000 3.141593
 44 1.734171 -0.000000 0.000001 0.000000 0.000000 1.041748
 45 0.136315 -3.738192 2.525892 1.493698 2.759406 -1.474501
 46 14.562629 -1.166814 -0.284474 0.258917 0.054664 1.504024
 47 11.389366 -0.000819 0.158783 2.094075 0.242258 0.209722
 48 0.000001 -4.440599 -0.000001 1.570144 -3.078602 0.004040
 49 5.999999 -0.000002 0.000000 2.094075 -0.000000 -0.000000
 50 0.000002 -4.440602 -0.000001 1.569944 -3.078603 0.004053
 51 10.510132 -0.000002 0.000002 0.000000 0.000000 -2.659826
 52 0.000001 -1.748401 -5.000001 -3.141593 0.004007 -1.539299
 53 5.500000 0.000000 -0.000000 0.100254 0.000000 -0.000000
 54 -0.000001 -0.000000 -4.999999 -0.044472 3.137589 -0.000177
 55 6.551491 0.000000 0.000003 -0.100254 -0.175921 -0.264383
 56 -1.266845 -1.937444 -4.950562 -0.066572 -2.988806 -0.110308
 57 6.551491 0.000000 0.000003 -0.100254 -0.175921 -0.264383
 58 0.699370 -1.944210 -5.006847 -0.027189 -3.088217 0.005298
 59 4.226146 -0.003201 0.000000 0.114086 0.325633 0.238645
 60 0.000001 5.000002 0.000000 -0.153564 0.000087 2.718702
 61 0.000006 -0.000006 -3.713579 0.119535 -2.936655 -0.885276
 62 0.000001 0.000000 5.000000 3.053195 1.558589 -0.074929
 63 -0.000005 0.000005 3.713580 -0.311487 -2.845558 -0.582080
 64 0.000000 -0.000000 -5.000000 -0.088722 1.558589 3.066339
 65 7.363603 1.646646 0.495663 -3.141593 -1.570796 0.000000
 66 -0.000005 0.000005 3.619082 -0.441735 -2.434423 -1.159241
 67 16.573919 -0.000001 0.000002 -0.000000 -0.000000 -2.011748
 68 15.128180 0.000001 0.000001 0.026832 0.026147 -0.175154
 69 5.758666 4.244731 0.000000 0.000000 -0.000000 2.033309
 70 3.177727 -0.000000 0.000000 0.000000 0.000000 3.141593
 71 15.708950 0.000002 0.000001 0.013957 0.013894 -0.093781
 72 0.275147 0.189214 -3.445208 3.130898 0.000409 -1.514604
 73 17.210194 -0.000002 0.000003 0.000000 0.000000 -2.319003
 74 0.000000 -0.000001 -4.999999 -0.079433 1.546568 -1.570859
 75 0.000007 -0.000004 -3.619079 0.260448 -2.945758 -1.468642
 76 16.573919 -0.000000 0.000001 0.000000 0.000000 -1.562392
 77 15.128181 0.000000 0.000001 0.265624 -0.173430 0.666428
 78 5.758665 4.244731 0.000000 -0.000000 0.000000 1.483530
 79 4.003934 -0.000000 0.000000 0.000000 0.000000 0.000000
 80 15.708953 0.000000 0.000000 0.195074 -0.100553 0.460486
 81 0.273998 0.191090 3.439762 -3.130907 -0.000437 -1.508107
 82 17.210196 0.000000 0.000001 -0.000000 0.000000 -2.116793
 83 0.000000 -0.000001 5.000000 -0.079311 1.595025 -1.570737
time 23
  0 0.500000 13.522099 26.931471 -0.243067 0.535714 -2.432935
  1 13.773750 5.584524 -22.520975 -0.544290 0.221328 2.303921
  2 -2.276936 0.000004 -1.238185 -1.570795 -1.570451 0.000000
  3 1.796525 0.712018 0.001014 -0.314880 -0.024824 -0.191785
  4 4.119586 -0.002970 0.000986 -0.306630 0.061421 0.300364
  5 4.119689 -0.003092 -0.000137 0.042084 0.095354 0.341713
  6 4.119633 -0.003050 0.000626 -0.192562 0.077436 0.310921
  7 4.120018 -0.003154 -0.000750 0.254089 0.566501 0.560468
  8 4.443600 -0.000001 0.000000 0.294892 -0.343695 -0.754007
  9 9.024060 0.000002 0.000000 0.000000 0.000000 0.000000
 10 -0.929922 0.371038 1.415099 -0.025633 -0.825563 2.661121
 11 6.384776 0.000001 0.000001 -1.132895 0.215321 -1.643463
 12 10.242682 0.000001 0.000000 0.000000 0.000000 -0.958178
 13 11.375561 0.000001 0.000000 -2.623246 0.770127 0.880557
 14 0.728681 0.023431 -1.008293 1.100073 0.611404 0.551668
 15 2.136496 0.000002 -0.000001 0.000000 -0.000000 -0.078540
 16 2.313138 -0.000001 -0.000001 0.000000 0.000000 0.000000
 17 3.115507 -0.886042 -0.021431 -0.454479 0.000392 0.514872
 18 2.011151 0.000002 0.000001 -0.000000 0.000000 1.322792
 19 2.141379 -0.000000 -0.000001 0.000000 0.000000 0.000000
 20 1.734173 0.000001 -0.000001 -0.000000 0.000000 0.660693
 21 0.000006 -4.440594 0.000001 1.570544 -0.062990 -0.195737
 22 6.000000 0.000000 0.000000 -2.468864 0.000000 0.000000
 23 0.000001 -4.440600 -0.000001 1.569944 -0.062987 0.004053
 24 11.375562 -0.000000 0.000003 -2.162341 0.262213 0.521951
 25 -0.000001 -4.440604 -0.000000 1.570144 -0.062988 0.004040
 26 10.510131 0.000001 -0.000000 -0.000000 0.000000 -2.049885
 27 0.000001 -1.748401 5.000000 0.000000 0.004007 1.602290
 28 5.500000 0.000001 -0.000000 0.292858 -0.000000 -0.000000
 29 -0.000001 -1.940597 5.000000 -0.044472 0.004003 -0.000180
 30 6.551491 0.000000 0.000001 -0.735371 0.393652 -1.237765
 31 0.000002 -1.940599 5.000001 -0.027189 -0.053376 0.005295
 32 6.551491 0.000001 0.000001 -0.215223 0.254090 -0.431523
 33 -0.000000 -1.940599 4.999997 -0.066572 -0.152786 -0.110311
 34 0.929927 -0.363966 -1.415100 -0.995328 1.994939 1.417392
 35 6.384776 -0.000001 0.000003 -0.139015 -0.567471 -0.959727
 36 10.242682 -0.000002 0.000000 -0.000000 0.000000 -2.180963
 37 11.375561 0.000000 0.000000 2.670032 0.322570 0.503054
 38 0.728680 0.023431 1.008293 -1.579583 -0.319038 0.212973
 39 2.136497 0.000000 -0.000001 -0.000000 -0.000000 1.282817
 40 2.313139 0.000000 0.000001 0.000000 0.000000 3.141593
 41 3.115505 -0.886040 0.021433 0.420766 0.316066 0.167178
 42 2.011149 -0.000000 0.000002 0.000000 0.000000 2.082010
 43 2.141380 -0.000001 -0.000001 0.000000 0.000000 3.141593
 44 1.734171 -0.000001 0.000001 0.000000 0.000000 1.041748
 45 0.136316 -3.738192 2.525890 1.493698 2.759406 -1.474501
 46 14.562627 -1.166815 -0.284477 0.258917 0.054664 1.504024
 47 11.389366 -0.000820 0.158780 2.092732 0.241249 0.209424
 48 -0.000001 -4.440598 0.000001 1.570144 -3.078602 0.004040
 49 6.000000 0.000001 0.000000 2.092732 0.000000 -0.000000
 50 0.000001 -4.440601 -0.000000 1.569944 -3.078603 0.004053
 51 10.510133 -0.000003 0.000002 0.000000 -0.000000 -2.661278
 52 0.000000 -1.748398 -5.000000 3.141593 0.004007 -1.539299
 53 5.500000 -0.000002 0.000001 0.092866 -0.000000 0.000000
 54 -0.000001 0.000002 -5.000000 -0.044472 3.137589 -0.000177
 55 6.551490 0.000000 0.000002 -0.092866 -0.165171 -0.269181
 56 -1.266844 -1.937443 -4.950558 -0.066572 -2.988806 -0.110308
 57 6.551491 -0.000000 0.000002 -0.092866 -0.165171 -0.269181
 58 0.699371 -1.944208 -5.006846 -0.027189 -3.088217 0.005298
 59 4.226145 -0.003201 -0.000000 0.092879 0.328449 0.291272
 60 0.000001 5.000000 -0.000000 -0.153564 0.000087 2.718702
 61 0.000006 -0.000006 -3.713579 0.119535 -2.936655 -0.885276
 62 0.000001 0.000000 5.000000 3.053195 1.558589 -0.074929
 63 -0.000005 0.000005 3.713580 -0.311487 -2.845558 -0.582080
 64 0.000000 -0.000000 -5.000000 -0.088722 1.558589 3.066339
 65 7.363603 1.646646 0.495663 -3.141593 -1.570796 0.000000
 66 -0.000005 0.000005 3.619082 -0.441735 -2.434423 -1.159241
 67 16.573919 -0.000001 0.000002 -0.000000 -0.000000 -2.011748
 68 15.128180 0.000001 0.000001 0.026832 0.026147 -0.175154
 69 5.758666 4.244731 0.000000 0.000000 -0.000000 2.033309
 70 3.177727 -0.000000 0.000000 0.000000 0.000000 3.141593
 71 15.708950 0.000002 0.000001 0.013957 0.013894 -0.093781
 72 0.275147 0.189214 -3.445208 3.130898 0.000409 -1.514604
 73 17.210194 -0.000002 0.000003 0.000000 0.000000 -2.319003
 74 0.000000 -0.000001 -4.999999 -0.079433 1.546568 -1.570859
 75 0.000007 -0.000004 -3.619079 0.260448 -2.945758 -1.468642
 76 16.573919 -0.000000 0.000001 0.000000 0.000000 -1.562392
 77 15.128181 0.000000 0.000001 0.265624 -0.173430 0.666428
 78 5.758665 4.244731 0.000000 -0.000000 0.000000 1.483530
 79 4.003934 -0.000000 0.000000 0.000000 0.000000 0.000000
 80 15.708953 0.000000 0.000000 0.195074 -0.100553 0.460486
 81 0.273998 0.191090 3.439762 -3.130907 -0.000437 -1.508107
 82 17.210196 0.000000 0.000001 -0.000000 0.000000 -2.116793
 83 0.000000 -0.000001 5.000000 -0.079311 1.595025 -1.570737
time 24
  0 0.500000 13.522099 26.931471 -0.243067 0.535714 -2.432935
  1 13.773750 5.584524 -22.520975 -0.544290 0.221328 2.303921
  2 -2.276936 0.000004 -1.238185 -1.570795 -1.570451 0.000000
  3 1.796535 0.712015 0.001015 -0.315127 -0.021022 -0.190035
  4 4.119595 -0.002966 0.000986 -0.306364 0.065198 0.302176
  5 4.119698 -0.003090 -0.000140 0.042612 0.098282 0.344715
  6 4.119643 -0.003050 0.000617 -0.189699 0.080944 0.313057
  7 4.120294 -0.003033 -0.000693 0.235271 0.571381 0.637443
  8 4.443598 -0.000000 0.000000 0.373674 -0.278899 -0.830075
  9 9.024060 0.000000 -0.000000 0.000000 0.000000 0.000000
 10 -0.937047 0.343285 1.417333 -0.098304 -0.832449 2.643417
 11 6.384776 -0.000000 0.000001 -1.040762 0.151022 -1.610826
 12 10.242682 0.000000 0.000000 0.000000 0.000000 -0.928407
 13 11.375561 0.000002 0.000001 -2.784683 0.797792 0.736202
 14 0.728681 0.023433 -1.008293 1.100073 0.611404 0.551668
 15 2.136497 -0.000000 -0.000001 0.000000 -0.000000 -0.078540
 16 2.313139 -0.000000 0.000002 0.000000 0.000000 0.000000
 17 3.115506 -0.886040 -0.021431 -0.454479 0.000392 0.514872
 18 2.011150 -0.000001 -0.000000 -0.000000 -0.000000 1.322792
 19 2.141380 -0.000000 0.000001 0.000000 0.000000 0.000000
 20 1.734171 0.000000 -0.000001 -0.000000 -0.000000 0.660693
 21 0.000003 -4.440594 0.000000 1.570544 -0.062990 -0.195737
 22 5.999999 0.000000 0.000001 -2.576856 0.000000 0.000000
 23 0.000001 -4.440602 -0.000000 1.569944 -0.062987 0.004053
 24 11.375560 0.000001 0.000003 -2.217749 0.279004 0.482301
 25 0.000000 -4.440604 0.000001 1.570144 -0.062988 0.004040
 26 10.510131 0.000000 -0.000000 0.000000 -0.000000 -2.035000
 27 0.000002 -1.748401 5.000000 -0.000000 0.004007 1.602291
 28 5.500000 0.000000 -0.000000 0.293154 0.000000 -0.000000
 29 -0.000002 -1.940598 5.000000 -0.044472 0.004003 -0.000180
 30 6.551492 -0.000001 0.000000 -0.683308 0.310830 -1.188712
 31 0.000001 -1.940600 5.000002 -0.027189 -0.053376 0.005295
 32 6.551492 -0.000001 -0.000000 -0.220081 0.215882 -0.437268
 33 -0.000001 -1.940599 4.999997 -0.066572 -0.152786 -0.110311
 34 0.937049 -0.336209 -1.417334 -0.986662 1.943651 1.354199
 35 6.384776 0.000000 0.000000 -0.114196 -0.527520 -0.982058
 36 10.242684 0.000000 0.000000 -0.000000 -0.000000 -2.182543
 37 11.375562 -0.000000 -0.000001 2.665506 0.320821 0.500855
 38 0.728680 0.023432 1.008294 -1.579583 -0.319038 0.212973
 39 2.136497 -0.000001 -0.000001 0.000000 0.000000 1.282817
 40 2.313142 0.000001 0.000000 0.000000 0.000000 3.141593
 41 3.115508 -0.886041 0.021431 0.420766 0.316066 0.167178
 42 2.011152 -0.000001 -0.000002 -0.000000 0.000000 2.082010
 43 2.141381 0.000000 0.000003 0.000000 0.000000 3.141593
 44 1.734175 -0.000002 -0.000002 0.000000 0.000000 1.041748
 45 0.136314 -3.738193 2.525891 1.493698 2.759406 -1.474501
 46 14.562627 -1.166815 -0.284477 0.258917 0.054664 1.504024
 47 11.389368 -0.000819 0.158782 2.090820 0.239813 0.209000
 48 -0.000001 -4.440600 -0.000001 1.570144 -3.078602 0.004040
 49 6.000001 0.000000 0.000000 2.090820 0.000000 -0.000000
 50 0.000001 -4.440601 -0.000001 1.569944 -3.078603 0.004053
 51 10.510132 0.000002 -0.000000 0.000000 0.000000 -2.662068
 52 -0.000001 -1.748401 -5.000000 3.141593 0.004007 -1.539299
 53 5.499999 0.000002 -0.000000 0.084166 0.000000 -0.000000
 54 0.000001 0.000001 -5.000000 -0.044472 3.137590 -0.000177
 55 6.551490 0.000001 0.000001 -0.084166 -0.154910 -0.274070
 56 -1.266844 -1.937445 -4.950559 -0.066572 -2.988806 -0.110308
 57 6.551490 0.000000 0.000001 -0.084166 -0.154910 -0.274070
 58 0.699370 -1.944210 -5.006846 -0.027189 -3.088217 0.005298
 59 4.226147 -0.003202 -0.000000 0.075624 0.331854 0.330754
 60 0.000000 4.999998 -0.000000 -0.153564 0.000087 2.718702
 61 0.000006 -0.000006 -3.713579 0.119535 -2.936655 -0.885276
 62 0.000001 0.000000 5.000000 3.053195 1.558589 -0.074929
 63 -0.000005 0.000005 3.713580 -0.311487 -2.845558 -0.582080
 64 0.000000 -0.000000 -5.000000 -0.088722 1.558589 3.066339
 65 7.363603 1.646646 0.495663 -3.141593 -1.570796 0.000000
 66 -0.000005 0.000005 3.619082 -0.441735 -2.434423 -1.159241
 67 16.573919 -0.000001 0.000002 -0.000000 -0.000000 -2.011748
 68 15.128180 0.000001 0.000001 0.026832 0.026147 -0.175154
 69 5.758666 4.244731 0.000000 0.000000 -0.000000 2.033309
 70 3.177727 -0.000000 0.000000 0.000000 0.000000 3.141593
 71 15.708950 0.000002 0.000001 0.013957 0.013894 -0.093781
 72 0.275147 0.189214 -3.445208 3.130898 0.000409 -1.514604
 73 17.210194 -0.000002 0.000003 0.000000 0.000000 -2.319003
 74 0.000000 -0.000001 -4.999999 -0.079433 1.546568 -1.570859
 75 0.000007 -0.000004 -3.619079 0.260448 -2.945758 -1.468642
 76 16.573919 -0.000000 0.000001 0.000000 0.000000 -1.562392
 77 15.128181 0.000000 0.000001 0.265624 -0.173430 0.666428
 78 5.758665 4.244731 0.000000 -0.000000 0.000000 1.483530
 79 4.003934 -0.000000 0.000000 0.000000 0.000000 0.000000
 80 15.708953 0.000000 0.000000 0.195074 -0.100553 0.460486
 81 0.273998 0.191090 3.439762 -3.130907 -0.000437 -1.508107
 82 17.210196 0.000000 0.000001 -0.000000 0.000000 -2.116793
 83 0.000000 -0.000001 5.000000 -0.079311 1.595025 -1.570737
time 25
  0 0.500000 13.522099 26.931471 -0.243067 0.535714 -2.432935
  1 13.773750 5.584524 -22.520975 -0.544290 0.221328 2.303921
  2 -2.276936 0.000004 -1.238185 -1.570795 -1.570451 0.000000
  3 1.796546 0.712014 0.001015 -0.315379 -0.017040 -0.188202
  4 4.119604 -0.002964 0.000985 -0.306079 0.069154 0.304075
  5 4.119702 -0.003084 -0.000140 0.043176 0.101347 0.347863
  6 4.119652 -0.003049 0.000608 -0.186692 0.084613 0.315305
  7 4.120392 -0.002976 -0.000674 0.229340 0.573208 0.666915
  8 4.443599 -0.000000 -0.000000 0.411049 -0.256056 -0.872186
  9 9.024063 0.000001 0.000001 0.000000 0.000000 0.000000
 10 -0.939708 0.334481 1.417654 -0.110089 -0.834037 2.618309
 11 6.384776 0.000000 0.000001 -0.949369 0.081443 -1.581809
 12 10.242683 0.000000 0.000001 0.000000 -0.000000 -0.897613
 13 11.375562 0.000000 0.000000 -2.958413 0.809157 0.581843
 14 0.728680 0.023433 -1.008292 1.100073 0.611404 0.551668
 15 2.136496 -0.000001 -0.000001 0.000000 -0.000000 -0.078540
 16 2.313139 -0.000002 0.000000 0.000000 0.000000 0.000000
 17 3.115507 -0.886041 -0.021432 -0.454479 0.000392 0.514872
 18 2.011150 0.000001 0.000000 0.000000 -0.000000 1.322792
 19 2.141379 -0.000000 0.000000 0.000000 0.000000 0.000000
 20 1.734172 0.000000 0.000000 0.000000 -0.000000 0.660693
 21 0.000007 -4.440594 -0.000000 1.570544 -0.062990 -0.195737
 22 5.999999 -0.000001 -0.000000 -2.694611 0.000000 0.000000
 23 -0.000000 -4.440601 0.000001 1.569944 -0.062987 0.004053
 24 11.375560 -0.000000 0.000002 -2.275198 0.294039 0.440987
 25 -0.000000 -4.440603 0.000000 1.570144 -0.062988 0.004040
 26 10.510132 0.000000 0.000000 0.000000 0.000000 -2.019603
 27 0.000001 -1.748400 4.999998 -0.000000 0.004007 1.602291
 28 5.500001 0.000000 0.000000 0.295051 0.000000 0.000000
 29 -0.000003 -1.940599 5.000000 -0.044472 0.004003 -0.000180
 30 6.551491 -0.000001 0.000001 -0.644117 0.224659 -1.147227
 31 -0.000000 -1.940600 5.000002 -0.027189 -0.053376 0.005295
 32 6.551491 -0.000001 0.000001 -0.225639 0.176249 -0.440394
 33 -0.000002 -1.940599 4.999997 -0.066572 -0.152786 -0.110311
 34 0.939710 -0.327406 -1.417655 -0.994978 1.932689 1.313901
 35 6.384778 0.000000 -0.000003 -0.087959 -0.487065 -1.004550
 36 10.242683 -0.000002 -0.000001 -0.000000 0.000000 -2.183448
 37 11.375563 -0.000002 -0.000001 2.660304 0.318796 0.498336
 38 0.728680 0.023431 1.008292 -1.579583 -0.319038 0.212973
 39 2.136497 0.000001 -0.000001 0.000000 -0.000000 1.282817
 40 2.313138 0.000001 0.000001 0.000000 0.000000 3.141593
 41 3.115506 -0.886041 0.021431 0.420766 0.316066 0.167178
 42 2.011152 -0.000001 -0.000003 0.000000 0.000000 2.082010
 43 2.141380 0.000000 0.000002 0.000000 0.000000 3.141593
 44 1.734171 -0.000001 -0.000001 0.000000 0.000000 1.041748
 45 0.136316 -3.738191 2.525891 1.493698 2.759406 -1.474501
 46 14.562628 -1.166814 -0.284478 0.258917 0.054664 1.504024
 47 11.389367 -0.000820 0.158780 2.088621 0.238158 0.208515
 48 0.000001 -4.440600 -0.000001 1.570144 -3.078602 0.004040
 49 6.000000 0.000000 -0.000001 2.088621 0.000000 -0.000000
 50 0.000000 -4.440601 0.000000 1.569944 -3.078603 0.004053
 51 10.510132 -0.000001 -0.000000 -0.000000 0.000000 -2.662521
 52 -0.000001 -1.748398 -5.000002 3.141593 0.004007 -1.539299
 53 5.500000 -0.000001 -0.000002 0.074575 0.000000 0.000000
 54 -0.000001 0.000002 -5.000001 -0.044472 3.137589 -0.000177
 55 6.551491 -0.000000 -0.000001 -0.074575 -0.144965 -0.278877
 56 -1.266842 -1.937444 -4.950562 -0.066572 -2.988806 -0.110308
 57 6.551491 -0.000000 -0.000001 -0.074575 -0.144965 -0.278877
 58 0.699371 -1.944210 -5.006847 -0.027189 -3.088217 0.005298
 59 4.226146 -0.003200 0.000001 0.069768 0.333265 0.345481
 60 0.000001 5.000000 0.000000 -0.153564 0.000087 2.718702
 61 0.000006 -0.000006 -3.713579 0.119535 -2.936655 -0.885276
 62 0.000001 0.000000 5.000000 3.053195 1.558589 -0.074929
 63 -0.000005 0.000005 3.713580 -0.311487 -2.845558 -0.582080
 64 0.000000 -0.000000 -5.000000 -0.088722 1.558589 3.066339
 65 7.363603 1.646646 0.495663 -3.141593 -1.570796 0.000000
 66 -0.000005 0.000005 3.619082 -0.441735 -2.434423 -1.159241
 67 16.573919 -0.000001 0.000002 -0.000000 -0.000000 -2.011748
 68 15.128180 0.000001 0.000001 0.026832 0.026147 -0.175154
 69 5.758666 4.244731 0.000000 0.000000 -0.000000 2.033309
 70 3.177727 -0.000000 0.000000 0.000000 0.000000 3.141593
 71 15.708950 0.000002 0.000001 0.013957 0.013894 -0.093781
 72 0.275147 0.189214 -3.445208 3.130898 0.000409 -1.514604
 73 17.210194 -0.000002 0.000003 0.000000 0.000000 -2.319003
 74 0.000000 -0.000001 -4.999999 -0.079433 1.546568 -1.570859
 75 0.000007 -0.000004 -3.619079 0.260448 -2.945758 -1.468642
 76 16.573919 -0.000000 0.000001 0.000000 0.000000 -1.562392
 77 15.128181 0.000000 0.000001 0.265624 -0.173430 0.666428
 78 5.758665 4.244731 0.000000 -0.000000 0.000000 1.483530
 79 4.003934 -0.000000 0.000000 0.000000 0.000000 0.000000
 80 15.708953 0.000000 0.000000 0.195074 -0.100553 0.460486
 81 0.273998 0.191090 3.439762 -3.130907 -0.000437 -1.508107
 82 17.210196 0.000000 0.000001 -0.000000 0.000000 -2.116793
 83 0.000000 -0.000001 5.000000 -0.079311 1.595025 -1.570737
time 26
  0 0.500000 13.522099 26.931471 -0.243067 0.535714 -2.432935
  1 13.773750 5.584524 -22.520975 -0.544290 0.221328 2.303921
  2 -2.276936 0.000004 -1.238185 -1.570795 -1.570451 0.000000
  3 1.796554 0.712012 0.001016 -0.315628 -0.012985 -0.186337
  4 4.119613 -0.002960 0.000985 -0.305781 0.073181 0.306011
  5 4.119715 -0.003082 -0.000142 0.043759 0.104466 0.351070
  6 4.119661 -0.003048 0.000596 -0.183620 0.088341 0.317605
  7 4.120461 -0.002940 -0.000657 0.223353 0.575228 0.686462
  8 4.443599 -0.000000 0.000001 0.453643 -0.236400 -0.911949
  9 9.024061 0.000000 -0.000000 0.000000 0.000000 0.000000
 10 -0.942647 0.325567 1.417757 -0.113110 -0.835216 2.594783
 11 6.384775 0.000002 0.000000 -0.859633 0.008770 -1.557472
 12 10.242682 0.000001 0.000000 0.000000 -0.000000 -0.866443
 13 11.375561 0.000000 0.000000 -3.134595 0.802502 0.427641
 14 0.728681 0.023431 -1.008292 1.100072 0.611404 0.551668
 15 2.136496 -0.000001 -0.000000 0.000000 0.000000 -0.078540
 16 2.313138 0.000001 -0.000001 0.000000 0.000000 0.000000
 17 3.115508 -0.886042 -0.021432 -0.454479 0.000392 0.514872
 18 2.011151 0.000002 -0.000001 -0.000000 -0.000000 1.322792
 19 2.141379 0.000000 0.000000 0.000000 0.000000 0.000000
 20 1.734174 0.000001 0.000001 -0.000000 0.000000 0.660693
 21 0.000004 -4.440593 0.000001 1.570544 -0.062990 -0.195737
 22 6.000000 -0.000001 -0.000000 -2.820047 -0.000000 -0.000000
 23 0.000002 -4.440602 0.000000 1.569944 -0.062987 0.004053
 24 11.375561 -0.000001 0.000004 -2.333600 0.306865 0.398890
 25 -0.000000 -4.440605 -0.000002 1.570144 -0.062988 0.004040
 26 10.510129 0.000002 -0.000001 -0.000000 0.000000 -2.004018
 27 0.000001 -1.748401 4.999998 0.000000 0.004007 1.602291
 28 5.499999 0.000002 -0.000000 0.297535 -0.000000 -0.000000
 29 -0.000001 -1.940597 5.000000 -0.044472 0.004003 -0.000180
 30 6.551490 0.000001 -0.000000 -0.615238 0.139824 -1.114883
 31 0.000000 -1.940599 5.000002 -0.027189 -0.053376 0.005295
 32 6.551490 0.000001 -0.000000 -0.230963 0.137326 -0.441766
 33 -0.000002 -1.940599 4.999997 -0.066572 -0.152786 -0.110311
 34 0.942650 -0.318494 -1.417756 -1.006683 1.927338 1.278654
 35 6.384776 -0.000000 0.000001 -0.062204 -0.446273 -1.025909
 36 10.242681 -0.000000 -0.000001 0.000000 -0.000000 -2.184330
 37 11.375563 0.000002 0.000001 2.655087 0.316749 0.495818
 38 0.728681 0.023431 1.008291 -1.579583 -0.319038 0.212973
 39 2.136496 -0.000001 0.000001 -0.000000 0.000000 1.282817
 40 2.313140 0.000000 0.000000 0.000000 0.000000 3.141593
 41 3.115507 -0.886040 0.021429 0.420766 0.316066 0.167178
 42 2.011149 0.000001 0.000001 0.000000 0.000000 2.082010
 43 2.141379 0.000000 0.000001 0.000000 0.000000 3.141593
 44 1.734171 -0.000001 0.000000 -0.000000 0.000000 1.041748
 45 0.136315 -3.738193 2.525892 1.493698 2.759406 -1.474501
 46 14.562627 -1.166813 -0.284477 0.258917 0.054664 1.504024
 47 11.389367 -0.000818 0.158781 2.086412 0.236495 0.208031
 48 -0.000001 -4.440599 -0.000002 1.570144 -3.078602 0.004040
 49 6.000000 -0.000002 -0.000002 2.086412 0.000000 -0.000000
 50 0.000001 -4.440602 0.000001 1.569944 -3.078603 0.004053
 51 10.510130 -0.000000 -0.000000 -0.000000 0.000000 -2.662961
 52 0.000000 -1.748398 -5.000001 -3.141593 0.004007 -1.539299
 53 5.499999 -0.000001 -0.000000 0.064550 -0.000000 -0.000000
 54 -0.000001 0.000001 -5.000000 -0.044472 3.137589 -0.000177
 55 6.551491 0.000001 -0.000000 -0.064550 -0.135145 -0.283456
 56 -1.266843 -1.937443 -4.950560 -0.066572 -2.988806 -0.110308
 57 6.551491 0.000001 0.000000 -0.064550 -0.135145 -0.283456
 58 0.699371 -1.944207 -5.006847 -0.027189 -3.088217 0.005298
 59 4.226146 -0.003201 0.000000 0.064726 0.334529 0.355234
 60 0.000001 4.999999 -0.000000 -0.153565 0.000087 2.718702
 61 0.000006 -0.000006 -3.713579 0.119535 -2.936655 -0.885276
 62 0.000001 0.000000 5.000000 3.053195 1.558589 -0.074929
 63 -0.000005 0.000005 3.713580 -0.311487 -2.845558 -0.582080
 64 0.000000 -0.000000 -5.000000 -0.088722 1.558589 3.066339
 65 7.363603 1.646646 0.495663 -3.141593 -1.570796 0.000000
 66 -0.000005 0.000005 3.619082 -0.441735 -2.434423 -1.159241
 67 16.573919 -0.000001 0.000002 -0.000000 -0.000000 -2.011748
 68 15.128180 0.000001 0.000001 0.026832 0.026147 -0.175154
 69 5.758666 4.244731 0.000000 0.000000 -0.000000 2.033309
 70 3.177727 -0.000000 0.000000 0.000000 0.000000 3.141593
 71 15.708950 0.000002 0.000001 0.013957 0.013894 -0.093781
 72 0.275147 0.189214 -3.445208 3.130898 0.000409 -1.514604
 73 17.210194 -0.000002 0.000003 0.000000 0.000000 -2.319003
 74 0.000000 -0.000001 -4.999999 -0.079433 1.546568 -1.570859
 75 0.000007 -0.000004 -3.619079 0.260448 -2.945758 -1.468642
 76 16.573919 -0.000000 0.000001 0.000000 0.000000 -1.562392
 77 15.128181 0.000000 0.000001 0.265624 -0.173430 0.666428
 78 5.758665 4.244731 0.000000 -0.000000 0.000000 1.483530
 79 4.003934 -0.000000 0.000000 0.000000 0.000000 0.000000
 80 15.708953 0.000000 0.000000 0.195074 -0.100553 0.460486
 81 0.273998 0.191090 3.439762 -3.130907 -0.000437 -1.508107
 82 17.210196 0.000000 0.000001 -0.000000 0.000000 -2.116793
 83 0.000000 -0.000001 5.000000 -0.079311 1.595025 -1.570737
time 27
  0 0.500000 13.522099 26.931471 -0.243067 0.535714 -2.432935
  1 13.773750 5.584524 -22.520975 -0.544290 0.221328 2.303921
  2 -2.276936 0.000004 -1.238185 -1.570795 -1.570451 0.000000
  3 1.796564 0.712010 0.001017 -0.315867 -0.008966 -0.184490
  4 4.119622 -0.002957 0.000985 -0.305477 0.077171 0.307930
  5 4.119728 -0.003081 -0.000146 0.044348 0.107555 0.354251
  6 4.119666 -0.003044 0.000586 -0.180566 0.092029 0.319898
  7 4.120451 -0.002956 -0.000622 0.211671 0.579165 0.675848
  8 4.443598 0.000001 0.000000 0.516348 -0.222999 -0.942063
  9 9.024058 0.000000 -0.000000 0.000000 0.000000 0.000000
 10 -0.948364 0.308202 1.417782 -0.100191 -0.834089 2.584909
 11 6.384775 -0.000001 0.000000 -0.772264 -0.064544 -1.538390
 12 10.242682 0.000000 0.000000 0.000000 0.000000 -0.835891
 13 11.375563 0.000002 -0.000000 2.980216 0.778962 0.284212
 14 0.728681 0.023430 -1.008293 1.100072 0.611404 0.551668
 15 2.136495 0.000001 0.000001 0.000000 0.000000 -0.078540
 16 2.313140 -0.000001 -0.000000 0.000000 0.000000 0.000000
 17 3.115505 -0.886042 -0.021431 -0.454479 0.000392 0.514872
 18 2.011149 -0.000001 0.000000 -0.000000 0.000000 1.322792
 19 2.141380 -0.000002 -0.000000 0.000000 0.000000 0.000000
 20 1.734171 -0.000000 0.000000 0.000000 0.000000 0.660693
 21 0.000006 -4.440593 -0.000001 1.570544 -0.062990 -0.195737
 22 6.000000 0.000001 0.000000 -2.950150 0.000000 0.000000
 23 0.000002 -4.440601 -0.000000 1.569944 -0.062987 0.004053
 24 11.375561 0.000002 0.000003 -2.391814 0.317209 0.357058
 25 -0.000001 -4.440604 -0.000001 1.570144 -0.062988 0.004040
 26 10.510130 0.000001 0.000000 0.000000 0.000000 -1.988742
 27 0.000001 -1.748400 4.999999 -0.000000 0.004007 1.602290
 28 5.500000 0.000001 0.000001 0.299343 0.000000 -0.000000
 29 0.000000 -1.940598 5.000000 -0.044472 0.004003 -0.000180
 30 6.551489 0.000000 0.000001 -0.592730 0.059828 -1.091817
 31 -0.000001 -1.940598 5.000002 -0.027189 -0.053376 0.005295
 32 6.551489 0.000000 0.000001 -0.235049 0.100699 -0.442341
 33 -0.000000 -1.940599 4.999996 -0.066572 -0.152786 -0.110311
 34 0.948366 -0.301121 -1.417781 -1.022452 1.933095 1.264366
 35 6.384778 0.000001 -0.000004 -0.038643 -0.405436 -1.045144
 36 10.242682 -0.000001 0.000003 0.000000 0.000000 -2.185837
 37 11.375562 0.000001 -0.000002 2.650511 0.314941 0.493617
 38 0.728681 0.023431 1.008291 -1.579583 -0.319038 0.212973
 39 2.136497 0.000002 0.000000 -0.000000 0.000000 1.282817
 40 2.313136 -0.000001 0.000000 0.000000 0.000000 3.141593
 41 3.115506 -0.886040 0.021432 0.420766 0.316066 0.167178
 42 2.011153 -0.000001 -0.000001 0.000000 -0.000000 2.082010
 43 2.141381 0.000001 0.000000 0.000000 0.000000 3.141593
 44 1.734172 -0.000001 0.000001 -0.000000 -0.000000 1.041748
 45 0.136316 -3.738193 2.525890 1.493698 2.759406 -1.474501
 46 14.562629 -1.166812 -0.284477 0.258917 0.054664 1.504024
 47 11.389370 -0.000819 0.158781 2.084473 0.235032 0.207608
 48 -0.000000 -4.440600 -0.000001 1.570144 -3.078602 0.004040
 49 6.000001 0.000002 -0.000001 2.084473 0.000000 -0.000000
 50 0.000000 -4.440602 0.000001 1.569944 -3.078603 0.004053
 51 10.510132 -0.000000 0.000003 0.000000 0.000000 -2.663715
 52 0.000001 -1.748402 -5.000002 3.141593 0.004007 -1.539299
 53 5.500000 -0.000000 0.000003 0.054587 -0.000000 0.000000
 54 -0.000002 0.000001 -5.000000 -0.044472 3.137589 -0.000177
 55 6.551490 -0.000000 -0.000001 -0.054588 -0.125263 -0.287683
 56 -1.266844 -1.937442 -4.950562 -0.066572 -2.988806 -0.110308
 57 6.551490 -0.000000 -0.000001 -0.054588 -0.125263 -0.287683
 58 0.699369 -1.944207 -5.006847 -0.027189 -3.088217 0.005298
 59 4.226146 -0.003200 0.000001 0.058979 0.335658 0.350497
 60 0.000000 4.999998 0.000000 -0.153565 0.000087 2.718702
 61 0.000006 -0.000006 -3.713579 0.119535 -2.936655 -0.885276
 62 0.000001 0.000000 5.000000 3.053195 1.558589 -0.074929
 63 -0.000005 0.000005 3.713580 -0.311487 -2.845558 -0.582080
 64 0.000000 -0.000000 -5.000000 -0.088722 1.558589 3.066339
 65 7.363603 1.646646 0.495663 -3.141593 -1.570796 0.000000
 66 -0.000005 0.000005 3.619082 -0.441735 -2.434423 -1.159241
 67 16.573919 -0.000001 0.000002 -0.000000 -0.000000 -2.011748
 68 15.128180 0.000001 0.000001 0.026832 0.026147 -0.175154
 69 5.758666 4.244731 0.000000 0.000000 -0.000000 2.033309
 70 3.177727 -0.000000 0.000000 0.000000 0.000000 3.141593
 71 15.708950 0.000002 0.000001 0.013957 0.013894 -0.093781
 72 0.275147 0.189214 -3.445208 3.130898 0.000409 -1.514604
 73 17.210194 -0.000002 0.000003 0.000000 0.000000 -2.319003
 74 0.000000 -0.000001 -4.999999 -0.079433 1.546568 -1.570859
 75 0.000007 -0.000004 -3.619079 0.260448 -2.945758 -1.468642
 76 16.573919 -0.000000 0.000001 0.000000 0.000000 -1.562392
 77 15.128181 0.000000 0.000001 0.265624 -0.173430 0.666428
 78 5.758665 4.244731 0.000000 -0.000000 0.000000 1.483530
 79 4.003934 -0.000000 0.000000 0.000000 0.000000 0.000000
 80 15.708953 0.000000 0.000000 0.195074 -0.100553 0.460486
 81 0.273998 0.191090 3.439762 -3.130907 -0.000437 -1.508107
 82 17.210196 0.000000 0.000001 -0.000000 0.000000 -2.116793
 83 0.000000 -0.000001 5.000000 -0.079311 1.595025 -1.570737
time 28
  0 0.500000 13.522099 26.931471 -0.243067 0.535714 -2.432935
  1 13.773750 5.584524 -22.520975 -0.544290 0.221328 2.303921
  2 -2.276936 0.000004 -1.238185 -1.570795 -1.570451 0.000000
  3 1.796573 0.712009 0.001018 -0.316090 -0.005090 -0.182710
  4 4.119631 -0.002955 0.000983 -0.305177 0.081018 0.309783
  5 4.119737 -0.003077 -0.000147 0.044925 0.110531 0.357321
  6 4.119674 -0.003042 0.000579 -0.177613 0.095578 0.322120
  7 4.120355 -0.003020 -0.000581 0.198180 0.583195 0.635829
  8 4.443599 0.000002 0.000000 0.578660 -0.223031 -0.956581
  9 9.024061 -0.000001 -0.000000 0.000000 0.000000 0.000000
 10 -0.954200 0.288294 1.418005 -0.067257 -0.828942 2.585153
 11 6.384776 0.000001 0.000001 -0.687962 -0.135705 -1.524504
 12 10.242682 0.000000 -0.000000 0.000000 -0.000000 -0.807364
 13 11.375560 -0.000000 0.000000 2.827522 0.742226 0.159867
 14 0.728681 0.023430 -1.008293 1.100072 0.611404 0.551668
 15 2.136497 0.000001 0.000001 0.000000 -0.000000 -0.078540
 16 2.313139 -0.000001 -0.000001 0.000000 0.000000 0.000000
 17 3.115508 -0.886041 -0.021431 -0.454479 0.000392 0.514872
 18 2.011148 0.000002 -0.000000 -0.000000 0.000000 1.322792
 19 2.141379 -0.000000 -0.000001 0.000000 0.000000 0.000000
 20 1.734173 0.000001 0.000000 -0.000000 0.000000 0.660693
 21 0.000004 -4.440594 0.000000 1.570544 -0.062990 -0.195737
 22 6.000000 0.000000 -0.000000 -3.080826 0.000000 0.000000
 23 0.000002 -4.440600 -0.000000 1.569944 -0.062987 0.004053
 24 11.375561 -0.000000 0.000003 -2.448556 0.324922 0.316895
 25 -0.000001 -4.440603 -0.000000 1.570144 -0.062988 0.004040
 26 10.510131 0.000001 -0.000001 0.000000 0.000000 -1.974478
 27 -0.000000 -1.748400 5.000000 0.000000 0.004007 1.602291
 28 5.500000 0.000000 -0.000000 0.299300 -0.000000 0.000000
 29 -0.000002 -1.940599 5.000001 -0.044472 0.004003 -0.000180
 30 6.551492 0.000001 -0.000000 -0.572582 -0.013018 -1.076640
 31 0.000000 -1.940599 5.000002 -0.027189 -0.053376 0.005295
 32 6.551492 0.000001 -0.000000 -0.237069 0.067293 -0.442709
 33 -0.000000 -1.940600 4.999996 -0.066572 -0.152786 -0.110311
 34 0.954203 -0.281217 -1.418004 -1.041572 1.953373 1.270408
 35 6.384775 -0.000001 0.000003 -0.018940 -0.365287 -1.061392
 36 10.242681 -0.000000 0.000000 0.000000 -0.000000 -2.188574
 37 11.375562 0.000002 0.000001 2.647262 0.313649 0.492058
 38 0.728681 0.023430 1.008292 -1.579583 -0.319038 0.212973
 39 2.136497 -0.000000 -0.000001 0.000000 -0.000000 1.282817
 40 2.313140 0.000000 0.000001 0.000000 0.000000 3.141593
 41 3.115506 -0.886041 0.021433 0.420766 0.316066 0.167178
 42 2.011153 -0.000001 -0.000002 0.000000 0.000000 2.082010
 43 2.141379 0.000001 0.000002 0.000000 0.000000 3.141593
 44 1.734173 -0.000002 -0.000002 0.000000 0.000000 1.041748
 45 0.136316 -3.738193 2.525890 1.493698 2.759406 -1.474501
 46 14.562629 -1.166814 -0.284476 0.258917 0.054664 1.504024
 47 11.389367 -0.000819 0.158782 2.083095 0.233992 0.207308
 48 0.000001 -4.440598 -0.000001 1.570144 -3.078602 0.004040
 49 6.000000 0.000001 0.000000 2.083095 -0.000000 0.000000
 50 0.000001 -4.440602 0.000000 1.569944 -3.078603 0.004053
 51 10.510131 -0.000000 0.000001 0.000000 -0.000000 -2.665083
 52 -0.000000 -1.748399 -5.000001 3.141593 0.004007 -1.539299
 53 5.500001 -0.000002 0.000001 0.045291 -0.000000 -0.000000
 54 -0.000000 0.000000 -5.000001 -0.044472 3.137589 -0.000177
 55 6.551490 0.000000 0.000001 -0.045291 -0.115238 -0.291411
 56 -1.266844 -1.937444 -4.950560 -0.066572 -2.988806 -0.110308
 57 6.551490 0.000000 0.000001 -0.045291 -0.115238 -0.291411
 58 0.699371 -1.944209 -5.006846 -0.027189 -3.088217 0.005298
 59 4.226146 -0.003201 -0.000000 0.054765 0.336096 0.331501
 60 0.000000 5.000002 -0.000002 -0.153564 0.000087 2.718702
 61 0.000006 -0.000006 -3.713579 0.119535 -2.936655 -0.885276
 62 0.000001 0.000000 5.000000 3.053195 1.558589 -0.074929
 63 -0.000005 0.000005 3.713580 -0.311487 -2.845558 -0.582080
 64 0.000000 -0.000000 -5.000000 -0.088722 1.558589 3.066339
 65 7.363603 1.646646 0.495663 -3.141593 -1.570796 0.000000
 66 -0.000005 0.000005 3.619082 -0.441735 -2.434423 -1.159241
 67 16.573919 -0.000001 0.000002 -0.000000 -0.000000 -2.011748
 68 15.128180 0.000001 0.000001 0.026832 0.026147 -0.175154
 69 5.758666 4.244731 0.000000 0.000000 -0.000000 2.033309
 70 3.177727 -0.000000 0.000000 0.000000 0.000000 3.141593
 71 15.708950 0.000002 0.000001 0.013957 0.013894 -0.093781
 72 0.275147 0.189214 -3.445208 3.130898 0.000409 -1.514604
 73 17.210194 -0.000002 0.000003 0.000000 0.000000 -2.319003
 74 0.000000 -0.000001 -4.999999 -0.079433 1.546568 -1.570859
 75 0.000007 -0.000004 -3.619079 0.260448 -2.945758 -1.468642
 76 16.573919 -0.000000 0.000001 0.000000 0.000000 -1.562392
 77 15.128181 0.000000 0.000001 0.265624 -0.173430 0.666428
 78 5.758665 4.244731 0.000000 -0.000000 0.000000 1.483530
 79 4.003934 -0.000000 0.000000 0.000000 0.000000 0.000000
 80 15.708953 0.000000 0.000000 0.195074 -0.100553 0.460486
 81 0.273998 0.191090 3.439762 -3.130907 -0.000437 -1.508107
 82 17.210196 0.000000 0.000001 -0.000000 0.000000 -2.116793
 83 0.000000 -0.000001 5.000000 -0.079311 1.595025 -1.570737
time 29
  0 0.500000 13.522099 26.931471 -0.243067 0.535714 -2.432935
  1 13.773750 5.584524 -22.520975 -0.544290 0.221328 2.303921
  2 -2.276936 0.000004 -1.238185 -1.570795 -1.570451 0.000000
  3 1.796582 0.712008 0.001018 -0.316292 -0.001466 -0.181047
  4 4.119639 -0.002953 0.000983 -0.304891 0.084613 0.311517
  5 4.119743 -0.003074 -0.000149 0.045473 0.113312 0.360194
  6 4.119684 -0.003045 0.000568 -0.174844 0.098890 0.324207
  7 4.120243 -0.003094 -0.000541 0.184183 0.586771 0.590526
  8 4.443598 0.000001 0.000000 0.640971 -0.223456 -0.966955
  9 9.024059 -0.000001 -0.000001 0.000000 0.000000 0.000000
 10 -0.959366 0.267794 1.418490 -0.033659 -0.822526 2.590550
 11 6.384774 0.000000 0.000001 -0.607447 -0.199705 -1.513906
 12 10.242682 0.000002 0.000000 0.000000 -0.000000 -0.781091
 13 11.375560 0.000000 0.000001 2.697059 0.699585 0.061401
 14 0.728681 0.023430 -1.008292 1.100073 0.611404 0.551668
 15 2.136497 0.000001 -0.000001 0.000000 -0.000000 -0.078540
 16 2.313138 0.000000 0.000000 0.000000 0.000000 0.000000
 17 3.115506 -0.886041 -0.021432 -0.454479 0.000392 0.514872
 18 2.011149 0.000001 0.000001 -0.000000 -0.000000 1.322792
 19 2.141379 -0.000001 -0.000000 0.000000 0.000000 0.000000
 20 1.734170 0.000001 0.000000 0.000000 -0.000000 0.660693
 21 0.000005 -4.440593 0.000001 1.570544 -0.062990 -0.195737
 22 5.999999 -0.000000 0.000000 3.078451 -0.000000 0.000000
 23 0.000001 -4.440602 0.000000 1.569944 -0.062987 0.004053
 24 11.375560 0.000001 0.000004 -2.501218 0.330223 0.281465
 25 -0.000000 -4.440603 -0.000001 1.570144 -0.062988 0.004040
 26 10.510132 0.000001 -0.000000 0.000000 -0.000000 -1.961342
 27 0.000001 -1.748401 4.999999 -0.000000 0.004007 1.602290
 28 5.500000 0.000000 0.000000 0.296213 -0.000000 -0.000000
 29 -0.000000 -1.940597 5.000000 -0.044472 0.004003 -0.000180
 30 6.551490 0.000000 0.000001 -0.551094 -0.075042 -1.064874
 31 0.000000 -1.940600 5.000002 -0.027189 -0.053376 0.005295
 32 6.551490 0.000000 0.000001 -0.236267 0.038213 -0.442509
 33 -0.000000 -1.940598 4.999996 -0.066572 -0.152786 -0.110311
 34 0.959367 -0.260712 -1.418488 -1.059442 1.973423 1.283142
 35 6.384775 -0.000002 0.000003 -0.005080 -0.331475 -1.072692
 36 10.242682 -0.000002 0.000001 -0.000000 0.000000 -2.192002
 37 11.375561 -0.000001 -0.000000 2.646001 0.313146 0.491454
 38 0.728681 0.023429 1.008291 -1.579583 -0.319038 0.212973
 39 2.136497 -0.000000 0.000000 0.000000 0.000000 1.282817
 40 2.313137 -0.000000 0.000001 0.000000 0.000000 3.141593
 41 3.115506 -0.886042 0.021431 0.420766 0.316066 0.167178
 42 2.011148 0.000001 -0.000000 -0.000000 0.000000 2.082010
 43 2.141378 0.000000 -0.000001 0.000000 0.000000 3.141593
 44 1.734171 -0.000001 -0.000000 0.000000 0.000000 1.041748
 45 0.136315 -3.738192 2.525889 1.493698 2.759406 -1.474501
 46 14.562628 -1.166814 -0.284478 0.258917 0.054664 1.504024
 47 11.389366 -0.000819 0.158782 2.082560 0.233588 0.207192
 48 -0.000000 -4.440600 0.000000 1.570144 -3.078602 0.004040
 49 6.000000 0.000000 0.000002 2.082560 0.000000 -0.000000
 50 0.000003 -4.440600 -0.000001 1.569944 -3.078603 0.004053
 51 10.510131 -0.000001 0.000002 -0.000000 -0.000000 -2.666797
 52 -0.000000 -1.748399 -5.000000 3.141593 0.004007 -1.539299
 53 5.499999 0.000000 0.000000 0.037912 0.000000 -0.000000
 54 -0.000000 -0.000001 -4.999998 -0.044472 3.137589 -0.000177
 55 6.551490 -0.000000 0.000001 -0.037912 -0.106495 -0.294156
 56 -1.266845 -1.937443 -4.950560 -0.066572 -2.988806 -0.110308
 57 6.551491 -0.000000 0.000001 -0.037912 -0.106495 -0.294156
 58 0.699370 -1.944207 -5.006846 -0.027189 -3.088217 0.005298
 59 4.226145 -0.003201 -0.000000 0.050838 0.336384 0.309809
 60 0.000000 5.000001 0.000001 -0.153564 0.000087 2.718702
 61 0.000006 -0.000006 -3.713579 0.119535 -2.936655 -0.885276
 62 0.000001 0.000000 5.000000 3.053195 1.558589 -0.074929
 63 -0.000005 0.000005 3.713580 -0.311487 -2.845558 -0.582080
 64 0.000000 -0.000000 -5.000000 -0.088722 1.558589 3.066339
 65 7.363603 1.646646 0.495663 -3.141593 -1.570796 0.000000
 66 -0.000005 0.000005 3.619082 -0.441735 -2.434423 -1.159241
 67 16.573919 -0.000001 0.000002 -0.000000 -0.000000 -2.011748
 68 15.128180 0.000001 0.000001 0.026832 0.026147 -0.175154
 69 5.758666 4.244731 0.000000 0.000000 -0.000000 2.033309
 70 3.177727 -0.000000 0.000000 0.000000 0.000000 3.141593
 71 15.708950 0.000002 0.000001 0.013957 0.013894 -0.093781
 72 0.275147 0.189214 -3.445208 3.130898 0.000409 -1.514604
 73 17.210194 -0.000002 0.000003 0.000000 0.000000 -2.319003
 74 0.000000 -0.000001 -4.999999 -0.079433 1.546568 -1.570859
 75 0.000007 -0.000004 -3.619079 0.260448 -2.945758 -1.468642
 76 16.573919 -0.000000 0.000001 0.000000 0.000000 -1.562392
 77 15.128181 0.000000 0.000001 0.265624 -0.173430 0.666428
 78 5.758665 4.244731 0.000000 -0.000000 0.000000 1.483530
 79 4.003934 -0.000000 0.000000 0.000000 0.000000 0.000000
 80 15.708953 0.000000 0.000000 0.195074 -0.100553 0.460486
 81 0.273998 0.191090 3.439762 -3.130907 -0.000437 -1.508107
 82 17.210196 0.000000 0.000001 -0.000000 0.000000 -2.116793
 83 0.000000 -0.000001 5.000000 -0.079311 1.595025 -1.570737
time 30
  0 0.500000 13.522099 26.931471 -0.243067 0.535714 -2.432935
  1 13.773750 5.584524 -22.520975 -0.544290 0.221328 2.303921
  2 -2.276936 0.000004 -1.238185 -1.570795 -1.570451 0.000000
  3 1.796590 0.712006 0.001019 -0.316470 0.001797 -0.179550
  4 4.119647 -0.002950 0.000980 -0.304627 0.087851 0.313079
  5 4.119750 -0.003070 -0.000148 0.045973 0.115815 0.362783
  6 4.119693 -0.003044 0.000559 -0.172344 0.101868 0.326095
  7 4.120195 -0.003120 -0.000515 0.175691 0.588814 0.570026
  8 4.443598 0.000002 0.000001 0.681822 -0.219436 -0.981311
  9 9.024062 -0.000000 -0.000000 0.000000 0.000000 0.000000
 10 -0.962313 0.255397 1.418748 -0.016397 -0.817744 2.589206
 11 6.384776 0.000001 0.000000 -0.531206 -0.252994 -1.506577
 12 10.242682 0.000002 -0.000000 0.000000 -0.000000 -0.751707
 13 11.375561 0.000000 0.000000 2.590631 0.659698 -0.012407
 14 0.728681 0.023430 -1.008292 1.100073 0.611404 0.551668
 15 2.136497 0.000000 -0.000000 0.000000 0.000000 -0.078540
 16 2.313138 -0.000001 -0.000001 0.000000 0.000000 0.000000
 17 3.115505 -0.886042 -0.021432 -0.454479 0.000392 0.514872
 18 2.011151 -0.000001 -0.000000 -0.000000 0.000000 1.322792
 19 2.141379 0.000001 -0.000000 0.000000 0.000000 0.000000
 20 1.734174 -0.000001 -0.000000 -0.000000 -0.000000 0.660693
 21 0.000006 -4.440593 -0.000001 1.570544 -0.062990 -0.195737
 22 5.999999 -0.000001 0.000000 2.968262 0.000000 0.000000
 23 0.000002 -4.440602 0.000001 1.569944 -0.062987 0.004053
 24 11.375561 0.000001 0.000003 -2.546926 0.334779 0.252728
 25 0.000000 -4.440602 0.000000 1.570144 -0.062988 0.004040
 26 10.510131 0.000001 0.000000 -0.000000 0.000000 -1.946650
 27 -0.000001 -1.748400 4.999999 -0.000000 0.004007 1.602291
 28 5.500000 0.000001 -0.000000 0.289346 0.000000 0.000000
 29 -0.000003 -1.940598 5.000002 -0.044472 0.004003 -0.000180
 30 6.551491 0.000001 -0.000000 -0.525935 -0.124454 -1.055376
 31 -0.000001 -1.940600 5.000001 -0.027189 -0.053376 0.005295
 32 6.551491 0.000001 -0.000000 -0.232157 0.013906 -0.442102
 33 0.000002 -1.940600 4.999996 -0.066572 -0.152786 -0.110311
 34 0.962314 -0.248313 -1.418747 -1.067057 1.979545 1.289813
 35 6.384776 0.000001 0.000001 0.004033 -0.311581 -1.078427
 36 10.242682 0.000000 0.000002 -0.000000 -0.000000 -2.193660
 37 11.375562 -0.000002 0.000002 2.645891 0.313102 0.491401
 38 0.728681 0.023432 1.008293 -1.579583 -0.319038 0.212973
 39 2.136497 0.000001 -0.000000 0.000000 -0.000000 1.282817
 40 2.313136 -0.000000 -0.000000 0.000000 0.000000 3.141593
 41 3.115507 -0.886041 0.021432 0.420766 0.316066 0.167178
 42 2.011150 -0.000001 0.000001 0.000000 0.000000 2.082010
 43 2.141380 -0.000001 0.000001 0.000000 0.000000 3.141593
 44 1.734173 -0.000001 -0.000000 -0.000000 -0.000000 1.041748
 45 0.136315 -3.738192 2.525892 1.493698 2.759406 -1.474501
 46 14.562626 -1.166814 -0.284475 0.258917 0.054664 1.504024
 47 11.389367 -0.000819 0.158785 2.082513 0.233552 0.207182
 48 0.000002 -4.440598 -0.000000 1.570144 -3.078602 0.004040
 49 6.000000 0.000002 0.000002 2.082513 -0.000000 -0.000000
 50 0.000001 -4.440600 0.000001 1.569944 -3.078603 0.004053
 51 10.510131 0.000001 0.000002 -0.000000 0.000000 -2.667626
 52 -0.000000 -1.748400 -5.000002 -3.141593 0.004007 -1.539299
 53 5.500000 -0.000000 0.000002 0.033107 0.000000 0.000000
 54 0.000000 -0.000000 -5.000000 -0.044472 3.137589 -0.000177
 55 6.551489 0.000000 0.000003 -0.033107 -0.101545 -0.295589
 56 -1.266845 -1.937445 -4.950562 -0.066572 -2.988806 -0.110308
 57 6.551490 -0.000000 0.000003 -0.033107 -0.101545 -0.295589
 58 0.699370 -1.944209 -5.006847 -0.027189 -3.088217 0.005298
 59 4.226146 -0.003200 -0.000001 0.047889 0.336721 0.300038
 60 -0.000001 5.000003 0.000000 -0.153564 0.000087 2.718702
 61 0.000006 -0.000006 -3.713579 0.119535 -2.936655 -0.885276
 62 0.000001 0.000000 5.000000 3.053195 1.558589 -0.074929
 63 -0.000005 0.000005 3.713580 -0.311487 -2.845558 -0.582080
 64 0.000000 -0.000000 -5.000000 -0.088722 1.558589 3.066339
 65 7.363603 1.646646 0.495663 -3.141593 -1.570796 0.000000
 66 -0.000005 0.000005 3.619082 -0.441735 -2.434423 -1.159241
 67 16.573919 -0.000001 0.000002 -0.000000 -0.000000 -2.011748
 68 15.128180 0.000001 0.000001 0.026832 0.026147 -0.175154
 69 5.758666 4.244731 0.000000 0.000000 -0.000000 2.033309
 70 3.177727 -0.000000 0.000000 0.000000 0.000000 3.141593
 71 15.708950 0.000002 0.000001 0.013957 0.013894 -0.093781
 72 0.275147 0.189214 -3.445208 3.130898 0.000409 -1.514604
 73 17.210194 -0.000002 0.000003 0.000000 0.000000 -2.319003
 74 0.000000 -0.000001 -4.999999 -0.079433 1.546568 -1.570859
 75 0.000007 -0.000004 -3.619079 0.260448 -2.945758 -1.468642
 76 16.573919 -0.000000 0.000001 0.000000 0.000000 -1.562392
 77 15.128181 0.000000 0.000001 0.265624 -0.173430 0.666428
 78 5.758665 4.244731 0.000000 -0.000000 0.000000 1.483530
 79 4.003934 -0.000000 0.000000 0.000000 0.000000 0.000000
 80 15.708953 0.000000 0.000000 0.195074 -0.100553 0.460486
 81 0.273998 0.191090 3.439762 -3.130907 -0.000437 -1.508107
 82 17.210196 0.000000 0.000001 -0.000000 0.000000 -2.116793
 83 0.000000 -0.000001 5.000000 -0.079311 1.595025 -1.570737
end
