version 1
nodes
  0 "Bip01"  -1
  1 "Bip01 Footsteps"   0
  2 "Bip01 Pelvis"   0
  3 "Bip01 Spine"   2
  4 "Bip01 Spine1"   3
  5 "Bip01 Spine2"   4
  6 "Bip01 Spine3"   5
  7 "Bip01 Neck"   6
  8 "Bip01 Head"   7
  9 "Dummy21"   8
 10 "Bip01 L Clavicle"   7
 11 "Bip01 L UpperArm"  10
 12 "Bip01 L Forearm"  11
 13 "Bip01 L Hand"  12
 14 "Bip01 L Finger0"  13
 15 "Bip01 L Finger01"  14
 16 "Dummy06"  15
 17 "Bip01 L Finger1"  13
 18 "Bip01 L Finger11"  17
 19 "Dummy03"  18
 20 "-- L knuckle"  17
 21 "-- L knuckle_end"  20
 22 "-- L Forearm twist"  12
 23 "-- L Forearm twist_end"  22
 24 "-- L wrist"  12
 25 "-- L wrist_end"  24
 26 "-- L Elbow"  11
 27 "--L Elbow_end"  26
 28 "-- L bicep twist"  11
 29 "-- L bicep twist_end"  28
 30 "-- L shoulder outside"  10
 31 "-- L shoulder outside_end"  30
 32 "-- L Shoulder inside"  10
 33 "-- L Shoulder inside_end"  32
 34 "Bip01 R Clavicle"   7
 35 "Bip01 R UpperArm"  34
 36 "Bip01 R Forearm"  35
 37 "Bip01 R Hand"  36
 38 "Bip01 R Finger0"  37
 39 "Bip01 R Finger01"  38
 40 "Dummy01"  39
 41 "Bip01 R Finger1"  37
 42 "Bip01 R Finger11"  41
 43 "Dummy02"  42
 44 "-- R knuckle"  41
 45 "Point06"  44
 46 "skin01"  37
 47 "-- R wrist"  36
 48 "-- R wrist_end"  47
 49 "-- R forearm twist"  36
 50 "-- R forearm twist_end"  49
 51 "-- R Elbow"  35
 52 "--R Elbow_end"  51
 53 "-- R bicep twist"  35
 54 "-- R bicep twist_end"  53
 55 "-- R Shoulder inside"  34
 56 "-- R Shoulder inside_end"  55
 57 "-- R shoulder outside"  34
 58 "-- R shoulder outside_end"  57
 59 "-- Neck smooth"   6
 60 "-- neck smooth end"  59
 61 "Bip01 L Thigh"   3
 62 "Bip01 L Calf"  61
 63 "Bip01 L Foot"  62
 64 "Bip01 L Toe0"  63
 65 "Dummy16"  64
 66 "-- L ankle"  62
 67 "-- L ankleend"  66
 68 "-- L Knee"  61
 69 "--L Knee_end"  68
 70 "Bip01 R Thigh"   3
 71 "Bip01 R Calf"  70
 72 "Bip01 R Foot"  71
 73 "Bip01 R Toe0"  72
 74 "Dummy11"  73
 75 "-- R Ankle"  71
 76 "-- R ankleend"  75
 77 "-- R Knee"  70
 78 "--R Knee_end"  77
 79 "-- R Butt"   2
 80 "--R Butt_end"  79
 81 "-- L butt"   2
 82 "--L butt_end"  81
 83 "GIGN01"   2
end
skeleton
time 0
  0 -0.650000 0.000000 33.899605 -0.025849 0.174554 -1.569172
  1 5.685104 0.833236 -32.227173 -0.174512 -0.026131 1.569196
  2 -2.276935 0.000003 -1.238188 -1.570795 -1.570451 0.000000
  3 1.797032 0.711895 0.000791 -0.247343 -0.149478 0.002435
  4 4.119878 -0.002923 0.000766 -0.236997 0.106277 0.385661
  5 4.118739 -0.003176 0.000807 -0.249007 0.042939 0.032005
  6 4.118622 -0.003169 0.000844 -0.259985 0.013391 0.002870
  7 4.119752 -0.003171 -0.001065 0.310608 0.163589 0.400575
  8 4.443597 -0.000000 0.000000 0.347873 -0.475628 0.594886
  9 9.024060 0.000000 0.000001 0.000000 0.000000 0.000000
 10 -0.282192 0.526046 1.627781 1.238886 -1.138653 1.471370
 11 6.384775 -0.000001 0.000001 -1.613213 1.239100 -1.003537
 12 10.242682 0.000000 0.000000 -0.000000 0.000000 -1.783432
 13 11.375562 0.000000 -0.000001 2.856772 0.647503 0.078265
 14 0.728681 0.023432 -1.008291 1.100073 0.611404 0.551668
 15 2.136497 0.000002 -0.000001 -0.000000 0.000000 -0.078540
 16 2.313140 -0.000000 0.000001 0.000000 0.000000 0.000000
 17 3.115506 -0.886041 -0.021432 -0.454479 0.000392 0.514872
 18 2.011149 0.000001 0.000001 0.000000 -0.000000 1.322792
 19 2.141379 -0.000001 -0.000000 0.000000 0.000000 0.000000
 20 1.734169 0.000001 -0.000000 -0.000000 -0.000000 0.660693
 21 0.000007 -4.440593 0.000001 1.570544 -0.062990 -0.195737
 22 6.000000 -0.000001 -0.000000 -3.054086 -0.000000 -0.000000
 23 0.000001 -4.440601 -0.000000 1.569944 -0.062987 0.004053
 24 11.375562 -0.000000 0.000003 -2.442755 0.304953 0.244928
 25 -0.000001 -4.440604 0.000001 1.570144 -0.062988 0.004040
 26 10.510128 0.000000 -0.000000 -0.000000 0.000000 -2.462512
 27 0.000001 -1.748399 4.999999 -0.000000 0.004007 1.602290
 28 5.499999 0.000001 -0.000000 0.299808 -0.000000 -0.000000
 29 -0.000003 -1.940599 5.000001 -0.044472 0.004003 -0.000180
 30 6.551490 -0.000001 0.000001 -0.704226 0.979697 -0.153621
 31 -0.000002 -1.940599 5.000001 -0.027189 -0.053376 0.005295
 32 6.551490 -0.000001 0.000001 -0.237914 0.418972 0.035216
 33 0.000001 -1.940600 4.999997 -0.066572 -0.152786 -0.110311
 34 0.282194 -0.518972 -1.627782 -3.103419 0.972820 -0.307384
 35 6.384776 -0.000001 0.000001 -0.026447 -0.499623 -0.993644
 36 10.242682 -0.000003 0.000001 -0.000000 -0.000000 -2.158133
 37 11.375562 -0.000000 -0.000000 2.726080 0.463084 0.541320
 38 0.728681 0.023431 1.008291 -1.579583 -0.319038 0.212973
 39 2.136497 -0.000000 0.000000 -0.000000 0.000000 1.282817
 40 2.313139 0.000001 0.000000 0.000000 0.000000 3.141593
 41 3.115507 -0.886042 0.021429 0.420766 0.316066 0.167178
 42 2.011150 0.000001 0.000001 -0.000000 0.000000 2.082010
 43 2.141378 -0.000000 0.000001 0.000000 0.000000 3.141593
 44 1.734174 -0.000002 -0.000002 -0.000000 -0.000000 1.041748
 45 0.136315 -3.738194 2.525888 1.493698 2.759406 -1.474501
 46 14.562628 -1.166815 -0.284478 0.258917 0.054664 1.504024
 47 11.389368 -0.000818 0.158783 2.099054 0.316461 0.192106
 48 -0.000000 -4.440599 0.000003 1.570144 -3.078602 0.004040
 49 6.000001 0.000002 0.000001 2.099054 -0.000000 0.000000
 50 0.000000 -4.440600 -0.000000 1.569944 -3.078603 0.004053
 51 10.510130 -0.000001 -0.000001 -0.000000 -0.000000 -2.649863
 52 0.000001 -1.748402 -5.000002 -3.141593 0.004007 -1.539299
 53 5.500000 -0.000002 -0.000001 0.057259 0.000000 0.000000
 54 -0.000000 0.000002 -5.000001 -0.044472 3.137590 -0.000177
 55 6.551491 -0.000000 0.000001 -0.057259 -0.158192 -0.275606
 56 -1.266842 -1.937442 -4.950560 -0.066572 -2.988806 -0.110308
 57 6.551491 -0.000000 0.000001 -0.057259 -0.158192 -0.275606
 58 0.699370 -1.944209 -5.006846 -0.027189 -3.088217 0.005298
 59 4.226147 -0.003202 -0.000001 0.165282 0.108451 0.233830
 60 0.000002 5.000000 0.000001 -0.153564 0.000087 2.718702
 61 -1.239864 -1.627546 3.555555 -0.006791 -2.822250 -0.966398
 62 16.573919 0.000002 0.000000 0.000000 -0.000000 -1.065827
 63 15.128181 0.000000 -0.000000 -0.102296 0.010178 0.114297
 64 5.758665 4.244730 0.000000 0.000000 0.000000 1.667687
 65 3.177725 0.000000 -0.000000 0.000000 0.000000 3.141593
 66 15.708953 0.000001 0.000000 -0.051525 0.003996 0.061523
 67 0.275148 0.189215 -3.445207 3.130898 0.000409 -1.514604
 68 17.210192 0.000001 0.000000 0.000000 -0.000000 -1.893339
 69 0.000001 -0.000000 -5.000000 -0.079430 1.546568 -1.570855
 70 -2.317775 0.124796 -3.384069 0.366967 2.886357 -0.301001
 71 16.573921 -0.000001 -0.000002 -0.000000 -0.000000 -1.163030
 72 15.128181 0.000001 0.000001 0.089479 0.309197 0.659208
 73 5.758666 4.244730 -0.000001 -0.000000 -0.000000 1.815142
 74 4.003934 -0.000000 0.000001 0.000000 0.000000 0.000000
 75 15.708954 0.000001 0.000002 0.042277 0.226871 0.443133
 76 0.273998 0.191089 3.439762 -3.130907 -0.000437 -1.508107
 77 17.210194 -0.000001 -0.000002 0.000000 -0.000000 -1.937080
 78 -0.000000 -0.000001 5.000000 -0.079319 1.595025 -1.570742
 79 0.000004 -0.000004 -3.713580 0.365818 2.880119 -0.191589
 80 0.000002 -0.000000 5.000000 3.053196 1.558589 -0.074928
 81 -0.000007 0.000006 3.713580 -0.001619 -3.122277 -0.475127
 82 0.000002 -0.000001 -5.000000 -0.088726 1.558589 3.066334
 83 7.363602 1.646647 0.495663 3.141593 -1.570796 0.000000
time 1
  0 -0.650000 0.000000 33.899605 -0.025849 0.174554 -1.569172
  1 5.685104 0.833236 -32.227173 -0.174512 -0.026131 1.569196
  2 -2.276935 0.000003 -1.238188 -1.570795 -1.570451 0.000000
  3 1.797043 0.711893 0.000782 -0.243960 -0.139087 0.003989
  4 4.119884 -0.002925 0.000755 -0.233809 0.102453 0.387668
  5 4.118739 -0.003177 0.000798 -0.245691 0.038359 0.034289
  6 4.118629 -0.003174 0.000832 -0.256726 0.010811 0.004649
  7 4.119786 -0.003142 -0.001110 0.322880 0.136074 0.406596
  8 4.443598 -0.000002 -0.000000 0.324919 -0.421131 0.542136
  9 9.024059 -0.000002 -0.000000 0.000000 0.000000 0.000000
 10 -0.235052 0.548240 1.627994 1.292116 -1.123989 1.408911
 11 6.384775 0.000000 0.000003 -1.576345 1.161767 -0.967827
 12 10.242682 0.000000 0.000001 -0.000000 -0.000000 -1.669002
 13 11.375561 -0.000002 -0.000000 2.817937 0.634653 0.041334
 14 0.728681 0.023432 -1.008292 1.100072 0.611404 0.551668
 15 2.136495 -0.000002 0.000000 0.000000 -0.000000 -0.078540
 16 2.313138 0.000001 -0.000000 0.000000 0.000000 0.000000
 17 3.115508 -0.886039 -0.021431 -0.454479 0.000392 0.514872
 18 2.011149 -0.000000 -0.000000 -0.000000 0.000000 1.322792
 19 2.141381 -0.000002 0.000001 0.000000 0.000000 0.000000
 20 1.734171 0.000000 -0.000001 -0.000000 -0.000000 0.660693
 21 0.000005 -4.440593 -0.000000 1.570544 -0.062990 -0.195737
 22 5.999999 -0.000001 -0.000000 -3.090208 0.000000 0.000000
 23 0.000002 -4.440604 -0.000001 1.569944 -0.062987 0.004053
 24 11.375560 0.000002 0.000004 -2.458566 0.308843 0.229058
 25 -0.000001 -4.440602 -0.000000 1.570144 -0.062988 0.004040
 26 10.510130 0.000000 -0.000000 -0.000000 0.000000 -2.405298
 27 0.000003 -1.748402 4.999998 0.000000 0.004007 1.602290
 28 5.500002 0.000000 0.000000 0.323866 -0.000000 0.000000
 29 -0.000001 -1.940598 5.000000 -0.044472 0.004003 -0.000180
 30 6.551490 -0.000000 0.000000 -0.755815 0.929238 -0.207590
 31 0.000001 -1.940598 5.000000 -0.027189 -0.053376 0.005295
 32 6.551490 -0.000000 0.000000 -0.256721 0.405569 0.015727
 33 -0.000001 -1.940599 4.999998 -0.066572 -0.152786 -0.110311
 34 0.235057 -0.541170 -1.627995 -3.137211 0.993369 -0.349763
 35 6.384777 0.000000 -0.000002 0.005408 -0.493047 -1.002491
 36 10.242681 0.000002 -0.000001 -0.000000 0.000000 -2.143331
 37 11.375562 0.000002 -0.000000 2.729772 0.422729 0.564493
 38 0.728681 0.023431 1.008291 -1.579583 -0.319038 0.212973
 39 2.136497 0.000002 0.000000 -0.000000 0.000000 1.282817
 40 2.313140 0.000001 -0.000000 0.000000 0.000000 3.141593
 41 3.115508 -0.886041 0.021429 0.420765 0.316066 0.167178
 42 2.011150 0.000001 0.000003 0.000000 0.000000 2.082010
 43 2.141380 0.000000 -0.000001 0.000000 0.000000 3.141593
 44 1.734174 -0.000002 0.000001 0.000000 -0.000000 1.041748
 45 0.136315 -3.738193 2.525890 1.493698 2.759406 -1.474501
 46 14.562629 -1.166815 -0.284479 0.258917 0.054664 1.504024
 47 11.389366 -0.000819 0.158778 2.105331 0.300071 0.212027
 48 0.000001 -4.440599 0.000002 1.570144 -3.078602 0.004040
 49 6.000000 -0.000001 -0.000003 2.105331 -0.000000 0.000000
 50 0.000003 -4.440601 -0.000003 1.569944 -3.078603 0.004053
 51 10.510132 0.000002 -0.000001 -0.000000 0.000000 -2.642462
 52 0.000000 -1.748401 -5.000001 -3.141593 0.004007 -1.539299
 53 5.500001 -0.000000 0.000000 0.048160 0.000000 -0.000000
 54 0.000000 -0.000000 -5.000001 -0.044472 3.137589 -0.000177
 55 6.551490 0.000000 -0.000002 -0.048160 -0.160042 -0.276838
 56 -1.266842 -1.937442 -4.950562 -0.066572 -2.988806 -0.110308
 57 6.551491 0.000000 -0.000002 -0.048160 -0.160042 -0.276838
 58 0.699371 -1.944208 -5.006847 -0.027189 -3.088217 0.005298
 59 4.226144 -0.003201 0.000001 0.173263 0.093726 0.238374
 60 -0.000002 5.000001 0.000000 -0.153564 0.000087 2.718702
 61 -1.280857 -1.609671 3.549170 -0.013044 -2.830726 -0.968478
 62 16.573919 0.000002 0.000000 0.000000 -0.000000 -1.065827
 63 15.128181 0.000000 -0.000000 -0.102296 0.010178 0.114297
 64 5.758665 4.244730 0.000000 0.000000 0.000000 1.667687
 65 3.177725 0.000000 -0.000000 0.000000 0.000000 3.141593
 66 15.708953 0.000001 0.000000 -0.051525 0.003996 0.061523
 67 0.275148 0.189215 -3.445207 3.130898 0.000409 -1.514604
 68 17.210192 0.000001 0.000000 0.000000 -0.000000 -1.893339
 69 0.000001 -0.000000 -5.000000 -0.079430 1.546568 -1.570855
 70 -2.284338 0.121797 -3.406835 0.367533 2.876018 -0.304874
 71 16.573921 -0.000001 -0.000002 -0.000000 -0.000000 -1.163030
 72 15.128181 0.000001 0.000001 0.089479 0.309197 0.659208
 73 5.758666 4.244730 -0.000001 -0.000000 -0.000000 1.815142
 74 4.003934 -0.000000 0.000001 0.000000 0.000000 0.000000
 75 15.708954 0.000001 0.000002 0.042277 0.226871 0.443133
 76 0.273998 0.191089 3.439762 -3.130907 -0.000437 -1.508107
 77 17.210194 -0.000001 -0.000002 0.000000 -0.000000 -1.937080
 78 -0.000000 -0.000001 5.000000 -0.079319 1.595025 -1.570742
 79 0.000004 -0.000004 -3.713580 0.365818 2.880119 -0.191589
 80 0.000002 -0.000000 5.000000 3.053196 1.558589 -0.074928
 81 -0.000007 0.000006 3.713580 -0.001619 -3.122277 -0.475127
 82 0.000002 -0.000001 -5.000000 -0.088726 1.558589 3.066334
 83 7.363602 1.646647 0.495663 3.141593 -1.570796 0.000000
time 2
  0 -0.650000 0.000000 33.899605 -0.025849 0.174554 -1.569172
  1 5.685104 0.833236 -32.227173 -0.174512 -0.026131 1.569196
  2 -2.276935 0.000003 -1.238188 -1.570795 -1.570451 0.000000
  3 1.797061 0.711890 0.000771 -0.240190 -0.127554 0.005753
  4 4.119883 -0.002926 0.000745 -0.230279 0.098199 0.389880
  5 4.118744 -0.003180 0.000785 -0.242022 0.033264 0.036808
  6 4.118636 -0.003176 0.000820 -0.253112 0.007939 0.006613
  7 4.119826 -0.003112 -0.001158 0.335676 0.106289 0.411607
  8 4.443601 0.000001 -0.000001 0.294378 -0.362253 0.488489
  9 9.024061 0.000000 0.000000 0.000000 0.000000 0.000000
 10 -0.183821 0.571084 1.626782 1.346230 -1.106425 1.345860
 11 6.384778 -0.000000 0.000002 -1.554636 1.077383 -0.953220
 12 10.242681 -0.000000 0.000000 -0.000000 0.000000 -1.540750
 13 11.375562 -0.000000 0.000000 2.782572 0.622170 0.001758
 14 0.728681 0.023433 -1.008292 1.100073 0.611404 0.551668
 15 2.136498 0.000001 -0.000001 0.000000 0.000000 -0.078540
 16 2.313140 -0.000003 0.000001 0.000000 0.000000 0.000000
 17 3.115507 -0.886041 -0.021432 -0.454479 0.000392 0.514872
 18 2.011152 0.000000 -0.000000 -0.000000 -0.000000 1.322792
 19 2.141381 0.000001 0.000001 0.000000 0.000000 0.000000
 20 1.734173 0.000001 -0.000001 -0.000000 0.000000 0.660693
 21 0.000005 -4.440593 -0.000000 1.570544 -0.062990 -0.195737
 22 6.000000 0.000002 0.000001 -3.123616 -0.000000 -0.000000
 23 0.000001 -4.440599 -0.000000 1.569944 -0.062987 0.004053
 24 11.375562 0.000003 0.000004 -2.472697 0.314206 0.211018
 25 -0.000001 -4.440604 0.000002 1.570144 -0.062988 0.004040
 26 10.510128 0.000000 -0.000000 0.000000 -0.000000 -2.341171
 27 -0.000001 -1.748399 4.999999 -0.000000 0.004007 1.602290
 28 5.499998 0.000000 -0.000000 0.348544 0.000000 -0.000000
 29 -0.000002 -1.940598 5.000000 -0.044472 0.004003 -0.000180
 30 6.551492 -0.000001 0.000001 -0.805142 0.875630 -0.261805
 31 0.000000 -1.940599 5.000002 -0.027189 -0.053376 0.005295
 32 6.551492 -0.000001 0.000001 -0.276063 0.390942 -0.005997
 33 0.000001 -1.940599 4.999996 -0.066572 -0.152786 -0.110311
 34 0.183827 -0.564005 -1.626783 3.099692 1.014126 -0.404050
 35 6.384779 0.000001 -0.000000 0.040533 -0.484619 -1.013768
 36 10.242681 -0.000002 0.000001 -0.000000 -0.000000 -2.127299
 37 11.375561 0.000001 0.000001 2.734766 0.379429 0.589074
 38 0.728680 0.023431 1.008292 -1.579583 -0.319038 0.212973
 39 2.136497 -0.000002 -0.000001 0.000000 0.000000 1.282817
 40 2.313141 0.000000 -0.000000 0.000000 0.000000 3.141593
 41 3.115507 -0.886041 0.021432 0.420766 0.316066 0.167178
 42 2.011151 -0.000001 0.000000 -0.000000 0.000000 2.082010
 43 2.141378 -0.000001 -0.000001 0.000000 0.000000 3.141593
 44 1.734172 -0.000001 0.000000 0.000000 0.000000 1.041748
 45 0.136315 -3.738193 2.525890 1.493698 2.759406 -1.474501
 46 14.562628 -1.166816 -0.284477 0.258917 0.054664 1.504024
 47 11.389367 -0.000817 0.158784 2.112460 0.282394 0.233054
 48 0.000001 -4.440599 0.000001 1.570144 -3.078602 0.004040
 49 6.000000 0.000002 0.000001 2.112460 -0.000000 -0.000000
 50 0.000002 -4.440600 -0.000001 1.569944 -3.078603 0.004053
 51 10.510131 -0.000003 0.000002 0.000000 -0.000000 -2.634446
 52 0.000000 -1.748401 -5.000003 -3.141593 0.004007 -1.539299
 53 5.499999 -0.000002 0.000001 0.038118 0.000000 0.000000
 54 -0.000001 0.000003 -5.000002 -0.044472 3.137589 -0.000177
 55 6.551491 -0.000000 0.000003 -0.038118 -0.161567 -0.278556
 56 -1.266844 -1.937445 -4.950559 -0.066572 -2.988806 -0.110308
 57 6.551491 -0.000000 0.000003 -0.038118 -0.161567 -0.278556
 58 0.699369 -1.944209 -5.006846 -0.027189 -3.088217 0.005298
 59 4.226143 -0.003201 0.000001 0.181641 0.077712 0.242470
 60 -0.000001 5.000000 0.000000 -0.153565 0.000087 2.718702
 61 -1.326222 -1.589656 3.541542 -0.019990 -2.840124 -0.970847
 62 16.573919 0.000002 0.000000 0.000000 -0.000000 -1.065827
 63 15.128181 0.000000 -0.000000 -0.102296 0.010178 0.114297
 64 5.758665 4.244730 0.000000 0.000000 0.000000 1.667687
 65 3.177725 0.000000 -0.000000 0.000000 0.000000 3.141593
 66 15.708953 0.000001 0.000000 -0.051525 0.003996 0.061523
 67 0.275148 0.189215 -3.445207 3.130898 0.000409 -1.514604
 68 17.210192 0.000001 0.000000 0.000000 -0.000000 -1.893339
 69 0.000001 -0.000000 -5.000000 -0.079430 1.546568 -1.570855
 70 -2.246967 0.118214 -3.431721 0.368114 2.864534 -0.309180
 71 16.573921 -0.000001 -0.000002 -0.000000 -0.000000 -1.163030
 72 15.128181 0.000001 0.000001 0.089479 0.309197 0.659208
 73 5.758666 4.244730 -0.000001 -0.000000 -0.000000 1.815142
 74 4.003934 -0.000000 0.000001 0.000000 0.000000 0.000000
 75 15.708954 0.000001 0.000002 0.042277 0.226871 0.443133
 76 0.273998 0.191089 3.439762 -3.130907 -0.000437 -1.508107
 77 17.210194 -0.000001 -0.000002 0.000000 -0.000000 -1.937080
 78 -0.000000 -0.000001 5.000000 -0.079319 1.595025 -1.570742
 79 0.000004 -0.000004 -3.713580 0.365818 2.880119 -0.191589
 80 0.000002 -0.000000 5.000000 3.053196 1.558589 -0.074928
 81 -0.000007 0.000006 3.713580 -0.001619 -3.122277 -0.475127
 82 0.000002 -0.000001 -5.000000 -0.088726 1.558589 3.066334
 83 7.363602 1.646647 0.495663 3.141593 -1.570796 0.000000
time 3
  0 -0.650000 0.000000 33.899605 -0.025849 0.174554 -1.569172
  1 5.685104 0.833236 -32.227173 -0.174512 -0.026131 1.569196
  2 -2.276935 0.000003 -1.238188 -1.570795 -1.570451 0.000000
  3 1.797076 0.711887 0.000760 -0.236140 -0.115225 0.007686
  4 4.119890 -0.002927 0.000733 -0.226514 0.093640 0.392229
  5 4.118751 -0.003183 0.000773 -0.238112 0.027805 0.039481
  6 4.118634 -0.003179 0.000809 -0.249252 0.004860 0.008703
  7 4.119864 -0.003079 -0.001205 0.348656 0.075342 0.415883
  8 4.443596 -0.000002 -0.000000 0.257532 -0.301360 0.434624
  9 9.024060 0.000000 0.000000 0.000000 0.000000 0.000000
 10 -0.130425 0.593809 1.623849 1.398114 -1.086743 1.285198
 11 6.384777 -0.000001 -0.000003 -1.541405 0.986398 -0.951379
 12 10.242683 0.000000 -0.000000 0.000000 -0.000000 -1.400051
 13 11.375560 -0.000001 -0.000000 2.751076 0.610100 -0.041347
 14 0.728681 0.023434 -1.008292 1.100072 0.611404 0.551668
 15 2.136496 -0.000002 0.000001 0.000000 0.000000 -0.078540
 16 2.313139 0.000002 -0.000000 0.000000 0.000000 0.000000
 17 3.115506 -0.886039 -0.021431 -0.454479 0.000392 0.514872
 18 2.011153 0.000001 0.000000 0.000000 -0.000000 1.322791
 19 2.141382 -0.000000 0.000001 0.000000 0.000000 0.000000
 20 1.734174 0.000002 -0.000001 -0.000000 -0.000000 0.660693
 21 0.000006 -4.440593 0.000001 1.570544 -0.062990 -0.195737
 22 5.999999 0.000001 -0.000000 3.129441 -0.000000 0.000000
 23 0.000001 -4.440601 0.000000 1.569944 -0.062987 0.004053
 24 11.375560 -0.000001 0.000003 -2.484888 0.321254 0.190224
 25 -0.000001 -4.440604 0.000001 1.570144 -0.062988 0.004040
 26 10.510130 -0.000000 -0.000001 0.000000 0.000000 -2.270822
 27 -0.000002 -1.748400 4.999999 -0.000000 0.004007 1.602290
 28 5.500002 0.000000 0.000000 0.373486 0.000000 -0.000000
 29 -0.000004 -1.940598 5.000000 -0.044472 0.004003 -0.000180
 30 6.551490 -0.000001 -0.000002 -0.851310 0.818184 -0.315145
 31 -0.000000 -1.940598 5.000000 -0.027189 -0.053376 0.005295
 32 6.551490 -0.000001 -0.000002 -0.295684 0.374771 -0.029606
 33 -0.000001 -1.940599 4.999997 -0.066572 -0.152786 -0.110311
 34 0.130425 -0.586737 -1.623849 3.048017 1.034345 -0.463438
 35 6.384776 0.000002 -0.000004 0.075921 -0.475524 -1.023373
 36 10.242682 -0.000000 0.000001 0.000000 0.000000 -2.111267
 37 11.375561 0.000003 0.000003 2.738549 0.336031 0.613030
 38 0.728682 0.023431 1.008291 -1.579583 -0.319038 0.212973
 39 2.136496 -0.000001 0.000000 -0.000000 0.000000 1.282817
 40 2.313139 0.000000 -0.000000 0.000000 0.000000 3.141593
 41 3.115506 -0.886041 0.021433 0.420765 0.316066 0.167178
 42 2.011152 -0.000000 0.000001 -0.000000 0.000000 2.082010
 43 2.141379 -0.000000 0.000001 0.000000 0.000000 3.141593
 44 1.734174 -0.000001 0.000001 -0.000000 0.000000 1.041748
 45 0.136315 -3.738192 2.525892 1.493698 2.759406 -1.474501
 46 14.562628 -1.166815 -0.284477 0.258917 0.054664 1.504024
 47 11.389367 -0.000817 0.158784 2.118929 0.264358 0.253681
 48 0.000001 -4.440598 -0.000001 1.570144 -3.078602 0.004040
 49 6.000000 0.000002 0.000002 2.118930 -0.000000 -0.000000
 50 0.000001 -4.440602 -0.000000 1.569944 -3.078603 0.004053
 51 10.510131 -0.000001 0.000002 -0.000000 0.000000 -2.626430
 52 -0.000001 -1.748401 -5.000003 -3.141593 0.004007 -1.539299
 53 5.499999 0.000000 0.000001 0.027885 0.000000 -0.000000
 54 -0.000000 0.000002 -5.000001 -0.044472 3.137589 -0.000177
 55 6.551488 0.000001 -0.000001 -0.027885 -0.162789 -0.280134
 56 -1.266843 -1.937442 -4.950562 -0.066572 -2.988806 -0.110308
 57 6.551489 0.000000 -0.000001 -0.027885 -0.162789 -0.280134
 58 0.699371 -1.944207 -5.006848 -0.027189 -3.088217 0.005298
 59 4.226147 -0.003201 0.000000 0.190153 0.061016 0.246209
 60 -0.000001 5.000000 -0.000000 -0.153564 0.000087 2.718701
 61 -1.374548 -1.568058 3.532751 -0.027424 -2.850160 -0.973448
 62 16.573919 0.000002 0.000000 0.000000 -0.000000 -1.065827
 63 15.128181 0.000000 -0.000000 -0.102296 0.010178 0.114297
 64 5.758665 4.244730 0.000000 0.000000 0.000000 1.667687
 65 3.177725 0.000000 -0.000000 0.000000 0.000000 3.141593
 66 15.708953 0.000001 0.000000 -0.051525 0.003996 0.061523
 67 0.275148 0.189215 -3.445207 3.130898 0.000409 -1.514604
 68 17.210192 0.000001 0.000000 0.000000 -0.000000 -1.893339
 69 0.000001 -0.000000 -5.000000 -0.079430 1.546568 -1.570855
 70 -2.206711 0.114086 -3.457876 0.368681 2.852248 -0.313795
 71 16.573921 -0.000001 -0.000002 -0.000000 -0.000000 -1.163030
 72 15.128181 0.000001 0.000001 0.089479 0.309197 0.659208
 73 5.758666 4.244730 -0.000001 -0.000000 -0.000000 1.815142
 74 4.003934 -0.000000 0.000001 0.000000 0.000000 0.000000
 75 15.708954 0.000001 0.000002 0.042277 0.226871 0.443133
 76 0.273998 0.191089 3.439762 -3.130907 -0.000437 -1.508107
 77 17.210194 -0.000001 -0.000002 0.000000 -0.000000 -1.937080
 78 -0.000000 -0.000001 5.000000 -0.079319 1.595025 -1.570742
 79 0.000004 -0.000004 -3.713580 0.365818 2.880119 -0.191589
 80 0.000002 -0.000000 5.000000 3.053196 1.558589 -0.074928
 81 -0.000007 0.000006 3.713580 -0.001619 -3.122277 -0.475127
 82 0.000002 -0.000001 -5.000000 -0.088726 1.558589 3.066334
 83 7.363602 1.646647 0.495663 3.141593 -1.570796 0.000000
time 4
  0 -0.650000 0.000000 33.899605 -0.025849 0.174554 -1.569172
  1 5.685104 0.833236 -32.227173 -0.174512 -0.026131 1.569196
  2 -2.276935 0.000003 -1.238188 -1.570795 -1.570451 0.000000
  3 1.797095 0.711884 0.000747 -0.231921 -0.102445 0.009741
  4 4.119895 -0.002929 0.000721 -0.222623 0.088903 0.394646
  5 4.118753 -0.003187 0.000761 -0.234073 0.022131 0.042230
  6 4.118636 -0.003179 0.000797 -0.245256 0.001658 0.010859
  7 4.119901 -0.003046 -0.001250 0.361482 0.044339 0.419745
  8 4.443598 -0.000002 -0.000001 0.216099 -0.240796 0.381032
  9 9.024060 -0.000002 -0.000000 0.000000 0.000000 0.000000
 10 -0.076803 0.615724 1.619150 1.445529 -1.065976 1.229022
 11 6.384776 -0.000000 -0.000000 -1.532881 0.888820 -0.956664
 12 10.242683 -0.000001 0.000001 -0.000000 -0.000000 -1.247782
 13 11.375561 -0.000002 0.000001 2.723493 0.598263 -0.089360
 14 0.728681 0.023431 -1.008291 1.100073 0.611404 0.551668
 15 2.136498 0.000000 0.000001 0.000000 0.000000 -0.078540
 16 2.313139 -0.000001 0.000001 0.000000 0.000000 0.000000
 17 3.115507 -0.886040 -0.021430 -0.454479 0.000392 0.514872
 18 2.011152 -0.000000 -0.000000 -0.000000 -0.000000 1.322792
 19 2.141379 -0.000000 0.000000 0.000000 0.000000 0.000000
 20 1.734173 0.000000 0.000000 -0.000000 0.000000 0.660693
 21 0.000005 -4.440593 0.000001 1.570544 -0.062990 -0.195737
 22 5.999999 -0.000001 0.000000 3.102823 -0.000000 -0.000000
 23 0.000001 -4.440603 -0.000000 1.569944 -0.062987 0.004053
 24 11.375562 0.000001 0.000004 -2.495041 0.330198 0.165796
 25 0.000000 -4.440605 0.000001 1.570144 -0.062988 0.004040
 26 10.510133 -0.000001 0.000001 -0.000000 0.000000 -2.194687
 27 0.000001 -1.748401 4.999998 -0.000000 0.004007 1.602291
 28 5.500002 -0.000000 0.000000 0.398380 0.000000 -0.000000
 29 -0.000004 -1.940598 5.000001 -0.044472 0.004003 -0.000180
 30 6.551491 -0.000001 -0.000002 -0.893627 0.756049 -0.366606
 31 0.000003 -1.940598 5.000001 -0.027189 -0.053376 0.005295
 32 6.551491 -0.000001 -0.000002 -0.315365 0.356629 -0.054736
 33 0.000001 -1.940599 4.999994 -0.066572 -0.152786 -0.110311
 34 0.076806 -0.608651 -1.619150 2.999320 1.054043 -0.520039
 35 6.384778 0.000002 -0.000000 0.108711 -0.467055 -1.027382
 36 10.242682 -0.000002 0.000002 -0.000000 0.000000 -2.096465
 37 11.375561 0.000001 0.000003 2.739018 0.295495 0.634684
 38 0.728680 0.023431 1.008293 -1.579583 -0.319038 0.212973
 39 2.136496 -0.000005 0.000000 0.000000 0.000000 1.282817
 40 2.313142 -0.000000 -0.000001 0.000000 0.000000 3.141593
 41 3.115508 -0.886040 0.021430 0.420766 0.316066 0.167178
 42 2.011149 0.000001 0.000002 -0.000000 0.000000 2.082010
 43 2.141378 -0.000001 -0.000002 0.000000 0.000000 3.141593
 44 1.734172 -0.000001 0.000002 0.000000 0.000000 1.041748
 45 0.136316 -3.738191 2.525893 1.493698 2.759406 -1.474501
 46 14.562629 -1.166813 -0.284478 0.258917 0.054664 1.504024
 47 11.389366 -0.000819 0.158782 2.123398 0.247033 0.272545
 48 -0.000001 -4.440599 0.000002 1.570144 -3.078602 0.004040
 49 6.000000 -0.000001 -0.000000 2.123398 -0.000000 -0.000000
 50 0.000002 -4.440601 -0.000002 1.569944 -3.078603 0.004053
 51 10.510131 -0.000001 0.000002 0.000000 0.000000 -2.619029
 52 0.000001 -1.748398 -5.000000 -3.141593 0.004007 -1.539299
 53 5.500000 -0.000001 0.000000 0.018230 0.000000 0.000000
 54 -0.000001 -0.000000 -5.000000 -0.044472 3.137589 -0.000177
 55 6.551490 -0.000000 0.000003 -0.018230 -0.163700 -0.280942
 56 -1.266845 -1.937446 -4.950559 -0.066572 -2.988806 -0.110308
 57 6.551492 0.000001 0.000000 -0.018230 -0.163700 -0.280942
 58 0.699370 -1.944210 -5.006845 -0.027189 -3.088217 0.005298
 59 4.226147 -0.003202 -0.000000 0.198546 0.044258 0.249710
 60 0.000001 5.000002 -0.000000 -0.153564 0.000087 2.718702
 61 -1.424456 -1.545455 3.522948 -0.035140 -2.860548 -0.976220
 62 16.573919 0.000002 0.000000 0.000000 -0.000000 -1.065827
 63 15.128181 0.000000 -0.000000 -0.102296 0.010178 0.114297
 64 5.758665 4.244730 0.000000 0.000000 0.000000 1.667687
 65 3.177725 0.000000 -0.000000 0.000000 0.000000 3.141593
 66 15.708953 0.000001 0.000000 -0.051525 0.003996 0.061523
 67 0.275148 0.189215 -3.445207 3.130898 0.000409 -1.514604
 68 17.210192 0.000001 0.000000 0.000000 -0.000000 -1.893339
 69 0.000001 -0.000000 -5.000000 -0.079430 1.546568 -1.570855
 70 -2.164669 0.109484 -3.484494 0.369209 2.839502 -0.318592
 71 16.573921 -0.000001 -0.000002 -0.000000 -0.000000 -1.163030
 72 15.128181 0.000001 0.000001 0.089479 0.309197 0.659208
 73 5.758666 4.244730 -0.000001 -0.000000 -0.000000 1.815142
 74 4.003934 -0.000000 0.000001 0.000000 0.000000 0.000000
 75 15.708954 0.000001 0.000002 0.042277 0.226871 0.443133
 76 0.273998 0.191089 3.439762 -3.130907 -0.000437 -1.508107
 77 17.210194 -0.000001 -0.000002 0.000000 -0.000000 -1.937080
 78 -0.000000 -0.000001 5.000000 -0.079319 1.595025 -1.570742
 79 0.000004 -0.000004 -3.713580 0.365818 2.880119 -0.191589
 80 0.000002 -0.000000 5.000000 3.053196 1.558589 -0.074928
 81 -0.000007 0.000006 3.713580 -0.001619 -3.122277 -0.475127
 82 0.000002 -0.000001 -5.000000 -0.088726 1.558589 3.066334
 83 7.363602 1.646647 0.495663 3.141593 -1.570796 0.000000
time 5
  0 -0.650000 0.000000 33.899605 -0.025849 0.174554 -1.569172
  1 5.685104 0.833236 -32.227173 -0.174512 -0.026131 1.569196
  2 -2.276935 0.000003 -1.238188 -1.570795 -1.570451 0.000000
  3 1.797113 0.711880 0.000735 -0.227641 -0.089560 0.011866
  4 4.119895 -0.002930 0.000709 -0.218711 0.084113 0.397065
  5 4.118754 -0.003188 0.000748 -0.230014 0.016395 0.044980
  6 4.118645 -0.003185 0.000783 -0.241230 -0.001582 0.013020
  7 4.119943 -0.003012 -0.001292 0.373806 0.014380 0.423565
  8 4.443599 0.000001 -0.000000 0.172205 -0.182811 0.328149
  9 9.024062 -0.000000 0.000000 0.000000 0.000000 0.000000
 10 -0.024917 0.636192 1.612901 1.487009 -1.045353 1.178641
 11 6.384775 0.000001 0.000002 -1.526922 0.784154 -0.964953
 12 10.242682 -0.000000 0.000001 -0.000000 -0.000000 -1.084052
 13 11.375561 0.000001 0.000001 2.699637 0.586267 -0.144193
 14 0.728680 0.023432 -1.008291 1.100072 0.611404 0.551668
 15 2.136497 -0.000002 0.000001 0.000000 -0.000000 -0.078540
 16 2.313139 0.000001 -0.000001 0.000000 0.000000 0.000000
 17 3.115505 -0.886040 -0.021432 -0.454479 0.000392 0.514872
 18 2.011149 0.000000 -0.000000 0.000000 -0.000000 1.322792
 19 2.141380 -0.000001 0.000000 0.000000 0.000000 0.000000
 20 1.734170 0.000002 -0.000000 0.000000 0.000000 0.660693
 21 0.000005 -4.440593 -0.000000 1.570544 -0.062990 -0.195737
 22 6.000000 -0.000000 0.000001 3.079706 -0.000000 0.000000
 23 0.000001 -4.440603 -0.000001 1.569944 -0.062987 0.004053
 24 11.375561 0.000000 0.000004 -2.503161 0.341258 0.136514
 25 -0.000001 -4.440603 0.000001 1.570144 -0.062988 0.004040
 26 10.510130 -0.000000 0.000000 0.000000 -0.000000 -2.112822
 27 -0.000001 -1.748401 4.999998 0.000000 0.004007 1.602291
 28 5.500000 0.000000 0.000000 0.423003 -0.000000 -0.000000
 29 -0.000001 -1.940598 4.999999 -0.044472 0.004003 -0.000180
 30 6.551491 0.000000 -0.000000 -0.931774 0.688232 -0.415435
 31 -0.000002 -1.940598 5.000002 -0.027189 -0.053376 0.005295
 32 6.551491 0.000000 -0.000000 -0.334951 0.335999 -0.081043
 33 -0.000001 -1.940600 5.000000 -0.066572 -0.152786 -0.110311
 34 0.024919 -0.629113 -1.612901 2.963230 1.074046 -0.564878
 35 6.384777 -0.000001 -0.000001 0.136171 -0.460553 -1.022034
 36 10.242682 0.000002 -0.000000 0.000000 -0.000000 -2.084124
 37 11.375560 0.000001 0.000000 2.734372 0.260862 0.652584
 38 0.728682 0.023431 1.008290 -1.579583 -0.319038 0.212973
 39 2.136496 -0.000000 0.000000 0.000000 0.000000 1.282817
 40 2.313140 -0.000000 -0.000000 0.000000 0.000000 3.141593
 41 3.115507 -0.886041 0.021429 0.420766 0.316066 0.167178
 42 2.011151 0.000001 -0.000001 -0.000000 0.000000 2.082010
 43 2.141381 0.000000 -0.000000 0.000000 0.000000 3.141593
 44 1.734172 -0.000001 -0.000000 0.000000 -0.000000 1.041748
 45 0.136315 -3.738194 2.525891 1.493698 2.759406 -1.474501
 46 14.562629 -1.166815 -0.284481 0.258917 0.054664 1.504024
 47 11.389365 -0.000817 0.158783 2.124669 0.231574 0.288413
 48 -0.000000 -4.440598 -0.000002 1.570144 -3.078602 0.004040
 49 6.000000 0.000002 0.000001 2.124669 0.000000 0.000000
 50 0.000003 -4.440601 -0.000002 1.569944 -3.078603 0.004053
 51 10.510130 0.000000 0.000002 -0.000000 -0.000000 -2.612858
 52 -0.000000 -1.748399 -5.000002 -3.141593 0.004007 -1.539299
 53 5.499998 0.000002 -0.000001 0.009911 -0.000000 0.000000
 54 -0.000001 -0.000000 -5.000000 -0.044472 3.137589 -0.000177
 55 6.551492 0.000000 -0.000002 -0.009911 -0.164280 -0.280358
 56 -1.266843 -1.937443 -4.950561 -0.066572 -2.988806 -0.110308
 57 6.551492 0.000000 -0.000002 -0.009911 -0.164280 -0.280358
 58 0.699372 -1.944208 -5.006848 -0.027189 -3.088217 0.005298
 59 4.226148 -0.003202 0.000001 0.206579 0.028062 0.253118
 60 0.000000 5.000001 -0.000001 -0.153564 0.000087 2.718701
 61 -1.474577 -1.522445 3.512352 -0.042932 -2.871009 -0.979093
 62 16.573919 0.000002 0.000000 0.000000 -0.000000 -1.065827
 63 15.128181 0.000000 -0.000000 -0.102296 0.010178 0.114297
 64 5.758665 4.244730 0.000000 0.000000 0.000000 1.667687
 65 3.177725 0.000000 -0.000000 0.000000 0.000000 3.141593
 66 15.708953 0.000001 0.000000 -0.051525 0.003996 0.061523
 67 0.275148 0.189215 -3.445207 3.130898 0.000409 -1.514604
 68 17.210192 0.000001 0.000000 0.000000 -0.000000 -1.893339
 69 0.000001 -0.000000 -5.000000 -0.079430 1.546568 -1.570855
 70 -2.121956 0.104510 -3.510817 0.369678 2.826639 -0.323445
 71 16.573921 -0.000001 -0.000002 -0.000000 -0.000000 -1.163030
 72 15.128181 0.000001 0.000001 0.089479 0.309197 0.659208
 73 5.758666 4.244730 -0.000001 -0.000000 -0.000000 1.815142
 74 4.003934 -0.000000 0.000001 0.000000 0.000000 0.000000
 75 15.708954 0.000001 0.000002 0.042277 0.226871 0.443133
 76 0.273998 0.191089 3.439762 -3.130907 -0.000437 -1.508107
 77 17.210194 -0.000001 -0.000002 0.000000 -0.000000 -1.937080
 78 -0.000000 -0.000001 5.000000 -0.079319 1.595025 -1.570742
 79 0.000004 -0.000004 -3.713580 0.365818 2.880119 -0.191589
 80 0.000002 -0.000000 5.000000 3.053196 1.558589 -0.074928
 81 -0.000007 0.000006 3.713580 -0.001619 -3.122277 -0.475127
 82 0.000002 -0.000001 -5.000000 -0.088726 1.558589 3.066334
 83 7.363602 1.646647 0.495663 3.141593 -1.570796 0.000000
time 6
  0 -0.650000 0.000000 33.899605 -0.025849 0.174554 -1.569172
  1 5.685104 0.833236 -32.227173 -0.174512 -0.026131 1.569196
  2 -2.276935 0.000003 -1.238188 -1.570795 -1.570451 0.000000
  3 1.797128 0.711878 0.000722 -0.223416 -0.076913 0.014006
  4 4.119904 -0.002931 0.000697 -0.214880 0.079400 0.399422
  5 4.118766 -0.003194 0.000735 -0.226043 0.010751 0.047659
  6 4.118648 -0.003185 0.000772 -0.237283 -0.004773 0.015131
  7 4.119979 -0.002977 -0.001331 0.385268 -0.013442 0.427758
  8 4.443600 0.000002 -0.000000 0.128372 -0.129501 0.276463
  9 9.024061 -0.000002 -0.000001 0.000000 0.000000 0.000000
 10 0.023291 0.654648 1.605566 1.521662 -1.026223 1.134787
 11 6.384778 0.000000 0.000002 -1.522343 0.671214 -0.972996
 12 10.242683 0.000001 0.000001 0.000000 -0.000000 -0.907802
 13 11.375562 -0.000001 0.000001 2.679206 0.573609 -0.208377
 14 0.728680 0.023430 -1.008292 1.100073 0.611404 0.551668
 15 2.136496 0.000004 -0.000000 0.000000 -0.000000 -0.078540
 16 2.313140 -0.000002 -0.000000 0.000000 0.000000 0.000000
 17 3.115505 -0.886042 -0.021432 -0.454479 0.000392 0.514872
 18 2.011148 0.000000 0.000001 0.000000 -0.000000 1.322792
 19 2.141379 -0.000001 0.000000 0.000000 0.000000 0.000000
 20 1.734171 0.000001 0.000000 -0.000000 0.000000 0.660693
 21 0.000004 -4.440593 -0.000000 1.570544 -0.062990 -0.195737
 22 6.000000 -0.000001 0.000001 3.059976 0.000000 -0.000000
 23 0.000001 -4.440600 0.000000 1.569944 -0.062987 0.004053
 24 11.375561 -0.000001 0.000005 -2.509285 0.354688 0.100817
 25 -0.000001 -4.440602 0.000001 1.570144 -0.062988 0.004040
 26 10.510133 0.000002 0.000000 -0.000000 0.000000 -2.024697
 27 0.000003 -1.748401 4.999998 -0.000000 0.004007 1.602290
 28 5.500000 0.000000 0.000000 0.447274 -0.000000 0.000000
 29 -0.000004 -1.940598 5.000000 -0.044472 0.004003 -0.000180
 30 6.551493 0.000000 0.000000 -0.965942 0.613471 -0.461221
 31 -0.000001 -1.940598 5.000002 -0.027189 -0.053376 0.005295
 32 6.551493 0.000000 0.000000 -0.354383 0.312243 -0.108238
 33 -0.000000 -1.940600 4.999998 -0.066572 -0.152786 -0.110311
 34 -0.023285 -0.647568 -1.605564 2.950816 1.095630 -0.587626
 35 6.384777 -0.000002 0.000002 0.155636 -0.457274 -1.003668
 36 10.242681 0.000001 0.000001 -0.000000 0.000000 -2.075472
 37 11.375562 0.000001 0.000001 2.722988 0.235183 0.665338
 38 0.728680 0.023431 1.008291 -1.579583 -0.319038 0.212973
 39 2.136497 0.000002 -0.000000 -0.000000 -0.000000 1.282817
 40 2.313138 -0.000000 0.000000 0.000000 0.000000 3.141593
 41 3.115507 -0.886041 0.021431 0.420766 0.316066 0.167178
 42 2.011149 0.000000 0.000003 -0.000000 0.000000 2.082010
 43 2.141380 -0.000000 -0.000001 0.000000 0.000000 3.141593
 44 1.734171 -0.000000 0.000002 -0.000000 0.000000 1.041748
 45 0.136315 -3.738192 2.525891 1.493698 2.759406 -1.474501
 46 14.562629 -1.166813 -0.284477 0.258917 0.054664 1.504024
 47 11.389367 -0.000820 0.158781 2.121642 0.219169 0.300144
 48 0.000000 -4.440600 0.000004 1.570144 -3.078602 0.004040
 49 6.000001 -0.000000 0.000000 2.121642 -0.000000 -0.000000
 50 0.000002 -4.440602 0.000001 1.569944 -3.078603 0.004053
 51 10.510130 0.000001 0.000002 -0.000000 0.000000 -2.608532
 52 -0.000000 -1.748400 -5.000003 -3.141593 0.004007 -1.539299
 53 5.499999 0.000002 0.000000 0.003634 -0.000000 -0.000000
 54 -0.000000 -0.000002 -4.999997 -0.044472 3.137589 -0.000177
 55 6.551491 -0.000001 0.000001 -0.003634 -0.164549 -0.277807
 56 -1.266844 -1.937444 -4.950562 -0.066572 -2.988806 -0.110308
 57 6.551492 -0.000001 0.000001 -0.003634 -0.164549 -0.277807
 58 0.699371 -1.944209 -5.006849 -0.027189 -3.088217 0.005298
 59 4.226146 -0.003201 -0.000000 0.214015 0.013059 0.256609
 60 0.000003 4.999999 -0.000001 -0.153565 0.000087 2.718702
 61 -1.523558 -1.499649 3.501255 -0.050595 -2.881263 -0.981989
 62 16.573919 0.000002 0.000000 0.000000 -0.000000 -1.065827
 63 15.128181 0.000000 -0.000000 -0.102296 0.010178 0.114297
 64 5.758665 4.244730 0.000000 0.000000 0.000000 1.667687
 65 3.177725 0.000000 -0.000000 0.000000 0.000000 3.141593
 66 15.708953 0.000001 0.000000 -0.051525 0.003996 0.061523
 67 0.275148 0.189215 -3.445207 3.130898 0.000409 -1.514604
 68 17.210192 0.000001 0.000000 0.000000 -0.000000 -1.893339
 69 0.000001 -0.000000 -5.000000 -0.079430 1.546568 -1.570855
 70 -2.079713 0.099302 -3.536147 0.370077 2.814003 -0.328225
 71 16.573921 -0.000001 -0.000002 -0.000000 -0.000000 -1.163030
 72 15.128181 0.000001 0.000001 0.089479 0.309197 0.659208
 73 5.758666 4.244730 -0.000001 -0.000000 -0.000000 1.815142
 74 4.003934 -0.000000 0.000001 0.000000 0.000000 0.000000
 75 15.708954 0.000001 0.000002 0.042277 0.226871 0.443133
 76 0.273998 0.191089 3.439762 -3.130907 -0.000437 -1.508107
 77 17.210194 -0.000001 -0.000002 0.000000 -0.000000 -1.937080
 78 -0.000000 -0.000001 5.000000 -0.079319 1.595025 -1.570742
 79 0.000004 -0.000004 -3.713580 0.365818 2.880119 -0.191589
 80 0.000002 -0.000000 5.000000 3.053196 1.558589 -0.074928
 81 -0.000007 0.000006 3.713580 -0.001619 -3.122277 -0.475127
 82 0.000002 -0.000001 -5.000000 -0.088726 1.558589 3.066334
 83 7.363602 1.646647 0.495663 3.141593 -1.570796 0.000000
time 7
  0 -0.650000 0.000000 33.899605 -0.025849 0.174554 -1.569172
  1 5.685104 0.833236 -32.227173 -0.174512 -0.026131 1.569196
  2 -2.276935 0.000003 -1.238188 -1.570795 -1.570451 0.000000
  3 1.797146 0.711875 0.000710 -0.219360 -0.064847 0.016097
  4 4.119908 -0.002932 0.000685 -0.211235 0.074892 0.401655
  5 4.118763 -0.003193 0.000724 -0.222265 0.005352 0.050195
  6 4.118655 -0.003191 0.000758 -0.233521 -0.007827 0.017134
  7 4.120021 -0.002945 -0.001363 0.395492 -0.038038 0.432781
  8 4.443598 0.000001 0.000000 0.087494 -0.082749 0.226599
  9 9.024060 0.000000 -0.000001 0.000000 0.000000 0.000000
 10 0.065891 0.670606 1.597813 1.550320 -1.019240 1.097757
 11 6.384775 0.000001 0.000001 -1.517145 0.573630 -0.990321
 12 10.242682 0.000000 0.000001 -0.000000 -0.000000 -0.764694
 13 11.375563 -0.000000 0.000001 2.653617 0.558609 -0.278282
 14 0.728682 0.023429 -1.008294 1.100073 0.611404 0.551668
 15 2.136497 -0.000001 0.000000 0.000000 -0.000000 -0.078540
 16 2.313138 0.000002 0.000000 0.000000 0.000000 0.000000
 17 3.115507 -0.886043 -0.021433 -0.454479 0.000392 0.514872
 18 2.011153 0.000000 0.000001 -0.000000 0.000000 1.322792
 19 2.141379 0.000001 -0.000002 0.000000 0.000000 0.000000
 20 1.734175 0.000002 0.000001 -0.000000 0.000000 0.660693
 21 0.000007 -4.440593 0.000001 1.570544 -0.062990 -0.195737
 22 6.000000 -0.000001 0.000000 3.034291 0.000000 -0.000000
 23 0.000001 -4.440604 -0.000000 1.569944 -0.062987 0.004053
 24 11.375561 -0.000000 0.000004 -2.517925 0.369019 0.061694
 25 -0.000000 -4.440605 0.000001 1.570144 -0.062988 0.004040
 26 10.510131 0.000001 0.000000 0.000000 -0.000000 -1.953143
 27 0.000001 -1.748399 4.999999 -0.000000 0.004007 1.602290
 28 5.500001 0.000001 0.000000 0.465008 -0.000000 -0.000000
 29 -0.000001 -1.940598 5.000000 -0.044472 0.004003 -0.000180
 30 6.551490 0.000000 -0.000001 -0.988398 0.547547 -0.500071
 31 -0.000001 -1.940599 5.000000 -0.027189 -0.053376 0.005295
 32 6.551490 0.000001 -0.000001 -0.368610 0.290936 -0.132593
 33 0.000001 -1.940598 4.999995 -0.066572 -0.152786 -0.110311
 34 -0.065891 -0.663525 -1.597812 2.985365 1.119521 -0.566065
 35 6.384776 -0.000000 -0.000001 0.166273 -0.458998 -0.967086
 36 10.242682 -0.000001 -0.000000 0.000000 0.000000 -2.069442
 37 11.375560 0.000000 -0.000000 2.700817 0.217587 0.672328
 38 0.728681 0.023431 1.008294 -1.579583 -0.319038 0.212973
 39 2.136497 -0.000000 -0.000000 0.000000 -0.000000 1.282817
 40 2.313138 0.000000 0.000000 0.000000 0.000000 3.141593
 41 3.115508 -0.886041 0.021431 0.420766 0.316066 0.167178
 42 2.011150 -0.000000 0.000002 -0.000000 0.000000 2.082010
 43 2.141380 -0.000000 -0.000001 0.000000 0.000000 3.141593
 44 1.734173 -0.000002 0.000001 0.000000 -0.000000 1.041748
 45 0.136315 -3.738194 2.525891 1.493698 2.759406 -1.474501
 46 14.562629 -1.166813 -0.284478 0.258917 0.054664 1.504024
 47 11.389366 -0.000819 0.158781 2.112467 0.208930 0.307918
 48 -0.000000 -4.440600 -0.000000 1.570144 -3.078602 0.004040
 49 6.000000 0.000001 0.000000 2.112467 -0.000000 -0.000000
 50 0.000002 -4.440600 0.000001 1.569944 -3.078603 0.004053
 51 10.510131 -0.000001 0.000001 -0.000000 0.000000 -2.605517
 52 -0.000001 -1.748398 -4.999999 -3.141593 0.004007 -1.539299
 53 5.499999 0.000001 -0.000002 -0.000451 0.000000 0.000000
 54 -0.000001 0.000002 -5.000000 -0.044472 3.137590 -0.000177
 55 6.551490 0.000000 -0.000002 0.000451 -0.164949 -0.272536
 56 -1.266844 -1.937445 -4.950559 -0.066572 -2.988806 -0.110308
 57 6.551491 0.000000 -0.000001 0.000451 -0.164949 -0.272536
 58 0.699371 -1.944207 -5.006848 -0.027189 -3.088217 0.005298
 59 4.226146 -0.003202 -0.000000 0.220622 -0.000116 0.260377
 60 -0.000003 5.000001 -0.000000 -0.153564 0.000087 2.718702
 61 -1.570098 -1.477707 3.490026 -0.057920 -2.891032 -0.984823
 62 16.573919 0.000002 0.000000 0.000000 -0.000000 -1.065827
 63 15.128181 0.000000 -0.000000 -0.102296 0.010178 0.114297
 64 5.758665 4.244730 0.000000 0.000000 0.000000 1.667687
 65 3.177725 0.000000 -0.000000 0.000000 0.000000 3.141593
 66 15.708953 0.000001 0.000000 -0.051525 0.003996 0.061523
 67 0.275148 0.189215 -3.445207 3.130898 0.000409 -1.514604
 68 17.210192 0.000001 0.000000 0.000000 -0.000000 -1.893339
 69 0.000001 -0.000000 -5.000000 -0.079430 1.546568 -1.570855
 70 -2.039135 0.094034 -3.559839 0.370399 2.801937 -0.332804
 71 16.573921 -0.000001 -0.000002 -0.000000 -0.000000 -1.163030
 72 15.128181 0.000001 0.000001 0.089479 0.309197 0.659208
 73 5.758666 4.244730 -0.000001 -0.000000 -0.000000 1.815142
 74 4.003934 -0.000000 0.000001 0.000000 0.000000 0.000000
 75 15.708954 0.000001 0.000002 0.042277 0.226871 0.443133
 76 0.273998 0.191089 3.439762 -3.130907 -0.000437 -1.508107
 77 17.210194 -0.000001 -0.000002 0.000000 -0.000000 -1.937080
 78 -0.000000 -0.000001 5.000000 -0.079319 1.595025 -1.570742
 79 0.000004 -0.000004 -3.713580 0.365818 2.880119 -0.191589
 80 0.000002 -0.000000 5.000000 3.053196 1.558589 -0.074928
 81 -0.000007 0.000006 3.713580 -0.001619 -3.122277 -0.475127
 82 0.000002 -0.000001 -5.000000 -0.088726 1.558589 3.066334
 83 7.363602 1.646647 0.495663 3.141593 -1.570796 0.000000
time 8
  0 -0.650000 0.000000 33.899605 -0.025849 0.174554 -1.569172
  1 5.685104 0.833236 -32.227173 -0.174512 -0.026131 1.569196
  2 -2.276935 0.000003 -1.238188 -1.570795 -1.570451 0.000000
  3 1.797161 0.711872 0.000698 -0.215592 -0.053703 0.018071
  4 4.119912 -0.002934 0.000675 -0.207876 0.070718 0.403703
  5 4.118770 -0.003197 0.000712 -0.218787 0.000354 0.052521
  6 4.118656 -0.003192 0.000748 -0.230050 -0.010656 0.018975
  7 4.120058 -0.002912 -0.001388 0.404090 -0.058323 0.439121
  8 4.443598 -0.000001 -0.000000 0.052801 -0.044199 0.179368
  9 9.024060 -0.000001 0.000000 0.000000 0.000000 0.000000
 10 0.100997 0.683653 1.590461 1.571959 -1.017472 1.067144
 11 6.384776 -0.000001 0.000001 -1.452968 0.499160 -0.991362
 12 10.242683 0.000001 0.000001 -0.000000 -0.000000 -0.645197
 13 11.375561 -0.000002 -0.000000 2.570998 0.474324 -0.394799
 14 0.728682 0.023430 -1.008293 1.090837 0.614533 0.548853
 15 2.136496 0.000001 0.000001 0.000000 -0.000000 -0.082418
 16 2.313139 -0.000002 -0.000000 0.000000 0.000000 0.000000
 17 3.115508 -0.886041 -0.021431 -0.462092 -0.001856 0.511703
 18 2.011150 -0.000001 -0.000000 0.000000 -0.000000 1.318913
 19 2.141379 0.000000 0.000001 0.000000 0.000000 0.000000
 20 1.734170 -0.000000 -0.000000 0.000000 0.000000 0.658746
 21 0.000004 -4.440594 -0.000002 1.570544 -0.062990 -0.195737
 22 6.000000 -0.000001 0.000000 2.935921 0.000000 0.000000
 23 0.000001 -4.440601 0.000000 1.569944 -0.062987 0.004053
 24 11.375561 -0.000002 0.000003 -2.565079 0.374286 -0.021355
 25 -0.000001 -4.440603 0.000000 1.570144 -0.062988 0.004040
 26 10.510129 0.000002 -0.000001 0.000000 -0.000000 -1.893395
 27 0.000001 -1.748400 5.000000 -0.000000 0.004007 1.602291
 28 5.500000 0.000002 -0.000000 0.462607 -0.000000 0.000000
 29 -0.000001 -1.940599 5.000000 -0.044472 0.004003 -0.000180
 30 6.551491 -0.000001 -0.000000 -0.959095 0.479522 -0.520265
 31 0.000000 -1.940599 5.000000 -0.027189 -0.053376 0.005295
 32 6.551491 -0.000001 -0.000000 -0.368364 0.266449 -0.156327
 33 0.000000 -1.940599 4.999994 -0.066572 -0.152786 -0.110311
 34 -0.100996 -0.676575 -1.590461 3.074847 1.141951 -0.492258
 35 6.384775 0.000000 0.000001 0.169759 -0.464580 -0.914805
 36 10.242682 -0.000003 0.000000 0.000000 -0.000000 -2.064501
 37 11.375561 0.000000 0.000000 2.668551 0.204917 0.675056
 38 0.728681 0.023431 1.008290 -1.579583 -0.319038 0.212973
 39 2.136496 -0.000000 -0.000000 -0.000000 -0.000000 1.282817
 40 2.313140 0.000000 -0.000000 0.000000 0.000000 3.141593
 41 3.115506 -0.886042 0.021431 0.420766 0.316066 0.167178
 42 2.011152 -0.000000 -0.000000 -0.000000 0.000000 2.082010
 43 2.141380 0.000002 0.000001 0.000000 0.000000 3.141593
 44 1.734172 -0.000001 0.000001 -0.000000 0.000000 1.041748
 45 0.136315 -3.738192 2.525888 1.493698 2.759406 -1.474501
 46 14.562626 -1.166816 -0.284478 0.258917 0.054664 1.504024
 47 11.389365 -0.000820 0.158782 2.097819 0.199620 0.313066
 48 0.000000 -4.440599 -0.000001 1.570144 -3.078602 0.004040
 49 5.999999 0.000000 0.000001 2.097819 -0.000000 0.000000
 50 0.000001 -4.440601 -0.000001 1.569944 -3.078603 0.004053
 51 10.510131 -0.000001 -0.000001 0.000000 0.000000 -2.603047
 52 0.000000 -1.748401 -5.000000 -3.141593 0.004007 -1.539299
 53 5.500000 -0.000001 -0.000001 -0.003025 -0.000000 0.000000
 54 -0.000001 0.000000 -5.000001 -0.044472 3.137589 -0.000177
 55 6.551489 0.000001 0.000001 0.003025 -0.165613 -0.265052
 56 -1.266843 -1.937443 -4.950562 -0.066572 -2.988806 -0.110308
 57 6.551489 0.000001 0.000001 0.003025 -0.165613 -0.265052
 58 0.699370 -1.944207 -5.006849 -0.027189 -3.088217 0.005298
 59 4.226146 -0.003204 -0.000000 0.226167 -0.010829 0.264635
 60 -0.000001 5.000001 0.000001 -0.153564 0.000087 2.718702
 61 -1.612900 -1.457279 3.479100 -0.064700 -2.900043 -0.987501
 62 16.573919 0.000002 0.000000 0.000000 -0.000000 -1.065827
 63 15.128181 0.000000 -0.000000 -0.102296 0.010178 0.114297
 64 5.758665 4.244730 0.000000 0.000000 0.000000 1.667687
 65 3.177725 0.000000 -0.000000 0.000000 0.000000 3.141593
 66 15.708953 0.000001 0.000000 -0.051525 0.003996 0.061523
 67 0.275148 0.189215 -3.445207 3.130898 0.000409 -1.514604
 68 17.210192 0.000001 0.000000 0.000000 -0.000000 -1.893339
 69 0.000001 -0.000000 -5.000000 -0.079430 1.546568 -1.570855
 70 -2.001420 0.088908 -3.581306 0.370647 2.790786 -0.337049
 71 16.573921 -0.000001 -0.000002 -0.000000 -0.000000 -1.163030
 72 15.128181 0.000001 0.000001 0.089479 0.309197 0.659208
 73 5.758666 4.244730 -0.000001 -0.000000 -0.000000 1.815142
 74 4.003934 -0.000000 0.000001 0.000000 0.000000 0.000000
 75 15.708954 0.000001 0.000002 0.042277 0.226871 0.443133
 76 0.273998 0.191089 3.439762 -3.130907 -0.000437 -1.508107
 77 17.210194 -0.000001 -0.000002 0.000000 -0.000000 -1.937080
 78 -0.000000 -0.000001 5.000000 -0.079319 1.595025 -1.570742
 79 0.000004 -0.000004 -3.713580 0.365818 2.880119 -0.191589
 80 0.000002 -0.000000 5.000000 3.053196 1.558589 -0.074928
 81 -0.000007 0.000006 3.713580 -0.001619 -3.122277 -0.475127
 82 0.000002 -0.000001 -5.000000 -0.088726 1.558589 3.066334
 83 7.363602 1.646647 0.495663 3.141593 -1.570796 0.000000
time 9
  0 -0.650000 0.000000 33.899605 -0.025849 0.174554 -1.569172
  1 5.685104 0.833236 -32.227173 -0.174512 -0.026131 1.569196
  2 -2.276935 0.000003 -1.238188 -1.570795 -1.570451 0.000000
  3 1.797172 0.711870 0.000688 -0.212232 -0.043823 0.019857
  4 4.119915 -0.002934 0.000666 -0.204904 0.067009 0.405507
  5 4.118774 -0.003198 0.000702 -0.215710 -0.004087 0.054569
  6 4.118660 -0.003196 0.000737 -0.226974 -0.013171 0.020601
  7 4.120097 -0.002881 -0.001409 0.410682 -0.073205 0.447277
  8 4.443599 -0.000003 0.000000 0.027791 -0.015259 0.135763
  9 9.024063 -0.000002 0.000001 0.000000 0.000000 0.000000
 10 0.126730 0.693442 1.584390 1.585367 -1.020246 1.043818
 11 6.384775 0.000002 0.000005 -1.383961 0.429157 -0.995387
 12 10.242679 -0.000001 0.000000 -0.000000 -0.000000 -0.529611
 13 11.375562 0.000000 0.000002 2.490831 0.373079 -0.510435
 14 0.728680 0.023431 -1.008292 1.081571 0.617642 0.545997
 15 2.136496 -0.000002 0.000001 0.000000 -0.000000 -0.086297
 16 2.313139 0.000000 0.000001 0.000000 0.000000 0.000000
 17 3.115506 -0.886043 -0.021434 -0.469699 -0.004129 0.508552
 18 2.011152 0.000001 0.000002 0.000000 -0.000000 1.315035
 19 2.141381 -0.000002 0.000001 0.000000 0.000000 0.000000
 20 1.734173 0.000001 0.000001 0.000000 0.000000 0.656800
 21 0.000005 -4.440593 0.000000 1.570544 -0.062990 -0.195737
 22 5.999999 -0.000003 0.000001 2.833360 0.000000 0.000000
 23 0.000001 -4.440604 -0.000000 1.569944 -0.062987 0.004053
 24 11.375563 -0.000000 0.000004 -2.617293 0.375983 -0.114430
 25 -0.000000 -4.440605 -0.000000 1.570144 -0.062988 0.004040
 26 10.510128 -0.000000 -0.000000 0.000000 -0.000000 -1.835602
 27 0.000003 -1.748401 4.999999 -0.000000 0.004007 1.602291
 28 5.499999 -0.000001 0.000000 0.453404 0.000000 -0.000000
 29 -0.000002 -1.940599 5.000000 -0.044472 0.004003 -0.000180
 30 6.551490 0.000001 0.000004 -0.917648 0.411026 -0.541179
 31 0.000001 -1.940599 5.000001 -0.027189 -0.053376 0.005295
 32 6.551490 0.000001 0.000004 -0.362812 0.240124 -0.180952
 33 -0.000000 -1.940599 4.999997 -0.066572 -0.152786 -0.110311
 34 -0.126726 -0.686371 -1.584390 -3.079414 1.156590 -0.380556
 35 6.384776 -0.000003 0.000001 0.167418 -0.471054 -0.854881
 36 10.242682 -0.000002 0.000002 -0.000000 0.000000 -2.061189
 37 11.375561 0.000001 -0.000001 2.631589 0.196695 0.675023
 38 0.728680 0.023431 1.008291 -1.579583 -0.319038 0.212973
 39 2.136497 0.000003 -0.000001 -0.000000 0.000000 1.282817
 40 2.313138 -0.000000 0.000000 0.000000 0.000000 3.141593
 41 3.115506 -0.886041 0.021432 0.420766 0.316066 0.167178
 42 2.011150 -0.000001 -0.000001 -0.000000 0.000000 2.082010
 43 2.141379 0.000001 -0.000001 0.000000 0.000000 3.141593
 44 1.734172 -0.000002 -0.000001 -0.000000 -0.000000 1.041748
 45 0.136314 -3.738191 2.525892 1.493698 2.759406 -1.474501
 46 14.562629 -1.166814 -0.284479 0.258917 0.054664 1.504024
 47 11.389366 -0.000819 0.158780 2.080401 0.191811 0.316170
 48 0.000001 -4.440599 0.000000 1.570144 -3.078602 0.004040
 49 6.000000 0.000001 -0.000002 2.080401 -0.000000 -0.000000
 50 0.000000 -4.440601 0.000001 1.569944 -3.078603 0.004053
 51 10.510134 -0.000003 0.000003 0.000000 0.000000 -2.601391
 52 -0.000000 -1.748400 -5.000001 -3.141593 0.004007 -1.539299
 53 5.500001 -0.000002 0.000002 -0.004603 0.000000 0.000000
 54 -0.000001 0.000002 -5.000000 -0.044472 3.137590 -0.000177
 55 6.551491 -0.000001 -0.000001 0.004603 -0.166281 -0.256592
 56 -1.266843 -1.937443 -4.950560 -0.066572 -2.988806 -0.110308
 57 6.551491 -0.000001 -0.000001 0.004603 -0.166281 -0.256592
 58 0.699371 -1.944208 -5.006846 -0.027189 -3.088217 0.005298
 59 4.226145 -0.003202 -0.000001 0.230425 -0.018446 0.269600
 60 0.000001 5.000002 -0.000001 -0.153564 0.000087 2.718702
 61 -1.650699 -1.439037 3.468966 -0.070722 -2.908022 -0.989924
 62 16.573919 0.000002 0.000000 0.000000 -0.000000 -1.065827
 63 15.128181 0.000000 -0.000000 -0.102296 0.010178 0.114297
 64 5.758665 4.244730 0.000000 0.000000 0.000000 1.667687
 65 3.177725 0.000000 -0.000000 0.000000 0.000000 3.141593
 66 15.708953 0.000001 0.000000 -0.051525 0.003996 0.061523
 67 0.275148 0.189215 -3.445207 3.130898 0.000409 -1.514604
 68 17.210192 0.000001 0.000000 0.000000 -0.000000 -1.893339
 69 0.000001 -0.000000 -5.000000 -0.079430 1.546568 -1.570855
 70 -1.967790 0.084153 -3.600003 0.370824 2.780891 -0.340828
 71 16.573921 -0.000001 -0.000002 -0.000000 -0.000000 -1.163030
 72 15.128181 0.000001 0.000001 0.089479 0.309197 0.659208
 73 5.758666 4.244730 -0.000001 -0.000000 -0.000000 1.815142
 74 4.003934 -0.000000 0.000001 0.000000 0.000000 0.000000
 75 15.708954 0.000001 0.000002 0.042277 0.226871 0.443133
 76 0.273998 0.191089 3.439762 -3.130907 -0.000437 -1.508107
 77 17.210194 -0.000001 -0.000002 0.000000 -0.000000 -1.937080
 78 -0.000000 -0.000001 5.000000 -0.079319 1.595025 -1.570742
 79 0.000004 -0.000004 -3.713580 0.365818 2.880119 -0.191589
 80 0.000002 -0.000000 5.000000 3.053196 1.558589 -0.074928
 81 -0.000007 0.000006 3.713580 -0.001619 -3.122277 -0.475127
 82 0.000002 -0.000001 -5.000000 -0.088726 1.558589 3.066334
 83 7.363602 1.646647 0.495663 3.141593 -1.570796 0.000000
time 10
  0 -0.650000 0.000000 33.899605 -0.025849 0.174554 -1.569172
  1 5.685104 0.833236 -32.227173 -0.174512 -0.026131 1.569196
  2 -2.276935 0.000003 -1.238188 -1.570795 -1.570451 0.000000
  3 1.797187 0.711868 0.000679 -0.209403 -0.035547 0.021379
  4 4.119909 -0.002934 0.000658 -0.202419 0.063897 0.407011
  5 4.118777 -0.003201 0.000694 -0.213139 -0.007814 0.056276
  6 4.118661 -0.003195 0.000730 -0.224400 -0.015283 0.021957
  7 4.120119 -0.002879 -0.001397 0.406239 -0.061517 0.457874
  8 4.443599 0.000002 0.000001 0.046593 -0.017979 0.111816
  9 9.024062 -0.000002 -0.000000 0.000000 0.000000 0.000000
 10 0.106524 0.686939 1.588691 1.566483 -1.045099 1.056483
 11 6.384777 -0.000001 0.000001 -1.333127 0.427311 -1.000528
 12 10.242682 -0.000000 0.000000 -0.000000 -0.000000 -0.543749
 13 11.375560 -0.000002 0.000001 2.447023 0.295978 -0.579853
 14 0.728680 0.023427 -1.008293 1.100073 0.611404 0.551668
 15 2.136497 0.000002 -0.000000 0.000000 -0.000000 -0.078540
 16 2.313140 -0.000001 0.000000 0.000000 0.000000 0.000000
 17 3.115505 -0.886045 -0.021432 -0.454479 0.000392 0.514872
 18 2.011153 0.000003 0.000006 0.000000 0.000000 1.322792
 19 2.141379 0.000001 -0.000001 0.000000 0.000000 0.000000
 20 1.734172 0.000002 0.000001 -0.000000 -0.000000 0.660693
 21 0.000006 -4.440594 0.000001 1.570544 -0.062990 -0.195737
 22 5.999999 -0.000002 0.000001 2.772429 -0.000000 0.000000
 23 0.000001 -4.440602 -0.000000 1.569944 -0.062987 0.004053
 24 11.375562 -0.000002 0.000006 -2.651274 0.371710 -0.178950
 25 -0.000000 -4.440604 -0.000000 1.570144 -0.062988 0.004040
 26 10.510129 -0.000001 -0.000000 0.000000 -0.000000 -1.842671
 27 0.000001 -1.748400 4.999999 0.000000 0.004007 1.602291
 28 5.500000 0.000000 -0.000000 0.436814 -0.000000 0.000000
 29 -0.000003 -1.940599 5.000001 -0.044472 0.004003 -0.000180
 30 6.551492 -0.000001 0.000001 -0.875737 0.393920 -0.545076
 31 0.000000 -1.940599 5.000003 -0.027189 -0.053376 0.005295
 32 6.551492 -0.000001 0.000001 -0.350580 0.232344 -0.189976
 33 0.000001 -1.940600 4.999995 -0.066572 -0.152786 -0.110311
 34 -0.106521 -0.679859 -1.588691 -2.905076 1.143200 -0.218407
 35 6.384776 -0.000000 0.000001 0.160954 -0.476039 -0.795651
 36 10.242682 0.000000 -0.000001 0.000000 0.000000 -2.060044
 37 11.375560 -0.000002 -0.000002 2.595230 0.192476 0.673570
 38 0.728681 0.023431 1.008293 -1.579583 -0.319038 0.212973
 39 2.136497 0.000001 -0.000000 -0.000000 0.000000 1.282817
 40 2.313139 0.000000 -0.000000 0.000000 0.000000 3.141593
 41 3.115506 -0.886041 0.021431 0.420766 0.316066 0.167178
 42 2.011149 0.000000 -0.000001 -0.000000 0.000000 2.082010
 43 2.141380 0.000001 -0.000001 0.000000 0.000000 3.141593
 44 1.734172 -0.000002 -0.000002 -0.000000 0.000000 1.041748
 45 0.136315 -3.738194 2.525892 1.493698 2.759406 -1.474501
 46 14.562629 -1.166814 -0.284478 0.258917 0.054664 1.504024
 47 11.389364 -0.000820 0.158778 2.062872 0.185993 0.317760
 48 0.000001 -4.440599 -0.000001 1.570144 -3.078602 0.004040
 49 5.999999 0.000000 -0.000001 2.062872 0.000000 0.000000
 50 0.000003 -4.440601 -0.000000 1.569944 -3.078603 0.004053
 51 10.510132 -0.000001 0.000001 0.000000 0.000000 -2.600818
 52 0.000001 -1.748400 -5.000001 -3.141593 0.004007 -1.539299
 53 5.500000 0.000001 -0.000002 -0.005505 0.000000 -0.000000
 54 -0.000001 0.000001 -5.000002 -0.044472 3.137590 -0.000177
 55 6.551490 -0.000001 0.000001 0.005505 -0.166727 -0.248286
 56 -1.266844 -1.937445 -4.950560 -0.066572 -2.988806 -0.110308
 57 6.551490 -0.000001 0.000001 0.005505 -0.166727 -0.248286
 58 0.699370 -1.944208 -5.006847 -0.027189 -3.088217 0.005298
 59 4.226147 -0.003202 -0.000001 0.227593 -0.011455 0.274685
 60 -0.000001 5.000001 0.000001 -0.153564 0.000087 2.718702
 61 -1.682260 -1.423663 3.460154 -0.075777 -2.914698 -0.991989
 62 16.573919 0.000002 0.000000 0.000000 -0.000000 -1.065827
 63 15.128181 0.000000 -0.000000 -0.102296 0.010178 0.114297
 64 5.758665 4.244730 0.000000 0.000000 0.000000 1.667687
 65 3.177725 0.000000 -0.000000 0.000000 0.000000 3.141593
 66 15.708953 0.000001 0.000000 -0.051525 0.003996 0.061523
 67 0.275148 0.189215 -3.445207 3.130898 0.000409 -1.514604
 68 17.210192 0.000001 0.000000 0.000000 -0.000000 -1.893339
 69 0.000001 -0.000000 -5.000000 -0.079430 1.546568 -1.570855
 70 -1.939493 0.080020 -3.615420 0.370943 2.772597 -0.344005
 71 16.573921 -0.000001 -0.000002 -0.000000 -0.000000 -1.163030
 72 15.128181 0.000001 0.000001 0.089479 0.309197 0.659208
 73 5.758666 4.244730 -0.000001 -0.000000 -0.000000 1.815142
 74 4.003934 -0.000000 0.000001 0.000000 0.000000 0.000000
 75 15.708954 0.000001 0.000002 0.042277 0.226871 0.443133
 76 0.273998 0.191089 3.439762 -3.130907 -0.000437 -1.508107
 77 17.210194 -0.000001 -0.000002 0.000000 -0.000000 -1.937080
 78 -0.000000 -0.000001 5.000000 -0.079319 1.595025 -1.570742
 79 0.000004 -0.000004 -3.713580 0.365818 2.880119 -0.191589
 80 0.000002 -0.000000 5.000000 3.053196 1.558589 -0.074928
 81 -0.000007 0.000006 3.713580 -0.001619 -3.122277 -0.475127
 82 0.000002 -0.000001 -5.000000 -0.088726 1.558589 3.066334
 83 7.363602 1.646647 0.495663 3.141593 -1.570796 0.000000
time 11
  0 -0.650000 0.000000 33.899605 -0.025849 0.174554 -1.569172
  1 5.685104 0.833236 -32.227173 -0.174512 -0.026131 1.569196
  2 -2.276935 0.000003 -1.238188 -1.570795 -1.570451 0.000000
  3 1.797194 0.711867 0.000672 -0.207230 -0.029214 0.022560
  4 4.119918 -0.002935 0.000652 -0.200520 0.061512 0.408156
  5 4.118781 -0.003203 0.000687 -0.211174 -0.010670 0.057576
  6 4.118662 -0.003196 0.000724 -0.222430 -0.016902 0.022991
  7 4.120117 -0.002898 -0.001351 0.391881 -0.022918 0.472967
  8 4.443599 0.000001 -0.000000 0.114749 -0.053265 0.106226
  9 9.024063 -0.000001 0.000000 0.000000 0.000000 0.000000
 10 0.039706 0.665136 1.600948 1.505574 -1.090782 1.112798
 11 6.384775 -0.000000 0.000000 -1.298914 0.537241 -0.997329
 12 10.242683 0.000001 0.000000 -0.000000 -0.000000 -0.775021
 13 11.375560 -0.000002 0.000000 2.460107 0.266508 -0.595294
 14 0.728680 0.023431 -1.008291 1.173366 0.585447 0.572837
 15 2.136496 -0.000001 0.000000 0.000000 -0.000000 -0.047292
 16 2.313138 0.000001 0.000000 0.000000 0.000000 0.000000
 17 3.115505 -0.886042 -0.021432 -0.392877 0.017613 0.541009
 18 2.011147 -0.000001 -0.000000 0.000000 0.000000 1.354040
 19 2.141381 0.000000 0.000000 0.000000 0.000000 0.000000
 20 1.734170 0.000000 0.000000 0.000000 0.000000 0.676379
 21 0.000006 -4.440595 0.000001 1.570544 -0.062990 -0.195737
 22 6.000000 -0.000000 0.000001 2.782826 0.000000 -0.000000
 23 0.000001 -4.440602 -0.000000 1.569944 -0.062987 0.004053
 24 11.375562 0.000002 0.000003 -2.650964 0.362249 -0.201086
 25 -0.000000 -4.440603 -0.000000 1.570144 -0.062988 0.004040
 26 10.510129 0.000001 -0.000000 0.000000 -0.000000 -1.958307
 27 0.000001 -1.748401 4.999999 -0.000000 0.004007 1.602291
 28 5.499999 0.000001 -0.000000 0.409916 -0.000000 -0.000000
 29 -0.000002 -1.940599 5.000000 -0.044472 0.004003 -0.000180
 30 6.551490 -0.000002 -0.000002 -0.830807 0.456115 -0.514707
 31 0.000001 -1.940600 5.000000 -0.027189 -0.053376 0.005295
 32 6.551491 -0.000002 -0.000002 -0.329134 0.254765 -0.173170
 33 0.000001 -1.940599 4.999995 -0.066572 -0.152786 -0.110311
 34 -0.039701 -0.658059 -1.600948 -2.740413 1.097339 -0.060279
 35 6.384774 -0.000002 0.000001 0.152355 -0.477814 -0.745716
 36 10.242681 -0.000002 0.000000 -0.000000 0.000000 -2.061602
 37 11.375560 -0.000002 -0.000003 2.564732 0.191908 0.671994
 38 0.728681 0.023431 1.008290 -1.579583 -0.319038 0.212973
 39 2.136496 -0.000001 -0.000000 -0.000000 -0.000000 1.282817
 40 2.313139 0.000000 -0.000000 0.000000 0.000000 3.141593
 41 3.115507 -0.886041 0.021430 0.420765 0.316066 0.167178
 42 2.011151 -0.000000 0.000000 0.000000 0.000000 2.082010
 43 2.141380 -0.000001 0.000000 0.000000 0.000000 3.141593
 44 1.734172 -0.000001 -0.000001 0.000000 0.000000 1.041748
 45 0.136315 -3.738192 2.525890 1.493698 2.759406 -1.474501
 46 14.562627 -1.166815 -0.284476 0.258917 0.054664 1.504024
 47 11.389367 -0.000820 0.158780 2.047850 0.182611 0.318356
 48 0.000001 -4.440598 -0.000001 1.570144 -3.078602 0.004040
 49 6.000001 -0.000001 -0.000001 2.047851 -0.000000 -0.000000
 50 0.000002 -4.440600 -0.000002 1.569944 -3.078603 0.004053
 51 10.510132 -0.000002 0.000000 0.000000 -0.000000 -2.601597
 52 0.000000 -1.748399 -5.000001 -3.141593 0.004007 -1.539299
 53 5.499999 -0.000001 -0.000001 -0.005850 0.000000 0.000000
 54 -0.000001 0.000001 -5.000000 -0.044472 3.137589 -0.000177
 55 6.551489 -0.000000 -0.000001 0.005850 -0.166642 -0.241304
 56 -1.266843 -1.937442 -4.950559 -0.066572 -2.988806 -0.110308
 57 6.551490 -0.000001 -0.000001 0.005850 -0.166642 -0.241304
 58 0.699371 -1.944207 -5.006846 -0.027189 -3.088217 0.005298
 59 4.226146 -0.003203 -0.000001 0.218083 0.010370 0.280942
 60 0.000000 5.000002 0.000000 -0.153564 0.000087 2.718702
 61 -1.706331 -1.411844 3.453212 -0.079651 -2.919802 -0.993592
 62 16.573919 0.000002 0.000000 0.000000 -0.000000 -1.065827
 63 15.128181 0.000000 -0.000000 -0.102296 0.010178 0.114297
 64 5.758665 4.244730 0.000000 0.000000 0.000000 1.667687
 65 3.177725 0.000000 -0.000000 0.000000 0.000000 3.141593
 66 15.708953 0.000001 0.000000 -0.051525 0.003996 0.061523
 67 0.275148 0.189215 -3.445207 3.130898 0.000409 -1.514604
 68 17.210192 0.000001 0.000000 0.000000 -0.000000 -1.893339
 69 0.000001 -0.000000 -5.000000 -0.079430 1.546568 -1.570855
 70 -1.917751 0.076764 -3.627065 0.371015 2.766248 -0.346443
 71 16.573921 -0.000001 -0.000002 -0.000000 -0.000000 -1.163030
 72 15.128181 0.000001 0.000001 0.089479 0.309197 0.659208
 73 5.758666 4.244730 -0.000001 -0.000000 -0.000000 1.815142
 74 4.003934 -0.000000 0.000001 0.000000 0.000000 0.000000
 75 15.708954 0.000001 0.000002 0.042277 0.226871 0.443133
 76 0.273998 0.191089 3.439762 -3.130907 -0.000437 -1.508107
 77 17.210194 -0.000001 -0.000002 0.000000 -0.000000 -1.937080
 78 -0.000000 -0.000001 5.000000 -0.079319 1.595025 -1.570742
 79 0.000004 -0.000004 -3.713580 0.365818 2.880119 -0.191589
 80 0.000002 -0.000000 5.000000 3.053196 1.558589 -0.074928
 81 -0.000007 0.000006 3.713580 -0.001619 -3.122277 -0.475127
 82 0.000002 -0.000001 -5.000000 -0.088726 1.558589 3.066334
 83 7.363602 1.646647 0.495663 3.141593 -1.570796 0.000000
time 12
  0 -0.650000 0.000000 33.899605 -0.025849 0.174554 -1.569172
  1 5.685104 0.833236 -32.227173 -0.174512 -0.026131 1.569196
  2 -2.276935 0.000003 -1.238188 -1.570795 -1.570451 0.000000
  3 1.797198 0.711866 0.000668 -0.205836 -0.025165 0.023322
  4 4.119918 -0.002935 0.000648 -0.199307 0.059985 0.408887
  5 4.118783 -0.003203 0.000683 -0.209920 -0.012498 0.058405
  6 4.118664 -0.003198 0.000720 -0.221172 -0.017939 0.023652
  7 4.120154 -0.002898 -0.001321 0.382142 0.012275 0.495911
  8 4.443599 -0.000001 0.000000 0.191935 -0.091313 0.094099
  9 9.024061 0.000001 0.000000 0.000000 0.000000 0.000000
 10 -0.021270 0.649634 1.607617 1.429768 -1.130846 1.175085
 11 6.384776 0.000001 0.000002 -1.282757 0.668493 -1.007616
 12 10.242682 -0.000000 0.000001 -0.000000 0.000000 -1.040966
 13 11.375561 -0.000001 -0.000001 2.515809 0.283683 -0.610506
 14 0.728681 0.023430 -1.008292 1.270873 0.547912 0.597577
 15 2.136496 0.000000 -0.000000 -0.000000 0.000000 -0.004408
 16 2.313141 0.000001 0.000000 0.000000 0.000000 0.000000
 17 3.115507 -0.886041 -0.021432 -0.307600 0.038548 0.578523
 18 2.011148 -0.000000 -0.000001 -0.000000 0.000000 1.396924
 19 2.141379 -0.000002 0.000001 0.000000 0.000000 0.000000
 20 1.734172 0.000002 0.000001 -0.000000 -0.000000 0.697923
 21 0.000008 -4.440593 -0.000001 1.570544 -0.062990 -0.195737
 22 5.999999 -0.000000 -0.000001 2.847978 -0.000000 -0.000000
 23 0.000002 -4.440602 -0.000000 1.569944 -0.062987 0.004053
 24 11.375561 -0.000001 0.000002 -2.620224 0.363905 -0.206457
 25 -0.000000 -4.440603 0.000001 1.570144 -0.062988 0.004040
 26 10.510129 -0.000000 -0.000000 0.000000 -0.000000 -2.091279
 27 0.000000 -1.748400 4.999999 0.000000 0.004007 1.602290
 28 5.500002 0.000001 -0.000000 0.382302 -0.000000 0.000000
 29 -0.000002 -1.940598 5.000000 -0.044472 0.004003 -0.000180
 30 6.551491 0.000000 -0.000000 -0.791513 0.537101 -0.479367
 31 -0.000002 -1.940600 5.000003 -0.027189 -0.053376 0.005295
 32 6.551491 0.000000 -0.000000 -0.306446 0.284893 -0.150469
 33 -0.000001 -1.940599 4.999998 -0.066572 -0.152786 -0.110311
 34 0.021273 -0.642556 -1.607616 -2.649257 1.052145 0.019671
 35 6.384778 0.000001 -0.000002 0.143605 -0.475229 -0.713771
 36 10.242683 -0.000002 0.000001 -0.000000 -0.000000 -2.066402
 37 11.375561 -0.000002 -0.000001 2.545361 0.194736 0.671657
 38 0.728681 0.023431 1.008289 -1.579583 -0.319038 0.212973
 39 2.136497 -0.000002 0.000000 -0.000000 0.000000 1.282817
 40 2.313139 -0.000000 0.000000 0.000000 0.000000 3.141593
 41 3.115505 -0.886042 0.021431 0.420766 0.316066 0.167178
 42 2.011151 0.000000 -0.000000 0.000000 0.000000 2.082010
 43 2.141381 0.000001 0.000000 0.000000 0.000000 3.141593
 44 1.734170 -0.000000 0.000000 0.000000 -0.000000 1.041748
 45 0.136315 -3.738190 2.525890 1.493698 2.759406 -1.474501
 46 14.562628 -1.166815 -0.284480 0.258917 0.054664 1.504024
 47 11.389367 -0.000819 0.158783 2.037927 0.182103 0.318482
 48 0.000001 -4.440599 -0.000003 1.570144 -3.078602 0.004040
 49 6.000000 -0.000000 0.000001 2.037927 0.000000 -0.000000
 50 0.000001 -4.440601 0.000000 1.569944 -3.078603 0.004053
 51 10.510132 -0.000001 0.000001 0.000000 -0.000000 -2.603998
 52 0.000000 -1.748399 -5.000000 -3.141593 0.004007 -1.539299
 53 5.499999 -0.000001 -0.000001 -0.005629 0.000000 0.000000
 54 -0.000001 0.000001 -5.000000 -0.044472 3.137589 -0.000177
 55 6.551491 0.000001 -0.000001 0.005629 -0.165593 -0.236975
 56 -1.266843 -1.937444 -4.950560 -0.066572 -2.988806 -0.110308
 57 6.551492 0.000000 -0.000000 0.005629 -0.165593 -0.236975
 58 0.699371 -1.944207 -5.006849 -0.027189 -3.088217 0.005298
 59 4.226147 -0.003202 -0.000000 0.211000 0.030760 0.291346
 60 0.000001 5.000000 0.000000 -0.153564 0.000087 2.718702
 61 -1.721694 -1.404260 3.448684 -0.082131 -2.923064 -0.994626
 62 16.573919 0.000002 0.000000 0.000000 -0.000000 -1.065827
 63 15.128181 0.000000 -0.000000 -0.102296 0.010178 0.114297
 64 5.758665 4.244730 0.000000 0.000000 0.000000 1.667687
 65 3.177725 0.000000 -0.000000 0.000000 0.000000 3.141593
 66 15.708953 0.000001 0.000000 -0.051525 0.003996 0.061523
 67 0.275148 0.189215 -3.445207 3.130898 0.000409 -1.514604
 68 17.210192 0.000001 0.000000 0.000000 -0.000000 -1.893339
 69 0.000001 -0.000000 -5.000000 -0.079430 1.546568 -1.570855
 70 -1.903815 0.074639 -3.634442 0.371052 2.762187 -0.348006
 71 16.573921 -0.000001 -0.000002 -0.000000 -0.000000 -1.163030
 72 15.128181 0.000001 0.000001 0.089479 0.309197 0.659208
 73 5.758666 4.244730 -0.000001 -0.000000 -0.000000 1.815142
 74 4.003934 -0.000000 0.000001 0.000000 0.000000 0.000000
 75 15.708954 0.000001 0.000002 0.042277 0.226871 0.443133
 76 0.273998 0.191089 3.439762 -3.130907 -0.000437 -1.508107
 77 17.210194 -0.000001 -0.000002 0.000000 -0.000000 -1.937080
 78 -0.000000 -0.000001 5.000000 -0.079319 1.595025 -1.570742
 79 0.000004 -0.000004 -3.713580 0.365818 2.880119 -0.191589
 80 0.000002 -0.000000 5.000000 3.053196 1.558589 -0.074928
 81 -0.000007 0.000006 3.713580 -0.001619 -3.122277 -0.475127
 82 0.000002 -0.000001 -5.000000 -0.088726 1.558589 3.066334
 83 7.363602 1.646647 0.495663 3.141593 -1.570796 0.000000
time 13
  0 -0.650000 0.000000 33.899605 -0.025849 0.174554 -1.569172
  1 5.685104 0.833236 -32.227173 -0.174512 -0.026131 1.569196
  2 -2.276935 0.000003 -1.238188 -1.570795 -1.570451 0.000000
  3 1.797202 0.711866 0.000666 -0.205345 -0.023739 0.023592
  4 4.119921 -0.002936 0.000646 -0.198880 0.059447 0.409143
  5 4.118779 -0.003202 0.000682 -0.209478 -0.013142 0.058696
  6 4.118670 -0.003200 0.000717 -0.220729 -0.018304 0.023884
  7 4.120245 -0.002830 -0.001345 0.390446 0.013150 0.531355
  8 4.443598 0.000001 0.000000 0.238633 -0.101524 0.051652
  9 9.024061 0.000001 0.000000 0.000000 0.000000 0.000000
 10 -0.022786 0.662951 1.602178 1.389387 -1.143109 1.181886
 11 6.384777 -0.000001 -0.000002 -1.311014 0.763667 -1.051035
 12 10.242681 -0.000001 0.000000 0.000000 -0.000000 -1.220986
 13 11.375561 0.000001 0.000002 2.578403 0.342862 -0.610697
 14 0.728681 0.023432 -1.008292 1.338412 0.520001 0.612253
 15 2.136497 -0.000002 -0.000000 0.000000 0.000000 0.026180
 16 2.313138 0.000000 -0.000000 0.000000 0.000000 0.000000
 17 3.115506 -0.886041 -0.021432 -0.246280 0.051482 0.606324
 18 2.011150 -0.000000 -0.000002 0.000000 0.000000 1.427511
 19 2.141380 0.000001 0.000000 0.000000 0.000000 0.000000
 20 1.734172 0.000000 -0.000001 0.000000 0.000000 0.713299
 21 0.000008 -4.440595 0.000002 1.570544 -0.062990 -0.195737
 22 6.000000 0.000001 0.000001 2.926489 -0.000000 0.000000
 23 0.000001 -4.440600 0.000000 1.569944 -0.062987 0.004053
 24 11.375561 0.000001 0.000005 -2.577493 0.377737 -0.188350
 25 -0.000001 -4.440604 -0.000001 1.570144 -0.062988 0.004040
 26 10.510130 -0.000000 -0.000000 0.000000 -0.000000 -2.181289
 27 -0.000001 -1.748400 4.999999 -0.000000 0.004007 1.602290
 28 5.500001 -0.000000 0.000000 0.367357 -0.000000 -0.000000
 29 -0.000002 -1.940599 5.000001 -0.044472 0.004003 -0.000180
 30 6.551492 -0.000001 -0.000000 -0.781822 0.608256 -0.463475
 31 0.000001 -1.940599 5.000000 -0.027189 -0.053376 0.005295
 32 6.551492 -0.000001 -0.000000 -0.293251 0.312227 -0.133669
 33 -0.000000 -1.940600 4.999998 -0.066572 -0.152786 -0.110311
 34 0.022788 -0.655875 -1.602178 -2.651243 1.046477 -0.011416
 35 6.384777 0.000001 -0.000001 0.136295 -0.467421 -0.708378
 36 10.242682 -0.000000 -0.000001 -0.000000 -0.000000 -2.074984
 37 11.375561 0.000002 0.000000 2.542426 0.200733 0.674061
 38 0.728681 0.023430 1.008290 -1.579583 -0.319038 0.212973
 39 2.136496 -0.000002 0.000001 0.000000 0.000000 1.282817
 40 2.313141 -0.000000 -0.000000 0.000000 0.000000 3.141593
 41 3.115506 -0.886042 0.021431 0.420765 0.316066 0.167178
 42 2.011151 0.000000 -0.000003 -0.000000 0.000000 2.082010
 43 2.141380 -0.000000 0.000002 0.000000 0.000000 3.141593
 44 1.734174 -0.000001 -0.000003 -0.000000 -0.000000 1.041748
 45 0.136315 -3.738192 2.525893 1.493698 2.759406 -1.474501
 46 14.562627 -1.166816 -0.284478 0.258917 0.054664 1.504024
 47 11.389365 -0.000819 0.158780 2.035690 0.184924 0.318673
 48 0.000001 -4.440598 -0.000001 1.570144 -3.078602 0.004040
 49 6.000000 -0.000000 -0.000002 2.035690 0.000000 0.000000
 50 0.000002 -4.440602 -0.000002 1.569944 -3.078603 0.004053
 51 10.510130 -0.000001 -0.000001 -0.000000 -0.000000 -2.608288
 52 -0.000000 -1.748400 -5.000001 3.141593 0.004007 -1.539299
 53 5.500001 -0.000002 0.000000 -0.004771 -0.000000 0.000000
 54 -0.000001 0.000001 -5.000002 -0.044472 3.137590 -0.000177
 55 6.551491 0.000000 0.000001 0.004771 -0.163067 -0.236703
 56 -1.266843 -1.937444 -4.950560 -0.066572 -2.988806 -0.110308
 57 6.551491 0.000000 0.000001 0.004771 -0.163067 -0.236703
 58 0.699371 -1.944207 -5.006848 -0.027189 -3.088217 0.005298
 59 4.226149 -0.003202 -0.000000 0.215452 0.033526 0.309520
 60 -0.000001 5.000000 0.000001 -0.153564 0.000087 2.718702
 61 -1.727097 -1.401586 3.447072 -0.083004 -2.924212 -0.994993
 62 16.573919 0.000002 0.000000 0.000000 -0.000000 -1.065827
 63 15.128181 0.000000 -0.000000 -0.102296 0.010178 0.114297
 64 5.758665 4.244730 0.000000 0.000000 0.000000 1.667687
 65 3.177725 0.000000 -0.000000 0.000000 0.000000 3.141593
 66 15.708953 0.000001 0.000000 -0.051525 0.003996 0.061523
 67 0.275148 0.189215 -3.445207 3.130898 0.000409 -1.514604
 68 17.210192 0.000001 0.000000 0.000000 -0.000000 -1.893339
 69 0.000001 -0.000000 -5.000000 -0.079430 1.546568 -1.570855
 70 -1.898903 0.073884 -3.637026 0.371063 2.760757 -0.348556
 71 16.573921 -0.000001 -0.000002 -0.000000 -0.000000 -1.163030
 72 15.128181 0.000001 0.000001 0.089479 0.309197 0.659208
 73 5.758666 4.244730 -0.000001 -0.000000 -0.000000 1.815142
 74 4.003934 -0.000000 0.000001 0.000000 0.000000 0.000000
 75 15.708954 0.000001 0.000002 0.042277 0.226871 0.443133
 76 0.273998 0.191089 3.439762 -3.130907 -0.000437 -1.508107
 77 17.210194 -0.000001 -0.000002 0.000000 -0.000000 -1.937080
 78 -0.000000 -0.000001 5.000000 -0.079319 1.595025 -1.570742
 79 0.000004 -0.000004 -3.713580 0.365818 2.880119 -0.191589
 80 0.000002 -0.000000 5.000000 3.053196 1.558589 -0.074928
 81 -0.000007 0.000006 3.713580 -0.001619 -3.122277 -0.475127
 82 0.000002 -0.000001 -5.000000 -0.088726 1.558589 3.066334
 83 7.363602 1.646647 0.495663 3.141593 -1.570796 0.000000
time 14
  0 -0.650000 0.000000 33.899605 -0.025849 0.174554 -1.569172
  1 5.685104 0.833236 -32.227173 -0.174512 -0.026131 1.569196
  2 -2.276935 0.000003 -1.238188 -1.570795 -1.570451 0.000000
  3 1.797176 0.711870 0.000687 -0.212062 -0.043325 0.019948
  4 4.119910 -0.002934 0.000665 -0.204755 0.066822 0.405598
  5 4.118777 -0.003200 0.000701 -0.215556 -0.004311 0.054672
  6 4.118662 -0.003197 0.000737 -0.226819 -0.013298 0.020682
  7 4.120495 -0.002594 -0.001486 0.434355 -0.064683 0.600588
  8 4.443598 -0.000002 0.000000 0.236355 -0.073567 -0.048885
  9 9.024060 0.000000 -0.000000 0.000000 0.000000 0.000000
 10 0.111999 0.731180 1.568538 1.431362 -1.097060 1.052105
 11 6.384777 -0.000001 -0.000000 -1.460308 0.908252 -1.151368
 12 10.242686 0.000000 0.000000 0.000000 -0.000000 -1.410803
 13 11.375561 -0.000002 0.000000 2.662586 0.481333 -0.500507
 14 0.728681 0.023432 -1.008292 1.353583 0.513526 0.615259
 15 2.136494 -0.000002 0.000001 -0.000000 0.000000 0.033150
 16 2.313140 0.000001 -0.000000 0.000000 0.000000 0.000000
 17 3.115505 -0.886041 -0.021431 -0.232253 0.054189 0.612768
 18 2.011151 -0.000000 -0.000002 0.000000 0.000000 1.434481
 19 2.141379 0.000001 0.000001 0.000000 0.000000 0.000000
 20 1.734173 0.000000 -0.000001 0.000000 -0.000000 0.716804
 21 0.000007 -4.440594 -0.000000 1.570544 -0.062990 -0.195737
 22 6.000000 -0.000001 0.000000 3.039561 0.000000 0.000000
 23 0.000002 -4.440601 -0.000001 1.569944 -0.062987 0.004053
 24 11.375561 0.000001 0.000003 -2.513505 0.394361 -0.088437
 25 -0.000001 -4.440604 0.000000 1.570144 -0.062988 0.004040
 26 10.510135 0.000000 0.000000 -0.000000 0.000000 -2.276198
 27 0.000001 -1.748401 4.999999 0.000000 0.004007 1.602290
 28 5.500001 0.000000 -0.000000 0.361095 -0.000000 0.000000
 29 -0.000001 -1.940598 5.000000 -0.044472 0.004003 -0.000180
 30 6.551491 -0.000000 0.000001 -0.827331 0.758585 -0.440123
 31 0.000002 -1.940599 5.000002 -0.027189 -0.053376 0.005295
 32 6.551491 -0.000000 0.000001 -0.284755 0.366132 -0.092394
 33 0.000001 -1.940599 4.999998 -0.066572 -0.152786 -0.110311
 34 -0.111996 -0.724106 -1.568537 -2.897706 1.121899 -0.336184
 35 6.384776 0.000001 -0.000002 0.112805 -0.448872 -0.785559
 36 10.242682 -0.000001 -0.000000 -0.000000 0.000000 -2.100496
 37 11.375563 0.000001 -0.000002 2.587090 0.217547 0.684678
 38 0.728681 0.023430 1.008291 -1.579583 -0.319038 0.212973
 39 2.136497 -0.000000 -0.000000 -0.000000 -0.000000 1.282817
 40 2.313138 0.000000 -0.000000 0.000000 0.000000 3.141593
 41 3.115506 -0.886042 0.021431 0.420766 0.316066 0.167178
 42 2.011150 -0.000000 -0.000003 -0.000000 0.000000 2.082010
 43 2.141380 -0.000000 0.000002 0.000000 0.000000 3.141593
 44 1.734173 -0.000001 -0.000002 0.000000 -0.000000 1.041748
 45 0.136315 -3.738192 2.525893 1.493698 2.759406 -1.474501
 46 14.562626 -1.166816 -0.284476 0.258917 0.054664 1.504024
 47 11.389366 -0.000818 0.158780 2.055432 0.198274 0.318644
 48 0.000002 -4.440598 0.000001 1.570144 -3.078602 0.004040
 49 6.000000 0.000001 -0.000001 2.055432 -0.000000 0.000000
 50 0.000001 -4.440601 -0.000001 1.569944 -3.078603 0.004053
 51 10.510131 -0.000001 0.000000 -0.000000 -0.000000 -2.621044
 52 -0.000000 -1.748400 -5.000001 3.141593 0.004007 -1.539299
 53 5.499999 0.000001 -0.000002 0.004100 0.000000 -0.000000
 54 -0.000000 0.000001 -4.999998 -0.044472 3.137589 -0.000177
 55 6.551490 0.000000 -0.000002 -0.004100 -0.156383 -0.248642
 56 -1.266843 -1.937443 -4.950559 -0.066572 -2.988806 -0.110308
 57 6.551491 0.000000 -0.000001 -0.004100 -0.156383 -0.248642
 58 0.699371 -1.944208 -5.006845 -0.027189 -3.088217 0.005298
 59 4.226147 -0.003201 -0.000001 0.244655 -0.002848 0.347908
 60 0.000001 5.000002 -0.000000 -0.153564 0.000087 2.718702
 61 -1.652604 -1.438115 3.468444 -0.071026 -2.908423 -0.990047
 62 16.573919 0.000002 0.000000 0.000000 -0.000000 -1.065827
 63 15.128181 0.000000 -0.000000 -0.102296 0.010178 0.114297
 64 5.758665 4.244730 0.000000 0.000000 0.000000 1.667687
 65 3.177725 0.000000 -0.000000 0.000000 0.000000 3.141593
 66 15.708953 0.000001 0.000000 -0.051525 0.003996 0.061523
 67 0.275148 0.189215 -3.445207 3.130898 0.000409 -1.514604
 68 17.210192 0.000001 0.000000 0.000000 -0.000000 -1.893339
 69 0.000001 -0.000000 -5.000000 -0.079430 1.546568 -1.570855
 70 -1.966096 0.083909 -3.600936 0.370832 2.780392 -0.341019
 71 16.573921 -0.000001 -0.000002 -0.000000 -0.000000 -1.163030
 72 15.128181 0.000001 0.000001 0.089479 0.309197 0.659208
 73 5.758666 4.244730 -0.000001 -0.000000 -0.000000 1.815142
 74 4.003934 -0.000000 0.000001 0.000000 0.000000 0.000000
 75 15.708954 0.000001 0.000002 0.042277 0.226871 0.443133
 76 0.273998 0.191089 3.439762 -3.130907 -0.000437 -1.508107
 77 17.210194 -0.000001 -0.000002 0.000000 -0.000000 -1.937080
 78 -0.000000 -0.000001 5.000000 -0.079319 1.595025 -1.570742
 79 0.000004 -0.000004 -3.713580 0.365818 2.880119 -0.191589
 80 0.000002 -0.000000 5.000000 3.053196 1.558589 -0.074928
 81 -0.000007 0.000006 3.713580 -0.001619 -3.122277 -0.475127
 82 0.000002 -0.000001 -5.000000 -0.088726 1.558589 3.066334
 83 7.363602 1.646647 0.495663 3.141593 -1.570796 0.000000
time 15
  0 -0.650000 0.000000 33.899605 -0.025849 0.174554 -1.569172
  1 5.685104 0.833236 -32.227173 -0.174512 -0.026131 1.569196
  2 -2.276935 0.000003 -1.238188 -1.570795 -1.570451 0.000000
  3 1.797117 0.711880 0.000732 -0.226621 -0.086498 0.012380
  4 4.119897 -0.002930 0.000706 -0.217782 0.082973 0.397638
  5 4.118762 -0.003190 0.000744 -0.229051 0.015030 0.045631
  6 4.118643 -0.003185 0.000780 -0.240274 -0.002354 0.013532
  7 4.120816 -0.002221 -0.001639 0.491320 -0.190933 0.683135
  8 4.443600 0.000000 0.000000 0.209772 -0.043551 -0.163977
  9 9.024062 -0.000001 0.000000 0.000000 0.000000 0.000000
 10 0.328826 0.806162 1.499998 1.480920 -1.012402 0.881568
 11 6.384777 -0.000000 0.000002 -1.792422 1.116451 -1.394835
 12 10.242684 -0.000001 0.000001 0.000000 -0.000000 -1.655055
 13 11.375561 -0.000003 -0.000000 2.795359 0.662653 -0.288499
 14 0.728680 0.023430 -1.008293 1.341995 0.518478 0.612973
 15 2.136496 0.000000 0.000000 -0.000000 0.000000 0.027823
 16 2.313141 -0.000000 -0.000001 0.000000 0.000000 0.000000
 17 3.115507 -0.886039 -0.021430 -0.242975 0.052129 0.607839
 18 2.011150 -0.000000 0.000000 0.000000 0.000000 1.429154
 19 2.141381 -0.000000 0.000000 0.000000 0.000000 0.000000
 20 1.734173 0.000002 0.000001 0.000000 0.000000 0.714125
 21 0.000005 -4.440592 0.000000 1.570544 -0.062990 -0.195737
 22 5.999999 -0.000001 -0.000000 -3.082814 -0.000000 0.000000
 23 0.000002 -4.440602 -0.000000 1.569944 -0.062987 0.004053
 24 11.375561 0.000000 0.000004 -2.429700 0.403950 0.068264
 25 -0.000001 -4.440606 0.000001 1.570144 -0.062988 0.004040
 26 10.510132 -0.000000 0.000000 -0.000000 -0.000000 -2.398324
 27 0.000002 -1.748402 4.999999 -0.000000 0.004007 1.602290
 28 5.500000 0.000000 -0.000000 0.326243 -0.000000 -0.000000
 29 -0.000000 -1.940598 5.000001 -0.044472 0.004003 -0.000180
 30 6.551491 0.000000 0.000001 -0.877948 0.999551 -0.416530
 31 0.000001 -1.940600 5.000003 -0.027189 -0.053376 0.005295
 32 6.551491 0.000000 0.000001 -0.251981 0.436989 -0.029574
 33 0.000000 -1.940599 4.999995 -0.066572 -0.152786 -0.110311
 34 -0.328822 -0.799081 -1.499998 2.793912 1.151804 -1.032373
 35 6.384776 0.000001 -0.000000 0.060783 -0.420754 -0.941986
 36 10.242682 -0.000002 0.000001 0.000000 0.000000 -2.142170
 37 11.375560 -0.000001 0.000001 2.676842 0.246528 0.703260
 38 0.728682 0.023431 1.008291 -1.579583 -0.319038 0.212973
 39 2.136497 0.000001 -0.000001 -0.000000 0.000000 1.282817
 40 2.313138 0.000001 0.000000 0.000000 0.000000 3.141593
 41 3.115508 -0.886041 0.021430 0.420766 0.316066 0.167178
 42 2.011150 0.000000 -0.000001 0.000000 0.000000 2.082010
 43 2.141378 -0.000000 -0.000002 0.000000 0.000000 3.141593
 44 1.734173 -0.000001 -0.000001 -0.000000 0.000000 1.041748
 45 0.136314 -3.738195 2.525889 1.493698 2.759406 -1.474501
 46 14.562629 -1.166815 -0.284478 0.258917 0.054664 1.504024
 47 11.389365 -0.000819 0.158783 2.095520 0.223249 0.317214
 48 0.000001 -4.440598 -0.000001 1.570144 -3.078602 0.004040
 49 5.999998 -0.000001 -0.000000 2.095520 -0.000000 -0.000000
 50 0.000001 -4.440601 0.000002 1.569944 -3.078603 0.004053
 51 10.510132 -0.000001 0.000001 -0.000000 -0.000000 -2.641881
 52 -0.000001 -1.748399 -4.999999 -3.141593 0.004007 -1.539299
 53 5.500000 -0.000001 -0.000000 0.022603 -0.000000 0.000000
 54 0.000001 -0.000001 -5.000000 -0.044472 3.137589 -0.000177
 55 6.551490 -0.000000 0.000000 -0.022603 -0.143937 -0.271291
 56 -1.266843 -1.937442 -4.950560 -0.066572 -2.988806 -0.110308
 57 6.551490 -0.000000 0.000001 -0.022603 -0.143937 -0.271291
 58 0.699371 -1.944206 -5.006847 -0.027189 -3.088217 0.005298
 59 4.226144 -0.003202 0.000000 0.286419 -0.062444 0.394369
 60 0.000001 4.999999 0.000000 -0.153564 0.000087 2.718701
 61 -1.486456 -1.516944 3.509727 -0.044787 -2.873493 -0.979788
 62 16.573919 0.000002 0.000000 0.000000 -0.000000 -1.065827
 63 15.128181 0.000000 -0.000000 -0.102296 0.010178 0.114297
 64 5.758665 4.244730 0.000000 0.000000 0.000000 1.667687
 65 3.177725 0.000000 -0.000000 0.000000 0.000000 3.141593
 66 15.708953 0.000001 0.000000 -0.051525 0.003996 0.061523
 67 0.275148 0.189215 -3.445207 3.130898 0.000409 -1.514604
 68 17.210192 0.000001 0.000000 0.000000 -0.000000 -1.893339
 69 0.000001 -0.000000 -5.000000 -0.079430 1.546568 -1.570855
 70 -2.111755 0.103279 -3.516997 0.369780 2.823580 -0.324601
 71 16.573921 -0.000001 -0.000002 -0.000000 -0.000000 -1.163030
 72 15.128181 0.000001 0.000001 0.089479 0.309197 0.659208
 73 5.758666 4.244730 -0.000001 -0.000000 -0.000000 1.815142
 74 4.003934 -0.000000 0.000001 0.000000 0.000000 0.000000
 75 15.708954 0.000001 0.000002 0.042277 0.226871 0.443133
 76 0.273998 0.191089 3.439762 -3.130907 -0.000437 -1.508107
 77 17.210194 -0.000001 -0.000002 0.000000 -0.000000 -1.937080
 78 -0.000000 -0.000001 5.000000 -0.079319 1.595025 -1.570742
 79 0.000004 -0.000004 -3.713580 0.365818 2.880119 -0.191589
 80 0.000002 -0.000000 5.000000 3.053196 1.558589 -0.074928
 81 -0.000007 0.000006 3.713580 -0.001619 -3.122277 -0.475127
 82 0.000002 -0.000001 -5.000000 -0.088726 1.558589 3.066334
 83 7.363602 1.646647 0.495663 3.141593 -1.570796 0.000000
time 16
  0 -0.650000 0.000000 33.899605 -0.025849 0.174554 -1.569172
  1 5.685104 0.833236 -32.227173 -0.174512 -0.026131 1.569196
  2 -2.276935 0.000003 -1.238188 -1.570795 -1.570451 0.000000
  3 1.797058 0.711890 0.000773 -0.240918 -0.129775 0.005410
  4 4.119883 -0.002925 0.000747 -0.230958 0.099019 0.389455
  5 4.118747 -0.003182 0.000788 -0.242728 0.034246 0.036324
  6 4.118629 -0.003175 0.000824 -0.253807 0.008493 0.006236
  7 4.121006 -0.001949 -0.001714 0.528230 -0.277443 0.731033
  8 4.443600 -0.000002 -0.000001 0.196713 -0.040976 -0.210687
  9 9.024062 0.000001 0.000000 0.000000 0.000000 0.000000
 10 0.474587 0.843436 1.439324 1.494275 -0.955575 0.789669
 11 6.384777 0.000000 -0.000001 0.918364 1.857044 1.372170
 12 10.242682 0.000000 0.000000 -0.000000 -0.000000 -1.854892
 13 11.375561 0.000002 0.000001 2.895268 0.765611 -0.118805
 14 0.728679 0.023431 -1.008292 1.325405 0.525493 0.609590
 15 2.136498 -0.000001 -0.000000 -0.000000 -0.000000 0.020233
 16 2.313138 0.000001 -0.000001 0.000000 0.000000 0.000000
 17 3.115506 -0.886038 -0.021431 -0.258232 0.049102 0.600856
 18 2.011151 0.000000 -0.000001 0.000000 -0.000000 1.421564
 19 2.141380 0.000000 0.000001 0.000000 0.000000 0.000000
 20 1.734175 0.000002 0.000001 0.000000 0.000000 0.710309
 21 0.000004 -4.440592 -0.000001 1.570544 -0.062990 -0.195737
 22 6.000000 0.000003 0.000001 -2.981286 0.000000 0.000000
 23 0.000002 -4.440598 -0.000000 1.569944 -0.062987 0.004053
 24 11.375562 0.000001 0.000004 -2.381978 0.402241 0.171726
 25 -0.000001 -4.440604 -0.000000 1.570144 -0.062988 0.004040
 26 10.510131 -0.000001 0.000000 0.000000 0.000000 -2.498242
 27 -0.000000 -1.748400 5.000000 0.000000 0.004007 1.602291
 28 5.500001 0.000000 0.000000 0.265881 -0.000000 -0.000000
 29 -0.000002 -1.940599 5.000000 -0.044472 0.004003 -0.000180
 30 6.551492 -0.000000 -0.000001 -0.790531 1.176192 -0.295410
 31 -0.000002 -1.940599 5.000002 -0.027189 -0.053376 0.005295
 32 6.551491 0.000000 -0.000002 -0.204868 0.473596 0.029088
 33 -0.000001 -1.940599 4.999998 -0.066572 -0.152786 -0.110311
 34 -0.474582 -0.836366 -1.439325 2.344374 1.050722 -1.548311
 35 6.384777 0.000001 -0.000001 -0.000585 -0.392953 -1.102297
 36 10.242682 0.000000 0.000000 0.000000 -0.000000 -2.179662
 37 11.375560 0.000000 0.000000 2.765864 0.279376 0.721144
 38 0.728681 0.023431 1.008295 -1.579583 -0.319038 0.212973
 39 2.136497 0.000000 0.000000 0.000000 0.000000 1.282817
 40 2.313138 -0.000001 -0.000000 0.000000 0.000000 3.141593
 41 3.115507 -0.886041 0.021432 0.420765 0.316066 0.167178
 42 2.011148 0.000001 -0.000000 -0.000000 -0.000000 2.082010
 43 2.141378 -0.000001 -0.000000 0.000000 0.000000 3.141593
 44 1.734172 -0.000001 -0.000001 0.000000 -0.000000 1.041748
 45 0.136315 -3.738193 2.525891 1.493698 2.759406 -1.474501
 46 14.562628 -1.166814 -0.284476 0.258917 0.054664 1.504024
 47 11.389366 -0.000820 0.158780 2.134321 0.250883 0.313538
 48 0.000000 -4.440598 0.000001 1.570144 -3.078602 0.004040
 49 6.000000 -0.000001 -0.000001 2.134321 0.000000 0.000000
 50 0.000001 -4.440599 -0.000001 1.569944 -3.078603 0.004053
 51 10.510133 -0.000001 0.000002 -0.000000 0.000000 -2.660627
 52 0.000001 -1.748402 -5.000002 -3.141593 0.004007 -1.539299
 53 5.500001 -0.000000 0.000001 0.044173 -0.000000 0.000000
 54 -0.000000 -0.000002 -4.999999 -0.044472 3.137589 -0.000177
 55 6.551490 0.000000 -0.000000 -0.044173 -0.126481 -0.296685
 56 -1.266843 -1.937444 -4.950558 -0.066572 -2.988806 -0.110308
 57 6.551491 0.000000 -0.000000 -0.044173 -0.126481 -0.296685
 58 0.699372 -1.944208 -5.006847 -0.027189 -3.088217 0.005298
 59 4.226148 -0.003202 -0.000001 0.315225 -0.103121 0.421987
 60 -0.000001 5.000002 0.000000 -0.153564 0.000087 2.718702
 61 -1.317495 -1.593525 3.543055 -0.018652 -2.838315 -0.970386
 62 16.573919 0.000002 0.000000 0.000000 -0.000000 -1.065827
 63 15.128181 0.000000 -0.000000 -0.102296 0.010178 0.114297
 64 5.758665 4.244730 0.000000 0.000000 0.000000 1.667687
 65 3.177725 0.000000 -0.000000 0.000000 0.000000 3.141593
 66 15.708953 0.000001 0.000000 -0.051525 0.003996 0.061523
 67 0.275148 0.189215 -3.445207 3.130898 0.000409 -1.514604
 68 17.210192 0.000001 0.000000 0.000000 -0.000000 -1.893339
 69 0.000001 -0.000000 -5.000000 -0.079430 1.546568 -1.570855
 70 -2.254184 0.118924 -3.426960 0.368006 2.866746 -0.308350
 71 16.573921 -0.000001 -0.000002 -0.000000 -0.000000 -1.163030
 72 15.128181 0.000001 0.000001 0.089479 0.309197 0.659208
 73 5.758666 4.244730 -0.000001 -0.000000 -0.000000 1.815142
 74 4.003934 -0.000000 0.000001 0.000000 0.000000 0.000000
 75 15.708954 0.000001 0.000002 0.042277 0.226871 0.443133
 76 0.273998 0.191089 3.439762 -3.130907 -0.000437 -1.508107
 77 17.210194 -0.000001 -0.000002 0.000000 -0.000000 -1.937080
 78 -0.000000 -0.000001 5.000000 -0.079319 1.595025 -1.570742
 79 0.000004 -0.000004 -3.713580 0.365818 2.880119 -0.191589
 80 0.000002 -0.000000 5.000000 3.053196 1.558589 -0.074928
 81 -0.000007 0.000006 3.713580 -0.001619 -3.122277 -0.475127
 82 0.000002 -0.000001 -5.000000 -0.088726 1.558589 3.066334
 83 7.363602 1.646647 0.495663 3.141593 -1.570796 0.000000
time 17
  0 -0.650000 0.000000 33.899605 -0.025849 0.174554 -1.569172
  1 5.685104 0.833236 -32.227173 -0.174512 -0.026131 1.569196
  2 -2.276935 0.000003 -1.238188 -1.570795 -1.570451 0.000000
  3 1.797032 0.711895 0.000791 -0.247343 -0.149478 0.002435
  4 4.119878 -0.002923 0.000766 -0.236997 0.106277 0.385661
  5 4.118739 -0.003176 0.000807 -0.249007 0.042939 0.032005
  6 4.118622 -0.003169 0.000844 -0.259985 0.013391 0.002870
  7 4.121057 -0.001844 -0.001762 0.550101 -0.309435 0.742060
  8 4.443600 -0.000003 -0.000001 0.190620 -0.044359 -0.208588
  9 9.024061 0.000002 -0.000001 0.000000 0.000000 0.000000
 10 0.527648 0.866334 1.406944 1.491297 -0.936436 0.768696
 11 6.384776 -0.000001 0.000002 0.805801 1.761519 1.249887
 12 10.242682 0.000000 -0.000000 -0.000000 0.000000 -1.941512
 13 11.375561 -0.000000 0.000001 2.886517 0.759862 -0.079984
 14 0.728681 0.023434 -1.008292 1.312804 0.530761 0.606935
 15 2.136497 -0.000000 0.000000 0.000000 -0.000000 0.014498
 16 2.313141 -0.000000 0.000000 0.000000 0.000000 0.000000
 17 3.115506 -0.886039 -0.021432 -0.269746 0.046744 0.595611
 18 2.011152 0.000000 0.000001 -0.000000 0.000000 1.415829
 19 2.141378 0.000001 -0.000001 0.000000 0.000000 0.000000
 20 1.734175 0.000002 0.000000 -0.000000 0.000000 0.707426
 21 0.000008 -4.440594 0.000001 1.570544 -0.062990 -0.195737
 22 6.000000 -0.000002 0.000000 -2.995113 0.000000 0.000000
 23 0.000002 -4.440600 0.000000 1.569944 -0.062987 0.004053
 24 11.375561 -0.000001 0.000004 -2.391806 0.391168 0.191787
 25 -0.000000 -4.440602 -0.000000 1.570144 -0.062988 0.004040
 26 10.510131 0.000001 -0.000000 0.000000 -0.000000 -2.541553
 27 0.000001 -1.748401 4.999998 0.000000 0.004007 1.602290
 28 5.500000 0.000000 -0.000000 0.226072 0.000000 0.000000
 29 0.000001 -1.940599 5.000001 -0.044472 0.004003 -0.000180
 30 6.551490 -0.000001 0.000002 -0.598355 1.190748 -0.104873
 31 -0.000001 -1.940598 5.000000 -0.027189 -0.053376 0.005295
 32 6.551490 -0.000001 0.000002 -0.177398 0.474789 0.059208
 33 0.000001 -1.940600 4.999997 -0.066572 -0.152786 -0.110311
 34 -0.527645 -0.859259 -1.406944 -0.964549 2.186105 1.406071
 35 6.384775 -0.000001 -0.000000 -0.034145 -0.375472 -1.200549
 36 10.242682 -0.000002 -0.000000 -0.000000 0.000000 -2.192626
 37 11.375561 0.000000 -0.000000 2.806515 0.310740 0.725561
 38 0.728680 0.023431 1.008293 -1.579583 -0.319038 0.212973
 39 2.136497 -0.000001 -0.000000 -0.000000 0.000000 1.282817
 40 2.313140 0.000001 0.000000 0.000000 0.000000 3.141593
 41 3.115506 -0.886041 0.021433 0.420765 0.316066 0.167178
 42 2.011150 -0.000000 0.000000 0.000000 0.000000 2.082010
 43 2.141378 -0.000001 -0.000000 0.000000 0.000000 3.141593
 44 1.734173 -0.000001 -0.000001 0.000000 0.000000 1.041748
 45 0.136316 -3.738191 2.525891 1.493698 2.759406 -1.474501
 46 14.562626 -1.166814 -0.284476 0.258917 0.054664 1.504024
 47 11.389366 -0.000818 0.158782 2.149593 0.271154 0.306053
 48 0.000001 -4.440599 0.000000 1.570144 -3.078602 0.004040
 49 5.999999 -0.000000 -0.000001 2.149593 0.000000 0.000000
 50 0.000003 -4.440602 0.000000 1.569944 -3.078603 0.004053
 51 10.510132 -0.000003 0.000000 0.000000 -0.000000 -2.667109
 52 -0.000000 -1.748401 -5.000002 -3.141593 0.004007 -1.539299
 53 5.499999 -0.000001 -0.000001 0.058278 -0.000000 -0.000000
 54 0.000000 0.000001 -5.000002 -0.044472 3.137589 -0.000177
 55 6.551489 -0.000000 -0.000001 -0.058278 -0.113336 -0.316012
 56 -1.266842 -1.937443 -4.950559 -0.066572 -2.988806 -0.110308
 57 6.551489 -0.000001 -0.000000 -0.058278 -0.113336 -0.316012
 58 0.699369 -1.944209 -5.006844 -0.027189 -3.088217 0.005298
 59 4.226147 -0.003202 -0.000001 0.330382 -0.117735 0.429439
 60 0.000001 5.000001 -0.000000 -0.153564 0.000087 2.718702
 61 -1.239864 -1.627546 3.555555 -0.006791 -2.822250 -0.966398
 62 16.573919 0.000002 0.000000 0.000000 -0.000000 -1.065827
 63 15.128181 0.000000 -0.000000 -0.102296 0.010178 0.114297
 64 5.758665 4.244730 0.000000 0.000000 0.000000 1.667687
 65 3.177725 0.000000 -0.000000 0.000000 0.000000 3.141593
 66 15.708953 0.000001 0.000000 -0.051525 0.003996 0.061523
 67 0.275148 0.189215 -3.445207 3.130898 0.000409 -1.514604
 68 17.210192 0.000001 0.000000 0.000000 -0.000000 -1.893339
 69 0.000001 -0.000000 -5.000000 -0.079430 1.546568 -1.570855
 70 -2.317775 0.124796 -3.384069 0.366967 2.886357 -0.301001
 71 16.573921 -0.000001 -0.000002 -0.000000 -0.000000 -1.163030
 72 15.128181 0.000001 0.000001 0.089479 0.309197 0.659208
 73 5.758666 4.244730 -0.000001 -0.000000 -0.000000 1.815142
 74 4.003934 -0.000000 0.000001 0.000000 0.000000 0.000000
 75 15.708954 0.000001 0.000002 0.042277 0.226871 0.443133
 76 0.273998 0.191089 3.439762 -3.130907 -0.000437 -1.508107
 77 17.210194 -0.000001 -0.000002 0.000000 -0.000000 -1.937080
 78 -0.000000 -0.000001 5.000000 -0.079319 1.595025 -1.570742
 79 0.000004 -0.000004 -3.713580 0.365818 2.880119 -0.191589
 80 0.000002 -0.000000 5.000000 3.053196 1.558589 -0.074928
 81 -0.000007 0.000006 3.713580 -0.001619 -3.122277 -0.475127
 82 0.000002 -0.000001 -5.000000 -0.088726 1.558589 3.066334
 83 7.363602 1.646647 0.495663 3.141593 -1.570796 0.000000
time 18
  0 -0.650000 0.000000 33.899605 -0.025849 0.174554 -1.569172
  1 5.685104 0.833236 -32.227173 -0.174512 -0.026131 1.569196
  2 -2.276935 0.000003 -1.238188 -1.570795 -1.570451 0.000000
  3 1.797032 0.711895 0.000790 -0.246877 -0.148042 0.002648
  4 4.119875 -0.002923 0.000765 -0.236556 0.105749 0.385939
  5 4.118742 -0.003178 0.000805 -0.248548 0.042307 0.032321
  6 4.118620 -0.003168 0.000843 -0.259535 0.013035 0.003117
  7 4.121075 -0.001762 -0.001815 0.574134 -0.334074 0.742978
  8 4.443599 -0.000000 -0.000000 0.165380 -0.029497 -0.219749
  9 9.024061 0.000001 -0.000000 0.000000 0.000000 0.000000
 10 0.568148 0.892563 1.374469 1.486565 -0.919031 0.760736
 11 6.384778 -0.000000 -0.000002 -1.803833 1.387784 -1.400575
 12 10.242682 0.000000 -0.000000 -0.000000 0.000000 -1.926006
 13 11.375562 0.000000 0.000002 2.812208 0.689755 -0.125675
 14 0.728678 0.023426 -1.008294 1.298785 0.536561 0.603895
 15 2.136502 0.000005 -0.000002 0.000000 -0.000000 0.008146
 16 2.313139 0.000001 0.000000 0.000000 0.000000 0.000000
 17 3.115506 -0.886041 -0.021432 -0.282481 0.044062 0.589834
 18 2.011152 0.000000 0.000001 -0.000000 -0.000000 1.409477
 19 2.141378 0.000002 0.000000 0.000000 0.000000 0.000000
 20 1.734173 0.000000 0.000001 -0.000000 -0.000000 0.704233
 21 0.000005 -4.440593 -0.000001 1.570544 -0.062990 -0.195737
 22 6.000000 -0.000002 0.000000 -3.074693 0.000000 -0.000000
 23 0.000002 -4.440601 -0.000001 1.569944 -0.062987 0.004053
 24 11.375562 -0.000000 0.000005 -2.433722 0.374987 0.160534
 25 -0.000001 -4.440603 0.000001 1.570144 -0.062988 0.004040
 26 10.510131 0.000000 -0.000000 0.000000 0.000000 -2.533799
 27 -0.000001 -1.748399 4.999999 0.000000 0.004007 1.602291
 28 5.500000 -0.000000 0.000000 0.227201 -0.000000 -0.000000
 29 0.000000 -1.940598 5.000001 -0.044472 0.004003 -0.000180
 30 6.551492 -0.000000 -0.000002 -0.549149 1.096807 -0.077315
 31 -0.000001 -1.940599 5.000004 -0.027189 -0.053376 0.005295
 32 6.551492 -0.000000 -0.000002 -0.180280 0.454998 0.052217
 33 -0.000000 -1.940598 4.999999 -0.066572 -0.152786 -0.110311
 34 -0.568144 -0.885487 -1.374469 -1.020564 2.238850 1.341312
 35 6.384776 0.000000 -0.000001 -0.033010 -0.371378 -1.241020
 36 10.242681 -0.000002 -0.000002 -0.000000 0.000000 -2.170907
 37 11.375561 0.000001 -0.000001 2.780831 0.346842 0.705650
 38 0.728680 0.023431 1.008290 -1.579583 -0.319038 0.212973
 39 2.136497 -0.000002 -0.000000 -0.000000 -0.000000 1.282817
 40 2.313139 -0.000000 -0.000000 0.000000 0.000000 3.141593
 41 3.115506 -0.886041 0.021431 0.420766 0.316066 0.167178
 42 2.011151 -0.000000 -0.000001 -0.000000 0.000000 2.082010
 43 2.141379 -0.000000 -0.000001 0.000000 0.000000 3.141593
 44 1.734173 -0.000001 -0.000001 0.000000 0.000000 1.041748
 45 0.136316 -3.738191 2.525890 1.493698 2.759406 -1.474501
 46 14.562627 -1.166813 -0.284476 0.258917 0.054664 1.504024
 47 11.389366 -0.000818 0.158779 2.132655 0.283087 0.290404
 48 0.000001 -4.440599 0.000001 1.570144 -3.078602 0.004040
 49 5.999999 0.000000 -0.000002 2.132655 -0.000000 -0.000000
 50 0.000002 -4.440601 -0.000002 1.569944 -3.078603 0.004053
 51 10.510132 -0.000003 0.000001 0.000000 -0.000000 -2.656250
 52 -0.000000 -1.748402 -5.000001 -3.141593 0.004007 -1.539299
 53 5.500000 -0.000002 -0.000001 0.059800 -0.000000 0.000000
 54 0.000000 0.000000 -5.000000 -0.044472 3.137590 -0.000177
 55 6.551491 0.000000 -0.000001 -0.059800 -0.111645 -0.324938
 56 -1.266842 -1.937443 -4.950561 -0.066572 -2.988806 -0.110308
 57 6.551491 0.000000 -0.000001 -0.059800 -0.111645 -0.324938
 58 0.699370 -1.944209 -5.006848 -0.027189 -3.088217 0.005298
 59 4.226144 -0.003201 0.000000 0.345615 -0.128845 0.431944
 60 0.000001 5.000000 0.000000 -0.153564 0.000087 2.718702
 61 -1.245534 -1.625085 3.554700 -0.007655 -2.823421 -0.966682
 62 16.573919 0.000002 0.000000 0.000000 -0.000000 -1.065827
 63 15.128181 0.000000 -0.000000 -0.102296 0.010178 0.114297
 64 5.758665 4.244730 0.000000 0.000000 0.000000 1.667687
 65 3.177725 0.000000 -0.000000 0.000000 0.000000 3.141593
 66 15.708953 0.000001 0.000000 -0.051525 0.003996 0.061523
 67 0.275148 0.189215 -3.445207 3.130898 0.000409 -1.514604
 68 17.210192 0.000001 0.000000 0.000000 -0.000000 -1.893339
 69 0.000001 -0.000000 -5.000000 -0.079430 1.546568 -1.570855
 70 -2.313170 0.124394 -3.387234 0.367048 2.884929 -0.301536
 71 16.573921 -0.000001 -0.000002 -0.000000 -0.000000 -1.163030
 72 15.128181 0.000001 0.000001 0.089479 0.309197 0.659208
 73 5.758666 4.244730 -0.000001 -0.000000 -0.000000 1.815142
 74 4.003934 -0.000000 0.000001 0.000000 0.000000 0.000000
 75 15.708954 0.000001 0.000002 0.042277 0.226871 0.443133
 76 0.273998 0.191089 3.439762 -3.130907 -0.000437 -1.508107
 77 17.210194 -0.000001 -0.000002 0.000000 -0.000000 -1.937080
 78 -0.000000 -0.000001 5.000000 -0.079319 1.595025 -1.570742
 79 0.000004 -0.000004 -3.713580 0.365818 2.880119 -0.191589
 80 0.000002 -0.000000 5.000000 3.053196 1.558589 -0.074928
 81 -0.000007 0.000006 3.713580 -0.001619 -3.122277 -0.475127
 82 0.000002 -0.000001 -5.000000 -0.088726 1.558589 3.066334
 83 7.363602 1.646647 0.495663 3.141593 -1.570796 0.000000
time 19
  0 -0.650000 0.000000 33.899605 -0.025849 0.174554 -1.569172
  1 5.685104 0.833236 -32.227173 -0.174512 -0.026131 1.569196
  2 -2.276935 0.000003 -1.238188 -1.570795 -1.570451 0.000000
  3 1.797036 0.711895 0.000787 -0.245550 -0.143966 0.003255
  4 4.119884 -0.002925 0.000760 -0.235305 0.104249 0.386727
  5 4.118738 -0.003178 0.000802 -0.247247 0.040511 0.033219
  6 4.118620 -0.003170 0.000838 -0.258256 0.012023 0.003815
  7 4.121078 -0.001708 -0.001870 0.597404 -0.350633 0.737026
  8 4.443599 -0.000002 -0.000000 0.140580 -0.015754 -0.221668
  9 9.024061 -0.000000 0.000001 0.000000 0.000000 0.000000
 10 0.595175 0.918882 1.345447 1.481413 -0.906258 0.762491
 11 6.384776 -0.000001 -0.000002 -1.276744 1.314698 -0.916099
 12 10.242684 -0.000001 0.000000 -0.000000 -0.000000 -1.876145
 13 11.375561 0.000002 0.000001 2.714303 0.581867 -0.212659
 14 0.728680 0.023431 -1.008291 1.283661 0.542744 0.600515
 15 2.136494 0.000000 0.000001 -0.000000 0.000000 0.001328
 16 2.313138 -0.000001 -0.000000 0.000000 0.000000 0.000000
 17 3.115506 -0.886043 -0.021432 -0.296131 0.041103 0.583674
 18 2.011154 0.000002 0.000000 0.000000 0.000000 1.402660
 19 2.141379 0.000001 0.000000 0.000000 0.000000 0.000000
 20 1.734174 0.000002 0.000000 -0.000000 -0.000000 0.700806
 21 0.000009 -4.440594 0.000001 1.570544 -0.062990 -0.195737
 22 6.000000 -0.000001 0.000001 3.097862 -0.000000 -0.000000
 23 0.000002 -4.440599 0.000000 1.569944 -0.062987 0.004053
 24 11.375562 0.000002 0.000005 -2.491519 0.357549 0.095078
 25 0.000000 -4.440606 -0.000000 1.570144 -0.062988 0.004040
 26 10.510133 0.000000 -0.000001 0.000000 0.000000 -2.508869
 27 -0.000000 -1.748399 4.999999 -0.000000 0.004007 1.602290
 28 5.500004 -0.000000 -0.000000 0.235072 0.000000 0.000000
 29 -0.000003 -1.940599 5.000000 -0.044472 0.004003 -0.000180
 30 6.551490 0.000000 0.000002 -0.526487 0.969052 -0.084876
 31 0.000000 -1.940598 4.999999 -0.027189 -0.053376 0.005295
 32 6.551490 0.000000 0.000002 -0.188516 0.421690 0.035239
 33 -0.000002 -1.940599 4.999995 -0.066572 -0.152786 -0.110311
 34 -0.595172 -0.911810 -1.345447 -1.037357 2.266989 1.325045
 35 6.384776 0.000001 -0.000000 -0.021998 -0.374949 -1.269069
 36 10.242682 -0.000003 -0.000000 0.000000 -0.000000 -2.127872
 37 11.375559 -0.000002 -0.000002 2.716510 0.388700 0.666856
 38 0.728681 0.023431 1.008293 -1.579583 -0.319038 0.212973
 39 2.136497 0.000001 -0.000001 0.000000 -0.000000 1.282817
 40 2.313137 0.000001 0.000000 0.000000 0.000000 3.141593
 41 3.115507 -0.886041 0.021433 0.420766 0.316066 0.167178
 42 2.011153 -0.000001 -0.000001 -0.000000 0.000000 2.082010
 43 2.141380 0.000000 -0.000001 0.000000 0.000000 3.141593
 44 1.734173 -0.000001 0.000001 -0.000000 0.000000 1.041748
 45 0.136315 -3.738191 2.525892 1.493698 2.759406 -1.474501
 46 14.562629 -1.166815 -0.284473 0.258917 0.054664 1.504024
 47 11.389366 -0.000820 0.158781 2.097283 0.291839 0.267648
 48 0.000001 -4.440599 -0.000001 1.570144 -3.078602 0.004040
 49 6.000000 0.000002 0.000001 2.097283 0.000000 0.000000
 50 0.000001 -4.440601 -0.000001 1.569944 -3.078603 0.004053
 51 10.510131 -0.000001 -0.000001 -0.000000 -0.000000 -2.634732
 52 -0.000001 -1.748398 -5.000002 -3.141593 0.004007 -1.539299
 53 5.500000 -0.000001 -0.000002 0.057829 0.000000 -0.000000
 54 -0.000001 -0.000000 -5.000002 -0.044472 3.137590 -0.000177
 55 6.551490 0.000001 -0.000000 -0.057829 -0.114933 -0.331186
 56 -1.266844 -1.937443 -4.950562 -0.066572 -2.988806 -0.110308
 57 6.551490 0.000000 0.000000 -0.057829 -0.114933 -0.331186
 58 0.699371 -1.944208 -5.006849 -0.027189 -3.088217 0.005298
 59 4.226149 -0.003202 -0.000001 0.359343 -0.136155 0.430874
 60 0.000001 5.000000 -0.000001 -0.153564 0.000087 2.718702
 61 -1.261620 -1.618083 3.552226 -0.010107 -2.826747 -0.967495
 62 16.573919 0.000002 0.000000 0.000000 -0.000000 -1.065827
 63 15.128181 0.000000 -0.000000 -0.102296 0.010178 0.114297
 64 5.758665 4.244730 0.000000 0.000000 0.000000 1.667687
 65 3.177725 0.000000 -0.000000 0.000000 0.000000 3.141593
 66 15.708953 0.000001 0.000000 -0.051525 0.003996 0.061523
 67 0.275148 0.189215 -3.445207 3.130898 0.000409 -1.514604
 68 17.210192 0.000001 0.000000 0.000000 -0.000000 -1.893339
 69 0.000001 -0.000000 -5.000000 -0.079430 1.546568 -1.570855
 70 -2.300064 0.123232 -3.396186 0.367272 2.880873 -0.303055
 71 16.573921 -0.000001 -0.000002 -0.000000 -0.000000 -1.163030
 72 15.128181 0.000001 0.000001 0.089479 0.309197 0.659208
 73 5.758666 4.244730 -0.000001 -0.000000 -0.000000 1.815142
 74 4.003934 -0.000000 0.000001 0.000000 0.000000 0.000000
 75 15.708954 0.000001 0.000002 0.042277 0.226871 0.443133
 76 0.273998 0.191089 3.439762 -3.130907 -0.000437 -1.508107
 77 17.210194 -0.000001 -0.000002 0.000000 -0.000000 -1.937080
 78 -0.000000 -0.000001 5.000000 -0.079319 1.595025 -1.570742
 79 0.000004 -0.000004 -3.713580 0.365818 2.880119 -0.191589
 80 0.000002 -0.000000 5.000000 3.053196 1.558589 -0.074928
 81 -0.000007 0.000006 3.713580 -0.001619 -3.122277 -0.475127
 82 0.000002 -0.000001 -5.000000 -0.088726 1.558589 3.066334
 83 7.363602 1.646647 0.495663 3.141593 -1.570796 0.000000
time 20
  0 -0.650000 0.000000 33.899605 -0.025849 0.174554 -1.569172
  1 5.685104 0.833236 -32.227173 -0.174512 -0.026131 1.569196
  2 -2.276935 0.000003 -1.238188 -1.570795 -1.570451 0.000000
  3 1.797047 0.711892 0.000781 -0.243474 -0.137594 0.004214
  4 4.119879 -0.002925 0.000755 -0.233351 0.101903 0.387955
  5 4.118742 -0.003178 0.000795 -0.245216 0.037700 0.034616
  6 4.118627 -0.003173 0.000831 -0.256258 0.010440 0.004903
  7 4.121060 -0.001679 -0.001916 0.616627 -0.358563 0.727685
  8 4.443597 0.000001 -0.000000 0.119506 -0.004347 -0.217385
  9 9.024059 0.000001 -0.000000 0.000000 0.000000 0.000000
 10 0.608060 0.941818 1.323713 1.476610 -0.901014 0.771139
 11 6.384778 -0.000001 -0.000003 -1.007189 1.196679 -0.692885
 12 10.242684 -0.000001 -0.000000 -0.000000 -0.000000 -1.806960
 13 11.375561 -0.000002 0.000002 2.623751 0.450932 -0.303593
 14 0.728681 0.023433 -1.008292 1.267750 0.549166 0.596849
 15 2.136496 -0.000003 0.000000 0.000000 0.000000 -0.005804
 16 2.313138 0.000001 -0.000001 0.000000 0.000000 0.000000
 17 3.115506 -0.886039 -0.021431 -0.310391 0.037917 0.577273
 18 2.011149 0.000001 -0.000000 -0.000000 -0.000000 1.395527
 19 2.141378 -0.000001 0.000000 0.000000 0.000000 0.000000
 20 1.734171 0.000002 0.000001 -0.000000 0.000000 0.697221
 21 0.000006 -4.440593 0.000001 1.570544 -0.062990 -0.195737
 22 6.000000 -0.000001 0.000001 2.985799 0.000000 -0.000000
 23 0.000002 -4.440602 -0.000001 1.569944 -0.062987 0.004053
 24 11.375561 0.000002 0.000004 -2.553156 0.335555 0.010330
 25 -0.000001 -4.440604 0.000002 1.570144 -0.062988 0.004040
 26 10.510133 -0.000001 -0.000001 -0.000000 0.000000 -2.474276
 27 0.000000 -1.748399 4.999998 -0.000000 0.004007 1.602290
 28 5.500000 -0.000000 -0.000000 0.240292 0.000000 0.000000
 29 -0.000001 -1.940598 5.000000 -0.044472 0.004003 -0.000180
 30 6.551491 0.000000 -0.000002 -0.509812 0.843641 -0.112606
 31 0.000002 -1.940598 4.999999 -0.027189 -0.053376 0.005295
 32 6.551491 0.000000 -0.000002 -0.194312 0.383235 0.011030
 33 0.000001 -1.940599 4.999996 -0.066572 -0.152786 -0.110311
 34 -0.608058 -0.934740 -1.323713 -1.029596 2.274494 1.339800
 35 6.384779 0.000001 -0.000002 -0.004282 -0.382114 -1.283881
 36 10.242683 -0.000003 -0.000001 -0.000000 -0.000000 -2.078459
 37 11.375562 -0.000001 -0.000002 2.634444 0.424832 0.619872
 38 0.728682 0.023430 1.008293 -1.579583 -0.319038 0.212973
 39 2.136496 0.000001 0.000000 0.000000 0.000000 1.282817
 40 2.313140 -0.000000 0.000000 0.000000 0.000000 3.141593
 41 3.115508 -0.886041 0.021430 0.420766 0.316066 0.167178
 42 2.011151 0.000000 0.000001 -0.000000 0.000000 2.082010
 43 2.141379 -0.000000 0.000000 0.000000 0.000000 3.141593
 44 1.734172 -0.000001 -0.000000 -0.000000 0.000000 1.041748
 45 0.136315 -3.738193 2.525887 1.493698 2.759406 -1.474501
 46 14.562628 -1.166814 -0.284476 0.258917 0.054664 1.504024
 47 11.389368 -0.000818 0.158781 2.055145 0.296393 0.244097
 48 0.000000 -4.440600 0.000000 1.570144 -3.078602 0.004040
 49 6.000001 0.000001 -0.000000 2.055145 0.000000 0.000000
 50 0.000001 -4.440601 0.000002 1.569944 -3.078603 0.004053
 51 10.510130 -0.000002 -0.000001 -0.000000 -0.000000 -2.610026
 52 -0.000000 -1.748397 -5.000001 -3.141593 0.004007 -1.539299
 53 5.500000 -0.000002 -0.000001 0.052938 -0.000000 -0.000000
 54 0.000001 0.000001 -5.000000 -0.044472 3.137589 -0.000177
 55 6.551492 0.000000 -0.000001 -0.052938 -0.121173 -0.334094
 56 -1.266843 -1.937443 -4.950560 -0.066572 -2.988806 -0.110308
 57 6.551493 -0.000000 -0.000001 -0.052938 -0.121173 -0.334094
 58 0.699372 -1.944207 -5.006847 -0.027189 -3.088217 0.005298
 59 4.226147 -0.003201 0.000000 0.369931 -0.139429 0.427663
 60 0.000001 5.000002 0.000000 -0.153564 0.000087 2.718702
 61 -1.286736 -1.607091 3.548217 -0.013943 -2.831943 -0.968781
 62 16.573919 0.000002 0.000000 0.000000 -0.000000 -1.065827
 63 15.128181 0.000000 -0.000000 -0.102296 0.010178 0.114297
 64 5.758665 4.244730 0.000000 0.000000 0.000000 1.667687
 65 3.177725 0.000000 -0.000000 0.000000 0.000000 3.141593
 66 15.708953 0.000001 0.000000 -0.051525 0.003996 0.061523
 67 0.275148 0.189215 -3.445207 3.130898 0.000409 -1.514604
 68 17.210192 0.000001 0.000000 0.000000 -0.000000 -1.893339
 69 0.000001 -0.000000 -5.000000 -0.079430 1.546568 -1.570855
 70 -2.279520 0.121348 -3.410077 0.367611 2.874532 -0.305431
 71 16.573921 -0.000001 -0.000002 -0.000000 -0.000000 -1.163030
 72 15.128181 0.000001 0.000001 0.089479 0.309197 0.659208
 73 5.758666 4.244730 -0.000001 -0.000000 -0.000000 1.815142
 74 4.003934 -0.000000 0.000001 0.000000 0.000000 0.000000
 75 15.708954 0.000001 0.000002 0.042277 0.226871 0.443133
 76 0.273998 0.191089 3.439762 -3.130907 -0.000437 -1.508107
 77 17.210194 -0.000001 -0.000002 0.000000 -0.000000 -1.937080
 78 -0.000000 -0.000001 5.000000 -0.079319 1.595025 -1.570742
 79 0.000004 -0.000004 -3.713580 0.365818 2.880119 -0.191589
 80 0.000002 -0.000000 5.000000 3.053196 1.558589 -0.074928
 81 -0.000007 0.000006 3.713580 -0.001619 -3.122277 -0.475127
 82 0.000002 -0.000001 -5.000000 -0.088726 1.558589 3.066334
 83 7.363602 1.646647 0.495663 3.141593 -1.570796 0.000000
time 21
  0 -0.650000 0.000000 33.899605 -0.025849 0.174554 -1.569172
  1 5.685104 0.833236 -32.227173 -0.174512 -0.026131 1.569196
  2 -2.276935 0.000003 -1.238188 -1.570795 -1.570451 0.000000
  3 1.797058 0.711890 0.000773 -0.240754 -0.129274 0.005487
  4 4.119887 -0.002926 0.000746 -0.230805 0.098834 0.389551
  5 4.118744 -0.003180 0.000788 -0.242569 0.034025 0.036433
  6 4.118628 -0.003173 0.000823 -0.253651 0.008369 0.006321
  7 4.121034 -0.001677 -0.001948 0.628336 -0.357528 0.718497
  8 4.443597 -0.000002 0.000000 0.105271 0.003225 -0.209817
  9 9.024061 -0.000002 -0.000000 0.000000 0.000000 0.000000
 10 0.606379 0.957621 1.313144 1.472382 -0.906207 0.784302
 11 6.384777 -0.000001 0.000001 -0.874952 1.077153 -0.611983
 12 10.242681 -0.000001 0.000001 -0.000000 -0.000000 -1.731168
 13 11.375561 0.000000 0.000001 2.552508 0.321725 -0.374535
 14 0.728680 0.023429 -1.008292 1.251379 0.555683 0.592959
 15 2.136497 -0.000001 0.000000 -0.000000 0.000000 -0.013102
 16 2.313140 0.000001 -0.000000 0.000000 0.000000 0.000000
 17 3.115506 -0.886041 -0.021432 -0.324956 0.034563 0.570773
 18 2.011152 0.000000 -0.000000 0.000000 -0.000000 1.388230
 19 2.141381 -0.000001 0.000001 0.000000 0.000000 0.000000
 20 1.734174 0.000001 0.000000 0.000000 -0.000000 0.693554
 21 0.000006 -4.440594 0.000001 1.570544 -0.062990 -0.195737
 22 6.000000 -0.000001 0.000001 2.892253 0.000000 -0.000000
 23 0.000002 -4.440599 -0.000000 1.569944 -0.062987 0.004053
 24 11.375561 -0.000003 0.000004 -2.607857 0.309372 -0.072304
 25 -0.000001 -4.440603 0.000000 1.570144 -0.062988 0.004040
 26 10.510130 -0.000000 0.000001 0.000000 -0.000000 -2.436380
 27 0.000000 -1.748402 4.999998 -0.000000 0.004007 1.602290
 28 5.499999 -0.000000 0.000001 0.240161 -0.000000 0.000000
 29 -0.000004 -1.940598 5.000000 -0.044472 0.004003 -0.000180
 30 6.551490 0.000000 0.000002 -0.494101 0.739031 -0.158020
 31 0.000004 -1.940599 5.000000 -0.027189 -0.053376 0.005295
 32 6.551490 0.000000 0.000002 -0.195132 0.347858 -0.019444
 33 -0.000001 -1.940598 4.999996 -0.066572 -0.152786 -0.110311
 34 -0.606378 -0.950549 -1.313144 -1.005379 2.266932 1.374265
 35 6.384778 0.000001 -0.000002 0.016362 -0.389461 -1.284344
 36 10.242681 -0.000001 -0.000001 -0.000000 -0.000000 -2.037609
 37 11.375560 0.000002 0.000001 2.558762 0.446863 0.579497
 38 0.728680 0.023431 1.008292 -1.579583 -0.319038 0.212973
 39 2.136497 0.000003 -0.000001 -0.000000 0.000000 1.282817
 40 2.313139 -0.000001 0.000000 0.000000 0.000000 3.141593
 41 3.115507 -0.886040 0.021428 0.420766 0.316066 0.167178
 42 2.011153 -0.000001 0.000000 -0.000000 -0.000000 2.082010
 43 2.141380 0.000001 0.000002 0.000000 0.000000 3.141593
 44 1.734173 -0.000002 0.000002 0.000000 0.000000 1.041748
 45 0.136315 -3.738192 2.525892 1.493698 2.759406 -1.474501
 46 14.562629 -1.166814 -0.284480 0.258917 0.054664 1.504024
 47 11.389367 -0.000817 0.158781 2.018117 0.296664 0.226484
 48 0.000000 -4.440598 -0.000002 1.570144 -3.078602 0.004040
 49 6.000000 0.000002 -0.000000 2.018117 -0.000000 -0.000000
 50 0.000002 -4.440600 -0.000001 1.569944 -3.078603 0.004053
 51 10.510131 -0.000002 0.000000 -0.000000 -0.000000 -2.589601
 52 0.000000 -1.748398 -5.000001 -3.141593 0.004007 -1.539299
 53 5.499999 -0.000003 0.000000 0.046321 0.000000 -0.000000
 54 0.000000 0.000000 -5.000000 -0.044472 3.137589 -0.000177
 55 6.551491 -0.000000 0.000000 -0.046321 -0.128135 -0.333263
 56 -1.266843 -1.937444 -4.950559 -0.066572 -2.988806 -0.110308
 57 6.551491 -0.000000 0.000001 -0.046321 -0.128135 -0.333263
 58 0.699369 -1.944208 -5.006846 -0.027189 -3.088217 0.005298
 59 4.226144 -0.003201 0.000001 0.375726 -0.138508 0.423768
 60 -0.000000 4.999999 -0.000000 -0.153565 0.000087 2.718702
 61 -1.319460 -1.592654 3.542716 -0.018953 -2.838723 -0.970489
 62 16.573919 0.000002 0.000000 0.000000 -0.000000 -1.065827
 63 15.128181 0.000000 -0.000000 -0.102296 0.010178 0.114297
 64 5.758665 4.244730 0.000000 0.000000 0.000000 1.667687
 65 3.177725 0.000000 -0.000000 0.000000 0.000000 3.141593
 66 15.708953 0.000001 0.000000 -0.051525 0.003996 0.061523
 67 0.275148 0.189215 -3.445207 3.130898 0.000409 -1.514604
 68 17.210192 0.000001 0.000000 0.000000 -0.000000 -1.893339
 69 0.000001 -0.000000 -5.000000 -0.079430 1.546568 -1.570855
 70 -2.252558 0.118765 -3.428033 0.368031 2.866248 -0.308537
 71 16.573921 -0.000001 -0.000002 -0.000000 -0.000000 -1.163030
 72 15.128181 0.000001 0.000001 0.089479 0.309197 0.659208
 73 5.758666 4.244730 -0.000001 -0.000000 -0.000000 1.815142
 74 4.003934 -0.000000 0.000001 0.000000 0.000000 0.000000
 75 15.708954 0.000001 0.000002 0.042277 0.226871 0.443133
 76 0.273998 0.191089 3.439762 -3.130907 -0.000437 -1.508107
 77 17.210194 -0.000001 -0.000002 0.000000 -0.000000 -1.937080
 78 -0.000000 -0.000001 5.000000 -0.079319 1.595025 -1.570742
 79 0.000004 -0.000004 -3.713580 0.365818 2.880119 -0.191589
 80 0.000002 -0.000000 5.000000 3.053196 1.558589 -0.074928
 81 -0.000007 0.000006 3.713580 -0.001619 -3.122277 -0.475127
 82 0.000002 -0.000001 -5.000000 -0.088726 1.558589 3.066334
 83 7.363602 1.646647 0.495663 3.141593 -1.570796 0.000000
time 22
  0 -0.650000 0.000000 33.899605 -0.025849 0.174554 -1.569172
  1 5.685104 0.833236 -32.227173 -0.174512 -0.026131 1.569196
  2 -2.276935 0.000003 -1.238188 -1.570795 -1.570451 0.000000
  3 1.797072 0.711888 0.000764 -0.237499 -0.119353 0.007033
  4 4.119883 -0.002926 0.000738 -0.227774 0.095168 0.391445
  5 4.118750 -0.003185 0.000776 -0.239420 0.029634 0.038588
  6 4.118631 -0.003177 0.000814 -0.250544 0.005892 0.008005
  7 4.121013 -0.001702 -0.001959 0.629103 -0.347339 0.712842
  8 4.443597 0.000002 0.000000 0.100874 0.005252 -0.201841
  9 9.024060 -0.000003 -0.000000 0.000000 0.000000 0.000000
 10 0.589810 0.962220 1.317338 1.468478 -0.924766 0.799974
 11 6.384776 0.000001 0.000005 -0.814066 0.980148 -0.606692
 12 10.242683 -0.000000 -0.000002 0.000000 -0.000000 -1.660597
 13 11.375562 -0.000004 0.000001 2.500006 0.225508 -0.409263
 14 0.728681 0.023429 -1.008293 1.234881 0.562157 0.588919
 15 2.136497 -0.000001 -0.000000 -0.000000 -0.000000 -0.020413
 16 2.313140 -0.000002 0.000001 0.000000 0.000000 0.000000
 17 3.115507 -0.886040 -0.021430 -0.339524 0.031109 0.564311
 18 2.011151 -0.000000 -0.000001 0.000000 0.000000 1.380919
 19 2.141380 0.000000 -0.000000 0.000000 0.000000 0.000000
 20 1.734172 0.000000 -0.000002 0.000000 -0.000000 0.689880
 21 0.000007 -4.440594 -0.000001 1.570544 -0.062990 -0.195737
 22 6.000000 -0.000001 0.000001 2.823437 -0.000000 0.000000
 23 0.000001 -4.440600 -0.000000 1.569944 -0.062987 0.004053
 24 11.375561 0.000000 0.000003 -2.648573 0.285021 -0.127249
 25 -0.000000 -4.440604 -0.000001 1.570144 -0.062988 0.004040
 26 10.510129 0.000000 -0.000002 -0.000000 -0.000000 -2.401095
 27 0.000001 -1.748401 4.999998 -0.000000 0.004007 1.602291
 28 5.500001 0.000000 -0.000002 0.236288 -0.000000 -0.000000
 29 -0.000000 -1.940598 5.000000 -0.044472 0.004003 -0.000180
 30 6.551491 0.000000 0.000003 -0.480262 0.658621 -0.218771
 31 0.000002 -1.940598 4.999999 -0.027189 -0.053376 0.005295
 32 6.551491 0.000000 0.000003 -0.192227 0.319304 -0.055011
 33 0.000001 -1.940599 4.999995 -0.066572 -0.152786 -0.110311
 34 -0.589808 -0.955140 -1.317339 -0.970804 2.250213 1.419019
 35 6.384775 -0.000001 0.000001 0.035725 -0.394348 -1.269030
 36 10.242682 -0.000003 0.000001 -0.000000 0.000000 -2.020260
 37 11.375560 -0.000001 -0.000001 2.515904 0.450139 0.563371
 38 0.728680 0.023431 1.008290 -1.579583 -0.319038 0.212973
 39 2.136496 -0.000000 -0.000000 0.000000 0.000000 1.282817
 40 2.313138 -0.000001 -0.000000 0.000000 0.000000 3.141593
 41 3.115506 -0.886041 0.021430 0.420766 0.316066 0.167178
 42 2.011153 -0.000000 -0.000001 -0.000000 -0.000000 2.082010
 43 2.141381 0.000001 0.000001 0.000000 0.000000 3.141593
 44 1.734173 -0.000001 0.000001 0.000000 0.000000 1.041748
 45 0.136315 -3.738192 2.525891 1.493698 2.759406 -1.474501
 46 14.562629 -1.166815 -0.284481 0.258917 0.054664 1.504024
 47 11.389365 -0.000818 0.158783 1.998023 0.293376 0.221656
 48 0.000001 -4.440599 -0.000000 1.570144 -3.078602 0.004040
 49 5.999999 0.000000 0.000001 1.998023 0.000000 -0.000000
 50 0.000001 -4.440601 0.000001 1.569944 -3.078603 0.004053
 51 10.510132 -0.000003 0.000002 -0.000000 -0.000000 -2.580926
 52 -0.000001 -1.748399 -5.000002 -3.141593 0.004007 -1.539299
 53 5.500000 -0.000000 -0.000001 0.039474 0.000000 -0.000000
 54 -0.000000 0.000001 -4.999997 -0.044472 3.137589 -0.000177
 55 6.551490 0.000000 -0.000001 -0.039474 -0.133698 -0.328726
 56 -1.266843 -1.937443 -4.950559 -0.066572 -2.988806 -0.110308
 57 6.551491 0.000000 -0.000001 -0.039474 -0.133698 -0.328726
 58 0.699369 -1.944207 -5.006846 -0.027189 -3.088217 0.005298
 59 4.226147 -0.003202 -0.000000 0.375093 -0.133287 0.420618
 60 -0.000000 5.000002 0.000000 -0.153564 0.000087 2.718702
 61 -1.358389 -1.575312 3.535767 -0.024934 -2.846801 -0.972569
 62 16.573919 0.000002 0.000000 0.000000 -0.000000 -1.065827
 63 15.128181 0.000000 -0.000000 -0.102296 0.010178 0.114297
 64 5.758665 4.244730 0.000000 0.000000 0.000000 1.667687
 65 3.177725 0.000000 -0.000000 0.000000 0.000000 3.141593
 66 15.708953 0.000001 0.000000 -0.051525 0.003996 0.061523
 67 0.275148 0.189215 -3.445207 3.130898 0.000409 -1.514604
 68 17.210192 0.000001 0.000000 0.000000 -0.000000 -1.893339
 69 0.000001 -0.000000 -5.000000 -0.079430 1.546568 -1.570855
 70 -2.220226 0.115502 -3.449171 0.368498 2.856362 -0.312249
 71 16.573921 -0.000001 -0.000002 -0.000000 -0.000000 -1.163030
 72 15.128181 0.000001 0.000001 0.089479 0.309197 0.659208
 73 5.758666 4.244730 -0.000001 -0.000000 -0.000000 1.815142
 74 4.003934 -0.000000 0.000001 0.000000 0.000000 0.000000
 75 15.708954 0.000001 0.000002 0.042277 0.226871 0.443133
 76 0.273998 0.191089 3.439762 -3.130907 -0.000437 -1.508107
 77 17.210194 -0.000001 -0.000002 0.000000 -0.000000 -1.937080
 78 -0.000000 -0.000001 5.000000 -0.079319 1.595025 -1.570742
 79 0.000004 -0.000004 -3.713580 0.365818 2.880119 -0.191589
 80 0.000002 -0.000000 5.000000 3.053196 1.558589 -0.074928
 81 -0.000007 0.000006 3.713580 -0.001619 -3.122277 -0.475127
 82 0.000002 -0.000001 -5.000000 -0.088726 1.558589 3.066334
 83 7.363602 1.646647 0.495663 3.141593 -1.570796 0.000000
time 23
  0 -0.650000 0.000000 33.899605 -0.025849 0.174554 -1.569172
  1 5.685104 0.833236 -32.227173 -0.174512 -0.026131 1.569196
  2 -2.276935 0.000003 -1.238188 -1.570795 -1.570451 0.000000
  3 1.797087 0.711885 0.000753 -0.233815 -0.108175 0.008813
  4 4.119893 -0.002929 0.000726 -0.224367 0.091028 0.393565
  5 4.118749 -0.003183 0.000767 -0.235883 0.024677 0.041000
  6 4.118638 -0.003180 0.000802 -0.247047 0.003095 0.009894
  7 4.120993 -0.001754 -0.001935 0.615758 -0.327782 0.713700
  8 4.443599 -0.000002 -0.000000 0.109313 -0.000013 -0.196426
  9 9.024061 -0.000003 -0.000001 0.000000 0.000000 0.000000
 10 0.557836 0.951034 1.339176 1.464259 -0.959627 0.816471
 11 6.384777 0.000000 -0.000001 -0.813081 0.913530 -0.655937
 12 10.242684 -0.000000 0.000000 0.000000 -0.000000 -1.595156
 13 11.375561 0.000002 -0.000001 2.463658 0.180351 -0.415570
 14 0.728680 0.023429 -1.008292 1.218596 0.568453 0.584817
 15 2.136495 0.000000 -0.000000 -0.000000 0.000000 -0.027587
 16 2.313140 0.000001 -0.000001 0.000000 0.000000 0.000000
 17 3.115505 -0.886042 -0.021432 -0.353797 0.027629 0.558021
 18 2.011149 0.000000 -0.000000 -0.000000 -0.000000 1.373745
 19 2.141380 0.000001 0.000001 0.000000 0.000000 0.000000
 20 1.734170 0.000000 -0.000000 0.000000 0.000000 0.686276
 21 0.000004 -4.440593 0.000001 1.570544 -0.062990 -0.195737
 22 6.000000 0.000003 0.000000 2.778176 -0.000000 0.000000
 23 0.000001 -4.440601 -0.000001 1.569944 -0.062987 0.004053
 24 11.375561 0.000003 0.000004 -2.673226 0.272232 -0.147780
 25 -0.000000 -4.440604 -0.000001 1.570144 -0.062988 0.004040
 26 10.510132 -0.000000 0.000000 0.000000 0.000000 -2.368374
 27 0.000000 -1.748402 4.999999 -0.000000 0.004007 1.602290
 28 5.500000 -0.000000 0.000001 0.234955 -0.000000 -0.000000
 29 -0.000003 -1.940598 4.999999 -0.044472 0.004003 -0.000180
 30 6.551492 -0.000000 -0.000001 -0.477741 0.603405 -0.286751
 31 0.000002 -1.940598 5.000001 -0.027189 -0.053376 0.005295
 32 6.551492 -0.000000 -0.000001 -0.190855 0.299510 -0.090887
 33 -0.000001 -1.940598 5.000000 -0.066572 -0.152786 -0.110311
 34 -0.557834 -0.943958 -1.339177 -0.921263 2.223245 1.475639
 35 6.384777 -0.000002 0.000002 0.053192 -0.397612 -1.239829
 36 10.242680 0.000000 -0.000002 0.000000 0.000000 -2.024601
 37 11.375562 -0.000000 -0.000001 2.504735 0.438500 0.571073
 38 0.728681 0.023431 1.008293 -1.579583 -0.319038 0.212973
 39 2.136497 -0.000001 -0.000000 -0.000000 0.000000 1.282817
 40 2.313138 -0.000001 -0.000000 0.000000 0.000000 3.141593
 41 3.115506 -0.886041 0.021433 0.420766 0.316066 0.167178
 42 2.011152 -0.000000 0.000000 -0.000000 -0.000000 2.082010
 43 2.141379 0.000000 0.000001 0.000000 0.000000 3.141593
 44 1.734174 -0.000001 0.000001 0.000000 -0.000000 1.041748
 45 0.136315 -3.738192 2.525891 1.493698 2.759406 -1.474501
 46 14.562628 -1.166814 -0.284477 0.258917 0.054664 1.504024
 47 11.389366 -0.000820 0.158779 1.993586 0.287443 0.228556
 48 -0.000000 -4.440599 -0.000000 1.570144 -3.078602 0.004040
 49 6.000000 -0.000002 -0.000003 1.993586 -0.000000 -0.000000
 50 0.000002 -4.440601 -0.000001 1.569944 -3.078603 0.004053
 51 10.510132 -0.000001 0.000000 0.000000 0.000000 -2.583097
 52 0.000000 -1.748400 -5.000001 -3.141593 0.004007 -1.539299
 53 5.499999 -0.000000 -0.000001 0.032996 -0.000000 -0.000000
 54 0.000000 0.000000 -4.999997 -0.044472 3.137589 -0.000177
 55 6.551492 -0.000001 -0.000001 -0.032996 -0.137806 -0.321515
 56 -1.266845 -1.937443 -4.950561 -0.066572 -2.988806 -0.110308
 57 6.551493 -0.000001 -0.000000 -0.032996 -0.137806 -0.321515
 58 0.699370 -1.944207 -5.006848 -0.027189 -3.088217 0.005298
 59 4.226147 -0.003202 0.000000 0.366449 -0.123674 0.419544
 60 -0.000001 5.000003 0.000000 -0.153564 0.000087 2.718702
 61 -1.402106 -1.555616 3.527430 -0.031679 -2.855892 -0.974968
 62 16.573919 0.000002 0.000000 0.000000 -0.000000 -1.065827
 63 15.128181 0.000000 -0.000000 -0.102296 0.010178 0.114297
 64 5.758665 4.244730 0.000000 0.000000 0.000000 1.667687
 65 3.177725 0.000000 -0.000000 0.000000 0.000000 3.141593
 66 15.708953 0.000001 0.000000 -0.051525 0.003996 0.061523
 67 0.275148 0.189215 -3.445207 3.130898 0.000409 -1.514604
 68 17.210192 0.000001 0.000000 0.000000 -0.000000 -1.893339
 69 0.000001 -0.000000 -5.000000 -0.079430 1.546568 -1.570855
 70 -2.183561 0.111588 -3.472622 0.368980 2.845218 -0.316440
 71 16.573921 -0.000001 -0.000002 -0.000000 -0.000000 -1.163030
 72 15.128181 0.000001 0.000001 0.089479 0.309197 0.659208
 73 5.758666 4.244730 -0.000001 -0.000000 -0.000000 1.815142
 74 4.003934 -0.000000 0.000001 0.000000 0.000000 0.000000
 75 15.708954 0.000001 0.000002 0.042277 0.226871 0.443133
 76 0.273998 0.191089 3.439762 -3.130907 -0.000437 -1.508107
 77 17.210194 -0.000001 -0.000002 0.000000 -0.000000 -1.937080
 78 -0.000000 -0.000001 5.000000 -0.079319 1.595025 -1.570742
 79 0.000004 -0.000004 -3.713580 0.365818 2.880119 -0.191589
 80 0.000002 -0.000000 5.000000 3.053196 1.558589 -0.074928
 81 -0.000007 0.000006 3.713580 -0.001619 -3.122277 -0.475127
 82 0.000002 -0.000001 -5.000000 -0.088726 1.558589 3.066334
 83 7.363602 1.646647 0.495663 3.141593 -1.570796 0.000000
time 24
  0 -0.650000 0.000000 33.899605 -0.025849 0.174554 -1.569172
  1 5.685104 0.833236 -32.227173 -0.174512 -0.026131 1.569196
  2 -2.276935 0.000003 -1.238188 -1.570795 -1.570451 0.000000
  3 1.797106 0.711882 0.000741 -0.229812 -0.096088 0.010783
  4 4.119891 -0.002929 0.000715 -0.220691 0.086541 0.395842
  5 4.118754 -0.003188 0.000754 -0.232069 0.019303 0.043590
  6 4.118643 -0.003185 0.000789 -0.243269 0.000061 0.011927
  7 4.120975 -0.001843 -0.001871 0.585660 -0.294968 0.720177
  8 4.443597 -0.000000 -0.000000 0.134436 -0.015261 -0.190245
  9 9.024062 -0.000001 -0.000000 0.000000 0.000000 0.000000
 10 0.503714 0.919933 1.381599 1.458301 -1.015113 0.837305
 11 6.384777 0.000001 0.000001 -0.867853 0.870560 -0.746131
 12 10.242683 -0.000000 -0.000000 0.000000 0.000000 -1.525812
 13 11.375560 -0.000000 -0.000001 2.443629 0.180451 -0.413819
 14 0.728680 0.023429 -1.008292 1.202351 0.574641 0.580613
 15 2.136496 -0.000001 0.000000 0.000000 0.000000 -0.034701
 16 2.313138 0.000001 0.000000 0.000000 0.000000 0.000000
 17 3.115506 -0.886043 -0.021432 -0.367928 0.024089 0.551833
 18 2.011153 0.000002 0.000001 -0.000000 0.000000 1.366630
 19 2.141378 0.000001 0.000000 0.000000 0.000000 0.000000
 20 1.734171 0.000001 0.000001 -0.000000 0.000000 0.682702
 21 0.000005 -4.440593 -0.000000 1.570544 -0.062990 -0.195737
 22 5.999999 -0.000002 -0.000001 2.755244 0.000000 -0.000000
 23 0.000001 -4.440601 0.000001 1.569944 -0.062987 0.004053
 24 11.375561 0.000000 0.000001 -2.682908 0.274798 -0.145262
 25 -0.000001 -4.440604 0.000001 1.570144 -0.062988 0.004040
 26 10.510133 0.000000 -0.000001 0.000000 -0.000000 -2.333703
 27 0.000000 -1.748402 4.999998 0.000000 0.004007 1.602291
 28 5.500000 0.000000 -0.000001 0.242408 0.000000 0.000000
 29 -0.000002 -1.940599 5.000000 -0.044472 0.004003 -0.000180
 30 6.551492 0.000001 0.000003 -0.496001 0.571691 -0.351644
 31 0.000003 -1.940599 5.000002 -0.027189 -0.053376 0.005295
 32 6.551492 0.000001 0.000003 -0.196326 0.288962 -0.121323
 33 -0.000001 -1.940598 4.999999 -0.066572 -0.152786 -0.110311
 34 -0.503714 -0.912854 -1.381599 -0.839534 2.180722 1.562572
 35 6.384777 0.000000 -0.000003 0.070635 -0.401808 -1.201108
 36 10.242682 -0.000003 -0.000001 -0.000000 0.000000 -2.037538
 37 11.375561 0.000001 -0.000003 2.504559 0.419183 0.588720
 38 0.728681 0.023432 1.008291 -1.579583 -0.319038 0.212973
 39 2.136497 -0.000004 -0.000000 -0.000000 -0.000000 1.282817
 40 2.313139 -0.000001 -0.000000 0.000000 0.000000 3.141593
 41 3.115507 -0.886040 0.021430 0.420766 0.316066 0.167178
 42 2.011152 -0.000000 0.000000 -0.000000 0.000000 2.082010
 43 2.141379 0.000001 0.000001 0.000000 0.000000 3.141593
 44 1.734172 -0.000001 0.000002 0.000000 0.000000 1.041748
 45 0.136316 -3.738192 2.525892 1.493698 2.759406 -1.474501
 46 14.562629 -1.166813 -0.284476 0.258917 0.054664 1.504024
 47 11.389366 -0.000819 0.158778 1.994805 0.279465 0.240765
 48 0.000001 -4.440599 -0.000000 1.570144 -3.078602 0.004040
 49 6.000000 0.000002 -0.000002 1.994805 0.000000 -0.000000
 50 0.000001 -4.440601 0.000000 1.569944 -3.078603 0.004053
 51 10.510131 -0.000003 -0.000001 0.000000 0.000000 -2.589565
 52 0.000000 -1.748399 -5.000002 -3.141593 0.004007 -1.539299
 53 5.499999 -0.000001 -0.000002 0.026773 0.000000 -0.000000
 54 -0.000001 -0.000000 -5.000002 -0.044472 3.137589 -0.000177
 55 6.551491 0.000000 -0.000003 -0.026773 -0.141593 -0.313052
 56 -1.266844 -1.937442 -4.950562 -0.066572 -2.988806 -0.110308
 57 6.551491 0.000000 -0.000003 -0.026773 -0.141593 -0.313052
 58 0.699370 -1.944208 -5.006848 -0.027189 -3.088217 0.005298
 59 4.226145 -0.003202 0.000000 0.347892 -0.107912 0.419968
 60 0.000002 4.999999 -0.000000 -0.153564 0.000087 2.718702
 61 -1.449216 -1.534129 3.517809 -0.038983 -2.865712 -0.977628
 62 16.573919 0.000002 0.000000 0.000000 -0.000000 -1.065827
 63 15.128181 0.000000 -0.000000 -0.102296 0.010178 0.114297
 64 5.758665 4.244730 0.000000 0.000000 0.000000 1.667687
 65 3.177725 0.000000 -0.000000 0.000000 0.000000 3.141593
 66 15.708953 0.000001 0.000000 -0.051525 0.003996 0.061523
 67 0.275148 0.189215 -3.445207 3.130898 0.000409 -1.514604
 68 17.210192 0.000001 0.000000 0.000000 -0.000000 -1.893339
 69 0.000001 -0.000000 -5.000000 -0.079430 1.546568 -1.570855
 70 -2.143637 0.107072 -3.497547 0.369448 2.833156 -0.320984
 71 16.573921 -0.000001 -0.000002 -0.000000 -0.000000 -1.163030
 72 15.128181 0.000001 0.000001 0.089479 0.309197 0.659208
 73 5.758666 4.244730 -0.000001 -0.000000 -0.000000 1.815142
 74 4.003934 -0.000000 0.000001 0.000000 0.000000 0.000000
 75 15.708954 0.000001 0.000002 0.042277 0.226871 0.443133
 76 0.273998 0.191089 3.439762 -3.130907 -0.000437 -1.508107
 77 17.210194 -0.000001 -0.000002 0.000000 -0.000000 -1.937080
 78 -0.000000 -0.000001 5.000000 -0.079319 1.595025 -1.570742
 79 0.000004 -0.000004 -3.713580 0.365818 2.880119 -0.191589
 80 0.000002 -0.000000 5.000000 3.053196 1.558589 -0.074928
 81 -0.000007 0.000006 3.713580 -0.001619 -3.122277 -0.475127
 82 0.000002 -0.000001 -5.000000 -0.088726 1.558589 3.066334
 83 7.363602 1.646647 0.495663 3.141593 -1.570796 0.000000
time 25
  0 -0.650000 0.000000 33.899605 -0.025849 0.174554 -1.569172
  1 5.685104 0.833236 -32.227173 -0.174512 -0.026131 1.569196
  2 -2.276935 0.000003 -1.238188 -1.570795 -1.570451 0.000000
  3 1.797124 0.711878 0.000729 -0.225599 -0.083436 0.012896
  4 4.119896 -0.002929 0.000704 -0.216855 0.081832 0.398209
  5 4.118759 -0.003191 0.000741 -0.228089 0.013664 0.046280
  6 4.118644 -0.003187 0.000778 -0.239319 -0.003126 0.014044
  7 4.120955 -0.001967 -0.001768 0.541319 -0.247672 0.727937
  8 4.443598 0.000002 0.000000 0.175128 -0.040582 -0.179175
  9 9.024059 0.000001 -0.000000 0.000000 0.000000 0.000000
 10 0.424771 0.869104 1.439683 1.447371 -1.089966 0.868220
 11 6.384777 0.000000 0.000000 -0.958741 0.840501 -0.860097
 12 10.242682 -0.000000 -0.000000 0.000000 0.000000 -1.452744
 13 11.375563 0.000003 0.000001 2.437985 0.212441 -0.406389
 14 0.728681 0.023431 -1.008293 1.185778 0.580857 0.576209
 15 2.136494 -0.000001 -0.000000 -0.000000 0.000000 -0.041916
 16 2.313143 0.000001 -0.000001 0.000000 0.000000 0.000000
 17 3.115507 -0.886039 -0.021430 -0.382234 0.020411 0.545610
 18 2.011153 0.000001 -0.000000 0.000000 0.000000 1.359415
 19 2.141380 0.000000 0.000000 0.000000 0.000000 0.000000
 20 1.734175 0.000002 0.000001 -0.000000 0.000000 0.679079
 21 0.000005 -4.440594 0.000000 1.570544 -0.062990 -0.195737
 22 6.000000 0.000001 0.000000 2.751562 -0.000000 0.000000
 23 0.000001 -4.440599 0.000000 1.569944 -0.062987 0.004053
 24 11.375561 -0.000001 0.000003 -2.680518 0.287386 -0.125944
 25 -0.000001 -4.440604 -0.000001 1.570144 -0.062988 0.004040
 26 10.510131 -0.000000 -0.000001 -0.000000 -0.000000 -2.297168
 27 0.000001 -1.748400 5.000000 -0.000000 0.004007 1.602291
 28 5.500000 -0.000001 -0.000000 0.257039 -0.000000 -0.000000
 29 0.000000 -1.940597 5.000000 -0.044472 0.004003 -0.000180
 30 6.551492 0.000001 0.000002 -0.531030 0.558303 -0.410228
 31 -0.000000 -1.940598 5.000000 -0.027189 -0.053376 0.005295
 32 6.551492 0.000001 0.000002 -0.207393 0.286258 -0.145255
 33 0.000001 -1.940599 4.999994 -0.066572 -0.152786 -0.110311
 34 -0.424768 -0.862026 -1.439682 2.426914 1.012677 -1.448192
 35 6.384778 0.000000 -0.000000 0.087558 -0.407245 -1.155072
 36 10.242682 -0.000001 0.000001 0.000000 0.000000 -2.057087
 37 11.375563 0.000001 0.000002 2.512261 0.393780 0.613566
 38 0.728680 0.023430 1.008295 -1.579583 -0.319038 0.212973
 39 2.136497 0.000000 0.000000 -0.000000 0.000000 1.282817
 40 2.313137 -0.000001 0.000000 0.000000 0.000000 3.141593
 41 3.115506 -0.886042 0.021433 0.420766 0.316066 0.167178
 42 2.011151 -0.000000 -0.000001 -0.000000 -0.000000 2.082010
 43 2.141381 0.000001 -0.000000 0.000000 0.000000 3.141593
 44 1.734171 -0.000001 -0.000000 -0.000000 0.000000 1.041748
 45 0.136314 -3.738193 2.525891 1.493698 2.759406 -1.474501
 46 14.562629 -1.166815 -0.284479 0.258917 0.054664 1.504024
 47 11.389367 -0.000819 0.158783 2.000216 0.269796 0.256879
 48 -0.000000 -4.440599 0.000001 1.570144 -3.078602 0.004040
 49 6.000000 -0.000001 -0.000001 2.000216 0.000000 0.000000
 50 0.000002 -4.440600 -0.000003 1.569944 -3.078603 0.004053
 51 10.510131 -0.000001 0.000000 0.000000 0.000000 -2.599340
 52 -0.000000 -1.748399 -5.000000 -3.141593 0.004007 -1.539299
 53 5.499999 -0.000001 0.000000 0.020996 0.000000 0.000000
 54 0.000001 -0.000000 -4.999999 -0.044472 3.137589 -0.000177
 55 6.551491 -0.000000 0.000001 -0.020995 -0.145076 -0.304088
 56 -1.266844 -1.937444 -4.950558 -0.066572 -2.988806 -0.110308
 57 6.551492 -0.000001 0.000001 -0.020995 -0.145076 -0.304088
 58 0.699371 -1.944208 -5.006845 -0.027189 -3.088217 0.005298
 59 4.226146 -0.003201 0.000001 0.320286 -0.085545 0.420129
 60 0.000001 5.000000 -0.000000 -0.153565 0.000087 2.718702
 61 -1.498324 -1.511431 3.507064 -0.046641 -2.875976 -0.980486
 62 16.573919 0.000002 0.000000 0.000000 -0.000000 -1.065827
 63 15.128181 0.000000 -0.000000 -0.102296 0.010178 0.114297
 64 5.758665 4.244730 0.000000 0.000000 0.000000 1.667687
 65 3.177725 0.000000 -0.000000 0.000000 0.000000 3.141593
 66 15.708953 0.000001 0.000000 -0.051525 0.003996 0.061523
 67 0.275148 0.189215 -3.445207 3.130898 0.000409 -1.514604
 68 17.210192 0.000001 0.000000 0.000000 -0.000000 -1.893339
 69 0.000001 -0.000000 -5.000000 -0.079430 1.546568 -1.570855
 70 -2.101540 0.102030 -3.523145 0.369879 2.820521 -0.325757
 71 16.573921 -0.000001 -0.000002 -0.000000 -0.000000 -1.163030
 72 15.128181 0.000001 0.000001 0.089479 0.309197 0.659208
 73 5.758666 4.244730 -0.000001 -0.000000 -0.000000 1.815142
 74 4.003934 -0.000000 0.000001 0.000000 0.000000 0.000000
 75 15.708954 0.000001 0.000002 0.042277 0.226871 0.443133
 76 0.273998 0.191089 3.439762 -3.130907 -0.000437 -1.508107
 77 17.210194 -0.000001 -0.000002 0.000000 -0.000000 -1.937080
 78 -0.000000 -0.000001 5.000000 -0.079319 1.595025 -1.570742
 79 0.000004 -0.000004 -3.713580 0.365818 2.880119 -0.191589
 80 0.000002 -0.000000 5.000000 3.053196 1.558589 -0.074928
 81 -0.000007 0.000006 3.713580 -0.001619 -3.122277 -0.475127
 82 0.000002 -0.000001 -5.000000 -0.088726 1.558589 3.066334
 83 7.363602 1.646647 0.495663 3.141593 -1.570796 0.000000
time 26
  0 -0.650000 0.000000 33.899605 -0.025849 0.174554 -1.569172
  1 5.685104 0.833236 -32.227173 -0.174512 -0.026131 1.569196
  2 -2.276935 0.000003 -1.238188 -1.570795 -1.570451 0.000000
  3 1.797139 0.711876 0.000716 -0.221285 -0.070565 0.015100
  4 4.119902 -0.002932 0.000691 -0.212961 0.077029 0.400599
  5 4.118762 -0.003193 0.000729 -0.224054 0.007912 0.048995
  6 4.118645 -0.003189 0.000765 -0.235304 -0.006378 0.016186
  7 4.120930 -0.002111 -0.001627 0.487333 -0.189614 0.734547
  8 4.443598 0.000001 0.000000 0.227034 -0.073786 -0.165232
  9 9.024062 0.000000 -0.000000 0.000000 0.000000 0.000000
 10 0.326580 0.800377 1.503568 1.425493 -1.178678 0.913570
 11 6.384777 -0.000001 -0.000001 -1.073601 0.815126 -0.987127
 12 10.242682 -0.000001 0.000000 0.000000 0.000000 -1.377047
 13 11.375561 -0.000001 0.000001 2.446528 0.265704 -0.393879
 14 0.728680 0.023429 -1.008292 1.168934 0.587072 0.571618
 15 2.136495 -0.000001 0.000001 0.000000 -0.000000 -0.049205
 16 2.313138 0.000001 -0.000000 0.000000 0.000000 0.000000
 17 3.115505 -0.886043 -0.021431 -0.396661 0.016605 0.539378
 18 2.011151 0.000002 -0.000001 -0.000000 -0.000000 1.352127
 19 2.141377 0.000002 -0.000000 0.000000 0.000000 0.000000
 20 1.734173 0.000001 0.000001 -0.000000 0.000000 0.675418
 21 0.000005 -4.440593 -0.000001 1.570544 -0.062990 -0.195737
 22 5.999999 -0.000001 0.000001 2.766649 0.000000 -0.000000
 23 0.000001 -4.440601 0.000000 1.569944 -0.062987 0.004053
 24 11.375560 -0.000001 0.000004 -2.667303 0.305039 -0.095225
 25 -0.000002 -4.440603 -0.000000 1.570144 -0.062988 0.004040
 26 10.510129 -0.000000 -0.000001 -0.000000 -0.000000 -2.259320
 27 0.000002 -1.748402 4.999998 0.000000 0.004007 1.602290
 28 5.500000 0.000000 -0.000000 0.277474 -0.000000 0.000000
 29 -0.000002 -1.940598 5.000001 -0.044472 0.004003 -0.000180
 30 6.551491 0.000001 0.000001 -0.581537 0.560938 -0.464908
 31 -0.000002 -1.940598 5.000003 -0.027189 -0.053376 0.005295
 32 6.551491 0.000001 0.000001 -0.222785 0.290779 -0.163487
 33 -0.000001 -1.940599 4.999996 -0.066572 -0.152786 -0.110311
 34 -0.326577 -0.793301 -1.503567 2.602811 1.061971 -1.266156
 35 6.384776 -0.000000 -0.000001 0.103504 -0.414069 -1.103962
 36 10.242681 0.000002 0.000002 -0.000000 -0.000000 -2.081265
 37 11.375560 0.000002 -0.000002 2.524787 0.363835 0.642907
 38 0.728680 0.023431 1.008292 -1.579583 -0.319038 0.212973
 39 2.136496 -0.000000 -0.000001 -0.000000 -0.000000 1.282817
 40 2.313142 0.000000 0.000001 0.000000 0.000000 3.141593
 41 3.115507 -0.886041 0.021431 0.420765 0.316066 0.167178
 42 2.011152 -0.000001 -0.000003 -0.000000 0.000000 2.082010
 43 2.141381 0.000002 0.000002 0.000000 0.000000 3.141593
 44 1.734172 -0.000002 -0.000002 0.000000 0.000000 1.041748
 45 0.136315 -3.738194 2.525891 1.493698 2.759406 -1.474501
 46 14.562628 -1.166815 -0.284477 0.258917 0.054664 1.504024
 47 11.389367 -0.000817 0.158780 2.008382 0.258796 0.275513
 48 -0.000000 -4.440598 0.000003 1.570144 -3.078602 0.004040
 49 6.000000 -0.000000 -0.000003 2.008382 0.000000 -0.000000
 50 0.000002 -4.440601 -0.000000 1.569944 -3.078603 0.004053
 51 10.510133 0.000001 0.000003 0.000000 0.000000 -2.611429
 52 0.000001 -1.748400 -5.000002 -3.141593 0.004007 -1.539299
 53 5.500001 0.000001 0.000003 0.015719 0.000000 -0.000000
 54 -0.000000 0.000001 -5.000000 -0.044472 3.137589 -0.000177
 55 6.551490 -0.000000 -0.000001 -0.015719 -0.148321 -0.295091
 56 -1.266844 -1.937444 -4.950562 -0.066572 -2.988806 -0.110308
 57 6.551490 -0.000000 -0.000001 -0.015719 -0.148321 -0.295091
 58 0.699370 -1.944208 -5.006850 -0.027189 -3.088217 0.005298
 59 4.226146 -0.003200 0.000000 0.286182 -0.058394 0.419482
 60 -0.000001 5.000000 0.000000 -0.153564 0.000087 2.718702
 61 -1.548074 -1.488127 3.495425 -0.054447 -2.886405 -0.983472
 62 16.573919 0.000002 0.000000 0.000000 -0.000000 -1.065827
 63 15.128181 0.000000 -0.000000 -0.102296 0.010178 0.114297
 64 5.758665 4.244730 0.000000 0.000000 0.000000 1.667687
 65 3.177725 0.000000 -0.000000 0.000000 0.000000 3.141593
 66 15.708953 0.000001 0.000000 -0.051525 0.003996 0.061523
 67 0.275148 0.189215 -3.445207 3.130898 0.000409 -1.514604
 68 17.210192 0.000001 0.000000 0.000000 -0.000000 -1.893339
 69 0.000001 -0.000000 -5.000000 -0.079430 1.546568 -1.570855
 70 -2.058401 0.096567 -3.548671 0.370254 2.807656 -0.330632
 71 16.573921 -0.000001 -0.000002 -0.000000 -0.000000 -1.163030
 72 15.128181 0.000001 0.000001 0.089479 0.309197 0.659208
 73 5.758666 4.244730 -0.000001 -0.000000 -0.000000 1.815142
 74 4.003934 -0.000000 0.000001 0.000000 0.000000 0.000000
 75 15.708954 0.000001 0.000002 0.042277 0.226871 0.443133
 76 0.273998 0.191089 3.439762 -3.130907 -0.000437 -1.508107
 77 17.210194 -0.000001 -0.000002 0.000000 -0.000000 -1.937080
 78 -0.000000 -0.000001 5.000000 -0.079319 1.595025 -1.570742
 79 0.000004 -0.000004 -3.713580 0.365818 2.880119 -0.191589
 80 0.000002 -0.000000 5.000000 3.053196 1.558589 -0.074928
 81 -0.000007 0.000006 3.713580 -0.001619 -3.122277 -0.475127
 82 0.000002 -0.000001 -5.000000 -0.088726 1.558589 3.066334
 83 7.363602 1.646647 0.495663 3.141593 -1.570796 0.000000
time 27
  0 -0.650000 0.000000 33.899605 -0.025849 0.174554 -1.569172
  1 5.685104 0.833236 -32.227173 -0.174512 -0.026131 1.569196
  2 -2.276935 0.000003 -1.238188 -1.570795 -1.570451 0.000000
  3 1.797157 0.711873 0.000702 -0.216985 -0.057817 0.017337
  4 4.119905 -0.002932 0.000679 -0.209115 0.072260 0.402948
  5 4.118772 -0.003196 0.000716 -0.220070 0.002200 0.051664
  6 4.118654 -0.003190 0.000752 -0.231331 -0.009611 0.018297
  7 4.120902 -0.002258 -0.001455 0.427789 -0.124718 0.738172
  8 4.443598 -0.000003 0.000000 0.285892 -0.112641 -0.150283
  9 9.024061 0.000002 -0.000000 0.000000 0.000000 0.000000
 10 0.215540 0.716784 1.564333 1.379573 -1.275472 0.984978
 11 6.384777 0.000001 0.000002 -1.199980 0.788140 -1.116610
 12 10.242685 0.000001 -0.000000 -0.000000 -0.000000 -1.299786
 13 11.375562 -0.000002 0.000002 2.468073 0.329837 -0.376404
 14 0.728681 0.023432 -1.008292 1.151881 0.593260 0.566851
 15 2.136497 -0.000000 0.000000 0.000000 0.000000 -0.056538
 16 2.313138 -0.000000 0.000000 0.000000 0.000000 0.000000
 17 3.115506 -0.886040 -0.021430 -0.411154 0.012685 0.533164
 18 2.011152 0.000001 -0.000000 0.000000 -0.000000 1.344793
 19 2.141379 -0.000001 0.000001 0.000000 0.000000 0.000000
 20 1.734172 -0.000000 -0.000000 0.000000 -0.000000 0.671736
 21 0.000006 -4.440593 0.000000 1.570544 -0.062990 -0.195737
 22 5.999999 -0.000000 0.000000 2.798580 -0.000000 0.000000
 23 0.000001 -4.440600 -0.000000 1.569944 -0.062987 0.004053
 24 11.375562 0.000002 0.000004 -2.645389 0.323407 -0.058775
 25 -0.000000 -4.440604 -0.000002 1.570144 -0.062988 0.004040
 26 10.510131 0.000001 -0.000000 0.000000 -0.000000 -2.220690
 27 0.000001 -1.748401 5.000000 -0.000000 0.004007 1.602290
 28 5.500003 0.000001 -0.000000 0.302100 -0.000000 -0.000000
 29 -0.000003 -1.940599 5.000001 -0.044472 0.004003 -0.000180
 30 6.551492 0.000000 0.000001 -0.646935 0.577839 -0.520380
 31 0.000000 -1.940598 5.000000 -0.027189 -0.053376 0.005295
 32 6.551492 0.000000 0.000001 -0.240939 0.301864 -0.177468
 33 0.000002 -1.940600 4.999995 -0.066572 -0.152786 -0.110311
 34 -0.215538 -0.709716 -1.564333 2.829279 1.095563 -1.033844
 35 6.384777 -0.000000 0.000001 0.118088 -0.422248 -1.050057
 36 10.242683 -0.000000 0.000001 0.000000 0.000000 -2.108088
 37 11.375560 0.000001 0.000001 2.539314 0.330998 0.674252
 38 0.728680 0.023431 1.008291 -1.579583 -0.319038 0.212973
 39 2.136497 0.000002 0.000000 0.000000 0.000000 1.282817
 40 2.313141 0.000000 0.000000 0.000000 0.000000 3.141593
 41 3.115507 -0.886041 0.021429 0.420766 0.316066 0.167178
 42 2.011150 0.000000 0.000001 -0.000000 0.000000 2.082010
 43 2.141380 -0.000001 0.000001 0.000000 0.000000 3.141593
 44 1.734171 -0.000001 0.000001 0.000000 -0.000000 1.041748
 45 0.136316 -3.738193 2.525890 1.493698 2.759406 -1.474501
 46 14.562628 -1.166815 -0.284479 0.258917 0.054664 1.504024
 47 11.389365 -0.000819 0.158782 2.017920 0.246890 0.295347
 48 0.000001 -4.440599 -0.000000 1.570144 -3.078602 0.004040
 49 5.999999 -0.000000 -0.000000 2.017920 0.000000 0.000000
 50 0.000002 -4.440602 -0.000001 1.569944 -3.078603 0.004053
 51 10.510130 0.000001 0.000001 0.000000 0.000000 -2.624840
 52 -0.000000 -1.748399 -5.000000 -3.141593 0.004007 -1.539299
 53 5.500000 0.000001 0.000000 0.010932 0.000000 0.000000
 54 -0.000001 -0.000000 -5.000001 -0.044472 3.137589 -0.000177
 55 6.551491 -0.000001 0.000002 -0.010932 -0.151413 -0.286331
 56 -1.266843 -1.937443 -4.950560 -0.066572 -2.988806 -0.110308
 57 6.551491 -0.000001 0.000002 -0.010932 -0.151413 -0.286331
 58 0.699370 -1.944209 -5.006845 -0.027189 -3.088217 0.005298
 59 4.226145 -0.003202 -0.000000 0.248026 -0.028274 0.417609
 60 0.000002 4.999998 -0.000001 -0.153564 0.000087 2.718702
 61 -1.597124 -1.464838 3.483196 -0.062195 -2.896718 -0.986505
 62 16.573919 0.000002 0.000000 0.000000 -0.000000 -1.065827
 63 15.128181 0.000000 -0.000000 -0.102296 0.010178 0.114297
 64 5.758665 4.244730 0.000000 0.000000 0.000000 1.667687
 65 3.177725 0.000000 -0.000000 0.000000 0.000000 3.141593
 66 15.708953 0.000001 0.000000 -0.051525 0.003996 0.061523
 67 0.275148 0.189215 -3.445207 3.130898 0.000409 -1.514604
 68 17.210192 0.000001 0.000000 0.000000 -0.000000 -1.893339
 69 0.000001 -0.000000 -5.000000 -0.079430 1.546568 -1.570855
 70 -2.015373 0.090830 -3.573428 0.370561 2.794903 -0.335480
 71 16.573921 -0.000001 -0.000002 -0.000000 -0.000000 -1.163030
 72 15.128181 0.000001 0.000001 0.089479 0.309197 0.659208
 73 5.758666 4.244730 -0.000001 -0.000000 -0.000000 1.815142
 74 4.003934 -0.000000 0.000001 0.000000 0.000000 0.000000
 75 15.708954 0.000001 0.000002 0.042277 0.226871 0.443133
 76 0.273998 0.191089 3.439762 -3.130907 -0.000437 -1.508107
 77 17.210194 -0.000001 -0.000002 0.000000 -0.000000 -1.937080
 78 -0.000000 -0.000001 5.000000 -0.079319 1.595025 -1.570742
 79 0.000004 -0.000004 -3.713580 0.365818 2.880119 -0.191589
 80 0.000002 -0.000000 5.000000 3.053196 1.558589 -0.074928
 81 -0.000007 0.000006 3.713580 -0.001619 -3.122277 -0.475127
 82 0.000002 -0.000001 -5.000000 -0.088726 1.558589 3.066334
 83 7.363602 1.646647 0.495663 3.141593 -1.570796 0.000000
time 28
  0 -0.650000 0.000000 33.899605 -0.025849 0.174554 -1.569172
  1 5.685104 0.833236 -32.227173 -0.174512 -0.026131 1.569196
  2 -2.276935 0.000003 -1.238188 -1.570795 -1.570451 0.000000
  3 1.797172 0.711870 0.000690 -0.212816 -0.045536 0.019545
  4 4.119908 -0.002933 0.000668 -0.205419 0.067653 0.405195
  5 4.118775 -0.003200 0.000703 -0.216243 -0.003317 0.054215
  6 4.118655 -0.003193 0.000740 -0.227507 -0.012735 0.020319
  7 4.120877 -0.002398 -0.001267 0.366285 -0.057096 0.737826
  8 4.443598 -0.000000 -0.000000 0.347587 -0.154753 -0.135826
  9 9.024062 0.000003 0.000001 0.000000 0.000000 0.000000
 10 0.098877 0.623097 1.615145 1.273060 -1.373725 1.117660
 11 6.384775 -0.000000 -0.000003 -1.324960 0.756046 -1.238053
 12 10.242681 0.000001 0.000000 -0.000000 -0.000000 -1.221749
 13 11.375562 -0.000001 0.000001 2.499701 0.395189 -0.354875
 14 0.728681 0.023432 -1.008293 1.134677 0.599395 0.561926
 15 2.136497 -0.000002 0.000000 0.000000 -0.000000 -0.063890
 16 2.313139 0.000001 0.000000 0.000000 0.000000 0.000000
 17 3.115506 -0.886040 -0.021431 -0.425657 0.008666 0.526992
 18 2.011151 0.000001 0.000001 0.000000 0.000000 1.337441
 19 2.141379 -0.000001 0.000001 0.000000 0.000000 0.000000
 20 1.734171 0.000001 -0.000000 -0.000000 -0.000000 0.668045
 21 0.000005 -4.440594 -0.000001 1.570544 -0.062990 -0.195737
 22 6.000000 -0.000002 0.000001 2.842807 0.000000 0.000000
 23 0.000002 -4.440600 -0.000001 1.569944 -0.062987 0.004053
 24 11.375562 -0.000001 0.000003 -2.618203 0.339552 -0.022078
 25 -0.000000 -4.440604 -0.000000 1.570144 -0.062988 0.004040
 26 10.510130 0.000001 -0.000000 -0.000000 0.000000 -2.181671
 27 -0.000001 -1.748400 4.999999 -0.000000 0.004007 1.602290
 28 5.499998 0.000001 -0.000000 0.328975 -0.000000 0.000000
 29 0.000002 -1.940598 5.000000 -0.044472 0.004003 -0.000180
 30 6.551491 -0.000000 -0.000003 -0.726889 0.606630 -0.582509
 31 0.000002 -1.940599 5.000001 -0.027189 -0.053376 0.005295
 32 6.551491 -0.000000 -0.000003 -0.259967 0.318427 -0.188828
 33 0.000000 -1.940598 4.999998 -0.066572 -0.152786 -0.110311
 34 -0.098873 -0.616020 -1.615144 3.084326 1.102618 -0.773579
 35 6.384776 0.000000 -0.000001 0.131034 -0.431578 -0.995683
 36 10.242682 -0.000002 -0.000001 0.000000 -0.000000 -2.135572
 37 11.375561 0.000000 -0.000001 2.553344 0.297097 0.705414
 38 0.728681 0.023431 1.008291 -1.579583 -0.319038 0.212973
 39 2.136497 -0.000002 -0.000000 -0.000000 0.000000 1.282817
 40 2.313142 0.000000 -0.000000 0.000000 0.000000 3.141593
 41 3.115507 -0.886041 0.021429 0.420766 0.316066 0.167178
 42 2.011150 0.000001 0.000001 -0.000000 0.000000 2.082010
 43 2.141379 -0.000000 0.000001 0.000000 0.000000 3.141593
 44 1.734174 -0.000002 -0.000000 -0.000000 0.000000 1.041748
 45 0.136315 -3.738192 2.525891 1.493698 2.759406 -1.474501
 46 14.562628 -1.166813 -0.284478 0.258917 0.054664 1.504024
 47 11.389367 -0.000819 0.158781 2.027523 0.234581 0.315157
 48 0.000001 -4.440598 -0.000002 1.570144 -3.078602 0.004040
 49 5.999999 -0.000001 -0.000001 2.027523 -0.000000 -0.000000
 50 0.000000 -4.440601 -0.000000 1.569944 -3.078603 0.004053
 51 10.510133 -0.000001 -0.000001 0.000000 0.000000 -2.638582
 52 -0.000001 -1.748400 -5.000003 -3.141593 0.004007 -1.539299
 53 5.500000 -0.000001 -0.000002 0.006604 -0.000000 0.000000
 54 -0.000000 0.000003 -5.000001 -0.044472 3.137590 -0.000177
 55 6.551488 -0.000001 0.000000 -0.006605 -0.154433 -0.277976
 56 -1.266843 -1.937444 -4.950556 -0.066572 -2.988806 -0.110308
 57 6.551491 0.000001 -0.000002 -0.006605 -0.154433 -0.277976
 58 0.699370 -1.944208 -5.006847 -0.027189 -3.088217 0.005298
 59 4.226144 -0.003202 -0.000001 0.208188 0.002994 0.414309
 60 -0.000000 5.000000 0.000000 -0.153564 0.000087 2.718702
 61 -1.644160 -1.442208 3.470753 -0.069677 -2.906639 -0.989500
 62 16.573919 0.000002 0.000000 0.000000 -0.000000 -1.065827
 63 15.128181 0.000000 -0.000000 -0.102296 0.010178 0.114297
 64 5.758665 4.244730 0.000000 0.000000 0.000000 1.667687
 65 3.177725 0.000000 -0.000000 0.000000 0.000000 3.141593
 66 15.708953 0.000001 0.000000 -0.051525 0.003996 0.061523
 67 0.275148 0.189215 -3.445207 3.130898 0.000409 -1.514604
 68 17.210192 0.000001 0.000000 0.000000 -0.000000 -1.893339
 69 0.000001 -0.000000 -5.000000 -0.079430 1.546568 -1.570855
 70 -1.973638 0.084992 -3.596784 0.370796 2.782607 -0.340172
 71 16.573921 -0.000001 -0.000002 -0.000000 -0.000000 -1.163030
 72 15.128181 0.000001 0.000001 0.089479 0.309197 0.659208
 73 5.758666 4.244730 -0.000001 -0.000000 -0.000000 1.815142
 74 4.003934 -0.000000 0.000001 0.000000 0.000000 0.000000
 75 15.708954 0.000001 0.000002 0.042277 0.226871 0.443133
 76 0.273998 0.191089 3.439762 -3.130907 -0.000437 -1.508107
 77 17.210194 -0.000001 -0.000002 0.000000 -0.000000 -1.937080
 78 -0.000000 -0.000001 5.000000 -0.079319 1.595025 -1.570742
 79 0.000004 -0.000004 -3.713580 0.365818 2.880119 -0.191589
 80 0.000002 -0.000000 5.000000 3.053196 1.558589 -0.074928
 81 -0.000007 0.000006 3.713580 -0.001619 -3.122277 -0.475127
 82 0.000002 -0.000001 -5.000000 -0.088726 1.558589 3.066334
 83 7.363602 1.646647 0.495663 3.141593 -1.570796 0.000000
time 29
  0 -0.650000 0.000000 33.899605 -0.025849 0.174554 -1.569172
  1 5.685104 0.833236 -32.227173 -0.174512 -0.026131 1.569196
  2 -2.276935 0.000003 -1.238188 -1.570795 -1.570451 0.000000
  3 1.797187 0.711868 0.000677 -0.208895 -0.034063 0.021655
  4 4.119913 -0.002934 0.000657 -0.201974 0.063338 0.407280
  5 4.118780 -0.003202 0.000692 -0.212678 -0.008483 0.056581
  6 4.118664 -0.003198 0.000728 -0.223938 -0.015662 0.022199
  7 4.120853 -0.002514 -0.001067 0.306164 0.009066 0.733450
  8 4.443597 -0.000001 0.000000 0.408142 -0.197533 -0.122859
  9 9.024061 -0.000001 0.000000 0.000000 0.000000 0.000000
 10 -0.015712 0.525763 1.652077 0.961857 -1.462609 1.454470
 11 6.384777 -0.000000 0.000001 -1.436491 0.718108 -1.342548
 12 10.242680 -0.000000 0.000001 -0.000000 -0.000000 -1.143197
 13 11.375560 0.000003 0.000002 2.536134 0.453486 -0.332183
 14 0.728682 0.023432 -1.008292 1.117386 0.605451 0.556858
 15 2.136496 0.000000 0.000000 0.000000 0.000000 -0.071233
 16 2.313140 -0.000001 -0.000000 0.000000 0.000000 0.000000
 17 3.115506 -0.886040 -0.021430 -0.440116 0.004562 0.520887
 18 2.011148 -0.000000 -0.000000 0.000000 0.000000 1.330098
 19 2.141381 -0.000001 0.000000 0.000000 0.000000 0.000000
 20 1.734171 0.000002 -0.000000 0.000000 -0.000000 0.664360
 21 0.000007 -4.440594 0.000002 1.570544 -0.062990 -0.195737
 22 5.999999 0.000001 0.000001 2.891712 0.000000 -0.000000
 23 0.000002 -4.440602 -0.000000 1.569944 -0.062987 0.004053
 24 11.375561 0.000003 0.000004 -2.590208 0.352185 0.009983
 25 -0.000002 -4.440601 0.000001 1.570144 -0.062988 0.004040
 26 10.510129 0.000001 -0.000000 0.000000 -0.000000 -2.142395
 27 -0.000001 -1.748400 4.999999 -0.000000 0.004007 1.602291
 28 5.500000 0.000001 0.000000 0.355575 0.000000 0.000000
 29 -0.000003 -1.940599 5.000001 -0.044472 0.004003 -0.000180
 30 6.551492 -0.000000 0.000001 -0.819305 0.641806 -0.656663
 31 0.000003 -1.940598 5.000001 -0.027189 -0.053376 0.005295
 32 6.551492 -0.000000 0.000001 -0.277594 0.338034 -0.199381
 33 0.000001 -1.940600 4.999999 -0.066572 -0.152786 -0.110311
 34 0.015713 -0.518684 -1.652076 -2.956118 1.080696 -0.526455
 35 6.384778 0.000001 -0.000000 0.142209 -0.441714 -0.943218
 36 10.242682 -0.000001 0.000002 -0.000000 0.000000 -2.161733
 37 11.375561 0.000001 -0.000001 2.564715 0.264147 0.734513
 38 0.728680 0.023431 1.008293 -1.579583 -0.319038 0.212973
 39 2.136497 0.000001 -0.000000 0.000000 0.000000 1.282817
 40 2.313137 -0.000000 0.000000 0.000000 0.000000 3.141593
 41 3.115508 -0.886041 0.021430 0.420766 0.316066 0.167178
 42 2.011153 -0.000000 -0.000001 -0.000000 0.000000 2.082010
 43 2.141380 0.000001 0.000000 0.000000 0.000000 3.141593
 44 1.734171 -0.000001 0.000002 0.000000 0.000000 1.041748
 45 0.136316 -3.738194 2.525891 1.493698 2.759406 -1.474501
 46 14.562630 -1.166814 -0.284476 0.258917 0.054664 1.504024
 47 11.389366 -0.000818 0.158780 2.035958 0.222456 0.333821
 48 0.000000 -4.440599 0.000001 1.570144 -3.078602 0.004040
 49 5.999999 -0.000001 -0.000003 2.035958 -0.000000 -0.000000
 50 0.000002 -4.440602 0.000001 1.569944 -3.078603 0.004053
 51 10.510132 -0.000001 0.000003 0.000000 -0.000000 -2.651663
 52 -0.000000 -1.748401 -5.000001 -3.141593 0.004007 -1.539299
 53 5.500000 -0.000002 0.000003 0.002726 -0.000000 -0.000000
 54 0.000000 -0.000001 -4.999998 -0.044472 3.137589 -0.000177
 55 6.551492 0.000002 -0.000001 -0.002726 -0.157430 -0.270166
 56 -1.266843 -1.937443 -4.950559 -0.066572 -2.988806 -0.110308
 57 6.551493 0.000001 -0.000001 -0.002726 -0.157430 -0.270166
 58 0.699372 -1.944207 -5.006846 -0.027189 -3.088217 0.005298
 59 4.226146 -0.003202 -0.000001 0.169031 0.033577 0.409669
 60 -0.000000 4.999999 0.000000 -0.153564 0.000087 2.718702
 61 -1.687903 -1.420899 3.458543 -0.076684 -2.915894 -0.992363
 62 16.573919 0.000002 0.000000 0.000000 -0.000000 -1.065827
 63 15.128181 0.000000 -0.000000 -0.102296 0.010178 0.114297
 64 5.758665 4.244730 0.000000 0.000000 0.000000 1.667687
 65 3.177725 0.000000 -0.000000 0.000000 0.000000 3.141593
 66 15.708953 0.000001 0.000000 -0.051525 0.003996 0.061523
 67 0.275148 0.189215 -3.445207 3.130898 0.000409 -1.514604
 68 17.210192 0.000001 0.000000 0.000000 -0.000000 -1.893339
 69 0.000001 -0.000000 -5.000000 -0.079430 1.546568 -1.570855
 70 -1.934404 0.079264 -3.618160 0.370961 2.771110 -0.344576
 71 16.573921 -0.000001 -0.000002 -0.000000 -0.000000 -1.163030
 72 15.128181 0.000001 0.000001 0.089479 0.309197 0.659208
 73 5.758666 4.244730 -0.000001 -0.000000 -0.000000 1.815142
 74 4.003934 -0.000000 0.000001 0.000000 0.000000 0.000000
 75 15.708954 0.000001 0.000002 0.042277 0.226871 0.443133
 76 0.273998 0.191089 3.439762 -3.130907 -0.000437 -1.508107
 77 17.210194 -0.000001 -0.000002 0.000000 -0.000000 -1.937080
 78 -0.000000 -0.000001 5.000000 -0.079319 1.595025 -1.570742
 79 0.000004 -0.000004 -3.713580 0.365818 2.880119 -0.191589
 80 0.000002 -0.000000 5.000000 3.053196 1.558589 -0.074928
 81 -0.000007 0.000006 3.713580 -0.001619 -3.122277 -0.475127
 82 0.000002 -0.000001 -5.000000 -0.088726 1.558589 3.066334
 83 7.363602 1.646647 0.495663 3.141593 -1.570796 0.000000
time 30
  0 -0.650000 0.000000 33.899605 -0.025849 0.174554 -1.569172
  1 5.685104 0.833236 -32.227173 -0.174512 -0.026131 1.569196
  2 -2.276935 0.000003 -1.238188 -1.570795 -1.570451 0.000000
  3 1.797202 0.711866 0.000666 -0.205345 -0.023739 0.023592
  4 4.119917 -0.002935 0.000647 -0.198880 0.059447 0.409143
  5 4.118783 -0.003203 0.000682 -0.209479 -0.013142 0.058696
  6 4.118668 -0.003199 0.000718 -0.220729 -0.018304 0.023884
  7 4.120834 -0.002605 -0.000875 0.250815 0.069646 0.725888
  8 4.443599 0.000001 0.000000 0.463634 -0.238222 -0.111829
  9 9.024063 -0.000000 0.000000 0.000000 0.000000 0.000000
 10 -0.120581 0.432543 1.674436 -0.054153 -1.502781 2.494307
 11 6.384777 -0.000000 0.000001 -1.524570 0.675386 -1.424024
 12 10.242682 0.000000 0.000001 -0.000000 -0.000000 -1.063700
 13 11.375561 -0.000003 0.000001 2.569482 0.498359 -0.313831
 14 0.728680 0.023429 -1.008292 1.100073 0.611404 0.551668
 15 2.136497 0.000002 -0.000000 0.000000 0.000000 -0.078540
 16 2.313139 -0.000002 0.000000 0.000000 0.000000 0.000000
 17 3.115507 -0.886042 -0.021431 -0.454479 0.000392 0.514872
 18 2.011149 -0.000001 -0.000003 0.000000 -0.000000 1.322791
 19 2.141381 -0.000002 0.000001 0.000000 0.000000 0.000000
 20 1.734172 0.000001 -0.000001 0.000000 0.000000 0.660693
 21 0.000003 -4.440593 -0.000001 1.570544 -0.062990 -0.195737
 22 6.000000 -0.000003 0.000001 2.935135 0.000000 0.000000
 23 0.000002 -4.440601 -0.000001 1.569944 -0.062987 0.004053
 24 11.375561 -0.000000 0.000004 -2.566332 0.361455 0.033264
 25 -0.000000 -4.440604 0.000000 1.570144 -0.062988 0.004040
 26 10.510128 0.000001 -0.000000 -0.000000 -0.000000 -2.102646
 27 0.000002 -1.748401 4.999998 0.000000 0.004007 1.602290
 28 5.499998 0.000001 0.000000 0.378984 -0.000000 -0.000000
 29 0.000001 -1.940598 5.000000 -0.044472 0.004003 -0.000180
 30 6.551491 0.000001 0.000004 -0.916092 0.672864 -0.742391
 31 -0.000000 -1.940599 5.000002 -0.027189 -0.053376 0.005295
 32 6.551491 0.000001 0.000004 -0.291675 0.356254 -0.210750
 33 0.000001 -1.940600 5.000000 -0.066572 -0.152786 -0.110311
 34 0.120583 -0.425464 -1.674436 -2.758695 1.037466 -0.325607
 35 6.384778 -0.000001 -0.000002 0.151643 -0.452205 -0.895103
 36 10.242682 0.000001 0.000001 0.000000 0.000000 -2.184589
 37 11.375561 0.000000 0.000001 2.571551 0.234318 0.759918
 38 0.728681 0.023431 1.008294 -1.579583 -0.319038 0.212973
 39 2.136496 0.000000 -0.000000 -0.000000 0.000000 1.282817
 40 2.313140 -0.000000 -0.000000 0.000000 0.000000 3.141593
 41 3.115507 -0.886042 0.021434 0.420766 0.316066 0.167178
 42 2.011150 0.000000 0.000001 -0.000000 0.000000 2.082010
 43 2.141379 0.000000 0.000001 0.000000 0.000000 3.141593
 44 1.734173 -0.000002 -0.000000 0.000000 -0.000000 1.041748
 45 0.136315 -3.738192 2.525892 1.493698 2.759406 -1.474501
 46 14.562629 -1.166815 -0.284475 0.258917 0.054664 1.504024
 47 11.389366 -0.000820 0.158781 2.042061 0.211168 0.350309
 48 0.000001 -4.440599 0.000001 1.570144 -3.078602 0.004040
 49 5.999999 0.000000 0.000000 2.042061 0.000000 0.000000
 50 0.000002 -4.440600 0.000001 1.569944 -3.078603 0.004053
 51 10.510132 0.000001 0.000002 -0.000000 -0.000000 -2.663091
 52 0.000000 -1.748401 -5.000002 -3.141593 0.004007 -1.539299
 53 5.500000 0.000002 0.000000 -0.000689 0.000000 0.000000
 54 -0.000001 0.000000 -4.999999 -0.044472 3.137589 -0.000177
 55 6.551492 -0.000001 -0.000002 0.000689 -0.160407 -0.263074
 56 -1.266843 -1.937445 -4.950562 -0.066572 -2.988806 -0.110308
 57 6.551492 -0.000001 -0.000002 0.000689 -0.160407 -0.263074
 58 0.699371 -1.944209 -5.006848 -0.027189 -3.088217 0.005298
 59 4.226150 -0.003203 -0.000001 0.132981 0.061648 0.404111
 60 0.000000 5.000002 0.000000 -0.153565 0.000087 2.718702
 61 -1.727097 -1.401586 3.447072 -0.083004 -2.924212 -0.994993
 62 16.573919 0.000002 0.000000 0.000000 -0.000000 -1.065827
 63 15.128181 0.000000 -0.000000 -0.102296 0.010178 0.114297
 64 5.758665 4.244730 0.000000 0.000000 0.000000 1.667687
 65 3.177725 0.000000 -0.000000 0.000000 0.000000 3.141593
 66 15.708953 0.000001 0.000000 -0.051525 0.003996 0.061523
 67 0.275148 0.189215 -3.445207 3.130898 0.000409 -1.514604
 68 17.210192 0.000001 0.000000 0.000000 -0.000000 -1.893339
 69 0.000001 -0.000000 -5.000000 -0.079430 1.546568 -1.570855
 70 -1.898903 0.073884 -3.637026 0.371063 2.760757 -0.348556
 71 16.573921 -0.000001 -0.000002 -0.000000 -0.000000 -1.163030
 72 15.128181 0.000001 0.000001 0.089479 0.309197 0.659208
 73 5.758666 4.244730 -0.000001 -0.000000 -0.000000 1.815142
 74 4.003934 -0.000000 0.000001 0.000000 0.000000 0.000000
 75 15.708954 0.000001 0.000002 0.042277 0.226871 0.443133
 76 0.273998 0.191089 3.439762 -3.130907 -0.000437 -1.508107
 77 17.210194 -0.000001 -0.000002 0.000000 -0.000000 -1.937080
 78 -0.000000 -0.000001 5.000000 -0.079319 1.595025 -1.570742
 79 0.000004 -0.000004 -3.713580 0.365818 2.880119 -0.191589
 80 0.000002 -0.000000 5.000000 3.053196 1.558589 -0.074928
 81 -0.000007 0.000006 3.713580 -0.001619 -3.122277 -0.475127
 82 0.000002 -0.000001 -5.000000 -0.088726 1.558589 3.066334
 83 7.363602 1.646647 0.495663 3.141593 -1.570796 0.000000
end
