version 1
nodes
  0 "Bip01"  -1
  1 "Bip01 Footsteps"   0
  2 "Bip01 Pelvis"   0
  3 "Bip01 Spine"   2
  4 "Bip01 Spine1"   3
  5 "Bip01 Spine2"   4
  6 "Bip01 Spine3"   5
  7 "Bip01 Neck"   6
  8 "Bip01 Head"   7
  9 "Dummy21"   8
 10 "Bip01 L Clavicle"   7
 11 "Bip01 L UpperArm"  10
 12 "Bip01 L Forearm"  11
 13 "Bip01 L Hand"  12
 14 "Bip01 L Finger0"  13
 15 "Bip01 L Finger01"  14
 16 "Dummy06"  15
 17 "Bip01 L Finger1"  13
 18 "Bip01 L Finger11"  17
 19 "Dummy03"  18
 20 "-- L knuckle"  17
 21 "-- L knuckle_end"  20
 22 "Line02"  13
 23 "-- L Forearm twist"  12
 24 "-- L Forearm twist_end"  23
 25 "-- L wrist"  12
 26 "-- L wrist_end"  25
 27 "-- L Elbow"  11
 28 "--L Elbow_end"  27
 29 "-- L bicep twist"  11
 30 "-- L bicep twist_end"  29
 31 "-- L shoulder outside"  10
 32 "-- L shoulder outside_end"  31
 33 "-- L Shoulder inside"  10
 34 "-- L Shoulder inside_end"  33
 35 "Bip01 R Clavicle"   7
 36 "Bip01 R UpperArm"  35
 37 "Bip01 R Forearm"  36
 38 "Bip01 R Hand"  37
 39 "Bip01 R Finger0"  38
 40 "Bip01 R Finger01"  39
 41 "Dummy01"  40
 42 "Bip01 R Finger1"  38
 43 "Bip01 R Finger11"  42
 44 "Dummy02"  43
 45 "-- R knuckle"  42
 46 "Point06"  45
 47 "Line01"  38
 48 "-- R wrist"  37
 49 "-- R wrist_end"  48
 50 "-- R forearm twist"  37
 51 "-- R forearm twist_end"  50
 52 "-- R Elbow"  36
 53 "--R Elbow_end"  52
 54 "-- R bicep twist"  36
 55 "-- R bicep twist_end"  54
 56 "-- R Shoulder inside"  35
 57 "-- R Shoulder inside_end"  56
 58 "-- R shoulder outside"  35
 59 "-- R shoulder outside_end"  58
 60 "-- Neck smooth"   6
 61 "-- neck smooth end"  60
 62 "-- R Butt"   2
 63 "--R Butt_end"  62
 64 "-- L butt"   2
 65 "--L butt_end"  64
 66 "GIGN01"   2
 67 "Bip01 L Thigh"   2
 68 "Bip01 L Calf"  67
 69 "Bip01 L Foot"  68
 70 "Bip01 L Toe0"  69
 71 "Dummy16"  70
 72 "-- L ankle"  68
 73 "-- L ankleend"  72
 74 "-- L Knee"  67
 75 "--L Knee_end"  74
 76 "Bip01 R Thigh"   2
 77 "Bip01 R Calf"  76
 78 "Bip01 R Foot"  77
 79 "Bip01 R Toe0"  78
 80 "Dummy11"  79
 81 "-- R Ankle"  77
 82 "-- R ankleend"  81
 83 "-- R Knee"  76
 84 "--R Knee_end"  83
end
skeleton
time 0
  0 0.000000 0.000000 33.899605 -0.025849 0.174554 -1.569172
  1 5.685104 0.833236 -32.227169 -0.174512 -0.026131 1.569196
  2 -2.276935 0.000003 -1.238188 -1.570795 -1.570451 0.000000
  3 1.796874 0.711820 -0.000294 0.089254 0.072101 -0.076186
  4 4.118775 -0.003263 -0.000292 0.089188 -0.024057 0.049425
  5 4.118768 -0.003262 -0.000292 0.089214 -0.037006 0.048311
  6 4.118774 -0.003262 -0.000292 0.089189 -0.024049 0.049337
  7 4.118462 -0.003503 -0.000476 0.135137 0.069927 -0.029726
  8 4.443599 -0.000001 0.000000 0.912549 0.246851 -0.376240
  9 9.024063 0.000001 -0.000000 0.000000 0.000000 0.000000
 10 -0.121062 0.236404 1.712729 1.666749 -1.433060 1.503065
 11 6.384778 0.000000 -0.000001 -1.401780 0.073365 -0.342980
 12 10.242682 0.000001 0.000000 0.000000 0.000000 -1.725753
 13 11.375563 0.000001 0.000001 -2.145398 -0.335451 1.048339
 14 0.728682 0.023431 -1.008296 1.627471 0.842372 0.191441
 15 2.136489 0.000000 0.000000 -0.000000 0.000000 0.898845
 16 2.313142 -0.000003 -0.000000 0.000000 0.000000 0.000000
 17 3.115507 -0.886041 -0.021434 -0.523248 -0.008991 0.590544
 18 2.011148 -0.000002 0.000006 -0.000000 -0.000000 1.951110
 19 2.141379 -0.000001 -0.000004 0.000000 0.000000 0.000000
 20 1.734172 0.000001 0.000002 0.000000 -0.000000 0.976392
 21 0.000003 -4.440590 0.000001 1.570544 -0.062990 -0.195737
 22 4.112855 -0.572203 -1.309459 -1.644301 0.094718 0.119721
 23 6.000000 0.000002 -0.000000 -1.980123 -0.000000 0.000000
 24 0.000000 -4.440601 0.000000 1.569944 -0.062987 0.004053
 25 11.375562 0.000001 0.000003 -1.806486 -0.239536 0.483721
 26 -0.000001 -4.440603 -0.000000 1.570144 -0.062988 0.004040
 27 10.510130 0.000000 0.000000 -0.000000 0.000000 -2.433673
 28 0.000000 -1.748398 5.000000 -0.000000 0.004007 1.602291
 29 5.500000 0.000002 -0.000000 0.523075 0.000000 -0.000000
 30 -0.000001 -1.940598 5.000001 -0.044472 0.004003 -0.000180
 31 6.551492 0.000000 -0.000003 -0.992194 0.164508 -0.389110
 32 0.000001 -1.940602 5.000004 -0.027189 -0.053376 0.005295
 33 6.551492 0.000000 -0.000003 -0.423839 0.122047 -0.146176
 34 -0.000000 -1.940599 4.999997 -0.066572 -0.152786 -0.110311
 35 0.121067 -0.229329 -1.712728 2.915246 1.306180 -0.184408
 36 6.384777 0.000000 -0.000003 0.500666 0.260919 -1.362639
 37 10.242682 0.000001 0.000001 0.000000 0.000000 -1.746103
 38 11.375560 -0.000001 0.000001 2.759791 0.555139 0.594905
 39 0.728682 0.023431 1.008294 -1.627471 -0.842372 0.191441
 40 2.136498 0.000001 -0.000000 0.000000 0.000000 0.898844
 41 2.313136 0.000001 -0.000000 0.000000 0.000000 3.141593
 42 3.115506 -0.886040 0.021431 0.523248 0.008990 0.590544
 43 2.011152 0.000001 0.000000 0.000000 -0.000000 1.951110
 44 2.141381 0.000000 0.000000 0.000000 0.000000 3.141593
 45 1.734174 -0.000000 0.000002 -0.000000 0.000000 0.976392
 46 0.136314 -3.738194 2.525893 1.493698 2.759406 -1.474501
 47 3.771411 0.416400 1.053533 1.765650 0.074575 0.195753
 48 11.389366 -0.000821 0.158783 2.095717 0.366357 0.191114
 49 -0.000001 -4.440600 -0.000001 1.570144 -3.078602 0.004040
 50 5.999999 -0.000001 0.000001 2.095717 0.000000 -0.000000
 51 0.000001 -4.440602 -0.000001 1.569944 -3.078603 0.004053
 52 10.510132 0.000000 0.000001 -0.000000 -0.000000 -2.443848
 53 0.000000 -1.748398 -5.000002 -3.141593 0.004007 -1.539299
 54 5.500000 0.000000 0.000001 -0.228502 0.000000 0.000000
 55 0.000001 0.000000 -4.999999 -0.044472 3.137589 -0.000177
 56 6.551491 -0.000000 -0.000002 0.228502 -0.010053 -0.386438
 57 -1.266843 -1.937443 -4.950560 -0.066572 -2.988806 -0.110308
 58 6.551491 -0.000000 -0.000002 0.228502 -0.010053 -0.386438
 59 0.699370 -1.944208 -5.006849 -0.027189 -3.088217 0.005298
 60 4.226148 -0.003202 0.000000 0.068913 0.037196 -0.018875
 61 -0.000001 5.000000 -0.000001 -0.153564 0.000087 2.718702
 62 0.000007 -0.000005 -3.713579 0.365818 2.880119 -0.191589
 63 0.000001 -0.000000 5.000000 3.053196 1.558589 -0.074928
 64 -0.000003 0.000005 3.713579 -0.001619 -3.122277 -0.475127
 65 0.000004 -0.000000 -5.000000 -0.088726 1.558589 3.066335
 66 7.363605 1.646647 0.495663 3.141593 -1.570796 0.000000
 67 -0.000001 0.000006 3.619080 0.008255 -3.110080 -0.985231
 68 16.573921 0.000000 -0.000000 -0.000000 -0.000000 -1.065827
 69 15.128181 0.000000 0.000000 -0.102296 0.010178 0.114297
 70 5.758665 4.244731 0.000000 0.000000 0.000000 1.667687
 71 3.177725 0.000000 0.000000 0.000000 0.000000 3.141593
 72 15.708952 0.000001 0.000000 -0.051525 0.003996 0.061523
 73 0.275148 0.189215 -3.445208 3.130898 0.000409 -1.514604
 74 17.210194 -0.000000 0.000000 -0.000000 -0.000000 -1.893339
 75 -0.000000 -0.000000 -4.999999 -0.079433 1.546568 -1.570857
 76 0.000005 -0.000003 -3.619080 0.577895 2.675801 -0.242118
 77 16.573921 -0.000000 -0.000001 -0.000000 -0.000000 -1.163030
 78 15.128182 0.000001 0.000000 0.089479 0.309197 0.659208
 79 5.758666 4.244731 -0.000001 -0.000000 -0.000000 1.815142
 80 4.003934 -0.000000 0.000001 0.000000 0.000000 0.000000
 81 15.708953 0.000001 0.000001 0.042277 0.226871 0.443133
 82 0.273998 0.191089 3.439762 -3.130907 -0.000437 -1.508107
 83 17.210192 -0.000001 -0.000002 0.000000 -0.000000 -1.937080
 84 0.000001 -0.000002 5.000000 -0.079319 1.595025 -1.570742
time 1
  0 0.000000 0.000000 33.899605 -0.025849 0.174554 -1.569172
  1 5.685104 0.833236 -32.227169 -0.174512 -0.026131 1.569196
  2 -2.276935 0.000003 -1.238188 -1.570795 -1.570451 0.000000
  3 1.796874 0.711820 -0.000294 0.089254 0.072101 -0.076186
  4 4.118775 -0.003263 -0.000292 0.089188 -0.024057 0.049425
  5 4.118768 -0.003262 -0.000292 0.089214 -0.037006 0.048311
  6 4.118774 -0.003262 -0.000292 0.089189 -0.024049 0.049337
  7 4.118462 -0.003503 -0.000476 0.135137 0.069927 -0.029726
  8 4.443599 -0.000001 0.000000 0.912549 0.246851 -0.376240
  9 9.024063 0.000001 -0.000000 0.000000 0.000000 0.000000
 10 -0.121062 0.236404 1.712729 1.666749 -1.433060 1.503065
 11 6.384778 0.000000 -0.000001 -1.401780 0.073365 -0.342980
 12 10.242682 0.000001 0.000000 0.000000 0.000000 -1.725753
 13 11.375563 0.000001 0.000001 -2.145398 -0.335451 1.048339
 14 0.728682 0.023431 -1.008296 1.627471 0.842372 0.191441
 15 2.136489 0.000000 0.000000 -0.000000 0.000000 0.898845
 16 2.313142 -0.000003 -0.000000 0.000000 0.000000 0.000000
 17 3.115507 -0.886041 -0.021434 -0.523248 -0.008991 0.590544
 18 2.011148 -0.000002 0.000006 -0.000000 -0.000000 1.951110
 19 2.141379 -0.000001 -0.000004 0.000000 0.000000 0.000000
 20 1.734172 0.000001 0.000002 0.000000 -0.000000 0.976392
 21 0.000003 -4.440590 0.000001 1.570544 -0.062990 -0.195737
 22 4.112855 -0.572203 -1.309459 -1.644301 0.094718 0.119721
 23 6.000000 0.000002 -0.000000 -1.980123 -0.000000 0.000000
 24 0.000000 -4.440601 0.000000 1.569944 -0.062987 0.004053
 25 11.375562 0.000001 0.000003 -1.806486 -0.239536 0.483721
 26 -0.000001 -4.440603 -0.000000 1.570144 -0.062988 0.004040
 27 10.510130 0.000000 0.000000 -0.000000 0.000000 -2.433673
 28 0.000000 -1.748398 5.000000 -0.000000 0.004007 1.602291
 29 5.500000 0.000002 -0.000000 0.523075 0.000000 -0.000000
 30 -0.000001 -1.940598 5.000001 -0.044472 0.004003 -0.000180
 31 6.551492 0.000000 -0.000003 -0.992194 0.164508 -0.389110
 32 0.000001 -1.940602 5.000004 -0.027189 -0.053376 0.005295
 33 6.551492 0.000000 -0.000003 -0.423839 0.122047 -0.146176
 34 -0.000000 -1.940599 4.999997 -0.066572 -0.152786 -0.110311
 35 0.121067 -0.229329 -1.712728 2.915246 1.306180 -0.184408
 36 6.384777 0.000000 -0.000003 0.500666 0.260919 -1.362639
 37 10.242682 0.000001 0.000001 0.000000 0.000000 -1.746103
 38 11.375560 -0.000001 0.000001 2.759791 0.555139 0.594905
 39 0.728682 0.023431 1.008294 -1.627471 -0.842372 0.191441
 40 2.136498 0.000001 -0.000000 0.000000 0.000000 0.898844
 41 2.313136 0.000001 -0.000000 0.000000 0.000000 3.141593
 42 3.115506 -0.886040 0.021431 0.523248 0.008990 0.590544
 43 2.011152 0.000001 0.000000 0.000000 -0.000000 1.951110
 44 2.141381 0.000000 0.000000 0.000000 0.000000 3.141593
 45 1.734174 -0.000000 0.000002 -0.000000 0.000000 0.976392
 46 0.136314 -3.738194 2.525893 1.493698 2.759406 -1.474501
 47 3.771411 0.416400 1.053533 1.765650 0.074575 0.195753
 48 11.389366 -0.000821 0.158783 2.095717 0.366357 0.191114
 49 -0.000001 -4.440600 -0.000001 1.570144 -3.078602 0.004040
 50 5.999999 -0.000001 0.000001 2.095717 0.000000 -0.000000
 51 0.000001 -4.440602 -0.000001 1.569944 -3.078603 0.004053
 52 10.510132 0.000000 0.000001 -0.000000 -0.000000 -2.443848
 53 0.000000 -1.748398 -5.000002 -3.141593 0.004007 -1.539299
 54 5.500000 0.000000 0.000001 -0.228502 0.000000 0.000000
 55 0.000001 0.000000 -4.999999 -0.044472 3.137589 -0.000177
 56 6.551491 -0.000000 -0.000002 0.228502 -0.010053 -0.386438
 57 -1.266843 -1.937443 -4.950560 -0.066572 -2.988806 -0.110308
 58 6.551491 -0.000000 -0.000002 0.228502 -0.010053 -0.386438
 59 0.699370 -1.944208 -5.006849 -0.027189 -3.088217 0.005298
 60 4.226148 -0.003202 0.000000 0.068913 0.037196 -0.018875
 61 -0.000001 5.000000 -0.000001 -0.153564 0.000087 2.718702
 62 0.000007 -0.000005 -3.713579 0.365818 2.880119 -0.191589
 63 0.000001 -0.000000 5.000000 3.053196 1.558589 -0.074928
 64 -0.000003 0.000005 3.713579 -0.001619 -3.122277 -0.475127
 65 0.000004 -0.000000 -5.000000 -0.088726 1.558589 3.066335
 66 7.363605 1.646647 0.495663 3.141593 -1.570796 0.000000
 67 -0.000001 0.000006 3.619080 0.008255 -3.110080 -0.985231
 68 16.573921 0.000000 -0.000000 -0.000000 -0.000000 -1.065827
 69 15.128181 0.000000 0.000000 -0.102296 0.010178 0.114297
 70 5.758665 4.244731 0.000000 0.000000 0.000000 1.667687
 71 3.177725 0.000000 0.000000 0.000000 0.000000 3.141593
 72 15.708952 0.000001 0.000000 -0.051525 0.003996 0.061523
 73 0.275148 0.189215 -3.445208 3.130898 0.000409 -1.514604
 74 17.210194 -0.000000 0.000000 -0.000000 -0.000000 -1.893339
 75 -0.000000 -0.000000 -4.999999 -0.079433 1.546568 -1.570857
 76 0.000005 -0.000003 -3.619080 0.577895 2.675801 -0.242118
 77 16.573921 -0.000000 -0.000001 -0.000000 -0.000000 -1.163030
 78 15.128182 0.000001 0.000000 0.089479 0.309197 0.659208
 79 5.758666 4.244731 -0.000001 -0.000000 -0.000000 1.815142
 80 4.003934 -0.000000 0.000001 0.000000 0.000000 0.000000
 81 15.708953 0.000001 0.000001 0.042277 0.226871 0.443133
 82 0.273998 0.191089 3.439762 -3.130907 -0.000437 -1.508107
 83 17.210192 -0.000001 -0.000002 0.000000 -0.000000 -1.937080
 84 0.000001 -0.000002 5.000000 -0.079319 1.595025 -1.570742
time 2
  0 0.000000 0.000000 33.899605 -0.025849 0.174554 -1.569172
  1 5.685104 0.833236 -32.227169 -0.174512 -0.026131 1.569196
  2 -2.276935 0.000003 -1.238188 -1.570795 -1.570451 0.000000
  3 1.796874 0.711820 -0.000294 0.089254 0.072101 -0.076186
  4 4.118775 -0.003263 -0.000292 0.089188 -0.024057 0.049425
  5 4.118768 -0.003262 -0.000292 0.089214 -0.037006 0.048311
  6 4.118774 -0.003262 -0.000292 0.089189 -0.024049 0.049337
  7 4.118462 -0.003503 -0.000476 0.135137 0.069927 -0.029726
  8 4.443599 -0.000001 0.000000 0.912549 0.246851 -0.376240
  9 9.024063 0.000001 -0.000000 0.000000 0.000000 0.000000
 10 -0.121062 0.236404 1.712729 1.666749 -1.433060 1.503065
 11 6.384778 0.000000 -0.000001 -1.401780 0.073365 -0.342980
 12 10.242682 0.000001 0.000000 0.000000 0.000000 -1.725753
 13 11.375563 0.000001 0.000001 -2.145398 -0.335451 1.048339
 14 0.728682 0.023431 -1.008296 1.627471 0.842372 0.191441
 15 2.136489 0.000000 0.000000 -0.000000 0.000000 0.898845
 16 2.313142 -0.000003 -0.000000 0.000000 0.000000 0.000000
 17 3.115507 -0.886041 -0.021434 -0.523248 -0.008991 0.590544
 18 2.011148 -0.000002 0.000006 -0.000000 -0.000000 1.951110
 19 2.141379 -0.000001 -0.000004 0.000000 0.000000 0.000000
 20 1.734172 0.000001 0.000002 0.000000 -0.000000 0.976392
 21 0.000003 -4.440590 0.000001 1.570544 -0.062990 -0.195737
 22 4.112855 -0.572203 -1.309459 -1.644301 0.094718 0.119721
 23 6.000000 0.000002 -0.000000 -1.980123 -0.000000 0.000000
 24 0.000000 -4.440601 0.000000 1.569944 -0.062987 0.004053
 25 11.375562 0.000001 0.000003 -1.806486 -0.239536 0.483721
 26 -0.000001 -4.440603 -0.000000 1.570144 -0.062988 0.004040
 27 10.510130 0.000000 0.000000 -0.000000 0.000000 -2.433673
 28 0.000000 -1.748398 5.000000 -0.000000 0.004007 1.602291
 29 5.500000 0.000002 -0.000000 0.523075 0.000000 -0.000000
 30 -0.000001 -1.940598 5.000001 -0.044472 0.004003 -0.000180
 31 6.551492 0.000000 -0.000003 -0.992194 0.164508 -0.389110
 32 0.000001 -1.940602 5.000004 -0.027189 -0.053376 0.005295
 33 6.551492 0.000000 -0.000003 -0.423839 0.122047 -0.146176
 34 -0.000000 -1.940599 4.999997 -0.066572 -0.152786 -0.110311
 35 0.121067 -0.229329 -1.712728 2.915246 1.306180 -0.184408
 36 6.384777 0.000000 -0.000003 0.500666 0.260919 -1.362639
 37 10.242682 0.000001 0.000001 0.000000 0.000000 -1.746103
 38 11.375560 -0.000001 0.000001 2.759791 0.555139 0.594905
 39 0.728682 0.023431 1.008294 -1.627471 -0.842372 0.191441
 40 2.136498 0.000001 -0.000000 0.000000 0.000000 0.898844
 41 2.313136 0.000001 -0.000000 0.000000 0.000000 3.141593
 42 3.115506 -0.886040 0.021431 0.523248 0.008990 0.590544
 43 2.011152 0.000001 0.000000 0.000000 -0.000000 1.951110
 44 2.141381 0.000000 0.000000 0.000000 0.000000 3.141593
 45 1.734174 -0.000000 0.000002 -0.000000 0.000000 0.976392
 46 0.136314 -3.738194 2.525893 1.493698 2.759406 -1.474501
 47 3.771411 0.416400 1.053533 1.765650 0.074575 0.195753
 48 11.389366 -0.000821 0.158783 2.095717 0.366357 0.191114
 49 -0.000001 -4.440600 -0.000001 1.570144 -3.078602 0.004040
 50 5.999999 -0.000001 0.000001 2.095717 0.000000 -0.000000
 51 0.000001 -4.440602 -0.000001 1.569944 -3.078603 0.004053
 52 10.510132 0.000000 0.000001 -0.000000 -0.000000 -2.443848
 53 0.000000 -1.748398 -5.000002 -3.141593 0.004007 -1.539299
 54 5.500000 0.000000 0.000001 -0.228502 0.000000 0.000000
 55 0.000001 0.000000 -4.999999 -0.044472 3.137589 -0.000177
 56 6.551491 -0.000000 -0.000002 0.228502 -0.010053 -0.386438
 57 -1.266843 -1.937443 -4.950560 -0.066572 -2.988806 -0.110308
 58 6.551491 -0.000000 -0.000002 0.228502 -0.010053 -0.386438
 59 0.699370 -1.944208 -5.006849 -0.027189 -3.088217 0.005298
 60 4.226148 -0.003202 0.000000 0.068913 0.037196 -0.018875
 61 -0.000001 5.000000 -0.000001 -0.153564 0.000087 2.718702
 62 0.000007 -0.000005 -3.713579 0.365818 2.880119 -0.191589
 63 0.000001 -0.000000 5.000000 3.053196 1.558589 -0.074928
 64 -0.000003 0.000005 3.713579 -0.001619 -3.122277 -0.475127
 65 0.000004 -0.000000 -5.000000 -0.088726 1.558589 3.066335
 66 7.363605 1.646647 0.495663 3.141593 -1.570796 0.000000
 67 -0.000001 0.000006 3.619080 0.008255 -3.110080 -0.985231
 68 16.573921 0.000000 -0.000000 -0.000000 -0.000000 -1.065827
 69 15.128181 0.000000 0.000000 -0.102296 0.010178 0.114297
 70 5.758665 4.244731 0.000000 0.000000 0.000000 1.667687
 71 3.177725 0.000000 0.000000 0.000000 0.000000 3.141593
 72 15.708952 0.000001 0.000000 -0.051525 0.003996 0.061523
 73 0.275148 0.189215 -3.445208 3.130898 0.000409 -1.514604
 74 17.210194 -0.000000 0.000000 -0.000000 -0.000000 -1.893339
 75 -0.000000 -0.000000 -4.999999 -0.079433 1.546568 -1.570857
 76 0.000005 -0.000003 -3.619080 0.577895 2.675801 -0.242118
 77 16.573921 -0.000000 -0.000001 -0.000000 -0.000000 -1.163030
 78 15.128182 0.000001 0.000000 0.089479 0.309197 0.659208
 79 5.758666 4.244731 -0.000001 -0.000000 -0.000000 1.815142
 80 4.003934 -0.000000 0.000001 0.000000 0.000000 0.000000
 81 15.708953 0.000001 0.000001 0.042277 0.226871 0.443133
 82 0.273998 0.191089 3.439762 -3.130907 -0.000437 -1.508107
 83 17.210192 -0.000001 -0.000002 0.000000 -0.000000 -1.937080
 84 0.000001 -0.000002 5.000000 -0.079319 1.595025 -1.570742
time 3
  0 0.000000 0.000000 33.899605 -0.025849 0.174554 -1.569172
  1 5.685104 0.833236 -32.227169 -0.174512 -0.026131 1.569196
  2 -2.276935 0.000003 -1.238188 -1.570795 -1.570451 0.000000
  3 1.796874 0.711820 -0.000294 0.089254 0.072101 -0.076186
  4 4.118775 -0.003263 -0.000292 0.089188 -0.024057 0.049425
  5 4.118768 -0.003262 -0.000292 0.089214 -0.037006 0.048311
  6 4.118774 -0.003262 -0.000292 0.089189 -0.024049 0.049337
  7 4.118462 -0.003503 -0.000476 0.135137 0.069927 -0.029726
  8 4.443599 -0.000001 0.000000 0.912549 0.246851 -0.376240
  9 9.024063 0.000001 -0.000000 0.000000 0.000000 0.000000
 10 -0.121062 0.236404 1.712729 1.666749 -1.433060 1.503065
 11 6.384778 0.000000 -0.000001 -1.401780 0.073365 -0.342980
 12 10.242682 0.000001 0.000000 0.000000 0.000000 -1.725753
 13 11.375563 0.000001 0.000001 -2.145398 -0.335451 1.048339
 14 0.728682 0.023431 -1.008296 1.627471 0.842372 0.191441
 15 2.136489 0.000000 0.000000 -0.000000 0.000000 0.898845
 16 2.313142 -0.000003 -0.000000 0.000000 0.000000 0.000000
 17 3.115507 -0.886041 -0.021434 -0.523248 -0.008991 0.590544
 18 2.011148 -0.000002 0.000006 -0.000000 -0.000000 1.951110
 19 2.141379 -0.000001 -0.000004 0.000000 0.000000 0.000000
 20 1.734172 0.000001 0.000002 0.000000 -0.000000 0.976392
 21 0.000003 -4.440590 0.000001 1.570544 -0.062990 -0.195737
 22 4.112855 -0.572203 -1.309459 -1.644301 0.094718 0.119721
 23 6.000000 0.000002 -0.000000 -1.980123 -0.000000 0.000000
 24 0.000000 -4.440601 0.000000 1.569944 -0.062987 0.004053
 25 11.375562 0.000001 0.000003 -1.806486 -0.239536 0.483721
 26 -0.000001 -4.440603 -0.000000 1.570144 -0.062988 0.004040
 27 10.510130 0.000000 0.000000 -0.000000 0.000000 -2.433673
 28 0.000000 -1.748398 5.000000 -0.000000 0.004007 1.602291
 29 5.500000 0.000002 -0.000000 0.523075 0.000000 -0.000000
 30 -0.000001 -1.940598 5.000001 -0.044472 0.004003 -0.000180
 31 6.551492 0.000000 -0.000003 -0.992194 0.164508 -0.389110
 32 0.000001 -1.940602 5.000004 -0.027189 -0.053376 0.005295
 33 6.551492 0.000000 -0.000003 -0.423839 0.122047 -0.146176
 34 -0.000000 -1.940599 4.999997 -0.066572 -0.152786 -0.110311
 35 0.121067 -0.229329 -1.712728 2.915246 1.306180 -0.184408
 36 6.384777 0.000000 -0.000003 0.500666 0.260919 -1.362639
 37 10.242682 0.000001 0.000001 0.000000 0.000000 -1.746103
 38 11.375560 -0.000001 0.000001 2.759791 0.555139 0.594905
 39 0.728682 0.023431 1.008294 -1.627471 -0.842372 0.191441
 40 2.136498 0.000001 -0.000000 0.000000 0.000000 0.898844
 41 2.313136 0.000001 -0.000000 0.000000 0.000000 3.141593
 42 3.115506 -0.886040 0.021431 0.523248 0.008990 0.590544
 43 2.011152 0.000001 0.000000 0.000000 -0.000000 1.951110
 44 2.141381 0.000000 0.000000 0.000000 0.000000 3.141593
 45 1.734174 -0.000000 0.000002 -0.000000 0.000000 0.976392
 46 0.136314 -3.738194 2.525893 1.493698 2.759406 -1.474501
 47 3.771411 0.416400 1.053533 1.765650 0.074575 0.195753
 48 11.389366 -0.000821 0.158783 2.095717 0.366357 0.191114
 49 -0.000001 -4.440600 -0.000001 1.570144 -3.078602 0.004040
 50 5.999999 -0.000001 0.000001 2.095717 0.000000 -0.000000
 51 0.000001 -4.440602 -0.000001 1.569944 -3.078603 0.004053
 52 10.510132 0.000000 0.000001 -0.000000 -0.000000 -2.443848
 53 0.000000 -1.748398 -5.000002 -3.141593 0.004007 -1.539299
 54 5.500000 0.000000 0.000001 -0.228502 0.000000 0.000000
 55 0.000001 0.000000 -4.999999 -0.044472 3.137589 -0.000177
 56 6.551491 -0.000000 -0.000002 0.228502 -0.010053 -0.386438
 57 -1.266843 -1.937443 -4.950560 -0.066572 -2.988806 -0.110308
 58 6.551491 -0.000000 -0.000002 0.228502 -0.010053 -0.386438
 59 0.699370 -1.944208 -5.006849 -0.027189 -3.088217 0.005298
 60 4.226148 -0.003202 0.000000 0.068913 0.037196 -0.018875
 61 -0.000001 5.000000 -0.000001 -0.153564 0.000087 2.718702
 62 0.000007 -0.000005 -3.713579 0.365818 2.880119 -0.191589
 63 0.000001 -0.000000 5.000000 3.053196 1.558589 -0.074928
 64 -0.000003 0.000005 3.713579 -0.001619 -3.122277 -0.475127
 65 0.000004 -0.000000 -5.000000 -0.088726 1.558589 3.066335
 66 7.363605 1.646647 0.495663 3.141593 -1.570796 0.000000
 67 -0.000001 0.000006 3.619080 0.008255 -3.110080 -0.985231
 68 16.573921 0.000000 -0.000000 -0.000000 -0.000000 -1.065827
 69 15.128181 0.000000 0.000000 -0.102296 0.010178 0.114297
 70 5.758665 4.244731 0.000000 0.000000 0.000000 1.667687
 71 3.177725 0.000000 0.000000 0.000000 0.000000 3.141593
 72 15.708952 0.000001 0.000000 -0.051525 0.003996 0.061523
 73 0.275148 0.189215 -3.445208 3.130898 0.000409 -1.514604
 74 17.210194 -0.000000 0.000000 -0.000000 -0.000000 -1.893339
 75 -0.000000 -0.000000 -4.999999 -0.079433 1.546568 -1.570857
 76 0.000005 -0.000003 -3.619080 0.577895 2.675801 -0.242118
 77 16.573921 -0.000000 -0.000001 -0.000000 -0.000000 -1.163030
 78 15.128182 0.000001 0.000000 0.089479 0.309197 0.659208
 79 5.758666 4.244731 -0.000001 -0.000000 -0.000000 1.815142
 80 4.003934 -0.000000 0.000001 0.000000 0.000000 0.000000
 81 15.708953 0.000001 0.000001 0.042277 0.226871 0.443133
 82 0.273998 0.191089 3.439762 -3.130907 -0.000437 -1.508107
 83 17.210192 -0.000001 -0.000002 0.000000 -0.000000 -1.937080
 84 0.000001 -0.000002 5.000000 -0.079319 1.595025 -1.570742
time 4
  0 0.000000 0.000000 33.899605 -0.025849 0.174554 -1.569172
  1 5.685104 0.833236 -32.227169 -0.174512 -0.026131 1.569196
  2 -2.276935 0.000003 -1.238188 -1.570795 -1.570451 0.000000
  3 1.796874 0.711820 -0.000294 0.089254 0.072101 -0.076186
  4 4.118775 -0.003263 -0.000292 0.089188 -0.024057 0.049425
  5 4.118768 -0.003262 -0.000292 0.089214 -0.037006 0.048311
  6 4.118774 -0.003262 -0.000292 0.089189 -0.024049 0.049337
  7 4.118462 -0.003503 -0.000476 0.135137 0.069927 -0.029726
  8 4.443599 -0.000001 0.000000 0.912549 0.246851 -0.376240
  9 9.024063 0.000001 -0.000000 0.000000 0.000000 0.000000
 10 -0.121062 0.236404 1.712729 1.666749 -1.433060 1.503065
 11 6.384778 0.000000 -0.000001 -1.401780 0.073365 -0.342980
 12 10.242682 0.000001 0.000000 0.000000 0.000000 -1.725753
 13 11.375563 0.000001 0.000001 -2.145398 -0.335451 1.048339
 14 0.728682 0.023431 -1.008296 1.627471 0.842372 0.191441
 15 2.136489 0.000000 0.000000 -0.000000 0.000000 0.898845
 16 2.313142 -0.000003 -0.000000 0.000000 0.000000 0.000000
 17 3.115507 -0.886041 -0.021434 -0.523248 -0.008991 0.590544
 18 2.011148 -0.000002 0.000006 -0.000000 -0.000000 1.951110
 19 2.141379 -0.000001 -0.000004 0.000000 0.000000 0.000000
 20 1.734172 0.000001 0.000002 0.000000 -0.000000 0.976392
 21 0.000003 -4.440590 0.000001 1.570544 -0.062990 -0.195737
 22 4.112855 -0.572203 -1.309459 -1.644301 0.094718 0.119721
 23 6.000000 0.000002 -0.000000 -1.980123 -0.000000 0.000000
 24 0.000000 -4.440601 0.000000 1.569944 -0.062987 0.004053
 25 11.375562 0.000001 0.000003 -1.806486 -0.239536 0.483721
 26 -0.000001 -4.440603 -0.000000 1.570144 -0.062988 0.004040
 27 10.510130 0.000000 0.000000 -0.000000 0.000000 -2.433673
 28 0.000000 -1.748398 5.000000 -0.000000 0.004007 1.602291
 29 5.500000 0.000002 -0.000000 0.523075 0.000000 -0.000000
 30 -0.000001 -1.940598 5.000001 -0.044472 0.004003 -0.000180
 31 6.551492 0.000000 -0.000003 -0.992194 0.164508 -0.389110
 32 0.000001 -1.940602 5.000004 -0.027189 -0.053376 0.005295
 33 6.551492 0.000000 -0.000003 -0.423839 0.122047 -0.146176
 34 -0.000000 -1.940599 4.999997 -0.066572 -0.152786 -0.110311
 35 0.121067 -0.229329 -1.712728 2.915246 1.306180 -0.184408
 36 6.384777 0.000000 -0.000003 0.500666 0.260919 -1.362639
 37 10.242682 0.000001 0.000001 0.000000 0.000000 -1.746103
 38 11.375560 -0.000001 0.000001 2.759791 0.555139 0.594905
 39 0.728682 0.023431 1.008294 -1.627471 -0.842372 0.191441
 40 2.136498 0.000001 -0.000000 0.000000 0.000000 0.898844
 41 2.313136 0.000001 -0.000000 0.000000 0.000000 3.141593
 42 3.115506 -0.886040 0.021431 0.523248 0.008990 0.590544
 43 2.011152 0.000001 0.000000 0.000000 -0.000000 1.951110
 44 2.141381 0.000000 0.000000 0.000000 0.000000 3.141593
 45 1.734174 -0.000000 0.000002 -0.000000 0.000000 0.976392
 46 0.136314 -3.738194 2.525893 1.493698 2.759406 -1.474501
 47 3.771411 0.416400 1.053533 1.765650 0.074575 0.195753
 48 11.389366 -0.000821 0.158783 2.095717 0.366357 0.191114
 49 -0.000001 -4.440600 -0.000001 1.570144 -3.078602 0.004040
 50 5.999999 -0.000001 0.000001 2.095717 0.000000 -0.000000
 51 0.000001 -4.440602 -0.000001 1.569944 -3.078603 0.004053
 52 10.510132 0.000000 0.000001 -0.000000 -0.000000 -2.443848
 53 0.000000 -1.748398 -5.000002 -3.141593 0.004007 -1.539299
 54 5.500000 0.000000 0.000001 -0.228502 0.000000 0.000000
 55 0.000001 0.000000 -4.999999 -0.044472 3.137589 -0.000177
 56 6.551491 -0.000000 -0.000002 0.228502 -0.010053 -0.386438
 57 -1.266843 -1.937443 -4.950560 -0.066572 -2.988806 -0.110308
 58 6.551491 -0.000000 -0.000002 0.228502 -0.010053 -0.386438
 59 0.699370 -1.944208 -5.006849 -0.027189 -3.088217 0.005298
 60 4.226148 -0.003202 0.000000 0.068913 0.037196 -0.018875
 61 -0.000001 5.000000 -0.000001 -0.153564 0.000087 2.718702
 62 0.000007 -0.000005 -3.713579 0.365818 2.880119 -0.191589
 63 0.000001 -0.000000 5.000000 3.053196 1.558589 -0.074928
 64 -0.000003 0.000005 3.713579 -0.001619 -3.122277 -0.475127
 65 0.000004 -0.000000 -5.000000 -0.088726 1.558589 3.066335
 66 7.363605 1.646647 0.495663 3.141593 -1.570796 0.000000
 67 -0.000001 0.000006 3.619080 0.008255 -3.110080 -0.985231
 68 16.573921 0.000000 -0.000000 -0.000000 -0.000000 -1.065827
 69 15.128181 0.000000 0.000000 -0.102296 0.010178 0.114297
 70 5.758665 4.244731 0.000000 0.000000 0.000000 1.667687
 71 3.177725 0.000000 0.000000 0.000000 0.000000 3.141593
 72 15.708952 0.000001 0.000000 -0.051525 0.003996 0.061523
 73 0.275148 0.189215 -3.445208 3.130898 0.000409 -1.514604
 74 17.210194 -0.000000 0.000000 -0.000000 -0.000000 -1.893339
 75 -0.000000 -0.000000 -4.999999 -0.079433 1.546568 -1.570857
 76 0.000005 -0.000003 -3.619080 0.577895 2.675801 -0.242118
 77 16.573921 -0.000000 -0.000001 -0.000000 -0.000000 -1.163030
 78 15.128182 0.000001 0.000000 0.089479 0.309197 0.659208
 79 5.758666 4.244731 -0.000001 -0.000000 -0.000000 1.815142
 80 4.003934 -0.000000 0.000001 0.000000 0.000000 0.000000
 81 15.708953 0.000001 0.000001 0.042277 0.226871 0.443133
 82 0.273998 0.191089 3.439762 -3.130907 -0.000437 -1.508107
 83 17.210192 -0.000001 -0.000002 0.000000 -0.000000 -1.937080
 84 0.000001 -0.000002 5.000000 -0.079319 1.595025 -1.570742
time 5
  0 0.000000 0.000000 33.899605 -0.025849 0.174554 -1.569172
  1 5.685104 0.833236 -32.227169 -0.174512 -0.026131 1.569196
  2 -2.276935 0.000003 -1.238188 -1.570795 -1.570451 0.000000
  3 1.796874 0.711820 -0.000294 0.089254 0.072101 -0.076186
  4 4.118775 -0.003263 -0.000292 0.089188 -0.024057 0.049425
  5 4.118768 -0.003262 -0.000292 0.089214 -0.037006 0.048311
  6 4.118774 -0.003262 -0.000292 0.089189 -0.024049 0.049337
  7 4.118462 -0.003503 -0.000476 0.135137 0.069927 -0.029726
  8 4.443599 -0.000001 0.000000 0.912549 0.246851 -0.376240
  9 9.024063 0.000001 -0.000000 0.000000 0.000000 0.000000
 10 -0.121062 0.236404 1.712729 1.666749 -1.433060 1.503065
 11 6.384778 0.000000 -0.000001 -1.401780 0.073365 -0.342980
 12 10.242682 0.000001 0.000000 0.000000 0.000000 -1.725753
 13 11.375563 0.000001 0.000001 -2.145398 -0.335451 1.048339
 14 0.728682 0.023431 -1.008296 1.627471 0.842372 0.191441
 15 2.136489 0.000000 0.000000 -0.000000 0.000000 0.898845
 16 2.313142 -0.000003 -0.000000 0.000000 0.000000 0.000000
 17 3.115507 -0.886041 -0.021434 -0.523248 -0.008991 0.590544
 18 2.011148 -0.000002 0.000006 -0.000000 -0.000000 1.951110
 19 2.141379 -0.000001 -0.000004 0.000000 0.000000 0.000000
 20 1.734172 0.000001 0.000002 0.000000 -0.000000 0.976392
 21 0.000003 -4.440590 0.000001 1.570544 -0.062990 -0.195737
 22 4.112855 -0.572203 -1.309459 -1.644301 0.094718 0.119721
 23 6.000000 0.000002 -0.000000 -1.980123 -0.000000 0.000000
 24 0.000000 -4.440601 0.000000 1.569944 -0.062987 0.004053
 25 11.375562 0.000001 0.000003 -1.806486 -0.239536 0.483721
 26 -0.000001 -4.440603 -0.000000 1.570144 -0.062988 0.004040
 27 10.510130 0.000000 0.000000 -0.000000 0.000000 -2.433673
 28 0.000000 -1.748398 5.000000 -0.000000 0.004007 1.602291
 29 5.500000 0.000002 -0.000000 0.523075 0.000000 -0.000000
 30 -0.000001 -1.940598 5.000001 -0.044472 0.004003 -0.000180
 31 6.551492 0.000000 -0.000003 -0.992194 0.164508 -0.389110
 32 0.000001 -1.940602 5.000004 -0.027189 -0.053376 0.005295
 33 6.551492 0.000000 -0.000003 -0.423839 0.122047 -0.146176
 34 -0.000000 -1.940599 4.999997 -0.066572 -0.152786 -0.110311
 35 0.121067 -0.229329 -1.712728 2.915246 1.306180 -0.184408
 36 6.384777 0.000000 -0.000003 0.500666 0.260919 -1.362639
 37 10.242682 0.000001 0.000001 0.000000 0.000000 -1.746103
 38 11.375560 -0.000001 0.000001 2.759791 0.555139 0.594905
 39 0.728682 0.023431 1.008294 -1.627471 -0.842372 0.191441
 40 2.136498 0.000001 -0.000000 0.000000 0.000000 0.898844
 41 2.313136 0.000001 -0.000000 0.000000 0.000000 3.141593
 42 3.115506 -0.886040 0.021431 0.523248 0.008990 0.590544
 43 2.011152 0.000001 0.000000 0.000000 -0.000000 1.951110
 44 2.141381 0.000000 0.000000 0.000000 0.000000 3.141593
 45 1.734174 -0.000000 0.000002 -0.000000 0.000000 0.976392
 46 0.136314 -3.738194 2.525893 1.493698 2.759406 -1.474501
 47 3.771411 0.416400 1.053533 1.765650 0.074575 0.195753
 48 11.389366 -0.000821 0.158783 2.095717 0.366357 0.191114
 49 -0.000001 -4.440600 -0.000001 1.570144 -3.078602 0.004040
 50 5.999999 -0.000001 0.000001 2.095717 0.000000 -0.000000
 51 0.000001 -4.440602 -0.000001 1.569944 -3.078603 0.004053
 52 10.510132 0.000000 0.000001 -0.000000 -0.000000 -2.443848
 53 0.000000 -1.748398 -5.000002 -3.141593 0.004007 -1.539299
 54 5.500000 0.000000 0.000001 -0.228502 0.000000 0.000000
 55 0.000001 0.000000 -4.999999 -0.044472 3.137589 -0.000177
 56 6.551491 -0.000000 -0.000002 0.228502 -0.010053 -0.386438
 57 -1.266843 -1.937443 -4.950560 -0.066572 -2.988806 -0.110308
 58 6.551491 -0.000000 -0.000002 0.228502 -0.010053 -0.386438
 59 0.699370 -1.944208 -5.006849 -0.027189 -3.088217 0.005298
 60 4.226148 -0.003202 0.000000 0.068913 0.037196 -0.018875
 61 -0.000001 5.000000 -0.000001 -0.153564 0.000087 2.718702
 62 0.000007 -0.000005 -3.713579 0.365818 2.880119 -0.191589
 63 0.000001 -0.000000 5.000000 3.053196 1.558589 -0.074928
 64 -0.000003 0.000005 3.713579 -0.001619 -3.122277 -0.475127
 65 0.000004 -0.000000 -5.000000 -0.088726 1.558589 3.066335
 66 7.363605 1.646647 0.495663 3.141593 -1.570796 0.000000
 67 -0.000001 0.000006 3.619080 0.008255 -3.110080 -0.985231
 68 16.573921 0.000000 -0.000000 -0.000000 -0.000000 -1.065827
 69 15.128181 0.000000 0.000000 -0.102296 0.010178 0.114297
 70 5.758665 4.244731 0.000000 0.000000 0.000000 1.667687
 71 3.177725 0.000000 0.000000 0.000000 0.000000 3.141593
 72 15.708952 0.000001 0.000000 -0.051525 0.003996 0.061523
 73 0.275148 0.189215 -3.445208 3.130898 0.000409 -1.514604
 74 17.210194 -0.000000 0.000000 -0.000000 -0.000000 -1.893339
 75 -0.000000 -0.000000 -4.999999 -0.079433 1.546568 -1.570857
 76 0.000005 -0.000003 -3.619080 0.577895 2.675801 -0.242118
 77 16.573921 -0.000000 -0.000001 -0.000000 -0.000000 -1.163030
 78 15.128182 0.000001 0.000000 0.089479 0.309197 0.659208
 79 5.758666 4.244731 -0.000001 -0.000000 -0.000000 1.815142
 80 4.003934 -0.000000 0.000001 0.000000 0.000000 0.000000
 81 15.708953 0.000001 0.000001 0.042277 0.226871 0.443133
 82 0.273998 0.191089 3.439762 -3.130907 -0.000437 -1.508107
 83 17.210192 -0.000001 -0.000002 0.000000 -0.000000 -1.937080
 84 0.000001 -0.000002 5.000000 -0.079319 1.595025 -1.570742
time 6
  0 0.000000 0.000000 33.899605 -0.025849 0.174554 -1.569172
  1 5.685104 0.833236 -32.227169 -0.174512 -0.026131 1.569196
  2 -2.276935 0.000003 -1.238188 -1.570795 -1.570451 0.000000
  3 1.796874 0.711820 -0.000294 0.089254 0.072101 -0.076186
  4 4.118775 -0.003263 -0.000292 0.089188 -0.024057 0.049425
  5 4.118768 -0.003262 -0.000292 0.089214 -0.037006 0.048311
  6 4.118774 -0.003262 -0.000292 0.089189 -0.024049 0.049337
  7 4.118462 -0.003503 -0.000476 0.135137 0.069927 -0.029726
  8 4.443599 -0.000001 0.000000 0.912549 0.246851 -0.376240
  9 9.024063 0.000001 -0.000000 0.000000 0.000000 0.000000
 10 -0.121062 0.236404 1.712729 1.666749 -1.433060 1.503065
 11 6.384778 0.000000 -0.000001 -1.401780 0.073365 -0.342980
 12 10.242682 0.000001 0.000000 0.000000 0.000000 -1.725753
 13 11.375563 0.000001 0.000001 -2.145398 -0.335451 1.048339
 14 0.728682 0.023431 -1.008296 1.627471 0.842372 0.191441
 15 2.136489 0.000000 0.000000 -0.000000 0.000000 0.898845
 16 2.313142 -0.000003 -0.000000 0.000000 0.000000 0.000000
 17 3.115507 -0.886041 -0.021434 -0.523248 -0.008991 0.590544
 18 2.011148 -0.000002 0.000006 -0.000000 -0.000000 1.951110
 19 2.141379 -0.000001 -0.000004 0.000000 0.000000 0.000000
 20 1.734172 0.000001 0.000002 0.000000 -0.000000 0.976392
 21 0.000003 -4.440590 0.000001 1.570544 -0.062990 -0.195737
 22 4.112855 -0.572203 -1.309459 -1.644301 0.094718 0.119721
 23 6.000000 0.000002 -0.000000 -1.980123 -0.000000 0.000000
 24 0.000000 -4.440601 0.000000 1.569944 -0.062987 0.004053
 25 11.375562 0.000001 0.000003 -1.806486 -0.239536 0.483721
 26 -0.000001 -4.440603 -0.000000 1.570144 -0.062988 0.004040
 27 10.510130 0.000000 0.000000 -0.000000 0.000000 -2.433673
 28 0.000000 -1.748398 5.000000 -0.000000 0.004007 1.602291
 29 5.500000 0.000002 -0.000000 0.523075 0.000000 -0.000000
 30 -0.000001 -1.940598 5.000001 -0.044472 0.004003 -0.000180
 31 6.551492 0.000000 -0.000003 -0.992194 0.164508 -0.389110
 32 0.000001 -1.940602 5.000004 -0.027189 -0.053376 0.005295
 33 6.551492 0.000000 -0.000003 -0.423839 0.122047 -0.146176
 34 -0.000000 -1.940599 4.999997 -0.066572 -0.152786 -0.110311
 35 0.121067 -0.229329 -1.712728 2.915246 1.306180 -0.184408
 36 6.384777 0.000000 -0.000003 0.500666 0.260919 -1.362639
 37 10.242682 0.000001 0.000001 0.000000 0.000000 -1.746103
 38 11.375560 -0.000001 0.000001 2.759791 0.555139 0.594905
 39 0.728682 0.023431 1.008294 -1.627471 -0.842372 0.191441
 40 2.136498 0.000001 -0.000000 0.000000 0.000000 0.898844
 41 2.313136 0.000001 -0.000000 0.000000 0.000000 3.141593
 42 3.115506 -0.886040 0.021431 0.523248 0.008990 0.590544
 43 2.011152 0.000001 0.000000 0.000000 -0.000000 1.951110
 44 2.141381 0.000000 0.000000 0.000000 0.000000 3.141593
 45 1.734174 -0.000000 0.000002 -0.000000 0.000000 0.976392
 46 0.136314 -3.738194 2.525893 1.493698 2.759406 -1.474501
 47 3.771411 0.416400 1.053533 1.765650 0.074575 0.195753
 48 11.389366 -0.000821 0.158783 2.095717 0.366357 0.191114
 49 -0.000001 -4.440600 -0.000001 1.570144 -3.078602 0.004040
 50 5.999999 -0.000001 0.000001 2.095717 0.000000 -0.000000
 51 0.000001 -4.440602 -0.000001 1.569944 -3.078603 0.004053
 52 10.510132 0.000000 0.000001 -0.000000 -0.000000 -2.443848
 53 0.000000 -1.748398 -5.000002 -3.141593 0.004007 -1.539299
 54 5.500000 0.000000 0.000001 -0.228502 0.000000 0.000000
 55 0.000001 0.000000 -4.999999 -0.044472 3.137589 -0.000177
 56 6.551491 -0.000000 -0.000002 0.228502 -0.010053 -0.386438
 57 -1.266843 -1.937443 -4.950560 -0.066572 -2.988806 -0.110308
 58 6.551491 -0.000000 -0.000002 0.228502 -0.010053 -0.386438
 59 0.699370 -1.944208 -5.006849 -0.027189 -3.088217 0.005298
 60 4.226148 -0.003202 0.000000 0.068913 0.037196 -0.018875
 61 -0.000001 5.000000 -0.000001 -0.153564 0.000087 2.718702
 62 0.000007 -0.000005 -3.713579 0.365818 2.880119 -0.191589
 63 0.000001 -0.000000 5.000000 3.053196 1.558589 -0.074928
 64 -0.000003 0.000005 3.713579 -0.001619 -3.122277 -0.475127
 65 0.000004 -0.000000 -5.000000 -0.088726 1.558589 3.066335
 66 7.363605 1.646647 0.495663 3.141593 -1.570796 0.000000
 67 -0.000001 0.000006 3.619080 0.008255 -3.110080 -0.985231
 68 16.573921 0.000000 -0.000000 -0.000000 -0.000000 -1.065827
 69 15.128181 0.000000 0.000000 -0.102296 0.010178 0.114297
 70 5.758665 4.244731 0.000000 0.000000 0.000000 1.667687
 71 3.177725 0.000000 0.000000 0.000000 0.000000 3.141593
 72 15.708952 0.000001 0.000000 -0.051525 0.003996 0.061523
 73 0.275148 0.189215 -3.445208 3.130898 0.000409 -1.514604
 74 17.210194 -0.000000 0.000000 -0.000000 -0.000000 -1.893339
 75 -0.000000 -0.000000 -4.999999 -0.079433 1.546568 -1.570857
 76 0.000005 -0.000003 -3.619080 0.577895 2.675801 -0.242118
 77 16.573921 -0.000000 -0.000001 -0.000000 -0.000000 -1.163030
 78 15.128182 0.000001 0.000000 0.089479 0.309197 0.659208
 79 5.758666 4.244731 -0.000001 -0.000000 -0.000000 1.815142
 80 4.003934 -0.000000 0.000001 0.000000 0.000000 0.000000
 81 15.708953 0.000001 0.000001 0.042277 0.226871 0.443133
 82 0.273998 0.191089 3.439762 -3.130907 -0.000437 -1.508107
 83 17.210192 -0.000001 -0.000002 0.000000 -0.000000 -1.937080
 84 0.000001 -0.000002 5.000000 -0.079319 1.595025 -1.570742
time 7
  0 0.000000 0.000000 33.899605 -0.025849 0.174554 -1.569172
  1 5.685104 0.833236 -32.227169 -0.174512 -0.026131 1.569196
  2 -2.276935 0.000003 -1.238188 -1.570795 -1.570451 0.000000
  3 1.796874 0.711820 -0.000294 0.089254 0.072101 -0.076186
  4 4.118775 -0.003263 -0.000292 0.089188 -0.024057 0.049425
  5 4.118768 -0.003262 -0.000292 0.089214 -0.037006 0.048311
  6 4.118774 -0.003262 -0.000292 0.089189 -0.024049 0.049337
  7 4.118462 -0.003503 -0.000476 0.135137 0.069927 -0.029726
  8 4.443599 -0.000001 0.000000 0.912549 0.246851 -0.376240
  9 9.024063 0.000001 -0.000000 0.000000 0.000000 0.000000
 10 -0.121062 0.236404 1.712729 1.666749 -1.433060 1.503065
 11 6.384778 0.000000 -0.000001 -1.401780 0.073365 -0.342980
 12 10.242682 0.000001 0.000000 0.000000 0.000000 -1.725753
 13 11.375563 0.000001 0.000001 -2.145398 -0.335451 1.048339
 14 0.728682 0.023431 -1.008296 1.627471 0.842372 0.191441
 15 2.136489 0.000000 0.000000 -0.000000 0.000000 0.898845
 16 2.313142 -0.000003 -0.000000 0.000000 0.000000 0.000000
 17 3.115507 -0.886041 -0.021434 -0.523248 -0.008991 0.590544
 18 2.011148 -0.000002 0.000006 -0.000000 -0.000000 1.951110
 19 2.141379 -0.000001 -0.000004 0.000000 0.000000 0.000000
 20 1.734172 0.000001 0.000002 0.000000 -0.000000 0.976392
 21 0.000003 -4.440590 0.000001 1.570544 -0.062990 -0.195737
 22 4.112855 -0.572203 -1.309459 -1.644301 0.094718 0.119721
 23 6.000000 0.000002 -0.000000 -1.980123 -0.000000 0.000000
 24 0.000000 -4.440601 0.000000 1.569944 -0.062987 0.004053
 25 11.375562 0.000001 0.000003 -1.806486 -0.239536 0.483721
 26 -0.000001 -4.440603 -0.000000 1.570144 -0.062988 0.004040
 27 10.510130 0.000000 0.000000 -0.000000 0.000000 -2.433673
 28 0.000000 -1.748398 5.000000 -0.000000 0.004007 1.602291
 29 5.500000 0.000002 -0.000000 0.523075 0.000000 -0.000000
 30 -0.000001 -1.940598 5.000001 -0.044472 0.004003 -0.000180
 31 6.551492 0.000000 -0.000003 -0.992194 0.164508 -0.389110
 32 0.000001 -1.940602 5.000004 -0.027189 -0.053376 0.005295
 33 6.551492 0.000000 -0.000003 -0.423839 0.122047 -0.146176
 34 -0.000000 -1.940599 4.999997 -0.066572 -0.152786 -0.110311
 35 0.121067 -0.229329 -1.712728 2.915246 1.306180 -0.184408
 36 6.384777 0.000000 -0.000003 0.500666 0.260919 -1.362639
 37 10.242682 0.000001 0.000001 0.000000 0.000000 -1.746103
 38 11.375560 -0.000001 0.000001 2.759791 0.555139 0.594905
 39 0.728682 0.023431 1.008294 -1.627471 -0.842372 0.191441
 40 2.136498 0.000001 -0.000000 0.000000 0.000000 0.898844
 41 2.313136 0.000001 -0.000000 0.000000 0.000000 3.141593
 42 3.115506 -0.886040 0.021431 0.523248 0.008990 0.590544
 43 2.011152 0.000001 0.000000 0.000000 -0.000000 1.951110
 44 2.141381 0.000000 0.000000 0.000000 0.000000 3.141593
 45 1.734174 -0.000000 0.000002 -0.000000 0.000000 0.976392
 46 0.136314 -3.738194 2.525893 1.493698 2.759406 -1.474501
 47 3.771411 0.416400 1.053533 1.765650 0.074575 0.195753
 48 11.389366 -0.000821 0.158783 2.095717 0.366357 0.191114
 49 -0.000001 -4.440600 -0.000001 1.570144 -3.078602 0.004040
 50 5.999999 -0.000001 0.000001 2.095717 0.000000 -0.000000
 51 0.000001 -4.440602 -0.000001 1.569944 -3.078603 0.004053
 52 10.510132 0.000000 0.000001 -0.000000 -0.000000 -2.443848
 53 0.000000 -1.748398 -5.000002 -3.141593 0.004007 -1.539299
 54 5.500000 0.000000 0.000001 -0.228502 0.000000 0.000000
 55 0.000001 0.000000 -4.999999 -0.044472 3.137589 -0.000177
 56 6.551491 -0.000000 -0.000002 0.228502 -0.010053 -0.386438
 57 -1.266843 -1.937443 -4.950560 -0.066572 -2.988806 -0.110308
 58 6.551491 -0.000000 -0.000002 0.228502 -0.010053 -0.386438
 59 0.699370 -1.944208 -5.006849 -0.027189 -3.088217 0.005298
 60 4.226148 -0.003202 0.000000 0.068913 0.037196 -0.018875
 61 -0.000001 5.000000 -0.000001 -0.153564 0.000087 2.718702
 62 0.000007 -0.000005 -3.713579 0.365818 2.880119 -0.191589
 63 0.000001 -0.000000 5.000000 3.053196 1.558589 -0.074928
 64 -0.000003 0.000005 3.713579 -0.001619 -3.122277 -0.475127
 65 0.000004 -0.000000 -5.000000 -0.088726 1.558589 3.066335
 66 7.363605 1.646647 0.495663 3.141593 -1.570796 0.000000
 67 -0.000001 0.000006 3.619080 0.008255 -3.110080 -0.985231
 68 16.573921 0.000000 -0.000000 -0.000000 -0.000000 -1.065827
 69 15.128181 0.000000 0.000000 -0.102296 0.010178 0.114297
 70 5.758665 4.244731 0.000000 0.000000 0.000000 1.667687
 71 3.177725 0.000000 0.000000 0.000000 0.000000 3.141593
 72 15.708952 0.000001 0.000000 -0.051525 0.003996 0.061523
 73 0.275148 0.189215 -3.445208 3.130898 0.000409 -1.514604
 74 17.210194 -0.000000 0.000000 -0.000000 -0.000000 -1.893339
 75 -0.000000 -0.000000 -4.999999 -0.079433 1.546568 -1.570857
 76 0.000005 -0.000003 -3.619080 0.577895 2.675801 -0.242118
 77 16.573921 -0.000000 -0.000001 -0.000000 -0.000000 -1.163030
 78 15.128182 0.000001 0.000000 0.089479 0.309197 0.659208
 79 5.758666 4.244731 -0.000001 -0.000000 -0.000000 1.815142
 80 4.003934 -0.000000 0.000001 0.000000 0.000000 0.000000
 81 15.708953 0.000001 0.000001 0.042277 0.226871 0.443133
 82 0.273998 0.191089 3.439762 -3.130907 -0.000437 -1.508107
 83 17.210192 -0.000001 -0.000002 0.000000 -0.000000 -1.937080
 84 0.000001 -0.000002 5.000000 -0.079319 1.595025 -1.570742
time 8
  0 0.000000 0.000000 33.899605 -0.025849 0.174554 -1.569172
  1 5.685104 0.833236 -32.227169 -0.174512 -0.026131 1.569196
  2 -2.276935 0.000003 -1.238188 -1.570795 -1.570451 0.000000
  3 1.796874 0.711820 -0.000294 0.089254 0.072101 -0.076186
  4 4.118775 -0.003263 -0.000292 0.089188 -0.024057 0.049425
  5 4.118768 -0.003262 -0.000292 0.089214 -0.037006 0.048311
  6 4.118774 -0.003262 -0.000292 0.089189 -0.024049 0.049337
  7 4.118462 -0.003503 -0.000476 0.135137 0.069927 -0.029726
  8 4.443599 -0.000001 0.000000 0.912549 0.246851 -0.376240
  9 9.024063 0.000001 -0.000000 0.000000 0.000000 0.000000
 10 -0.121062 0.236404 1.712729 1.666749 -1.433060 1.503065
 11 6.384778 0.000000 -0.000001 -1.401780 0.073365 -0.342980
 12 10.242682 0.000001 0.000000 0.000000 0.000000 -1.725753
 13 11.375563 0.000001 0.000001 -2.145398 -0.335451 1.048339
 14 0.728682 0.023431 -1.008296 1.627471 0.842372 0.191441
 15 2.136489 0.000000 0.000000 -0.000000 0.000000 0.898845
 16 2.313142 -0.000003 -0.000000 0.000000 0.000000 0.000000
 17 3.115507 -0.886041 -0.021434 -0.523248 -0.008991 0.590544
 18 2.011148 -0.000002 0.000006 -0.000000 -0.000000 1.951110
 19 2.141379 -0.000001 -0.000004 0.000000 0.000000 0.000000
 20 1.734172 0.000001 0.000002 0.000000 -0.000000 0.976392
 21 0.000003 -4.440590 0.000001 1.570544 -0.062990 -0.195737
 22 4.112855 -0.572203 -1.309459 -1.644301 0.094718 0.119721
 23 6.000000 0.000002 -0.000000 -1.980123 -0.000000 0.000000
 24 0.000000 -4.440601 0.000000 1.569944 -0.062987 0.004053
 25 11.375562 0.000001 0.000003 -1.806486 -0.239536 0.483721
 26 -0.000001 -4.440603 -0.000000 1.570144 -0.062988 0.004040
 27 10.510130 0.000000 0.000000 -0.000000 0.000000 -2.433673
 28 0.000000 -1.748398 5.000000 -0.000000 0.004007 1.602291
 29 5.500000 0.000002 -0.000000 0.523075 0.000000 -0.000000
 30 -0.000001 -1.940598 5.000001 -0.044472 0.004003 -0.000180
 31 6.551492 0.000000 -0.000003 -0.992194 0.164508 -0.389110
 32 0.000001 -1.940602 5.000004 -0.027189 -0.053376 0.005295
 33 6.551492 0.000000 -0.000003 -0.423839 0.122047 -0.146176
 34 -0.000000 -1.940599 4.999997 -0.066572 -0.152786 -0.110311
 35 0.121067 -0.229329 -1.712728 2.915246 1.306180 -0.184408
 36 6.384777 0.000000 -0.000003 0.500666 0.260919 -1.362639
 37 10.242682 0.000001 0.000001 0.000000 0.000000 -1.746103
 38 11.375560 -0.000001 0.000001 2.759791 0.555139 0.594905
 39 0.728682 0.023431 1.008294 -1.627471 -0.842372 0.191441
 40 2.136498 0.000001 -0.000000 0.000000 0.000000 0.898844
 41 2.313136 0.000001 -0.000000 0.000000 0.000000 3.141593
 42 3.115506 -0.886040 0.021431 0.523248 0.008990 0.590544
 43 2.011152 0.000001 0.000000 0.000000 -0.000000 1.951110
 44 2.141381 0.000000 0.000000 0.000000 0.000000 3.141593
 45 1.734174 -0.000000 0.000002 -0.000000 0.000000 0.976392
 46 0.136314 -3.738194 2.525893 1.493698 2.759406 -1.474501
 47 3.771411 0.416400 1.053533 1.765650 0.074575 0.195753
 48 11.389366 -0.000821 0.158783 2.095717 0.366357 0.191114
 49 -0.000001 -4.440600 -0.000001 1.570144 -3.078602 0.004040
 50 5.999999 -0.000001 0.000001 2.095717 0.000000 -0.000000
 51 0.000001 -4.440602 -0.000001 1.569944 -3.078603 0.004053
 52 10.510132 0.000000 0.000001 -0.000000 -0.000000 -2.443848
 53 0.000000 -1.748398 -5.000002 -3.141593 0.004007 -1.539299
 54 5.500000 0.000000 0.000001 -0.228502 0.000000 0.000000
 55 0.000001 0.000000 -4.999999 -0.044472 3.137589 -0.000177
 56 6.551491 -0.000000 -0.000002 0.228502 -0.010053 -0.386438
 57 -1.266843 -1.937443 -4.950560 -0.066572 -2.988806 -0.110308
 58 6.551491 -0.000000 -0.000002 0.228502 -0.010053 -0.386438
 59 0.699370 -1.944208 -5.006849 -0.027189 -3.088217 0.005298
 60 4.226148 -0.003202 0.000000 0.068913 0.037196 -0.018875
 61 -0.000001 5.000000 -0.000001 -0.153564 0.000087 2.718702
 62 0.000007 -0.000005 -3.713579 0.365818 2.880119 -0.191589
 63 0.000001 -0.000000 5.000000 3.053196 1.558589 -0.074928
 64 -0.000003 0.000005 3.713579 -0.001619 -3.122277 -0.475127
 65 0.000004 -0.000000 -5.000000 -0.088726 1.558589 3.066335
 66 7.363605 1.646647 0.495663 3.141593 -1.570796 0.000000
 67 -0.000001 0.000006 3.619080 0.008255 -3.110080 -0.985231
 68 16.573921 0.000000 -0.000000 -0.000000 -0.000000 -1.065827
 69 15.128181 0.000000 0.000000 -0.102296 0.010178 0.114297
 70 5.758665 4.244731 0.000000 0.000000 0.000000 1.667687
 71 3.177725 0.000000 0.000000 0.000000 0.000000 3.141593
 72 15.708952 0.000001 0.000000 -0.051525 0.003996 0.061523
 73 0.275148 0.189215 -3.445208 3.130898 0.000409 -1.514604
 74 17.210194 -0.000000 0.000000 -0.000000 -0.000000 -1.893339
 75 -0.000000 -0.000000 -4.999999 -0.079433 1.546568 -1.570857
 76 0.000005 -0.000003 -3.619080 0.577895 2.675801 -0.242118
 77 16.573921 -0.000000 -0.000001 -0.000000 -0.000000 -1.163030
 78 15.128182 0.000001 0.000000 0.089479 0.309197 0.659208
 79 5.758666 4.244731 -0.000001 -0.000000 -0.000000 1.815142
 80 4.003934 -0.000000 0.000001 0.000000 0.000000 0.000000
 81 15.708953 0.000001 0.000001 0.042277 0.226871 0.443133
 82 0.273998 0.191089 3.439762 -3.130907 -0.000437 -1.508107
 83 17.210192 -0.000001 -0.000002 0.000000 -0.000000 -1.937080
 84 0.000001 -0.000002 5.000000 -0.079319 1.595025 -1.570742
time 9
  0 0.000000 0.000000 33.899605 -0.025849 0.174554 -1.569172
  1 5.685104 0.833236 -32.227169 -0.174512 -0.026131 1.569196
  2 -2.276935 0.000003 -1.238188 -1.570795 -1.570451 0.000000
  3 1.796874 0.711820 -0.000294 0.089254 0.072101 -0.076186
  4 4.118775 -0.003263 -0.000292 0.089188 -0.024057 0.049425
  5 4.118768 -0.003262 -0.000292 0.089214 -0.037006 0.048311
  6 4.118774 -0.003262 -0.000292 0.089189 -0.024049 0.049337
  7 4.118462 -0.003503 -0.000476 0.135137 0.069927 -0.029726
  8 4.443599 -0.000001 0.000000 0.912549 0.246851 -0.376240
  9 9.024063 0.000001 -0.000000 0.000000 0.000000 0.000000
 10 -0.121062 0.236404 1.712729 1.666749 -1.433060 1.503065
 11 6.384778 0.000000 -0.000001 -1.401780 0.073365 -0.342980
 12 10.242682 0.000001 0.000000 0.000000 0.000000 -1.725753
 13 11.375563 0.000001 0.000001 -2.145398 -0.335451 1.048339
 14 0.728682 0.023431 -1.008296 1.627471 0.842372 0.191441
 15 2.136489 0.000000 0.000000 -0.000000 0.000000 0.898845
 16 2.313142 -0.000003 -0.000000 0.000000 0.000000 0.000000
 17 3.115507 -0.886041 -0.021434 -0.523248 -0.008991 0.590544
 18 2.011148 -0.000002 0.000006 -0.000000 -0.000000 1.951110
 19 2.141379 -0.000001 -0.000004 0.000000 0.000000 0.000000
 20 1.734172 0.000001 0.000002 0.000000 -0.000000 0.976392
 21 0.000003 -4.440590 0.000001 1.570544 -0.062990 -0.195737
 22 4.112855 -0.572203 -1.309459 -1.644301 0.094718 0.119721
 23 6.000000 0.000002 -0.000000 -1.980123 -0.000000 0.000000
 24 0.000000 -4.440601 0.000000 1.569944 -0.062987 0.004053
 25 11.375562 0.000001 0.000003 -1.806486 -0.239536 0.483721
 26 -0.000001 -4.440603 -0.000000 1.570144 -0.062988 0.004040
 27 10.510130 0.000000 0.000000 -0.000000 0.000000 -2.433673
 28 0.000000 -1.748398 5.000000 -0.000000 0.004007 1.602291
 29 5.500000 0.000002 -0.000000 0.523075 0.000000 -0.000000
 30 -0.000001 -1.940598 5.000001 -0.044472 0.004003 -0.000180
 31 6.551492 0.000000 -0.000003 -0.992194 0.164508 -0.389110
 32 0.000001 -1.940602 5.000004 -0.027189 -0.053376 0.005295
 33 6.551492 0.000000 -0.000003 -0.423839 0.122047 -0.146176
 34 -0.000000 -1.940599 4.999997 -0.066572 -0.152786 -0.110311
 35 0.121067 -0.229329 -1.712728 2.915246 1.306180 -0.184408
 36 6.384777 0.000000 -0.000003 0.500666 0.260919 -1.362639
 37 10.242682 0.000001 0.000001 0.000000 0.000000 -1.746103
 38 11.375560 -0.000001 0.000001 2.759791 0.555139 0.594905
 39 0.728682 0.023431 1.008294 -1.627471 -0.842372 0.191441
 40 2.136498 0.000001 -0.000000 0.000000 0.000000 0.898844
 41 2.313136 0.000001 -0.000000 0.000000 0.000000 3.141593
 42 3.115506 -0.886040 0.021431 0.523248 0.008990 0.590544
 43 2.011152 0.000001 0.000000 0.000000 -0.000000 1.951110
 44 2.141381 0.000000 0.000000 0.000000 0.000000 3.141593
 45 1.734174 -0.000000 0.000002 -0.000000 0.000000 0.976392
 46 0.136314 -3.738194 2.525893 1.493698 2.759406 -1.474501
 47 3.771411 0.416400 1.053533 1.765650 0.074575 0.195753
 48 11.389366 -0.000821 0.158783 2.095717 0.366357 0.191114
 49 -0.000001 -4.440600 -0.000001 1.570144 -3.078602 0.004040
 50 5.999999 -0.000001 0.000001 2.095717 0.000000 -0.000000
 51 0.000001 -4.440602 -0.000001 1.569944 -3.078603 0.004053
 52 10.510132 0.000000 0.000001 -0.000000 -0.000000 -2.443848
 53 0.000000 -1.748398 -5.000002 -3.141593 0.004007 -1.539299
 54 5.500000 0.000000 0.000001 -0.228502 0.000000 0.000000
 55 0.000001 0.000000 -4.999999 -0.044472 3.137589 -0.000177
 56 6.551491 -0.000000 -0.000002 0.228502 -0.010053 -0.386438
 57 -1.266843 -1.937443 -4.950560 -0.066572 -2.988806 -0.110308
 58 6.551491 -0.000000 -0.000002 0.228502 -0.010053 -0.386438
 59 0.699370 -1.944208 -5.006849 -0.027189 -3.088217 0.005298
 60 4.226148 -0.003202 0.000000 0.068913 0.037196 -0.018875
 61 -0.000001 5.000000 -0.000001 -0.153564 0.000087 2.718702
 62 0.000007 -0.000005 -3.713579 0.365818 2.880119 -0.191589
 63 0.000001 -0.000000 5.000000 3.053196 1.558589 -0.074928
 64 -0.000003 0.000005 3.713579 -0.001619 -3.122277 -0.475127
 65 0.000004 -0.000000 -5.000000 -0.088726 1.558589 3.066335
 66 7.363605 1.646647 0.495663 3.141593 -1.570796 0.000000
 67 -0.000001 0.000006 3.619080 0.008255 -3.110080 -0.985231
 68 16.573921 0.000000 -0.000000 -0.000000 -0.000000 -1.065827
 69 15.128181 0.000000 0.000000 -0.102296 0.010178 0.114297
 70 5.758665 4.244731 0.000000 0.000000 0.000000 1.667687
 71 3.177725 0.000000 0.000000 0.000000 0.000000 3.141593
 72 15.708952 0.000001 0.000000 -0.051525 0.003996 0.061523
 73 0.275148 0.189215 -3.445208 3.130898 0.000409 -1.514604
 74 17.210194 -0.000000 0.000000 -0.000000 -0.000000 -1.893339
 75 -0.000000 -0.000000 -4.999999 -0.079433 1.546568 -1.570857
 76 0.000005 -0.000003 -3.619080 0.577895 2.675801 -0.242118
 77 16.573921 -0.000000 -0.000001 -0.000000 -0.000000 -1.163030
 78 15.128182 0.000001 0.000000 0.089479 0.309197 0.659208
 79 5.758666 4.244731 -0.000001 -0.000000 -0.000000 1.815142
 80 4.003934 -0.000000 0.000001 0.000000 0.000000 0.000000
 81 15.708953 0.000001 0.000001 0.042277 0.226871 0.443133
 82 0.273998 0.191089 3.439762 -3.130907 -0.000437 -1.508107
 83 17.210192 -0.000001 -0.000002 0.000000 -0.000000 -1.937080
 84 0.000001 -0.000002 5.000000 -0.079319 1.595025 -1.570742
time 10
  0 0.000000 0.000000 33.899605 -0.025849 0.174554 -1.569172
  1 5.685104 0.833236 -32.227169 -0.174512 -0.026131 1.569196
  2 -2.276935 0.000003 -1.238188 -1.570795 -1.570451 0.000000
  3 1.796874 0.711820 -0.000294 0.089254 0.072101 -0.076186
  4 4.118775 -0.003263 -0.000292 0.089188 -0.024057 0.049425
  5 4.118768 -0.003262 -0.000292 0.089214 -0.037006 0.048311
  6 4.118774 -0.003262 -0.000292 0.089189 -0.024049 0.049337
  7 4.118462 -0.003503 -0.000476 0.135137 0.069927 -0.029726
  8 4.443599 -0.000001 0.000000 0.912549 0.246851 -0.376240
  9 9.024063 0.000001 -0.000000 0.000000 0.000000 0.000000
 10 -0.121062 0.236404 1.712729 1.666749 -1.433060 1.503065
 11 6.384778 0.000000 -0.000001 -1.401780 0.073365 -0.342980
 12 10.242682 0.000001 0.000000 0.000000 0.000000 -1.725753
 13 11.375563 0.000001 0.000001 -2.145398 -0.335451 1.048339
 14 0.728682 0.023431 -1.008296 1.627471 0.842372 0.191441
 15 2.136489 0.000000 0.000000 -0.000000 0.000000 0.898845
 16 2.313142 -0.000003 -0.000000 0.000000 0.000000 0.000000
 17 3.115507 -0.886041 -0.021434 -0.523248 -0.008991 0.590544
 18 2.011148 -0.000002 0.000006 -0.000000 -0.000000 1.951110
 19 2.141379 -0.000001 -0.000004 0.000000 0.000000 0.000000
 20 1.734172 0.000001 0.000002 0.000000 -0.000000 0.976392
 21 0.000003 -4.440590 0.000001 1.570544 -0.062990 -0.195737
 22 4.112855 -0.572203 -1.309459 -1.644301 0.094718 0.119721
 23 6.000000 0.000002 -0.000000 -1.980123 -0.000000 0.000000
 24 0.000000 -4.440601 0.000000 1.569944 -0.062987 0.004053
 25 11.375562 0.000001 0.000003 -1.806486 -0.239536 0.483721
 26 -0.000001 -4.440603 -0.000000 1.570144 -0.062988 0.004040
 27 10.510130 0.000000 0.000000 -0.000000 0.000000 -2.433673
 28 0.000000 -1.748398 5.000000 -0.000000 0.004007 1.602291
 29 5.500000 0.000002 -0.000000 0.523075 0.000000 -0.000000
 30 -0.000001 -1.940598 5.000001 -0.044472 0.004003 -0.000180
 31 6.551492 0.000000 -0.000003 -0.992194 0.164508 -0.389110
 32 0.000001 -1.940602 5.000004 -0.027189 -0.053376 0.005295
 33 6.551492 0.000000 -0.000003 -0.423839 0.122047 -0.146176
 34 -0.000000 -1.940599 4.999997 -0.066572 -0.152786 -0.110311
 35 0.121067 -0.229329 -1.712728 2.915246 1.306180 -0.184408
 36 6.384777 0.000000 -0.000003 0.500666 0.260919 -1.362639
 37 10.242682 0.000001 0.000001 0.000000 0.000000 -1.746103
 38 11.375560 -0.000001 0.000001 2.759791 0.555139 0.594905
 39 0.728682 0.023431 1.008294 -1.627471 -0.842372 0.191441
 40 2.136498 0.000001 -0.000000 0.000000 0.000000 0.898844
 41 2.313136 0.000001 -0.000000 0.000000 0.000000 3.141593
 42 3.115506 -0.886040 0.021431 0.523248 0.008990 0.590544
 43 2.011152 0.000001 0.000000 0.000000 -0.000000 1.951110
 44 2.141381 0.000000 0.000000 0.000000 0.000000 3.141593
 45 1.734174 -0.000000 0.000002 -0.000000 0.000000 0.976392
 46 0.136314 -3.738194 2.525893 1.493698 2.759406 -1.474501
 47 3.771411 0.416400 1.053533 1.765650 0.074575 0.195753
 48 11.389366 -0.000821 0.158783 2.095717 0.366357 0.191114
 49 -0.000001 -4.440600 -0.000001 1.570144 -3.078602 0.004040
 50 5.999999 -0.000001 0.000001 2.095717 0.000000 -0.000000
 51 0.000001 -4.440602 -0.000001 1.569944 -3.078603 0.004053
 52 10.510132 0.000000 0.000001 -0.000000 -0.000000 -2.443848
 53 0.000000 -1.748398 -5.000002 -3.141593 0.004007 -1.539299
 54 5.500000 0.000000 0.000001 -0.228502 0.000000 0.000000
 55 0.000001 0.000000 -4.999999 -0.044472 3.137589 -0.000177
 56 6.551491 -0.000000 -0.000002 0.228502 -0.010053 -0.386438
 57 -1.266843 -1.937443 -4.950560 -0.066572 -2.988806 -0.110308
 58 6.551491 -0.000000 -0.000002 0.228502 -0.010053 -0.386438
 59 0.699370 -1.944208 -5.006849 -0.027189 -3.088217 0.005298
 60 4.226148 -0.003202 0.000000 0.068913 0.037196 -0.018875
 61 -0.000001 5.000000 -0.000001 -0.153564 0.000087 2.718702
 62 0.000007 -0.000005 -3.713579 0.365818 2.880119 -0.191589
 63 0.000001 -0.000000 5.000000 3.053196 1.558589 -0.074928
 64 -0.000003 0.000005 3.713579 -0.001619 -3.122277 -0.475127
 65 0.000004 -0.000000 -5.000000 -0.088726 1.558589 3.066335
 66 7.363605 1.646647 0.495663 3.141593 -1.570796 0.000000
 67 -0.000001 0.000006 3.619080 0.008255 -3.110080 -0.985231
 68 16.573921 0.000000 -0.000000 -0.000000 -0.000000 -1.065827
 69 15.128181 0.000000 0.000000 -0.102296 0.010178 0.114297
 70 5.758665 4.244731 0.000000 0.000000 0.000000 1.667687
 71 3.177725 0.000000 0.000000 0.000000 0.000000 3.141593
 72 15.708952 0.000001 0.000000 -0.051525 0.003996 0.061523
 73 0.275148 0.189215 -3.445208 3.130898 0.000409 -1.514604
 74 17.210194 -0.000000 0.000000 -0.000000 -0.000000 -1.893339
 75 -0.000000 -0.000000 -4.999999 -0.079433 1.546568 -1.570857
 76 0.000005 -0.000003 -3.619080 0.577895 2.675801 -0.242118
 77 16.573921 -0.000000 -0.000001 -0.000000 -0.000000 -1.163030
 78 15.128182 0.000001 0.000000 0.089479 0.309197 0.659208
 79 5.758666 4.244731 -0.000001 -0.000000 -0.000000 1.815142
 80 4.003934 -0.000000 0.000001 0.000000 0.000000 0.000000
 81 15.708953 0.000001 0.000001 0.042277 0.226871 0.443133
 82 0.273998 0.191089 3.439762 -3.130907 -0.000437 -1.508107
 83 17.210192 -0.000001 -0.000002 0.000000 -0.000000 -1.937080
 84 0.000001 -0.000002 5.000000 -0.079319 1.595025 -1.570742
time 11
  0 0.000000 0.000000 33.899605 -0.025849 0.174554 -1.569172
  1 5.685104 0.833236 -32.227169 -0.174512 -0.026131 1.569196
  2 -2.276935 0.000003 -1.238188 -1.570795 -1.570451 0.000000
  3 1.796874 0.711820 -0.000294 0.089254 0.072101 -0.076186
  4 4.118775 -0.003263 -0.000292 0.089188 -0.024057 0.049425
  5 4.118768 -0.003262 -0.000292 0.089214 -0.037006 0.048311
  6 4.118774 -0.003262 -0.000292 0.089189 -0.024049 0.049337
  7 4.118462 -0.003503 -0.000476 0.135137 0.069927 -0.029726
  8 4.443599 -0.000001 0.000000 0.912549 0.246851 -0.376240
  9 9.024063 0.000001 -0.000000 0.000000 0.000000 0.000000
 10 -0.121062 0.236404 1.712729 1.666749 -1.433060 1.503065
 11 6.384778 0.000000 -0.000001 -1.401780 0.073365 -0.342980
 12 10.242682 0.000001 0.000000 0.000000 0.000000 -1.725753
 13 11.375563 0.000001 0.000001 -2.145398 -0.335451 1.048339
 14 0.728682 0.023431 -1.008296 1.627471 0.842372 0.191441
 15 2.136489 0.000000 0.000000 -0.000000 0.000000 0.898845
 16 2.313142 -0.000003 -0.000000 0.000000 0.000000 0.000000
 17 3.115507 -0.886041 -0.021434 -0.523248 -0.008991 0.590544
 18 2.011148 -0.000002 0.000006 -0.000000 -0.000000 1.951110
 19 2.141379 -0.000001 -0.000004 0.000000 0.000000 0.000000
 20 1.734172 0.000001 0.000002 0.000000 -0.000000 0.976392
 21 0.000003 -4.440590 0.000001 1.570544 -0.062990 -0.195737
 22 4.112855 -0.572203 -1.309459 -1.644301 0.094718 0.119721
 23 6.000000 0.000002 -0.000000 -1.980123 -0.000000 0.000000
 24 0.000000 -4.440601 0.000000 1.569944 -0.062987 0.004053
 25 11.375562 0.000001 0.000003 -1.806486 -0.239536 0.483721
 26 -0.000001 -4.440603 -0.000000 1.570144 -0.062988 0.004040
 27 10.510130 0.000000 0.000000 -0.000000 0.000000 -2.433673
 28 0.000000 -1.748398 5.000000 -0.000000 0.004007 1.602291
 29 5.500000 0.000002 -0.000000 0.523075 0.000000 -0.000000
 30 -0.000001 -1.940598 5.000001 -0.044472 0.004003 -0.000180
 31 6.551492 0.000000 -0.000003 -0.992194 0.164508 -0.389110
 32 0.000001 -1.940602 5.000004 -0.027189 -0.053376 0.005295
 33 6.551492 0.000000 -0.000003 -0.423839 0.122047 -0.146176
 34 -0.000000 -1.940599 4.999997 -0.066572 -0.152786 -0.110311
 35 0.121067 -0.229329 -1.712728 2.915246 1.306180 -0.184408
 36 6.384777 0.000000 -0.000003 0.500666 0.260919 -1.362639
 37 10.242682 0.000001 0.000001 0.000000 0.000000 -1.746103
 38 11.375560 -0.000001 0.000001 2.759791 0.555139 0.594905
 39 0.728682 0.023431 1.008294 -1.627471 -0.842372 0.191441
 40 2.136498 0.000001 -0.000000 0.000000 0.000000 0.898844
 41 2.313136 0.000001 -0.000000 0.000000 0.000000 3.141593
 42 3.115506 -0.886040 0.021431 0.523248 0.008990 0.590544
 43 2.011152 0.000001 0.000000 0.000000 -0.000000 1.951110
 44 2.141381 0.000000 0.000000 0.000000 0.000000 3.141593
 45 1.734174 -0.000000 0.000002 -0.000000 0.000000 0.976392
 46 0.136314 -3.738194 2.525893 1.493698 2.759406 -1.474501
 47 3.771411 0.416400 1.053533 1.765650 0.074575 0.195753
 48 11.389366 -0.000821 0.158783 2.095717 0.366357 0.191114
 49 -0.000001 -4.440600 -0.000001 1.570144 -3.078602 0.004040
 50 5.999999 -0.000001 0.000001 2.095717 0.000000 -0.000000
 51 0.000001 -4.440602 -0.000001 1.569944 -3.078603 0.004053
 52 10.510132 0.000000 0.000001 -0.000000 -0.000000 -2.443848
 53 0.000000 -1.748398 -5.000002 -3.141593 0.004007 -1.539299
 54 5.500000 0.000000 0.000001 -0.228502 0.000000 0.000000
 55 0.000001 0.000000 -4.999999 -0.044472 3.137589 -0.000177
 56 6.551491 -0.000000 -0.000002 0.228502 -0.010053 -0.386438
 57 -1.266843 -1.937443 -4.950560 -0.066572 -2.988806 -0.110308
 58 6.551491 -0.000000 -0.000002 0.228502 -0.010053 -0.386438
 59 0.699370 -1.944208 -5.006849 -0.027189 -3.088217 0.005298
 60 4.226148 -0.003202 0.000000 0.068913 0.037196 -0.018875
 61 -0.000001 5.000000 -0.000001 -0.153564 0.000087 2.718702
 62 0.000007 -0.000005 -3.713579 0.365818 2.880119 -0.191589
 63 0.000001 -0.000000 5.000000 3.053196 1.558589 -0.074928
 64 -0.000003 0.000005 3.713579 -0.001619 -3.122277 -0.475127
 65 0.000004 -0.000000 -5.000000 -0.088726 1.558589 3.066335
 66 7.363605 1.646647 0.495663 3.141593 -1.570796 0.000000
 67 -0.000001 0.000006 3.619080 0.008255 -3.110080 -0.985231
 68 16.573921 0.000000 -0.000000 -0.000000 -0.000000 -1.065827
 69 15.128181 0.000000 0.000000 -0.102296 0.010178 0.114297
 70 5.758665 4.244731 0.000000 0.000000 0.000000 1.667687
 71 3.177725 0.000000 0.000000 0.000000 0.000000 3.141593
 72 15.708952 0.000001 0.000000 -0.051525 0.003996 0.061523
 73 0.275148 0.189215 -3.445208 3.130898 0.000409 -1.514604
 74 17.210194 -0.000000 0.000000 -0.000000 -0.000000 -1.893339
 75 -0.000000 -0.000000 -4.999999 -0.079433 1.546568 -1.570857
 76 0.000005 -0.000003 -3.619080 0.577895 2.675801 -0.242118
 77 16.573921 -0.000000 -0.000001 -0.000000 -0.000000 -1.163030
 78 15.128182 0.000001 0.000000 0.089479 0.309197 0.659208
 79 5.758666 4.244731 -0.000001 -0.000000 -0.000000 1.815142
 80 4.003934 -0.000000 0.000001 0.000000 0.000000 0.000000
 81 15.708953 0.000001 0.000001 0.042277 0.226871 0.443133
 82 0.273998 0.191089 3.439762 -3.130907 -0.000437 -1.508107
 83 17.210192 -0.000001 -0.000002 0.000000 -0.000000 -1.937080
 84 0.000001 -0.000002 5.000000 -0.079319 1.595025 -1.570742
time 12
  0 0.000000 0.000000 33.899605 -0.025849 0.174554 -1.569172
  1 5.685104 0.833236 -32.227169 -0.174512 -0.026131 1.569196
  2 -2.276935 0.000003 -1.238188 -1.570795 -1.570451 0.000000
  3 1.796874 0.711820 -0.000294 0.089254 0.072101 -0.076186
  4 4.118775 -0.003263 -0.000292 0.089188 -0.024057 0.049425
  5 4.118768 -0.003262 -0.000292 0.089214 -0.037006 0.048311
  6 4.118774 -0.003262 -0.000292 0.089189 -0.024049 0.049337
  7 4.118462 -0.003503 -0.000476 0.135137 0.069927 -0.029726
  8 4.443599 -0.000001 0.000000 0.912549 0.246851 -0.376240
  9 9.024063 0.000001 -0.000000 0.000000 0.000000 0.000000
 10 -0.121062 0.236404 1.712729 1.666749 -1.433060 1.503065
 11 6.384778 0.000000 -0.000001 -1.401780 0.073365 -0.342980
 12 10.242682 0.000001 0.000000 0.000000 0.000000 -1.725753
 13 11.375563 0.000001 0.000001 -2.145398 -0.335451 1.048339
 14 0.728682 0.023431 -1.008296 1.627471 0.842372 0.191441
 15 2.136489 0.000000 0.000000 -0.000000 0.000000 0.898845
 16 2.313142 -0.000003 -0.000000 0.000000 0.000000 0.000000
 17 3.115507 -0.886041 -0.021434 -0.523248 -0.008991 0.590544
 18 2.011148 -0.000002 0.000006 -0.000000 -0.000000 1.951110
 19 2.141379 -0.000001 -0.000004 0.000000 0.000000 0.000000
 20 1.734172 0.000001 0.000002 0.000000 -0.000000 0.976392
 21 0.000003 -4.440590 0.000001 1.570544 -0.062990 -0.195737
 22 4.112855 -0.572203 -1.309459 -1.644301 0.094718 0.119721
 23 6.000000 0.000002 -0.000000 -1.980123 -0.000000 0.000000
 24 0.000000 -4.440601 0.000000 1.569944 -0.062987 0.004053
 25 11.375562 0.000001 0.000003 -1.806486 -0.239536 0.483721
 26 -0.000001 -4.440603 -0.000000 1.570144 -0.062988 0.004040
 27 10.510130 0.000000 0.000000 -0.000000 0.000000 -2.433673
 28 0.000000 -1.748398 5.000000 -0.000000 0.004007 1.602291
 29 5.500000 0.000002 -0.000000 0.523075 0.000000 -0.000000
 30 -0.000001 -1.940598 5.000001 -0.044472 0.004003 -0.000180
 31 6.551492 0.000000 -0.000003 -0.992194 0.164508 -0.389110
 32 0.000001 -1.940602 5.000004 -0.027189 -0.053376 0.005295
 33 6.551492 0.000000 -0.000003 -0.423839 0.122047 -0.146176
 34 -0.000000 -1.940599 4.999997 -0.066572 -0.152786 -0.110311
 35 0.121067 -0.229329 -1.712728 2.915246 1.306180 -0.184408
 36 6.384777 0.000000 -0.000003 0.500666 0.260919 -1.362639
 37 10.242682 0.000001 0.000001 0.000000 0.000000 -1.746103
 38 11.375560 -0.000001 0.000001 2.759791 0.555139 0.594905
 39 0.728682 0.023431 1.008294 -1.627471 -0.842372 0.191441
 40 2.136498 0.000001 -0.000000 0.000000 0.000000 0.898844
 41 2.313136 0.000001 -0.000000 0.000000 0.000000 3.141593
 42 3.115506 -0.886040 0.021431 0.523248 0.008990 0.590544
 43 2.011152 0.000001 0.000000 0.000000 -0.000000 1.951110
 44 2.141381 0.000000 0.000000 0.000000 0.000000 3.141593
 45 1.734174 -0.000000 0.000002 -0.000000 0.000000 0.976392
 46 0.136314 -3.738194 2.525893 1.493698 2.759406 -1.474501
 47 3.771411 0.416400 1.053533 1.765650 0.074575 0.195753
 48 11.389366 -0.000821 0.158783 2.095717 0.366357 0.191114
 49 -0.000001 -4.440600 -0.000001 1.570144 -3.078602 0.004040
 50 5.999999 -0.000001 0.000001 2.095717 0.000000 -0.000000
 51 0.000001 -4.440602 -0.000001 1.569944 -3.078603 0.004053
 52 10.510132 0.000000 0.000001 -0.000000 -0.000000 -2.443848
 53 0.000000 -1.748398 -5.000002 -3.141593 0.004007 -1.539299
 54 5.500000 0.000000 0.000001 -0.228502 0.000000 0.000000
 55 0.000001 0.000000 -4.999999 -0.044472 3.137589 -0.000177
 56 6.551491 -0.000000 -0.000002 0.228502 -0.010053 -0.386438
 57 -1.266843 -1.937443 -4.950560 -0.066572 -2.988806 -0.110308
 58 6.551491 -0.000000 -0.000002 0.228502 -0.010053 -0.386438
 59 0.699370 -1.944208 -5.006849 -0.027189 -3.088217 0.005298
 60 4.226148 -0.003202 0.000000 0.068913 0.037196 -0.018875
 61 -0.000001 5.000000 -0.000001 -0.153564 0.000087 2.718702
 62 0.000007 -0.000005 -3.713579 0.365818 2.880119 -0.191589
 63 0.000001 -0.000000 5.000000 3.053196 1.558589 -0.074928
 64 -0.000003 0.000005 3.713579 -0.001619 -3.122277 -0.475127
 65 0.000004 -0.000000 -5.000000 -0.088726 1.558589 3.066335
 66 7.363605 1.646647 0.495663 3.141593 -1.570796 0.000000
 67 -0.000001 0.000006 3.619080 0.008255 -3.110080 -0.985231
 68 16.573921 0.000000 -0.000000 -0.000000 -0.000000 -1.065827
 69 15.128181 0.000000 0.000000 -0.102296 0.010178 0.114297
 70 5.758665 4.244731 0.000000 0.000000 0.000000 1.667687
 71 3.177725 0.000000 0.000000 0.000000 0.000000 3.141593
 72 15.708952 0.000001 0.000000 -0.051525 0.003996 0.061523
 73 0.275148 0.189215 -3.445208 3.130898 0.000409 -1.514604
 74 17.210194 -0.000000 0.000000 -0.000000 -0.000000 -1.893339
 75 -0.000000 -0.000000 -4.999999 -0.079433 1.546568 -1.570857
 76 0.000005 -0.000003 -3.619080 0.577895 2.675801 -0.242118
 77 16.573921 -0.000000 -0.000001 -0.000000 -0.000000 -1.163030
 78 15.128182 0.000001 0.000000 0.089479 0.309197 0.659208
 79 5.758666 4.244731 -0.000001 -0.000000 -0.000000 1.815142
 80 4.003934 -0.000000 0.000001 0.000000 0.000000 0.000000
 81 15.708953 0.000001 0.000001 0.042277 0.226871 0.443133
 82 0.273998 0.191089 3.439762 -3.130907 -0.000437 -1.508107
 83 17.210192 -0.000001 -0.000002 0.000000 -0.000000 -1.937080
 84 0.000001 -0.000002 5.000000 -0.079319 1.595025 -1.570742
time 13
  0 0.000000 0.000000 33.899605 -0.025849 0.174554 -1.569172
  1 5.685104 0.833236 -32.227169 -0.174512 -0.026131 1.569196
  2 -2.276935 0.000003 -1.238188 -1.570795 -1.570451 0.000000
  3 1.796874 0.711820 -0.000294 0.089254 0.072101 -0.076186
  4 4.118775 -0.003263 -0.000292 0.089188 -0.024057 0.049425
  5 4.118768 -0.003262 -0.000292 0.089214 -0.037006 0.048311
  6 4.118774 -0.003262 -0.000292 0.089189 -0.024049 0.049337
  7 4.118462 -0.003503 -0.000476 0.135137 0.069927 -0.029726
  8 4.443599 -0.000001 0.000000 0.912549 0.246851 -0.376240
  9 9.024063 0.000001 -0.000000 0.000000 0.000000 0.000000
 10 -0.121062 0.236404 1.712729 1.666749 -1.433060 1.503065
 11 6.384778 0.000000 -0.000001 -1.401780 0.073365 -0.342980
 12 10.242682 0.000001 0.000000 0.000000 0.000000 -1.725753
 13 11.375563 0.000001 0.000001 -2.145398 -0.335451 1.048339
 14 0.728682 0.023431 -1.008296 1.627471 0.842372 0.191441
 15 2.136489 0.000000 0.000000 -0.000000 0.000000 0.898845
 16 2.313142 -0.000003 -0.000000 0.000000 0.000000 0.000000
 17 3.115507 -0.886041 -0.021434 -0.523248 -0.008991 0.590544
 18 2.011148 -0.000002 0.000006 -0.000000 -0.000000 1.951110
 19 2.141379 -0.000001 -0.000004 0.000000 0.000000 0.000000
 20 1.734172 0.000001 0.000002 0.000000 -0.000000 0.976392
 21 0.000003 -4.440590 0.000001 1.570544 -0.062990 -0.195737
 22 4.112855 -0.572203 -1.309459 -1.644301 0.094718 0.119721
 23 6.000000 0.000002 -0.000000 -1.980123 -0.000000 0.000000
 24 0.000000 -4.440601 0.000000 1.569944 -0.062987 0.004053
 25 11.375562 0.000001 0.000003 -1.806486 -0.239536 0.483721
 26 -0.000001 -4.440603 -0.000000 1.570144 -0.062988 0.004040
 27 10.510130 0.000000 0.000000 -0.000000 0.000000 -2.433673
 28 0.000000 -1.748398 5.000000 -0.000000 0.004007 1.602291
 29 5.500000 0.000002 -0.000000 0.523075 0.000000 -0.000000
 30 -0.000001 -1.940598 5.000001 -0.044472 0.004003 -0.000180
 31 6.551492 0.000000 -0.000003 -0.992194 0.164508 -0.389110
 32 0.000001 -1.940602 5.000004 -0.027189 -0.053376 0.005295
 33 6.551492 0.000000 -0.000003 -0.423839 0.122047 -0.146176
 34 -0.000000 -1.940599 4.999997 -0.066572 -0.152786 -0.110311
 35 0.121067 -0.229329 -1.712728 2.915246 1.306180 -0.184408
 36 6.384777 0.000000 -0.000003 0.500666 0.260919 -1.362639
 37 10.242682 0.000001 0.000001 0.000000 0.000000 -1.746103
 38 11.375560 -0.000001 0.000001 2.759791 0.555139 0.594905
 39 0.728682 0.023431 1.008294 -1.627471 -0.842372 0.191441
 40 2.136498 0.000001 -0.000000 0.000000 0.000000 0.898844
 41 2.313136 0.000001 -0.000000 0.000000 0.000000 3.141593
 42 3.115506 -0.886040 0.021431 0.523248 0.008990 0.590544
 43 2.011152 0.000001 0.000000 0.000000 -0.000000 1.951110
 44 2.141381 0.000000 0.000000 0.000000 0.000000 3.141593
 45 1.734174 -0.000000 0.000002 -0.000000 0.000000 0.976392
 46 0.136314 -3.738194 2.525893 1.493698 2.759406 -1.474501
 47 3.771411 0.416400 1.053533 1.765650 0.074575 0.195753
 48 11.389366 -0.000821 0.158783 2.095717 0.366357 0.191114
 49 -0.000001 -4.440600 -0.000001 1.570144 -3.078602 0.004040
 50 5.999999 -0.000001 0.000001 2.095717 0.000000 -0.000000
 51 0.000001 -4.440602 -0.000001 1.569944 -3.078603 0.004053
 52 10.510132 0.000000 0.000001 -0.000000 -0.000000 -2.443848
 53 0.000000 -1.748398 -5.000002 -3.141593 0.004007 -1.539299
 54 5.500000 0.000000 0.000001 -0.228502 0.000000 0.000000
 55 0.000001 0.000000 -4.999999 -0.044472 3.137589 -0.000177
 56 6.551491 -0.000000 -0.000002 0.228502 -0.010053 -0.386438
 57 -1.266843 -1.937443 -4.950560 -0.066572 -2.988806 -0.110308
 58 6.551491 -0.000000 -0.000002 0.228502 -0.010053 -0.386438
 59 0.699370 -1.944208 -5.006849 -0.027189 -3.088217 0.005298
 60 4.226148 -0.003202 0.000000 0.068913 0.037196 -0.018875
 61 -0.000001 5.000000 -0.000001 -0.153564 0.000087 2.718702
 62 0.000007 -0.000005 -3.713579 0.365818 2.880119 -0.191589
 63 0.000001 -0.000000 5.000000 3.053196 1.558589 -0.074928
 64 -0.000003 0.000005 3.713579 -0.001619 -3.122277 -0.475127
 65 0.000004 -0.000000 -5.000000 -0.088726 1.558589 3.066335
 66 7.363605 1.646647 0.495663 3.141593 -1.570796 0.000000
 67 -0.000001 0.000006 3.619080 0.008255 -3.110080 -0.985231
 68 16.573921 0.000000 -0.000000 -0.000000 -0.000000 -1.065827
 69 15.128181 0.000000 0.000000 -0.102296 0.010178 0.114297
 70 5.758665 4.244731 0.000000 0.000000 0.000000 1.667687
 71 3.177725 0.000000 0.000000 0.000000 0.000000 3.141593
 72 15.708952 0.000001 0.000000 -0.051525 0.003996 0.061523
 73 0.275148 0.189215 -3.445208 3.130898 0.000409 -1.514604
 74 17.210194 -0.000000 0.000000 -0.000000 -0.000000 -1.893339
 75 -0.000000 -0.000000 -4.999999 -0.079433 1.546568 -1.570857
 76 0.000005 -0.000003 -3.619080 0.577895 2.675801 -0.242118
 77 16.573921 -0.000000 -0.000001 -0.000000 -0.000000 -1.163030
 78 15.128182 0.000001 0.000000 0.089479 0.309197 0.659208
 79 5.758666 4.244731 -0.000001 -0.000000 -0.000000 1.815142
 80 4.003934 -0.000000 0.000001 0.000000 0.000000 0.000000
 81 15.708953 0.000001 0.000001 0.042277 0.226871 0.443133
 82 0.273998 0.191089 3.439762 -3.130907 -0.000437 -1.508107
 83 17.210192 -0.000001 -0.000002 0.000000 -0.000000 -1.937080
 84 0.000001 -0.000002 5.000000 -0.079319 1.595025 -1.570742
time 14
  0 0.000000 0.000000 33.899605 -0.025849 0.174554 -1.569172
  1 5.685104 0.833236 -32.227169 -0.174512 -0.026131 1.569196
  2 -2.276935 0.000003 -1.238188 -1.570795 -1.570451 0.000000
  3 1.796874 0.711820 -0.000294 0.089254 0.072101 -0.076186
  4 4.118775 -0.003263 -0.000292 0.089188 -0.024057 0.049425
  5 4.118768 -0.003262 -0.000292 0.089214 -0.037006 0.048311
  6 4.118774 -0.003262 -0.000292 0.089189 -0.024049 0.049337
  7 4.118462 -0.003503 -0.000476 0.135137 0.069927 -0.029726
  8 4.443599 -0.000001 0.000000 0.912549 0.246851 -0.376240
  9 9.024063 0.000001 -0.000000 0.000000 0.000000 0.000000
 10 -0.121062 0.236404 1.712729 1.666749 -1.433060 1.503065
 11 6.384778 0.000000 -0.000001 -1.401780 0.073365 -0.342980
 12 10.242682 0.000001 0.000000 0.000000 0.000000 -1.725753
 13 11.375563 0.000001 0.000001 -2.145398 -0.335451 1.048339
 14 0.728682 0.023431 -1.008296 1.627471 0.842372 0.191441
 15 2.136489 0.000000 0.000000 -0.000000 0.000000 0.898845
 16 2.313142 -0.000003 -0.000000 0.000000 0.000000 0.000000
 17 3.115507 -0.886041 -0.021434 -0.523248 -0.008991 0.590544
 18 2.011148 -0.000002 0.000006 -0.000000 -0.000000 1.951110
 19 2.141379 -0.000001 -0.000004 0.000000 0.000000 0.000000
 20 1.734172 0.000001 0.000002 0.000000 -0.000000 0.976392
 21 0.000003 -4.440590 0.000001 1.570544 -0.062990 -0.195737
 22 4.112855 -0.572203 -1.309459 -1.644301 0.094718 0.119721
 23 6.000000 0.000002 -0.000000 -1.980123 -0.000000 0.000000
 24 0.000000 -4.440601 0.000000 1.569944 -0.062987 0.004053
 25 11.375562 0.000001 0.000003 -1.806486 -0.239536 0.483721
 26 -0.000001 -4.440603 -0.000000 1.570144 -0.062988 0.004040
 27 10.510130 0.000000 0.000000 -0.000000 0.000000 -2.433673
 28 0.000000 -1.748398 5.000000 -0.000000 0.004007 1.602291
 29 5.500000 0.000002 -0.000000 0.523075 0.000000 -0.000000
 30 -0.000001 -1.940598 5.000001 -0.044472 0.004003 -0.000180
 31 6.551492 0.000000 -0.000003 -0.992194 0.164508 -0.389110
 32 0.000001 -1.940602 5.000004 -0.027189 -0.053376 0.005295
 33 6.551492 0.000000 -0.000003 -0.423839 0.122047 -0.146176
 34 -0.000000 -1.940599 4.999997 -0.066572 -0.152786 -0.110311
 35 0.121067 -0.229329 -1.712728 2.915246 1.306180 -0.184408
 36 6.384777 0.000000 -0.000003 0.500666 0.260919 -1.362639
 37 10.242682 0.000001 0.000001 0.000000 0.000000 -1.746103
 38 11.375560 -0.000001 0.000001 2.759791 0.555139 0.594905
 39 0.728682 0.023431 1.008294 -1.627471 -0.842372 0.191441
 40 2.136498 0.000001 -0.000000 0.000000 0.000000 0.898844
 41 2.313136 0.000001 -0.000000 0.000000 0.000000 3.141593
 42 3.115506 -0.886040 0.021431 0.523248 0.008990 0.590544
 43 2.011152 0.000001 0.000000 0.000000 -0.000000 1.951110
 44 2.141381 0.000000 0.000000 0.000000 0.000000 3.141593
 45 1.734174 -0.000000 0.000002 -0.000000 0.000000 0.976392
 46 0.136314 -3.738194 2.525893 1.493698 2.759406 -1.474501
 47 3.771411 0.416400 1.053533 1.765650 0.074575 0.195753
 48 11.389366 -0.000821 0.158783 2.095717 0.366357 0.191114
 49 -0.000001 -4.440600 -0.000001 1.570144 -3.078602 0.004040
 50 5.999999 -0.000001 0.000001 2.095717 0.000000 -0.000000
 51 0.000001 -4.440602 -0.000001 1.569944 -3.078603 0.004053
 52 10.510132 0.000000 0.000001 -0.000000 -0.000000 -2.443848
 53 0.000000 -1.748398 -5.000002 -3.141593 0.004007 -1.539299
 54 5.500000 0.000000 0.000001 -0.228502 0.000000 0.000000
 55 0.000001 0.000000 -4.999999 -0.044472 3.137589 -0.000177
 56 6.551491 -0.000000 -0.000002 0.228502 -0.010053 -0.386438
 57 -1.266843 -1.937443 -4.950560 -0.066572 -2.988806 -0.110308
 58 6.551491 -0.000000 -0.000002 0.228502 -0.010053 -0.386438
 59 0.699370 -1.944208 -5.006849 -0.027189 -3.088217 0.005298
 60 4.226148 -0.003202 0.000000 0.068913 0.037196 -0.018875
 61 -0.000001 5.000000 -0.000001 -0.153564 0.000087 2.718702
 62 0.000007 -0.000005 -3.713579 0.365818 2.880119 -0.191589
 63 0.000001 -0.000000 5.000000 3.053196 1.558589 -0.074928
 64 -0.000003 0.000005 3.713579 -0.001619 -3.122277 -0.475127
 65 0.000004 -0.000000 -5.000000 -0.088726 1.558589 3.066335
 66 7.363605 1.646647 0.495663 3.141593 -1.570796 0.000000
 67 -0.000001 0.000006 3.619080 0.008255 -3.110080 -0.985231
 68 16.573921 0.000000 -0.000000 -0.000000 -0.000000 -1.065827
 69 15.128181 0.000000 0.000000 -0.102296 0.010178 0.114297
 70 5.758665 4.244731 0.000000 0.000000 0.000000 1.667687
 71 3.177725 0.000000 0.000000 0.000000 0.000000 3.141593
 72 15.708952 0.000001 0.000000 -0.051525 0.003996 0.061523
 73 0.275148 0.189215 -3.445208 3.130898 0.000409 -1.514604
 74 17.210194 -0.000000 0.000000 -0.000000 -0.000000 -1.893339
 75 -0.000000 -0.000000 -4.999999 -0.079433 1.546568 -1.570857
 76 0.000005 -0.000003 -3.619080 0.577895 2.675801 -0.242118
 77 16.573921 -0.000000 -0.000001 -0.000000 -0.000000 -1.163030
 78 15.128182 0.000001 0.000000 0.089479 0.309197 0.659208
 79 5.758666 4.244731 -0.000001 -0.000000 -0.000000 1.815142
 80 4.003934 -0.000000 0.000001 0.000000 0.000000 0.000000
 81 15.708953 0.000001 0.000001 0.042277 0.226871 0.443133
 82 0.273998 0.191089 3.439762 -3.130907 -0.000437 -1.508107
 83 17.210192 -0.000001 -0.000002 0.000000 -0.000000 -1.937080
 84 0.000001 -0.000002 5.000000 -0.079319 1.595025 -1.570742
time 15
  0 0.000000 0.000000 33.899605 -0.025849 0.174554 -1.569172
  1 5.685104 0.833236 -32.227169 -0.174512 -0.026131 1.569196
  2 -2.276935 0.000003 -1.238188 -1.570795 -1.570451 0.000000
  3 1.796874 0.711820 -0.000294 0.089254 0.072101 -0.076186
  4 4.118775 -0.003263 -0.000292 0.089188 -0.024057 0.049425
  5 4.118768 -0.003262 -0.000292 0.089214 -0.037006 0.048311
  6 4.118774 -0.003262 -0.000292 0.089189 -0.024049 0.049337
  7 4.118462 -0.003503 -0.000476 0.135137 0.069927 -0.029726
  8 4.443599 -0.000001 0.000000 0.912549 0.246851 -0.376240
  9 9.024063 0.000001 -0.000000 0.000000 0.000000 0.000000
 10 -0.121062 0.236404 1.712729 1.666749 -1.433060 1.503065
 11 6.384778 0.000000 -0.000001 -1.401780 0.073365 -0.342980
 12 10.242682 0.000001 0.000000 0.000000 0.000000 -1.725753
 13 11.375563 0.000001 0.000001 -2.145398 -0.335451 1.048339
 14 0.728682 0.023431 -1.008296 1.627471 0.842372 0.191441
 15 2.136489 0.000000 0.000000 -0.000000 0.000000 0.898845
 16 2.313142 -0.000003 -0.000000 0.000000 0.000000 0.000000
 17 3.115507 -0.886041 -0.021434 -0.523248 -0.008991 0.590544
 18 2.011148 -0.000002 0.000006 -0.000000 -0.000000 1.951110
 19 2.141379 -0.000001 -0.000004 0.000000 0.000000 0.000000
 20 1.734172 0.000001 0.000002 0.000000 -0.000000 0.976392
 21 0.000003 -4.440590 0.000001 1.570544 -0.062990 -0.195737
 22 4.112855 -0.572203 -1.309459 -1.644301 0.094718 0.119721
 23 6.000000 0.000002 -0.000000 -1.980123 -0.000000 0.000000
 24 0.000000 -4.440601 0.000000 1.569944 -0.062987 0.004053
 25 11.375562 0.000001 0.000003 -1.806486 -0.239536 0.483721
 26 -0.000001 -4.440603 -0.000000 1.570144 -0.062988 0.004040
 27 10.510130 0.000000 0.000000 -0.000000 0.000000 -2.433673
 28 0.000000 -1.748398 5.000000 -0.000000 0.004007 1.602291
 29 5.500000 0.000002 -0.000000 0.523075 0.000000 -0.000000
 30 -0.000001 -1.940598 5.000001 -0.044472 0.004003 -0.000180
 31 6.551492 0.000000 -0.000003 -0.992194 0.164508 -0.389110
 32 0.000001 -1.940602 5.000004 -0.027189 -0.053376 0.005295
 33 6.551492 0.000000 -0.000003 -0.423839 0.122047 -0.146176
 34 -0.000000 -1.940599 4.999997 -0.066572 -0.152786 -0.110311
 35 0.121067 -0.229329 -1.712728 2.915246 1.306180 -0.184408
 36 6.384777 0.000000 -0.000003 0.500666 0.260919 -1.362639
 37 10.242682 0.000001 0.000001 0.000000 0.000000 -1.746103
 38 11.375560 -0.000001 0.000001 2.759791 0.555139 0.594905
 39 0.728682 0.023431 1.008294 -1.627471 -0.842372 0.191441
 40 2.136498 0.000001 -0.000000 0.000000 0.000000 0.898844
 41 2.313136 0.000001 -0.000000 0.000000 0.000000 3.141593
 42 3.115506 -0.886040 0.021431 0.523248 0.008990 0.590544
 43 2.011152 0.000001 0.000000 0.000000 -0.000000 1.951110
 44 2.141381 0.000000 0.000000 0.000000 0.000000 3.141593
 45 1.734174 -0.000000 0.000002 -0.000000 0.000000 0.976392
 46 0.136314 -3.738194 2.525893 1.493698 2.759406 -1.474501
 47 3.771411 0.416400 1.053533 1.765650 0.074575 0.195753
 48 11.389366 -0.000821 0.158783 2.095717 0.366357 0.191114
 49 -0.000001 -4.440600 -0.000001 1.570144 -3.078602 0.004040
 50 5.999999 -0.000001 0.000001 2.095717 0.000000 -0.000000
 51 0.000001 -4.440602 -0.000001 1.569944 -3.078603 0.004053
 52 10.510132 0.000000 0.000001 -0.000000 -0.000000 -2.443848
 53 0.000000 -1.748398 -5.000002 -3.141593 0.004007 -1.539299
 54 5.500000 0.000000 0.000001 -0.228502 0.000000 0.000000
 55 0.000001 0.000000 -4.999999 -0.044472 3.137589 -0.000177
 56 6.551491 -0.000000 -0.000002 0.228502 -0.010053 -0.386438
 57 -1.266843 -1.937443 -4.950560 -0.066572 -2.988806 -0.110308
 58 6.551491 -0.000000 -0.000002 0.228502 -0.010053 -0.386438
 59 0.699370 -1.944208 -5.006849 -0.027189 -3.088217 0.005298
 60 4.226148 -0.003202 0.000000 0.068913 0.037196 -0.018875
 61 -0.000001 5.000000 -0.000001 -0.153564 0.000087 2.718702
 62 0.000007 -0.000005 -3.713579 0.365818 2.880119 -0.191589
 63 0.000001 -0.000000 5.000000 3.053196 1.558589 -0.074928
 64 -0.000003 0.000005 3.713579 -0.001619 -3.122277 -0.475127
 65 0.000004 -0.000000 -5.000000 -0.088726 1.558589 3.066335
 66 7.363605 1.646647 0.495663 3.141593 -1.570796 0.000000
 67 -0.000001 0.000006 3.619080 0.008255 -3.110080 -0.985231
 68 16.573921 0.000000 -0.000000 -0.000000 -0.000000 -1.065827
 69 15.128181 0.000000 0.000000 -0.102296 0.010178 0.114297
 70 5.758665 4.244731 0.000000 0.000000 0.000000 1.667687
 71 3.177725 0.000000 0.000000 0.000000 0.000000 3.141593
 72 15.708952 0.000001 0.000000 -0.051525 0.003996 0.061523
 73 0.275148 0.189215 -3.445208 3.130898 0.000409 -1.514604
 74 17.210194 -0.000000 0.000000 -0.000000 -0.000000 -1.893339
 75 -0.000000 -0.000000 -4.999999 -0.079433 1.546568 -1.570857
 76 0.000005 -0.000003 -3.619080 0.577895 2.675801 -0.242118
 77 16.573921 -0.000000 -0.000001 -0.000000 -0.000000 -1.163030
 78 15.128182 0.000001 0.000000 0.089479 0.309197 0.659208
 79 5.758666 4.244731 -0.000001 -0.000000 -0.000000 1.815142
 80 4.003934 -0.000000 0.000001 0.000000 0.000000 0.000000
 81 15.708953 0.000001 0.000001 0.042277 0.226871 0.443133
 82 0.273998 0.191089 3.439762 -3.130907 -0.000437 -1.508107
 83 17.210192 -0.000001 -0.000002 0.000000 -0.000000 -1.937080
 84 0.000001 -0.000002 5.000000 -0.079319 1.595025 -1.570742
time 16
  0 0.000000 0.000000 33.899605 -0.025849 0.174554 -1.569172
  1 5.685104 0.833236 -32.227169 -0.174512 -0.026131 1.569196
  2 -2.276935 0.000003 -1.238188 -1.570795 -1.570451 0.000000
  3 1.796874 0.711820 -0.000294 0.089254 0.072101 -0.076186
  4 4.118775 -0.003263 -0.000292 0.089188 -0.024057 0.049425
  5 4.118768 -0.003262 -0.000292 0.089214 -0.037006 0.048311
  6 4.118774 -0.003262 -0.000292 0.089189 -0.024049 0.049337
  7 4.118462 -0.003503 -0.000476 0.135137 0.069927 -0.029726
  8 4.443599 -0.000001 0.000000 0.912549 0.246851 -0.376240
  9 9.024063 0.000001 -0.000000 0.000000 0.000000 0.000000
 10 -0.121062 0.236404 1.712729 1.666749 -1.433060 1.503065
 11 6.384778 0.000000 -0.000001 -1.401780 0.073365 -0.342980
 12 10.242682 0.000001 0.000000 0.000000 0.000000 -1.725753
 13 11.375563 0.000001 0.000001 -2.145398 -0.335451 1.048339
 14 0.728682 0.023431 -1.008296 1.627471 0.842372 0.191441
 15 2.136489 0.000000 0.000000 -0.000000 0.000000 0.898845
 16 2.313142 -0.000003 -0.000000 0.000000 0.000000 0.000000
 17 3.115507 -0.886041 -0.021434 -0.523248 -0.008991 0.590544
 18 2.011148 -0.000002 0.000006 -0.000000 -0.000000 1.951110
 19 2.141379 -0.000001 -0.000004 0.000000 0.000000 0.000000
 20 1.734172 0.000001 0.000002 0.000000 -0.000000 0.976392
 21 0.000003 -4.440590 0.000001 1.570544 -0.062990 -0.195737
 22 4.112855 -0.572203 -1.309459 -1.644301 0.094718 0.119721
 23 6.000000 0.000002 -0.000000 -1.980123 -0.000000 0.000000
 24 0.000000 -4.440601 0.000000 1.569944 -0.062987 0.004053
 25 11.375562 0.000001 0.000003 -1.806486 -0.239536 0.483721
 26 -0.000001 -4.440603 -0.000000 1.570144 -0.062988 0.004040
 27 10.510130 0.000000 0.000000 -0.000000 0.000000 -2.433673
 28 0.000000 -1.748398 5.000000 -0.000000 0.004007 1.602291
 29 5.500000 0.000002 -0.000000 0.523075 0.000000 -0.000000
 30 -0.000001 -1.940598 5.000001 -0.044472 0.004003 -0.000180
 31 6.551492 0.000000 -0.000003 -0.992194 0.164508 -0.389110
 32 0.000001 -1.940602 5.000004 -0.027189 -0.053376 0.005295
 33 6.551492 0.000000 -0.000003 -0.423839 0.122047 -0.146176
 34 -0.000000 -1.940599 4.999997 -0.066572 -0.152786 -0.110311
 35 0.121067 -0.229329 -1.712728 2.915246 1.306180 -0.184408
 36 6.384777 0.000000 -0.000003 0.500666 0.260919 -1.362639
 37 10.242682 0.000001 0.000001 0.000000 0.000000 -1.746103
 38 11.375560 -0.000001 0.000001 2.759791 0.555139 0.594905
 39 0.728682 0.023431 1.008294 -1.627471 -0.842372 0.191441
 40 2.136498 0.000001 -0.000000 0.000000 0.000000 0.898844
 41 2.313136 0.000001 -0.000000 0.000000 0.000000 3.141593
 42 3.115506 -0.886040 0.021431 0.523248 0.008990 0.590544
 43 2.011152 0.000001 0.000000 0.000000 -0.000000 1.951110
 44 2.141381 0.000000 0.000000 0.000000 0.000000 3.141593
 45 1.734174 -0.000000 0.000002 -0.000000 0.000000 0.976392
 46 0.136314 -3.738194 2.525893 1.493698 2.759406 -1.474501
 47 3.771411 0.416400 1.053533 1.765650 0.074575 0.195753
 48 11.389366 -0.000821 0.158783 2.095717 0.366357 0.191114
 49 -0.000001 -4.440600 -0.000001 1.570144 -3.078602 0.004040
 50 5.999999 -0.000001 0.000001 2.095717 0.000000 -0.000000
 51 0.000001 -4.440602 -0.000001 1.569944 -3.078603 0.004053
 52 10.510132 0.000000 0.000001 -0.000000 -0.000000 -2.443848
 53 0.000000 -1.748398 -5.000002 -3.141593 0.004007 -1.539299
 54 5.500000 0.000000 0.000001 -0.228502 0.000000 0.000000
 55 0.000001 0.000000 -4.999999 -0.044472 3.137589 -0.000177
 56 6.551491 -0.000000 -0.000002 0.228502 -0.010053 -0.386438
 57 -1.266843 -1.937443 -4.950560 -0.066572 -2.988806 -0.110308
 58 6.551491 -0.000000 -0.000002 0.228502 -0.010053 -0.386438
 59 0.699370 -1.944208 -5.006849 -0.027189 -3.088217 0.005298
 60 4.226148 -0.003202 0.000000 0.068913 0.037196 -0.018875
 61 -0.000001 5.000000 -0.000001 -0.153564 0.000087 2.718702
 62 0.000007 -0.000005 -3.713579 0.365818 2.880119 -0.191589
 63 0.000001 -0.000000 5.000000 3.053196 1.558589 -0.074928
 64 -0.000003 0.000005 3.713579 -0.001619 -3.122277 -0.475127
 65 0.000004 -0.000000 -5.000000 -0.088726 1.558589 3.066335
 66 7.363605 1.646647 0.495663 3.141593 -1.570796 0.000000
 67 -0.000001 0.000006 3.619080 0.008255 -3.110080 -0.985231
 68 16.573921 0.000000 -0.000000 -0.000000 -0.000000 -1.065827
 69 15.128181 0.000000 0.000000 -0.102296 0.010178 0.114297
 70 5.758665 4.244731 0.000000 0.000000 0.000000 1.667687
 71 3.177725 0.000000 0.000000 0.000000 0.000000 3.141593
 72 15.708952 0.000001 0.000000 -0.051525 0.003996 0.061523
 73 0.275148 0.189215 -3.445208 3.130898 0.000409 -1.514604
 74 17.210194 -0.000000 0.000000 -0.000000 -0.000000 -1.893339
 75 -0.000000 -0.000000 -4.999999 -0.079433 1.546568 -1.570857
 76 0.000005 -0.000003 -3.619080 0.577895 2.675801 -0.242118
 77 16.573921 -0.000000 -0.000001 -0.000000 -0.000000 -1.163030
 78 15.128182 0.000001 0.000000 0.089479 0.309197 0.659208
 79 5.758666 4.244731 -0.000001 -0.000000 -0.000000 1.815142
 80 4.003934 -0.000000 0.000001 0.000000 0.000000 0.000000
 81 15.708953 0.000001 0.000001 0.042277 0.226871 0.443133
 82 0.273998 0.191089 3.439762 -3.130907 -0.000437 -1.508107
 83 17.210192 -0.000001 -0.000002 0.000000 -0.000000 -1.937080
 84 0.000001 -0.000002 5.000000 -0.079319 1.595025 -1.570742
time 17
  0 0.000000 0.000000 33.899605 -0.025849 0.174554 -1.569172
  1 5.685104 0.833236 -32.227169 -0.174512 -0.026131 1.569196
  2 -2.276935 0.000003 -1.238188 -1.570795 -1.570451 0.000000
  3 1.796874 0.711820 -0.000294 0.089254 0.072101 -0.076186
  4 4.118775 -0.003263 -0.000292 0.089188 -0.024057 0.049425
  5 4.118768 -0.003262 -0.000292 0.089214 -0.037006 0.048311
  6 4.118774 -0.003262 -0.000292 0.089189 -0.024049 0.049337
  7 4.118462 -0.003503 -0.000476 0.135137 0.069927 -0.029726
  8 4.443599 -0.000001 0.000000 0.912549 0.246851 -0.376240
  9 9.024063 0.000001 -0.000000 0.000000 0.000000 0.000000
 10 -0.121062 0.236404 1.712729 1.666749 -1.433060 1.503065
 11 6.384778 0.000000 -0.000001 -1.401780 0.073365 -0.342980
 12 10.242682 0.000001 0.000000 0.000000 0.000000 -1.725753
 13 11.375563 0.000001 0.000001 -2.145398 -0.335451 1.048339
 14 0.728682 0.023431 -1.008296 1.627471 0.842372 0.191441
 15 2.136489 0.000000 0.000000 -0.000000 0.000000 0.898845
 16 2.313142 -0.000003 -0.000000 0.000000 0.000000 0.000000
 17 3.115507 -0.886041 -0.021434 -0.523248 -0.008991 0.590544
 18 2.011148 -0.000002 0.000006 -0.000000 -0.000000 1.951110
 19 2.141379 -0.000001 -0.000004 0.000000 0.000000 0.000000
 20 1.734172 0.000001 0.000002 0.000000 -0.000000 0.976392
 21 0.000003 -4.440590 0.000001 1.570544 -0.062990 -0.195737
 22 4.112855 -0.572203 -1.309459 -1.644301 0.094718 0.119721
 23 6.000000 0.000002 -0.000000 -1.980123 -0.000000 0.000000
 24 0.000000 -4.440601 0.000000 1.569944 -0.062987 0.004053
 25 11.375562 0.000001 0.000003 -1.806486 -0.239536 0.483721
 26 -0.000001 -4.440603 -0.000000 1.570144 -0.062988 0.004040
 27 10.510130 0.000000 0.000000 -0.000000 0.000000 -2.433673
 28 0.000000 -1.748398 5.000000 -0.000000 0.004007 1.602291
 29 5.500000 0.000002 -0.000000 0.523075 0.000000 -0.000000
 30 -0.000001 -1.940598 5.000001 -0.044472 0.004003 -0.000180
 31 6.551492 0.000000 -0.000003 -0.992194 0.164508 -0.389110
 32 0.000001 -1.940602 5.000004 -0.027189 -0.053376 0.005295
 33 6.551492 0.000000 -0.000003 -0.423839 0.122047 -0.146176
 34 -0.000000 -1.940599 4.999997 -0.066572 -0.152786 -0.110311
 35 0.121067 -0.229329 -1.712728 2.915246 1.306180 -0.184408
 36 6.384777 0.000000 -0.000003 0.500666 0.260919 -1.362639
 37 10.242682 0.000001 0.000001 0.000000 0.000000 -1.746103
 38 11.375560 -0.000001 0.000001 2.759791 0.555139 0.594905
 39 0.728682 0.023431 1.008294 -1.627471 -0.842372 0.191441
 40 2.136498 0.000001 -0.000000 0.000000 0.000000 0.898844
 41 2.313136 0.000001 -0.000000 0.000000 0.000000 3.141593
 42 3.115506 -0.886040 0.021431 0.523248 0.008990 0.590544
 43 2.011152 0.000001 0.000000 0.000000 -0.000000 1.951110
 44 2.141381 0.000000 0.000000 0.000000 0.000000 3.141593
 45 1.734174 -0.000000 0.000002 -0.000000 0.000000 0.976392
 46 0.136314 -3.738194 2.525893 1.493698 2.759406 -1.474501
 47 3.771411 0.416400 1.053533 1.765650 0.074575 0.195753
 48 11.389366 -0.000821 0.158783 2.095717 0.366357 0.191114
 49 -0.000001 -4.440600 -0.000001 1.570144 -3.078602 0.004040
 50 5.999999 -0.000001 0.000001 2.095717 0.000000 -0.000000
 51 0.000001 -4.440602 -0.000001 1.569944 -3.078603 0.004053
 52 10.510132 0.000000 0.000001 -0.000000 -0.000000 -2.443848
 53 0.000000 -1.748398 -5.000002 -3.141593 0.004007 -1.539299
 54 5.500000 0.000000 0.000001 -0.228502 0.000000 0.000000
 55 0.000001 0.000000 -4.999999 -0.044472 3.137589 -0.000177
 56 6.551491 -0.000000 -0.000002 0.228502 -0.010053 -0.386438
 57 -1.266843 -1.937443 -4.950560 -0.066572 -2.988806 -0.110308
 58 6.551491 -0.000000 -0.000002 0.228502 -0.010053 -0.386438
 59 0.699370 -1.944208 -5.006849 -0.027189 -3.088217 0.005298
 60 4.226148 -0.003202 0.000000 0.068913 0.037196 -0.018875
 61 -0.000001 5.000000 -0.000001 -0.153564 0.000087 2.718702
 62 0.000007 -0.000005 -3.713579 0.365818 2.880119 -0.191589
 63 0.000001 -0.000000 5.000000 3.053196 1.558589 -0.074928
 64 -0.000003 0.000005 3.713579 -0.001619 -3.122277 -0.475127
 65 0.000004 -0.000000 -5.000000 -0.088726 1.558589 3.066335
 66 7.363605 1.646647 0.495663 3.141593 -1.570796 0.000000
 67 -0.000001 0.000006 3.619080 0.008255 -3.110080 -0.985231
 68 16.573921 0.000000 -0.000000 -0.000000 -0.000000 -1.065827
 69 15.128181 0.000000 0.000000 -0.102296 0.010178 0.114297
 70 5.758665 4.244731 0.000000 0.000000 0.000000 1.667687
 71 3.177725 0.000000 0.000000 0.000000 0.000000 3.141593
 72 15.708952 0.000001 0.000000 -0.051525 0.003996 0.061523
 73 0.275148 0.189215 -3.445208 3.130898 0.000409 -1.514604
 74 17.210194 -0.000000 0.000000 -0.000000 -0.000000 -1.893339
 75 -0.000000 -0.000000 -4.999999 -0.079433 1.546568 -1.570857
 76 0.000005 -0.000003 -3.619080 0.577895 2.675801 -0.242118
 77 16.573921 -0.000000 -0.000001 -0.000000 -0.000000 -1.163030
 78 15.128182 0.000001 0.000000 0.089479 0.309197 0.659208
 79 5.758666 4.244731 -0.000001 -0.000000 -0.000000 1.815142
 80 4.003934 -0.000000 0.000001 0.000000 0.000000 0.000000
 81 15.708953 0.000001 0.000001 0.042277 0.226871 0.443133
 82 0.273998 0.191089 3.439762 -3.130907 -0.000437 -1.508107
 83 17.210192 -0.000001 -0.000002 0.000000 -0.000000 -1.937080
 84 0.000001 -0.000002 5.000000 -0.079319 1.595025 -1.570742
time 18
  0 0.000000 0.000000 33.899605 -0.025849 0.174554 -1.569172
  1 5.685104 0.833236 -32.227169 -0.174512 -0.026131 1.569196
  2 -2.276935 0.000003 -1.238188 -1.570795 -1.570451 0.000000
  3 1.796874 0.711820 -0.000294 0.089254 0.072101 -0.076186
  4 4.118775 -0.003263 -0.000292 0.089188 -0.024057 0.049425
  5 4.118768 -0.003262 -0.000292 0.089214 -0.037006 0.048311
  6 4.118774 -0.003262 -0.000292 0.089189 -0.024049 0.049337
  7 4.118462 -0.003503 -0.000476 0.135137 0.069927 -0.029726
  8 4.443599 -0.000001 0.000000 0.912549 0.246851 -0.376240
  9 9.024063 0.000001 -0.000000 0.000000 0.000000 0.000000
 10 -0.121062 0.236404 1.712729 1.666749 -1.433060 1.503065
 11 6.384778 0.000000 -0.000001 -1.401780 0.073365 -0.342980
 12 10.242682 0.000001 0.000000 0.000000 0.000000 -1.725753
 13 11.375563 0.000001 0.000001 -2.145398 -0.335451 1.048339
 14 0.728682 0.023431 -1.008296 1.627471 0.842372 0.191441
 15 2.136489 0.000000 0.000000 -0.000000 0.000000 0.898845
 16 2.313142 -0.000003 -0.000000 0.000000 0.000000 0.000000
 17 3.115507 -0.886041 -0.021434 -0.523248 -0.008991 0.590544
 18 2.011148 -0.000002 0.000006 -0.000000 -0.000000 1.951110
 19 2.141379 -0.000001 -0.000004 0.000000 0.000000 0.000000
 20 1.734172 0.000001 0.000002 0.000000 -0.000000 0.976392
 21 0.000003 -4.440590 0.000001 1.570544 -0.062990 -0.195737
 22 4.112855 -0.572203 -1.309459 -1.644301 0.094718 0.119721
 23 6.000000 0.000002 -0.000000 -1.980123 -0.000000 0.000000
 24 0.000000 -4.440601 0.000000 1.569944 -0.062987 0.004053
 25 11.375562 0.000001 0.000003 -1.806486 -0.239536 0.483721
 26 -0.000001 -4.440603 -0.000000 1.570144 -0.062988 0.004040
 27 10.510130 0.000000 0.000000 -0.000000 0.000000 -2.433673
 28 0.000000 -1.748398 5.000000 -0.000000 0.004007 1.602291
 29 5.500000 0.000002 -0.000000 0.523075 0.000000 -0.000000
 30 -0.000001 -1.940598 5.000001 -0.044472 0.004003 -0.000180
 31 6.551492 0.000000 -0.000003 -0.992194 0.164508 -0.389110
 32 0.000001 -1.940602 5.000004 -0.027189 -0.053376 0.005295
 33 6.551492 0.000000 -0.000003 -0.423839 0.122047 -0.146176
 34 -0.000000 -1.940599 4.999997 -0.066572 -0.152786 -0.110311
 35 0.121067 -0.229329 -1.712728 2.915246 1.306180 -0.184408
 36 6.384777 0.000000 -0.000003 0.500666 0.260919 -1.362639
 37 10.242682 0.000001 0.000001 0.000000 0.000000 -1.746103
 38 11.375560 -0.000001 0.000001 2.759791 0.555139 0.594905
 39 0.728682 0.023431 1.008294 -1.627471 -0.842372 0.191441
 40 2.136498 0.000001 -0.000000 0.000000 0.000000 0.898844
 41 2.313136 0.000001 -0.000000 0.000000 0.000000 3.141593
 42 3.115506 -0.886040 0.021431 0.523248 0.008990 0.590544
 43 2.011152 0.000001 0.000000 0.000000 -0.000000 1.951110
 44 2.141381 0.000000 0.000000 0.000000 0.000000 3.141593
 45 1.734174 -0.000000 0.000002 -0.000000 0.000000 0.976392
 46 0.136314 -3.738194 2.525893 1.493698 2.759406 -1.474501
 47 3.771411 0.416400 1.053533 1.765650 0.074575 0.195753
 48 11.389366 -0.000821 0.158783 2.095717 0.366357 0.191114
 49 -0.000001 -4.440600 -0.000001 1.570144 -3.078602 0.004040
 50 5.999999 -0.000001 0.000001 2.095717 0.000000 -0.000000
 51 0.000001 -4.440602 -0.000001 1.569944 -3.078603 0.004053
 52 10.510132 0.000000 0.000001 -0.000000 -0.000000 -2.443848
 53 0.000000 -1.748398 -5.000002 -3.141593 0.004007 -1.539299
 54 5.500000 0.000000 0.000001 -0.228502 0.000000 0.000000
 55 0.000001 0.000000 -4.999999 -0.044472 3.137589 -0.000177
 56 6.551491 -0.000000 -0.000002 0.228502 -0.010053 -0.386438
 57 -1.266843 -1.937443 -4.950560 -0.066572 -2.988806 -0.110308
 58 6.551491 -0.000000 -0.000002 0.228502 -0.010053 -0.386438
 59 0.699370 -1.944208 -5.006849 -0.027189 -3.088217 0.005298
 60 4.226148 -0.003202 0.000000 0.068913 0.037196 -0.018875
 61 -0.000001 5.000000 -0.000001 -0.153564 0.000087 2.718702
 62 0.000007 -0.000005 -3.713579 0.365818 2.880119 -0.191589
 63 0.000001 -0.000000 5.000000 3.053196 1.558589 -0.074928
 64 -0.000003 0.000005 3.713579 -0.001619 -3.122277 -0.475127
 65 0.000004 -0.000000 -5.000000 -0.088726 1.558589 3.066335
 66 7.363605 1.646647 0.495663 3.141593 -1.570796 0.000000
 67 -0.000001 0.000006 3.619080 0.008255 -3.110080 -0.985231
 68 16.573921 0.000000 -0.000000 -0.000000 -0.000000 -1.065827
 69 15.128181 0.000000 0.000000 -0.102296 0.010178 0.114297
 70 5.758665 4.244731 0.000000 0.000000 0.000000 1.667687
 71 3.177725 0.000000 0.000000 0.000000 0.000000 3.141593
 72 15.708952 0.000001 0.000000 -0.051525 0.003996 0.061523
 73 0.275148 0.189215 -3.445208 3.130898 0.000409 -1.514604
 74 17.210194 -0.000000 0.000000 -0.000000 -0.000000 -1.893339
 75 -0.000000 -0.000000 -4.999999 -0.079433 1.546568 -1.570857
 76 0.000005 -0.000003 -3.619080 0.577895 2.675801 -0.242118
 77 16.573921 -0.000000 -0.000001 -0.000000 -0.000000 -1.163030
 78 15.128182 0.000001 0.000000 0.089479 0.309197 0.659208
 79 5.758666 4.244731 -0.000001 -0.000000 -0.000000 1.815142
 80 4.003934 -0.000000 0.000001 0.000000 0.000000 0.000000
 81 15.708953 0.000001 0.000001 0.042277 0.226871 0.443133
 82 0.273998 0.191089 3.439762 -3.130907 -0.000437 -1.508107
 83 17.210192 -0.000001 -0.000002 0.000000 -0.000000 -1.937080
 84 0.000001 -0.000002 5.000000 -0.079319 1.595025 -1.570742
time 19
  0 0.000000 0.000000 33.899605 -0.025849 0.174554 -1.569172
  1 5.685104 0.833236 -32.227169 -0.174512 -0.026131 1.569196
  2 -2.276935 0.000003 -1.238188 -1.570795 -1.570451 0.000000
  3 1.796874 0.711820 -0.000294 0.089254 0.072101 -0.076186
  4 4.118775 -0.003263 -0.000292 0.089188 -0.024057 0.049425
  5 4.118768 -0.003262 -0.000292 0.089214 -0.037006 0.048311
  6 4.118774 -0.003262 -0.000292 0.089189 -0.024049 0.049337
  7 4.118462 -0.003503 -0.000476 0.135137 0.069927 -0.029726
  8 4.443599 -0.000001 0.000000 0.912549 0.246851 -0.376240
  9 9.024063 0.000001 -0.000000 0.000000 0.000000 0.000000
 10 -0.121062 0.236404 1.712729 1.666749 -1.433060 1.503065
 11 6.384778 0.000000 -0.000001 -1.401780 0.073365 -0.342980
 12 10.242682 0.000001 0.000000 0.000000 0.000000 -1.725753
 13 11.375563 0.000001 0.000001 -2.145398 -0.335451 1.048339
 14 0.728682 0.023431 -1.008296 1.627471 0.842372 0.191441
 15 2.136489 0.000000 0.000000 -0.000000 0.000000 0.898845
 16 2.313142 -0.000003 -0.000000 0.000000 0.000000 0.000000
 17 3.115507 -0.886041 -0.021434 -0.523248 -0.008991 0.590544
 18 2.011148 -0.000002 0.000006 -0.000000 -0.000000 1.951110
 19 2.141379 -0.000001 -0.000004 0.000000 0.000000 0.000000
 20 1.734172 0.000001 0.000002 0.000000 -0.000000 0.976392
 21 0.000003 -4.440590 0.000001 1.570544 -0.062990 -0.195737
 22 4.112855 -0.572203 -1.309459 -1.644301 0.094718 0.119721
 23 6.000000 0.000002 -0.000000 -1.980123 -0.000000 0.000000
 24 0.000000 -4.440601 0.000000 1.569944 -0.062987 0.004053
 25 11.375562 0.000001 0.000003 -1.806486 -0.239536 0.483721
 26 -0.000001 -4.440603 -0.000000 1.570144 -0.062988 0.004040
 27 10.510130 0.000000 0.000000 -0.000000 0.000000 -2.433673
 28 0.000000 -1.748398 5.000000 -0.000000 0.004007 1.602291
 29 5.500000 0.000002 -0.000000 0.523075 0.000000 -0.000000
 30 -0.000001 -1.940598 5.000001 -0.044472 0.004003 -0.000180
 31 6.551492 0.000000 -0.000003 -0.992194 0.164508 -0.389110
 32 0.000001 -1.940602 5.000004 -0.027189 -0.053376 0.005295
 33 6.551492 0.000000 -0.000003 -0.423839 0.122047 -0.146176
 34 -0.000000 -1.940599 4.999997 -0.066572 -0.152786 -0.110311
 35 0.121067 -0.229329 -1.712728 2.915246 1.306180 -0.184408
 36 6.384777 0.000000 -0.000003 0.500666 0.260919 -1.362639
 37 10.242682 0.000001 0.000001 0.000000 0.000000 -1.746103
 38 11.375560 -0.000001 0.000001 2.759791 0.555139 0.594905
 39 0.728682 0.023431 1.008294 -1.627471 -0.842372 0.191441
 40 2.136498 0.000001 -0.000000 0.000000 0.000000 0.898844
 41 2.313136 0.000001 -0.000000 0.000000 0.000000 3.141593
 42 3.115506 -0.886040 0.021431 0.523248 0.008990 0.590544
 43 2.011152 0.000001 0.000000 0.000000 -0.000000 1.951110
 44 2.141381 0.000000 0.000000 0.000000 0.000000 3.141593
 45 1.734174 -0.000000 0.000002 -0.000000 0.000000 0.976392
 46 0.136314 -3.738194 2.525893 1.493698 2.759406 -1.474501
 47 3.771411 0.416400 1.053533 1.765650 0.074575 0.195753
 48 11.389366 -0.000821 0.158783 2.095717 0.366357 0.191114
 49 -0.000001 -4.440600 -0.000001 1.570144 -3.078602 0.004040
 50 5.999999 -0.000001 0.000001 2.095717 0.000000 -0.000000
 51 0.000001 -4.440602 -0.000001 1.569944 -3.078603 0.004053
 52 10.510132 0.000000 0.000001 -0.000000 -0.000000 -2.443848
 53 0.000000 -1.748398 -5.000002 -3.141593 0.004007 -1.539299
 54 5.500000 0.000000 0.000001 -0.228502 0.000000 0.000000
 55 0.000001 0.000000 -4.999999 -0.044472 3.137589 -0.000177
 56 6.551491 -0.000000 -0.000002 0.228502 -0.010053 -0.386438
 57 -1.266843 -1.937443 -4.950560 -0.066572 -2.988806 -0.110308
 58 6.551491 -0.000000 -0.000002 0.228502 -0.010053 -0.386438
 59 0.699370 -1.944208 -5.006849 -0.027189 -3.088217 0.005298
 60 4.226148 -0.003202 0.000000 0.068913 0.037196 -0.018875
 61 -0.000001 5.000000 -0.000001 -0.153564 0.000087 2.718702
 62 0.000007 -0.000005 -3.713579 0.365818 2.880119 -0.191589
 63 0.000001 -0.000000 5.000000 3.053196 1.558589 -0.074928
 64 -0.000003 0.000005 3.713579 -0.001619 -3.122277 -0.475127
 65 0.000004 -0.000000 -5.000000 -0.088726 1.558589 3.066335
 66 7.363605 1.646647 0.495663 3.141593 -1.570796 0.000000
 67 -0.000001 0.000006 3.619080 0.008255 -3.110080 -0.985231
 68 16.573921 0.000000 -0.000000 -0.000000 -0.000000 -1.065827
 69 15.128181 0.000000 0.000000 -0.102296 0.010178 0.114297
 70 5.758665 4.244731 0.000000 0.000000 0.000000 1.667687
 71 3.177725 0.000000 0.000000 0.000000 0.000000 3.141593
 72 15.708952 0.000001 0.000000 -0.051525 0.003996 0.061523
 73 0.275148 0.189215 -3.445208 3.130898 0.000409 -1.514604
 74 17.210194 -0.000000 0.000000 -0.000000 -0.000000 -1.893339
 75 -0.000000 -0.000000 -4.999999 -0.079433 1.546568 -1.570857
 76 0.000005 -0.000003 -3.619080 0.577895 2.675801 -0.242118
 77 16.573921 -0.000000 -0.000001 -0.000000 -0.000000 -1.163030
 78 15.128182 0.000001 0.000000 0.089479 0.309197 0.659208
 79 5.758666 4.244731 -0.000001 -0.000000 -0.000000 1.815142
 80 4.003934 -0.000000 0.000001 0.000000 0.000000 0.000000
 81 15.708953 0.000001 0.000001 0.042277 0.226871 0.443133
 82 0.273998 0.191089 3.439762 -3.130907 -0.000437 -1.508107
 83 17.210192 -0.000001 -0.000002 0.000000 -0.000000 -1.937080
 84 0.000001 -0.000002 5.000000 -0.079319 1.595025 -1.570742
time 20
  0 0.000000 0.000000 33.899605 -0.025849 0.174554 -1.569172
  1 5.685104 0.833236 -32.227169 -0.174512 -0.026131 1.569196
  2 -2.276935 0.000003 -1.238188 -1.570795 -1.570451 0.000000
  3 1.796874 0.711820 -0.000294 0.089254 0.072101 -0.076186
  4 4.118775 -0.003263 -0.000292 0.089188 -0.024057 0.049425
  5 4.118768 -0.003262 -0.000292 0.089214 -0.037006 0.048311
  6 4.118774 -0.003262 -0.000292 0.089189 -0.024049 0.049337
  7 4.118462 -0.003503 -0.000476 0.135137 0.069927 -0.029726
  8 4.443599 -0.000001 0.000000 0.912549 0.246851 -0.376240
  9 9.024063 0.000001 -0.000000 0.000000 0.000000 0.000000
 10 -0.121062 0.236404 1.712729 1.666749 -1.433060 1.503065
 11 6.384778 0.000000 -0.000001 -1.401780 0.073365 -0.342980
 12 10.242682 0.000001 0.000000 0.000000 0.000000 -1.725753
 13 11.375563 0.000001 0.000001 -2.145398 -0.335451 1.048339
 14 0.728682 0.023431 -1.008296 1.627471 0.842372 0.191441
 15 2.136489 0.000000 0.000000 -0.000000 0.000000 0.898845
 16 2.313142 -0.000003 -0.000000 0.000000 0.000000 0.000000
 17 3.115507 -0.886041 -0.021434 -0.523248 -0.008991 0.590544
 18 2.011148 -0.000002 0.000006 -0.000000 -0.000000 1.951110
 19 2.141379 -0.000001 -0.000004 0.000000 0.000000 0.000000
 20 1.734172 0.000001 0.000002 0.000000 -0.000000 0.976392
 21 0.000003 -4.440590 0.000001 1.570544 -0.062990 -0.195737
 22 4.112855 -0.572203 -1.309459 -1.644301 0.094718 0.119721
 23 6.000000 0.000002 -0.000000 -1.980123 -0.000000 0.000000
 24 0.000000 -4.440601 0.000000 1.569944 -0.062987 0.004053
 25 11.375562 0.000001 0.000003 -1.806486 -0.239536 0.483721
 26 -0.000001 -4.440603 -0.000000 1.570144 -0.062988 0.004040
 27 10.510130 0.000000 0.000000 -0.000000 0.000000 -2.433673
 28 0.000000 -1.748398 5.000000 -0.000000 0.004007 1.602291
 29 5.500000 0.000002 -0.000000 0.523075 0.000000 -0.000000
 30 -0.000001 -1.940598 5.000001 -0.044472 0.004003 -0.000180
 31 6.551492 0.000000 -0.000003 -0.992194 0.164508 -0.389110
 32 0.000001 -1.940602 5.000004 -0.027189 -0.053376 0.005295
 33 6.551492 0.000000 -0.000003 -0.423839 0.122047 -0.146176
 34 -0.000000 -1.940599 4.999997 -0.066572 -0.152786 -0.110311
 35 0.121067 -0.229329 -1.712728 2.915246 1.306180 -0.184408
 36 6.384777 0.000000 -0.000003 0.500666 0.260919 -1.362639
 37 10.242682 0.000001 0.000001 0.000000 0.000000 -1.746103
 38 11.375560 -0.000001 0.000001 2.759791 0.555139 0.594905
 39 0.728682 0.023431 1.008294 -1.627471 -0.842372 0.191441
 40 2.136498 0.000001 -0.000000 0.000000 0.000000 0.898844
 41 2.313136 0.000001 -0.000000 0.000000 0.000000 3.141593
 42 3.115506 -0.886040 0.021431 0.523248 0.008990 0.590544
 43 2.011152 0.000001 0.000000 0.000000 -0.000000 1.951110
 44 2.141381 0.000000 0.000000 0.000000 0.000000 3.141593
 45 1.734174 -0.000000 0.000002 -0.000000 0.000000 0.976392
 46 0.136314 -3.738194 2.525893 1.493698 2.759406 -1.474501
 47 3.771411 0.416400 1.053533 1.765650 0.074575 0.195753
 48 11.389366 -0.000821 0.158783 2.095717 0.366357 0.191114
 49 -0.000001 -4.440600 -0.000001 1.570144 -3.078602 0.004040
 50 5.999999 -0.000001 0.000001 2.095717 0.000000 -0.000000
 51 0.000001 -4.440602 -0.000001 1.569944 -3.078603 0.004053
 52 10.510132 0.000000 0.000001 -0.000000 -0.000000 -2.443848
 53 0.000000 -1.748398 -5.000002 -3.141593 0.004007 -1.539299
 54 5.500000 0.000000 0.000001 -0.228502 0.000000 0.000000
 55 0.000001 0.000000 -4.999999 -0.044472 3.137589 -0.000177
 56 6.551491 -0.000000 -0.000002 0.228502 -0.010053 -0.386438
 57 -1.266843 -1.937443 -4.950560 -0.066572 -2.988806 -0.110308
 58 6.551491 -0.000000 -0.000002 0.228502 -0.010053 -0.386438
 59 0.699370 -1.944208 -5.006849 -0.027189 -3.088217 0.005298
 60 4.226148 -0.003202 0.000000 0.068913 0.037196 -0.018875
 61 -0.000001 5.000000 -0.000001 -0.153564 0.000087 2.718702
 62 0.000007 -0.000005 -3.713579 0.365818 2.880119 -0.191589
 63 0.000001 -0.000000 5.000000 3.053196 1.558589 -0.074928
 64 -0.000003 0.000005 3.713579 -0.001619 -3.122277 -0.475127
 65 0.000004 -0.000000 -5.000000 -0.088726 1.558589 3.066335
 66 7.363605 1.646647 0.495663 3.141593 -1.570796 0.000000
 67 -0.000001 0.000006 3.619080 0.008255 -3.110080 -0.985231
 68 16.573921 0.000000 -0.000000 -0.000000 -0.000000 -1.065827
 69 15.128181 0.000000 0.000000 -0.102296 0.010178 0.114297
 70 5.758665 4.244731 0.000000 0.000000 0.000000 1.667687
 71 3.177725 0.000000 0.000000 0.000000 0.000000 3.141593
 72 15.708952 0.000001 0.000000 -0.051525 0.003996 0.061523
 73 0.275148 0.189215 -3.445208 3.130898 0.000409 -1.514604
 74 17.210194 -0.000000 0.000000 -0.000000 -0.000000 -1.893339
 75 -0.000000 -0.000000 -4.999999 -0.079433 1.546568 -1.570857
 76 0.000005 -0.000003 -3.619080 0.577895 2.675801 -0.242118
 77 16.573921 -0.000000 -0.000001 -0.000000 -0.000000 -1.163030
 78 15.128182 0.000001 0.000000 0.089479 0.309197 0.659208
 79 5.758666 4.244731 -0.000001 -0.000000 -0.000000 1.815142
 80 4.003934 -0.000000 0.000001 0.000000 0.000000 0.000000
 81 15.708953 0.000001 0.000001 0.042277 0.226871 0.443133
 82 0.273998 0.191089 3.439762 -3.130907 -0.000437 -1.508107
 83 17.210192 -0.000001 -0.000002 0.000000 -0.000000 -1.937080
 84 0.000001 -0.000002 5.000000 -0.079319 1.595025 -1.570742
time 21
  0 0.000000 0.000000 33.899605 -0.025849 0.174554 -1.569172
  1 5.685104 0.833236 -32.227169 -0.174512 -0.026131 1.569196
  2 -2.276935 0.000003 -1.238188 -1.570795 -1.570451 0.000000
  3 1.796874 0.711820 -0.000294 0.089254 0.072101 -0.076186
  4 4.118775 -0.003263 -0.000292 0.089188 -0.024057 0.049425
  5 4.118768 -0.003262 -0.000292 0.089214 -0.037006 0.048311
  6 4.118774 -0.003262 -0.000292 0.089189 -0.024049 0.049337
  7 4.118462 -0.003503 -0.000476 0.135137 0.069927 -0.029726
  8 4.443599 -0.000001 0.000000 0.912549 0.246851 -0.376240
  9 9.024063 0.000001 -0.000000 0.000000 0.000000 0.000000
 10 -0.121062 0.236404 1.712729 1.666749 -1.433060 1.503065
 11 6.384778 0.000000 -0.000001 -1.401780 0.073365 -0.342980
 12 10.242682 0.000001 0.000000 0.000000 0.000000 -1.725753
 13 11.375563 0.000001 0.000001 -2.145398 -0.335451 1.048339
 14 0.728682 0.023431 -1.008296 1.627471 0.842372 0.191441
 15 2.136489 0.000000 0.000000 -0.000000 0.000000 0.898845
 16 2.313142 -0.000003 -0.000000 0.000000 0.000000 0.000000
 17 3.115507 -0.886041 -0.021434 -0.523248 -0.008991 0.590544
 18 2.011148 -0.000002 0.000006 -0.000000 -0.000000 1.951110
 19 2.141379 -0.000001 -0.000004 0.000000 0.000000 0.000000
 20 1.734172 0.000001 0.000002 0.000000 -0.000000 0.976392
 21 0.000003 -4.440590 0.000001 1.570544 -0.062990 -0.195737
 22 4.112855 -0.572203 -1.309459 -1.644301 0.094718 0.119721
 23 6.000000 0.000002 -0.000000 -1.980123 -0.000000 0.000000
 24 0.000000 -4.440601 0.000000 1.569944 -0.062987 0.004053
 25 11.375562 0.000001 0.000003 -1.806486 -0.239536 0.483721
 26 -0.000001 -4.440603 -0.000000 1.570144 -0.062988 0.004040
 27 10.510130 0.000000 0.000000 -0.000000 0.000000 -2.433673
 28 0.000000 -1.748398 5.000000 -0.000000 0.004007 1.602291
 29 5.500000 0.000002 -0.000000 0.523075 0.000000 -0.000000
 30 -0.000001 -1.940598 5.000001 -0.044472 0.004003 -0.000180
 31 6.551492 0.000000 -0.000003 -0.992194 0.164508 -0.389110
 32 0.000001 -1.940602 5.000004 -0.027189 -0.053376 0.005295
 33 6.551492 0.000000 -0.000003 -0.423839 0.122047 -0.146176
 34 -0.000000 -1.940599 4.999997 -0.066572 -0.152786 -0.110311
 35 0.121067 -0.229329 -1.712728 2.915246 1.306180 -0.184408
 36 6.384777 0.000000 -0.000003 0.500666 0.260919 -1.362639
 37 10.242682 0.000001 0.000001 0.000000 0.000000 -1.746103
 38 11.375560 -0.000001 0.000001 2.759791 0.555139 0.594905
 39 0.728682 0.023431 1.008294 -1.627471 -0.842372 0.191441
 40 2.136498 0.000001 -0.000000 0.000000 0.000000 0.898844
 41 2.313136 0.000001 -0.000000 0.000000 0.000000 3.141593
 42 3.115506 -0.886040 0.021431 0.523248 0.008990 0.590544
 43 2.011152 0.000001 0.000000 0.000000 -0.000000 1.951110
 44 2.141381 0.000000 0.000000 0.000000 0.000000 3.141593
 45 1.734174 -0.000000 0.000002 -0.000000 0.000000 0.976392
 46 0.136314 -3.738194 2.525893 1.493698 2.759406 -1.474501
 47 3.771411 0.416400 1.053533 1.765650 0.074575 0.195753
 48 11.389366 -0.000821 0.158783 2.095717 0.366357 0.191114
 49 -0.000001 -4.440600 -0.000001 1.570144 -3.078602 0.004040
 50 5.999999 -0.000001 0.000001 2.095717 0.000000 -0.000000
 51 0.000001 -4.440602 -0.000001 1.569944 -3.078603 0.004053
 52 10.510132 0.000000 0.000001 -0.000000 -0.000000 -2.443848
 53 0.000000 -1.748398 -5.000002 -3.141593 0.004007 -1.539299
 54 5.500000 0.000000 0.000001 -0.228502 0.000000 0.000000
 55 0.000001 0.000000 -4.999999 -0.044472 3.137589 -0.000177
 56 6.551491 -0.000000 -0.000002 0.228502 -0.010053 -0.386438
 57 -1.266843 -1.937443 -4.950560 -0.066572 -2.988806 -0.110308
 58 6.551491 -0.000000 -0.000002 0.228502 -0.010053 -0.386438
 59 0.699370 -1.944208 -5.006849 -0.027189 -3.088217 0.005298
 60 4.226148 -0.003202 0.000000 0.068913 0.037196 -0.018875
 61 -0.000001 5.000000 -0.000001 -0.153564 0.000087 2.718702
 62 0.000007 -0.000005 -3.713579 0.365818 2.880119 -0.191589
 63 0.000001 -0.000000 5.000000 3.053196 1.558589 -0.074928
 64 -0.000003 0.000005 3.713579 -0.001619 -3.122277 -0.475127
 65 0.000004 -0.000000 -5.000000 -0.088726 1.558589 3.066335
 66 7.363605 1.646647 0.495663 3.141593 -1.570796 0.000000
 67 -0.000001 0.000006 3.619080 0.008255 -3.110080 -0.985231
 68 16.573921 0.000000 -0.000000 -0.000000 -0.000000 -1.065827
 69 15.128181 0.000000 0.000000 -0.102296 0.010178 0.114297
 70 5.758665 4.244731 0.000000 0.000000 0.000000 1.667687
 71 3.177725 0.000000 0.000000 0.000000 0.000000 3.141593
 72 15.708952 0.000001 0.000000 -0.051525 0.003996 0.061523
 73 0.275148 0.189215 -3.445208 3.130898 0.000409 -1.514604
 74 17.210194 -0.000000 0.000000 -0.000000 -0.000000 -1.893339
 75 -0.000000 -0.000000 -4.999999 -0.079433 1.546568 -1.570857
 76 0.000005 -0.000003 -3.619080 0.577895 2.675801 -0.242118
 77 16.573921 -0.000000 -0.000001 -0.000000 -0.000000 -1.163030
 78 15.128182 0.000001 0.000000 0.089479 0.309197 0.659208
 79 5.758666 4.244731 -0.000001 -0.000000 -0.000000 1.815142
 80 4.003934 -0.000000 0.000001 0.000000 0.000000 0.000000
 81 15.708953 0.000001 0.000001 0.042277 0.226871 0.443133
 82 0.273998 0.191089 3.439762 -3.130907 -0.000437 -1.508107
 83 17.210192 -0.000001 -0.000002 0.000000 -0.000000 -1.937080
 84 0.000001 -0.000002 5.000000 -0.079319 1.595025 -1.570742
time 22
  0 0.000000 0.000000 33.899605 -0.025849 0.174554 -1.569172
  1 5.685104 0.833236 -32.227169 -0.174512 -0.026131 1.569196
  2 -2.276935 0.000003 -1.238188 -1.570795 -1.570451 0.000000
  3 1.796874 0.711820 -0.000294 0.089254 0.072101 -0.076186
  4 4.118775 -0.003263 -0.000292 0.089188 -0.024057 0.049425
  5 4.118768 -0.003262 -0.000292 0.089214 -0.037006 0.048311
  6 4.118774 -0.003262 -0.000292 0.089189 -0.024049 0.049337
  7 4.118462 -0.003503 -0.000476 0.135137 0.069927 -0.029726
  8 4.443599 -0.000001 0.000000 0.912549 0.246851 -0.376240
  9 9.024063 0.000001 -0.000000 0.000000 0.000000 0.000000
 10 -0.121062 0.236404 1.712729 1.666749 -1.433060 1.503065
 11 6.384778 0.000000 -0.000001 -1.401780 0.073365 -0.342980
 12 10.242682 0.000001 0.000000 0.000000 0.000000 -1.725753
 13 11.375563 0.000001 0.000001 -2.145398 -0.335451 1.048339
 14 0.728682 0.023431 -1.008296 1.627471 0.842372 0.191441
 15 2.136489 0.000000 0.000000 -0.000000 0.000000 0.898845
 16 2.313142 -0.000003 -0.000000 0.000000 0.000000 0.000000
 17 3.115507 -0.886041 -0.021434 -0.523248 -0.008991 0.590544
 18 2.011148 -0.000002 0.000006 -0.000000 -0.000000 1.951110
 19 2.141379 -0.000001 -0.000004 0.000000 0.000000 0.000000
 20 1.734172 0.000001 0.000002 0.000000 -0.000000 0.976392
 21 0.000003 -4.440590 0.000001 1.570544 -0.062990 -0.195737
 22 4.112855 -0.572203 -1.309459 -1.644301 0.094718 0.119721
 23 6.000000 0.000002 -0.000000 -1.980123 -0.000000 0.000000
 24 0.000000 -4.440601 0.000000 1.569944 -0.062987 0.004053
 25 11.375562 0.000001 0.000003 -1.806486 -0.239536 0.483721
 26 -0.000001 -4.440603 -0.000000 1.570144 -0.062988 0.004040
 27 10.510130 0.000000 0.000000 -0.000000 0.000000 -2.433673
 28 0.000000 -1.748398 5.000000 -0.000000 0.004007 1.602291
 29 5.500000 0.000002 -0.000000 0.523075 0.000000 -0.000000
 30 -0.000001 -1.940598 5.000001 -0.044472 0.004003 -0.000180
 31 6.551492 0.000000 -0.000003 -0.992194 0.164508 -0.389110
 32 0.000001 -1.940602 5.000004 -0.027189 -0.053376 0.005295
 33 6.551492 0.000000 -0.000003 -0.423839 0.122047 -0.146176
 34 -0.000000 -1.940599 4.999997 -0.066572 -0.152786 -0.110311
 35 0.121067 -0.229329 -1.712728 2.915246 1.306180 -0.184408
 36 6.384777 0.000000 -0.000003 0.500666 0.260919 -1.362639
 37 10.242682 0.000001 0.000001 0.000000 0.000000 -1.746103
 38 11.375560 -0.000001 0.000001 2.759791 0.555139 0.594905
 39 0.728682 0.023431 1.008294 -1.627471 -0.842372 0.191441
 40 2.136498 0.000001 -0.000000 0.000000 0.000000 0.898844
 41 2.313136 0.000001 -0.000000 0.000000 0.000000 3.141593
 42 3.115506 -0.886040 0.021431 0.523248 0.008990 0.590544
 43 2.011152 0.000001 0.000000 0.000000 -0.000000 1.951110
 44 2.141381 0.000000 0.000000 0.000000 0.000000 3.141593
 45 1.734174 -0.000000 0.000002 -0.000000 0.000000 0.976392
 46 0.136314 -3.738194 2.525893 1.493698 2.759406 -1.474501
 47 3.771411 0.416400 1.053533 1.765650 0.074575 0.195753
 48 11.389366 -0.000821 0.158783 2.095717 0.366357 0.191114
 49 -0.000001 -4.440600 -0.000001 1.570144 -3.078602 0.004040
 50 5.999999 -0.000001 0.000001 2.095717 0.000000 -0.000000
 51 0.000001 -4.440602 -0.000001 1.569944 -3.078603 0.004053
 52 10.510132 0.000000 0.000001 -0.000000 -0.000000 -2.443848
 53 0.000000 -1.748398 -5.000002 -3.141593 0.004007 -1.539299
 54 5.500000 0.000000 0.000001 -0.228502 0.000000 0.000000
 55 0.000001 0.000000 -4.999999 -0.044472 3.137589 -0.000177
 56 6.551491 -0.000000 -0.000002 0.228502 -0.010053 -0.386438
 57 -1.266843 -1.937443 -4.950560 -0.066572 -2.988806 -0.110308
 58 6.551491 -0.000000 -0.000002 0.228502 -0.010053 -0.386438
 59 0.699370 -1.944208 -5.006849 -0.027189 -3.088217 0.005298
 60 4.226148 -0.003202 0.000000 0.068913 0.037196 -0.018875
 61 -0.000001 5.000000 -0.000001 -0.153564 0.000087 2.718702
 62 0.000007 -0.000005 -3.713579 0.365818 2.880119 -0.191589
 63 0.000001 -0.000000 5.000000 3.053196 1.558589 -0.074928
 64 -0.000003 0.000005 3.713579 -0.001619 -3.122277 -0.475127
 65 0.000004 -0.000000 -5.000000 -0.088726 1.558589 3.066335
 66 7.363605 1.646647 0.495663 3.141593 -1.570796 0.000000
 67 -0.000001 0.000006 3.619080 0.008255 -3.110080 -0.985231
 68 16.573921 0.000000 -0.000000 -0.000000 -0.000000 -1.065827
 69 15.128181 0.000000 0.000000 -0.102296 0.010178 0.114297
 70 5.758665 4.244731 0.000000 0.000000 0.000000 1.667687
 71 3.177725 0.000000 0.000000 0.000000 0.000000 3.141593
 72 15.708952 0.000001 0.000000 -0.051525 0.003996 0.061523
 73 0.275148 0.189215 -3.445208 3.130898 0.000409 -1.514604
 74 17.210194 -0.000000 0.000000 -0.000000 -0.000000 -1.893339
 75 -0.000000 -0.000000 -4.999999 -0.079433 1.546568 -1.570857
 76 0.000005 -0.000003 -3.619080 0.577895 2.675801 -0.242118
 77 16.573921 -0.000000 -0.000001 -0.000000 -0.000000 -1.163030
 78 15.128182 0.000001 0.000000 0.089479 0.309197 0.659208
 79 5.758666 4.244731 -0.000001 -0.000000 -0.000000 1.815142
 80 4.003934 -0.000000 0.000001 0.000000 0.000000 0.000000
 81 15.708953 0.000001 0.000001 0.042277 0.226871 0.443133
 82 0.273998 0.191089 3.439762 -3.130907 -0.000437 -1.508107
 83 17.210192 -0.000001 -0.000002 0.000000 -0.000000 -1.937080
 84 0.000001 -0.000002 5.000000 -0.079319 1.595025 -1.570742
time 23
  0 0.000000 0.000000 33.899605 -0.025849 0.174554 -1.569172
  1 5.685104 0.833236 -32.227169 -0.174512 -0.026131 1.569196
  2 -2.276935 0.000003 -1.238188 -1.570795 -1.570451 0.000000
  3 1.796874 0.711820 -0.000294 0.089254 0.072101 -0.076186
  4 4.118775 -0.003263 -0.000292 0.089188 -0.024057 0.049425
  5 4.118768 -0.003262 -0.000292 0.089214 -0.037006 0.048311
  6 4.118774 -0.003262 -0.000292 0.089189 -0.024049 0.049337
  7 4.118462 -0.003503 -0.000476 0.135137 0.069927 -0.029726
  8 4.443599 -0.000001 0.000000 0.912549 0.246851 -0.376240
  9 9.024063 0.000001 -0.000000 0.000000 0.000000 0.000000
 10 -0.121062 0.236404 1.712729 1.666749 -1.433060 1.503065
 11 6.384778 0.000000 -0.000001 -1.401780 0.073365 -0.342980
 12 10.242682 0.000001 0.000000 0.000000 0.000000 -1.725753
 13 11.375563 0.000001 0.000001 -2.145398 -0.335451 1.048339
 14 0.728682 0.023431 -1.008296 1.627471 0.842372 0.191441
 15 2.136489 0.000000 0.000000 -0.000000 0.000000 0.898845
 16 2.313142 -0.000003 -0.000000 0.000000 0.000000 0.000000
 17 3.115507 -0.886041 -0.021434 -0.523248 -0.008991 0.590544
 18 2.011148 -0.000002 0.000006 -0.000000 -0.000000 1.951110
 19 2.141379 -0.000001 -0.000004 0.000000 0.000000 0.000000
 20 1.734172 0.000001 0.000002 0.000000 -0.000000 0.976392
 21 0.000003 -4.440590 0.000001 1.570544 -0.062990 -0.195737
 22 4.112855 -0.572203 -1.309459 -1.644301 0.094718 0.119721
 23 6.000000 0.000002 -0.000000 -1.980123 -0.000000 0.000000
 24 0.000000 -4.440601 0.000000 1.569944 -0.062987 0.004053
 25 11.375562 0.000001 0.000003 -1.806486 -0.239536 0.483721
 26 -0.000001 -4.440603 -0.000000 1.570144 -0.062988 0.004040
 27 10.510130 0.000000 0.000000 -0.000000 0.000000 -2.433673
 28 0.000000 -1.748398 5.000000 -0.000000 0.004007 1.602291
 29 5.500000 0.000002 -0.000000 0.523075 0.000000 -0.000000
 30 -0.000001 -1.940598 5.000001 -0.044472 0.004003 -0.000180
 31 6.551492 0.000000 -0.000003 -0.992194 0.164508 -0.389110
 32 0.000001 -1.940602 5.000004 -0.027189 -0.053376 0.005295
 33 6.551492 0.000000 -0.000003 -0.423839 0.122047 -0.146176
 34 -0.000000 -1.940599 4.999997 -0.066572 -0.152786 -0.110311
 35 0.121067 -0.229329 -1.712728 2.915246 1.306180 -0.184408
 36 6.384777 0.000000 -0.000003 0.500666 0.260919 -1.362639
 37 10.242682 0.000001 0.000001 0.000000 0.000000 -1.746103
 38 11.375560 -0.000001 0.000001 2.759791 0.555139 0.594905
 39 0.728682 0.023431 1.008294 -1.627471 -0.842372 0.191441
 40 2.136498 0.000001 -0.000000 0.000000 0.000000 0.898844
 41 2.313136 0.000001 -0.000000 0.000000 0.000000 3.141593
 42 3.115506 -0.886040 0.021431 0.523248 0.008990 0.590544
 43 2.011152 0.000001 0.000000 0.000000 -0.000000 1.951110
 44 2.141381 0.000000 0.000000 0.000000 0.000000 3.141593
 45 1.734174 -0.000000 0.000002 -0.000000 0.000000 0.976392
 46 0.136314 -3.738194 2.525893 1.493698 2.759406 -1.474501
 47 3.771411 0.416400 1.053533 1.765650 0.074575 0.195753
 48 11.389366 -0.000821 0.158783 2.095717 0.366357 0.191114
 49 -0.000001 -4.440600 -0.000001 1.570144 -3.078602 0.004040
 50 5.999999 -0.000001 0.000001 2.095717 0.000000 -0.000000
 51 0.000001 -4.440602 -0.000001 1.569944 -3.078603 0.004053
 52 10.510132 0.000000 0.000001 -0.000000 -0.000000 -2.443848
 53 0.000000 -1.748398 -5.000002 -3.141593 0.004007 -1.539299
 54 5.500000 0.000000 0.000001 -0.228502 0.000000 0.000000
 55 0.000001 0.000000 -4.999999 -0.044472 3.137589 -0.000177
 56 6.551491 -0.000000 -0.000002 0.228502 -0.010053 -0.386438
 57 -1.266843 -1.937443 -4.950560 -0.066572 -2.988806 -0.110308
 58 6.551491 -0.000000 -0.000002 0.228502 -0.010053 -0.386438
 59 0.699370 -1.944208 -5.006849 -0.027189 -3.088217 0.005298
 60 4.226148 -0.003202 0.000000 0.068913 0.037196 -0.018875
 61 -0.000001 5.000000 -0.000001 -0.153564 0.000087 2.718702
 62 0.000007 -0.000005 -3.713579 0.365818 2.880119 -0.191589
 63 0.000001 -0.000000 5.000000 3.053196 1.558589 -0.074928
 64 -0.000003 0.000005 3.713579 -0.001619 -3.122277 -0.475127
 65 0.000004 -0.000000 -5.000000 -0.088726 1.558589 3.066335
 66 7.363605 1.646647 0.495663 3.141593 -1.570796 0.000000
 67 -0.000001 0.000006 3.619080 0.008255 -3.110080 -0.985231
 68 16.573921 0.000000 -0.000000 -0.000000 -0.000000 -1.065827
 69 15.128181 0.000000 0.000000 -0.102296 0.010178 0.114297
 70 5.758665 4.244731 0.000000 0.000000 0.000000 1.667687
 71 3.177725 0.000000 0.000000 0.000000 0.000000 3.141593
 72 15.708952 0.000001 0.000000 -0.051525 0.003996 0.061523
 73 0.275148 0.189215 -3.445208 3.130898 0.000409 -1.514604
 74 17.210194 -0.000000 0.000000 -0.000000 -0.000000 -1.893339
 75 -0.000000 -0.000000 -4.999999 -0.079433 1.546568 -1.570857
 76 0.000005 -0.000003 -3.619080 0.577895 2.675801 -0.242118
 77 16.573921 -0.000000 -0.000001 -0.000000 -0.000000 -1.163030
 78 15.128182 0.000001 0.000000 0.089479 0.309197 0.659208
 79 5.758666 4.244731 -0.000001 -0.000000 -0.000000 1.815142
 80 4.003934 -0.000000 0.000001 0.000000 0.000000 0.000000
 81 15.708953 0.000001 0.000001 0.042277 0.226871 0.443133
 82 0.273998 0.191089 3.439762 -3.130907 -0.000437 -1.508107
 83 17.210192 -0.000001 -0.000002 0.000000 -0.000000 -1.937080
 84 0.000001 -0.000002 5.000000 -0.079319 1.595025 -1.570742
time 24
  0 0.000000 0.000000 33.899605 -0.025849 0.174554 -1.569172
  1 5.685104 0.833236 -32.227169 -0.174512 -0.026131 1.569196
  2 -2.276935 0.000003 -1.238188 -1.570795 -1.570451 0.000000
  3 1.796874 0.711820 -0.000294 0.089254 0.072101 -0.076186
  4 4.118775 -0.003263 -0.000292 0.089188 -0.024057 0.049425
  5 4.118768 -0.003262 -0.000292 0.089214 -0.037006 0.048311
  6 4.118774 -0.003262 -0.000292 0.089189 -0.024049 0.049337
  7 4.118462 -0.003503 -0.000476 0.135137 0.069927 -0.029726
  8 4.443599 -0.000001 0.000000 0.912549 0.246851 -0.376240
  9 9.024063 0.000001 -0.000000 0.000000 0.000000 0.000000
 10 -0.121062 0.236404 1.712729 1.666749 -1.433060 1.503065
 11 6.384778 0.000000 -0.000001 -1.401780 0.073365 -0.342980
 12 10.242682 0.000001 0.000000 0.000000 0.000000 -1.725753
 13 11.375563 0.000001 0.000001 -2.145398 -0.335451 1.048339
 14 0.728682 0.023431 -1.008296 1.627471 0.842372 0.191441
 15 2.136489 0.000000 0.000000 -0.000000 0.000000 0.898845
 16 2.313142 -0.000003 -0.000000 0.000000 0.000000 0.000000
 17 3.115507 -0.886041 -0.021434 -0.523248 -0.008991 0.590544
 18 2.011148 -0.000002 0.000006 -0.000000 -0.000000 1.951110
 19 2.141379 -0.000001 -0.000004 0.000000 0.000000 0.000000
 20 1.734172 0.000001 0.000002 0.000000 -0.000000 0.976392
 21 0.000003 -4.440590 0.000001 1.570544 -0.062990 -0.195737
 22 4.112855 -0.572203 -1.309459 -1.644301 0.094718 0.119721
 23 6.000000 0.000002 -0.000000 -1.980123 -0.000000 0.000000
 24 0.000000 -4.440601 0.000000 1.569944 -0.062987 0.004053
 25 11.375562 0.000001 0.000003 -1.806486 -0.239536 0.483721
 26 -0.000001 -4.440603 -0.000000 1.570144 -0.062988 0.004040
 27 10.510130 0.000000 0.000000 -0.000000 0.000000 -2.433673
 28 0.000000 -1.748398 5.000000 -0.000000 0.004007 1.602291
 29 5.500000 0.000002 -0.000000 0.523075 0.000000 -0.000000
 30 -0.000001 -1.940598 5.000001 -0.044472 0.004003 -0.000180
 31 6.551492 0.000000 -0.000003 -0.992194 0.164508 -0.389110
 32 0.000001 -1.940602 5.000004 -0.027189 -0.053376 0.005295
 33 6.551492 0.000000 -0.000003 -0.423839 0.122047 -0.146176
 34 -0.000000 -1.940599 4.999997 -0.066572 -0.152786 -0.110311
 35 0.121067 -0.229329 -1.712728 2.915246 1.306180 -0.184408
 36 6.384777 0.000000 -0.000003 0.500666 0.260919 -1.362639
 37 10.242682 0.000001 0.000001 0.000000 0.000000 -1.746103
 38 11.375560 -0.000001 0.000001 2.759791 0.555139 0.594905
 39 0.728682 0.023431 1.008294 -1.627471 -0.842372 0.191441
 40 2.136498 0.000001 -0.000000 0.000000 0.000000 0.898844
 41 2.313136 0.000001 -0.000000 0.000000 0.000000 3.141593
 42 3.115506 -0.886040 0.021431 0.523248 0.008990 0.590544
 43 2.011152 0.000001 0.000000 0.000000 -0.000000 1.951110
 44 2.141381 0.000000 0.000000 0.000000 0.000000 3.141593
 45 1.734174 -0.000000 0.000002 -0.000000 0.000000 0.976392
 46 0.136314 -3.738194 2.525893 1.493698 2.759406 -1.474501
 47 3.771411 0.416400 1.053533 1.765650 0.074575 0.195753
 48 11.389366 -0.000821 0.158783 2.095717 0.366357 0.191114
 49 -0.000001 -4.440600 -0.000001 1.570144 -3.078602 0.004040
 50 5.999999 -0.000001 0.000001 2.095717 0.000000 -0.000000
 51 0.000001 -4.440602 -0.000001 1.569944 -3.078603 0.004053
 52 10.510132 0.000000 0.000001 -0.000000 -0.000000 -2.443848
 53 0.000000 -1.748398 -5.000002 -3.141593 0.004007 -1.539299
 54 5.500000 0.000000 0.000001 -0.228502 0.000000 0.000000
 55 0.000001 0.000000 -4.999999 -0.044472 3.137589 -0.000177
 56 6.551491 -0.000000 -0.000002 0.228502 -0.010053 -0.386438
 57 -1.266843 -1.937443 -4.950560 -0.066572 -2.988806 -0.110308
 58 6.551491 -0.000000 -0.000002 0.228502 -0.010053 -0.386438
 59 0.699370 -1.944208 -5.006849 -0.027189 -3.088217 0.005298
 60 4.226148 -0.003202 0.000000 0.068913 0.037196 -0.018875
 61 -0.000001 5.000000 -0.000001 -0.153564 0.000087 2.718702
 62 0.000007 -0.000005 -3.713579 0.365818 2.880119 -0.191589
 63 0.000001 -0.000000 5.000000 3.053196 1.558589 -0.074928
 64 -0.000003 0.000005 3.713579 -0.001619 -3.122277 -0.475127
 65 0.000004 -0.000000 -5.000000 -0.088726 1.558589 3.066335
 66 7.363605 1.646647 0.495663 3.141593 -1.570796 0.000000
 67 -0.000001 0.000006 3.619080 0.008255 -3.110080 -0.985231
 68 16.573921 0.000000 -0.000000 -0.000000 -0.000000 -1.065827
 69 15.128181 0.000000 0.000000 -0.102296 0.010178 0.114297
 70 5.758665 4.244731 0.000000 0.000000 0.000000 1.667687
 71 3.177725 0.000000 0.000000 0.000000 0.000000 3.141593
 72 15.708952 0.000001 0.000000 -0.051525 0.003996 0.061523
 73 0.275148 0.189215 -3.445208 3.130898 0.000409 -1.514604
 74 17.210194 -0.000000 0.000000 -0.000000 -0.000000 -1.893339
 75 -0.000000 -0.000000 -4.999999 -0.079433 1.546568 -1.570857
 76 0.000005 -0.000003 -3.619080 0.577895 2.675801 -0.242118
 77 16.573921 -0.000000 -0.000001 -0.000000 -0.000000 -1.163030
 78 15.128182 0.000001 0.000000 0.089479 0.309197 0.659208
 79 5.758666 4.244731 -0.000001 -0.000000 -0.000000 1.815142
 80 4.003934 -0.000000 0.000001 0.000000 0.000000 0.000000
 81 15.708953 0.000001 0.000001 0.042277 0.226871 0.443133
 82 0.273998 0.191089 3.439762 -3.130907 -0.000437 -1.508107
 83 17.210192 -0.000001 -0.000002 0.000000 -0.000000 -1.937080
 84 0.000001 -0.000002 5.000000 -0.079319 1.595025 -1.570742
time 25
  0 0.000000 0.000000 33.899605 -0.025849 0.174554 -1.569172
  1 5.685104 0.833236 -32.227169 -0.174512 -0.026131 1.569196
  2 -2.276935 0.000003 -1.238188 -1.570795 -1.570451 0.000000
  3 1.796874 0.711820 -0.000294 0.089254 0.072101 -0.076186
  4 4.118775 -0.003263 -0.000292 0.089188 -0.024057 0.049425
  5 4.118768 -0.003262 -0.000292 0.089214 -0.037006 0.048311
  6 4.118774 -0.003262 -0.000292 0.089189 -0.024049 0.049337
  7 4.118462 -0.003503 -0.000476 0.135137 0.069927 -0.029726
  8 4.443599 -0.000001 0.000000 0.912549 0.246851 -0.376240
  9 9.024063 0.000001 -0.000000 0.000000 0.000000 0.000000
 10 -0.121062 0.236404 1.712729 1.666749 -1.433060 1.503065
 11 6.384778 0.000000 -0.000001 -1.401780 0.073365 -0.342980
 12 10.242682 0.000001 0.000000 0.000000 0.000000 -1.725753
 13 11.375563 0.000001 0.000001 -2.145398 -0.335451 1.048339
 14 0.728682 0.023431 -1.008296 1.627471 0.842372 0.191441
 15 2.136489 0.000000 0.000000 -0.000000 0.000000 0.898845
 16 2.313142 -0.000003 -0.000000 0.000000 0.000000 0.000000
 17 3.115507 -0.886041 -0.021434 -0.523248 -0.008991 0.590544
 18 2.011148 -0.000002 0.000006 -0.000000 -0.000000 1.951110
 19 2.141379 -0.000001 -0.000004 0.000000 0.000000 0.000000
 20 1.734172 0.000001 0.000002 0.000000 -0.000000 0.976392
 21 0.000003 -4.440590 0.000001 1.570544 -0.062990 -0.195737
 22 4.112855 -0.572203 -1.309459 -1.644301 0.094718 0.119721
 23 6.000000 0.000002 -0.000000 -1.980123 -0.000000 0.000000
 24 0.000000 -4.440601 0.000000 1.569944 -0.062987 0.004053
 25 11.375562 0.000001 0.000003 -1.806486 -0.239536 0.483721
 26 -0.000001 -4.440603 -0.000000 1.570144 -0.062988 0.004040
 27 10.510130 0.000000 0.000000 -0.000000 0.000000 -2.433673
 28 0.000000 -1.748398 5.000000 -0.000000 0.004007 1.602291
 29 5.500000 0.000002 -0.000000 0.523075 0.000000 -0.000000
 30 -0.000001 -1.940598 5.000001 -0.044472 0.004003 -0.000180
 31 6.551492 0.000000 -0.000003 -0.992194 0.164508 -0.389110
 32 0.000001 -1.940602 5.000004 -0.027189 -0.053376 0.005295
 33 6.551492 0.000000 -0.000003 -0.423839 0.122047 -0.146176
 34 -0.000000 -1.940599 4.999997 -0.066572 -0.152786 -0.110311
 35 0.121067 -0.229329 -1.712728 2.915246 1.306180 -0.184408
 36 6.384777 0.000000 -0.000003 0.500666 0.260919 -1.362639
 37 10.242682 0.000001 0.000001 0.000000 0.000000 -1.746103
 38 11.375560 -0.000001 0.000001 2.759791 0.555139 0.594905
 39 0.728682 0.023431 1.008294 -1.627471 -0.842372 0.191441
 40 2.136498 0.000001 -0.000000 0.000000 0.000000 0.898844
 41 2.313136 0.000001 -0.000000 0.000000 0.000000 3.141593
 42 3.115506 -0.886040 0.021431 0.523248 0.008990 0.590544
 43 2.011152 0.000001 0.000000 0.000000 -0.000000 1.951110
 44 2.141381 0.000000 0.000000 0.000000 0.000000 3.141593
 45 1.734174 -0.000000 0.000002 -0.000000 0.000000 0.976392
 46 0.136314 -3.738194 2.525893 1.493698 2.759406 -1.474501
 47 3.771411 0.416400 1.053533 1.765650 0.074575 0.195753
 48 11.389366 -0.000821 0.158783 2.095717 0.366357 0.191114
 49 -0.000001 -4.440600 -0.000001 1.570144 -3.078602 0.004040
 50 5.999999 -0.000001 0.000001 2.095717 0.000000 -0.000000
 51 0.000001 -4.440602 -0.000001 1.569944 -3.078603 0.004053
 52 10.510132 0.000000 0.000001 -0.000000 -0.000000 -2.443848
 53 0.000000 -1.748398 -5.000002 -3.141593 0.004007 -1.539299
 54 5.500000 0.000000 0.000001 -0.228502 0.000000 0.000000
 55 0.000001 0.000000 -4.999999 -0.044472 3.137589 -0.000177
 56 6.551491 -0.000000 -0.000002 0.228502 -0.010053 -0.386438
 57 -1.266843 -1.937443 -4.950560 -0.066572 -2.988806 -0.110308
 58 6.551491 -0.000000 -0.000002 0.228502 -0.010053 -0.386438
 59 0.699370 -1.944208 -5.006849 -0.027189 -3.088217 0.005298
 60 4.226148 -0.003202 0.000000 0.068913 0.037196 -0.018875
 61 -0.000001 5.000000 -0.000001 -0.153564 0.000087 2.718702
 62 0.000007 -0.000005 -3.713579 0.365818 2.880119 -0.191589
 63 0.000001 -0.000000 5.000000 3.053196 1.558589 -0.074928
 64 -0.000003 0.000005 3.713579 -0.001619 -3.122277 -0.475127
 65 0.000004 -0.000000 -5.000000 -0.088726 1.558589 3.066335
 66 7.363605 1.646647 0.495663 3.141593 -1.570796 0.000000
 67 -0.000001 0.000006 3.619080 0.008255 -3.110080 -0.985231
 68 16.573921 0.000000 -0.000000 -0.000000 -0.000000 -1.065827
 69 15.128181 0.000000 0.000000 -0.102296 0.010178 0.114297
 70 5.758665 4.244731 0.000000 0.000000 0.000000 1.667687
 71 3.177725 0.000000 0.000000 0.000000 0.000000 3.141593
 72 15.708952 0.000001 0.000000 -0.051525 0.003996 0.061523
 73 0.275148 0.189215 -3.445208 3.130898 0.000409 -1.514604
 74 17.210194 -0.000000 0.000000 -0.000000 -0.000000 -1.893339
 75 -0.000000 -0.000000 -4.999999 -0.079433 1.546568 -1.570857
 76 0.000005 -0.000003 -3.619080 0.577895 2.675801 -0.242118
 77 16.573921 -0.000000 -0.000001 -0.000000 -0.000000 -1.163030
 78 15.128182 0.000001 0.000000 0.089479 0.309197 0.659208
 79 5.758666 4.244731 -0.000001 -0.000000 -0.000000 1.815142
 80 4.003934 -0.000000 0.000001 0.000000 0.000000 0.000000
 81 15.708953 0.000001 0.000001 0.042277 0.226871 0.443133
 82 0.273998 0.191089 3.439762 -3.130907 -0.000437 -1.508107
 83 17.210192 -0.000001 -0.000002 0.000000 -0.000000 -1.937080
 84 0.000001 -0.000002 5.000000 -0.079319 1.595025 -1.570742
time 26
  0 0.000000 0.000000 33.899605 -0.025849 0.174554 -1.569172
  1 5.685104 0.833236 -32.227169 -0.174512 -0.026131 1.569196
  2 -2.276935 0.000003 -1.238188 -1.570795 -1.570451 0.000000
  3 1.796874 0.711820 -0.000294 0.089254 0.072101 -0.076186
  4 4.118775 -0.003263 -0.000292 0.089188 -0.024057 0.049425
  5 4.118768 -0.003262 -0.000292 0.089214 -0.037006 0.048311
  6 4.118774 -0.003262 -0.000292 0.089189 -0.024049 0.049337
  7 4.118462 -0.003503 -0.000476 0.135137 0.069927 -0.029726
  8 4.443599 -0.000001 0.000000 0.912549 0.246851 -0.376240
  9 9.024063 0.000001 -0.000000 0.000000 0.000000 0.000000
 10 -0.121062 0.236404 1.712729 1.666749 -1.433060 1.503065
 11 6.384778 0.000000 -0.000001 -1.401780 0.073365 -0.342980
 12 10.242682 0.000001 0.000000 0.000000 0.000000 -1.725753
 13 11.375563 0.000001 0.000001 -2.145398 -0.335451 1.048339
 14 0.728682 0.023431 -1.008296 1.627471 0.842372 0.191441
 15 2.136489 0.000000 0.000000 -0.000000 0.000000 0.898845
 16 2.313142 -0.000003 -0.000000 0.000000 0.000000 0.000000
 17 3.115507 -0.886041 -0.021434 -0.523248 -0.008991 0.590544
 18 2.011148 -0.000002 0.000006 -0.000000 -0.000000 1.951110
 19 2.141379 -0.000001 -0.000004 0.000000 0.000000 0.000000
 20 1.734172 0.000001 0.000002 0.000000 -0.000000 0.976392
 21 0.000003 -4.440590 0.000001 1.570544 -0.062990 -0.195737
 22 4.112855 -0.572203 -1.309459 -1.644301 0.094718 0.119721
 23 6.000000 0.000002 -0.000000 -1.980123 -0.000000 0.000000
 24 0.000000 -4.440601 0.000000 1.569944 -0.062987 0.004053
 25 11.375562 0.000001 0.000003 -1.806486 -0.239536 0.483721
 26 -0.000001 -4.440603 -0.000000 1.570144 -0.062988 0.004040
 27 10.510130 0.000000 0.000000 -0.000000 0.000000 -2.433673
 28 0.000000 -1.748398 5.000000 -0.000000 0.004007 1.602291
 29 5.500000 0.000002 -0.000000 0.523075 0.000000 -0.000000
 30 -0.000001 -1.940598 5.000001 -0.044472 0.004003 -0.000180
 31 6.551492 0.000000 -0.000003 -0.992194 0.164508 -0.389110
 32 0.000001 -1.940602 5.000004 -0.027189 -0.053376 0.005295
 33 6.551492 0.000000 -0.000003 -0.423839 0.122047 -0.146176
 34 -0.000000 -1.940599 4.999997 -0.066572 -0.152786 -0.110311
 35 0.121067 -0.229329 -1.712728 2.915246 1.306180 -0.184408
 36 6.384777 0.000000 -0.000003 0.500666 0.260919 -1.362639
 37 10.242682 0.000001 0.000001 0.000000 0.000000 -1.746103
 38 11.375560 -0.000001 0.000001 2.759791 0.555139 0.594905
 39 0.728682 0.023431 1.008294 -1.627471 -0.842372 0.191441
 40 2.136498 0.000001 -0.000000 0.000000 0.000000 0.898844
 41 2.313136 0.000001 -0.000000 0.000000 0.000000 3.141593
 42 3.115506 -0.886040 0.021431 0.523248 0.008990 0.590544
 43 2.011152 0.000001 0.000000 0.000000 -0.000000 1.951110
 44 2.141381 0.000000 0.000000 0.000000 0.000000 3.141593
 45 1.734174 -0.000000 0.000002 -0.000000 0.000000 0.976392
 46 0.136314 -3.738194 2.525893 1.493698 2.759406 -1.474501
 47 3.771411 0.416400 1.053533 1.765650 0.074575 0.195753
 48 11.389366 -0.000821 0.158783 2.095717 0.366357 0.191114
 49 -0.000001 -4.440600 -0.000001 1.570144 -3.078602 0.004040
 50 5.999999 -0.000001 0.000001 2.095717 0.000000 -0.000000
 51 0.000001 -4.440602 -0.000001 1.569944 -3.078603 0.004053
 52 10.510132 0.000000 0.000001 -0.000000 -0.000000 -2.443848
 53 0.000000 -1.748398 -5.000002 -3.141593 0.004007 -1.539299
 54 5.500000 0.000000 0.000001 -0.228502 0.000000 0.000000
 55 0.000001 0.000000 -4.999999 -0.044472 3.137589 -0.000177
 56 6.551491 -0.000000 -0.000002 0.228502 -0.010053 -0.386438
 57 -1.266843 -1.937443 -4.950560 -0.066572 -2.988806 -0.110308
 58 6.551491 -0.000000 -0.000002 0.228502 -0.010053 -0.386438
 59 0.699370 -1.944208 -5.006849 -0.027189 -3.088217 0.005298
 60 4.226148 -0.003202 0.000000 0.068913 0.037196 -0.018875
 61 -0.000001 5.000000 -0.000001 -0.153564 0.000087 2.718702
 62 0.000007 -0.000005 -3.713579 0.365818 2.880119 -0.191589
 63 0.000001 -0.000000 5.000000 3.053196 1.558589 -0.074928
 64 -0.000003 0.000005 3.713579 -0.001619 -3.122277 -0.475127
 65 0.000004 -0.000000 -5.000000 -0.088726 1.558589 3.066335
 66 7.363605 1.646647 0.495663 3.141593 -1.570796 0.000000
 67 -0.000001 0.000006 3.619080 0.008255 -3.110080 -0.985231
 68 16.573921 0.000000 -0.000000 -0.000000 -0.000000 -1.065827
 69 15.128181 0.000000 0.000000 -0.102296 0.010178 0.114297
 70 5.758665 4.244731 0.000000 0.000000 0.000000 1.667687
 71 3.177725 0.000000 0.000000 0.000000 0.000000 3.141593
 72 15.708952 0.000001 0.000000 -0.051525 0.003996 0.061523
 73 0.275148 0.189215 -3.445208 3.130898 0.000409 -1.514604
 74 17.210194 -0.000000 0.000000 -0.000000 -0.000000 -1.893339
 75 -0.000000 -0.000000 -4.999999 -0.079433 1.546568 -1.570857
 76 0.000005 -0.000003 -3.619080 0.577895 2.675801 -0.242118
 77 16.573921 -0.000000 -0.000001 -0.000000 -0.000000 -1.163030
 78 15.128182 0.000001 0.000000 0.089479 0.309197 0.659208
 79 5.758666 4.244731 -0.000001 -0.000000 -0.000000 1.815142
 80 4.003934 -0.000000 0.000001 0.000000 0.000000 0.000000
 81 15.708953 0.000001 0.000001 0.042277 0.226871 0.443133
 82 0.273998 0.191089 3.439762 -3.130907 -0.000437 -1.508107
 83 17.210192 -0.000001 -0.000002 0.000000 -0.000000 -1.937080
 84 0.000001 -0.000002 5.000000 -0.079319 1.595025 -1.570742
time 27
  0 0.000000 0.000000 33.899605 -0.025849 0.174554 -1.569172
  1 5.685104 0.833236 -32.227169 -0.174512 -0.026131 1.569196
  2 -2.276935 0.000003 -1.238188 -1.570795 -1.570451 0.000000
  3 1.796874 0.711820 -0.000294 0.089254 0.072101 -0.076186
  4 4.118775 -0.003263 -0.000292 0.089188 -0.024057 0.049425
  5 4.118768 -0.003262 -0.000292 0.089214 -0.037006 0.048311
  6 4.118774 -0.003262 -0.000292 0.089189 -0.024049 0.049337
  7 4.118462 -0.003503 -0.000476 0.135137 0.069927 -0.029726
  8 4.443599 -0.000001 0.000000 0.912549 0.246851 -0.376240
  9 9.024063 0.000001 -0.000000 0.000000 0.000000 0.000000
 10 -0.121062 0.236404 1.712729 1.666749 -1.433060 1.503065
 11 6.384778 0.000000 -0.000001 -1.401780 0.073365 -0.342980
 12 10.242682 0.000001 0.000000 0.000000 0.000000 -1.725753
 13 11.375563 0.000001 0.000001 -2.145398 -0.335451 1.048339
 14 0.728682 0.023431 -1.008296 1.627471 0.842372 0.191441
 15 2.136489 0.000000 0.000000 -0.000000 0.000000 0.898845
 16 2.313142 -0.000003 -0.000000 0.000000 0.000000 0.000000
 17 3.115507 -0.886041 -0.021434 -0.523248 -0.008991 0.590544
 18 2.011148 -0.000002 0.000006 -0.000000 -0.000000 1.951110
 19 2.141379 -0.000001 -0.000004 0.000000 0.000000 0.000000
 20 1.734172 0.000001 0.000002 0.000000 -0.000000 0.976392
 21 0.000003 -4.440590 0.000001 1.570544 -0.062990 -0.195737
 22 4.112855 -0.572203 -1.309459 -1.644301 0.094718 0.119721
 23 6.000000 0.000002 -0.000000 -1.980123 -0.000000 0.000000
 24 0.000000 -4.440601 0.000000 1.569944 -0.062987 0.004053
 25 11.375562 0.000001 0.000003 -1.806486 -0.239536 0.483721
 26 -0.000001 -4.440603 -0.000000 1.570144 -0.062988 0.004040
 27 10.510130 0.000000 0.000000 -0.000000 0.000000 -2.433673
 28 0.000000 -1.748398 5.000000 -0.000000 0.004007 1.602291
 29 5.500000 0.000002 -0.000000 0.523075 0.000000 -0.000000
 30 -0.000001 -1.940598 5.000001 -0.044472 0.004003 -0.000180
 31 6.551492 0.000000 -0.000003 -0.992194 0.164508 -0.389110
 32 0.000001 -1.940602 5.000004 -0.027189 -0.053376 0.005295
 33 6.551492 0.000000 -0.000003 -0.423839 0.122047 -0.146176
 34 -0.000000 -1.940599 4.999997 -0.066572 -0.152786 -0.110311
 35 0.121067 -0.229329 -1.712728 2.915246 1.306180 -0.184408
 36 6.384777 0.000000 -0.000003 0.500666 0.260919 -1.362639
 37 10.242682 0.000001 0.000001 0.000000 0.000000 -1.746103
 38 11.375560 -0.000001 0.000001 2.759791 0.555139 0.594905
 39 0.728682 0.023431 1.008294 -1.627471 -0.842372 0.191441
 40 2.136498 0.000001 -0.000000 0.000000 0.000000 0.898844
 41 2.313136 0.000001 -0.000000 0.000000 0.000000 3.141593
 42 3.115506 -0.886040 0.021431 0.523248 0.008990 0.590544
 43 2.011152 0.000001 0.000000 0.000000 -0.000000 1.951110
 44 2.141381 0.000000 0.000000 0.000000 0.000000 3.141593
 45 1.734174 -0.000000 0.000002 -0.000000 0.000000 0.976392
 46 0.136314 -3.738194 2.525893 1.493698 2.759406 -1.474501
 47 3.771411 0.416400 1.053533 1.765650 0.074575 0.195753
 48 11.389366 -0.000821 0.158783 2.095717 0.366357 0.191114
 49 -0.000001 -4.440600 -0.000001 1.570144 -3.078602 0.004040
 50 5.999999 -0.000001 0.000001 2.095717 0.000000 -0.000000
 51 0.000001 -4.440602 -0.000001 1.569944 -3.078603 0.004053
 52 10.510132 0.000000 0.000001 -0.000000 -0.000000 -2.443848
 53 0.000000 -1.748398 -5.000002 -3.141593 0.004007 -1.539299
 54 5.500000 0.000000 0.000001 -0.228502 0.000000 0.000000
 55 0.000001 0.000000 -4.999999 -0.044472 3.137589 -0.000177
 56 6.551491 -0.000000 -0.000002 0.228502 -0.010053 -0.386438
 57 -1.266843 -1.937443 -4.950560 -0.066572 -2.988806 -0.110308
 58 6.551491 -0.000000 -0.000002 0.228502 -0.010053 -0.386438
 59 0.699370 -1.944208 -5.006849 -0.027189 -3.088217 0.005298
 60 4.226148 -0.003202 0.000000 0.068913 0.037196 -0.018875
 61 -0.000001 5.000000 -0.000001 -0.153564 0.000087 2.718702
 62 0.000007 -0.000005 -3.713579 0.365818 2.880119 -0.191589
 63 0.000001 -0.000000 5.000000 3.053196 1.558589 -0.074928
 64 -0.000003 0.000005 3.713579 -0.001619 -3.122277 -0.475127
 65 0.000004 -0.000000 -5.000000 -0.088726 1.558589 3.066335
 66 7.363605 1.646647 0.495663 3.141593 -1.570796 0.000000
 67 -0.000001 0.000006 3.619080 0.008255 -3.110080 -0.985231
 68 16.573921 0.000000 -0.000000 -0.000000 -0.000000 -1.065827
 69 15.128181 0.000000 0.000000 -0.102296 0.010178 0.114297
 70 5.758665 4.244731 0.000000 0.000000 0.000000 1.667687
 71 3.177725 0.000000 0.000000 0.000000 0.000000 3.141593
 72 15.708952 0.000001 0.000000 -0.051525 0.003996 0.061523
 73 0.275148 0.189215 -3.445208 3.130898 0.000409 -1.514604
 74 17.210194 -0.000000 0.000000 -0.000000 -0.000000 -1.893339
 75 -0.000000 -0.000000 -4.999999 -0.079433 1.546568 -1.570857
 76 0.000005 -0.000003 -3.619080 0.577895 2.675801 -0.242118
 77 16.573921 -0.000000 -0.000001 -0.000000 -0.000000 -1.163030
 78 15.128182 0.000001 0.000000 0.089479 0.309197 0.659208
 79 5.758666 4.244731 -0.000001 -0.000000 -0.000000 1.815142
 80 4.003934 -0.000000 0.000001 0.000000 0.000000 0.000000
 81 15.708953 0.000001 0.000001 0.042277 0.226871 0.443133
 82 0.273998 0.191089 3.439762 -3.130907 -0.000437 -1.508107
 83 17.210192 -0.000001 -0.000002 0.000000 -0.000000 -1.937080
 84 0.000001 -0.000002 5.000000 -0.079319 1.595025 -1.570742
time 28
  0 0.000000 0.000000 33.899605 -0.025849 0.174554 -1.569172
  1 5.685104 0.833236 -32.227169 -0.174512 -0.026131 1.569196
  2 -2.276935 0.000003 -1.238188 -1.570795 -1.570451 0.000000
  3 1.796874 0.711820 -0.000294 0.089254 0.072101 -0.076186
  4 4.118775 -0.003263 -0.000292 0.089188 -0.024057 0.049425
  5 4.118768 -0.003262 -0.000292 0.089214 -0.037006 0.048311
  6 4.118774 -0.003262 -0.000292 0.089189 -0.024049 0.049337
  7 4.118462 -0.003503 -0.000476 0.135137 0.069927 -0.029726
  8 4.443599 -0.000001 0.000000 0.912549 0.246851 -0.376240
  9 9.024063 0.000001 -0.000000 0.000000 0.000000 0.000000
 10 -0.121062 0.236404 1.712729 1.666749 -1.433060 1.503065
 11 6.384778 0.000000 -0.000001 -1.401780 0.073365 -0.342980
 12 10.242682 0.000001 0.000000 0.000000 0.000000 -1.725753
 13 11.375563 0.000001 0.000001 -2.145398 -0.335451 1.048339
 14 0.728682 0.023431 -1.008296 1.627471 0.842372 0.191441
 15 2.136489 0.000000 0.000000 -0.000000 0.000000 0.898845
 16 2.313142 -0.000003 -0.000000 0.000000 0.000000 0.000000
 17 3.115507 -0.886041 -0.021434 -0.523248 -0.008991 0.590544
 18 2.011148 -0.000002 0.000006 -0.000000 -0.000000 1.951110
 19 2.141379 -0.000001 -0.000004 0.000000 0.000000 0.000000
 20 1.734172 0.000001 0.000002 0.000000 -0.000000 0.976392
 21 0.000003 -4.440590 0.000001 1.570544 -0.062990 -0.195737
 22 4.112855 -0.572203 -1.309459 -1.644301 0.094718 0.119721
 23 6.000000 0.000002 -0.000000 -1.980123 -0.000000 0.000000
 24 0.000000 -4.440601 0.000000 1.569944 -0.062987 0.004053
 25 11.375562 0.000001 0.000003 -1.806486 -0.239536 0.483721
 26 -0.000001 -4.440603 -0.000000 1.570144 -0.062988 0.004040
 27 10.510130 0.000000 0.000000 -0.000000 0.000000 -2.433673
 28 0.000000 -1.748398 5.000000 -0.000000 0.004007 1.602291
 29 5.500000 0.000002 -0.000000 0.523075 0.000000 -0.000000
 30 -0.000001 -1.940598 5.000001 -0.044472 0.004003 -0.000180
 31 6.551492 0.000000 -0.000003 -0.992194 0.164508 -0.389110
 32 0.000001 -1.940602 5.000004 -0.027189 -0.053376 0.005295
 33 6.551492 0.000000 -0.000003 -0.423839 0.122047 -0.146176
 34 -0.000000 -1.940599 4.999997 -0.066572 -0.152786 -0.110311
 35 0.121067 -0.229329 -1.712728 2.915246 1.306180 -0.184408
 36 6.384777 0.000000 -0.000003 0.500666 0.260919 -1.362639
 37 10.242682 0.000001 0.000001 0.000000 0.000000 -1.746103
 38 11.375560 -0.000001 0.000001 2.759791 0.555139 0.594905
 39 0.728682 0.023431 1.008294 -1.627471 -0.842372 0.191441
 40 2.136498 0.000001 -0.000000 0.000000 0.000000 0.898844
 41 2.313136 0.000001 -0.000000 0.000000 0.000000 3.141593
 42 3.115506 -0.886040 0.021431 0.523248 0.008990 0.590544
 43 2.011152 0.000001 0.000000 0.000000 -0.000000 1.951110
 44 2.141381 0.000000 0.000000 0.000000 0.000000 3.141593
 45 1.734174 -0.000000 0.000002 -0.000000 0.000000 0.976392
 46 0.136314 -3.738194 2.525893 1.493698 2.759406 -1.474501
 47 3.771411 0.416400 1.053533 1.765650 0.074575 0.195753
 48 11.389366 -0.000821 0.158783 2.095717 0.366357 0.191114
 49 -0.000001 -4.440600 -0.000001 1.570144 -3.078602 0.004040
 50 5.999999 -0.000001 0.000001 2.095717 0.000000 -0.000000
 51 0.000001 -4.440602 -0.000001 1.569944 -3.078603 0.004053
 52 10.510132 0.000000 0.000001 -0.000000 -0.000000 -2.443848
 53 0.000000 -1.748398 -5.000002 -3.141593 0.004007 -1.539299
 54 5.500000 0.000000 0.000001 -0.228502 0.000000 0.000000
 55 0.000001 0.000000 -4.999999 -0.044472 3.137589 -0.000177
 56 6.551491 -0.000000 -0.000002 0.228502 -0.010053 -0.386438
 57 -1.266843 -1.937443 -4.950560 -0.066572 -2.988806 -0.110308
 58 6.551491 -0.000000 -0.000002 0.228502 -0.010053 -0.386438
 59 0.699370 -1.944208 -5.006849 -0.027189 -3.088217 0.005298
 60 4.226148 -0.003202 0.000000 0.068913 0.037196 -0.018875
 61 -0.000001 5.000000 -0.000001 -0.153564 0.000087 2.718702
 62 0.000007 -0.000005 -3.713579 0.365818 2.880119 -0.191589
 63 0.000001 -0.000000 5.000000 3.053196 1.558589 -0.074928
 64 -0.000003 0.000005 3.713579 -0.001619 -3.122277 -0.475127
 65 0.000004 -0.000000 -5.000000 -0.088726 1.558589 3.066335
 66 7.363605 1.646647 0.495663 3.141593 -1.570796 0.000000
 67 -0.000001 0.000006 3.619080 0.008255 -3.110080 -0.985231
 68 16.573921 0.000000 -0.000000 -0.000000 -0.000000 -1.065827
 69 15.128181 0.000000 0.000000 -0.102296 0.010178 0.114297
 70 5.758665 4.244731 0.000000 0.000000 0.000000 1.667687
 71 3.177725 0.000000 0.000000 0.000000 0.000000 3.141593
 72 15.708952 0.000001 0.000000 -0.051525 0.003996 0.061523
 73 0.275148 0.189215 -3.445208 3.130898 0.000409 -1.514604
 74 17.210194 -0.000000 0.000000 -0.000000 -0.000000 -1.893339
 75 -0.000000 -0.000000 -4.999999 -0.079433 1.546568 -1.570857
 76 0.000005 -0.000003 -3.619080 0.577895 2.675801 -0.242118
 77 16.573921 -0.000000 -0.000001 -0.000000 -0.000000 -1.163030
 78 15.128182 0.000001 0.000000 0.089479 0.309197 0.659208
 79 5.758666 4.244731 -0.000001 -0.000000 -0.000000 1.815142
 80 4.003934 -0.000000 0.000001 0.000000 0.000000 0.000000
 81 15.708953 0.000001 0.000001 0.042277 0.226871 0.443133
 82 0.273998 0.191089 3.439762 -3.130907 -0.000437 -1.508107
 83 17.210192 -0.000001 -0.000002 0.000000 -0.000000 -1.937080
 84 0.000001 -0.000002 5.000000 -0.079319 1.595025 -1.570742
time 29
  0 0.000000 0.000000 33.899605 -0.025849 0.174554 -1.569172
  1 5.685104 0.833236 -32.227169 -0.174512 -0.026131 1.569196
  2 -2.276935 0.000003 -1.238188 -1.570795 -1.570451 0.000000
  3 1.796874 0.711820 -0.000294 0.089254 0.072101 -0.076186
  4 4.118775 -0.003263 -0.000292 0.089188 -0.024057 0.049425
  5 4.118768 -0.003262 -0.000292 0.089214 -0.037006 0.048311
  6 4.118774 -0.003262 -0.000292 0.089189 -0.024049 0.049337
  7 4.118462 -0.003503 -0.000476 0.135137 0.069927 -0.029726
  8 4.443599 -0.000001 0.000000 0.912549 0.246851 -0.376240
  9 9.024063 0.000001 -0.000000 0.000000 0.000000 0.000000
 10 -0.121062 0.236404 1.712729 1.666749 -1.433060 1.503065
 11 6.384778 0.000000 -0.000001 -1.401780 0.073365 -0.342980
 12 10.242682 0.000001 0.000000 0.000000 0.000000 -1.725753
 13 11.375563 0.000001 0.000001 -2.145398 -0.335451 1.048339
 14 0.728682 0.023431 -1.008296 1.627471 0.842372 0.191441
 15 2.136489 0.000000 0.000000 -0.000000 0.000000 0.898845
 16 2.313142 -0.000003 -0.000000 0.000000 0.000000 0.000000
 17 3.115507 -0.886041 -0.021434 -0.523248 -0.008991 0.590544
 18 2.011148 -0.000002 0.000006 -0.000000 -0.000000 1.951110
 19 2.141379 -0.000001 -0.000004 0.000000 0.000000 0.000000
 20 1.734172 0.000001 0.000002 0.000000 -0.000000 0.976392
 21 0.000003 -4.440590 0.000001 1.570544 -0.062990 -0.195737
 22 4.112855 -0.572203 -1.309459 -1.644301 0.094718 0.119721
 23 6.000000 0.000002 -0.000000 -1.980123 -0.000000 0.000000
 24 0.000000 -4.440601 0.000000 1.569944 -0.062987 0.004053
 25 11.375562 0.000001 0.000003 -1.806486 -0.239536 0.483721
 26 -0.000001 -4.440603 -0.000000 1.570144 -0.062988 0.004040
 27 10.510130 0.000000 0.000000 -0.000000 0.000000 -2.433673
 28 0.000000 -1.748398 5.000000 -0.000000 0.004007 1.602291
 29 5.500000 0.000002 -0.000000 0.523075 0.000000 -0.000000
 30 -0.000001 -1.940598 5.000001 -0.044472 0.004003 -0.000180
 31 6.551492 0.000000 -0.000003 -0.992194 0.164508 -0.389110
 32 0.000001 -1.940602 5.000004 -0.027189 -0.053376 0.005295
 33 6.551492 0.000000 -0.000003 -0.423839 0.122047 -0.146176
 34 -0.000000 -1.940599 4.999997 -0.066572 -0.152786 -0.110311
 35 0.121067 -0.229329 -1.712728 2.915246 1.306180 -0.184408
 36 6.384777 0.000000 -0.000003 0.500666 0.260919 -1.362639
 37 10.242682 0.000001 0.000001 0.000000 0.000000 -1.746103
 38 11.375560 -0.000001 0.000001 2.759791 0.555139 0.594905
 39 0.728682 0.023431 1.008294 -1.627471 -0.842372 0.191441
 40 2.136498 0.000001 -0.000000 0.000000 0.000000 0.898844
 41 2.313136 0.000001 -0.000000 0.000000 0.000000 3.141593
 42 3.115506 -0.886040 0.021431 0.523248 0.008990 0.590544
 43 2.011152 0.000001 0.000000 0.000000 -0.000000 1.951110
 44 2.141381 0.000000 0.000000 0.000000 0.000000 3.141593
 45 1.734174 -0.000000 0.000002 -0.000000 0.000000 0.976392
 46 0.136314 -3.738194 2.525893 1.493698 2.759406 -1.474501
 47 3.771411 0.416400 1.053533 1.765650 0.074575 0.195753
 48 11.389366 -0.000821 0.158783 2.095717 0.366357 0.191114
 49 -0.000001 -4.440600 -0.000001 1.570144 -3.078602 0.004040
 50 5.999999 -0.000001 0.000001 2.095717 0.000000 -0.000000
 51 0.000001 -4.440602 -0.000001 1.569944 -3.078603 0.004053
 52 10.510132 0.000000 0.000001 -0.000000 -0.000000 -2.443848
 53 0.000000 -1.748398 -5.000002 -3.141593 0.004007 -1.539299
 54 5.500000 0.000000 0.000001 -0.228502 0.000000 0.000000
 55 0.000001 0.000000 -4.999999 -0.044472 3.137589 -0.000177
 56 6.551491 -0.000000 -0.000002 0.228502 -0.010053 -0.386438
 57 -1.266843 -1.937443 -4.950560 -0.066572 -2.988806 -0.110308
 58 6.551491 -0.000000 -0.000002 0.228502 -0.010053 -0.386438
 59 0.699370 -1.944208 -5.006849 -0.027189 -3.088217 0.005298
 60 4.226148 -0.003202 0.000000 0.068913 0.037196 -0.018875
 61 -0.000001 5.000000 -0.000001 -0.153564 0.000087 2.718702
 62 0.000007 -0.000005 -3.713579 0.365818 2.880119 -0.191589
 63 0.000001 -0.000000 5.000000 3.053196 1.558589 -0.074928
 64 -0.000003 0.000005 3.713579 -0.001619 -3.122277 -0.475127
 65 0.000004 -0.000000 -5.000000 -0.088726 1.558589 3.066335
 66 7.363605 1.646647 0.495663 3.141593 -1.570796 0.000000
 67 -0.000001 0.000006 3.619080 0.008255 -3.110080 -0.985231
 68 16.573921 0.000000 -0.000000 -0.000000 -0.000000 -1.065827
 69 15.128181 0.000000 0.000000 -0.102296 0.010178 0.114297
 70 5.758665 4.244731 0.000000 0.000000 0.000000 1.667687
 71 3.177725 0.000000 0.000000 0.000000 0.000000 3.141593
 72 15.708952 0.000001 0.000000 -0.051525 0.003996 0.061523
 73 0.275148 0.189215 -3.445208 3.130898 0.000409 -1.514604
 74 17.210194 -0.000000 0.000000 -0.000000 -0.000000 -1.893339
 75 -0.000000 -0.000000 -4.999999 -0.079433 1.546568 -1.570857
 76 0.000005 -0.000003 -3.619080 0.577895 2.675801 -0.242118
 77 16.573921 -0.000000 -0.000001 -0.000000 -0.000000 -1.163030
 78 15.128182 0.000001 0.000000 0.089479 0.309197 0.659208
 79 5.758666 4.244731 -0.000001 -0.000000 -0.000000 1.815142
 80 4.003934 -0.000000 0.000001 0.000000 0.000000 0.000000
 81 15.708953 0.000001 0.000001 0.042277 0.226871 0.443133
 82 0.273998 0.191089 3.439762 -3.130907 -0.000437 -1.508107
 83 17.210192 -0.000001 -0.000002 0.000000 -0.000000 -1.937080
 84 0.000001 -0.000002 5.000000 -0.079319 1.595025 -1.570742
time 30
  0 0.000000 0.000000 33.899605 -0.025849 0.174554 -1.569172
  1 5.685104 0.833236 -32.227169 -0.174512 -0.026131 1.569196
  2 -2.276935 0.000003 -1.238188 -1.570795 -1.570451 0.000000
  3 1.796874 0.711820 -0.000294 0.089254 0.072101 -0.076186
  4 4.118775 -0.003263 -0.000292 0.089188 -0.024057 0.049425
  5 4.118768 -0.003262 -0.000292 0.089214 -0.037006 0.048311
  6 4.118774 -0.003262 -0.000292 0.089189 -0.024049 0.049337
  7 4.118462 -0.003503 -0.000476 0.135137 0.069927 -0.029726
  8 4.443599 -0.000001 0.000000 0.912549 0.246851 -0.376240
  9 9.024063 0.000001 -0.000000 0.000000 0.000000 0.000000
 10 -0.121062 0.236404 1.712729 1.666749 -1.433060 1.503065
 11 6.384778 0.000000 -0.000001 -1.401780 0.073365 -0.342980
 12 10.242682 0.000001 0.000000 0.000000 0.000000 -1.725753
 13 11.375563 0.000001 0.000001 -2.145398 -0.335451 1.048339
 14 0.728682 0.023431 -1.008296 1.627471 0.842372 0.191441
 15 2.136489 0.000000 0.000000 -0.000000 0.000000 0.898845
 16 2.313142 -0.000003 -0.000000 0.000000 0.000000 0.000000
 17 3.115507 -0.886041 -0.021434 -0.523248 -0.008991 0.590544
 18 2.011148 -0.000002 0.000006 -0.000000 -0.000000 1.951110
 19 2.141379 -0.000001 -0.000004 0.000000 0.000000 0.000000
 20 1.734172 0.000001 0.000002 0.000000 -0.000000 0.976392
 21 0.000003 -4.440590 0.000001 1.570544 -0.062990 -0.195737
 22 4.112855 -0.572203 -1.309459 -1.644301 0.094718 0.119721
 23 6.000000 0.000002 -0.000000 -1.980123 -0.000000 0.000000
 24 0.000000 -4.440601 0.000000 1.569944 -0.062987 0.004053
 25 11.375562 0.000001 0.000003 -1.806486 -0.239536 0.483721
 26 -0.000001 -4.440603 -0.000000 1.570144 -0.062988 0.004040
 27 10.510130 0.000000 0.000000 -0.000000 0.000000 -2.433673
 28 0.000000 -1.748398 5.000000 -0.000000 0.004007 1.602291
 29 5.500000 0.000002 -0.000000 0.523075 0.000000 -0.000000
 30 -0.000001 -1.940598 5.000001 -0.044472 0.004003 -0.000180
 31 6.551492 0.000000 -0.000003 -0.992194 0.164508 -0.389110
 32 0.000001 -1.940602 5.000004 -0.027189 -0.053376 0.005295
 33 6.551492 0.000000 -0.000003 -0.423839 0.122047 -0.146176
 34 -0.000000 -1.940599 4.999997 -0.066572 -0.152786 -0.110311
 35 0.121067 -0.229329 -1.712728 2.915246 1.306180 -0.184408
 36 6.384777 0.000000 -0.000003 0.500666 0.260919 -1.362639
 37 10.242682 0.000001 0.000001 0.000000 0.000000 -1.746103
 38 11.375560 -0.000001 0.000001 2.759791 0.555139 0.594905
 39 0.728682 0.023431 1.008294 -1.627471 -0.842372 0.191441
 40 2.136498 0.000001 -0.000000 0.000000 0.000000 0.898844
 41 2.313136 0.000001 -0.000000 0.000000 0.000000 3.141593
 42 3.115506 -0.886040 0.021431 0.523248 0.008990 0.590544
 43 2.011152 0.000001 0.000000 0.000000 -0.000000 1.951110
 44 2.141381 0.000000 0.000000 0.000000 0.000000 3.141593
 45 1.734174 -0.000000 0.000002 -0.000000 0.000000 0.976392
 46 0.136314 -3.738194 2.525893 1.493698 2.759406 -1.474501
 47 3.771411 0.416400 1.053533 1.765650 0.074575 0.195753
 48 11.389366 -0.000821 0.158783 2.095717 0.366357 0.191114
 49 -0.000001 -4.440600 -0.000001 1.570144 -3.078602 0.004040
 50 5.999999 -0.000001 0.000001 2.095717 0.000000 -0.000000
 51 0.000001 -4.440602 -0.000001 1.569944 -3.078603 0.004053
 52 10.510132 0.000000 0.000001 -0.000000 -0.000000 -2.443848
 53 0.000000 -1.748398 -5.000002 -3.141593 0.004007 -1.539299
 54 5.500000 0.000000 0.000001 -0.228502 0.000000 0.000000
 55 0.000001 0.000000 -4.999999 -0.044472 3.137589 -0.000177
 56 6.551491 -0.000000 -0.000002 0.228502 -0.010053 -0.386438
 57 -1.266843 -1.937443 -4.950560 -0.066572 -2.988806 -0.110308
 58 6.551491 -0.000000 -0.000002 0.228502 -0.010053 -0.386438
 59 0.699370 -1.944208 -5.006849 -0.027189 -3.088217 0.005298
 60 4.226148 -0.003202 0.000000 0.068913 0.037196 -0.018875
 61 -0.000001 5.000000 -0.000001 -0.153564 0.000087 2.718702
 62 0.000007 -0.000005 -3.713579 0.365818 2.880119 -0.191589
 63 0.000001 -0.000000 5.000000 3.053196 1.558589 -0.074928
 64 -0.000003 0.000005 3.713579 -0.001619 -3.122277 -0.475127
 65 0.000004 -0.000000 -5.000000 -0.088726 1.558589 3.066335
 66 7.363605 1.646647 0.495663 3.141593 -1.570796 0.000000
 67 -0.000001 0.000006 3.619080 0.008255 -3.110080 -0.985231
 68 16.573921 0.000000 -0.000000 -0.000000 -0.000000 -1.065827
 69 15.128181 0.000000 0.000000 -0.102296 0.010178 0.114297
 70 5.758665 4.244731 0.000000 0.000000 0.000000 1.667687
 71 3.177725 0.000000 0.000000 0.000000 0.000000 3.141593
 72 15.708952 0.000001 0.000000 -0.051525 0.003996 0.061523
 73 0.275148 0.189215 -3.445208 3.130898 0.000409 -1.514604
 74 17.210194 -0.000000 0.000000 -0.000000 -0.000000 -1.893339
 75 -0.000000 -0.000000 -4.999999 -0.079433 1.546568 -1.570857
 76 0.000005 -0.000003 -3.619080 0.577895 2.675801 -0.242118
 77 16.573921 -0.000000 -0.000001 -0.000000 -0.000000 -1.163030
 78 15.128182 0.000001 0.000000 0.089479 0.309197 0.659208
 79 5.758666 4.244731 -0.000001 -0.000000 -0.000000 1.815142
 80 4.003934 -0.000000 0.000001 0.000000 0.000000 0.000000
 81 15.708953 0.000001 0.000001 0.042277 0.226871 0.443133
 82 0.273998 0.191089 3.439762 -3.130907 -0.000437 -1.508107
 83 17.210192 -0.000001 -0.000002 0.000000 -0.000000 -1.937080
 84 0.000001 -0.000002 5.000000 -0.079319 1.595025 -1.570742
end
