version 1
nodes
  0 "Bip01"  -1
  1 "Bip01 Footsteps"   0
  2 "Bip01 Pelvis"   0
  3 "Bip01 Spine"   2
  4 "Bip01 Spine1"   3
  5 "Bip01 Spine2"   4
  6 "Bip01 Spine3"   5
  7 "Bip01 Neck"   6
  8 "Bip01 Head"   7
  9 "Dummy21"   8
 10 "Bip01 L Clavicle"   7
 11 "Bip01 L UpperArm"  10
 12 "Bip01 L Forearm"  11
 13 "Bip01 L Hand"  12
 14 "Bip01 L Finger0"  13
 15 "Bip01 L Finger01"  14
 16 "Dummy06"  15
 17 "Bip01 L Finger1"  13
 18 "Bip01 L Finger11"  17
 19 "Dummy03"  18
 20 "-- L knuckle"  17
 21 "-- L knuckle_end"  20
 22 "-- L Forearm twist"  12
 23 "-- L Forearm twist_end"  22
 24 "-- L wrist"  12
 25 "-- L wrist_end"  24
 26 "-- L Elbow"  11
 27 "--L Elbow_end"  26
 28 "-- L bicep twist"  11
 29 "-- L bicep twist_end"  28
 30 "-- L shoulder outside"  10
 31 "-- L shoulder outside_end"  30
 32 "-- L Shoulder inside"  10
 33 "-- L Shoulder inside_end"  32
 34 "Bip01 R Clavicle"   7
 35 "Bip01 R UpperArm"  34
 36 "Bip01 R Forearm"  35
 37 "Bip01 R Hand"  36
 38 "Bip01 R Finger0"  37
 39 "Bip01 R Finger01"  38
 40 "Dummy01"  39
 41 "Bip01 R Finger1"  37
 42 "Bip01 R Finger11"  41
 43 "Dummy02"  42
 44 "-- R knuckle"  41
 45 "Point06"  44
 46 "Cylinder01"  37
 47 "-- R wrist"  36
 48 "-- R wrist_end"  47
 49 "-- R forearm twist"  36
 50 "-- R forearm twist_end"  49
 51 "-- R Elbow"  35
 52 "--R Elbow_end"  51
 53 "-- R bicep twist"  35
 54 "-- R bicep twist_end"  53
 55 "-- R Shoulder inside"  34
 56 "-- R Shoulder inside_end"  55
 57 "-- R shoulder outside"  34
 58 "-- R shoulder outside_end"  57
 59 "-- Neck smooth"   6
 60 "-- neck smooth end"  59
 61 "-- R Butt"   2
 62 "--R Butt_end"  61
 63 "-- L butt"   2
 64 "--L butt_end"  63
 65 "GIGN01"   2
 66 "Bip01 L Thigh"   2
 67 "Bip01 L Calf"  66
 68 "Bip01 L Foot"  67
 69 "Bip01 L Toe0"  68
 70 "Dummy16"  69
 71 "-- L ankle"  67
 72 "-- L ankleend"  71
 73 "-- L Knee"  66
 74 "--L Knee_end"  73
 75 "Bip01 R Thigh"   2
 76 "Bip01 R Calf"  75
 77 "Bip01 R Foot"  76
 78 "Bip01 R Toe0"  77
 79 "Dummy11"  78
 80 "-- R Ankle"  76
 81 "-- R ankleend"  80
 82 "-- R Knee"  75
 83 "--R Knee_end"  82
end
skeleton
time 0
  0 -0.650000 0.000000 33.899605 -0.025849 0.174554 -1.569172
  1 5.685104 0.833237 -32.227169 -0.174512 -0.026131 1.569196
  2 -2.276935 0.000003 -1.238188 -1.570795 -1.570451 0.000000
  3 1.797326 0.711858 -0.000605 0.185199 -0.049714 0.048989
  4 4.118649 -0.003223 -0.000603 0.186242 -0.116293 -0.007210
  5 4.118655 -0.003224 -0.000604 0.186516 -0.129065 -0.009547
  6 4.118649 -0.003224 -0.000604 0.186242 -0.116277 -0.007297
  7 4.120336 -0.003009 -0.000677 0.193263 -0.090554 0.505448
  8 4.443599 0.000000 0.000000 0.723522 -0.128717 0.194180
  9 9.024061 -0.000001 0.000001 0.000000 0.000000 0.000000
 10 0.156689 0.334962 1.693496 1.648265 -1.322533 0.973594
 11 6.384777 0.000000 0.000002 -0.286856 0.947660 -0.736791
 12 10.242684 -0.000000 -0.000001 -0.000000 0.000000 -1.310363
 13 11.375561 -0.000001 -0.000000 -0.530169 0.339441 -0.521239
 14 0.728681 0.023431 -1.008292 1.764037 0.299568 0.470007
 15 2.136497 0.000000 -0.000001 0.000000 -0.000000 0.436332
 16 2.313140 -0.000000 -0.000001 0.000000 0.000000 0.000000
 17 3.115507 -0.886041 -0.021432 -0.611602 -0.110752 0.358009
 18 2.011151 -0.000003 -0.000002 -0.000000 -0.000000 1.410058
 19 2.141380 -0.000000 0.000001 0.000000 0.000000 0.000000
 20 1.734172 -0.000000 0.000001 0.000000 -0.000000 0.704525
 21 0.000007 -4.440593 0.000001 1.570544 -0.062990 -0.195737
 22 6.000001 0.000002 -0.000002 -0.754324 0.000000 -0.000000
 23 0.000001 -4.440603 -0.000000 1.569944 -0.062987 0.004053
 24 11.375562 -0.000001 0.000001 -1.036081 0.098050 -0.320351
 25 -0.000001 -4.440606 -0.000000 1.570144 -0.062988 0.004040
 26 10.510133 0.000000 -0.000001 0.000000 0.000000 -2.225978
 27 0.000001 -1.748402 5.000000 -0.000000 0.004007 1.602290
 28 5.500001 -0.000000 0.000000 -0.027405 0.000000 0.000000
 29 -0.000001 -1.940598 5.000000 -0.044472 0.004003 -0.000180
 30 6.551491 0.000000 0.000003 -0.021668 0.634822 -0.455395
 31 -0.000000 -1.940599 5.000003 -0.027189 -0.053376 0.005295
 32 6.551491 0.000000 0.000003 0.029036 0.299127 -0.200377
 33 -0.000001 -1.940599 4.999996 -0.066572 -0.152786 -0.110311
 34 -0.156685 -0.327886 -1.693496 -1.547898 2.638892 1.076730
 35 6.384777 -0.000000 0.000001 1.054872 -0.165737 -0.470253
 36 10.242683 -0.000001 -0.000001 -0.000000 0.000000 -1.738616
 37 11.375560 0.000001 -0.000001 2.067191 0.356097 -0.696082
 38 0.728681 0.023431 1.008292 -2.921925 -0.650415 1.123821
 39 2.136497 -0.000002 -0.000000 -0.000000 -0.000000 1.038471
 40 2.313140 0.000003 -0.000001 0.000000 0.000000 3.141593
 41 3.115505 -0.886039 0.021433 0.449542 0.271884 0.266390
 42 2.011151 -0.000001 0.000000 0.000000 0.000000 1.183165
 43 2.141382 0.000001 -0.000001 0.000000 0.000000 3.141593
 44 1.734174 -0.000004 0.000000 -0.000000 0.000000 0.590745
 45 0.136315 -3.738192 2.525891 1.493698 2.759406 -1.474501
 46 3.726729 -0.053314 2.419487 -0.262762 2.898943 1.398576
 47 11.389364 -0.000818 0.158780 1.846230 0.133058 -0.367863
 48 0.000001 -4.440600 0.000001 1.570144 -3.078602 0.004040
 49 5.999998 0.000001 -0.000001 1.846230 -0.000000 -0.000000
 50 0.000004 -4.440602 0.000001 1.569944 -3.078603 0.004053
 51 10.510132 -0.000000 0.000001 -0.000000 -0.000000 -2.440104
 52 0.000000 -1.748399 -5.000001 -3.141593 0.004007 -1.539299
 53 5.500000 -0.000001 -0.000001 -0.330863 0.000000 0.000000
 54 -0.000000 0.000001 -4.999998 -0.044472 3.137590 -0.000177
 55 6.551491 -0.000000 -0.000000 0.330863 -0.132355 -0.170384
 56 -1.266843 -1.937444 -4.950561 -0.066572 -2.988806 -0.110308
 57 6.551492 -0.000000 -0.000000 0.330863 -0.132355 -0.170384
 58 0.699369 -1.944208 -5.006847 -0.027189 -3.088217 0.005298
 59 4.226143 -0.003201 0.000000 0.101792 -0.034253 0.270945
 60 0.000000 5.000001 -0.000000 -0.153564 0.000087 2.718702
 61 0.000004 -0.000005 -3.713580 0.365818 2.880119 -0.191589
 62 0.000003 -0.000000 5.000000 3.053196 1.558589 -0.074928
 63 -0.000007 0.000005 3.713580 -0.001619 -3.122277 -0.475127
 64 0.000003 -0.000001 -5.000000 -0.088726 1.558589 3.066335
 65 7.363602 1.646647 0.495663 3.141593 -1.570796 0.000000
 66 -0.000005 0.000006 3.619081 0.008255 -3.110080 -0.985232
 67 16.573921 0.000001 0.000000 -0.000000 0.000000 -1.065827
 68 15.128180 0.000000 0.000000 -0.102296 0.010178 0.114297
 69 5.758665 4.244731 -0.000000 0.000000 -0.000000 1.667687
 70 3.177726 0.000000 0.000000 0.000000 0.000000 3.141593
 71 15.708953 0.000001 0.000000 -0.051525 0.003996 0.061523
 72 0.275149 0.189215 -3.445208 3.130898 0.000409 -1.514604
 73 17.210194 -0.000000 0.000000 0.000000 0.000000 -1.893339
 74 0.000001 0.000000 -5.000000 -0.079433 1.546568 -1.570859
 75 0.000002 -0.000003 -3.619081 0.577895 2.675801 -0.242118
 76 16.573923 -0.000000 -0.000001 0.000000 -0.000000 -1.163030
 77 15.128182 -0.000000 0.000002 0.089479 0.309197 0.659208
 78 5.758665 4.244730 0.000000 -0.000000 0.000000 1.815142
 79 4.003934 -0.000000 0.000000 0.000000 0.000000 0.000000
 80 15.708954 0.000000 0.000002 0.042277 0.226871 0.443133
 81 0.273998 0.191089 3.439762 -3.130907 -0.000437 -1.508107
 82 17.210196 -0.000001 -0.000002 0.000000 -0.000000 -1.937080
 83 0.000001 -0.000001 5.000000 -0.079314 1.595025 -1.570739
time 1
  0 -0.650000 0.000000 33.899605 -0.025849 0.174554 -1.569172
  1 5.685104 0.833237 -32.227169 -0.174512 -0.026131 1.569196
  2 -2.276935 0.000003 -1.238188 -1.570795 -1.570451 0.000000
  3 1.797314 0.711854 -0.000592 0.181019 -0.050307 0.044470
  4 4.118646 -0.003226 -0.000590 0.182072 -0.116519 -0.007908
  5 4.118649 -0.003226 -0.000590 0.182341 -0.129300 -0.010191
  6 4.118649 -0.003226 -0.000590 0.182072 -0.116503 -0.007995
  7 4.120366 -0.002977 -0.000744 0.212306 -0.083835 0.516736
  8 4.443597 -0.000000 0.000000 0.715726 -0.145558 0.186649
  9 9.024061 0.000001 -0.000001 0.000000 0.000000 0.000000
 10 0.145088 0.367363 1.687870 1.575849 -1.310385 1.034023
 11 6.384776 0.000001 0.000001 -0.269024 0.950325 -0.702268
 12 10.242682 -0.000000 -0.000001 -0.000000 0.000000 -1.323267
 13 11.375561 -0.000000 -0.000001 -0.525102 0.338114 -0.511952
 14 0.728681 0.023433 -1.008293 1.764037 0.299568 0.470007
 15 2.136497 0.000000 -0.000000 0.000000 -0.000000 0.436332
 16 2.313140 0.000000 -0.000000 0.000000 0.000000 0.000000
 17 3.115507 -0.886038 -0.021431 -0.611602 -0.110752 0.358009
 18 2.011153 -0.000001 0.000002 0.000000 0.000000 1.410058
 19 2.141380 0.000000 -0.000001 0.000000 0.000000 0.000000
 20 1.734173 -0.000001 -0.000001 0.000000 0.000000 0.704525
 21 0.000006 -4.440594 -0.000001 1.570544 -0.062990 -0.195737
 22 6.000000 -0.000001 -0.000001 -0.751025 -0.000000 0.000000
 23 0.000001 -4.440603 -0.000001 1.569944 -0.062987 0.004053
 24 11.375562 -0.000000 0.000002 -1.034152 0.098474 -0.316168
 25 -0.000001 -4.440602 0.000002 1.570144 -0.062988 0.004040
 26 10.510130 0.000000 -0.000001 0.000000 -0.000000 -2.232430
 27 -0.000001 -1.748399 5.000000 -0.000000 0.004007 1.602290
 28 5.499998 0.000000 0.000001 -0.029033 0.000000 -0.000000
 29 0.000001 -1.940598 5.000000 -0.044472 0.004003 -0.000180
 30 6.551492 -0.000000 -0.000002 -0.016244 0.633165 -0.441864
 31 0.000001 -1.940599 5.000002 -0.027189 -0.053376 0.005295
 32 6.551492 -0.000000 -0.000002 0.030195 0.298564 -0.195222
 33 0.000001 -1.940600 4.999994 -0.066572 -0.152786 -0.110311
 34 -0.145092 -0.360285 -1.687869 -1.528243 2.652326 1.076422
 35 6.384777 -0.000000 0.000000 1.052274 -0.168928 -0.488133
 36 10.242682 0.000000 -0.000002 -0.000000 0.000000 -1.738616
 37 11.375561 0.000001 0.000002 2.067191 0.356097 -0.696082
 38 0.728682 0.023428 1.008292 -2.921925 -0.650415 1.123821
 39 2.136497 0.000001 -0.000000 -0.000000 -0.000000 1.038471
 40 2.313139 0.000001 -0.000001 0.000000 0.000000 3.141593
 41 3.115509 -0.886045 0.021431 0.449542 0.271884 0.266390
 42 2.011151 -0.000002 0.000000 0.000000 0.000000 1.183165
 43 2.141382 0.000002 -0.000001 0.000000 0.000000 3.141593
 44 1.734174 -0.000004 0.000000 -0.000000 0.000000 0.590745
 45 0.136314 -3.738191 2.525891 1.493698 2.759406 -1.474501
 46 3.726728 -0.053314 2.419487 -0.262762 2.898943 1.398576
 47 11.389365 -0.000819 0.158783 1.846230 0.133058 -0.367863
 48 -0.000002 -4.440596 -0.000000 1.570144 -3.078602 0.004040
 49 5.999998 -0.000000 0.000001 1.846230 -0.000000 -0.000000
 50 0.000001 -4.440604 0.000001 1.569944 -3.078603 0.004053
 51 10.510131 0.000001 -0.000001 -0.000000 -0.000000 -2.440104
 52 0.000000 -1.748398 -5.000002 -3.141593 0.004007 -1.539299
 53 5.500000 0.000001 -0.000002 -0.329424 0.000000 0.000000
 54 0.000000 0.000000 -4.999999 -0.044472 3.137589 -0.000177
 55 6.551491 -0.000000 -0.000002 0.329424 -0.133051 -0.173749
 56 -1.266844 -1.937444 -4.950562 -0.066572 -2.988806 -0.110308
 57 6.551492 -0.000000 -0.000002 0.329424 -0.133051 -0.173749
 58 0.699370 -1.944208 -5.006847 -0.027189 -3.088217 0.005298
 59 4.226145 -0.003201 -0.000000 0.111056 -0.029186 0.276182
 60 0.000001 5.000000 -0.000000 -0.153564 0.000087 2.718702
 61 0.000004 -0.000005 -3.713580 0.365818 2.880119 -0.191589
 62 0.000003 -0.000000 5.000000 3.053196 1.558589 -0.074928
 63 -0.000007 0.000005 3.713580 -0.001619 -3.122277 -0.475127
 64 0.000003 -0.000001 -5.000000 -0.088726 1.558589 3.066335
 65 7.363602 1.646647 0.495663 3.141593 -1.570796 0.000000
 66 -0.000005 0.000006 3.619081 0.008255 -3.110080 -0.985232
 67 16.573921 0.000001 0.000000 -0.000000 0.000000 -1.065827
 68 15.128180 0.000000 0.000000 -0.102296 0.010178 0.114297
 69 5.758665 4.244731 -0.000000 0.000000 -0.000000 1.667687
 70 3.177726 0.000000 0.000000 0.000000 0.000000 3.141593
 71 15.708953 0.000001 0.000000 -0.051525 0.003996 0.061523
 72 0.275149 0.189215 -3.445208 3.130898 0.000409 -1.514604
 73 17.210194 -0.000000 0.000000 0.000000 0.000000 -1.893339
 74 0.000001 0.000000 -5.000000 -0.079433 1.546568 -1.570859
 75 0.000002 -0.000003 -3.619081 0.577895 2.675801 -0.242118
 76 16.573923 -0.000000 -0.000001 0.000000 -0.000000 -1.163030
 77 15.128182 -0.000000 0.000002 0.089479 0.309197 0.659208
 78 5.758665 4.244730 0.000000 -0.000000 0.000000 1.815142
 79 4.003934 -0.000000 0.000000 0.000000 0.000000 0.000000
 80 15.708954 0.000000 0.000002 0.042277 0.226871 0.443133
 81 0.273998 0.191089 3.439762 -3.130907 -0.000437 -1.508107
 82 17.210196 -0.000001 -0.000002 0.000000 -0.000000 -1.937080
 83 0.000001 -0.000001 5.000000 -0.079314 1.595025 -1.570739
time 2
  0 -0.650000 0.000000 33.899605 -0.025849 0.174554 -1.569172
  1 5.685104 0.833237 -32.227169 -0.174512 -0.026131 1.569196
  2 -2.276935 0.000003 -1.238188 -1.570795 -1.570451 0.000000
  3 1.797287 0.711849 -0.000569 0.174003 -0.051347 0.036882
  4 4.118647 -0.003231 -0.000568 0.175068 -0.116904 -0.009078
  5 4.118635 -0.003229 -0.000567 0.175326 -0.129700 -0.011271
  6 4.118641 -0.003230 -0.000568 0.175068 -0.116888 -0.009165
  7 4.120435 -0.002890 -0.000909 0.260445 -0.068077 0.546406
  8 4.443598 0.000002 -0.000000 0.681956 -0.181387 0.169866
  9 9.024061 0.000003 -0.000001 0.000000 0.000000 0.000000
 10 0.117866 0.448695 1.670409 1.419640 -1.275615 1.159207
 11 6.384778 -0.000000 -0.000001 -0.239599 0.953834 -0.644665
 12 10.242682 -0.000000 -0.000001 0.000000 0.000000 -1.342553
 13 11.375561 -0.000001 -0.000002 -0.515804 0.336034 -0.496802
 14 0.728681 0.023428 -1.008292 1.764037 0.299568 0.470007
 15 2.136497 0.000000 0.000002 0.000000 -0.000000 0.436332
 16 2.313140 0.000000 0.000002 0.000000 0.000000 0.000000
 17 3.115506 -0.886042 -0.021432 -0.611602 -0.110752 0.358009
 18 2.011152 -0.000001 -0.000001 -0.000000 0.000000 1.410058
 19 2.141380 0.000000 0.000002 0.000000 0.000000 0.000000
 20 1.734173 0.000001 0.000001 -0.000000 0.000000 0.704525
 21 0.000006 -4.440595 -0.000000 1.570544 -0.062990 -0.195737
 22 6.000000 -0.000002 -0.000001 -0.744769 -0.000000 0.000000
 23 0.000001 -4.440600 -0.000001 1.569944 -0.062987 0.004053
 24 11.375561 -0.000001 0.000001 -1.030476 0.099170 -0.309382
 25 -0.000001 -4.440603 -0.000001 1.570144 -0.062988 0.004040
 26 10.510130 -0.000000 -0.000001 0.000000 -0.000000 -2.242073
 27 -0.000002 -1.748400 5.000000 -0.000000 0.004007 1.602290
 28 5.500000 0.000000 -0.000001 -0.031435 -0.000000 -0.000000
 29 -0.000001 -1.940598 5.000000 -0.044472 0.004003 -0.000180
 30 6.551491 0.000001 0.000004 -0.007805 0.630416 -0.419017
 31 0.000000 -1.940599 5.000002 -0.027189 -0.053376 0.005295
 32 6.551491 0.000001 0.000004 0.031869 0.297676 -0.186379
 33 -0.000000 -1.940599 4.999994 -0.066572 -0.152786 -0.110311
 34 -0.117866 -0.441614 -1.670408 -1.479351 2.686067 1.073595
 35 6.384777 0.000000 -0.000003 1.047972 -0.174356 -0.518165
 36 10.242683 -0.000000 -0.000001 -0.000000 0.000000 -1.738616
 37 11.375560 0.000001 0.000000 2.067191 0.356097 -0.696082
 38 0.728680 0.023428 1.008294 -2.921925 -0.650415 1.123821
 39 2.136496 -0.000002 0.000000 -0.000000 -0.000000 1.038471
 40 2.313140 0.000000 -0.000001 0.000000 0.000000 3.141593
 41 3.115507 -0.886045 0.021433 0.449542 0.271884 0.266390
 42 2.011151 0.000000 0.000000 0.000000 0.000000 1.183165
 43 2.141380 0.000000 -0.000001 0.000000 0.000000 3.141593
 44 1.734173 -0.000002 0.000000 -0.000000 0.000000 0.590745
 45 0.136315 -3.738193 2.525891 1.493698 2.759406 -1.474501
 46 3.726727 -0.053314 2.419489 -0.262762 2.898943 1.398576
 47 11.389364 -0.000819 0.158780 1.846230 0.133058 -0.367863
 48 0.000001 -4.440596 0.000001 1.570144 -3.078602 0.004040
 49 5.999997 0.000001 -0.000001 1.846230 -0.000000 -0.000000
 50 0.000004 -4.440602 -0.000000 1.569944 -3.078603 0.004053
 51 10.510132 0.000001 0.000001 -0.000000 -0.000000 -2.440104
 52 0.000000 -1.748399 -5.000001 -3.141593 0.004007 -1.539299
 53 5.500000 0.000000 -0.000001 -0.326932 0.000000 0.000000
 54 -0.000001 -0.000000 -5.000001 -0.044472 3.137589 -0.000177
 55 6.551490 0.000000 0.000000 0.326932 -0.134155 -0.179220
 56 -1.266844 -1.937443 -4.950561 -0.066572 -2.988806 -0.110308
 57 6.551490 0.000000 0.000000 0.326932 -0.134155 -0.179220
 58 0.699370 -1.944208 -5.006848 -0.027189 -3.088217 0.005298
 59 4.226146 -0.003201 0.000000 0.134476 -0.016724 0.289712
 60 -0.000002 5.000001 -0.000000 -0.153564 0.000087 2.718702
 61 0.000004 -0.000005 -3.713580 0.365818 2.880119 -0.191589
 62 0.000003 -0.000000 5.000000 3.053196 1.558589 -0.074928
 63 -0.000007 0.000005 3.713580 -0.001619 -3.122277 -0.475127
 64 0.000003 -0.000001 -5.000000 -0.088726 1.558589 3.066335
 65 7.363602 1.646647 0.495663 3.141593 -1.570796 0.000000
 66 -0.000005 0.000006 3.619081 0.008255 -3.110080 -0.985232
 67 16.573921 0.000001 0.000000 -0.000000 0.000000 -1.065827
 68 15.128180 0.000000 0.000000 -0.102296 0.010178 0.114297
 69 5.758665 4.244731 -0.000000 0.000000 -0.000000 1.667687
 70 3.177726 0.000000 0.000000 0.000000 0.000000 3.141593
 71 15.708953 0.000001 0.000000 -0.051525 0.003996 0.061523
 72 0.275149 0.189215 -3.445208 3.130898 0.000409 -1.514604
 73 17.210194 -0.000000 0.000000 0.000000 0.000000 -1.893339
 74 0.000001 0.000000 -5.000000 -0.079433 1.546568 -1.570859
 75 0.000002 -0.000003 -3.619081 0.577895 2.675801 -0.242118
 76 16.573923 -0.000000 -0.000001 0.000000 -0.000000 -1.163030
 77 15.128182 -0.000000 0.000002 0.089479 0.309197 0.659208
 78 5.758665 4.244730 0.000000 -0.000000 0.000000 1.815142
 79 4.003934 -0.000000 0.000000 0.000000 0.000000 0.000000
 80 15.708954 0.000000 0.000002 0.042277 0.226871 0.443133
 81 0.273998 0.191089 3.439762 -3.130907 -0.000437 -1.508107
 82 17.210196 -0.000001 -0.000002 0.000000 -0.000000 -1.937080
 83 0.000001 -0.000001 5.000000 -0.079314 1.595025 -1.570739
time 3
  0 -0.650000 0.000000 33.899605 -0.025849 0.174554 -1.569172
  1 5.685104 0.833237 -32.227169 -0.174512 -0.026131 1.569196
  2 -2.276935 0.000003 -1.238188 -1.570795 -1.570451 0.000000
  3 1.797267 0.711844 -0.000548 0.167414 -0.052374 0.029755
  4 4.118632 -0.003233 -0.000546 0.168483 -0.117273 -0.010176
  5 4.118633 -0.003233 -0.000547 0.168732 -0.130084 -0.012284
  6 4.118633 -0.003233 -0.000546 0.168483 -0.117258 -0.010263
  7 4.120502 -0.002779 -0.001100 0.316371 -0.051890 0.582098
  8 4.443598 0.000002 0.000000 0.636712 -0.220647 0.153363
  9 9.024061 -0.000000 -0.000000 0.000000 0.000000 0.000000
 10 0.089866 0.541896 1.644512 1.277479 -1.230154 1.264735
 11 6.384776 0.000001 0.000003 -0.212871 0.955920 -0.591170
 12 10.242685 -0.000000 -0.000001 0.000000 -0.000000 -1.357771
 13 11.375561 -0.000002 -0.000000 -0.506077 0.334301 -0.483022
 14 0.728681 0.023430 -1.008292 1.764037 0.299568 0.470007
 15 2.136496 0.000001 0.000005 0.000000 -0.000000 0.436332
 16 2.313140 -0.000000 -0.000000 0.000000 0.000000 0.000000
 17 3.115507 -0.886042 -0.021431 -0.611602 -0.110752 0.358009
 18 2.011151 -0.000000 0.000001 -0.000000 0.000000 1.410058
 19 2.141379 0.000000 -0.000001 0.000000 0.000000 0.000000
 20 1.734172 0.000000 0.000000 -0.000000 0.000000 0.704525
 21 0.000007 -4.440594 0.000001 1.570544 -0.062990 -0.195737
 22 6.000000 0.000002 -0.000001 -0.738005 0.000000 0.000000
 23 0.000001 -4.440600 0.000000 1.569944 -0.062987 0.004053
 24 11.375562 -0.000001 0.000003 -1.026485 0.099832 -0.303262
 25 -0.000001 -4.440603 -0.000001 1.570144 -0.062988 0.004040
 26 10.510131 0.000001 -0.000000 0.000000 -0.000000 -2.249682
 27 0.000001 -1.748403 4.999998 -0.000000 0.004007 1.602290
 28 5.500003 -0.000000 -0.000000 -0.033226 -0.000000 0.000000
 29 -0.000003 -1.940598 5.000000 -0.044472 0.004003 -0.000180
 30 6.551491 0.000000 0.000003 -0.000760 0.627735 -0.397300
 31 0.000001 -1.940599 5.000002 -0.027189 -0.053376 0.005295
 32 6.551491 0.000000 0.000003 0.033056 0.296853 -0.177812
 33 -0.000000 -1.940599 4.999995 -0.066572 -0.152786 -0.110311
 34 -0.089868 -0.534814 -1.644512 -1.423795 2.724716 1.067510
 35 6.384777 -0.000000 0.000001 1.044005 -0.179533 -0.546393
 36 10.242682 -0.000000 0.000001 -0.000000 0.000000 -1.738616
 37 11.375562 0.000000 0.000001 2.067191 0.356097 -0.696082
 38 0.728682 0.023431 1.008294 -2.921925 -0.650415 1.123821
 39 2.136497 0.000000 -0.000000 -0.000000 -0.000000 1.038471
 40 2.313139 0.000001 -0.000001 0.000000 0.000000 3.141593
 41 3.115509 -0.886042 0.021433 0.449542 0.271884 0.266390
 42 2.011152 -0.000002 0.000000 0.000000 0.000000 1.183165
 43 2.141379 0.000003 -0.000001 0.000000 0.000000 3.141593
 44 1.734174 -0.000004 0.000000 -0.000000 0.000000 0.590745
 45 0.136314 -3.738196 2.525891 1.493698 2.759406 -1.474501
 46 3.726728 -0.053311 2.419489 -0.262762 2.898943 1.398576
 47 11.389367 -0.000820 0.158781 1.846230 0.133058 -0.367863
 48 -0.000001 -4.440599 0.000001 1.570144 -3.078602 0.004040
 49 6.000000 0.000000 0.000001 1.846230 -0.000000 -0.000000
 50 0.000002 -4.440601 -0.000000 1.569944 -3.078603 0.004053
 51 10.510131 0.000001 0.000002 -0.000000 -0.000000 -2.440104
 52 0.000000 -1.748399 -5.000004 -3.141593 0.004007 -1.539299
 53 5.500000 0.000001 0.000000 -0.324504 0.000000 0.000000
 54 -0.000000 -0.000001 -5.000003 -0.044472 3.137589 -0.000177
 55 6.551491 0.000000 0.000001 0.324504 -0.135133 -0.184189
 56 -1.266845 -1.937444 -4.950559 -0.066572 -2.988806 -0.110308
 57 6.551491 0.000000 0.000001 0.324504 -0.135133 -0.184189
 58 0.699370 -1.944209 -5.006846 -0.027189 -3.088217 0.005298
 59 4.226145 -0.003201 -0.000000 0.161695 -0.002840 0.305643
 60 0.000001 5.000001 -0.000000 -0.153564 0.000087 2.718702
 61 0.000004 -0.000005 -3.713580 0.365818 2.880119 -0.191589
 62 0.000003 -0.000000 5.000000 3.053196 1.558589 -0.074928
 63 -0.000007 0.000005 3.713580 -0.001619 -3.122277 -0.475127
 64 0.000003 -0.000001 -5.000000 -0.088726 1.558589 3.066335
 65 7.363602 1.646647 0.495663 3.141593 -1.570796 0.000000
 66 -0.000005 0.000006 3.619081 0.008255 -3.110080 -0.985232
 67 16.573921 0.000001 0.000000 -0.000000 0.000000 -1.065827
 68 15.128180 0.000000 0.000000 -0.102296 0.010178 0.114297
 69 5.758665 4.244731 -0.000000 0.000000 -0.000000 1.667687
 70 3.177726 0.000000 0.000000 0.000000 0.000000 3.141593
 71 15.708953 0.000001 0.000000 -0.051525 0.003996 0.061523
 72 0.275149 0.189215 -3.445208 3.130898 0.000409 -1.514604
 73 17.210194 -0.000000 0.000000 0.000000 0.000000 -1.893339
 74 0.000001 0.000000 -5.000000 -0.079433 1.546568 -1.570859
 75 0.000002 -0.000003 -3.619081 0.577895 2.675801 -0.242118
 76 16.573923 -0.000000 -0.000001 0.000000 -0.000000 -1.163030
 77 15.128182 -0.000000 0.000002 0.089479 0.309197 0.659208
 78 5.758665 4.244730 0.000000 -0.000000 0.000000 1.815142
 79 4.003934 -0.000000 0.000000 0.000000 0.000000 0.000000
 80 15.708954 0.000000 0.000002 0.042277 0.226871 0.443133
 81 0.273998 0.191089 3.439762 -3.130907 -0.000437 -1.508107
 82 17.210196 -0.000001 -0.000002 0.000000 -0.000000 -1.937080
 83 0.000001 -0.000001 5.000000 -0.079314 1.595025 -1.570739
time 4
  0 -0.650000 0.000000 33.899605 -0.025849 0.174554 -1.569172
  1 5.685104 0.833237 -32.227169 -0.174512 -0.026131 1.569196
  2 -2.276935 0.000003 -1.238188 -1.570795 -1.570451 0.000000
  3 1.797248 0.711840 -0.000530 0.161722 -0.053299 0.023597
  4 4.118630 -0.003236 -0.000528 0.162789 -0.117598 -0.011124
  5 4.118631 -0.003236 -0.000528 0.163029 -0.130421 -0.013158
  6 4.118627 -0.003236 -0.000527 0.162789 -0.117584 -0.011211
  7 4.120556 -0.002656 -0.001291 0.373611 -0.037577 0.619289
  8 4.443601 -0.000001 -0.000000 0.586290 -0.259316 0.140049
  9 9.024061 0.000001 -0.000000 0.000000 0.000000 0.000000
 10 0.065094 0.635496 1.612053 1.163608 -1.180177 1.340986
 11 6.384776 0.000001 0.000000 -0.190720 0.956717 -0.545557
 12 10.242684 -0.000000 -0.000001 0.000000 -0.000000 -1.368632
 13 11.375561 -0.000002 -0.000001 -0.496882 0.333007 -0.471422
 14 0.728681 0.023430 -1.008292 1.764037 0.299568 0.470007
 15 2.136497 0.000001 0.000002 0.000000 0.000000 0.436332
 16 2.313139 0.000000 0.000003 0.000000 0.000000 0.000000
 17 3.115507 -0.886040 -0.021431 -0.611602 -0.110752 0.358009
 18 2.011152 0.000002 0.000003 -0.000000 0.000000 1.410058
 19 2.141377 0.000000 -0.000001 0.000000 0.000000 0.000000
 20 1.734172 0.000000 -0.000000 -0.000000 0.000000 0.704525
 21 0.000006 -4.440594 0.000000 1.570544 -0.062990 -0.195737
 22 6.000000 -0.000001 -0.000001 -0.731458 0.000000 -0.000000
 23 0.000001 -4.440599 0.000000 1.569944 -0.062987 0.004053
 24 11.375562 -0.000001 0.000002 -1.022611 0.100435 -0.298160
 25 -0.000001 -4.440601 0.000001 1.570144 -0.062988 0.004040
 26 10.510131 -0.000000 -0.000000 -0.000000 0.000000 -2.255112
 27 0.000000 -1.748402 4.999999 -0.000000 0.004007 1.602291
 28 5.499999 0.000000 -0.000000 -0.034340 0.000000 -0.000000
 29 -0.000004 -1.940598 5.000001 -0.044472 0.004003 -0.000180
 30 6.551491 0.000001 0.000001 0.004543 0.625242 -0.378214
 31 0.000001 -1.940598 5.000001 -0.027189 -0.053376 0.005295
 32 6.551491 0.000001 0.000001 0.033720 0.296113 -0.170154
 33 -0.000001 -1.940599 4.999999 -0.066572 -0.152786 -0.110311
 34 -0.065090 -0.628421 -1.612053 -1.368075 2.763540 1.058946
 35 6.384776 0.000000 0.000000 1.040635 -0.184067 -0.570798
 36 10.242683 -0.000002 -0.000002 -0.000000 0.000000 -1.738616
 37 11.375561 0.000001 -0.000001 2.067191 0.356097 -0.696082
 38 0.728680 0.023430 1.008293 -2.921925 -0.650415 1.123821
 39 2.136499 -0.000002 -0.000000 -0.000000 -0.000000 1.038471
 40 2.313139 0.000003 -0.000001 0.000000 0.000000 3.141593
 41 3.115505 -0.886041 0.021434 0.449542 0.271884 0.266390
 42 2.011151 -0.000001 0.000000 0.000000 0.000000 1.183165
 43 2.141382 0.000002 -0.000001 0.000000 0.000000 3.141593
 44 1.734174 -0.000003 0.000000 -0.000000 0.000000 0.590745
 45 0.136315 -3.738191 2.525891 1.493698 2.759406 -1.474501
 46 3.726729 -0.053316 2.419487 -0.262762 2.898943 1.398576
 47 11.389365 -0.000818 0.158779 1.846230 0.133058 -0.367863
 48 0.000000 -4.440599 -0.000001 1.570144 -3.078602 0.004040
 49 5.999998 0.000001 -0.000002 1.846230 -0.000000 -0.000000
 50 0.000001 -4.440602 0.000000 1.569944 -3.078603 0.004053
 51 10.510132 -0.000001 0.000000 -0.000000 -0.000000 -2.440104
 52 0.000000 -1.748399 -5.000002 -3.141593 0.004007 -1.539299
 53 5.500000 -0.000002 -0.000002 -0.322335 -0.000000 0.000000
 54 -0.000001 0.000002 -5.000000 -0.044472 3.137589 -0.000177
 55 6.551490 0.000000 -0.000000 0.322335 -0.135942 -0.188373
 56 -1.266843 -1.937444 -4.950562 -0.066572 -2.988806 -0.110308
 57 6.551491 0.000000 0.000000 0.322335 -0.135942 -0.188373
 58 0.699370 -1.944209 -5.006849 -0.027189 -3.088217 0.005298
 59 4.226146 -0.003202 0.000000 0.189579 0.010735 0.321965
 60 -0.000001 4.999999 -0.000000 -0.153564 0.000087 2.718702
 61 0.000004 -0.000005 -3.713580 0.365818 2.880119 -0.191589
 62 0.000003 -0.000000 5.000000 3.053196 1.558589 -0.074928
 63 -0.000007 0.000005 3.713580 -0.001619 -3.122277 -0.475127
 64 0.000003 -0.000001 -5.000000 -0.088726 1.558589 3.066335
 65 7.363602 1.646647 0.495663 3.141593 -1.570796 0.000000
 66 -0.000005 0.000006 3.619081 0.008255 -3.110080 -0.985232
 67 16.573921 0.000001 0.000000 -0.000000 0.000000 -1.065827
 68 15.128180 0.000000 0.000000 -0.102296 0.010178 0.114297
 69 5.758665 4.244731 -0.000000 0.000000 -0.000000 1.667687
 70 3.177726 0.000000 0.000000 0.000000 0.000000 3.141593
 71 15.708953 0.000001 0.000000 -0.051525 0.003996 0.061523
 72 0.275149 0.189215 -3.445208 3.130898 0.000409 -1.514604
 73 17.210194 -0.000000 0.000000 0.000000 0.000000 -1.893339
 74 0.000001 0.000000 -5.000000 -0.079433 1.546568 -1.570859
 75 0.000002 -0.000003 -3.619081 0.577895 2.675801 -0.242118
 76 16.573923 -0.000000 -0.000001 0.000000 -0.000000 -1.163030
 77 15.128182 -0.000000 0.000002 0.089479 0.309197 0.659208
 78 5.758665 4.244730 0.000000 -0.000000 0.000000 1.815142
 79 4.003934 -0.000000 0.000000 0.000000 0.000000 0.000000
 80 15.708954 0.000000 0.000002 0.042277 0.226871 0.443133
 81 0.273998 0.191089 3.439762 -3.130907 -0.000437 -1.508107
 82 17.210196 -0.000001 -0.000002 0.000000 -0.000000 -1.937080
 83 0.000001 -0.000001 5.000000 -0.079314 1.595025 -1.570739
time 5
  0 -0.650000 0.000000 33.899605 -0.025849 0.174554 -1.569172
  1 5.685104 0.833237 -32.227169 -0.174512 -0.026131 1.569196
  2 -2.276935 0.000003 -1.238188 -1.570795 -1.570451 0.000000
  3 1.797228 0.711838 -0.000516 0.157392 -0.054027 0.018911
  4 4.118627 -0.003239 -0.000514 0.158453 -0.117850 -0.011844
  5 4.118626 -0.003240 -0.000515 0.158687 -0.130680 -0.013822
  6 4.118623 -0.003239 -0.000514 0.158453 -0.117836 -0.011931
  7 4.120592 -0.002530 -0.001470 0.428570 -0.025838 0.655061
  8 4.443599 -0.000001 0.000000 0.533221 -0.294373 0.131035
  9 9.024062 -0.000001 -0.000000 0.000000 0.000000 0.000000
 10 0.044765 0.723360 1.575491 1.075423 -1.130214 1.393351
 11 6.384778 -0.000001 -0.000004 -0.175011 0.956466 -0.511651
 12 10.242681 -0.000000 0.000001 -0.000000 0.000000 -1.374847
 13 11.375561 -0.000001 0.000001 -0.489116 0.332246 -0.462726
 14 0.728680 0.023432 -1.008292 1.764037 0.299568 0.470007
 15 2.136497 0.000000 0.000001 0.000000 -0.000000 0.436332
 16 2.313140 0.000000 0.000000 0.000000 0.000000 0.000000
 17 3.115506 -0.886040 -0.021431 -0.611602 -0.110752 0.358009
 18 2.011151 0.000000 -0.000000 -0.000000 -0.000000 1.410058
 19 2.141380 -0.000000 -0.000001 0.000000 0.000000 0.000000
 20 1.734173 0.000002 0.000001 0.000000 -0.000000 0.704525
 21 0.000004 -4.440594 -0.000001 1.570544 -0.062990 -0.195737
 22 6.000000 -0.000002 0.000001 -0.725816 -0.000000 -0.000000
 23 0.000001 -4.440603 -0.000001 1.569944 -0.062987 0.004053
 24 11.375562 -0.000001 0.000004 -1.019265 0.100954 -0.294391
 25 -0.000001 -4.440604 0.000000 1.570144 -0.062988 0.004040
 26 10.510130 -0.000000 -0.000000 -0.000000 0.000000 -2.258220
 27 -0.000001 -1.748399 5.000000 0.000000 0.004007 1.602291
 28 5.500000 -0.000000 0.000000 -0.034745 0.000000 0.000000
 29 -0.000003 -1.940598 5.000000 -0.044472 0.004003 -0.000180
 30 6.551491 -0.000000 -0.000001 0.007777 0.623039 -0.363593
 31 0.000002 -1.940599 5.000004 -0.027189 -0.053376 0.005295
 32 6.551491 -0.000000 -0.000001 0.033856 0.295456 -0.164198
 33 0.000001 -1.940599 4.999998 -0.066572 -0.152786 -0.110311
 34 -0.044763 -0.716284 -1.575491 -1.315465 2.800074 1.049129
 35 6.384778 -0.000001 -0.000003 1.038107 -0.187553 -0.589380
 36 10.242683 -0.000001 0.000002 0.000000 0.000000 -1.738616
 37 11.375560 -0.000000 -0.000001 2.067191 0.356097 -0.696082
 38 0.728681 0.023430 1.008290 -2.921925 -0.650415 1.123821
 39 2.136497 -0.000002 0.000001 -0.000000 -0.000000 1.038471
 40 2.313138 -0.000001 -0.000000 0.000000 0.000000 3.141593
 41 3.115508 -0.886043 0.021429 0.449542 0.271884 0.266390
 42 2.011151 -0.000000 -0.000000 0.000000 0.000000 1.183165
 43 2.141381 0.000003 -0.000000 0.000000 0.000000 3.141593
 44 1.734173 -0.000003 0.000000 -0.000000 0.000000 0.590745
 45 0.136314 -3.738196 2.525891 1.493698 2.759406 -1.474501
 46 3.726728 -0.053313 2.419485 -0.262762 2.898943 1.398576
 47 11.389365 -0.000819 0.158780 1.846230 0.133058 -0.367863
 48 -0.000002 -4.440596 0.000002 1.570144 -3.078602 0.004040
 49 5.999999 -0.000000 -0.000001 1.846230 -0.000000 0.000000
 50 0.000001 -4.440603 0.000001 1.569944 -3.078603 0.004053
 51 10.510132 0.000000 0.000004 -0.000000 0.000000 -2.440104
 52 0.000000 -1.748398 -5.000002 -3.141593 0.004007 -1.539299
 53 5.500000 -0.000001 0.000002 -0.320639 0.000000 -0.000000
 54 -0.000000 0.000001 -5.000001 -0.044472 3.137589 -0.000177
 55 6.551492 -0.000001 -0.000002 0.320639 -0.136541 -0.191501
 56 -1.266844 -1.937443 -4.950562 -0.066572 -2.988806 -0.110308
 57 6.551492 -0.000001 -0.000001 0.320639 -0.136541 -0.191501
 58 0.699371 -1.944208 -5.006848 -0.027189 -3.088217 0.005298
 59 4.226145 -0.003202 -0.000000 0.216395 0.023202 0.337494
 60 0.000001 5.000002 0.000001 -0.153564 0.000087 2.718702
 61 0.000004 -0.000005 -3.713580 0.365818 2.880119 -0.191589
 62 0.000003 -0.000000 5.000000 3.053196 1.558589 -0.074928
 63 -0.000007 0.000005 3.713580 -0.001619 -3.122277 -0.475127
 64 0.000003 -0.000001 -5.000000 -0.088726 1.558589 3.066335
 65 7.363602 1.646647 0.495663 3.141593 -1.570796 0.000000
 66 -0.000005 0.000006 3.619081 0.008255 -3.110080 -0.985232
 67 16.573921 0.000001 0.000000 -0.000000 0.000000 -1.065827
 68 15.128180 0.000000 0.000000 -0.102296 0.010178 0.114297
 69 5.758665 4.244731 -0.000000 0.000000 -0.000000 1.667687
 70 3.177726 0.000000 0.000000 0.000000 0.000000 3.141593
 71 15.708953 0.000001 0.000000 -0.051525 0.003996 0.061523
 72 0.275149 0.189215 -3.445208 3.130898 0.000409 -1.514604
 73 17.210194 -0.000000 0.000000 0.000000 0.000000 -1.893339
 74 0.000001 0.000000 -5.000000 -0.079433 1.546568 -1.570859
 75 0.000002 -0.000003 -3.619081 0.577895 2.675801 -0.242118
 76 16.573923 -0.000000 -0.000001 0.000000 -0.000000 -1.163030
 77 15.128182 -0.000000 0.000002 0.089479 0.309197 0.659208
 78 5.758665 4.244730 0.000000 -0.000000 0.000000 1.815142
 79 4.003934 -0.000000 0.000000 0.000000 0.000000 0.000000
 80 15.708954 0.000000 0.000002 0.042277 0.226871 0.443133
 81 0.273998 0.191089 3.439762 -3.130907 -0.000437 -1.508107
 82 17.210196 -0.000001 -0.000002 0.000000 -0.000000 -1.937080
 83 0.000001 -0.000001 5.000000 -0.079314 1.595025 -1.570739
time 6
  0 -0.650000 0.000000 33.899605 -0.025849 0.174554 -1.569172
  1 5.685104 0.833237 -32.227169 -0.174512 -0.026131 1.569196
  2 -2.276935 0.000003 -1.238188 -1.570795 -1.570451 0.000000
  3 1.797220 0.711836 -0.000508 0.154887 -0.054457 0.016201
  4 4.118625 -0.003240 -0.000506 0.155944 -0.117996 -0.012260
  5 4.118625 -0.003241 -0.000506 0.156174 -0.130832 -0.014206
  6 4.118617 -0.003239 -0.000505 0.155944 -0.117983 -0.012347
  7 4.120618 -0.002414 -0.001626 0.477542 -0.016803 0.686340
  8 4.443601 -0.000001 -0.000000 0.480298 -0.322644 0.126576
  9 9.024063 0.000001 0.000001 0.000000 0.000000 0.000000
 10 0.029114 0.799775 1.538661 1.009542 -1.084668 1.428134
 11 6.384777 0.000000 -0.000000 -0.167548 0.955441 -0.493273
 12 10.242684 -0.000000 -0.000001 -0.000000 0.000000 -1.376105
 13 11.375562 0.000004 -0.000002 -0.483646 0.332123 -0.457627
 14 0.728681 0.023431 -1.008292 1.764037 0.299568 0.470007
 15 2.136497 0.000000 -0.000004 0.000000 -0.000000 0.436332
 16 2.313139 0.000000 0.000001 0.000000 0.000000 0.000000
 17 3.115506 -0.886039 -0.021431 -0.611602 -0.110752 0.358009
 18 2.011151 -0.000001 -0.000001 -0.000000 -0.000000 1.410058
 19 2.141378 0.000000 -0.000000 0.000000 0.000000 0.000000
 20 1.734172 0.000000 -0.000001 -0.000000 -0.000000 0.704525
 21 0.000007 -4.440595 -0.000000 1.570544 -0.062990 -0.195737
 22 6.000001 0.000003 -0.000001 -0.721747 -0.000000 0.000000
 23 0.000001 -4.440602 -0.000001 1.569944 -0.062987 0.004053
 24 11.375563 0.000000 0.000002 -1.016842 0.101367 -0.292264
 25 -0.000001 -4.440606 -0.000001 1.570144 -0.062988 0.004040
 26 10.510134 -0.000000 -0.000001 0.000000 -0.000000 -2.258849
 27 0.000000 -1.748402 5.000000 0.000000 0.004007 1.602291
 28 5.500002 -0.000000 -0.000001 -0.034434 -0.000000 -0.000000
 29 -0.000005 -1.940598 5.000000 -0.044472 0.004003 -0.000180
 30 6.551491 0.000001 0.000000 0.008629 0.621237 -0.355511
 31 -0.000001 -1.940599 5.000000 -0.027189 -0.053376 0.005295
 32 6.551491 0.000001 0.000000 0.033485 0.294888 -0.160851
 33 -0.000000 -1.940599 4.999997 -0.066572 -0.152786 -0.110311
 34 -0.029109 -0.792699 -1.538661 -1.269244 2.832037 1.039745
 35 6.384777 0.000000 -0.000001 1.036660 -0.189585 -0.600134
 36 10.242682 0.000000 -0.000002 -0.000000 0.000000 -1.738616
 37 11.375563 0.000000 0.000002 2.067191 0.356097 -0.696082
 38 0.728680 0.023430 1.008293 -2.921925 -0.650415 1.123821
 39 2.136498 0.000001 -0.000000 -0.000000 -0.000000 1.038471
 40 2.313139 0.000002 -0.000001 0.000000 0.000000 3.141593
 41 3.115507 -0.886044 0.021432 0.449542 0.271884 0.266390
 42 2.011151 -0.000002 0.000000 0.000000 0.000000 1.183165
 43 2.141382 0.000003 -0.000001 0.000000 0.000000 3.141593
 44 1.734174 -0.000005 0.000000 -0.000000 0.000000 0.590745
 45 0.136314 -3.738197 2.525891 1.493698 2.759406 -1.474501
 46 3.726727 -0.053313 2.419488 -0.262762 2.898943 1.398576
 47 11.389368 -0.000819 0.158783 1.846230 0.133058 -0.367863
 48 0.000001 -4.440596 0.000002 1.570144 -3.078602 0.004040
 49 6.000000 -0.000000 0.000001 1.846230 -0.000000 -0.000000
 50 0.000003 -4.440603 0.000001 1.569944 -3.078603 0.004053
 51 10.510131 0.000001 -0.000000 -0.000000 -0.000000 -2.440104
 52 0.000000 -1.748399 -5.000002 -3.141593 0.004007 -1.539299
 53 5.500000 0.000001 -0.000002 -0.319640 -0.000000 -0.000000
 54 -0.000001 0.000001 -4.999999 -0.044472 3.137589 -0.000177
 55 6.551490 0.000000 0.000001 0.319640 -0.136882 -0.193291
 56 -1.266843 -1.937443 -4.950559 -0.066572 -2.988806 -0.110308
 57 6.551490 0.000000 0.000001 0.319640 -0.136882 -0.193291
 58 0.699370 -1.944207 -5.006844 -0.027189 -3.088217 0.005298
 59 4.226148 -0.003201 0.000000 0.240324 0.033905 0.350985
 60 0.000002 5.000000 -0.000001 -0.153564 0.000087 2.718702
 61 0.000004 -0.000005 -3.713580 0.365818 2.880119 -0.191589
 62 0.000003 -0.000000 5.000000 3.053196 1.558589 -0.074928
 63 -0.000007 0.000005 3.713580 -0.001619 -3.122277 -0.475127
 64 0.000003 -0.000001 -5.000000 -0.088726 1.558589 3.066335
 65 7.363602 1.646647 0.495663 3.141593 -1.570796 0.000000
 66 -0.000005 0.000006 3.619081 0.008255 -3.110080 -0.985232
 67 16.573921 0.000001 0.000000 -0.000000 0.000000 -1.065827
 68 15.128180 0.000000 0.000000 -0.102296 0.010178 0.114297
 69 5.758665 4.244731 -0.000000 0.000000 -0.000000 1.667687
 70 3.177726 0.000000 0.000000 0.000000 0.000000 3.141593
 71 15.708953 0.000001 0.000000 -0.051525 0.003996 0.061523
 72 0.275149 0.189215 -3.445208 3.130898 0.000409 -1.514604
 73 17.210194 -0.000000 0.000000 0.000000 0.000000 -1.893339
 74 0.000001 0.000000 -5.000000 -0.079433 1.546568 -1.570859
 75 0.000002 -0.000003 -3.619081 0.577895 2.675801 -0.242118
 76 16.573923 -0.000000 -0.000001 0.000000 -0.000000 -1.163030
 77 15.128182 -0.000000 0.000002 0.089479 0.309197 0.659208
 78 5.758665 4.244730 0.000000 -0.000000 0.000000 1.815142
 79 4.003934 -0.000000 0.000000 0.000000 0.000000 0.000000
 80 15.708954 0.000000 0.000002 0.042277 0.226871 0.443133
 81 0.273998 0.191089 3.439762 -3.130907 -0.000437 -1.508107
 82 17.210196 -0.000001 -0.000002 0.000000 -0.000000 -1.937080
 83 0.000001 -0.000001 5.000000 -0.079314 1.595025 -1.570739
time 7
  0 -0.650000 0.000000 33.899605 -0.025849 0.174554 -1.569172
  1 5.685104 0.833237 -32.227169 -0.174512 -0.026131 1.569196
  2 -2.276935 0.000003 -1.238188 -1.570795 -1.570451 0.000000
  3 1.797220 0.711836 -0.000506 0.154451 -0.054533 0.015729
  4 4.118621 -0.003240 -0.000504 0.155507 -0.118022 -0.012332
  5 4.118625 -0.003241 -0.000504 0.155736 -0.130859 -0.014273
  6 4.118623 -0.003241 -0.000505 0.155507 -0.118008 -0.012420
  7 4.120618 -0.002321 -0.001748 0.516778 -0.010135 0.709987
  8 4.443598 -0.000002 0.000000 0.431514 -0.341461 0.126224
  9 9.024061 -0.000001 -0.000001 0.000000 0.000000 0.000000
 10 0.017560 0.859593 1.506379 0.963680 -1.047693 1.450682
 11 6.384777 -0.000001 0.000001 -0.168962 0.953907 -0.492134
 12 10.242681 -0.000000 -0.000000 -0.000000 0.000000 -1.372888
 13 11.375561 -0.000000 -0.000001 -0.481178 0.332674 -0.456445
 14 0.728681 0.023431 -1.008293 1.764037 0.299568 0.470007
 15 2.136496 0.000001 0.000003 -0.000000 -0.000000 0.436332
 16 2.313139 -0.000000 -0.000000 0.000000 0.000000 0.000000
 17 3.115507 -0.886039 -0.021431 -0.611602 -0.110752 0.358009
 18 2.011151 -0.000000 0.000001 -0.000000 0.000000 1.410058
 19 2.141380 -0.000000 -0.000001 0.000000 0.000000 0.000000
 20 1.734172 0.000000 -0.000000 -0.000000 -0.000000 0.704525
 21 0.000005 -4.440594 -0.000001 1.570544 -0.062990 -0.195737
 22 6.000000 -0.000001 -0.000001 -0.719814 0.000000 0.000000
 23 0.000001 -4.440603 -0.000000 1.569944 -0.062987 0.004053
 24 11.375562 0.000000 0.000001 -1.015679 0.101676 -0.291906
 25 -0.000001 -4.440602 0.000001 1.570144 -0.062988 0.004040
 26 10.510131 -0.000000 -0.000001 0.000000 0.000000 -2.257241
 27 -0.000001 -1.748402 4.999998 -0.000000 0.004007 1.602291
 28 5.500000 0.000000 -0.000000 -0.033504 0.000000 -0.000000
 29 -0.000002 -1.940598 5.000001 -0.044472 0.004003 -0.000180
 30 6.551491 -0.000000 0.000002 0.007115 0.619933 -0.355101
 31 0.000000 -1.940600 5.000001 -0.027189 -0.053376 0.005295
 32 6.551491 -0.000000 0.000002 0.032700 0.294421 -0.160631
 33 0.000000 -1.940599 4.999995 -0.066572 -0.152786 -0.110311
 34 -0.017557 -0.852523 -1.506378 -1.232751 2.857344 1.032817
 35 6.384775 0.000000 -0.000002 1.036409 -0.189939 -0.602004
 36 10.242682 -0.000003 0.000001 0.000000 0.000000 -1.738616
 37 11.375559 -0.000001 0.000002 2.067191 0.356097 -0.696082
 38 0.728682 0.023428 1.008293 -2.921925 -0.650415 1.123821
 39 2.136497 -0.000002 0.000000 -0.000000 -0.000000 1.038471
 40 2.313138 -0.000003 -0.000000 0.000000 0.000000 3.141593
 41 3.115506 -0.886042 0.021432 0.449542 0.271884 0.266390
 42 2.011152 -0.000001 -0.000000 0.000000 0.000000 1.183165
 43 2.141380 -0.000001 -0.000000 0.000000 0.000000 3.141593
 44 1.734174 -0.000003 0.000000 -0.000000 0.000000 0.590745
 45 0.136314 -3.738196 2.525891 1.493698 2.759406 -1.474501
 46 3.726727 -0.053311 2.419489 -0.262762 2.898943 1.398576
 47 11.389364 -0.000820 0.158783 1.846230 0.133058 -0.367863
 48 0.000003 -4.440599 0.000000 1.570144 -3.078602 0.004040
 49 5.999998 -0.000001 0.000002 1.846230 -0.000000 0.000000
 50 0.000004 -4.440601 -0.000001 1.569944 -3.078603 0.004053
 51 10.510132 -0.000001 0.000003 -0.000000 0.000000 -2.440104
 52 0.000000 -1.748399 -5.000003 -3.141593 0.004007 -1.539299
 53 5.500000 -0.000002 0.000001 -0.319464 -0.000000 -0.000000
 54 -0.000000 0.000000 -5.000000 -0.044472 3.137589 -0.000177
 55 6.551489 0.000000 -0.000002 0.319464 -0.136941 -0.193601
 56 -1.266844 -1.937443 -4.950559 -0.066572 -2.988806 -0.110308
 57 6.551490 0.000000 -0.000002 0.319464 -0.136941 -0.193601
 58 0.699371 -1.944208 -5.006846 -0.027189 -3.088217 0.005298
 59 4.226146 -0.003201 -0.000001 0.259490 0.042319 0.361128
 60 -0.000001 5.000000 -0.000000 -0.153564 0.000087 2.718702
 61 0.000004 -0.000005 -3.713580 0.365818 2.880119 -0.191589
 62 0.000003 -0.000000 5.000000 3.053196 1.558589 -0.074928
 63 -0.000007 0.000005 3.713580 -0.001619 -3.122277 -0.475127
 64 0.000003 -0.000001 -5.000000 -0.088726 1.558589 3.066335
 65 7.363602 1.646647 0.495663 3.141593 -1.570796 0.000000
 66 -0.000005 0.000006 3.619081 0.008255 -3.110080 -0.985232
 67 16.573921 0.000001 0.000000 -0.000000 0.000000 -1.065827
 68 15.128180 0.000000 0.000000 -0.102296 0.010178 0.114297
 69 5.758665 4.244731 -0.000000 0.000000 -0.000000 1.667687
 70 3.177726 0.000000 0.000000 0.000000 0.000000 3.141593
 71 15.708953 0.000001 0.000000 -0.051525 0.003996 0.061523
 72 0.275149 0.189215 -3.445208 3.130898 0.000409 -1.514604
 73 17.210194 -0.000000 0.000000 0.000000 0.000000 -1.893339
 74 0.000001 0.000000 -5.000000 -0.079433 1.546568 -1.570859
 75 0.000002 -0.000003 -3.619081 0.577895 2.675801 -0.242118
 76 16.573923 -0.000000 -0.000001 0.000000 -0.000000 -1.163030
 77 15.128182 -0.000000 0.000002 0.089479 0.309197 0.659208
 78 5.758665 4.244730 0.000000 -0.000000 0.000000 1.815142
 79 4.003934 -0.000000 0.000000 0.000000 0.000000 0.000000
 80 15.708954 0.000000 0.000002 0.042277 0.226871 0.443133
 81 0.273998 0.191089 3.439762 -3.130907 -0.000437 -1.508107
 82 17.210196 -0.000001 -0.000002 0.000000 -0.000000 -1.937080
 83 0.000001 -0.000001 5.000000 -0.079314 1.595025 -1.570739
time 8
  0 -0.650000 0.000000 33.899605 -0.025849 0.174554 -1.569172
  1 5.685104 0.833237 -32.227169 -0.174512 -0.026131 1.569196
  2 -2.276935 0.000003 -1.238188 -1.570795 -1.570451 0.000000
  3 1.797217 0.711836 -0.000506 0.154456 -0.054532 0.015735
  4 4.118625 -0.003241 -0.000505 0.155512 -0.118022 -0.012332
  5 4.118618 -0.003240 -0.000504 0.155742 -0.130858 -0.014272
  6 4.118624 -0.003241 -0.000506 0.155512 -0.118008 -0.012419
  7 4.120613 -0.002269 -0.001823 0.541374 -0.005527 0.722439
  8 4.443598 -0.000002 -0.000000 0.399898 -0.351970 0.129096
  9 9.024062 -0.000003 0.000001 0.000000 0.000000 0.000000
 10 0.009575 0.896415 1.484923 0.938192 -1.024318 1.464189
 11 6.384776 0.000001 0.000000 -0.170385 0.952960 -0.492887
 12 10.242684 -0.000001 -0.000001 -0.000000 -0.000000 -1.372198
 13 11.375561 0.000002 -0.000001 -0.480866 0.333116 -0.456134
 14 0.728681 0.023430 -1.008292 1.764037 0.299568 0.470007
 15 2.136497 -0.000001 -0.000004 0.000000 -0.000000 0.436332
 16 2.313139 0.000000 0.000001 0.000000 0.000000 0.000000
 17 3.115507 -0.886043 -0.021431 -0.611602 -0.110752 0.358009
 18 2.011151 -0.000002 -0.000002 -0.000000 0.000000 1.410058
 19 2.141380 -0.000000 0.000001 0.000000 0.000000 0.000000
 20 1.734172 0.000001 -0.000000 0.000000 -0.000000 0.704525
 21 0.000006 -4.440594 0.000000 1.570544 -0.062990 -0.195737
 22 6.000000 0.000003 -0.000002 -0.719578 -0.000000 -0.000000
 23 0.000001 -4.440600 -0.000001 1.569944 -0.062987 0.004053
 24 11.375562 0.000002 0.000001 -1.015536 0.101932 -0.291823
 25 -0.000001 -4.440603 0.000001 1.570144 -0.062988 0.004040
 26 10.510130 -0.000000 -0.000000 0.000000 0.000000 -2.256895
 27 0.000001 -1.748401 5.000000 -0.000000 0.004007 1.602291
 28 5.500002 -0.000000 -0.000001 -0.032954 0.000000 -0.000000
 29 0.000001 -1.940599 5.000001 -0.044472 0.004003 -0.000180
 30 6.551491 0.000001 0.000001 0.006114 0.619224 -0.355513
 31 0.000001 -1.940599 5.000001 -0.027189 -0.053376 0.005295
 32 6.551491 0.000001 0.000001 0.032245 0.294157 -0.160775
 33 -0.000001 -1.940599 4.999996 -0.066572 -0.152786 -0.110311
 34 -0.009573 -0.889341 -1.484923 -1.210419 2.873266 1.030485
 35 6.384777 0.000000 -0.000000 1.036412 -0.189935 -0.601982
 36 10.242683 0.000000 0.000002 -0.000000 0.000000 -1.738616
 37 11.375563 0.000001 0.000000 2.067191 0.356097 -0.696082
 38 0.728682 0.023428 1.008291 -2.921925 -0.650415 1.123821
 39 2.136495 0.000003 -0.000000 -0.000000 -0.000000 1.038471
 40 2.313138 -0.000003 -0.000000 0.000000 0.000000 3.141593
 41 3.115507 -0.886042 0.021431 0.449542 0.271884 0.266390
 42 2.011151 -0.000001 0.000000 0.000000 0.000000 1.183165
 43 2.141382 0.000002 -0.000000 0.000000 0.000000 3.141593
 44 1.734174 -0.000003 0.000001 -0.000000 0.000000 0.590745
 45 0.136315 -3.738195 2.525891 1.493698 2.759406 -1.474501
 46 3.726727 -0.053311 2.419488 -0.262762 2.898943 1.398576
 47 11.389366 -0.000820 0.158784 1.846230 0.133058 -0.367863
 48 -0.000003 -4.440597 -0.000001 1.570144 -3.078602 0.004040
 49 5.999999 -0.000001 0.000002 1.846230 -0.000000 0.000000
 50 0.000001 -4.440601 -0.000001 1.569944 -3.078603 0.004053
 51 10.510132 0.000002 0.000003 -0.000000 0.000000 -2.440104
 52 0.000001 -1.748400 -5.000003 -3.141593 0.004007 -1.539299
 53 5.500000 0.000001 0.000002 -0.319466 0.000000 0.000000
 54 -0.000000 -0.000000 -5.000000 -0.044472 3.137589 -0.000177
 55 6.551491 0.000001 -0.000001 0.319466 -0.136941 -0.193597
 56 -1.266843 -1.937443 -4.950558 -0.066572 -2.988806 -0.110308
 57 6.551492 0.000001 -0.000001 0.319466 -0.136941 -0.193597
 58 0.699371 -1.944208 -5.006844 -0.027189 -3.088217 0.005298
 59 4.226145 -0.003202 0.000000 0.271436 0.047729 0.366387
 60 0.000001 5.000000 -0.000001 -0.153564 0.000087 2.718702
 61 0.000004 -0.000005 -3.713580 0.365818 2.880119 -0.191589
 62 0.000003 -0.000000 5.000000 3.053196 1.558589 -0.074928
 63 -0.000007 0.000005 3.713580 -0.001619 -3.122277 -0.475127
 64 0.000003 -0.000001 -5.000000 -0.088726 1.558589 3.066335
 65 7.363602 1.646647 0.495663 3.141593 -1.570796 0.000000
 66 -0.000005 0.000006 3.619081 0.008255 -3.110080 -0.985232
 67 16.573921 0.000001 0.000000 -0.000000 0.000000 -1.065827
 68 15.128180 0.000000 0.000000 -0.102296 0.010178 0.114297
 69 5.758665 4.244731 -0.000000 0.000000 -0.000000 1.667687
 70 3.177726 0.000000 0.000000 0.000000 0.000000 3.141593
 71 15.708953 0.000001 0.000000 -0.051525 0.003996 0.061523
 72 0.275149 0.189215 -3.445208 3.130898 0.000409 -1.514604
 73 17.210194 -0.000000 0.000000 0.000000 0.000000 -1.893339
 74 0.000001 0.000000 -5.000000 -0.079433 1.546568 -1.570859
 75 0.000002 -0.000003 -3.619081 0.577895 2.675801 -0.242118
 76 16.573923 -0.000000 -0.000001 0.000000 -0.000000 -1.163030
 77 15.128182 -0.000000 0.000002 0.089479 0.309197 0.659208
 78 5.758665 4.244730 0.000000 -0.000000 0.000000 1.815142
 79 4.003934 -0.000000 0.000000 0.000000 0.000000 0.000000
 80 15.708954 0.000000 0.000002 0.042277 0.226871 0.443133
 81 0.273998 0.191089 3.439762 -3.130907 -0.000437 -1.508107
 82 17.210196 -0.000001 -0.000002 0.000000 -0.000000 -1.937080
 83 0.000001 -0.000001 5.000000 -0.079314 1.595025 -1.570739
time 9
  0 -0.650000 0.000000 33.899605 -0.025849 0.174554 -1.569172
  1 5.685104 0.833237 -32.227169 -0.174512 -0.026131 1.569196
  2 -2.276935 0.000003 -1.238188 -1.570795 -1.570451 0.000000
  3 1.797220 0.711836 -0.000506 0.154526 -0.054520 0.015811
  4 4.118621 -0.003240 -0.000505 0.155583 -0.118018 -0.012320
  5 4.118626 -0.003240 -0.000505 0.155812 -0.130854 -0.014261
  6 4.118623 -0.003241 -0.000505 0.155583 -0.118004 -0.012407
  7 4.120609 -0.002259 -0.001843 0.547632 -0.003898 0.724271
  8 4.443600 0.000002 -0.000001 0.391674 -0.354148 0.131258
  9 9.024060 0.000002 -0.000000 0.000000 0.000000 0.000000
 10 0.006751 0.905701 1.479318 0.932479 -1.018330 1.468338
 11 6.384776 0.000000 -0.000001 -0.172105 0.951850 -0.493999
 12 10.242682 -0.000000 -0.000001 0.000000 -0.000000 -1.371948
 13 11.375563 0.000001 -0.000002 -0.480901 0.333653 -0.455859
 14 0.728680 0.023431 -1.008292 1.764037 0.299568 0.470007
 15 2.136497 0.000000 -0.000001 0.000000 -0.000000 0.436332
 16 2.313140 0.000001 0.000001 0.000000 0.000000 0.000000
 17 3.115506 -0.886040 -0.021432 -0.611603 -0.110752 0.358009
 18 2.011151 -0.000004 -0.000001 -0.000000 -0.000000 1.410058
 19 2.141379 0.000000 -0.000001 0.000000 0.000000 0.000000
 20 1.734173 0.000000 0.000000 -0.000000 0.000000 0.704525
 21 0.000007 -4.440594 -0.000002 1.570544 -0.062990 -0.195737
 22 6.000001 0.000001 -0.000001 -0.719621 -0.000000 0.000000
 23 0.000001 -4.440600 -0.000001 1.569944 -0.062987 0.004053
 24 11.375562 -0.000002 0.000002 -1.015561 0.102254 -0.291746
 25 -0.000001 -4.440601 0.000001 1.570144 -0.062988 0.004040
 26 10.510129 0.000001 -0.000001 0.000000 -0.000000 -2.256770
 27 0.000001 -1.748401 4.999999 -0.000000 0.004007 1.602291
 28 5.499998 0.000000 0.000000 -0.032324 -0.000000 0.000000
 29 -0.000004 -1.940598 5.000001 -0.044472 0.004003 -0.000180
 30 6.551491 -0.000000 -0.000001 0.004951 0.618412 -0.356104
 31 -0.000001 -1.940598 5.000001 -0.027189 -0.053376 0.005295
 32 6.551492 0.000000 -0.000002 0.031725 0.293852 -0.160991
 33 0.000000 -1.940599 4.999999 -0.066572 -0.152786 -0.110311
 34 -0.006750 -0.898618 -1.479319 -1.204998 2.877436 1.031188
 35 6.384778 0.000000 -0.000003 1.036453 -0.189878 -0.601680
 36 10.242682 0.000001 0.000000 0.000000 0.000000 -1.738616
 37 11.375561 -0.000001 0.000001 2.067191 0.356097 -0.696082
 38 0.728680 0.023431 1.008292 -2.921925 -0.650415 1.123821
 39 2.136496 0.000002 0.000000 -0.000000 -0.000000 1.038471
 40 2.313139 -0.000002 -0.000001 0.000000 0.000000 3.141593
 41 3.115505 -0.886039 0.021432 0.449542 0.271884 0.266390
 42 2.011150 -0.000001 -0.000000 0.000000 0.000000 1.183165
 43 2.141382 0.000000 -0.000000 0.000000 0.000000 3.141593
 44 1.734172 -0.000004 0.000000 -0.000000 0.000000 0.590745
 45 0.136314 -3.738195 2.525891 1.493698 2.759406 -1.474501
 46 3.726725 -0.053309 2.419488 -0.262762 2.898943 1.398576
 47 11.389366 -0.000819 0.158782 1.846230 0.133058 -0.367863
 48 0.000003 -4.440602 -0.000001 1.570144 -3.078602 0.004040
 49 5.999999 -0.000001 0.000000 1.846230 -0.000000 0.000000
 50 0.000001 -4.440603 0.000001 1.569944 -3.078603 0.004053
 51 10.510132 0.000002 0.000002 -0.000000 0.000000 -2.440104
 52 0.000000 -1.748400 -5.000004 -3.141593 0.004007 -1.539299
 53 5.500001 0.000001 0.000000 -0.319495 0.000000 -0.000000
 54 -0.000000 0.000001 -4.999997 -0.044472 3.137589 -0.000177
 55 6.551492 0.000001 -0.000001 0.319495 -0.136931 -0.193547
 56 -1.266844 -1.937443 -4.950559 -0.066572 -2.988806 -0.110308
 57 6.551492 0.000001 -0.000001 0.319495 -0.136931 -0.193547
 58 0.699371 -1.944208 -5.006845 -0.027189 -3.088217 0.005298
 59 4.226143 -0.003201 0.000000 0.274427 0.049246 0.367104
 60 0.000001 5.000001 -0.000001 -0.153565 0.000087 2.718702
 61 0.000004 -0.000005 -3.713580 0.365818 2.880119 -0.191589
 62 0.000003 -0.000000 5.000000 3.053196 1.558589 -0.074928
 63 -0.000007 0.000005 3.713580 -0.001619 -3.122277 -0.475127
 64 0.000003 -0.000001 -5.000000 -0.088726 1.558589 3.066335
 65 7.363602 1.646647 0.495663 3.141593 -1.570796 0.000000
 66 -0.000005 0.000006 3.619081 0.008255 -3.110080 -0.985232
 67 16.573921 0.000001 0.000000 -0.000000 0.000000 -1.065827
 68 15.128180 0.000000 0.000000 -0.102296 0.010178 0.114297
 69 5.758665 4.244731 -0.000000 0.000000 -0.000000 1.667687
 70 3.177726 0.000000 0.000000 0.000000 0.000000 3.141593
 71 15.708953 0.000001 0.000000 -0.051525 0.003996 0.061523
 72 0.275149 0.189215 -3.445208 3.130898 0.000409 -1.514604
 73 17.210194 -0.000000 0.000000 0.000000 0.000000 -1.893339
 74 0.000001 0.000000 -5.000000 -0.079433 1.546568 -1.570859
 75 0.000002 -0.000003 -3.619081 0.577895 2.675801 -0.242118
 76 16.573923 -0.000000 -0.000001 0.000000 -0.000000 -1.163030
 77 15.128182 -0.000000 0.000002 0.089479 0.309197 0.659208
 78 5.758665 4.244730 0.000000 -0.000000 0.000000 1.815142
 79 4.003934 -0.000000 0.000000 0.000000 0.000000 0.000000
 80 15.708954 0.000000 0.000002 0.042277 0.226871 0.443133
 81 0.273998 0.191089 3.439762 -3.130907 -0.000437 -1.508107
 82 17.210196 -0.000001 -0.000002 0.000000 -0.000000 -1.937080
 83 0.000001 -0.000001 5.000000 -0.079314 1.595025 -1.570739
time 10
  0 -0.650000 0.000000 33.899605 -0.025849 0.174554 -1.569172
  1 5.685104 0.833237 -32.227169 -0.174512 -0.026131 1.569196
  2 -2.276935 0.000003 -1.238188 -1.570795 -1.570451 0.000000
  3 1.797224 0.711835 -0.000507 0.154773 -0.054477 0.016078
  4 4.118618 -0.003239 -0.000505 0.155830 -0.118003 -0.012279
  5 4.118625 -0.003241 -0.000506 0.156060 -0.130839 -0.014223
  6 4.118622 -0.003240 -0.000505 0.155830 -0.117989 -0.012366
  7 4.120603 -0.002256 -0.001853 0.551120 -0.002554 0.724133
  8 4.443599 0.000001 -0.000001 0.386368 -0.354624 0.133635
  9 9.024062 -0.000000 0.000001 0.000000 0.000000 0.000000
 10 0.004424 0.910856 1.476169 0.929781 -1.014969 1.471452
 11 6.384777 -0.000001 -0.000001 -0.174175 0.949900 -0.494821
 12 10.242682 -0.000000 0.000000 0.000000 0.000000 -1.376321
 13 11.375561 0.000000 -0.000001 -0.483376 0.334707 -0.455319
 14 0.728681 0.023429 -1.008291 1.764037 0.299568 0.470007
 15 2.136498 0.000000 -0.000002 -0.000000 -0.000000 0.436332
 16 2.313139 0.000000 0.000003 0.000000 0.000000 0.000000
 17 3.115506 -0.886042 -0.021431 -0.611602 -0.110752 0.358009
 18 2.011152 -0.000000 0.000002 -0.000000 0.000000 1.410058
 19 2.141377 -0.000000 -0.000001 0.000000 0.000000 0.000000
 20 1.734172 -0.000001 -0.000000 -0.000000 -0.000000 0.704525
 21 0.000008 -4.440592 -0.000000 1.570544 -0.062990 -0.195737
 22 6.000000 0.000001 -0.000001 -0.721673 0.000000 -0.000000
 23 0.000001 -4.440598 -0.000000 1.569944 -0.062987 0.004053
 24 11.375562 0.000001 0.000002 -1.016803 0.103055 -0.291448
 25 -0.000001 -4.440602 0.000000 1.570144 -0.062988 0.004040
 26 10.510129 0.000000 -0.000000 0.000000 -0.000000 -2.258957
 27 -0.000001 -1.748400 4.999998 -0.000000 0.004007 1.602291
 28 5.500000 0.000000 -0.000000 -0.031379 0.000000 0.000000
 29 -0.000003 -1.940598 5.000000 -0.044472 0.004003 -0.000180
 30 6.551491 -0.000001 -0.000001 0.003276 0.616993 -0.356666
 31 -0.000001 -1.940598 5.000000 -0.027189 -0.053376 0.005295
 32 6.551491 -0.000001 -0.000001 0.030939 0.293315 -0.161191
 33 -0.000001 -1.940599 4.999997 -0.066572 -0.152786 -0.110311
 34 -0.004422 -0.903778 -1.476170 -1.202190 2.879879 1.032738
 35 6.384777 0.000000 -0.000001 1.036594 -0.189677 -0.600622
 36 10.242682 -0.000000 -0.000001 -0.000000 -0.000000 -1.738616
 37 11.375563 0.000002 -0.000001 2.067191 0.356097 -0.696082
 38 0.728681 0.023429 1.008293 -2.921925 -0.650415 1.123821
 39 2.136496 -0.000000 -0.000000 -0.000000 -0.000000 1.038471
 40 2.313139 -0.000000 0.000000 0.000000 0.000000 3.141593
 41 3.115507 -0.886044 0.021431 0.449542 0.271884 0.266390
 42 2.011151 0.000001 0.000000 0.000000 0.000000 1.183165
 43 2.141381 -0.000000 -0.000000 0.000000 0.000000 3.141593
 44 1.734174 -0.000002 0.000001 0.000000 -0.000000 0.590745
 45 0.136314 -3.738191 2.525891 1.493698 2.759406 -1.474501
 46 3.726728 -0.053313 2.419488 -0.262762 2.898943 1.398576
 47 11.389368 -0.000818 0.158780 1.846230 0.133058 -0.367863
 48 -0.000003 -4.440596 0.000000 1.570144 -3.078602 0.004040
 49 6.000000 0.000000 -0.000001 1.846230 -0.000000 -0.000000
 50 0.000002 -4.440601 -0.000000 1.569944 -3.078603 0.004053
 51 10.510132 -0.000001 -0.000002 -0.000000 0.000000 -2.440104
 52 0.000000 -1.748400 -5.000003 -3.141593 0.004007 -1.539299
 53 5.500000 0.000000 -0.000001 -0.319594 -0.000000 0.000000
 54 -0.000001 -0.000000 -5.000000 -0.044472 3.137589 -0.000177
 55 6.551491 0.000000 -0.000000 0.319594 -0.136898 -0.193372
 56 -1.266843 -1.937443 -4.950560 -0.066572 -2.988806 -0.110308
 57 6.551491 0.000000 -0.000000 0.319594 -0.136898 -0.193372
 58 0.699370 -1.944207 -5.006845 -0.027189 -3.088217 0.005298
 59 4.226145 -0.003202 -0.000000 0.276052 0.050225 0.366963
 60 0.000001 5.000001 -0.000000 -0.153564 0.000087 2.718702
 61 0.000004 -0.000005 -3.713580 0.365818 2.880119 -0.191589
 62 0.000003 -0.000000 5.000000 3.053196 1.558589 -0.074928
 63 -0.000007 0.000005 3.713580 -0.001619 -3.122277 -0.475127
 64 0.000003 -0.000001 -5.000000 -0.088726 1.558589 3.066335
 65 7.363602 1.646647 0.495663 3.141593 -1.570796 0.000000
 66 -0.000005 0.000006 3.619081 0.008255 -3.110080 -0.985232
 67 16.573921 0.000001 0.000000 -0.000000 0.000000 -1.065827
 68 15.128180 0.000000 0.000000 -0.102296 0.010178 0.114297
 69 5.758665 4.244731 -0.000000 0.000000 -0.000000 1.667687
 70 3.177726 0.000000 0.000000 0.000000 0.000000 3.141593
 71 15.708953 0.000001 0.000000 -0.051525 0.003996 0.061523
 72 0.275149 0.189215 -3.445208 3.130898 0.000409 -1.514604
 73 17.210194 -0.000000 0.000000 0.000000 0.000000 -1.893339
 74 0.000001 0.000000 -5.000000 -0.079433 1.546568 -1.570859
 75 0.000002 -0.000003 -3.619081 0.577895 2.675801 -0.242118
 76 16.573923 -0.000000 -0.000001 0.000000 -0.000000 -1.163030
 77 15.128182 -0.000000 0.000002 0.089479 0.309197 0.659208
 78 5.758665 4.244730 0.000000 -0.000000 0.000000 1.815142
 79 4.003934 -0.000000 0.000000 0.000000 0.000000 0.000000
 80 15.708954 0.000000 0.000002 0.042277 0.226871 0.443133
 81 0.273998 0.191089 3.439762 -3.130907 -0.000437 -1.508107
 82 17.210196 -0.000001 -0.000002 0.000000 -0.000000 -1.937080
 83 0.000001 -0.000001 5.000000 -0.079314 1.595025 -1.570739
time 11
  0 -0.650000 0.000000 33.899605 -0.025849 0.174554 -1.569172
  1 5.685104 0.833237 -32.227169 -0.174512 -0.026131 1.569196
  2 -2.276935 0.000003 -1.238188 -1.570795 -1.570451 0.000000
  3 1.797221 0.711837 -0.000509 0.155252 -0.054394 0.016596
  4 4.118626 -0.003240 -0.000507 0.156310 -0.117975 -0.012199
  5 4.118625 -0.003241 -0.000507 0.156540 -0.130810 -0.014150
  6 4.118625 -0.003241 -0.000508 0.156310 -0.117961 -0.012287
  7 4.120574 -0.002265 -0.001866 0.555822 0.001371 0.718430
  8 4.443599 -0.000001 0.000000 0.379067 -0.353604 0.142446
  9 9.024062 0.000000 -0.000001 0.000000 0.000000 0.000000
 10 -0.002375 0.917789 1.471890 0.928296 -1.010323 1.479626
 11 6.384777 0.000001 -0.000000 -0.176447 0.947656 -0.496049
 12 10.242682 -0.000000 0.000001 -0.000000 -0.000000 -1.384194
 13 11.375561 0.000002 -0.000001 -0.488012 0.335981 -0.454921
 14 0.728681 0.023428 -1.008292 1.764037 0.299568 0.470007
 15 2.136497 0.000001 0.000000 0.000000 -0.000000 0.436332
 16 2.313140 0.000000 -0.000000 0.000000 0.000000 0.000000
 17 3.115507 -0.886042 -0.021430 -0.611602 -0.110752 0.358009
 18 2.011152 0.000001 0.000001 0.000000 0.000000 1.410058
 19 2.141377 0.000001 -0.000001 0.000000 0.000000 0.000000
 20 1.734172 -0.000001 -0.000001 -0.000000 0.000000 0.704525
 21 0.000006 -4.440594 0.000000 1.570544 -0.062990 -0.195737
 22 6.000000 0.000003 -0.000001 -0.725477 0.000000 -0.000000
 23 0.000001 -4.440601 -0.000000 1.569944 -0.062987 0.004053
 24 11.375562 0.000002 0.000001 -1.019103 0.104095 -0.291107
 25 -0.000001 -4.440605 -0.000000 1.570144 -0.062988 0.004040
 26 10.510129 0.000000 0.000001 -0.000000 0.000000 -2.262893
 27 -0.000000 -1.748401 4.999999 -0.000000 0.004007 1.602290
 28 5.499999 -0.000000 0.000001 -0.030369 -0.000000 0.000000
 29 -0.000003 -1.940598 5.000000 -0.044472 0.004003 -0.000180
 30 6.551491 0.000000 -0.000001 0.001468 0.615412 -0.357458
 31 0.000000 -1.940598 5.000002 -0.027189 -0.053376 0.005295
 32 6.551491 0.000000 -0.000001 0.030101 0.292708 -0.161490
 33 0.000001 -1.940599 4.999995 -0.066572 -0.152786 -0.110311
 34 0.002381 -0.910715 -1.471889 -1.199410 2.883749 1.040367
 35 6.384778 -0.000001 -0.000002 1.036870 -0.189288 -0.598566
 36 10.242682 -0.000002 0.000001 0.000000 0.000000 -1.738616
 37 11.375561 0.000001 0.000002 2.067191 0.356097 -0.696082
 38 0.728681 0.023430 1.008292 -2.921925 -0.650415 1.123821
 39 2.136496 0.000002 0.000000 -0.000000 -0.000000 1.038471
 40 2.313138 0.000000 -0.000000 0.000000 0.000000 3.141593
 41 3.115508 -0.886043 0.021431 0.449542 0.271884 0.266390
 42 2.011150 0.000001 -0.000000 0.000000 0.000000 1.183165
 43 2.141380 0.000001 -0.000000 0.000000 0.000000 3.141593
 44 1.734173 -0.000002 0.000000 -0.000000 0.000000 0.590745
 45 0.136315 -3.738190 2.525891 1.493698 2.759406 -1.474501
 46 3.726728 -0.053313 2.419487 -0.262762 2.898943 1.398576
 47 11.389366 -0.000818 0.158783 1.846230 0.133058 -0.367863
 48 -0.000002 -4.440596 0.000002 1.570144 -3.078602 0.004040
 49 6.000000 0.000000 0.000001 1.846230 -0.000000 0.000000
 50 0.000002 -4.440603 -0.000001 1.569944 -3.078603 0.004053
 51 10.510131 -0.000001 0.000003 -0.000000 0.000000 -2.440104
 52 0.000000 -1.748399 -5.000003 -3.141593 0.004007 -1.539299
 53 5.500000 -0.000002 0.000001 -0.319786 -0.000000 0.000000
 54 -0.000001 0.000000 -5.000000 -0.044472 3.137589 -0.000177
 55 6.551492 -0.000000 0.000001 0.319786 -0.136833 -0.193031
 56 -1.266844 -1.937443 -4.950559 -0.066572 -2.988806 -0.110308
 57 6.551492 -0.000000 0.000001 0.319786 -0.136833 -0.193031
 58 0.699370 -1.944208 -5.006845 -0.027189 -3.088217 0.005298
 59 4.226143 -0.003201 0.000001 0.278046 0.052198 0.364201
 60 0.000002 5.000000 -0.000000 -0.153564 0.000087 2.718702
 61 0.000004 -0.000005 -3.713580 0.365818 2.880119 -0.191589
 62 0.000003 -0.000000 5.000000 3.053196 1.558589 -0.074928
 63 -0.000007 0.000005 3.713580 -0.001619 -3.122277 -0.475127
 64 0.000003 -0.000001 -5.000000 -0.088726 1.558589 3.066335
 65 7.363602 1.646647 0.495663 3.141593 -1.570796 0.000000
 66 -0.000005 0.000006 3.619081 0.008255 -3.110080 -0.985232
 67 16.573921 0.000001 0.000000 -0.000000 0.000000 -1.065827
 68 15.128180 0.000000 0.000000 -0.102296 0.010178 0.114297
 69 5.758665 4.244731 -0.000000 0.000000 -0.000000 1.667687
 70 3.177726 0.000000 0.000000 0.000000 0.000000 3.141593
 71 15.708953 0.000001 0.000000 -0.051525 0.003996 0.061523
 72 0.275149 0.189215 -3.445208 3.130898 0.000409 -1.514604
 73 17.210194 -0.000000 0.000000 0.000000 0.000000 -1.893339
 74 0.000001 0.000000 -5.000000 -0.079433 1.546568 -1.570859
 75 0.000002 -0.000003 -3.619081 0.577895 2.675801 -0.242118
 76 16.573923 -0.000000 -0.000001 0.000000 -0.000000 -1.163030
 77 15.128182 -0.000000 0.000002 0.089479 0.309197 0.659208
 78 5.758665 4.244730 0.000000 -0.000000 0.000000 1.815142
 79 4.003934 -0.000000 0.000000 0.000000 0.000000 0.000000
 80 15.708954 0.000000 0.000002 0.042277 0.226871 0.443133
 81 0.273998 0.191089 3.439762 -3.130907 -0.000437 -1.508107
 82 17.210196 -0.000001 -0.000002 0.000000 -0.000000 -1.937080
 83 0.000001 -0.000001 5.000000 -0.079314 1.595025 -1.570739
time 12
  0 -0.650000 0.000000 33.899605 -0.025849 0.174554 -1.569172
  1 5.685104 0.833237 -32.227169 -0.174512 -0.026131 1.569196
  2 -2.276935 0.000003 -1.238188 -1.570795 -1.570451 0.000000
  3 1.797224 0.711837 -0.000511 0.155937 -0.054276 0.017337
  4 4.118627 -0.003240 -0.000509 0.156996 -0.117935 -0.012085
  5 4.118622 -0.003239 -0.000509 0.157228 -0.130768 -0.014045
  6 4.118625 -0.003240 -0.000509 0.156996 -0.117921 -0.012173
  7 4.120541 -0.002304 -0.001864 0.554663 0.006628 0.703574
  8 4.443598 0.000003 -0.000000 0.378959 -0.348234 0.156744
  9 9.024060 0.000001 -0.000002 0.000000 0.000000 0.000000
 10 -0.011487 0.916069 1.472916 0.934783 -1.011129 1.489525
 11 6.384776 0.000000 0.000003 -0.179125 0.945334 -0.498228
 12 10.242682 -0.000000 0.000001 -0.000000 0.000000 -1.393690
 13 11.375560 0.000000 -0.000001 -0.493975 0.337306 -0.454830
 14 0.728681 0.023431 -1.008293 1.764037 0.299568 0.470007
 15 2.136497 0.000002 -0.000000 0.000000 0.000000 0.436332
 16 2.313140 0.000000 -0.000000 0.000000 0.000000 0.000000
 17 3.115507 -0.886041 -0.021432 -0.611602 -0.110752 0.358009
 18 2.011152 0.000004 0.000001 -0.000000 -0.000000 1.410058
 19 2.141378 0.000000 0.000000 0.000000 0.000000 0.000000
 20 1.734172 0.000002 -0.000001 -0.000000 0.000000 0.704525
 21 0.000007 -4.440595 0.000001 1.570544 -0.062990 -0.195737
 22 6.000000 0.000000 -0.000001 -0.730338 0.000000 0.000000
 23 0.000002 -4.440602 0.000000 1.569944 -0.062987 0.004053
 24 11.375563 0.000001 0.000003 -1.022043 0.105202 -0.290834
 25 -0.000001 -4.440604 0.000001 1.570144 -0.062988 0.004040
 26 10.510130 -0.000000 0.000001 0.000000 -0.000000 -2.267642
 27 0.000001 -1.748402 4.999999 0.000000 0.004007 1.602291
 28 5.500000 -0.000000 0.000000 -0.029344 0.000000 -0.000000
 29 0.000000 -1.940598 5.000000 -0.044472 0.004003 -0.000180
 30 6.551492 -0.000000 0.000000 -0.000434 0.613837 -0.358697
 31 0.000001 -1.940599 5.000000 -0.027189 -0.053376 0.005295
 32 6.551492 -0.000000 0.000000 0.029257 0.292095 -0.161978
 33 -0.000001 -1.940598 4.999996 -0.066572 -0.152786 -0.110311
 34 0.011489 -0.908986 -1.472918 -1.202992 2.884477 1.054850
 35 6.384776 -0.000001 0.000003 1.037266 -0.188732 -0.595624
 36 10.242682 -0.000001 0.000000 -0.000000 0.000000 -1.738616
 37 11.375563 0.000002 -0.000001 2.067191 0.356097 -0.696082
 38 0.728681 0.023432 1.008290 -2.921925 -0.650415 1.123821
 39 2.136493 0.000004 -0.000001 -0.000000 -0.000000 1.038471
 40 2.313138 -0.000001 -0.000000 0.000000 0.000000 3.141593
 41 3.115507 -0.886041 0.021429 0.449542 0.271884 0.266390
 42 2.011151 -0.000002 0.000000 0.000000 0.000000 1.183165
 43 2.141382 0.000003 -0.000000 0.000000 0.000000 3.141593
 44 1.734174 -0.000005 0.000001 -0.000000 0.000000 0.590745
 45 0.136315 -3.738192 2.525891 1.493698 2.759406 -1.474501
 46 3.726728 -0.053311 2.419485 -0.262762 2.898943 1.398576
 47 11.389366 -0.000818 0.158782 1.846230 0.133058 -0.367863
 48 0.000001 -4.440601 -0.000000 1.570144 -3.078602 0.004040
 49 5.999999 0.000001 0.000001 1.846230 -0.000000 0.000000
 50 0.000001 -4.440601 -0.000001 1.569944 -3.078603 0.004053
 51 10.510132 0.000001 0.000002 -0.000000 0.000000 -2.440104
 52 0.000001 -1.748399 -5.000004 -3.141593 0.004007 -1.539299
 53 5.500000 0.000000 -0.000000 -0.320060 0.000000 -0.000000
 54 0.000000 0.000001 -5.000000 -0.044472 3.137589 -0.000177
 55 6.551491 -0.000001 0.000002 0.320060 -0.136740 -0.192542
 56 -1.266842 -1.937443 -4.950562 -0.066572 -2.988806 -0.110308
 57 6.551491 -0.000001 0.000002 0.320060 -0.136740 -0.192542
 58 0.699370 -1.944208 -5.006849 -0.027189 -3.088217 0.005298
 59 4.226145 -0.003202 0.000000 0.276995 0.053643 0.357300
 60 0.000001 5.000000 0.000000 -0.153564 0.000087 2.718702
 61 0.000004 -0.000005 -3.713580 0.365818 2.880119 -0.191589
 62 0.000003 -0.000000 5.000000 3.053196 1.558589 -0.074928
 63 -0.000007 0.000005 3.713580 -0.001619 -3.122277 -0.475127
 64 0.000003 -0.000001 -5.000000 -0.088726 1.558589 3.066335
 65 7.363602 1.646647 0.495663 3.141593 -1.570796 0.000000
 66 -0.000005 0.000006 3.619081 0.008255 -3.110080 -0.985232
 67 16.573921 0.000001 0.000000 -0.000000 0.000000 -1.065827
 68 15.128180 0.000000 0.000000 -0.102296 0.010178 0.114297
 69 5.758665 4.244731 -0.000000 0.000000 -0.000000 1.667687
 70 3.177726 0.000000 0.000000 0.000000 0.000000 3.141593
 71 15.708953 0.000001 0.000000 -0.051525 0.003996 0.061523
 72 0.275149 0.189215 -3.445208 3.130898 0.000409 -1.514604
 73 17.210194 -0.000000 0.000000 0.000000 0.000000 -1.893339
 74 0.000001 0.000000 -5.000000 -0.079433 1.546568 -1.570859
 75 0.000002 -0.000003 -3.619081 0.577895 2.675801 -0.242118
 76 16.573923 -0.000000 -0.000001 0.000000 -0.000000 -1.163030
 77 15.128182 -0.000000 0.000002 0.089479 0.309197 0.659208
 78 5.758665 4.244730 0.000000 -0.000000 0.000000 1.815142
 79 4.003934 -0.000000 0.000000 0.000000 0.000000 0.000000
 80 15.708954 0.000000 0.000002 0.042277 0.226871 0.443133
 81 0.273998 0.191089 3.439762 -3.130907 -0.000437 -1.508107
 82 17.210196 -0.000001 -0.000002 0.000000 -0.000000 -1.937080
 83 0.000001 -0.000001 5.000000 -0.079314 1.595025 -1.570739
time 13
  0 -0.650000 0.000000 33.899605 -0.025849 0.174554 -1.569172
  1 5.685104 0.833237 -32.227169 -0.174512 -0.026131 1.569196
  2 -2.276935 0.000003 -1.238188 -1.570795 -1.570451 0.000000
  3 1.797228 0.711837 -0.000514 0.156812 -0.054126 0.018284
  4 4.118624 -0.003239 -0.000512 0.157872 -0.117883 -0.011940
  5 4.118624 -0.003239 -0.000512 0.158105 -0.130715 -0.013911
  6 4.118626 -0.003239 -0.000513 0.157872 -0.117870 -0.012027
  7 4.120491 -0.002362 -0.001842 0.547323 0.012095 0.681834
  8 4.443599 -0.000004 -0.000000 0.386275 -0.339169 0.174078
  9 9.024061 -0.000001 -0.000001 0.000000 0.000000 0.000000
 10 -0.020960 0.905181 1.479499 0.948507 -1.017731 1.499255
 11 6.384776 0.000002 0.000003 -0.182371 0.943160 -0.501896
 12 10.242684 -0.000000 -0.000001 -0.000000 -0.000000 -1.402965
 13 11.375561 -0.000002 0.000001 -0.500415 0.338539 -0.455203
 14 0.728681 0.023430 -1.008292 1.764037 0.299568 0.470007
 15 2.136497 -0.000000 0.000003 0.000000 -0.000000 0.436332
 16 2.313140 0.000001 -0.000002 0.000000 0.000000 0.000000
 17 3.115506 -0.886042 -0.021431 -0.611602 -0.110752 0.358009
 18 2.011151 -0.000002 -0.000001 -0.000000 -0.000000 1.410058
 19 2.141381 -0.000000 0.000000 0.000000 0.000000 0.000000
 20 1.734172 -0.000001 0.000000 -0.000000 0.000000 0.704525
 21 0.000005 -4.440594 -0.000002 1.570544 -0.062990 -0.195737
 22 6.000000 -0.000001 0.000001 -0.735548 -0.000000 0.000000
 23 0.000001 -4.440602 -0.000000 1.569944 -0.062987 0.004053
 24 11.375562 -0.000001 0.000004 -1.025193 0.106216 -0.290742
 25 -0.000001 -4.440605 0.000001 1.570144 -0.062988 0.004040
 26 10.510133 0.000000 -0.000001 0.000000 -0.000000 -2.272279
 27 -0.000001 -1.748400 4.999999 -0.000000 0.004007 1.602290
 28 5.500001 -0.000000 -0.000001 -0.028371 0.000000 -0.000000
 29 -0.000002 -1.940598 5.000001 -0.044472 0.004003 -0.000180
 30 6.551491 0.000001 0.000002 -0.002357 0.612449 -0.360590
 31 0.000003 -1.940598 5.000001 -0.027189 -0.053376 0.005295
 32 6.551491 0.000001 0.000002 0.028465 0.291544 -0.162741
 33 -0.000000 -1.940599 4.999994 -0.066572 -0.152786 -0.110311
 34 0.020962 -0.898109 -1.479500 -1.212653 2.881498 1.073763
 35 6.384777 -0.000001 0.000002 1.037771 -0.188023 -0.591869
 36 10.242682 -0.000002 0.000000 0.000000 0.000000 -1.738616
 37 11.375562 0.000000 0.000001 2.067191 0.356097 -0.696082
 38 0.728682 0.023430 1.008292 -2.921925 -0.650415 1.123821
 39 2.136495 -0.000000 0.000000 -0.000000 -0.000000 1.038471
 40 2.313138 -0.000002 -0.000000 0.000000 0.000000 3.141593
 41 3.115507 -0.886040 0.021432 0.449542 0.271884 0.266390
 42 2.011151 0.000001 -0.000000 0.000000 0.000000 1.183165
 43 2.141381 -0.000000 -0.000000 0.000000 0.000000 3.141593
 44 1.734174 -0.000002 0.000000 -0.000000 0.000000 0.590745
 45 0.136314 -3.738192 2.525891 1.493698 2.759406 -1.474501
 46 3.726727 -0.053309 2.419488 -0.262762 2.898943 1.398576
 47 11.389367 -0.000819 0.158781 1.846230 0.133058 -0.367863
 48 0.000002 -4.440598 -0.000001 1.570144 -3.078602 0.004040
 49 6.000000 0.000000 0.000000 1.846230 -0.000000 0.000000
 50 0.000003 -4.440604 0.000000 1.569944 -3.078603 0.004053
 51 10.510131 -0.000001 0.000002 -0.000000 0.000000 -2.440104
 52 0.000000 -1.748399 -5.000004 -3.141593 0.004007 -1.539299
 53 5.500000 -0.000002 0.000000 -0.320409 -0.000000 -0.000000
 54 -0.000000 -0.000001 -5.000001 -0.044472 3.137589 -0.000177
 55 6.551492 -0.000001 -0.000001 0.320409 -0.136620 -0.191916
 56 -1.266843 -1.937443 -4.950561 -0.066572 -2.988806 -0.110308
 57 6.551492 -0.000001 -0.000001 0.320409 -0.136620 -0.191916
 58 0.699372 -1.944208 -5.006849 -0.027189 -3.088217 0.005298
 59 4.226148 -0.003202 -0.000001 0.272875 0.054180 0.347331
 60 -0.000002 5.000000 0.000000 -0.153565 0.000087 2.718702
 61 0.000004 -0.000005 -3.713580 0.365818 2.880119 -0.191589
 62 0.000003 -0.000000 5.000000 3.053196 1.558589 -0.074928
 63 -0.000007 0.000005 3.713580 -0.001619 -3.122277 -0.475127
 64 0.000003 -0.000001 -5.000000 -0.088726 1.558589 3.066335
 65 7.363602 1.646647 0.495663 3.141593 -1.570796 0.000000
 66 -0.000005 0.000006 3.619081 0.008255 -3.110080 -0.985232
 67 16.573921 0.000001 0.000000 -0.000000 0.000000 -1.065827
 68 15.128180 0.000000 0.000000 -0.102296 0.010178 0.114297
 69 5.758665 4.244731 -0.000000 0.000000 -0.000000 1.667687
 70 3.177726 0.000000 0.000000 0.000000 0.000000 3.141593
 71 15.708953 0.000001 0.000000 -0.051525 0.003996 0.061523
 72 0.275149 0.189215 -3.445208 3.130898 0.000409 -1.514604
 73 17.210194 -0.000000 0.000000 0.000000 0.000000 -1.893339
 74 0.000001 0.000000 -5.000000 -0.079433 1.546568 -1.570859
 75 0.000002 -0.000003 -3.619081 0.577895 2.675801 -0.242118
 76 16.573923 -0.000000 -0.000001 0.000000 -0.000000 -1.163030
 77 15.128182 -0.000000 0.000002 0.089479 0.309197 0.659208
 78 5.758665 4.244730 0.000000 -0.000000 0.000000 1.815142
 79 4.003934 -0.000000 0.000000 0.000000 0.000000 0.000000
 80 15.708954 0.000000 0.000002 0.042277 0.226871 0.443133
 81 0.273998 0.191089 3.439762 -3.130907 -0.000437 -1.508107
 82 17.210196 -0.000001 -0.000002 0.000000 -0.000000 -1.937080
 83 0.000001 -0.000001 5.000000 -0.079314 1.595025 -1.570739
time 14
  0 -0.650000 0.000000 33.899605 -0.025849 0.174554 -1.569172
  1 5.685104 0.833237 -32.227169 -0.174512 -0.026131 1.569196
  2 -2.276935 0.000003 -1.238188 -1.570795 -1.570451 0.000000
  3 1.797232 0.711838 -0.000517 0.157863 -0.053946 0.019421
  4 4.118628 -0.003239 -0.000516 0.158925 -0.117822 -0.011765
  5 4.118623 -0.003238 -0.000515 0.159160 -0.130652 -0.013750
  6 4.118625 -0.003238 -0.000515 0.158925 -0.117808 -0.011853
  7 4.120437 -0.002434 -0.001804 0.534844 0.017141 0.655304
  8 4.443599 -0.000003 0.000000 0.399555 -0.327411 0.193126
  9 9.024061 0.000002 -0.000001 0.000000 0.000000 0.000000
 10 -0.029703 0.886584 1.490526 0.967971 -1.029168 1.507972
 11 6.384776 0.000001 0.000000 -0.186258 0.941381 -0.507509
 12 10.242682 -0.000000 -0.000000 -0.000000 0.000000 -1.410247
 13 11.375561 -0.000000 -0.000001 -0.506448 0.339575 -0.456182
 14 0.728680 0.023430 -1.008292 1.764037 0.299568 0.470007
 15 2.136497 -0.000000 0.000001 -0.000000 -0.000000 0.436332
 16 2.313140 0.000000 -0.000000 0.000000 0.000000 0.000000
 17 3.115506 -0.886039 -0.021431 -0.611602 -0.110752 0.358009
 18 2.011151 0.000001 -0.000000 0.000000 -0.000000 1.410058
 19 2.141378 0.000000 0.000000 0.000000 0.000000 0.000000
 20 1.734172 0.000001 -0.000001 -0.000000 -0.000000 0.704525
 21 0.000005 -4.440593 0.000001 1.570544 -0.062990 -0.195737
 22 6.000000 0.000002 -0.000001 -0.740376 0.000000 -0.000000
 23 0.000001 -4.440602 0.000000 1.569944 -0.062987 0.004053
 24 11.375562 0.000000 0.000002 -1.028111 0.107001 -0.290944
 25 -0.000001 -4.440601 0.000002 1.570144 -0.062988 0.004040
 26 10.510133 -0.000000 0.000000 0.000000 -0.000000 -2.275920
 27 0.000000 -1.748400 5.000000 0.000000 0.004007 1.602291
 28 5.500002 0.000000 -0.000000 -0.027538 -0.000000 -0.000000
 29 -0.000002 -1.940598 5.000000 -0.044472 0.004003 -0.000180
 30 6.551492 -0.000000 -0.000004 -0.004185 0.611446 -0.363308
 31 0.000001 -1.940599 5.000002 -0.027189 -0.053376 0.005295
 32 6.551492 -0.000000 -0.000004 0.027802 0.291131 -0.163849
 33 -0.000001 -1.940599 4.999994 -0.066572 -0.152786 -0.110311
 34 0.029704 -0.879510 -1.490526 -1.227056 2.875173 1.095353
 35 6.384775 -0.000000 0.000003 1.038381 -0.187172 -0.587357
 36 10.242682 -0.000002 0.000002 -0.000000 -0.000000 -1.738616
 37 11.375561 0.000001 0.000001 2.067191 0.356097 -0.696082
 38 0.728682 0.023431 1.008293 -2.921925 -0.650415 1.123821
 39 2.136497 0.000001 -0.000000 -0.000000 -0.000000 1.038471
 40 2.313139 -0.000002 -0.000000 0.000000 0.000000 3.141593
 41 3.115506 -0.886039 0.021432 0.449542 0.271884 0.266390
 42 2.011150 -0.000002 0.000000 0.000000 0.000000 1.183165
 43 2.141382 -0.000000 -0.000000 0.000000 0.000000 3.141593
 44 1.734173 -0.000005 0.000001 0.000000 -0.000000 0.590745
 45 0.136315 -3.738191 2.525891 1.493698 2.759406 -1.474501
 46 3.726726 -0.053308 2.419489 -0.262762 2.898943 1.398576
 47 11.389367 -0.000818 0.158782 1.846230 0.133058 -0.367863
 48 -0.000001 -4.440599 0.000001 1.570144 -3.078602 0.004040
 49 6.000000 0.000000 0.000002 1.846230 -0.000000 -0.000000
 50 0.000001 -4.440602 -0.000000 1.569944 -3.078603 0.004053
 51 10.510131 -0.000003 0.000001 -0.000000 0.000000 -2.440104
 52 0.000000 -1.748400 -5.000000 -3.141593 0.004007 -1.539299
 53 5.500000 -0.000001 0.000002 -0.320826 -0.000000 -0.000000
 54 -0.000001 0.000001 -5.000000 -0.044472 3.137589 -0.000177
 55 6.551490 -0.000000 -0.000000 0.320826 -0.136476 -0.191163
 56 -1.266844 -1.937444 -4.950561 -0.066572 -2.988806 -0.110308
 57 6.551490 -0.000000 -0.000000 0.320826 -0.136476 -0.191163
 58 0.699370 -1.944209 -5.006846 -0.027189 -3.088217 0.005298
 59 4.226147 -0.003201 -0.000000 0.266285 0.053796 0.335251
 60 -0.000000 5.000001 0.000000 -0.153564 0.000087 2.718702
 61 0.000004 -0.000005 -3.713580 0.365818 2.880119 -0.191589
 62 0.000003 -0.000000 5.000000 3.053196 1.558589 -0.074928
 63 -0.000007 0.000005 3.713580 -0.001619 -3.122277 -0.475127
 64 0.000003 -0.000001 -5.000000 -0.088726 1.558589 3.066335
 65 7.363602 1.646647 0.495663 3.141593 -1.570796 0.000000
 66 -0.000005 0.000006 3.619081 0.008255 -3.110080 -0.985232
 67 16.573921 0.000001 0.000000 -0.000000 0.000000 -1.065827
 68 15.128180 0.000000 0.000000 -0.102296 0.010178 0.114297
 69 5.758665 4.244731 -0.000000 0.000000 -0.000000 1.667687
 70 3.177726 0.000000 0.000000 0.000000 0.000000 3.141593
 71 15.708953 0.000001 0.000000 -0.051525 0.003996 0.061523
 72 0.275149 0.189215 -3.445208 3.130898 0.000409 -1.514604
 73 17.210194 -0.000000 0.000000 0.000000 0.000000 -1.893339
 74 0.000001 0.000000 -5.000000 -0.079433 1.546568 -1.570859
 75 0.000002 -0.000003 -3.619081 0.577895 2.675801 -0.242118
 76 16.573923 -0.000000 -0.000001 0.000000 -0.000000 -1.163030
 77 15.128182 -0.000000 0.000002 0.089479 0.309197 0.659208
 78 5.758665 4.244730 0.000000 -0.000000 0.000000 1.815142
 79 4.003934 -0.000000 0.000000 0.000000 0.000000 0.000000
 80 15.708954 0.000000 0.000002 0.042277 0.226871 0.443133
 81 0.273998 0.191089 3.439762 -3.130907 -0.000437 -1.508107
 82 17.210196 -0.000001 -0.000002 0.000000 -0.000000 -1.937080
 83 0.000001 -0.000001 5.000000 -0.079314 1.595025 -1.570739
time 15
  0 -0.650000 0.000000 33.899605 -0.025849 0.174554 -1.569172
  1 5.685104 0.833237 -32.227169 -0.174512 -0.026131 1.569196
  2 -2.276935 0.000003 -1.238188 -1.570795 -1.570451 0.000000
  3 1.797236 0.711839 -0.000521 0.159078 -0.053741 0.020735
  4 4.118629 -0.003239 -0.000520 0.160141 -0.117751 -0.011563
  5 4.118626 -0.003237 -0.000519 0.160378 -0.130579 -0.013563
  6 4.118625 -0.003238 -0.000519 0.160141 -0.117737 -0.011651
  7 4.120376 -0.002514 -0.001753 0.518320 0.021156 0.626087
  8 4.443599 0.000001 -0.000000 0.417306 -0.313916 0.212598
  9 9.024061 -0.000002 0.000000 0.000000 0.000000 0.000000
 10 -0.036659 0.861773 1.504797 0.991819 -1.044438 1.514716
 11 6.384776 0.000002 0.000003 -0.190786 0.940258 -0.515444
 12 10.242684 -0.000000 -0.000000 -0.000000 -0.000000 -1.413829
 13 11.375562 -0.000001 -0.000001 -0.511167 0.340343 -0.457889
 14 0.728681 0.023429 -1.008292 1.764037 0.299568 0.470007
 15 2.136496 0.000000 0.000002 0.000000 -0.000000 0.436332
 16 2.313139 0.000000 0.000001 0.000000 0.000000 0.000000
 17 3.115507 -0.886044 -0.021431 -0.611602 -0.110752 0.358009
 18 2.011151 -0.000001 0.000000 -0.000000 0.000000 1.410058
 19 2.141379 -0.000001 -0.000001 0.000000 0.000000 0.000000
 20 1.734173 -0.000000 0.000001 -0.000000 -0.000000 0.704525
 21 0.000005 -4.440594 -0.000002 1.570544 -0.062990 -0.195737
 22 6.000000 -0.000001 -0.000001 -0.744076 0.000000 0.000000
 23 0.000001 -4.440603 -0.000001 1.569944 -0.062987 0.004053
 24 11.375562 0.000000 0.000002 -1.030339 0.107437 -0.291548
 25 -0.000001 -4.440601 -0.000000 1.570144 -0.062988 0.004040
 26 10.510132 0.000000 -0.000000 0.000000 -0.000000 -2.277711
 27 -0.000001 -1.748401 4.999999 0.000000 0.004007 1.602290
 28 5.500000 -0.000000 0.000000 -0.026951 0.000000 0.000000
 29 -0.000003 -1.940598 5.000001 -0.044472 0.004003 -0.000180
 30 6.551492 0.000000 0.000001 -0.005769 0.611041 -0.366972
 31 -0.000002 -1.940599 5.000003 -0.027189 -0.053376 0.005295
 32 6.551492 0.000000 0.000001 0.027358 0.290935 -0.165352
 33 0.000003 -1.940600 4.999996 -0.066572 -0.152786 -0.110311
 34 0.036659 -0.854693 -1.504798 -1.244876 2.865918 1.117854
 35 6.384777 -0.000000 -0.000001 1.039087 -0.186192 -0.582145
 36 10.242682 0.000000 -0.000000 -0.000000 0.000000 -1.738615
 37 11.375558 -0.000000 0.000000 2.067191 0.356097 -0.696082
 38 0.728682 0.023430 1.008292 -2.921925 -0.650415 1.123821
 39 2.136498 -0.000001 -0.000000 -0.000000 0.000000 1.038471
 40 2.313140 0.000001 -0.000000 0.000000 0.000000 3.141593
 41 3.115507 -0.886040 0.021432 0.449542 0.271884 0.266390
 42 2.011150 0.000000 -0.000000 -0.000000 0.000000 1.183165
 43 2.141380 0.000002 -0.000001 0.000000 0.000000 3.141593
 44 1.734173 -0.000002 0.000000 0.000000 0.000000 0.590745
 45 0.136314 -3.738196 2.525891 1.493698 2.759406 -1.474501
 46 3.726730 -0.053316 2.419485 -0.262762 2.898943 1.398576
 47 11.389364 -0.000820 0.158782 1.846230 0.133058 -0.367863
 48 -0.000000 -4.440600 -0.000002 1.570144 -3.078602 0.004040
 49 5.999998 -0.000001 0.000000 1.846230 -0.000000 -0.000000
 50 0.000004 -4.440601 -0.000000 1.569944 -3.078603 0.004053
 51 10.510131 0.000002 0.000002 -0.000000 -0.000000 -2.440104
 52 0.000001 -1.748400 -5.000004 -3.141593 0.004007 -1.539299
 53 5.500000 0.000001 0.000000 -0.321304 -0.000000 0.000000
 54 0.000001 -0.000001 -5.000001 -0.044472 3.137589 -0.000177
 55 6.551491 -0.000000 -0.000000 0.321304 -0.136309 -0.190289
 56 -1.266842 -1.937444 -4.950562 -0.066572 -2.988806 -0.110308
 57 6.551491 0.000000 -0.000000 0.321304 -0.136309 -0.190289
 58 0.699371 -1.944208 -5.006848 -0.027189 -3.088217 0.005298
 59 4.226146 -0.003201 0.000000 0.257822 0.052488 0.322012
 60 0.000003 4.999999 -0.000000 -0.153564 0.000087 2.718702
 61 0.000004 -0.000005 -3.713580 0.365818 2.880119 -0.191589
 62 0.000003 -0.000000 5.000000 3.053196 1.558589 -0.074928
 63 -0.000007 0.000005 3.713580 -0.001619 -3.122277 -0.475127
 64 0.000003 -0.000001 -5.000000 -0.088726 1.558589 3.066335
 65 7.363602 1.646647 0.495663 3.141593 -1.570796 0.000000
 66 -0.000005 0.000006 3.619081 0.008255 -3.110080 -0.985232
 67 16.573921 0.000001 0.000000 -0.000000 0.000000 -1.065827
 68 15.128180 0.000000 0.000000 -0.102296 0.010178 0.114297
 69 5.758665 4.244731 -0.000000 0.000000 -0.000000 1.667687
 70 3.177726 0.000000 0.000000 0.000000 0.000000 3.141593
 71 15.708953 0.000001 0.000000 -0.051525 0.003996 0.061523
 72 0.275149 0.189215 -3.445208 3.130898 0.000409 -1.514604
 73 17.210194 -0.000000 0.000000 0.000000 0.000000 -1.893339
 74 0.000001 0.000000 -5.000000 -0.079433 1.546568 -1.570859
 75 0.000002 -0.000003 -3.619081 0.577895 2.675801 -0.242118
 76 16.573923 -0.000000 -0.000001 0.000000 -0.000000 -1.163030
 77 15.128182 -0.000000 0.000002 0.089479 0.309197 0.659208
 78 5.758665 4.244730 0.000000 -0.000000 0.000000 1.815142
 79 4.003934 -0.000000 0.000000 0.000000 0.000000 0.000000
 80 15.708954 0.000000 0.000002 0.042277 0.226871 0.443133
 81 0.273998 0.191089 3.439762 -3.130907 -0.000437 -1.508107
 82 17.210196 -0.000001 -0.000002 0.000000 -0.000000 -1.937080
 83 0.000001 -0.000001 5.000000 -0.079314 1.595025 -1.570739
time 16
  0 -0.650000 0.000000 33.899605 -0.025849 0.174554 -1.569172
  1 5.685104 0.833237 -32.227169 -0.174512 -0.026131 1.569196
  2 -2.276935 0.000003 -1.238188 -1.570795 -1.570451 0.000000
  3 1.797240 0.711840 -0.000525 0.160443 -0.053512 0.022212
  4 4.118629 -0.003238 -0.000524 0.161508 -0.117672 -0.011336
  5 4.118625 -0.003237 -0.000523 0.161746 -0.130497 -0.013354
  6 4.118631 -0.003238 -0.000525 0.161508 -0.117658 -0.011424
  7 4.120315 -0.002594 -0.001692 0.498900 0.023623 0.596323
  8 4.443597 0.000001 0.000000 0.438014 -0.299559 0.231175
  9 9.024062 -0.000003 0.000001 0.000000 0.000000 0.000000
 10 -0.040932 0.832342 1.521096 1.018780 -1.062495 1.518475
 11 6.384774 0.000001 0.000003 -0.196302 0.939833 -0.526295
 12 10.242682 -0.000000 -0.000000 -0.000000 0.000000 -1.411668
 13 11.375562 0.000003 -0.000001 -0.513531 0.340839 -0.460425
 14 0.728680 0.023430 -1.008292 1.764037 0.299568 0.470007
 15 2.136497 0.000000 -0.000001 0.000000 0.000000 0.436332
 16 2.313139 0.000000 0.000001 0.000000 0.000000 0.000000
 17 3.115507 -0.886042 -0.021432 -0.611602 -0.110752 0.358009
 18 2.011152 0.000003 0.000001 -0.000000 0.000000 1.410058
 19 2.141378 0.000000 -0.000001 0.000000 0.000000 0.000000
 20 1.734172 0.000001 -0.000000 0.000000 -0.000000 0.704525
 21 0.000006 -4.440594 0.000001 1.570544 -0.062990 -0.195737
 22 6.000000 -0.000001 -0.000000 -0.745792 -0.000000 0.000000
 23 0.000001 -4.440603 -0.000001 1.569944 -0.062987 0.004053
 24 11.375562 -0.000000 0.000003 -1.031357 0.107432 -0.292668
 25 -0.000000 -4.440604 -0.000001 1.570144 -0.062988 0.004040
 26 10.510132 -0.000000 -0.000000 0.000000 -0.000000 -2.276630
 27 0.000001 -1.748401 4.999998 -0.000000 0.004007 1.602291
 28 5.500000 -0.000000 0.000000 -0.026585 0.000000 -0.000000
 29 -0.000003 -1.940598 5.000001 -0.044472 0.004003 -0.000180
 30 6.551490 0.000000 0.000002 -0.007195 0.611297 -0.371802
 31 -0.000001 -1.940599 5.000000 -0.027189 -0.053376 0.005295
 32 6.551490 0.000000 0.000002 0.027117 0.290982 -0.167334
 33 0.000001 -1.940600 4.999996 -0.066572 -0.152786 -0.110311
 34 0.040933 -0.825265 -1.521095 -1.264835 2.854247 1.139503
 35 6.384774 0.000000 0.000003 1.039884 -0.185094 -0.576288
 36 10.242681 0.000000 -0.000000 -0.000000 0.000000 -1.738615
 37 11.375560 0.000002 0.000001 2.067191 0.356097 -0.696082
 38 0.728682 0.023429 1.008293 -2.921925 -0.650415 1.123821
 39 2.136497 -0.000002 -0.000000 -0.000000 0.000000 1.038471
 40 2.313138 0.000004 -0.000000 0.000000 0.000000 3.141593
 41 3.115506 -0.886041 0.021433 0.449542 0.271884 0.266390
 42 2.011151 -0.000001 -0.000000 -0.000000 0.000000 1.183165
 43 2.141383 0.000001 -0.000001 0.000000 0.000000 3.141593
 44 1.734173 -0.000004 0.000000 0.000000 0.000000 0.590745
 45 0.136314 -3.738197 2.525891 1.493698 2.759406 -1.474501
 46 3.726730 -0.053316 2.419487 -0.262762 2.898943 1.398576
 47 11.389366 -0.000818 0.158782 1.846230 0.133058 -0.367863
 48 0.000002 -4.440601 -0.000002 1.570144 -3.078602 0.004040
 49 5.999999 0.000001 0.000000 1.846230 -0.000000 -0.000000
 50 0.000002 -4.440601 0.000000 1.569944 -3.078603 0.004053
 51 10.510131 0.000002 0.000002 -0.000000 -0.000000 -2.440104
 52 0.000000 -1.748401 -5.000004 -3.141593 0.004007 -1.539299
 53 5.500000 0.000001 -0.000000 -0.321838 -0.000000 0.000000
 54 -0.000000 -0.000001 -5.000001 -0.044472 3.137589 -0.000177
 55 6.551490 0.000000 -0.000000 0.321838 -0.136120 -0.189302
 56 -1.266844 -1.937442 -4.950558 -0.066572 -2.988806 -0.110308
 57 6.551490 0.000000 -0.000000 0.321838 -0.136120 -0.189302
 58 0.699371 -1.944208 -5.006846 -0.027189 -3.088217 0.005298
 59 4.226149 -0.003202 -0.000001 0.248079 0.050274 0.308570
 60 0.000001 5.000000 -0.000000 -0.153564 0.000087 2.718702
 61 0.000004 -0.000005 -3.713580 0.365818 2.880119 -0.191589
 62 0.000003 -0.000000 5.000000 3.053196 1.558589 -0.074928
 63 -0.000007 0.000005 3.713580 -0.001619 -3.122277 -0.475127
 64 0.000003 -0.000001 -5.000000 -0.088726 1.558589 3.066335
 65 7.363602 1.646647 0.495663 3.141593 -1.570796 0.000000
 66 -0.000005 0.000006 3.619081 0.008255 -3.110080 -0.985232
 67 16.573921 0.000001 0.000000 -0.000000 0.000000 -1.065827
 68 15.128180 0.000000 0.000000 -0.102296 0.010178 0.114297
 69 5.758665 4.244731 -0.000000 0.000000 -0.000000 1.667687
 70 3.177726 0.000000 0.000000 0.000000 0.000000 3.141593
 71 15.708953 0.000001 0.000000 -0.051525 0.003996 0.061523
 72 0.275149 0.189215 -3.445208 3.130898 0.000409 -1.514604
 73 17.210194 -0.000000 0.000000 0.000000 0.000000 -1.893339
 74 0.000001 0.000000 -5.000000 -0.079433 1.546568 -1.570859
 75 0.000002 -0.000003 -3.619081 0.577895 2.675801 -0.242118
 76 16.573923 -0.000000 -0.000001 0.000000 -0.000000 -1.163030
 77 15.128182 -0.000000 0.000002 0.089479 0.309197 0.659208
 78 5.758665 4.244730 0.000000 -0.000000 0.000000 1.815142
 79 4.003934 -0.000000 0.000000 0.000000 0.000000 0.000000
 80 15.708954 0.000000 0.000002 0.042277 0.226871 0.443133
 81 0.273998 0.191089 3.439762 -3.130907 -0.000437 -1.508107
 82 17.210196 -0.000001 -0.000002 0.000000 -0.000000 -1.937080
 83 0.000001 -0.000001 5.000000 -0.079314 1.595025 -1.570739
time 17
  0 -0.650000 0.000000 33.899605 -0.025849 0.174554 -1.569172
  1 5.685104 0.833237 -32.227169 -0.174512 -0.026131 1.569196
  2 -2.276935 0.000003 -1.238188 -1.570795 -1.570451 0.000000
  3 1.797248 0.711840 -0.000530 0.161945 -0.053262 0.023838
  4 4.118627 -0.003236 -0.000529 0.163012 -0.117585 -0.011086
  5 4.118633 -0.003237 -0.000529 0.163252 -0.130407 -0.013124
  6 4.118631 -0.003236 -0.000529 0.163012 -0.117571 -0.011174
  7 4.120260 -0.002670 -0.001626 0.477769 0.024162 0.568174
  8 4.443599 -0.000002 0.000000 0.460157 -0.285114 0.247472
  9 9.024060 -0.000002 -0.000000 0.000000 0.000000 0.000000
 10 -0.041863 0.800004 1.538249 1.047608 -1.082258 1.518259
 11 6.384777 0.000000 -0.000002 -0.201545 0.940272 -0.538334
 12 10.242683 -0.000000 -0.000001 0.000000 0.000000 -1.407890
 13 11.375561 -0.000003 -0.000001 -0.515361 0.341139 -0.463506
 14 0.728681 0.023429 -1.008292 1.764037 0.299568 0.470007
 15 2.136497 0.000001 -0.000003 0.000000 -0.000000 0.436332
 16 2.313140 0.000001 0.000002 0.000000 0.000000 0.000000
 17 3.115507 -0.886039 -0.021431 -0.611602 -0.110752 0.358009
 18 2.011152 0.000002 0.000001 0.000000 0.000000 1.410058
 19 2.141380 -0.000000 -0.000001 0.000000 0.000000 0.000000
 20 1.734172 0.000000 -0.000001 0.000000 0.000000 0.704525
 21 0.000005 -4.440595 -0.000000 1.570544 -0.062990 -0.195737
 22 6.000001 0.000001 -0.000001 -0.747031 -0.000000 -0.000000
 23 0.000001 -4.440601 -0.000001 1.569944 -0.062987 0.004053
 24 11.375563 0.000001 0.000002 -1.032081 0.107201 -0.294062
 25 -0.000000 -4.440602 0.000001 1.570144 -0.062988 0.004040
 26 10.510134 0.000000 -0.000001 0.000000 0.000000 -2.274741
 27 -0.000000 -1.748399 4.999998 0.000000 0.004007 1.602290
 28 5.500000 0.000000 0.000000 -0.026647 0.000000 -0.000000
 29 -0.000002 -1.940598 5.000001 -0.044472 0.004003 -0.000180
 30 6.551491 0.000001 0.000002 -0.007978 0.612314 -0.377005
 31 -0.000000 -1.940598 5.000001 -0.027189 -0.053376 0.005295
 32 6.551491 0.000001 0.000002 0.027242 0.291309 -0.169477
 33 -0.000001 -1.940598 4.999995 -0.066572 -0.152786 -0.110311
 34 0.041866 -0.792931 -1.538248 -1.285716 2.840793 1.158556
 35 6.384776 -0.000001 0.000000 1.040765 -0.183888 -0.569844
 36 10.242682 -0.000001 -0.000001 -0.000000 0.000000 -1.738615
 37 11.375559 -0.000001 -0.000000 2.067191 0.356097 -0.696082
 38 0.728681 0.023429 1.008293 -2.921925 -0.650415 1.123821
 39 2.136498 -0.000001 -0.000000 -0.000000 0.000000 1.038471
 40 2.313140 0.000004 -0.000000 0.000000 0.000000 3.141593
 41 3.115508 -0.886044 0.021431 0.449542 0.271884 0.266390
 42 2.011151 0.000001 -0.000000 -0.000000 0.000000 1.183165
 43 2.141381 0.000002 -0.000001 0.000000 0.000000 3.141593
 44 1.734173 -0.000002 0.000000 0.000000 0.000000 0.590745
 45 0.136314 -3.738196 2.525891 1.493698 2.759406 -1.474501
 46 3.726728 -0.053314 2.419488 -0.262762 2.898943 1.398576
 47 11.389365 -0.000820 0.158782 1.846230 0.133058 -0.367863
 48 -0.000003 -4.440598 -0.000001 1.570144 -3.078602 0.004040
 49 5.999999 -0.000001 -0.000000 1.846230 -0.000000 -0.000000
 50 0.000001 -4.440602 0.000000 1.569944 -3.078603 0.004053
 51 10.510131 0.000000 0.000001 -0.000000 -0.000000 -2.440104
 52 0.000001 -1.748398 -5.000001 -3.141593 0.004007 -1.539299
 53 5.500000 -0.000001 -0.000000 -0.322421 0.000000 0.000000
 54 0.000001 0.000001 -5.000001 -0.044472 3.137589 -0.000177
 55 6.551490 -0.000001 -0.000001 0.322421 -0.135911 -0.188212
 56 -1.266843 -1.937443 -4.950561 -0.066572 -2.988806 -0.110308
 57 6.551491 -0.000001 -0.000000 0.322421 -0.135911 -0.188212
 58 0.699369 -1.944208 -5.006846 -0.027189 -3.088217 0.005298
 59 4.226147 -0.003202 -0.000000 0.237636 0.047209 0.295898
 60 -0.000002 5.000001 -0.000000 -0.153564 0.000087 2.718702
 61 0.000004 -0.000005 -3.713580 0.365818 2.880119 -0.191589
 62 0.000003 -0.000000 5.000000 3.053196 1.558589 -0.074928
 63 -0.000007 0.000005 3.713580 -0.001619 -3.122277 -0.475127
 64 0.000003 -0.000001 -5.000000 -0.088726 1.558589 3.066335
 65 7.363602 1.646647 0.495663 3.141593 -1.570796 0.000000
 66 -0.000005 0.000006 3.619081 0.008255 -3.110080 -0.985232
 67 16.573921 0.000001 0.000000 -0.000000 0.000000 -1.065827
 68 15.128180 0.000000 0.000000 -0.102296 0.010178 0.114297
 69 5.758665 4.244731 -0.000000 0.000000 -0.000000 1.667687
 70 3.177726 0.000000 0.000000 0.000000 0.000000 3.141593
 71 15.708953 0.000001 0.000000 -0.051525 0.003996 0.061523
 72 0.275149 0.189215 -3.445208 3.130898 0.000409 -1.514604
 73 17.210194 -0.000000 0.000000 0.000000 0.000000 -1.893339
 74 0.000001 0.000000 -5.000000 -0.079433 1.546568 -1.570859
 75 0.000002 -0.000003 -3.619081 0.577895 2.675801 -0.242118
 76 16.573923 -0.000000 -0.000001 0.000000 -0.000000 -1.163030
 77 15.128182 -0.000000 0.000002 0.089479 0.309197 0.659208
 78 5.758665 4.244730 0.000000 -0.000000 0.000000 1.815142
 79 4.003934 -0.000000 0.000000 0.000000 0.000000 0.000000
 80 15.708954 0.000000 0.000002 0.042277 0.226871 0.443133
 81 0.273998 0.191089 3.439762 -3.130907 -0.000437 -1.508107
 82 17.210196 -0.000001 -0.000002 0.000000 -0.000000 -1.937080
 83 0.000001 -0.000001 5.000000 -0.079314 1.595025 -1.570739
time 18
  0 -0.650000 0.000000 33.899605 -0.025849 0.174554 -1.569172
  1 5.685104 0.833237 -32.227169 -0.174512 -0.026131 1.569196
  2 -2.276935 0.000003 -1.238188 -1.570795 -1.570451 0.000000
  3 1.797252 0.711842 -0.000536 0.163571 -0.052994 0.025597
  4 4.118630 -0.003236 -0.000534 0.164639 -0.117492 -0.010816
  5 4.118634 -0.003236 -0.000534 0.164882 -0.130311 -0.012874
  6 4.118631 -0.003236 -0.000535 0.164639 -0.117478 -0.010903
  7 4.120214 -0.002737 -0.001557 0.456142 0.022557 0.543841
  8 4.443599 0.000001 0.000000 0.482195 -0.271251 0.260013
  9 9.024062 0.000001 -0.000000 0.000000 0.000000 0.000000
 10 -0.039082 0.766584 1.555171 1.076988 -1.102604 1.513175
 11 6.384777 -0.000001 -0.000002 -0.204957 0.943761 -0.552351
 12 10.242682 -0.000000 -0.000001 0.000000 0.000000 -1.397897
 13 11.375562 -0.000003 0.000001 -0.514289 0.340497 -0.467942
 14 0.728681 0.023433 -1.008292 1.764037 0.299568 0.470007
 15 2.136497 -0.000000 -0.000001 -0.000000 -0.000000 0.436332
 16 2.313139 0.000000 0.000000 0.000000 0.000000 0.000000
 17 3.115507 -0.886038 -0.021431 -0.611602 -0.110752 0.358009
 18 2.011151 -0.000001 -0.000001 -0.000000 -0.000000 1.410058
 19 2.141379 0.000000 0.000000 0.000000 0.000000 0.000000
 20 1.734172 0.000000 -0.000001 -0.000000 0.000000 0.704525
 21 0.000005 -4.440594 -0.000000 1.570544 -0.062990 -0.195737
 22 6.000001 0.000001 0.000000 -0.745811 0.000000 -0.000000
 23 0.000001 -4.440599 -0.000000 1.569944 -0.062987 0.004053
 24 11.375563 0.000001 0.000002 -1.031305 0.106061 -0.296189
 25 -0.000001 -4.440605 -0.000000 1.570144 -0.062988 0.004040
 26 10.510130 0.000000 -0.000000 0.000000 0.000000 -2.269745
 27 -0.000002 -1.748400 4.999999 -0.000000 0.004007 1.602291
 28 5.499998 0.000001 0.000000 -0.028175 0.000000 -0.000000
 29 -0.000001 -1.940598 5.000000 -0.044472 0.004003 -0.000180
 30 6.551492 -0.000001 -0.000002 -0.006422 0.615824 -0.382637
 31 -0.000001 -1.940599 5.000004 -0.027189 -0.053376 0.005295
 32 6.551491 -0.000000 -0.000002 0.028605 0.292561 -0.171821
 33 0.000001 -1.940599 4.999996 -0.066572 -0.152786 -0.110311
 34 0.039087 -0.759505 -1.555171 -1.306365 2.826315 1.173295
 35 6.384776 -0.000001 -0.000001 1.041723 -0.182588 -0.562868
 36 10.242682 -0.000003 0.000001 -0.000000 0.000000 -1.738615
 37 11.375562 0.000001 0.000002 2.067191 0.356097 -0.696082
 38 0.728681 0.023429 1.008291 -2.921925 -0.650415 1.123821
 39 2.136497 -0.000002 -0.000000 -0.000000 0.000000 1.038471
 40 2.313139 0.000002 -0.000000 0.000000 0.000000 3.141593
 41 3.115508 -0.886044 0.021430 0.449542 0.271884 0.266390
 42 2.011151 -0.000002 -0.000000 -0.000000 0.000000 1.183165
 43 2.141380 0.000001 -0.000001 0.000000 0.000000 3.141593
 44 1.734173 -0.000005 0.000000 0.000000 0.000000 0.590745
 45 0.136314 -3.738197 2.525891 1.493698 2.759406 -1.474501
 46 3.726727 -0.053313 2.419486 -0.262762 2.898943 1.398576
 47 11.389368 -0.000819 0.158783 1.846230 0.133058 -0.367863
 48 -0.000000 -4.440598 0.000001 1.570144 -3.078602 0.004040
 49 6.000001 0.000000 0.000002 1.846230 -0.000000 -0.000000
 50 0.000004 -4.440601 0.000000 1.569944 -3.078603 0.004053
 51 10.510132 -0.000001 0.000003 -0.000000 -0.000000 -2.440104
 52 0.000001 -1.748401 -5.000003 -3.141593 0.004007 -1.539299
 53 5.500000 -0.000002 0.000001 -0.323047 -0.000000 0.000000
 54 -0.000000 0.000001 -5.000000 -0.044472 3.137589 -0.000177
 55 6.551489 -0.000001 0.000002 0.323047 -0.135682 -0.187024
 56 -1.266844 -1.937443 -4.950559 -0.066572 -2.988806 -0.110308
 57 6.551491 -0.000001 -0.000001 0.323047 -0.135682 -0.187024
 58 0.699371 -1.944208 -5.006845 -0.027189 -3.088217 0.005298
 59 4.226145 -0.003202 0.000000 0.227069 0.043388 0.284999
 60 0.000002 4.999999 0.000000 -0.153564 0.000087 2.718702
 61 0.000004 -0.000005 -3.713580 0.365818 2.880119 -0.191589
 62 0.000003 -0.000000 5.000000 3.053196 1.558589 -0.074928
 63 -0.000007 0.000005 3.713580 -0.001619 -3.122277 -0.475127
 64 0.000003 -0.000001 -5.000000 -0.088726 1.558589 3.066335
 65 7.363602 1.646647 0.495663 3.141593 -1.570796 0.000000
 66 -0.000005 0.000006 3.619081 0.008255 -3.110080 -0.985232
 67 16.573921 0.000001 0.000000 -0.000000 0.000000 -1.065827
 68 15.128180 0.000000 0.000000 -0.102296 0.010178 0.114297
 69 5.758665 4.244731 -0.000000 0.000000 -0.000000 1.667687
 70 3.177726 0.000000 0.000000 0.000000 0.000000 3.141593
 71 15.708953 0.000001 0.000000 -0.051525 0.003996 0.061523
 72 0.275149 0.189215 -3.445208 3.130898 0.000409 -1.514604
 73 17.210194 -0.000000 0.000000 0.000000 0.000000 -1.893339
 74 0.000001 0.000000 -5.000000 -0.079433 1.546568 -1.570859
 75 0.000002 -0.000003 -3.619081 0.577895 2.675801 -0.242118
 76 16.573923 -0.000000 -0.000001 0.000000 -0.000000 -1.163030
 77 15.128182 -0.000000 0.000002 0.089479 0.309197 0.659208
 78 5.758665 4.244730 0.000000 -0.000000 0.000000 1.815142
 79 4.003934 -0.000000 0.000000 0.000000 0.000000 0.000000
 80 15.708954 0.000000 0.000002 0.042277 0.226871 0.443133
 81 0.273998 0.191089 3.439762 -3.130907 -0.000437 -1.508107
 82 17.210196 -0.000001 -0.000002 0.000000 -0.000000 -1.937080
 83 0.000001 -0.000001 5.000000 -0.079314 1.595025 -1.570739
time 19
  0 -0.650000 0.000000 33.899605 -0.025849 0.174554 -1.569172
  1 5.685104 0.833237 -32.227169 -0.174512 -0.026131 1.569196
  2 -2.276935 0.000003 -1.238188 -1.570795 -1.570451 0.000000
  3 1.797256 0.711843 -0.000541 0.165309 -0.052712 0.027477
  4 4.118636 -0.003236 -0.000540 0.166378 -0.117393 -0.010527
  5 4.118631 -0.003234 -0.000539 0.166623 -0.130208 -0.012607
  6 4.118635 -0.003235 -0.000540 0.166378 -0.117378 -0.010614
  7 4.120191 -0.002784 -0.001500 0.438042 0.019415 0.527621
  8 4.443599 0.000002 -0.000000 0.498930 -0.259681 0.266630
  9 9.024061 -0.000002 0.000002 0.000000 0.000000 0.000000
 10 -0.033638 0.738358 1.568830 1.101619 -1.119720 1.504365
 11 6.384778 0.000000 -0.000005 -0.208311 0.948462 -0.568304
 12 10.242679 -0.000000 -0.000001 0.000000 0.000000 -1.384050
 13 11.375562 0.000002 -0.000002 -0.511781 0.339382 -0.473268
 14 0.728681 0.023431 -1.008292 1.764037 0.299568 0.470007
 15 2.136497 -0.000001 -0.000003 0.000000 -0.000000 0.436332
 16 2.313139 0.000001 0.000003 0.000000 0.000000 0.000000
 17 3.115506 -0.886039 -0.021431 -0.611602 -0.110752 0.358009
 18 2.011151 -0.000003 -0.000002 -0.000000 -0.000000 1.410058
 19 2.141380 -0.000000 0.000001 0.000000 0.000000 0.000000
 20 1.734172 -0.000001 -0.000001 -0.000000 0.000000 0.704525
 21 0.000007 -4.440593 0.000001 1.570544 -0.062990 -0.195737
 22 6.000000 -0.000002 -0.000001 -0.743356 -0.000000 0.000000
 23 0.000001 -4.440603 -0.000001 1.569944 -0.062987 0.004053
 24 11.375562 -0.000002 0.000002 -1.029774 0.104433 -0.298779
 25 -0.000001 -4.440606 -0.000001 1.570144 -0.062988 0.004040
 26 10.510130 -0.000000 -0.000002 0.000000 -0.000000 -2.262821
 27 0.000001 -1.748403 4.999999 -0.000000 0.004007 1.602291
 28 5.499999 0.000000 -0.000002 -0.030193 -0.000000 0.000000
 29 -0.000005 -1.940598 5.000001 -0.044472 0.004003 -0.000180
 30 6.551492 0.000000 -0.000003 -0.004186 0.620447 -0.388812
 31 -0.000000 -1.940598 5.000001 -0.027189 -0.053376 0.005295
 32 6.551492 0.000000 -0.000003 0.030386 0.294222 -0.174368
 33 -0.000000 -1.940600 4.999997 -0.066572 -0.152786 -0.110311
 34 0.033643 -0.731281 -1.568830 -1.323126 2.813688 1.181262
 35 6.384777 -0.000000 0.000000 1.042752 -0.181203 -0.555417
 36 10.242682 -0.000003 -0.000001 -0.000000 0.000000 -1.738615
 37 11.375561 0.000000 -0.000001 2.067191 0.356097 -0.696082
 38 0.728682 0.023428 1.008291 -2.921925 -0.650415 1.123821
 39 2.136498 0.000001 -0.000000 -0.000000 0.000000 1.038471
 40 2.313139 0.000000 -0.000000 0.000000 0.000000 3.141593
 41 3.115509 -0.886045 0.021429 0.449542 0.271884 0.266390
 42 2.011151 0.000001 -0.000000 -0.000000 0.000000 1.183165
 43 2.141379 0.000002 -0.000001 0.000000 0.000000 3.141593
 44 1.734174 -0.000002 0.000000 0.000000 0.000000 0.590745
 45 0.136314 -3.738191 2.525891 1.493698 2.759406 -1.474501
 46 3.726728 -0.053314 2.419486 -0.262762 2.898943 1.398576
 47 11.389367 -0.000819 0.158781 1.846230 0.133058 -0.367863
 48 -0.000002 -4.440598 0.000001 1.570144 -3.078602 0.004040
 49 6.000000 -0.000000 -0.000001 1.846230 -0.000000 -0.000000
 50 0.000003 -4.440603 0.000001 1.569944 -3.078603 0.004053
 51 10.510132 -0.000001 0.000000 -0.000000 -0.000000 -2.440104
 52 0.000000 -1.748399 -5.000002 -3.141593 0.004007 -1.539299
 53 5.500000 -0.000002 -0.000001 -0.323710 0.000000 0.000000
 54 0.000000 0.000000 -4.999999 -0.044472 3.137590 -0.000177
 55 6.551491 -0.000000 0.000001 0.323710 -0.135435 -0.185747
 56 -1.266844 -1.937443 -4.950560 -0.066572 -2.988806 -0.110308
 57 6.551491 -0.000000 0.000001 0.323710 -0.135435 -0.185747
 58 0.699371 -1.944209 -5.006849 -0.027189 -3.088217 0.005298
 59 4.226146 -0.003201 0.000000 0.218300 0.039598 0.277817
 60 -0.000000 5.000001 -0.000001 -0.153564 0.000087 2.718702
 61 0.000004 -0.000005 -3.713580 0.365818 2.880119 -0.191589
 62 0.000003 -0.000000 5.000000 3.053196 1.558589 -0.074928
 63 -0.000007 0.000005 3.713580 -0.001619 -3.122277 -0.475127
 64 0.000003 -0.000001 -5.000000 -0.088726 1.558589 3.066335
 65 7.363602 1.646647 0.495663 3.141593 -1.570796 0.000000
 66 -0.000005 0.000006 3.619081 0.008255 -3.110080 -0.985232
 67 16.573921 0.000001 0.000000 -0.000000 0.000000 -1.065827
 68 15.128180 0.000000 0.000000 -0.102296 0.010178 0.114297
 69 5.758665 4.244731 -0.000000 0.000000 -0.000000 1.667687
 70 3.177726 0.000000 0.000000 0.000000 0.000000 3.141593
 71 15.708953 0.000001 0.000000 -0.051525 0.003996 0.061523
 72 0.275149 0.189215 -3.445208 3.130898 0.000409 -1.514604
 73 17.210194 -0.000000 0.000000 0.000000 0.000000 -1.893339
 74 0.000001 0.000000 -5.000000 -0.079433 1.546568 -1.570859
 75 0.000002 -0.000003 -3.619081 0.577895 2.675801 -0.242118
 76 16.573923 -0.000000 -0.000001 0.000000 -0.000000 -1.163030
 77 15.128182 -0.000000 0.000002 0.089479 0.309197 0.659208
 78 5.758665 4.244730 0.000000 -0.000000 0.000000 1.815142
 79 4.003934 -0.000000 0.000000 0.000000 0.000000 0.000000
 80 15.708954 0.000000 0.000002 0.042277 0.226871 0.443133
 81 0.273998 0.191089 3.439762 -3.130907 -0.000437 -1.508107
 82 17.210196 -0.000001 -0.000002 0.000000 -0.000000 -1.937080
 83 0.000001 -0.000001 5.000000 -0.079314 1.595025 -1.570739
time 20
  0 -0.650000 0.000000 33.899605 -0.025849 0.174554 -1.569172
  1 5.685104 0.833237 -32.227169 -0.174512 -0.026131 1.569196
  2 -2.276935 0.000003 -1.238188 -1.570795 -1.570451 0.000000
  3 1.797267 0.711843 -0.000547 0.167145 -0.052417 0.029463
  4 4.118629 -0.003233 -0.000545 0.168214 -0.117288 -0.010221
  5 4.118637 -0.003235 -0.000546 0.168462 -0.130099 -0.012325
  6 4.118631 -0.003233 -0.000545 0.168214 -0.117274 -0.010308
  7 4.120185 -0.002800 -0.001479 0.431136 0.017717 0.522701
  8 4.443598 -0.000002 -0.000000 0.500597 -0.252964 0.267999
  9 9.024060 0.000001 -0.000001 0.000000 0.000000 0.000000
 10 -0.030699 0.727529 1.573917 1.111021 -1.126270 1.499637
 11 6.384777 0.000000 -0.000001 -0.212984 0.952435 -0.585448
 12 10.242684 -0.000000 -0.000000 0.000000 -0.000000 -1.370167
 13 11.375561 -0.000001 -0.000000 -0.509806 0.338365 -0.478803
 14 0.728681 0.023434 -1.008292 1.764037 0.299568 0.470007
 15 2.136497 -0.000000 -0.000002 0.000000 0.000000 0.436332
 16 2.313140 0.000001 0.000001 0.000000 0.000000 0.000000
 17 3.115507 -0.886041 -0.021432 -0.611602 -0.110752 0.358009
 18 2.011151 -0.000000 0.000001 -0.000000 0.000000 1.410058
 19 2.141381 -0.000000 -0.000000 0.000000 0.000000 0.000000
 20 1.734172 0.000001 -0.000001 0.000000 -0.000000 0.704525
 21 0.000005 -4.440594 -0.000001 1.570544 -0.062990 -0.195737
 22 5.999999 -0.000002 -0.000000 -0.741315 0.000000 0.000000
 23 0.000001 -4.440599 -0.000000 1.569944 -0.062987 0.004053
 24 11.375561 0.000000 0.000003 -1.028496 0.102859 -0.301438
 25 -0.000001 -4.440604 -0.000001 1.570144 -0.062988 0.004040
 26 10.510131 0.000001 -0.000000 -0.000000 -0.000000 -2.255880
 27 0.000001 -1.748402 4.999999 -0.000000 0.004007 1.602291
 28 5.499999 0.000000 0.000001 -0.031769 0.000000 0.000000
 29 -0.000001 -1.940598 5.000001 -0.044472 0.004003 -0.000180
 30 6.551490 0.000001 0.000001 -0.002793 0.624670 -0.395418
 31 0.000000 -1.940599 5.000003 -0.027189 -0.053376 0.005295
 32 6.551490 0.000001 0.000001 0.031805 0.295731 -0.177048
 33 -0.000000 -1.940599 4.999998 -0.066572 -0.152786 -0.110311
 34 0.030700 -0.720455 -1.573917 -1.329389 2.808750 1.182977
 35 6.384776 0.000000 0.000001 1.043844 -0.179746 -0.547548
 36 10.242681 -0.000001 0.000000 -0.000000 0.000000 -1.738615
 37 11.375560 0.000000 0.000001 2.067191 0.356097 -0.696082
 38 0.728680 0.023430 1.008291 -2.921925 -0.650415 1.123821
 39 2.136498 0.000001 -0.000000 -0.000000 0.000000 1.038471
 40 2.313139 0.000003 -0.000000 0.000000 0.000000 3.141593
 41 3.115507 -0.886043 0.021429 0.449542 0.271884 0.266390
 42 2.011152 -0.000001 -0.000000 -0.000000 0.000000 1.183165
 43 2.141381 0.000003 -0.000001 0.000000 0.000000 3.141593
 44 1.734174 -0.000004 0.000000 0.000000 0.000000 0.590745
 45 0.136314 -3.738193 2.525891 1.493698 2.759406 -1.474501
 46 3.726727 -0.053312 2.419486 -0.262762 2.898943 1.398576
 47 11.389366 -0.000820 0.158782 1.846230 0.133058 -0.367863
 48 -0.000003 -4.440597 -0.000001 1.570144 -3.078602 0.004040
 49 6.000000 -0.000000 0.000001 1.846230 -0.000000 -0.000000
 50 0.000003 -4.440603 0.000001 1.569944 -3.078603 0.004053
 51 10.510131 0.000001 0.000002 -0.000000 -0.000000 -2.440104
 52 0.000001 -1.748401 -5.000003 -3.141593 0.004007 -1.539299
 53 5.500000 0.000000 0.000001 -0.324403 0.000000 -0.000000
 54 0.000001 0.000000 -4.999998 -0.044472 3.137589 -0.000177
 55 6.551489 0.000001 0.000002 0.324403 -0.135172 -0.184389
 56 -1.266843 -1.937444 -4.950561 -0.066572 -2.988806 -0.110308
 57 6.551490 0.000001 0.000002 0.324403 -0.135172 -0.184389
 58 0.699369 -1.944208 -5.006849 -0.027189 -3.088217 0.005298
 59 4.226143 -0.003201 0.000001 0.214973 0.037984 0.275676
 60 0.000001 5.000000 -0.000000 -0.153564 0.000087 2.718702
 61 0.000004 -0.000005 -3.713580 0.365818 2.880119 -0.191589
 62 0.000003 -0.000000 5.000000 3.053196 1.558589 -0.074928
 63 -0.000007 0.000005 3.713580 -0.001619 -3.122277 -0.475127
 64 0.000003 -0.000001 -5.000000 -0.088726 1.558589 3.066335
 65 7.363602 1.646647 0.495663 3.141593 -1.570796 0.000000
 66 -0.000005 0.000006 3.619081 0.008255 -3.110080 -0.985232
 67 16.573921 0.000001 0.000000 -0.000000 0.000000 -1.065827
 68 15.128180 0.000000 0.000000 -0.102296 0.010178 0.114297
 69 5.758665 4.244731 -0.000000 0.000000 -0.000000 1.667687
 70 3.177726 0.000000 0.000000 0.000000 0.000000 3.141593
 71 15.708953 0.000001 0.000000 -0.051525 0.003996 0.061523
 72 0.275149 0.189215 -3.445208 3.130898 0.000409 -1.514604
 73 17.210194 -0.000000 0.000000 0.000000 0.000000 -1.893339
 74 0.000001 0.000000 -5.000000 -0.079433 1.546568 -1.570859
 75 0.000002 -0.000003 -3.619081 0.577895 2.675801 -0.242118
 76 16.573923 -0.000000 -0.000001 0.000000 -0.000000 -1.163030
 77 15.128182 -0.000000 0.000002 0.089479 0.309197 0.659208
 78 5.758665 4.244730 0.000000 -0.000000 0.000000 1.815142
 79 4.003934 -0.000000 0.000000 0.000000 0.000000 0.000000
 80 15.708954 0.000000 0.000002 0.042277 0.226871 0.443133
 81 0.273998 0.191089 3.439762 -3.130907 -0.000437 -1.508107
 82 17.210196 -0.000001 -0.000002 0.000000 -0.000000 -1.937080
 83 0.000001 -0.000001 5.000000 -0.079314 1.595025 -1.570739
time 21
  0 -0.650000 0.000000 33.899605 -0.025849 0.174554 -1.569172
  1 5.685104 0.833237 -32.227169 -0.174512 -0.026131 1.569196
  2 -2.276935 0.000003 -1.238188 -1.570795 -1.570451 0.000000
  3 1.797271 0.711845 -0.000553 0.169066 -0.052112 0.031541
  4 4.118636 -0.003233 -0.000551 0.170134 -0.117180 -0.009901
  5 4.118635 -0.003233 -0.000552 0.170385 -0.129987 -0.012030
  6 4.118639 -0.003233 -0.000552 0.170134 -0.117165 -0.009988
  7 4.120180 -0.002815 -0.001454 0.423479 0.015490 0.518178
  8 4.443598 -0.000002 -0.000000 0.502851 -0.245910 0.268629
  9 9.024061 -0.000003 0.000000 0.000000 0.000000 0.000000
 10 -0.026840 0.715483 1.579472 1.121456 -1.133541 1.493392
 11 6.384777 -0.000000 -0.000001 -0.220140 0.953665 -0.602661
 12 10.242682 -0.000000 0.000001 -0.000000 -0.000000 -1.360331
 13 11.375561 0.000001 -0.000001 -0.510164 0.338168 -0.483661
 14 0.728681 0.023431 -1.008292 1.764037 0.299568 0.470007
 15 2.136497 0.000000 -0.000000 -0.000000 -0.000000 0.436332
 16 2.313140 -0.000000 0.000000 0.000000 0.000000 0.000000
 17 3.115507 -0.886041 -0.021431 -0.611602 -0.110752 0.358009
 18 2.011151 0.000000 0.000000 -0.000000 -0.000000 1.410058
 19 2.141379 0.000000 -0.000000 0.000000 0.000000 0.000000
 20 1.734172 0.000003 0.000001 0.000000 -0.000000 0.704525
 21 0.000007 -4.440593 0.000001 1.570544 -0.062990 -0.195737
 22 6.000000 0.000002 -0.000001 -0.741215 -0.000000 -0.000000
 23 0.000002 -4.440603 -0.000001 1.569944 -0.062987 0.004053
 24 11.375563 0.000001 0.000002 -1.028398 0.101984 -0.303708
 25 -0.000001 -4.440605 0.000000 1.570144 -0.062988 0.004040
 26 10.510132 -0.000000 0.000001 0.000000 -0.000000 -2.250962
 27 0.000000 -1.748400 4.999999 0.000000 0.004007 1.602291
 28 5.500000 0.000000 0.000001 -0.032021 -0.000000 -0.000000
 29 -0.000001 -1.940599 5.000000 -0.044472 0.004003 -0.000180
 30 6.551491 -0.000000 -0.000001 -0.003657 0.626866 -0.402274
 31 0.000000 -1.940599 5.000000 -0.027189 -0.053376 0.005295
 32 6.551491 -0.000000 -0.000001 0.032116 0.296489 -0.179783
 33 -0.000000 -1.940598 4.999996 -0.066572 -0.152786 -0.110311
 34 0.026842 -0.708409 -1.579473 -1.336248 2.803204 1.183911
 35 6.384777 -0.000001 -0.000002 1.044992 -0.178228 -0.539317
 36 10.242682 0.000000 -0.000001 -0.000000 0.000000 -1.738615
 37 11.375559 -0.000001 -0.000000 2.067191 0.356097 -0.696082
 38 0.728680 0.023429 1.008293 -2.921925 -0.650415 1.123821
 39 2.136498 -0.000001 0.000001 -0.000000 0.000000 1.038471
 40 2.313139 0.000001 -0.000000 0.000000 0.000000 3.141593
 41 3.115507 -0.886043 0.021432 0.449542 0.271884 0.266390
 42 2.011151 -0.000002 -0.000000 -0.000000 0.000000 1.183165
 43 2.141380 0.000002 -0.000001 0.000000 0.000000 3.141593
 44 1.734173 -0.000005 0.000000 0.000000 0.000000 0.590745
 45 0.136314 -3.738193 2.525891 1.493698 2.759406 -1.474501
 46 3.726727 -0.053313 2.419488 -0.262762 2.898943 1.398576
 47 11.389365 -0.000820 0.158781 1.846230 0.133058 -0.367863
 48 -0.000001 -4.440599 -0.000001 1.570144 -3.078602 0.004040
 49 5.999999 -0.000001 -0.000000 1.846230 -0.000000 -0.000000
 50 0.000001 -4.440602 0.000000 1.569944 -3.078603 0.004053
 51 10.510132 0.000002 0.000001 -0.000000 -0.000000 -2.440104
 52 0.000000 -1.748401 -5.000001 -3.141593 0.004007 -1.539299
 53 5.500000 0.000001 -0.000001 -0.325121 -0.000000 -0.000000
 54 0.000001 0.000001 -4.999999 -0.044472 3.137589 -0.000177
 55 6.551489 -0.000001 0.000001 0.325121 -0.134892 -0.182958
 56 -1.266843 -1.937444 -4.950562 -0.066572 -2.988806 -0.110308
 57 6.551490 -0.000001 0.000001 0.325121 -0.134892 -0.182958
 58 0.699371 -1.944208 -5.006847 -0.027189 -3.088217 0.005298
 59 4.226143 -0.003201 0.000001 0.211294 0.036077 0.273744
 60 -0.000000 5.000001 -0.000000 -0.153564 0.000087 2.718702
 61 0.000004 -0.000005 -3.713580 0.365818 2.880119 -0.191589
 62 0.000003 -0.000000 5.000000 3.053196 1.558589 -0.074928
 63 -0.000007 0.000005 3.713580 -0.001619 -3.122277 -0.475127
 64 0.000003 -0.000001 -5.000000 -0.088726 1.558589 3.066335
 65 7.363602 1.646647 0.495663 3.141593 -1.570796 0.000000
 66 -0.000005 0.000006 3.619081 0.008255 -3.110080 -0.985232
 67 16.573921 0.000001 0.000000 -0.000000 0.000000 -1.065827
 68 15.128180 0.000000 0.000000 -0.102296 0.010178 0.114297
 69 5.758665 4.244731 -0.000000 0.000000 -0.000000 1.667687
 70 3.177726 0.000000 0.000000 0.000000 0.000000 3.141593
 71 15.708953 0.000001 0.000000 -0.051525 0.003996 0.061523
 72 0.275149 0.189215 -3.445208 3.130898 0.000409 -1.514604
 73 17.210194 -0.000000 0.000000 0.000000 0.000000 -1.893339
 74 0.000001 0.000000 -5.000000 -0.079433 1.546568 -1.570859
 75 0.000002 -0.000003 -3.619081 0.577895 2.675801 -0.242118
 76 16.573923 -0.000000 -0.000001 0.000000 -0.000000 -1.163030
 77 15.128182 -0.000000 0.000002 0.089479 0.309197 0.659208
 78 5.758665 4.244730 0.000000 -0.000000 0.000000 1.815142
 79 4.003934 -0.000000 0.000000 0.000000 0.000000 0.000000
 80 15.708954 0.000000 0.000002 0.042277 0.226871 0.443133
 81 0.273998 0.191089 3.439762 -3.130907 -0.000437 -1.508107
 82 17.210196 -0.000001 -0.000002 0.000000 -0.000000 -1.937080
 83 0.000001 -0.000001 5.000000 -0.079314 1.595025 -1.570739
time 22
  0 -0.650000 0.000000 33.899605 -0.025849 0.174554 -1.569172
  1 5.685104 0.833237 -32.227169 -0.174512 -0.026131 1.569196
  2 -2.276935 0.000003 -1.238188 -1.570795 -1.570451 0.000000
  3 1.797279 0.711846 -0.000560 0.171058 -0.051800 0.033696
  4 4.118638 -0.003231 -0.000558 0.172126 -0.117068 -0.009569
  5 4.118637 -0.003231 -0.000558 0.172379 -0.129871 -0.011724
  6 4.118639 -0.003232 -0.000558 0.172125 -0.117053 -0.009656
  7 4.120182 -0.002849 -0.001389 0.403085 0.008287 0.509642
  8 4.443597 0.000000 -0.000000 0.521030 -0.234309 0.266930
  9 9.024061 0.000001 -0.000001 0.000000 0.000000 0.000000
 10 -0.014361 0.683185 1.593799 1.149831 -1.152878 1.472494
 11 6.384778 0.000001 -0.000001 -0.228647 0.953503 -0.620178
 12 10.242682 -0.000000 0.000000 -0.000000 0.000000 -1.352128
 13 11.375562 0.000000 -0.000000 -0.511517 0.338479 -0.488212
 14 0.728681 0.023431 -1.008292 1.764037 0.299568 0.470007
 15 2.136497 0.000000 0.000001 0.000000 0.000000 0.436332
 16 2.313139 -0.000001 0.000001 0.000000 0.000000 0.000000
 17 3.115507 -0.886039 -0.021431 -0.611602 -0.110752 0.358009
 18 2.011151 -0.000001 -0.000001 -0.000000 -0.000000 1.410058
 19 2.141380 -0.000000 0.000000 0.000000 0.000000 0.000000
 20 1.734172 -0.000000 -0.000001 -0.000000 0.000000 0.704525
 21 0.000005 -4.440595 -0.000001 1.570544 -0.062990 -0.195737
 22 6.000000 -0.000001 -0.000000 -0.741938 0.000000 -0.000000
 23 0.000001 -4.440604 -0.000001 1.569944 -0.062987 0.004053
 24 11.375562 -0.000003 0.000003 -1.028799 0.101494 -0.305818
 25 -0.000001 -4.440607 -0.000000 1.570144 -0.062988 0.004040
 26 10.510132 0.000000 -0.000000 -0.000000 0.000000 -2.246860
 27 -0.000001 -1.748399 4.999999 -0.000000 0.004007 1.602290
 28 5.500000 -0.000000 0.000000 -0.031616 0.000000 -0.000000
 29 0.000001 -1.940598 5.000001 -0.044472 0.004003 -0.000180
 30 6.551492 0.000002 0.000001 -0.005659 0.628088 -0.409341
 31 -0.000002 -1.940598 5.000004 -0.027189 -0.053376 0.005295
 32 6.551492 0.000002 0.000001 0.031879 0.296890 -0.182574
 33 -0.000001 -1.940598 4.999998 -0.066572 -0.152786 -0.110311
 34 0.014361 -0.676107 -1.593799 -1.354264 2.788203 1.182727
 35 6.384777 -0.000000 -0.000004 1.046190 -0.176661 -0.530780
 36 10.242682 0.000001 0.000001 -0.000000 0.000000 -1.738615
 37 11.375561 0.000001 0.000002 2.067191 0.356097 -0.696082
 38 0.728681 0.023430 1.008291 -2.921925 -0.650415 1.123821
 39 2.136497 -0.000000 0.000001 -0.000000 0.000000 1.038471
 40 2.313140 0.000002 -0.000000 0.000000 0.000000 3.141593
 41 3.115508 -0.886043 0.021429 0.449542 0.271884 0.266390
 42 2.011150 -0.000001 -0.000000 -0.000000 0.000000 1.183165
 43 2.141381 0.000001 -0.000001 0.000000 0.000000 3.141593
 44 1.734173 -0.000004 0.000000 0.000000 0.000000 0.590745
 45 0.136314 -3.738192 2.525891 1.493698 2.759406 -1.474501
 46 3.726727 -0.053312 2.419486 -0.262762 2.898943 1.398576
 47 11.389366 -0.000819 0.158783 1.846230 0.133058 -0.367863
 48 -0.000002 -4.440597 -0.000000 1.570144 -3.078602 0.004040
 49 6.000000 0.000000 0.000002 1.846230 -0.000000 -0.000000
 50 0.000003 -4.440602 0.000001 1.569944 -3.078603 0.004053
 51 10.510131 0.000002 0.000003 -0.000000 -0.000000 -2.440104
 52 0.000000 -1.748399 -5.000003 -3.141593 0.004007 -1.539299
 53 5.500000 0.000001 0.000002 -0.325858 -0.000000 -0.000000
 54 -0.000001 0.000000 -5.000000 -0.044472 3.137590 -0.000177
 55 6.551489 -0.000000 -0.000000 0.325858 -0.134598 -0.181460
 56 -1.266844 -1.937443 -4.950558 -0.066572 -2.988806 -0.110308
 57 6.551490 -0.000000 -0.000000 0.325858 -0.134598 -0.181460
 58 0.699371 -1.944209 -5.006847 -0.027189 -3.088217 0.005298
 59 4.226144 -0.003201 0.000000 0.201532 0.030562 0.270253
 60 -0.000000 4.999999 -0.000000 -0.153564 0.000087 2.718702
 61 0.000004 -0.000005 -3.713580 0.365818 2.880119 -0.191589
 62 0.000003 -0.000000 5.000000 3.053196 1.558589 -0.074928
 63 -0.000007 0.000005 3.713580 -0.001619 -3.122277 -0.475127
 64 0.000003 -0.000001 -5.000000 -0.088726 1.558589 3.066335
 65 7.363602 1.646647 0.495663 3.141593 -1.570796 0.000000
 66 -0.000005 0.000006 3.619081 0.008255 -3.110080 -0.985232
 67 16.573921 0.000001 0.000000 -0.000000 0.000000 -1.065827
 68 15.128180 0.000000 0.000000 -0.102296 0.010178 0.114297
 69 5.758665 4.244731 -0.000000 0.000000 -0.000000 1.667687
 70 3.177726 0.000000 0.000000 0.000000 0.000000 3.141593
 71 15.708953 0.000001 0.000000 -0.051525 0.003996 0.061523
 72 0.275149 0.189215 -3.445208 3.130898 0.000409 -1.514604
 73 17.210194 -0.000000 0.000000 0.000000 0.000000 -1.893339
 74 0.000001 0.000000 -5.000000 -0.079433 1.546568 -1.570859
 75 0.000002 -0.000003 -3.619081 0.577895 2.675801 -0.242118
 76 16.573923 -0.000000 -0.000001 0.000000 -0.000000 -1.163030
 77 15.128182 -0.000000 0.000002 0.089479 0.309197 0.659208
 78 5.758665 4.244730 0.000000 -0.000000 0.000000 1.815142
 79 4.003934 -0.000000 0.000000 0.000000 0.000000 0.000000
 80 15.708954 0.000000 0.000002 0.042277 0.226871 0.443133
 81 0.273998 0.191089 3.439762 -3.130907 -0.000437 -1.508107
 82 17.210196 -0.000001 -0.000002 0.000000 -0.000000 -1.937080
 83 0.000001 -0.000001 5.000000 -0.079314 1.595025 -1.570739
time 23
  0 -0.650000 0.000000 33.899605 -0.025849 0.174554 -1.569172
  1 5.685104 0.833237 -32.227169 -0.174512 -0.026131 1.569196
  2 -2.276935 0.000003 -1.238188 -1.570795 -1.570451 0.000000
  3 1.797287 0.711848 -0.000566 0.173109 -0.051484 0.035915
  4 4.118639 -0.003230 -0.000565 0.174175 -0.116953 -0.009227
  5 4.118639 -0.003231 -0.000564 0.174432 -0.129752 -0.011408
  6 4.118642 -0.003231 -0.000565 0.174175 -0.116938 -0.009314
  7 4.120191 -0.002879 -0.001304 0.377738 -0.002266 0.503650
  8 4.443600 0.000001 0.000000 0.544995 -0.221256 0.260769
  9 9.024061 -0.000001 0.000002 0.000000 0.000000 0.000000
 10 0.003927 0.642592 1.610564 1.187462 -1.176664 1.439444
 11 6.384778 -0.000000 -0.000003 -0.237099 0.953373 -0.637889
 12 10.242684 -0.000000 -0.000000 -0.000000 0.000000 -1.344265
 13 11.375561 -0.000000 -0.000001 -0.513251 0.338639 -0.493017
 14 0.728681 0.023431 -1.008292 1.764037 0.299568 0.470007
 15 2.136497 0.000000 -0.000000 0.000000 0.000000 0.436332
 16 2.313139 -0.000000 0.000001 0.000000 0.000000 0.000000
 17 3.115507 -0.886040 -0.021431 -0.611602 -0.110752 0.358009
 18 2.011151 0.000001 0.000001 -0.000000 0.000000 1.410058
 19 2.141379 0.000000 -0.000001 0.000000 0.000000 0.000000
 20 1.734172 0.000001 -0.000000 -0.000000 0.000000 0.704525
 21 0.000005 -4.440596 -0.000001 1.570544 -0.062990 -0.195737
 22 6.000000 -0.000000 -0.000000 -0.742952 0.000000 -0.000000
 23 0.000001 -4.440600 0.000000 1.569944 -0.062987 0.004053
 24 11.375562 0.000000 0.000001 -1.029377 0.100916 -0.308006
 25 -0.000001 -4.440603 -0.000002 1.570144 -0.062988 0.004040
 26 10.510133 0.000000 -0.000001 0.000000 -0.000000 -2.242929
 27 -0.000000 -1.748400 4.999998 -0.000000 0.004007 1.602290
 28 5.500001 -0.000000 0.000000 -0.031254 -0.000000 0.000000
 29 -0.000001 -1.940598 5.000000 -0.044472 0.004003 -0.000180
 30 6.551492 0.000000 -0.000001 -0.007604 0.629444 -0.416399
 31 0.000002 -1.940598 5.000001 -0.027189 -0.053376 0.005295
 32 6.551492 0.000000 -0.000001 0.031679 0.297342 -0.185346
 33 0.000000 -1.940599 4.999996 -0.066572 -0.152786 -0.110311
 34 -0.003922 -0.635516 -1.610564 -1.376500 2.769378 1.176360
 35 6.384778 -0.000001 0.000000 1.047430 -0.175054 -0.521993
 36 10.242682 0.000001 -0.000001 -0.000000 -0.000000 -1.738616
 37 11.375562 0.000000 -0.000001 2.067191 0.356097 -0.696082
 38 0.728682 0.023431 1.008291 -2.921925 -0.650415 1.123821
 39 2.136495 0.000002 -0.000000 -0.000000 -0.000000 1.038471
 40 2.313138 0.000000 -0.000000 0.000000 0.000000 3.141593
 41 3.115507 -0.886039 0.021431 0.449542 0.271884 0.266390
 42 2.011151 -0.000001 -0.000000 -0.000000 0.000000 1.183165
 43 2.141381 0.000000 -0.000000 0.000000 0.000000 3.141593
 44 1.734173 -0.000003 0.000000 -0.000000 0.000000 0.590745
 45 0.136314 -3.738196 2.525891 1.493698 2.759406 -1.474501
 46 3.726726 -0.053308 2.419487 -0.262762 2.898943 1.398576
 47 11.389368 -0.000819 0.158781 1.846230 0.133058 -0.367863
 48 0.000003 -4.440599 -0.000002 1.570144 -3.078602 0.004040
 49 6.000001 -0.000000 -0.000000 1.846230 0.000000 0.000000
 50 0.000003 -4.440601 0.000000 1.569944 -3.078603 0.004053
 51 10.510132 0.000002 0.000000 -0.000000 -0.000000 -2.440104
 52 0.000001 -1.748401 -5.000002 3.141593 0.004007 -1.539299
 53 5.500001 0.000001 -0.000002 -0.326608 -0.000000 -0.000000
 54 -0.000000 0.000001 -4.999999 -0.044472 3.137589 -0.000177
 55 6.551493 -0.000001 -0.000000 0.326608 -0.134291 -0.179903
 56 -1.266845 -1.937443 -4.950558 -0.066572 -2.988806 -0.110308
 57 6.551493 -0.000001 0.000000 0.326608 -0.134291 -0.179903
 58 0.699369 -1.944208 -5.006846 -0.027189 -3.088217 0.005298
 59 4.226146 -0.003201 -0.000000 0.189441 0.023162 0.268063
 60 -0.000001 5.000001 0.000000 -0.153564 0.000087 2.718702
 61 0.000004 -0.000005 -3.713580 0.365818 2.880119 -0.191589
 62 0.000003 -0.000000 5.000000 3.053196 1.558589 -0.074928
 63 -0.000007 0.000005 3.713580 -0.001619 -3.122277 -0.475127
 64 0.000003 -0.000001 -5.000000 -0.088726 1.558589 3.066335
 65 7.363602 1.646647 0.495663 3.141593 -1.570796 0.000000
 66 -0.000005 0.000006 3.619081 0.008255 -3.110080 -0.985232
 67 16.573921 0.000001 0.000000 -0.000000 0.000000 -1.065827
 68 15.128180 0.000000 0.000000 -0.102296 0.010178 0.114297
 69 5.758665 4.244731 -0.000000 0.000000 -0.000000 1.667687
 70 3.177726 0.000000 0.000000 0.000000 0.000000 3.141593
 71 15.708953 0.000001 0.000000 -0.051525 0.003996 0.061523
 72 0.275149 0.189215 -3.445208 3.130898 0.000409 -1.514604
 73 17.210194 -0.000000 0.000000 0.000000 0.000000 -1.893339
 74 0.000001 0.000000 -5.000000 -0.079433 1.546568 -1.570859
 75 0.000002 -0.000003 -3.619081 0.577895 2.675801 -0.242118
 76 16.573923 -0.000000 -0.000001 0.000000 -0.000000 -1.163030
 77 15.128182 -0.000000 0.000002 0.089479 0.309197 0.659208
 78 5.758665 4.244730 0.000000 -0.000000 0.000000 1.815142
 79 4.003934 -0.000000 0.000000 0.000000 0.000000 0.000000
 80 15.708954 0.000000 0.000002 0.042277 0.226871 0.443133
 81 0.273998 0.191089 3.439762 -3.130907 -0.000437 -1.508107
 82 17.210196 -0.000001 -0.000002 0.000000 -0.000000 -1.937080
 83 0.000001 -0.000001 5.000000 -0.079314 1.595025 -1.570739
time 24
  0 -0.650000 0.000000 33.899605 -0.025849 0.174554 -1.569172
  1 5.685104 0.833237 -32.227169 -0.174512 -0.026131 1.569196
  2 -2.276935 0.000003 -1.238188 -1.570795 -1.570451 0.000000
  3 1.797295 0.711849 -0.000573 0.175206 -0.051165 0.038183
  4 4.118640 -0.003228 -0.000571 0.176270 -0.116837 -0.008878
  5 4.118643 -0.003229 -0.000571 0.176530 -0.129631 -0.011086
  6 4.118640 -0.003229 -0.000571 0.176270 -0.116822 -0.008965
  7 4.120217 -0.002909 -0.001214 0.350159 -0.014866 0.500695
  8 4.443598 0.000001 -0.000000 0.571268 -0.207474 0.251334
  9 9.024060 0.000001 -0.000001 0.000000 0.000000 0.000000
 10 0.025755 0.597877 1.627398 1.232835 -1.201992 1.395605
 11 6.384776 -0.000000 -0.000003 -0.245902 0.952794 -0.655698
 12 10.242682 -0.000000 0.000001 -0.000000 0.000000 -1.337092
 13 11.375562 0.000000 -0.000001 -0.515484 0.338853 -0.497866
 14 0.728680 0.023432 -1.008292 1.764037 0.299568 0.470007
 15 2.136496 -0.000000 0.000001 -0.000000 -0.000000 0.436332
 16 2.313140 0.000000 -0.000000 0.000000 0.000000 0.000000
 17 3.115506 -0.886039 -0.021431 -0.611602 -0.110752 0.358009
 18 2.011152 -0.000002 -0.000000 -0.000000 0.000000 1.410058
 19 2.141379 0.000000 -0.000001 0.000000 0.000000 0.000000
 20 1.734173 -0.000001 0.000001 0.000000 -0.000000 0.704525
 21 0.000005 -4.440594 0.000000 1.570544 -0.062990 -0.195737
 22 6.000000 -0.000001 0.000000 -0.744364 0.000000 -0.000000
 23 0.000001 -4.440604 -0.000001 1.569944 -0.062987 0.004053
 24 11.375562 0.000001 0.000002 -1.030196 0.100400 -0.310185
 25 -0.000001 -4.440605 -0.000001 1.570144 -0.062988 0.004040
 26 10.510132 -0.000000 0.000000 0.000000 -0.000000 -2.239342
 27 -0.000000 -1.748400 4.999999 -0.000000 0.004007 1.602290
 28 5.500000 -0.000000 0.000001 -0.030707 -0.000000 -0.000000
 29 0.000000 -1.940598 5.000000 -0.044472 0.004003 -0.000180
 30 6.551490 0.000000 -0.000001 -0.009875 0.630549 -0.423484
 31 0.000002 -1.940599 5.000001 -0.027189 -0.053376 0.005295
 32 6.551490 0.000000 -0.000001 0.031325 0.297705 -0.188112
 33 -0.000001 -1.940598 4.999997 -0.066572 -0.152786 -0.110311
 34 -0.025756 -0.590795 -1.627397 -1.400816 2.748945 1.165561
 35 6.384778 -0.000000 -0.000001 1.048705 -0.173419 -0.513014
 36 10.242682 0.000000 0.000001 -0.000000 -0.000000 -1.738616
 37 11.375562 0.000001 0.000002 2.067191 0.356097 -0.696082
 38 0.728681 0.023431 1.008291 -2.921925 -0.650415 1.123821
 39 2.136496 0.000003 -0.000000 -0.000000 -0.000000 1.038471
 40 2.313138 -0.000001 0.000000 0.000000 0.000000 3.141593
 41 3.115506 -0.886039 0.021431 0.449542 0.271884 0.266390
 42 2.011150 0.000000 -0.000000 -0.000000 0.000000 1.183165
 43 2.141380 -0.000001 -0.000000 0.000000 0.000000 3.141593
 44 1.734172 -0.000002 0.000000 -0.000000 0.000000 0.590745
 45 0.136315 -3.738195 2.525891 1.493698 2.759406 -1.474501
 46 3.726726 -0.053309 2.419488 -0.262762 2.898943 1.398576
 47 11.389367 -0.000819 0.158783 1.846230 0.133058 -0.367863
 48 0.000002 -4.440598 -0.000000 1.570144 -3.078602 0.004040
 49 6.000000 -0.000000 0.000001 1.846230 0.000000 0.000000
 50 0.000002 -4.440603 0.000001 1.569944 -3.078603 0.004053
 51 10.510132 0.000001 0.000003 -0.000000 -0.000000 -2.440104
 52 0.000001 -1.748398 -5.000004 3.141593 0.004007 -1.539299
 53 5.500000 0.000000 0.000001 -0.327366 -0.000000 0.000000
 54 -0.000000 0.000001 -5.000000 -0.044472 3.137589 -0.000177
 55 6.551492 -0.000000 -0.000001 0.327366 -0.133971 -0.178296
 56 -1.266843 -1.937444 -4.950559 -0.066572 -2.988806 -0.110308
 57 6.551492 -0.000000 -0.000001 0.327366 -0.133971 -0.178296
 58 0.699371 -1.944209 -5.006847 -0.027189 -3.088217 0.005298
 59 4.226148 -0.003202 0.000000 0.176311 0.014733 0.267288
 60 -0.000004 5.000002 0.000000 -0.153564 0.000087 2.718702
 61 0.000004 -0.000005 -3.713580 0.365818 2.880119 -0.191589
 62 0.000003 -0.000000 5.000000 3.053196 1.558589 -0.074928
 63 -0.000007 0.000005 3.713580 -0.001619 -3.122277 -0.475127
 64 0.000003 -0.000001 -5.000000 -0.088726 1.558589 3.066335
 65 7.363602 1.646647 0.495663 3.141593 -1.570796 0.000000
 66 -0.000005 0.000006 3.619081 0.008255 -3.110080 -0.985232
 67 16.573921 0.000001 0.000000 -0.000000 0.000000 -1.065827
 68 15.128180 0.000000 0.000000 -0.102296 0.010178 0.114297
 69 5.758665 4.244731 -0.000000 0.000000 -0.000000 1.667687
 70 3.177726 0.000000 0.000000 0.000000 0.000000 3.141593
 71 15.708953 0.000001 0.000000 -0.051525 0.003996 0.061523
 72 0.275149 0.189215 -3.445208 3.130898 0.000409 -1.514604
 73 17.210194 -0.000000 0.000000 0.000000 0.000000 -1.893339
 74 0.000001 0.000000 -5.000000 -0.079433 1.546568 -1.570859
 75 0.000002 -0.000003 -3.619081 0.577895 2.675801 -0.242118
 76 16.573923 -0.000000 -0.000001 0.000000 -0.000000 -1.163030
 77 15.128182 -0.000000 0.000002 0.089479 0.309197 0.659208
 78 5.758665 4.244730 0.000000 -0.000000 0.000000 1.815142
 79 4.003934 -0.000000 0.000000 0.000000 0.000000 0.000000
 80 15.708954 0.000000 0.000002 0.042277 0.226871 0.443133
 81 0.273998 0.191089 3.439762 -3.130907 -0.000437 -1.508107
 82 17.210196 -0.000001 -0.000002 0.000000 -0.000000 -1.937080
 83 0.000001 -0.000001 5.000000 -0.079314 1.595025 -1.570739
time 25
  0 -0.650000 0.000000 33.899605 -0.025849 0.174554 -1.569172
  1 5.685104 0.833237 -32.227169 -0.174512 -0.026131 1.569196
  2 -2.276935 0.000003 -1.238188 -1.570795 -1.570451 0.000000
  3 1.797303 0.711851 -0.000580 0.177336 -0.050847 0.040486
  4 4.118641 -0.003227 -0.000578 0.178396 -0.116720 -0.008523
  5 4.118643 -0.003228 -0.000578 0.178659 -0.129509 -0.010758
  6 4.118645 -0.003228 -0.000579 0.178396 -0.116704 -0.008610
  7 4.120238 -0.002932 -0.001116 0.320968 -0.028862 0.500082
  8 4.443597 0.000000 -0.000000 0.599085 -0.192956 0.239847
  9 9.024062 0.000000 0.000000 0.000000 0.000000 0.000000
 10 0.050000 0.549956 1.643548 1.287448 -1.227904 1.340377
 11 6.384777 -0.000000 0.000001 -0.254930 0.951860 -0.673525
 12 10.242682 -0.000000 -0.000000 -0.000000 -0.000000 -1.330449
 13 11.375562 -0.000001 -0.000001 -0.518095 0.339107 -0.502752
 14 0.728681 0.023430 -1.008292 1.764037 0.299568 0.470007
 15 2.136497 0.000000 0.000001 -0.000000 -0.000000 0.436332
 16 2.313139 0.000001 0.000002 0.000000 0.000000 0.000000
 17 3.115507 -0.886040 -0.021431 -0.611602 -0.110752 0.358009
 18 2.011151 -0.000001 -0.000001 0.000000 0.000000 1.410058
 19 2.141382 -0.000000 0.000002 0.000000 0.000000 0.000000
 20 1.734172 -0.000001 -0.000001 -0.000000 -0.000000 0.704525
 21 0.000007 -4.440594 0.000000 1.570544 -0.062990 -0.195737
 22 6.000000 -0.000001 -0.000001 -0.746076 0.000000 -0.000000
 23 0.000001 -4.440602 -0.000001 1.569944 -0.062987 0.004053
 24 11.375563 -0.000001 0.000002 -1.031198 0.099931 -0.312359
 25 -0.000001 -4.440606 -0.000001 1.570144 -0.062988 0.004040
 26 10.510132 0.000000 -0.000000 0.000000 0.000000 -2.236021
 27 0.000001 -1.748401 4.999999 -0.000000 0.004007 1.602291
 28 5.500001 0.000000 0.000000 -0.030021 -0.000000 -0.000000
 29 -0.000002 -1.940598 5.000000 -0.044472 0.004003 -0.000180
 30 6.551491 -0.000001 -0.000001 -0.012386 0.631472 -0.430560
 31 0.000001 -1.940599 4.999999 -0.027189 -0.053376 0.005295
 32 6.551491 -0.000001 -0.000001 0.030855 0.298005 -0.190859
 33 -0.000001 -1.940598 4.999999 -0.066572 -0.152786 -0.110311
 34 -0.049999 -0.542879 -1.643548 -1.426907 2.727565 1.151289
 35 6.384777 -0.000000 0.000001 1.050006 -0.171767 -0.503898
 36 10.242682 -0.000002 0.000001 -0.000000 -0.000000 -1.738616
 37 11.375563 0.000001 0.000002 2.067191 0.356097 -0.696082
 38 0.728681 0.023431 1.008292 -2.921925 -0.650415 1.123821
 39 2.136495 0.000004 -0.000000 -0.000000 -0.000000 1.038471
 40 2.313138 -0.000000 -0.000000 0.000000 0.000000 3.141593
 41 3.115506 -0.886039 0.021432 0.449542 0.271884 0.266390
 42 2.011150 0.000000 -0.000000 -0.000000 0.000000 1.183165
 43 2.141379 0.000001 -0.000000 0.000000 0.000000 3.141593
 44 1.734173 -0.000003 0.000000 -0.000000 0.000000 0.590745
 45 0.136314 -3.738195 2.525891 1.493698 2.759406 -1.474501
 46 3.726726 -0.053309 2.419489 -0.262762 2.898943 1.398576
 47 11.389369 -0.000818 0.158783 1.846230 0.133058 -0.367863
 48 0.000001 -4.440602 -0.000002 1.570144 -3.078602 0.004040
 49 6.000001 0.000001 0.000002 1.846230 0.000000 0.000000
 50 0.000003 -4.440602 0.000000 1.569944 -3.078603 0.004053
 51 10.510132 -0.000000 0.000003 -0.000000 -0.000000 -2.440104
 52 0.000001 -1.748401 -5.000004 3.141593 0.004007 -1.539299
 53 5.500000 -0.000001 0.000001 -0.328128 0.000000 0.000000
 54 0.000001 -0.000000 -5.000001 -0.044472 3.137589 -0.000177
 55 6.551491 0.000000 0.000001 0.328128 -0.133640 -0.176647
 56 -1.266843 -1.937444 -4.950560 -0.066572 -2.988806 -0.110308
 57 6.551491 0.000000 0.000001 0.328128 -0.133640 -0.176647
 58 0.699372 -1.944208 -5.006847 -0.027189 -3.088217 0.005298
 59 4.226146 -0.003202 -0.000001 0.162432 0.005600 0.267544
 60 0.000000 5.000000 0.000000 -0.153564 0.000087 2.718702
 61 0.000004 -0.000005 -3.713580 0.365818 2.880119 -0.191589
 62 0.000003 -0.000000 5.000000 3.053196 1.558589 -0.074928
 63 -0.000007 0.000005 3.713580 -0.001619 -3.122277 -0.475127
 64 0.000003 -0.000001 -5.000000 -0.088726 1.558589 3.066335
 65 7.363602 1.646647 0.495663 3.141593 -1.570796 0.000000
 66 -0.000005 0.000006 3.619081 0.008255 -3.110080 -0.985232
 67 16.573921 0.000001 0.000000 -0.000000 0.000000 -1.065827
 68 15.128180 0.000000 0.000000 -0.102296 0.010178 0.114297
 69 5.758665 4.244731 -0.000000 0.000000 -0.000000 1.667687
 70 3.177726 0.000000 0.000000 0.000000 0.000000 3.141593
 71 15.708953 0.000001 0.000000 -0.051525 0.003996 0.061523
 72 0.275149 0.189215 -3.445208 3.130898 0.000409 -1.514604
 73 17.210194 -0.000000 0.000000 0.000000 0.000000 -1.893339
 74 0.000001 0.000000 -5.000000 -0.079433 1.546568 -1.570859
 75 0.000002 -0.000003 -3.619081 0.577895 2.675801 -0.242118
 76 16.573923 -0.000000 -0.000001 0.000000 -0.000000 -1.163030
 77 15.128182 -0.000000 0.000002 0.089479 0.309197 0.659208
 78 5.758665 4.244730 0.000000 -0.000000 0.000000 1.815142
 79 4.003934 -0.000000 0.000000 0.000000 0.000000 0.000000
 80 15.708954 0.000000 0.000002 0.042277 0.226871 0.443133
 81 0.273998 0.191089 3.439762 -3.130907 -0.000437 -1.508107
 82 17.210196 -0.000001 -0.000002 0.000000 -0.000000 -1.937080
 83 0.000001 -0.000001 5.000000 -0.079314 1.595025 -1.570739
time 26
  0 -0.650000 0.000000 33.899605 -0.025849 0.174554 -1.569172
  1 5.685104 0.833237 -32.227169 -0.174512 -0.026131 1.569196
  2 -2.276935 0.000003 -1.238188 -1.570795 -1.570451 0.000000
  3 1.797310 0.711852 -0.000587 0.179484 -0.050530 0.042809
  4 4.118646 -0.003227 -0.000585 0.180540 -0.116602 -0.008164
  5 4.118641 -0.003226 -0.000585 0.180807 -0.129387 -0.010427
  6 4.118647 -0.003227 -0.000585 0.180540 -0.116586 -0.008251
  7 4.120266 -0.002951 -0.001013 0.290790 -0.043630 0.501073
  8 4.443601 -0.000001 0.000000 0.627705 -0.177774 0.227494
  9 9.024061 -0.000001 -0.000001 0.000000 0.000000 0.000000
 10 0.075577 0.499846 1.658399 1.352771 -1.253417 1.273182
 11 6.384777 -0.000000 0.000001 -0.264069 0.950667 -0.691300
 12 10.242680 -0.000001 0.000000 0.000000 0.000000 -1.324172
 13 11.375562 0.000002 -0.000001 -0.520965 0.339388 -0.507673
 14 0.728681 0.023431 -1.008291 1.764037 0.299568 0.470007
 15 2.136497 0.000000 0.000000 0.000000 -0.000000 0.436332
 16 2.313139 0.000001 0.000000 0.000000 0.000000 0.000000
 17 3.115507 -0.886043 -0.021432 -0.611602 -0.110752 0.358009
 18 2.011151 0.000001 0.000000 -0.000000 -0.000000 1.410058
 19 2.141382 0.000000 0.000001 0.000000 0.000000 0.000000
 20 1.734172 0.000002 0.000000 0.000000 0.000000 0.704525
 21 0.000006 -4.440595 -0.000001 1.570544 -0.062990 -0.195737
 22 6.000000 0.000001 -0.000000 -0.747992 -0.000000 -0.000000
 23 0.000002 -4.440600 0.000001 1.569944 -0.062987 0.004053
 24 11.375562 -0.000001 0.000003 -1.032325 0.099493 -0.314531
 25 -0.000001 -4.440602 -0.000000 1.570144 -0.062988 0.004040
 26 10.510128 0.000000 -0.000000 0.000000 0.000000 -2.232882
 27 -0.000001 -1.748401 4.999998 -0.000000 0.004007 1.602291
 28 5.499999 -0.000000 0.000000 -0.029241 -0.000000 -0.000000
 29 -0.000004 -1.940598 5.000001 -0.044472 0.004003 -0.000180
 30 6.551491 -0.000000 0.000002 -0.015058 0.632279 -0.437597
 31 -0.000001 -1.940599 5.000003 -0.027189 -0.053376 0.005295
 32 6.551491 -0.000000 0.000002 0.030306 0.298267 -0.193576
 33 -0.000000 -1.940599 4.999996 -0.066572 -0.152786 -0.110311
 34 -0.075569 -0.492773 -1.658399 -1.454400 2.705859 1.134563
 35 6.384778 -0.000000 -0.000003 1.051326 -0.170109 -0.494702
 36 10.242682 -0.000002 0.000001 -0.000000 -0.000000 -1.738616
 37 11.375563 0.000001 0.000002 2.067191 0.356097 -0.696082
 38 0.728681 0.023429 1.008293 -2.921925 -0.650415 1.123821
 39 2.136494 0.000004 -0.000000 -0.000000 -0.000000 1.038471
 40 2.313139 -0.000003 -0.000000 0.000000 0.000000 3.141593
 41 3.115508 -0.886044 0.021431 0.449542 0.271884 0.266390
 42 2.011151 0.000001 -0.000000 -0.000000 0.000000 1.183165
 43 2.141379 -0.000000 -0.000000 0.000000 0.000000 3.141593
 44 1.734174 -0.000002 0.000000 -0.000000 0.000000 0.590745
 45 0.136314 -3.738190 2.525891 1.493698 2.759406 -1.474501
 46 3.726727 -0.053314 2.419488 -0.262762 2.898943 1.398576
 47 11.389369 -0.000819 0.158783 1.846230 0.133058 -0.367863
 48 0.000000 -4.440599 0.000002 1.570144 -3.078602 0.004040
 49 6.000001 -0.000000 0.000001 1.846230 0.000000 0.000000
 50 0.000003 -4.440602 -0.000001 1.569944 -3.078603 0.004053
 51 10.510132 -0.000001 0.000003 -0.000000 -0.000000 -2.440104
 52 0.000001 -1.748401 -5.000003 3.141593 0.004007 -1.539299
 53 5.500000 -0.000002 0.000001 -0.328887 0.000000 0.000000
 54 -0.000001 0.000001 -5.000002 -0.044472 3.137589 -0.000177
 55 6.551491 0.000000 -0.000001 0.328887 -0.133299 -0.174964
 56 -1.266843 -1.937443 -4.950561 -0.066572 -2.988806 -0.110308
 57 6.551491 0.000000 -0.000000 0.328887 -0.133299 -0.174964
 58 0.699369 -1.944207 -5.006845 -0.027189 -3.088217 0.005298
 59 4.226143 -0.003200 0.000000 0.148097 -0.003924 0.268440
 60 -0.000003 5.000001 0.000000 -0.153564 0.000087 2.718702
 61 0.000004 -0.000005 -3.713580 0.365818 2.880119 -0.191589
 62 0.000003 -0.000000 5.000000 3.053196 1.558589 -0.074928
 63 -0.000007 0.000005 3.713580 -0.001619 -3.122277 -0.475127
 64 0.000003 -0.000001 -5.000000 -0.088726 1.558589 3.066335
 65 7.363602 1.646647 0.495663 3.141593 -1.570796 0.000000
 66 -0.000005 0.000006 3.619081 0.008255 -3.110080 -0.985232
 67 16.573921 0.000001 0.000000 -0.000000 0.000000 -1.065827
 68 15.128180 0.000000 0.000000 -0.102296 0.010178 0.114297
 69 5.758665 4.244731 -0.000000 0.000000 -0.000000 1.667687
 70 3.177726 0.000000 0.000000 0.000000 0.000000 3.141593
 71 15.708953 0.000001 0.000000 -0.051525 0.003996 0.061523
 72 0.275149 0.189215 -3.445208 3.130898 0.000409 -1.514604
 73 17.210194 -0.000000 0.000000 0.000000 0.000000 -1.893339
 74 0.000001 0.000000 -5.000000 -0.079433 1.546568 -1.570859
 75 0.000002 -0.000003 -3.619081 0.577895 2.675801 -0.242118
 76 16.573923 -0.000000 -0.000001 0.000000 -0.000000 -1.163030
 77 15.128182 -0.000000 0.000002 0.089479 0.309197 0.659208
 78 5.758665 4.244730 0.000000 -0.000000 0.000000 1.815142
 79 4.003934 -0.000000 0.000000 0.000000 0.000000 0.000000
 80 15.708954 0.000000 0.000002 0.042277 0.226871 0.443133
 81 0.273998 0.191089 3.439762 -3.130907 -0.000437 -1.508107
 82 17.210196 -0.000001 -0.000002 0.000000 -0.000000 -1.937080
 83 0.000001 -0.000001 5.000000 -0.079314 1.595025 -1.570739
time 27
  0 -0.650000 0.000000 33.899605 -0.025849 0.174554 -1.569172
  1 5.685104 0.833237 -32.227169 -0.174512 -0.026131 1.569196
  2 -2.276935 0.000003 -1.238188 -1.570795 -1.570451 0.000000
  3 1.797315 0.711855 -0.000594 0.181618 -0.050221 0.045117
  4 4.118648 -0.003226 -0.000592 0.182670 -0.116486 -0.007808
  5 4.118649 -0.003226 -0.000592 0.182939 -0.129266 -0.010099
  6 4.118646 -0.003225 -0.000592 0.182670 -0.116470 -0.007895
  7 4.120295 -0.002970 -0.000909 0.260271 -0.058588 0.502878
  8 4.443599 -0.000000 -0.000000 0.656491 -0.162133 0.215407
  9 9.024062 -0.000002 -0.000000 0.000000 0.000000 0.000000
 10 0.101455 0.448673 1.671492 1.429933 -1.277545 1.193775
 11 6.384777 0.000001 0.000001 -0.273122 0.949326 -0.708789
 12 10.242684 -0.000001 0.000000 -0.000000 0.000000 -1.318177
 13 11.375561 -0.000003 -0.000000 -0.523956 0.339674 -0.512577
 14 0.728681 0.023433 -1.008292 1.764037 0.299568 0.470007
 15 2.136497 0.000001 -0.000000 0.000000 -0.000000 0.436332
 16 2.313140 -0.000000 -0.000001 0.000000 0.000000 0.000000
 17 3.115507 -0.886038 -0.021431 -0.611602 -0.110752 0.358009
 18 2.011151 -0.000003 -0.000002 -0.000000 -0.000000 1.410058
 19 2.141382 -0.000000 0.000002 0.000000 0.000000 0.000000
 20 1.734172 -0.000001 -0.000001 -0.000000 0.000000 0.704525
 21 0.000007 -4.440595 0.000001 1.570544 -0.062990 -0.195737
 22 6.000000 -0.000001 0.000000 -0.750004 -0.000000 0.000000
 23 0.000001 -4.440602 -0.000000 1.569944 -0.062987 0.004053
 24 11.375562 -0.000002 0.000004 -1.033510 0.099076 -0.316685
 25 -0.000001 -4.440604 -0.000001 1.570144 -0.062988 0.004040
 26 10.510133 0.000000 -0.000000 0.000000 -0.000000 -2.229885
 27 0.000000 -1.748402 5.000000 0.000000 0.004007 1.602290
 28 5.500000 0.000000 0.000000 -0.028419 -0.000000 0.000000
 29 -0.000003 -1.940598 5.000000 -0.044472 0.004003 -0.000180
 30 6.551491 0.000001 0.000001 -0.017786 0.633034 -0.444497
 31 0.000001 -1.940599 5.000003 -0.027189 -0.053376 0.005295
 32 6.551491 0.000001 0.000001 0.029720 0.298514 -0.196225
 33 0.000000 -1.940600 4.999995 -0.066572 -0.152786 -0.110311
 34 -0.101455 -0.441594 -1.671492 -1.482840 2.684386 1.116477
 35 6.384777 -0.000000 -0.000002 1.052644 -0.168469 -0.485570
 36 10.242682 0.000001 -0.000001 -0.000000 -0.000000 -1.738616
 37 11.375561 0.000002 0.000000 2.067191 0.356097 -0.696082
 38 0.728681 0.023428 1.008293 -2.921925 -0.650415 1.123821
 39 2.136493 0.000002 -0.000000 -0.000000 -0.000000 1.038471
 40 2.313138 -0.000003 -0.000000 0.000000 0.000000 3.141593
 41 3.115506 -0.886042 0.021433 0.449542 0.271884 0.266390
 42 2.011151 -0.000001 -0.000000 -0.000000 0.000000 1.183165
 43 2.141379 0.000003 -0.000000 0.000000 0.000000 3.141593
 44 1.734173 -0.000004 0.000000 -0.000000 0.000000 0.590745
 45 0.136314 -3.738194 2.525891 1.493698 2.759406 -1.474501
 46 3.726726 -0.053311 2.419489 -0.262762 2.898943 1.398576
 47 11.389366 -0.000818 0.158781 1.846230 0.133058 -0.367863
 48 -0.000000 -4.440600 -0.000001 1.570144 -3.078602 0.004040
 49 5.999999 0.000001 -0.000000 1.846230 0.000000 0.000000
 50 0.000001 -4.440603 -0.000000 1.569944 -3.078603 0.004053
 51 10.510132 0.000002 0.000001 -0.000000 -0.000000 -2.440104
 52 0.000001 -1.748398 -5.000001 3.141593 0.004007 -1.539299
 53 5.500000 0.000001 -0.000001 -0.329632 0.000000 0.000000
 54 -0.000000 0.000000 -5.000003 -0.044472 3.137589 -0.000177
 55 6.551491 -0.000000 -0.000000 0.329632 -0.132953 -0.173272
 56 -1.266844 -1.937444 -4.950560 -0.066572 -2.988806 -0.110308
 57 6.551491 -0.000000 -0.000000 0.329632 -0.132953 -0.173272
 58 0.699370 -1.944208 -5.006845 -0.027189 -3.088217 0.005298
 59 4.226145 -0.003201 0.000000 0.133610 -0.013539 0.269579
 60 0.000000 5.000001 -0.000000 -0.153564 0.000087 2.718702
 61 0.000004 -0.000005 -3.713580 0.365818 2.880119 -0.191589
 62 0.000003 -0.000000 5.000000 3.053196 1.558589 -0.074928
 63 -0.000007 0.000005 3.713580 -0.001619 -3.122277 -0.475127
 64 0.000003 -0.000001 -5.000000 -0.088726 1.558589 3.066335
 65 7.363602 1.646647 0.495663 3.141593 -1.570796 0.000000
 66 -0.000005 0.000006 3.619081 0.008255 -3.110080 -0.985232
 67 16.573921 0.000001 0.000000 -0.000000 0.000000 -1.065827
 68 15.128180 0.000000 0.000000 -0.102296 0.010178 0.114297
 69 5.758665 4.244731 -0.000000 0.000000 -0.000000 1.667687
 70 3.177726 0.000000 0.000000 0.000000 0.000000 3.141593
 71 15.708953 0.000001 0.000000 -0.051525 0.003996 0.061523
 72 0.275149 0.189215 -3.445208 3.130898 0.000409 -1.514604
 73 17.210194 -0.000000 0.000000 0.000000 0.000000 -1.893339
 74 0.000001 0.000000 -5.000000 -0.079433 1.546568 -1.570859
 75 0.000002 -0.000003 -3.619081 0.577895 2.675801 -0.242118
 76 16.573923 -0.000000 -0.000001 0.000000 -0.000000 -1.163030
 77 15.128182 -0.000000 0.000002 0.089479 0.309197 0.659208
 78 5.758665 4.244730 0.000000 -0.000000 0.000000 1.815142
 79 4.003934 -0.000000 0.000000 0.000000 0.000000 0.000000
 80 15.708954 0.000000 0.000002 0.042277 0.226871 0.443133
 81 0.273998 0.191089 3.439762 -3.130907 -0.000437 -1.508107
 82 17.210196 -0.000001 -0.000002 0.000000 -0.000000 -1.937080
 83 0.000001 -0.000001 5.000000 -0.079314 1.595025 -1.570739
time 28
  0 -0.650000 0.000000 33.899605 -0.025849 0.174554 -1.569172
  1 5.685104 0.833237 -32.227169 -0.174512 -0.026131 1.569196
  2 -2.276935 0.000003 -1.238188 -1.570795 -1.570451 0.000000
  3 1.797326 0.711855 -0.000600 0.183486 -0.049955 0.047137
  4 4.118646 -0.003224 -0.000598 0.184533 -0.116385 -0.007496
  5 4.118653 -0.003226 -0.000598 0.184805 -0.129161 -0.009811
  6 4.118645 -0.003222 -0.000597 0.184533 -0.116369 -0.007583
  7 4.120320 -0.002987 -0.000804 0.230087 -0.073201 0.504653
  8 4.443599 -0.000003 -0.000000 0.685709 -0.146783 0.204600
  9 9.024062 0.000002 -0.000001 0.000000 0.000000 0.000000
 10 0.126723 0.397640 1.682541 1.519213 -1.299351 1.102755
 11 6.384776 -0.000000 -0.000001 -0.280882 0.948132 -0.723882
 12 10.242684 -0.000000 -0.000001 -0.000000 0.000000 -1.313226
 13 11.375561 -0.000002 0.000000 -0.526741 0.339861 -0.516926
 14 0.728681 0.023433 -1.008292 1.764037 0.299568 0.470007
 15 2.136497 0.000000 -0.000002 0.000000 -0.000000 0.436332
 16 2.313140 0.000001 0.000002 0.000000 0.000000 0.000000
 17 3.115506 -0.886040 -0.021432 -0.611602 -0.110752 0.358009
 18 2.011151 0.000001 0.000000 -0.000000 -0.000000 1.410058
 19 2.141377 0.000000 0.000000 0.000000 0.000000 0.000000
 20 1.734173 0.000003 0.000001 0.000000 -0.000000 0.704525
 21 0.000007 -4.440593 0.000002 1.570544 -0.062990 -0.195737
 22 6.000000 0.000000 -0.000000 -0.751896 0.000000 -0.000000
 23 0.000001 -4.440600 0.000000 1.569944 -0.062987 0.004053
 24 11.375562 0.000002 0.000001 -1.034628 0.098687 -0.318577
 25 -0.000001 -4.440605 0.000001 1.570144 -0.062988 0.004040
 26 10.510132 -0.000000 -0.000000 0.000000 -0.000000 -2.227409
 27 0.000000 -1.748401 4.999999 -0.000000 0.004007 1.602290
 28 5.499999 0.000000 0.000001 -0.027714 -0.000000 -0.000000
 29 -0.000003 -1.940598 5.000000 -0.044472 0.004003 -0.000180
 30 6.551491 -0.000001 -0.000002 -0.020141 0.633731 -0.450426
 31 0.000002 -1.940599 4.999999 -0.027189 -0.053376 0.005295
 32 6.551491 -0.000001 -0.000002 0.029219 0.298747 -0.198489
 33 0.000000 -1.940600 4.999995 -0.066572 -0.152786 -0.110311
 34 -0.126721 -0.390569 -1.682541 -1.511672 2.663635 1.098213
 35 6.384778 -0.000000 -0.000001 1.053804 -0.167041 -0.477581
 36 10.242683 -0.000002 0.000000 -0.000000 -0.000000 -1.738616
 37 11.375561 -0.000000 0.000001 2.067191 0.356097 -0.696082
 38 0.728682 0.023428 1.008294 -2.921925 -0.650415 1.123821
 39 2.136496 0.000002 -0.000000 -0.000000 -0.000000 1.038471
 40 2.313139 -0.000002 -0.000000 0.000000 0.000000 3.141593
 41 3.115507 -0.886042 0.021433 0.449542 0.271884 0.266390
 42 2.011151 -0.000001 -0.000000 -0.000000 0.000000 1.183165
 43 2.141382 0.000002 -0.000000 0.000000 0.000000 3.141593
 44 1.734173 -0.000004 0.000000 -0.000000 0.000000 0.590745
 45 0.136314 -3.738190 2.525891 1.493698 2.759406 -1.474501
 46 3.726727 -0.053312 2.419490 -0.262762 2.898943 1.398576
 47 11.389366 -0.000819 0.158782 1.846230 0.133058 -0.367863
 48 0.000001 -4.440602 0.000001 1.570144 -3.078602 0.004040
 49 5.999999 -0.000001 0.000001 1.846230 0.000000 0.000000
 50 0.000001 -4.440603 0.000000 1.569944 -3.078603 0.004053
 51 10.510133 -0.000001 0.000002 -0.000000 -0.000000 -2.440104
 52 0.000001 -1.748399 -5.000000 3.141593 0.004007 -1.539299
 53 5.500000 -0.000002 -0.000000 -0.330277 0.000000 0.000000
 54 -0.000000 0.000000 -5.000001 -0.044472 3.137589 -0.000177
 55 6.551490 0.000000 0.000003 0.330277 -0.132644 -0.171774
 56 -1.266843 -1.937444 -4.950560 -0.066572 -2.988806 -0.110308
 57 6.551491 -0.000000 0.000003 0.330277 -0.132644 -0.171774
 58 0.699372 -1.944209 -5.006849 -0.027189 -3.088217 0.005298
 59 4.226147 -0.003201 0.000000 0.119285 -0.022961 0.270562
 60 -0.000002 5.000001 0.000000 -0.153564 0.000087 2.718702
 61 0.000004 -0.000005 -3.713580 0.365818 2.880119 -0.191589
 62 0.000003 -0.000000 5.000000 3.053196 1.558589 -0.074928
 63 -0.000007 0.000005 3.713580 -0.001619 -3.122277 -0.475127
 64 0.000003 -0.000001 -5.000000 -0.088726 1.558589 3.066335
 65 7.363602 1.646647 0.495663 3.141593 -1.570796 0.000000
 66 -0.000005 0.000006 3.619081 0.008255 -3.110080 -0.985232
 67 16.573921 0.000001 0.000000 -0.000000 0.000000 -1.065827
 68 15.128180 0.000000 0.000000 -0.102296 0.010178 0.114297
 69 5.758665 4.244731 -0.000000 0.000000 -0.000000 1.667687
 70 3.177726 0.000000 0.000000 0.000000 0.000000 3.141593
 71 15.708953 0.000001 0.000000 -0.051525 0.003996 0.061523
 72 0.275149 0.189215 -3.445208 3.130898 0.000409 -1.514604
 73 17.210194 -0.000000 0.000000 0.000000 0.000000 -1.893339
 74 0.000001 0.000000 -5.000000 -0.079433 1.546568 -1.570859
 75 0.000002 -0.000003 -3.619081 0.577895 2.675801 -0.242118
 76 16.573923 -0.000000 -0.000001 0.000000 -0.000000 -1.163030
 77 15.128182 -0.000000 0.000002 0.089479 0.309197 0.659208
 78 5.758665 4.244730 0.000000 -0.000000 0.000000 1.815142
 79 4.003934 -0.000000 0.000000 0.000000 0.000000 0.000000
 80 15.708954 0.000000 0.000002 0.042277 0.226871 0.443133
 81 0.273998 0.191089 3.439762 -3.130907 -0.000437 -1.508107
 82 17.210196 -0.000001 -0.000002 0.000000 -0.000000 -1.937080
 83 0.000001 -0.000001 5.000000 -0.079314 1.595025 -1.570739
time 29
  0 -0.650000 0.000000 33.899605 -0.025849 0.174554 -1.569172
  1 5.685104 0.833237 -32.227169 -0.174512 -0.026131 1.569196
  2 -2.276935 0.000003 -1.238188 -1.570795 -1.570451 0.000000
  3 1.797326 0.711857 -0.000604 0.184752 -0.049776 0.048506
  4 4.118651 -0.003223 -0.000602 0.185796 -0.116317 -0.007285
  5 4.118649 -0.003223 -0.000602 0.186070 -0.129090 -0.009616
  6 4.118648 -0.003224 -0.000602 0.185796 -0.116301 -0.007372
  7 4.120333 -0.003002 -0.000714 0.203784 -0.085663 0.505485
  8 4.443599 0.000000 -0.000000 0.712539 -0.133845 0.196737
  9 9.024061 0.000001 -0.000001 0.000000 0.000000 0.000000
 10 0.148247 0.352911 1.690646 1.608984 -1.316338 1.012570
 11 6.384776 0.000001 -0.000001 -0.285795 0.947476 -0.733802
 12 10.242682 -0.000001 -0.000001 -0.000000 0.000000 -1.310409
 13 11.375561 0.000001 -0.000001 -0.528915 0.339814 -0.519975
 14 0.728680 0.023428 -1.008293 1.764037 0.299568 0.470007
 15 2.136497 0.000001 -0.000001 0.000000 -0.000000 0.436332
 16 2.313140 -0.000000 -0.000002 0.000000 0.000000 0.000000
 17 3.115507 -0.886044 -0.021432 -0.611602 -0.110752 0.358009
 18 2.011151 -0.000001 -0.000001 -0.000000 0.000000 1.410058
 19 2.141378 -0.000000 -0.000000 0.000000 0.000000 0.000000
 20 1.734172 0.000001 -0.000001 -0.000000 0.000000 0.704525
 21 0.000007 -4.440593 0.000000 1.570544 -0.062990 -0.195737
 22 6.000000 0.000003 -0.000002 -0.753404 0.000000 0.000000
 23 0.000001 -4.440604 0.000000 1.569944 -0.062987 0.004053
 24 11.375562 0.000001 0.000001 -1.035525 0.098343 -0.319870
 25 -0.000001 -4.440602 0.000001 1.570144 -0.062988 0.004040
 26 10.510131 -0.000000 -0.000001 -0.000000 0.000000 -2.226001
 27 0.000001 -1.748400 5.000000 -0.000000 0.004007 1.602290
 28 5.500000 0.000000 -0.000001 -0.027327 0.000000 -0.000000
 29 -0.000002 -1.940598 5.000000 -0.044472 0.004003 -0.000180
 30 6.551490 0.000001 -0.000002 -0.021565 0.634330 -0.454289
 31 0.000001 -1.940599 5.000003 -0.027189 -0.053376 0.005295
 32 6.551490 0.000001 -0.000002 0.028954 0.298953 -0.199958
 33 -0.000000 -1.940599 4.999994 -0.066572 -0.152786 -0.110311
 34 -0.148244 -0.345836 -1.690646 -1.537422 2.645908 1.082674
 35 6.384776 -0.000000 0.000003 1.054593 -0.166077 -0.472164
 36 10.242682 -0.000001 -0.000001 -0.000000 -0.000000 -1.738616
 37 11.375561 0.000001 -0.000000 2.067191 0.356097 -0.696082
 38 0.728682 0.023431 1.008293 -2.921925 -0.650415 1.123821
 39 2.136496 0.000004 -0.000000 -0.000000 -0.000000 1.038471
 40 2.313138 -0.000003 -0.000000 0.000000 0.000000 3.141593
 41 3.115507 -0.886039 0.021433 0.449542 0.271884 0.266390
 42 2.011151 -0.000001 -0.000000 -0.000000 0.000000 1.183165
 43 2.141382 0.000001 -0.000000 0.000000 0.000000 3.141593
 44 1.734174 -0.000004 0.000000 -0.000000 0.000000 0.590745
 45 0.136315 -3.738192 2.525891 1.493698 2.759406 -1.474501
 46 3.726727 -0.053308 2.419489 -0.262762 2.898943 1.398576
 47 11.389367 -0.000819 0.158782 1.846230 0.133058 -0.367863
 48 0.000002 -4.440600 0.000001 1.570144 -3.078602 0.004040
 49 6.000000 0.000000 0.000000 1.846230 0.000000 0.000000
 50 0.000002 -4.440600 -0.000000 1.569944 -3.078603 0.004053
 51 10.510132 0.000000 0.000001 -0.000000 -0.000000 -2.440104
 52 0.000000 -1.748400 -5.000001 3.141593 0.004007 -1.539299
 53 5.500000 -0.000000 -0.000001 -0.330711 0.000000 -0.000000
 54 0.000001 -0.000001 -5.000002 -0.044472 3.137590 -0.000177
 55 6.551491 0.000000 0.000002 0.330711 -0.132431 -0.170748
 56 -1.266843 -1.937443 -4.950559 -0.066572 -2.988806 -0.110308
 57 6.551491 0.000000 0.000003 0.330711 -0.132431 -0.170748
 58 0.699370 -1.944208 -5.006848 -0.027189 -3.088217 0.005298
 59 4.226145 -0.003201 -0.000000 0.106794 -0.031054 0.270977
 60 -0.000000 5.000001 -0.000000 -0.153564 0.000087 2.718702
 61 0.000004 -0.000005 -3.713580 0.365818 2.880119 -0.191589
 62 0.000003 -0.000000 5.000000 3.053196 1.558589 -0.074928
 63 -0.000007 0.000005 3.713580 -0.001619 -3.122277 -0.475127
 64 0.000003 -0.000001 -5.000000 -0.088726 1.558589 3.066335
 65 7.363602 1.646647 0.495663 3.141593 -1.570796 0.000000
 66 -0.000005 0.000006 3.619081 0.008255 -3.110080 -0.985232
 67 16.573921 0.000001 0.000000 -0.000000 0.000000 -1.065827
 68 15.128180 0.000000 0.000000 -0.102296 0.010178 0.114297
 69 5.758665 4.244731 -0.000000 0.000000 -0.000000 1.667687
 70 3.177726 0.000000 0.000000 0.000000 0.000000 3.141593
 71 15.708953 0.000001 0.000000 -0.051525 0.003996 0.061523
 72 0.275149 0.189215 -3.445208 3.130898 0.000409 -1.514604
 73 17.210194 -0.000000 0.000000 0.000000 0.000000 -1.893339
 74 0.000001 0.000000 -5.000000 -0.079433 1.546568 -1.570859
 75 0.000002 -0.000003 -3.619081 0.577895 2.675801 -0.242118
 76 16.573923 -0.000000 -0.000001 0.000000 -0.000000 -1.163030
 77 15.128182 -0.000000 0.000002 0.089479 0.309197 0.659208
 78 5.758665 4.244730 0.000000 -0.000000 0.000000 1.815142
 79 4.003934 -0.000000 0.000000 0.000000 0.000000 0.000000
 80 15.708954 0.000000 0.000002 0.042277 0.226871 0.443133
 81 0.273998 0.191089 3.439762 -3.130907 -0.000437 -1.508107
 82 17.210196 -0.000001 -0.000002 0.000000 -0.000000 -1.937080
 83 0.000001 -0.000001 5.000000 -0.079314 1.595025 -1.570739
time 30
  0 -0.650000 0.000000 33.899605 -0.025849 0.174554 -1.569172
  1 5.685104 0.833237 -32.227169 -0.174512 -0.026131 1.569196
  2 -2.276935 0.000003 -1.238188 -1.570795 -1.570451 0.000000
  3 1.797326 0.711858 -0.000605 0.185199 -0.049714 0.048989
  4 4.118649 -0.003223 -0.000603 0.186242 -0.116293 -0.007210
  5 4.118655 -0.003224 -0.000604 0.186516 -0.129065 -0.009547
  6 4.118649 -0.003223 -0.000604 0.186242 -0.116277 -0.007297
  7 4.120337 -0.003009 -0.000677 0.193263 -0.090554 0.505448
  8 4.443599 -0.000000 0.000000 0.723522 -0.128717 0.194180
  9 9.024063 -0.000000 0.000000 0.000000 0.000000 0.000000
 10 0.156688 0.334962 1.693496 1.648265 -1.322533 0.973594
 11 6.384777 -0.000000 0.000002 -0.286856 0.947660 -0.736792
 12 10.242682 -0.000000 -0.000000 -0.000000 0.000000 -1.310364
 13 11.375561 -0.000001 -0.000000 -0.530169 0.339441 -0.521238
 14 0.728681 0.023431 -1.008291 1.764037 0.299568 0.470007
 15 2.136497 -0.000001 -0.000002 0.000000 0.000000 0.436332
 16 2.313140 0.000001 0.000001 0.000000 0.000000 0.000000
 17 3.115507 -0.886042 -0.021431 -0.611603 -0.110752 0.358009
 18 2.011151 -0.000000 -0.000003 -0.000000 0.000000 1.410058
 19 2.141379 -0.000001 0.000001 0.000000 0.000000 0.000000
 20 1.734172 0.000002 0.000000 0.000000 -0.000000 0.704525
 21 0.000007 -4.440596 0.000001 1.570544 -0.062990 -0.195737
 22 6.000000 0.000001 -0.000001 -0.754324 0.000000 0.000000
 23 0.000001 -4.440601 -0.000001 1.569944 -0.062987 0.004053
 24 11.375562 -0.000001 0.000003 -1.036081 0.098050 -0.320350
 25 -0.000001 -4.440602 -0.000001 1.570144 -0.062988 0.004040
 26 10.510130 0.000000 -0.000000 -0.000000 0.000000 -2.225979
 27 0.000002 -1.748402 4.999999 -0.000000 0.004007 1.602291
 28 5.499999 0.000000 0.000000 -0.027405 0.000000 0.000000
 29 -0.000003 -1.940598 5.000000 -0.044472 0.004003 -0.000180
 30 6.551491 0.000000 0.000003 -0.021668 0.634822 -0.455395
 31 -0.000000 -1.940599 5.000003 -0.027189 -0.053376 0.005295
 32 6.551491 0.000000 0.000003 0.029036 0.299126 -0.200377
 33 -0.000000 -1.940599 4.999996 -0.066572 -0.152786 -0.110311
 34 -0.156686 -0.327886 -1.693496 -1.547898 2.638892 1.076730
 35 6.384776 -0.000001 0.000001 1.054872 -0.165737 -0.470253
 36 10.242682 -0.000000 -0.000001 -0.000000 -0.000000 -1.738616
 37 11.375563 0.000001 -0.000000 2.067191 0.356097 -0.696082
 38 0.728681 0.023429 1.008291 -2.921925 -0.650415 1.123821
 39 2.136493 0.000001 -0.000000 -0.000000 -0.000000 1.038471
 40 2.313139 -0.000002 -0.000000 0.000000 0.000000 3.141593
 41 3.115506 -0.886041 0.021431 0.449542 0.271884 0.266390
 42 2.011151 0.000001 -0.000000 -0.000000 0.000000 1.183165
 43 2.141381 0.000001 -0.000000 0.000000 0.000000 3.141593
 44 1.734173 -0.000002 0.000000 -0.000000 0.000000 0.590745
 45 0.136314 -3.738191 2.525891 1.493698 2.759406 -1.474501
 46 3.726726 -0.053311 2.419487 -0.262762 2.898943 1.398576
 47 11.389368 -0.000818 0.158781 1.846230 0.133058 -0.367863
 48 0.000003 -4.440598 -0.000001 1.570144 -3.078602 0.004040
 49 6.000001 0.000000 -0.000001 1.846230 0.000000 0.000000
 50 0.000003 -4.440601 0.000001 1.569944 -3.078603 0.004053
 51 10.510132 0.000001 0.000001 -0.000000 -0.000000 -2.440104
 52 0.000001 -1.748400 -5.000001 3.141593 0.004007 -1.539299
 53 5.500000 -0.000000 -0.000001 -0.330863 0.000000 0.000000
 54 -0.000001 0.000001 -4.999998 -0.044472 3.137589 -0.000177
 55 6.551490 -0.000000 -0.000000 0.330863 -0.132355 -0.170384
 56 -1.266843 -1.937443 -4.950561 -0.066572 -2.988806 -0.110308
 57 6.551491 -0.000000 -0.000000 0.330863 -0.132355 -0.170384
 58 0.699371 -1.944208 -5.006847 -0.027189 -3.088217 0.005298
 59 4.226143 -0.003201 0.000000 0.101792 -0.034253 0.270945
 60 -0.000000 5.000001 -0.000000 -0.153564 0.000087 2.718702
 61 0.000004 -0.000005 -3.713580 0.365818 2.880119 -0.191589
 62 0.000003 -0.000000 5.000000 3.053196 1.558589 -0.074928
 63 -0.000007 0.000005 3.713580 -0.001619 -3.122277 -0.475127
 64 0.000003 -0.000001 -5.000000 -0.088726 1.558589 3.066335
 65 7.363602 1.646647 0.495663 3.141593 -1.570796 0.000000
 66 -0.000005 0.000006 3.619081 0.008255 -3.110080 -0.985232
 67 16.573921 0.000001 0.000000 -0.000000 0.000000 -1.065827
 68 15.128180 0.000000 0.000000 -0.102296 0.010178 0.114297
 69 5.758665 4.244731 -0.000000 0.000000 -0.000000 1.667687
 70 3.177726 0.000000 0.000000 0.000000 0.000000 3.141593
 71 15.708953 0.000001 0.000000 -0.051525 0.003996 0.061523
 72 0.275149 0.189215 -3.445208 3.130898 0.000409 -1.514604
 73 17.210194 -0.000000 0.000000 0.000000 0.000000 -1.893339
 74 0.000001 0.000000 -5.000000 -0.079433 1.546568 -1.570859
 75 0.000002 -0.000003 -3.619081 0.577895 2.675801 -0.242118
 76 16.573923 -0.000000 -0.000001 0.000000 -0.000000 -1.163030
 77 15.128182 -0.000000 0.000002 0.089479 0.309197 0.659208
 78 5.758665 4.244730 0.000000 -0.000000 0.000000 1.815142
 79 4.003934 -0.000000 0.000000 0.000000 0.000000 0.000000
 80 15.708954 0.000000 0.000002 0.042277 0.226871 0.443133
 81 0.273998 0.191089 3.439762 -3.130907 -0.000437 -1.508107
 82 17.210196 -0.000001 -0.000002 0.000000 -0.000000 -1.937080
 83 0.000001 -0.000001 5.000000 -0.079314 1.595025 -1.570739
end
