version 1
nodes
  0 "Bip01"  -1
  1 "Bip01 Footsteps"   0
  2 "Bip01 Pelvis"   0
  3 "Bip01 Spine"   2
  4 "Bip01 Spine1"   3
  5 "Bip01 Spine2"   4
  6 "Bip01 Spine3"   5
  7 "Bip01 Neck"   6
  8 "Bip01 Head"   7
  9 "Dummy21"   8
 10 "Bip01 L Clavicle"   7
 11 "Bip01 L UpperArm"  10
 12 "Bip01 L Forearm"  11
 13 "Bip01 L Hand"  12
 14 "Bip01 L Finger0"  13
 15 "Bip01 L Finger01"  14
 16 "Dummy06"  15
 17 "Bip01 L Finger1"  13
 18 "Bip01 L Finger11"  17
 19 "Dummy03"  18
 20 "-- L knuckle"  17
 21 "-- L knuckle_end"  20
 22 "-- L Forearm twist"  12
 23 "-- L Forearm twist_end"  22
 24 "-- L wrist"  12
 25 "-- L wrist_end"  24
 26 "-- L Elbow"  11
 27 "--L Elbow_end"  26
 28 "-- L bicep twist"  11
 29 "-- L bicep twist_end"  28
 30 "-- L shoulder outside"  10
 31 "-- L shoulder outside_end"  30
 32 "-- L Shoulder inside"  10
 33 "-- L Shoulder inside_end"  32
 34 "Bip01 R Clavicle"   7
 35 "Bip01 R UpperArm"  34
 36 "Bip01 R Forearm"  35
 37 "Bip01 R Hand"  36
 38 "Bip01 R Finger0"  37
 39 "Bip01 R Finger01"  38
 40 "Dummy01"  39
 41 "Bip01 R Finger1"  37
 42 "Bip01 R Finger11"  41
 43 "Dummy02"  42
 44 "-- R knuckle"  41
 45 "Point06"  44
 46 "skin01"  37
 47 "-- R wrist"  36
 48 "-- R wrist_end"  47
 49 "-- R forearm twist"  36
 50 "-- R forearm twist_end"  49
 51 "-- R Elbow"  35
 52 "--R Elbow_end"  51
 53 "-- R bicep twist"  35
 54 "-- R bicep twist_end"  53
 55 "-- R Shoulder inside"  34
 56 "-- R Shoulder inside_end"  55
 57 "-- R shoulder outside"  34
 58 "-- R shoulder outside_end"  57
 59 "-- Neck smooth"   6
 60 "-- neck smooth end"  59
 61 "-- R Butt"   2
 62 "--R Butt_end"  61
 63 "-- L butt"   2
 64 "--L butt_end"  63
 65 "GIGN01"   2
 66 "Bip01 L Thigh"   2
 67 "Bip01 L Calf"  66
 68 "Bip01 L Foot"  67
 69 "Bip01 L Toe0"  68
 70 "Dummy16"  69
 71 "-- L ankle"  67
 72 "-- L ankleend"  71
 73 "-- L Knee"  66
 74 "--L Knee_end"  73
 75 "Bip01 R Thigh"   2
 76 "Bip01 R Calf"  75
 77 "Bip01 R Foot"  76
 78 "Bip01 R Toe0"  77
 79 "Dummy11"  78
 80 "-- R Ankle"  76
 81 "-- R ankleend"  80
 82 "-- R Knee"  75
 83 "--R Knee_end"  82
end
skeleton
time 0
  0 -0.650000 0.000000 33.899605 -0.025849 0.174554 -1.569172
  1 5.685105 0.833237 -32.227173 -0.174512 -0.026131 1.569196
  2 -2.276935 0.000003 -1.238188 -1.570795 -1.570451 0.000000
  3 1.798539 0.712111 -0.000091 0.027154 -0.123709 0.437835
  4 4.118896 -0.001543 -0.002880 1.073183 -0.036887 0.118544
  5 4.118965 -0.003258 -0.000096 0.029511 0.025983 0.111223
  6 4.118961 -0.003258 -0.000097 0.029499 0.007293 0.110496
  7 4.119860 -0.002895 -0.001602 0.500278 0.335953 0.587827
  8 4.443599 0.000000 -0.000002 -0.660363 -0.689543 0.225613
  9 9.024062 0.000001 -0.000000 0.000000 0.000000 0.000000
 10 -0.571226 0.788202 1.435383 0.755284 -0.847731 1.797650
 11 6.384776 -0.000002 -0.000002 -0.404941 0.830996 -0.807084
 12 10.242683 0.000001 -0.000000 -0.000000 -0.000000 -1.969592
 13 11.375563 -0.000001 0.000000 -1.058063 0.064717 -0.555075
 14 0.728680 0.023431 -1.008292 0.224939 0.502105 0.409972
 15 2.136497 -0.000002 -0.000001 0.000000 0.000000 0.139264
 16 2.313139 0.000001 0.000001 0.000000 0.000000 0.000000
 17 3.115507 -0.886040 -0.021432 -0.620987 -0.086796 0.395558
 18 2.011151 -0.000000 -0.000002 -0.000000 -0.000000 0.447068
 19 2.141379 -0.000001 0.000001 0.000000 0.000000 0.000000
 20 1.734172 0.000000 -0.000002 -0.000000 0.000000 0.224350
 21 0.000006 -4.440594 0.000000 1.570544 -0.062990 -0.195737
 22 6.000001 0.000001 -0.000001 -1.176893 -0.000000 0.000000
 23 0.000002 -4.440598 0.000001 1.569944 -0.062987 0.004053
 24 11.375563 0.000000 0.000003 -1.310097 -0.006136 -0.297748
 25 -0.000001 -4.440605 -0.000002 1.570144 -0.062988 0.004040
 26 10.510132 -0.000001 -0.000001 -0.000000 0.000000 -2.555592
 27 -0.000001 -1.748399 4.999998 -0.000000 0.004007 1.602291
 28 5.500001 -0.000001 -0.000001 0.023712 0.000000 0.000000
 29 -0.000001 -1.940598 5.000000 -0.044472 0.004003 -0.000180
 30 6.551492 0.000001 -0.000000 -0.109795 0.555023 -0.498165
 31 0.000001 -1.940601 4.999999 -0.027189 -0.053376 0.005295
 32 6.551492 0.000001 -0.000000 -0.013504 0.269301 -0.218499
 33 0.000000 -1.940600 4.999998 -0.066572 -0.152786 -0.110311
 34 0.571228 -0.781127 -1.435385 2.803630 1.049127 -0.819739
 35 6.384777 0.000001 -0.000003 -0.572327 -1.030235 1.234052
 36 10.242681 0.000002 0.000001 -0.000000 0.000000 -2.124920
 37 11.375562 0.000002 -0.000001 1.459089 0.110701 0.593568
 38 0.728682 0.023431 1.008292 -2.027434 -0.416219 0.534151
 39 2.136495 0.000001 0.000000 -0.000000 -0.000000 1.282817
 40 2.313140 -0.000000 0.000000 0.000000 0.000000 3.141593
 41 3.115508 -0.886042 0.021432 0.518003 0.053583 0.680575
 42 2.011150 0.000000 -0.000000 -0.000000 -0.000000 2.082010
 43 2.141379 -0.000000 -0.000001 0.000000 0.000000 3.141593
 44 1.734172 -0.000001 0.000000 0.000000 -0.000000 1.041748
 45 0.136315 -3.738194 2.525890 1.493698 2.759406 -1.474501
 46 3.401196 -0.082822 2.201396 1.059647 2.922362 1.414544
 47 11.389367 -0.000818 0.158780 1.508082 0.048904 0.310113
 48 0.000001 -4.440599 -0.000001 1.570144 -3.078602 0.004040
 49 5.999999 -0.000001 -0.000001 1.508082 -0.000000 -0.000000
 50 0.000003 -4.440602 0.000001 1.569944 -3.078603 0.004053
 51 10.510131 0.000001 0.000002 0.000000 -0.000000 -2.633256
 52 0.000001 -1.748401 -5.000001 -3.141593 0.004007 -1.539299
 53 5.499999 0.000002 0.000000 -0.029301 0.000000 -0.000000
 54 -0.000000 0.000001 -5.000001 -0.044472 3.137589 -0.000177
 55 6.551492 -0.000000 -0.000002 0.029301 -0.353890 0.249944
 56 -1.266843 -1.937442 -4.950559 -0.066572 -2.988806 -0.110308
 57 6.551492 -0.000000 -0.000002 0.029301 -0.353890 0.249944
 58 0.699371 -1.944208 -5.006845 -0.027189 -3.088217 0.005298
 59 4.226145 -0.003200 -0.000002 0.222934 0.203281 0.279448
 60 0.000001 5.000003 -0.000003 -0.153564 0.000087 2.718702
 61 0.000004 -0.000005 -3.713580 0.365818 2.880119 -0.191589
 62 0.000003 -0.000000 5.000000 3.053196 1.558589 -0.074928
 63 -0.000007 0.000005 3.713580 -0.001619 -3.122277 -0.475127
 64 0.000001 -0.000000 -5.000000 -0.088725 1.558589 3.066336
 65 7.363602 1.646647 0.495663 3.141593 -1.570796 0.000000
 66 -0.000005 0.000006 3.619081 0.008255 -3.110080 -0.985231
 67 16.573919 0.000001 0.000000 0.000000 0.000000 -1.065827
 68 15.128181 0.000001 -0.000000 -0.102296 0.010178 0.114297
 69 5.758665 4.244731 -0.000000 0.000000 -0.000000 1.667687
 70 3.177726 0.000000 0.000000 0.000000 0.000000 3.141593
 71 15.708952 0.000001 0.000000 -0.051525 0.003996 0.061523
 72 0.275148 0.189215 -3.445208 3.130898 0.000409 -1.514604
 73 17.210192 0.000001 0.000000 0.000000 0.000000 -1.893339
 74 -0.000000 0.000000 -4.999999 -0.079430 1.546568 -1.570855
 75 0.000002 -0.000003 -3.619081 0.577895 2.675801 -0.242118
 76 16.573923 -0.000000 -0.000001 0.000000 -0.000000 -1.163030
 77 15.128182 -0.000000 0.000002 0.089479 0.309197 0.659208
 78 5.758665 4.244730 0.000000 -0.000000 0.000000 1.815142
 79 4.003934 -0.000000 0.000000 0.000000 0.000000 0.000000
 80 15.708954 0.000000 0.000002 0.042277 0.226871 0.443133
 81 0.273998 0.191089 3.439762 -3.130907 -0.000437 -1.508107
 82 17.210196 -0.000001 -0.000002 0.000000 -0.000000 -1.937080
 83 0.000001 -0.000001 5.000000 -0.079314 1.595025 -1.570739
time 1
  0 -0.650000 0.000000 33.899605 -0.025849 0.174554 -1.569172
  1 5.685105 0.833237 -32.227173 -0.174512 -0.026131 1.569196
  2 -2.276935 0.000003 -1.238188 -1.570795 -1.570451 0.000000
  3 1.798541 0.712115 -0.000191 0.057808 -0.083801 0.436729
  4 4.118935 -0.001461 -0.002917 1.099250 -0.055664 0.115657
  5 4.118959 -0.003255 -0.000181 0.055257 -0.002980 0.109021
  6 4.119090 -0.003239 -0.000171 0.052078 -0.014547 0.148526
  7 4.120004 -0.002921 -0.001420 0.443336 0.361958 0.614529
  8 4.443599 -0.000000 0.000000 -0.579433 -0.618845 0.092849
  9 9.024062 -0.000002 -0.000001 0.000000 0.000000 0.000000
 10 -0.613567 0.698634 1.463797 0.693376 -0.892098 1.825742
 11 6.384776 0.000000 0.000002 -0.409811 0.787999 -0.915921
 12 10.242682 -0.000000 -0.000001 0.000000 -0.000000 -1.902001
 13 11.375561 -0.000001 -0.000001 -1.101928 0.097220 -0.552507
 14 0.728680 0.023431 -1.008292 0.244586 0.493457 0.451115
 15 2.136497 -0.000000 -0.000001 0.000000 -0.000000 0.184857
 16 2.313138 -0.000002 0.000000 0.000000 0.000000 0.000000
 17 3.115507 -0.886040 -0.021432 -0.623826 -0.065504 0.425827
 18 2.011149 -0.000001 -0.000001 0.000000 0.000000 0.492387
 19 2.141380 -0.000001 0.000001 0.000000 0.000000 0.000000
 20 1.734173 -0.000000 0.000001 0.000000 0.000000 0.246964
 21 0.000007 -4.440593 0.000003 1.570544 -0.062990 -0.195737
 22 6.000000 0.000001 -0.000001 -1.209906 -0.000000 0.000000
 23 0.000001 -4.440602 0.000001 1.569944 -0.062987 0.004053
 24 11.375562 -0.000000 0.000002 -1.330320 0.014386 -0.297261
 25 -0.000001 -4.440606 -0.000001 1.570144 -0.062988 0.004040
 26 10.510130 0.000001 -0.000000 0.000000 0.000000 -2.521797
 27 -0.000000 -1.748401 4.999998 -0.000000 0.004007 1.602291
 28 5.500000 0.000000 -0.000001 0.020782 -0.000000 0.000000
 29 -0.000002 -1.940598 5.000001 -0.044472 0.004003 -0.000180
 30 6.551491 0.000000 0.000001 -0.109653 0.546531 -0.545647
 31 0.000001 -1.940600 5.000002 -0.027189 -0.053376 0.005295
 32 6.551491 0.000000 0.000001 -0.010554 0.264541 -0.239289
 33 0.000001 -1.940600 4.999996 -0.066572 -0.152786 -0.110311
 34 0.613571 -0.691559 -1.463794 2.949957 1.076533 -0.702613
 35 6.384778 0.000000 0.000001 0.103531 -1.057845 0.265996
 36 10.242681 0.000000 0.000001 -0.000000 0.000000 -1.949279
 37 11.375561 0.000003 -0.000001 1.785912 0.045897 1.063534
 38 0.728681 0.023431 1.008291 -2.027434 -0.416219 0.534151
 39 2.136496 -0.000000 0.000001 0.000000 -0.000000 1.282817
 40 2.313139 -0.000000 -0.000000 0.000000 0.000000 3.141593
 41 3.115507 -0.886042 0.021431 0.518003 0.053583 0.680575
 42 2.011151 0.000000 -0.000001 -0.000000 -0.000000 2.082010
 43 2.141379 -0.000000 -0.000000 0.000000 0.000000 3.141593
 44 1.734172 -0.000002 -0.000000 -0.000000 -0.000000 1.041748
 45 0.136315 -3.738194 2.525891 1.493698 2.759406 -1.474501
 46 3.401196 -0.082821 2.201396 1.059647 2.922362 1.414544
 47 11.389368 -0.000818 0.158780 1.677840 0.056254 0.515134
 48 0.000000 -4.440598 -0.000000 1.570144 -3.078602 0.004040
 49 6.000000 0.000001 -0.000000 1.677840 0.000000 -0.000000
 50 0.000002 -4.440602 -0.000001 1.569944 -3.078603 0.004053
 51 10.510132 0.000000 0.000002 -0.000000 -0.000000 -2.545436
 52 -0.000000 -1.748399 -5.000001 -3.141593 0.004007 -1.539299
 53 5.500002 -0.000001 0.000001 -0.093010 0.000000 0.000000
 54 0.000001 -0.000001 -5.000000 -0.044472 3.137589 -0.000177
 55 6.551492 0.000000 0.000002 0.093010 -0.323779 0.123205
 56 -1.266842 -1.937443 -4.950559 -0.066572 -2.988806 -0.110308
 57 6.551492 0.000000 0.000002 0.093010 -0.323779 0.123205
 58 0.699371 -1.944207 -5.006846 -0.027189 -3.088217 0.005298
 59 4.226146 -0.003202 -0.000000 0.190435 0.212887 0.292196
 60 0.000000 5.000001 0.000003 -0.153564 0.000087 2.718701
 61 0.000004 -0.000005 -3.713580 0.365818 2.880119 -0.191589
 62 0.000003 -0.000000 5.000000 3.053196 1.558589 -0.074928
 63 -0.000007 0.000005 3.713580 -0.001619 -3.122277 -0.475127
 64 0.000001 -0.000000 -5.000000 -0.088725 1.558589 3.066336
 65 7.363602 1.646647 0.495663 3.141593 -1.570796 0.000000
 66 -0.000005 0.000006 3.619081 0.008255 -3.110080 -0.985231
 67 16.573919 0.000001 0.000000 0.000000 0.000000 -1.065827
 68 15.128181 0.000001 -0.000000 -0.102296 0.010178 0.114297
 69 5.758665 4.244731 -0.000000 0.000000 -0.000000 1.667687
 70 3.177726 0.000000 0.000000 0.000000 0.000000 3.141593
 71 15.708952 0.000001 0.000000 -0.051525 0.003996 0.061523
 72 0.275148 0.189215 -3.445208 3.130898 0.000409 -1.514604
 73 17.210192 0.000001 0.000000 0.000000 0.000000 -1.893339
 74 -0.000000 0.000000 -4.999999 -0.079430 1.546568 -1.570855
 75 0.000002 -0.000003 -3.619081 0.577895 2.675801 -0.242118
 76 16.573923 -0.000000 -0.000001 0.000000 -0.000000 -1.163030
 77 15.128182 -0.000000 0.000002 0.089479 0.309197 0.659208
 78 5.758665 4.244730 0.000000 -0.000000 0.000000 1.815142
 79 4.003934 -0.000000 0.000000 0.000000 0.000000 0.000000
 80 15.708954 0.000000 0.000002 0.042277 0.226871 0.443133
 81 0.273998 0.191089 3.439762 -3.130907 -0.000437 -1.508107
 82 17.210196 -0.000001 -0.000002 0.000000 -0.000000 -1.937080
 83 0.000001 -0.000001 5.000000 -0.079314 1.595025 -1.570739
time 2
  0 -0.650000 0.000000 33.899605 -0.025849 0.174554 -1.569172
  1 5.685105 0.833237 -32.227173 -0.174512 -0.026131 1.569196
  2 -2.276935 0.000003 -1.238188 -1.570795 -1.570451 0.000000
  3 1.798535 0.712130 -0.000392 0.118957 0.002977 0.441712
  4 4.119030 -0.001299 -0.002981 1.150338 -0.094866 0.109265
  5 4.118962 -0.003242 -0.000344 0.105627 -0.063938 0.103148
  6 4.119358 -0.003177 -0.000303 0.092524 -0.065308 0.227689
  7 4.120313 -0.002922 -0.001028 0.324013 0.421060 0.666012
  8 4.443599 -0.000001 0.000001 -0.409023 -0.429464 -0.136888
  9 9.024061 0.000001 -0.000000 0.000000 0.000000 0.000000
 10 -0.708213 0.507001 1.499093 0.558018 -0.977039 1.889730
 11 6.384779 0.000001 0.000002 -0.365830 0.740783 -1.049437
 12 10.242683 -0.000001 -0.000000 -0.000000 -0.000000 -1.791731
 13 11.375562 -0.000002 0.000001 -1.227983 0.179248 -0.543423
 14 0.728680 0.023433 -1.008292 0.294781 0.466811 0.559692
 15 2.136496 0.000001 0.000001 -0.000000 0.000000 0.307405
 16 2.313140 0.000000 -0.000000 0.000000 0.000000 0.000000
 17 3.115506 -0.886040 -0.021432 -0.630521 -0.008976 0.506392
 18 2.011150 -0.000000 -0.000002 -0.000000 0.000000 0.613126
 19 2.141379 0.000000 0.000001 0.000000 0.000000 0.000000
 20 1.734174 0.000000 0.000000 -0.000000 0.000000 0.307093
 21 0.000006 -4.440594 -0.000001 1.570544 -0.062990 -0.195737
 22 6.000000 0.000000 -0.000001 -1.305287 -0.000000 -0.000000
 23 0.000002 -4.440600 -0.000000 1.569944 -0.062987 0.004053
 24 11.375562 -0.000001 0.000003 -1.389619 0.068167 -0.292268
 25 -0.000001 -4.440605 0.000000 1.570144 -0.062988 0.004040
 26 10.510131 -0.000001 -0.000000 0.000000 -0.000000 -2.466662
 27 0.000000 -1.748399 4.999998 -0.000000 0.004007 1.602291
 28 5.500000 0.000000 0.000001 0.007999 -0.000000 -0.000000
 29 -0.000002 -1.940598 5.000000 -0.044472 0.004003 -0.000180
 30 6.551493 0.000002 0.000002 -0.093102 0.542167 -0.601375
 31 -0.000000 -1.940598 5.000003 -0.027189 -0.053376 0.005295
 32 6.551493 0.000002 0.000002 0.000668 0.259979 -0.263798
 33 -0.000000 -1.940599 4.999996 -0.066572 -0.152786 -0.110311
 34 0.708216 -0.499927 -1.499091 -2.993323 1.098071 -0.422425
 35 6.384778 -0.000000 0.000002 0.613905 -0.688895 -0.396378
 36 10.242682 0.000000 0.000000 -0.000000 -0.000000 -1.394459
 37 11.375561 0.000001 0.000001 2.214551 -0.408041 1.094441
 38 0.728680 0.023431 1.008293 -2.027434 -0.416219 0.534151
 39 2.136497 -0.000001 0.000001 -0.000000 0.000000 1.282817
 40 2.313141 -0.000000 0.000000 0.000000 0.000000 3.141593
 41 3.115505 -0.886040 0.021432 0.518003 0.053583 0.680575
 42 2.011152 -0.000002 0.000001 -0.000000 -0.000000 2.082010
 43 2.141379 0.000000 -0.000000 0.000000 0.000000 3.141593
 44 1.734173 -0.000001 0.000000 0.000000 -0.000000 1.041748
 45 0.136315 -3.738193 2.525891 1.493698 2.759406 -1.474501
 46 3.401195 -0.082822 2.201397 1.059647 2.922362 1.414544
 47 11.389367 -0.000818 0.158783 1.957088 -0.107600 0.560845
 48 0.000000 -4.440599 -0.000001 1.570144 -3.078602 0.004040
 49 6.000000 0.000001 0.000001 1.957088 0.000000 -0.000000
 50 0.000001 -4.440602 -0.000001 1.569944 -3.078603 0.004053
 51 10.510131 0.000000 0.000000 0.000000 0.000000 -2.268026
 52 -0.000001 -1.748400 -5.000001 -3.141593 0.004007 -1.539299
 53 5.499997 -0.000000 -0.000000 -0.186672 0.000000 -0.000000
 54 0.000002 0.000000 -5.000001 -0.044472 3.137589 -0.000177
 55 6.551491 0.000000 0.000002 0.186672 -0.246685 -0.083895
 56 -1.266845 -1.937443 -4.950562 -0.066572 -2.988806 -0.110308
 57 6.551491 0.000000 0.000001 0.186672 -0.246685 -0.083895
 58 0.699371 -1.944208 -5.006847 -0.027189 -3.088217 0.005298
 59 4.226148 -0.003203 0.000001 0.121863 0.234969 0.316632
 60 0.000000 5.000001 -0.000000 -0.153564 0.000087 2.718702
 61 0.000004 -0.000005 -3.713580 0.365818 2.880119 -0.191589
 62 0.000003 -0.000000 5.000000 3.053196 1.558589 -0.074928
 63 -0.000007 0.000005 3.713580 -0.001619 -3.122277 -0.475127
 64 0.000001 -0.000000 -5.000000 -0.088725 1.558589 3.066336
 65 7.363602 1.646647 0.495663 3.141593 -1.570796 0.000000
 66 -0.000005 0.000006 3.619081 0.008255 -3.110080 -0.985231
 67 16.573919 0.000001 0.000000 0.000000 0.000000 -1.065827
 68 15.128181 0.000001 -0.000000 -0.102296 0.010178 0.114297
 69 5.758665 4.244731 -0.000000 0.000000 -0.000000 1.667687
 70 3.177726 0.000000 0.000000 0.000000 0.000000 3.141593
 71 15.708952 0.000001 0.000000 -0.051525 0.003996 0.061523
 72 0.275148 0.189215 -3.445208 3.130898 0.000409 -1.514604
 73 17.210192 0.000001 0.000000 0.000000 0.000000 -1.893339
 74 -0.000000 0.000000 -4.999999 -0.079430 1.546568 -1.570855
 75 0.000002 -0.000003 -3.619081 0.577895 2.675801 -0.242118
 76 16.573923 -0.000000 -0.000001 0.000000 -0.000000 -1.163030
 77 15.128182 -0.000000 0.000002 0.089479 0.309197 0.659208
 78 5.758665 4.244730 0.000000 -0.000000 0.000000 1.815142
 79 4.003934 -0.000000 0.000000 0.000000 0.000000 0.000000
 80 15.708954 0.000000 0.000002 0.042277 0.226871 0.443133
 81 0.273998 0.191089 3.439762 -3.130907 -0.000437 -1.508107
 82 17.210196 -0.000001 -0.000002 0.000000 -0.000000 -1.937080
 83 0.000001 -0.000001 5.000000 -0.079314 1.595025 -1.570739
time 3
  0 -0.650000 0.000000 33.899605 -0.025849 0.174554 -1.569172
  1 5.685105 0.833237 -32.227173 -0.174512 -0.026131 1.569196
  2 -2.276935 0.000003 -1.238188 -1.570795 -1.570451 0.000000
  3 1.798506 0.712147 -0.000581 0.177896 0.083285 0.450266
  4 4.119118 -0.001140 -0.003031 1.199997 -0.131353 0.100991
  5 4.118972 -0.003221 -0.000500 0.154781 -0.120787 0.094397
  6 4.119612 -0.003093 -0.000419 0.128240 -0.115162 0.300250
  7 4.120596 -0.002849 -0.000649 0.208762 0.483044 0.709084
  8 4.443598 0.000003 0.000000 -0.255347 -0.207081 -0.284553
  9 9.024061 0.000001 0.000002 0.000000 0.000000 0.000000
 10 -0.804811 0.321553 1.501158 0.423763 -1.050794 1.955109
 11 6.384776 -0.000000 -0.000001 -0.264205 0.749131 -1.060904
 12 10.242682 0.000002 0.000001 -0.000000 0.000000 -1.734126
 13 11.375561 -0.000001 0.000001 -1.375750 0.288856 -0.519224
 14 0.728681 0.023431 -1.008292 0.350939 0.427633 0.689377
 15 2.136497 -0.000001 0.000001 0.000000 0.000000 0.458644
 16 2.313139 -0.000001 0.000000 0.000000 0.000000 0.000000
 17 3.115507 -0.886041 -0.021431 -0.632756 0.061126 0.605411
 18 2.011151 0.000001 -0.000001 0.000000 -0.000000 0.761997
 19 2.141380 -0.000000 -0.000002 0.000000 0.000000 0.000000
 20 1.734173 0.000001 -0.000001 0.000000 -0.000000 0.381076
 21 0.000006 -4.440593 -0.000000 1.570544 -0.062990 -0.195737
 22 5.999999 -0.000002 0.000001 -1.416162 -0.000000 0.000000
 23 0.000001 -4.440603 -0.000001 1.569944 -0.062987 0.004053
 24 11.375562 -0.000001 0.000003 -1.458734 0.138592 -0.276695
 25 -0.000001 -4.440603 0.000000 1.570144 -0.062988 0.004040
 26 10.510131 0.000002 0.000001 -0.000000 -0.000000 -2.437859
 27 -0.000000 -1.748402 5.000000 -0.000000 0.004007 1.602291
 28 5.500001 0.000000 -0.000000 -0.018789 -0.000000 0.000000
 29 -0.000002 -1.940599 5.000002 -0.044472 0.004003 -0.000180
 30 6.551491 0.000001 -0.000000 -0.044591 0.547678 -0.600729
 31 0.000000 -1.940598 5.000000 -0.027189 -0.053376 0.005295
 32 6.551491 0.000001 -0.000000 0.022839 0.258652 -0.266152
 33 0.000000 -1.940599 5.000000 -0.066572 -0.152786 -0.110311
 34 0.804812 -0.314473 -1.501154 -2.667284 1.073802 -0.152791
 35 6.384776 0.000001 -0.000003 0.693945 -0.470159 -0.494236
 36 10.242682 0.000001 -0.000001 -0.000000 -0.000000 -0.887227
 37 11.375562 0.000000 0.000000 2.417240 -0.660680 0.776000
 38 0.728681 0.023430 1.008293 -2.027434 -0.416219 0.534151
 39 2.136498 0.000001 -0.000000 0.000000 -0.000000 1.282817
 40 2.313137 0.000001 0.000001 0.000000 0.000000 3.141593
 41 3.115507 -0.886041 0.021431 0.518003 0.053583 0.680575
 42 2.011150 -0.000001 -0.000001 -0.000000 -0.000000 2.082010
 43 2.141379 -0.000001 0.000000 0.000000 0.000000 3.141593
 44 1.734172 -0.000002 -0.000000 -0.000000 -0.000000 1.041748
 45 0.136316 -3.738194 2.525890 1.493698 2.759406 -1.474501
 46 3.401196 -0.082821 2.201397 1.059647 2.922362 1.414544
 47 11.389366 -0.000820 0.158782 2.047034 -0.239808 0.441187
 48 -0.000001 -4.440600 0.000000 1.570144 -3.078602 0.004040
 49 6.000000 -0.000001 -0.000000 2.047034 0.000000 -0.000000
 50 0.000001 -4.440602 -0.000001 1.569944 -3.078603 0.004053
 51 10.510132 0.000001 0.000002 -0.000000 -0.000000 -2.014410
 52 0.000000 -1.748399 -5.000001 -3.141593 0.004007 -1.539299
 53 5.500000 0.000001 0.000000 -0.213954 0.000000 0.000000
 54 0.000001 0.000000 -5.000000 -0.044472 3.137589 -0.000177
 55 6.551492 -0.000000 0.000000 0.213954 -0.187877 -0.152649
 56 -1.266844 -1.937444 -4.950562 -0.066572 -2.988806 -0.110308
 57 6.551493 0.000000 -0.000000 0.213954 -0.187877 -0.152649
 58 0.699370 -1.944209 -5.006846 -0.027189 -3.088217 0.005298
 59 4.226145 -0.003201 0.000001 0.055874 0.258190 0.336889
 60 -0.000000 5.000001 0.000000 -0.153564 0.000087 2.718702
 61 0.000004 -0.000005 -3.713580 0.365818 2.880119 -0.191589
 62 0.000003 -0.000000 5.000000 3.053196 1.558589 -0.074928
 63 -0.000007 0.000005 3.713580 -0.001619 -3.122277 -0.475127
 64 0.000001 -0.000000 -5.000000 -0.088725 1.558589 3.066336
 65 7.363602 1.646647 0.495663 3.141593 -1.570796 0.000000
 66 -0.000005 0.000006 3.619081 0.008255 -3.110080 -0.985231
 67 16.573919 0.000001 0.000000 0.000000 0.000000 -1.065827
 68 15.128181 0.000001 -0.000000 -0.102296 0.010178 0.114297
 69 5.758665 4.244731 -0.000000 0.000000 -0.000000 1.667687
 70 3.177726 0.000000 0.000000 0.000000 0.000000 3.141593
 71 15.708952 0.000001 0.000000 -0.051525 0.003996 0.061523
 72 0.275148 0.189215 -3.445208 3.130898 0.000409 -1.514604
 73 17.210192 0.000001 0.000000 0.000000 0.000000 -1.893339
 74 -0.000000 0.000000 -4.999999 -0.079430 1.546568 -1.570855
 75 0.000002 -0.000003 -3.619081 0.577895 2.675801 -0.242118
 76 16.573923 -0.000000 -0.000001 0.000000 -0.000000 -1.163030
 77 15.128182 -0.000000 0.000002 0.089479 0.309197 0.659208
 78 5.758665 4.244730 0.000000 -0.000000 0.000000 1.815142
 79 4.003934 -0.000000 0.000000 0.000000 0.000000 0.000000
 80 15.708954 0.000000 0.000002 0.042277 0.226871 0.443133
 81 0.273998 0.191089 3.439762 -3.130907 -0.000437 -1.508107
 82 17.210196 -0.000001 -0.000002 0.000000 -0.000000 -1.937080
 83 0.000001 -0.000001 5.000000 -0.079314 1.595025 -1.570739
time 4
  0 -0.650000 0.000000 33.899605 -0.025849 0.174554 -1.569172
  1 5.685105 0.833237 -32.227173 -0.174512 -0.026131 1.569196
  2 -2.276935 0.000003 -1.238188 -1.570795 -1.570451 0.000000
  3 1.798457 0.712155 -0.000710 0.219265 0.125457 0.451082
  4 4.119173 -0.001024 -0.003064 1.238111 -0.152748 0.092324
  5 4.118969 -0.003198 -0.000624 0.192871 -0.153728 0.085029
  6 4.119759 -0.003029 -0.000506 0.156864 -0.142216 0.341158
  7 4.120762 -0.002767 -0.000418 0.136998 0.523422 0.732127
  8 4.443599 -0.000000 0.000001 -0.170838 -0.059143 -0.348535
  9 9.024061 0.000001 0.000000 0.000000 0.000000 0.000000
 10 -0.866096 0.208487 1.486672 0.365428 -1.088818 1.967567
 11 6.384776 -0.000001 -0.000002 -0.120812 0.803998 -0.933286
 12 10.242684 -0.000000 -0.000001 0.000000 0.000000 -1.753325
 13 11.375562 -0.000003 0.000001 -1.480521 0.406752 -0.483814
 14 0.728681 0.023432 -1.008290 0.398730 0.383862 0.810304
 15 2.136497 0.000000 0.000001 0.000000 0.000000 0.605104
 16 2.313139 0.000000 -0.000001 0.000000 0.000000 0.000000
 17 3.115507 -0.886039 -0.021429 -0.626702 0.129413 0.702141
 18 2.011150 -0.000000 -0.000004 -0.000000 -0.000000 0.906848
 19 2.141379 -0.000001 0.000001 0.000000 0.000000 0.000000
 20 1.734173 0.000000 -0.000001 -0.000000 0.000000 0.453035
 21 0.000006 -4.440594 -0.000000 1.570544 -0.062990 -0.195737
 22 6.000000 -0.000000 0.000000 -1.491534 0.000000 -0.000000
 23 0.000001 -4.440601 0.000000 1.569944 -0.062987 0.004053
 24 11.375562 -0.000002 0.000003 -1.504923 0.207260 -0.253674
 25 -0.000001 -4.440604 0.000000 1.570144 -0.062988 0.004040
 26 10.510131 0.000001 -0.000000 0.000000 -0.000000 -2.447459
 27 -0.000000 -1.748401 4.999999 0.000000 0.004007 1.602291
 28 5.499999 0.000001 0.000000 -0.056651 0.000000 0.000000
 29 -0.000003 -1.940598 5.000000 -0.044472 0.004003 -0.000180
 30 6.551490 -0.000001 -0.000002 0.030371 0.564880 -0.541969
 31 -0.000001 -1.940597 5.000003 -0.027189 -0.053376 0.005295
 32 6.551490 -0.000001 -0.000002 0.053635 0.262588 -0.245387
 33 0.000000 -1.940601 4.999996 -0.066572 -0.152786 -0.110311
 34 0.866099 -0.201413 -1.486670 -2.487810 1.039133 -0.008080
 35 6.384776 0.000001 -0.000002 0.678069 -0.375659 -0.500752
 36 10.242683 0.000001 0.000001 -0.000000 -0.000000 -0.531914
 37 11.375561 0.000000 0.000001 2.441661 -0.707756 0.522817
 38 0.728681 0.023431 1.008291 -2.027434 -0.416219 0.534151
 39 2.136496 0.000001 0.000001 0.000000 -0.000000 1.282817
 40 2.313139 -0.000001 -0.000000 0.000000 0.000000 3.141593
 41 3.115508 -0.886040 0.021431 0.518003 0.053583 0.680575
 42 2.011150 0.000000 -0.000001 -0.000000 -0.000000 2.082010
 43 2.141379 -0.000000 0.000000 0.000000 0.000000 3.141593
 44 1.734171 -0.000001 -0.000001 0.000000 -0.000000 1.041748
 45 0.136314 -3.738192 2.525891 1.493698 2.759406 -1.474501
 46 3.401196 -0.082821 2.201395 1.059647 2.922362 1.414544
 47 11.389367 -0.000819 0.158781 2.027755 -0.294795 0.328802
 48 0.000001 -4.440600 0.000000 1.570144 -3.078602 0.004040
 49 6.000000 0.000000 -0.000000 2.027755 -0.000000 0.000000
 50 0.000001 -4.440602 -0.000001 1.569944 -3.078603 0.004053
 51 10.510134 0.000000 0.000002 0.000000 0.000000 -1.836753
 52 0.000002 -1.748400 -5.000001 -3.141593 0.004007 -1.539299
 53 5.500000 0.000000 -0.000000 -0.212330 0.000000 0.000000
 54 0.000001 0.000000 -4.999998 -0.044472 3.137589 -0.000177
 55 6.551492 0.000000 0.000000 0.212330 -0.160192 -0.172543
 56 -1.266844 -1.937444 -4.950562 -0.066572 -2.988806 -0.110308
 57 6.551492 0.000000 0.000000 0.212330 -0.160192 -0.172543
 58 0.699369 -1.944208 -5.006850 -0.027189 -3.088217 0.005298
 59 4.226146 -0.003200 0.000001 0.015294 0.273125 0.347738
 60 -0.000000 5.000001 -0.000001 -0.153564 0.000087 2.718702
 61 0.000004 -0.000005 -3.713580 0.365818 2.880119 -0.191589
 62 0.000003 -0.000000 5.000000 3.053196 1.558589 -0.074928
 63 -0.000007 0.000005 3.713580 -0.001619 -3.122277 -0.475127
 64 0.000001 -0.000000 -5.000000 -0.088725 1.558589 3.066336
 65 7.363602 1.646647 0.495663 3.141593 -1.570796 0.000000
 66 -0.000005 0.000006 3.619081 0.008255 -3.110080 -0.985231
 67 16.573919 0.000001 0.000000 0.000000 0.000000 -1.065827
 68 15.128181 0.000001 -0.000000 -0.102296 0.010178 0.114297
 69 5.758665 4.244731 -0.000000 0.000000 -0.000000 1.667687
 70 3.177726 0.000000 0.000000 0.000000 0.000000 3.141593
 71 15.708952 0.000001 0.000000 -0.051525 0.003996 0.061523
 72 0.275148 0.189215 -3.445208 3.130898 0.000409 -1.514604
 73 17.210192 0.000001 0.000000 0.000000 0.000000 -1.893339
 74 -0.000000 0.000000 -4.999999 -0.079430 1.546568 -1.570855
 75 0.000002 -0.000003 -3.619081 0.577895 2.675801 -0.242118
 76 16.573923 -0.000000 -0.000001 0.000000 -0.000000 -1.163030
 77 15.128182 -0.000000 0.000002 0.089479 0.309197 0.659208
 78 5.758665 4.244730 0.000000 -0.000000 0.000000 1.815142
 79 4.003934 -0.000000 0.000000 0.000000 0.000000 0.000000
 80 15.708954 0.000000 0.000002 0.042277 0.226871 0.443133
 81 0.273998 0.191089 3.439762 -3.130907 -0.000437 -1.508107
 82 17.210196 -0.000001 -0.000002 0.000000 -0.000000 -1.937080
 83 0.000001 -0.000001 5.000000 -0.079314 1.595025 -1.570739
time 5
  0 -0.650000 0.000000 33.899605 -0.025849 0.174554 -1.569172
  1 5.685105 0.833237 -32.227173 -0.174512 -0.026131 1.569196
  2 -2.276935 0.000003 -1.238188 -1.570795 -1.570451 0.000000
  3 1.798429 0.712150 -0.000741 0.228770 0.120914 0.442761
  4 4.119165 -0.000984 -0.003077 1.250725 -0.153683 0.088189
  5 4.118966 -0.003192 -0.000662 0.205637 -0.154560 0.080939
  6 4.119761 -0.003021 -0.000548 0.169827 -0.138821 0.341244
  7 4.120809 -0.002743 -0.000363 0.119939 0.543186 0.739739
  8 4.443599 -0.000001 0.000001 -0.135843 -0.096719 -0.373355
  9 9.024062 0.000000 -0.000001 0.000000 0.000000 0.000000
 10 -0.895587 0.181017 1.472667 0.380177 -1.085929 1.931496
 11 6.384776 0.000000 -0.000000 0.061749 0.885653 -0.657956
 12 10.242681 0.000001 -0.000001 -0.000000 0.000000 -1.833330
 13 11.375563 0.000000 -0.000002 -1.487895 0.509540 -0.466639
 14 0.728680 0.023431 -1.008293 0.429727 0.348315 0.896833
 15 2.136497 -0.000000 -0.000001 0.000000 -0.000000 0.713372
 16 2.313141 0.000001 0.000001 0.000000 0.000000 0.000000
 17 3.115507 -0.886040 -0.021433 -0.614091 0.180430 0.775550
 18 2.011152 -0.000000 0.000000 0.000000 0.000000 1.015583
 19 2.141380 0.000002 -0.000001 0.000000 0.000000 0.000000
 20 1.734173 -0.000000 0.000001 -0.000000 0.000000 0.507127
 21 0.000007 -4.440595 0.000000 1.570544 -0.062990 -0.195737
 22 6.000001 0.000001 -0.000002 -1.492183 -0.000000 0.000000
 23 0.000000 -4.440603 -0.000002 1.569944 -0.062987 0.004053
 24 11.375564 0.000001 0.000000 -1.502726 0.258950 -0.241552
 25 -0.000001 -4.440603 0.000001 1.570144 -0.062988 0.004040
 26 10.510128 0.000001 -0.000000 0.000000 -0.000000 -2.487461
 27 -0.000000 -1.748401 4.999999 0.000000 0.004007 1.602291
 28 5.499998 0.000000 -0.000001 -0.099110 0.000000 0.000000
 29 -0.000002 -1.940599 5.000001 -0.044472 0.004003 -0.000180
 30 6.551491 0.000001 -0.000001 0.118823 0.607314 -0.431745
 31 -0.000000 -1.940597 5.000002 -0.027189 -0.053376 0.005295
 32 6.551491 0.000001 -0.000001 0.087844 0.279332 -0.202244
 33 -0.000000 -1.940598 4.999995 -0.066572 -0.152786 -0.110311
 34 0.895589 -0.173939 -1.472666 -2.445152 1.019332 0.025305
 35 6.384776 0.000000 0.000001 0.490135 -0.278903 -0.505163
 36 10.242683 0.000001 -0.000001 0.000000 0.000000 -0.358025
 37 11.375562 0.000002 -0.000002 2.342286 -0.618223 0.419676
 38 0.728681 0.023430 1.008291 -2.027434 -0.416219 0.534151
 39 2.136497 0.000001 0.000002 -0.000000 -0.000000 1.282817
 40 2.313141 -0.000000 0.000000 0.000000 0.000000 3.141593
 41 3.115507 -0.886042 0.021430 0.518003 0.053583 0.680575
 42 2.011151 -0.000000 0.000000 -0.000000 -0.000000 2.082010
 43 2.141380 -0.000001 0.000001 0.000000 0.000000 3.141593
 44 1.734173 -0.000002 -0.000000 -0.000000 -0.000000 1.041748
 45 0.136314 -3.738192 2.525891 1.493698 2.759406 -1.474501
 46 3.401196 -0.082822 2.201395 1.059647 2.922362 1.414544
 47 11.389366 -0.000819 0.158781 1.967763 -0.273595 0.266745
 48 0.000001 -4.440599 -0.000001 1.570144 -3.078602 0.004040
 49 5.999999 0.000000 -0.000001 1.967763 -0.000000 -0.000000
 50 0.000003 -4.440600 -0.000001 1.569944 -3.078603 0.004053
 51 10.510131 -0.000001 -0.000001 -0.000000 0.000000 -1.749809
 52 0.000001 -1.748401 -5.000003 -3.141593 0.004007 -1.539299
 53 5.500001 0.000000 0.000000 -0.153522 0.000000 -0.000000
 54 0.000001 0.000000 -5.000000 -0.044472 3.137589 -0.000177
 55 6.551491 -0.000000 0.000003 0.153522 -0.120937 -0.200859
 56 -1.266845 -1.937443 -4.950561 -0.066572 -2.988806 -0.110308
 57 6.551491 -0.000000 0.000003 0.153522 -0.120937 -0.200859
 58 0.699369 -1.944208 -5.006848 -0.027189 -3.088217 0.005298
 59 4.226144 -0.003201 -0.000001 0.004309 0.281644 0.350499
 60 0.000002 5.000000 0.000000 -0.153564 0.000087 2.718702
 61 0.000004 -0.000005 -3.713580 0.365818 2.880119 -0.191589
 62 0.000003 -0.000000 5.000000 3.053196 1.558589 -0.074928
 63 -0.000007 0.000005 3.713580 -0.001619 -3.122277 -0.475127
 64 0.000001 -0.000000 -5.000000 -0.088725 1.558589 3.066336
 65 7.363602 1.646647 0.495663 3.141593 -1.570796 0.000000
 66 -0.000005 0.000006 3.619081 0.008255 -3.110080 -0.985231
 67 16.573919 0.000001 0.000000 0.000000 0.000000 -1.065827
 68 15.128181 0.000001 -0.000000 -0.102296 0.010178 0.114297
 69 5.758665 4.244731 -0.000000 0.000000 -0.000000 1.667687
 70 3.177726 0.000000 0.000000 0.000000 0.000000 3.141593
 71 15.708952 0.000001 0.000000 -0.051525 0.003996 0.061523
 72 0.275148 0.189215 -3.445208 3.130898 0.000409 -1.514604
 73 17.210192 0.000001 0.000000 0.000000 0.000000 -1.893339
 74 -0.000000 0.000000 -4.999999 -0.079430 1.546568 -1.570855
 75 0.000002 -0.000003 -3.619081 0.577895 2.675801 -0.242118
 76 16.573923 -0.000000 -0.000001 0.000000 -0.000000 -1.163030
 77 15.128182 -0.000000 0.000002 0.089479 0.309197 0.659208
 78 5.758665 4.244730 0.000000 -0.000000 0.000000 1.815142
 79 4.003934 -0.000000 0.000000 0.000000 0.000000 0.000000
 80 15.708954 0.000000 0.000002 0.042277 0.226871 0.443133
 81 0.273998 0.191089 3.439762 -3.130907 -0.000437 -1.508107
 82 17.210196 -0.000001 -0.000002 0.000000 -0.000000 -1.937080
 83 0.000001 -0.000001 5.000000 -0.079314 1.595025 -1.570739
time 6
  0 -0.650000 0.000000 33.899605 -0.025849 0.174554 -1.569172
  1 5.685105 0.833237 -32.227173 -0.174512 -0.026131 1.569196
  2 -2.276935 0.000003 -1.238188 -1.570795 -1.570451 0.000000
  3 1.798416 0.712149 -0.000759 0.234491 0.118813 0.438678
  4 4.119164 -0.000962 -0.003085 1.258077 -0.154390 0.085933
  5 4.118964 -0.003187 -0.000684 0.213072 -0.155368 0.078696
  6 4.119760 -0.003016 -0.000573 0.177360 -0.137375 0.340691
  7 4.120797 -0.002749 -0.000386 0.128840 0.556697 0.742139
  8 4.443600 -0.000001 0.000001 -0.117757 -0.200936 -0.394518
  9 9.024059 0.000001 -0.000001 0.000000 0.000000 0.000000
 10 -0.915544 0.192545 1.458895 0.386140 -1.070604 1.918378
 11 6.384778 -0.000000 0.000001 0.162331 0.893551 -0.464611
 12 10.242683 -0.000000 0.000001 -0.000000 -0.000000 -1.857950
 13 11.375562 -0.000000 -0.000002 -1.459822 0.594859 -0.492030
 14 0.728681 0.023430 -1.008292 0.439380 0.335729 0.925613
 15 2.136498 0.000000 0.000004 -0.000000 0.000000 0.750040
 16 2.313139 0.000000 -0.000001 0.000000 0.000000 0.000000
 17 3.115507 -0.886042 -0.021432 -0.600477 0.199771 0.803024
 18 2.011151 0.000001 -0.000002 -0.000000 0.000000 1.056108
 19 2.141379 -0.000000 0.000002 0.000000 0.000000 0.000000
 20 1.734173 0.000001 -0.000002 0.000000 0.000000 0.527316
 21 0.000006 -4.440594 -0.000001 1.570544 -0.062990 -0.195737
 22 6.000000 0.000000 -0.000001 -1.464826 -0.000000 0.000000
 23 -0.000000 -4.440601 -0.000001 1.569944 -0.062987 0.004053
 24 11.375563 0.000001 0.000001 -1.481748 0.298034 -0.250888
 25 -0.000002 -4.440604 -0.000001 1.570144 -0.062988 0.004040
 26 10.510130 -0.000001 0.000001 -0.000000 0.000000 -2.499771
 27 -0.000001 -1.748399 4.999998 -0.000000 0.004007 1.602290
 28 5.500000 -0.000001 0.000000 -0.117121 -0.000000 0.000000
 29 -0.000002 -1.940597 5.000000 -0.044472 0.004003 -0.000180
 30 6.551492 -0.000001 0.000001 0.162230 0.616343 -0.355710
 31 0.000000 -1.940598 5.000003 -0.027189 -0.053376 0.005295
 32 6.551492 -0.000001 0.000001 0.101963 0.284105 -0.172299
 33 -0.000001 -1.940600 4.999997 -0.066572 -0.152786 -0.110311
 34 0.915548 -0.185469 -1.458895 -2.453238 1.007188 0.020597
 35 6.384778 0.000000 -0.000000 0.282802 -0.278070 -0.388739
 36 10.242682 0.000001 0.000002 -0.000000 -0.000000 -0.501105
 37 11.375560 -0.000001 -0.000001 2.176511 -0.445116 0.504881
 38 0.728682 0.023430 1.008291 -2.027434 -0.416219 0.534151
 39 2.136497 0.000001 0.000001 0.000000 -0.000000 1.282817
 40 2.313139 0.000000 -0.000001 0.000000 0.000000 3.141593
 41 3.115507 -0.886042 0.021431 0.518003 0.053583 0.680575
 42 2.011150 0.000000 -0.000000 -0.000000 -0.000000 2.082010
 43 2.141378 -0.000001 0.000000 0.000000 0.000000 3.141593
 44 1.734172 -0.000001 0.000002 -0.000000 -0.000000 1.041748
 45 0.136316 -3.738193 2.525891 1.493698 2.759406 -1.474501
 46 3.401196 -0.082822 2.201397 1.059647 2.922362 1.414544
 47 11.389366 -0.000820 0.158781 1.891370 -0.188650 0.289175
 48 -0.000001 -4.440601 0.000000 1.570144 -3.078602 0.004040
 49 6.000000 0.000000 -0.000000 1.891369 -0.000000 0.000000
 50 -0.000000 -4.440602 0.000002 1.569944 -3.078603 0.004053
 51 10.510130 0.000001 0.000001 0.000000 0.000000 -1.821349
 52 0.000001 -1.748401 -5.000002 3.141593 0.004007 -1.539299
 53 5.499998 0.000000 0.000000 -0.090857 -0.000000 0.000000
 54 -0.000002 0.000000 -5.000000 -0.044472 3.137590 -0.000177
 55 6.551493 0.000000 0.000001 0.090857 -0.116578 -0.184863
 56 -1.266842 -1.937443 -4.950562 -0.066572 -2.988806 -0.110308
 57 6.551493 -0.000000 0.000001 0.090857 -0.116578 -0.184863
 58 0.699370 -1.944208 -5.006846 -0.027189 -3.088217 0.005298
 59 4.226146 -0.003201 -0.000000 0.006602 0.288977 0.350003
 60 -0.000001 5.000002 -0.000001 -0.153564 0.000087 2.718702
 61 0.000004 -0.000005 -3.713580 0.365818 2.880119 -0.191589
 62 0.000003 -0.000000 5.000000 3.053196 1.558589 -0.074928
 63 -0.000007 0.000005 3.713580 -0.001619 -3.122277 -0.475127
 64 0.000001 -0.000000 -5.000000 -0.088725 1.558589 3.066336
 65 7.363602 1.646647 0.495663 3.141593 -1.570796 0.000000
 66 -0.000005 0.000006 3.619081 0.008255 -3.110080 -0.985231
 67 16.573919 0.000001 0.000000 0.000000 0.000000 -1.065827
 68 15.128181 0.000001 -0.000000 -0.102296 0.010178 0.114297
 69 5.758665 4.244731 -0.000000 0.000000 -0.000000 1.667687
 70 3.177726 0.000000 0.000000 0.000000 0.000000 3.141593
 71 15.708952 0.000001 0.000000 -0.051525 0.003996 0.061523
 72 0.275148 0.189215 -3.445208 3.130898 0.000409 -1.514604
 73 17.210192 0.000001 0.000000 0.000000 0.000000 -1.893339
 74 -0.000000 0.000000 -4.999999 -0.079430 1.546568 -1.570855
 75 0.000002 -0.000003 -3.619081 0.577895 2.675801 -0.242118
 76 16.573923 -0.000000 -0.000001 0.000000 -0.000000 -1.163030
 77 15.128182 -0.000000 0.000002 0.089479 0.309197 0.659208
 78 5.758665 4.244730 0.000000 -0.000000 0.000000 1.815142
 79 4.003934 -0.000000 0.000000 0.000000 0.000000 0.000000
 80 15.708954 0.000000 0.000002 0.042277 0.226871 0.443133
 81 0.273998 0.191089 3.439762 -3.130907 -0.000437 -1.508107
 82 17.210196 -0.000001 -0.000002 0.000000 -0.000000 -1.937080
 83 0.000001 -0.000001 5.000000 -0.079314 1.595025 -1.570739
time 7
  0 -0.650000 0.000000 33.899605 -0.025849 0.174554 -1.569172
  1 5.685105 0.833237 -32.227173 -0.174512 -0.026131 1.569196
  2 -2.276935 0.000003 -1.238188 -1.570795 -1.570451 0.000000
  3 1.798388 0.712144 -0.000783 0.241504 0.095699 0.425807
  4 4.119147 -0.000925 -0.003099 1.271654 -0.149483 0.081686
  5 4.118948 -0.003178 -0.000731 0.226900 -0.146979 0.074880
  6 4.119690 -0.003032 -0.000630 0.195678 -0.122672 0.318305
  7 4.120766 -0.002767 -0.000430 0.144223 0.557823 0.740491
  8 4.443599 0.000001 -0.000002 -0.148735 -0.305510 -0.408431
  9 9.024063 0.000000 0.000000 0.000000 0.000000 0.000000
 10 -0.917201 0.214817 1.454791 0.384066 -1.060758 1.925223
 11 6.384777 -0.000001 0.000000 0.134355 0.881838 -0.503000
 12 10.242682 -0.000000 0.000002 -0.000000 0.000000 -1.811185
 13 11.375564 0.000000 -0.000003 -1.416230 0.623146 -0.533664
 14 0.728681 0.023431 -1.008293 0.432651 0.344588 0.905445
 15 2.136497 -0.000000 0.000000 -0.000000 -0.000000 0.724312
 16 2.313138 0.000000 0.000000 0.000000 0.000000 0.000000
 17 3.115508 -0.886039 -0.021431 -0.593931 0.190768 0.788071
 18 2.011152 -0.000000 0.000000 -0.000000 0.000000 1.034812
 19 2.141379 0.000001 -0.000001 0.000000 0.000000 0.000000
 20 1.734173 0.000001 -0.000001 -0.000000 -0.000000 0.516705
 21 0.000007 -4.440594 -0.000000 1.570544 -0.062990 -0.195737
 22 6.000001 0.000000 -0.000002 -1.428739 -0.000000 0.000000
 23 0.000000 -4.440602 -0.000000 1.569944 -0.062987 0.004053
 24 11.375562 -0.000001 0.000001 -1.456294 0.308007 -0.270535
 25 -0.000001 -4.440601 0.000001 1.570144 -0.062988 0.004040
 26 10.510132 -0.000001 0.000001 0.000000 -0.000000 -2.476388
 27 -0.000001 -1.748402 4.999998 -0.000000 0.004007 1.602290
 28 5.500000 0.000000 0.000002 -0.110223 0.000000 0.000000
 29 -0.000001 -1.940598 5.000000 -0.044472 0.004003 -0.000180
 30 6.551491 -0.000000 0.000000 0.147556 0.607213 -0.373193
 31 0.000002 -1.940600 5.000002 -0.027189 -0.053376 0.005295
 32 6.551491 -0.000000 0.000000 0.096428 0.280295 -0.179176
 33 -0.000000 -1.940599 4.999997 -0.066572 -0.152786 -0.110311
 34 0.917204 -0.207738 -1.454796 -2.462652 1.011066 0.021979
 35 6.384777 0.000000 0.000001 0.121810 -0.276209 -0.230925
 36 10.242681 0.000001 -0.000002 -0.000000 -0.000000 -0.707475
 37 11.375563 -0.000001 0.000004 2.012649 -0.306762 0.628490
 38 0.728681 0.023431 1.008291 -2.027434 -0.416219 0.534151
 39 2.136497 -0.000000 -0.000000 -0.000000 -0.000000 1.282817
 40 2.313140 -0.000000 -0.000001 0.000000 0.000000 3.141593
 41 3.115506 -0.886041 0.021430 0.518003 0.053583 0.680575
 42 2.011151 0.000001 -0.000000 0.000000 -0.000000 2.082010
 43 2.141379 0.000001 0.000000 0.000000 0.000000 3.141593
 44 1.734173 -0.000001 0.000001 0.000000 -0.000000 1.041748
 45 0.136316 -3.738194 2.525890 1.493698 2.759406 -1.474501
 46 3.401194 -0.082821 2.201396 1.059647 2.922362 1.414544
 47 11.389366 -0.000819 0.158785 1.811736 -0.119373 0.334862
 48 0.000000 -4.440599 0.000001 1.570144 -3.078602 0.004040
 49 6.000001 0.000001 0.000003 1.811736 -0.000000 0.000000
 50 0.000001 -4.440599 -0.000001 1.569944 -3.078603 0.004053
 51 10.510134 0.000000 0.000000 -0.000000 -0.000000 -1.924534
 52 0.000001 -1.748400 -5.000001 3.141593 0.004007 -1.539299
 53 5.499999 0.000000 -0.000002 -0.041911 -0.000000 -0.000000
 54 0.000000 -0.000000 -4.999999 -0.044472 3.137589 -0.000177
 55 6.551491 0.000001 0.000000 0.041911 -0.123021 -0.141731
 56 -1.266845 -1.937444 -4.950562 -0.066572 -2.988806 -0.110308
 57 6.551493 -0.000000 0.000003 0.041911 -0.123021 -0.141731
 58 0.699369 -1.944208 -5.006846 -0.027189 -3.088217 0.005298
 59 4.226146 -0.003202 0.000001 0.013760 0.290650 0.348312
 60 0.000000 5.000001 -0.000001 -0.153564 0.000087 2.718702
 61 0.000004 -0.000005 -3.713580 0.365818 2.880119 -0.191589
 62 0.000003 -0.000000 5.000000 3.053196 1.558589 -0.074928
 63 -0.000007 0.000005 3.713580 -0.001619 -3.122277 -0.475127
 64 0.000001 -0.000000 -5.000000 -0.088725 1.558589 3.066336
 65 7.363602 1.646647 0.495663 3.141593 -1.570796 0.000000
 66 -0.000005 0.000006 3.619081 0.008255 -3.110080 -0.985231
 67 16.573919 0.000001 0.000000 0.000000 0.000000 -1.065827
 68 15.128181 0.000001 -0.000000 -0.102296 0.010178 0.114297
 69 5.758665 4.244731 -0.000000 0.000000 -0.000000 1.667687
 70 3.177726 0.000000 0.000000 0.000000 0.000000 3.141593
 71 15.708952 0.000001 0.000000 -0.051525 0.003996 0.061523
 72 0.275148 0.189215 -3.445208 3.130898 0.000409 -1.514604
 73 17.210192 0.000001 0.000000 0.000000 0.000000 -1.893339
 74 -0.000000 0.000000 -4.999999 -0.079430 1.546568 -1.570855
 75 0.000002 -0.000003 -3.619081 0.577895 2.675801 -0.242118
 76 16.573923 -0.000000 -0.000001 0.000000 -0.000000 -1.163030
 77 15.128182 -0.000000 0.000002 0.089479 0.309197 0.659208
 78 5.758665 4.244730 0.000000 -0.000000 0.000000 1.815142
 79 4.003934 -0.000000 0.000000 0.000000 0.000000 0.000000
 80 15.708954 0.000000 0.000002 0.042277 0.226871 0.443133
 81 0.273998 0.191089 3.439762 -3.130907 -0.000437 -1.508107
 82 17.210196 -0.000001 -0.000002 0.000000 -0.000000 -1.937080
 83 0.000001 -0.000001 5.000000 -0.079314 1.595025 -1.570739
time 8
  0 -0.650000 0.000000 33.899605 -0.025849 0.174554 -1.569172
  1 5.685105 0.833237 -32.227173 -0.174512 -0.026131 1.569196
  2 -2.276935 0.000003 -1.238188 -1.570795 -1.570451 0.000000
  3 1.798371 0.712136 -0.000778 0.239146 0.044642 0.407160
  4 4.119096 -0.000905 -0.003114 1.279507 -0.134540 0.078925
  5 4.118933 -0.003175 -0.000757 0.235074 -0.122773 0.073236
  6 4.119503 -0.003076 -0.000693 0.213436 -0.089675 0.265979
  7 4.120751 -0.002774 -0.000443 0.146616 0.540918 0.735496
  8 4.443599 -0.000001 0.000002 -0.206993 -0.400138 -0.401684
  9 9.024061 -0.000000 0.000001 0.000000 0.000000 0.000000
 10 -0.892219 0.220529 1.469416 0.416017 -1.063681 1.900590
 11 6.384777 0.000001 0.000001 0.174395 0.917343 -0.430054
 12 10.242683 0.000002 0.000001 -0.000000 0.000000 -1.781279
 13 11.375562 0.000000 -0.000002 -1.341546 0.673287 -0.600943
 14 0.728681 0.023430 -1.008292 0.429976 0.347999 0.897566
 15 2.136497 0.000001 0.000000 -0.000000 0.000000 0.714304
 16 2.313139 0.000000 0.000000 0.000000 0.000000 0.000000
 17 3.115506 -0.886042 -0.021432 -0.585915 0.188819 0.783732
 18 2.011150 0.000000 -0.000000 -0.000000 0.000000 1.028940
 19 2.141379 0.000000 0.000000 0.000000 0.000000 0.000000
 20 1.734172 0.000001 -0.000000 -0.000000 0.000000 0.513779
 21 0.000005 -4.440593 -0.000001 1.570544 -0.062990 -0.195737
 22 5.999998 -0.000002 0.000000 -1.365994 -0.000000 -0.000000
 23 0.000003 -4.440599 0.000001 1.569944 -0.062987 0.004053
 24 11.375560 -0.000001 0.000002 -1.412445 0.324841 -0.301915
 25 -0.000001 -4.440604 -0.000001 1.570144 -0.062988 0.004040
 26 10.510131 0.000001 0.000000 -0.000000 0.000000 -2.461436
 27 -0.000000 -1.748401 4.999999 -0.000000 0.004007 1.602291
 28 5.500000 0.000001 0.000001 -0.121434 0.000000 0.000000
 29 -0.000000 -1.940598 4.999999 -0.044472 0.004003 -0.000180
 30 6.551490 -0.000000 -0.000002 0.171863 0.631931 -0.338425
 31 0.000000 -1.940597 5.000005 -0.027189 -0.053376 0.005295
 32 6.551490 -0.000000 -0.000002 0.105358 0.290943 -0.164987
 33 0.000000 -1.940601 4.999997 -0.066572 -0.152786 -0.110311
 34 0.892222 -0.213458 -1.469410 -2.435543 1.035736 0.059505
 35 6.384776 -0.000000 -0.000002 0.019117 -0.276019 -0.134959
 36 10.242682 0.000001 0.000001 0.000000 -0.000000 -0.986250
 37 11.375561 -0.000001 0.000002 1.785096 -0.203213 0.856742
 38 0.728681 0.023430 1.008292 -2.027434 -0.416219 0.534151
 39 2.136497 0.000001 0.000001 0.000000 -0.000000 1.282817
 40 2.313140 -0.000001 -0.000001 0.000000 0.000000 3.141593
 41 3.115506 -0.886041 0.021431 0.518003 0.053583 0.680575
 42 2.011150 0.000001 0.000000 0.000000 0.000000 2.082010
 43 2.141380 0.000001 0.000001 0.000000 0.000000 3.141593
 44 1.734172 -0.000001 -0.000000 -0.000000 0.000000 1.041748
 45 0.136316 -3.738192 2.525890 1.493698 2.759406 -1.474501
 46 3.401196 -0.082821 2.201396 1.059647 2.922362 1.414544
 47 11.389367 -0.000820 0.158783 1.699820 -0.076754 0.425811
 48 -0.000000 -4.440598 0.000001 1.570144 -3.078602 0.004040
 49 5.999999 -0.000001 0.000000 1.699820 -0.000000 0.000000
 50 0.000001 -4.440600 -0.000001 1.569944 -3.078603 0.004053
 51 10.510131 0.000001 0.000002 -0.000000 -0.000000 -2.063921
 52 0.000000 -1.748400 -5.000002 3.141593 0.004007 -1.539299
 53 5.499999 0.000001 0.000001 -0.006138 -0.000000 0.000000
 54 -0.000000 0.000000 -5.000001 -0.044472 3.137589 -0.000177
 55 6.551491 -0.000000 -0.000000 0.006138 -0.130788 -0.099550
 56 -1.266844 -1.937444 -4.950562 -0.066572 -2.988806 -0.110308
 57 6.551491 -0.000000 -0.000000 0.006138 -0.130788 -0.099550
 58 0.699370 -1.944209 -5.006848 -0.027189 -3.088217 0.005298
 59 4.226144 -0.003201 -0.000000 0.017396 0.282468 0.347340
 60 0.000002 5.000000 0.000000 -0.153564 0.000087 2.718702
 61 0.000004 -0.000005 -3.713580 0.365818 2.880119 -0.191589
 62 0.000003 -0.000000 5.000000 3.053196 1.558589 -0.074928
 63 -0.000007 0.000005 3.713580 -0.001619 -3.122277 -0.475127
 64 0.000001 -0.000000 -5.000000 -0.088725 1.558589 3.066336
 65 7.363602 1.646647 0.495663 3.141593 -1.570796 0.000000
 66 -0.000005 0.000006 3.619081 0.008255 -3.110080 -0.985231
 67 16.573919 0.000001 0.000000 0.000000 0.000000 -1.065827
 68 15.128181 0.000001 -0.000000 -0.102296 0.010178 0.114297
 69 5.758665 4.244731 -0.000000 0.000000 -0.000000 1.667687
 70 3.177726 0.000000 0.000000 0.000000 0.000000 3.141593
 71 15.708952 0.000001 0.000000 -0.051525 0.003996 0.061523
 72 0.275148 0.189215 -3.445208 3.130898 0.000409 -1.514604
 73 17.210192 0.000001 0.000000 0.000000 0.000000 -1.893339
 74 -0.000000 0.000000 -4.999999 -0.079430 1.546568 -1.570855
 75 0.000002 -0.000003 -3.619081 0.577895 2.675801 -0.242118
 76 16.573923 -0.000000 -0.000001 0.000000 -0.000000 -1.163030
 77 15.128182 -0.000000 0.000002 0.089479 0.309197 0.659208
 78 5.758665 4.244730 0.000000 -0.000000 0.000000 1.815142
 79 4.003934 -0.000000 0.000000 0.000000 0.000000 0.000000
 80 15.708954 0.000000 0.000002 0.042277 0.226871 0.443133
 81 0.273998 0.191089 3.439762 -3.130907 -0.000437 -1.508107
 82 17.210196 -0.000001 -0.000002 0.000000 -0.000000 -1.937080
 83 0.000001 -0.000001 5.000000 -0.079314 1.595025 -1.570739
time 9
  0 -0.650000 0.000000 33.899605 -0.025849 0.174554 -1.569172
  1 5.685105 0.833237 -32.227173 -0.174512 -0.026131 1.569196
  2 -2.276935 0.000003 -1.238188 -1.570795 -1.570451 0.000000
  3 1.798361 0.712122 -0.000746 0.228861 -0.022631 0.386082
  4 4.119028 -0.000910 -0.003122 1.279992 -0.113077 0.077790
  5 4.118905 -0.003176 -0.000764 0.235918 -0.088285 0.073625
  6 4.119269 -0.003128 -0.000728 0.224294 -0.045264 0.199470
  7 4.120766 -0.002769 -0.000420 0.136998 0.523422 0.732128
  8 4.443598 -0.000002 0.000003 -0.258900 -0.462140 -0.376913
  9 9.024064 -0.000001 -0.000001 0.000000 0.000000 0.000000
 10 -0.866097 0.208488 1.486673 0.365767 -1.093275 1.967239
 11 6.384777 0.000000 0.000001 0.072944 0.902528 -0.477858
 12 10.242682 0.000001 0.000001 0.000000 -0.000000 -1.678174
 13 11.375564 0.000001 -0.000001 -1.155477 0.717818 -0.743532
 14 0.728679 0.023429 -1.008293 0.395180 0.387527 0.800867
 15 2.136496 -0.000001 -0.000001 -0.000000 0.000000 0.593479
 16 2.313140 0.000001 0.000002 0.000000 0.000000 0.000000
 17 3.115506 -0.886040 -0.021431 -0.576586 0.140800 0.706876
 18 2.011149 0.000000 -0.000000 -0.000000 -0.000000 0.918391
 19 2.141381 -0.000002 0.000000 0.000000 0.000000 0.000000
 20 1.734170 0.000001 -0.000001 -0.000000 -0.000000 0.458773
 21 0.000006 -4.440594 0.000001 1.570544 -0.062990 -0.195737
 22 6.000000 -0.000000 0.000002 -1.208418 -0.000000 -0.000000
 23 0.000002 -4.440599 0.000000 1.569944 -0.062987 0.004053
 24 11.375562 0.000001 0.000004 -1.307194 0.321031 -0.376082
 25 -0.000002 -4.440605 -0.000000 1.570144 -0.062988 0.004040
 26 10.510131 0.000001 0.000000 -0.000000 -0.000000 -2.409883
 27 0.000000 -1.748399 4.999998 -0.000000 0.004007 1.602290
 28 5.500000 0.000001 0.000001 -0.096002 0.000000 0.000000
 29 -0.000001 -1.940600 4.999999 -0.044472 0.004003 -0.000180
 30 6.551491 -0.000000 -0.000000 0.122035 0.615920 -0.361994
 31 -0.000000 -1.940599 5.000000 -0.027189 -0.053376 0.005295
 32 6.551491 -0.000000 -0.000000 0.084574 0.286104 -0.172218
 33 -0.000001 -1.940599 4.999997 -0.066572 -0.152786 -0.110311
 34 0.866099 -0.201413 -1.486670 -2.352587 1.062370 0.152942
 35 6.384777 0.000000 0.000003 0.008432 -0.325322 -0.153964
 36 10.242682 0.000001 -0.000001 0.000000 -0.000000 -1.190596
 37 11.375563 -0.000000 0.000003 1.523356 -0.121861 1.126553
 38 0.728681 0.023432 1.008292 -2.027434 -0.416219 0.534151
 39 2.136498 0.000001 -0.000000 0.000000 -0.000000 1.282817
 40 2.313138 0.000000 -0.000000 0.000000 0.000000 3.141593
 41 3.115506 -0.886039 0.021431 0.518003 0.053583 0.680575
 42 2.011149 -0.000000 0.000000 -0.000000 -0.000000 2.082010
 43 2.141380 0.000001 0.000001 0.000000 0.000000 3.141593
 44 1.734171 -0.000001 -0.000000 -0.000000 0.000000 1.041748
 45 0.136315 -3.738194 2.525891 1.493698 2.759406 -1.474501
 46 3.401195 -0.082819 2.201396 1.059647 2.922362 1.414544
 47 11.389366 -0.000821 0.158782 1.561690 -0.069317 0.542721
 48 -0.000001 -4.440601 0.000000 1.570144 -3.078602 0.004040
 49 6.000000 -0.000000 0.000001 1.561690 -0.000000 0.000000
 50 0.000002 -4.440599 -0.000002 1.569944 -3.078603 0.004053
 51 10.510131 0.000001 -0.000000 -0.000000 0.000000 -2.166094
 52 0.000001 -1.748400 -5.000001 -3.141593 0.004007 -1.539299
 53 5.499999 0.000001 -0.000001 -0.000403 -0.000000 0.000000
 54 -0.000001 -0.000000 -5.000000 -0.044472 3.137589 -0.000177
 55 6.551490 0.000001 0.000001 0.000403 -0.146322 -0.107747
 56 -1.266844 -1.937443 -4.950559 -0.066572 -2.988806 -0.110308
 57 6.551490 0.000001 0.000001 0.000403 -0.146322 -0.107747
 58 0.699369 -1.944208 -5.006846 -0.027189 -3.088217 0.005298
 59 4.226147 -0.003202 -0.000001 0.015294 0.273125 0.347738
 60 0.000000 5.000000 -0.000000 -0.153564 0.000087 2.718702
 61 0.000004 -0.000005 -3.713580 0.365818 2.880119 -0.191589
 62 0.000003 -0.000000 5.000000 3.053196 1.558589 -0.074928
 63 -0.000007 0.000005 3.713580 -0.001619 -3.122277 -0.475127
 64 0.000001 -0.000000 -5.000000 -0.088725 1.558589 3.066336
 65 7.363602 1.646647 0.495663 3.141593 -1.570796 0.000000
 66 -0.000005 0.000006 3.619081 0.008255 -3.110080 -0.985231
 67 16.573919 0.000001 0.000000 0.000000 0.000000 -1.065827
 68 15.128181 0.000001 -0.000000 -0.102296 0.010178 0.114297
 69 5.758665 4.244731 -0.000000 0.000000 -0.000000 1.667687
 70 3.177726 0.000000 0.000000 0.000000 0.000000 3.141593
 71 15.708952 0.000001 0.000000 -0.051525 0.003996 0.061523
 72 0.275148 0.189215 -3.445208 3.130898 0.000409 -1.514604
 73 17.210192 0.000001 0.000000 0.000000 0.000000 -1.893339
 74 -0.000000 0.000000 -4.999999 -0.079430 1.546568 -1.570855
 75 0.000002 -0.000003 -3.619081 0.577895 2.675801 -0.242118
 76 16.573923 -0.000000 -0.000001 0.000000 -0.000000 -1.163030
 77 15.128182 -0.000000 0.000002 0.089479 0.309197 0.659208
 78 5.758665 4.244730 0.000000 -0.000000 0.000000 1.815142
 79 4.003934 -0.000000 0.000000 0.000000 0.000000 0.000000
 80 15.708954 0.000000 0.000002 0.042277 0.226871 0.443133
 81 0.273998 0.191089 3.439762 -3.130907 -0.000437 -1.508107
 82 17.210196 -0.000001 -0.000002 0.000000 -0.000000 -1.937080
 83 0.000001 -0.000001 5.000000 -0.079314 1.595025 -1.570739
time 10
  0 -0.650000 0.000000 33.899605 -0.025849 0.174554 -1.569172
  1 5.685105 0.833237 -32.227173 -0.174512 -0.026131 1.569196
  2 -2.276935 0.000003 -1.238188 -1.570795 -1.570451 0.000000
  3 1.798344 0.712104 -0.000694 0.213600 -0.095626 0.364148
  4 4.118955 -0.000934 -0.003124 1.274172 -0.088651 0.077459
  5 4.118877 -0.003181 -0.000748 0.230498 -0.049016 0.074882
  6 4.119025 -0.003169 -0.000733 0.226222 0.003595 0.132944
  7 4.120833 -0.002733 -0.000273 0.085156 0.445835 0.721971
  8 4.443598 -0.000001 0.000002 -0.312452 -0.430643 -0.382078
  9 9.024061 0.000001 -0.000001 0.000000 0.000000 0.000000
 10 -0.747171 0.136500 1.557685 0.337949 -1.193639 2.024538
 11 6.384777 0.000000 0.000003 -0.114091 0.859244 -0.643935
 12 10.242682 -0.000000 0.000001 0.000000 -0.000000 -1.512519
 13 11.375563 -0.000000 0.000001 -0.882924 0.693361 -0.890147
 14 0.728681 0.023430 -1.008292 0.328193 0.444868 0.635559
 15 2.136497 -0.000000 0.000000 -0.000000 -0.000000 0.395191
 16 2.313140 -0.000000 -0.000000 0.000000 0.000000 0.000000
 17 3.115505 -0.886042 -0.021431 -0.561221 0.060898 0.578850
 18 2.011151 -0.000001 0.000000 -0.000000 -0.000000 0.733371
 19 2.141380 -0.000001 0.000001 0.000000 0.000000 0.000000
 20 1.734172 0.000000 -0.000001 -0.000000 -0.000000 0.366857
 21 0.000008 -4.440594 0.000000 1.570544 -0.062990 -0.195737
 22 6.000000 -0.000000 0.000001 -0.968555 0.000000 0.000000
 23 0.000001 -4.440604 -0.000000 1.569944 -0.062987 0.004053
 24 11.375562 -0.000001 0.000005 -1.155113 0.262130 -0.475183
 25 -0.000001 -4.440603 -0.000000 1.570144 -0.062988 0.004040
 26 10.510129 -0.000000 0.000001 -0.000000 0.000000 -2.327056
 27 0.000000 -1.748402 5.000001 0.000000 0.004007 1.602291
 28 5.499999 -0.000000 0.000001 -0.050032 0.000000 0.000000
 29 -0.000003 -1.940598 5.000000 -0.044472 0.004003 -0.000180
 30 6.551490 -0.000001 0.000001 0.030312 0.581255 -0.435023
 31 0.000001 -1.940598 5.000003 -0.027189 -0.053376 0.005295
 32 6.551490 -0.000001 0.000001 0.047143 0.273916 -0.199186
 33 -0.000000 -1.940598 4.999996 -0.066572 -0.152786 -0.110311
 34 0.747174 -0.129426 -1.557680 -2.107617 1.130185 0.399693
 35 6.384778 0.000001 -0.000001 0.063373 -0.356461 -0.181122
 36 10.242683 0.000000 -0.000000 0.000000 -0.000000 -1.270356
 37 11.375561 -0.000000 -0.000000 1.421982 -0.146700 1.318676
 38 0.728681 0.023432 1.008291 -2.027434 -0.416219 0.534151
 39 2.136496 -0.000000 0.000002 0.000000 -0.000000 1.282817
 40 2.313140 -0.000000 -0.000001 0.000000 0.000000 3.141593
 41 3.115507 -0.886041 0.021430 0.518003 0.053583 0.680575
 42 2.011153 -0.000000 -0.000001 -0.000000 -0.000000 2.082010
 43 2.141380 0.000001 0.000001 0.000000 0.000000 3.141593
 44 1.734172 -0.000001 0.000000 -0.000000 0.000000 1.041748
 45 0.136315 -3.738192 2.525890 1.493698 2.759406 -1.474501
 46 3.401196 -0.082821 2.201396 1.059647 2.922362 1.414544
 47 11.389367 -0.000819 0.158782 1.512719 -0.102325 0.637587
 48 0.000001 -4.440600 0.000000 1.570144 -3.078602 0.004040
 49 6.000000 -0.000000 -0.000000 1.512719 0.000000 0.000000
 50 0.000001 -4.440602 0.000000 1.569944 -3.078603 0.004053
 51 10.510132 0.000001 -0.000000 0.000000 -0.000000 -2.205974
 52 -0.000001 -1.748400 -5.000001 -3.141593 0.004007 -1.539299
 53 5.500000 0.000000 -0.000001 -0.019171 0.000000 -0.000000
 54 0.000000 -0.000000 -4.999999 -0.044472 3.137589 -0.000177
 55 6.551491 0.000000 0.000001 0.019171 -0.154119 -0.115613
 56 -1.266844 -1.937443 -4.950559 -0.066572 -2.988806 -0.110308
 57 6.551492 0.000001 0.000000 0.019171 -0.154119 -0.115613
 58 0.699371 -1.944208 -5.006847 -0.027189 -3.088217 0.005298
 59 4.226145 -0.003201 0.000000 0.000338 0.230802 0.351005
 60 0.000001 5.000000 -0.000000 -0.153564 0.000087 2.718702
 61 0.000004 -0.000005 -3.713580 0.365818 2.880119 -0.191589
 62 0.000003 -0.000000 5.000000 3.053196 1.558589 -0.074928
 63 -0.000007 0.000005 3.713580 -0.001619 -3.122277 -0.475127
 64 0.000001 -0.000000 -5.000000 -0.088725 1.558589 3.066336
 65 7.363602 1.646647 0.495663 3.141593 -1.570796 0.000000
 66 -0.000005 0.000006 3.619081 0.008255 -3.110080 -0.985231
 67 16.573919 0.000001 0.000000 0.000000 0.000000 -1.065827
 68 15.128181 0.000001 -0.000000 -0.102296 0.010178 0.114297
 69 5.758665 4.244731 -0.000000 0.000000 -0.000000 1.667687
 70 3.177726 0.000000 0.000000 0.000000 0.000000 3.141593
 71 15.708952 0.000001 0.000000 -0.051525 0.003996 0.061523
 72 0.275148 0.189215 -3.445208 3.130898 0.000409 -1.514604
 73 17.210192 0.000001 0.000000 0.000000 0.000000 -1.893339
 74 -0.000000 0.000000 -4.999999 -0.079430 1.546568 -1.570855
 75 0.000002 -0.000003 -3.619081 0.577895 2.675801 -0.242118
 76 16.573923 -0.000000 -0.000001 0.000000 -0.000000 -1.163030
 77 15.128182 -0.000000 0.000002 0.089479 0.309197 0.659208
 78 5.758665 4.244730 0.000000 -0.000000 0.000000 1.815142
 79 4.003934 -0.000000 0.000000 0.000000 0.000000 0.000000
 80 15.708954 0.000000 0.000002 0.042277 0.226871 0.443133
 81 0.273998 0.191089 3.439762 -3.130907 -0.000437 -1.508107
 82 17.210196 -0.000001 -0.000002 0.000000 -0.000000 -1.937080
 83 0.000001 -0.000001 5.000000 -0.079314 1.595025 -1.570739
time 11
  0 -0.650000 0.000000 33.899605 -0.025849 0.174554 -1.569172
  1 5.685105 0.833237 -32.227173 -0.174512 -0.026131 1.569196
  2 -2.276935 0.000003 -1.238188 -1.570795 -1.570451 0.000000
  3 1.798322 0.712079 -0.000632 0.195733 -0.163756 0.342399
  4 4.118879 -0.000974 -0.003119 1.263087 -0.064796 0.077119
  5 4.118852 -0.003190 -0.000717 0.219812 -0.010446 0.075852
  6 4.118827 -0.003194 -0.000710 0.219377 0.049632 0.080141
  7 4.120940 -0.002657 0.000074 -0.021815 0.273179 0.715493
  8 4.443599 -0.000002 0.000001 -0.393163 -0.219719 -0.444386
  9 9.024063 -0.000000 0.000000 0.000000 0.000000 0.000000
 10 -0.467479 -0.032862 1.668070 0.549227 -1.393076 1.843275
 11 6.384775 -0.000001 0.000000 -0.290151 0.804751 -0.818495
 12 10.242682 -0.000000 0.000002 0.000000 0.000000 -1.335181
 13 11.375563 0.000001 -0.000000 -0.590093 0.603449 -1.004285
 14 0.728680 0.023429 -1.008292 0.240948 0.495129 0.443447
 15 2.136497 -0.000000 -0.000000 -0.000000 -0.000000 0.176329
 16 2.313141 -0.000000 0.000001 0.000000 0.000000 0.000000
 17 3.115507 -0.886042 -0.021431 -0.533475 -0.024605 0.436198
 18 2.011150 -0.000001 -0.000001 0.000000 0.000000 0.528769
 19 2.141381 -0.000000 0.000001 0.000000 0.000000 0.000000
 20 1.734173 0.000000 -0.000000 -0.000000 -0.000000 0.265099
 21 0.000004 -4.440593 0.000001 1.570544 -0.062990 -0.195737
 22 6.000000 -0.000000 0.000001 -0.728864 0.000000 0.000000
 23 0.000001 -4.440600 -0.000001 1.569944 -0.062987 0.004053
 24 11.375562 0.000000 0.000004 -1.010412 0.172264 -0.556625
 25 -0.000000 -4.440604 0.000000 1.570144 -0.062988 0.004040
 26 10.510129 -0.000000 0.000002 -0.000000 0.000000 -2.238387
 27 -0.000000 -1.748401 4.999999 0.000000 0.004007 1.602291
 28 5.499999 -0.000001 0.000001 -0.006382 0.000000 -0.000000
 29 -0.000001 -1.940597 5.000001 -0.044472 0.004003 -0.000180
 30 6.551491 0.000000 0.000001 -0.055240 0.550240 -0.507329
 31 -0.000000 -1.940598 5.000004 -0.027189 -0.053376 0.005295
 32 6.551491 0.000000 0.000001 0.011519 0.263584 -0.226510
 33 -0.000002 -1.940599 4.999997 -0.066572 -0.152786 -0.110311
 34 0.467482 0.039936 -1.668070 -1.417908 1.154010 1.083642
 35 6.384775 -0.000000 0.000000 0.296779 -0.385151 -0.219508
 36 10.242682 0.000000 -0.000000 0.000000 0.000000 -1.270974
 37 11.375562 0.000001 -0.000002 1.457966 -0.329811 1.541698
 38 0.728680 0.023431 1.008293 -2.027434 -0.416219 0.534151
 39 2.136497 0.000000 0.000001 0.000000 0.000000 1.282817
 40 2.313141 -0.000001 -0.000001 0.000000 0.000000 3.141593
 41 3.115507 -0.886041 0.021431 0.518003 0.053583 0.680575
 42 2.011152 -0.000001 0.000000 -0.000000 -0.000000 2.082010
 43 2.141381 0.000001 -0.000001 0.000000 0.000000 3.141593
 44 1.734172 -0.000001 0.000000 0.000000 0.000000 1.041748
 45 0.136315 -3.738192 2.525890 1.493698 2.759406 -1.474501
 46 3.401196 -0.082821 2.201396 1.059647 2.922362 1.414544
 47 11.389367 -0.000819 0.158780 1.570572 -0.192745 0.750695
 48 -0.000000 -4.440599 -0.000001 1.570144 -3.078602 0.004040
 49 6.000000 0.000001 -0.000001 1.570572 0.000000 -0.000000
 50 0.000001 -4.440601 0.000001 1.569944 -3.078603 0.004053
 51 10.510132 0.000001 -0.000000 -0.000000 0.000000 -2.206283
 52 -0.000001 -1.748399 -5.000001 3.141593 0.004007 -1.539299
 53 5.500001 0.000001 -0.000000 -0.105048 0.000000 -0.000000
 54 0.000002 0.000001 -5.000000 -0.044472 3.137589 -0.000177
 55 6.551491 -0.000001 0.000002 0.105048 -0.164107 -0.108795
 56 -1.266840 -1.937443 -4.950558 -0.066572 -2.988806 -0.110308
 57 6.551491 -0.000001 0.000001 0.105048 -0.164107 -0.108795
 58 0.699373 -1.944209 -5.006846 -0.027189 -3.088217 0.005298
 59 4.226148 -0.003202 -0.000000 -0.034327 0.135653 0.359267
 60 -0.000000 5.000001 -0.000001 -0.153564 0.000087 2.718702
 61 0.000004 -0.000005 -3.713580 0.365818 2.880119 -0.191589
 62 0.000003 -0.000000 5.000000 3.053196 1.558589 -0.074928
 63 -0.000007 0.000005 3.713580 -0.001619 -3.122277 -0.475127
 64 0.000001 -0.000000 -5.000000 -0.088725 1.558589 3.066336
 65 7.363602 1.646647 0.495663 3.141593 -1.570796 0.000000
 66 -0.000005 0.000006 3.619081 0.008255 -3.110080 -0.985231
 67 16.573919 0.000001 0.000000 0.000000 0.000000 -1.065827
 68 15.128181 0.000001 -0.000000 -0.102296 0.010178 0.114297
 69 5.758665 4.244731 -0.000000 0.000000 -0.000000 1.667687
 70 3.177726 0.000000 0.000000 0.000000 0.000000 3.141593
 71 15.708952 0.000001 0.000000 -0.051525 0.003996 0.061523
 72 0.275148 0.189215 -3.445208 3.130898 0.000409 -1.514604
 73 17.210192 0.000001 0.000000 0.000000 0.000000 -1.893339
 74 -0.000000 0.000000 -4.999999 -0.079430 1.546568 -1.570855
 75 0.000002 -0.000003 -3.619081 0.577895 2.675801 -0.242118
 76 16.573923 -0.000000 -0.000001 0.000000 -0.000000 -1.163030
 77 15.128182 -0.000000 0.000002 0.089479 0.309197 0.659208
 78 5.758665 4.244730 0.000000 -0.000000 0.000000 1.815142
 79 4.003934 -0.000000 0.000000 0.000000 0.000000 0.000000
 80 15.708954 0.000000 0.000002 0.042277 0.226871 0.443133
 81 0.273998 0.191089 3.439762 -3.130907 -0.000437 -1.508107
 82 17.210196 -0.000001 -0.000002 0.000000 -0.000000 -1.937080
 83 0.000001 -0.000001 5.000000 -0.079314 1.595025 -1.570739
time 12
  0 -0.650000 0.000000 33.899605 -0.025849 0.174554 -1.569172
  1 5.685105 0.833237 -32.227173 -0.174512 -0.026131 1.569196
  2 -2.276935 0.000003 -1.238188 -1.570795 -1.570451 0.000000
  3 1.798276 0.712052 -0.000567 0.177171 -0.216310 0.321279
  4 4.118827 -0.001030 -0.003107 1.247745 -0.045063 0.076074
  5 4.118827 -0.003202 -0.000671 0.204771 0.021917 0.075553
  6 4.118724 -0.003208 -0.000667 0.205895 0.085976 0.055026
  7 4.120973 -0.002601 0.000381 -0.108445 0.127572 0.724953
  8 4.443599 0.000001 0.000002 -0.471410 -0.025415 -0.515329
  9 9.024061 -0.000000 0.000001 0.000000 0.000000 0.000000
 10 -0.220450 -0.182477 1.708543 2.037901 -1.497801 0.366558
 11 6.384776 -0.000001 -0.000002 -0.409292 0.773609 -0.925854
 12 10.242683 0.000001 -0.000001 0.000000 0.000000 -1.239304
 13 11.375562 0.000000 -0.000004 -0.376600 0.475745 -1.054318
 14 0.728679 0.023431 -1.008292 0.159202 0.524783 0.276297
 15 2.136496 0.000000 -0.000000 0.000000 -0.000000 -0.006220
 16 2.313140 -0.000001 0.000000 0.000000 0.000000 0.000000
 17 3.115507 -0.886039 -0.021432 -0.498485 -0.090792 0.315420
 18 2.011152 0.000000 -0.000001 -0.000000 -0.000000 0.359477
 19 2.141379 0.000001 -0.000001 0.000000 0.000000 0.000000
 20 1.734174 0.000001 -0.000001 -0.000000 0.000000 0.180569
 21 0.000005 -4.440595 -0.000000 1.570544 -0.062990 -0.195737
 22 6.000000 -0.000000 -0.000001 -0.568222 0.000000 0.000000
 23 0.000000 -4.440602 -0.000001 1.569944 -0.062987 0.004053
 24 11.375562 0.000000 0.000001 -0.919744 0.076132 -0.582461
 25 -0.000001 -4.440605 0.000001 1.570144 -0.062988 0.004040
 26 10.510131 0.000002 -0.000001 0.000000 -0.000000 -2.190448
 27 -0.000000 -1.748400 4.999998 -0.000000 0.004007 1.602291
 28 5.500001 -0.000000 -0.000003 0.022657 0.000000 0.000000
 29 -0.000001 -1.940599 5.000003 -0.044472 0.004003 -0.000180
 30 6.551492 0.000000 -0.000001 -0.112457 0.538805 -0.551137
 31 0.000001 -1.940599 5.000004 -0.027189 -0.053376 0.005295
 32 6.551492 0.000000 -0.000001 -0.012131 0.261246 -0.242082
 33 0.000000 -1.940601 4.999997 -0.066572 -0.152786 -0.110311
 34 0.220452 0.189557 -1.708543 -0.926493 0.962765 1.589121
 35 6.384778 -0.000001 -0.000000 0.814963 -0.361979 -0.394414
 36 10.242681 -0.000000 0.000000 -0.000000 -0.000000 -1.167346
 37 11.375561 0.000001 0.000000 -1.427777 -2.533877 -1.358752
 38 0.728681 0.023432 1.008292 -2.027434 -0.416219 0.534151
 39 2.136496 0.000000 0.000001 -0.000000 -0.000000 1.282817
 40 2.313140 -0.000001 -0.000001 0.000000 0.000000 3.141593
 41 3.115507 -0.886041 0.021432 0.518003 0.053583 0.680575
 42 2.011151 0.000001 -0.000000 0.000000 -0.000000 2.082010
 43 2.141380 -0.000000 -0.000000 0.000000 0.000000 3.141593
 44 1.734172 0.000000 -0.000000 0.000000 0.000000 1.041748
 45 0.136315 -3.738194 2.525891 1.493698 2.759406 -1.474501
 46 3.401195 -0.082819 2.201396 1.059647 2.922362 1.414544
 47 11.389367 -0.000818 0.158782 1.793090 -0.285239 0.869884
 48 0.000000 -4.440600 0.000001 1.570144 -3.078602 0.004040
 49 6.000000 0.000001 -0.000000 1.793090 -0.000000 -0.000000
 50 0.000002 -4.440601 -0.000001 1.569944 -3.078603 0.004053
 51 10.510131 -0.000000 0.000000 0.000000 -0.000000 -2.154469
 52 0.000000 -1.748400 -5.000001 3.141593 0.004007 -1.539299
 53 5.499999 -0.000001 0.000000 -0.264091 0.000000 0.000000
 54 0.000000 -0.000000 -5.000001 -0.044472 3.137589 -0.000177
 55 6.551493 -0.000001 -0.000000 0.264091 -0.176238 -0.127846
 56 -1.266844 -1.937443 -4.950560 -0.066572 -2.988806 -0.110308
 57 6.551493 -0.000001 -0.000000 0.264091 -0.176238 -0.127846
 58 0.699368 -1.944209 -5.006847 -0.027189 -3.088217 0.005298
 59 4.226146 -0.003201 -0.000001 -0.065080 0.054208 0.367250
 60 0.000002 5.000002 0.000000 -0.153564 0.000087 2.718702
 61 0.000004 -0.000005 -3.713580 0.365818 2.880119 -0.191589
 62 0.000003 -0.000000 5.000000 3.053196 1.558589 -0.074928
 63 -0.000007 0.000005 3.713580 -0.001619 -3.122277 -0.475127
 64 0.000001 -0.000000 -5.000000 -0.088725 1.558589 3.066336
 65 7.363602 1.646647 0.495663 3.141593 -1.570796 0.000000
 66 -0.000005 0.000006 3.619081 0.008255 -3.110080 -0.985231
 67 16.573919 0.000001 0.000000 0.000000 0.000000 -1.065827
 68 15.128181 0.000001 -0.000000 -0.102296 0.010178 0.114297
 69 5.758665 4.244731 -0.000000 0.000000 -0.000000 1.667687
 70 3.177726 0.000000 0.000000 0.000000 0.000000 3.141593
 71 15.708952 0.000001 0.000000 -0.051525 0.003996 0.061523
 72 0.275148 0.189215 -3.445208 3.130898 0.000409 -1.514604
 73 17.210192 0.000001 0.000000 0.000000 0.000000 -1.893339
 74 -0.000000 0.000000 -4.999999 -0.079430 1.546568 -1.570855
 75 0.000002 -0.000003 -3.619081 0.577895 2.675801 -0.242118
 76 16.573923 -0.000000 -0.000001 0.000000 -0.000000 -1.163030
 77 15.128182 -0.000000 0.000002 0.089479 0.309197 0.659208
 78 5.758665 4.244730 0.000000 -0.000000 0.000000 1.815142
 79 4.003934 -0.000000 0.000000 0.000000 0.000000 0.000000
 80 15.708954 0.000000 0.000002 0.042277 0.226871 0.443133
 81 0.273998 0.191089 3.439762 -3.130907 -0.000437 -1.508107
 82 17.210196 -0.000001 -0.000002 0.000000 -0.000000 -1.937080
 83 0.000001 -0.000001 5.000000 -0.079314 1.595025 -1.570739
time 13
  0 -0.650000 0.000000 33.899605 -0.025849 0.174554 -1.569172
  1 5.685105 0.833237 -32.227173 -0.174512 -0.026131 1.569196
  2 -2.276935 0.000003 -1.238188 -1.570795 -1.570451 0.000000
  3 1.798230 0.712024 -0.000515 0.161750 -0.240976 0.303422
  4 4.118788 -0.001080 -0.003091 1.231739 -0.034029 0.074194
  5 4.118818 -0.003215 -0.000614 0.188863 0.040703 0.073712
  6 4.118750 -0.003217 -0.000620 0.191183 0.104968 0.066887
  7 4.120970 -0.002592 0.000433 -0.124085 0.101348 0.728033
  8 4.443599 0.000001 -0.000000 -0.463884 -0.006377 -0.551284
  9 9.024061 -0.000000 0.000000 0.000000 0.000000 0.000000
 10 -0.175309 -0.209818 1.710575 2.577692 -1.473225 -0.172384
 11 6.384776 -0.000000 -0.000000 -0.441204 0.800553 -0.907892
 12 10.242682 -0.000002 -0.000004 0.000000 -0.000000 -1.298201
 13 11.375560 0.000000 0.000001 -0.315712 0.389535 -1.012217
 14 0.728682 0.023432 -1.008292 0.125076 0.533138 0.208693
 15 2.136497 0.000001 0.000001 -0.000000 -0.000000 -0.078540
 16 2.313142 -0.000000 -0.000002 0.000000 0.000000 0.000000
 17 3.115508 -0.886040 -0.021431 -0.478798 -0.113611 0.267396
 18 2.011152 0.000000 0.000001 -0.000000 -0.000000 0.294300
 19 2.141379 -0.000001 0.000001 0.000000 0.000000 0.000000
 20 1.734173 -0.000001 0.000002 0.000000 -0.000000 0.147925
 21 0.000004 -4.440595 -0.000000 1.570544 -0.062990 -0.195737
 22 6.000000 0.000000 0.000000 -0.530353 -0.000000 -0.000000
 23 0.000002 -4.440601 -0.000002 1.569944 -0.062987 0.004053
 24 11.375562 0.000001 0.000002 -0.901157 0.030123 -0.555969
 25 -0.000002 -4.440606 0.000001 1.570144 -0.062988 0.004040
 26 10.510131 -0.000001 -0.000003 0.000000 -0.000000 -2.219897
 27 0.000000 -1.748400 4.999999 0.000000 0.004007 1.602291
 28 5.500000 -0.000000 -0.000001 0.027992 -0.000000 -0.000000
 29 -0.000001 -1.940597 4.999999 -0.044472 0.004003 -0.000180
 30 6.551491 -0.000000 -0.000001 -0.122961 0.550777 -0.540722
 31 0.000000 -1.940597 5.000003 -0.027189 -0.053376 0.005295
 32 6.551491 -0.000000 -0.000001 -0.016537 0.267365 -0.235926
 33 0.000001 -1.940598 4.999996 -0.066572 -0.152786 -0.110311
 34 0.175312 0.216894 -1.710573 -0.880360 0.870574 1.655913
 35 6.384778 0.000001 -0.000002 1.115934 -0.263881 -0.550455
 36 10.242682 0.000000 -0.000000 0.000000 0.000000 -1.087752
 37 11.375562 -0.000000 -0.000000 -1.127024 -2.409595 -1.367088
 38 0.728679 0.023431 1.008291 -2.027434 -0.416219 0.534151
 39 2.136499 -0.000002 -0.000001 0.000000 0.000000 1.282817
 40 2.313140 -0.000000 -0.000001 0.000000 0.000000 3.141593
 41 3.115506 -0.886040 0.021432 0.518003 0.053583 0.680575
 42 2.011151 -0.000000 -0.000001 0.000000 0.000000 2.082010
 43 2.141379 0.000001 -0.000001 0.000000 0.000000 3.141593
 44 1.734172 -0.000002 -0.000001 -0.000000 0.000000 1.041748
 45 0.136314 -3.738193 2.525890 1.493698 2.759406 -1.474501
 46 3.401195 -0.082820 2.201397 1.059647 2.922362 1.414544
 47 11.389367 -0.000819 0.158780 1.970277 -0.286798 0.872629
 48 0.000001 -4.440599 0.000001 1.570144 -3.078602 0.004040
 49 6.000000 0.000000 -0.000001 1.970277 0.000000 0.000000
 50 0.000002 -4.440603 -0.000001 1.569944 -3.078603 0.004053
 51 10.510132 0.000000 -0.000000 0.000000 -0.000000 -2.114672
 52 0.000000 -1.748399 -5.000001 -3.141593 0.004007 -1.539299
 53 5.499998 -0.000001 0.000000 -0.340250 -0.000000 0.000000
 54 0.000001 0.000000 -5.000000 -0.044472 3.137590 -0.000177
 55 6.551492 0.000000 -0.000002 0.340250 -0.166993 -0.163168
 56 -1.266845 -1.937444 -4.950560 -0.066572 -2.988806 -0.110308
 57 6.551492 -0.000000 -0.000002 0.340250 -0.166993 -0.163168
 58 0.699371 -1.944208 -5.006848 -0.027189 -3.088217 0.005298
 59 4.226145 -0.003202 -0.000000 -0.070741 0.039450 0.368788
 60 0.000000 5.000002 0.000000 -0.153564 0.000087 2.718701
 61 0.000004 -0.000005 -3.713580 0.365818 2.880119 -0.191589
 62 0.000003 -0.000000 5.000000 3.053196 1.558589 -0.074928
 63 -0.000007 0.000005 3.713580 -0.001619 -3.122277 -0.475127
 64 0.000001 -0.000000 -5.000000 -0.088725 1.558589 3.066336
 65 7.363602 1.646647 0.495663 3.141593 -1.570796 0.000000
 66 -0.000005 0.000006 3.619081 0.008255 -3.110080 -0.985231
 67 16.573919 0.000001 0.000000 0.000000 0.000000 -1.065827
 68 15.128181 0.000001 -0.000000 -0.102296 0.010178 0.114297
 69 5.758665 4.244731 -0.000000 0.000000 -0.000000 1.667687
 70 3.177726 0.000000 0.000000 0.000000 0.000000 3.141593
 71 15.708952 0.000001 0.000000 -0.051525 0.003996 0.061523
 72 0.275148 0.189215 -3.445208 3.130898 0.000409 -1.514604
 73 17.210192 0.000001 0.000000 0.000000 0.000000 -1.893339
 74 -0.000000 0.000000 -4.999999 -0.079430 1.546568 -1.570855
 75 0.000002 -0.000003 -3.619081 0.577895 2.675801 -0.242118
 76 16.573923 -0.000000 -0.000001 0.000000 -0.000000 -1.163030
 77 15.128182 -0.000000 0.000002 0.089479 0.309197 0.659208
 78 5.758665 4.244730 0.000000 -0.000000 0.000000 1.815142
 79 4.003934 -0.000000 0.000000 0.000000 0.000000 0.000000
 80 15.708954 0.000000 0.000002 0.042277 0.226871 0.443133
 81 0.273998 0.191089 3.439762 -3.130907 -0.000437 -1.508107
 82 17.210196 -0.000001 -0.000002 0.000000 -0.000000 -1.937080
 83 0.000001 -0.000001 5.000000 -0.079314 1.595025 -1.570739
time 14
  0 -0.650000 0.000000 33.899605 -0.025849 0.174554 -1.569172
  1 5.685105 0.833237 -32.227173 -0.174512 -0.026131 1.569196
  2 -2.276935 0.000003 -1.238188 -1.570795 -1.570451 0.000000
  3 1.798205 0.712012 -0.000497 0.155974 -0.243710 0.296341
  4 4.118780 -0.001101 -0.003083 1.224774 -0.031756 0.073134
  5 4.118808 -0.003219 -0.000593 0.181886 0.044940 0.072494
  6 4.118806 -0.003219 -0.000597 0.184909 0.108452 0.082750
  7 4.120979 -0.002598 0.000340 -0.098162 0.153409 0.725900
  8 4.443599 -0.000002 0.000002 -0.465840 -0.069492 -0.570128
  9 9.024059 -0.000001 0.000001 0.000000 0.000000 0.000000
 10 -0.264775 -0.164288 1.704130 2.859847 -1.510859 -0.458060
 11 6.384775 -0.000001 -0.000000 -0.534400 0.779690 -1.015623
 12 10.242683 0.000001 0.000002 -0.000000 -0.000000 -1.286599
 13 11.375563 -0.000000 -0.000005 -0.284561 0.228201 -0.968042
 14 0.728681 0.023432 -1.008292 0.082239 0.540626 0.124975
 15 2.136495 -0.000001 0.000000 0.000000 0.000000 -0.167256
 16 2.313138 0.000001 0.000000 0.000000 0.000000 0.000000
 17 3.115507 -0.886040 -0.021430 -0.450227 -0.138444 0.208220
 18 2.011151 -0.000000 0.000002 0.000000 -0.000000 0.215882
 19 2.141380 -0.000000 -0.000001 0.000000 0.000000 0.000000
 20 1.734172 -0.000001 0.000001 0.000000 -0.000000 0.108580
 21 0.000006 -4.440593 0.000000 1.570544 -0.062990 -0.195737
 22 6.000000 -0.000000 -0.000001 -0.523047 0.000000 -0.000000
 23 0.000001 -4.440601 0.000001 1.569944 -0.062987 0.004053
 24 11.375564 -0.000000 0.000001 -0.903665 -0.047969 -0.514109
 25 -0.000001 -4.440603 -0.000000 1.570144 -0.062988 0.004040
 26 10.510132 -0.000000 0.000000 -0.000000 -0.000000 -2.214096
 27 0.000000 -1.748401 5.000000 0.000000 0.004007 1.602291
 28 5.500001 -0.000001 -0.000001 0.046281 -0.000000 -0.000000
 29 -0.000002 -1.940598 4.999999 -0.044472 0.004003 -0.000180
 30 6.551491 -0.000000 -0.000000 -0.163843 0.554144 -0.585267
 31 0.000001 -1.940598 5.000003 -0.027189 -0.053376 0.005295
 32 6.551491 -0.000000 -0.000000 -0.031003 0.270577 -0.251167
 33 0.000001 -1.940600 4.999997 -0.066572 -0.152786 -0.110311
 34 0.264779 0.171359 -1.704123 -0.992742 0.880818 1.565002
 35 6.384776 0.000000 -0.000002 1.283940 -0.211767 -0.588799
 36 10.242683 0.000001 -0.000001 0.000000 0.000000 -1.101237
 37 11.375560 -0.000000 -0.000001 -0.942366 -2.359904 -1.389940
 38 0.728681 0.023430 1.008293 -2.027434 -0.416219 0.534151
 39 2.136495 0.000000 0.000000 -0.000000 -0.000000 1.282817
 40 2.313139 -0.000000 0.000001 0.000000 0.000000 3.141593
 41 3.115507 -0.886040 0.021433 0.518003 0.053583 0.680575
 42 2.011149 -0.000002 0.000000 -0.000000 -0.000000 2.082010
 43 2.141380 0.000000 0.000000 0.000000 0.000000 3.141593
 44 1.734173 -0.000001 0.000000 -0.000000 0.000000 1.041748
 45 0.136315 -3.738193 2.525891 1.493698 2.759406 -1.474501
 46 3.401195 -0.082821 2.201397 1.059647 2.922362 1.414544
 47 11.389366 -0.000819 0.158780 2.061044 -0.275533 0.872557
 48 0.000001 -4.440598 0.000000 1.570144 -3.078602 0.004040
 49 6.000000 -0.000001 -0.000001 2.061044 -0.000000 -0.000000
 50 0.000002 -4.440602 -0.000000 1.569944 -3.078603 0.004053
 51 10.510133 0.000001 -0.000001 -0.000000 -0.000000 -2.121415
 52 -0.000000 -1.748399 -5.000001 -3.141593 0.004007 -1.539299
 53 5.500000 0.000001 -0.000001 -0.382730 -0.000000 -0.000000
 54 0.000003 0.000001 -5.000000 -0.044472 3.137589 -0.000177
 55 6.551491 0.000000 -0.000001 0.382730 -0.167059 -0.168436
 56 -1.266844 -1.937444 -4.950560 -0.066572 -2.988806 -0.110308
 57 6.551491 0.000000 -0.000001 0.382730 -0.167059 -0.168436
 58 0.699371 -1.944208 -5.006846 -0.027189 -3.088217 0.005298
 59 4.226147 -0.003201 -0.000001 -0.062144 0.068185 0.367377
 60 -0.000000 5.000001 -0.000001 -0.153564 0.000087 2.718702
 61 0.000004 -0.000005 -3.713580 0.365818 2.880119 -0.191589
 62 0.000003 -0.000000 5.000000 3.053196 1.558589 -0.074928
 63 -0.000007 0.000005 3.713580 -0.001619 -3.122277 -0.475127
 64 0.000001 -0.000000 -5.000000 -0.088725 1.558589 3.066336
 65 7.363602 1.646647 0.495663 3.141593 -1.570796 0.000000
 66 -0.000005 0.000006 3.619081 0.008255 -3.110080 -0.985231
 67 16.573919 0.000001 0.000000 0.000000 0.000000 -1.065827
 68 15.128181 0.000001 -0.000000 -0.102296 0.010178 0.114297
 69 5.758665 4.244731 -0.000000 0.000000 -0.000000 1.667687
 70 3.177726 0.000000 0.000000 0.000000 0.000000 3.141593
 71 15.708952 0.000001 0.000000 -0.051525 0.003996 0.061523
 72 0.275148 0.189215 -3.445208 3.130898 0.000409 -1.514604
 73 17.210192 0.000001 0.000000 0.000000 0.000000 -1.893339
 74 -0.000000 0.000000 -4.999999 -0.079430 1.546568 -1.570855
 75 0.000002 -0.000003 -3.619081 0.577895 2.675801 -0.242118
 76 16.573923 -0.000000 -0.000001 0.000000 -0.000000 -1.163030
 77 15.128182 -0.000000 0.000002 0.089479 0.309197 0.659208
 78 5.758665 4.244730 0.000000 -0.000000 0.000000 1.815142
 79 4.003934 -0.000000 0.000000 0.000000 0.000000 0.000000
 80 15.708954 0.000000 0.000002 0.042277 0.226871 0.443133
 81 0.273998 0.191089 3.439762 -3.130907 -0.000437 -1.508107
 82 17.210196 -0.000001 -0.000002 0.000000 -0.000000 -1.937080
 83 0.000001 -0.000001 5.000000 -0.079314 1.595025 -1.570739
time 15
  0 -0.650000 0.000000 33.899605 -0.025849 0.174554 -1.569172
  1 5.685105 0.833237 -32.227173 -0.174512 -0.026131 1.569196
  2 -2.276935 0.000003 -1.238188 -1.570795 -1.570451 0.000000
  3 1.798160 0.711994 -0.000467 0.146772 -0.249473 0.283312
  4 4.118772 -0.001140 -0.003072 1.213539 -0.027692 0.071043
  5 4.118800 -0.003225 -0.000557 0.170628 0.052752 0.070157
  6 4.118900 -0.003215 -0.000567 0.175200 0.115322 0.113020
  7 4.120949 -0.002650 -0.000043 0.013637 0.365351 0.729976
  8 4.443599 -0.000002 0.000002 -0.440804 -0.346406 -0.592337
  9 9.024062 0.000001 -0.000000 0.000000 0.000000 0.000000
 10 -0.619063 0.025602 1.618208 -0.233347 -1.457616 2.618936
 11 6.384776 -0.000001 0.000001 -0.675405 0.851443 -1.186714
 12 10.242684 -0.000000 -0.000000 -0.000000 -0.000000 -1.441814
 13 11.375562 -0.000000 0.000001 -0.435837 -0.070456 -0.752863
 14 0.728680 0.023433 -1.008292 0.073626 0.541745 0.108256
 15 2.136497 -0.000000 -0.000000 0.000000 -0.000000 -0.184886
 16 2.313139 -0.000003 -0.000000 0.000000 0.000000 0.000000
 17 3.115507 -0.886040 -0.021431 -0.431219 -0.134680 0.198944
 18 2.011152 -0.000000 0.000000 -0.000000 -0.000000 0.207462
 19 2.141380 0.000002 -0.000000 0.000000 0.000000 0.000000
 20 1.734172 0.000001 -0.000001 -0.000000 -0.000000 0.104351
 21 0.000006 -4.440595 0.000001 1.570544 -0.062990 -0.195737
 22 6.000001 0.000001 -0.000001 -0.686391 -0.000000 0.000000
 23 0.000001 -4.440602 0.000000 1.569944 -0.062987 0.004053
 24 11.375561 -0.000001 0.000005 -1.012274 -0.146322 -0.371272
 25 -0.000001 -4.440604 -0.000000 1.570144 -0.062988 0.004040
 26 10.510130 0.000001 0.000001 -0.000000 0.000000 -2.291703
 27 -0.000000 -1.748401 5.000001 -0.000000 0.004007 1.602290
 28 5.500000 0.000000 0.000001 0.045832 -0.000000 0.000000
 29 -0.000001 -1.940598 5.000000 -0.044472 0.004003 -0.000180
 30 6.551493 0.000001 0.000002 -0.196160 0.646333 -0.652332
 31 0.000001 -1.940598 5.000000 -0.027189 -0.053376 0.005295
 32 6.551493 0.000001 0.000002 -0.028287 0.309598 -0.264671
 33 -0.000000 -1.940599 4.999996 -0.066572 -0.152786 -0.110311
 34 0.619067 -0.018527 -1.618207 -1.453069 0.940772 1.162058
 35 6.384778 0.000000 0.000001 1.456033 -0.125864 -0.595465
 36 10.242683 0.000001 -0.000000 0.000000 0.000000 -1.123919
 37 11.375562 0.000000 -0.000001 -0.752404 -2.334814 -1.407470
 38 0.728680 0.023432 1.008291 -2.027434 -0.416219 0.534151
 39 2.136496 0.000001 0.000001 0.000000 0.000000 1.282817
 40 2.313139 -0.000000 0.000001 0.000000 0.000000 3.141593
 41 3.115507 -0.886039 0.021431 0.518003 0.053583 0.680575
 42 2.011150 0.000001 -0.000001 -0.000000 -0.000000 2.082010
 43 2.141379 -0.000000 0.000001 0.000000 0.000000 3.141593
 44 1.734172 -0.000001 0.000001 -0.000000 -0.000000 1.041748
 45 0.136315 -3.738193 2.525890 1.493698 2.759406 -1.474501
 46 3.401196 -0.082819 2.201397 1.059647 2.922362 1.414544
 47 11.389366 -0.000820 0.158780 2.147451 -0.249457 0.880898
 48 0.000000 -4.440598 0.000000 1.570144 -3.078602 0.004040
 49 5.999999 -0.000001 -0.000002 2.147451 0.000000 0.000000
 50 0.000002 -4.440602 -0.000000 1.569944 -3.078603 0.004053
 51 10.510133 0.000001 -0.000001 0.000000 0.000000 -2.132756
 52 -0.000001 -1.748399 -5.000002 3.141593 0.004007 -1.539299
 53 5.500002 0.000001 -0.000001 -0.426515 0.000000 -0.000000
 54 -0.000000 -0.000000 -5.000000 -0.044472 3.137589 -0.000177
 55 6.551493 -0.000000 0.000002 0.426515 -0.156772 -0.175174
 56 -1.266843 -1.937444 -4.950560 -0.066572 -2.988806 -0.110308
 57 6.551493 -0.000000 0.000002 0.426515 -0.156772 -0.175174
 58 0.699369 -1.944208 -5.006847 -0.027189 -3.088217 0.005298
 59 4.226146 -0.003202 0.000002 -0.026224 0.184837 0.361245
 60 0.000001 5.000001 -0.000001 -0.153564 0.000087 2.718702
 61 0.000004 -0.000005 -3.713580 0.365818 2.880119 -0.191589
 62 0.000003 -0.000000 5.000000 3.053196 1.558589 -0.074928
 63 -0.000007 0.000005 3.713580 -0.001619 -3.122277 -0.475127
 64 0.000001 -0.000000 -5.000000 -0.088725 1.558589 3.066336
 65 7.363602 1.646647 0.495663 3.141593 -1.570796 0.000000
 66 -0.000005 0.000006 3.619081 0.008255 -3.110080 -0.985231
 67 16.573919 0.000001 0.000000 0.000000 0.000000 -1.065827
 68 15.128181 0.000001 -0.000000 -0.102296 0.010178 0.114297
 69 5.758665 4.244731 -0.000000 0.000000 -0.000000 1.667687
 70 3.177726 0.000000 0.000000 0.000000 0.000000 3.141593
 71 15.708952 0.000001 0.000000 -0.051525 0.003996 0.061523
 72 0.275148 0.189215 -3.445208 3.130898 0.000409 -1.514604
 73 17.210192 0.000001 0.000000 0.000000 0.000000 -1.893339
 74 -0.000000 0.000000 -4.999999 -0.079430 1.546568 -1.570855
 75 0.000002 -0.000003 -3.619081 0.577895 2.675801 -0.242118
 76 16.573923 -0.000000 -0.000001 0.000000 -0.000000 -1.163030
 77 15.128182 -0.000000 0.000002 0.089479 0.309197 0.659208
 78 5.758665 4.244730 0.000000 -0.000000 0.000000 1.815142
 79 4.003934 -0.000000 0.000000 0.000000 0.000000 0.000000
 80 15.708954 0.000000 0.000002 0.042277 0.226871 0.443133
 81 0.273998 0.191089 3.439762 -3.130907 -0.000437 -1.508107
 82 17.210196 -0.000001 -0.000002 0.000000 -0.000000 -1.937080
 83 0.000001 -0.000001 5.000000 -0.079314 1.595025 -1.570739
time 16
  0 -0.650000 0.000000 33.899605 -0.025849 0.174554 -1.569172
  1 5.685105 0.833237 -32.227173 -0.174512 -0.026131 1.569196
  2 -2.276935 0.000003 -1.238188 -1.570795 -1.570451 0.000000
  3 1.798078 0.711958 -0.000409 0.127069 -0.215609 0.264544
  4 4.118786 -0.001221 -0.003038 1.185701 -0.032931 0.067406
  5 4.118793 -0.003242 -0.000464 0.142456 0.047918 0.065074
  6 4.119323 -0.003160 -0.000488 0.149734 0.102815 0.241117
  7 4.120783 -0.002753 -0.000451 0.152763 0.572593 0.752930
  8 4.443599 0.000001 -0.000001 -0.303292 -0.626015 -0.673748
  9 9.024063 -0.000002 0.000000 0.000000 0.000000 0.000000
 10 -0.938813 0.225149 1.439387 -0.146300 -1.279964 2.517454
 11 6.384778 0.000001 0.000000 -0.847325 0.856158 -1.377612
 12 10.242682 0.000001 -0.000002 0.000000 -0.000000 -1.583590
 13 11.375563 0.000002 0.000001 -0.589347 -0.290889 -0.523480
 14 0.728681 0.023431 -1.008291 0.088009 0.539805 0.136194
 15 2.136497 0.000001 -0.000001 0.000000 0.000000 -0.155410
 16 2.313140 0.000001 0.000001 0.000000 0.000000 0.000000
 17 3.115507 -0.886040 -0.021432 -0.424071 -0.116248 0.222221
 18 2.011151 -0.000002 -0.000000 -0.000000 -0.000000 0.242628
 19 2.141380 0.000002 0.000001 0.000000 0.000000 0.000000
 20 1.734173 0.000003 0.000000 0.000000 -0.000000 0.122007
 21 0.000006 -4.440596 -0.000001 1.570544 -0.062990 -0.195737
 22 5.999999 -0.000001 0.000003 -0.826867 -0.000000 0.000000
 23 0.000002 -4.440602 -0.000001 1.569944 -0.062987 0.004053
 24 11.375562 -0.000000 0.000005 -1.104242 -0.217613 -0.231920
 25 -0.000001 -4.440604 -0.000000 1.570144 -0.062988 0.004040
 26 10.510130 0.000001 -0.000002 0.000000 0.000000 -2.362591
 27 -0.000000 -1.748401 4.999999 -0.000000 0.004007 1.602290
 28 5.499999 0.000001 -0.000001 0.065481 -0.000000 0.000000
 29 -0.000001 -1.940598 5.000001 -0.044472 0.004003 -0.000180
 30 6.551494 0.000001 -0.000000 -0.279714 0.716267 -0.762179
 31 -0.000000 -1.940596 5.000002 -0.027189 -0.053376 0.005295
 32 6.551494 0.000001 -0.000000 -0.041281 0.339932 -0.287197
 33 -0.000000 -1.940601 4.999996 -0.066572 -0.152786 -0.110311
 34 0.938816 -0.218069 -1.439390 -1.957159 0.898020 0.716958
 35 6.384778 0.000001 -0.000002 1.576457 0.041152 -0.667978
 36 10.242682 0.000001 0.000001 -0.000000 0.000000 -0.988913
 37 11.375562 -0.000000 -0.000002 -0.614789 -2.352503 -1.529971
 38 0.728681 0.023430 1.008291 -2.027434 -0.416219 0.534151
 39 2.136498 0.000002 0.000001 -0.000000 -0.000000 1.282817
 40 2.313139 0.000000 0.000001 0.000000 0.000000 3.141593
 41 3.115507 -0.886041 0.021431 0.518003 0.053583 0.680575
 42 2.011150 0.000001 -0.000001 -0.000000 -0.000000 2.082010
 43 2.141379 -0.000001 0.000000 0.000000 0.000000 3.141593
 44 1.734172 0.000000 0.000001 0.000000 -0.000000 1.041748
 45 0.136316 -3.738193 2.525891 1.493698 2.759406 -1.474501
 46 3.401195 -0.082822 2.201397 1.059647 2.922362 1.414544
 47 11.389367 -0.000820 0.158780 2.192991 -0.220360 0.840760
 48 0.000002 -4.440598 -0.000002 1.570144 -3.078602 0.004040
 49 5.999999 0.000000 -0.000001 2.192991 0.000000 -0.000000
 50 0.000003 -4.440601 0.000000 1.569944 -3.078603 0.004053
 51 10.510134 0.000001 -0.000000 0.000000 -0.000000 -2.065253
 52 -0.000001 -1.748399 -5.000001 -3.141593 0.004007 -1.539299
 53 5.500000 0.000000 0.000000 -0.456724 -0.000000 0.000000
 54 -0.000000 -0.000000 -5.000000 -0.044472 3.137589 -0.000177
 55 6.551494 -0.000000 -0.000001 0.456724 -0.123356 -0.206581
 56 -1.266843 -1.937444 -4.950561 -0.066572 -2.988806 -0.110308
 57 6.551494 0.000000 -0.000002 0.456724 -0.123356 -0.206581
 58 0.699374 -1.944208 -5.006847 -0.027189 -3.088217 0.005298
 59 4.226146 -0.003201 -0.000001 0.014873 0.298719 0.351922
 60 0.000001 5.000003 -0.000001 -0.153564 0.000087 2.718702
 61 0.000004 -0.000005 -3.713580 0.365818 2.880119 -0.191589
 62 0.000003 -0.000000 5.000000 3.053196 1.558589 -0.074928
 63 -0.000007 0.000005 3.713580 -0.001619 -3.122277 -0.475127
 64 0.000001 -0.000000 -5.000000 -0.088725 1.558589 3.066336
 65 7.363602 1.646647 0.495663 3.141593 -1.570796 0.000000
 66 -0.000005 0.000006 3.619081 0.008255 -3.110080 -0.985231
 67 16.573919 0.000001 0.000000 0.000000 0.000000 -1.065827
 68 15.128181 0.000001 -0.000000 -0.102296 0.010178 0.114297
 69 5.758665 4.244731 -0.000000 0.000000 -0.000000 1.667687
 70 3.177726 0.000000 0.000000 0.000000 0.000000 3.141593
 71 15.708952 0.000001 0.000000 -0.051525 0.003996 0.061523
 72 0.275148 0.189215 -3.445208 3.130898 0.000409 -1.514604
 73 17.210192 0.000001 0.000000 0.000000 0.000000 -1.893339
 74 -0.000000 0.000000 -4.999999 -0.079430 1.546568 -1.570855
 75 0.000002 -0.000003 -3.619081 0.577895 2.675801 -0.242118
 76 16.573923 -0.000000 -0.000001 0.000000 -0.000000 -1.163030
 77 15.128182 -0.000000 0.000002 0.089479 0.309197 0.659208
 78 5.758665 4.244730 0.000000 -0.000000 0.000000 1.815142
 79 4.003934 -0.000000 0.000000 0.000000 0.000000 0.000000
 80 15.708954 0.000000 0.000002 0.042277 0.226871 0.443133
 81 0.273998 0.191089 3.439762 -3.130907 -0.000437 -1.508107
 82 17.210196 -0.000001 -0.000002 0.000000 -0.000000 -1.937080
 83 0.000001 -0.000001 5.000000 -0.079314 1.595025 -1.570739
time 17
  0 -0.650000 0.000000 33.899605 -0.025849 0.174554 -1.569172
  1 5.685105 0.833237 -32.227173 -0.174512 -0.026131 1.569196
  2 -2.276935 0.000003 -1.238188 -1.570795 -1.570451 0.000000
  3 1.797997 0.711928 -0.000342 0.104850 -0.147187 0.249981
  4 4.118831 -0.001318 -0.002993 1.152746 -0.048207 0.064634
  5 4.118794 -0.003256 -0.000355 0.109043 0.027220 0.060278
  6 4.119887 -0.002992 -0.000373 0.113989 0.074685 0.414779
  7 4.120663 -0.002819 -0.000590 0.207155 0.619971 0.752586
  8 4.443599 -0.000001 0.000000 -0.115821 -0.688967 -0.787064
  9 9.024061 -0.000000 0.000000 0.000000 0.000000 0.000000
 10 -1.006731 0.293589 1.380101 -0.062760 -1.239672 2.438798
 11 6.384777 -0.000001 0.000001 -0.894834 0.800639 -1.375912
 12 10.242683 0.000001 0.000000 0.000000 -0.000000 -1.667810
 13 11.375564 0.000001 -0.000001 -0.585075 -0.274967 -0.430586
 14 0.728681 0.023431 -1.008293 0.093516 0.538968 0.146916
 15 2.136497 -0.000003 -0.000000 -0.000000 -0.000000 -0.144079
 16 2.313139 0.000001 -0.000000 0.000000 0.000000 0.000000
 17 3.115508 -0.886042 -0.021432 -0.420048 -0.108484 0.231442
 18 2.011151 -0.000001 0.000000 -0.000000 -0.000000 0.256776
 19 2.141379 -0.000001 -0.000000 0.000000 0.000000 0.000000
 20 1.734172 -0.000000 0.000000 -0.000000 -0.000000 0.129107
 21 0.000006 -4.440594 0.000001 1.570544 -0.062990 -0.195737
 22 6.000001 0.000000 0.000001 -0.820629 0.000000 -0.000000
 23 0.000002 -4.440602 0.000000 1.569944 -0.062987 0.004053
 24 11.375564 -0.000000 0.000004 -1.096622 -0.202542 -0.189707
 25 -0.000001 -4.440603 -0.000001 1.570144 -0.062988 0.004040
 26 10.510132 0.000001 -0.000000 -0.000000 0.000000 -2.404701
 27 -0.000000 -1.748400 4.999999 -0.000000 0.004007 1.602290
 28 5.500003 -0.000001 -0.000001 0.091263 0.000000 -0.000000
 29 -0.000002 -1.940599 5.000000 -0.044472 0.004003 -0.000180
 30 6.551492 -0.000002 -0.000000 -0.320392 0.680298 -0.773210
 31 0.000002 -1.940598 5.000002 -0.027189 -0.053376 0.005295
 32 6.551492 -0.000002 -0.000000 -0.062564 0.329273 -0.293197
 33 0.000000 -1.940601 4.999996 -0.066572 -0.152786 -0.110311
 34 1.006735 -0.286514 -1.380102 -2.121511 0.870761 0.572664
 35 6.384776 0.000001 -0.000001 1.626734 0.238568 -0.792104
 36 10.242681 0.000000 -0.000001 0.000000 0.000000 -0.744276
 37 11.375564 -0.000000 -0.000002 2.621513 -0.753982 1.393979
 38 0.728680 0.023431 1.008291 -2.027434 -0.416219 0.534151
 39 2.136499 0.000000 -0.000000 -0.000000 -0.000000 1.282817
 40 2.313139 0.000002 -0.000000 0.000000 0.000000 3.141593
 41 3.115507 -0.886040 0.021431 0.518003 0.053583 0.680575
 42 2.011150 0.000000 0.000002 0.000000 -0.000000 2.082010
 43 2.141380 -0.000002 -0.000001 0.000000 0.000000 3.141593
 44 1.734172 -0.000001 -0.000000 0.000000 -0.000000 1.041748
 45 0.136316 -3.738192 2.525890 1.493698 2.759406 -1.474501
 46 3.401196 -0.082820 2.201396 1.059647 2.922362 1.414544
 47 11.389368 -0.000820 0.158779 2.210057 -0.204234 0.749972
 48 0.000002 -4.440601 0.000001 1.570144 -3.078602 0.004040
 49 6.000001 -0.000000 -0.000001 2.210057 -0.000000 -0.000000
 50 0.000002 -4.440602 -0.000001 1.569944 -3.078603 0.004053
 51 10.510131 0.000000 -0.000001 -0.000000 -0.000000 -1.942934
 52 0.000001 -1.748399 -5.000001 3.141593 0.004007 -1.539299
 53 5.500001 0.000001 -0.000001 -0.467290 -0.000000 0.000000
 54 0.000000 0.000000 -5.000000 -0.044472 3.137589 -0.000177
 55 6.551493 -0.000001 0.000000 0.467290 -0.084575 -0.244397
 56 -1.266845 -1.937444 -4.950559 -0.066572 -2.988806 -0.110308
 57 6.551493 -0.000001 0.000000 0.467290 -0.084575 -0.244397
 58 0.699371 -1.944209 -5.006845 -0.027189 -3.088217 0.005298
 59 4.226146 -0.003202 0.000000 0.033538 0.325730 0.344093
 60 0.000001 5.000001 0.000001 -0.153564 0.000087 2.718702
 61 0.000004 -0.000005 -3.713580 0.365818 2.880119 -0.191589
 62 0.000003 -0.000000 5.000000 3.053196 1.558589 -0.074928
 63 -0.000007 0.000005 3.713580 -0.001619 -3.122277 -0.475127
 64 0.000001 -0.000000 -5.000000 -0.088725 1.558589 3.066336
 65 7.363602 1.646647 0.495663 3.141593 -1.570796 0.000000
 66 -0.000005 0.000006 3.619081 0.008255 -3.110080 -0.985231
 67 16.573919 0.000001 0.000000 0.000000 0.000000 -1.065827
 68 15.128181 0.000001 -0.000000 -0.102296 0.010178 0.114297
 69 5.758665 4.244731 -0.000000 0.000000 -0.000000 1.667687
 70 3.177726 0.000000 0.000000 0.000000 0.000000 3.141593
 71 15.708952 0.000001 0.000000 -0.051525 0.003996 0.061523
 72 0.275148 0.189215 -3.445208 3.130898 0.000409 -1.514604
 73 17.210192 0.000001 0.000000 0.000000 0.000000 -1.893339
 74 -0.000000 0.000000 -4.999999 -0.079430 1.546568 -1.570855
 75 0.000002 -0.000003 -3.619081 0.577895 2.675801 -0.242118
 76 16.573923 -0.000000 -0.000001 0.000000 -0.000000 -1.163030
 77 15.128182 -0.000000 0.000002 0.089479 0.309197 0.659208
 78 5.758665 4.244730 0.000000 -0.000000 0.000000 1.815142
 79 4.003934 -0.000000 0.000000 0.000000 0.000000 0.000000
 80 15.708954 0.000000 0.000002 0.042277 0.226871 0.443133
 81 0.273998 0.191089 3.439762 -3.130907 -0.000437 -1.508107
 82 17.210196 -0.000001 -0.000002 0.000000 -0.000000 -1.937080
 83 0.000001 -0.000001 5.000000 -0.079314 1.595025 -1.570739
time 18
  0 -0.650000 0.000000 33.899605 -0.025849 0.174554 -1.569172
  1 5.685105 0.833237 -32.227173 -0.174512 -0.026131 1.569196
  2 -2.276935 0.000003 -1.238188 -1.570795 -1.570451 0.000000
  3 1.797932 0.711905 -0.000274 0.083229 -0.069785 0.239046
  4 4.118890 -0.001411 -0.002947 1.120794 -0.066586 0.063337
  5 4.118790 -0.003264 -0.000251 0.076712 0.000110 0.057113
  6 4.120373 -0.002752 -0.000238 0.072842 0.046736 0.574746
  7 4.120521 -0.002896 -0.000678 0.231539 0.581713 0.713826
  8 4.443599 -0.000000 -0.000002 0.003889 -0.687842 -0.833730
  9 9.024060 0.000000 -0.000000 0.000000 0.000000 0.000000
 10 -0.952055 0.335753 1.409091 0.197626 -1.258701 2.202908
 11 6.384778 0.000002 -0.000000 -0.908029 0.787474 -1.328344
 12 10.242682 0.000001 0.000001 0.000000 0.000000 -1.750809
 13 11.375561 -0.000001 -0.000000 -0.493767 -0.046523 -0.369166
 14 0.728681 0.023429 -1.008293 0.089075 0.539647 0.138268
 15 2.136497 0.000002 0.000001 0.000000 -0.000000 -0.153219
 16 2.313140 -0.000000 -0.000000 0.000000 0.000000 0.000000
 17 3.115508 -0.886042 -0.021432 -0.416858 -0.110716 0.225372
 18 2.011151 0.000001 0.000001 -0.000000 0.000000 0.248846
 19 2.141380 0.000001 -0.000001 0.000000 0.000000 0.000000
 20 1.734172 -0.000001 -0.000000 0.000000 -0.000000 0.125127
 21 0.000005 -4.440595 -0.000002 1.570544 -0.062990 -0.195737
 22 6.000000 0.000000 0.000000 -0.738188 0.000000 0.000000
 23 0.000001 -4.440603 -0.000001 1.569944 -0.062987 0.004053
 24 11.375562 0.000000 0.000003 -1.034267 -0.083417 -0.196882
 25 -0.000001 -4.440601 0.000000 1.570144 -0.062988 0.004040
 26 10.510132 0.000000 -0.000001 0.000000 0.000000 -2.446201
 27 0.000000 -1.748402 5.000000 0.000000 0.004007 1.602290
 28 5.500000 0.000001 0.000000 0.103792 -0.000000 0.000000
 29 -0.000002 -1.940598 5.000001 -0.044472 0.004003 -0.000180
 30 6.551491 0.000001 -0.000002 -0.327214 0.650069 -0.740938
 31 0.000001 -1.940598 5.000002 -0.027189 -0.053376 0.005295
 32 6.551491 0.000001 -0.000002 -0.073922 0.318807 -0.285805
 33 0.000000 -1.940597 4.999996 -0.066572 -0.152786 -0.110311
 34 0.952057 -0.328679 -1.409093 -2.211136 0.910122 0.490243
 35 6.384779 -0.000001 -0.000001 1.590200 0.371886 -0.907468
 36 10.242682 0.000001 -0.000002 -0.000000 -0.000000 -0.541854
 37 11.375562 0.000001 -0.000000 2.686819 -0.725150 1.101005
 38 0.728681 0.023430 1.008291 -2.027434 -0.416219 0.534151
 39 2.136496 -0.000000 0.000001 -0.000000 -0.000000 1.282817
 40 2.313140 -0.000001 0.000001 0.000000 0.000000 3.141593
 41 3.115507 -0.886043 0.021432 0.518003 0.053583 0.680575
 42 2.011152 -0.000002 -0.000001 -0.000000 -0.000000 2.082010
 43 2.141380 -0.000000 -0.000000 0.000000 0.000000 3.141593
 44 1.734172 -0.000001 0.000000 -0.000000 0.000000 1.041748
 45 0.136316 -3.738193 2.525891 1.493698 2.759406 -1.474501
 46 3.401196 -0.082822 2.201396 1.059647 2.922362 1.414543
 47 11.389367 -0.000818 0.158780 2.210641 -0.208588 0.622542
 48 0.000001 -4.440600 0.000001 1.570144 -3.078602 0.004040
 49 6.000000 0.000001 -0.000000 2.210641 -0.000000 0.000000
 50 0.000001 -4.440604 -0.000000 1.569944 -3.078603 0.004053
 51 10.510131 0.000000 0.000000 -0.000000 -0.000000 -1.841723
 52 -0.000001 -1.748399 -5.000002 -3.141593 0.004007 -1.539299
 53 5.500001 0.000001 -0.000001 -0.460023 0.000000 0.000000
 54 0.000001 0.000002 -5.000000 -0.044472 3.137589 -0.000177
 55 6.551490 0.000000 -0.000001 0.460023 -0.055491 -0.273936
 56 -1.266843 -1.937443 -4.950559 -0.066572 -2.988806 -0.110308
 57 6.551490 0.000000 -0.000001 0.460023 -0.055491 -0.273936
 58 0.699373 -1.944208 -5.006845 -0.027189 -3.088217 0.005298
 59 4.226146 -0.003202 0.000000 0.053527 0.307841 0.329335
 60 0.000000 5.000001 0.000000 -0.153564 0.000087 2.718702
 61 0.000004 -0.000005 -3.713580 0.365818 2.880119 -0.191589
 62 0.000003 -0.000000 5.000000 3.053196 1.558589 -0.074928
 63 -0.000007 0.000005 3.713580 -0.001619 -3.122277 -0.475127
 64 0.000001 -0.000000 -5.000000 -0.088725 1.558589 3.066336
 65 7.363602 1.646647 0.495663 3.141593 -1.570796 0.000000
 66 -0.000005 0.000006 3.619081 0.008255 -3.110080 -0.985231
 67 16.573919 0.000001 0.000000 0.000000 0.000000 -1.065827
 68 15.128181 0.000001 -0.000000 -0.102296 0.010178 0.114297
 69 5.758665 4.244731 -0.000000 0.000000 -0.000000 1.667687
 70 3.177726 0.000000 0.000000 0.000000 0.000000 3.141593
 71 15.708952 0.000001 0.000000 -0.051525 0.003996 0.061523
 72 0.275148 0.189215 -3.445208 3.130898 0.000409 -1.514604
 73 17.210192 0.000001 0.000000 0.000000 0.000000 -1.893339
 74 -0.000000 0.000000 -4.999999 -0.079430 1.546568 -1.570855
 75 0.000002 -0.000003 -3.619081 0.577895 2.675801 -0.242118
 76 16.573923 -0.000000 -0.000001 0.000000 -0.000000 -1.163030
 77 15.128182 -0.000000 0.000002 0.089479 0.309197 0.659208
 78 5.758665 4.244730 0.000000 -0.000000 0.000000 1.815142
 79 4.003934 -0.000000 0.000000 0.000000 0.000000 0.000000
 80 15.708954 0.000000 0.000002 0.042277 0.226871 0.443133
 81 0.273998 0.191089 3.439762 -3.130907 -0.000437 -1.508107
 82 17.210196 -0.000001 -0.000002 0.000000 -0.000000 -1.937080
 83 0.000001 -0.000001 5.000000 -0.079314 1.595025 -1.570739
time 19
  0 -0.650000 0.000000 33.899605 -0.025849 0.174554 -1.569172
  1 5.685105 0.833237 -32.227173 -0.174512 -0.026131 1.569196
  2 -2.276935 0.000003 -1.238188 -1.570795 -1.570451 0.000000
  3 1.797900 0.711891 -0.000218 0.065779 -0.008909 0.232502
  4 4.118931 -0.001480 -0.002907 1.095887 -0.081089 0.063490
  5 4.118791 -0.003270 -0.000169 0.051561 -0.023839 0.056023
  6 4.120614 -0.002589 -0.000125 0.038118 0.028255 0.661280
  7 4.120201 -0.003041 -0.000847 0.263013 0.400306 0.588576
  8 4.443600 -0.000000 -0.000000 -0.101134 -0.662437 -0.658156
  9 9.024064 0.000001 0.000000 0.000000 0.000000 0.000000
 10 -0.675243 0.418410 1.540860 0.908458 -1.221787 1.585166
 11 6.384777 0.000001 -0.000001 -0.790019 0.914479 -1.138911
 12 10.242683 -0.000000 -0.000001 -0.000000 0.000000 -1.885626
 13 11.375561 -0.000005 -0.000001 -0.196774 0.542006 -0.238900
 14 0.728681 0.023428 -1.008292 0.090048 0.539501 0.140162
 15 2.136496 0.000002 0.000001 -0.000000 0.000000 -0.151217
 16 2.313139 -0.000002 0.000000 0.000000 0.000000 0.000000
 17 3.115507 -0.886042 -0.021431 -0.424687 -0.114687 0.225179
 18 2.011151 0.000001 0.000000 0.000000 -0.000000 0.246725
 19 2.141381 0.000000 -0.000000 0.000000 0.000000 0.000000
 20 1.734172 0.000001 0.000000 0.000000 -0.000000 0.124063
 21 0.000007 -4.440594 0.000000 1.570544 -0.062990 -0.195737
 22 6.000000 -0.000002 -0.000002 -0.502165 0.000000 0.000000
 23 0.000001 -4.440600 0.000000 1.569944 -0.062987 0.004053
 24 11.375562 -0.000000 0.000001 -0.896791 0.232127 -0.235572
 25 -0.000001 -4.440604 -0.000002 1.570144 -0.062988 0.004040
 26 10.510132 0.000000 -0.000001 -0.000000 0.000000 -2.513609
 27 0.000000 -1.748400 5.000000 -0.000000 0.004007 1.602291
 28 5.499999 0.000002 -0.000000 0.066426 0.000000 -0.000000
 29 -0.000001 -1.940597 5.000001 -0.044472 0.004003 -0.000180
 30 6.551492 0.000001 -0.000001 -0.232349 0.664544 -0.610162
 31 0.000001 -1.940600 5.000003 -0.027189 -0.053376 0.005295
 32 6.551492 0.000001 -0.000001 -0.045600 0.320529 -0.242799
 33 -0.000000 -1.940600 4.999996 -0.066572 -0.152786 -0.110311
 34 0.675246 -0.411337 -1.540858 -2.322345 1.108998 0.408127
 35 6.384778 0.000001 -0.000000 1.436668 0.263461 -0.976924
 36 10.242682 -0.000000 -0.000001 0.000000 0.000000 -0.647737
 37 11.375560 0.000001 -0.000002 2.688139 -0.673409 0.841783
 38 0.728680 0.023431 1.008291 -2.027434 -0.416219 0.534151
 39 2.136496 -0.000001 -0.000002 -0.000000 -0.000000 1.282817
 40 2.313139 0.000001 -0.000002 0.000000 0.000000 3.141593
 41 3.115506 -0.886041 0.021430 0.518003 0.053583 0.680575
 42 2.011151 -0.000003 -0.000001 -0.000000 0.000000 2.082010
 43 2.141379 0.000000 0.000000 0.000000 0.000000 3.141593
 44 1.734171 -0.000003 0.000000 -0.000000 -0.000000 1.041748
 45 0.136316 -3.738192 2.525890 1.493698 2.759406 -1.474501
 46 3.401195 -0.082821 2.201396 1.059647 2.922362 1.414544
 47 11.389366 -0.000819 0.158779 2.182932 -0.211227 0.503630
 48 -0.000000 -4.440599 0.000000 1.570144 -3.078602 0.004040
 49 5.999999 -0.000001 0.000000 2.182932 0.000000 0.000000
 50 0.000002 -4.440602 0.000001 1.569944 -3.078603 0.004053
 51 10.510131 -0.000001 0.000000 0.000000 -0.000000 -1.894665
 52 -0.000001 -1.748398 -5.000002 -3.141593 0.004007 -1.539299
 53 5.500001 -0.000000 -0.000001 -0.432804 -0.000000 -0.000000
 54 0.000001 0.000001 -5.000000 -0.044472 3.137589 -0.000177
 55 6.551490 0.000002 -0.000000 0.432804 -0.069151 -0.280960
 56 -1.266843 -1.937443 -4.950560 -0.066572 -2.988806 -0.110308
 57 6.551491 0.000002 -0.000001 0.432804 -0.069151 -0.280960
 58 0.699371 -1.944209 -5.006847 -0.027189 -3.088217 0.005298
 59 4.226147 -0.003203 0.000000 0.099284 0.218987 0.286741
 60 0.000001 5.000000 0.000001 -0.153564 0.000087 2.718702
 61 0.000004 -0.000005 -3.713580 0.365818 2.880119 -0.191589
 62 0.000003 -0.000000 5.000000 3.053196 1.558589 -0.074928
 63 -0.000007 0.000005 3.713580 -0.001619 -3.122277 -0.475127
 64 0.000001 -0.000000 -5.000000 -0.088725 1.558589 3.066336
 65 7.363602 1.646647 0.495663 3.141593 -1.570796 0.000000
 66 -0.000005 0.000006 3.619081 0.008255 -3.110080 -0.985231
 67 16.573919 0.000001 0.000000 0.000000 0.000000 -1.065827
 68 15.128181 0.000001 -0.000000 -0.102296 0.010178 0.114297
 69 5.758665 4.244731 -0.000000 0.000000 -0.000000 1.667687
 70 3.177726 0.000000 0.000000 0.000000 0.000000 3.141593
 71 15.708952 0.000001 0.000000 -0.051525 0.003996 0.061523
 72 0.275148 0.189215 -3.445208 3.130898 0.000409 -1.514604
 73 17.210192 0.000001 0.000000 0.000000 0.000000 -1.893339
 74 -0.000000 0.000000 -4.999999 -0.079430 1.546568 -1.570855
 75 0.000002 -0.000003 -3.619081 0.577895 2.675801 -0.242118
 76 16.573923 -0.000000 -0.000001 0.000000 -0.000000 -1.163030
 77 15.128182 -0.000000 0.000002 0.089479 0.309197 0.659208
 78 5.758665 4.244730 0.000000 -0.000000 0.000000 1.815142
 79 4.003934 -0.000000 0.000000 0.000000 0.000000 0.000000
 80 15.708954 0.000000 0.000002 0.042277 0.226871 0.443133
 81 0.273998 0.191089 3.439762 -3.130907 -0.000437 -1.508107
 82 17.210196 -0.000001 -0.000002 0.000000 -0.000000 -1.937080
 83 0.000001 -0.000001 5.000000 -0.079314 1.595025 -1.570739
time 20
  0 -0.650000 0.000000 33.899605 -0.025849 0.174554 -1.569172
  1 5.685105 0.833237 -32.227173 -0.174512 -0.026131 1.569196
  2 -2.276935 0.000003 -1.238188 -1.570795 -1.570451 0.000000
  3 1.797873 0.711883 -0.000167 0.050450 0.039464 0.228007
  4 4.118971 -0.001541 -0.002872 1.074860 -0.092370 0.064366
  5 4.118794 -0.003274 -0.000098 0.030346 -0.044361 0.056069
  6 4.120655 -0.002557 -0.000034 0.010088 0.017613 0.676833
  7 4.119926 -0.003122 -0.001011 0.296772 0.214377 0.465643
  8 4.443600 -0.000000 0.000001 -0.205831 -0.598274 -0.443932
  9 9.024061 0.000001 -0.000000 0.000000 0.000000 0.000000
 10 -0.368618 0.498643 1.619048 1.369123 -1.138822 1.238019
 11 6.384777 0.000002 0.000001 -0.737426 0.961758 -0.985632
 12 10.242683 0.000001 0.000000 -0.000000 0.000000 -1.933983
 13 11.375561 -0.000003 -0.000000 -0.044197 0.751732 -0.218638
 14 0.728681 0.023430 -1.008293 0.093516 0.538968 0.146916
 15 2.136498 0.000003 0.000000 -0.000000 -0.000000 -0.144079
 16 2.313139 -0.000002 -0.000000 0.000000 0.000000 0.000000
 17 3.115507 -0.886042 -0.021431 -0.420048 -0.108484 0.231442
 18 2.011152 0.000002 0.000001 -0.000000 0.000000 0.256776
 19 2.141379 -0.000002 0.000000 0.000000 0.000000 0.000000
 20 1.734173 0.000001 0.000000 0.000000 -0.000000 0.129107
 21 0.000006 -4.440592 0.000001 1.570544 -0.062990 -0.195737
 22 6.000000 0.000000 -0.000000 -0.382026 0.000000 0.000000
 23 0.000001 -4.440602 0.000001 1.569944 -0.062987 0.004053
 24 11.375561 -0.000002 0.000003 -0.845331 0.327260 -0.284580
 25 -0.000001 -4.440601 0.000001 1.570144 -0.062988 0.004040
 26 10.510132 0.000002 0.000000 -0.000000 -0.000000 -2.537788
 27 -0.000000 -1.748398 4.999998 0.000000 0.004007 1.602290
 28 5.499999 0.000002 0.000001 0.070799 -0.000000 -0.000000
 29 -0.000002 -1.940599 5.000000 -0.044472 0.004003 -0.000180
 30 6.551491 -0.000000 -0.000001 -0.220491 0.648402 -0.526375
 31 0.000002 -1.940601 5.000002 -0.027189 -0.053376 0.005295
 32 6.551491 -0.000000 -0.000002 -0.050852 0.314725 -0.212269
 33 -0.000000 -1.940599 4.999997 -0.066572 -0.152786 -0.110311
 34 0.368621 -0.491567 -1.619045 -2.417910 1.329189 0.356697
 35 6.384775 0.000000 -0.000002 1.299583 0.197212 -1.066249
 36 10.242682 -0.000001 0.000000 -0.000000 0.000000 -0.644591
 37 11.375562 0.000001 0.000000 2.601464 -0.573488 0.704692
 38 0.728680 0.023431 1.008291 -2.027434 -0.416219 0.534151
 39 2.136496 -0.000000 0.000002 -0.000000 0.000000 1.282817
 40 2.313140 -0.000002 -0.000000 0.000000 0.000000 3.141593
 41 3.115506 -0.886041 0.021432 0.518003 0.053583 0.680575
 42 2.011151 0.000002 -0.000000 -0.000000 -0.000000 2.082010
 43 2.141378 0.000001 0.000000 0.000000 0.000000 3.141593
 44 1.734172 0.000000 0.000001 -0.000000 0.000000 1.041748
 45 0.136314 -3.738193 2.525891 1.493698 2.759406 -1.474501
 46 3.401194 -0.082821 2.201395 1.059647 2.922362 1.414544
 47 11.389366 -0.000821 0.158782 2.123554 -0.187580 0.424012
 48 0.000000 -4.440600 0.000002 1.570144 -3.078602 0.004040
 49 6.000000 -0.000000 -0.000000 2.123554 -0.000000 0.000000
 50 0.000002 -4.440601 0.000001 1.569944 -3.078603 0.004053
 51 10.510133 0.000000 0.000001 0.000000 -0.000000 -1.893092
 52 0.000001 -1.748399 -5.000002 -3.141593 0.004007 -1.539299
 53 5.499999 -0.000001 0.000000 -0.399716 0.000000 0.000000
 54 0.000000 0.000001 -4.999999 -0.044472 3.137589 -0.000177
 55 6.551492 -0.000000 -0.000001 0.399716 -0.074842 -0.295571
 56 -1.266843 -1.937444 -4.950560 -0.066572 -2.988806 -0.110308
 57 6.551492 -0.000000 -0.000001 0.399716 -0.074842 -0.295571
 58 0.699371 -1.944208 -5.006848 -0.027189 -3.088217 0.005298
 59 4.226148 -0.003201 0.000000 0.137059 0.126608 0.240381
 60 0.000001 5.000000 -0.000001 -0.153564 0.000087 2.718702
 61 0.000004 -0.000005 -3.713580 0.365818 2.880119 -0.191589
 62 0.000003 -0.000000 5.000000 3.053196 1.558589 -0.074928
 63 -0.000007 0.000005 3.713580 -0.001619 -3.122277 -0.475127
 64 0.000001 -0.000000 -5.000000 -0.088725 1.558589 3.066336
 65 7.363602 1.646647 0.495663 3.141593 -1.570796 0.000000
 66 -0.000005 0.000006 3.619081 0.008255 -3.110080 -0.985231
 67 16.573919 0.000001 0.000000 0.000000 0.000000 -1.065827
 68 15.128181 0.000001 -0.000000 -0.102296 0.010178 0.114297
 69 5.758665 4.244731 -0.000000 0.000000 -0.000000 1.667687
 70 3.177726 0.000000 0.000000 0.000000 0.000000 3.141593
 71 15.708952 0.000001 0.000000 -0.051525 0.003996 0.061523
 72 0.275148 0.189215 -3.445208 3.130898 0.000409 -1.514604
 73 17.210192 0.000001 0.000000 0.000000 0.000000 -1.893339
 74 -0.000000 0.000000 -4.999999 -0.079430 1.546568 -1.570855
 75 0.000002 -0.000003 -3.619081 0.577895 2.675801 -0.242118
 76 16.573923 -0.000000 -0.000001 0.000000 -0.000000 -1.163030
 77 15.128182 -0.000000 0.000002 0.089479 0.309197 0.659208
 78 5.758665 4.244730 0.000000 -0.000000 0.000000 1.815142
 79 4.003934 -0.000000 0.000000 0.000000 0.000000 0.000000
 80 15.708954 0.000000 0.000002 0.042277 0.226871 0.443133
 81 0.273998 0.191089 3.439762 -3.130907 -0.000437 -1.508107
 82 17.210196 -0.000001 -0.000002 0.000000 -0.000000 -1.937080
 83 0.000001 -0.000001 5.000000 -0.079314 1.595025 -1.570739
time 21
  0 -0.650000 0.000000 33.899605 -0.025849 0.174554 -1.569172
  1 5.685105 0.833237 -32.227173 -0.174512 -0.026131 1.569196
  2 -2.276935 0.000003 -1.238188 -1.570795 -1.570451 0.000000
  3 1.797882 0.711883 -0.000133 0.040201 0.083817 0.231598
  4 4.119008 -0.001581 -0.002845 1.059792 -0.103277 0.066871
  5 4.118796 -0.003273 -0.000051 0.015090 -0.067484 0.058178
  6 4.120502 -0.002675 0.000034 -0.010161 0.003545 0.617222
  7 4.119838 -0.003146 -0.001045 0.304213 0.166851 0.426114
  8 4.443599 -0.000002 -0.000000 -0.205496 -0.571825 -0.306012
  9 9.024061 0.000002 -0.000001 0.000000 0.000000 0.000000
 10 -0.287767 0.515347 1.630203 1.470671 -1.123932 1.177164
 11 6.384777 0.000000 0.000001 -0.712740 1.012151 -0.906681
 12 10.242683 0.000000 -0.000002 -0.000000 0.000000 -1.899323
 13 11.375562 -0.000002 -0.000000 -0.053242 0.801218 -0.307557
 14 0.728681 0.023433 -1.008291 0.094773 0.538769 0.149365
 15 2.136497 0.000001 0.000000 -0.000000 -0.000000 -0.141488
 16 2.313138 -0.000001 0.000000 0.000000 0.000000 0.000000
 17 3.115507 -0.886039 -0.021430 -0.414788 -0.104030 0.234498
 18 2.011152 0.000002 0.000000 -0.000000 0.000000 0.262349
 19 2.141379 -0.000000 0.000000 0.000000 0.000000 0.000000
 20 1.734172 0.000000 -0.000000 -0.000000 0.000000 0.131903
 21 0.000005 -4.440595 0.000000 1.570544 -0.062990 -0.195737
 22 6.000000 -0.000002 -0.000000 -0.379863 -0.000000 0.000000
 23 0.000002 -4.440603 -0.000001 1.569944 -0.062987 0.004053
 24 11.375562 -0.000001 0.000002 -0.843412 0.332243 -0.335776
 25 -0.000001 -4.440603 -0.000001 1.570144 -0.062988 0.004040
 26 10.510129 0.000002 -0.000002 -0.000000 -0.000000 -2.520458
 27 0.000000 -1.748400 4.999998 -0.000000 0.004007 1.602290
 28 5.499999 0.000001 -0.000001 0.070087 0.000000 -0.000000
 29 -0.000002 -1.940598 5.000002 -0.044472 0.004003 -0.000180
 30 6.551492 -0.000000 -0.000000 -0.212877 0.662454 -0.476037
 31 0.000001 -1.940598 5.000000 -0.027189 -0.053376 0.005295
 32 6.551492 -0.000000 -0.000000 -0.050930 0.320732 -0.190614
 33 -0.000000 -1.940597 4.999996 -0.066572 -0.152786 -0.110311
 34 0.287770 -0.508276 -1.630202 -2.576196 1.405564 0.212284
 35 6.384776 0.000001 -0.000001 1.205997 0.120749 -1.172343
 36 10.242682 -0.000001 -0.000000 0.000000 -0.000000 -0.568646
 37 11.375562 0.000003 0.000000 2.404960 -0.449488 0.672381
 38 0.728680 0.023432 1.008291 -2.027434 -0.416219 0.534151
 39 2.136496 -0.000004 0.000001 -0.000000 -0.000000 1.282817
 40 2.313141 -0.000001 -0.000001 0.000000 0.000000 3.141593
 41 3.115507 -0.886041 0.021430 0.518003 0.053583 0.680575
 42 2.011153 -0.000001 -0.000000 -0.000000 -0.000000 2.082010
 43 2.141380 0.000001 0.000001 0.000000 0.000000 3.141593
 44 1.734173 0.000000 0.000000 0.000000 -0.000000 1.041748
 45 0.136312 -3.738194 2.525890 1.493698 2.759406 -1.474501
 46 3.401196 -0.082822 2.201396 1.059647 2.922362 1.414544
 47 11.389367 -0.000820 0.158782 2.018713 -0.148770 0.383220
 48 0.000001 -4.440599 0.000000 1.570144 -3.078602 0.004040
 49 6.000000 -0.000001 -0.000000 2.018713 -0.000000 -0.000000
 50 0.000002 -4.440601 0.000000 1.569944 -3.078603 0.004053
 51 10.510133 0.000000 0.000001 -0.000000 0.000000 -1.855119
 52 0.000000 -1.748399 -5.000001 -3.141593 0.004007 -1.539299
 53 5.500001 -0.000000 -0.000000 -0.367152 -0.000000 0.000000
 54 0.000001 0.000002 -5.000000 -0.044472 3.137589 -0.000177
 55 6.551491 -0.000000 0.000000 0.367152 -0.088130 -0.312459
 56 -1.266845 -1.937443 -4.950563 -0.066572 -2.988806 -0.110308
 57 6.551492 -0.000000 -0.000001 0.367152 -0.088130 -0.312459
 58 0.699370 -1.944208 -5.006846 -0.027189 -3.088217 0.005298
 59 4.226146 -0.003200 0.000000 0.144782 0.102037 0.223810
 60 0.000001 4.999999 0.000001 -0.153564 0.000087 2.718702
 61 0.000004 -0.000005 -3.713580 0.365818 2.880119 -0.191589
 62 0.000003 -0.000000 5.000000 3.053196 1.558589 -0.074928
 63 -0.000007 0.000005 3.713580 -0.001619 -3.122277 -0.475127
 64 0.000001 -0.000000 -5.000000 -0.088725 1.558589 3.066336
 65 7.363602 1.646647 0.495663 3.141593 -1.570796 0.000000
 66 -0.000005 0.000006 3.619081 0.008255 -3.110080 -0.985231
 67 16.573919 0.000001 0.000000 0.000000 0.000000 -1.065827
 68 15.128181 0.000001 -0.000000 -0.102296 0.010178 0.114297
 69 5.758665 4.244731 -0.000000 0.000000 -0.000000 1.667687
 70 3.177726 0.000000 0.000000 0.000000 0.000000 3.141593
 71 15.708952 0.000001 0.000000 -0.051525 0.003996 0.061523
 72 0.275148 0.189215 -3.445208 3.130898 0.000409 -1.514604
 73 17.210192 0.000001 0.000000 0.000000 0.000000 -1.893339
 74 -0.000000 0.000000 -4.999999 -0.079430 1.546568 -1.570855
 75 0.000002 -0.000003 -3.619081 0.577895 2.675801 -0.242118
 76 16.573923 -0.000000 -0.000001 0.000000 -0.000000 -1.163030
 77 15.128182 -0.000000 0.000002 0.089479 0.309197 0.659208
 78 5.758665 4.244730 0.000000 -0.000000 0.000000 1.815142
 79 4.003934 -0.000000 0.000000 0.000000 0.000000 0.000000
 80 15.708954 0.000000 0.000002 0.042277 0.226871 0.443133
 81 0.273998 0.191089 3.439762 -3.130907 -0.000437 -1.508107
 82 17.210196 -0.000001 -0.000002 0.000000 -0.000000 -1.937080
 83 0.000001 -0.000001 5.000000 -0.079314 1.595025 -1.570739
time 22
  0 -0.650000 0.000000 33.899605 -0.025849 0.174554 -1.569172
  1 5.685105 0.833237 -32.227173 -0.174512 -0.026131 1.569196
  2 -2.276935 0.000003 -1.238188 -1.570795 -1.570451 0.000000
  3 1.797914 0.711890 -0.000115 0.034834 0.123015 0.242516
  4 4.119041 -0.001606 -0.002827 1.050058 -0.113305 0.070737
  5 4.118809 -0.003273 -0.000017 0.005091 -0.093091 0.062067
  6 4.120262 -0.002830 0.000079 -0.023967 -0.018982 0.530609
  7 4.119854 -0.003190 -0.000883 0.259138 0.225389 0.432752
  8 4.443598 -0.000000 -0.000001 -0.110202 -0.624753 -0.224636
  9 9.024061 -0.000001 0.000001 0.000000 0.000000 0.000000
 10 -0.387240 0.436309 1.632506 1.332280 -1.229735 1.332746
 11 6.384777 0.000001 0.000001 -0.721820 0.979192 -0.853741
 12 10.242682 -0.000001 -0.000001 -0.000000 0.000000 -1.807427
 13 11.375562 -0.000001 -0.000002 -0.165669 0.710286 -0.555714
 14 0.728680 0.023430 -1.008293 0.097616 0.538310 0.154908
 15 2.136497 -0.000002 -0.000000 0.000000 0.000000 -0.135625
 16 2.313138 0.000000 0.000000 0.000000 0.000000 0.000000
 17 3.115507 -0.886040 -0.021432 -0.402839 -0.094011 0.241496
 18 2.011151 0.000000 0.000001 0.000000 -0.000000 0.274962
 19 2.141379 -0.000002 -0.000001 0.000000 0.000000 0.000000
 20 1.734173 0.000002 -0.000000 -0.000000 -0.000000 0.138229
 21 0.000007 -4.440592 -0.000000 1.570544 -0.062990 -0.195737
 22 6.000000 -0.000002 -0.000001 -0.438366 -0.000000 0.000000
 23 0.000001 -4.440603 0.000000 1.569944 -0.062987 0.004053
 24 11.375562 -0.000000 0.000001 -0.857943 0.248305 -0.416390
 25 -0.000001 -4.440604 0.000000 1.570144 -0.062988 0.004040
 26 10.510133 -0.000000 -0.000000 0.000000 -0.000000 -2.474510
 27 -0.000001 -1.748400 4.999998 0.000000 0.004007 1.602290
 28 5.500002 -0.000001 -0.000000 0.102607 -0.000000 0.000000
 29 -0.000002 -1.940596 5.000000 -0.044472 0.004003 -0.000180
 30 6.551492 0.000001 0.000000 -0.260919 0.624010 -0.449979
 31 0.000000 -1.940597 5.000001 -0.027189 -0.053376 0.005295
 32 6.551492 0.000001 0.000000 -0.078717 0.307078 -0.179507
 33 0.000000 -1.940598 4.999997 -0.066572 -0.152786 -0.110311
 34 0.387241 -0.429233 -1.632506 -2.651317 1.382838 0.130301
 35 6.384777 -0.000001 0.000002 1.121210 -0.016629 -1.291045
 36 10.242684 0.000001 -0.000000 -0.000000 -0.000000 -0.574713
 37 11.375561 -0.000000 -0.000000 2.032616 -0.230333 0.745563
 38 0.728683 0.023430 1.008293 -2.027434 -0.416219 0.534151
 39 2.136496 0.000002 0.000000 -0.000000 -0.000000 1.282817
 40 2.313138 -0.000001 0.000000 0.000000 0.000000 3.141593
 41 3.115509 -0.886041 0.021433 0.518003 0.053583 0.680575
 42 2.011152 0.000002 0.000000 0.000000 -0.000000 2.082010
 43 2.141380 0.000001 -0.000000 0.000000 0.000000 3.141593
 44 1.734172 0.000000 0.000001 -0.000000 -0.000000 1.041748
 45 0.136316 -3.738193 2.525892 1.493698 2.759406 -1.474501
 46 3.401196 -0.082821 2.201399 1.059647 2.922362 1.414544
 47 11.389367 -0.000816 0.158782 1.822978 -0.068375 0.386678
 48 0.000000 -4.440600 0.000000 1.570144 -3.078602 0.004040
 49 6.000000 0.000000 -0.000000 1.822978 -0.000000 0.000000
 50 0.000002 -4.440602 0.000002 1.569944 -3.078603 0.004053
 51 10.510132 -0.000001 0.000001 0.000000 -0.000000 -1.858153
 52 -0.000000 -1.748400 -5.000001 -3.141593 0.004007 -1.539299
 53 5.500000 -0.000001 0.000000 -0.316444 -0.000000 -0.000000
 54 0.000001 0.000001 -5.000000 -0.044472 3.137589 -0.000177
 55 6.551492 -0.000001 0.000002 0.316444 -0.121567 -0.333371
 56 -1.266844 -1.937443 -4.950560 -0.066572 -2.988806 -0.110308
 57 6.551492 -0.000001 0.000002 0.316444 -0.121567 -0.333371
 58 0.699369 -1.944207 -5.006848 -0.027189 -3.088217 0.005298
 59 4.226147 -0.003201 0.000000 0.118671 0.129437 0.225144
 60 0.000000 5.000002 -0.000000 -0.153564 0.000087 2.718702
 61 0.000004 -0.000005 -3.713580 0.365818 2.880119 -0.191589
 62 0.000003 -0.000000 5.000000 3.053196 1.558589 -0.074928
 63 -0.000007 0.000005 3.713580 -0.001619 -3.122277 -0.475127
 64 0.000001 -0.000000 -5.000000 -0.088725 1.558589 3.066336
 65 7.363602 1.646647 0.495663 3.141593 -1.570796 0.000000
 66 -0.000005 0.000006 3.619081 0.008255 -3.110080 -0.985231
 67 16.573919 0.000001 0.000000 0.000000 0.000000 -1.065827
 68 15.128181 0.000001 -0.000000 -0.102296 0.010178 0.114297
 69 5.758665 4.244731 -0.000000 0.000000 -0.000000 1.667687
 70 3.177726 0.000000 0.000000 0.000000 0.000000 3.141593
 71 15.708952 0.000001 0.000000 -0.051525 0.003996 0.061523
 72 0.275148 0.189215 -3.445208 3.130898 0.000409 -1.514604
 73 17.210192 0.000001 0.000000 0.000000 0.000000 -1.893339
 74 -0.000000 0.000000 -4.999999 -0.079430 1.546568 -1.570855
 75 0.000002 -0.000003 -3.619081 0.577895 2.675801 -0.242118
 76 16.573923 -0.000000 -0.000001 0.000000 -0.000000 -1.163030
 77 15.128182 -0.000000 0.000002 0.089479 0.309197 0.659208
 78 5.758665 4.244730 0.000000 -0.000000 0.000000 1.815142
 79 4.003934 -0.000000 0.000000 0.000000 0.000000 0.000000
 80 15.708954 0.000000 0.000002 0.042277 0.226871 0.443133
 81 0.273998 0.191089 3.439762 -3.130907 -0.000437 -1.508107
 82 17.210196 -0.000001 -0.000002 0.000000 -0.000000 -1.937080
 83 0.000001 -0.000001 5.000000 -0.079314 1.595025 -1.570739
time 23
  0 -0.650000 0.000000 33.899605 -0.025849 0.174554 -1.569172
  1 5.685105 0.833237 -32.227173 -0.174512 -0.026131 1.569196
  2 -2.276935 0.000003 -1.238188 -1.570795 -1.570451 0.000000
  3 1.797947 0.711898 -0.000112 0.033784 0.145179 0.253161
  4 4.119061 -0.001613 -0.002819 1.046295 -0.119132 0.073865
  5 4.118819 -0.003273 -0.000003 0.001073 -0.111056 0.065416
  6 4.120117 -0.002905 0.000098 -0.030455 -0.039723 0.482598
  7 4.120044 -0.003204 -0.000454 0.141590 0.420635 0.480345
  8 4.443598 -0.000000 0.000001 0.158260 -0.815941 -0.323339
  9 9.024061 -0.000001 -0.000000 0.000000 0.000000 0.000000
 10 -0.707541 0.226737 1.565851 0.296732 -1.352878 2.355760
 11 6.384777 -0.000001 0.000002 -0.816165 0.863459 -0.894344
 12 10.242684 -0.000000 -0.000003 0.000000 -0.000000 -1.678187
 13 11.375561 -0.000002 0.000003 -0.261029 0.477312 -0.766355
 14 0.728681 0.023432 -1.008294 0.101240 0.537704 0.161981
 15 2.136498 0.000002 -0.000002 -0.000000 -0.000000 -0.128137
 16 2.313139 0.000000 0.000001 0.000000 0.000000 0.000000
 17 3.115507 -0.886040 -0.021433 -0.387492 -0.081337 0.250599
 18 2.011151 0.000001 0.000001 -0.000000 0.000000 0.291071
 19 2.141379 -0.000000 0.000000 0.000000 0.000000 0.000000
 20 1.734172 -0.000000 0.000000 0.000000 -0.000000 0.146306
 21 0.000006 -4.440594 0.000001 1.570544 -0.062990 -0.195737
 22 6.000000 -0.000001 0.000001 -0.501855 -0.000000 0.000000
 23 0.000002 -4.440601 -0.000000 1.569944 -0.062987 0.004053
 24 11.375562 -0.000001 0.000005 -0.884166 0.104246 -0.464581
 25 -0.000000 -4.440603 -0.000000 1.570144 -0.062988 0.004040
 26 10.510131 0.000001 -0.000002 -0.000000 -0.000000 -2.409890
 27 0.000001 -1.748402 4.999998 0.000000 0.004007 1.602291
 28 5.500000 0.000001 -0.000002 0.165879 -0.000000 -0.000000
 29 -0.000001 -1.940598 5.000000 -0.044472 0.004003 -0.000180
 30 6.551491 -0.000001 0.000001 -0.367393 0.550486 -0.476211
 31 0.000001 -1.940600 5.000000 -0.027189 -0.053376 0.005295
 32 6.551491 -0.000001 0.000001 -0.131596 0.280147 -0.189501
 33 -0.000000 -1.940599 4.999997 -0.066572 -0.152786 -0.110311
 34 0.707542 -0.219659 -1.565851 -2.455989 1.208937 0.294715
 35 6.384777 0.000001 -0.000002 1.047818 -0.143714 -1.351075
 36 10.242680 -0.000001 -0.000002 0.000000 0.000000 -0.681020
 37 11.375561 -0.000000 -0.000001 1.745571 -0.015329 0.818739
 38 0.728681 0.023431 1.008292 -2.027434 -0.416219 0.534151
 39 2.136496 0.000002 -0.000000 -0.000000 -0.000000 1.282817
 40 2.313139 -0.000001 0.000000 0.000000 0.000000 3.141593
 41 3.115506 -0.886041 0.021432 0.518003 0.053583 0.680575
 42 2.011151 -0.000001 -0.000002 0.000000 -0.000000 2.082010
 43 2.141380 -0.000000 0.000001 0.000000 0.000000 3.141593
 44 1.734172 -0.000001 -0.000000 0.000000 0.000000 1.041748
 45 0.136314 -3.738193 2.525892 1.493698 2.759406 -1.474501
 46 3.401194 -0.082822 2.201397 1.059647 2.922362 1.414544
 47 11.389367 -0.000821 0.158780 1.661408 0.013008 0.407950
 48 0.000002 -4.440601 0.000000 1.570144 -3.078602 0.004040
 49 6.000000 -0.000002 -0.000001 1.661408 -0.000000 -0.000000
 50 0.000002 -4.440602 0.000001 1.569944 -3.078603 0.004053
 51 10.510131 -0.000000 -0.000000 0.000000 -0.000000 -1.911306
 52 0.000001 -1.748400 -5.000001 -3.141593 0.004007 -1.539299
 53 5.499998 -0.000001 -0.000001 -0.263617 0.000000 0.000000
 54 -0.000001 -0.000001 -5.000001 -0.044472 3.137589 -0.000177
 55 6.551491 0.000001 -0.000001 0.263617 -0.157531 -0.346076
 56 -1.266844 -1.937443 -4.950559 -0.066572 -2.988806 -0.110308
 57 6.551494 -0.000001 0.000001 0.263617 -0.157531 -0.346076
 58 0.699371 -1.944209 -5.006848 -0.027189 -3.088217 0.005298
 59 4.226146 -0.003201 0.000000 0.044511 0.221084 0.242018
 60 0.000001 5.000001 -0.000001 -0.153564 0.000087 2.718702
 61 0.000004 -0.000005 -3.713580 0.365818 2.880119 -0.191589
 62 0.000003 -0.000000 5.000000 3.053196 1.558589 -0.074928
 63 -0.000007 0.000005 3.713580 -0.001619 -3.122277 -0.475127
 64 0.000001 -0.000000 -5.000000 -0.088725 1.558589 3.066336
 65 7.363602 1.646647 0.495663 3.141593 -1.570796 0.000000
 66 -0.000005 0.000006 3.619081 0.008255 -3.110080 -0.985231
 67 16.573919 0.000001 0.000000 0.000000 0.000000 -1.065827
 68 15.128181 0.000001 -0.000000 -0.102296 0.010178 0.114297
 69 5.758665 4.244731 -0.000000 0.000000 -0.000000 1.667687
 70 3.177726 0.000000 0.000000 0.000000 0.000000 3.141593
 71 15.708952 0.000001 0.000000 -0.051525 0.003996 0.061523
 72 0.275148 0.189215 -3.445208 3.130898 0.000409 -1.514604
 73 17.210192 0.000001 0.000000 0.000000 0.000000 -1.893339
 74 -0.000000 0.000000 -4.999999 -0.079430 1.546568 -1.570855
 75 0.000002 -0.000003 -3.619081 0.577895 2.675801 -0.242118
 76 16.573923 -0.000000 -0.000001 0.000000 -0.000000 -1.163030
 77 15.128182 -0.000000 0.000002 0.089479 0.309197 0.659208
 78 5.758665 4.244730 0.000000 -0.000000 0.000000 1.815142
 79 4.003934 -0.000000 0.000000 0.000000 0.000000 0.000000
 80 15.708954 0.000000 0.000002 0.042277 0.226871 0.443133
 81 0.273998 0.191089 3.439762 -3.130907 -0.000437 -1.508107
 82 17.210196 -0.000001 -0.000002 0.000000 -0.000000 -1.937080
 83 0.000001 -0.000001 5.000000 -0.079314 1.595025 -1.570739
time 24
  0 -0.650000 0.000000 33.899605 -0.025849 0.174554 -1.569172
  1 5.685105 0.833237 -32.227173 -0.174512 -0.026131 1.569196
  2 -2.276935 0.000003 -1.238188 -1.570795 -1.570451 0.000000
  3 1.797991 0.711910 -0.000133 0.040554 0.181156 0.269382
  4 4.119096 -0.001602 -0.002819 1.048646 -0.130125 0.077761
  5 4.118836 -0.003271 -0.000009 0.002885 -0.143759 0.069966
  6 4.120008 -0.002960 0.000110 -0.034013 -0.078442 0.446784
  7 4.120131 -0.003174 -0.000346 0.111867 0.494668 0.501922
  8 4.443599 0.000001 -0.000000 0.236577 -0.841357 -0.327879
  9 9.024061 0.000002 -0.000001 0.000000 0.000000 0.000000
 10 -0.822592 0.173776 1.515481 -0.245337 -1.290166 2.902377
 11 6.384777 -0.000001 -0.000002 -0.915492 0.680791 -1.008083
 12 10.242680 0.000001 -0.000000 0.000000 -0.000000 -1.470817
 13 11.375563 0.000001 -0.000001 -0.312703 0.210015 -0.889078
 14 0.728681 0.023430 -1.008294 0.105284 0.537001 0.169880
 15 2.136497 0.000002 -0.000002 0.000000 0.000000 -0.119768
 16 2.313139 -0.000001 0.000003 0.000000 0.000000 0.000000
 17 3.115507 -0.886041 -0.021433 -0.370223 -0.067340 0.260990
 18 2.011150 0.000004 -0.000000 0.000000 -0.000000 0.309074
 19 2.141380 0.000000 -0.000001 0.000000 0.000000 0.000000
 20 1.734172 0.000004 -0.000001 -0.000000 0.000000 0.155329
 21 0.000006 -4.440597 -0.000000 1.570544 -0.062990 -0.195737
 22 6.000000 0.000000 -0.000000 -0.554156 0.000000 0.000000
 23 0.000002 -4.440599 -0.000001 1.569944 -0.062987 0.004053
 24 11.375563 -0.000000 0.000003 -0.921506 -0.041542 -0.476216
 25 -0.000001 -4.440602 -0.000001 1.570144 -0.062988 0.004040
 26 10.510130 0.000001 -0.000002 -0.000000 -0.000000 -2.306205
 27 -0.000000 -1.748403 5.000001 -0.000000 0.004007 1.602290
 28 5.499998 0.000000 0.000000 0.218607 0.000000 -0.000000
 29 -0.000001 -1.940599 4.999998 -0.044472 0.004003 -0.000180
 30 6.551493 0.000002 0.000001 -0.456492 0.455722 -0.555466
 31 0.000001 -1.940598 5.000001 -0.027189 -0.053376 0.005295
 32 6.551493 0.000002 0.000000 -0.175172 0.244087 -0.226728
 33 0.000000 -1.940598 4.999998 -0.066572 -0.152786 -0.110311
 34 0.822594 -0.166699 -1.515480 -2.440891 1.151884 0.289683
 35 6.384776 0.000001 0.000000 1.014822 -0.253881 -1.334736
 36 10.242685 0.000002 -0.000001 0.000000 0.000000 -0.767278
 37 11.375560 -0.000000 -0.000001 1.684770 0.079091 0.807119
 38 0.728682 0.023430 1.008293 -2.027434 -0.416219 0.534151
 39 2.136497 0.000001 -0.000001 -0.000000 -0.000000 1.282817
 40 2.313137 0.000000 0.000001 0.000000 0.000000 3.141593
 41 3.115508 -0.886041 0.021434 0.518003 0.053583 0.680575
 42 2.011150 0.000002 -0.000000 0.000000 -0.000000 2.082010
 43 2.141378 -0.000000 0.000000 0.000000 0.000000 3.141593
 44 1.734172 -0.000000 0.000001 0.000000 0.000000 1.041748
 45 0.136316 -3.738194 2.525891 1.493698 2.759406 -1.474501
 46 3.401196 -0.082821 2.201398 1.059647 2.922362 1.414544
 47 11.389366 -0.000818 0.158781 1.621817 0.053925 0.401041
 48 0.000001 -4.440599 -0.000001 1.570144 -3.078602 0.004040
 49 6.000000 0.000002 -0.000001 1.621817 0.000000 0.000000
 50 0.000002 -4.440601 0.000001 1.569944 -3.078603 0.004053
 51 10.510134 0.000002 -0.000000 -0.000000 0.000000 -1.954436
 52 -0.000000 -1.748400 -5.000002 3.141593 0.004007 -1.539299
 53 5.500000 0.000001 -0.000001 -0.231578 0.000000 0.000000
 54 0.000003 -0.000000 -5.000002 -0.044472 3.137589 -0.000177
 55 6.551491 0.000001 0.000001 0.231578 -0.183059 -0.334626
 56 -1.266842 -1.937443 -4.950561 -0.066572 -2.988806 -0.110308
 57 6.551494 -0.000001 0.000003 0.231578 -0.183059 -0.334626
 58 0.699370 -1.944207 -5.006847 -0.027189 -3.088217 0.005298
 59 4.226147 -0.003202 0.000001 0.022506 0.255965 0.249405
 60 -0.000001 5.000002 -0.000001 -0.153564 0.000087 2.718702
 61 0.000004 -0.000005 -3.713580 0.365818 2.880119 -0.191589
 62 0.000003 -0.000000 5.000000 3.053196 1.558589 -0.074928
 63 -0.000007 0.000005 3.713580 -0.001619 -3.122277 -0.475127
 64 0.000001 -0.000000 -5.000000 -0.088725 1.558589 3.066336
 65 7.363602 1.646647 0.495663 3.141593 -1.570796 0.000000
 66 -0.000005 0.000006 3.619081 0.008255 -3.110080 -0.985231
 67 16.573919 0.000001 0.000000 0.000000 0.000000 -1.065827
 68 15.128181 0.000001 -0.000000 -0.102296 0.010178 0.114297
 69 5.758665 4.244731 -0.000000 0.000000 -0.000000 1.667687
 70 3.177726 0.000000 0.000000 0.000000 0.000000 3.141593
 71 15.708952 0.000001 0.000000 -0.051525 0.003996 0.061523
 72 0.275148 0.189215 -3.445208 3.130898 0.000409 -1.514604
 73 17.210192 0.000001 0.000000 0.000000 0.000000 -1.893339
 74 -0.000000 0.000000 -4.999999 -0.079430 1.546568 -1.570855
 75 0.000002 -0.000003 -3.619081 0.577895 2.675801 -0.242118
 76 16.573923 -0.000000 -0.000001 0.000000 -0.000000 -1.163030
 77 15.128182 -0.000000 0.000002 0.089479 0.309197 0.659208
 78 5.758665 4.244730 0.000000 -0.000000 0.000000 1.815142
 79 4.003934 -0.000000 0.000000 0.000000 0.000000 0.000000
 80 15.708954 0.000000 0.000002 0.042277 0.226871 0.443133
 81 0.273998 0.191089 3.439762 -3.130907 -0.000437 -1.508107
 82 17.210196 -0.000001 -0.000002 0.000000 -0.000000 -1.937080
 83 0.000001 -0.000001 5.000000 -0.079314 1.595025 -1.570739
time 25
  0 -0.650000 0.000000 33.899605 -0.025849 0.174554 -1.569172
  1 5.685105 0.833237 -32.227173 -0.174512 -0.026131 1.569196
  2 -2.276935 0.000003 -1.238188 -1.570795 -1.570451 0.000000
  3 1.798059 0.711933 -0.000193 0.059566 0.199905 0.296450
  4 4.119128 -0.001554 -0.002841 1.064679 -0.138218 0.082280
  5 4.118860 -0.003270 -0.000058 0.018233 -0.177306 0.075194
  6 4.119924 -0.003000 0.000076 -0.023549 -0.127979 0.418311
  7 4.120127 -0.003164 -0.000396 0.127442 0.493104 0.510216
  8 4.443598 0.000000 0.000001 0.152721 -0.755321 -0.253751
  9 9.024063 -0.000001 0.000001 0.000000 0.000000 0.000000
 10 -0.820206 0.197520 1.513921 -0.383820 -1.253503 3.058120
 11 6.384776 0.000000 -0.000002 -0.963121 0.462822 -1.201887
 12 10.242682 0.000001 -0.000001 -0.000000 -0.000000 -1.220556
 13 11.375562 -0.000000 -0.000002 -0.340603 0.002535 -0.958278
 14 0.728680 0.023432 -1.008293 0.109384 0.536258 0.177900
 15 2.136497 0.000002 -0.000001 0.000000 0.000000 -0.111265
 16 2.313140 -0.000001 0.000000 0.000000 0.000000 0.000000
 17 3.115507 -0.886043 -0.021431 -0.352540 -0.053303 0.271788
 18 2.011150 0.000003 0.000000 -0.000000 -0.000000 0.327368
 19 2.141379 -0.000003 -0.000000 0.000000 0.000000 0.000000
 20 1.734172 0.000002 -0.000000 0.000000 0.000000 0.164494
 21 0.000005 -4.440592 -0.000001 1.570544 -0.062990 -0.195737
 22 6.000000 0.000001 -0.000002 -0.595000 -0.000000 0.000000
 23 0.000001 -4.440600 -0.000001 1.569944 -0.062987 0.004053
 24 11.375563 0.000002 0.000000 -0.959102 -0.148228 -0.472668
 25 -0.000002 -4.440604 -0.000001 1.570144 -0.062988 0.004040
 26 10.510131 0.000001 -0.000002 0.000000 0.000000 -2.181075
 27 0.000000 -1.748401 5.000000 -0.000000 0.004007 1.602291
 28 5.499999 0.000000 -0.000000 0.240098 -0.000000 0.000000
 29 -0.000001 -1.940598 5.000000 -0.044472 0.004003 -0.000180
 30 6.551490 0.000000 -0.000002 -0.496531 0.372832 -0.687365
 31 -0.000001 -1.940598 5.000003 -0.027189 -0.053376 0.005295
 32 6.551490 0.000000 -0.000002 -0.191735 0.213109 -0.287525
 33 -0.000000 -1.940598 4.999996 -0.066572 -0.152786 -0.110311
 34 0.820208 -0.190446 -1.513917 -2.471188 1.169449 0.251952
 35 6.384776 0.000001 -0.000001 0.989562 -0.401828 -1.206780
 36 10.242682 0.000001 0.000000 -0.000000 0.000000 -0.966217
 37 11.375561 -0.000002 -0.000002 1.736607 0.122903 0.814739
 38 0.728680 0.023431 1.008292 -2.027434 -0.416219 0.534151
 39 2.136497 0.000001 -0.000000 0.000000 -0.000000 1.282817
 40 2.313139 0.000000 0.000001 0.000000 0.000000 3.141593
 41 3.115507 -0.886041 0.021432 0.518003 0.053583 0.680575
 42 2.011149 0.000002 -0.000001 0.000000 -0.000000 2.082010
 43 2.141379 -0.000001 0.000001 0.000000 0.000000 3.141593
 44 1.734173 0.000000 -0.000000 -0.000000 -0.000000 1.041748
 45 0.136316 -3.738192 2.525892 1.493698 2.759406 -1.474501
 46 3.401196 -0.082821 2.201395 1.059647 2.922362 1.414544
 47 11.389367 -0.000820 0.158780 1.643775 0.082149 0.402950
 48 0.000001 -4.440599 -0.000002 1.570144 -3.078602 0.004040
 49 6.000000 -0.000001 -0.000000 1.643775 0.000000 0.000000
 50 0.000002 -4.440601 0.000002 1.569944 -3.078603 0.004053
 51 10.510132 0.000001 0.000001 -0.000000 0.000000 -2.053905
 52 0.000000 -1.748399 -5.000002 -3.141593 0.004007 -1.539299
 53 5.499999 0.000000 0.000001 -0.212821 -0.000000 0.000000
 54 -0.000001 -0.000000 -5.000001 -0.044472 3.137589 -0.000177
 55 6.551490 0.000001 -0.000000 0.212821 -0.199424 -0.291193
 56 -1.266842 -1.937445 -4.950558 -0.066572 -2.988806 -0.110308
 57 6.551491 0.000001 -0.000001 0.212821 -0.199424 -0.291193
 58 0.699372 -1.944208 -5.006847 -0.027189 -3.088217 0.005298
 59 4.226144 -0.003200 0.000000 0.029604 0.255973 0.252356
 60 0.000001 5.000001 0.000001 -0.153564 0.000087 2.718702
 61 0.000004 -0.000005 -3.713580 0.365818 2.880119 -0.191589
 62 0.000003 -0.000000 5.000000 3.053196 1.558589 -0.074928
 63 -0.000007 0.000005 3.713580 -0.001619 -3.122277 -0.475127
 64 0.000001 -0.000000 -5.000000 -0.088725 1.558589 3.066336
 65 7.363602 1.646647 0.495663 3.141593 -1.570796 0.000000
 66 -0.000005 0.000006 3.619081 0.008255 -3.110080 -0.985231
 67 16.573919 0.000001 0.000000 0.000000 0.000000 -1.065827
 68 15.128181 0.000001 -0.000000 -0.102296 0.010178 0.114297
 69 5.758665 4.244731 -0.000000 0.000000 -0.000000 1.667687
 70 3.177726 0.000000 0.000000 0.000000 0.000000 3.141593
 71 15.708952 0.000001 0.000000 -0.051525 0.003996 0.061523
 72 0.275148 0.189215 -3.445208 3.130898 0.000409 -1.514604
 73 17.210192 0.000001 0.000000 0.000000 0.000000 -1.893339
 74 -0.000000 0.000000 -4.999999 -0.079430 1.546568 -1.570855
 75 0.000002 -0.000003 -3.619081 0.577895 2.675801 -0.242118
 76 16.573923 -0.000000 -0.000001 0.000000 -0.000000 -1.163030
 77 15.128182 -0.000000 0.000002 0.089479 0.309197 0.659208
 78 5.758665 4.244730 0.000000 -0.000000 0.000000 1.815142
 79 4.003934 -0.000000 0.000000 0.000000 0.000000 0.000000
 80 15.708954 0.000000 0.000002 0.042277 0.226871 0.443133
 81 0.273998 0.191089 3.439762 -3.130907 -0.000437 -1.508107
 82 17.210196 -0.000001 -0.000002 0.000000 -0.000000 -1.937080
 83 0.000001 -0.000001 5.000000 -0.079314 1.595025 -1.570739
time 26
  0 -0.650000 0.000000 33.899605 -0.025849 0.174554 -1.569172
  1 5.685105 0.833237 -32.227173 -0.174512 -0.026131 1.569196
  2 -2.276935 0.000003 -1.238188 -1.570795 -1.570451 0.000000
  3 1.798121 0.711950 -0.000177 0.053995 0.165588 0.312676
  4 4.119102 -0.001560 -0.002842 1.062634 -0.126959 0.086250
  5 4.118872 -0.003268 -0.000052 0.016161 -0.163793 0.079085
  6 4.119768 -0.003066 0.000061 -0.018863 -0.130347 0.365354
  7 4.120104 -0.003145 -0.000616 0.195793 0.458961 0.533437
  8 4.443599 -0.000003 -0.000000 0.051284 -0.735786 -0.175726
  9 9.024062 -0.000002 0.000001 0.000000 0.000000 0.000000
 10 -0.767625 0.305739 1.523726 -0.289554 -1.253354 2.961745
 11 6.384777 0.000002 0.000004 -1.004112 0.475308 -1.277002
 12 10.242683 0.000001 -0.000001 -0.000000 -0.000000 -1.197179
 13 11.375562 -0.000000 -0.000000 -0.352190 -0.063223 -0.974252
 14 0.728681 0.023430 -1.008294 0.111914 0.535785 0.182854
 15 2.136497 0.000001 -0.000002 0.000000 -0.000000 -0.106008
 16 2.313139 -0.000000 0.000002 0.000000 0.000000 0.000000
 17 3.115506 -0.886041 -0.021434 -0.341541 -0.044723 0.278581
 18 2.011151 0.000001 0.000001 -0.000000 0.000000 0.338675
 19 2.141380 0.000000 -0.000001 0.000000 0.000000 0.000000
 20 1.734173 -0.000001 0.000001 -0.000000 0.000000 0.170156
 21 0.000005 -4.440593 0.000001 1.570544 -0.062990 -0.195737
 22 6.000000 -0.000001 -0.000001 -0.612199 -0.000000 0.000000
 23 0.000001 -4.440603 0.000000 1.569944 -0.062987 0.004053
 24 11.375564 0.000001 0.000001 -0.974656 -0.180080 -0.468377
 25 -0.000000 -4.440603 -0.000001 1.570144 -0.062988 0.004040
 26 10.510134 0.000000 -0.000002 -0.000000 -0.000000 -2.169386
 27 -0.000001 -1.748400 4.999998 0.000000 0.004007 1.602291
 28 5.500002 0.000000 -0.000001 0.234563 0.000000 0.000000
 29 -0.000001 -1.940598 4.999998 -0.044472 0.004003 -0.000180
 30 6.551490 0.000000 0.000001 -0.502762 0.408379 -0.733835
 31 0.000000 -1.940599 5.000000 -0.027189 -0.053376 0.005295
 32 6.551490 0.000000 0.000001 -0.185436 0.230368 -0.301108
 33 -0.000000 -1.940600 4.999995 -0.066572 -0.152786 -0.110311
 34 0.767629 -0.298667 -1.523727 -2.584781 1.231244 0.123206
 35 6.384778 -0.000002 0.000003 0.740492 -0.476440 -1.000579
 36 10.242682 0.000001 0.000000 -0.000000 -0.000000 -1.199136
 37 11.375560 -0.000002 0.000000 1.955571 0.194825 0.813940
 38 0.728680 0.023431 1.008292 -2.027434 -0.416219 0.534151
 39 2.136496 -0.000000 0.000001 -0.000000 -0.000000 1.282817
 40 2.313137 0.000000 0.000001 0.000000 0.000000 3.141593
 41 3.115506 -0.886040 0.021431 0.518003 0.053583 0.680575
 42 2.011151 -0.000000 0.000001 -0.000000 0.000000 2.082010
 43 2.141380 -0.000001 -0.000001 0.000000 0.000000 3.141593
 44 1.734173 -0.000002 -0.000000 0.000000 0.000000 1.041748
 45 0.136315 -3.738192 2.525891 1.493698 2.759406 -1.474501
 46 3.401194 -0.082822 2.201397 1.059647 2.922362 1.414544
 47 11.389366 -0.000819 0.158782 1.744474 0.140153 0.397443
 48 0.000001 -4.440599 -0.000003 1.570144 -3.078602 0.004040
 49 6.000000 -0.000002 0.000000 1.744474 -0.000000 -0.000000
 50 0.000002 -4.440600 0.000000 1.569944 -3.078603 0.004053
 51 10.510130 0.000000 0.000001 -0.000000 -0.000000 -2.170364
 52 0.000001 -1.748401 -5.000000 -3.141593 0.004007 -1.539299
 53 5.500000 0.000001 0.000001 -0.154780 -0.000000 0.000000
 54 0.000000 0.000000 -5.000000 -0.044472 3.137589 -0.000177
 55 6.551492 -0.000001 0.000002 0.154780 -0.188920 -0.262465
 56 -1.266842 -1.937443 -4.950560 -0.066572 -2.988806 -0.110308
 57 6.551492 -0.000001 0.000002 0.154780 -0.188920 -0.262465
 58 0.699371 -1.944207 -5.006847 -0.027189 -3.088217 0.005298
 59 4.226143 -0.003201 0.000000 0.064332 0.242951 0.261137
 60 0.000001 5.000002 0.000001 -0.153564 0.000087 2.718702
 61 0.000004 -0.000005 -3.713580 0.365818 2.880119 -0.191589
 62 0.000003 -0.000000 5.000000 3.053196 1.558589 -0.074928
 63 -0.000007 0.000005 3.713580 -0.001619 -3.122277 -0.475127
 64 0.000001 -0.000000 -5.000000 -0.088725 1.558589 3.066336
 65 7.363602 1.646647 0.495663 3.141593 -1.570796 0.000000
 66 -0.000005 0.000006 3.619081 0.008255 -3.110080 -0.985231
 67 16.573919 0.000001 0.000000 0.000000 0.000000 -1.065827
 68 15.128181 0.000001 -0.000000 -0.102296 0.010178 0.114297
 69 5.758665 4.244731 -0.000000 0.000000 -0.000000 1.667687
 70 3.177726 0.000000 0.000000 0.000000 0.000000 3.141593
 71 15.708952 0.000001 0.000000 -0.051525 0.003996 0.061523
 72 0.275148 0.189215 -3.445208 3.130898 0.000409 -1.514604
 73 17.210192 0.000001 0.000000 0.000000 0.000000 -1.893339
 74 -0.000000 0.000000 -4.999999 -0.079430 1.546568 -1.570855
 75 0.000002 -0.000003 -3.619081 0.577895 2.675801 -0.242118
 76 16.573923 -0.000000 -0.000001 0.000000 -0.000000 -1.163030
 77 15.128182 -0.000000 0.000002 0.089479 0.309197 0.659208
 78 5.758665 4.244730 0.000000 -0.000000 0.000000 1.815142
 79 4.003934 -0.000000 0.000000 0.000000 0.000000 0.000000
 80 15.708954 0.000000 0.000002 0.042277 0.226871 0.443133
 81 0.273998 0.191089 3.439762 -3.130907 -0.000437 -1.508107
 82 17.210196 -0.000001 -0.000002 0.000000 -0.000000 -1.937080
 83 0.000001 -0.000001 5.000000 -0.079314 1.595025 -1.570739
time 27
  0 -0.650000 0.000000 33.899605 -0.025849 0.174554 -1.569172
  1 5.685105 0.833237 -32.227173 -0.174512 -0.026131 1.569196
  2 -2.276935 0.000003 -1.238188 -1.570795 -1.570451 0.000000
  3 1.798172 0.711963 -0.000112 0.033659 0.115890 0.323482
  4 4.119058 -0.001567 -0.002845 1.060788 -0.109419 0.089774
  5 4.118876 -0.003269 -0.000006 0.001756 -0.132371 0.082512
  6 4.119572 -0.003132 0.000076 -0.023499 -0.112715 0.302930
  7 4.120055 -0.003088 -0.000943 0.292951 0.393171 0.554742
  8 4.443599 -0.000000 0.000001 -0.071012 -0.716868 -0.076569
  9 9.024061 0.000000 -0.000001 0.000000 0.000000 0.000000
 10 -0.663840 0.465729 1.532324 -0.177084 -1.264715 2.856081
 11 6.384777 0.000001 0.000002 -1.101408 0.539710 -1.379053
 12 10.242682 0.000001 -0.000001 -0.000000 -0.000000 -1.216992
 13 11.375560 -0.000003 0.000000 -0.368052 -0.117747 -0.995725
 14 0.728681 0.023430 -1.008293 0.115760 0.535044 0.190393
 15 2.136497 -0.000001 0.000001 -0.000000 -0.000000 -0.098002
 16 2.313140 -0.000002 0.000003 0.000000 0.000000 0.000000
 17 3.115507 -0.886041 -0.021432 -0.318843 -0.028493 0.290715
 18 2.011151 -0.000001 0.000000 0.000000 -0.000000 0.358981
 19 2.141380 -0.000002 0.000000 0.000000 0.000000 0.000000
 20 1.734172 -0.000001 0.000001 0.000000 -0.000000 0.180321
 21 0.000007 -4.440594 0.000001 1.570544 -0.062990 -0.195737
 22 6.000000 -0.000001 0.000001 -0.632445 -0.000000 0.000000
 23 0.000001 -4.440598 -0.000000 1.569944 -0.062987 0.004053
 24 11.375560 -0.000001 0.000002 -0.991794 -0.206341 -0.468552
 25 -0.000001 -4.440604 -0.000000 1.570144 -0.062988 0.004040
 26 10.510132 0.000001 0.000000 0.000000 -0.000000 -2.179293
 27 0.000000 -1.748401 5.000000 0.000000 0.004007 1.602291
 28 5.500000 0.000000 0.000001 0.226296 -0.000000 -0.000000
 29 -0.000002 -1.940598 5.000001 -0.044472 0.004003 -0.000180
 30 6.551492 0.000001 0.000002 -0.529411 0.501558 -0.805813
 31 -0.000000 -1.940599 5.000000 -0.027189 -0.053376 0.005295
 32 6.551492 0.000001 0.000001 -0.174798 0.273239 -0.312975
 33 -0.000000 -1.940599 4.999995 -0.066572 -0.152786 -0.110311
 34 0.663842 -0.458649 -1.532324 -2.837250 1.310248 -0.147140
 35 6.384778 -0.000001 0.000002 0.444456 -0.435456 -0.788823
 36 10.242683 0.000000 0.000001 -0.000000 0.000000 -1.378121
 37 11.375560 -0.000003 -0.000002 2.275232 0.277953 0.824832
 38 0.728681 0.023431 1.008291 -2.027434 -0.416219 0.534151
 39 2.136497 -0.000000 -0.000000 0.000000 -0.000000 1.282817
 40 2.313138 -0.000000 0.000000 0.000000 0.000000 3.141593
 41 3.115506 -0.886041 0.021430 0.518003 0.053583 0.680575
 42 2.011151 0.000001 0.000001 -0.000000 0.000000 2.082010
 43 2.141378 0.000000 0.000002 0.000000 0.000000 3.141593
 44 1.734172 -0.000000 0.000002 -0.000000 -0.000000 1.041748
 45 0.136315 -3.738193 2.525891 1.493698 2.759406 -1.474501
 46 3.401196 -0.082821 2.201394 1.059647 2.922362 1.414543
 47 11.389367 -0.000820 0.158780 1.887481 0.208397 0.386249
 48 0.000001 -4.440599 -0.000000 1.570144 -3.078602 0.004040
 49 6.000000 0.000000 -0.000001 1.887481 0.000000 -0.000000
 50 0.000002 -4.440601 -0.000003 1.569944 -3.078603 0.004053
 51 10.510132 0.000000 0.000001 0.000000 -0.000000 -2.259857
 52 -0.000000 -1.748401 -5.000000 3.141593 0.004007 -1.539299
 53 5.500001 0.000000 0.000001 -0.095481 -0.000000 -0.000000
 54 0.000001 -0.000000 -5.000000 -0.044472 3.137589 -0.000177
 55 6.551492 0.000000 0.000002 0.095481 -0.161562 -0.244024
 56 -1.266844 -1.937442 -4.950559 -0.066572 -2.988806 -0.110308
 57 6.551493 0.000000 0.000001 0.095481 -0.161562 -0.244024
 58 0.699371 -1.944208 -5.006846 -0.027189 -3.088217 0.005298
 59 4.226144 -0.003201 -0.000000 0.116791 0.216644 0.270218
 60 -0.000000 5.000000 -0.000001 -0.153564 0.000087 2.718702
 61 0.000004 -0.000005 -3.713580 0.365818 2.880119 -0.191589
 62 0.000003 -0.000000 5.000000 3.053196 1.558589 -0.074928
 63 -0.000007 0.000005 3.713580 -0.001619 -3.122277 -0.475127
 64 0.000001 -0.000000 -5.000000 -0.088725 1.558589 3.066336
 65 7.363602 1.646647 0.495663 3.141593 -1.570796 0.000000
 66 -0.000005 0.000006 3.619081 0.008255 -3.110080 -0.985231
 67 16.573919 0.000001 0.000000 0.000000 0.000000 -1.065827
 68 15.128181 0.000001 -0.000000 -0.102296 0.010178 0.114297
 69 5.758665 4.244731 -0.000000 0.000000 -0.000000 1.667687
 70 3.177726 0.000000 0.000000 0.000000 0.000000 3.141593
 71 15.708952 0.000001 0.000000 -0.051525 0.003996 0.061523
 72 0.275148 0.189215 -3.445208 3.130898 0.000409 -1.514604
 73 17.210192 0.000001 0.000000 0.000000 0.000000 -1.893339
 74 -0.000000 0.000000 -4.999999 -0.079430 1.546568 -1.570855
 75 0.000002 -0.000003 -3.619081 0.577895 2.675801 -0.242118
 76 16.573923 -0.000000 -0.000001 0.000000 -0.000000 -1.163030
 77 15.128182 -0.000000 0.000002 0.089479 0.309197 0.659208
 78 5.758665 4.244730 0.000000 -0.000000 0.000000 1.815142
 79 4.003934 -0.000000 0.000000 0.000000 0.000000 0.000000
 80 15.708954 0.000000 0.000002 0.042277 0.226871 0.443133
 81 0.273998 0.191089 3.439762 -3.130907 -0.000437 -1.508107
 82 17.210196 -0.000001 -0.000002 0.000000 -0.000000 -1.937080
 83 0.000001 -0.000001 5.000000 -0.079314 1.595025 -1.570739
time 28
  0 -0.650000 0.000000 33.899605 -0.025849 0.174554 -1.569172
  1 5.685105 0.833237 -32.227173 -0.174512 -0.026131 1.569196
  2 -2.276935 0.000003 -1.238188 -1.570795 -1.570451 0.000000
  3 1.798221 0.711979 0.000059 -0.018813 0.002496 0.335726
  4 4.118951 -0.001577 -0.002856 1.060803 -0.069217 0.094163
  5 4.118871 -0.003265 0.000115 -0.035483 -0.049471 0.084536
  6 4.119242 -0.003214 0.000148 -0.045322 -0.051688 0.198587
  7 4.120001 -0.002990 -0.001275 0.389243 0.317988 0.565043
  8 4.443598 0.000001 -0.000001 -0.189189 -0.778080 0.062952
  9 9.024063 -0.000001 -0.000000 0.000000 0.000000 0.000000
 10 -0.541746 0.628117 1.522738 -0.135847 -1.282821 2.832579
 11 6.384777 -0.000001 -0.000000 -1.299484 0.829674 -1.565404
 12 10.242682 0.000000 0.000001 -0.000000 0.000000 -1.462118
 13 11.375562 0.000001 -0.000002 -0.439681 -0.041883 -0.932773
 14 0.728679 0.023433 -1.008291 0.120358 0.534123 0.199417
 15 2.136497 0.000000 0.000003 -0.000000 0.000000 -0.088410
 16 2.313139 0.000001 -0.000002 0.000000 0.000000 0.000000
 17 3.115505 -0.886039 -0.021431 -0.284401 -0.005574 0.307786
 18 2.011151 -0.000003 -0.000000 0.000000 0.000000 0.386979
 19 2.141379 0.000000 0.000000 0.000000 0.000000 0.000000
 20 1.734172 0.000001 0.000001 -0.000000 -0.000000 0.194327
 21 0.000006 -4.440593 0.000000 1.570544 -0.062990 -0.195737
 22 6.000000 -0.000001 0.000000 -0.684651 -0.000000 0.000000
 23 0.000002 -4.440601 0.000000 1.569944 -0.062987 0.004053
 24 11.375563 -0.000000 0.000003 -1.014324 -0.152680 -0.455696
 25 0.000001 -4.440603 0.000000 1.570144 -0.062988 0.004040
 26 10.510131 0.000000 -0.000001 0.000000 0.000000 -2.301855
 27 -0.000002 -1.748400 5.000000 0.000000 0.004007 1.602291
 28 5.499999 0.000000 0.000000 0.162263 -0.000000 -0.000000
 29 -0.000004 -1.940598 5.000000 -0.044472 0.004003 -0.000180
 30 6.551493 0.000001 0.000001 -0.569690 0.799993 -0.929265
 31 -0.000002 -1.940597 5.000001 -0.027189 -0.053376 0.005295
 32 6.551493 0.000001 0.000001 -0.113367 0.388188 -0.293004
 33 -0.000000 -1.940598 4.999994 -0.066572 -0.152786 -0.110311
 34 0.541749 -0.621038 -1.522740 2.992616 1.357936 -0.619968
 35 6.384776 -0.000001 0.000001 0.139915 -0.262874 -0.671863
 36 10.242683 0.000000 0.000000 0.000000 0.000000 -1.536122
 37 11.375561 -0.000000 -0.000002 2.611643 0.345142 0.897466
 38 0.728681 0.023430 1.008293 -2.027434 -0.416219 0.534151
 39 2.136497 -0.000003 -0.000001 -0.000000 -0.000000 1.282817
 40 2.313141 -0.000000 -0.000000 0.000000 0.000000 3.141593
 41 3.115506 -0.886040 0.021433 0.518003 0.053583 0.680575
 42 2.011150 -0.000000 -0.000001 0.000000 -0.000000 2.082010
 43 2.141380 -0.000000 -0.000001 0.000000 0.000000 3.141593
 44 1.734173 -0.000002 -0.000002 0.000000 -0.000000 1.041748
 45 0.136314 -3.738193 2.525892 1.493698 2.759406 -1.474501
 46 3.401195 -0.082821 2.201397 1.059647 2.922362 1.414544
 47 11.389367 -0.000817 0.158781 2.035882 0.279753 0.388958
 48 0.000001 -4.440599 -0.000002 1.570144 -3.078602 0.004040
 49 6.000000 0.000000 -0.000001 2.035882 0.000000 -0.000000
 50 0.000002 -4.440602 0.000000 1.569944 -3.078603 0.004053
 51 10.510131 0.000000 0.000000 0.000000 0.000000 -2.338857
 52 0.000001 -1.748399 -5.000001 -3.141593 0.004007 -1.539299
 53 5.500000 0.000000 -0.000000 -0.028564 -0.000000 0.000000
 54 -0.000000 -0.000000 -4.999999 -0.044472 3.137589 -0.000177
 55 6.551490 -0.000000 0.000000 0.028564 -0.100344 -0.240876
 56 -1.266843 -1.937442 -4.950560 -0.066572 -2.988806 -0.110308
 57 6.551490 0.000000 0.000000 0.028564 -0.100344 -0.240876
 58 0.699368 -1.944208 -5.006847 -0.027189 -3.088217 0.005298
 59 4.226148 -0.003202 0.000001 0.170853 0.186221 0.276072
 60 -0.000001 5.000001 -0.000001 -0.153564 0.000087 2.718702
 61 0.000004 -0.000005 -3.713580 0.365818 2.880119 -0.191589
 62 0.000003 -0.000000 5.000000 3.053196 1.558589 -0.074928
 63 -0.000007 0.000005 3.713580 -0.001619 -3.122277 -0.475127
 64 0.000001 -0.000000 -5.000000 -0.088725 1.558589 3.066336
 65 7.363602 1.646647 0.495663 3.141593 -1.570796 0.000000
 66 -0.000005 0.000006 3.619081 0.008255 -3.110080 -0.985231
 67 16.573919 0.000001 0.000000 0.000000 0.000000 -1.065827
 68 15.128181 0.000001 -0.000000 -0.102296 0.010178 0.114297
 69 5.758665 4.244731 -0.000000 0.000000 -0.000000 1.667687
 70 3.177726 0.000000 0.000000 0.000000 0.000000 3.141593
 71 15.708952 0.000001 0.000000 -0.051525 0.003996 0.061523
 72 0.275148 0.189215 -3.445208 3.130898 0.000409 -1.514604
 73 17.210192 0.000001 0.000000 0.000000 0.000000 -1.893339
 74 -0.000000 0.000000 -4.999999 -0.079430 1.546568 -1.570855
 75 0.000002 -0.000003 -3.619081 0.577895 2.675801 -0.242118
 76 16.573923 -0.000000 -0.000001 0.000000 -0.000000 -1.163030
 77 15.128182 -0.000000 0.000002 0.089479 0.309197 0.659208
 78 5.758665 4.244730 0.000000 -0.000000 0.000000 1.815142
 79 4.003934 -0.000000 0.000000 0.000000 0.000000 0.000000
 80 15.708954 0.000000 0.000002 0.042277 0.226871 0.443133
 81 0.273998 0.191089 3.439762 -3.130907 -0.000437 -1.508107
 82 17.210196 -0.000001 -0.000002 0.000000 -0.000000 -1.937080
 83 0.000001 -0.000001 5.000000 -0.079314 1.595025 -1.570739
time 29
  0 -0.650000 0.000000 33.899605 -0.025849 0.174554 -1.569172
  1 5.685105 0.833237 -32.227173 -0.174512 -0.026131 1.569196
  2 -2.276935 0.000003 -1.238188 -1.570795 -1.570451 0.000000
  3 1.798230 0.711989 0.000196 -0.060711 -0.098402 0.345511
  4 4.118855 -0.001660 -0.002817 1.033913 -0.032471 0.095871
  5 4.118876 -0.003262 0.000204 -0.062067 0.026785 0.082082
  6 4.118975 -0.003254 0.000211 -0.063860 0.006833 0.112228
  7 4.119960 -0.002890 -0.001524 0.461824 0.256422 0.564731
  8 4.443599 0.000000 0.000000 -0.272210 -0.828544 0.206047
  9 9.024062 -0.000002 0.000001 0.000000 0.000000 0.000000
 10 -0.439455 0.750358 1.500486 -0.011418 -1.293302 2.714242
 11 6.384777 0.000002 0.000001 1.552258 2.056008 1.266269
 12 10.242684 -0.000001 -0.000002 0.000000 -0.000000 -1.670149
 13 11.375562 -0.000002 0.000001 -0.487266 0.084901 -0.849151
 14 0.728681 0.023430 -1.008292 0.123762 0.533416 0.206108
 15 2.136497 -0.000000 -0.000001 0.000000 -0.000000 -0.081292
 16 2.313139 -0.000000 -0.000000 0.000000 0.000000 0.000000
 17 3.115507 -0.886041 -0.021432 -0.267784 0.006120 0.318138
 18 2.011151 -0.000001 -0.000001 0.000000 -0.000000 0.402967
 19 2.141380 0.000001 0.000001 0.000000 0.000000 0.000000
 20 1.734171 0.000001 -0.000000 0.000000 -0.000000 0.202320
 21 0.000007 -4.440594 0.000000 1.570544 -0.062990 -0.195737
 22 6.000000 -0.000001 0.000000 -0.713056 0.000000 0.000000
 23 0.000001 -4.440601 -0.000001 1.569944 -0.062987 0.004053
 24 11.375562 -0.000001 0.000003 -1.021351 -0.076242 -0.438480
 25 -0.000001 -4.440602 0.000001 1.570144 -0.062988 0.004040
 26 10.510133 -0.000001 -0.000002 0.000000 -0.000000 -2.405871
 27 -0.000000 -1.748400 5.000000 -0.000000 0.004007 1.602290
 28 5.500000 -0.000001 -0.000001 0.080839 -0.000000 0.000000
 29 -0.000002 -1.940597 5.000001 -0.044472 0.004003 -0.000180
 30 6.551492 0.000001 -0.000001 -0.605559 1.055468 -1.008897
 31 0.000001 -1.940598 5.000002 -0.027189 -0.053376 0.005295
 32 6.551492 0.000001 -0.000001 -0.044590 0.461161 -0.241965
 33 -0.000001 -1.940598 4.999994 -0.066572 -0.152786 -0.110311
 34 0.439460 -0.743283 -1.500484 2.544731 1.342063 -1.085796
 35 6.384777 -0.000001 -0.000001 -0.060096 -0.103944 -0.657931
 36 10.242683 -0.000000 0.000001 -0.000000 -0.000000 -1.629709
 37 11.375561 0.000001 -0.000000 2.865507 0.374846 0.940567
 38 0.728681 0.023431 1.008290 -2.027434 -0.416219 0.534151
 39 2.136496 0.000001 0.000000 -0.000000 -0.000000 1.282817
 40 2.313140 0.000001 0.000000 0.000000 0.000000 3.141593
 41 3.115507 -0.886042 0.021431 0.518003 0.053583 0.680575
 42 2.011151 0.000001 0.000001 0.000000 0.000000 2.082010
 43 2.141381 0.000000 -0.000001 0.000000 0.000000 3.141593
 44 1.734172 -0.000000 0.000000 -0.000000 0.000000 1.041748
 45 0.136315 -3.738193 2.525890 1.493698 2.759406 -1.474501
 46 3.401195 -0.082821 2.201397 1.059647 2.922362 1.414543
 47 11.389367 -0.000819 0.158781 2.152928 0.332998 0.382397
 48 0.000001 -4.440599 -0.000001 1.570144 -3.078602 0.004040
 49 6.000000 -0.000002 -0.000001 2.152928 -0.000000 0.000000
 50 0.000002 -4.440601 0.000002 1.569944 -3.078603 0.004053
 51 10.510131 0.000000 0.000001 -0.000000 0.000000 -2.385651
 52 0.000000 -1.748400 -5.000001 3.141593 0.004007 -1.539299
 53 5.500000 0.000000 -0.000000 0.025292 -0.000000 -0.000000
 54 0.000000 -0.000000 -5.000000 -0.044472 3.137589 -0.000177
 55 6.551489 0.000000 -0.000001 -0.025292 -0.031960 -0.243792
 56 -1.266842 -1.937443 -4.950560 -0.066572 -2.988806 -0.110308
 57 6.551490 0.000001 -0.000001 -0.025292 -0.031960 -0.243792
 58 0.699371 -1.944210 -5.006846 -0.027189 -3.088217 0.005298
 59 4.226147 -0.003202 0.000001 0.212435 0.161008 0.277951
 60 0.000001 5.000000 0.000001 -0.153564 0.000087 2.718702
 61 0.000004 -0.000005 -3.713580 0.365818 2.880119 -0.191589
 62 0.000003 -0.000000 5.000000 3.053196 1.558589 -0.074928
 63 -0.000007 0.000005 3.713580 -0.001619 -3.122277 -0.475127
 64 0.000001 -0.000000 -5.000000 -0.088725 1.558589 3.066336
 65 7.363602 1.646647 0.495663 3.141593 -1.570796 0.000000
 66 -0.000005 0.000006 3.619081 0.008255 -3.110080 -0.985231
 67 16.573919 0.000001 0.000000 0.000000 0.000000 -1.065827
 68 15.128181 0.000001 -0.000000 -0.102296 0.010178 0.114297
 69 5.758665 4.244731 -0.000000 0.000000 -0.000000 1.667687
 70 3.177726 0.000000 0.000000 0.000000 0.000000 3.141593
 71 15.708952 0.000001 0.000000 -0.051525 0.003996 0.061523
 72 0.275148 0.189215 -3.445208 3.130898 0.000409 -1.514604
 73 17.210192 0.000001 0.000000 0.000000 0.000000 -1.893339
 74 -0.000000 0.000000 -4.999999 -0.079430 1.546568 -1.570855
 75 0.000002 -0.000003 -3.619081 0.577895 2.675801 -0.242118
 76 16.573923 -0.000000 -0.000001 0.000000 -0.000000 -1.163030
 77 15.128182 -0.000000 0.000002 0.089479 0.309197 0.659208
 78 5.758665 4.244730 0.000000 -0.000000 0.000000 1.815142
 79 4.003934 -0.000000 0.000000 0.000000 0.000000 0.000000
 80 15.708954 0.000000 0.000002 0.042277 0.226871 0.443133
 81 0.273998 0.191089 3.439762 -3.130907 -0.000437 -1.508107
 82 17.210196 -0.000001 -0.000002 0.000000 -0.000000 -1.937080
 83 0.000001 -0.000001 5.000000 -0.079314 1.595025 -1.570739
time 30
  0 -0.650000 0.000000 33.899605 -0.025849 0.174554 -1.569172
  1 5.685105 0.833237 -32.227173 -0.174512 -0.026131 1.569196
  2 -2.276935 0.000003 -1.238188 -1.570795 -1.570451 0.000000
  3 1.798227 0.711989 0.000200 -0.062178 -0.126827 0.346970
  4 4.118832 -0.001799 -0.002734 0.985583 -0.020952 0.094246
  5 4.118874 -0.003263 0.000190 -0.058087 0.046794 0.080713
  6 4.118879 -0.003265 0.000193 -0.058229 0.022354 0.082362
  7 4.119940 -0.002851 -0.001618 0.488996 0.231020 0.559764
  8 4.443598 0.000001 0.000001 -0.298983 -0.819136 0.268388
  9 9.024059 -0.000001 0.000000 0.000000 0.000000 0.000000
 10 -0.396745 0.795841 1.489018 0.197499 -1.270362 2.495587
 11 6.384778 0.000001 0.000001 1.489972 1.975714 1.198574
 12 10.242683 0.000000 -0.000000 0.000000 0.000000 -1.730650
 13 11.375563 0.000000 -0.000002 -0.469221 0.102653 -0.771382
 14 0.728681 0.023431 -1.008293 0.125076 0.533138 0.208693
 15 2.136497 0.000002 0.000000 -0.000000 -0.000000 -0.078540
 16 2.313139 0.000000 0.000000 0.000000 0.000000 0.000000
 17 3.115505 -0.886041 -0.021433 -0.283157 -0.001145 0.315577
 18 2.011152 0.000001 0.000002 -0.000000 0.000000 0.397767
 19 2.141379 -0.000000 -0.000001 0.000000 0.000000 0.000000
 20 1.734173 -0.000001 0.000000 0.000000 0.000000 0.199720
 21 0.000005 -4.440597 0.000001 1.570544 -0.062990 -0.195737
 22 6.000000 -0.000001 -0.000000 -0.699964 0.000000 -0.000000
 23 0.000001 -4.440600 -0.000000 1.569944 -0.062987 0.004053
 24 11.375562 0.000002 0.000001 -1.011276 -0.060244 -0.406956
 25 -0.000001 -4.440604 0.000000 1.570144 -0.062988 0.004040
 26 10.510132 0.000001 -0.000000 0.000000 -0.000000 -2.436121
 27 -0.000002 -1.748401 4.999999 -0.000000 0.004007 1.602291
 28 5.500002 -0.000000 -0.000000 0.045360 0.000000 0.000000
 29 -0.000002 -1.940598 5.000001 -0.044472 0.004003 -0.000180
 30 6.551493 0.000001 -0.000001 -0.522763 1.105679 -0.932478
 31 -0.000000 -1.940598 5.000000 -0.027189 -0.053376 0.005295
 32 6.551493 0.000001 -0.000001 -0.018539 0.470164 -0.219238
 33 -0.000000 -1.940601 4.999994 -0.066572 -0.152786 -0.110311
 34 0.396746 -0.788762 -1.489017 2.384100 1.312781 -1.253586
 35 6.384778 -0.000001 -0.000000 -0.124633 -0.075970 -0.650979
 36 10.242682 0.000000 -0.000000 -0.000000 0.000000 -1.656424
 37 11.375562 0.000003 0.000001 2.936953 0.389770 0.931065
 38 0.728680 0.023431 1.008290 -2.027434 -0.416219 0.534151
 39 2.136497 -0.000000 0.000001 -0.000000 -0.000000 1.282817
 40 2.313140 0.000000 -0.000001 0.000000 0.000000 3.141593
 41 3.115508 -0.886041 0.021430 0.518003 0.053583 0.680575
 42 2.011150 0.000001 0.000001 -0.000000 0.000000 2.082010
 43 2.141380 -0.000000 0.000001 0.000000 0.000000 3.141593
 44 1.734172 0.000001 -0.000000 0.000000 -0.000000 1.041748
 45 0.136314 -3.738194 2.525889 1.493698 2.759406 -1.474501
 46 3.401194 -0.082821 2.201396 1.059647 2.922362 1.414544
 47 11.389367 -0.000817 0.158782 2.185943 0.349665 0.368743
 48 0.000000 -4.440599 0.000001 1.570144 -3.078602 0.004040
 49 6.000000 0.000002 0.000001 2.185943 0.000000 -0.000000
 50 0.000001 -4.440601 0.000001 1.569944 -3.078603 0.004053
 51 10.510131 0.000001 0.000000 0.000000 -0.000000 -2.399008
 52 0.000000 -1.748400 -5.000001 3.141593 0.004007 -1.539299
 53 5.500001 0.000000 -0.000000 0.045200 -0.000000 -0.000000
 54 0.000001 -0.000000 -5.000000 -0.044472 3.137589 -0.000177
 55 6.551490 0.000001 -0.000002 -0.045200 -0.016437 -0.243211
 56 -1.266843 -1.937444 -4.950560 -0.066572 -2.988806 -0.110308
 57 6.551492 -0.000001 -0.000000 -0.045200 -0.016437 -0.243211
 58 0.699372 -1.944208 -5.006846 -0.027189 -3.088217 0.005298
 59 4.226144 -0.003200 -0.000001 0.228332 0.150257 0.276806
 60 0.000002 5.000001 -0.000001 -0.153564 0.000087 2.718702
 61 0.000004 -0.000005 -3.713580 0.365818 2.880119 -0.191589
 62 0.000003 -0.000000 5.000000 3.053196 1.558589 -0.074928
 63 -0.000007 0.000005 3.713580 -0.001619 -3.122277 -0.475127
 64 0.000001 -0.000000 -5.000000 -0.088725 1.558589 3.066336
 65 7.363602 1.646647 0.495663 3.141593 -1.570796 0.000000
 66 -0.000005 0.000006 3.619081 0.008255 -3.110080 -0.985231
 67 16.573919 0.000001 0.000000 0.000000 0.000000 -1.065827
 68 15.128181 0.000001 -0.000000 -0.102296 0.010178 0.114297
 69 5.758665 4.244731 -0.000000 0.000000 -0.000000 1.667687
 70 3.177726 0.000000 0.000000 0.000000 0.000000 3.141593
 71 15.708952 0.000001 0.000000 -0.051525 0.003996 0.061523
 72 0.275148 0.189215 -3.445208 3.130898 0.000409 -1.514604
 73 17.210192 0.000001 0.000000 0.000000 0.000000 -1.893339
 74 -0.000000 0.000000 -4.999999 -0.079430 1.546568 -1.570855
 75 0.000002 -0.000003 -3.619081 0.577895 2.675801 -0.242118
 76 16.573923 -0.000000 -0.000001 0.000000 -0.000000 -1.163030
 77 15.128182 -0.000000 0.000002 0.089479 0.309197 0.659208
 78 5.758665 4.244730 0.000000 -0.000000 0.000000 1.815142
 79 4.003934 -0.000000 0.000000 0.000000 0.000000 0.000000
 80 15.708954 0.000000 0.000002 0.042277 0.226871 0.443133
 81 0.273998 0.191089 3.439762 -3.130907 -0.000437 -1.508107
 82 17.210196 -0.000001 -0.000002 0.000000 -0.000000 -1.937080
 83 0.000001 -0.000001 5.000000 -0.079314 1.595025 -1.570739
time 31
  0 -0.650000 0.000000 33.899605 -0.025849 0.174554 -1.569172
  1 5.685105 0.833237 -32.227173 -0.174512 -0.026131 1.569196
  2 -2.276935 0.000003 -1.238188 -1.570795 -1.570451 0.000000
  3 1.798230 0.711988 0.000198 -0.061568 -0.129222 0.347119
  4 4.118827 -0.001816 -0.002721 0.978731 -0.019907 0.093986
  5 4.118876 -0.003262 0.000186 -0.056932 0.048278 0.080626
  6 4.118866 -0.003266 0.000187 -0.056923 0.023408 0.079100
  7 4.119930 -0.002861 -0.001603 0.484425 0.232264 0.554933
  8 4.443599 0.000000 0.000001 -0.301369 -0.817663 0.282460
  9 9.024060 0.000001 -0.000001 0.000000 0.000000 0.000000
 10 -0.398842 0.788796 1.492186 0.193476 -1.270141 2.503642
 11 6.384778 0.000001 0.000002 1.483854 1.970409 1.191356
 12 10.242681 -0.000000 -0.000000 -0.000000 0.000000 -1.734117
 13 11.375561 -0.000000 -0.000001 -0.467544 0.102037 -0.764081
 14 0.728681 0.023433 -1.008292 0.125268 0.533097 0.209070
 15 2.136497 0.000003 0.000001 0.000000 -0.000000 -0.078138
 16 2.313139 -0.000001 0.000001 0.000000 0.000000 0.000000
 17 3.115506 -0.886039 -0.021433 -0.284385 -0.001658 0.315514
 18 2.011152 -0.000001 0.000002 0.000000 0.000000 0.397538
 19 2.141380 0.000003 -0.000000 0.000000 0.000000 0.000000
 20 1.734173 0.000000 0.000001 -0.000000 -0.000000 0.199606
 21 0.000006 -4.440596 -0.000000 1.570544 -0.062990 -0.195737
 22 6.000000 0.000002 -0.000001 -0.698948 -0.000000 -0.000000
 23 0.000001 -4.440599 -0.000000 1.569944 -0.062987 0.004053
 24 11.375561 0.000001 0.000002 -1.010582 -0.059826 -0.403678
 25 -0.000000 -4.440604 -0.000000 1.570144 -0.062988 0.004040
 26 10.510130 0.000000 -0.000000 0.000000 -0.000000 -2.437855
 27 -0.000000 -1.748401 4.999999 0.000000 0.004007 1.602291
 28 5.500000 -0.000000 -0.000001 0.042712 0.000000 -0.000000
 29 -0.000002 -1.940598 5.000000 -0.044472 0.004003 -0.000180
 30 6.551492 -0.000000 0.000000 -0.516883 1.109442 -0.927545
 31 0.000000 -1.940598 5.000001 -0.027189 -0.053376 0.005295
 32 6.551493 -0.000000 0.000000 -0.016580 0.470807 -0.217701
 33 0.000001 -1.940598 4.999996 -0.066572 -0.152786 -0.110311
 34 0.398843 -0.781717 -1.492185 2.379793 1.310419 -1.254700
 35 6.384777 0.000001 -0.000002 -0.133609 -0.076225 -0.650897
 36 10.242682 0.000001 -0.000001 -0.000000 -0.000000 -1.662419
 37 11.375562 0.000001 0.000001 2.937171 0.389356 0.925662
 38 0.728681 0.023431 1.008292 -2.027434 -0.416219 0.534151
 39 2.136496 -0.000000 0.000001 -0.000000 0.000000 1.282817
 40 2.313139 -0.000000 -0.000001 0.000000 0.000000 3.141593
 41 3.115507 -0.886042 0.021433 0.518003 0.053583 0.680575
 42 2.011151 -0.000002 0.000001 -0.000000 -0.000000 2.082010
 43 2.141380 0.000000 -0.000000 0.000000 0.000000 3.141593
 44 1.734172 -0.000001 -0.000000 -0.000000 -0.000000 1.041748
 45 0.136314 -3.738192 2.525891 1.493698 2.759406 -1.474501
 46 3.401195 -0.082821 2.201399 1.059647 2.922362 1.414544
 47 11.389366 -0.000821 0.158780 2.186548 0.348816 0.366426
 48 0.000001 -4.440599 -0.000000 1.570144 -3.078602 0.004040
 49 6.000000 0.000002 -0.000000 2.186548 0.000000 0.000000
 50 0.000001 -4.440602 0.000000 1.569944 -3.078603 0.004053
 51 10.510131 0.000000 0.000001 0.000000 -0.000000 -2.402006
 52 -0.000000 -1.748400 -5.000000 -3.141593 0.004007 -1.539299
 53 5.499999 0.000000 -0.000001 0.048181 -0.000000 -0.000000
 54 -0.000001 0.000000 -5.000000 -0.044472 3.137590 -0.000177
 55 6.551491 0.000000 -0.000001 -0.048181 -0.015725 -0.243200
 56 -1.266844 -1.937442 -4.950560 -0.066572 -2.988806 -0.110308
 57 6.551491 0.000000 -0.000001 -0.048181 -0.015725 -0.243200
 58 0.699369 -1.944208 -5.006847 -0.027189 -3.088217 0.005298
 59 4.226145 -0.003199 -0.000001 0.226145 0.150336 0.274626
 60 -0.000000 5.000001 -0.000001 -0.153564 0.000087 2.718702
 61 0.000004 -0.000005 -3.713580 0.365818 2.880119 -0.191589
 62 0.000003 -0.000000 5.000000 3.053196 1.558589 -0.074928
 63 -0.000007 0.000005 3.713580 -0.001619 -3.122277 -0.475127
 64 0.000001 -0.000000 -5.000000 -0.088725 1.558589 3.066336
 65 7.363602 1.646647 0.495663 3.141593 -1.570796 0.000000
 66 -0.000005 0.000006 3.619081 0.008255 -3.110080 -0.985231
 67 16.573919 0.000001 0.000000 0.000000 0.000000 -1.065827
 68 15.128181 0.000001 -0.000000 -0.102296 0.010178 0.114297
 69 5.758665 4.244731 -0.000000 0.000000 -0.000000 1.667687
 70 3.177726 0.000000 0.000000 0.000000 0.000000 3.141593
 71 15.708952 0.000001 0.000000 -0.051525 0.003996 0.061523
 72 0.275148 0.189215 -3.445208 3.130898 0.000409 -1.514604
 73 17.210192 0.000001 0.000000 0.000000 0.000000 -1.893339
 74 -0.000000 0.000000 -4.999999 -0.079430 1.546568 -1.570855
 75 0.000002 -0.000003 -3.619081 0.577895 2.675801 -0.242118
 76 16.573923 -0.000000 -0.000001 0.000000 -0.000000 -1.163030
 77 15.128182 -0.000000 0.000002 0.089479 0.309197 0.659208
 78 5.758665 4.244730 0.000000 -0.000000 0.000000 1.815142
 79 4.003934 -0.000000 0.000000 0.000000 0.000000 0.000000
 80 15.708954 0.000000 0.000002 0.042277 0.226871 0.443133
 81 0.273998 0.191089 3.439762 -3.130907 -0.000437 -1.508107
 82 17.210196 -0.000001 -0.000002 0.000000 -0.000000 -1.937080
 83 0.000001 -0.000001 5.000000 -0.079314 1.595025 -1.570739
time 32
  0 -0.650000 0.000000 33.899605 -0.025849 0.174554 -1.569172
  1 5.685105 0.833237 -32.227173 -0.174512 -0.026131 1.569196
  2 -2.276935 0.000003 -1.238188 -1.570795 -1.570451 0.000000
  3 1.798230 0.711988 0.000191 -0.059459 -0.135479 0.347412
  4 4.118826 -0.001874 -0.002685 0.958878 -0.017132 0.093178
  5 4.118875 -0.003263 0.000175 -0.053357 0.052075 0.080395
  6 4.118837 -0.003266 0.000172 -0.052959 0.026135 0.070305
  7 4.119922 -0.002882 -0.001577 0.476390 0.235962 0.549766
  8 4.443599 0.000002 -0.000003 -0.299380 -0.824577 0.302222
  9 9.024062 -0.000002 0.000001 0.000000 0.000000 0.000000
 10 -0.405074 0.776099 1.497123 0.187777 -1.263924 2.512953
 11 6.384775 -0.000001 -0.000001 1.472121 1.955394 1.178602
 12 10.242682 0.000000 0.000001 -0.000000 0.000000 -1.743413
 13 11.375563 0.000000 -0.000003 -0.461945 0.098328 -0.743794
 14 0.728680 0.023435 -1.008292 0.125748 0.532995 0.210014
 15 2.136497 0.000001 -0.000001 -0.000000 0.000000 -0.077133
 16 2.313139 -0.000002 -0.000001 0.000000 0.000000 0.000000
 17 3.115506 -0.886039 -0.021430 -0.288526 -0.003523 0.315043
 18 2.011151 0.000005 -0.000002 0.000000 0.000000 0.396406
 19 2.141379 -0.000001 -0.000000 0.000000 0.000000 0.000000
 20 1.734172 0.000003 0.000000 0.000000 0.000000 0.199040
 21 0.000007 -4.440590 0.000001 1.570544 -0.062990 -0.195737
 22 6.000000 -0.000001 -0.000001 -0.695480 -0.000000 0.000000
 23 0.000001 -4.440603 -0.000000 1.569944 -0.062987 0.004053
 24 11.375562 -0.000002 0.000002 -1.008360 -0.059723 -0.394282
 25 -0.000002 -4.440605 -0.000000 1.570144 -0.062988 0.004040
 26 10.510132 0.000000 0.000001 -0.000000 0.000000 -2.442503
 27 0.000000 -1.748402 4.999999 0.000000 0.004007 1.602291
 28 5.500002 -0.000000 0.000000 0.035772 0.000000 -0.000000
 29 -0.000001 -1.940598 5.000000 -0.044472 0.004003 -0.000180
 30 6.551492 0.000001 0.000001 -0.496786 1.117617 -0.908573
 31 0.000002 -1.940600 5.000001 -0.027189 -0.053376 0.005295
 32 6.551492 0.000001 0.000001 -0.011547 0.472089 -0.213272
 33 -0.000000 -1.940601 4.999994 -0.066572 -0.152786 -0.110311
 34 0.405078 -0.769019 -1.497130 2.379430 1.299029 -1.253673
 35 6.384775 0.000001 -0.000002 -0.157380 -0.078211 -0.651571
 36 10.242686 -0.000001 -0.000000 -0.000000 -0.000000 -1.677829
 37 11.375562 -0.000000 0.000002 2.934770 0.387672 0.909047
 38 0.728680 0.023430 1.008291 -2.027434 -0.416219 0.534151
 39 2.136497 -0.000001 -0.000001 -0.000000 0.000000 1.282817
 40 2.313140 -0.000000 0.000001 0.000000 0.000000 3.141593
 41 3.115507 -0.886041 0.021429 0.518003 0.053583 0.680575
 42 2.011150 0.000001 0.000001 0.000000 -0.000000 2.082010
 43 2.141378 -0.000001 -0.000001 0.000000 0.000000 3.141593
 44 1.734172 -0.000000 -0.000000 0.000000 -0.000000 1.041748
 45 0.136316 -3.738192 2.525890 1.493698 2.759406 -1.474501
 46 3.401196 -0.082822 2.201393 1.059647 2.922362 1.414544
 47 11.389367 -0.000819 0.158783 2.186969 0.345559 0.359659
 48 0.000000 -4.440599 -0.000001 1.570144 -3.078602 0.004040
 49 6.000000 -0.000000 -0.000000 2.186969 0.000000 0.000000
 50 0.000001 -4.440601 0.000003 1.569944 -3.078603 0.004053
 51 10.510133 -0.000000 0.000001 -0.000000 -0.000000 -2.409711
 52 -0.000000 -1.748400 -5.000000 3.141593 0.004007 -1.539299
 53 5.500002 -0.000001 0.000001 0.056134 0.000000 -0.000000
 54 -0.000001 0.000001 -5.000000 -0.044472 3.137589 -0.000177
 55 6.551488 0.000002 -0.000002 -0.056134 -0.014255 -0.243279
 56 -1.266842 -1.937445 -4.950559 -0.066572 -2.988806 -0.110308
 57 6.551491 0.000000 0.000000 -0.056134 -0.014255 -0.243279
 58 0.699371 -1.944208 -5.006845 -0.027189 -3.088217 0.005298
 59 4.226145 -0.003202 -0.000001 0.222046 0.151373 0.272205
 60 0.000000 5.000002 -0.000002 -0.153564 0.000087 2.718702
 61 0.000004 -0.000005 -3.713580 0.365818 2.880119 -0.191589
 62 0.000003 -0.000000 5.000000 3.053196 1.558589 -0.074928
 63 -0.000007 0.000005 3.713580 -0.001619 -3.122277 -0.475127
 64 0.000001 -0.000000 -5.000000 -0.088725 1.558589 3.066336
 65 7.363602 1.646647 0.495663 3.141593 -1.570796 0.000000
 66 -0.000005 0.000006 3.619081 0.008255 -3.110080 -0.985231
 67 16.573919 0.000001 0.000000 0.000000 0.000000 -1.065827
 68 15.128181 0.000001 -0.000000 -0.102296 0.010178 0.114297
 69 5.758665 4.244731 -0.000000 0.000000 -0.000000 1.667687
 70 3.177726 0.000000 0.000000 0.000000 0.000000 3.141593
 71 15.708952 0.000001 0.000000 -0.051525 0.003996 0.061523
 72 0.275148 0.189215 -3.445208 3.130898 0.000409 -1.514604
 73 17.210192 0.000001 0.000000 0.000000 0.000000 -1.893339
 74 -0.000000 0.000000 -4.999999 -0.079430 1.546568 -1.570855
 75 0.000002 -0.000003 -3.619081 0.577895 2.675801 -0.242118
 76 16.573923 -0.000000 -0.000001 0.000000 -0.000000 -1.163030
 77 15.128182 -0.000000 0.000002 0.089479 0.309197 0.659208
 78 5.758665 4.244730 0.000000 -0.000000 0.000000 1.815142
 79 4.003934 -0.000000 0.000000 0.000000 0.000000 0.000000
 80 15.708954 0.000000 0.000002 0.042277 0.226871 0.443133
 81 0.273998 0.191089 3.439762 -3.130907 -0.000437 -1.508107
 82 17.210196 -0.000001 -0.000002 0.000000 -0.000000 -1.937080
 83 0.000001 -0.000001 5.000000 -0.079314 1.595025 -1.570739
time 33
  0 -0.650000 0.000000 33.899605 -0.025849 0.174554 -1.569172
  1 5.685105 0.833237 -32.227173 -0.174512 -0.026131 1.569196
  2 -2.276935 0.000003 -1.238188 -1.570795 -1.570451 0.000000
  3 1.798234 0.711987 0.000177 -0.055230 -0.143262 0.347471
  4 4.118819 -0.001955 -0.002625 0.928074 -0.013540 0.091786
  5 4.118873 -0.003263 0.000154 -0.047170 0.056547 0.080098
  6 4.118797 -0.003269 0.000152 -0.046279 0.029446 0.058499
  7 4.119915 -0.002903 -0.001540 0.465141 0.241887 0.544242
  8 4.443599 -0.000000 0.000002 -0.293435 -0.836698 0.324782
  9 9.024063 -0.000002 -0.000000 0.000000 0.000000 0.000000
 10 -0.415047 0.758117 1.503553 0.189811 -1.252460 2.513325
 11 6.384778 0.000001 0.000003 1.469933 1.933399 1.179656
 12 10.242683 -0.000000 -0.000001 -0.000000 0.000000 -1.755727
 13 11.375562 -0.000002 -0.000001 -0.452076 0.088293 -0.715074
 14 0.728682 0.023432 -1.008292 0.126301 0.532876 0.211103
 15 2.136497 -0.000001 0.000000 -0.000000 -0.000000 -0.075974
 16 2.313139 -0.000001 -0.000000 0.000000 0.000000 0.000000
 17 3.115507 -0.886042 -0.021432 -0.296082 -0.007192 0.313698
 18 2.011151 -0.000003 0.000001 0.000000 0.000000 0.393647
 19 2.141380 0.000001 -0.000000 0.000000 0.000000 0.000000
 20 1.734172 0.000001 0.000000 -0.000000 0.000000 0.197661
 21 0.000006 -4.440596 0.000000 1.570544 -0.062990 -0.195737
 22 5.999999 -0.000003 0.000000 -0.689217 -0.000000 0.000000
 23 0.000001 -4.440599 -0.000001 1.569944 -0.062987 0.004053
 24 11.375561 -0.000001 0.000002 -1.004614 -0.062095 -0.380251
 25 -0.000001 -4.440602 0.000000 1.570144 -0.062988 0.004040
 26 10.510132 0.000000 -0.000001 -0.000000 -0.000000 -2.448660
 27 -0.000001 -1.748403 5.000000 0.000000 0.004007 1.602291
 28 5.500000 0.000000 -0.000000 0.026981 0.000000 -0.000000
 29 -0.000003 -1.940598 5.000003 -0.044472 0.004003 -0.000180
 30 6.551492 0.000001 0.000002 -0.459652 1.123368 -0.869595
 31 -0.000000 -1.940598 5.000003 -0.027189 -0.053376 0.005295
 32 6.551492 0.000001 0.000002 -0.005399 0.472660 -0.206691
 33 0.000000 -1.940599 4.999998 -0.066572 -0.152786 -0.110311
 34 0.415051 -0.751041 -1.503549 2.383936 1.279919 -1.249002
 35 6.384777 -0.000000 -0.000001 -0.188220 -0.084705 -0.654754
 36 10.242682 0.000000 -0.000000 0.000000 -0.000000 -1.696494
 37 11.375562 0.000001 0.000001 2.923232 0.383625 0.881049
 38 0.728681 0.023430 1.008291 -2.027434 -0.416219 0.534151
 39 2.136497 0.000001 -0.000000 0.000000 -0.000000 1.282817
 40 2.313141 0.000000 -0.000000 0.000000 0.000000 3.141593
 41 3.115507 -0.886041 0.021429 0.518003 0.053583 0.680575
 42 2.011150 0.000002 -0.000001 -0.000000 -0.000000 2.082010
 43 2.141380 0.000001 -0.000000 0.000000 0.000000 3.141593
 44 1.734172 -0.000001 -0.000001 -0.000000 -0.000000 1.041748
 45 0.136313 -3.738193 2.525891 1.493698 2.759406 -1.474501
 46 3.401194 -0.082820 2.201396 1.059647 2.922362 1.414544
 47 11.389368 -0.000819 0.158783 2.184190 0.338469 0.349167
 48 0.000001 -4.440600 -0.000002 1.570144 -3.078602 0.004040
 49 6.000000 -0.000000 0.000001 2.184190 0.000000 -0.000000
 50 0.000002 -4.440600 0.000003 1.569944 -3.078603 0.004053
 51 10.510131 0.000001 -0.000001 -0.000000 -0.000000 -2.419044
 52 -0.000000 -1.748399 -5.000000 3.141593 0.004007 -1.539299
 53 5.500000 0.000000 -0.000001 0.066622 0.000000 0.000000
 54 0.000001 0.000000 -5.000002 -0.044472 3.137590 -0.000177
 55 6.551492 -0.000001 -0.000000 -0.066622 -0.013581 -0.243671
 56 -1.266843 -1.937444 -4.950559 -0.066572 -2.988806 -0.110308
 57 6.551493 -0.000001 -0.000000 -0.066622 -0.013581 -0.243671
 58 0.699371 -1.944210 -5.006845 -0.027189 -3.088217 0.005298
 59 4.226147 -0.003201 0.000001 0.216183 0.153284 0.269553
 60 0.000002 4.999999 0.000001 -0.153564 0.000087 2.718702
 61 0.000004 -0.000005 -3.713580 0.365818 2.880119 -0.191589
 62 0.000003 -0.000000 5.000000 3.053196 1.558589 -0.074928
 63 -0.000007 0.000005 3.713580 -0.001619 -3.122277 -0.475127
 64 0.000001 -0.000000 -5.000000 -0.088725 1.558589 3.066336
 65 7.363602 1.646647 0.495663 3.141593 -1.570796 0.000000
 66 -0.000005 0.000006 3.619081 0.008255 -3.110080 -0.985231
 67 16.573919 0.000001 0.000000 0.000000 0.000000 -1.065827
 68 15.128181 0.000001 -0.000000 -0.102296 0.010178 0.114297
 69 5.758665 4.244731 -0.000000 0.000000 -0.000000 1.667687
 70 3.177726 0.000000 0.000000 0.000000 0.000000 3.141593
 71 15.708952 0.000001 0.000000 -0.051525 0.003996 0.061523
 72 0.275148 0.189215 -3.445208 3.130898 0.000409 -1.514604
 73 17.210192 0.000001 0.000000 0.000000 0.000000 -1.893339
 74 -0.000000 0.000000 -4.999999 -0.079430 1.546568 -1.570855
 75 0.000002 -0.000003 -3.619081 0.577895 2.675801 -0.242118
 76 16.573923 -0.000000 -0.000001 0.000000 -0.000000 -1.163030
 77 15.128182 -0.000000 0.000002 0.089479 0.309197 0.659208
 78 5.758665 4.244730 0.000000 -0.000000 0.000000 1.815142
 79 4.003934 -0.000000 0.000000 0.000000 0.000000 0.000000
 80 15.708954 0.000000 0.000002 0.042277 0.226871 0.443133
 81 0.273998 0.191089 3.439762 -3.130907 -0.000437 -1.508107
 82 17.210196 -0.000001 -0.000002 0.000000 -0.000000 -1.937080
 83 0.000001 -0.000001 5.000000 -0.079314 1.595025 -1.570739
time 34
  0 -0.650000 0.000000 33.899605 -0.025849 0.174554 -1.569172
  1 5.685105 0.833237 -32.227173 -0.174512 -0.026131 1.569196
  2 -2.276935 0.000003 -1.238188 -1.570795 -1.570451 0.000000
  3 1.798233 0.711986 0.000154 -0.048404 -0.149918 0.346910
  4 4.118812 -0.002054 -0.002546 0.889529 -0.010199 0.089865
  5 4.118875 -0.003267 0.000127 -0.038405 0.059877 0.079812
  6 4.118760 -0.003273 0.000121 -0.037043 0.032115 0.046661
  7 4.119910 -0.002931 -0.001493 0.450921 0.249806 0.538321
  8 4.443599 -0.000001 0.000000 -0.284053 -0.850599 0.346536
  9 9.024062 -0.000001 0.000001 0.000000 0.000000 0.000000
 10 -0.428358 0.735208 1.511121 0.199239 -1.238075 2.505224
 11 6.384777 -0.000001 0.000002 1.490389 1.909164 1.208797
 12 10.242680 -0.000000 0.000001 -0.000000 -0.000000 -1.767558
 13 11.375562 -0.000002 0.000001 -0.439525 0.071527 -0.683791
 14 0.728680 0.023429 -1.008292 0.126751 0.532779 0.211989
 15 2.136496 0.000000 -0.000000 0.000000 0.000000 -0.075030
 16 2.313139 -0.000002 0.000000 0.000000 0.000000 0.000000
 17 3.115506 -0.886042 -0.021431 -0.306279 -0.012406 0.311461
 18 2.011151 -0.000001 -0.000001 0.000000 -0.000000 0.389281
 19 2.141379 0.000002 -0.000000 0.000000 0.000000 0.000000
 20 1.734172 0.000000 -0.000000 0.000000 0.000000 0.195478
 21 0.000006 -4.440593 -0.000000 1.570544 -0.062990 -0.195737
 22 5.999999 -0.000003 0.000002 -0.681095 -0.000000 0.000000
 23 0.000001 -4.440603 -0.000001 1.569944 -0.062987 0.004053
 24 11.375561 -0.000001 0.000004 -0.999998 -0.067719 -0.363974
 25 -0.000000 -4.440603 -0.000002 1.570144 -0.062988 0.004040
 26 10.510130 0.000000 0.000000 -0.000000 -0.000000 -2.454575
 27 -0.000001 -1.748399 4.999997 0.000000 0.004007 1.602290
 28 5.499997 0.000000 0.000001 0.018913 -0.000000 0.000000
 29 -0.000001 -1.940598 4.999999 -0.044472 0.004003 -0.000180
 30 6.551490 -0.000001 0.000001 -0.410092 1.121113 -0.814046
 31 -0.000000 -1.940599 5.000003 -0.027189 -0.053376 0.005295
 32 6.551490 -0.000001 0.000001 -0.000037 0.471485 -0.199376
 33 -0.000000 -1.940598 4.999996 -0.066572 -0.152786 -0.110311
 34 0.428360 -0.728131 -1.511122 2.394037 1.256043 -1.239033
 35 6.384778 -0.000002 0.000003 -0.217737 -0.097839 -0.661190
 36 10.242682 -0.000000 -0.000001 -0.000000 0.000000 -1.712194
 37 11.375561 0.000001 0.000002 2.898373 0.376138 0.843832
 38 0.728681 0.023430 1.008290 -2.027434 -0.416219 0.534151
 39 2.136498 0.000000 0.000001 -0.000000 -0.000000 1.282817
 40 2.313138 -0.000000 -0.000001 0.000000 0.000000 3.141593
 41 3.115507 -0.886041 0.021431 0.518003 0.053583 0.680575
 42 2.011150 0.000000 0.000001 -0.000000 -0.000000 2.082010
 43 2.141378 -0.000000 -0.000001 0.000000 0.000000 3.141593
 44 1.734172 -0.000001 0.000001 0.000000 0.000000 1.041748
 45 0.136314 -3.738193 2.525890 1.493698 2.759406 -1.474501
 46 3.401195 -0.082821 2.201396 1.059647 2.922362 1.414544
 47 11.389366 -0.000818 0.158783 2.176122 0.326926 0.336462
 48 0.000001 -4.440600 -0.000001 1.570144 -3.078602 0.004040
 49 6.000000 0.000002 0.000000 2.176122 0.000000 0.000000
 50 0.000002 -4.440600 0.000002 1.569944 -3.078603 0.004053
 51 10.510134 -0.000001 0.000001 0.000000 0.000000 -2.426893
 52 0.000001 -1.748400 -5.000001 -3.141593 0.004007 -1.539299
 53 5.500000 -0.000000 0.000000 0.076963 0.000000 -0.000000
 54 -0.000001 0.000000 -5.000001 -0.044472 3.137589 -0.000177
 55 6.551491 0.000000 0.000002 -0.076963 -0.015097 -0.244468
 56 -1.266844 -1.937443 -4.950561 -0.066572 -2.988806 -0.110308
 57 6.551491 0.000000 0.000002 -0.076963 -0.015097 -0.244468
 58 0.699372 -1.944208 -5.006848 -0.027189 -3.088217 0.005298
 59 4.226148 -0.003202 0.000001 0.208703 0.155983 0.266672
 60 -0.000000 5.000001 -0.000001 -0.153564 0.000087 2.718702
 61 0.000004 -0.000005 -3.713580 0.365818 2.880119 -0.191589
 62 0.000003 -0.000000 5.000000 3.053196 1.558589 -0.074928
 63 -0.000007 0.000005 3.713580 -0.001619 -3.122277 -0.475127
 64 0.000001 -0.000000 -5.000000 -0.088725 1.558589 3.066336
 65 7.363602 1.646647 0.495663 3.141593 -1.570796 0.000000
 66 -0.000005 0.000006 3.619081 0.008255 -3.110080 -0.985231
 67 16.573919 0.000001 0.000000 0.000000 0.000000 -1.065827
 68 15.128181 0.000001 -0.000000 -0.102296 0.010178 0.114297
 69 5.758665 4.244731 -0.000000 0.000000 -0.000000 1.667687
 70 3.177726 0.000000 0.000000 0.000000 0.000000 3.141593
 71 15.708952 0.000001 0.000000 -0.051525 0.003996 0.061523
 72 0.275148 0.189215 -3.445208 3.130898 0.000409 -1.514604
 73 17.210192 0.000001 0.000000 0.000000 0.000000 -1.893339
 74 -0.000000 0.000000 -4.999999 -0.079430 1.546568 -1.570855
 75 0.000002 -0.000003 -3.619081 0.577895 2.675801 -0.242118
 76 16.573923 -0.000000 -0.000001 0.000000 -0.000000 -1.163030
 77 15.128182 -0.000000 0.000002 0.089479 0.309197 0.659208
 78 5.758665 4.244730 0.000000 -0.000000 0.000000 1.815142
 79 4.003934 -0.000000 0.000000 0.000000 0.000000 0.000000
 80 15.708954 0.000000 0.000002 0.042277 0.226871 0.443133
 81 0.273998 0.191089 3.439762 -3.130907 -0.000437 -1.508107
 82 17.210196 -0.000001 -0.000002 0.000000 -0.000000 -1.937080
 83 0.000001 -0.000001 5.000000 -0.079314 1.595025 -1.570739
time 35
  0 -0.650000 0.000000 33.899605 -0.025849 0.174554 -1.569172
  1 5.685105 0.833237 -32.227173 -0.174512 -0.026131 1.569196
  2 -2.276935 0.000003 -1.238188 -1.570795 -1.570451 0.000000
  3 1.798232 0.711985 0.000124 -0.039141 -0.153615 0.345573
  4 4.118811 -0.002161 -0.002458 0.847292 -0.007904 0.087612
  5 4.118873 -0.003271 0.000092 -0.027612 0.060890 0.079572
  6 4.118725 -0.003276 0.000085 -0.025870 0.033306 0.037091
  7 4.119903 -0.002961 -0.001437 0.433973 0.259490 0.531953
  8 4.443598 -0.000001 0.000001 -0.271978 -0.864082 0.364606
  9 9.024061 0.000003 -0.000001 0.000000 0.000000 0.000000
 10 -0.444596 0.707714 1.519469 0.212932 -1.221885 2.492111
 11 6.384776 0.000001 0.000001 1.543631 1.887694 1.273901
 12 10.242684 -0.000000 -0.000001 0.000000 0.000000 -1.776724
 13 11.375561 -0.000004 -0.000002 -0.426019 0.048942 -0.651810
 14 0.728681 0.023428 -1.008292 0.127067 0.532710 0.212611
 15 2.136497 -0.000003 0.000001 -0.000000 -0.000000 -0.074367
 16 2.313139 0.000001 0.000000 0.000000 0.000000 0.000000
 17 3.115505 -0.886042 -0.021432 -0.318440 -0.018844 0.308512
 18 2.011151 0.000003 0.000001 0.000000 0.000000 0.383590
 19 2.141380 -0.000002 -0.000000 0.000000 0.000000 0.000000
 20 1.734172 0.000002 0.000000 0.000000 -0.000000 0.192632
 21 0.000006 -4.440592 0.000001 1.570544 -0.062990 -0.195737
 22 6.000000 -0.000001 -0.000002 -0.672289 0.000000 -0.000000
 23 0.000001 -4.440602 -0.000000 1.569944 -0.062987 0.004053
 24 11.375561 -0.000002 0.000002 -0.995202 -0.076248 -0.346262
 25 -0.000002 -4.440604 0.000001 1.570144 -0.062988 0.004040
 26 10.510132 0.000001 0.000000 -0.000000 -0.000000 -2.459158
 27 -0.000001 -1.748399 5.000000 -0.000000 0.004007 1.602291
 28 5.500000 0.000001 0.000000 0.013059 0.000000 0.000000
 29 -0.000001 -1.940598 5.000001 -0.044472 0.004003 -0.000180
 30 6.551491 0.000001 -0.000001 -0.355883 1.107501 -0.750805
 31 0.000001 -1.940600 4.999999 -0.027189 -0.053376 0.005295
 32 6.551491 0.000001 -0.000001 0.003520 0.467779 -0.192792
 33 -0.000000 -1.940598 4.999999 -0.066572 -0.152786 -0.110311
 34 0.444599 -0.700639 -1.519471 2.409719 1.231147 -1.222887
 35 6.384776 0.000001 -0.000000 -0.240548 -0.117366 -0.669858
 36 10.242682 0.000000 -0.000001 -0.000000 0.000000 -1.721814
 37 11.375561 -0.000003 -0.000002 2.861614 0.364884 0.801832
 38 0.728681 0.023431 1.008293 -2.027434 -0.416219 0.534151
 39 2.136497 -0.000001 -0.000000 -0.000000 -0.000000 1.282817
 40 2.313138 -0.000000 -0.000000 0.000000 0.000000 3.141593
 41 3.115507 -0.886041 0.021432 0.518003 0.053583 0.680575
 42 2.011150 -0.000001 -0.000001 -0.000000 0.000000 2.082010
 43 2.141381 -0.000001 0.000001 0.000000 0.000000 3.141593
 44 1.734172 -0.000001 -0.000001 -0.000000 -0.000000 1.041748
 45 0.136315 -3.738192 2.525891 1.493698 2.759406 -1.474501
 46 3.401195 -0.082821 2.201399 1.059647 2.922362 1.414544
 47 11.389366 -0.000822 0.158779 2.163062 0.311814 0.323346
 48 0.000001 -4.440598 0.000000 1.570144 -3.078602 0.004040
 49 5.999999 -0.000002 -0.000003 2.163062 0.000000 -0.000000
 50 0.000002 -4.440602 -0.000000 1.569944 -3.078603 0.004053
 51 10.510131 0.000000 0.000001 0.000000 0.000000 -2.431704
 52 -0.000000 -1.748400 -5.000002 3.141593 0.004007 -1.539299
 53 5.500000 -0.000000 0.000001 0.085376 -0.000000 0.000000
 54 -0.000002 0.000000 -5.000000 -0.044472 3.137590 -0.000177
 55 6.551490 0.000001 -0.000000 -0.085376 -0.019204 -0.245517
 56 -1.266844 -1.937442 -4.950562 -0.066572 -2.988806 -0.110308
 57 6.551490 0.000001 -0.000000 -0.085376 -0.019204 -0.245517
 58 0.699371 -1.944208 -5.006848 -0.027189 -3.088217 0.005298
 59 4.226148 -0.003202 0.000001 0.199749 0.159386 0.263562
 60 -0.000001 5.000001 -0.000002 -0.153565 0.000087 2.718702
 61 0.000004 -0.000005 -3.713580 0.365818 2.880119 -0.191589
 62 0.000003 -0.000000 5.000000 3.053196 1.558589 -0.074928
 63 -0.000007 0.000005 3.713580 -0.001619 -3.122277 -0.475127
 64 0.000001 -0.000000 -5.000000 -0.088725 1.558589 3.066336
 65 7.363602 1.646647 0.495663 3.141593 -1.570796 0.000000
 66 -0.000005 0.000006 3.619081 0.008255 -3.110080 -0.985231
 67 16.573919 0.000001 0.000000 0.000000 0.000000 -1.065827
 68 15.128181 0.000001 -0.000000 -0.102296 0.010178 0.114297
 69 5.758665 4.244731 -0.000000 0.000000 -0.000000 1.667687
 70 3.177726 0.000000 0.000000 0.000000 0.000000 3.141593
 71 15.708952 0.000001 0.000000 -0.051525 0.003996 0.061523
 72 0.275148 0.189215 -3.445208 3.130898 0.000409 -1.514604
 73 17.210192 0.000001 0.000000 0.000000 0.000000 -1.893339
 74 -0.000000 0.000000 -4.999999 -0.079430 1.546568 -1.570855
 75 0.000002 -0.000003 -3.619081 0.577895 2.675801 -0.242118
 76 16.573923 -0.000000 -0.000001 0.000000 -0.000000 -1.163030
 77 15.128182 -0.000000 0.000002 0.089479 0.309197 0.659208
 78 5.758665 4.244730 0.000000 -0.000000 0.000000 1.815142
 79 4.003934 -0.000000 0.000000 0.000000 0.000000 0.000000
 80 15.708954 0.000000 0.000002 0.042277 0.226871 0.443133
 81 0.273998 0.191089 3.439762 -3.130907 -0.000437 -1.508107
 82 17.210196 -0.000001 -0.000002 0.000000 -0.000000 -1.937080
 83 0.000001 -0.000001 5.000000 -0.079314 1.595025 -1.570739
time 36
  0 -0.650000 0.000000 33.899605 -0.025849 0.174554 -1.569172
  1 5.685105 0.833237 -32.227173 -0.174512 -0.026131 1.569196
  2 -2.276935 0.000003 -1.238188 -1.570795 -1.570451 0.000000
  3 1.798234 0.711983 0.000088 -0.028082 -0.153913 0.343567
  4 4.118813 -0.002265 -0.002363 0.804560 -0.006903 0.085259
  5 4.118864 -0.003267 0.000050 -0.015563 0.059400 0.079364
  6 4.118704 -0.003278 0.000044 -0.013537 0.032833 0.030626
  7 4.119898 -0.002995 -0.001372 0.414534 0.270708 0.525084
  8 4.443598 0.000002 -0.000003 -0.257936 -0.876666 0.377893
  9 9.024061 0.000003 -0.000000 0.000000 0.000000 0.000000
 10 -0.463354 0.675997 1.528208 0.229699 -1.204004 2.475313
 11 6.384777 0.000001 -0.000002 -1.506773 1.269568 -1.762710
 12 10.242686 -0.000001 -0.000000 0.000000 0.000000 -1.783249
 13 11.375561 -0.000003 -0.000000 -0.412809 0.021102 -0.619201
 14 0.728681 0.023429 -1.008292 0.127262 0.532668 0.212995
 15 2.136497 -0.000002 0.000002 0.000000 -0.000000 -0.073958
 16 2.313138 0.000002 -0.000001 0.000000 0.000000 0.000000
 17 3.115508 -0.886043 -0.021430 -0.332347 -0.026403 0.304970
 18 2.011150 -0.000001 -0.000001 -0.000000 0.000000 0.376711
 19 2.141380 0.000001 -0.000000 0.000000 0.000000 0.000000
 20 1.734172 0.000003 0.000000 0.000000 -0.000000 0.189192
 21 0.000006 -4.440596 -0.000001 1.570544 -0.062990 -0.195737
 22 6.000000 -0.000001 -0.000001 -0.663718 0.000000 0.000000
 23 0.000001 -4.440601 -0.000001 1.569944 -0.062987 0.004053
 24 11.375562 -0.000003 0.000002 -0.990757 -0.087343 -0.327082
 25 -0.000002 -4.440606 -0.000002 1.570144 -0.062988 0.004040
 26 10.510135 -0.000001 -0.000001 0.000000 0.000000 -2.462421
 27 -0.000001 -1.748400 4.999998 -0.000000 0.004007 1.602291
 28 5.500003 -0.000001 -0.000001 0.009790 -0.000000 0.000000
 29 -0.000001 -1.940599 5.000001 -0.044472 0.004003 -0.000180
 30 6.551493 0.000001 -0.000002 -0.302519 1.081193 -0.685664
 31 -0.000001 -1.940596 5.000000 -0.027189 -0.053376 0.005295
 32 6.551493 0.000001 -0.000002 0.005018 0.460952 -0.187239
 33 -0.000000 -1.940599 4.999994 -0.066572 -0.152786 -0.110311
 34 0.463357 -0.668918 -1.528211 2.429419 1.206016 -1.202028
 35 6.384776 -0.000000 -0.000003 -0.255615 -0.142187 -0.679675
 36 10.242683 -0.000001 -0.000001 0.000000 0.000000 -1.725524
 37 11.375561 -0.000001 -0.000002 2.815058 0.349470 0.757008
 38 0.728681 0.023430 1.008293 -2.027434 -0.416219 0.534151
 39 2.136497 0.000001 -0.000001 0.000000 -0.000000 1.282817
 40 2.313139 -0.000001 0.000000 0.000000 0.000000 3.141593
 41 3.115507 -0.886041 0.021434 0.518003 0.053583 0.680575
 42 2.011150 0.000002 0.000000 -0.000000 0.000000 2.082010
 43 2.141379 -0.000000 -0.000001 0.000000 0.000000 3.141593
 44 1.734173 0.000001 -0.000001 -0.000000 -0.000000 1.041748
 45 0.136314 -3.738193 2.525890 1.493698 2.759406 -1.474501
 46 3.401195 -0.082821 2.201397 1.059647 2.922362 1.414544
 47 11.389366 -0.000819 0.158781 2.145796 0.293715 0.310420
 48 -0.000000 -4.440599 -0.000000 1.570144 -3.078602 0.004040
 49 6.000000 0.000001 -0.000001 2.145795 -0.000000 -0.000000
 50 0.000002 -4.440600 0.000001 1.569944 -3.078603 0.004053
 51 10.510129 -0.000000 -0.000001 -0.000000 0.000000 -2.433558
 52 -0.000000 -1.748401 -5.000001 -3.141593 0.004007 -1.539299
 53 5.499997 0.000000 -0.000001 0.091486 -0.000000 -0.000000
 54 -0.000000 0.000000 -5.000001 -0.044472 3.137590 -0.000177
 55 6.551491 -0.000001 -0.000002 -0.091486 -0.025686 -0.246633
 56 -1.266844 -1.937442 -4.950562 -0.066572 -2.988806 -0.110308
 57 6.551491 -0.000001 -0.000002 -0.091486 -0.025686 -0.246633
 58 0.699371 -1.944207 -5.006848 -0.027189 -3.088217 0.005298
 59 4.226146 -0.003200 -0.000000 0.189465 0.163407 0.260221
 60 0.000002 5.000000 0.000001 -0.153564 0.000087 2.718702
 61 0.000004 -0.000005 -3.713580 0.365818 2.880119 -0.191589
 62 0.000003 -0.000000 5.000000 3.053196 1.558589 -0.074928
 63 -0.000007 0.000005 3.713580 -0.001619 -3.122277 -0.475127
 64 0.000001 -0.000000 -5.000000 -0.088725 1.558589 3.066336
 65 7.363602 1.646647 0.495663 3.141593 -1.570796 0.000000
 66 -0.000005 0.000006 3.619081 0.008255 -3.110080 -0.985231
 67 16.573919 0.000001 0.000000 0.000000 0.000000 -1.065827
 68 15.128181 0.000001 -0.000000 -0.102296 0.010178 0.114297
 69 5.758665 4.244731 -0.000000 0.000000 -0.000000 1.667687
 70 3.177726 0.000000 0.000000 0.000000 0.000000 3.141593
 71 15.708952 0.000001 0.000000 -0.051525 0.003996 0.061523
 72 0.275148 0.189215 -3.445208 3.130898 0.000409 -1.514604
 73 17.210192 0.000001 0.000000 0.000000 0.000000 -1.893339
 74 -0.000000 0.000000 -4.999999 -0.079430 1.546568 -1.570855
 75 0.000002 -0.000003 -3.619081 0.577895 2.675801 -0.242118
 76 16.573923 -0.000000 -0.000001 0.000000 -0.000000 -1.163030
 77 15.128182 -0.000000 0.000002 0.089479 0.309197 0.659208
 78 5.758665 4.244730 0.000000 -0.000000 0.000000 1.815142
 79 4.003934 -0.000000 0.000000 0.000000 0.000000 0.000000
 80 15.708954 0.000000 0.000002 0.042277 0.226871 0.443133
 81 0.273998 0.191089 3.439762 -3.130907 -0.000437 -1.508107
 82 17.210196 -0.000001 -0.000002 0.000000 -0.000000 -1.937080
 83 0.000001 -0.000001 5.000000 -0.079314 1.595025 -1.570739
time 37
  0 -0.650000 0.000000 33.899605 -0.025849 0.174554 -1.569172
  1 5.685105 0.833237 -32.227173 -0.174512 -0.026131 1.569196
  2 -2.276935 0.000003 -1.238188 -1.570795 -1.570451 0.000000
  3 1.798229 0.711982 0.000048 -0.015514 -0.151131 0.341026
  4 4.118818 -0.002365 -0.002264 0.761737 -0.007094 0.082905
  5 4.118863 -0.003269 0.000007 -0.002485 0.055668 0.079140
  6 4.118690 -0.003279 0.000001 -0.000252 0.030831 0.026984
  7 4.119891 -0.003028 -0.001300 0.392843 0.283226 0.517659
  8 4.443600 -0.000002 0.000003 -0.242190 -0.888575 0.386686
  9 9.024058 0.000003 -0.000002 0.000000 0.000000 0.000000
 10 -0.484217 0.640421 1.536956 0.248506 -1.184547 2.455984
 11 6.384777 -0.000000 0.000003 -1.380003 1.277424 -1.620249
 12 10.242682 0.000001 -0.000000 -0.000000 0.000000 -1.787900
 13 11.375563 0.000001 -0.000000 -0.400863 -0.011300 -0.586006
 14 0.728681 0.023429 -1.008291 0.127350 0.532649 0.213169
 15 2.136498 -0.000001 0.000001 -0.000000 -0.000000 -0.073772
 16 2.313139 -0.000000 -0.000001 0.000000 0.000000 0.000000
 17 3.115508 -0.886043 -0.021430 -0.347788 -0.034978 0.300952
 18 2.011151 -0.000000 -0.000000 0.000000 0.000000 0.368781
 19 2.141380 0.000003 0.000001 0.000000 0.000000 0.000000
 20 1.734173 0.000000 0.000000 0.000000 0.000000 0.185224
 21 0.000005 -4.440594 -0.000002 1.570544 -0.062990 -0.195737
 22 6.000000 0.000001 -0.000001 -0.656120 0.000000 0.000000
 23 0.000001 -4.440598 0.000000 1.569944 -0.062987 0.004053
 24 11.375562 0.000002 0.000002 -0.987085 -0.100619 -0.306429
 25 -0.000001 -4.440606 -0.000001 1.570144 -0.062988 0.004040
 26 10.510132 0.000001 -0.000001 -0.000000 -0.000000 -2.464746
 27 -0.000000 -1.748403 4.999999 -0.000000 0.004007 1.602291
 28 5.500000 0.000000 0.000000 0.008977 -0.000000 -0.000000
 29 -0.000000 -1.940599 5.000001 -0.044472 0.004003 -0.000180
 30 6.551491 -0.000002 0.000000 -0.253698 1.042369 -0.621570
 31 -0.000001 -1.940597 5.000005 -0.027189 -0.053376 0.005295
 32 6.551491 -0.000002 0.000000 0.004520 0.450571 -0.182136
 33 -0.000000 -1.940601 4.999995 -0.066572 -0.152786 -0.110311
 34 0.484221 -0.633346 -1.536954 2.451593 1.180564 -1.178096
 35 6.384776 -0.000002 0.000001 -0.263732 -0.171616 -0.690554
 36 10.242683 -0.000000 -0.000003 0.000000 -0.000000 -1.723995
 37 11.375563 0.000001 0.000002 2.760369 0.329435 0.710455
 38 0.728680 0.023431 1.008294 -2.027434 -0.416219 0.534151
 39 2.136496 -0.000002 0.000001 -0.000000 -0.000000 1.282817
 40 2.313140 0.000000 -0.000000 0.000000 0.000000 3.141593
 41 3.115508 -0.886042 0.021432 0.518003 0.053583 0.680575
 42 2.011151 0.000001 0.000001 0.000000 0.000000 2.082010
 43 2.141380 -0.000000 0.000001 0.000000 0.000000 3.141593
 44 1.734172 -0.000001 0.000001 -0.000000 -0.000000 1.041748
 45 0.136315 -3.738192 2.525888 1.493698 2.759406 -1.474501
 46 3.401195 -0.082822 2.201397 1.059647 2.922362 1.414544
 47 11.389367 -0.000818 0.158783 2.124936 0.272938 0.297891
 48 -0.000000 -4.440599 0.000001 1.570144 -3.078602 0.004040
 49 6.000000 0.000002 0.000000 2.124936 0.000000 -0.000000
 50 0.000002 -4.440602 -0.000003 1.569944 -3.078603 0.004053
 51 10.510132 -0.000001 0.000000 0.000000 0.000000 -2.432794
 52 -0.000001 -1.748399 -5.000000 3.141593 0.004007 -1.539299
 53 5.500000 -0.000001 -0.000000 0.095556 -0.000000 0.000000
 54 -0.000001 -0.000000 -5.000000 -0.044472 3.137590 -0.000177
 55 6.551490 -0.000001 0.000001 -0.095556 -0.034283 -0.247750
 56 -1.266843 -1.937443 -4.950559 -0.066572 -2.988806 -0.110308
 57 6.551491 -0.000001 0.000001 -0.095556 -0.034283 -0.247750
 58 0.699371 -1.944208 -5.006845 -0.027189 -3.088217 0.005298
 59 4.226145 -0.003201 -0.000000 0.177995 0.167960 0.256647
 60 -0.000001 5.000001 -0.000000 -0.153564 0.000087 2.718702
 61 0.000004 -0.000005 -3.713580 0.365818 2.880119 -0.191589
 62 0.000003 -0.000000 5.000000 3.053196 1.558589 -0.074928
 63 -0.000007 0.000005 3.713580 -0.001619 -3.122277 -0.475127
 64 0.000001 -0.000000 -5.000000 -0.088725 1.558589 3.066336
 65 7.363602 1.646647 0.495663 3.141593 -1.570796 0.000000
 66 -0.000005 0.000006 3.619081 0.008255 -3.110080 -0.985231
 67 16.573919 0.000001 0.000000 0.000000 0.000000 -1.065827
 68 15.128181 0.000001 -0.000000 -0.102296 0.010178 0.114297
 69 5.758665 4.244731 -0.000000 0.000000 -0.000000 1.667687
 70 3.177726 0.000000 0.000000 0.000000 0.000000 3.141593
 71 15.708952 0.000001 0.000000 -0.051525 0.003996 0.061523
 72 0.275148 0.189215 -3.445208 3.130898 0.000409 -1.514604
 73 17.210192 0.000001 0.000000 0.000000 0.000000 -1.893339
 74 -0.000000 0.000000 -4.999999 -0.079430 1.546568 -1.570855
 75 0.000002 -0.000003 -3.619081 0.577895 2.675801 -0.242118
 76 16.573923 -0.000000 -0.000001 0.000000 -0.000000 -1.163030
 77 15.128182 -0.000000 0.000002 0.089479 0.309197 0.659208
 78 5.758665 4.244730 0.000000 -0.000000 0.000000 1.815142
 79 4.003934 -0.000000 0.000000 0.000000 0.000000 0.000000
 80 15.708954 0.000000 0.000002 0.042277 0.226871 0.443133
 81 0.273998 0.191089 3.439762 -3.130907 -0.000437 -1.508107
 82 17.210196 -0.000001 -0.000002 0.000000 -0.000000 -1.937080
 83 0.000001 -0.000001 5.000000 -0.079314 1.595025 -1.570739
time 38
  0 -0.650000 0.000000 33.899605 -0.025849 0.174554 -1.569172
  1 5.685105 0.833237 -32.227173 -0.174512 -0.026131 1.569196
  2 -2.276935 0.000003 -1.238188 -1.570795 -1.570451 0.000000
  3 1.798228 0.711981 0.000003 -0.001653 -0.145639 0.338082
  4 4.118821 -0.002459 -0.002160 0.718837 -0.008342 0.080616
  5 4.118858 -0.003268 -0.000038 0.011489 0.049978 0.078854
  6 4.118686 -0.003278 -0.000045 0.013864 0.027455 0.025778
  7 4.119887 -0.003064 -0.001221 0.369135 0.296812 0.509629
  8 4.443598 -0.000000 -0.000002 -0.224886 -0.900001 0.391410
  9 9.024062 0.000001 0.000001 0.000000 0.000000 0.000000
 10 -0.506776 0.601378 1.545342 0.268490 -1.163640 2.435108
 11 6.384777 -0.000000 -0.000000 -1.227209 1.275201 -1.449807
 12 10.242683 -0.000000 -0.000001 -0.000000 0.000000 -1.791332
 13 11.375562 -0.000001 0.000000 -0.390990 -0.047475 -0.552167
 14 0.728680 0.023431 -1.008291 0.127346 0.532650 0.213160
 15 2.136496 -0.000002 -0.000000 0.000000 0.000000 -0.073782
 16 2.313139 0.000001 -0.000000 0.000000 0.000000 0.000000
 17 3.115507 -0.886041 -0.021430 -0.364552 -0.044465 0.296573
 18 2.011150 -0.000002 0.000000 0.000000 0.000000 0.359935
 19 2.141380 -0.000001 -0.000001 0.000000 0.000000 0.000000
 20 1.734173 -0.000000 0.000001 0.000000 -0.000000 0.180798
 21 0.000007 -4.440596 0.000001 1.570544 -0.062990 -0.195737
 22 6.000000 0.000000 0.000001 -0.650147 -0.000000 -0.000000
 23 0.000001 -4.440602 -0.000001 1.569944 -0.062987 0.004053
 24 11.375562 0.000000 0.000003 -0.984554 -0.115637 -0.284300
 25 -0.000002 -4.440606 -0.000001 1.570144 -0.062988 0.004040
 26 10.510130 0.000001 -0.000000 0.000000 0.000000 -2.466462
 27 -0.000001 -1.748402 4.999999 -0.000000 0.004007 1.602290
 28 5.500001 0.000000 -0.000001 0.010681 0.000000 0.000000
 29 -0.000001 -1.940598 5.000000 -0.044472 0.004003 -0.000180
 30 6.551491 -0.000001 -0.000002 -0.212831 0.991958 -0.560913
 31 0.000001 -1.940600 5.000000 -0.027189 -0.053376 0.005295
 32 6.551491 -0.000001 -0.000002 0.001937 0.436275 -0.176835
 33 0.000000 -1.940600 4.999996 -0.066572 -0.152786 -0.110311
 34 0.506778 -0.594301 -1.545345 2.475061 1.154715 -1.152363
 35 6.384776 0.000000 0.000000 -0.265761 -0.205011 -0.702620
 36 10.242682 0.000000 -0.000000 -0.000000 0.000000 -1.717896
 37 11.375562 0.000000 -0.000001 2.699221 0.304463 0.663285
 38 0.728680 0.023431 1.008294 -2.027434 -0.416219 0.534151
 39 2.136496 0.000002 0.000000 -0.000000 -0.000000 1.282817
 40 2.313139 -0.000001 -0.000000 0.000000 0.000000 3.141593
 41 3.115507 -0.886041 0.021432 0.518003 0.053583 0.680575
 42 2.011150 0.000001 -0.000000 0.000000 -0.000000 2.082010
 43 2.141379 0.000000 0.000000 0.000000 0.000000 3.141593
 44 1.734173 -0.000002 -0.000001 -0.000000 0.000000 1.041748
 45 0.136315 -3.738193 2.525890 1.493698 2.759406 -1.474501
 46 3.401195 -0.082822 2.201397 1.059647 2.922362 1.414544
 47 11.389367 -0.000819 0.158781 2.101061 0.249764 0.285878
 48 0.000001 -4.440599 -0.000001 1.570144 -3.078602 0.004040
 49 5.999999 -0.000001 -0.000002 2.101061 0.000000 0.000000
 50 0.000001 -4.440601 0.000002 1.569944 -3.078603 0.004053
 51 10.510134 -0.000001 0.000003 -0.000000 0.000000 -2.429744
 52 0.000001 -1.748400 -5.000001 3.141593 0.004007 -1.539299
 53 5.500000 0.000001 0.000000 0.097882 -0.000000 0.000000
 54 -0.000001 -0.000001 -5.000001 -0.044472 3.137589 -0.000177
 55 6.551491 -0.000002 0.000003 -0.097882 -0.044738 -0.248826
 56 -1.266843 -1.937444 -4.950557 -0.066572 -2.988806 -0.110308
 57 6.551492 -0.000002 0.000003 -0.097882 -0.044738 -0.248826
 58 0.699371 -1.944208 -5.006846 -0.027189 -3.088217 0.005298
 59 4.226145 -0.003201 -0.000000 0.165483 0.172961 0.252838
 60 0.000002 5.000000 0.000001 -0.153564 0.000087 2.718702
 61 0.000004 -0.000005 -3.713580 0.365818 2.880119 -0.191589
 62 0.000003 -0.000000 5.000000 3.053196 1.558589 -0.074928
 63 -0.000007 0.000005 3.713580 -0.001619 -3.122277 -0.475127
 64 0.000001 -0.000000 -5.000000 -0.088725 1.558589 3.066336
 65 7.363602 1.646647 0.495663 3.141593 -1.570796 0.000000
 66 -0.000005 0.000006 3.619081 0.008255 -3.110080 -0.985231
 67 16.573919 0.000001 0.000000 0.000000 0.000000 -1.065827
 68 15.128181 0.000001 -0.000000 -0.102296 0.010178 0.114297
 69 5.758665 4.244731 -0.000000 0.000000 -0.000000 1.667687
 70 3.177726 0.000000 0.000000 0.000000 0.000000 3.141593
 71 15.708952 0.000001 0.000000 -0.051525 0.003996 0.061523
 72 0.275148 0.189215 -3.445208 3.130898 0.000409 -1.514604
 73 17.210192 0.000001 0.000000 0.000000 0.000000 -1.893339
 74 -0.000000 0.000000 -4.999999 -0.079430 1.546568 -1.570855
 75 0.000002 -0.000003 -3.619081 0.577895 2.675801 -0.242118
 76 16.573923 -0.000000 -0.000001 0.000000 -0.000000 -1.163030
 77 15.128182 -0.000000 0.000002 0.089479 0.309197 0.659208
 78 5.758665 4.244730 0.000000 -0.000000 0.000000 1.815142
 79 4.003934 -0.000000 0.000000 0.000000 0.000000 0.000000
 80 15.708954 0.000000 0.000002 0.042277 0.226871 0.443133
 81 0.273998 0.191089 3.439762 -3.130907 -0.000437 -1.508107
 82 17.210196 -0.000001 -0.000002 0.000000 -0.000000 -1.937080
 83 0.000001 -0.000001 5.000000 -0.079314 1.595025 -1.570739
time 39
  0 -0.650000 0.000000 33.899605 -0.025849 0.174554 -1.569172
  1 5.685105 0.833237 -32.227173 -0.174512 -0.026131 1.569196
  2 -2.276935 0.000003 -1.238188 -1.570795 -1.570451 0.000000
  3 1.798226 0.711980 -0.000046 0.013290 -0.137810 0.334863
  4 4.118823 -0.002549 -0.002051 0.675875 -0.010508 0.078447
  5 4.118858 -0.003271 -0.000086 0.026229 0.042613 0.078462
  6 4.118687 -0.003277 -0.000094 0.028681 0.022863 0.026620
  7 4.119884 -0.003099 -0.001134 0.343650 0.311236 0.500952
  8 4.443598 -0.000001 0.000001 -0.206144 -0.911081 0.392498
  9 9.024062 -0.000000 0.000001 0.000000 0.000000 0.000000
 10 -0.530622 0.559285 1.553032 0.288955 -1.141427 2.413493
 11 6.384776 -0.000001 0.000001 -1.064456 1.261175 -1.267378
 12 10.242684 -0.000001 -0.000001 0.000000 -0.000000 -1.794056
 13 11.375562 0.000002 -0.000000 -0.383865 -0.086558 -0.517558
 14 0.728680 0.023429 -1.008293 0.127262 0.532668 0.212996
 15 2.136497 -0.000001 -0.000000 0.000000 -0.000000 -0.073957
 16 2.313138 -0.000001 -0.000000 0.000000 0.000000 0.000000
 17 3.115507 -0.886044 -0.021432 -0.382429 -0.054754 0.291946
 18 2.011151 0.000000 -0.000000 -0.000000 0.000000 0.350310
 19 2.141380 0.000001 -0.000000 0.000000 0.000000 0.000000
 20 1.734173 0.000001 0.000000 0.000000 -0.000000 0.175981
 21 0.000005 -4.440595 -0.000001 1.570544 -0.062990 -0.195737
 22 6.000000 0.000002 0.000000 -0.646387 -0.000000 -0.000000
 23 0.000001 -4.440600 -0.000000 1.569944 -0.062987 0.004053
 24 11.375562 0.000003 0.000003 -0.983477 -0.131898 -0.260722
 25 -0.000001 -4.440603 -0.000001 1.570144 -0.062988 0.004040
 26 10.510135 -0.000001 -0.000002 0.000000 0.000000 -2.467824
 27 0.000000 -1.748404 4.999999 -0.000000 0.004007 1.602290
 28 5.500000 0.000000 -0.000000 0.015235 -0.000000 0.000000
 29 -0.000001 -1.940598 5.000000 -0.044472 0.004003 -0.000180
 30 6.551491 -0.000001 0.000002 -0.182911 0.932167 -0.505641
 31 -0.000000 -1.940599 5.000001 -0.027189 -0.053376 0.005295
 32 6.551491 -0.000001 0.000002 -0.003014 0.418075 -0.170803
 33 -0.000000 -1.940599 4.999998 -0.066572 -0.152786 -0.110311
 34 0.530623 -0.552208 -1.553031 2.498904 1.128415 -1.125835
 35 6.384777 -0.000001 -0.000001 -0.262498 -0.241703 -0.716077
 36 10.242681 0.000000 -0.000002 0.000000 0.000000 -1.707898
 37 11.375563 0.000003 0.000002 2.633242 0.274422 0.616572
 38 0.728680 0.023431 1.008292 -2.027434 -0.416219 0.534151
 39 2.136497 0.000001 0.000001 -0.000000 -0.000000 1.282817
 40 2.313138 -0.000000 0.000001 0.000000 0.000000 3.141593
 41 3.115508 -0.886042 0.021430 0.518003 0.053583 0.680575
 42 2.011152 -0.000001 0.000000 0.000000 0.000000 2.082010
 43 2.141380 -0.000000 0.000000 0.000000 0.000000 3.141593
 44 1.734172 -0.000001 0.000001 0.000000 0.000000 1.041748
 45 0.136315 -3.738193 2.525889 1.493698 2.759406 -1.474501
 46 3.401195 -0.082821 2.201396 1.059647 2.922362 1.414544
 47 11.389368 -0.000817 0.158782 2.074715 0.224446 0.274436
 48 -0.000000 -4.440598 0.000002 1.570144 -3.078602 0.004040
 49 6.000001 0.000001 0.000001 2.074715 0.000000 0.000000
 50 0.000002 -4.440601 -0.000003 1.569944 -3.078603 0.004053
 51 10.510131 -0.000000 0.000000 0.000000 -0.000000 -2.424745
 52 -0.000001 -1.748398 -5.000000 -3.141593 0.004007 -1.539299
 53 5.499999 -0.000000 -0.000001 0.098755 0.000000 0.000000
 54 0.000001 0.000000 -4.999998 -0.044472 3.137589 -0.000177
 55 6.551490 0.000000 -0.000003 -0.098755 -0.056773 -0.249837
 56 -1.266843 -1.937444 -4.950559 -0.066572 -2.988806 -0.110308
 57 6.551491 0.000001 -0.000003 -0.098755 -0.056773 -0.249837
 58 0.699370 -1.944207 -5.006847 -0.027189 -3.088217 0.005298
 59 4.226147 -0.003202 -0.000000 0.152076 0.178323 0.248793
 60 0.000000 5.000002 -0.000001 -0.153564 0.000087 2.718702
 61 0.000004 -0.000005 -3.713580 0.365818 2.880119 -0.191589
 62 0.000003 -0.000000 5.000000 3.053196 1.558589 -0.074928
 63 -0.000007 0.000005 3.713580 -0.001619 -3.122277 -0.475127
 64 0.000001 -0.000000 -5.000000 -0.088725 1.558589 3.066336
 65 7.363602 1.646647 0.495663 3.141593 -1.570796 0.000000
 66 -0.000005 0.000006 3.619081 0.008255 -3.110080 -0.985231
 67 16.573919 0.000001 0.000000 0.000000 0.000000 -1.065827
 68 15.128181 0.000001 -0.000000 -0.102296 0.010178 0.114297
 69 5.758665 4.244731 -0.000000 0.000000 -0.000000 1.667687
 70 3.177726 0.000000 0.000000 0.000000 0.000000 3.141593
 71 15.708952 0.000001 0.000000 -0.051525 0.003996 0.061523
 72 0.275148 0.189215 -3.445208 3.130898 0.000409 -1.514604
 73 17.210192 0.000001 0.000000 0.000000 0.000000 -1.893339
 74 -0.000000 0.000000 -4.999999 -0.079430 1.546568 -1.570855
 75 0.000002 -0.000003 -3.619081 0.577895 2.675801 -0.242118
 76 16.573923 -0.000000 -0.000001 0.000000 -0.000000 -1.163030
 77 15.128182 -0.000000 0.000002 0.089479 0.309197 0.659208
 78 5.758665 4.244730 0.000000 -0.000000 0.000000 1.815142
 79 4.003934 -0.000000 0.000000 0.000000 0.000000 0.000000
 80 15.708954 0.000000 0.000002 0.042277 0.226871 0.443133
 81 0.273998 0.191089 3.439762 -3.130907 -0.000437 -1.508107
 82 17.210196 -0.000001 -0.000002 0.000000 -0.000000 -1.937080
 83 0.000001 -0.000001 5.000000 -0.079314 1.595025 -1.570739
time 40
  0 -0.650000 0.000000 33.899605 -0.025849 0.174554 -1.569172
  1 5.685105 0.833237 -32.227173 -0.174512 -0.026131 1.569196
  2 -2.276935 0.000003 -1.238188 -1.570795 -1.570451 0.000000
  3 1.798217 0.711980 -0.000097 0.029103 -0.128021 0.331493
  4 4.118831 -0.002637 -0.001940 0.632865 -0.013448 0.076443
  5 4.118853 -0.003267 -0.000136 0.041604 0.033860 0.077925
  6 4.118693 -0.003275 -0.000144 0.044065 0.017218 0.029128
  7 4.119878 -0.003131 -0.001043 0.316632 0.326266 0.491602
  8 4.443599 -0.000001 0.000000 -0.186070 -0.921915 0.390392
  9 9.024063 0.000000 0.000001 0.000000 0.000000 0.000000
 10 -0.555352 0.514585 1.559723 0.309359 -1.118069 2.391787
 11 6.384776 -0.000001 -0.000001 -0.908871 1.234986 -1.090010
 12 10.242684 -0.000001 -0.000001 -0.000000 0.000000 -1.796452
 13 11.375562 0.000001 0.000000 -0.380030 -0.127640 -0.482022
 14 0.728680 0.023432 -1.008292 0.127113 0.532700 0.212703
 15 2.136496 0.000000 -0.000000 0.000000 0.000000 -0.074269
 16 2.313139 0.000001 -0.000000 0.000000 0.000000 0.000000
 17 3.115506 -0.886039 -0.021430 -0.401213 -0.065732 0.287175
 18 2.011151 -0.000000 -0.000001 0.000000 0.000000 0.340042
 19 2.141380 -0.000001 -0.000000 0.000000 0.000000 0.000000
 20 1.734172 -0.000001 -0.000001 0.000000 -0.000000 0.170841
 21 0.000006 -4.440596 -0.000001 1.570544 -0.062990 -0.195737
 22 6.000000 0.000003 0.000000 -0.645343 0.000000 -0.000000
 23 0.000001 -4.440599 0.000000 1.569944 -0.062987 0.004053
 24 11.375562 0.000002 0.000003 -0.984109 -0.148866 -0.235772
 25 -0.000001 -4.440606 -0.000001 1.570144 -0.062988 0.004040
 26 10.510132 -0.000000 -0.000001 0.000000 -0.000000 -2.469023
 27 0.000000 -1.748401 4.999998 -0.000000 0.004007 1.602291
 28 5.500001 -0.000000 -0.000001 0.023025 -0.000000 0.000000
 29 -0.000003 -1.940597 5.000001 -0.044472 0.004003 -0.000180
 30 6.551491 -0.000000 -0.000000 -0.165712 0.866837 -0.456846
 31 -0.000001 -1.940599 5.000002 -0.027189 -0.053376 0.005295
 32 6.551491 -0.000000 -0.000000 -0.010639 0.396699 -0.163707
 33 0.000000 -1.940600 4.999998 -0.066572 -0.152786 -0.110311
 34 0.555356 -0.507509 -1.559723 2.522404 1.101640 -1.099311
 35 6.384777 0.000000 0.000002 -0.254679 -0.280986 -0.731167
 36 10.242682 0.000000 -0.000001 0.000000 0.000000 -1.694670
 37 11.375563 0.000002 -0.000000 2.563956 0.239384 0.571298
 38 0.728680 0.023430 1.008293 -2.027434 -0.416219 0.534151
 39 2.136497 -0.000001 -0.000001 -0.000000 -0.000000 1.282817
 40 2.313139 0.000001 -0.000001 0.000000 0.000000 3.141593
 41 3.115507 -0.886041 0.021430 0.518003 0.053583 0.680575
 42 2.011151 -0.000000 -0.000001 0.000000 -0.000000 2.082010
 43 2.141380 0.000000 0.000000 0.000000 0.000000 3.141593
 44 1.734172 -0.000001 0.000001 0.000000 0.000000 1.041748
 45 0.136314 -3.738193 2.525891 1.493698 2.759406 -1.474501
 46 3.401194 -0.082821 2.201397 1.059647 2.922362 1.414543
 47 11.389367 -0.000818 0.158781 2.046395 0.197191 0.263536
 48 0.000001 -4.440600 0.000000 1.570144 -3.078602 0.004040
 49 6.000000 0.000002 -0.000001 2.046395 0.000000 -0.000000
 50 0.000002 -4.440600 -0.000003 1.569944 -3.078603 0.004053
 51 10.510132 -0.000000 0.000002 0.000000 -0.000000 -2.418132
 52 -0.000000 -1.748399 -5.000000 3.141593 0.004007 -1.539299
 53 5.500000 -0.000000 0.000001 0.098464 -0.000000 -0.000000
 54 0.000001 0.000000 -5.000000 -0.044472 3.137590 -0.000177
 55 6.551491 0.000000 0.000002 -0.098464 -0.070078 -0.250781
 56 -1.266842 -1.937445 -4.950561 -0.066572 -2.988806 -0.110308
 57 6.551492 -0.000000 0.000001 -0.098464 -0.070078 -0.250781
 58 0.699371 -1.944209 -5.006847 -0.027189 -3.088217 0.005298
 59 4.226147 -0.003202 0.000001 0.137922 0.183962 0.244516
 60 0.000002 5.000000 0.000001 -0.153564 0.000087 2.718702
 61 0.000004 -0.000005 -3.713580 0.365818 2.880119 -0.191589
 62 0.000003 -0.000000 5.000000 3.053196 1.558589 -0.074928
 63 -0.000007 0.000005 3.713580 -0.001619 -3.122277 -0.475127
 64 0.000001 -0.000000 -5.000000 -0.088725 1.558589 3.066336
 65 7.363602 1.646647 0.495663 3.141593 -1.570796 0.000000
 66 -0.000005 0.000006 3.619081 0.008255 -3.110080 -0.985231
 67 16.573919 0.000001 0.000000 0.000000 0.000000 -1.065827
 68 15.128181 0.000001 -0.000000 -0.102296 0.010178 0.114297
 69 5.758665 4.244731 -0.000000 0.000000 -0.000000 1.667687
 70 3.177726 0.000000 0.000000 0.000000 0.000000 3.141593
 71 15.708952 0.000001 0.000000 -0.051525 0.003996 0.061523
 72 0.275148 0.189215 -3.445208 3.130898 0.000409 -1.514604
 73 17.210192 0.000001 0.000000 0.000000 0.000000 -1.893339
 74 -0.000000 0.000000 -4.999999 -0.079430 1.546568 -1.570855
 75 0.000002 -0.000003 -3.619081 0.577895 2.675801 -0.242118
 76 16.573923 -0.000000 -0.000001 0.000000 -0.000000 -1.163030
 77 15.128182 -0.000000 0.000002 0.089479 0.309197 0.659208
 78 5.758665 4.244730 0.000000 -0.000000 0.000000 1.815142
 79 4.003934 -0.000000 0.000000 0.000000 0.000000 0.000000
 80 15.708954 0.000000 0.000002 0.042277 0.226871 0.443133
 81 0.273998 0.191089 3.439762 -3.130907 -0.000437 -1.508107
 82 17.210196 -0.000001 -0.000002 0.000000 -0.000000 -1.937080
 83 0.000001 -0.000001 5.000000 -0.079314 1.595025 -1.570739
time 41
  0 -0.650000 0.000000 33.899605 -0.025849 0.174554 -1.569172
  1 5.685105 0.833237 -32.227173 -0.174512 -0.026131 1.569196
  2 -2.276935 0.000003 -1.238188 -1.570795 -1.570451 0.000000
  3 1.798212 0.711979 -0.000151 0.045583 -0.116652 0.328083
  4 4.118838 -0.002716 -0.001824 0.589817 -0.017018 0.074633
  5 4.118851 -0.003265 -0.000189 0.057487 0.024005 0.077213
  6 4.118706 -0.003271 -0.000196 0.059882 0.010696 0.032921
  7 4.119875 -0.003164 -0.000947 0.288330 0.341676 0.481567
  8 4.443599 -0.000001 0.000000 -0.164783 -0.932579 0.385542
  9 9.024061 0.000000 0.000001 0.000000 0.000000 0.000000
 10 -0.580578 0.467753 1.565169 0.329299 -1.093744 2.370494
 11 6.384776 -0.000001 -0.000001 -0.772186 1.197725 -0.929355
 12 10.242682 -0.000001 0.000000 -0.000000 0.000000 -1.798785
 13 11.375562 0.000000 0.000000 -0.379897 -0.169796 -0.445405
 14 0.728680 0.023431 -1.008292 0.126913 0.532743 0.212309
 15 2.136496 0.000002 -0.000001 -0.000000 -0.000000 -0.074689
 16 2.313140 -0.000001 0.000001 0.000000 0.000000 0.000000
 17 3.115506 -0.886043 -0.021431 -0.420702 -0.077281 0.282361
 18 2.011150 -0.000000 0.000001 -0.000000 -0.000000 0.329267
 19 2.141380 0.000002 -0.000000 0.000000 0.000000 0.000000
 20 1.734173 0.000001 0.000001 -0.000000 0.000000 0.165445
 21 0.000005 -4.440594 -0.000001 1.570544 -0.062990 -0.195737
 22 6.000000 0.000003 -0.000001 -0.647417 0.000000 0.000000
 23 0.000001 -4.440599 0.000000 1.569944 -0.062987 0.004053
 24 11.375562 0.000001 0.000002 -0.986628 -0.165990 -0.209599
 25 -0.000001 -4.440602 -0.000000 1.570144 -0.062988 0.004040
 26 10.510130 -0.000000 0.000001 -0.000000 0.000000 -2.470189
 27 -0.000000 -1.748401 4.999999 -0.000000 0.004007 1.602290
 28 5.500000 -0.000001 0.000000 0.034023 0.000000 0.000000
 29 -0.000003 -1.940598 5.000002 -0.044472 0.004003 -0.000180
 30 6.551491 0.000001 0.000001 -0.160893 0.800976 -0.414368
 31 0.000000 -1.940599 5.000000 -0.027189 -0.053376 0.005295
 32 6.551491 0.000001 0.000001 -0.020895 0.373655 -0.155416
 33 0.000000 -1.940600 4.999999 -0.066572 -0.152786 -0.110311
 34 0.580581 -0.460679 -1.565168 2.544996 1.074388 -1.073425
 35 6.384776 -0.000001 -0.000000 -0.242993 -0.322123 -0.748123
 36 10.242685 0.000000 -0.000001 -0.000000 -0.000000 -1.678884
 37 11.375561 -0.000001 -0.000000 2.492743 0.199626 0.528305
 38 0.728681 0.023430 1.008291 -2.027434 -0.416219 0.534151
 39 2.136497 -0.000002 0.000002 -0.000000 -0.000000 1.282817
 40 2.313138 0.000000 -0.000000 0.000000 0.000000 3.141593
 41 3.115507 -0.886041 0.021430 0.518003 0.053583 0.680575
 42 2.011149 0.000000 0.000000 -0.000000 0.000000 2.082010
 43 2.141380 -0.000001 -0.000000 0.000000 0.000000 3.141593
 44 1.734172 -0.000001 -0.000000 -0.000000 0.000000 1.041748
 45 0.136315 -3.738193 2.525890 1.493698 2.759406 -1.474501
 46 3.401194 -0.082822 2.201395 1.059647 2.922362 1.414544
 47 11.389365 -0.000818 0.158782 2.016562 0.168168 0.253103
 48 0.000000 -4.440598 0.000001 1.570144 -3.078602 0.004040
 49 5.999998 -0.000000 -0.000001 2.016562 -0.000000 -0.000000
 50 0.000002 -4.440601 -0.000000 1.569944 -3.078603 0.004053
 51 10.510134 0.000000 0.000000 0.000000 0.000000 -2.410239
 52 0.000000 -1.748400 -5.000002 3.141593 0.004007 -1.539299
 53 5.500001 0.000000 0.000001 0.097295 0.000000 -0.000000
 54 0.000002 -0.000001 -5.000000 -0.044472 3.137589 -0.000177
 55 6.551490 0.000000 -0.000002 -0.097295 -0.084312 -0.251683
 56 -1.266843 -1.937443 -4.950559 -0.066572 -2.988806 -0.110308
 57 6.551491 -0.000002 0.000001 -0.097295 -0.084312 -0.251683
 58 0.699371 -1.944208 -5.006846 -0.027189 -3.088217 0.005298
 59 4.226144 -0.003201 -0.000000 0.123171 0.189794 0.240016
 60 0.000002 5.000000 0.000001 -0.153565 0.000087 2.718702
 61 0.000004 -0.000005 -3.713580 0.365818 2.880119 -0.191589
 62 0.000003 -0.000000 5.000000 3.053196 1.558589 -0.074928
 63 -0.000007 0.000005 3.713580 -0.001619 -3.122277 -0.475127
 64 0.000001 -0.000000 -5.000000 -0.088725 1.558589 3.066336
 65 7.363602 1.646647 0.495663 3.141593 -1.570796 0.000000
 66 -0.000005 0.000006 3.619081 0.008255 -3.110080 -0.985231
 67 16.573919 0.000001 0.000000 0.000000 0.000000 -1.065827
 68 15.128181 0.000001 -0.000000 -0.102296 0.010178 0.114297
 69 5.758665 4.244731 -0.000000 0.000000 -0.000000 1.667687
 70 3.177726 0.000000 0.000000 0.000000 0.000000 3.141593
 71 15.708952 0.000001 0.000000 -0.051525 0.003996 0.061523
 72 0.275148 0.189215 -3.445208 3.130898 0.000409 -1.514604
 73 17.210192 0.000001 0.000000 0.000000 0.000000 -1.893339
 74 -0.000000 0.000000 -4.999999 -0.079430 1.546568 -1.570855
 75 0.000002 -0.000003 -3.619081 0.577895 2.675801 -0.242118
 76 16.573923 -0.000000 -0.000001 0.000000 -0.000000 -1.163030
 77 15.128182 -0.000000 0.000002 0.089479 0.309197 0.659208
 78 5.758665 4.244730 0.000000 -0.000000 0.000000 1.815142
 79 4.003934 -0.000000 0.000000 0.000000 0.000000 0.000000
 80 15.708954 0.000000 0.000002 0.042277 0.226871 0.443133
 81 0.273998 0.191089 3.439762 -3.130907 -0.000437 -1.508107
 82 17.210196 -0.000001 -0.000002 0.000000 -0.000000 -1.937080
 83 0.000001 -0.000001 5.000000 -0.079314 1.595025 -1.570739
time 42
  0 -0.650000 0.000000 33.899605 -0.025849 0.174554 -1.569172
  1 5.685105 0.833237 -32.227173 -0.174512 -0.026131 1.569196
  2 -2.276935 0.000003 -1.238188 -1.570795 -1.570451 0.000000
  3 1.798203 0.711980 -0.000206 0.062535 -0.104088 0.324730
  4 4.118848 -0.002794 -0.001705 0.546742 -0.021069 0.073038
  5 4.118849 -0.003262 -0.000242 0.073752 0.013335 0.076307
  6 4.118726 -0.003268 -0.000249 0.076003 0.003480 0.037627
  7 4.119870 -0.003191 -0.000849 0.259000 0.357243 0.470854
  8 4.443598 -0.000002 -0.000000 -0.142420 -0.943139 0.378420
  9 9.024063 -0.000003 0.000000 0.000000 0.000000 0.000000
 10 -0.605921 0.419290 1.569180 0.348484 -1.068644 2.350003
 11 6.384776 -0.000000 -0.000001 -0.658716 1.151394 -0.789660
 12 10.242680 0.000001 0.000000 -0.000000 0.000000 -1.801217
 13 11.375562 0.000003 -0.000003 -0.383743 -0.212111 -0.407595
 14 0.728682 0.023430 -1.008292 0.126675 0.532795 0.211840
 15 2.136497 -0.000001 -0.000002 -0.000000 -0.000000 -0.075188
 16 2.313139 -0.000000 0.000000 0.000000 0.000000 0.000000
 17 3.115507 -0.886040 -0.021431 -0.440694 -0.089278 0.277595
 18 2.011151 0.000002 0.000001 0.000000 0.000000 0.318122
 19 2.141379 -0.000002 -0.000001 0.000000 0.000000 0.000000
 20 1.734172 0.000001 -0.000000 -0.000000 0.000000 0.159862
 21 0.000006 -4.440594 -0.000000 1.570544 -0.062990 -0.195737
 22 6.000000 0.000001 -0.000001 -0.652881 -0.000000 -0.000000
 23 0.000001 -4.440602 0.000000 1.569944 -0.062987 0.004053
 24 11.375562 0.000001 0.000002 -0.991122 -0.182734 -0.182427
 25 -0.000002 -4.440606 -0.000001 1.570144 -0.062988 0.004040
 26 10.510132 0.000000 -0.000001 -0.000000 -0.000000 -2.471405
 27 -0.000001 -1.748399 4.999998 0.000000 0.004007 1.602291
 28 5.499999 0.000000 0.000000 0.047423 0.000000 0.000000
 29 -0.000004 -1.940598 5.000000 -0.044472 0.004003 -0.000180
 30 6.551491 0.000002 0.000000 -0.165831 0.739425 -0.376871
 31 0.000001 -1.940599 5.000000 -0.027189 -0.053376 0.005295
 32 6.551491 0.000002 0.000000 -0.033096 0.350822 -0.145914
 33 -0.000000 -1.940599 4.999998 -0.066572 -0.152786 -0.110311
 34 0.605923 -0.412215 -1.569182 2.566235 1.046687 -1.048678
 35 6.384777 -0.000002 0.000002 -0.228097 -0.364336 -0.767142
 36 10.242683 -0.000002 -0.000000 0.000000 0.000000 -1.661209
 37 11.375562 -0.000001 -0.000001 2.420817 0.155617 0.488256
 38 0.728682 0.023432 1.008290 -2.027434 -0.416219 0.534151
 39 2.136497 -0.000000 -0.000000 0.000000 -0.000000 1.282817
 40 2.313142 -0.000000 0.000001 0.000000 0.000000 3.141593
 41 3.115508 -0.886041 0.021431 0.518003 0.053583 0.680575
 42 2.011151 0.000001 -0.000001 0.000000 0.000000 2.082010
 43 2.141379 0.000001 -0.000000 0.000000 0.000000 3.141593
 44 1.734172 -0.000001 0.000000 0.000000 -0.000000 1.041748
 45 0.136315 -3.738192 2.525891 1.493698 2.759406 -1.474501
 46 3.401196 -0.082821 2.201394 1.059647 2.922362 1.414544
 47 11.389367 -0.000820 0.158780 1.985643 0.137525 0.243041
 48 -0.000000 -4.440598 -0.000000 1.570144 -3.078602 0.004040
 49 6.000000 -0.000001 -0.000001 1.985643 0.000000 -0.000000
 50 0.000000 -4.440603 0.000001 1.569944 -3.078603 0.004053
 51 10.510133 -0.000001 0.000001 0.000000 0.000000 -2.401401
 52 -0.000001 -1.748398 -5.000002 -3.141593 0.004007 -1.539299
 53 5.499999 -0.000000 -0.000001 0.095529 0.000000 -0.000000
 54 -0.000000 -0.000001 -5.000000 -0.044472 3.137589 -0.000177
 55 6.551491 0.000000 -0.000000 -0.095529 -0.099108 -0.252589
 56 -1.266843 -1.937444 -4.950561 -0.066572 -2.988806 -0.110308
 57 6.551491 0.000000 -0.000000 -0.095529 -0.099108 -0.252589
 58 0.699371 -1.944209 -5.006846 -0.027189 -3.088217 0.005298
 59 4.226143 -0.003200 -0.000001 0.107978 0.195734 0.235303
 60 -0.000001 5.000000 -0.000001 -0.153564 0.000087 2.718702
 61 0.000004 -0.000005 -3.713580 0.365818 2.880119 -0.191589
 62 0.000003 -0.000000 5.000000 3.053196 1.558589 -0.074928
 63 -0.000007 0.000005 3.713580 -0.001619 -3.122277 -0.475127
 64 0.000001 -0.000000 -5.000000 -0.088725 1.558589 3.066336
 65 7.363602 1.646647 0.495663 3.141593 -1.570796 0.000000
 66 -0.000005 0.000006 3.619081 0.008255 -3.110080 -0.985231
 67 16.573919 0.000001 0.000000 0.000000 0.000000 -1.065827
 68 15.128181 0.000001 -0.000000 -0.102296 0.010178 0.114297
 69 5.758665 4.244731 -0.000000 0.000000 -0.000000 1.667687
 70 3.177726 0.000000 0.000000 0.000000 0.000000 3.141593
 71 15.708952 0.000001 0.000000 -0.051525 0.003996 0.061523
 72 0.275148 0.189215 -3.445208 3.130898 0.000409 -1.514604
 73 17.210192 0.000001 0.000000 0.000000 0.000000 -1.893339
 74 -0.000000 0.000000 -4.999999 -0.079430 1.546568 -1.570855
 75 0.000002 -0.000003 -3.619081 0.577895 2.675801 -0.242118
 76 16.573923 -0.000000 -0.000001 0.000000 -0.000000 -1.163030
 77 15.128182 -0.000000 0.000002 0.089479 0.309197 0.659208
 78 5.758665 4.244730 0.000000 -0.000000 0.000000 1.815142
 79 4.003934 -0.000000 0.000000 0.000000 0.000000 0.000000
 80 15.708954 0.000000 0.000002 0.042277 0.226871 0.443133
 81 0.273998 0.191089 3.439762 -3.130907 -0.000437 -1.508107
 82 17.210196 -0.000001 -0.000002 0.000000 -0.000000 -1.937080
 83 0.000001 -0.000001 5.000000 -0.079314 1.595025 -1.570739
time 43
  0 -0.650000 0.000000 33.899605 -0.025849 0.174554 -1.569172
  1 5.685105 0.833237 -32.227173 -0.174512 -0.026131 1.569196
  2 -2.276935 0.000003 -1.238188 -1.570795 -1.570451 0.000000
  3 1.798194 0.711981 -0.000263 0.079769 -0.090720 0.321516
  4 4.118851 -0.002864 -0.001583 0.503650 -0.025453 0.071664
  5 4.118851 -0.003258 -0.000295 0.090273 0.002138 0.075196
  6 4.118744 -0.003262 -0.000303 0.092300 -0.004234 0.042881
  7 4.119865 -0.003216 -0.000749 0.228912 0.372750 0.459494
  8 4.443600 -0.000003 0.000002 -0.119159 -0.953657 0.369516
  9 9.024060 0.000001 -0.000001 0.000000 0.000000 0.000000
 10 -0.631019 0.369717 1.571640 0.366714 -1.042973 2.330603
 11 6.384778 0.000001 -0.000001 -0.567553 1.098284 -0.669988
 12 10.242681 0.000001 -0.000000 -0.000000 0.000000 -1.803829
 13 11.375563 0.000001 -0.000001 -0.391705 -0.253717 -0.368547
 14 0.728680 0.023430 -1.008292 0.126414 0.532851 0.211325
 15 2.136496 -0.000003 0.000000 0.000000 0.000000 -0.075737
 16 2.313140 -0.000001 0.000000 0.000000 0.000000 0.000000
 17 3.115506 -0.886040 -0.021431 -0.460994 -0.101595 0.272960
 18 2.011151 0.000002 -0.000000 0.000000 0.000000 0.306742
 19 2.141379 -0.000001 -0.000001 0.000000 0.000000 0.000000
 20 1.734173 0.000002 0.000000 -0.000000 0.000000 0.154161
 21 0.000007 -4.440593 0.000001 1.570544 -0.062990 -0.195737
 22 6.000000 0.000002 -0.000001 -0.661844 0.000000 -0.000000
 23 0.000001 -4.440601 -0.000000 1.569944 -0.062987 0.004053
 24 11.375561 -0.000001 0.000002 -0.997580 -0.198611 -0.154554
 25 -0.000002 -4.440604 -0.000002 1.570144 -0.062988 0.004040
 26 10.510129 0.000001 -0.000001 -0.000000 0.000000 -2.472711
 27 -0.000000 -1.748402 4.999999 -0.000000 0.004007 1.602290
 28 5.499999 0.000000 -0.000000 0.061835 0.000000 -0.000000
 29 -0.000003 -1.940598 5.000000 -0.044472 0.004003 -0.000180
 30 6.551492 0.000002 -0.000000 -0.176647 0.685467 -0.342474
 31 0.000001 -1.940599 5.000003 -0.027189 -0.053376 0.005295
 32 6.551492 0.000002 -0.000000 -0.046076 0.329788 -0.135212
 33 -0.000001 -1.940599 5.000000 -0.066572 -0.152786 -0.110311
 34 0.631023 -0.362646 -1.571635 2.585773 1.018586 -1.025465
 35 6.384778 -0.000001 -0.000001 -0.210648 -0.406819 -0.788347
 36 10.242682 0.000000 -0.000000 -0.000000 0.000000 -1.642316
 37 11.375561 0.000000 -0.000000 2.349217 0.107983 0.451612
 38 0.728680 0.023431 1.008292 -2.027434 -0.416219 0.534151
 39 2.136497 0.000002 0.000001 -0.000000 -0.000000 1.282817
 40 2.313138 -0.000000 0.000000 0.000000 0.000000 3.141593
 41 3.115507 -0.886042 0.021430 0.518003 0.053583 0.680575
 42 2.011150 0.000001 -0.000000 0.000000 0.000000 2.082010
 43 2.141379 -0.000000 -0.000000 0.000000 0.000000 3.141593
 44 1.734173 -0.000002 -0.000001 0.000000 -0.000000 1.041748
 45 0.136315 -3.738192 2.525889 1.493698 2.759406 -1.474501
 46 3.401193 -0.082821 2.201397 1.059647 2.922362 1.414544
 47 11.389365 -0.000820 0.158780 1.954046 0.105423 0.233259
 48 0.000001 -4.440601 0.000000 1.570144 -3.078602 0.004040
 49 6.000000 0.000001 0.000000 1.954046 -0.000000 0.000000
 50 0.000001 -4.440602 0.000001 1.569944 -3.078603 0.004053
 51 10.510130 0.000001 0.000001 -0.000000 -0.000000 -2.391955
 52 -0.000000 -1.748402 -5.000004 3.141593 0.004007 -1.539299
 53 5.499999 0.000001 -0.000001 0.093425 0.000000 0.000000
 54 0.000001 -0.000001 -5.000000 -0.044472 3.137589 -0.000177
 55 6.551492 -0.000001 -0.000001 -0.093425 -0.114089 -0.253559
 56 -1.266843 -1.937443 -4.950559 -0.066572 -2.988806 -0.110308
 57 6.551493 -0.000001 -0.000001 -0.093425 -0.114089 -0.253559
 58 0.699371 -1.944209 -5.006848 -0.027189 -3.088217 0.005298
 59 4.226143 -0.003200 -0.000001 0.092499 0.201702 0.230398
 60 0.000000 5.000001 -0.000001 -0.153564 0.000087 2.718702
 61 0.000004 -0.000005 -3.713580 0.365818 2.880119 -0.191589
 62 0.000003 -0.000000 5.000000 3.053196 1.558589 -0.074928
 63 -0.000007 0.000005 3.713580 -0.001619 -3.122277 -0.475127
 64 0.000001 -0.000000 -5.000000 -0.088725 1.558589 3.066336
 65 7.363602 1.646647 0.495663 3.141593 -1.570796 0.000000
 66 -0.000005 0.000006 3.619081 0.008255 -3.110080 -0.985231
 67 16.573919 0.000001 0.000000 0.000000 0.000000 -1.065827
 68 15.128181 0.000001 -0.000000 -0.102296 0.010178 0.114297
 69 5.758665 4.244731 -0.000000 0.000000 -0.000000 1.667687
 70 3.177726 0.000000 0.000000 0.000000 0.000000 3.141593
 71 15.708952 0.000001 0.000000 -0.051525 0.003996 0.061523
 72 0.275148 0.189215 -3.445208 3.130898 0.000409 -1.514604
 73 17.210192 0.000001 0.000000 0.000000 0.000000 -1.893339
 74 -0.000000 0.000000 -4.999999 -0.079430 1.546568 -1.570855
 75 0.000002 -0.000003 -3.619081 0.577895 2.675801 -0.242118
 76 16.573923 -0.000000 -0.000001 0.000000 -0.000000 -1.163030
 77 15.128182 -0.000000 0.000002 0.089479 0.309197 0.659208
 78 5.758665 4.244730 0.000000 -0.000000 0.000000 1.815142
 79 4.003934 -0.000000 0.000000 0.000000 0.000000 0.000000
 80 15.708954 0.000000 0.000002 0.042277 0.226871 0.443133
 81 0.273998 0.191089 3.439762 -3.130907 -0.000437 -1.508107
 82 17.210196 -0.000001 -0.000002 0.000000 -0.000000 -1.937080
 83 0.000001 -0.000001 5.000000 -0.079314 1.595025 -1.570739
time 44
  0 -0.650000 0.000000 33.899605 -0.025849 0.174554 -1.569172
  1 5.685105 0.833237 -32.227173 -0.174512 -0.026131 1.569196
  2 -2.276935 0.000003 -1.238188 -1.570795 -1.570451 0.000000
  3 1.798189 0.711982 -0.000319 0.097104 -0.076938 0.318504
  4 4.118852 -0.002926 -0.001457 0.460549 -0.030020 0.070504
  5 4.118844 -0.003250 -0.000350 0.106926 -0.009299 0.073882
  6 4.118769 -0.003257 -0.000355 0.108656 -0.012238 0.048324
  7 4.119863 -0.003241 -0.000646 0.198348 0.387989 0.447538
  8 4.443599 -0.000000 0.000001 -0.095214 -0.964201 0.359343
  9 9.024062 0.000000 0.000000 0.000000 0.000000 0.000000
 10 -0.655536 0.319588 1.572484 0.383857 -1.016945 2.312513
 11 6.384778 0.000000 0.000000 -0.495519 1.040621 -0.567187
 12 10.242682 -0.000001 -0.000001 -0.000000 0.000000 -1.806647
 13 11.375561 -0.000001 0.000001 -0.403769 -0.293819 -0.328311
 14 0.728681 0.023432 -1.008292 0.126142 0.532910 0.210790
 15 2.136497 -0.000003 -0.000000 0.000000 0.000000 -0.076306
 16 2.313139 -0.000000 -0.000001 0.000000 0.000000 0.000000
 17 3.115507 -0.886041 -0.021431 -0.481406 -0.114099 0.268528
 18 2.011151 0.000003 0.000001 0.000000 -0.000000 0.295264
 19 2.141379 0.000002 -0.000002 0.000000 0.000000 0.000000
 20 1.734172 0.000002 -0.000001 0.000000 -0.000000 0.148408
 21 0.000005 -4.440593 0.000000 1.570544 -0.062990 -0.195737
 22 6.000000 -0.000001 0.000001 -0.674238 0.000000 -0.000000
 23 0.000002 -4.440598 0.000000 1.569944 -0.062987 0.004053
 24 11.375562 0.000000 0.000004 -1.005888 -0.213219 -0.126338
 25 -0.000001 -4.440603 0.000000 1.570144 -0.062988 0.004040
 26 10.510130 -0.000000 -0.000002 0.000000 0.000000 -2.474120
 27 0.000001 -1.748402 5.000000 0.000000 0.004007 1.602290
 28 5.500000 -0.000001 -0.000001 0.075874 0.000000 -0.000000
 29 -0.000001 -1.940599 5.000000 -0.044472 0.004003 -0.000180
 30 6.551492 0.000001 0.000001 -0.189691 0.640304 -0.309376
 31 0.000002 -1.940600 5.000001 -0.027189 -0.053376 0.005295
 32 6.551492 0.000001 0.000001 -0.058676 0.311409 -0.123309
 33 0.000000 -1.940600 4.999996 -0.066572 -0.152786 -0.110311
 34 0.655540 -0.312512 -1.572482 2.603338 0.990152 -1.004091
 35 6.384778 0.000001 0.000001 -0.191322 -0.448740 -0.811753
 36 10.242681 0.000001 -0.000002 0.000000 0.000000 -1.622875
 37 11.375562 0.000001 0.000000 2.278830 0.057475 0.418633
 38 0.728679 0.023431 1.008292 -2.027434 -0.416219 0.534151
 39 2.136497 0.000001 -0.000001 -0.000000 -0.000000 1.282817
 40 2.313137 -0.000000 0.000000 0.000000 0.000000 3.141593
 41 3.115507 -0.886041 0.021430 0.518003 0.053583 0.680575
 42 2.011152 -0.000001 0.000000 0.000000 -0.000000 2.082010
 43 2.141379 -0.000001 0.000000 0.000000 0.000000 3.141593
 44 1.734172 -0.000001 0.000000 -0.000000 -0.000000 1.041748
 45 0.136315 -3.738193 2.525891 1.493698 2.759406 -1.474501
 46 3.401195 -0.082821 2.201395 1.059647 2.922362 1.414544
 47 11.389366 -0.000821 0.158780 1.922176 0.072084 0.223699
 48 0.000000 -4.440600 -0.000000 1.570144 -3.078602 0.004040
 49 6.000000 -0.000001 0.000000 1.922176 0.000000 0.000000
 50 0.000001 -4.440602 0.000002 1.569944 -3.078603 0.004053
 51 10.510130 0.000001 -0.000000 0.000000 -0.000000 -2.382234
 52 -0.000000 -1.748399 -5.000002 -3.141593 0.004007 -1.539299
 53 5.499999 0.000001 -0.000001 0.091217 -0.000000 -0.000000
 54 -0.000000 0.000001 -5.000001 -0.044472 3.137589 -0.000177
 55 6.551491 0.000002 -0.000000 -0.091217 -0.128886 -0.254665
 56 -1.266844 -1.937443 -4.950562 -0.066572 -2.988806 -0.110308
 57 6.551492 0.000001 -0.000000 -0.091217 -0.128886 -0.254665
 58 0.699370 -1.944208 -5.006849 -0.027189 -3.088217 0.005298
 59 4.226145 -0.003202 -0.000000 0.076896 0.207617 0.225325
 60 0.000000 5.000001 0.000001 -0.153564 0.000087 2.718702
 61 0.000004 -0.000005 -3.713580 0.365818 2.880119 -0.191589
 62 0.000003 -0.000000 5.000000 3.053196 1.558589 -0.074928
 63 -0.000007 0.000005 3.713580 -0.001619 -3.122277 -0.475127
 64 0.000001 -0.000000 -5.000000 -0.088725 1.558589 3.066336
 65 7.363602 1.646647 0.495663 3.141593 -1.570796 0.000000
 66 -0.000005 0.000006 3.619081 0.008255 -3.110080 -0.985231
 67 16.573919 0.000001 0.000000 0.000000 0.000000 -1.065827
 68 15.128181 0.000001 -0.000000 -0.102296 0.010178 0.114297
 69 5.758665 4.244731 -0.000000 0.000000 -0.000000 1.667687
 70 3.177726 0.000000 0.000000 0.000000 0.000000 3.141593
 71 15.708952 0.000001 0.000000 -0.051525 0.003996 0.061523
 72 0.275148 0.189215 -3.445208 3.130898 0.000409 -1.514604
 73 17.210192 0.000001 0.000000 0.000000 0.000000 -1.893339
 74 -0.000000 0.000000 -4.999999 -0.079430 1.546568 -1.570855
 75 0.000002 -0.000003 -3.619081 0.577895 2.675801 -0.242118
 76 16.573923 -0.000000 -0.000001 0.000000 -0.000000 -1.163030
 77 15.128182 -0.000000 0.000002 0.089479 0.309197 0.659208
 78 5.758665 4.244730 0.000000 -0.000000 0.000000 1.815142
 79 4.003934 -0.000000 0.000000 0.000000 0.000000 0.000000
 80 15.708954 0.000000 0.000002 0.042277 0.226871 0.443133
 81 0.273998 0.191089 3.439762 -3.130907 -0.000437 -1.508107
 82 17.210196 -0.000001 -0.000002 0.000000 -0.000000 -1.937080
 83 0.000001 -0.000001 5.000000 -0.079314 1.595025 -1.570739
time 45
  0 -0.650000 0.000000 33.899605 -0.025849 0.174554 -1.569172
  1 5.685105 0.833237 -32.227173 -0.174512 -0.026131 1.569196
  2 -2.276935 0.000003 -1.238188 -1.570795 -1.570451 0.000000
  3 1.798173 0.711986 -0.000376 0.114363 -0.063139 0.315737
  4 4.118858 -0.002987 -0.001329 0.417449 -0.034622 0.069540
  5 4.118848 -0.003247 -0.000404 0.123584 -0.020689 0.072380
  6 4.118786 -0.003250 -0.000409 0.124960 -0.020310 0.053608
  7 4.119864 -0.003263 -0.000543 0.167606 0.402762 0.435066
  8 4.443598 0.000000 0.000001 -0.070845 -0.974852 0.348439
  9 9.024060 0.000003 -0.000000 0.000000 0.000000 0.000000
 10 -0.679160 0.269462 1.571734 0.399832 -0.990778 2.295894
 11 6.384777 0.000000 0.000000 -0.439032 0.980452 -0.477775
 12 10.242682 -0.000000 -0.000002 0.000000 -0.000000 -1.809664
 13 11.375561 -0.000003 0.000001 -0.419758 -0.331733 -0.287036
 14 0.728681 0.023433 -1.008293 0.125874 0.532967 0.210263
 15 2.136497 0.000002 0.000000 -0.000000 -0.000000 -0.076868
 16 2.313139 -0.000001 -0.000000 0.000000 0.000000 0.000000
 17 3.115506 -0.886041 -0.021432 -0.501737 -0.126653 0.264364
 18 2.011150 -0.000000 -0.000001 -0.000000 -0.000000 0.283824
 19 2.141379 0.000001 0.000001 0.000000 0.000000 0.000000
 20 1.734172 -0.000001 -0.000001 -0.000000 -0.000000 0.142673
 21 0.000007 -4.440595 0.000001 1.570544 -0.062990 -0.195737
 22 6.000000 -0.000001 0.000001 -0.689805 -0.000000 0.000000
 23 0.000002 -4.440599 0.000001 1.569944 -0.062987 0.004053
 24 11.375561 -0.000001 0.000004 -1.015840 -0.226267 -0.098170
 25 -0.000001 -4.440603 0.000002 1.570144 -0.062988 0.004040
 26 10.510132 -0.000000 -0.000002 0.000000 -0.000000 -2.475628
 27 0.000000 -1.748400 4.999999 0.000000 0.004007 1.602291
 28 5.499999 0.000001 -0.000001 0.088593 0.000000 -0.000000
 29 -0.000004 -1.940598 5.000001 -0.044472 0.004003 -0.000180
 30 6.551491 0.000001 -0.000000 -0.202389 0.603533 -0.276130
 31 -0.000000 -1.940599 5.000001 -0.027189 -0.053376 0.005295
 32 6.551491 0.000001 -0.000000 -0.070111 0.295844 -0.110159
 33 -0.000000 -1.940598 4.999998 -0.066572 -0.152786 -0.110311
 34 0.679162 -0.262385 -1.571732 2.618714 0.961470 -0.984787
 35 6.384777 -0.000003 0.000002 -0.170859 -0.489257 -0.837242
 36 10.242681 -0.000001 -0.000001 0.000000 0.000000 -1.603556
 37 11.375562 0.000001 -0.000000 2.210429 0.004926 0.389378
 38 0.728681 0.023431 1.008292 -2.027434 -0.416219 0.534151
 39 2.136496 -0.000001 -0.000001 0.000000 -0.000000 1.282817
 40 2.313139 0.000000 -0.000000 0.000000 0.000000 3.141593
 41 3.115506 -0.886041 0.021431 0.518003 0.053583 0.680575
 42 2.011152 0.000002 -0.000000 0.000000 0.000000 2.082010
 43 2.141378 0.000000 0.000000 0.000000 0.000000 3.141593
 44 1.734173 0.000000 0.000001 -0.000000 0.000000 1.041748
 45 0.136315 -3.738192 2.525890 1.493698 2.759406 -1.474501
 46 3.401195 -0.082821 2.201396 1.059647 2.922362 1.414544
 47 11.389368 -0.000818 0.158782 1.890463 0.037845 0.214339
 48 0.000000 -4.440598 0.000001 1.570144 -3.078602 0.004040
 49 6.000000 0.000001 -0.000000 1.890463 -0.000000 0.000000
 50 0.000002 -4.440600 -0.000002 1.569944 -3.078603 0.004053
 51 10.510134 -0.000002 0.000000 0.000000 0.000000 -2.372574
 52 -0.000001 -1.748400 -5.000002 -3.141593 0.004007 -1.539299
 53 5.500000 -0.000001 -0.000000 0.089103 0.000000 0.000000
 54 0.000003 -0.000001 -4.999999 -0.044472 3.137589 -0.000177
 55 6.551491 -0.000001 0.000000 -0.089103 -0.143153 -0.255970
 56 -1.266843 -1.937443 -4.950561 -0.066572 -2.988806 -0.110308
 57 6.551491 -0.000001 0.000000 -0.089103 -0.143153 -0.255970
 58 0.699372 -1.944208 -5.006849 -0.027189 -3.088217 0.005298
 59 4.226146 -0.003202 -0.000000 0.061333 0.213400 0.220117
 60 -0.000001 5.000001 -0.000001 -0.153564 0.000087 2.718701
 61 0.000004 -0.000005 -3.713580 0.365818 2.880119 -0.191589
 62 0.000003 -0.000000 5.000000 3.053196 1.558589 -0.074928
 63 -0.000007 0.000005 3.713580 -0.001619 -3.122277 -0.475127
 64 0.000001 -0.000000 -5.000000 -0.088725 1.558589 3.066336
 65 7.363602 1.646647 0.495663 3.141593 -1.570796 0.000000
 66 -0.000005 0.000006 3.619081 0.008255 -3.110080 -0.985231
 67 16.573919 0.000001 0.000000 0.000000 0.000000 -1.065827
 68 15.128181 0.000001 -0.000000 -0.102296 0.010178 0.114297
 69 5.758665 4.244731 -0.000000 0.000000 -0.000000 1.667687
 70 3.177726 0.000000 0.000000 0.000000 0.000000 3.141593
 71 15.708952 0.000001 0.000000 -0.051525 0.003996 0.061523
 72 0.275148 0.189215 -3.445208 3.130898 0.000409 -1.514604
 73 17.210192 0.000001 0.000000 0.000000 0.000000 -1.893339
 74 -0.000000 0.000000 -4.999999 -0.079430 1.546568 -1.570855
 75 0.000002 -0.000003 -3.619081 0.577895 2.675801 -0.242118
 76 16.573923 -0.000000 -0.000001 0.000000 -0.000000 -1.163030
 77 15.128182 -0.000000 0.000002 0.089479 0.309197 0.659208
 78 5.758665 4.244730 0.000000 -0.000000 0.000000 1.815142
 79 4.003934 -0.000000 0.000000 0.000000 0.000000 0.000000
 80 15.708954 0.000000 0.000002 0.042277 0.226871 0.443133
 81 0.273998 0.191089 3.439762 -3.130907 -0.000437 -1.508107
 82 17.210196 -0.000001 -0.000002 0.000000 -0.000000 -1.937080
 83 0.000001 -0.000001 5.000000 -0.079314 1.595025 -1.570739
time 46
  0 -0.650000 0.000000 33.899605 -0.025849 0.174554 -1.569172
  1 5.685105 0.833237 -32.227173 -0.174512 -0.026131 1.569196
  2 -2.276935 0.000003 -1.238188 -1.570795 -1.570451 0.000000
  3 1.798164 0.711989 -0.000431 0.131377 -0.049721 0.313241
  4 4.118858 -0.003041 -0.001198 0.374359 -0.039114 0.068740
  5 4.118849 -0.003240 -0.000458 0.140122 -0.031746 0.070715
  6 4.118804 -0.003240 -0.000462 0.141108 -0.028217 0.058394
  7 4.119859 -0.003278 -0.000442 0.137001 0.416882 0.422181
  8 4.443598 0.000000 -0.000001 -0.046355 -0.985710 0.337369
  9 9.024061 0.000001 0.000000 0.000000 0.000000 0.000000
 10 -0.701599 0.219908 1.569478 0.414591 -0.964696 2.280868
 11 6.384777 0.000001 -0.000000 -0.394877 0.919646 -0.398740
 12 10.242683 0.000000 -0.000000 -0.000000 0.000000 -1.812870
 13 11.375562 0.000000 -0.000001 -0.439336 -0.366907 -0.244980
 14 0.728680 0.023428 -1.008292 0.125624 0.533021 0.209770
 15 2.136497 0.000002 0.000001 -0.000000 -0.000000 -0.077393
 16 2.313139 -0.000002 0.000001 0.000000 0.000000 0.000000
 17 3.115506 -0.886043 -0.021431 -0.521797 -0.139116 0.260519
 18 2.011151 0.000000 -0.000000 0.000000 0.000000 0.272558
 19 2.141380 0.000001 0.000001 0.000000 0.000000 0.000000
 20 1.734172 0.000000 -0.000001 -0.000000 0.000000 0.137023
 21 0.000006 -4.440593 0.000000 1.570544 -0.062990 -0.195737
 22 6.000000 -0.000000 -0.000001 -0.708122 0.000000 0.000000
 23 0.000001 -4.440598 -0.000001 1.569944 -0.062987 0.004053
 24 11.375562 0.000001 0.000001 -1.027152 -0.237582 -0.070440
 25 -0.000002 -4.440603 0.000001 1.570144 -0.062988 0.004040
 26 10.510132 0.000001 -0.000000 0.000000 -0.000000 -2.477232
 27 -0.000001 -1.748400 4.999998 0.000000 0.004007 1.602290
 28 5.500003 0.000000 -0.000001 0.099505 -0.000000 -0.000000
 29 -0.000002 -1.940597 5.000000 -0.044472 0.004003 -0.000180
 30 6.551492 0.000002 0.000000 -0.213236 0.573996 -0.241628
 31 0.000002 -1.940599 5.000003 -0.027189 -0.053376 0.005295
 32 6.551492 0.000002 0.000000 -0.079982 0.282838 -0.095664
 33 0.000000 -1.940600 4.999997 -0.066572 -0.152786 -0.110311
 34 0.701601 -0.212832 -1.569480 2.631730 0.932636 -0.967729
 35 6.384777 0.000002 -0.000001 -0.150093 -0.527529 -0.864529
 36 10.242684 -0.000002 -0.000000 0.000000 -0.000000 -1.585029
 37 11.375561 0.000000 -0.000001 2.144714 -0.048785 0.363720
 38 0.728682 0.023430 1.008291 -2.027434 -0.416219 0.534151
 39 2.136496 -0.000001 0.000000 -0.000000 -0.000000 1.282817
 40 2.313140 -0.000000 0.000001 0.000000 0.000000 3.141593
 41 3.115506 -0.886042 0.021432 0.518003 0.053583 0.680575
 42 2.011153 -0.000000 -0.000002 0.000000 0.000000 2.082010
 43 2.141378 0.000000 0.000001 0.000000 0.000000 3.141593
 44 1.734173 -0.000001 -0.000001 -0.000000 -0.000000 1.041748
 45 0.136316 -3.738192 2.525889 1.493698 2.759406 -1.474501
 46 3.401196 -0.082823 2.201396 1.059647 2.922362 1.414544
 47 11.389366 -0.000818 0.158781 1.859380 0.003184 0.205204
 48 0.000001 -4.440598 -0.000001 1.570144 -3.078602 0.004040
 49 6.000000 0.000002 -0.000001 1.859380 0.000000 -0.000000
 50 0.000001 -4.440602 0.000000 1.569944 -3.078603 0.004053
 51 10.510131 -0.000001 -0.000001 -0.000000 -0.000000 -2.363311
 52 -0.000001 -1.748396 -5.000001 3.141593 0.004007 -1.539299
 53 5.500000 -0.000001 -0.000001 0.087247 0.000000 -0.000000
 54 -0.000001 0.000001 -5.000000 -0.044472 3.137589 -0.000177
 55 6.551491 -0.000000 0.000001 -0.087247 -0.156570 -0.257526
 56 -1.266843 -1.937445 -4.950560 -0.066572 -2.988806 -0.110308
 57 6.551491 -0.000000 0.000001 -0.087247 -0.156570 -0.257526
 58 0.699371 -1.944208 -5.006850 -0.027189 -3.088217 0.005298
 59 4.226145 -0.003201 -0.000000 0.045976 0.218977 0.214812
 60 0.000001 5.000001 0.000001 -0.153564 0.000087 2.718702
 61 0.000004 -0.000005 -3.713580 0.365818 2.880119 -0.191589
 62 0.000003 -0.000000 5.000000 3.053196 1.558589 -0.074928
 63 -0.000007 0.000005 3.713580 -0.001619 -3.122277 -0.475127
 64 0.000001 -0.000000 -5.000000 -0.088725 1.558589 3.066336
 65 7.363602 1.646647 0.495663 3.141593 -1.570796 0.000000
 66 -0.000005 0.000006 3.619081 0.008255 -3.110080 -0.985231
 67 16.573919 0.000001 0.000000 0.000000 0.000000 -1.065827
 68 15.128181 0.000001 -0.000000 -0.102296 0.010178 0.114297
 69 5.758665 4.244731 -0.000000 0.000000 -0.000000 1.667687
 70 3.177726 0.000000 0.000000 0.000000 0.000000 3.141593
 71 15.708952 0.000001 0.000000 -0.051525 0.003996 0.061523
 72 0.275148 0.189215 -3.445208 3.130898 0.000409 -1.514604
 73 17.210192 0.000001 0.000000 0.000000 0.000000 -1.893339
 74 -0.000000 0.000000 -4.999999 -0.079430 1.546568 -1.570855
 75 0.000002 -0.000003 -3.619081 0.577895 2.675801 -0.242118
 76 16.573923 -0.000000 -0.000001 0.000000 -0.000000 -1.163030
 77 15.128182 -0.000000 0.000002 0.089479 0.309197 0.659208
 78 5.758665 4.244730 0.000000 -0.000000 0.000000 1.815142
 79 4.003934 -0.000000 0.000000 0.000000 0.000000 0.000000
 80 15.708954 0.000000 0.000002 0.042277 0.226871 0.443133
 81 0.273998 0.191089 3.439762 -3.130907 -0.000437 -1.508107
 82 17.210196 -0.000001 -0.000002 0.000000 -0.000000 -1.937080
 83 0.000001 -0.000001 5.000000 -0.079314 1.595025 -1.570739
time 47
  0 -0.650000 0.000000 33.899605 -0.025849 0.174554 -1.569172
  1 5.685105 0.833237 -32.227173 -0.174512 -0.026131 1.569196
  2 -2.276935 0.000003 -1.238188 -1.570795 -1.570451 0.000000
  3 1.798148 0.711993 -0.000485 0.147977 -0.037083 0.311024
  4 4.118862 -0.003093 -0.001066 0.331287 -0.043351 0.068060
  5 4.118847 -0.003230 -0.000511 0.156410 -0.042185 0.068927
  6 4.118823 -0.003234 -0.000512 0.157004 -0.035714 0.062349
  7 4.119859 -0.003291 -0.000343 0.106866 0.430177 0.409012
  8 4.443597 -0.000001 -0.000001 -0.022085 -0.996892 0.326727
  9 9.024062 0.000001 -0.000001 0.000000 0.000000 0.000000
 10 -0.722601 0.171510 1.565871 0.428108 -0.938923 2.267532
 11 6.384776 0.000001 0.000001 -0.360394 0.859926 -0.327740
 12 10.242681 0.000001 -0.000000 -0.000000 0.000000 -1.816270
 13 11.375563 0.000001 -0.000002 -0.462011 -0.398949 -0.202492
 14 0.728681 0.023430 -1.008292 0.125405 0.533068 0.209340
 15 2.136497 -0.000002 0.000001 -0.000000 0.000000 -0.077851
 16 2.313139 0.000002 0.000000 0.000000 0.000000 0.000000
 17 3.115507 -0.886040 -0.021431 -0.541396 -0.151342 0.257039
 18 2.011150 -0.000001 -0.000000 -0.000000 0.000000 0.261602
 19 2.141379 -0.000001 -0.000000 0.000000 0.000000 0.000000
 20 1.734172 0.000002 -0.000000 0.000000 0.000000 0.131528
 21 0.000005 -4.440594 -0.000000 1.570544 -0.062990 -0.195737
 22 6.000000 -0.000001 -0.000000 -0.728630 -0.000000 0.000000
 23 0.000001 -4.440602 -0.000001 1.569944 -0.062987 0.004053
 24 11.375561 -0.000001 0.000002 -1.039490 -0.247111 -0.043513
 25 -0.000001 -4.440605 0.000000 1.570144 -0.062988 0.004040
 26 10.510131 -0.000000 -0.000002 0.000000 0.000000 -2.478931
 27 0.000001 -1.748401 5.000000 -0.000000 0.004007 1.602291
 28 5.499998 0.000000 -0.000000 0.108408 -0.000000 -0.000000
 29 -0.000002 -1.940599 5.000001 -0.044472 0.004003 -0.000180
 30 6.551491 0.000000 0.000001 -0.221420 0.550398 -0.205027
 31 0.000000 -1.940597 5.000002 -0.027189 -0.053376 0.005295
 32 6.551491 0.000000 0.000001 -0.088133 0.271990 -0.079696
 33 -0.000000 -1.940599 4.999996 -0.066572 -0.152786 -0.110311
 34 0.722601 -0.164435 -1.565873 2.642248 0.903750 -0.953044
 35 6.384776 0.000002 -0.000001 -0.129986 -0.562737 -0.893140
 36 10.242685 -0.000001 0.000000 0.000000 -0.000000 -1.567965
 37 11.375561 0.000001 0.000002 2.082362 -0.102764 0.341356
 38 0.728681 0.023431 1.008291 -2.027434 -0.416219 0.534151
 39 2.136498 0.000001 -0.000000 0.000000 -0.000000 1.282817
 40 2.313140 -0.000001 0.000001 0.000000 0.000000 3.141593
 41 3.115506 -0.886041 0.021431 0.518003 0.053583 0.680575
 42 2.011150 0.000001 -0.000001 -0.000000 0.000000 2.082010
 43 2.141380 -0.000000 -0.000000 0.000000 0.000000 3.141593
 44 1.734172 -0.000000 -0.000000 0.000000 0.000000 1.041748
 45 0.136315 -3.738194 2.525891 1.493698 2.759406 -1.474501
 46 3.401196 -0.082821 2.201395 1.059647 2.922362 1.414544
 47 11.389366 -0.000818 0.158783 1.829444 -0.031285 0.196312
 48 0.000002 -4.440599 -0.000001 1.570144 -3.078602 0.004040
 49 5.999998 -0.000000 0.000000 1.829444 -0.000000 -0.000000
 50 0.000001 -4.440602 0.000000 1.569944 -3.078603 0.004053
 51 10.510132 -0.000000 0.000001 -0.000000 -0.000000 -2.354779
 52 -0.000000 -1.748401 -5.000003 -3.141593 0.004007 -1.539299
 53 5.500001 -0.000000 0.000000 0.085790 0.000000 0.000000
 54 -0.000001 0.000001 -4.999999 -0.044472 3.137589 -0.000177
 55 6.551491 -0.000000 0.000000 -0.085790 -0.168833 -0.259366
 56 -1.266843 -1.937444 -4.950560 -0.066572 -2.988806 -0.110308
 57 6.551491 -0.000000 0.000000 -0.085790 -0.168833 -0.259366
 58 0.699371 -1.944207 -5.006849 -0.027189 -3.088217 0.005298
 59 4.226146 -0.003201 -0.000000 0.030996 0.224275 0.209457
 60 0.000003 5.000000 0.000001 -0.153564 0.000087 2.718702
 61 0.000004 -0.000005 -3.713580 0.365818 2.880119 -0.191589
 62 0.000003 -0.000000 5.000000 3.053196 1.558589 -0.074928
 63 -0.000007 0.000005 3.713580 -0.001619 -3.122277 -0.475127
 64 0.000001 -0.000000 -5.000000 -0.088725 1.558589 3.066336
 65 7.363602 1.646647 0.495663 3.141593 -1.570796 0.000000
 66 -0.000005 0.000006 3.619081 0.008255 -3.110080 -0.985231
 67 16.573919 0.000001 0.000000 0.000000 0.000000 -1.065827
 68 15.128181 0.000001 -0.000000 -0.102296 0.010178 0.114297
 69 5.758665 4.244731 -0.000000 0.000000 -0.000000 1.667687
 70 3.177726 0.000000 0.000000 0.000000 0.000000 3.141593
 71 15.708952 0.000001 0.000000 -0.051525 0.003996 0.061523
 72 0.275148 0.189215 -3.445208 3.130898 0.000409 -1.514604
 73 17.210192 0.000001 0.000000 0.000000 0.000000 -1.893339
 74 -0.000000 0.000000 -4.999999 -0.079430 1.546568 -1.570855
 75 0.000002 -0.000003 -3.619081 0.577895 2.675801 -0.242118
 76 16.573923 -0.000000 -0.000001 0.000000 -0.000000 -1.163030
 77 15.128182 -0.000000 0.000002 0.089479 0.309197 0.659208
 78 5.758665 4.244730 0.000000 -0.000000 0.000000 1.815142
 79 4.003934 -0.000000 0.000000 0.000000 0.000000 0.000000
 80 15.708954 0.000000 0.000002 0.042277 0.226871 0.443133
 81 0.273998 0.191089 3.439762 -3.130907 -0.000437 -1.508107
 82 17.210196 -0.000001 -0.000002 0.000000 -0.000000 -1.937080
 83 0.000001 -0.000001 5.000000 -0.079314 1.595025 -1.570739
time 48
  0 -0.650000 0.000000 33.899605 -0.025849 0.174554 -1.569172
  1 5.685105 0.833237 -32.227173 -0.174512 -0.026131 1.569196
  2 -2.276935 0.000003 -1.238188 -1.570795 -1.570451 0.000000
  3 1.798139 0.711997 -0.000538 0.163998 -0.025626 0.309077
  4 4.118859 -0.003135 -0.000931 0.288246 -0.047193 0.067446
  5 4.118849 -0.003222 -0.000561 0.172317 -0.051724 0.067066
  6 4.118839 -0.003221 -0.000563 0.172560 -0.042545 0.065150
  7 4.119850 -0.003298 -0.000247 0.077554 0.442489 0.395712
  8 4.443601 -0.000000 0.000001 0.001587 -1.008530 0.317136
  9 9.024061 -0.000001 -0.000000 0.000000 0.000000 0.000000
 10 -0.741933 0.124847 1.561134 0.440368 -0.913686 2.255961
 11 6.384777 0.000002 0.000003 -0.333421 0.802903 -0.263060
 12 10.242684 0.000000 -0.000003 -0.000000 -0.000000 -1.819908
 13 11.375562 -0.000002 0.000002 -0.487155 -0.427628 -0.159993
 14 0.728681 0.023432 -1.008292 0.125232 0.533105 0.208998
 15 2.136497 0.000002 0.000000 -0.000000 0.000000 -0.078214
 16 2.313139 -0.000002 0.000001 0.000000 0.000000 0.000000
 17 3.115507 -0.886041 -0.021431 -0.560343 -0.163185 0.253955
 18 2.011151 -0.000001 0.000000 -0.000000 -0.000000 0.251094
 19 2.141380 -0.000003 -0.000000 0.000000 0.000000 0.000000
 20 1.734173 0.000001 0.000001 -0.000000 0.000000 0.126255
 21 0.000006 -4.440591 0.000001 1.570544 -0.062990 -0.195737
 22 6.000000 -0.000001 0.000001 -0.750681 0.000000 -0.000000
 23 0.000001 -4.440600 -0.000000 1.569944 -0.062987 0.004053
 24 11.375563 -0.000001 0.000004 -1.052491 -0.254903 -0.017696
 25 -0.000002 -4.440603 -0.000000 1.570144 -0.062988 0.004040
 26 10.510132 0.000001 -0.000002 -0.000000 -0.000000 -2.480751
 27 0.000000 -1.748402 4.999998 -0.000000 0.004007 1.602291
 28 5.500000 0.000001 -0.000002 0.115223 0.000000 0.000000
 29 -0.000001 -1.940598 5.000000 -0.044472 0.004003 -0.000180
 30 6.551491 0.000000 -0.000000 -0.226487 0.531561 -0.165733
 31 -0.000000 -1.940599 5.000003 -0.027189 -0.053376 0.005295
 32 6.551491 0.000001 -0.000000 -0.094508 0.262892 -0.062149
 33 0.000001 -1.940600 4.999997 -0.066572 -0.152786 -0.110311
 34 0.741939 -0.117775 -1.561131 2.650154 0.874918 -0.940827
 35 6.384776 0.000000 -0.000002 -0.111648 -0.594091 -0.922403
 36 10.242680 0.000001 -0.000000 -0.000000 0.000000 -1.553033
 37 11.375560 0.000002 -0.000001 2.024078 -0.156135 0.321822
 38 0.728681 0.023431 1.008291 -2.027434 -0.416219 0.534151
 39 2.136496 0.000003 -0.000000 0.000000 -0.000000 1.282817
 40 2.313139 -0.000001 0.000000 0.000000 0.000000 3.141593
 41 3.115505 -0.886041 0.021431 0.518003 0.053583 0.680575
 42 2.011150 0.000002 0.000000 -0.000000 -0.000000 2.082010
 43 2.141380 0.000001 0.000000 0.000000 0.000000 3.141593
 44 1.734172 -0.000001 -0.000000 -0.000000 -0.000000 1.041748
 45 0.136315 -3.738193 2.525890 1.493698 2.759406 -1.474501
 46 3.401195 -0.082821 2.201395 1.059647 2.922362 1.414544
 47 11.389366 -0.000819 0.158781 1.801212 -0.064873 0.187675
 48 0.000000 -4.440600 -0.000000 1.570144 -3.078602 0.004040
 49 6.000000 0.000001 -0.000000 1.801212 -0.000000 -0.000000
 50 0.000001 -4.440601 0.000000 1.569944 -3.078603 0.004053
 51 10.510132 0.000001 0.000000 0.000000 -0.000000 -2.347313
 52 0.000000 -1.748399 -5.000001 -3.141593 0.004007 -1.539299
 53 5.500000 0.000000 0.000000 0.084857 0.000000 -0.000000
 54 0.000000 0.000001 -5.000001 -0.044472 3.137589 -0.000177
 55 6.551490 0.000001 -0.000002 -0.084857 -0.179641 -0.261494
 56 -1.266843 -1.937444 -4.950562 -0.066572 -2.988806 -0.110308
 57 6.551491 0.000000 -0.000002 -0.084857 -0.179641 -0.261494
 58 0.699371 -1.944211 -5.006847 -0.027189 -3.088217 0.005298
 59 4.226144 -0.003200 -0.000000 0.016564 0.229227 0.204104
 60 0.000003 5.000002 0.000000 -0.153564 0.000087 2.718702
 61 0.000004 -0.000005 -3.713580 0.365818 2.880119 -0.191589
 62 0.000003 -0.000000 5.000000 3.053196 1.558589 -0.074928
 63 -0.000007 0.000005 3.713580 -0.001619 -3.122277 -0.475127
 64 0.000001 -0.000000 -5.000000 -0.088725 1.558589 3.066336
 65 7.363602 1.646647 0.495663 3.141593 -1.570796 0.000000
 66 -0.000005 0.000006 3.619081 0.008255 -3.110080 -0.985231
 67 16.573919 0.000001 0.000000 0.000000 0.000000 -1.065827
 68 15.128181 0.000001 -0.000000 -0.102296 0.010178 0.114297
 69 5.758665 4.244731 -0.000000 0.000000 -0.000000 1.667687
 70 3.177726 0.000000 0.000000 0.000000 0.000000 3.141593
 71 15.708952 0.000001 0.000000 -0.051525 0.003996 0.061523
 72 0.275148 0.189215 -3.445208 3.130898 0.000409 -1.514604
 73 17.210192 0.000001 0.000000 0.000000 0.000000 -1.893339
 74 -0.000000 0.000000 -4.999999 -0.079430 1.546568 -1.570855
 75 0.000002 -0.000003 -3.619081 0.577895 2.675801 -0.242118
 76 16.573923 -0.000000 -0.000001 0.000000 -0.000000 -1.163030
 77 15.128182 -0.000000 0.000002 0.089479 0.309197 0.659208
 78 5.758665 4.244730 0.000000 -0.000000 0.000000 1.815142
 79 4.003934 -0.000000 0.000000 0.000000 0.000000 0.000000
 80 15.708954 0.000000 0.000002 0.042277 0.226871 0.443133
 81 0.273998 0.191089 3.439762 -3.130907 -0.000437 -1.508107
 82 17.210196 -0.000001 -0.000002 0.000000 -0.000000 -1.937080
 83 0.000001 -0.000001 5.000000 -0.079314 1.595025 -1.570739
time 49
  0 -0.650000 0.000000 33.899605 -0.025849 0.174554 -1.569172
  1 5.685105 0.833237 -32.227173 -0.174512 -0.026131 1.569196
  2 -2.276935 0.000003 -1.238188 -1.570795 -1.570451 0.000000
  3 1.798123 0.712003 -0.000587 0.179274 -0.015751 0.307376
  4 4.118859 -0.003173 -0.000795 0.245245 -0.050504 0.066829
  5 4.118848 -0.003213 -0.000611 0.187708 -0.060080 0.065192
  6 4.118842 -0.003212 -0.000612 0.187687 -0.048443 0.066484
  7 4.119855 -0.003310 -0.000156 0.049433 0.453676 0.382456
  8 4.443597 0.000001 -0.000000 0.024252 -1.020772 0.309264
  9 9.024062 -0.000002 -0.000000 0.000000 0.000000 0.000000
 10 -0.759406 0.080494 1.555538 0.451359 -0.889210 2.246221
 11 6.384776 0.000000 0.000003 -0.312175 0.750098 -0.203503
 12 10.242684 0.000001 -0.000002 0.000000 0.000000 -1.823875
 13 11.375562 0.000000 -0.000000 -0.514031 -0.452875 -0.117944
 14 0.728682 0.023433 -1.008292 0.125117 0.533129 0.208774
 15 2.136497 0.000003 -0.000001 0.000000 0.000000 -0.078454
 16 2.313140 0.000001 -0.000001 0.000000 0.000000 0.000000
 17 3.115507 -0.886039 -0.021432 -0.578448 -0.174495 0.251294
 18 2.011150 -0.000000 -0.000000 -0.000000 0.000000 0.241168
 19 2.141379 0.000002 -0.000000 0.000000 0.000000 0.000000
 20 1.734172 0.000000 0.000000 -0.000000 0.000000 0.121274
 21 0.000006 -4.440594 -0.000001 1.570544 -0.062990 -0.195737
 22 6.000000 0.000000 0.000000 -0.773584 -0.000000 0.000000
 23 0.000001 -4.440603 -0.000001 1.569944 -0.062987 0.004053
 24 11.375561 -0.000001 0.000004 -1.065786 -0.261084 0.006770
 25 -0.000001 -4.440604 -0.000001 1.570144 -0.062988 0.004040
 26 10.510133 -0.000000 -0.000004 -0.000000 -0.000000 -2.482734
 27 -0.000000 -1.748401 4.999998 -0.000000 0.004007 1.602291
 28 5.500002 -0.000001 -0.000002 0.119906 0.000000 -0.000000
 29 -0.000002 -1.940597 5.000000 -0.044472 0.004003 -0.000180
 30 6.551491 -0.000001 0.000002 -0.228156 0.516455 -0.123488
 31 0.000000 -1.940599 5.000003 -0.027189 -0.053376 0.005295
 32 6.551491 -0.000001 0.000002 -0.099078 0.255167 -0.043019
 33 -0.000000 -1.940599 4.999996 -0.066572 -0.152786 -0.110311
 34 0.759405 -0.073415 -1.555540 2.655345 0.846245 -0.931143
 35 6.384776 0.000002 -0.000002 -0.096338 -0.620844 -0.951458
 36 10.242681 -0.000000 0.000001 -0.000000 0.000000 -1.540904
 37 11.375563 0.000002 0.000001 1.970636 -0.208052 0.304500
 38 0.728680 0.023431 1.008292 -2.027434 -0.416219 0.534151
 39 2.136496 -0.000000 -0.000001 -0.000000 -0.000000 1.282817
 40 2.313139 -0.000001 0.000001 0.000000 0.000000 3.141593
 41 3.115508 -0.886041 0.021430 0.518003 0.053583 0.680575
 42 2.011150 0.000002 0.000001 -0.000000 -0.000000 2.082010
 43 2.141380 -0.000000 -0.000000 0.000000 0.000000 3.141593
 44 1.734172 -0.000001 0.000001 -0.000000 0.000000 1.041748
 45 0.136315 -3.738192 2.525891 1.493698 2.759406 -1.474501
 46 3.401196 -0.082822 2.201395 1.059647 2.922362 1.414543
 47 11.389369 -0.000818 0.158782 1.775246 -0.096904 0.179241
 48 -0.000001 -4.440599 -0.000000 1.570144 -3.078602 0.004040
 49 6.000002 0.000002 0.000001 1.775246 0.000000 -0.000000
 50 0.000003 -4.440602 -0.000001 1.569944 -3.078603 0.004053
 51 10.510132 0.000001 0.000002 0.000000 -0.000000 -2.341249
 52 -0.000000 -1.748400 -5.000001 3.141593 0.004007 -1.539299
 53 5.500000 0.000001 0.000000 0.084577 -0.000000 0.000000
 54 -0.000001 0.000001 -5.000001 -0.044472 3.137589 -0.000177
 55 6.551490 0.000000 -0.000001 -0.084577 -0.188682 -0.263897
 56 -1.266843 -1.937443 -4.950562 -0.066572 -2.988806 -0.110308
 57 6.551490 0.000000 -0.000001 -0.084577 -0.188682 -0.263897
 58 0.699371 -1.944208 -5.006848 -0.027189 -3.088217 0.005298
 59 4.226147 -0.003201 -0.000000 0.002854 0.233767 0.198812
 60 0.000001 5.000001 0.000001 -0.153564 0.000087 2.718702
 61 0.000004 -0.000005 -3.713580 0.365818 2.880119 -0.191589
 62 0.000003 -0.000000 5.000000 3.053196 1.558589 -0.074928
 63 -0.000007 0.000005 3.713580 -0.001619 -3.122277 -0.475127
 64 0.000001 -0.000000 -5.000000 -0.088725 1.558589 3.066336
 65 7.363602 1.646647 0.495663 3.141593 -1.570796 0.000000
 66 -0.000005 0.000006 3.619081 0.008255 -3.110080 -0.985231
 67 16.573919 0.000001 0.000000 0.000000 0.000000 -1.065827
 68 15.128181 0.000001 -0.000000 -0.102296 0.010178 0.114297
 69 5.758665 4.244731 -0.000000 0.000000 -0.000000 1.667687
 70 3.177726 0.000000 0.000000 0.000000 0.000000 3.141593
 71 15.708952 0.000001 0.000000 -0.051525 0.003996 0.061523
 72 0.275148 0.189215 -3.445208 3.130898 0.000409 -1.514604
 73 17.210192 0.000001 0.000000 0.000000 0.000000 -1.893339
 74 -0.000000 0.000000 -4.999999 -0.079430 1.546568 -1.570855
 75 0.000002 -0.000003 -3.619081 0.577895 2.675801 -0.242118
 76 16.573923 -0.000000 -0.000001 0.000000 -0.000000 -1.163030
 77 15.128182 -0.000000 0.000002 0.089479 0.309197 0.659208
 78 5.758665 4.244730 0.000000 -0.000000 0.000000 1.815142
 79 4.003934 -0.000000 0.000000 0.000000 0.000000 0.000000
 80 15.708954 0.000000 0.000002 0.042277 0.226871 0.443133
 81 0.273998 0.191089 3.439762 -3.130907 -0.000437 -1.508107
 82 17.210196 -0.000001 -0.000002 0.000000 -0.000000 -1.937080
 83 0.000001 -0.000001 5.000000 -0.079314 1.595025 -1.570739
time 50
  0 -0.650000 0.000000 33.899605 -0.025849 0.174554 -1.569172
  1 5.685105 0.833237 -32.227173 -0.174512 -0.026131 1.569196
  2 -2.276935 0.000003 -1.238188 -1.570795 -1.570451 0.000000
  3 1.798115 0.712008 -0.000633 0.193639 -0.007859 0.305885
  4 4.118850 -0.003204 -0.000658 0.202298 -0.053153 0.066129
  5 4.118849 -0.003203 -0.000658 0.202445 -0.066976 0.063377
  6 4.118848 -0.003202 -0.000659 0.202300 -0.053135 0.066042
  7 4.119849 -0.003312 -0.000071 0.022891 0.463610 0.369439
  8 4.443599 -0.000000 -0.000001 0.045472 -1.033772 0.303828
  9 9.024060 -0.000001 0.000000 0.000000 0.000000 0.000000
 10 -0.774837 0.039007 1.549415 0.461068 -0.865719 2.238376
 11 6.384776 0.000000 -0.000000 -0.295146 0.702950 -0.148282
 12 10.242684 0.000001 -0.000001 -0.000000 -0.000000 -1.828307
 13 11.375563 -0.000001 -0.000000 -0.541825 -0.474769 -0.076821
 14 0.728681 0.023430 -1.008293 0.125076 0.533138 0.208693
 15 2.136497 0.000001 0.000000 -0.000000 -0.000000 -0.078540
 16 2.313139 -0.000000 0.000000 0.000000 0.000000 0.000000
 17 3.115508 -0.886041 -0.021431 -0.595518 -0.185122 0.249070
 18 2.011151 0.000002 0.000000 -0.000000 -0.000000 0.231961
 19 2.141379 0.000001 -0.000000 0.000000 0.000000 0.000000
 20 1.734172 0.000003 0.000001 0.000000 -0.000000 0.116653
 21 0.000005 -4.440594 -0.000001 1.570544 -0.062990 -0.195737
 22 6.000000 -0.000001 -0.000000 -0.796643 0.000000 -0.000000
 23 0.000002 -4.440603 0.000000 1.569944 -0.062987 0.004053
 24 11.375563 0.000000 0.000002 -1.079015 -0.265838 0.029715
 25 -0.000001 -4.440605 -0.000000 1.570144 -0.062988 0.004040
 26 10.510134 0.000001 -0.000001 -0.000000 0.000000 -2.484950
 27 0.000001 -1.748403 5.000000 -0.000000 0.004007 1.602291
 28 5.500003 -0.000000 -0.000002 0.122428 0.000000 0.000000
 29 -0.000001 -1.940597 5.000001 -0.044472 0.004003 -0.000180
 30 6.551492 -0.000000 -0.000001 -0.226275 0.504172 -0.078531
 31 -0.000001 -1.940598 5.000002 -0.027189 -0.053376 0.005295
 32 6.551492 -0.000000 -0.000001 -0.101817 0.248485 -0.022508
 33 0.000000 -1.940599 4.999999 -0.066572 -0.152786 -0.110311
 34 0.774840 -0.031929 -1.549417 2.657730 0.817829 -0.924040
 35 6.384776 0.000002 0.000001 -0.085442 -0.642292 -0.979298
 36 10.242682 -0.000000 -0.000000 0.000000 0.000000 -1.532249
 37 11.375560 -0.000001 -0.000002 1.922912 -0.257711 0.288632
 38 0.728681 0.023430 1.008293 -2.027434 -0.416219 0.534151
 39 2.136497 0.000002 -0.000000 -0.000000 0.000000 1.282817
 40 2.313139 -0.000000 0.000001 0.000000 0.000000 3.141593
 41 3.115507 -0.886040 0.021432 0.518003 0.053583 0.680575
 42 2.011149 0.000002 0.000000 0.000000 -0.000000 2.082010
 43 2.141379 0.000001 0.000001 0.000000 0.000000 3.141593
 44 1.734171 -0.000001 0.000000 0.000000 -0.000000 1.041748
 45 0.136314 -3.738193 2.525890 1.493698 2.759406 -1.474501
 46 3.401196 -0.082821 2.201396 1.059647 2.922362 1.414544
 47 11.389367 -0.000819 0.158781 1.752099 -0.126794 0.170880
 48 -0.000000 -4.440600 -0.000000 1.570144 -3.078602 0.004040
 49 5.999999 -0.000002 -0.000001 1.752099 -0.000000 0.000000
 50 0.000001 -4.440603 0.000002 1.569944 -3.078603 0.004053
 51 10.510132 0.000000 0.000000 0.000000 -0.000000 -2.336921
 52 0.000000 -1.748398 -5.000000 -3.141593 0.004007 -1.539299
 53 5.500000 0.000000 -0.000000 0.085096 -0.000000 0.000000
 54 -0.000002 0.000002 -5.000000 -0.044472 3.137589 -0.000177
 55 6.551490 0.000001 0.000001 -0.085096 -0.195609 -0.266540
 56 -1.266844 -1.937442 -4.950562 -0.066572 -2.988806 -0.110308
 57 6.551490 0.000001 0.000001 -0.085096 -0.195609 -0.266540
 58 0.699371 -1.944208 -5.006849 -0.027189 -3.088217 0.005298
 59 4.226147 -0.003200 -0.000000 -0.009959 0.237835 0.193645
 60 -0.000002 5.000002 -0.000000 -0.153564 0.000087 2.718702
 61 0.000004 -0.000005 -3.713580 0.365818 2.880119 -0.191589
 62 0.000003 -0.000000 5.000000 3.053196 1.558589 -0.074928
 63 -0.000007 0.000005 3.713580 -0.001619 -3.122277 -0.475127
 64 0.000001 -0.000000 -5.000000 -0.088725 1.558589 3.066336
 65 7.363602 1.646647 0.495663 3.141593 -1.570796 0.000000
 66 -0.000005 0.000006 3.619081 0.008255 -3.110080 -0.985231
 67 16.573919 0.000001 0.000000 0.000000 0.000000 -1.065827
 68 15.128181 0.000001 -0.000000 -0.102296 0.010178 0.114297
 69 5.758665 4.244731 -0.000000 0.000000 -0.000000 1.667687
 70 3.177726 0.000000 0.000000 0.000000 0.000000 3.141593
 71 15.708952 0.000001 0.000000 -0.051525 0.003996 0.061523
 72 0.275148 0.189215 -3.445208 3.130898 0.000409 -1.514604
 73 17.210192 0.000001 0.000000 0.000000 0.000000 -1.893339
 74 -0.000000 0.000000 -4.999999 -0.079430 1.546568 -1.570855
 75 0.000002 -0.000003 -3.619081 0.577895 2.675801 -0.242118
 76 16.573923 -0.000000 -0.000001 0.000000 -0.000000 -1.163030
 77 15.128182 -0.000000 0.000002 0.089479 0.309197 0.659208
 78 5.758665 4.244730 0.000000 -0.000000 0.000000 1.815142
 79 4.003934 -0.000000 0.000000 0.000000 0.000000 0.000000
 80 15.708954 0.000000 0.000002 0.042277 0.226871 0.443133
 81 0.273998 0.191089 3.439762 -3.130907 -0.000437 -1.508107
 82 17.210196 -0.000001 -0.000002 0.000000 -0.000000 -1.937080
 83 0.000001 -0.000001 5.000000 -0.079314 1.595025 -1.570739
end
