version 1
nodes
  0 "Bip01"  -1
  1 "Bip01 Footsteps"   0
  2 "Bip01 Pelvis"   0
  3 "Bip01 Spine"   2
  4 "Bip01 Spine1"   3
  5 "Bip01 Spine2"   4
  6 "Bip01 Spine3"   5
  7 "Bip01 Neck"   6
  8 "Bip01 Head"   7
  9 "Dummy21"   8
 10 "Bip01 L Clavicle"   7
 11 "Bip01 L UpperArm"  10
 12 "Bip01 L Forearm"  11
 13 "Bip01 L Hand"  12
 14 "Bip01 L Finger0"  13
 15 "Bip01 L Finger01"  14
 16 "Dummy06"  15
 17 "Bip01 L Finger1"  13
 18 "Bip01 L Finger11"  17
 19 "Dummy03"  18
 20 "-- L knuckle"  17
 21 "-- L knuckle_end"  20
 22 "-- L Forearm twist"  12
 23 "-- L Forearm twist_end"  22
 24 "-- L wrist"  12
 25 "-- L wrist_end"  24
 26 "-- L Elbow"  11
 27 "--L Elbow_end"  26
 28 "-- L bicep twist"  11
 29 "-- L bicep twist_end"  28
 30 "-- L shoulder outside"  10
 31 "-- L shoulder outside_end"  30
 32 "-- L Shoulder inside"  10
 33 "-- L Shoulder inside_end"  32
 34 "Bip01 R Clavicle"   7
 35 "Bip01 R UpperArm"  34
 36 "Bip01 R Forearm"  35
 37 "Bip01 R Hand"  36
 38 "Bip01 R Finger0"  37
 39 "Bip01 R Finger01"  38
 40 "Dummy01"  39
 41 "Bip01 R Finger1"  37
 42 "Bip01 R Finger11"  41
 43 "Dummy02"  42
 44 "-- R knuckle"  41
 45 "Point06"  44
 46 "Line03"  37
 47 "-- R wrist"  36
 48 "-- R wrist_end"  47
 49 "-- R forearm twist"  36
 50 "-- R forearm twist_end"  49
 51 "-- R Elbow"  35
 52 "--R Elbow_end"  51
 53 "-- R bicep twist"  35
 54 "-- R bicep twist_end"  53
 55 "-- R Shoulder inside"  34
 56 "-- R Shoulder inside_end"  55
 57 "-- R shoulder outside"  34
 58 "-- R shoulder outside_end"  57
 59 "-- Neck smooth"   6
 60 "-- neck smooth end"  59
 61 "-- R Butt"   2
 62 "--R Butt_end"  61
 63 "-- L butt"   2
 64 "--L butt_end"  63
 65 "GIGN01"   2
 66 "Bip01 L Thigh"   2
 67 "Bip01 L Calf"  66
 68 "Bip01 L Foot"  67
 69 "Bip01 L Toe0"  68
 70 "Dummy16"  69
 71 "-- L ankle"  67
 72 "-- L ankleend"  71
 73 "-- L Knee"  66
 74 "--L Knee_end"  73
 75 "Bip01 R Thigh"   2
 76 "Bip01 R Calf"  75
 77 "Bip01 R Foot"  76
 78 "Bip01 R Toe0"  77
 79 "Dummy11"  78
 80 "-- R Ankle"  76
 81 "-- R ankleend"  80
 82 "-- R Knee"  75
 83 "--R Knee_end"  82
end
skeleton
time 0
  0 -0.650000 0.000000 33.899605 -0.025849 0.174554 -1.569172
  1 5.816420 0.852483 -32.971565 -0.174512 -0.026131 1.569196
  2 -2.276935 0.000003 -1.238188 -1.570795 -1.570451 0.000000
  3 1.797146 0.711873 0.000705 -0.218670 -0.107908 0.024889
  4 4.119945 -0.002914 0.000685 -0.211453 0.090749 0.411772
  5 4.119035 -0.003169 0.000720 -0.221453 0.045208 0.126390
  6 4.118693 -0.003193 0.000741 -0.228120 0.007030 0.027244
  7 4.117067 -0.002425 -0.002067 0.814183 0.637496 -0.002676
  8 4.443599 0.000000 -0.000000 0.159785 -0.425373 0.249481
  9 9.024063 0.000001 -0.000000 0.000000 0.000000 0.000000
 10 -1.031291 1.016036 0.955829 1.046333 -0.622604 2.390841
 11 6.384776 0.000000 0.000003 -1.116778 0.194666 -0.675289
 12 10.242681 -0.000001 0.000000 0.000000 -0.000000 -1.892292
 13 11.375560 0.000001 0.000002 2.891833 0.525459 0.626897
 14 0.728680 0.023430 -1.008292 1.202975 0.409398 0.881725
 15 2.136494 -0.000000 -0.000000 -0.000000 -0.000000 -0.078540
 16 2.313140 0.000000 -0.000001 0.000000 0.000000 0.000000
 17 3.115506 -0.886041 -0.021432 -0.166499 0.000392 0.514872
 18 2.011148 -0.000002 0.000001 -0.000000 0.000000 1.322792
 19 2.141379 -0.000000 -0.000001 0.000000 0.000000 0.000000
 20 1.734172 0.000001 -0.000000 -0.000000 0.000000 0.660693
 21 0.000004 -4.440593 0.000000 1.570544 -0.062990 -0.195737
 22 6.000000 0.000000 0.000001 -3.086704 -0.000000 -0.000000
 23 0.000002 -4.440601 -0.000000 1.569944 -0.062987 0.004053
 24 11.375563 -0.000000 0.000006 -2.492519 0.094837 0.457196
 25 -0.000002 -4.440603 0.000001 1.570144 -0.062988 0.004040
 26 10.510130 -0.000001 0.000000 -0.000000 -0.000000 -2.516942
 27 0.000001 -1.748401 4.999999 -0.000000 0.004007 1.602291
 28 5.500000 -0.000001 0.000000 0.413177 -0.000000 0.000000
 29 -0.000004 -1.940598 5.000003 -0.044472 0.004003 -0.000180
 30 6.551491 -0.000001 0.000002 -0.773238 0.214301 -0.488713
 31 0.000001 -1.940600 5.000000 -0.027189 -0.053376 0.005295
 32 6.551491 -0.000001 0.000002 -0.337583 0.145735 -0.199744
 33 0.000000 -1.940599 4.999998 -0.066572 -0.152786 -0.110311
 34 1.031293 -1.008959 -0.955830 1.703638 1.000841 -1.204211
 35 6.384777 0.000001 0.000001 0.126325 0.152297 -1.057791
 36 10.242683 0.000000 0.000002 0.000000 0.000000 -2.258098
 37 11.375563 0.000000 -0.000003 2.718009 0.147105 0.675564
 38 0.728680 0.023431 1.008290 -1.579583 -0.319038 0.212973
 39 2.136496 0.000001 -0.000000 -0.000000 -0.000000 1.282817
 40 2.313140 -0.000002 -0.000000 0.000000 0.000000 3.141593
 41 3.115507 -0.886041 0.021430 0.420766 0.316066 0.167178
 42 2.011150 0.000001 -0.000002 -0.000000 0.000000 2.082010
 43 2.141379 0.000000 -0.000001 0.000000 0.000000 3.141593
 44 1.734172 -0.000001 -0.000001 -0.000000 -0.000000 1.041748
 45 0.136315 -3.738193 2.525889 1.493698 2.759406 -1.474501
 46 10.273803 -0.437101 1.198990 1.793563 0.004868 1.507198
 47 11.389366 -0.000819 0.158778 2.129014 0.176702 0.322510
 48 0.000001 -4.440601 0.000002 1.570144 -3.078602 0.004040
 49 6.000000 0.000001 -0.000000 2.129014 0.000000 0.000000
 50 0.000002 -4.440599 -0.000000 1.569944 -3.078603 0.004053
 51 10.510131 0.000000 0.000003 -0.000000 -0.000000 -2.699846
 52 -0.000001 -1.748399 -5.000000 3.141593 0.004007 -1.539299
 53 5.500000 0.000000 0.000001 -0.060404 -0.000000 0.000000
 54 -0.000000 -0.000000 -4.999997 -0.044472 3.137589 -0.000177
 55 6.551491 0.000000 0.000002 0.060404 0.028247 -0.297318
 56 -1.266844 -1.937443 -4.950559 -0.066572 -2.988806 -0.110308
 57 6.551491 0.000000 0.000002 0.060404 0.028247 -0.297318
 58 0.699370 -1.944206 -5.006847 -0.027189 -3.088217 0.005298
 59 4.226147 -0.003201 -0.000000 0.383112 0.329769 -0.074292
 60 0.000002 5.000000 0.000000 -0.153564 0.000087 2.718702
 61 0.000004 -0.000004 -3.713580 0.018865 -3.096651 -0.324845
 62 -0.000002 0.000000 5.000000 3.053198 1.558589 -0.074926
 63 -0.000007 0.000006 3.713580 -0.159276 -2.977491 -0.403653
 64 0.000001 -0.000000 -5.000000 -0.088724 1.558589 3.066337
 65 7.363602 1.646647 0.495663 3.141593 -1.570796 0.000000
 66 -0.000005 0.000007 3.619081 -0.217558 -2.796588 -0.810634
 67 16.573919 -0.000001 0.000000 0.000000 0.000000 -2.033247
 68 15.128181 0.000002 -0.000000 0.271612 0.009043 -0.097069
 69 5.758665 4.244730 0.000000 0.000000 -0.000000 1.842220
 70 3.177726 -0.000001 -0.000001 0.000000 0.000000 3.141593
 71 15.708953 0.000001 -0.000001 0.136460 0.001254 -0.052592
 72 0.275149 0.189214 -3.445208 3.130898 0.000409 -1.514604
 73 17.210194 -0.000002 0.000000 -0.000000 -0.000000 -2.328678
 74 -0.000000 0.000001 -4.999999 -0.079432 1.546568 -1.570855
 75 0.000002 -0.000003 -3.619081 0.034416 -3.071533 -0.493407
 76 16.573921 -0.000000 0.000000 0.000000 0.000000 -1.045581
 77 15.128181 0.000002 0.000000 0.002618 -0.051986 0.588317
 78 5.758665 4.244731 -0.000000 -0.000000 0.000000 1.815142
 79 4.003934 0.000000 0.000000 0.000000 0.000000 0.000000
 80 15.708955 0.000001 0.000000 0.004296 -0.037430 0.405337
 81 0.273998 0.191090 3.439762 -3.130907 -0.000437 -1.508107
 82 17.210194 0.000000 0.000000 -0.000000 -0.000000 -1.884228
 83 0.000000 -0.000001 5.000000 -0.079311 1.595025 -1.570737
time 1
  0 -0.650000 0.000000 33.899605 -0.025849 0.174554 -1.569172
  1 5.816420 0.852483 -32.971565 -0.174512 -0.026131 1.569196
  2 -2.276935 0.000003 -1.238188 -1.570795 -1.570451 0.000000
  3 1.797141 0.711871 0.000696 -0.215814 -0.108240 0.023429
  4 4.119925 -0.002923 0.000678 -0.209166 0.088895 0.406152
  5 4.119051 -0.003169 0.000712 -0.218921 0.045509 0.130661
  6 4.118712 -0.003196 0.000732 -0.225263 0.007538 0.031416
  7 4.117062 -0.002424 -0.002067 0.814889 0.638133 -0.002442
  8 4.443600 0.000000 0.000001 0.135557 -0.432345 0.282041
  9 9.024058 0.000001 0.000000 0.000000 0.000000 0.000000
 10 -1.032174 1.016232 0.954665 1.046362 -0.621798 2.391158
 11 6.384777 -0.000001 -0.000001 -1.106890 0.240916 -0.655494
 12 10.242682 0.000001 -0.000002 0.000000 -0.000000 -1.919934
 13 11.375561 -0.000001 0.000002 2.870697 0.488201 0.590095
 14 0.728681 0.023430 -1.008290 1.202975 0.409398 0.881725
 15 2.136495 -0.000001 -0.000000 -0.000000 0.000000 -0.078540
 16 2.313138 0.000000 -0.000001 0.000000 0.000000 0.000000
 17 3.115507 -0.886040 -0.021431 -0.166499 0.000392 0.514872
 18 2.011149 0.000002 0.000001 0.000000 0.000000 1.322792
 19 2.141379 -0.000000 -0.000001 0.000000 0.000000 0.000000
 20 1.734170 0.000002 0.000001 0.000000 0.000000 0.660693
 21 0.000005 -4.440593 0.000002 1.570544 -0.062990 -0.195737
 22 6.000000 -0.000000 0.000002 -3.102066 -0.000000 0.000000
 23 0.000001 -4.440602 0.000001 1.569944 -0.062987 0.004053
 24 11.375560 -0.000000 0.000005 -2.500993 0.082204 0.435385
 25 -0.000001 -4.440603 -0.000002 1.570144 -0.062988 0.004040
 26 10.510129 0.000001 -0.000001 0.000000 0.000000 -2.530763
 27 0.000002 -1.748401 5.000000 -0.000000 0.004007 1.602291
 28 5.500001 0.000001 -0.000001 0.408232 -0.000000 0.000000
 29 -0.000002 -1.940598 5.000001 -0.044472 0.004003 -0.000180
 30 6.551492 -0.000001 -0.000000 -0.766604 0.244705 -0.470603
 31 -0.000001 -1.940599 5.000000 -0.027189 -0.053376 0.005295
 32 6.551492 -0.000001 -0.000000 -0.333566 0.157596 -0.188985
 33 0.000000 -1.940599 4.999999 -0.066572 -0.152786 -0.110311
 34 1.032177 -1.009155 -0.954665 1.711624 0.999452 -1.194599
 35 6.384777 -0.000000 -0.000002 0.099058 0.160738 -1.041093
 36 10.242683 -0.000000 0.000001 -0.000000 0.000000 -2.257401
 37 11.375562 0.000000 0.000002 2.697511 0.166087 0.645817
 38 0.728680 0.023430 1.008293 -1.579583 -0.319038 0.212973
 39 2.136496 0.000001 0.000000 -0.000000 -0.000000 1.282817
 40 2.313138 -0.000000 0.000000 0.000000 0.000000 3.141593
 41 3.115507 -0.886041 0.021433 0.420766 0.316066 0.167178
 42 2.011151 0.000000 0.000001 0.000000 0.000000 2.082010
 43 2.141379 0.000000 0.000001 0.000000 0.000000 3.141593
 44 1.734172 -0.000000 0.000001 -0.000000 -0.000000 1.041748
 45 0.136316 -3.738191 2.525892 1.493698 2.759406 -1.474501
 46 10.273804 -0.437102 1.198992 1.793563 0.004868 1.507198
 47 11.389365 -0.000819 0.158783 2.117695 0.180755 0.306173
 48 0.000000 -4.440599 -0.000001 1.570144 -3.078602 0.004040
 49 6.000000 0.000000 0.000001 2.117695 -0.000000 0.000000
 50 0.000002 -4.440599 -0.000001 1.569944 -3.078603 0.004053
 51 10.510132 -0.000000 0.000003 0.000000 -0.000000 -2.699497
 52 0.000000 -1.748400 -5.000003 3.141593 0.004007 -1.539299
 53 5.500001 -0.000000 0.000003 -0.051162 -0.000000 -0.000000
 54 -0.000001 0.000001 -5.000001 -0.044472 3.137589 -0.000177
 55 6.551490 0.000001 -0.000003 0.051162 0.036181 -0.294308
 56 -1.266844 -1.937442 -4.950562 -0.066572 -2.988806 -0.110308
 57 6.551491 0.000000 -0.000003 0.051162 0.036181 -0.294308
 58 0.699370 -1.944207 -5.006850 -0.027189 -3.088217 0.005298
 59 4.226145 -0.003202 -0.000001 0.383373 0.330096 -0.074308
 60 -0.000003 5.000000 -0.000000 -0.153564 0.000087 2.718702
 61 0.000004 -0.000004 -3.713580 0.018865 -3.096651 -0.324845
 62 -0.000002 0.000000 5.000000 3.053198 1.558589 -0.074926
 63 -0.000007 0.000006 3.713580 -0.159276 -2.977491 -0.403653
 64 0.000001 -0.000000 -5.000000 -0.088724 1.558589 3.066337
 65 7.363602 1.646647 0.495663 3.141593 -1.570796 0.000000
 66 -0.000005 0.000007 3.619081 -0.217558 -2.796588 -0.810634
 67 16.573919 -0.000001 0.000000 0.000000 0.000000 -2.033247
 68 15.128181 0.000002 -0.000000 0.271612 0.009043 -0.097069
 69 5.758665 4.244730 0.000000 0.000000 -0.000000 1.842220
 70 3.177726 -0.000001 -0.000001 0.000000 0.000000 3.141593
 71 15.708953 0.000001 -0.000001 0.136460 0.001254 -0.052592
 72 0.275149 0.189214 -3.445208 3.130898 0.000409 -1.514604
 73 17.210194 -0.000002 0.000000 -0.000000 -0.000000 -2.328678
 74 -0.000000 0.000001 -4.999999 -0.079432 1.546568 -1.570855
 75 0.000002 -0.000003 -3.619081 0.034416 -3.071533 -0.493407
 76 16.573921 -0.000000 0.000000 0.000000 0.000000 -1.045581
 77 15.128181 0.000002 0.000000 0.002618 -0.051986 0.588317
 78 5.758665 4.244731 -0.000000 -0.000000 0.000000 1.815142
 79 4.003934 0.000000 0.000000 0.000000 0.000000 0.000000
 80 15.708955 0.000001 0.000000 0.004296 -0.037430 0.405337
 81 0.273998 0.191090 3.439762 -3.130907 -0.000437 -1.508107
 82 17.210194 0.000000 0.000000 -0.000000 -0.000000 -1.884228
 83 0.000000 -0.000001 5.000000 -0.079311 1.595025 -1.570737
time 2
  0 -0.650000 0.000000 33.899605 -0.025849 0.174554 -1.569172
  1 5.816420 0.852483 -32.971565 -0.174512 -0.026131 1.569196
  2 -2.276935 0.000003 -1.238188 -1.570795 -1.570451 0.000000
  3 1.797128 0.711866 0.000669 -0.207565 -0.109173 0.019179
  4 4.119875 -0.002951 0.000657 -0.202507 0.083607 0.389880
  5 4.119091 -0.003170 0.000688 -0.211611 0.046342 0.143215
  6 4.118749 -0.003200 0.000705 -0.217001 0.008964 0.043689
  7 4.117050 -0.002411 -0.002071 0.821534 0.644095 -0.000222
  8 4.443601 -0.000001 0.000000 0.068458 -0.447134 0.362214
  9 9.024060 0.000001 -0.000000 0.000000 0.000000 0.000000
 10 -1.040453 1.018029 0.943706 1.046650 -0.614242 2.394126
 11 6.384777 -0.000000 0.000002 -1.071774 0.356643 -0.612654
 12 10.242682 0.000001 0.000000 -0.000000 -0.000000 -1.980825
 13 11.375562 -0.000002 0.000001 2.833354 0.387288 0.503161
 14 0.728679 0.023432 -1.008292 1.202975 0.409398 0.881725
 15 2.136496 0.000001 -0.000001 0.000000 0.000000 -0.078540
 16 2.313139 -0.000001 0.000000 0.000000 0.000000 0.000000
 17 3.115505 -0.886039 -0.021432 -0.166499 0.000392 0.514872
 18 2.011150 0.000001 0.000001 -0.000000 0.000000 1.322792
 19 2.141380 -0.000001 0.000000 0.000000 0.000000 0.000000
 20 1.734171 0.000001 0.000000 -0.000000 0.000000 0.660693
 21 0.000003 -4.440595 0.000001 1.570544 -0.062990 -0.195737
 22 6.000001 -0.000001 0.000001 -3.128421 -0.000000 -0.000000
 23 0.000001 -4.440602 -0.000000 1.569944 -0.062987 0.004053
 24 11.375562 -0.000000 0.000003 -2.516387 0.048533 0.377209
 25 0.000001 -4.440604 0.000000 1.570144 -0.062988 0.004040
 26 10.510132 0.000001 -0.000001 0.000000 -0.000000 -2.561209
 27 -0.000001 -1.748401 4.999997 -0.000000 0.004007 1.602291
 28 5.500000 0.000001 -0.000001 0.392250 0.000000 -0.000000
 29 -0.000002 -1.940599 5.000001 -0.044472 0.004003 -0.000180
 30 6.551492 0.000000 0.000002 -0.743532 0.321305 -0.423435
 31 0.000001 -1.940599 5.000001 -0.027189 -0.053376 0.005295
 32 6.551492 0.000000 0.000002 -0.320532 0.187339 -0.161194
 33 0.000001 -1.940599 4.999997 -0.066572 -0.152786 -0.110311
 34 1.040457 -1.010953 -0.943707 1.734944 0.990702 -1.165572
 35 6.384776 -0.000000 -0.000000 0.034953 0.183462 -0.994382
 36 10.242682 0.000000 0.000001 -0.000000 -0.000000 -2.257172
 37 11.375561 0.000002 0.000002 2.644427 0.210918 0.569869
 38 0.728680 0.023431 1.008291 -1.579583 -0.319038 0.212973
 39 2.136498 -0.000003 -0.000000 0.000000 -0.000000 1.282817
 40 2.313142 -0.000001 -0.000001 0.000000 0.000000 3.141593
 41 3.115507 -0.886040 0.021430 0.420765 0.316066 0.167178
 42 2.011150 0.000000 0.000001 -0.000000 -0.000000 2.082010
 43 2.141379 0.000000 0.000001 0.000000 0.000000 3.141593
 44 1.734172 -0.000001 -0.000000 -0.000000 -0.000000 1.041748
 45 0.136315 -3.738193 2.525889 1.493698 2.759406 -1.474501
 46 10.273803 -0.437101 1.198990 1.793563 0.004868 1.507198
 47 11.389366 -0.000818 0.158783 2.089282 0.190231 0.264733
 48 0.000001 -4.440599 -0.000001 1.570144 -3.078602 0.004040
 49 6.000000 0.000001 0.000002 2.089281 -0.000000 0.000000
 50 0.000003 -4.440603 -0.000000 1.569944 -3.078603 0.004053
 51 10.510131 0.000000 0.000001 0.000000 0.000000 -2.699383
 52 0.000001 -1.748400 -5.000001 -3.141593 0.004007 -1.539299
 53 5.500000 0.000000 0.000000 -0.030134 0.000000 0.000000
 54 -0.000002 0.000001 -5.000002 -0.044472 3.137589 -0.000177
 55 6.551490 -0.000001 0.000000 0.030134 0.054975 -0.286574
 56 -1.266843 -1.937443 -4.950558 -0.066572 -2.988806 -0.110308
 57 6.551491 -0.000001 0.000000 0.030134 0.054975 -0.286574
 58 0.699371 -1.944208 -5.006844 -0.027189 -3.088217 0.005298
 59 4.226147 -0.003202 0.000000 0.385815 0.333162 -0.074451
 60 -0.000001 5.000000 0.000000 -0.153564 0.000087 2.718702
 61 0.000004 -0.000004 -3.713580 0.018865 -3.096651 -0.324845
 62 -0.000002 0.000000 5.000000 3.053198 1.558589 -0.074926
 63 -0.000007 0.000006 3.713580 -0.159276 -2.977491 -0.403653
 64 0.000001 -0.000000 -5.000000 -0.088724 1.558589 3.066337
 65 7.363602 1.646647 0.495663 3.141593 -1.570796 0.000000
 66 -0.000005 0.000007 3.619081 -0.217558 -2.796588 -0.810634
 67 16.573919 -0.000001 0.000000 0.000000 0.000000 -2.033247
 68 15.128181 0.000002 -0.000000 0.271612 0.009043 -0.097069
 69 5.758665 4.244730 0.000000 0.000000 -0.000000 1.842220
 70 3.177726 -0.000001 -0.000001 0.000000 0.000000 3.141593
 71 15.708953 0.000001 -0.000001 0.136460 0.001254 -0.052592
 72 0.275149 0.189214 -3.445208 3.130898 0.000409 -1.514604
 73 17.210194 -0.000002 0.000000 -0.000000 -0.000000 -2.328678
 74 -0.000000 0.000001 -4.999999 -0.079432 1.546568 -1.570855
 75 0.000002 -0.000003 -3.619081 0.034416 -3.071533 -0.493407
 76 16.573921 -0.000000 0.000000 0.000000 0.000000 -1.045581
 77 15.128181 0.000002 0.000000 0.002618 -0.051986 0.588317
 78 5.758665 4.244731 -0.000000 -0.000000 0.000000 1.815142
 79 4.003934 0.000000 0.000000 0.000000 0.000000 0.000000
 80 15.708955 0.000001 0.000000 0.004296 -0.037430 0.405337
 81 0.273998 0.191090 3.439762 -3.130907 -0.000437 -1.508107
 82 17.210194 0.000000 0.000000 -0.000000 -0.000000 -1.884228
 83 0.000000 -0.000001 5.000000 -0.079311 1.595025 -1.570737
time 3
  0 -0.650000 0.000000 33.899605 -0.025849 0.174554 -1.569172
  1 5.816420 0.852483 -32.971565 -0.174512 -0.026131 1.569196
  2 -2.276935 0.000003 -1.238188 -1.570795 -1.570451 0.000000
  3 1.797114 0.711857 0.000628 -0.194817 -0.110529 0.012532
  4 4.119794 -0.002991 0.000625 -0.192071 0.075636 0.364627
  5 4.119157 -0.003169 0.000651 -0.200326 0.047512 0.163213
  6 4.118810 -0.003203 0.000665 -0.204213 0.011031 0.063264
  7 4.117015 -0.002383 -0.002078 0.834530 0.655602 0.004245
  8 4.443596 0.000001 -0.000000 -0.022222 -0.457525 0.449549
  9 9.024062 -0.000002 0.000001 0.000000 0.000000 0.000000
 10 -1.056328 1.021268 0.922343 1.047283 -0.599617 2.399836
 11 6.384776 0.000000 0.000001 -1.006598 0.481691 -0.578657
 12 10.242681 0.000000 -0.000000 -0.000000 -0.000000 -2.028896
 13 11.375562 -0.000000 0.000000 2.813184 0.253867 0.404579
 14 0.728682 0.023434 -1.008293 1.202975 0.409398 0.881725
 15 2.136495 -0.000001 0.000001 0.000000 0.000000 -0.078540
 16 2.313141 0.000001 -0.000001 0.000000 0.000000 0.000000
 17 3.115507 -0.886043 -0.021432 -0.166499 0.000392 0.514872
 18 2.011154 0.000005 -0.000000 0.000000 0.000000 1.322792
 19 2.141378 -0.000000 0.000001 0.000000 0.000000 0.000000
 20 1.734172 0.000003 0.000001 -0.000000 -0.000000 0.660693
 21 0.000003 -4.440594 0.000000 1.570544 -0.062990 -0.195737
 22 6.000000 -0.000002 -0.000000 -3.140751 -0.000000 0.000000
 23 0.000001 -4.440601 0.000001 1.569944 -0.062987 0.004053
 24 11.375562 -0.000003 0.000004 -2.524761 0.004289 0.298706
 25 -0.000001 -4.440602 -0.000002 1.570144 -0.062988 0.004040
 26 10.510131 -0.000000 -0.000002 -0.000000 -0.000000 -2.585244
 27 0.000001 -1.748402 4.999998 0.000000 0.004007 1.602291
 28 5.500000 0.000001 -0.000002 0.364374 0.000000 0.000000
 29 -0.000002 -1.940599 5.000000 -0.044472 0.004003 -0.000180
 30 6.551491 0.000000 0.000000 -0.697321 0.398401 -0.372058
 31 0.000000 -1.940599 5.000003 -0.027189 -0.053376 0.005295
 32 6.551491 0.000000 0.000000 -0.297890 0.216825 -0.132975
 33 0.000000 -1.940599 4.999998 -0.066572 -0.152786 -0.110311
 34 1.056329 -1.014191 -0.922342 1.764057 0.974672 -1.128007
 35 6.384777 0.000000 -0.000003 -0.028988 0.214302 -0.924419
 36 10.242682 0.000000 0.000002 -0.000000 0.000000 -2.261381
 37 11.375561 0.000000 0.000001 2.579618 0.257488 0.479347
 38 0.728681 0.023431 1.008289 -1.579583 -0.319038 0.212973
 39 2.136497 -0.000004 -0.000000 -0.000000 0.000000 1.282817
 40 2.313141 0.000001 -0.000001 0.000000 0.000000 3.141593
 41 3.115506 -0.886041 0.021429 0.420765 0.316066 0.167178
 42 2.011151 -0.000000 -0.000002 0.000000 0.000000 2.082010
 43 2.141380 0.000000 0.000003 0.000000 0.000000 3.141593
 44 1.734172 -0.000001 -0.000001 -0.000000 0.000000 1.041748
 45 0.136315 -3.738194 2.525888 1.493698 2.759406 -1.474501
 46 10.273805 -0.437102 1.198989 1.793563 0.004868 1.507198
 47 11.389366 -0.000818 0.158783 2.056081 0.199711 0.215723
 48 0.000000 -4.440601 0.000001 1.570144 -3.078602 0.004040
 49 5.999999 0.000001 0.000003 2.056081 0.000000 0.000000
 50 0.000002 -4.440603 -0.000000 1.569944 -3.078603 0.004053
 51 10.510131 0.000000 0.000001 0.000000 -0.000000 -2.701487
 52 0.000001 -1.748400 -5.000000 -3.141593 0.004007 -1.539299
 53 5.500000 0.000000 0.000002 -0.010363 0.000000 0.000000
 54 0.000000 -0.000000 -4.999998 -0.044472 3.137589 -0.000177
 55 6.551491 -0.000001 -0.000000 0.010363 0.074495 -0.276097
 56 -1.266844 -1.937443 -4.950560 -0.066572 -2.988806 -0.110308
 57 6.551491 -0.000001 -0.000000 0.010363 0.074495 -0.276097
 58 0.699371 -1.944209 -5.006845 -0.027189 -3.088217 0.005298
 59 4.226148 -0.003202 -0.000000 0.390547 0.339090 -0.074700
 60 0.000002 5.000000 0.000001 -0.153564 0.000087 2.718702
 61 0.000004 -0.000004 -3.713580 0.018865 -3.096651 -0.324845
 62 -0.000002 0.000000 5.000000 3.053198 1.558589 -0.074926
 63 -0.000007 0.000006 3.713580 -0.159276 -2.977491 -0.403653
 64 0.000001 -0.000000 -5.000000 -0.088724 1.558589 3.066337
 65 7.363602 1.646647 0.495663 3.141593 -1.570796 0.000000
 66 -0.000005 0.000007 3.619081 -0.217558 -2.796588 -0.810634
 67 16.573919 -0.000001 0.000000 0.000000 0.000000 -2.033247
 68 15.128181 0.000002 -0.000000 0.271612 0.009043 -0.097069
 69 5.758665 4.244730 0.000000 0.000000 -0.000000 1.842220
 70 3.177726 -0.000001 -0.000001 0.000000 0.000000 3.141593
 71 15.708953 0.000001 -0.000001 0.136460 0.001254 -0.052592
 72 0.275149 0.189214 -3.445208 3.130898 0.000409 -1.514604
 73 17.210194 -0.000002 0.000000 -0.000000 -0.000000 -2.328678
 74 -0.000000 0.000001 -4.999999 -0.079432 1.546568 -1.570855
 75 0.000002 -0.000003 -3.619081 0.034416 -3.071533 -0.493407
 76 16.573921 -0.000000 0.000000 0.000000 0.000000 -1.045581
 77 15.128181 0.000002 0.000000 0.002618 -0.051986 0.588317
 78 5.758665 4.244731 -0.000000 -0.000000 0.000000 1.815142
 79 4.003934 0.000000 0.000000 0.000000 0.000000 0.000000
 80 15.708955 0.000001 0.000000 0.004296 -0.037430 0.405337
 81 0.273998 0.191090 3.439762 -3.130907 -0.000437 -1.508107
 82 17.210194 0.000000 0.000000 -0.000000 -0.000000 -1.884228
 83 0.000000 -0.000001 5.000000 -0.079311 1.595025 -1.570737
time 4
  0 -0.650000 0.000000 33.899605 -0.025849 0.174554 -1.569172
  1 5.816420 0.852483 -32.971565 -0.174512 -0.026131 1.569196
  2 -2.276935 0.000003 -1.238188 -1.570795 -1.570451 0.000000
  3 1.797088 0.711849 0.000578 -0.178891 -0.112079 0.004105
  4 4.119697 -0.003039 0.000581 -0.178786 0.066031 0.332911
  5 4.119235 -0.003159 0.000607 -0.186244 0.048748 0.189100
  6 4.118898 -0.003208 0.000614 -0.188199 0.013349 0.088641
  7 4.116978 -0.002351 -0.002084 0.849930 0.668975 0.009748
  8 4.443599 0.000000 -0.000000 -0.122761 -0.458174 0.529216
  9 9.024061 0.000001 0.000001 0.000000 0.000000 0.000000
 10 -1.074601 1.024647 0.897155 1.048141 -0.582550 2.406447
 11 6.384777 -0.000000 0.000000 -0.921403 0.598534 -0.561684
 12 10.242681 -0.000001 -0.000001 0.000000 -0.000000 -2.054351
 13 11.375560 -0.000001 0.000002 2.820163 0.108225 0.304314
 14 0.728679 0.023429 -1.008292 1.202975 0.409398 0.881725
 15 2.136499 0.000000 -0.000000 0.000000 0.000000 -0.078540
 16 2.313140 -0.000000 0.000000 0.000000 0.000000 0.000000
 17 3.115506 -0.886040 -0.021432 -0.166499 0.000392 0.514872
 18 2.011150 -0.000001 0.000000 0.000000 -0.000000 1.322792
 19 2.141381 -0.000001 0.000000 0.000000 0.000000 0.000000
 20 1.734173 0.000000 -0.000001 0.000000 -0.000000 0.660693
 21 0.000005 -4.440593 -0.000000 1.570544 -0.062990 -0.195737
 22 5.999998 0.000000 0.000001 -3.129548 -0.000000 0.000000
 23 0.000000 -4.440601 0.000002 1.569944 -0.062987 0.004053
 24 11.375561 -0.000002 0.000006 -2.519582 -0.043125 0.205986
 25 -0.000000 -4.440603 0.000001 1.570144 -0.062988 0.004040
 26 10.510130 -0.000000 -0.000002 -0.000000 0.000000 -2.597972
 27 -0.000001 -1.748400 4.999999 0.000000 0.004007 1.602291
 28 5.500000 0.000000 -0.000001 0.327669 -0.000000 -0.000000
 29 -0.000003 -1.940598 5.000001 -0.044472 0.004003 -0.000180
 30 6.551491 0.000000 0.000000 -0.632308 0.459334 -0.329816
 31 0.000001 -1.940599 5.000002 -0.027189 -0.053376 0.005295
 32 6.551491 0.000000 0.000000 -0.268042 0.240155 -0.112387
 33 -0.000000 -1.940599 4.999998 -0.066572 -0.152786 -0.110311
 34 1.074604 -1.017570 -0.897155 1.792728 0.955734 -1.089864
 35 6.384777 0.000003 -0.000004 -0.083730 0.249279 -0.836890
 36 10.242681 -0.000002 0.000001 -0.000000 0.000000 -2.270289
 37 11.375561 0.000002 0.000001 2.509228 0.298705 0.383573
 38 0.728681 0.023430 1.008293 -1.579583 -0.319038 0.212973
 39 2.136496 -0.000001 -0.000000 -0.000000 0.000000 1.282817
 40 2.313138 -0.000001 -0.000001 0.000000 0.000000 3.141593
 41 3.115507 -0.886041 0.021431 0.420766 0.316066 0.167178
 42 2.011153 -0.000001 -0.000003 -0.000000 0.000000 2.082010
 43 2.141381 0.000001 0.000002 0.000000 0.000000 3.141593
 44 1.734173 -0.000001 -0.000001 0.000000 -0.000000 1.041748
 45 0.136315 -3.738193 2.525891 1.493698 2.759406 -1.474501
 46 10.273806 -0.437103 1.198992 1.793563 0.004868 1.507198
 47 11.389368 -0.000817 0.158784 2.021451 0.207359 0.164221
 48 0.000000 -4.440598 -0.000000 1.570144 -3.078602 0.004040
 49 6.000001 0.000001 0.000001 2.021451 -0.000000 -0.000000
 50 0.000002 -4.440600 0.000000 1.569944 -3.078603 0.004053
 51 10.510132 -0.000002 0.000003 -0.000000 0.000000 -2.705941
 52 -0.000001 -1.748400 -5.000003 -3.141593 0.004007 -1.539299
 53 5.500000 -0.000001 0.000000 0.006019 0.000000 -0.000000
 54 -0.000001 -0.000000 -5.000000 -0.044472 3.137590 -0.000177
 55 6.551491 0.000001 -0.000002 -0.006019 0.091726 -0.263583
 56 -1.266843 -1.937444 -4.950558 -0.066572 -2.988806 -0.110308
 57 6.551491 0.000001 -0.000002 -0.006019 0.091726 -0.263583
 58 0.699371 -1.944209 -5.006845 -0.027189 -3.088217 0.005298
 59 4.226146 -0.003201 0.000000 0.396077 0.346000 -0.074946
 60 -0.000002 5.000003 -0.000000 -0.153564 0.000087 2.718702
 61 0.000004 -0.000004 -3.713580 0.018865 -3.096651 -0.324845
 62 -0.000002 0.000000 5.000000 3.053198 1.558589 -0.074926
 63 -0.000007 0.000006 3.713580 -0.159276 -2.977491 -0.403653
 64 0.000001 -0.000000 -5.000000 -0.088724 1.558589 3.066337
 65 7.363602 1.646647 0.495663 3.141593 -1.570796 0.000000
 66 -0.000005 0.000007 3.619081 -0.217558 -2.796588 -0.810634
 67 16.573919 -0.000001 0.000000 0.000000 0.000000 -2.033247
 68 15.128181 0.000002 -0.000000 0.271612 0.009043 -0.097069
 69 5.758665 4.244730 0.000000 0.000000 -0.000000 1.842220
 70 3.177726 -0.000001 -0.000001 0.000000 0.000000 3.141593
 71 15.708953 0.000001 -0.000001 0.136460 0.001254 -0.052592
 72 0.275149 0.189214 -3.445208 3.130898 0.000409 -1.514604
 73 17.210194 -0.000002 0.000000 -0.000000 -0.000000 -2.328678
 74 -0.000000 0.000001 -4.999999 -0.079432 1.546568 -1.570855
 75 0.000002 -0.000003 -3.619081 0.034416 -3.071533 -0.493407
 76 16.573921 -0.000000 0.000000 0.000000 0.000000 -1.045581
 77 15.128181 0.000002 0.000000 0.002618 -0.051986 0.588317
 78 5.758665 4.244731 -0.000000 -0.000000 0.000000 1.815142
 79 4.003934 0.000000 0.000000 0.000000 0.000000 0.000000
 80 15.708955 0.000001 0.000000 0.004296 -0.037430 0.405337
 81 0.273998 0.191090 3.439762 -3.130907 -0.000437 -1.508107
 82 17.210194 0.000000 0.000000 -0.000000 -0.000000 -1.884228
 83 0.000000 -0.000001 5.000000 -0.079311 1.595025 -1.570737
time 5
  0 -0.650000 0.000000 33.899605 -0.025849 0.174554 -1.569172
  1 5.816420 0.852483 -32.971565 -0.174512 -0.026131 1.569196
  2 -2.276935 0.000003 -1.238188 -1.570795 -1.570451 0.000000
  3 1.797062 0.711840 0.000521 -0.161328 -0.113606 -0.005318
  4 4.119586 -0.003086 0.000533 -0.163822 0.055912 0.297733
  5 4.119327 -0.003149 0.000557 -0.170729 0.049776 0.218586
  6 4.118992 -0.003211 0.000556 -0.170491 0.015517 0.117586
  7 4.116946 -0.002324 -0.002090 0.863919 0.680875 0.014942
  8 4.443596 0.000000 -0.000000 -0.222105 -0.448151 0.595744
  9 9.024060 -0.000001 0.000000 0.000000 0.000000 0.000000
 10 -1.090705 1.027302 0.874413 1.049014 -0.567293 2.412312
 11 6.384776 0.000001 0.000003 -0.830287 0.708939 -0.558420
 12 10.242682 -0.000001 0.000000 0.000000 0.000000 -2.060171
 13 11.375562 0.000000 -0.000000 2.853498 -0.032519 0.199559
 14 0.728680 0.023429 -1.008292 1.202975 0.409398 0.881725
 15 2.136497 -0.000000 0.000000 -0.000000 0.000000 -0.078540
 16 2.313138 -0.000000 -0.000000 0.000000 0.000000 0.000000
 17 3.115507 -0.886041 -0.021432 -0.166499 0.000392 0.514872
 18 2.011152 0.000000 0.000000 0.000000 0.000000 1.322792
 19 2.141382 -0.000000 0.000001 0.000000 0.000000 0.000000
 20 1.734173 -0.000000 -0.000000 0.000000 0.000000 0.660693
 21 0.000004 -4.440593 0.000001 1.570544 -0.062990 -0.195737
 22 6.000000 -0.000001 0.000001 -3.092985 0.000000 0.000000
 23 0.000003 -4.440599 -0.000001 1.569944 -0.062987 0.004053
 24 11.375561 0.000002 0.000003 -2.499269 -0.085069 0.104027
 25 -0.000002 -4.440602 -0.000002 1.570144 -0.062988 0.004040
 26 10.510129 -0.000000 -0.000000 -0.000000 -0.000000 -2.600882
 27 0.000002 -1.748401 4.999999 -0.000000 0.004007 1.602290
 28 5.499999 -0.000000 -0.000000 0.285449 -0.000000 0.000000
 29 -0.000003 -1.940599 5.000000 -0.044472 0.004003 -0.000180
 30 6.551492 -0.000001 0.000001 -0.556187 0.506600 -0.300101
 31 -0.000001 -1.940599 5.000004 -0.027189 -0.053376 0.005295
 32 6.551492 -0.000001 0.000001 -0.233495 0.258706 -0.100226
 33 -0.000001 -1.940600 4.999998 -0.066572 -0.152786 -0.110311
 34 1.090700 -1.020223 -0.874416 1.818342 0.937993 -1.055132
 35 6.384777 -0.000001 -0.000001 -0.131455 0.284325 -0.740918
 36 10.242683 0.000000 -0.000002 -0.000000 -0.000000 -2.280802
 37 11.375562 0.000000 -0.000003 2.434429 0.332851 0.284319
 38 0.728681 0.023431 1.008289 -1.579583 -0.319038 0.212973
 39 2.136497 0.000001 -0.000001 -0.000000 0.000000 1.282817
 40 2.313139 0.000001 -0.000001 0.000000 0.000000 3.141593
 41 3.115507 -0.886041 0.021430 0.420765 0.316066 0.167178
 42 2.011152 -0.000001 -0.000001 0.000000 0.000000 2.082010
 43 2.141381 0.000000 -0.000000 0.000000 0.000000 3.141593
 44 1.734172 -0.000002 0.000001 -0.000000 0.000000 1.041748
 45 0.136315 -3.738193 2.525888 1.493698 2.759406 -1.474501
 46 10.273804 -0.437101 1.198988 1.793563 0.004868 1.507198
 47 11.389365 -0.000820 0.158779 1.985858 0.212477 0.111266
 48 0.000001 -4.440602 0.000002 1.570144 -3.078602 0.004040
 49 6.000000 0.000000 -0.000002 1.985858 0.000000 0.000000
 50 0.000002 -4.440602 0.000001 1.569944 -3.078603 0.004053
 51 10.510130 0.000000 -0.000002 -0.000000 0.000000 -2.711197
 52 0.000000 -1.748400 -5.000002 3.141593 0.004007 -1.539299
 53 5.499999 0.000001 -0.000002 0.020974 0.000000 -0.000000
 54 -0.000000 0.000000 -5.000000 -0.044472 3.137590 -0.000177
 55 6.551491 -0.000000 -0.000002 -0.020974 0.106424 -0.249634
 56 -1.266842 -1.937443 -4.950559 -0.066572 -2.988806 -0.110308
 57 6.551491 -0.000000 -0.000002 -0.020974 0.106424 -0.249634
 58 0.699371 -1.944208 -5.006848 -0.027189 -3.088217 0.005298
 59 4.226146 -0.003201 0.000000 0.401029 0.352169 -0.075125
 60 -0.000002 5.000001 0.000000 -0.153564 0.000087 2.718702
 61 0.000004 -0.000004 -3.713580 0.018865 -3.096651 -0.324845
 62 -0.000002 0.000000 5.000000 3.053198 1.558589 -0.074926
 63 -0.000007 0.000006 3.713580 -0.159276 -2.977491 -0.403653
 64 0.000001 -0.000000 -5.000000 -0.088724 1.558589 3.066337
 65 7.363602 1.646647 0.495663 3.141593 -1.570796 0.000000
 66 -0.000005 0.000007 3.619081 -0.217558 -2.796588 -0.810634
 67 16.573919 -0.000001 0.000000 0.000000 0.000000 -2.033247
 68 15.128181 0.000002 -0.000000 0.271612 0.009043 -0.097069
 69 5.758665 4.244730 0.000000 0.000000 -0.000000 1.842220
 70 3.177726 -0.000001 -0.000001 0.000000 0.000000 3.141593
 71 15.708953 0.000001 -0.000001 0.136460 0.001254 -0.052592
 72 0.275149 0.189214 -3.445208 3.130898 0.000409 -1.514604
 73 17.210194 -0.000002 0.000000 -0.000000 -0.000000 -2.328678
 74 -0.000000 0.000001 -4.999999 -0.079432 1.546568 -1.570855
 75 0.000002 -0.000003 -3.619081 0.034416 -3.071533 -0.493407
 76 16.573921 -0.000000 0.000000 0.000000 0.000000 -1.045581
 77 15.128181 0.000002 0.000000 0.002618 -0.051986 0.588317
 78 5.758665 4.244731 -0.000000 -0.000000 0.000000 1.815142
 79 4.003934 0.000000 0.000000 0.000000 0.000000 0.000000
 80 15.708955 0.000001 0.000000 0.004296 -0.037430 0.405337
 81 0.273998 0.191090 3.439762 -3.130907 -0.000437 -1.508107
 82 17.210194 0.000000 0.000000 -0.000000 -0.000000 -1.884228
 83 0.000000 -0.000001 5.000000 -0.079311 1.595025 -1.570737
time 6
  0 -0.650000 0.000000 33.899605 -0.025849 0.174554 -1.569172
  1 5.816420 0.852483 -32.971565 -0.174512 -0.026131 1.569196
  2 -2.276935 0.000003 -1.238188 -1.570795 -1.570451 0.000000
  3 1.797039 0.711831 0.000464 -0.143656 -0.114957 -0.014894
  4 4.119466 -0.003128 0.000484 -0.148444 0.046257 0.262165
  5 4.119422 -0.003132 0.000507 -0.155129 0.050405 0.248897
  6 4.119090 -0.003205 0.000499 -0.152631 0.017232 0.147375
  7 4.116923 -0.002307 -0.002093 0.872460 0.688024 0.018201
  8 4.443599 0.000000 -0.000001 -0.310329 -0.428807 0.645664
  9 9.024059 0.000002 0.000000 0.000000 0.000000 0.000000
 10 -1.100298 1.028733 0.860603 1.049588 -0.558094 2.415830
 11 6.384777 -0.000001 0.000000 -0.743146 0.816000 -0.559881
 12 10.242682 -0.000001 0.000000 0.000000 0.000000 -2.050955
 13 11.375560 0.000001 0.000001 2.906319 -0.154919 0.084414
 14 0.728680 0.023432 -1.008291 1.202975 0.409398 0.881725
 15 2.136497 0.000001 -0.000001 0.000000 0.000000 -0.078540
 16 2.313140 0.000000 -0.000000 0.000000 0.000000 0.000000
 17 3.115506 -0.886039 -0.021431 -0.166493 0.001516 0.521560
 18 2.011150 -0.000001 0.000000 0.000000 -0.000000 1.346328
 19 2.141382 0.000002 0.000001 0.000000 0.000000 0.000000
 20 1.734172 0.000001 0.000001 -0.000000 -0.000000 0.672507
 21 0.000005 -4.440593 0.000001 1.570544 -0.062990 -0.195737
 22 6.000000 0.000002 -0.000000 -3.037009 -0.000000 -0.000000
 23 0.000002 -4.440599 -0.000001 1.569944 -0.062987 0.004053
 24 11.375561 0.000001 0.000003 -2.468084 -0.113663 -0.000403
 25 -0.000002 -4.440604 0.000002 1.570144 -0.062988 0.004040
 26 10.510131 -0.000001 -0.000000 0.000000 0.000000 -2.596274
 27 -0.000001 -1.748400 4.999997 0.000000 0.004007 1.602291
 28 5.500000 0.000000 0.000001 0.239479 -0.000000 -0.000000
 29 -0.000001 -1.940599 5.000000 -0.044472 0.004003 -0.000180
 30 6.551491 -0.000001 -0.000002 -0.473758 0.547734 -0.280013
 31 -0.000000 -1.940599 5.000002 -0.027189 -0.053376 0.005295
 32 6.551491 -0.000001 -0.000002 -0.195586 0.275297 -0.093960
 33 0.000001 -1.940600 4.999998 -0.066572 -0.152786 -0.110311
 34 1.100302 -1.021656 -0.860604 1.839468 0.925730 -1.026754
 35 6.384777 -0.000001 0.000001 -0.176611 0.315057 -0.648879
 36 10.242682 -0.000002 0.000004 -0.000000 0.000000 -2.288035
 37 11.375561 0.000001 -0.000002 2.357000 0.358678 0.183902
 38 0.728680 0.023431 1.008291 -1.579583 -0.319038 0.212973
 39 2.136497 0.000000 -0.000001 0.000000 0.000000 1.282817
 40 2.313136 -0.000002 -0.000000 0.000000 0.000000 3.141593
 41 3.115507 -0.886041 0.021430 0.420766 0.316066 0.167178
 42 2.011151 -0.000000 0.000001 -0.000000 0.000000 2.082010
 43 2.141380 0.000000 -0.000000 0.000000 0.000000 3.141593
 44 1.734172 -0.000001 0.000000 -0.000000 -0.000000 1.041748
 45 0.136314 -3.738192 2.525893 1.493698 2.759406 -1.474501
 46 10.273805 -0.437101 1.198989 1.793563 0.004868 1.507198
 47 11.389367 -0.000819 0.158780 1.949967 0.214538 0.058319
 48 0.000001 -4.440600 -0.000000 1.570144 -3.078602 0.004040
 49 6.000000 0.000002 0.000001 1.949967 -0.000000 -0.000000
 50 0.000003 -4.440601 -0.000001 1.569944 -3.078603 0.004053
 51 10.510132 -0.000001 0.000004 0.000000 -0.000000 -2.714814
 52 0.000001 -1.748402 -5.000002 3.141593 0.004007 -1.539299
 53 5.500000 -0.000001 0.000003 0.036599 -0.000000 -0.000000
 54 0.000000 -0.000001 -5.000000 -0.044472 3.137589 -0.000177
 55 6.551491 0.000001 -0.000002 -0.036599 0.118519 -0.235098
 56 -1.266844 -1.937443 -4.950561 -0.066572 -2.988806 -0.110308
 57 6.551492 -0.000002 0.000000 -0.036599 0.118519 -0.235098
 58 0.699370 -1.944207 -5.006848 -0.027189 -3.088217 0.005298
 59 4.226145 -0.003202 0.000000 0.404019 0.355885 -0.075215
 60 0.000004 4.999999 0.000001 -0.153564 0.000087 2.718702
 61 0.000004 -0.000004 -3.713580 0.018865 -3.096651 -0.324845
 62 -0.000002 0.000000 5.000000 3.053198 1.558589 -0.074926
 63 -0.000007 0.000006 3.713580 -0.159276 -2.977491 -0.403653
 64 0.000001 -0.000000 -5.000000 -0.088724 1.558589 3.066337
 65 7.363602 1.646647 0.495663 3.141593 -1.570796 0.000000
 66 -0.000005 0.000007 3.619081 -0.217558 -2.796588 -0.810634
 67 16.573919 -0.000001 0.000000 0.000000 0.000000 -2.033247
 68 15.128181 0.000002 -0.000000 0.271612 0.009043 -0.097069
 69 5.758665 4.244730 0.000000 0.000000 -0.000000 1.842220
 70 3.177726 -0.000001 -0.000001 0.000000 0.000000 3.141593
 71 15.708953 0.000001 -0.000001 0.136460 0.001254 -0.052592
 72 0.275149 0.189214 -3.445208 3.130898 0.000409 -1.514604
 73 17.210194 -0.000002 0.000000 -0.000000 -0.000000 -2.328678
 74 -0.000000 0.000001 -4.999999 -0.079432 1.546568 -1.570855
 75 0.000002 -0.000003 -3.619081 0.034416 -3.071533 -0.493407
 76 16.573921 -0.000000 0.000000 0.000000 0.000000 -1.045581
 77 15.128181 0.000002 0.000000 0.002618 -0.051986 0.588317
 78 5.758665 4.244731 -0.000000 -0.000000 0.000000 1.815142
 79 4.003934 0.000000 0.000000 0.000000 0.000000 0.000000
 80 15.708955 0.000001 0.000000 0.004296 -0.037430 0.405337
 81 0.273998 0.191090 3.439762 -3.130907 -0.000437 -1.508107
 82 17.210194 0.000000 0.000000 -0.000000 -0.000000 -1.884228
 83 0.000000 -0.000001 5.000000 -0.079311 1.595025 -1.570737
time 7
  0 -0.650000 0.000000 33.899605 -0.025849 0.174554 -1.569172
  1 5.816420 0.852483 -32.971565 -0.174512 -0.026131 1.569196
  2 -2.276935 0.000003 -1.238188 -1.570795 -1.570451 0.000000
  3 1.797014 0.711825 0.000409 -0.126708 -0.116088 -0.024116
  4 4.119354 -0.003163 0.000436 -0.133400 0.037517 0.227936
  5 4.119520 -0.003117 0.000457 -0.140173 0.050580 0.278143
  6 4.119180 -0.003197 0.000443 -0.135474 0.018389 0.176139
  7 4.116930 -0.002310 -0.002093 0.871431 0.687167 0.017804
  8 4.443598 0.000002 -0.000000 -0.381337 -0.402263 0.677210
  9 9.024059 -0.000002 0.000000 0.000000 0.000000 0.000000
 10 -1.099150 1.028568 0.862264 1.049517 -0.559199 2.415408
 11 6.384776 -0.000000 0.000002 -0.660693 0.916832 -0.555846
 12 10.242679 -0.000000 -0.000000 -0.000000 0.000000 -2.029436
 13 11.375561 -0.000001 0.000001 2.968979 -0.254537 -0.040445
 14 0.728681 0.023431 -1.008292 1.202975 0.409398 0.881725
 15 2.136496 -0.000001 -0.000000 -0.000000 0.000000 -0.078540
 16 2.313139 0.000001 -0.000000 0.000000 0.000000 0.000000
 17 3.115507 -0.886042 -0.021432 -0.166458 0.003764 0.534936
 18 2.011151 -0.000002 -0.000001 0.000000 0.000000 1.393403
 19 2.141381 0.000002 0.000001 0.000000 0.000000 0.000000
 20 1.734172 0.000000 0.000001 -0.000000 -0.000000 0.696153
 21 0.000006 -4.440593 0.000000 1.570544 -0.062990 -0.195737
 22 6.000000 0.000001 -0.000001 -2.973552 0.000000 -0.000000
 23 0.000001 -4.440599 -0.000000 1.569944 -0.062987 0.004053
 24 11.375562 -0.000000 0.000003 -2.433588 -0.128376 -0.099303
 25 0.000000 -4.440603 -0.000001 1.570144 -0.062988 0.004040
 26 10.510130 -0.000001 -0.000001 -0.000000 0.000000 -2.585514
 27 0.000001 -1.748403 5.000000 -0.000000 0.004007 1.602290
 28 5.500000 -0.000000 -0.000001 0.190598 -0.000000 -0.000000
 29 -0.000003 -1.940598 5.000000 -0.044472 0.004003 -0.000180
 30 6.551491 -0.000001 0.000001 -0.386851 0.587110 -0.265775
 31 0.000000 -1.940599 5.000000 -0.027189 -0.053376 0.005295
 32 6.551491 -0.000001 0.000001 -0.155022 0.291289 -0.091308
 33 -0.000001 -1.940599 4.999998 -0.066572 -0.152786 -0.110311
 34 1.099150 -1.021489 -0.862269 1.855365 0.923308 -1.007105
 35 6.384776 -0.000001 -0.000000 -0.222697 0.338353 -0.570957
 36 10.242682 -0.000000 0.000001 -0.000000 -0.000000 -2.287403
 37 11.375560 -0.000002 -0.000001 2.279219 0.375539 0.085114
 38 0.728680 0.023431 1.008290 -1.579583 -0.319038 0.212973
 39 2.136497 -0.000001 -0.000001 0.000000 0.000000 1.282817
 40 2.313140 -0.000000 0.000001 0.000000 0.000000 3.141593
 41 3.115506 -0.886041 0.021432 0.420765 0.316066 0.167178
 42 2.011149 0.000000 0.000002 0.000000 0.000000 2.082010
 43 2.141379 -0.000001 0.000000 0.000000 0.000000 3.141593
 44 1.734172 -0.000001 0.000000 0.000000 0.000000 1.041748
 45 0.136315 -3.738192 2.525890 1.493698 2.759406 -1.474501
 46 10.273804 -0.437102 1.198992 1.793563 0.004868 1.507198
 47 11.389366 -0.000820 0.158781 1.914629 0.213324 0.007137
 48 0.000001 -4.440598 -0.000001 1.570144 -3.078602 0.004040
 49 6.000000 -0.000001 -0.000001 1.914629 -0.000000 0.000000
 50 0.000002 -4.440601 -0.000001 1.569944 -3.078603 0.004053
 51 10.510132 0.000001 0.000000 -0.000000 0.000000 -2.714498
 52 -0.000001 -1.748400 -5.000000 -3.141593 0.004007 -1.539299
 53 5.500000 0.000000 0.000000 0.053963 -0.000000 0.000000
 54 -0.000001 -0.000000 -5.000000 -0.044472 3.137590 -0.000177
 55 6.551490 -0.000000 -0.000002 -0.053963 0.127871 -0.220843
 56 -1.266843 -1.937443 -4.950562 -0.066572 -2.988806 -0.110308
 57 6.551491 -0.000000 -0.000002 -0.053963 0.127871 -0.220843
 58 0.699371 -1.944209 -5.006848 -0.027189 -3.088217 0.005298
 59 4.226147 -0.003200 0.000001 0.403660 0.355439 -0.075205
 60 0.000003 5.000001 0.000000 -0.153564 0.000087 2.718702
 61 0.000004 -0.000004 -3.713580 0.018865 -3.096651 -0.324845
 62 -0.000002 0.000000 5.000000 3.053198 1.558589 -0.074926
 63 -0.000007 0.000006 3.713580 -0.159276 -2.977491 -0.403653
 64 0.000001 -0.000000 -5.000000 -0.088724 1.558589 3.066337
 65 7.363602 1.646647 0.495663 3.141593 -1.570796 0.000000
 66 -0.000005 0.000007 3.619081 -0.217558 -2.796588 -0.810634
 67 16.573919 -0.000001 0.000000 0.000000 0.000000 -2.033247
 68 15.128181 0.000002 -0.000000 0.271612 0.009043 -0.097069
 69 5.758665 4.244730 0.000000 0.000000 -0.000000 1.842220
 70 3.177726 -0.000001 -0.000001 0.000000 0.000000 3.141593
 71 15.708953 0.000001 -0.000001 0.136460 0.001254 -0.052592
 72 0.275149 0.189214 -3.445208 3.130898 0.000409 -1.514604
 73 17.210194 -0.000002 0.000000 -0.000000 -0.000000 -2.328678
 74 -0.000000 0.000001 -4.999999 -0.079432 1.546568 -1.570855
 75 0.000002 -0.000003 -3.619081 0.034416 -3.071533 -0.493407
 76 16.573921 -0.000000 0.000000 0.000000 0.000000 -1.045581
 77 15.128181 0.000002 0.000000 0.002618 -0.051986 0.588317
 78 5.758665 4.244731 -0.000000 -0.000000 0.000000 1.815142
 79 4.003934 0.000000 0.000000 0.000000 0.000000 0.000000
 80 15.708955 0.000001 0.000000 0.004296 -0.037430 0.405337
 81 0.273998 0.191090 3.439762 -3.130907 -0.000437 -1.508107
 82 17.210194 0.000000 0.000000 -0.000000 -0.000000 -1.884228
 83 0.000000 -0.000001 5.000000 -0.079311 1.595025 -1.570737
time 8
  0 -0.650000 0.000000 33.899605 -0.025849 0.174554 -1.569172
  1 5.816420 0.852483 -32.971565 -0.174512 -0.026131 1.569196
  2 -2.276935 0.000003 -1.238188 -1.570795 -1.570451 0.000000
  3 1.796992 0.711819 0.000357 -0.110513 -0.117032 -0.032901
  4 4.119245 -0.003193 0.000389 -0.118767 0.029667 0.195180
  5 4.119606 -0.003098 0.000411 -0.125885 0.050315 0.305741
  6 4.119269 -0.003189 0.000390 -0.119068 0.019013 0.203293
  7 4.116958 -0.002336 -0.002087 0.856957 0.674982 0.012334
  8 4.443599 0.000000 0.000002 -0.432509 -0.369978 0.689206
  9 9.024063 -0.000001 0.000000 0.000000 0.000000 0.000000
 10 -1.082746 1.026028 0.885717 1.048569 -0.574857 2.409409
 11 6.384776 0.000001 0.000003 -0.585113 1.005583 -0.546068
 12 10.242683 -0.000001 -0.000001 0.000000 -0.000000 -1.995867
 13 11.375562 -0.000001 0.000003 3.033418 -0.331877 -0.165922
 14 0.728680 0.023431 -1.008292 1.202975 0.409398 0.881725
 15 2.136496 0.000001 0.000000 0.000000 0.000000 -0.078540
 16 2.313139 0.000000 -0.000000 0.000000 0.000000 0.000000
 17 3.115507 -0.886040 -0.021432 -0.166411 0.005449 0.544969
 18 2.011153 -0.000000 -0.000000 -0.000000 -0.000000 1.428708
 19 2.141381 0.000001 0.000000 0.000000 0.000000 0.000000
 20 1.734173 0.000002 0.000000 0.000000 0.000000 0.713901
 21 0.000006 -4.440594 0.000000 1.570544 -0.062990 -0.195737
 22 6.000000 0.000002 0.000002 -2.913310 -0.000000 -0.000000
 23 0.000001 -4.440602 0.000000 1.569944 -0.062987 0.004053
 24 11.375562 0.000004 0.000005 -2.401592 -0.133869 -0.184686
 25 -0.000000 -4.440602 -0.000001 1.570144 -0.062988 0.004040
 26 10.510129 0.000001 -0.000001 -0.000000 -0.000000 -2.568730
 27 -0.000001 -1.748400 4.999998 -0.000000 0.004007 1.602290
 28 5.500000 -0.000000 -0.000000 0.141443 0.000000 0.000000
 29 -0.000003 -1.940597 5.000000 -0.044472 0.004003 -0.000180
 30 6.551491 0.000001 0.000002 -0.300377 0.625802 -0.257954
 31 -0.000001 -1.940599 5.000000 -0.027189 -0.053376 0.005295
 32 6.551491 0.000001 0.000002 -0.114025 0.306848 -0.092038
 33 -0.000001 -1.940600 4.999999 -0.066572 -0.152786 -0.110311
 34 1.082749 -1.018952 -0.885714 1.865327 0.935096 -0.998593
 35 6.384775 0.000002 0.000001 -0.269917 0.352416 -0.511258
 36 10.242682 -0.000002 0.000001 -0.000000 -0.000000 -2.276544
 37 11.375561 -0.000001 -0.000001 2.203649 0.383458 -0.008967
 38 0.728680 0.023430 1.008296 -1.579583 -0.319038 0.212973
 39 2.136497 -0.000002 -0.000001 -0.000000 0.000000 1.282817
 40 2.313141 0.000001 0.000001 0.000000 0.000000 3.141593
 41 3.115506 -0.886041 0.021432 0.420765 0.316066 0.167178
 42 2.011151 -0.000000 0.000001 -0.000000 0.000000 2.082010
 43 2.141380 -0.000000 0.000002 0.000000 0.000000 3.141593
 44 1.734173 -0.000002 -0.000000 0.000000 0.000000 1.041748
 45 0.136315 -3.738193 2.525891 1.493698 2.759406 -1.474501
 46 10.273804 -0.437102 1.198992 1.793563 0.004868 1.507198
 47 11.389366 -0.000818 0.158782 1.880782 0.208988 -0.040493
 48 0.000001 -4.440598 0.000000 1.570144 -3.078602 0.004040
 49 5.999999 0.000001 0.000000 1.880782 0.000000 0.000000
 50 0.000001 -4.440602 0.000002 1.569944 -3.078603 0.004053
 51 10.510131 -0.000000 -0.000001 0.000000 0.000000 -2.709068
 52 -0.000000 -1.748401 -5.000003 3.141593 0.004007 -1.539299
 53 5.500000 -0.000002 0.000001 0.072754 0.000000 0.000000
 54 -0.000000 0.000000 -4.999998 -0.044472 3.137589 -0.000177
 55 6.551490 0.000001 0.000001 -0.072754 0.134350 -0.207649
 56 -1.266844 -1.937439 -4.950562 -0.066572 -2.988806 -0.110308
 57 6.551490 0.000001 0.000001 -0.072754 0.134350 -0.207649
 58 0.699370 -1.944204 -5.006848 -0.027189 -3.088217 0.005298
 59 4.226145 -0.003202 0.000000 0.398573 0.349111 -0.075041
 60 -0.000001 5.000002 -0.000000 -0.153564 0.000087 2.718702
 61 0.000004 -0.000004 -3.713580 0.018865 -3.096651 -0.324845
 62 -0.000002 0.000000 5.000000 3.053198 1.558589 -0.074926
 63 -0.000007 0.000006 3.713580 -0.159276 -2.977491 -0.403653
 64 0.000001 -0.000000 -5.000000 -0.088724 1.558589 3.066337
 65 7.363602 1.646647 0.495663 3.141593 -1.570796 0.000000
 66 -0.000005 0.000007 3.619081 -0.217558 -2.796588 -0.810634
 67 16.573919 -0.000001 0.000000 0.000000 0.000000 -2.033247
 68 15.128181 0.000002 -0.000000 0.271612 0.009043 -0.097069
 69 5.758665 4.244730 0.000000 0.000000 -0.000000 1.842220
 70 3.177726 -0.000001 -0.000001 0.000000 0.000000 3.141593
 71 15.708953 0.000001 -0.000001 0.136460 0.001254 -0.052592
 72 0.275149 0.189214 -3.445208 3.130898 0.000409 -1.514604
 73 17.210194 -0.000002 0.000000 -0.000000 -0.000000 -2.328678
 74 -0.000000 0.000001 -4.999999 -0.079432 1.546568 -1.570855
 75 0.000002 -0.000003 -3.619081 0.034416 -3.071533 -0.493407
 76 16.573921 -0.000000 0.000000 0.000000 0.000000 -1.045581
 77 15.128181 0.000002 0.000000 0.002618 -0.051986 0.588317
 78 5.758665 4.244731 -0.000000 -0.000000 0.000000 1.815142
 79 4.003934 0.000000 0.000000 0.000000 0.000000 0.000000
 80 15.708955 0.000001 0.000000 0.004296 -0.037430 0.405337
 81 0.273998 0.191090 3.439762 -3.130907 -0.000437 -1.508107
 82 17.210194 0.000000 0.000000 -0.000000 -0.000000 -1.884228
 83 0.000000 -0.000001 5.000000 -0.079311 1.595025 -1.570737
time 9
  0 -0.650000 0.000000 33.899605 -0.025849 0.174554 -1.569172
  1 5.816420 0.852483 -32.971565 -0.174512 -0.026131 1.569196
  2 -2.276935 0.000003 -1.238188 -1.570795 -1.570451 0.000000
  3 1.796970 0.711815 0.000307 -0.095052 -0.117828 -0.041198
  4 4.119145 -0.003217 0.000342 -0.104569 0.022653 0.163928
  5 4.119678 -0.003076 0.000367 -0.112237 0.049638 0.331200
  6 4.119349 -0.003177 0.000338 -0.103410 0.019143 0.228341
  7 4.117026 -0.002395 -0.002075 0.829781 0.651421 0.002594
  8 4.443598 -0.000000 -0.000001 -0.463755 -0.334851 0.680227
  9 9.024060 0.000000 0.000000 0.000000 0.000000 0.000000
 10 -1.050580 1.020127 0.930133 1.047042 -0.604937 2.397764
 11 6.384775 0.000001 0.000002 -0.519698 1.078342 -0.535208
 12 10.242684 -0.000002 -0.000000 -0.000000 -0.000000 -1.951860
 13 11.375561 0.000001 0.000002 3.092624 -0.391562 -0.280928
 14 0.728680 0.023428 -1.008291 1.202975 0.409398 0.881725
 15 2.136497 -0.000000 0.000002 0.000000 -0.000000 -0.078540
 16 2.313138 0.000000 -0.000000 0.000000 0.000000 0.000000
 17 3.115507 -0.886043 -0.021431 -0.166429 0.004887 0.541624
 18 2.011154 0.000001 0.000000 0.000000 0.000000 1.416939
 19 2.141378 0.000002 -0.000000 0.000000 0.000000 0.000000
 20 1.734172 0.000000 -0.000000 0.000000 0.000000 0.707984
 21 0.000007 -4.440593 -0.000000 1.570544 -0.062990 -0.195737
 22 6.000000 0.000002 0.000000 -2.863067 -0.000000 -0.000000
 23 0.000002 -4.440602 0.000000 1.569944 -0.062987 0.004053
 24 11.375562 0.000001 0.000004 -2.375182 -0.136202 -0.253263
 25 -0.000001 -4.440603 -0.000001 1.570144 -0.062988 0.004040
 26 10.510133 -0.000002 -0.000001 0.000000 0.000000 -2.546727
 27 0.000001 -1.748402 4.999998 -0.000000 0.004007 1.602291
 28 5.500002 -0.000001 -0.000000 0.095668 -0.000000 0.000000
 29 -0.000004 -1.940599 5.000001 -0.044472 0.004003 -0.000180
 30 6.551491 -0.000001 0.000000 -0.220776 0.663659 -0.256911
 31 -0.000001 -1.940597 5.000001 -0.027189 -0.053376 0.005295
 32 6.551491 -0.000001 0.000000 -0.075709 0.321666 -0.095724
 33 0.000001 -1.940599 4.999996 -0.066572 -0.152786 -0.110311
 34 1.050580 -1.013051 -0.930138 1.869503 0.961094 -1.001233
 35 6.384778 -0.000002 0.000002 -0.316519 0.356517 -0.468599
 36 10.242680 -0.000001 0.000002 -0.000000 0.000000 -2.256383
 37 11.375560 0.000001 -0.000000 2.132855 0.383114 -0.095242
 38 0.728680 0.023431 1.008295 -1.579583 -0.319038 0.212973
 39 2.136497 -0.000003 -0.000001 0.000000 0.000000 1.282817
 40 2.313139 0.000001 -0.000001 0.000000 0.000000 3.141593
 41 3.115507 -0.886041 0.021432 0.420766 0.316066 0.167178
 42 2.011150 0.000000 -0.000000 -0.000000 0.000000 2.082010
 43 2.141379 -0.000001 -0.000002 0.000000 0.000000 3.141593
 44 1.734172 -0.000001 -0.000001 -0.000000 -0.000000 1.041748
 45 0.136314 -3.738193 2.525889 1.493698 2.759406 -1.474501
 46 10.273804 -0.437102 1.198992 1.793563 0.004868 1.507198
 47 11.389364 -0.000820 0.158781 1.849331 0.202012 -0.083026
 48 0.000001 -4.440599 -0.000000 1.570144 -3.078602 0.004040
 49 5.999999 0.000001 -0.000000 1.849331 0.000000 -0.000000
 50 0.000002 -4.440601 -0.000001 1.569944 -3.078603 0.004053
 51 10.510131 0.000001 0.000001 0.000000 -0.000000 -2.698987
 52 0.000001 -1.748403 -5.000000 3.141593 0.004007 -1.539299
 53 5.500000 0.000001 0.000000 0.091914 -0.000000 0.000000
 54 -0.000000 0.000003 -5.000000 -0.044472 3.137589 -0.000177
 55 6.551491 0.000000 -0.000000 -0.091914 0.137970 -0.196221
 56 -1.266844 -1.937444 -4.950561 -0.066572 -2.988806 -0.110308
 57 6.551491 0.000000 -0.000000 -0.091914 0.137970 -0.196221
 58 0.699371 -1.944209 -5.006847 -0.027189 -3.088217 0.005298
 59 4.226143 -0.003201 0.000000 0.388825 0.336935 -0.074614
 60 -0.000000 5.000000 -0.000001 -0.153564 0.000087 2.718702
 61 0.000004 -0.000004 -3.713580 0.018865 -3.096651 -0.324845
 62 -0.000002 0.000000 5.000000 3.053198 1.558589 -0.074926
 63 -0.000007 0.000006 3.713580 -0.159276 -2.977491 -0.403653
 64 0.000001 -0.000000 -5.000000 -0.088724 1.558589 3.066337
 65 7.363602 1.646647 0.495663 3.141593 -1.570796 0.000000
 66 -0.000005 0.000007 3.619081 -0.217558 -2.796588 -0.810634
 67 16.573919 -0.000001 0.000000 0.000000 0.000000 -2.033247
 68 15.128181 0.000002 -0.000000 0.271612 0.009043 -0.097069
 69 5.758665 4.244730 0.000000 0.000000 -0.000000 1.842220
 70 3.177726 -0.000001 -0.000001 0.000000 0.000000 3.141593
 71 15.708953 0.000001 -0.000001 0.136460 0.001254 -0.052592
 72 0.275149 0.189214 -3.445208 3.130898 0.000409 -1.514604
 73 17.210194 -0.000002 0.000000 -0.000000 -0.000000 -2.328678
 74 -0.000000 0.000001 -4.999999 -0.079432 1.546568 -1.570855
 75 0.000002 -0.000003 -3.619081 0.034416 -3.071533 -0.493407
 76 16.573921 -0.000000 0.000000 0.000000 0.000000 -1.045581
 77 15.128181 0.000002 0.000000 0.002618 -0.051986 0.588317
 78 5.758665 4.244731 -0.000000 -0.000000 0.000000 1.815142
 79 4.003934 0.000000 0.000000 0.000000 0.000000 0.000000
 80 15.708955 0.000001 0.000000 0.004296 -0.037430 0.405337
 81 0.273998 0.191090 3.439762 -3.130907 -0.000437 -1.508107
 82 17.210194 0.000000 0.000000 -0.000000 -0.000000 -1.884228
 83 0.000000 -0.000001 5.000000 -0.079311 1.595025 -1.570737
time 10
  0 -0.650000 0.000000 33.899605 -0.025849 0.174554 -1.569172
  1 5.816420 0.852483 -32.971565 -0.174512 -0.026131 1.569196
  2 -2.276935 0.000003 -1.238188 -1.570795 -1.570451 0.000000
  3 1.796949 0.711813 0.000259 -0.080301 -0.118514 -0.048956
  4 4.119048 -0.003237 0.000297 -0.090828 0.016423 0.134210
  5 4.119749 -0.003056 0.000325 -0.099204 0.048584 0.354027
  6 4.119419 -0.003165 0.000290 -0.088495 0.018831 0.250787
  7 4.117066 -0.002427 -0.002068 0.814183 0.637496 -0.002676
  8 4.443600 0.000000 0.000001 -0.491669 -0.309326 0.655293
  9 9.024062 -0.000001 -0.000000 0.000000 0.000000 0.000000
 10 -1.031288 1.016036 0.955831 1.046333 -0.622604 2.390840
 11 6.384777 -0.000003 -0.000000 -0.557601 1.104000 -0.616271
 12 10.242684 -0.000002 -0.000001 0.000000 -0.000000 -1.893673
 13 11.375561 -0.000003 0.000002 3.126231 -0.405106 -0.334635
 14 0.728681 0.023434 -1.008292 1.202975 0.409398 0.881725
 15 2.136496 -0.000000 -0.000000 -0.000000 0.000000 -0.078540
 16 2.313141 0.000001 -0.000000 0.000000 0.000000 0.000000
 17 3.115508 -0.886041 -0.021432 -0.166499 0.000392 0.514872
 18 2.011153 0.000003 0.000000 0.000000 -0.000000 1.322792
 19 2.141377 0.000000 0.000000 0.000000 0.000000 0.000000
 20 1.734173 0.000001 -0.000000 0.000000 0.000000 0.660693
 21 0.000003 -4.440594 -0.000001 1.570544 -0.062990 -0.195737
 22 5.999999 -0.000000 0.000000 -2.836149 0.000000 0.000000
 23 0.000001 -4.440600 0.000001 1.569944 -0.062987 0.004053
 24 11.375561 0.000001 0.000004 -2.361426 -0.131449 -0.279754
 25 -0.000000 -4.440605 0.000002 1.570144 -0.062988 0.004040
 26 10.510133 -0.000002 -0.000001 -0.000000 -0.000000 -2.517633
 27 0.000001 -1.748402 4.999999 0.000000 0.004007 1.602291
 28 5.500002 -0.000001 -0.000000 0.077810 -0.000000 -0.000000
 29 -0.000004 -1.940598 5.000000 -0.044472 0.004003 -0.000180
 30 6.551492 -0.000000 0.000002 -0.198571 0.683253 -0.301532
 31 0.000001 -1.940599 5.000000 -0.027189 -0.053376 0.005295
 32 6.551492 -0.000000 0.000002 -0.059996 0.329585 -0.115734
 33 -0.000000 -1.940597 4.999998 -0.066572 -0.152786 -0.110311
 34 1.031291 -1.008958 -0.955831 1.872287 0.976285 -1.002516
 35 6.384776 -0.000000 0.000002 -0.332455 0.351248 -0.428048
 36 10.242682 -0.000000 0.000000 -0.000000 -0.000000 -2.240452
 37 11.375563 0.000002 0.000000 2.091346 0.379129 -0.144769
 38 0.728681 0.023431 1.008292 -1.579583 -0.319038 0.212973
 39 2.136497 -0.000001 0.000000 -0.000000 0.000000 1.282817
 40 2.313139 0.000001 0.000001 0.000000 0.000000 3.141593
 41 3.115508 -0.886041 0.021431 0.420765 0.316066 0.167178
 42 2.011153 -0.000001 -0.000002 -0.000000 0.000000 2.082010
 43 2.141380 0.000000 0.000003 0.000000 0.000000 3.141593
 44 1.734173 -0.000002 0.000000 -0.000000 0.000000 1.041748
 45 0.136314 -3.738193 2.525890 1.493698 2.759406 -1.474501
 46 10.273805 -0.437102 1.198994 1.793563 0.004868 1.507198
 47 11.389367 -0.000819 0.158781 1.830918 0.196503 -0.106900
 48 0.000000 -4.440599 0.000000 1.570144 -3.078602 0.004040
 49 6.000000 -0.000000 -0.000000 1.830918 0.000000 0.000000
 50 0.000002 -4.440600 -0.000000 1.569944 -3.078603 0.004053
 51 10.510131 -0.000000 0.000000 0.000000 -0.000000 -2.691022
 52 -0.000000 -1.748400 -5.000000 3.141593 0.004007 -1.539299
 53 5.500000 -0.000000 0.000000 0.101341 -0.000000 0.000000
 54 0.000000 0.000000 -5.000000 -0.044472 3.137589 -0.000177
 55 6.551490 0.000001 0.000001 -0.101341 0.138619 -0.185997
 56 -1.266843 -1.937443 -4.950558 -0.066572 -2.988806 -0.110308
 57 6.551490 0.000001 0.000001 -0.101341 0.138619 -0.185997
 58 0.699370 -1.944207 -5.006845 -0.027189 -3.088217 0.005298
 59 4.226144 -0.003199 0.000000 0.383112 0.329769 -0.074292
 60 -0.000002 5.000001 -0.000000 -0.153564 0.000087 2.718702
 61 0.000004 -0.000004 -3.713580 0.018865 -3.096651 -0.324845
 62 -0.000002 0.000000 5.000000 3.053198 1.558589 -0.074926
 63 -0.000007 0.000006 3.713580 -0.159276 -2.977491 -0.403653
 64 0.000001 -0.000000 -5.000000 -0.088724 1.558589 3.066337
 65 7.363602 1.646647 0.495663 3.141593 -1.570796 0.000000
 66 -0.000005 0.000007 3.619081 -0.217558 -2.796588 -0.810634
 67 16.573919 -0.000001 0.000000 0.000000 0.000000 -2.033247
 68 15.128181 0.000002 -0.000000 0.271612 0.009043 -0.097069
 69 5.758665 4.244730 0.000000 0.000000 -0.000000 1.842220
 70 3.177726 -0.000001 -0.000001 0.000000 0.000000 3.141593
 71 15.708953 0.000001 -0.000001 0.136460 0.001254 -0.052592
 72 0.275149 0.189214 -3.445208 3.130898 0.000409 -1.514604
 73 17.210194 -0.000002 0.000000 -0.000000 -0.000000 -2.328678
 74 -0.000000 0.000001 -4.999999 -0.079432 1.546568 -1.570855
 75 0.000002 -0.000003 -3.619081 0.034416 -3.071533 -0.493407
 76 16.573921 -0.000000 0.000000 0.000000 0.000000 -1.045581
 77 15.128181 0.000002 0.000000 0.002618 -0.051986 0.588317
 78 5.758665 4.244731 -0.000000 -0.000000 0.000000 1.815142
 79 4.003934 0.000000 0.000000 0.000000 0.000000 0.000000
 80 15.708955 0.000001 0.000000 0.004296 -0.037430 0.405337
 81 0.273998 0.191090 3.439762 -3.130907 -0.000437 -1.508107
 82 17.210194 0.000000 0.000000 -0.000000 -0.000000 -1.884228
 83 0.000000 -0.000001 5.000000 -0.079311 1.595025 -1.570737
time 11
  0 -0.650000 0.000000 33.899605 -0.025849 0.174554 -1.569172
  1 5.816420 0.852483 -32.971565 -0.174512 -0.026131 1.569196
  2 -2.276935 0.000003 -1.238188 -1.570795 -1.570451 0.000000
  3 1.796932 0.711810 0.000213 -0.066238 -0.119128 -0.056127
  4 4.118954 -0.003252 0.000254 -0.077560 0.010924 0.106053
  5 4.119806 -0.003037 0.000284 -0.086755 0.047195 0.373733
  6 4.119481 -0.003151 0.000243 -0.074313 0.018139 0.270137
  7 4.117134 -0.002483 -0.002048 0.786157 0.612056 -0.011898
  8 4.443600 0.000001 0.000000 -0.504605 -0.281038 0.615809
  9 9.024061 -0.000003 0.000001 0.000000 0.000000 0.000000
 10 -0.995534 1.007099 1.002045 1.045596 -0.654928 2.378236
 11 6.384777 0.000000 -0.000001 -0.895939 0.984846 -0.984221
 12 10.242682 0.000000 -0.000001 -0.000000 0.000000 -1.588771
 13 11.375562 -0.000001 0.000001 2.980792 -0.340664 -0.363999
 14 0.728679 0.023432 -1.008292 1.109864 0.394492 0.865547
 15 2.136501 0.000002 0.000001 -0.000000 0.000000 -0.078540
 16 2.313136 0.000000 0.000000 0.000000 0.000000 0.000000
 17 3.115506 -0.886040 -0.021431 -0.164945 -0.022807 0.376384
 18 2.011152 0.000000 0.000000 0.000000 0.000000 0.756417
 19 2.141381 0.000001 0.000000 0.000000 0.000000 0.000000
 20 1.734173 0.000002 0.000001 -0.000000 0.000000 0.378305
 21 0.000006 -4.440594 0.000000 1.570544 -0.062990 -0.195737
 22 6.000000 -0.000001 0.000000 -2.973225 0.000000 0.000000
 23 0.000001 -4.440600 0.000000 1.569944 -0.062987 0.004053
 24 11.375562 -0.000001 0.000004 -2.436803 -0.079775 -0.290948
 25 -0.000001 -4.440603 0.000001 1.570144 -0.062988 0.004040
 26 10.510131 -0.000001 -0.000001 0.000000 -0.000000 -2.365182
 27 0.000001 -1.748399 4.999999 0.000000 0.004007 1.602291
 28 5.500001 -0.000000 -0.000000 0.141633 0.000000 0.000000
 29 -0.000002 -1.940598 5.000000 -0.044472 0.004003 -0.000180
 30 6.551492 0.000001 -0.000001 -0.345301 0.646717 -0.479208
 31 0.000003 -1.940599 5.000001 -0.027189 -0.053376 0.005295
 32 6.551492 0.000001 -0.000001 -0.110013 0.320031 -0.181544
 33 0.000001 -1.940599 4.999996 -0.066572 -0.152786 -0.110311
 34 0.995539 -1.000021 -1.002045 1.859507 1.007459 -1.025829
 35 6.384777 -0.000000 0.000000 -0.320208 0.341733 -0.382144
 36 10.242681 0.000001 -0.000001 0.000000 0.000000 -2.234350
 37 11.375562 0.000001 0.000000 2.093011 0.351764 -0.114698
 38 0.728681 0.023431 1.008293 -1.579583 -0.319038 0.212973
 39 2.136497 -0.000003 -0.000000 -0.000000 -0.000000 1.282817
 40 2.313142 0.000000 -0.000000 0.000000 0.000000 3.141593
 41 3.115507 -0.886041 0.021431 0.420766 0.316066 0.167178
 42 2.011151 0.000000 -0.000002 -0.000000 0.000000 2.082010
 43 2.141380 -0.000000 -0.000001 0.000000 0.000000 3.141593
 44 1.734173 -0.000002 -0.000003 -0.000000 0.000000 1.041748
 45 0.136315 -3.738192 2.525892 1.493698 2.759406 -1.474501
 46 10.273805 -0.437102 1.198990 1.793563 0.004868 1.507198
 47 11.389366 -0.000820 0.158781 1.831037 0.184788 -0.089556
 48 0.000000 -4.440598 -0.000000 1.570144 -3.078602 0.004040
 49 6.000000 0.000000 0.000000 1.831037 -0.000000 0.000000
 50 0.000002 -4.440601 0.000002 1.569944 -3.078603 0.004053
 51 10.510132 -0.000001 0.000001 -0.000000 0.000000 -2.687972
 52 0.000001 -1.748397 -5.000000 3.141593 0.004007 -1.539299
 53 5.500000 -0.000000 0.000000 0.101450 -0.000000 0.000000
 54 -0.000000 -0.000001 -5.000000 -0.044472 3.137589 -0.000177
 55 6.551490 0.000001 -0.000001 -0.101450 0.137930 -0.175271
 56 -1.266843 -1.937444 -4.950561 -0.066572 -2.988806 -0.110308
 57 6.551490 0.000001 -0.000001 -0.101450 0.137930 -0.175271
 58 0.699371 -1.944209 -5.006847 -0.027189 -3.088217 0.005298
 59 4.226146 -0.003202 -0.000000 0.372634 0.316679 -0.073778
 60 -0.000001 5.000001 0.000000 -0.153564 0.000087 2.718702
 61 0.000004 -0.000004 -3.713580 0.018865 -3.096651 -0.324845
 62 -0.000002 0.000000 5.000000 3.053198 1.558589 -0.074926
 63 -0.000007 0.000006 3.713580 -0.159276 -2.977491 -0.403653
 64 0.000001 -0.000000 -5.000000 -0.088724 1.558589 3.066337
 65 7.363602 1.646647 0.495663 3.141593 -1.570796 0.000000
 66 -0.000005 0.000007 3.619081 -0.217558 -2.796588 -0.810634
 67 16.573919 -0.000001 0.000000 0.000000 0.000000 -2.033247
 68 15.128181 0.000002 -0.000000 0.271612 0.009043 -0.097069
 69 5.758665 4.244730 0.000000 0.000000 -0.000000 1.842220
 70 3.177726 -0.000001 -0.000001 0.000000 0.000000 3.141593
 71 15.708953 0.000001 -0.000001 0.136460 0.001254 -0.052592
 72 0.275149 0.189214 -3.445208 3.130898 0.000409 -1.514604
 73 17.210194 -0.000002 0.000000 -0.000000 -0.000000 -2.328678
 74 -0.000000 0.000001 -4.999999 -0.079432 1.546568 -1.570855
 75 0.000002 -0.000003 -3.619081 0.034416 -3.071533 -0.493407
 76 16.573921 -0.000000 0.000000 0.000000 0.000000 -1.045581
 77 15.128181 0.000002 0.000000 0.002618 -0.051986 0.588317
 78 5.758665 4.244731 -0.000000 -0.000000 0.000000 1.815142
 79 4.003934 0.000000 0.000000 0.000000 0.000000 0.000000
 80 15.708955 0.000001 0.000000 0.004296 -0.037430 0.405337
 81 0.273998 0.191090 3.439762 -3.130907 -0.000437 -1.508107
 82 17.210194 0.000000 0.000000 -0.000000 -0.000000 -1.884228
 83 0.000000 -0.000001 5.000000 -0.079311 1.595025 -1.570737
time 12
  0 -0.650000 0.000000 33.899605 -0.025849 0.174554 -1.569172
  1 5.816420 0.852483 -32.971565 -0.174512 -0.026131 1.569196
  2 -2.276935 0.000003 -1.238188 -1.570795 -1.570451 0.000000
  3 1.796915 0.711809 0.000169 -0.052841 -0.119707 -0.062661
  4 4.118867 -0.003263 0.000212 -0.064778 0.006108 0.079485
  5 4.119857 -0.003021 0.000245 -0.074855 0.045518 0.389828
  6 4.119531 -0.003141 0.000199 -0.060851 0.017132 0.285902
  7 4.117320 -0.002638 -0.001979 0.711548 0.541538 -0.034648
  8 4.443597 0.000001 -0.000002 -0.479104 -0.232124 0.549690
  9 9.024059 -0.000002 -0.000000 0.000000 0.000000 0.000000
 10 -0.893139 0.973118 1.124516 1.047365 -0.744600 2.343032
 11 6.384776 0.000002 0.000001 -1.107436 0.801476 -1.264168
 12 10.242684 -0.000000 0.000000 -0.000000 0.000000 -1.277609
 13 11.375562 -0.000001 0.000000 3.045858 -0.266497 -0.371318
 14 0.728680 0.023433 -1.008292 1.202975 0.409398 0.881725
 15 2.136495 0.000001 -0.000001 0.000000 -0.000000 -0.078540
 16 2.313138 0.000000 -0.000000 0.000000 0.000000 0.000000
 17 3.115507 -0.886041 -0.021431 -0.159463 -0.048099 0.222043
 18 2.011153 -0.000001 -0.000001 -0.000000 -0.000000 0.293047
 19 2.141380 0.000003 0.000001 0.000000 0.000000 0.000000
 20 1.734173 0.000001 0.000000 -0.000000 -0.000000 0.147297
 21 0.000004 -4.440595 0.000000 1.570544 -0.062990 -0.195737
 22 5.999999 -0.000001 0.000000 -2.914304 0.000000 -0.000000
 23 0.000001 -4.440600 -0.000001 1.569944 -0.062987 0.004053
 24 11.375560 -0.000000 0.000003 -2.407321 -0.043464 -0.272511
 25 -0.000001 -4.440603 -0.000000 1.570144 -0.062988 0.004040
 26 10.510133 -0.000000 -0.000001 0.000000 -0.000000 -2.209601
 27 -0.000001 -1.748399 4.999999 0.000000 0.004007 1.602291
 28 5.500000 -0.000000 -0.000001 0.188191 0.000000 -0.000000
 29 -0.000001 -1.940598 5.000000 -0.044472 0.004003 -0.000180
 30 6.551492 0.000001 -0.000000 -0.463240 0.613755 -0.663921
 31 0.000003 -1.940598 5.000000 -0.027189 -0.053376 0.005295
 32 6.551492 0.000001 -0.000000 -0.144843 0.313600 -0.249119
 33 0.000001 -1.940600 4.999996 -0.066572 -0.152786 -0.110311
 34 0.893140 -0.966041 -1.124518 1.804661 1.093351 -1.107919
 35 6.384776 0.000000 0.000000 -0.276234 0.324161 -0.327655
 36 10.242682 0.000001 0.000000 0.000000 0.000000 -2.240452
 37 11.375563 0.000002 0.000001 2.124438 0.325435 -0.048959
 38 0.728681 0.023431 1.008294 -1.579583 -0.319038 0.212973
 39 2.136496 -0.000004 -0.000000 -0.000000 -0.000000 1.282817
 40 2.313140 0.000001 -0.000000 0.000000 0.000000 3.141593
 41 3.115507 -0.886041 0.021433 0.420765 0.316066 0.167178
 42 2.011150 0.000000 -0.000001 -0.000000 -0.000000 2.082010
 43 2.141379 0.000000 -0.000001 0.000000 0.000000 3.141593
 44 1.734172 -0.000001 -0.000002 0.000000 -0.000000 1.041748
 45 0.136315 -3.738194 2.525888 1.493698 2.759406 -1.474501
 46 10.273805 -0.437103 1.198993 1.793563 0.004868 1.507198
 47 11.389367 -0.000818 0.158782 1.844902 0.175954 -0.053646
 48 0.000000 -4.440599 0.000001 1.570144 -3.078602 0.004040
 49 6.000000 0.000001 0.000000 1.844903 0.000000 0.000000
 50 0.000000 -4.440602 0.000002 1.569944 -3.078603 0.004053
 51 10.510129 -0.000000 0.000001 -0.000000 0.000000 -2.691022
 52 -0.000001 -1.748399 -5.000002 3.141593 0.004007 -1.539299
 53 5.499999 0.000000 0.000001 0.090817 -0.000000 0.000000
 54 0.000000 0.000001 -5.000001 -0.044472 3.137589 -0.000177
 55 6.551491 -0.000002 0.000001 -0.090817 0.134801 -0.163313
 56 -1.266844 -1.937441 -4.950562 -0.066572 -2.988806 -0.110308
 57 6.551491 -0.000001 0.000001 -0.090817 0.134801 -0.163313
 58 0.699371 -1.944207 -5.006847 -0.027189 -3.088217 0.005298
 59 4.226147 -0.003204 -0.000000 0.343407 0.280399 -0.072627
 60 -0.000001 5.000000 -0.000000 -0.153564 0.000087 2.718702
 61 0.000004 -0.000004 -3.713580 0.018865 -3.096651 -0.324845
 62 -0.000002 0.000000 5.000000 3.053198 1.558589 -0.074926
 63 -0.000007 0.000006 3.713580 -0.159276 -2.977491 -0.403653
 64 0.000001 -0.000000 -5.000000 -0.088724 1.558589 3.066337
 65 7.363602 1.646647 0.495663 3.141593 -1.570796 0.000000
 66 -0.000005 0.000007 3.619081 -0.217558 -2.796588 -0.810634
 67 16.573919 -0.000001 0.000000 0.000000 0.000000 -2.033247
 68 15.128181 0.000002 -0.000000 0.271612 0.009043 -0.097069
 69 5.758665 4.244730 0.000000 0.000000 -0.000000 1.842220
 70 3.177726 -0.000001 -0.000001 0.000000 0.000000 3.141593
 71 15.708953 0.000001 -0.000001 0.136460 0.001254 -0.052592
 72 0.275149 0.189214 -3.445208 3.130898 0.000409 -1.514604
 73 17.210194 -0.000002 0.000000 -0.000000 -0.000000 -2.328678
 74 -0.000000 0.000001 -4.999999 -0.079432 1.546568 -1.570855
 75 0.000002 -0.000003 -3.619081 0.034416 -3.071533 -0.493407
 76 16.573921 -0.000000 0.000000 0.000000 0.000000 -1.045581
 77 15.128181 0.000002 0.000000 0.002618 -0.051986 0.588317
 78 5.758665 4.244731 -0.000000 -0.000000 0.000000 1.815142
 79 4.003934 0.000000 0.000000 0.000000 0.000000 0.000000
 80 15.708955 0.000001 0.000000 0.004296 -0.037430 0.405337
 81 0.273998 0.191090 3.439762 -3.130907 -0.000437 -1.508107
 82 17.210194 0.000000 0.000000 -0.000000 -0.000000 -1.884228
 83 0.000000 -0.000001 5.000000 -0.079311 1.595025 -1.570737
time 13
  0 -0.650000 0.000000 33.899605 -0.025849 0.174554 -1.569172
  1 5.816420 0.852483 -32.971565 -0.174512 -0.026131 1.569196
  2 -2.276935 0.000003 -1.238188 -1.570795 -1.570451 0.000000
  3 1.796902 0.711808 0.000128 -0.040085 -0.120290 -0.068512
  4 4.118781 -0.003270 0.000172 -0.052491 0.001929 0.054533
  5 4.119892 -0.003009 0.000208 -0.063468 0.043605 0.401824
  6 4.119564 -0.003131 0.000158 -0.048093 0.015885 0.297591
  7 4.117546 -0.002822 -0.001858 0.622838 0.450898 -0.055625
  8 4.443598 0.000000 0.000000 -0.439054 -0.169612 0.472537
  9 9.024059 0.000001 0.000000 0.000000 0.000000 0.000000
 10 -0.755076 0.913285 1.266705 1.057579 -0.858460 2.294038
 11 6.384777 -0.000001 0.000002 -1.029689 0.891555 -1.393722
 12 10.242684 0.000000 -0.000000 0.000000 0.000000 -1.290021
 13 11.375562 0.000003 0.000000 -2.236021 -0.316872 -0.438576
 14 0.728680 0.023432 -1.008294 2.004046 0.466680 1.060672
 15 2.136498 -0.000000 0.000000 0.000000 0.000000 -0.078540
 16 2.313140 0.000001 -0.000000 0.000000 0.000000 0.000000
 17 3.115507 -0.886040 -0.021433 -0.158554 -0.051035 0.203710
 18 2.011151 0.000001 0.000000 -0.000000 0.000000 0.887732
 19 2.141380 -0.000000 -0.000001 0.000000 0.000000 0.000000
 20 1.734172 0.000003 -0.000001 -0.000000 -0.000000 0.443534
 21 0.000007 -4.440593 -0.000001 1.570544 -0.062990 -0.195737
 22 6.000000 0.000002 0.000000 -2.082032 -0.000000 -0.000000
 23 0.000002 -4.440601 0.000001 1.569944 -0.062987 0.004053
 24 11.375561 0.000003 0.000003 -1.913732 -0.126101 -0.258373
 25 -0.000001 -4.440603 0.000000 1.570144 -0.062988 0.004040
 26 10.510132 -0.000000 -0.000001 0.000000 -0.000000 -2.215806
 27 0.000001 -1.748402 4.999998 0.000000 0.004007 1.602291
 28 5.500000 0.000000 -0.000000 0.095715 0.000000 0.000000
 29 -0.000000 -1.940598 5.000000 -0.044472 0.004003 -0.000180
 30 6.551492 0.000000 0.000002 -0.350827 0.745427 -0.758513
 31 0.000002 -1.940599 5.000001 -0.027189 -0.053376 0.005295
 32 6.551492 0.000000 0.000002 -0.065305 0.356510 -0.273725
 33 0.000000 -1.940598 4.999995 -0.066572 -0.152786 -0.110311
 34 0.755076 -0.906207 -1.266706 1.713229 1.196599 -1.229555
 35 6.384777 -0.000000 -0.000000 -0.254671 0.296184 -0.281549
 36 10.242682 0.000002 0.000000 0.000000 0.000000 -2.240452
 37 11.375560 0.000002 0.000000 2.125646 0.331549 -0.058690
 38 0.728680 0.023432 1.008294 -1.579583 -0.319038 0.212973
 39 2.136497 -0.000000 0.000000 -0.000000 0.000000 1.282817
 40 2.313142 0.000000 0.000001 0.000000 0.000000 3.141593
 41 3.115505 -0.886040 0.021435 0.420766 0.316066 0.167178
 42 2.011152 -0.000000 -0.000002 -0.000000 0.000000 2.082010
 43 2.141380 0.000000 0.000002 0.000000 0.000000 3.141593
 44 1.734173 -0.000001 -0.000002 -0.000000 0.000000 1.041748
 45 0.136314 -3.738192 2.525892 1.493698 2.759406 -1.474501
 46 10.273804 -0.437102 1.198995 1.793563 0.004868 1.507198
 47 11.389364 -0.000818 0.158782 1.845644 0.178382 -0.059463
 48 0.000002 -4.440599 -0.000000 1.570144 -3.078602 0.004040
 49 5.999998 0.000000 -0.000000 1.845644 0.000000 -0.000000
 50 0.000001 -4.440601 0.000002 1.569944 -3.078603 0.004053
 51 10.510131 0.000002 0.000001 -0.000000 0.000000 -2.691022
 52 0.000000 -1.748399 -5.000000 3.141593 0.004007 -1.539299
 53 5.499999 0.000002 0.000000 0.087332 -0.000000 0.000000
 54 0.000000 0.000001 -5.000000 -0.044472 3.137589 -0.000177
 55 6.551491 -0.000001 -0.000000 -0.087332 0.128596 -0.151539
 56 -1.266844 -1.937442 -4.950560 -0.066572 -2.988806 -0.110308
 57 6.551491 -0.000001 -0.000000 -0.087332 0.128596 -0.151539
 58 0.699371 -1.944209 -5.006845 -0.027189 -3.088217 0.005298
 59 4.226145 -0.003203 -0.000000 0.306194 0.233878 -0.070066
 60 -0.000001 5.000001 -0.000001 -0.153564 0.000087 2.718702
 61 0.000004 -0.000004 -3.713580 0.018865 -3.096651 -0.324845
 62 -0.000002 0.000000 5.000000 3.053198 1.558589 -0.074926
 63 -0.000007 0.000006 3.713580 -0.159276 -2.977491 -0.403653
 64 0.000001 -0.000000 -5.000000 -0.088724 1.558589 3.066337
 65 7.363602 1.646647 0.495663 3.141593 -1.570796 0.000000
 66 -0.000005 0.000007 3.619081 -0.217558 -2.796588 -0.810634
 67 16.573919 -0.000001 0.000000 0.000000 0.000000 -2.033247
 68 15.128181 0.000002 -0.000000 0.271612 0.009043 -0.097069
 69 5.758665 4.244730 0.000000 0.000000 -0.000000 1.842220
 70 3.177726 -0.000001 -0.000001 0.000000 0.000000 3.141593
 71 15.708953 0.000001 -0.000001 0.136460 0.001254 -0.052592
 72 0.275149 0.189214 -3.445208 3.130898 0.000409 -1.514604
 73 17.210194 -0.000002 0.000000 -0.000000 -0.000000 -2.328678
 74 -0.000000 0.000001 -4.999999 -0.079432 1.546568 -1.570855
 75 0.000002 -0.000003 -3.619081 0.034416 -3.071533 -0.493407
 76 16.573921 -0.000000 0.000000 0.000000 0.000000 -1.045581
 77 15.128181 0.000002 0.000000 0.002618 -0.051986 0.588317
 78 5.758665 4.244731 -0.000000 -0.000000 0.000000 1.815142
 79 4.003934 0.000000 0.000000 0.000000 0.000000 0.000000
 80 15.708955 0.000001 0.000000 0.004296 -0.037430 0.405337
 81 0.273998 0.191090 3.439762 -3.130907 -0.000437 -1.508107
 82 17.210194 0.000000 0.000000 -0.000000 -0.000000 -1.884228
 83 0.000000 -0.000001 5.000000 -0.079311 1.595025 -1.570737
time 14
  0 -0.650000 0.000000 33.899605 -0.025849 0.174554 -1.569172
  1 5.816420 0.852483 -32.971565 -0.174512 -0.026131 1.569196
  2 -2.276935 0.000003 -1.238188 -1.570795 -1.570451 0.000000
  3 1.796890 0.711807 0.000089 -0.027946 -0.120913 -0.073633
  4 4.118705 -0.003275 0.000133 -0.040703 -0.001660 0.031219
  5 4.119911 -0.003002 0.000172 -0.052553 0.041515 0.409236
  6 4.119586 -0.003124 0.000119 -0.036019 0.014473 0.304718
  7 4.117784 -0.003001 -0.001684 0.531459 0.349893 -0.068057
  8 4.443600 -0.000001 0.000000 -0.395517 -0.093524 0.397964
  9 9.024062 -0.000001 -0.000000 0.000000 0.000000 0.000000
 10 -0.593970 0.828456 1.403221 1.082384 -0.983016 2.228667
 11 6.384776 0.000002 -0.000000 -0.898474 1.026301 -1.439188
 12 10.242683 -0.000000 0.000001 0.000000 0.000000 -1.396412
 13 11.375560 -0.000000 -0.000001 -1.307732 -0.306588 -0.508427
 14 0.728681 0.023431 -1.008291 2.737721 0.400631 1.219649
 15 2.136497 0.000000 0.000002 -0.000000 -0.000000 -0.078540
 16 2.313139 -0.000000 0.000002 0.000000 0.000000 0.000000
 17 3.115506 -0.886041 -0.021430 -0.159463 -0.048099 0.222043
 18 2.011151 -0.000000 -0.000000 0.000000 -0.000000 1.558411
 19 2.141380 0.000000 -0.000001 0.000000 0.000000 0.000000
 20 1.734171 0.000001 0.000002 0.000000 -0.000000 0.779164
 21 0.000006 -4.440594 0.000003 1.570544 -0.062990 -0.195737
 22 5.999999 0.000001 -0.000000 -1.382496 0.000000 0.000000
 23 0.000002 -4.440601 0.000000 1.569944 -0.062987 0.004053
 24 11.375560 0.000003 0.000003 -1.458620 -0.177128 -0.256373
 25 -0.000000 -4.440603 0.000003 1.570144 -0.062988 0.004040
 26 10.510132 -0.000000 0.000000 0.000000 0.000000 -2.269003
 27 0.000001 -1.748401 4.999999 0.000000 0.004007 1.602291
 28 5.500000 -0.000000 -0.000000 0.021803 -0.000000 -0.000000
 29 -0.000001 -1.940599 5.000000 -0.044472 0.004003 -0.000180
 30 6.551491 0.000002 -0.000001 -0.234482 0.842178 -0.743597
 31 -0.000001 -1.940600 5.000001 -0.027189 -0.053376 0.005295
 32 6.551491 0.000002 -0.000001 -0.004659 0.381843 -0.263138
 33 -0.000000 -1.940599 4.999997 -0.066572 -0.152786 -0.110311
 34 0.593973 -0.821379 -1.403221 1.528177 1.301543 -1.447630
 35 6.384775 0.000001 -0.000002 -0.240650 0.261883 -0.238303
 36 10.242682 0.000001 0.000001 0.000000 0.000000 -2.240452
 37 11.375561 0.000001 0.000001 2.124971 0.342216 -0.076132
 38 0.728680 0.023430 1.008294 -1.579583 -0.319038 0.212973
 39 2.136496 -0.000003 0.000000 -0.000000 0.000000 1.282817
 40 2.313140 0.000000 0.000000 0.000000 0.000000 3.141593
 41 3.115506 -0.886042 0.021433 0.420765 0.316066 0.167178
 42 2.011149 0.000000 0.000002 0.000000 0.000000 2.082010
 43 2.141379 -0.000001 -0.000003 0.000000 0.000000 3.141593
 44 1.734172 -0.000001 -0.000000 -0.000000 0.000000 1.041748
 45 0.136315 -3.738193 2.525890 1.493698 2.759406 -1.474501
 46 10.273804 -0.437103 1.198994 1.793563 0.004868 1.507198
 47 11.389364 -0.000819 0.158782 1.845618 0.182557 -0.069660
 48 -0.000001 -4.440599 0.000001 1.570144 -3.078602 0.004040
 49 5.999997 0.000001 0.000000 1.845618 0.000000 0.000000
 50 0.000002 -4.440600 -0.000002 1.569944 -3.078603 0.004053
 51 10.510129 0.000001 0.000001 -0.000000 0.000000 -2.691022
 52 -0.000000 -1.748397 -5.000000 -3.141593 0.004007 -1.539299
 53 5.499999 0.000001 0.000001 0.085838 -0.000000 0.000000
 54 -0.000000 0.000000 -5.000000 -0.044472 3.137589 -0.000177
 55 6.551489 -0.000000 -0.000001 -0.085838 0.119874 -0.138821
 56 -1.266843 -1.937444 -4.950558 -0.066572 -2.988806 -0.110308
 57 6.551489 -0.000000 -0.000001 -0.085838 0.119874 -0.138821
 58 0.699371 -1.944209 -5.006845 -0.027189 -3.088217 0.005298
 59 4.226145 -0.003200 -0.000000 0.265222 0.181972 -0.064632
 60 0.000000 5.000000 -0.000000 -0.153564 0.000087 2.718701
 61 0.000004 -0.000004 -3.713580 0.018865 -3.096651 -0.324845
 62 -0.000002 0.000000 5.000000 3.053198 1.558589 -0.074926
 63 -0.000007 0.000006 3.713580 -0.159276 -2.977491 -0.403653
 64 0.000001 -0.000000 -5.000000 -0.088724 1.558589 3.066337
 65 7.363602 1.646647 0.495663 3.141593 -1.570796 0.000000
 66 -0.000005 0.000007 3.619081 -0.217558 -2.796588 -0.810634
 67 16.573919 -0.000001 0.000000 0.000000 0.000000 -2.033247
 68 15.128181 0.000002 -0.000000 0.271612 0.009043 -0.097069
 69 5.758665 4.244730 0.000000 0.000000 -0.000000 1.842220
 70 3.177726 -0.000001 -0.000001 0.000000 0.000000 3.141593
 71 15.708953 0.000001 -0.000001 0.136460 0.001254 -0.052592
 72 0.275149 0.189214 -3.445208 3.130898 0.000409 -1.514604
 73 17.210194 -0.000002 0.000000 -0.000000 -0.000000 -2.328678
 74 -0.000000 0.000001 -4.999999 -0.079432 1.546568 -1.570855
 75 0.000002 -0.000003 -3.619081 0.034416 -3.071533 -0.493407
 76 16.573921 -0.000000 0.000000 0.000000 0.000000 -1.045581
 77 15.128181 0.000002 0.000000 0.002618 -0.051986 0.588317
 78 5.758665 4.244731 -0.000000 -0.000000 0.000000 1.815142
 79 4.003934 0.000000 0.000000 0.000000 0.000000 0.000000
 80 15.708955 0.000001 0.000000 0.004296 -0.037430 0.405337
 81 0.273998 0.191090 3.439762 -3.130907 -0.000437 -1.508107
 82 17.210194 0.000000 0.000000 -0.000000 -0.000000 -1.884228
 83 0.000000 -0.000001 5.000000 -0.079311 1.595025 -1.570737
time 15
  0 -0.650000 0.000000 33.899605 -0.025849 0.174554 -1.569172
  1 5.816420 0.852483 -32.971565 -0.174512 -0.026131 1.569196
  2 -2.276935 0.000003 -1.238188 -1.570795 -1.570451 0.000000
  3 1.796881 0.711807 0.000061 -0.019445 -0.121091 -0.076928
  4 4.118662 -0.003277 0.000106 -0.032303 -0.003751 0.017459
  5 4.119884 -0.003015 0.000146 -0.044562 0.039148 0.400137
  6 4.119559 -0.003137 0.000091 -0.027670 0.012927 0.295413
  7 4.118018 -0.003168 -0.001468 0.441858 0.244954 -0.069400
  8 4.443597 -0.000000 -0.000000 -0.347584 -0.005722 0.351623
  9 9.024059 0.000000 0.000000 0.000000 0.000000 0.000000
 10 -0.420205 0.722361 1.519553 1.126422 -1.108157 2.144021
 11 6.384777 -0.000002 -0.000002 -0.861090 1.042149 -1.415143
 12 10.242681 0.000000 -0.000000 -0.000000 0.000000 -1.459189
 13 11.375561 -0.000000 0.000001 -1.202074 -0.275213 -0.442186
 14 0.728680 0.023431 -1.008291 2.876294 0.376596 1.241800
 15 2.136497 0.000000 0.000001 -0.000000 -0.000000 -0.078540
 16 2.313138 0.000000 -0.000000 0.000000 0.000000 0.000000
 17 3.115506 -0.886041 -0.021432 -0.159463 -0.048099 0.222043
 18 2.011151 0.000000 -0.000003 -0.000000 0.000000 1.677039
 19 2.141379 0.000000 0.000001 0.000000 0.000000 0.000000
 20 1.734172 0.000001 -0.000002 0.000000 0.000000 0.838866
 21 0.000006 -4.440595 -0.000000 1.570544 -0.062990 -0.195737
 22 6.000000 0.000000 0.000000 -1.299792 -0.000000 0.000000
 23 0.000000 -4.440600 -0.000002 1.569944 -0.062987 0.004053
 24 11.375561 -0.000001 0.000004 -1.401831 -0.165982 -0.223067
 25 -0.000001 -4.440603 -0.000000 1.570144 -0.062988 0.004040
 26 10.510129 0.000000 0.000000 0.000000 0.000000 -2.300390
 27 -0.000001 -1.748398 4.999999 0.000000 0.004007 1.602290
 28 5.499999 0.000000 0.000000 0.012343 0.000000 0.000000
 29 -0.000001 -1.940599 5.000001 -0.044472 0.004003 -0.000180
 30 6.551492 -0.000000 -0.000001 -0.209439 0.843014 -0.723328
 31 0.000000 -1.940599 5.000001 -0.027189 -0.053376 0.005295
 32 6.551492 -0.000000 -0.000001 0.002603 0.381004 -0.258804
 33 -0.000002 -1.940598 4.999997 -0.066572 -0.152786 -0.110311
 34 0.420203 -0.715282 -1.519555 1.123686 1.385713 -1.887839
 35 6.384777 -0.000001 -0.000000 -0.252608 0.220810 -0.205607
 36 10.242681 -0.000001 -0.000001 0.000000 0.000000 -2.240452
 37 11.375563 0.000001 -0.000000 2.122725 0.355870 -0.098819
 38 0.728681 0.023431 1.008289 -1.579583 -0.319038 0.212973
 39 2.136497 0.000001 -0.000001 -0.000000 0.000000 1.282817
 40 2.313140 0.000001 0.000001 0.000000 0.000000 3.141593
 41 3.115506 -0.886041 0.021431 0.420766 0.316066 0.167178
 42 2.011151 -0.000000 0.000001 -0.000000 0.000000 2.082010
 43 2.141379 0.000000 0.000000 0.000000 0.000000 3.141593
 44 1.734174 -0.000001 -0.000001 0.000000 0.000000 1.041748
 45 0.136314 -3.738192 2.525892 1.493698 2.759406 -1.474501
 46 10.273805 -0.437103 1.198991 1.793563 0.004868 1.507198
 47 11.389367 -0.000819 0.158780 1.844978 0.187811 -0.082679
 48 0.000001 -4.440598 0.000000 1.570144 -3.078602 0.004040
 49 6.000000 -0.000000 -0.000001 1.844978 0.000000 0.000000
 50 0.000002 -4.440599 -0.000001 1.569944 -3.078603 0.004053
 51 10.510130 -0.000001 0.000000 -0.000000 0.000000 -2.691022
 52 -0.000001 -1.748399 -5.000001 -3.141593 0.004007 -1.539299
 53 5.499999 -0.000001 -0.000000 0.092656 0.000000 0.000000
 54 -0.000000 -0.000002 -5.000000 -0.044472 3.137589 -0.000177
 55 6.551490 -0.000002 0.000000 -0.092656 0.107592 -0.127632
 56 -1.266844 -1.937441 -4.950559 -0.066572 -2.988806 -0.110308
 57 6.551491 -0.000002 0.000000 -0.092656 0.107592 -0.127632
 58 0.699371 -1.944206 -5.006846 -0.027189 -3.088217 0.005298
 59 4.226147 -0.003202 -0.000000 0.222776 0.127702 -0.055323
 60 0.000002 5.000000 -0.000000 -0.153564 0.000087 2.718702
 61 0.000004 -0.000004 -3.713580 0.018865 -3.096651 -0.324845
 62 -0.000002 0.000000 5.000000 3.053198 1.558589 -0.074926
 63 -0.000007 0.000006 3.713580 -0.159276 -2.977491 -0.403653
 64 0.000001 -0.000000 -5.000000 -0.088724 1.558589 3.066337
 65 7.363602 1.646647 0.495663 3.141593 -1.570796 0.000000
 66 -0.000005 0.000007 3.619081 -0.217558 -2.796588 -0.810634
 67 16.573919 -0.000001 0.000000 0.000000 0.000000 -2.033247
 68 15.128181 0.000002 -0.000000 0.271612 0.009043 -0.097069
 69 5.758665 4.244730 0.000000 0.000000 -0.000000 1.842220
 70 3.177726 -0.000001 -0.000001 0.000000 0.000000 3.141593
 71 15.708953 0.000001 -0.000001 0.136460 0.001254 -0.052592
 72 0.275149 0.189214 -3.445208 3.130898 0.000409 -1.514604
 73 17.210194 -0.000002 0.000000 -0.000000 -0.000000 -2.328678
 74 -0.000000 0.000001 -4.999999 -0.079432 1.546568 -1.570855
 75 0.000002 -0.000003 -3.619081 0.034416 -3.071533 -0.493407
 76 16.573921 -0.000000 0.000000 0.000000 0.000000 -1.045581
 77 15.128181 0.000002 0.000000 0.002618 -0.051986 0.588317
 78 5.758665 4.244731 -0.000000 -0.000000 0.000000 1.815142
 79 4.003934 0.000000 0.000000 0.000000 0.000000 0.000000
 80 15.708955 0.000001 0.000000 0.004296 -0.037430 0.405337
 81 0.273998 0.191090 3.439762 -3.130907 -0.000437 -1.508107
 82 17.210194 0.000000 0.000000 -0.000000 -0.000000 -1.884228
 83 0.000000 -0.000001 5.000000 -0.079311 1.595025 -1.570737
time 16
  0 -0.650000 0.000000 33.899605 -0.025849 0.174554 -1.569172
  1 5.816420 0.852483 -32.971565 -0.174512 -0.026131 1.569196
  2 -2.276935 0.000003 -1.238188 -1.570795 -1.570451 0.000000
  3 1.796881 0.711807 0.000043 -0.013988 -0.120916 -0.078362
  4 4.118644 -0.003278 0.000088 -0.026741 -0.004595 0.012883
  5 4.119794 -0.003054 0.000127 -0.038759 0.036347 0.370086
  6 4.119461 -0.003163 0.000074 -0.022450 0.011214 0.265218
  7 4.118228 -0.003298 -0.001224 0.357211 0.142919 -0.059233
  8 4.443599 -0.000001 0.000000 -0.295725 0.088139 0.347996
  9 9.024060 -0.000001 -0.000000 0.000000 0.000000 0.000000
 10 -0.246795 0.603223 1.606795 1.205589 -1.225597 2.024222
 11 6.384776 -0.000000 0.000001 -0.825444 1.096228 -1.381693
 12 10.242683 -0.000001 0.000000 0.000000 -0.000000 -1.533764
 13 11.375561 0.000000 0.000002 -1.266359 -0.251905 -0.392325
 14 0.728680 0.023432 -1.008294 2.860993 0.379404 1.239529
 15 2.136497 0.000000 0.000001 0.000000 0.000000 -0.078540
 16 2.313138 -0.000001 -0.000001 0.000000 0.000000 0.000000
 17 3.115506 -0.886041 -0.021433 -0.159463 -0.048099 0.222043
 18 2.011150 0.000000 0.000001 0.000000 -0.000000 1.663858
 19 2.141380 -0.000000 0.000001 0.000000 0.000000 0.000000
 20 1.734172 0.000000 0.000003 -0.000000 -0.000000 0.832235
 21 0.000006 -4.440593 -0.000002 1.570544 -0.062990 -0.195737
 22 6.000000 0.000002 0.000001 -1.346333 -0.000000 0.000000
 23 0.000002 -4.440600 0.000002 1.569944 -0.062987 0.004053
 24 11.375562 -0.000000 0.000005 -1.430372 -0.149894 -0.202503
 25 0.000000 -4.440604 -0.000000 1.570144 -0.062988 0.004040
 26 10.510133 -0.000001 -0.000000 0.000000 0.000000 -2.337678
 27 0.000000 -1.748398 5.000000 0.000000 0.004007 1.602290
 28 5.500000 -0.000001 0.000000 -0.007408 -0.000000 -0.000000
 29 0.000001 -1.940599 5.000000 -0.044472 0.004003 -0.000180
 30 6.551490 0.000000 0.000002 -0.164935 0.864830 -0.681906
 31 -0.000001 -1.940598 5.000000 -0.027189 -0.053376 0.005295
 32 6.551490 0.000000 0.000002 0.017991 0.386737 -0.245586
 33 0.000000 -1.940600 4.999997 -0.066572 -0.152786 -0.110311
 34 0.246799 -0.596148 -1.606795 0.441381 1.405860 -2.608148
 35 6.384776 0.000000 0.000000 -0.297413 0.170857 -0.178344
 36 10.242682 0.000002 -0.000001 0.000000 0.000000 -2.240452
 37 11.375561 0.000001 0.000001 2.119298 0.370943 -0.124267
 38 0.728681 0.023430 1.008294 -1.579583 -0.319038 0.212973
 39 2.136496 -0.000001 -0.000000 -0.000000 0.000000 1.282817
 40 2.313138 0.000000 -0.000000 0.000000 0.000000 3.141593
 41 3.115507 -0.886042 0.021431 0.420766 0.316066 0.167178
 42 2.011151 -0.000000 -0.000000 0.000000 0.000000 2.082010
 43 2.141379 0.000000 -0.000001 0.000000 0.000000 3.141593
 44 1.734172 -0.000001 0.000000 -0.000000 0.000000 1.041748
 45 0.136314 -3.738193 2.525891 1.493698 2.759406 -1.474501
 46 10.273805 -0.437103 1.198993 1.793563 0.004868 1.507198
 47 11.389363 -0.000819 0.158782 1.843909 0.193518 -0.096989
 48 0.000001 -4.440598 -0.000000 1.570144 -3.078602 0.004040
 49 5.999997 0.000000 0.000000 1.843908 0.000000 0.000000
 50 -0.000001 -4.440601 0.000001 1.569944 -3.078603 0.004053
 51 10.510129 0.000001 -0.000000 -0.000000 0.000000 -2.691022
 52 0.000000 -1.748397 -5.000000 -3.141593 0.004007 -1.539299
 53 5.499999 0.000001 -0.000001 0.110325 -0.000000 -0.000000
 54 0.000000 0.000000 -4.999998 -0.044472 3.137589 -0.000177
 55 6.551490 0.000001 0.000000 -0.110325 0.090613 -0.116701
 56 -1.266843 -1.937443 -4.950560 -0.066572 -2.988806 -0.110308
 57 6.551491 0.000001 0.000000 -0.110325 0.090613 -0.116701
 58 0.699370 -1.944206 -5.006847 -0.027189 -3.088217 0.005298
 59 4.226145 -0.003202 -0.000000 0.181075 0.074485 -0.041860
 60 -0.000003 5.000001 -0.000000 -0.153564 0.000087 2.718702
 61 0.000004 -0.000004 -3.713580 0.018865 -3.096651 -0.324845
 62 -0.000002 0.000000 5.000000 3.053198 1.558589 -0.074926
 63 -0.000007 0.000006 3.713580 -0.159276 -2.977491 -0.403653
 64 0.000001 -0.000000 -5.000000 -0.088724 1.558589 3.066337
 65 7.363602 1.646647 0.495663 3.141593 -1.570796 0.000000
 66 -0.000005 0.000007 3.619081 -0.217558 -2.796588 -0.810634
 67 16.573919 -0.000001 0.000000 0.000000 0.000000 -2.033247
 68 15.128181 0.000002 -0.000000 0.271612 0.009043 -0.097069
 69 5.758665 4.244730 0.000000 0.000000 -0.000000 1.842220
 70 3.177726 -0.000001 -0.000001 0.000000 0.000000 3.141593
 71 15.708953 0.000001 -0.000001 0.136460 0.001254 -0.052592
 72 0.275149 0.189214 -3.445208 3.130898 0.000409 -1.514604
 73 17.210194 -0.000002 0.000000 -0.000000 -0.000000 -2.328678
 74 -0.000000 0.000001 -4.999999 -0.079432 1.546568 -1.570855
 75 0.000002 -0.000003 -3.619081 0.034416 -3.071533 -0.493407
 76 16.573921 -0.000000 0.000000 0.000000 0.000000 -1.045581
 77 15.128181 0.000002 0.000000 0.002618 -0.051986 0.588317
 78 5.758665 4.244731 -0.000000 -0.000000 0.000000 1.815142
 79 4.003934 0.000000 0.000000 0.000000 0.000000 0.000000
 80 15.708955 0.000001 0.000000 0.004296 -0.037430 0.405337
 81 0.273998 0.191090 3.439762 -3.130907 -0.000437 -1.508107
 82 17.210194 0.000000 0.000000 -0.000000 -0.000000 -1.884228
 83 0.000000 -0.000001 5.000000 -0.079311 1.595025 -1.570737
time 17
  0 -0.650000 0.000000 33.899605 -0.025849 0.174554 -1.569172
  1 5.816420 0.852483 -32.971565 -0.174512 -0.026131 1.569196
  2 -2.276935 0.000003 -1.238188 -1.570795 -1.570451 0.000000
  3 1.796884 0.711806 0.000034 -0.011291 -0.120996 -0.077419
  4 4.118648 -0.003278 0.000078 -0.023871 -0.004441 0.014883
  5 4.119657 -0.003102 0.000115 -0.035021 0.033850 0.327674
  6 4.119332 -0.003201 0.000065 -0.020022 0.009756 0.222731
  7 4.118421 -0.003395 -0.000979 0.280603 0.050578 -0.038758
  8 4.443600 -0.000002 0.000000 -0.234891 0.170103 0.377949
  9 9.024058 0.000001 0.000000 0.000000 0.000000 0.000000
 10 -0.087596 0.482770 1.662824 1.372684 -1.327226 1.816026
 11 6.384777 -0.000002 -0.000001 -0.780181 1.166697 -1.337000
 12 10.242682 -0.000001 0.000000 -0.000000 0.000000 -1.605251
 13 11.375562 0.000002 0.000000 -1.392106 -0.247889 -0.349729
 14 0.728681 0.023431 -1.008291 2.784128 0.392938 1.227455
 15 2.136498 -0.000001 0.000002 0.000000 -0.000000 -0.078540
 16 2.313138 0.000000 -0.000003 0.000000 0.000000 0.000000
 17 3.115506 -0.886041 -0.021429 -0.159463 -0.048099 0.222043
 18 2.011152 -0.000000 -0.000003 0.000000 0.000000 1.597954
 19 2.141379 0.000000 0.000003 0.000000 0.000000 0.000000
 20 1.734172 0.000000 0.000000 0.000000 0.000000 0.799068
 21 0.000006 -4.440593 0.000000 1.570544 -0.062990 -0.195737
 22 5.999999 -0.000001 -0.000000 -1.440083 0.000000 -0.000000
 23 0.000001 -4.440600 -0.000000 1.569944 -0.062987 0.004053
 24 11.375561 0.000001 0.000003 -1.491074 -0.141612 -0.185508
 25 -0.000001 -4.440603 0.000001 1.570144 -0.062988 0.004040
 26 10.510131 -0.000001 -0.000000 -0.000000 0.000000 -2.373422
 27 0.000001 -1.748402 4.999999 -0.000000 0.004007 1.602291
 28 5.500001 -0.000001 0.000000 -0.032702 -0.000000 0.000000
 29 -0.000000 -1.940598 5.000001 -0.044472 0.004003 -0.000180
 30 6.551491 -0.000000 0.000000 -0.107113 0.895404 -0.627567
 31 -0.000002 -1.940598 5.000001 -0.027189 -0.053376 0.005295
 32 6.551491 -0.000000 0.000000 0.037657 0.395027 -0.228073
 33 -0.000001 -1.940598 4.999996 -0.066572 -0.152786 -0.110311
 34 0.087600 -0.475696 -1.662824 -0.066364 1.355410 3.127814
 35 6.384777 -0.000001 -0.000000 -0.361733 0.120940 -0.155809
 36 10.242681 -0.000001 -0.000001 0.000000 0.000000 -2.240452
 37 11.375561 0.000000 -0.000001 2.115222 0.385896 -0.149923
 38 0.728681 0.023430 1.008294 -1.579583 -0.319038 0.212973
 39 2.136496 0.000001 -0.000001 -0.000000 0.000000 1.282817
 40 2.313138 -0.000001 0.000000 0.000000 0.000000 3.141593
 41 3.115506 -0.886042 0.021431 0.420765 0.316066 0.167178
 42 2.011151 -0.000001 0.000001 -0.000000 -0.000000 2.082010
 43 2.141380 -0.000000 0.000002 0.000000 0.000000 3.141593
 44 1.734174 -0.000002 -0.000001 -0.000000 0.000000 1.041748
 45 0.136314 -3.738194 2.525888 1.493698 2.759406 -1.474501
 46 10.273804 -0.437104 1.198993 1.793563 0.004868 1.507198
 47 11.389365 -0.000820 0.158780 1.842633 0.199082 -0.111111
 48 0.000000 -4.440599 0.000002 1.570144 -3.078602 0.004040
 49 5.999999 -0.000001 -0.000002 1.842633 0.000000 0.000000
 50 0.000001 -4.440599 -0.000001 1.569944 -3.078603 0.004053
 51 10.510130 -0.000001 -0.000000 -0.000000 0.000000 -2.691022
 52 0.000000 -1.748400 -5.000000 -3.141593 0.004007 -1.539299
 53 5.499999 -0.000001 -0.000001 0.133261 -0.000000 0.000000
 54 -0.000000 0.000002 -4.999999 -0.044472 3.137589 -0.000177
 55 6.551491 -0.000001 0.000001 -0.133261 0.071440 -0.106698
 56 -1.266843 -1.937444 -4.950559 -0.066572 -2.988806 -0.110308
 57 6.551492 -0.000001 0.000001 -0.133261 0.071440 -0.106698
 58 0.699371 -1.944207 -5.006847 -0.027189 -3.088217 0.005298
 59 4.226145 -0.003201 -0.000000 0.142487 0.025993 -0.024773
 60 0.000001 4.999999 0.000000 -0.153564 0.000087 2.718702
 61 0.000004 -0.000004 -3.713580 0.018865 -3.096651 -0.324845
 62 -0.000002 0.000000 5.000000 3.053198 1.558589 -0.074926
 63 -0.000007 0.000006 3.713580 -0.159276 -2.977491 -0.403653
 64 0.000001 -0.000000 -5.000000 -0.088724 1.558589 3.066337
 65 7.363602 1.646647 0.495663 3.141593 -1.570796 0.000000
 66 -0.000005 0.000007 3.619081 -0.217558 -2.796588 -0.810634
 67 16.573919 -0.000001 0.000000 0.000000 0.000000 -2.033247
 68 15.128181 0.000002 -0.000000 0.271612 0.009043 -0.097069
 69 5.758665 4.244730 0.000000 0.000000 -0.000000 1.842220
 70 3.177726 -0.000001 -0.000001 0.000000 0.000000 3.141593
 71 15.708953 0.000001 -0.000001 0.136460 0.001254 -0.052592
 72 0.275149 0.189214 -3.445208 3.130898 0.000409 -1.514604
 73 17.210194 -0.000002 0.000000 -0.000000 -0.000000 -2.328678
 74 -0.000000 0.000001 -4.999999 -0.079432 1.546568 -1.570855
 75 0.000002 -0.000003 -3.619081 0.034416 -3.071533 -0.493407
 76 16.573921 -0.000000 0.000000 0.000000 0.000000 -1.045581
 77 15.128181 0.000002 0.000000 0.002618 -0.051986 0.588317
 78 5.758665 4.244731 -0.000000 -0.000000 0.000000 1.815142
 79 4.003934 0.000000 0.000000 0.000000 0.000000 0.000000
 80 15.708955 0.000001 0.000000 0.004296 -0.037430 0.405337
 81 0.273998 0.191090 3.439762 -3.130907 -0.000437 -1.508107
 82 17.210194 0.000000 0.000000 -0.000000 -0.000000 -1.884228
 83 0.000000 -0.000001 5.000000 -0.079311 1.595025 -1.570737
time 18
  0 -0.650000 0.000000 33.899605 -0.025849 0.174554 -1.569172
  1 5.816420 0.852483 -32.971565 -0.174512 -0.026131 1.569196
  2 -2.276935 0.000003 -1.238188 -1.570795 -1.570451 0.000000
  3 1.796896 0.711806 0.000034 -0.011070 -0.121923 -0.073586
  4 4.118670 -0.003278 0.000077 -0.023520 -0.003464 0.020844
  5 4.119517 -0.003148 0.000109 -0.033307 0.032239 0.281491
  6 4.119179 -0.003229 0.000066 -0.020093 0.008821 0.176545
  7 4.118586 -0.003458 -0.000758 0.215948 -0.025729 -0.010506
  8 4.443600 -0.000001 -0.000000 -0.165488 0.228656 0.427539
  9 9.024061 -0.000000 0.000000 0.000000 0.000000 0.000000
 10 0.044578 0.374688 1.691917 1.732383 -1.396434 1.415469
 11 6.384777 -0.000001 -0.000000 -0.721426 1.234516 -1.283652
 12 10.242682 -0.000001 0.000000 0.000000 -0.000000 -1.659473
 13 11.375561 -0.000003 0.000001 -1.469766 -0.261333 -0.308405
 14 0.728681 0.023431 -1.008294 2.737721 0.400631 1.219649
 15 2.136497 0.000001 0.000002 -0.000000 -0.000000 -0.078540
 16 2.313138 0.000000 -0.000003 0.000000 0.000000 0.000000
 17 3.115507 -0.886041 -0.021431 -0.159463 -0.048099 0.222043
 18 2.011150 0.000001 -0.000000 0.000000 -0.000000 1.558411
 19 2.141379 0.000001 0.000001 0.000000 0.000000 0.000000
 20 1.734172 0.000001 0.000000 -0.000000 -0.000000 0.779164
 21 0.000006 -4.440594 0.000000 1.570544 -0.062990 -0.195737
 22 6.000000 -0.000002 0.000000 -1.498029 -0.000000 0.000000
 23 0.000002 -4.440601 0.000000 1.569944 -0.062987 0.004053
 24 11.375562 -0.000000 0.000004 -1.528891 -0.145431 -0.166363
 25 -0.000002 -4.440603 -0.000000 1.570144 -0.062988 0.004040
 26 10.510129 -0.000000 0.000000 0.000000 -0.000000 -2.400533
 27 0.000001 -1.748400 4.999999 0.000000 0.004007 1.602290
 28 5.499998 -0.000000 -0.000000 -0.058408 -0.000000 -0.000000
 29 0.000001 -1.940598 5.000000 -0.044472 0.004003 -0.000180
 30 6.551491 0.000001 0.000002 -0.045504 0.925190 -0.571024
 31 0.000001 -1.940596 5.000002 -0.027189 -0.053376 0.005295
 32 6.551491 0.000001 0.000002 0.057543 0.402908 -0.210757
 33 0.000000 -1.940597 4.999997 -0.066572 -0.152786 -0.110311
 34 -0.044575 -0.367610 -1.691917 -0.291659 1.285880 2.862839
 35 6.384778 0.000000 0.000000 -0.431817 0.078383 -0.139163
 36 10.242681 -0.000000 -0.000001 0.000000 0.000000 -2.240452
 37 11.375562 0.000001 -0.000001 2.111208 0.399236 -0.173146
 38 0.728680 0.023430 1.008294 -1.579583 -0.319038 0.212973
 39 2.136497 -0.000001 -0.000001 -0.000000 -0.000000 1.282817
 40 2.313139 0.000001 0.000001 0.000000 0.000000 3.141593
 41 3.115506 -0.886042 0.021431 0.420765 0.316066 0.167178
 42 2.011151 0.000000 0.000002 -0.000000 0.000000 2.082010
 43 2.141379 0.000000 -0.000002 0.000000 0.000000 3.141593
 44 1.734173 -0.000001 -0.000000 0.000000 -0.000000 1.041748
 45 0.136314 -3.738192 2.525892 1.493698 2.759406 -1.474501
 46 10.273804 -0.437104 1.198994 1.793563 0.004868 1.507198
 47 11.389366 -0.000820 0.158781 1.841416 0.203969 -0.123638
 48 0.000000 -4.440598 0.000002 1.570144 -3.078602 0.004040
 49 6.000000 -0.000000 -0.000001 1.841416 -0.000000 0.000000
 50 0.000000 -4.440601 -0.000000 1.569944 -3.078603 0.004053
 51 10.510130 -0.000001 0.000000 -0.000000 0.000000 -2.691022
 52 -0.000001 -1.748401 -5.000001 -3.141593 0.004007 -1.539299
 53 5.499999 -0.000001 -0.000001 0.156362 -0.000000 -0.000000
 54 0.000000 0.000001 -5.000001 -0.044472 3.137589 -0.000177
 55 6.551491 0.000001 -0.000001 -0.156362 0.053198 -0.099084
 56 -1.266844 -1.937442 -4.950560 -0.066572 -2.988806 -0.110308
 57 6.551491 0.000001 -0.000001 -0.156362 0.053198 -0.099084
 58 0.699371 -1.944207 -5.006846 -0.027189 -3.088217 0.005298
 59 4.226143 -0.003201 0.000000 0.109701 -0.014185 -0.005298
 60 0.000002 5.000000 0.000000 -0.153564 0.000087 2.718702
 61 0.000004 -0.000004 -3.713580 0.018865 -3.096651 -0.324845
 62 -0.000002 0.000000 5.000000 3.053198 1.558589 -0.074926
 63 -0.000007 0.000006 3.713580 -0.159276 -2.977491 -0.403653
 64 0.000001 -0.000000 -5.000000 -0.088724 1.558589 3.066337
 65 7.363602 1.646647 0.495663 3.141593 -1.570796 0.000000
 66 -0.000005 0.000007 3.619081 -0.217558 -2.796588 -0.810634
 67 16.573919 -0.000001 0.000000 0.000000 0.000000 -2.033247
 68 15.128181 0.000002 -0.000000 0.271612 0.009043 -0.097069
 69 5.758665 4.244730 0.000000 0.000000 -0.000000 1.842220
 70 3.177726 -0.000001 -0.000001 0.000000 0.000000 3.141593
 71 15.708953 0.000001 -0.000001 0.136460 0.001254 -0.052592
 72 0.275149 0.189214 -3.445208 3.130898 0.000409 -1.514604
 73 17.210194 -0.000002 0.000000 -0.000000 -0.000000 -2.328678
 74 -0.000000 0.000001 -4.999999 -0.079432 1.546568 -1.570855
 75 0.000002 -0.000003 -3.619081 0.034416 -3.071533 -0.493407
 76 16.573921 -0.000000 0.000000 0.000000 0.000000 -1.045581
 77 15.128181 0.000002 0.000000 0.002618 -0.051986 0.588317
 78 5.758665 4.244731 -0.000000 -0.000000 0.000000 1.815142
 79 4.003934 0.000000 0.000000 0.000000 0.000000 0.000000
 80 15.708955 0.000001 0.000000 0.004296 -0.037430 0.405337
 81 0.273998 0.191090 3.439762 -3.130907 -0.000437 -1.508107
 82 17.210194 0.000000 0.000000 -0.000000 -0.000000 -1.884228
 83 0.000000 -0.000001 5.000000 -0.079311 1.595025 -1.570737
time 19
  0 -0.650000 0.000000 33.899605 -0.025849 0.174554 -1.569172
  1 5.816420 0.852483 -32.971565 -0.174512 -0.026131 1.569196
  2 -2.276935 0.000003 -1.238188 -1.570795 -1.570451 0.000000
  3 1.796919 0.711804 0.000040 -0.013053 -0.124271 -0.066345
  4 4.118697 -0.003277 0.000083 -0.025510 -0.001803 0.028142
  5 4.119385 -0.003182 0.000111 -0.033662 0.032022 0.240125
  6 4.119046 -0.003249 0.000073 -0.022415 0.008653 0.135252
  7 4.118729 -0.003488 -0.000592 0.168477 -0.080382 0.021926
  8 4.443597 -0.000001 0.000000 -0.094182 0.259698 0.479576
  9 9.024060 -0.000001 0.000000 0.000000 0.000000 0.000000
 10 0.139126 0.293142 1.702674 2.262322 -1.405941 0.846214
 11 6.384776 0.000000 0.000003 -0.651060 1.284545 -1.228762
 12 10.242682 -0.000000 0.000000 0.000000 0.000000 -1.697009
 13 11.375561 -0.000000 -0.000000 -1.485521 -0.294889 -0.272447
 14 0.728680 0.023431 -1.008293 2.737721 0.400631 1.219649
 15 2.136497 0.000000 0.000001 -0.000000 -0.000000 -0.078540
 16 2.313139 0.000000 -0.000001 0.000000 0.000000 0.000000
 17 3.115506 -0.886041 -0.021432 -0.159463 -0.048099 0.222043
 18 2.011152 0.000000 -0.000002 0.000000 0.000000 1.558411
 19 2.141379 0.000001 0.000003 0.000000 0.000000 0.000000
 20 1.734172 0.000001 -0.000001 0.000000 -0.000000 0.779164
 21 0.000006 -4.440594 -0.000001 1.570544 -0.062990 -0.195737
 22 6.000000 -0.000001 0.000000 -1.510071 0.000000 0.000000
 23 0.000001 -4.440601 0.000001 1.569944 -0.062987 0.004053
 24 11.375563 -0.000001 0.000003 -1.536886 -0.162415 -0.146939
 25 -0.000001 -4.440603 -0.000002 1.570144 -0.062988 0.004040
 26 10.510131 -0.000000 -0.000000 -0.000000 0.000000 -2.419301
 27 0.000001 -1.748402 4.999999 -0.000000 0.004007 1.602290
 28 5.500000 -0.000000 0.000000 -0.079793 0.000000 0.000000
 29 -0.000001 -1.940599 5.000000 -0.044472 0.004003 -0.000180
 30 6.551491 -0.000000 0.000002 0.008109 0.946535 -0.525083
 31 -0.000001 -1.940598 5.000000 -0.027189 -0.053376 0.005295
 32 6.551491 0.000000 0.000002 0.074033 0.408128 -0.197883
 33 -0.000000 -1.940600 4.999997 -0.066572 -0.152786 -0.110311
 34 -0.139131 -0.286064 -1.702672 -0.382093 1.228161 2.734264
 35 6.384777 -0.000000 -0.000002 -0.493628 0.049305 -0.131382
 36 10.242681 -0.000001 -0.000001 0.000000 0.000000 -2.240452
 37 11.375559 0.000002 0.000001 2.108120 0.409521 -0.191206
 38 0.728680 0.023431 1.008294 -1.579583 -0.319038 0.212973
 39 2.136497 -0.000001 -0.000001 0.000000 0.000000 1.282817
 40 2.313139 -0.000000 0.000000 0.000000 0.000000 3.141593
 41 3.115506 -0.886042 0.021433 0.420766 0.316066 0.167178
 42 2.011151 -0.000000 0.000002 -0.000000 0.000000 2.082010
 43 2.141379 0.000000 0.000001 0.000000 0.000000 3.141593
 44 1.734173 -0.000002 0.000000 0.000000 0.000000 1.041748
 45 0.136314 -3.738192 2.525890 1.493698 2.759406 -1.474501
 46 10.273804 -0.437102 1.198991 1.793563 0.004868 1.507198
 47 11.389364 -0.000819 0.158782 1.840551 0.207692 -0.133224
 48 0.000001 -4.440599 0.000001 1.570144 -3.078602 0.004040
 49 5.999997 0.000000 0.000000 1.840551 0.000000 0.000000
 50 0.000002 -4.440601 -0.000001 1.569944 -3.078603 0.004053
 51 10.510130 -0.000001 -0.000000 -0.000000 0.000000 -2.691022
 52 -0.000001 -1.748399 -5.000000 -3.141593 0.004007 -1.539299
 53 5.499999 -0.000001 -0.000001 0.175503 0.000000 0.000000
 54 0.000000 0.000001 -5.000001 -0.044472 3.137589 -0.000177
 55 6.551490 0.000000 -0.000001 -0.175503 0.040045 -0.095883
 56 -1.266844 -1.937442 -4.950562 -0.066572 -2.988806 -0.110308
 57 6.551491 0.000000 -0.000001 -0.175503 0.040045 -0.095883
 58 0.699370 -1.944206 -5.006848 -0.027189 -3.088217 0.005298
 59 4.226143 -0.003201 0.000000 0.085783 -0.042884 0.014921
 60 0.000001 5.000000 -0.000000 -0.153564 0.000087 2.718702
 61 0.000004 -0.000004 -3.713580 0.018865 -3.096651 -0.324845
 62 -0.000002 0.000000 5.000000 3.053198 1.558589 -0.074926
 63 -0.000007 0.000006 3.713580 -0.159276 -2.977491 -0.403653
 64 0.000001 -0.000000 -5.000000 -0.088724 1.558589 3.066337
 65 7.363602 1.646647 0.495663 3.141593 -1.570796 0.000000
 66 -0.000005 0.000007 3.619081 -0.217558 -2.796588 -0.810634
 67 16.573919 -0.000001 0.000000 0.000000 0.000000 -2.033247
 68 15.128181 0.000002 -0.000000 0.271612 0.009043 -0.097069
 69 5.758665 4.244730 0.000000 0.000000 -0.000000 1.842220
 70 3.177726 -0.000001 -0.000001 0.000000 0.000000 3.141593
 71 15.708953 0.000001 -0.000001 0.136460 0.001254 -0.052592
 72 0.275149 0.189214 -3.445208 3.130898 0.000409 -1.514604
 73 17.210194 -0.000002 0.000000 -0.000000 -0.000000 -2.328678
 74 -0.000000 0.000001 -4.999999 -0.079432 1.546568 -1.570855
 75 0.000002 -0.000003 -3.619081 0.034416 -3.071533 -0.493407
 76 16.573921 -0.000000 0.000000 0.000000 0.000000 -1.045581
 77 15.128181 0.000002 0.000000 0.002618 -0.051986 0.588317
 78 5.758665 4.244731 -0.000000 -0.000000 0.000000 1.815142
 79 4.003934 0.000000 0.000000 0.000000 0.000000 0.000000
 80 15.708955 0.000001 0.000000 0.004296 -0.037430 0.405337
 81 0.273998 0.191090 3.439762 -3.130907 -0.000437 -1.508107
 82 17.210194 0.000000 0.000000 -0.000000 -0.000000 -1.884228
 83 0.000000 -0.000001 5.000000 -0.079311 1.595025 -1.570737
time 20
  0 -0.650000 0.000000 33.899605 -0.025849 0.174554 -1.569172
  1 5.816420 0.852483 -32.971565 -0.174512 -0.026131 1.569196
  2 -2.276935 0.000003 -1.238188 -1.570795 -1.570451 0.000000
  3 1.796954 0.711802 0.000053 -0.016992 -0.128595 -0.055165
  4 4.118714 -0.003276 0.000098 -0.029669 0.000409 0.034150
  5 4.119297 -0.003203 0.000119 -0.036165 0.033719 0.212154
  6 4.118957 -0.003260 0.000088 -0.026755 0.009566 0.107437
  7 4.118852 -0.003496 -0.000486 0.138544 -0.114169 0.055098
  8 4.443597 0.000001 0.000000 -0.029215 0.267001 0.511427
  9 9.024060 -0.000000 -0.000000 0.000000 0.000000 0.000000
 10 0.197394 0.241266 1.704946 2.619177 -1.366710 0.452629
 11 6.384777 0.000001 -0.000001 -0.584675 1.311245 -1.183683
 12 10.242682 0.000001 -0.000000 0.000000 0.000000 -1.713791
 13 11.375562 0.000000 0.000000 -1.500753 -0.348811 -0.261008
 14 0.728680 0.023431 -1.008291 2.737721 0.400631 1.219649
 15 2.136497 0.000000 -0.000001 -0.000000 0.000000 -0.078540
 16 2.313138 0.000001 -0.000002 0.000000 0.000000 0.000000
 17 3.115507 -0.886041 -0.021430 -0.159463 -0.048099 0.222043
 18 2.011151 0.000000 -0.000003 -0.000000 -0.000000 1.558411
 19 2.141380 0.000001 0.000001 0.000000 0.000000 0.000000
 20 1.734172 0.000000 0.000000 -0.000000 0.000000 0.779164
 21 0.000005 -4.440593 0.000001 1.570544 -0.062990 -0.195737
 22 6.000000 0.000000 0.000000 -1.522642 -0.000000 -0.000000
 23 0.000001 -4.440601 -0.000001 1.569944 -0.062987 0.004053
 24 11.375561 0.000000 0.000003 -1.546047 -0.189499 -0.139585
 25 -0.000001 -4.440603 0.000000 1.570144 -0.062988 0.004040
 26 10.510131 0.000000 -0.000000 0.000000 -0.000000 -2.427692
 27 0.000001 -1.748403 4.999999 0.000000 0.004007 1.602290
 28 5.500000 0.000000 -0.000000 -0.093768 0.000000 0.000000
 29 -0.000002 -1.940598 5.000000 -0.044472 0.004003 -0.000180
 30 6.551491 0.000001 -0.000001 0.044104 0.956670 -0.497543
 31 -0.000001 -1.940598 5.000000 -0.027189 -0.053376 0.005295
 32 6.551491 0.000001 -0.000001 0.084820 0.410118 -0.191117
 33 -0.000001 -1.940599 4.999998 -0.066572 -0.152786 -0.110311
 34 -0.197393 -0.234189 -1.704946 -0.403860 1.179704 2.677851
 35 6.384776 0.000001 0.000000 -0.534510 0.048712 -0.136632
 36 10.242680 0.000002 -0.000001 0.000000 0.000000 -2.240452
 37 11.375561 0.000000 0.000001 2.107080 0.413200 -0.197679
 38 0.728680 0.023431 1.008294 -1.579583 -0.319038 0.212973
 39 2.136497 -0.000001 -0.000001 -0.000000 0.000000 1.282817
 40 2.313138 0.000000 0.000001 0.000000 0.000000 3.141593
 41 3.115506 -0.886041 0.021433 0.420765 0.316066 0.167178
 42 2.011150 0.000000 0.000003 -0.000000 0.000000 2.082010
 43 2.141379 -0.000001 -0.000002 0.000000 0.000000 3.141593
 44 1.734172 -0.000001 0.000001 0.000000 0.000000 1.041748
 45 0.136315 -3.738194 2.525891 1.493698 2.759406 -1.474501
 46 10.273804 -0.437102 1.198991 1.793563 0.004868 1.507198
 47 11.389365 -0.000821 0.158782 1.840287 0.209014 -0.136632
 48 0.000001 -4.440598 0.000000 1.570144 -3.078602 0.004040
 49 5.999999 -0.000001 -0.000000 1.840287 0.000000 0.000000
 50 0.000003 -4.440599 -0.000000 1.569944 -3.078603 0.004053
 51 10.510129 0.000001 -0.000000 -0.000000 0.000000 -2.691022
 52 0.000000 -1.748398 -5.000000 -3.141593 0.004007 -1.539299
 53 5.499999 0.000002 -0.000001 0.188127 0.000000 0.000000
 54 -0.000000 0.000001 -4.999998 -0.044472 3.137589 -0.000177
 55 6.551490 0.000001 0.000001 -0.188127 0.041726 -0.097834
 56 -1.266843 -1.937443 -4.950560 -0.066572 -2.988806 -0.110308
 57 6.551490 0.000001 0.000001 -0.188127 0.041726 -0.097834
 58 0.699371 -1.944208 -5.006847 -0.027189 -3.088217 0.005298
 59 4.226148 -0.003201 -0.000000 0.070964 -0.060465 0.034588
 60 -0.000002 5.000001 -0.000000 -0.153564 0.000087 2.718702
 61 0.000004 -0.000004 -3.713580 0.018865 -3.096651 -0.324845
 62 -0.000002 0.000000 5.000000 3.053198 1.558589 -0.074926
 63 -0.000007 0.000006 3.713580 -0.159276 -2.977491 -0.403653
 64 0.000001 -0.000000 -5.000000 -0.088724 1.558589 3.066337
 65 7.363602 1.646647 0.495663 3.141593 -1.570796 0.000000
 66 -0.000005 0.000007 3.619081 -0.217558 -2.796588 -0.810634
 67 16.573919 -0.000001 0.000000 0.000000 0.000000 -2.033247
 68 15.128181 0.000002 -0.000000 0.271612 0.009043 -0.097069
 69 5.758665 4.244730 0.000000 0.000000 -0.000000 1.842220
 70 3.177726 -0.000001 -0.000001 0.000000 0.000000 3.141593
 71 15.708953 0.000001 -0.000001 0.136460 0.001254 -0.052592
 72 0.275149 0.189214 -3.445208 3.130898 0.000409 -1.514604
 73 17.210194 -0.000002 0.000000 -0.000000 -0.000000 -2.328678
 74 -0.000000 0.000001 -4.999999 -0.079432 1.546568 -1.570855
 75 0.000002 -0.000003 -3.619081 0.034416 -3.071533 -0.493407
 76 16.573921 -0.000000 0.000000 0.000000 0.000000 -1.045581
 77 15.128181 0.000002 0.000000 0.002618 -0.051986 0.588317
 78 5.758665 4.244731 -0.000000 -0.000000 0.000000 1.815142
 79 4.003934 0.000000 0.000000 0.000000 0.000000 0.000000
 80 15.708955 0.000001 0.000000 0.004296 -0.037430 0.405337
 81 0.273998 0.191090 3.439762 -3.130907 -0.000437 -1.508107
 82 17.210194 0.000000 0.000000 -0.000000 -0.000000 -1.884228
 83 0.000000 -0.000001 5.000000 -0.079311 1.595025 -1.570737
time 21
  0 -0.650000 0.000000 33.899605 -0.025849 0.174554 -1.569172
  1 5.816420 0.852483 -32.971565 -0.174512 -0.026131 1.569196
  2 -2.276935 0.000003 -1.238188 -1.570795 -1.570451 0.000000
  3 1.797000 0.711800 0.000073 -0.023335 -0.135029 -0.040399
  4 4.118731 -0.003275 0.000119 -0.036343 0.003309 0.039315
  5 4.119243 -0.003213 0.000135 -0.041112 0.037308 0.195705
  6 4.118900 -0.003263 0.000110 -0.033506 0.011549 0.091243
  7 4.118982 -0.003494 -0.000408 0.116632 -0.138171 0.091836
  8 4.443601 -0.000001 -0.000001 0.036043 0.258861 0.518394
  9 9.024060 0.000001 -0.000000 0.000000 0.000000 0.000000
 10 0.238653 0.203243 1.704548 2.797386 -1.314673 0.235752
 11 6.384777 0.000000 0.000000 -0.530429 1.328440 -1.145987
 12 10.242682 -0.000001 -0.000001 0.000000 -0.000000 -1.706427
 13 11.375560 0.000001 0.000002 -1.507871 -0.408169 -0.274564
 14 0.728680 0.023431 -1.008291 2.737721 0.400631 1.219649
 15 2.136495 0.000001 -0.000002 -0.000000 0.000000 -0.078540
 16 2.313140 -0.000001 -0.000000 0.000000 0.000000 0.000000
 17 3.115506 -0.886041 -0.021433 -0.159463 -0.048099 0.222043
 18 2.011150 -0.000001 0.000004 0.000000 -0.000000 1.558411
 19 2.141380 0.000001 -0.000001 0.000000 0.000000 0.000000
 20 1.734172 0.000000 0.000002 -0.000000 0.000000 0.779164
 21 0.000006 -4.440594 -0.000001 1.570544 -0.062990 -0.195737
 22 6.000000 0.000002 0.000001 -1.530159 0.000000 0.000000
 23 0.000001 -4.440600 -0.000000 1.569944 -0.062987 0.004053
 24 11.375561 0.000000 0.000005 -1.552596 -0.218713 -0.144669
 25 -0.000000 -4.440603 -0.000000 1.570144 -0.062988 0.004040
 26 10.510133 -0.000001 -0.000001 0.000000 -0.000000 -2.424010
 27 0.000001 -1.748403 4.999999 -0.000000 0.004007 1.602291
 28 5.500001 -0.000001 -0.000000 -0.103455 0.000000 0.000000
 29 -0.000001 -1.940599 5.000000 -0.044472 0.004003 -0.000180
 30 6.551491 0.000000 -0.000000 0.069584 0.962788 -0.478327
 31 -0.000001 -1.940599 5.000002 -0.027189 -0.053376 0.005295
 32 6.551491 0.000000 -0.000000 0.092286 0.411193 -0.186618
 33 0.000001 -1.940598 4.999996 -0.066572 -0.152786 -0.110311
 34 -0.238648 -0.196169 -1.704549 -0.397040 1.130774 2.648979
 35 6.384777 0.000002 -0.000003 -0.558595 0.072907 -0.156804
 36 10.242682 0.000001 -0.000001 0.000000 0.000000 -2.240452
 37 11.375562 -0.000000 -0.000000 2.107604 0.411361 -0.194440
 38 0.728680 0.023431 1.008294 -1.579583 -0.319038 0.212973
 39 2.136496 0.000003 0.000001 -0.000000 0.000000 1.282817
 40 2.313139 -0.000000 -0.000001 0.000000 0.000000 3.141593
 41 3.115507 -0.886042 0.021431 0.420765 0.316066 0.167178
 42 2.011152 -0.000000 -0.000003 -0.000000 0.000000 2.082010
 43 2.141380 -0.000000 0.000001 0.000000 0.000000 3.141593
 44 1.734174 -0.000002 -0.000002 -0.000000 0.000000 1.041748
 45 0.136315 -3.738192 2.525891 1.493698 2.759406 -1.474501
 46 10.273804 -0.437102 1.198990 1.793563 0.004868 1.507198
 47 11.389365 -0.000820 0.158780 1.840419 0.208354 -0.134929
 48 -0.000000 -4.440600 0.000003 1.570144 -3.078602 0.004040
 49 5.999999 -0.000001 -0.000002 1.840419 0.000000 0.000000
 50 0.000001 -4.440600 -0.000001 1.569944 -3.078603 0.004053
 51 10.510130 0.000001 -0.000000 -0.000000 0.000000 -2.691022
 52 -0.000000 -1.748397 -5.000001 -3.141593 0.004007 -1.539299
 53 5.499999 0.000001 -0.000001 0.196001 0.000000 0.000000
 54 -0.000001 0.000001 -5.000000 -0.044472 3.137589 -0.000177
 55 6.551492 0.000000 0.000001 -0.196001 0.056436 -0.105136
 56 -1.266843 -1.937443 -4.950562 -0.066572 -2.988806 -0.110308
 57 6.551492 0.000000 0.000001 -0.196001 0.056436 -0.105136
 58 0.699371 -1.944208 -5.006847 -0.027189 -3.088217 0.005298
 59 4.226148 -0.003202 -0.000000 0.060408 -0.072784 0.055824
 60 0.000000 5.000001 -0.000000 -0.153564 0.000087 2.718702
 61 0.000004 -0.000004 -3.713580 0.018865 -3.096651 -0.324845
 62 -0.000002 0.000000 5.000000 3.053198 1.558589 -0.074926
 63 -0.000007 0.000006 3.713580 -0.159276 -2.977491 -0.403653
 64 0.000001 -0.000000 -5.000000 -0.088724 1.558589 3.066337
 65 7.363602 1.646647 0.495663 3.141593 -1.570796 0.000000
 66 -0.000005 0.000007 3.619081 -0.217558 -2.796588 -0.810634
 67 16.573919 -0.000001 0.000000 0.000000 0.000000 -2.033247
 68 15.128181 0.000002 -0.000000 0.271612 0.009043 -0.097069
 69 5.758665 4.244730 0.000000 0.000000 -0.000000 1.842220
 70 3.177726 -0.000001 -0.000001 0.000000 0.000000 3.141593
 71 15.708953 0.000001 -0.000001 0.136460 0.001254 -0.052592
 72 0.275149 0.189214 -3.445208 3.130898 0.000409 -1.514604
 73 17.210194 -0.000002 0.000000 -0.000000 -0.000000 -2.328678
 74 -0.000000 0.000001 -4.999999 -0.079432 1.546568 -1.570855
 75 0.000002 -0.000003 -3.619081 0.034416 -3.071533 -0.493407
 76 16.573921 -0.000000 0.000000 0.000000 0.000000 -1.045581
 77 15.128181 0.000002 0.000000 0.002618 -0.051986 0.588317
 78 5.758665 4.244731 -0.000000 -0.000000 0.000000 1.815142
 79 4.003934 0.000000 0.000000 0.000000 0.000000 0.000000
 80 15.708955 0.000001 0.000000 0.004296 -0.037430 0.405337
 81 0.273998 0.191090 3.439762 -3.130907 -0.000437 -1.508107
 82 17.210194 0.000000 0.000000 -0.000000 -0.000000 -1.884228
 83 0.000000 -0.000001 5.000000 -0.079311 1.595025 -1.570737
time 22
  0 -0.650000 0.000000 33.899605 -0.025849 0.174554 -1.569172
  1 5.816420 0.852483 -32.971565 -0.174512 -0.026131 1.569196
  2 -2.276935 0.000003 -1.238188 -1.570795 -1.570451 0.000000
  3 1.797051 0.711799 0.000102 -0.032251 -0.142952 -0.022983
  4 4.118753 -0.003273 0.000150 -0.045503 0.007015 0.045647
  5 4.119206 -0.003220 0.000159 -0.048358 0.042123 0.182820
  6 4.118863 -0.003266 0.000140 -0.042760 0.014169 0.078708
  7 4.119119 -0.003485 -0.000358 0.102268 -0.153705 0.130445
  8 4.443600 0.000000 -0.000000 0.102239 0.238119 0.514700
  9 9.024062 -0.000001 -0.000000 0.000000 0.000000 0.000000
 10 0.265280 0.178343 1.703347 2.871947 -1.273070 0.121595
 11 6.384777 0.000001 0.000002 -0.491212 1.353703 -1.109486
 12 10.242682 -0.000000 -0.000001 0.000000 0.000000 -1.679885
 13 11.375562 0.000003 0.000001 -1.495052 -0.455943 -0.295586
 14 0.728681 0.023431 -1.008291 2.737721 0.400631 1.219649
 15 2.136495 0.000001 -0.000002 -0.000000 0.000000 -0.078540
 16 2.313141 -0.000000 -0.000000 0.000000 0.000000 0.000000
 17 3.115507 -0.886041 -0.021432 -0.159463 -0.048099 0.222043
 18 2.011151 -0.000000 -0.000000 -0.000000 -0.000000 1.558411
 19 2.141380 0.000001 -0.000001 0.000000 0.000000 0.000000
 20 1.734172 0.000001 -0.000002 -0.000000 -0.000000 0.779164
 21 0.000006 -4.440594 0.000002 1.570544 -0.062990 -0.195737
 22 6.000000 0.000003 0.000001 -1.523225 -0.000000 0.000000
 23 0.000002 -4.440601 0.000001 1.569944 -0.062987 0.004053
 24 11.375562 0.000003 0.000004 -1.549732 -0.242141 -0.152552
 25 -0.000000 -4.440604 -0.000001 1.570144 -0.062988 0.004040
 26 10.510130 -0.000001 -0.000001 0.000000 -0.000000 -2.410739
 27 0.000001 -1.748401 4.999999 0.000000 0.004007 1.602291
 28 5.500001 -0.000001 -0.000000 -0.113174 -0.000000 -0.000000
 29 -0.000002 -1.940599 5.000000 -0.044472 0.004003 -0.000180
 30 6.551492 0.000001 0.000002 0.095763 0.975322 -0.454158
 31 -0.000000 -1.940598 5.000000 -0.027189 -0.053376 0.005295
 32 6.551492 0.000001 0.000002 0.099666 0.414530 -0.179851
 33 0.000001 -1.940599 4.999994 -0.066572 -0.152786 -0.110311
 34 -0.265279 -0.171264 -1.703347 -0.384528 1.095763 2.624343
 35 6.384776 -0.000001 -0.000000 -0.577625 0.098427 -0.189055
 36 10.242681 -0.000002 -0.000001 0.000000 0.000000 -2.240452
 37 11.375562 0.000002 0.000001 2.108120 0.409521 -0.191206
 38 0.728680 0.023430 1.008292 -1.579583 -0.319038 0.212973
 39 2.136497 -0.000000 -0.000001 0.000000 0.000000 1.282817
 40 2.313141 -0.000000 0.000000 0.000000 0.000000 3.141593
 41 3.115506 -0.886042 0.021431 0.420766 0.316066 0.167178
 42 2.011151 -0.000000 0.000000 -0.000000 0.000000 2.082010
 43 2.141380 -0.000000 -0.000001 0.000000 0.000000 3.141593
 44 1.734174 -0.000002 -0.000001 0.000000 0.000000 1.041748
 45 0.136314 -3.738193 2.525889 1.493698 2.759406 -1.474501
 46 10.273804 -0.437103 1.198989 1.793563 0.004868 1.507198
 47 11.389366 -0.000819 0.158782 1.840551 0.207692 -0.133224
 48 0.000000 -4.440599 0.000000 1.570144 -3.078602 0.004040
 49 6.000000 0.000000 0.000000 1.840551 0.000000 0.000000
 50 0.000000 -4.440601 0.000000 1.569944 -3.078603 0.004053
 51 10.510130 -0.000002 -0.000000 -0.000000 0.000000 -2.691022
 52 -0.000001 -1.748398 -5.000000 -3.141593 0.004007 -1.539299
 53 5.499999 -0.000002 -0.000001 0.201819 0.000000 0.000000
 54 -0.000000 0.000001 -5.000000 -0.044472 3.137589 -0.000177
 55 6.551491 -0.000001 0.000002 -0.201819 0.070588 -0.117296
 56 -1.266844 -1.937442 -4.950559 -0.066572 -2.988806 -0.110308
 57 6.551491 -0.000001 0.000002 -0.201819 0.070588 -0.117296
 58 0.699370 -1.944206 -5.006846 -0.027189 -3.088217 0.005298
 59 4.226145 -0.003201 0.000000 0.053799 -0.080531 0.077752
 60 0.000002 5.000000 0.000000 -0.153564 0.000087 2.718702
 61 0.000004 -0.000004 -3.713580 0.018865 -3.096651 -0.324845
 62 -0.000002 0.000000 5.000000 3.053198 1.558589 -0.074926
 63 -0.000007 0.000006 3.713580 -0.159276 -2.977491 -0.403653
 64 0.000001 -0.000000 -5.000000 -0.088724 1.558589 3.066337
 65 7.363602 1.646647 0.495663 3.141593 -1.570796 0.000000
 66 -0.000005 0.000007 3.619081 -0.217558 -2.796588 -0.810634
 67 16.573919 -0.000001 0.000000 0.000000 0.000000 -2.033247
 68 15.128181 0.000002 -0.000000 0.271612 0.009043 -0.097069
 69 5.758665 4.244730 0.000000 0.000000 -0.000000 1.842220
 70 3.177726 -0.000001 -0.000001 0.000000 0.000000 3.141593
 71 15.708953 0.000001 -0.000001 0.136460 0.001254 -0.052592
 72 0.275149 0.189214 -3.445208 3.130898 0.000409 -1.514604
 73 17.210194 -0.000002 0.000000 -0.000000 -0.000000 -2.328678
 74 -0.000000 0.000001 -4.999999 -0.079432 1.546568 -1.570855
 75 0.000002 -0.000003 -3.619081 0.034416 -3.071533 -0.493407
 76 16.573921 -0.000000 0.000000 0.000000 0.000000 -1.045581
 77 15.128181 0.000002 0.000000 0.002618 -0.051986 0.588317
 78 5.758665 4.244731 -0.000000 -0.000000 0.000000 1.815142
 79 4.003934 0.000000 0.000000 0.000000 0.000000 0.000000
 80 15.708955 0.000001 0.000000 0.004296 -0.037430 0.405337
 81 0.273998 0.191090 3.439762 -3.130907 -0.000437 -1.508107
 82 17.210194 0.000000 0.000000 -0.000000 -0.000000 -1.884228
 83 0.000000 -0.000001 5.000000 -0.079311 1.595025 -1.570737
time 23
  0 -0.650000 0.000000 33.899605 -0.025849 0.174554 -1.569172
  1 5.816420 0.852483 -32.971565 -0.174512 -0.026131 1.569196
  2 -2.276935 0.000003 -1.238188 -1.570795 -1.570451 0.000000
  3 1.797107 0.711800 0.000137 -0.043093 -0.151777 -0.003255
  4 4.118784 -0.003271 0.000184 -0.056423 0.011341 0.052857
  5 4.119174 -0.003223 0.000188 -0.057286 0.047808 0.172941
  6 4.118830 -0.003266 0.000176 -0.053808 0.017236 0.069259
  7 4.119249 -0.003463 -0.000331 0.094961 -0.162147 0.169495
  8 4.443600 0.000000 -0.000000 0.167117 0.207608 0.501773
  9 9.024061 0.000000 0.000000 0.000000 0.000000 0.000000
 10 0.279729 0.165672 1.702288 2.881591 -1.262455 0.072735
 11 6.384778 -0.000000 0.000001 -0.675518 1.392836 -1.253037
 12 10.242682 -0.000001 -0.000000 -0.000000 0.000000 -1.558855
 13 11.375561 -0.000000 0.000002 -1.435948 -0.467607 -0.336289
 14 0.728680 0.023431 -1.008294 2.737145 0.400049 1.218171
 15 2.136497 -0.000000 0.000000 -0.000000 -0.000000 -0.072602
 16 2.313138 0.000000 -0.000000 0.000000 0.000000 0.000000
 17 3.115507 -0.886041 -0.021433 -0.159463 -0.048099 0.222043
 18 2.011150 0.000000 0.000000 0.000000 0.000000 1.584461
 19 2.141380 -0.000000 0.000000 0.000000 0.000000 0.000000
 20 1.734172 0.000001 0.000002 -0.000000 -0.000000 0.792277
 21 0.000006 -4.440595 0.000000 1.570544 -0.062990 -0.195737
 22 6.000000 -0.000001 0.000001 -1.481553 -0.000000 -0.000000
 23 0.000001 -4.440601 0.000001 1.569944 -0.062987 0.004053
 24 11.375562 -0.000001 0.000004 -1.524078 -0.249332 -0.168616
 25 -0.000001 -4.440603 -0.000002 1.570144 -0.062988 0.004040
 26 10.510127 0.000000 -0.000000 0.000000 -0.000000 -2.350224
 27 0.000001 -1.748400 4.999999 -0.000000 0.004007 1.602290
 28 5.500000 -0.000000 -0.000000 -0.112314 0.000000 -0.000000
 29 -0.000004 -1.940598 5.000000 -0.044472 0.004003 -0.000180
 30 6.551492 0.000001 0.000003 0.086852 1.017246 -0.452522
 31 -0.000001 -1.940600 5.000002 -0.027189 -0.053376 0.005295
 32 6.551492 0.000001 0.000003 0.098725 0.427705 -0.173678
 33 0.000000 -1.940600 4.999995 -0.066572 -0.152786 -0.110311
 34 -0.279723 -0.158596 -1.702289 -0.381594 1.091210 2.587740
 35 6.384776 -0.000000 -0.000000 -0.588277 0.104994 -0.230153
 36 10.242682 -0.000001 -0.000000 0.000000 0.000000 -2.240452
 37 11.375563 0.000000 0.000000 2.108120 0.409521 -0.191206
 38 0.728681 0.023431 1.008295 -1.579583 -0.319038 0.212973
 39 2.136497 0.000000 -0.000001 0.000000 -0.000000 1.282817
 40 2.313141 0.000000 0.000000 0.000000 0.000000 3.141593
 41 3.115506 -0.886041 0.021434 0.420766 0.316066 0.167178
 42 2.011150 -0.000000 0.000000 -0.000000 0.000000 2.082010
 43 2.141380 -0.000000 -0.000001 0.000000 0.000000 3.141593
 44 1.734172 -0.000002 -0.000001 0.000000 0.000000 1.041748
 45 0.136315 -3.738192 2.525888 1.493698 2.759406 -1.474501
 46 10.273804 -0.437102 1.198992 1.793563 0.004868 1.507198
 47 11.389367 -0.000820 0.158781 1.840551 0.207692 -0.133224
 48 0.000000 -4.440600 0.000001 1.570144 -3.078602 0.004040
 49 6.000000 -0.000000 -0.000001 1.840551 0.000000 0.000000
 50 0.000001 -4.440601 -0.000000 1.569944 -3.078603 0.004053
 51 10.510131 -0.000001 0.000001 -0.000000 0.000000 -2.691022
 52 0.000000 -1.748398 -5.000001 -3.141593 0.004007 -1.539299
 53 5.499999 -0.000001 0.000000 0.203746 0.000000 0.000000
 54 0.000001 0.000001 -5.000000 -0.044472 3.137589 -0.000177
 55 6.551490 -0.000000 0.000000 -0.203746 0.074231 -0.134517
 56 -1.266844 -1.937444 -4.950559 -0.066572 -2.988806 -0.110308
 57 6.551491 -0.000000 -0.000000 -0.203746 0.074231 -0.134517
 58 0.699370 -1.944207 -5.006848 -0.027189 -3.088217 0.005298
 59 4.226146 -0.003202 0.000000 0.050797 -0.084416 0.099608
 60 0.000003 5.000001 -0.000000 -0.153564 0.000087 2.718702
 61 0.000004 -0.000004 -3.713580 0.018865 -3.096651 -0.324845
 62 -0.000002 0.000000 5.000000 3.053198 1.558589 -0.074926
 63 -0.000007 0.000006 3.713580 -0.159276 -2.977491 -0.403653
 64 0.000001 -0.000000 -5.000000 -0.088724 1.558589 3.066337
 65 7.363602 1.646647 0.495663 3.141593 -1.570796 0.000000
 66 -0.000005 0.000007 3.619081 -0.217558 -2.796588 -0.810634
 67 16.573919 -0.000001 0.000000 0.000000 0.000000 -2.033247
 68 15.128181 0.000002 -0.000000 0.271612 0.009043 -0.097069
 69 5.758665 4.244730 0.000000 0.000000 -0.000000 1.842220
 70 3.177726 -0.000001 -0.000001 0.000000 0.000000 3.141593
 71 15.708953 0.000001 -0.000001 0.136460 0.001254 -0.052592
 72 0.275149 0.189214 -3.445208 3.130898 0.000409 -1.514604
 73 17.210194 -0.000002 0.000000 -0.000000 -0.000000 -2.328678
 74 -0.000000 0.000001 -4.999999 -0.079432 1.546568 -1.570855
 75 0.000002 -0.000003 -3.619081 0.034416 -3.071533 -0.493407
 76 16.573921 -0.000000 0.000000 0.000000 0.000000 -1.045581
 77 15.128181 0.000002 0.000000 0.002618 -0.051986 0.588317
 78 5.758665 4.244731 -0.000000 -0.000000 0.000000 1.815142
 79 4.003934 0.000000 0.000000 0.000000 0.000000 0.000000
 80 15.708955 0.000001 0.000000 0.004296 -0.037430 0.405337
 81 0.273998 0.191090 3.439762 -3.130907 -0.000437 -1.508107
 82 17.210194 0.000000 0.000000 -0.000000 -0.000000 -1.884228
 83 0.000000 -0.000001 5.000000 -0.079311 1.595025 -1.570737
time 24
  0 -0.650000 0.000000 33.899605 -0.025849 0.174554 -1.569172
  1 5.816420 0.852483 -32.971565 -0.174512 -0.026131 1.569196
  2 -2.276935 0.000003 -1.238188 -1.570795 -1.570451 0.000000
  3 1.797170 0.711802 0.000176 -0.055192 -0.160931 0.018426
  4 4.118805 -0.003266 0.000223 -0.068383 0.016094 0.060665
  5 4.119154 -0.003226 0.000220 -0.067266 0.054025 0.165518
  6 4.118812 -0.003267 0.000216 -0.065935 0.020579 0.062328
  7 4.119384 -0.003436 -0.000328 0.094132 -0.164864 0.207765
  8 4.443597 0.000001 0.000000 0.228959 0.169911 0.481654
  9 9.024060 -0.000000 -0.000000 0.000000 0.000000 0.000000
 10 0.284371 0.164188 1.701660 2.859103 -1.269103 0.056800
 11 6.384776 -0.000002 0.000000 -1.151371 1.323159 -1.705990
 12 10.242683 -0.000000 0.000000 0.000000 -0.000000 -1.120724
 13 11.375561 -0.000002 0.000001 -1.489204 -0.420979 -0.348752
 14 0.728681 0.023431 -1.008292 2.737721 0.400631 1.219649
 15 2.136496 0.000001 -0.000002 0.000000 -0.000000 -0.078540
 16 2.313138 -0.000001 0.000002 0.000000 0.000000 0.000000
 17 3.115506 -0.886041 -0.021431 -0.159463 -0.048099 0.222043
 18 2.011150 0.000000 -0.000002 0.000000 0.000000 1.558411
 19 2.141379 0.000000 -0.000002 0.000000 0.000000 0.000000
 20 1.734172 0.000000 -0.000000 0.000000 0.000000 0.779164
 21 0.000006 -4.440594 0.000001 1.570544 -0.062990 -0.195737
 22 6.000000 -0.000000 0.000001 -1.519056 0.000000 -0.000000
 23 0.000001 -4.440601 -0.000000 1.569944 -0.062987 0.004053
 24 11.375562 0.000001 0.000004 -1.547795 -0.224887 -0.180585
 25 -0.000001 -4.440603 -0.000001 1.570144 -0.062988 0.004040
 26 10.510132 -0.000000 0.000000 -0.000000 -0.000000 -2.131159
 27 0.000002 -1.748403 4.999999 -0.000000 0.004007 1.602291
 28 5.499999 -0.000000 -0.000000 -0.068473 -0.000000 -0.000000
 29 -0.000002 -1.940598 5.000000 -0.044472 0.004003 -0.000180
 30 6.551490 -0.000001 0.000001 -0.083265 1.057255 -0.619013
 31 -0.000000 -1.940600 5.000001 -0.027189 -0.053376 0.005295
 32 6.551490 -0.000001 0.000001 0.066144 0.441195 -0.200704
 33 -0.000000 -1.940598 4.999997 -0.066572 -0.152786 -0.110311
 34 -0.284370 -0.157110 -1.701659 -0.435716 1.025674 2.505591
 35 6.384775 0.000001 -0.000003 -0.641621 0.152620 -0.244514
 36 10.242682 -0.000003 0.000001 -0.000000 0.000000 -2.178782
 37 11.375561 -0.000001 -0.000000 2.258852 0.399727 -0.132406
 38 0.728681 0.023430 1.008292 -1.579583 -0.319038 0.212973
 39 2.136496 0.000002 0.000000 -0.000000 0.000000 1.282817
 40 2.313136 -0.000001 -0.000000 0.000000 0.000000 3.141593
 41 3.115506 -0.886042 0.021434 0.420766 0.316066 0.167178
 42 2.011152 -0.000001 -0.000003 0.000000 -0.000000 2.082010
 43 2.141379 -0.000000 0.000001 0.000000 0.000000 3.141593
 44 1.734172 -0.000001 -0.000001 0.000000 -0.000000 1.041748
 45 0.136315 -3.738193 2.525892 1.493698 2.759406 -1.474501
 46 10.273805 -0.437103 1.198993 1.793563 0.004868 1.507198
 47 11.389367 -0.000818 0.158782 1.911445 0.204958 -0.110098
 48 -0.000002 -4.440599 0.000001 1.570144 -3.078602 0.004040
 49 5.999999 -0.000001 -0.000000 1.911445 -0.000000 -0.000000
 50 0.000003 -4.440601 -0.000002 1.569944 -3.078603 0.004053
 51 10.510132 -0.000003 0.000002 -0.000000 -0.000000 -2.660187
 52 -0.000001 -1.748399 -5.000001 -3.141593 0.004007 -1.539299
 53 5.500000 -0.000003 0.000001 0.221092 -0.000000 0.000000
 54 -0.000000 0.000001 -5.000002 -0.044472 3.137589 -0.000177
 55 6.551489 -0.000000 -0.000000 -0.221092 0.097918 -0.129921
 56 -1.266844 -1.937441 -4.950562 -0.066572 -2.988806 -0.110308
 57 6.551490 -0.000000 -0.000000 -0.221092 0.097918 -0.129921
 58 0.699371 -1.944207 -5.006846 -0.027189 -3.088217 0.005298
 59 4.226147 -0.003202 0.000000 0.051022 -0.085138 0.120727
 60 -0.000001 5.000002 -0.000000 -0.153564 0.000087 2.718701
 61 0.000004 -0.000004 -3.713580 0.018865 -3.096651 -0.324845
 62 -0.000002 0.000000 5.000000 3.053198 1.558589 -0.074926
 63 -0.000007 0.000006 3.713580 -0.159276 -2.977491 -0.403653
 64 0.000001 -0.000000 -5.000000 -0.088724 1.558589 3.066337
 65 7.363602 1.646647 0.495663 3.141593 -1.570796 0.000000
 66 -0.000005 0.000007 3.619081 -0.217558 -2.796588 -0.810634
 67 16.573919 -0.000001 0.000000 0.000000 0.000000 -2.033247
 68 15.128181 0.000002 -0.000000 0.271612 0.009043 -0.097069
 69 5.758665 4.244730 0.000000 0.000000 -0.000000 1.842220
 70 3.177726 -0.000001 -0.000001 0.000000 0.000000 3.141593
 71 15.708953 0.000001 -0.000001 0.136460 0.001254 -0.052592
 72 0.275149 0.189214 -3.445208 3.130898 0.000409 -1.514604
 73 17.210194 -0.000002 0.000000 -0.000000 -0.000000 -2.328678
 74 -0.000000 0.000001 -4.999999 -0.079432 1.546568 -1.570855
 75 0.000002 -0.000003 -3.619081 0.034416 -3.071533 -0.493407
 76 16.573921 -0.000000 0.000000 0.000000 0.000000 -1.045581
 77 15.128181 0.000002 0.000000 0.002618 -0.051986 0.588317
 78 5.758665 4.244731 -0.000000 -0.000000 0.000000 1.815142
 79 4.003934 0.000000 0.000000 0.000000 0.000000 0.000000
 80 15.708955 0.000001 0.000000 0.004296 -0.037430 0.405337
 81 0.273998 0.191090 3.439762 -3.130907 -0.000437 -1.508107
 82 17.210194 0.000000 0.000000 -0.000000 -0.000000 -1.884228
 83 0.000000 -0.000001 5.000000 -0.079311 1.595025 -1.570737
time 25
  0 -0.650000 0.000000 33.899605 -0.025849 0.174554 -1.569172
  1 5.816420 0.852483 -32.971565 -0.174512 -0.026131 1.569196
  2 -2.276935 0.000003 -1.238188 -1.570795 -1.570451 0.000000
  3 1.797241 0.711805 0.000217 -0.067849 -0.169877 0.041677
  4 4.118835 -0.003261 0.000264 -0.080666 0.021065 0.068799
  5 4.119134 -0.003225 0.000255 -0.077663 0.060449 0.160015
  6 4.118801 -0.003266 0.000256 -0.078425 0.024035 0.057352
  7 4.119507 -0.003404 -0.000346 0.099076 -0.163166 0.244180
  8 4.443600 -0.000000 -0.000000 0.286411 0.127598 0.456682
  9 9.024060 0.000001 -0.000000 0.000000 0.000000 0.000000
 10 0.281469 0.172650 1.701323 2.825195 -1.271700 0.053329
 11 6.384777 0.000000 0.000001 -1.011876 1.321479 -1.580514
 12 10.242682 -0.000000 -0.000000 -0.000000 -0.000000 -1.069839
 13 11.375559 -0.000000 -0.000000 -1.454788 -0.430156 -0.221055
 14 0.728681 0.023430 -1.008291 2.747949 0.410665 1.245565
 15 2.136497 -0.000001 0.000002 0.000000 0.000000 -0.109556
 16 2.313139 0.000000 -0.000001 0.000000 0.000000 0.000000
 17 3.115506 -0.886041 -0.021430 -0.159463 -0.048099 0.222043
 18 2.011151 -0.000000 -0.000001 0.000000 0.000000 1.422341
 19 2.141380 0.000001 -0.000001 0.000000 0.000000 0.000000
 20 1.734172 0.000001 -0.000002 -0.000000 -0.000000 0.710700
 21 0.000006 -4.440593 -0.000000 1.570544 -0.062990 -0.195737
 22 6.000000 0.000001 0.000001 -1.489956 0.000000 -0.000000
 23 0.000002 -4.440602 0.000001 1.569944 -0.062987 0.004053
 24 11.375559 -0.000001 0.000004 -1.524951 -0.231146 -0.112527
 25 -0.000001 -4.440604 -0.000001 1.570144 -0.062988 0.004040
 26 10.510132 -0.000000 -0.000000 0.000000 0.000000 -2.105716
 27 0.000001 -1.748401 4.999999 -0.000000 0.004007 1.602290
 28 5.500001 -0.000000 0.000000 -0.073096 0.000000 -0.000000
 29 0.000001 -1.940598 5.000000 -0.044472 0.004003 -0.000180
 30 6.551492 0.000000 0.000000 -0.052845 1.031014 -0.591314
 31 0.000003 -1.940598 5.000000 -0.027189 -0.053376 0.005295
 32 6.551492 0.000000 0.000000 0.069502 0.433482 -0.200305
 33 0.000000 -1.940598 4.999997 -0.066572 -0.152786 -0.110311
 34 -0.281464 -0.165571 -1.701323 -0.468001 0.981067 2.446935
 35 6.384778 0.000000 0.000002 -0.667356 0.166904 -0.270737
 36 10.242681 -0.000001 0.000000 0.000000 0.000000 -2.101218
 37 11.375562 0.000003 0.000002 2.368034 0.358933 -0.103190
 38 0.728680 0.023431 1.008293 -1.579583 -0.319038 0.212973
 39 2.136497 -0.000005 -0.000000 -0.000000 0.000000 1.282817
 40 2.313140 0.000001 0.000000 0.000000 0.000000 3.141593
 41 3.115506 -0.886042 0.021431 0.420766 0.316066 0.167178
 42 2.011151 -0.000000 -0.000001 0.000000 -0.000000 2.082010
 43 2.141379 -0.000001 0.000001 0.000000 0.000000 3.141593
 44 1.734173 -0.000001 -0.000001 0.000000 0.000000 1.041748
 45 0.136315 -3.738193 2.525890 1.493698 2.759406 -1.474501
 46 10.273804 -0.437103 1.198992 1.793563 0.004868 1.507198
 47 11.389366 -0.000817 0.158782 1.964607 0.185243 -0.096941
 48 -0.000000 -4.440600 0.000002 1.570144 -3.078602 0.004040
 49 5.999999 0.000002 0.000001 1.964607 0.000000 -0.000000
 50 0.000002 -4.440602 0.000001 1.569944 -3.078603 0.004053
 51 10.510132 -0.000003 0.000002 -0.000000 -0.000000 -2.621405
 52 -0.000001 -1.748401 -5.000001 3.141593 0.004007 -1.539299
 53 5.500000 -0.000002 0.000001 0.228104 -0.000000 0.000000
 54 0.000000 -0.000000 -4.999999 -0.044472 3.137589 -0.000177
 55 6.551491 0.000002 -0.000000 -0.228104 0.104653 -0.136306
 56 -1.266843 -1.937442 -4.950558 -0.066572 -2.988806 -0.110308
 57 6.551493 0.000000 0.000003 -0.228104 0.104653 -0.136306
 58 0.699370 -1.944207 -5.006846 -0.027189 -3.088217 0.005298
 59 4.226144 -0.003202 -0.000000 0.054052 -0.083374 0.140536
 60 -0.000001 5.000000 -0.000000 -0.153564 0.000087 2.718702
 61 0.000004 -0.000004 -3.713580 0.018865 -3.096651 -0.324845
 62 -0.000002 0.000000 5.000000 3.053198 1.558589 -0.074926
 63 -0.000007 0.000006 3.713580 -0.159276 -2.977491 -0.403653
 64 0.000001 -0.000000 -5.000000 -0.088724 1.558589 3.066337
 65 7.363602 1.646647 0.495663 3.141593 -1.570796 0.000000
 66 -0.000005 0.000007 3.619081 -0.217558 -2.796588 -0.810634
 67 16.573919 -0.000001 0.000000 0.000000 0.000000 -2.033247
 68 15.128181 0.000002 -0.000000 0.271612 0.009043 -0.097069
 69 5.758665 4.244730 0.000000 0.000000 -0.000000 1.842220
 70 3.177726 -0.000001 -0.000001 0.000000 0.000000 3.141593
 71 15.708953 0.000001 -0.000001 0.136460 0.001254 -0.052592
 72 0.275149 0.189214 -3.445208 3.130898 0.000409 -1.514604
 73 17.210194 -0.000002 0.000000 -0.000000 -0.000000 -2.328678
 74 -0.000000 0.000001 -4.999999 -0.079432 1.546568 -1.570855
 75 0.000002 -0.000003 -3.619081 0.034416 -3.071533 -0.493407
 76 16.573921 -0.000000 0.000000 0.000000 0.000000 -1.045581
 77 15.128181 0.000002 0.000000 0.002618 -0.051986 0.588317
 78 5.758665 4.244731 -0.000000 -0.000000 0.000000 1.815142
 79 4.003934 0.000000 0.000000 0.000000 0.000000 0.000000
 80 15.708955 0.000001 0.000000 0.004296 -0.037430 0.405337
 81 0.273998 0.191090 3.439762 -3.130907 -0.000437 -1.508107
 82 17.210194 0.000000 0.000000 -0.000000 -0.000000 -1.884228
 83 0.000000 -0.000001 5.000000 -0.079311 1.595025 -1.570737
time 26
  0 -0.650000 0.000000 33.899605 -0.025849 0.174554 -1.569172
  1 5.816420 0.852483 -32.971565 -0.174512 -0.026131 1.569196
  2 -2.276935 0.000003 -1.238188 -1.570795 -1.570451 0.000000
  3 1.797313 0.711810 0.000256 -0.080331 -0.178114 0.066083
  4 4.118856 -0.003254 0.000305 -0.092562 0.026026 0.076999
  5 4.119130 -0.003225 0.000286 -0.087845 0.066752 0.155906
  6 4.118791 -0.003262 0.000295 -0.090562 0.027439 0.053779
  7 4.119623 -0.003365 -0.000380 0.108958 -0.158278 0.277765
  8 4.443598 -0.000000 -0.000000 0.338334 0.083426 0.429251
  9 9.024061 -0.000001 0.000000 0.000000 0.000000 0.000000
 10 0.273108 0.189599 1.700916 2.776558 -1.275503 0.066955
 11 6.384777 0.000001 0.000003 -0.765287 1.315827 -1.364270
 12 10.242683 -0.000000 -0.000000 0.000000 0.000000 -1.072870
 13 11.375558 -0.000001 -0.000001 -1.411825 -0.458478 -0.044650
 14 0.728681 0.023430 -1.008291 2.764468 0.425744 1.286234
 15 2.136497 0.000001 -0.000001 0.000000 0.000000 -0.149374
 16 2.313139 0.000001 -0.000000 0.000000 0.000000 0.000000
 17 3.115507 -0.886042 -0.021431 -0.159463 -0.048099 0.222043
 18 2.011151 -0.000000 0.000000 -0.000000 -0.000000 1.247656
 19 2.141379 -0.000000 0.000000 0.000000 0.000000 0.000000
 20 1.734172 0.000001 0.000000 -0.000000 -0.000000 0.623022
 21 0.000005 -4.440593 -0.000000 1.570544 -0.062990 -0.195737
 22 5.999999 -0.000000 0.000000 -1.453717 -0.000000 -0.000000
 23 0.000003 -4.440601 0.000001 1.569944 -0.062987 0.004053
 24 11.375560 0.000002 0.000003 -1.495441 -0.244833 -0.012923
 25 0.000000 -4.440603 -0.000001 1.570144 -0.062988 0.004040
 26 10.510132 -0.000000 -0.000001 -0.000000 0.000000 -2.107231
 27 0.000002 -1.748403 4.999999 -0.000000 0.004007 1.602291
 28 5.500000 -0.000000 -0.000000 -0.084455 -0.000000 0.000000
 29 0.000000 -1.940598 5.000000 -0.044472 0.004003 -0.000180
 30 6.551491 0.000000 0.000001 0.002256 0.987842 -0.542680
 31 0.000001 -1.940599 5.000000 -0.027189 -0.053376 0.005295
 32 6.551491 0.000000 0.000001 0.077958 0.419884 -0.197622
 33 -0.000001 -1.940598 4.999995 -0.066572 -0.152786 -0.110311
 34 -0.273104 -0.182524 -1.700917 -0.461476 0.990896 2.420501
 35 6.384777 -0.000001 0.000002 -0.630430 0.106348 -0.319665
 36 10.242681 0.000003 0.000000 -0.000000 -0.000000 -2.019705
 37 11.375561 0.000002 0.000001 2.357881 0.276869 -0.141711
 38 0.728680 0.023431 1.008294 -1.579583 -0.319038 0.212973
 39 2.136497 0.000000 0.000001 -0.000000 -0.000000 1.282817
 40 2.313136 -0.000000 -0.000000 0.000000 0.000000 3.141593
 41 3.115506 -0.886041 0.021433 0.420766 0.316066 0.167178
 42 2.011150 -0.000000 -0.000000 0.000000 -0.000000 2.082010
 43 2.141378 -0.000001 -0.000001 0.000000 0.000000 3.141593
 44 1.734172 -0.000001 -0.000001 -0.000000 0.000000 1.041748
 45 0.136315 -3.738194 2.525890 1.493698 2.759406 -1.474501
 46 10.273805 -0.437102 1.198991 1.793563 0.004868 1.507198
 47 11.389367 -0.000817 0.158782 1.962895 0.137191 -0.109812
 48 0.000001 -4.440598 -0.000000 1.570144 -3.078602 0.004040
 49 5.999999 0.000001 0.000000 1.962895 0.000000 -0.000000
 50 0.000002 -4.440602 0.000001 1.569944 -3.078603 0.004053
 51 10.510132 0.000001 0.000002 -0.000000 0.000000 -2.580649
 52 -0.000000 -1.748398 -5.000000 3.141593 0.004007 -1.539299
 53 5.500001 0.000000 0.000001 0.213089 -0.000000 -0.000000
 54 -0.000000 0.000002 -5.000000 -0.044472 3.137589 -0.000177
 55 6.551489 0.000002 -0.000002 -0.213089 0.077453 -0.164295
 56 -1.266843 -1.937443 -4.950561 -0.066572 -2.988806 -0.110308
 57 6.551491 -0.000000 0.000001 -0.213089 0.077453 -0.164295
 58 0.699371 -1.944207 -5.006845 -0.027189 -3.088217 0.005298
 59 4.226144 -0.003201 -0.000000 0.059421 -0.079769 0.158536
 60 0.000001 4.999999 -0.000001 -0.153564 0.000087 2.718702
 61 0.000004 -0.000004 -3.713580 0.018865 -3.096651 -0.324845
 62 -0.000002 0.000000 5.000000 3.053198 1.558589 -0.074926
 63 -0.000007 0.000006 3.713580 -0.159276 -2.977491 -0.403653
 64 0.000001 -0.000000 -5.000000 -0.088724 1.558589 3.066337
 65 7.363602 1.646647 0.495663 3.141593 -1.570796 0.000000
 66 -0.000005 0.000007 3.619081 -0.217558 -2.796588 -0.810634
 67 16.573919 -0.000001 0.000000 0.000000 0.000000 -2.033247
 68 15.128181 0.000002 -0.000000 0.271612 0.009043 -0.097069
 69 5.758665 4.244730 0.000000 0.000000 -0.000000 1.842220
 70 3.177726 -0.000001 -0.000001 0.000000 0.000000 3.141593
 71 15.708953 0.000001 -0.000001 0.136460 0.001254 -0.052592
 72 0.275149 0.189214 -3.445208 3.130898 0.000409 -1.514604
 73 17.210194 -0.000002 0.000000 -0.000000 -0.000000 -2.328678
 74 -0.000000 0.000001 -4.999999 -0.079432 1.546568 -1.570855
 75 0.000002 -0.000003 -3.619081 0.034416 -3.071533 -0.493407
 76 16.573921 -0.000000 0.000000 0.000000 0.000000 -1.045581
 77 15.128181 0.000002 0.000000 0.002618 -0.051986 0.588317
 78 5.758665 4.244731 -0.000000 -0.000000 0.000000 1.815142
 79 4.003934 0.000000 0.000000 0.000000 0.000000 0.000000
 80 15.708955 0.000001 0.000000 0.004296 -0.037430 0.405337
 81 0.273998 0.191090 3.439762 -3.130907 -0.000437 -1.508107
 82 17.210194 0.000000 0.000000 -0.000000 -0.000000 -1.884228
 83 0.000000 -0.000001 5.000000 -0.079311 1.595025 -1.570737
time 27
  0 -0.650000 0.000000 33.899605 -0.025849 0.174554 -1.569172
  1 5.816420 0.852483 -32.971565 -0.174512 -0.026131 1.569196
  2 -2.276935 0.000003 -1.238188 -1.570795 -1.570451 0.000000
  3 1.797381 0.711819 0.000293 -0.091867 -0.185189 0.091198
  4 4.118894 -0.003250 0.000337 -0.103366 0.030734 0.085020
  5 4.119120 -0.003223 0.000317 -0.097180 0.072600 0.152682
  6 4.118781 -0.003258 0.000333 -0.101631 0.030616 0.051063
  7 4.119730 -0.003330 -0.000429 0.122812 -0.151312 0.307588
  8 4.443597 -0.000001 0.000000 0.383687 0.040462 0.401626
  9 9.024060 -0.000002 0.000001 0.000000 0.000000 0.000000
 10 0.261181 0.213372 1.700022 2.715271 -1.284750 0.096988
 11 6.384776 0.000001 -0.000002 -0.467774 1.304678 -1.092583
 12 10.242684 -0.000001 0.000001 0.000000 0.000000 -1.115878
 13 11.375560 -0.000001 -0.000002 -1.380999 -0.472116 0.118515
 14 0.728681 0.023431 -1.008292 2.771282 0.431591 1.302627
 15 2.136496 -0.000001 0.000001 0.000000 -0.000000 -0.189402
 16 2.313139 0.000001 -0.000000 0.000000 0.000000 0.000000
 17 3.115506 -0.886040 -0.021431 -0.159463 -0.048099 0.222043
 18 2.011152 -0.000000 0.000001 -0.000000 -0.000000 1.072049
 19 2.141379 -0.000001 -0.000001 0.000000 0.000000 0.000000
 20 1.734173 0.000000 0.000000 0.000000 -0.000000 0.535263
 21 0.000007 -4.440593 0.000002 1.570544 -0.062990 -0.195737
 22 6.000000 0.000001 -0.000000 -1.426774 -0.000000 0.000000
 23 -0.000000 -4.440600 -0.000001 1.569944 -0.062987 0.004053
 24 11.375560 0.000001 0.000002 -1.472002 -0.248315 0.077686
 25 -0.000000 -4.440604 0.000000 1.570144 -0.062988 0.004040
 26 10.510129 -0.000000 0.000000 0.000000 -0.000000 -2.128736
 27 0.000000 -1.748402 4.999999 0.000000 0.004007 1.602291
 28 5.499998 0.000000 0.000000 -0.101921 -0.000000 0.000000
 29 -0.000001 -1.940598 5.000001 -0.044472 0.004003 -0.000180
 30 6.551490 0.000002 -0.000000 0.070719 0.939736 -0.478134
 31 0.000000 -1.940598 5.000002 -0.027189 -0.053376 0.005295
 32 6.551490 0.000002 -0.000000 0.091123 0.403958 -0.189253
 33 -0.000001 -1.940599 4.999996 -0.066572 -0.152786 -0.110311
 34 -0.261181 -0.206295 -1.700021 -0.445649 1.014817 2.405008
 35 6.384775 0.000000 -0.000001 -0.569489 0.021734 -0.377057
 36 10.242681 0.000001 0.000001 -0.000000 0.000000 -1.928586
 37 11.375563 0.000003 0.000001 2.326143 0.175677 -0.193963
 38 0.728681 0.023431 1.008289 -1.579583 -0.319038 0.212973
 39 2.136497 0.000002 -0.000001 -0.000000 -0.000000 1.282817
 40 2.313137 -0.000001 0.000000 0.000000 0.000000 3.141593
 41 3.115507 -0.886041 0.021429 0.420766 0.316066 0.167178
 42 2.011149 0.000001 0.000003 0.000000 -0.000000 2.082010
 43 2.141378 -0.000000 -0.000000 0.000000 0.000000 3.141593
 44 1.734173 -0.000001 0.000000 0.000000 0.000000 1.041748
 45 0.136315 -3.738194 2.525891 1.493698 2.759406 -1.474501
 46 10.273805 -0.437103 1.198991 1.793563 0.004868 1.507198
 47 11.389366 -0.000819 0.158781 1.949504 0.076342 -0.128301
 48 0.000001 -4.440598 -0.000000 1.570144 -3.078602 0.004040
 49 6.000000 0.000000 -0.000000 1.949504 -0.000000 0.000000
 50 0.000002 -4.440601 0.000000 1.569944 -3.078603 0.004053
 51 10.510131 0.000002 0.000001 0.000000 0.000000 -2.535089
 52 -0.000000 -1.748400 -5.000000 -3.141593 0.004007 -1.539299
 53 5.500000 0.000000 0.000001 0.190209 -0.000000 0.000000
 54 -0.000001 -0.000000 -5.000000 -0.044472 3.137590 -0.000177
 55 6.551491 -0.000001 0.000001 -0.190209 0.041998 -0.189760
 56 -1.266844 -1.937443 -4.950559 -0.066572 -2.988806 -0.110308
 57 6.551491 -0.000001 0.000001 -0.190209 0.041998 -0.189760
 58 0.699370 -1.944208 -5.006845 -0.027189 -3.088217 0.005298
 59 4.226144 -0.003202 0.000000 0.066627 -0.074929 0.174289
 60 0.000001 5.000000 0.000001 -0.153564 0.000087 2.718702
 61 0.000004 -0.000004 -3.713580 0.018865 -3.096651 -0.324845
 62 -0.000002 0.000000 5.000000 3.053198 1.558589 -0.074926
 63 -0.000007 0.000006 3.713580 -0.159276 -2.977491 -0.403653
 64 0.000001 -0.000000 -5.000000 -0.088724 1.558589 3.066337
 65 7.363602 1.646647 0.495663 3.141593 -1.570796 0.000000
 66 -0.000005 0.000007 3.619081 -0.217558 -2.796588 -0.810634
 67 16.573919 -0.000001 0.000000 0.000000 0.000000 -2.033247
 68 15.128181 0.000002 -0.000000 0.271612 0.009043 -0.097069
 69 5.758665 4.244730 0.000000 0.000000 -0.000000 1.842220
 70 3.177726 -0.000001 -0.000001 0.000000 0.000000 3.141593
 71 15.708953 0.000001 -0.000001 0.136460 0.001254 -0.052592
 72 0.275149 0.189214 -3.445208 3.130898 0.000409 -1.514604
 73 17.210194 -0.000002 0.000000 -0.000000 -0.000000 -2.328678
 74 -0.000000 0.000001 -4.999999 -0.079432 1.546568 -1.570855
 75 0.000002 -0.000003 -3.619081 0.034416 -3.071533 -0.493407
 76 16.573921 -0.000000 0.000000 0.000000 0.000000 -1.045581
 77 15.128181 0.000002 0.000000 0.002618 -0.051986 0.588317
 78 5.758665 4.244731 -0.000000 -0.000000 0.000000 1.815142
 79 4.003934 0.000000 0.000000 0.000000 0.000000 0.000000
 80 15.708955 0.000001 0.000000 0.004296 -0.037430 0.405337
 81 0.273998 0.191090 3.439762 -3.130907 -0.000437 -1.508107
 82 17.210194 0.000000 0.000000 -0.000000 -0.000000 -1.884228
 83 0.000000 -0.000001 5.000000 -0.079311 1.595025 -1.570737
time 28
  0 -0.650000 0.000000 33.899605 -0.025849 0.174554 -1.569172
  1 5.816420 0.852483 -32.971565 -0.174512 -0.026131 1.569196
  2 -2.276935 0.000003 -1.238188 -1.570795 -1.570451 0.000000
  3 1.797457 0.711828 0.000324 -0.101656 -0.190699 0.116552
  4 4.118917 -0.003244 0.000368 -0.112379 0.034928 0.092624
  5 4.119121 -0.003222 0.000342 -0.105041 0.077655 0.149846
  6 4.118771 -0.003255 0.000363 -0.110923 0.033381 0.048668
  7 4.119812 -0.003289 -0.000487 0.139561 -0.143261 0.332727
  8 4.443597 -0.000000 -0.000001 0.421427 0.002126 0.375819
  9 9.024061 0.000001 -0.000000 0.000000 0.000000 0.000000
 10 0.247381 0.242102 1.698297 2.638251 -1.303467 0.148078
 11 6.384777 -0.000000 0.000002 -0.162492 1.289843 -0.788026
 12 10.242682 -0.000002 0.000000 0.000000 0.000000 -1.184927
 13 11.375560 -0.000002 0.000001 -1.370547 -0.430605 0.202766
 14 0.728682 0.023431 -1.008292 2.751868 0.414364 1.255341
 15 2.136496 -0.000000 -0.000000 -0.000000 0.000000 -0.221049
 16 2.313139 0.000001 -0.000001 0.000000 0.000000 0.000000
 17 3.115507 -0.886040 -0.021431 -0.159463 -0.048099 0.222043
 18 2.011152 -0.000001 -0.000000 -0.000000 -0.000000 0.933209
 19 2.141380 0.000000 -0.000000 0.000000 0.000000 0.000000
 20 1.734174 0.000000 -0.000000 0.000000 0.000000 0.466140
 21 0.000006 -4.440594 0.000000 1.570544 -0.062990 -0.195737
 22 5.999999 -0.000001 0.000000 -1.417672 -0.000000 0.000000
 23 0.000002 -4.440601 0.000001 1.569944 -0.062987 0.004053
 24 11.375561 -0.000001 0.000004 -1.463561 -0.225171 0.122010
 25 -0.000000 -4.440603 -0.000000 1.570144 -0.062988 0.004040
 26 10.510133 -0.000002 -0.000001 -0.000000 0.000000 -2.163260
 27 0.000001 -1.748403 5.000000 -0.000000 0.004007 1.602291
 28 5.500001 -0.000002 -0.000000 -0.124117 -0.000000 -0.000000
 29 -0.000000 -1.940598 5.000000 -0.044472 0.004003 -0.000180
 30 6.551491 0.000001 0.000003 0.145077 0.897669 -0.399917
 31 -0.000002 -1.940597 5.000001 -0.027189 -0.053376 0.005295
 32 6.551491 0.000001 0.000003 0.108001 0.389717 -0.172914
 33 -0.000001 -1.940598 4.999998 -0.066572 -0.152786 -0.110311
 34 -0.247382 -0.235022 -1.698297 -0.422047 1.047553 2.400674
 35 6.384777 -0.000001 0.000001 -0.498032 -0.069810 -0.440352
 36 10.242682 -0.000001 0.000001 0.000000 0.000000 -1.837025
 37 11.375560 0.000001 -0.000002 2.286299 0.071875 -0.246528
 38 0.728681 0.023431 1.008292 -1.579583 -0.319038 0.212973
 39 2.136497 -0.000001 -0.000001 -0.000000 0.000000 1.282817
 40 2.313140 0.000001 -0.000000 0.000000 0.000000 3.141593
 41 3.115507 -0.886042 0.021431 0.420766 0.316066 0.167178
 42 2.011148 0.000001 0.000001 -0.000000 -0.000000 2.082010
 43 2.141379 0.000000 -0.000002 0.000000 0.000000 3.141593
 44 1.734170 -0.000000 0.000000 -0.000000 0.000000 1.041748
 45 0.136315 -3.738193 2.525889 1.493698 2.759406 -1.474501
 46 10.273805 -0.437103 1.198992 1.793563 0.004868 1.507198
 47 11.389367 -0.000817 0.158780 1.929808 0.014169 -0.146881
 48 0.000001 -4.440600 0.000001 1.570144 -3.078602 0.004040
 49 5.999999 -0.000000 -0.000003 1.929808 -0.000000 0.000000
 50 0.000002 -4.440600 0.000002 1.569944 -3.078603 0.004053
 51 10.510132 -0.000000 0.000001 0.000000 -0.000000 -2.489309
 52 0.000000 -1.748398 -5.000001 -3.141593 0.004007 -1.539299
 53 5.500001 -0.000000 0.000001 0.165464 -0.000000 0.000000
 54 -0.000001 0.000001 -5.000001 -0.044472 3.137589 -0.000177
 55 6.551491 -0.000002 0.000002 -0.165464 0.005871 -0.208166
 56 -1.266844 -1.937444 -4.950561 -0.066572 -2.988806 -0.110308
 57 6.551491 -0.000001 0.000002 -0.165464 0.005871 -0.208166
 58 0.699371 -1.944208 -5.006848 -0.027189 -3.088217 0.005298
 59 4.226146 -0.003201 0.000000 0.075132 -0.069424 0.187392
 60 -0.000003 5.000000 0.000000 -0.153564 0.000087 2.718701
 61 0.000004 -0.000004 -3.713580 0.018865 -3.096651 -0.324845
 62 -0.000002 0.000000 5.000000 3.053198 1.558589 -0.074926
 63 -0.000007 0.000006 3.713580 -0.159276 -2.977491 -0.403653
 64 0.000001 -0.000000 -5.000000 -0.088724 1.558589 3.066337
 65 7.363602 1.646647 0.495663 3.141593 -1.570796 0.000000
 66 -0.000005 0.000007 3.619081 -0.217558 -2.796588 -0.810634
 67 16.573919 -0.000001 0.000000 0.000000 0.000000 -2.033247
 68 15.128181 0.000002 -0.000000 0.271612 0.009043 -0.097069
 69 5.758665 4.244730 0.000000 0.000000 -0.000000 1.842220
 70 3.177726 -0.000001 -0.000001 0.000000 0.000000 3.141593
 71 15.708953 0.000001 -0.000001 0.136460 0.001254 -0.052592
 72 0.275149 0.189214 -3.445208 3.130898 0.000409 -1.514604
 73 17.210194 -0.000002 0.000000 -0.000000 -0.000000 -2.328678
 74 -0.000000 0.000001 -4.999999 -0.079432 1.546568 -1.570855
 75 0.000002 -0.000003 -3.619081 0.034416 -3.071533 -0.493407
 76 16.573921 -0.000000 0.000000 0.000000 0.000000 -1.045581
 77 15.128181 0.000002 0.000000 0.002618 -0.051986 0.588317
 78 5.758665 4.244731 -0.000000 -0.000000 0.000000 1.815142
 79 4.003934 0.000000 0.000000 0.000000 0.000000 0.000000
 80 15.708955 0.000001 0.000000 0.004296 -0.037430 0.405337
 81 0.273998 0.191090 3.439762 -3.130907 -0.000437 -1.508107
 82 17.210194 0.000000 0.000000 -0.000000 -0.000000 -1.884228
 83 0.000000 -0.000001 5.000000 -0.079311 1.595025 -1.570737
time 29
  0 -0.650000 0.000000 33.899605 -0.025849 0.174554 -1.569172
  1 5.816420 0.852483 -32.971565 -0.174512 -0.026131 1.569196
  2 -2.276935 0.000003 -1.238188 -1.570795 -1.570451 0.000000
  3 1.797565 0.711842 0.000345 -0.108289 -0.193325 0.151248
  4 4.118950 -0.003239 0.000387 -0.118485 0.038574 0.101646
  5 4.119128 -0.003216 0.000361 -0.110573 0.082217 0.153093
  6 4.118787 -0.003252 0.000383 -0.117229 0.036167 0.052222
  7 4.119879 -0.003254 -0.000552 0.158034 -0.135001 0.352236
  8 4.443600 0.000002 0.000000 0.449268 -0.025987 0.329733
  9 9.024060 -0.000001 0.000000 0.000000 0.000000 0.000000
 10 0.233211 0.273745 1.695560 2.527848 -1.331823 0.239302
 11 6.384775 -0.000000 0.000002 0.087208 1.251584 -0.505077
 12 10.242682 -0.000002 0.000000 0.000000 -0.000000 -1.278536
 13 11.375561 -0.000001 0.000000 -1.373925 -0.324834 0.208932
 14 0.728681 0.023431 -1.008292 2.709765 0.370030 1.145309
 15 2.136496 0.000001 -0.000001 0.000000 0.000000 -0.244641
 16 2.313139 -0.000001 -0.000001 0.000000 0.000000 0.000000
 17 3.115507 -0.886042 -0.021431 -0.159463 -0.048099 0.222043
 18 2.011150 -0.000001 0.000000 0.000000 -0.000000 0.829708
 19 2.141379 -0.000001 0.000000 0.000000 0.000000 0.000000
 20 1.734172 0.000000 0.000001 0.000000 0.000000 0.414707
 21 0.000006 -4.440593 -0.000000 1.570544 -0.062990 -0.195737
 22 6.000000 -0.000000 0.000001 -1.421497 0.000000 -0.000000
 23 0.000002 -4.440601 -0.000001 1.569944 -0.062987 0.004053
 24 11.375561 0.000000 0.000004 -1.466971 -0.171429 0.124633
 25 -0.000000 -4.440603 -0.000001 1.570144 -0.062988 0.004040
 26 10.510131 -0.000002 -0.000000 -0.000000 0.000000 -2.210064
 27 0.000000 -1.748401 4.999999 -0.000000 0.004007 1.602290
 28 5.500000 -0.000001 -0.000000 -0.142506 0.000000 0.000000
 29 -0.000003 -1.940598 5.000000 -0.044472 0.004003 -0.000180
 30 6.551491 -0.000000 0.000001 0.205002 0.853438 -0.324128
 31 0.000002 -1.940600 5.000001 -0.027189 -0.053376 0.005295
 32 6.551491 -0.000000 0.000001 0.121995 0.375208 -0.153085
 33 -0.000001 -1.940598 4.999998 -0.066572 -0.152786 -0.110311
 34 -0.233204 -0.266664 -1.695560 -0.392067 1.083785 2.407819
 35 6.384776 0.000002 -0.000002 -0.412185 -0.136032 -0.512386
 36 10.242682 -0.000002 0.000002 0.000000 0.000000 -1.756290
 37 11.375560 0.000000 -0.000002 2.247317 -0.016421 -0.290061
 38 0.728681 0.023431 1.008290 -1.579583 -0.319038 0.212973
 39 2.136497 -0.000001 0.000000 -0.000000 0.000000 1.282817
 40 2.313139 0.000001 -0.000000 0.000000 0.000000 3.141593
 41 3.115507 -0.886042 0.021428 0.420765 0.316066 0.167178
 42 2.011149 0.000001 0.000003 -0.000000 0.000000 2.082010
 43 2.141378 -0.000001 -0.000002 0.000000 0.000000 3.141593
 44 1.734173 -0.000002 -0.000000 0.000000 -0.000000 1.041748
 45 0.136314 -3.738191 2.525892 1.493698 2.759406 -1.474501
 46 10.273803 -0.437102 1.198991 1.793563 0.004868 1.507198
 47 11.389367 -0.000817 0.158781 1.908639 -0.037220 -0.161816
 48 0.000001 -4.440599 -0.000000 1.570144 -3.078602 0.004040
 49 6.000000 0.000002 0.000000 1.908639 -0.000000 -0.000000
 50 0.000003 -4.440601 -0.000000 1.569944 -3.078603 0.004053
 51 10.510131 -0.000001 0.000001 -0.000000 -0.000000 -2.448941
 52 0.000001 -1.748398 -4.999999 -3.141593 0.004007 -1.539299
 53 5.500001 -0.000001 0.000000 0.138473 -0.000000 -0.000000
 54 -0.000000 0.000000 -5.000000 -0.044472 3.137589 -0.000177
 55 6.551490 0.000000 0.000000 -0.138473 -0.020275 -0.221888
 56 -1.266844 -1.937444 -4.950561 -0.066572 -2.988806 -0.110308
 57 6.551491 0.000001 0.000000 -0.138473 -0.020275 -0.221888
 58 0.699370 -1.944208 -5.006847 -0.027189 -3.088217 0.005298
 59 4.226143 -0.003199 0.000001 0.084371 -0.063790 0.197457
 60 0.000001 5.000001 -0.000000 -0.153564 0.000087 2.718702
 61 0.000004 -0.000004 -3.713580 0.018865 -3.096651 -0.324845
 62 -0.000002 0.000000 5.000000 3.053198 1.558589 -0.074926
 63 -0.000007 0.000006 3.713580 -0.159276 -2.977491 -0.403653
 64 0.000001 -0.000000 -5.000000 -0.088724 1.558589 3.066337
 65 7.363602 1.646647 0.495663 3.141593 -1.570796 0.000000
 66 -0.000005 0.000007 3.619081 -0.217558 -2.796588 -0.810634
 67 16.573919 -0.000001 0.000000 0.000000 0.000000 -2.033247
 68 15.128181 0.000002 -0.000000 0.271612 0.009043 -0.097069
 69 5.758665 4.244730 0.000000 0.000000 -0.000000 1.842220
 70 3.177726 -0.000001 -0.000001 0.000000 0.000000 3.141593
 71 15.708953 0.000001 -0.000001 0.136460 0.001254 -0.052592
 72 0.275149 0.189214 -3.445208 3.130898 0.000409 -1.514604
 73 17.210194 -0.000002 0.000000 -0.000000 -0.000000 -2.328678
 74 -0.000000 0.000001 -4.999999 -0.079432 1.546568 -1.570855
 75 0.000002 -0.000003 -3.619081 0.034416 -3.071533 -0.493407
 76 16.573921 -0.000000 0.000000 0.000000 0.000000 -1.045581
 77 15.128181 0.000002 0.000000 0.002618 -0.051986 0.588317
 78 5.758665 4.244731 -0.000000 -0.000000 0.000000 1.815142
 79 4.003934 0.000000 0.000000 0.000000 0.000000 0.000000
 80 15.708955 0.000001 0.000000 0.004296 -0.037430 0.405337
 81 0.273998 0.191090 3.439762 -3.130907 -0.000437 -1.508107
 82 17.210194 0.000000 0.000000 -0.000000 -0.000000 -1.884228
 83 0.000000 -0.000001 5.000000 -0.079311 1.595025 -1.570737
time 30
  0 -0.650000 0.000000 33.899605 -0.025849 0.174554 -1.569172
  1 5.816420 0.852483 -32.971565 -0.174512 -0.026131 1.569196
  2 -2.276935 0.000003 -1.238188 -1.570795 -1.570451 0.000000
  3 1.797705 0.711864 0.000356 -0.111785 -0.193052 0.194458
  4 4.118979 -0.003232 0.000399 -0.121833 0.041594 0.111929
  5 4.119169 -0.003211 0.000371 -0.113890 0.086378 0.163829
  6 4.118821 -0.003247 0.000396 -0.120639 0.039073 0.063123
  7 4.119923 -0.003224 -0.000646 0.184522 -0.122737 0.365503
  8 4.443597 -0.000001 0.000000 0.465032 -0.047981 0.263040
  9 9.024059 0.000003 -0.000000 0.000000 0.000000 0.000000
 10 0.212134 0.319057 1.690494 2.325414 -1.363527 0.429719
 11 6.384776 0.000001 0.000001 0.242125 1.189115 -0.294190
 12 10.242681 -0.000000 -0.000001 -0.000000 0.000000 -1.401177
 13 11.375561 0.000001 -0.000000 -1.383354 -0.183340 0.186788
 14 0.728682 0.023431 -1.008291 2.664271 0.306875 1.008547
 15 2.136496 0.000002 0.000001 -0.000000 -0.000000 -0.266299
 16 2.313139 -0.000000 0.000000 0.000000 0.000000 0.000000
 17 3.115508 -0.886041 -0.021431 -0.159463 -0.048099 0.222043
 18 2.011152 0.000000 0.000002 -0.000000 -0.000000 0.734696
 19 2.141379 0.000000 -0.000000 0.000000 0.000000 0.000000
 20 1.734173 0.000001 0.000001 -0.000000 -0.000000 0.367516
 21 0.000007 -4.440594 0.000001 1.570544 -0.062990 -0.195737
 22 6.000000 0.000000 0.000000 -1.429595 -0.000000 0.000000
 23 0.000001 -4.440601 0.000002 1.569944 -0.062987 0.004053
 24 11.375561 0.000001 0.000003 -1.474357 -0.097136 0.111116
 25 -0.000000 -4.440603 0.000001 1.570144 -0.062988 0.004040
 26 10.510129 -0.000002 -0.000001 0.000000 0.000000 -2.271385
 27 0.000000 -1.748402 4.999999 -0.000000 0.004007 1.602291
 28 5.499999 -0.000001 0.000000 -0.154011 -0.000000 -0.000000
 29 -0.000003 -1.940598 5.000001 -0.044472 0.004003 -0.000180
 30 6.551490 0.000001 0.000003 0.243841 0.804129 -0.258705
 31 -0.000002 -1.940598 5.000001 -0.027189 -0.053376 0.005295
 32 6.551490 0.000001 0.000003 0.130693 0.359048 -0.132712
 33 -0.000000 -1.940599 4.999997 -0.066572 -0.152786 -0.110311
 34 -0.212134 -0.311977 -1.690492 -0.351508 1.126609 2.432083
 35 6.384775 -0.000000 -0.000001 -0.330183 -0.155310 -0.584662
 36 10.242683 -0.000001 0.000001 0.000000 -0.000000 -1.699597
 37 11.375560 0.000002 0.000001 2.215463 -0.069727 -0.318015
 38 0.728680 0.023430 1.008295 -1.579583 -0.319038 0.212973
 39 2.136497 -0.000000 0.000001 -0.000000 -0.000000 1.282817
 40 2.313140 0.000001 -0.000000 0.000000 0.000000 3.141593
 41 3.115507 -0.886041 0.021431 0.420766 0.316066 0.167178
 42 2.011150 -0.000001 -0.000000 0.000000 -0.000000 2.082010
 43 2.141380 -0.000000 -0.000000 0.000000 0.000000 3.141593
 44 1.734171 -0.000000 0.000000 0.000000 0.000000 1.041748
 45 0.136315 -3.738192 2.525890 1.493698 2.759406 -1.474501
 46 10.273803 -0.437100 1.198994 1.793563 0.004868 1.507198
 47 11.389364 -0.000818 0.158783 1.890846 -0.067084 -0.171615
 48 0.000001 -4.440600 -0.000000 1.570144 -3.078602 0.004040
 49 5.999999 0.000001 0.000001 1.890846 -0.000000 0.000000
 50 0.000000 -4.440602 0.000001 1.569944 -3.078603 0.004053
 51 10.510131 0.000000 0.000000 0.000000 -0.000000 -2.420595
 52 0.000001 -1.748398 -5.000000 -3.141593 0.004007 -1.539299
 53 5.499999 0.000000 0.000000 0.113847 -0.000000 0.000000
 54 -0.000002 -0.000001 -5.000001 -0.044472 3.137589 -0.000177
 55 6.551490 0.000000 -0.000002 -0.113847 -0.029189 -0.233078
 56 -1.266843 -1.937443 -4.950561 -0.066572 -2.988806 -0.110308
 57 6.551490 0.000000 -0.000002 -0.113847 -0.029189 -0.233078
 58 0.699371 -1.944208 -5.006848 -0.027189 -3.088217 0.005298
 59 4.226146 -0.003203 -0.000001 0.097365 -0.055799 0.204313
 60 0.000001 4.999999 -0.000001 -0.153564 0.000087 2.718702
 61 0.000004 -0.000004 -3.713580 0.018865 -3.096651 -0.324845
 62 -0.000002 0.000000 5.000000 3.053198 1.558589 -0.074926
 63 -0.000007 0.000006 3.713580 -0.159276 -2.977491 -0.403653
 64 0.000001 -0.000000 -5.000000 -0.088724 1.558589 3.066337
 65 7.363602 1.646647 0.495663 3.141593 -1.570796 0.000000
 66 -0.000005 0.000007 3.619081 -0.217558 -2.796588 -0.810634
 67 16.573919 -0.000001 0.000000 0.000000 0.000000 -2.033247
 68 15.128181 0.000002 -0.000000 0.271612 0.009043 -0.097069
 69 5.758665 4.244730 0.000000 0.000000 -0.000000 1.842220
 70 3.177726 -0.000001 -0.000001 0.000000 0.000000 3.141593
 71 15.708953 0.000001 -0.000001 0.136460 0.001254 -0.052592
 72 0.275149 0.189214 -3.445208 3.130898 0.000409 -1.514604
 73 17.210194 -0.000002 0.000000 -0.000000 -0.000000 -2.328678
 74 -0.000000 0.000001 -4.999999 -0.079432 1.546568 -1.570855
 75 0.000002 -0.000003 -3.619081 0.034416 -3.071533 -0.493407
 76 16.573921 -0.000000 0.000000 0.000000 0.000000 -1.045581
 77 15.128181 0.000002 0.000000 0.002618 -0.051986 0.588317
 78 5.758665 4.244731 -0.000000 -0.000000 0.000000 1.815142
 79 4.003934 0.000000 0.000000 0.000000 0.000000 0.000000
 80 15.708955 0.000001 0.000000 0.004296 -0.037430 0.405337
 81 0.273998 0.191090 3.439762 -3.130907 -0.000437 -1.508107
 82 17.210194 0.000000 0.000000 -0.000000 -0.000000 -1.884228
 83 0.000000 -0.000001 5.000000 -0.079311 1.595025 -1.570737
time 31
  0 -0.650000 0.000000 33.899605 -0.025849 0.174554 -1.569172
  1 5.816420 0.852483 -32.971565 -0.174512 -0.026131 1.569196
  2 -2.276935 0.000003 -1.238188 -1.570795 -1.570451 0.000000
  3 1.797818 0.711887 0.000362 -0.113503 -0.191541 0.230827
  4 4.119013 -0.003230 0.000403 -0.123642 0.043641 0.120245
  5 4.119201 -0.003202 0.000378 -0.115883 0.089420 0.175118
  6 4.118861 -0.003244 0.000400 -0.122424 0.041344 0.074489
  7 4.119938 -0.003184 -0.000781 0.223666 -0.103412 0.373295
  8 4.443596 0.000001 0.000000 0.469517 -0.072959 0.209579
  9 9.024062 0.000000 -0.000000 0.000000 0.000000 0.000000
 10 0.178862 0.385809 1.680536 1.978433 -1.383364 0.771608
 11 6.384777 -0.000000 0.000001 0.362528 1.125249 -0.108690
 12 10.242682 -0.000001 -0.000000 -0.000000 0.000000 -1.542351
 13 11.375561 0.000001 0.000000 -1.405221 -0.022625 0.141394
 14 0.728680 0.023431 -1.008292 2.624657 0.228545 0.859165
 15 2.136496 0.000000 0.000000 0.000000 -0.000000 -0.286121
 16 2.313139 0.000000 0.000000 0.000000 0.000000 0.000000
 17 3.115506 -0.886041 -0.021431 -0.159463 -0.048099 0.222043
 18 2.011152 0.000000 -0.000000 -0.000000 0.000000 0.647733
 19 2.141378 0.000000 -0.000001 0.000000 0.000000 0.000000
 20 1.734172 0.000001 -0.000001 -0.000000 0.000000 0.324303
 21 0.000005 -4.440593 0.000000 1.570544 -0.062990 -0.195737
 22 5.999999 -0.000001 0.000000 -1.446252 -0.000000 0.000000
 23 0.000002 -4.440601 -0.000000 1.569944 -0.062987 0.004053
 24 11.375561 0.000000 0.000003 -1.487622 -0.009517 0.082527
 25 -0.000002 -4.440603 0.000000 1.570144 -0.062988 0.004040
 26 10.510131 -0.000002 0.000000 -0.000000 -0.000000 -2.341972
 27 0.000000 -1.748400 4.999999 -0.000000 0.004007 1.602291
 28 5.500000 -0.000001 0.000001 -0.166887 0.000000 -0.000000
 29 -0.000000 -1.940599 5.000000 -0.044472 0.004003 -0.000180
 30 6.551492 0.000002 0.000001 0.283388 0.762047 -0.185434
 31 0.000002 -1.940598 5.000001 -0.027189 -0.053376 0.005295
 32 6.551492 0.000002 0.000001 0.140452 0.345313 -0.106772
 33 -0.000000 -1.940599 4.999999 -0.066572 -0.152786 -0.110311
 34 -0.178864 -0.378729 -1.680535 -0.287005 1.182539 2.486275
 35 6.384778 0.000000 0.000001 -0.289610 -0.142277 -0.632503
 36 10.242682 -0.000000 -0.000000 0.000000 0.000000 -1.675703
 37 11.375561 0.000001 -0.000001 2.185319 -0.075870 -0.329852
 38 0.728681 0.023431 1.008291 -1.579583 -0.319038 0.212973
 39 2.136497 0.000001 0.000000 -0.000000 -0.000000 1.282817
 40 2.313140 0.000000 0.000000 0.000000 0.000000 3.141593
 41 3.115506 -0.886041 0.021430 0.420766 0.316066 0.167178
 42 2.011151 -0.000001 -0.000001 0.000000 -0.000000 2.082010
 43 2.141379 -0.000000 0.000000 0.000000 0.000000 3.141593
 44 1.734171 -0.000000 0.000000 0.000000 0.000000 1.041748
 45 0.136315 -3.738192 2.525889 1.493698 2.759406 -1.474501
 46 10.273804 -0.437102 1.198991 1.793563 0.004868 1.507198
 47 11.389366 -0.000819 0.158780 1.875452 -0.069851 -0.177570
 48 0.000000 -4.440599 0.000001 1.570144 -3.078602 0.004040
 49 6.000000 0.000000 -0.000002 1.875452 -0.000000 0.000000
 50 0.000001 -4.440601 0.000001 1.569944 -3.078603 0.004053
 51 10.510133 -0.000001 0.000002 -0.000000 0.000000 -2.408648
 52 0.000001 -1.748399 -5.000001 -3.141593 0.004007 -1.539299
 53 5.500000 -0.000000 0.000000 0.101490 -0.000000 -0.000000
 54 0.000001 -0.000000 -4.999997 -0.044472 3.137589 -0.000177
 55 6.551491 0.000001 -0.000000 -0.101490 -0.025186 -0.240147
 56 -1.266843 -1.937443 -4.950560 -0.066572 -2.988806 -0.110308
 57 6.551492 0.000001 -0.000000 -0.101490 -0.025186 -0.240147
 58 0.699371 -1.944207 -5.006848 -0.027189 -3.088217 0.005298
 59 4.226145 -0.003200 0.000001 0.116352 -0.043607 0.208312
 60 0.000002 5.000001 -0.000001 -0.153564 0.000087 2.718702
 61 0.000004 -0.000004 -3.713580 0.018865 -3.096651 -0.324845
 62 -0.000002 0.000000 5.000000 3.053198 1.558589 -0.074926
 63 -0.000007 0.000006 3.713580 -0.159276 -2.977491 -0.403653
 64 0.000001 -0.000000 -5.000000 -0.088724 1.558589 3.066337
 65 7.363602 1.646647 0.495663 3.141593 -1.570796 0.000000
 66 -0.000005 0.000007 3.619081 -0.217558 -2.796588 -0.810634
 67 16.573919 -0.000001 0.000000 0.000000 0.000000 -2.033247
 68 15.128181 0.000002 -0.000000 0.271612 0.009043 -0.097069
 69 5.758665 4.244730 0.000000 0.000000 -0.000000 1.842220
 70 3.177726 -0.000001 -0.000001 0.000000 0.000000 3.141593
 71 15.708953 0.000001 -0.000001 0.136460 0.001254 -0.052592
 72 0.275149 0.189214 -3.445208 3.130898 0.000409 -1.514604
 73 17.210194 -0.000002 0.000000 -0.000000 -0.000000 -2.328678
 74 -0.000000 0.000001 -4.999999 -0.079432 1.546568 -1.570855
 75 0.000002 -0.000003 -3.619081 0.034416 -3.071533 -0.493407
 76 16.573921 -0.000000 0.000000 0.000000 0.000000 -1.045581
 77 15.128181 0.000002 0.000000 0.002618 -0.051986 0.588317
 78 5.758665 4.244731 -0.000000 -0.000000 0.000000 1.815142
 79 4.003934 0.000000 0.000000 0.000000 0.000000 0.000000
 80 15.708955 0.000001 0.000000 0.004296 -0.037430 0.405337
 81 0.273998 0.191090 3.439762 -3.130907 -0.000437 -1.508107
 82 17.210194 0.000000 0.000000 -0.000000 -0.000000 -1.884228
 83 0.000000 -0.000001 5.000000 -0.079311 1.595025 -1.570737
time 32
  0 -0.650000 0.000000 33.899605 -0.025849 0.174554 -1.569172
  1 5.816420 0.852483 -32.971565 -0.174512 -0.026131 1.569196
  2 -2.276935 0.000003 -1.238188 -1.570795 -1.570451 0.000000
  3 1.797862 0.711898 0.000367 -0.114964 -0.190407 0.245053
  4 4.119021 -0.003227 0.000409 -0.125149 0.044383 0.123360
  5 4.119219 -0.003199 0.000383 -0.117507 0.090600 0.180013
  6 4.118880 -0.003244 0.000404 -0.123903 0.042207 0.079434
  7 4.119924 -0.003142 -0.000946 0.271693 -0.078782 0.376742
  8 4.443598 0.000002 0.000000 0.465523 -0.101540 0.201618
  9 9.024061 -0.000000 0.000000 0.000000 0.000000 0.000000
 10 0.136365 0.467090 1.663985 1.572567 -1.372751 1.178994
 11 6.384777 -0.000002 0.000000 0.514734 1.064636 0.099720
 12 10.242680 0.000001 -0.000000 -0.000000 -0.000000 -1.685072
 13 11.375561 0.000002 0.000000 -1.444804 0.140363 0.075658
 14 0.728679 0.023431 -1.008292 2.596852 0.141347 0.708384
 15 2.136497 0.000000 -0.000000 -0.000000 -0.000000 -0.304208
 16 2.313139 0.000000 -0.000000 0.000000 0.000000 0.000000
 17 3.115506 -0.886041 -0.021430 -0.159463 -0.048099 0.222043
 18 2.011150 0.000000 -0.000001 -0.000000 -0.000000 0.568381
 19 2.141380 -0.000000 -0.000000 0.000000 0.000000 0.000000
 20 1.734172 -0.000000 -0.000001 0.000000 0.000000 0.284827
 21 0.000006 -4.440594 0.000000 1.570544 -0.062990 -0.195737
 22 6.000001 0.000002 0.000001 -1.476256 -0.000000 0.000000
 23 0.000002 -4.440601 -0.000002 1.569944 -0.062987 0.004053
 24 11.375562 0.000001 0.000004 -1.508772 0.080091 0.041227
 25 0.000000 -4.440603 0.000000 1.570144 -0.062988 0.004040
 26 10.510130 0.000001 -0.000001 -0.000000 0.000000 -2.413332
 27 0.000001 -1.748401 4.999999 -0.000000 0.004007 1.602291
 28 5.500000 -0.000000 0.000000 -0.192739 -0.000000 -0.000000
 29 -0.000001 -1.940598 5.000000 -0.044472 0.004003 -0.000180
 30 6.551492 0.000001 0.000002 0.351481 0.730323 -0.082707
 31 0.000001 -1.940596 5.000000 -0.027189 -0.053376 0.005295
 32 6.551492 0.000001 0.000002 0.160416 0.335577 -0.069044
 33 0.000000 -1.940599 4.999994 -0.066572 -0.152786 -0.110311
 34 -0.136363 -0.460011 -1.663985 -0.180409 1.248257 2.587638
 35 6.384778 -0.000000 0.000002 -0.302869 -0.131790 -0.646130
 36 10.242681 -0.000001 -0.000000 -0.000000 0.000000 -1.676488
 37 11.375562 0.000003 0.000001 2.150191 -0.047080 -0.332566
 38 0.728680 0.023431 1.008294 -1.579583 -0.319038 0.212973
 39 2.136497 -0.000002 -0.000000 -0.000000 -0.000000 1.282817
 40 2.313139 0.000000 -0.000000 0.000000 0.000000 3.141593
 41 3.115508 -0.886041 0.021431 0.420765 0.316066 0.167178
 42 2.011148 0.000001 0.000001 0.000000 -0.000000 2.082010
 43 2.141378 -0.000000 -0.000002 0.000000 0.000000 3.141593
 44 1.734172 -0.000001 -0.000001 -0.000000 0.000000 1.041748
 45 0.136315 -3.738192 2.525890 1.493698 2.759406 -1.474501
 46 10.273805 -0.437102 1.198990 1.793563 0.004868 1.507198
 47 11.389367 -0.000819 0.158782 1.858953 -0.052856 -0.181912
 48 0.000001 -4.440600 -0.000001 1.570144 -3.078602 0.004040
 49 6.000001 0.000001 0.000001 1.858954 0.000000 -0.000000
 50 0.000002 -4.440601 -0.000002 1.569944 -3.078603 0.004053
 51 10.510132 -0.000002 0.000002 0.000000 -0.000000 -2.409040
 52 -0.000000 -1.748400 -5.000001 -3.141593 0.004007 -1.539299
 53 5.499999 -0.000000 -0.000000 0.105747 -0.000000 -0.000000
 54 -0.000002 0.000001 -5.000001 -0.044472 3.137589 -0.000177
 55 6.551491 -0.000001 0.000002 -0.105747 -0.019280 -0.242233
 56 -1.266844 -1.937443 -4.950563 -0.066572 -2.988806 -0.110308
 57 6.551492 -0.000000 0.000002 -0.105747 -0.019280 -0.242233
 58 0.699371 -1.944209 -5.006847 -0.027189 -3.088217 0.005298
 59 4.226145 -0.003201 0.000000 0.139546 -0.028270 0.209831
 60 -0.000000 5.000000 0.000000 -0.153564 0.000087 2.718702
 61 0.000004 -0.000004 -3.713580 0.018865 -3.096651 -0.324845
 62 -0.000002 0.000000 5.000000 3.053198 1.558589 -0.074926
 63 -0.000007 0.000006 3.713580 -0.159276 -2.977491 -0.403653
 64 0.000001 -0.000000 -5.000000 -0.088724 1.558589 3.066337
 65 7.363602 1.646647 0.495663 3.141593 -1.570796 0.000000
 66 -0.000005 0.000007 3.619081 -0.217558 -2.796588 -0.810634
 67 16.573919 -0.000001 0.000000 0.000000 0.000000 -2.033247
 68 15.128181 0.000002 -0.000000 0.271612 0.009043 -0.097069
 69 5.758665 4.244730 0.000000 0.000000 -0.000000 1.842220
 70 3.177726 -0.000001 -0.000001 0.000000 0.000000 3.141593
 71 15.708953 0.000001 -0.000001 0.136460 0.001254 -0.052592
 72 0.275149 0.189214 -3.445208 3.130898 0.000409 -1.514604
 73 17.210194 -0.000002 0.000000 -0.000000 -0.000000 -2.328678
 74 -0.000000 0.000001 -4.999999 -0.079432 1.546568 -1.570855
 75 0.000002 -0.000003 -3.619081 0.034416 -3.071533 -0.493407
 76 16.573921 -0.000000 0.000000 0.000000 0.000000 -1.045581
 77 15.128181 0.000002 0.000000 0.002618 -0.051986 0.588317
 78 5.758665 4.244731 -0.000000 -0.000000 0.000000 1.815142
 79 4.003934 0.000000 0.000000 0.000000 0.000000 0.000000
 80 15.708955 0.000001 0.000000 0.004296 -0.037430 0.405337
 81 0.273998 0.191090 3.439762 -3.130907 -0.000437 -1.508107
 82 17.210194 0.000000 0.000000 -0.000000 -0.000000 -1.884228
 83 0.000000 -0.000001 5.000000 -0.079311 1.595025 -1.570737
time 33
  0 -0.650000 0.000000 33.899605 -0.025849 0.174554 -1.569172
  1 5.816420 0.852483 -32.971565 -0.174512 -0.026131 1.569196
  2 -2.276935 0.000003 -1.238188 -1.570795 -1.570451 0.000000
  3 1.797838 0.711893 0.000372 -0.116700 -0.190292 0.237568
  4 4.119015 -0.003227 0.000415 -0.126752 0.044062 0.121434
  5 4.119215 -0.003199 0.000388 -0.119114 0.090228 0.178043
  6 4.118871 -0.003241 0.000410 -0.125500 0.041820 0.077511
  7 4.119887 -0.003097 -0.001127 0.324817 -0.050510 0.376828
  8 4.443598 -0.000001 0.000000 0.453790 -0.127753 0.239494
  9 9.024061 -0.000002 -0.000000 0.000000 0.000000 0.000000
 10 0.087484 0.555799 1.640022 1.263399 -1.333444 1.495561
 11 6.384776 -0.000000 0.000001 0.686035 0.991459 0.307397
 12 10.242682 -0.000001 0.000000 -0.000000 -0.000000 -1.811517
 13 11.375561 0.000001 0.000001 -1.505054 0.288202 -0.008059
 14 0.728680 0.023431 -1.008293 2.582884 0.053383 0.565078
 15 2.136498 0.000002 -0.000002 0.000000 0.000000 -0.320662
 16 2.313139 -0.000000 0.000000 0.000000 0.000000 0.000000
 17 3.115506 -0.886040 -0.021431 -0.159463 -0.048099 0.222043
 18 2.011152 -0.000001 0.000002 -0.000000 -0.000000 0.496199
 19 2.141380 0.000000 -0.000000 0.000000 0.000000 0.000000
 20 1.734172 0.000001 -0.000000 -0.000000 -0.000000 0.248865
 21 0.000006 -4.440594 0.000000 1.570544 -0.062990 -0.195737
 22 6.000000 0.000001 0.000001 -1.521533 -0.000000 0.000000
 23 0.000002 -4.440601 -0.000002 1.569944 -0.062987 0.004053
 24 11.375560 0.000000 0.000004 -1.537965 0.158612 -0.007505
 25 -0.000002 -4.440604 -0.000001 1.570144 -0.062988 0.004040
 26 10.510132 -0.000003 -0.000000 -0.000000 -0.000000 -2.476555
 27 0.000001 -1.748404 4.999999 -0.000000 0.004007 1.602291
 28 5.500000 -0.000001 0.000000 -0.231114 0.000000 0.000000
 29 -0.000000 -1.940597 5.000001 -0.044472 0.004003 -0.000180
 30 6.551490 -0.000001 -0.000001 0.445028 0.695025 0.042310
 31 -0.000002 -1.940597 5.000001 -0.027189 -0.053376 0.005295
 32 6.551490 -0.000001 -0.000001 0.190332 0.325168 -0.021937
 33 -0.000000 -1.940599 4.999995 -0.066572 -0.152786 -0.110311
 34 -0.087480 -0.548727 -1.640022 -0.006597 1.313754 2.761284
 35 6.384775 0.000000 -0.000002 -0.357747 -0.133288 -0.634916
 36 10.242683 -0.000002 0.000001 0.000000 0.000000 -1.690341
 37 11.375562 0.000001 0.000001 2.114396 -0.000047 -0.331448
 38 0.728680 0.023431 1.008292 -1.579583 -0.319038 0.212973
 39 2.136496 0.000001 0.000001 0.000000 0.000000 1.282817
 40 2.313139 -0.000000 -0.000001 0.000000 0.000000 3.141593
 41 3.115506 -0.886041 0.021430 0.420766 0.316066 0.167178
 42 2.011150 0.000001 0.000001 0.000000 -0.000000 2.082010
 43 2.141379 -0.000000 -0.000001 0.000000 0.000000 3.141593
 44 1.734172 -0.000001 0.000001 -0.000000 0.000000 1.041748
 45 0.136315 -3.738194 2.525890 1.493698 2.759406 -1.474501
 46 10.273804 -0.437102 1.198991 1.793563 0.004868 1.507198
 47 11.389366 -0.000819 0.158782 1.842621 -0.025554 -0.185138
 48 0.000000 -4.440597 -0.000002 1.570144 -3.078602 0.004040
 49 6.000001 0.000002 0.000001 1.842620 -0.000000 -0.000000
 50 0.000003 -4.440601 -0.000001 1.569944 -3.078603 0.004053
 51 10.510133 -0.000003 0.000002 0.000000 0.000000 -2.415967
 52 -0.000001 -1.748399 -5.000001 -3.141593 0.004007 -1.539299
 53 5.500001 -0.000003 0.000001 0.123322 -0.000000 -0.000000
 54 0.000001 -0.000002 -4.999999 -0.044472 3.137589 -0.000177
 55 6.551489 -0.000001 0.000000 -0.123322 -0.014916 -0.240780
 56 -1.266843 -1.937443 -4.950561 -0.066572 -2.988806 -0.110308
 57 6.551490 -0.000001 0.000000 -0.123322 -0.014916 -0.240780
 58 0.699370 -1.944209 -5.006845 -0.027189 -3.088217 0.005298
 59 4.226147 -0.003203 -0.000000 0.165147 -0.010834 0.209193
 60 0.000003 4.999998 -0.000000 -0.153564 0.000087 2.718702
 61 0.000004 -0.000004 -3.713580 0.018865 -3.096651 -0.324845
 62 -0.000002 0.000000 5.000000 3.053198 1.558589 -0.074926
 63 -0.000007 0.000006 3.713580 -0.159276 -2.977491 -0.403653
 64 0.000001 -0.000000 -5.000000 -0.088724 1.558589 3.066337
 65 7.363602 1.646647 0.495663 3.141593 -1.570796 0.000000
 66 -0.000005 0.000007 3.619081 -0.217558 -2.796588 -0.810634
 67 16.573919 -0.000001 0.000000 0.000000 0.000000 -2.033247
 68 15.128181 0.000002 -0.000000 0.271612 0.009043 -0.097069
 69 5.758665 4.244730 0.000000 0.000000 -0.000000 1.842220
 70 3.177726 -0.000001 -0.000001 0.000000 0.000000 3.141593
 71 15.708953 0.000001 -0.000001 0.136460 0.001254 -0.052592
 72 0.275149 0.189214 -3.445208 3.130898 0.000409 -1.514604
 73 17.210194 -0.000002 0.000000 -0.000000 -0.000000 -2.328678
 74 -0.000000 0.000001 -4.999999 -0.079432 1.546568 -1.570855
 75 0.000002 -0.000003 -3.619081 0.034416 -3.071533 -0.493407
 76 16.573921 -0.000000 0.000000 0.000000 0.000000 -1.045581
 77 15.128181 0.000002 0.000000 0.002618 -0.051986 0.588317
 78 5.758665 4.244731 -0.000000 -0.000000 0.000000 1.815142
 79 4.003934 0.000000 0.000000 0.000000 0.000000 0.000000
 80 15.708955 0.000001 0.000000 0.004296 -0.037430 0.405337
 81 0.273998 0.191090 3.439762 -3.130907 -0.000437 -1.508107
 82 17.210194 0.000000 0.000000 -0.000000 -0.000000 -1.884228
 83 0.000000 -0.000001 5.000000 -0.079311 1.595025 -1.570737
time 34
  0 -0.650000 0.000000 33.899605 -0.025849 0.174554 -1.569172
  1 5.816420 0.852483 -32.971565 -0.174512 -0.026131 1.569196
  2 -2.276935 0.000003 -1.238188 -1.570795 -1.570451 0.000000
  3 1.797786 0.711882 0.000377 -0.118186 -0.190626 0.220948
  4 4.119000 -0.003228 0.000419 -0.128067 0.043219 0.117272
  5 4.119200 -0.003201 0.000393 -0.120454 0.089202 0.173852
  6 4.118858 -0.003243 0.000414 -0.126795 0.040928 0.073351
  7 4.119829 -0.003049 -0.001310 0.379293 -0.020255 0.374236
  8 4.443600 -0.000001 -0.000000 0.436097 -0.146809 0.297780
  9 9.024060 0.000000 -0.000001 0.000000 0.000000 0.000000
 10 0.035094 0.644968 1.609242 1.084439 -1.283645 1.686616
 11 6.384776 0.000000 0.000000 0.820682 0.901663 0.453848
 12 10.242682 -0.000000 -0.000001 -0.000000 -0.000000 -1.909030
 13 11.375562 0.000001 0.000001 -1.584110 0.403824 -0.104137
 14 0.728681 0.023431 -1.008293 2.581180 -0.026769 0.437304
 15 2.136497 0.000000 0.000000 0.000000 0.000000 -0.335581
 16 2.313139 -0.000001 0.000001 0.000000 0.000000 0.000000
 17 3.115506 -0.886040 -0.021431 -0.159463 -0.048099 0.222043
 18 2.011150 -0.000001 -0.000001 -0.000000 -0.000000 0.430748
 19 2.141379 0.000000 0.000001 0.000000 0.000000 0.000000
 20 1.734172 0.000000 -0.000001 -0.000000 -0.000000 0.216201
 21 0.000006 -4.440594 0.000001 1.570544 -0.062990 -0.195737
 22 6.000001 -0.000000 0.000000 -1.578670 0.000000 -0.000000
 23 0.000001 -4.440601 0.000000 1.569944 -0.062987 0.004053
 24 11.375562 0.000000 0.000004 -1.572689 0.217059 -0.056785
 25 -0.000001 -4.440603 -0.000001 1.570144 -0.062988 0.004040
 26 10.510130 -0.000001 -0.000000 -0.000000 -0.000000 -2.525311
 27 -0.000001 -1.748402 4.999998 -0.000000 0.004007 1.602291
 28 5.500001 -0.000001 0.000000 -0.269687 -0.000000 0.000000
 29 -0.000002 -1.940595 5.000001 -0.044472 0.004003 -0.000180
 30 6.551491 0.000001 0.000001 0.531692 0.647917 0.151830
 31 0.000001 -1.940600 5.000002 -0.027189 -0.053376 0.005295
 32 6.551491 0.000001 0.000001 0.220696 0.310211 0.021682
 33 0.000000 -1.940598 4.999997 -0.066572 -0.152786 -0.110311
 34 -0.035090 -0.637891 -1.609241 0.267407 1.366548 3.040066
 35 6.384776 -0.000001 0.000002 -0.424295 -0.139286 -0.616844
 36 10.242681 -0.000002 0.000002 -0.000000 0.000000 -1.706985
 37 11.375561 -0.000000 -0.000000 2.082094 0.048253 -0.330398
 38 0.728680 0.023431 1.008292 -1.579583 -0.319038 0.212973
 39 2.136497 -0.000001 0.000000 -0.000000 0.000000 1.282817
 40 2.313137 0.000000 0.000000 0.000000 0.000000 3.141593
 41 3.115507 -0.886041 0.021428 0.420765 0.316066 0.167178
 42 2.011152 -0.000001 -0.000001 0.000000 -0.000000 2.082010
 43 2.141381 0.000001 0.000001 0.000000 0.000000 3.141593
 44 1.734172 -0.000001 0.000000 0.000000 -0.000000 1.041748
 45 0.136314 -3.738193 2.525889 1.493698 2.759406 -1.474501
 46 10.273803 -0.437102 1.198992 1.793563 0.004868 1.507198
 47 11.389365 -0.000821 0.158781 1.827842 0.002427 -0.187659
 48 0.000000 -4.440599 0.000000 1.570144 -3.078602 0.004040
 49 5.999999 -0.000001 -0.000001 1.827842 0.000000 0.000000
 50 0.000001 -4.440601 0.000001 1.569944 -3.078603 0.004053
 51 10.510132 -0.000002 0.000003 -0.000000 0.000000 -2.424289
 52 0.000000 -1.748400 -5.000001 -3.141593 0.004007 -1.539299
 53 5.500000 -0.000002 0.000002 0.144476 0.000000 -0.000000
 54 0.000000 -0.000001 -4.999999 -0.044472 3.137589 -0.000177
 55 6.551490 0.000000 0.000001 -0.144476 -0.011416 -0.238323
 56 -1.266844 -1.937443 -4.950559 -0.066572 -2.988806 -0.110308
 57 6.551491 0.000000 0.000001 -0.144476 -0.011416 -0.238323
 58 0.699370 -1.944208 -5.006845 -0.027189 -3.088217 0.005298
 59 4.226146 -0.003200 -0.000000 0.191353 0.007629 0.206646
 60 0.000001 5.000000 -0.000000 -0.153564 0.000087 2.718702
 61 0.000004 -0.000004 -3.713580 0.018865 -3.096651 -0.324845
 62 -0.000002 0.000000 5.000000 3.053198 1.558589 -0.074926
 63 -0.000007 0.000006 3.713580 -0.159276 -2.977491 -0.403653
 64 0.000001 -0.000000 -5.000000 -0.088724 1.558589 3.066337
 65 7.363602 1.646647 0.495663 3.141593 -1.570796 0.000000
 66 -0.000005 0.000007 3.619081 -0.217558 -2.796588 -0.810634
 67 16.573919 -0.000001 0.000000 0.000000 0.000000 -2.033247
 68 15.128181 0.000002 -0.000000 0.271612 0.009043 -0.097069
 69 5.758665 4.244730 0.000000 0.000000 -0.000000 1.842220
 70 3.177726 -0.000001 -0.000001 0.000000 0.000000 3.141593
 71 15.708953 0.000001 -0.000001 0.136460 0.001254 -0.052592
 72 0.275149 0.189214 -3.445208 3.130898 0.000409 -1.514604
 73 17.210194 -0.000002 0.000000 -0.000000 -0.000000 -2.328678
 74 -0.000000 0.000001 -4.999999 -0.079432 1.546568 -1.570855
 75 0.000002 -0.000003 -3.619081 0.034416 -3.071533 -0.493407
 76 16.573921 -0.000000 0.000000 0.000000 0.000000 -1.045581
 77 15.128181 0.000002 0.000000 0.002618 -0.051986 0.588317
 78 5.758665 4.244731 -0.000000 -0.000000 0.000000 1.815142
 79 4.003934 0.000000 0.000000 0.000000 0.000000 0.000000
 80 15.708955 0.000001 0.000000 0.004296 -0.037430 0.405337
 81 0.273998 0.191090 3.439762 -3.130907 -0.000437 -1.508107
 82 17.210194 0.000000 0.000000 -0.000000 -0.000000 -1.884228
 83 0.000000 -0.000001 5.000000 -0.079311 1.595025 -1.570737
time 35
  0 -0.650000 0.000000 33.899605 -0.025849 0.174554 -1.569172
  1 5.816420 0.852483 -32.971565 -0.174512 -0.026131 1.569196
  2 -2.276935 0.000003 -1.238188 -1.570795 -1.570451 0.000000
  3 1.797710 0.711868 0.000381 -0.119453 -0.191151 0.198118
  4 4.118979 -0.003229 0.000423 -0.129156 0.041981 0.111599
  5 4.119184 -0.003204 0.000396 -0.121580 0.087663 0.168165
  6 4.118836 -0.003242 0.000419 -0.127854 0.039653 0.067680
  7 4.119749 -0.003005 -0.001480 0.431427 0.010290 0.369268
  8 4.443597 0.000001 -0.000001 0.415387 -0.156158 0.369621
  9 9.024059 0.000003 -0.000001 0.000000 0.000000 0.000000
 10 -0.017831 0.728064 1.573870 0.998479 -1.240177 1.787779
 11 6.384777 -0.000001 0.000002 0.918887 0.806307 0.526630
 12 10.242682 0.000002 -0.000000 -0.000000 -0.000000 -1.972358
 13 11.375563 0.000001 0.000001 -1.671618 0.472534 -0.198877
 14 0.728679 0.023432 -1.008293 2.587286 -0.091201 0.333859
 15 2.136496 -0.000001 0.000001 0.000000 -0.000000 -0.349066
 16 2.313140 0.000001 -0.000002 0.000000 0.000000 0.000000
 17 3.115505 -0.886041 -0.021432 -0.159463 -0.048099 0.222043
 18 2.011151 0.000002 -0.000002 0.000000 0.000000 0.371587
 19 2.141380 -0.000000 0.000001 0.000000 0.000000 0.000000
 20 1.734172 0.000001 -0.000001 0.000000 0.000000 0.186628
 21 0.000006 -4.440594 -0.000000 1.570544 -0.062990 -0.195737
 22 6.000002 0.000000 0.000000 -1.639619 0.000000 -0.000000
 23 0.000002 -4.440601 0.000001 1.569944 -0.062987 0.004053
 24 11.375563 0.000001 0.000003 -1.608777 0.251275 -0.099966
 25 -0.000001 -4.440603 -0.000002 1.570144 -0.062988 0.004040
 26 10.510132 -0.000001 -0.000001 -0.000000 0.000000 -2.556976
 27 0.000000 -1.748401 4.999999 0.000000 0.004007 1.602291
 28 5.500000 0.000002 -0.000000 -0.305517 0.000000 -0.000000
 29 -0.000002 -1.940599 4.999999 -0.044472 0.004003 -0.000180
 30 6.551490 -0.000001 0.000001 0.604590 0.599557 0.224865
 31 0.000000 -1.940598 5.000001 -0.027189 -0.053376 0.005295
 32 6.551490 -0.000001 0.000001 0.249312 0.293489 0.051938
 33 -0.000001 -1.940599 4.999997 -0.066572 -0.152786 -0.110311
 34 0.017833 -0.720987 -1.573870 0.632478 1.393910 -2.868530
 35 6.384776 -0.000000 0.000000 -0.485449 -0.154913 -0.597795
 36 10.242682 -0.000002 0.000000 0.000000 -0.000000 -1.718153
 37 11.375561 0.000002 0.000001 2.057140 0.080608 -0.331839
 38 0.728681 0.023431 1.008291 -1.579583 -0.319038 0.212973
 39 2.136497 0.000003 -0.000001 -0.000000 -0.000000 1.282817
 40 2.313136 -0.000001 0.000000 0.000000 0.000000 3.141593
 41 3.115507 -0.886041 0.021430 0.420765 0.316066 0.167178
 42 2.011152 -0.000001 -0.000002 -0.000000 -0.000000 2.082010
 43 2.141381 -0.000000 0.000002 0.000000 0.000000 3.141593
 44 1.734172 -0.000001 0.000001 0.000000 -0.000000 1.041748
 45 0.136315 -3.738194 2.525890 1.493698 2.759406 -1.474501
 46 10.273804 -0.437102 1.198991 1.793563 0.004868 1.507198
 47 11.389366 -0.000818 0.158782 1.816202 0.021221 -0.189974
 48 -0.000001 -4.440600 0.000000 1.570144 -3.078602 0.004040
 49 5.999999 0.000000 -0.000000 1.816202 0.000000 0.000000
 50 0.000002 -4.440600 -0.000001 1.569944 -3.078603 0.004053
 51 10.510132 -0.000003 0.000001 0.000000 -0.000000 -2.429873
 52 -0.000001 -1.748400 -5.000001 -3.141593 0.004007 -1.539299
 53 5.500000 -0.000002 -0.000000 0.163798 -0.000000 -0.000000
 54 -0.000000 -0.000001 -4.999999 -0.044472 3.137589 -0.000177
 55 6.551490 -0.000001 0.000001 -0.163798 -0.011837 -0.235692
 56 -1.266843 -1.937443 -4.950561 -0.066572 -2.988806 -0.110308
 57 6.551490 -0.000001 0.000001 -0.163798 -0.011837 -0.235692
 58 0.699371 -1.944208 -5.006848 -0.027189 -3.088217 0.005298
 59 4.226145 -0.003202 -0.000000 0.216379 0.026009 0.202357
 60 0.000002 5.000000 0.000000 -0.153564 0.000087 2.718702
 61 0.000004 -0.000004 -3.713580 0.018865 -3.096651 -0.324845
 62 -0.000002 0.000000 5.000000 3.053198 1.558589 -0.074926
 63 -0.000007 0.000006 3.713580 -0.159276 -2.977491 -0.403653
 64 0.000001 -0.000000 -5.000000 -0.088724 1.558589 3.066337
 65 7.363602 1.646647 0.495663 3.141593 -1.570796 0.000000
 66 -0.000005 0.000007 3.619081 -0.217558 -2.796588 -0.810634
 67 16.573919 -0.000001 0.000000 0.000000 0.000000 -2.033247
 68 15.128181 0.000002 -0.000000 0.271612 0.009043 -0.097069
 69 5.758665 4.244730 0.000000 0.000000 -0.000000 1.842220
 70 3.177726 -0.000001 -0.000001 0.000000 0.000000 3.141593
 71 15.708953 0.000001 -0.000001 0.136460 0.001254 -0.052592
 72 0.275149 0.189214 -3.445208 3.130898 0.000409 -1.514604
 73 17.210194 -0.000002 0.000000 -0.000000 -0.000000 -2.328678
 74 -0.000000 0.000001 -4.999999 -0.079432 1.546568 -1.570855
 75 0.000002 -0.000003 -3.619081 0.034416 -3.071533 -0.493407
 76 16.573921 -0.000000 0.000000 0.000000 0.000000 -1.045581
 77 15.128181 0.000002 0.000000 0.002618 -0.051986 0.588317
 78 5.758665 4.244731 -0.000000 -0.000000 0.000000 1.815142
 79 4.003934 0.000000 0.000000 0.000000 0.000000 0.000000
 80 15.708955 0.000001 0.000000 0.004296 -0.037430 0.405337
 81 0.273998 0.191090 3.439762 -3.130907 -0.000437 -1.508107
 82 17.210194 0.000000 0.000000 -0.000000 -0.000000 -1.884228
 83 0.000000 -0.000001 5.000000 -0.079311 1.595025 -1.570737
time 36
  0 -0.650000 0.000000 33.899605 -0.025849 0.174554 -1.569172
  1 5.816420 0.852483 -32.971565 -0.174512 -0.026131 1.569196
  2 -2.276935 0.000003 -1.238188 -1.570795 -1.570451 0.000000
  3 1.797626 0.711855 0.000385 -0.120541 -0.191603 0.172003
  4 4.118957 -0.003231 0.000426 -0.130083 0.040474 0.105141
  5 4.119164 -0.003209 0.000399 -0.122549 0.085755 0.161704
  6 4.118817 -0.003244 0.000421 -0.128746 0.038119 0.061223
  7 4.119658 -0.002962 -0.001625 0.477562 0.039374 0.361831
  8 4.443596 -0.000001 0.000000 0.395299 -0.155569 0.447890
  9 9.024060 -0.000001 0.000000 0.000000 0.000000 0.000000
 10 -0.068209 0.799301 1.537670 1.054471 -1.244021 1.743834
 11 6.384777 0.000002 0.000002 0.960541 0.753887 0.401654
 12 10.242682 0.000001 -0.000000 -0.000000 -0.000000 -1.953582
 13 11.375562 0.000002 0.000000 -1.770863 0.399803 -0.276495
 14 0.728679 0.023431 -1.008292 2.591326 -0.115229 0.294666
 15 2.136497 -0.000001 -0.000001 0.000000 0.000000 -0.354755
 16 2.313139 -0.000002 0.000001 0.000000 0.000000 0.000000
 17 3.115505 -0.886042 -0.021429 -0.159547 -0.057991 0.223636
 18 2.011150 0.000002 -0.000003 0.000000 0.000000 0.346626
 19 2.141380 -0.000001 0.000001 0.000000 0.000000 0.000000
 20 1.734172 0.000001 -0.000000 -0.000000 0.000000 0.174137
 21 0.000005 -4.440594 -0.000000 1.570544 -0.062990 -0.195737
 22 6.000000 0.000002 0.000000 -1.713807 0.000000 0.000000
 23 0.000002 -4.440601 0.000001 1.569944 -0.062987 0.004053
 24 11.375561 0.000003 0.000004 -1.656371 0.218647 -0.138086
 25 -0.000001 -4.440604 -0.000000 1.570144 -0.062988 0.004040
 26 10.510130 0.000000 -0.000001 -0.000000 -0.000000 -2.547587
 27 0.000000 -1.748402 4.999998 -0.000000 0.004007 1.602291
 28 5.500000 0.000001 -0.000000 -0.328465 0.000000 0.000000
 29 -0.000001 -1.940598 4.999999 -0.044472 0.004003 -0.000180
 30 6.551491 0.000001 0.000002 0.642348 0.600035 0.172293
 31 0.000002 -1.940599 5.000000 -0.027189 -0.053376 0.005295
 32 6.551491 0.000002 0.000001 0.268605 0.289020 0.025116
 33 0.000000 -1.940601 4.999998 -0.066572 -0.152786 -0.110311
 34 0.068208 -0.792226 -1.537670 0.958647 1.394783 -2.528090
 35 6.384777 0.000001 -0.000000 -0.529068 -0.170316 -0.577298
 36 10.242682 -0.000000 0.000001 -0.000000 0.000000 -1.735031
 37 11.375563 0.000001 0.000001 2.050073 0.088846 -0.334989
 38 0.728680 0.023431 1.008291 -1.579583 -0.319038 0.212973
 39 2.136496 -0.000001 -0.000000 -0.000000 0.000000 1.282817
 40 2.313141 -0.000000 -0.000001 0.000000 0.000000 3.141593
 41 3.115507 -0.886041 0.021430 0.420766 0.316066 0.167178
 42 2.011150 0.000000 0.000001 -0.000000 -0.000000 2.082010
 43 2.141379 -0.000000 -0.000001 0.000000 0.000000 3.141593
 44 1.734172 -0.000001 0.000000 0.000000 0.000000 1.041748
 45 0.136315 -3.738192 2.525892 1.493698 2.759406 -1.474501
 46 10.273803 -0.437102 1.198993 1.793563 0.004868 1.507198
 47 11.389368 -0.000819 0.158782 1.812903 0.025831 -0.191920
 48 0.000001 -4.440598 -0.000001 1.570144 -3.078602 0.004040
 49 6.000002 0.000001 0.000001 1.812903 -0.000000 0.000000
 50 0.000004 -4.440601 -0.000001 1.569944 -3.078603 0.004053
 51 10.510133 -0.000001 0.000002 -0.000000 -0.000000 -2.438312
 52 0.000001 -1.748400 -5.000001 3.141593 0.004007 -1.539299
 53 5.500001 -0.000000 0.000001 0.177200 0.000000 0.000000
 54 -0.000000 0.000001 -4.999999 -0.044472 3.137589 -0.000177
 55 6.551491 -0.000000 0.000000 -0.177200 -0.014264 -0.232772
 56 -1.266843 -1.937444 -4.950561 -0.066572 -2.988806 -0.110308
 57 6.551491 -0.000000 0.000000 -0.177200 -0.014264 -0.232772
 58 0.699370 -1.944208 -5.006847 -0.027189 -3.088217 0.005298
 59 4.226149 -0.003202 -0.000000 0.238460 0.043155 0.196428
 60 -0.000001 5.000000 -0.000000 -0.153564 0.000087 2.718702
 61 0.000004 -0.000004 -3.713580 0.018865 -3.096651 -0.324845
 62 -0.000002 0.000000 5.000000 3.053198 1.558589 -0.074926
 63 -0.000007 0.000006 3.713580 -0.159276 -2.977491 -0.403653
 64 0.000001 -0.000000 -5.000000 -0.088724 1.558589 3.066337
 65 7.363602 1.646647 0.495663 3.141593 -1.570796 0.000000
 66 -0.000005 0.000007 3.619081 -0.217558 -2.796588 -0.810634
 67 16.573919 -0.000001 0.000000 0.000000 0.000000 -2.033247
 68 15.128181 0.000002 -0.000000 0.271612 0.009043 -0.097069
 69 5.758665 4.244730 0.000000 0.000000 -0.000000 1.842220
 70 3.177726 -0.000001 -0.000001 0.000000 0.000000 3.141593
 71 15.708953 0.000001 -0.000001 0.136460 0.001254 -0.052592
 72 0.275149 0.189214 -3.445208 3.130898 0.000409 -1.514604
 73 17.210194 -0.000002 0.000000 -0.000000 -0.000000 -2.328678
 74 -0.000000 0.000001 -4.999999 -0.079432 1.546568 -1.570855
 75 0.000002 -0.000003 -3.619081 0.034416 -3.071533 -0.493407
 76 16.573921 -0.000000 0.000000 0.000000 0.000000 -1.045581
 77 15.128181 0.000002 0.000000 0.002618 -0.051986 0.588317
 78 5.758665 4.244731 -0.000000 -0.000000 0.000000 1.815142
 79 4.003934 0.000000 0.000000 0.000000 0.000000 0.000000
 80 15.708955 0.000001 0.000000 0.004296 -0.037430 0.405337
 81 0.273998 0.191090 3.439762 -3.130907 -0.000437 -1.508107
 82 17.210194 0.000000 0.000000 -0.000000 -0.000000 -1.884228
 83 0.000000 -0.000001 5.000000 -0.079311 1.595025 -1.570737
time 37
  0 -0.650000 0.000000 33.899605 -0.025849 0.174554 -1.569172
  1 5.816420 0.852483 -32.971565 -0.174512 -0.026131 1.569196
  2 -2.276935 0.000003 -1.238188 -1.570795 -1.570451 0.000000
  3 1.797539 0.711844 0.000388 -0.121507 -0.191708 0.145532
  4 4.118938 -0.003234 0.000428 -0.130914 0.038827 0.098621
  5 4.119138 -0.003211 0.000403 -0.123420 0.083621 0.155191
  6 4.118795 -0.003247 0.000423 -0.129542 0.036449 0.054704
  7 4.119559 -0.002934 -0.001737 0.514061 0.065157 0.351492
  8 4.443596 -0.000001 -0.000001 0.379444 -0.147293 0.525831
  9 9.024060 0.000002 0.000001 0.000000 0.000000 0.000000
 10 -0.112822 0.853736 1.505574 1.259488 -1.283203 1.549320
 11 6.384776 -0.000000 -0.000002 0.940569 0.755439 0.113028
 12 10.242681 0.000001 0.000000 0.000000 0.000000 -1.874850
 13 11.375563 0.000001 0.000001 -1.860450 0.203318 -0.327316
 14 0.728680 0.023432 -1.008292 2.589186 -0.103235 0.314287
 15 2.136498 -0.000000 -0.000000 0.000000 -0.000000 -0.351911
 16 2.313138 0.000000 0.000000 0.000000 0.000000 0.000000
 17 3.115506 -0.886041 -0.021430 -0.159648 -0.067883 0.225232
 18 2.011150 0.000000 -0.000000 0.000000 0.000000 0.359107
 19 2.141380 0.000001 0.000000 0.000000 0.000000 0.000000
 20 1.734172 -0.000000 -0.000000 -0.000000 -0.000000 0.180384
 21 0.000006 -4.440594 -0.000001 1.570544 -0.062990 -0.195737
 22 6.000000 -0.000000 0.000001 -1.786482 -0.000000 -0.000000
 23 0.000002 -4.440601 0.000002 1.569944 -0.062987 0.004053
 24 11.375563 0.000001 0.000003 -1.708201 0.122780 -0.173046
 25 0.000000 -4.440604 0.000001 1.570144 -0.062988 0.004040
 26 10.510129 -0.000000 -0.000001 0.000000 0.000000 -2.508221
 27 -0.000000 -1.748403 5.000000 -0.000000 0.004007 1.602291
 28 5.499999 0.000001 -0.000000 -0.316569 0.000000 -0.000000
 29 -0.000002 -1.940599 5.000001 -0.044472 0.004003 -0.000180
 30 6.551491 0.000002 -0.000000 0.594228 0.616320 -0.006997
 31 0.000000 -1.940596 5.000001 -0.027189 -0.053376 0.005295
 32 6.551491 0.000002 -0.000000 0.261284 0.283064 -0.051123
 33 -0.000001 -1.940598 4.999997 -0.066572 -0.152786 -0.110311
 34 0.112818 -0.846658 -1.505576 1.163610 1.384120 -2.305011
 35 6.384777 -0.000000 0.000003 -0.559957 -0.182790 -0.554747
 36 10.242682 -0.000001 0.000001 -0.000000 0.000000 -1.758101
 37 11.375561 0.000002 0.000000 2.056365 0.084695 -0.335930
 38 0.728682 0.023430 1.008290 -1.579583 -0.319038 0.212973
 39 2.136497 0.000001 -0.000001 -0.000000 0.000000 1.282817
 40 2.313136 -0.000000 0.000000 0.000000 0.000000 3.141593
 41 3.115507 -0.886042 0.021430 0.420766 0.316066 0.167178
 42 2.011149 0.000000 0.000000 0.000000 0.000000 2.082010
 43 2.141380 -0.000000 -0.000000 0.000000 0.000000 3.141593
 44 1.734171 -0.000001 0.000001 0.000000 0.000000 1.041748
 45 0.136315 -3.738193 2.525891 1.493698 2.759406 -1.474501
 46 10.273803 -0.437103 1.198992 1.793563 0.004868 1.507198
 47 11.389363 -0.000819 0.158781 1.815955 0.023177 -0.192272
 48 -0.000000 -4.440599 0.000002 1.570144 -3.078602 0.004040
 49 5.999998 0.000001 -0.000000 1.815955 -0.000000 0.000000
 50 0.000002 -4.440602 0.000002 1.569944 -3.078603 0.004053
 51 10.510132 -0.000002 0.000002 -0.000000 0.000000 -2.449847
 52 0.000000 -1.748402 -5.000001 -3.141593 0.004007 -1.539299
 53 5.500001 -0.000002 0.000001 0.186264 -0.000000 -0.000000
 54 -0.000000 -0.000000 -5.000000 -0.044472 3.137589 -0.000177
 55 6.551490 -0.000000 0.000002 -0.186264 -0.017478 -0.229395
 56 -1.266844 -1.937441 -4.950561 -0.066572 -2.988806 -0.110308
 57 6.551491 -0.000000 0.000002 -0.186264 -0.017478 -0.229395
 58 0.699370 -1.944206 -5.006847 -0.027189 -3.088217 0.005298
 59 4.226145 -0.003202 0.000000 0.255864 0.057869 0.188915
 60 -0.000001 5.000002 -0.000000 -0.153564 0.000087 2.718702
 61 0.000004 -0.000004 -3.713580 0.018865 -3.096651 -0.324845
 62 -0.000002 0.000000 5.000000 3.053198 1.558589 -0.074926
 63 -0.000007 0.000006 3.713580 -0.159276 -2.977491 -0.403653
 64 0.000001 -0.000000 -5.000000 -0.088724 1.558589 3.066337
 65 7.363602 1.646647 0.495663 3.141593 -1.570796 0.000000
 66 -0.000005 0.000007 3.619081 -0.217558 -2.796588 -0.810634
 67 16.573919 -0.000001 0.000000 0.000000 0.000000 -2.033247
 68 15.128181 0.000002 -0.000000 0.271612 0.009043 -0.097069
 69 5.758665 4.244730 0.000000 0.000000 -0.000000 1.842220
 70 3.177726 -0.000001 -0.000001 0.000000 0.000000 3.141593
 71 15.708953 0.000001 -0.000001 0.136460 0.001254 -0.052592
 72 0.275149 0.189214 -3.445208 3.130898 0.000409 -1.514604
 73 17.210194 -0.000002 0.000000 -0.000000 -0.000000 -2.328678
 74 -0.000000 0.000001 -4.999999 -0.079432 1.546568 -1.570855
 75 0.000002 -0.000003 -3.619081 0.034416 -3.071533 -0.493407
 76 16.573921 -0.000000 0.000000 0.000000 0.000000 -1.045581
 77 15.128181 0.000002 0.000000 0.002618 -0.051986 0.588317
 78 5.758665 4.244731 -0.000000 -0.000000 0.000000 1.815142
 79 4.003934 0.000000 0.000000 0.000000 0.000000 0.000000
 80 15.708955 0.000001 0.000000 0.004296 -0.037430 0.405337
 81 0.273998 0.191090 3.439762 -3.130907 -0.000437 -1.508107
 82 17.210194 0.000000 0.000000 -0.000000 -0.000000 -1.884228
 83 0.000000 -0.000001 5.000000 -0.079311 1.595025 -1.570737
time 38
  0 -0.650000 0.000000 33.899605 -0.025849 0.174554 -1.569172
  1 5.816420 0.852483 -32.971565 -0.174512 -0.026131 1.569196
  2 -2.276935 0.000003 -1.238188 -1.570795 -1.570451 0.000000
  3 1.797460 0.711836 0.000391 -0.122424 -0.191191 0.121635
  4 4.118922 -0.003237 0.000430 -0.131720 0.037169 0.092765
  5 4.119120 -0.003213 0.000405 -0.124256 0.081408 0.149350
  6 4.118776 -0.003246 0.000426 -0.130316 0.034767 0.048847
  7 4.119429 -0.002932 -0.001802 0.536725 0.089746 0.327606
  8 4.443597 -0.000002 0.000000 0.374668 -0.134120 0.609746
  9 9.024060 0.000000 0.000001 0.000000 0.000000 0.000000
 10 -0.155297 0.885950 1.483088 1.460512 -1.302986 1.375230
 11 6.384777 0.000000 0.000001 0.909603 0.737942 -0.095169
 12 10.242681 -0.000002 0.000000 0.000000 0.000000 -1.842746
 13 11.375562 0.000002 0.000001 -1.916918 0.040981 -0.379993
 14 0.728679 0.023431 -1.008292 2.587286 -0.091201 0.333859
 15 2.136497 0.000000 -0.000000 0.000000 0.000000 -0.349066
 16 2.313139 -0.000002 0.000000 0.000000 0.000000 0.000000
 17 3.115506 -0.886041 -0.021429 -0.159463 -0.048099 0.222043
 18 2.011151 -0.000000 0.000000 0.000000 0.000000 0.371587
 19 2.141379 0.000001 0.000000 0.000000 0.000000 0.000000
 20 1.734172 0.000001 -0.000001 0.000000 -0.000000 0.186628
 21 0.000005 -4.440593 -0.000001 1.570544 -0.062990 -0.195737
 22 6.000000 -0.000000 0.000000 -1.832059 -0.000000 -0.000000
 23 0.000004 -4.440601 0.000002 1.569944 -0.062987 0.004053
 24 11.375562 0.000002 0.000003 -1.742362 0.040630 -0.207982
 25 -0.000000 -4.440604 -0.000000 1.570144 -0.062988 0.004040
 26 10.510130 -0.000003 -0.000001 0.000000 -0.000000 -2.492169
 27 -0.000000 -1.748404 5.000000 0.000000 0.004007 1.602290
 28 5.500000 -0.000002 -0.000000 -0.302714 -0.000000 -0.000000
 29 -0.000000 -1.940597 5.000001 -0.044472 0.004003 -0.000180
 30 6.551492 0.000001 0.000003 0.542440 0.577976 -0.148213
 31 0.000001 -1.940600 5.000000 -0.027189 -0.053376 0.005295
 32 6.551492 0.000001 0.000003 0.252095 0.257969 -0.106785
 33 -0.000000 -1.940599 4.999997 -0.066572 -0.152786 -0.110311
 34 0.155295 -0.878874 -1.483089 1.268030 1.371642 -2.169488
 35 6.384777 0.000002 0.000001 -0.587482 -0.208509 -0.531260
 36 10.242683 0.000000 0.000002 0.000000 -0.000000 -1.764900
 37 11.375563 0.000001 0.000000 2.057140 0.080608 -0.331839
 38 0.728680 0.023431 1.008293 -1.579583 -0.319038 0.212973
 39 2.136497 0.000001 -0.000001 0.000000 0.000000 1.282817
 40 2.313141 0.000001 0.000000 0.000000 0.000000 3.141593
 41 3.115507 -0.886041 0.021430 0.420766 0.316066 0.167178
 42 2.011149 0.000000 0.000003 -0.000000 0.000000 2.082010
 43 2.141378 0.000000 -0.000000 0.000000 0.000000 3.141593
 44 1.734172 -0.000001 0.000001 0.000000 0.000000 1.041748
 45 0.136315 -3.738192 2.525891 1.493698 2.759406 -1.474501
 46 10.273805 -0.437102 1.198992 1.793563 0.004868 1.507198
 47 11.389368 -0.000818 0.158782 1.816202 0.021221 -0.189974
 48 -0.000000 -4.440599 0.000002 1.570144 -3.078602 0.004040
 49 6.000000 0.000000 -0.000000 1.816202 0.000000 0.000000
 50 0.000002 -4.440602 0.000001 1.569944 -3.078603 0.004053
 51 10.510132 0.000002 0.000002 -0.000000 -0.000000 -2.453246
 52 0.000001 -1.748403 -5.000001 3.141593 0.004007 -1.539299
 53 5.500000 0.000001 0.000001 0.193976 0.000000 0.000000
 54 -0.000001 0.000001 -5.000001 -0.044472 3.137589 -0.000177
 55 6.551491 0.000001 0.000002 -0.193976 -0.025982 -0.225761
 56 -1.266844 -1.937445 -4.950560 -0.066572 -2.988806 -0.110308
 57 6.551492 0.000001 0.000002 -0.193976 -0.025982 -0.225761
 58 0.699371 -1.944210 -5.006845 -0.027189 -3.088217 0.005298
 59 4.226146 -0.003201 -0.000000 0.266609 0.070395 0.174407
 60 0.000001 5.000002 0.000001 -0.153564 0.000087 2.718702
 61 0.000004 -0.000004 -3.713580 0.018865 -3.096651 -0.324845
 62 -0.000002 0.000000 5.000000 3.053198 1.558589 -0.074926
 63 -0.000007 0.000006 3.713580 -0.159276 -2.977491 -0.403653
 64 0.000001 -0.000000 -5.000000 -0.088724 1.558589 3.066337
 65 7.363602 1.646647 0.495663 3.141593 -1.570796 0.000000
 66 -0.000005 0.000007 3.619081 -0.217558 -2.796588 -0.810634
 67 16.573919 -0.000001 0.000000 0.000000 0.000000 -2.033247
 68 15.128181 0.000002 -0.000000 0.271612 0.009043 -0.097069
 69 5.758665 4.244730 0.000000 0.000000 -0.000000 1.842220
 70 3.177726 -0.000001 -0.000001 0.000000 0.000000 3.141593
 71 15.708953 0.000001 -0.000001 0.136460 0.001254 -0.052592
 72 0.275149 0.189214 -3.445208 3.130898 0.000409 -1.514604
 73 17.210194 -0.000002 0.000000 -0.000000 -0.000000 -2.328678
 74 -0.000000 0.000001 -4.999999 -0.079432 1.546568 -1.570855
 75 0.000002 -0.000003 -3.619081 0.034416 -3.071533 -0.493407
 76 16.573921 -0.000000 0.000000 0.000000 0.000000 -1.045581
 77 15.128181 0.000002 0.000000 0.002618 -0.051986 0.588317
 78 5.758665 4.244731 -0.000000 -0.000000 0.000000 1.815142
 79 4.003934 0.000000 0.000000 0.000000 0.000000 0.000000
 80 15.708955 0.000001 0.000000 0.004296 -0.037430 0.405337
 81 0.273998 0.191090 3.439762 -3.130907 -0.000437 -1.508107
 82 17.210194 0.000000 0.000000 -0.000000 -0.000000 -1.884228
 83 0.000000 -0.000001 5.000000 -0.079311 1.595025 -1.570737
time 39
  0 -0.650000 0.000000 33.899605 -0.025849 0.174554 -1.569172
  1 5.816420 0.852483 -32.971565 -0.174512 -0.026131 1.569196
  2 -2.276935 0.000003 -1.238188 -1.570795 -1.570451 0.000000
  3 1.797402 0.711830 0.000394 -0.123369 -0.189776 0.103243
  4 4.118906 -0.003237 0.000433 -0.132576 0.035630 0.088294
  5 4.119103 -0.003216 0.000408 -0.125128 0.079260 0.144900
  6 4.118764 -0.003249 0.000428 -0.131149 0.033199 0.044377
  7 4.119252 -0.002959 -0.001825 0.546313 0.115281 0.286501
  8 4.443601 -0.000002 0.000000 0.379442 -0.119948 0.697972
  9 9.024060 -0.000001 -0.000001 0.000000 0.000000 0.000000
 10 -0.199305 0.897775 1.470692 1.495530 -1.298492 1.387989
 11 6.384777 -0.000000 -0.000001 0.914990 0.645827 -0.076917
 12 10.242682 -0.000000 -0.000001 0.000000 -0.000000 -1.939642
 13 11.375562 0.000001 0.000001 -1.920976 -0.030559 -0.497727
 14 0.728681 0.023431 -1.008290 2.587286 -0.091201 0.333859
 15 2.136496 -0.000000 0.000000 0.000000 -0.000000 -0.349066
 16 2.313139 -0.000000 -0.000001 0.000000 0.000000 0.000000
 17 3.115507 -0.886042 -0.021428 -0.159367 0.033515 0.208924
 18 2.011150 0.000001 -0.000000 -0.000000 -0.000000 0.340801
 19 2.141379 -0.000000 0.000000 0.000000 0.000000 0.000000
 20 1.734172 0.000001 0.000001 -0.000000 -0.000000 0.171221
 21 0.000005 -4.440594 0.000002 1.570544 -0.062990 -0.195737
 22 6.000000 -0.000001 0.000000 -1.837615 -0.000000 -0.000000
 23 0.000001 -4.440601 0.000000 1.569944 -0.062987 0.004053
 24 11.375562 0.000001 0.000004 -1.747672 0.008365 -0.267987
 25 -0.000001 -4.440604 -0.000001 1.570144 -0.062988 0.004040
 26 10.510131 -0.000001 -0.000001 -0.000000 0.000000 -2.540617
 27 0.000001 -1.748401 4.999999 0.000000 0.004007 1.602291
 28 5.499999 0.000002 -0.000000 -0.309776 0.000000 0.000000
 29 -0.000001 -1.940598 5.000001 -0.044472 0.004003 -0.000180
 30 6.551491 0.000000 -0.000000 0.553042 0.533735 -0.134521
 31 0.000000 -1.940600 5.000002 -0.027189 -0.053376 0.005295
 32 6.551491 0.000000 -0.000000 0.258199 0.239763 -0.099061
 33 -0.000000 -1.940600 4.999995 -0.066572 -0.152786 -0.110311
 34 0.199313 -0.890703 -1.470691 1.307141 1.360346 -2.082992
 35 6.384777 -0.000001 0.000001 -0.612083 -0.258241 -0.506887
 36 10.242683 0.000000 0.000000 -0.000000 -0.000000 -1.740928
 37 11.375560 0.000000 0.000001 2.043560 0.079365 -0.320451
 38 0.728680 0.023430 1.008293 -1.579583 -0.319038 0.212973
 39 2.136497 -0.000002 -0.000001 -0.000000 -0.000000 1.282817
 40 2.313140 0.000001 0.000001 0.000000 0.000000 3.141593
 41 3.115506 -0.886041 0.021430 0.420766 0.316066 0.167178
 42 2.011152 -0.000001 -0.000001 -0.000000 0.000000 2.082010
 43 2.141381 0.000001 0.000001 0.000000 0.000000 3.141593
 44 1.734172 -0.000001 0.000002 -0.000000 -0.000000 1.041748
 45 0.136315 -3.738190 2.525890 1.493698 2.759406 -1.474501
 46 10.273804 -0.437102 1.198991 1.793563 0.004868 1.507198
 47 11.389367 -0.000817 0.158783 1.809280 0.022063 -0.183893
 48 0.000001 -4.440598 -0.000001 1.570144 -3.078602 0.004040
 49 6.000000 0.000002 0.000001 1.809280 -0.000000 -0.000000
 50 0.000001 -4.440602 0.000000 1.569944 -3.078603 0.004053
 51 10.510132 -0.000001 0.000002 -0.000000 0.000000 -2.441260
 52 -0.000001 -1.748399 -5.000001 -3.141593 0.004007 -1.539299
 53 5.500000 0.000000 0.000000 0.200038 0.000000 -0.000000
 54 -0.000002 -0.000000 -5.000000 -0.044472 3.137590 -0.000177
 55 6.551491 -0.000001 0.000002 -0.200037 -0.043945 -0.221553
 56 -1.266843 -1.937443 -4.950560 -0.066572 -2.988806 -0.110308
 57 6.551491 -0.000001 0.000002 -0.200037 -0.043945 -0.221553
 58 0.699371 -1.944207 -5.006847 -0.027189 -3.088217 0.005298
 59 4.226146 -0.003201 0.000001 0.271159 0.081725 0.150646
 60 0.000002 5.000000 -0.000000 -0.153564 0.000087 2.718702
 61 0.000004 -0.000004 -3.713580 0.018865 -3.096651 -0.324845
 62 -0.000002 0.000000 5.000000 3.053198 1.558589 -0.074926
 63 -0.000007 0.000006 3.713580 -0.159276 -2.977491 -0.403653
 64 0.000001 -0.000000 -5.000000 -0.088724 1.558589 3.066337
 65 7.363602 1.646647 0.495663 3.141593 -1.570796 0.000000
 66 -0.000005 0.000007 3.619081 -0.217558 -2.796588 -0.810634
 67 16.573919 -0.000001 0.000000 0.000000 0.000000 -2.033247
 68 15.128181 0.000002 -0.000000 0.271612 0.009043 -0.097069
 69 5.758665 4.244730 0.000000 0.000000 -0.000000 1.842220
 70 3.177726 -0.000001 -0.000001 0.000000 0.000000 3.141593
 71 15.708953 0.000001 -0.000001 0.136460 0.001254 -0.052592
 72 0.275149 0.189214 -3.445208 3.130898 0.000409 -1.514604
 73 17.210194 -0.000002 0.000000 -0.000000 -0.000000 -2.328678
 74 -0.000000 0.000001 -4.999999 -0.079432 1.546568 -1.570855
 75 0.000002 -0.000003 -3.619081 0.034416 -3.071533 -0.493407
 76 16.573921 -0.000000 0.000000 0.000000 0.000000 -1.045581
 77 15.128181 0.000002 0.000000 0.002618 -0.051986 0.588317
 78 5.758665 4.244731 -0.000000 -0.000000 0.000000 1.815142
 79 4.003934 0.000000 0.000000 0.000000 0.000000 0.000000
 80 15.708955 0.000001 0.000000 0.004296 -0.037430 0.405337
 81 0.273998 0.191090 3.439762 -3.130907 -0.000437 -1.508107
 82 17.210194 0.000000 0.000000 -0.000000 -0.000000 -1.884228
 83 0.000000 -0.000001 5.000000 -0.079311 1.595025 -1.570737
time 40
  0 -0.650000 0.000000 33.899605 -0.025849 0.174554 -1.569172
  1 5.816420 0.852483 -32.971565 -0.174512 -0.026131 1.569196
  2 -2.276935 0.000003 -1.238188 -1.570795 -1.570451 0.000000
  3 1.797370 0.711828 0.000397 -0.124414 -0.187185 0.093287
  4 4.118893 -0.003237 0.000437 -0.133559 0.034339 0.085935
  5 4.119098 -0.003216 0.000411 -0.126108 0.077324 0.142564
  6 4.118754 -0.003249 0.000431 -0.132121 0.031869 0.042018
  7 4.119065 -0.002996 -0.001822 0.547141 0.139500 0.238154
  8 4.443598 0.000000 0.000000 0.383373 -0.109514 0.772422
  9 9.024061 0.000001 -0.000000 0.000000 0.000000 0.000000
 10 -0.240929 0.896220 1.465398 1.456665 -1.286926 1.482249
 11 6.384776 0.000001 0.000001 0.887097 0.522731 0.015910
 12 10.242682 -0.000001 0.000000 0.000000 0.000000 -2.068795
 13 11.375563 0.000000 -0.000000 -1.899314 -0.061777 -0.636713
 14 0.728681 0.023430 -1.008290 2.587286 -0.091201 0.333859
 15 2.136496 0.000001 -0.000001 0.000000 -0.000000 -0.349066
 16 2.313139 -0.000000 -0.000001 0.000000 0.000000 0.000000
 17 3.115506 -0.886041 -0.021431 -0.160976 0.144795 0.190885
 18 2.011151 0.000001 -0.000002 -0.000000 0.000000 0.310016
 19 2.141379 -0.000000 -0.000002 0.000000 0.000000 0.000000
 20 1.734172 0.000000 0.000001 0.000000 0.000000 0.155801
 21 0.000006 -4.440593 -0.000000 1.570544 -0.062990 -0.195737
 22 6.000000 0.000001 0.000000 -1.825211 -0.000000 -0.000000
 23 0.000000 -4.440600 -0.000001 1.569944 -0.062987 0.004053
 24 11.375561 0.000002 0.000003 -1.740233 -0.002339 -0.331782
 25 -0.000001 -4.440603 0.000000 1.570144 -0.062988 0.004040
 26 10.510130 -0.000003 -0.000000 -0.000000 -0.000000 -2.605194
 27 -0.000001 -1.748403 4.999999 0.000000 0.004007 1.602291
 28 5.500000 0.000000 0.000000 -0.316061 0.000000 -0.000000
 29 -0.000002 -1.940595 5.000000 -0.044472 0.004003 -0.000180
 30 6.551490 0.000000 0.000000 0.568716 0.486744 -0.049654
 31 -0.000001 -1.940596 5.000002 -0.027189 -0.053376 0.005295
 32 6.551490 0.000000 0.000000 0.263158 0.225633 -0.058776
 33 -0.000001 -1.940598 4.999997 -0.066572 -0.152786 -0.110311
 34 0.240934 -0.889144 -1.465397 1.304813 1.352199 -2.031711
 35 6.384775 0.000001 0.000001 -0.623839 -0.315949 -0.486606
 36 10.242682 -0.000000 0.000002 -0.000000 0.000000 -1.699288
 37 11.375562 0.000001 -0.000000 2.024353 0.077487 -0.304604
 38 0.728681 0.023430 1.008292 -1.579583 -0.319038 0.212973
 39 2.136497 -0.000002 -0.000000 -0.000000 0.000000 1.282817
 40 2.313140 0.000001 -0.000000 0.000000 0.000000 3.141593
 41 3.115507 -0.886042 0.021429 0.420766 0.316066 0.167178
 42 2.011153 -0.000001 -0.000001 -0.000000 -0.000000 2.082010
 43 2.141380 0.000001 0.000001 0.000000 0.000000 3.141593
 44 1.734172 -0.000000 0.000001 0.000000 -0.000000 1.041748
 45 0.136315 -3.738192 2.525890 1.493698 2.759406 -1.474501
 46 10.273806 -0.437103 1.198989 1.793563 0.004868 1.507198
 47 11.389368 -0.000817 0.158781 1.799505 0.023085 -0.175370
 48 -0.000000 -4.440599 0.000002 1.570144 -3.078602 0.004040
 49 6.000003 0.000003 0.000000 1.799505 -0.000000 0.000000
 50 0.000002 -4.440602 0.000000 1.569944 -3.078603 0.004053
 51 10.510131 0.000000 0.000002 -0.000000 -0.000000 -2.420440
 52 -0.000000 -1.748397 -5.000001 -3.141593 0.004007 -1.539299
 53 5.500000 0.000001 0.000001 0.201540 0.000000 -0.000000
 54 -0.000000 -0.000001 -4.999999 -0.044472 3.137590 -0.000177
 55 6.551490 0.000001 -0.000000 -0.201540 -0.066645 -0.216979
 56 -1.266844 -1.937443 -4.950560 -0.066572 -2.988806 -0.110308
 57 6.551490 0.000001 -0.000000 -0.201540 -0.066645 -0.216979
 58 0.699371 -1.944208 -5.006845 -0.027189 -3.088217 0.005298
 59 4.226145 -0.003201 0.000000 0.271637 0.091595 0.122691
 60 0.000002 5.000001 -0.000000 -0.153564 0.000087 2.718702
 61 0.000004 -0.000004 -3.713580 0.018865 -3.096651 -0.324845
 62 -0.000002 0.000000 5.000000 3.053198 1.558589 -0.074926
 63 -0.000007 0.000006 3.713580 -0.159276 -2.977491 -0.403653
 64 0.000001 -0.000000 -5.000000 -0.088724 1.558589 3.066337
 65 7.363602 1.646647 0.495663 3.141593 -1.570796 0.000000
 66 -0.000005 0.000007 3.619081 -0.217558 -2.796588 -0.810634
 67 16.573919 -0.000001 0.000000 0.000000 0.000000 -2.033247
 68 15.128181 0.000002 -0.000000 0.271612 0.009043 -0.097069
 69 5.758665 4.244730 0.000000 0.000000 -0.000000 1.842220
 70 3.177726 -0.000001 -0.000001 0.000000 0.000000 3.141593
 71 15.708953 0.000001 -0.000001 0.136460 0.001254 -0.052592
 72 0.275149 0.189214 -3.445208 3.130898 0.000409 -1.514604
 73 17.210194 -0.000002 0.000000 -0.000000 -0.000000 -2.328678
 74 -0.000000 0.000001 -4.999999 -0.079432 1.546568 -1.570855
 75 0.000002 -0.000003 -3.619081 0.034416 -3.071533 -0.493407
 76 16.573921 -0.000000 0.000000 0.000000 0.000000 -1.045581
 77 15.128181 0.000002 0.000000 0.002618 -0.051986 0.588317
 78 5.758665 4.244731 -0.000000 -0.000000 0.000000 1.815142
 79 4.003934 0.000000 0.000000 0.000000 0.000000 0.000000
 80 15.708955 0.000001 0.000000 0.004296 -0.037430 0.405337
 81 0.273998 0.191090 3.439762 -3.130907 -0.000437 -1.508107
 82 17.210194 0.000000 0.000000 -0.000000 -0.000000 -1.884228
 83 0.000000 -0.000001 5.000000 -0.079311 1.595025 -1.570737
time 41
  0 -0.650000 0.000000 33.899605 -0.025849 0.174554 -1.569172
  1 5.816420 0.852483 -32.971565 -0.174512 -0.026131 1.569196
  2 -2.276935 0.000003 -1.238188 -1.570795 -1.570451 0.000000
  3 1.797367 0.711829 0.000402 -0.125619 -0.182946 0.092258
  4 4.118896 -0.003237 0.000440 -0.134761 0.033218 0.085824
  5 4.119096 -0.003216 0.000415 -0.127289 0.075451 0.142481
  6 4.118752 -0.003247 0.000436 -0.133327 0.030696 0.041908
  7 4.118899 -0.003028 -0.001809 0.544263 0.160242 0.192852
  8 4.443599 0.000000 -0.000000 0.375480 -0.104547 0.818524
  9 9.024060 0.000002 -0.000001 0.000000 0.000000 0.000000
 10 -0.276471 0.889223 1.463369 1.422237 -1.275707 1.567706
 11 6.384776 -0.000000 -0.000001 0.826951 0.465007 0.048201
 12 10.242682 -0.000004 -0.000001 -0.000000 0.000000 -2.105381
 13 11.375560 0.000001 -0.000001 -1.912623 -0.068996 -0.683756
 14 0.728680 0.023431 -1.008291 2.587287 -0.091201 0.333859
 15 2.136496 -0.000002 0.000002 0.000000 -0.000000 -0.349066
 16 2.313139 -0.000000 0.000001 0.000000 0.000000 0.000000
 17 3.115506 -0.886041 -0.021433 -0.163207 0.218957 0.178557
 18 2.011151 0.000001 -0.000002 0.000000 0.000000 0.371587
 19 2.141379 0.000000 0.000001 0.000000 0.000000 0.000000
 20 1.734172 0.000001 -0.000001 -0.000000 0.000000 0.186628
 21 0.000006 -4.440593 -0.000000 1.570544 -0.062990 -0.195737
 22 6.000000 0.000000 -0.000001 -1.837313 0.000000 -0.000000
 23 0.000001 -4.440601 0.000001 1.569944 -0.062987 0.004053
 24 11.375561 0.000001 0.000002 -1.748264 -0.002294 -0.352870
 25 -0.000001 -4.440603 -0.000003 1.570144 -0.062988 0.004040
 26 10.510129 -0.000002 -0.000001 0.000000 -0.000000 -2.623487
 27 -0.000000 -1.748399 4.999999 0.000000 0.004007 1.602291
 28 5.500000 -0.000003 -0.000001 -0.306750 -0.000000 0.000000
 29 -0.000002 -1.940595 5.000000 -0.044472 0.004003 -0.000180
 30 6.551491 0.000000 0.000000 0.550689 0.454818 -0.012608
 31 -0.000000 -1.940600 5.000001 -0.027189 -0.053376 0.005295
 32 6.551491 0.000000 0.000000 0.255661 0.215087 -0.038371
 33 -0.000000 -1.940600 4.999993 -0.066572 -0.152786 -0.110311
 34 0.276471 -0.882144 -1.463370 1.289710 1.346319 -1.997393
 35 6.384777 -0.000002 0.000005 -0.622274 -0.359867 -0.476002
 36 10.242681 -0.000000 0.000000 -0.000000 0.000000 -1.661554
 37 11.375563 0.000001 0.000000 2.007050 0.077837 -0.289089
 38 0.728680 0.023430 1.008294 -1.579583 -0.319038 0.212973
 39 2.136497 0.000003 -0.000001 -0.000000 0.000000 1.282817
 40 2.313139 0.000000 0.000000 0.000000 0.000000 3.141593
 41 3.115506 -0.886042 0.021433 0.420766 0.316066 0.167178
 42 2.011151 -0.000000 0.000000 -0.000000 0.000000 2.082010
 43 2.141380 -0.000000 0.000000 0.000000 0.000000 3.141593
 44 1.734172 -0.000001 -0.000000 0.000000 0.000000 1.041748
 45 0.136315 -3.738194 2.525889 1.493698 2.759406 -1.474501
 46 10.273804 -0.437103 1.198993 1.793563 0.004868 1.507198
 47 11.389368 -0.000819 0.158781 1.790744 0.025133 -0.167088
 48 0.000000 -4.440600 -0.000000 1.570144 -3.078602 0.004040
 49 6.000001 0.000001 0.000000 1.790744 -0.000000 0.000000
 50 0.000003 -4.440602 -0.000000 1.569944 -3.078603 0.004053
 51 10.510132 -0.000001 0.000002 -0.000000 -0.000000 -2.401573
 52 -0.000000 -1.748399 -5.000002 3.141593 0.004007 -1.539299
 53 5.500000 -0.000001 0.000000 0.199469 -0.000000 -0.000000
 54 -0.000001 0.000001 -5.000000 -0.044472 3.137590 -0.000177
 55 6.551491 0.000000 0.000001 -0.199469 -0.084908 -0.213514
 56 -1.266844 -1.937443 -4.950561 -0.066572 -2.988806 -0.110308
 57 6.551491 0.000000 0.000001 -0.199469 -0.084908 -0.213514
 58 0.699370 -1.944208 -5.006847 -0.027189 -3.088217 0.005298
 59 4.226146 -0.003201 -0.000000 0.270414 0.099735 0.096187
 60 0.000002 5.000000 -0.000000 -0.153564 0.000087 2.718702
 61 0.000004 -0.000004 -3.713580 0.018865 -3.096651 -0.324845
 62 -0.000002 0.000000 5.000000 3.053198 1.558589 -0.074926
 63 -0.000007 0.000006 3.713580 -0.159276 -2.977491 -0.403653
 64 0.000001 -0.000000 -5.000000 -0.088724 1.558589 3.066337
 65 7.363602 1.646647 0.495663 3.141593 -1.570796 0.000000
 66 -0.000005 0.000007 3.619081 -0.217558 -2.796588 -0.810634
 67 16.573919 -0.000001 0.000000 0.000000 0.000000 -2.033247
 68 15.128181 0.000002 -0.000000 0.271612 0.009043 -0.097069
 69 5.758665 4.244730 0.000000 0.000000 -0.000000 1.842220
 70 3.177726 -0.000001 -0.000001 0.000000 0.000000 3.141593
 71 15.708953 0.000001 -0.000001 0.136460 0.001254 -0.052592
 72 0.275149 0.189214 -3.445208 3.130898 0.000409 -1.514604
 73 17.210194 -0.000002 0.000000 -0.000000 -0.000000 -2.328678
 74 -0.000000 0.000001 -4.999999 -0.079432 1.546568 -1.570855
 75 0.000002 -0.000003 -3.619081 0.034416 -3.071533 -0.493407
 76 16.573921 -0.000000 0.000000 0.000000 0.000000 -1.045581
 77 15.128181 0.000002 0.000000 0.002618 -0.051986 0.588317
 78 5.758665 4.244731 -0.000000 -0.000000 0.000000 1.815142
 79 4.003934 0.000000 0.000000 0.000000 0.000000 0.000000
 80 15.708955 0.000001 0.000000 0.004296 -0.037430 0.405337
 81 0.273998 0.191090 3.439762 -3.130907 -0.000437 -1.508107
 82 17.210194 0.000000 0.000000 -0.000000 -0.000000 -1.884228
 83 0.000000 -0.000001 5.000000 -0.079311 1.595025 -1.570737
time 42
  0 -0.650000 0.000000 33.899605 -0.025849 0.174554 -1.569172
  1 5.816420 0.852483 -32.971565 -0.174512 -0.026131 1.569196
  2 -2.276935 0.000003 -1.238188 -1.570795 -1.570451 0.000000
  3 1.797386 0.711831 0.000406 -0.126922 -0.177109 0.097570
  4 4.118901 -0.003236 0.000445 -0.136155 0.032113 0.087330
  5 4.119098 -0.003214 0.000420 -0.128648 0.073442 0.144024
  6 4.118756 -0.003248 0.000440 -0.134736 0.029526 0.043416
  7 4.118770 -0.003039 -0.001800 0.543364 0.175834 0.161244
  8 4.443599 -0.000002 -0.000000 0.344985 -0.103847 0.826324
  9 9.024060 -0.000001 0.000001 0.000000 0.000000 0.000000
 10 -0.303102 0.885568 1.460298 1.425136 -1.269614 1.599976
 11 6.384777 0.000000 0.000002 0.775839 0.485400 -0.014087
 12 10.242682 0.000002 0.000001 0.000000 0.000000 -2.031739
 13 11.375560 0.000000 -0.000001 -1.993490 -0.075813 -0.600504
 14 0.728680 0.023431 -1.008291 2.587287 -0.091201 0.333859
 15 2.136497 0.000000 0.000001 0.000000 0.000000 -0.349066
 16 2.313139 0.000000 0.000000 0.000000 0.000000 0.000000
 17 3.115506 -0.886041 -0.021433 -0.164031 0.240310 0.174936
 18 2.011151 0.000001 -0.000003 0.000000 -0.000000 0.575511
 19 2.141380 0.000000 -0.000000 0.000000 0.000000 0.000000
 20 1.734172 0.000001 -0.000001 0.000000 0.000000 0.288377
 21 0.000005 -4.440594 -0.000000 1.570544 -0.062990 -0.195737
 22 6.000000 0.000000 -0.000001 -1.897099 -0.000000 0.000000
 23 0.000001 -4.440600 0.000001 1.569944 -0.062987 0.004053
 24 11.375561 0.000001 0.000002 -1.787796 -0.003606 -0.317494
 25 0.000000 -4.440603 -0.000000 1.570144 -0.062988 0.004040
 26 10.510131 0.000000 -0.000000 0.000000 -0.000000 -2.586665
 27 -0.000000 -1.748399 4.999999 0.000000 0.004007 1.602291
 28 5.500000 0.000002 0.000001 -0.284045 -0.000000 -0.000000
 29 -0.000001 -1.940599 5.000000 -0.044472 0.004003 -0.000180
 30 6.551491 -0.000000 0.000001 0.501550 0.458441 -0.079310
 31 0.000001 -1.940600 4.999999 -0.027189 -0.053376 0.005295
 32 6.551491 -0.000000 0.000001 0.237672 0.213668 -0.066625
 33 0.000000 -1.940600 4.999996 -0.066572 -0.152786 -0.110311
 34 0.303109 -0.878494 -1.460298 1.286166 1.341185 -1.966111
 35 6.384777 -0.000000 -0.000000 -0.614107 -0.371851 -0.475224
 36 10.242683 -0.000003 0.000001 -0.000000 -0.000000 -1.651966
 37 11.375562 0.000002 0.000000 1.999255 0.082902 -0.278768
 38 0.728681 0.023431 1.008291 -1.579583 -0.319038 0.212973
 39 2.136496 0.000001 0.000000 -0.000000 0.000000 1.282817
 40 2.313139 0.000000 -0.000000 0.000000 0.000000 3.141593
 41 3.115507 -0.886040 0.021430 0.420765 0.316066 0.167178
 42 2.011149 0.000000 0.000001 0.000000 0.000000 2.082010
 43 2.141379 0.000001 0.000001 0.000000 0.000000 3.141593
 44 1.734172 -0.000001 -0.000001 -0.000000 0.000000 1.041748
 45 0.136316 -3.738193 2.525889 1.493698 2.759406 -1.474501
 46 10.273803 -0.437101 1.198992 1.793563 0.004868 1.507198
 47 11.389365 -0.000819 0.158781 1.786868 0.028967 -0.161807
 48 0.000001 -4.440599 0.000001 1.570144 -3.078602 0.004040
 49 6.000000 0.000002 -0.000000 1.786868 -0.000000 -0.000000
 50 0.000002 -4.440602 -0.000000 1.569944 -3.078603 0.004053
 51 10.510132 -0.000002 0.000001 0.000000 -0.000000 -2.396779
 52 -0.000000 -1.748398 -5.000001 3.141593 0.004007 -1.539299
 53 5.500000 -0.000002 0.000001 0.196675 0.000000 0.000000
 54 0.000001 0.000001 -4.999999 -0.044472 3.137589 -0.000177
 55 6.551491 -0.000000 -0.000000 -0.196675 -0.090527 -0.212671
 56 -1.266844 -1.937443 -4.950561 -0.066572 -2.988806 -0.110308
 57 6.551491 -0.000000 -0.000001 -0.196675 -0.090527 -0.212671
 58 0.699371 -1.944208 -5.006847 -0.027189 -3.088217 0.005298
 59 4.226145 -0.003201 0.000000 0.270115 0.106053 0.077304
 60 -0.000002 5.000002 0.000001 -0.153564 0.000087 2.718702
 61 0.000004 -0.000004 -3.713580 0.018865 -3.096651 -0.324845
 62 -0.000002 0.000000 5.000000 3.053198 1.558589 -0.074926
 63 -0.000007 0.000006 3.713580 -0.159276 -2.977491 -0.403653
 64 0.000001 -0.000000 -5.000000 -0.088724 1.558589 3.066337
 65 7.363602 1.646647 0.495663 3.141593 -1.570796 0.000000
 66 -0.000005 0.000007 3.619081 -0.217558 -2.796588 -0.810634
 67 16.573919 -0.000001 0.000000 0.000000 0.000000 -2.033247
 68 15.128181 0.000002 -0.000000 0.271612 0.009043 -0.097069
 69 5.758665 4.244730 0.000000 0.000000 -0.000000 1.842220
 70 3.177726 -0.000001 -0.000001 0.000000 0.000000 3.141593
 71 15.708953 0.000001 -0.000001 0.136460 0.001254 -0.052592
 72 0.275149 0.189214 -3.445208 3.130898 0.000409 -1.514604
 73 17.210194 -0.000002 0.000000 -0.000000 -0.000000 -2.328678
 74 -0.000000 0.000001 -4.999999 -0.079432 1.546568 -1.570855
 75 0.000002 -0.000003 -3.619081 0.034416 -3.071533 -0.493407
 76 16.573921 -0.000000 0.000000 0.000000 0.000000 -1.045581
 77 15.128181 0.000002 0.000000 0.002618 -0.051986 0.588317
 78 5.758665 4.244731 -0.000000 -0.000000 0.000000 1.815142
 79 4.003934 0.000000 0.000000 0.000000 0.000000 0.000000
 80 15.708955 0.000001 0.000000 0.004296 -0.037430 0.405337
 81 0.273998 0.191090 3.439762 -3.130907 -0.000437 -1.508107
 82 17.210194 0.000000 0.000000 -0.000000 -0.000000 -1.884228
 83 0.000000 -0.000001 5.000000 -0.079311 1.595025 -1.570737
time 43
  0 -0.650000 0.000000 33.899605 -0.025849 0.174554 -1.569172
  1 5.816420 0.852483 -32.971565 -0.174512 -0.026131 1.569196
  2 -2.276935 0.000003 -1.238188 -1.570795 -1.570451 0.000000
  3 1.797418 0.711834 0.000411 -0.128182 -0.170177 0.107531
  4 4.118913 -0.003235 0.000449 -0.137635 0.031041 0.090026
  5 4.119105 -0.003212 0.000425 -0.130086 0.071366 0.146765
  6 4.118767 -0.003245 0.000446 -0.136238 0.028383 0.046114
  7 4.118755 -0.003035 -0.001813 0.548178 0.180845 0.159597
  8 4.443596 -0.000000 0.000000 0.268139 -0.108589 0.767537
  9 9.024060 -0.000002 -0.000000 0.000000 0.000000 0.000000
 10 -0.311649 0.891786 1.454721 1.425390 -1.265062 1.602699
 11 6.384777 0.000000 0.000000 0.723530 0.526754 -0.113522
 12 10.242682 -0.000002 -0.000000 0.000000 0.000000 -1.910680
 13 11.375562 0.000001 0.000001 -2.111661 -0.069755 -0.454255
 14 0.728681 0.023431 -1.008292 2.587286 -0.091201 0.333859
 15 2.136496 0.000001 -0.000002 -0.000000 -0.000000 -0.349066
 16 2.313139 0.000001 -0.000000 0.000000 0.000000 0.000000
 17 3.115506 -0.886041 -0.021432 -0.164140 0.242979 0.174481
 18 2.011151 -0.000001 0.000001 -0.000000 0.000000 0.861449
 19 2.141380 0.000001 0.000001 0.000000 0.000000 0.000000
 20 1.734172 0.000001 -0.000000 0.000000 -0.000000 0.430475
 21 0.000005 -4.440594 0.000000 1.570544 -0.062990 -0.195737
 22 6.000000 0.000001 0.000000 -1.983636 -0.000000 -0.000000
 23 0.000001 -4.440601 0.000001 1.569944 -0.062987 0.004053
 24 11.375561 0.000002 0.000002 -1.844453 -0.002478 -0.250925
 25 -0.000001 -4.440603 -0.000000 1.570144 -0.062988 0.004040
 26 10.510131 -0.000002 -0.000000 -0.000000 -0.000000 -2.526136
 27 -0.000001 -1.748400 4.999998 0.000000 0.004007 1.602290
 28 5.499999 -0.000000 0.000000 -0.258367 -0.000000 -0.000000
 29 -0.000001 -1.940599 5.000001 -0.044472 0.004003 -0.000180
 30 6.551491 -0.000001 -0.000002 0.445147 0.461216 -0.172138
 31 0.000001 -1.940598 5.000000 -0.027189 -0.053376 0.005295
 32 6.551491 -0.000001 -0.000002 0.217281 0.210903 -0.106579
 33 -0.000000 -1.940598 4.999996 -0.066572 -0.152786 -0.110311
 34 0.311649 -0.884710 -1.454720 1.308403 1.337732 -1.940481
 35 6.384776 0.000001 -0.000000 -0.602953 -0.355113 -0.481110
 36 10.242682 0.000001 -0.000001 -0.000000 0.000000 -1.669395
 37 11.375562 0.000001 -0.000000 2.000694 0.092522 -0.273064
 38 0.728680 0.023431 1.008294 -1.579583 -0.319038 0.212973
 39 2.136497 -0.000000 -0.000001 -0.000000 0.000000 1.282817
 40 2.313141 0.000001 -0.000000 0.000000 0.000000 3.141593
 41 3.115506 -0.886041 0.021431 0.420766 0.316066 0.167178
 42 2.011149 0.000001 0.000002 0.000000 -0.000000 2.082010
 43 2.141379 -0.000000 -0.000001 0.000000 0.000000 3.141593
 44 1.734172 -0.000001 0.000001 -0.000000 0.000000 1.041748
 45 0.136314 -3.738193 2.525891 1.493698 2.759406 -1.474501
 46 10.273805 -0.437103 1.198991 1.793563 0.004868 1.507198
 47 11.389365 -0.000820 0.158780 1.787717 0.034617 -0.159252
 48 -0.000000 -4.440600 0.000000 1.570144 -3.078602 0.004040
 49 6.000000 0.000000 -0.000001 1.787717 -0.000000 -0.000000
 50 0.000001 -4.440603 0.000001 1.569944 -3.078602 0.004053
 51 10.510131 0.000000 0.000001 0.000000 -0.000000 -2.405494
 52 -0.000000 -1.748397 -5.000000 3.141593 0.004007 -1.539299
 53 5.500000 -0.000001 0.000000 0.193992 0.000000 -0.000000
 54 -0.000003 -0.000000 -5.000001 -0.044472 3.137589 -0.000177
 55 6.551491 0.000001 0.000001 -0.193992 -0.084672 -0.214152
 56 -1.266843 -1.937444 -4.950560 -0.066572 -2.988806 -0.110308
 57 6.551491 0.000001 0.000001 -0.193992 -0.084672 -0.214152
 58 0.699370 -1.944208 -5.006846 -0.027189 -3.088217 0.005298
 59 4.226144 -0.003202 0.000000 0.272393 0.108732 0.075797
 60 0.000002 5.000000 -0.000000 -0.153564 0.000087 2.718702
 61 0.000004 -0.000004 -3.713580 0.018865 -3.096651 -0.324845
 62 -0.000002 0.000000 5.000000 3.053198 1.558589 -0.074926
 63 -0.000007 0.000006 3.713580 -0.159276 -2.977491 -0.403653
 64 0.000001 -0.000000 -5.000000 -0.088724 1.558589 3.066337
 65 7.363602 1.646647 0.495663 3.141593 -1.570796 0.000000
 66 -0.000005 0.000007 3.619081 -0.217558 -2.796588 -0.810634
 67 16.573919 -0.000001 0.000000 0.000000 0.000000 -2.033247
 68 15.128181 0.000002 -0.000000 0.271612 0.009043 -0.097069
 69 5.758665 4.244730 0.000000 0.000000 -0.000000 1.842220
 70 3.177726 -0.000001 -0.000001 0.000000 0.000000 3.141593
 71 15.708953 0.000001 -0.000001 0.136460 0.001254 -0.052592
 72 0.275149 0.189214 -3.445208 3.130898 0.000409 -1.514604
 73 17.210194 -0.000002 0.000000 -0.000000 -0.000000 -2.328678
 74 -0.000000 0.000001 -4.999999 -0.079432 1.546568 -1.570855
 75 0.000002 -0.000003 -3.619081 0.034416 -3.071533 -0.493407
 76 16.573921 -0.000000 0.000000 0.000000 0.000000 -1.045581
 77 15.128181 0.000002 0.000000 0.002618 -0.051986 0.588317
 78 5.758665 4.244731 -0.000000 -0.000000 0.000000 1.815142
 79 4.003934 0.000000 0.000000 0.000000 0.000000 0.000000
 80 15.708955 0.000001 0.000000 0.004296 -0.037430 0.405337
 81 0.273998 0.191090 3.439762 -3.130907 -0.000437 -1.508107
 82 17.210194 0.000000 0.000000 -0.000000 -0.000000 -1.884228
 83 0.000000 -0.000001 5.000000 -0.079311 1.595025 -1.570737
time 44
  0 -0.650000 0.000000 33.899605 -0.025849 0.174554 -1.569172
  1 5.816420 0.852483 -32.971565 -0.174512 -0.026131 1.569196
  2 -2.276935 0.000003 -1.238188 -1.570795 -1.570451 0.000000
  3 1.797466 0.711839 0.000415 -0.129271 -0.162657 0.120454
  4 4.118917 -0.003232 0.000455 -0.139095 0.030018 0.093483
  5 4.119121 -0.003210 0.000429 -0.131502 0.069294 0.150273
  6 4.118777 -0.003245 0.000449 -0.137725 0.027289 0.049572
  7 4.118813 -0.003018 -0.001832 0.554127 0.176528 0.177969
  8 4.443597 -0.000001 -0.000000 0.155087 -0.123053 0.657315
  9 9.024060 0.000003 -0.000000 0.000000 0.000000 0.000000
 10 -0.304288 0.901123 1.450541 1.406408 -1.260309 1.602738
 11 6.384777 0.000002 0.000002 0.657561 0.577578 -0.230818
 12 10.242680 0.000001 0.000001 0.000000 -0.000000 -1.761945
 13 11.375562 0.000004 -0.000000 -2.226038 -0.029621 -0.293704
 14 0.728680 0.023432 -1.008293 2.587286 -0.091201 0.333859
 15 2.136497 0.000002 0.000000 0.000000 -0.000000 -0.349066
 16 2.313139 0.000002 0.000000 0.000000 0.000000 0.000000
 17 3.115507 -0.886041 -0.021430 -0.163817 0.234972 0.175845
 18 2.011151 -0.000001 -0.000001 0.000000 -0.000000 1.156252
 19 2.141380 0.000001 -0.000002 0.000000 0.000000 0.000000
 20 1.734173 0.000000 0.000000 0.000000 0.000000 0.577293
 21 0.000006 -4.440594 -0.000000 1.570544 -0.062990 -0.195737
 22 5.999999 0.000001 -0.000001 -2.068600 0.000000 -0.000000
 23 -0.000000 -4.440600 -0.000001 1.569944 -0.062987 0.004053
 24 11.375560 0.000001 0.000003 -1.899180 0.011382 -0.167927
 25 -0.000000 -4.440603 -0.000000 1.570144 -0.062988 0.004040
 26 10.510131 -0.000001 -0.000001 -0.000000 -0.000000 -2.451769
 27 0.000000 -1.748402 5.000000 -0.000000 0.004007 1.602290
 28 5.500000 -0.000001 0.000000 -0.233233 -0.000000 0.000000
 29 -0.000001 -1.940599 5.000000 -0.044472 0.004003 -0.000180
 30 6.551491 0.000002 0.000001 0.391121 0.460355 -0.256821
 31 -0.000000 -1.940600 5.000000 -0.027189 -0.053376 0.005295
 32 6.551491 0.000002 0.000001 0.197135 0.207654 -0.142645
 33 -0.000001 -1.940598 4.999998 -0.066572 -0.152786 -0.110311
 34 0.304290 -0.894048 -1.450541 1.335944 1.337293 -1.931348
 35 6.384777 -0.000001 0.000002 -0.588853 -0.327654 -0.490206
 36 10.242682 -0.000000 0.000001 0.000000 0.000000 -1.694155
 37 11.375559 -0.000001 -0.000001 2.005471 0.103983 -0.268506
 38 0.728681 0.023431 1.008290 -1.579583 -0.319038 0.212973
 39 2.136497 0.000001 -0.000002 -0.000000 -0.000000 1.282817
 40 2.313141 -0.000000 -0.000000 0.000000 0.000000 3.141593
 41 3.115507 -0.886042 0.021431 0.420765 0.316066 0.167178
 42 2.011150 -0.000001 0.000000 -0.000000 0.000000 2.082010
 43 2.141380 -0.000000 0.000000 0.000000 0.000000 3.141593
 44 1.734171 -0.000001 0.000001 0.000000 -0.000000 1.041748
 45 0.136314 -3.738194 2.525889 1.493698 2.759406 -1.474501
 46 10.273805 -0.437104 1.198991 1.793563 0.004868 1.507198
 47 11.389368 -0.000819 0.158781 1.790257 0.041078 -0.157424
 48 0.000001 -4.440600 -0.000000 1.570144 -3.078602 0.004040
 49 6.000001 -0.000001 -0.000000 1.790257 -0.000000 -0.000000
 50 0.000002 -4.440601 0.000001 1.569944 -3.078603 0.004053
 51 10.510133 0.000001 0.000001 -0.000000 0.000000 -2.417874
 52 -0.000001 -1.748403 -5.000002 3.141593 0.004007 -1.539299
 53 5.500001 -0.000000 0.000001 0.190753 0.000000 0.000000
 54 -0.000001 0.000001 -5.000002 -0.044472 3.137590 -0.000177
 55 6.551491 -0.000001 0.000002 -0.190753 -0.074699 -0.216474
 56 -1.266843 -1.937445 -4.950558 -0.066572 -2.988806 -0.110308
 57 6.551492 -0.000002 0.000002 -0.190753 -0.074699 -0.216474
 58 0.699371 -1.944209 -5.006845 -0.027189 -3.088217 0.005298
 59 4.226147 -0.003201 -0.000001 0.275116 0.107737 0.086217
 60 -0.000001 5.000000 -0.000000 -0.153564 0.000087 2.718702
 61 0.000004 -0.000004 -3.713580 0.018865 -3.096651 -0.324845
 62 -0.000002 0.000000 5.000000 3.053198 1.558589 -0.074926
 63 -0.000007 0.000006 3.713580 -0.159276 -2.977491 -0.403653
 64 0.000001 -0.000000 -5.000000 -0.088724 1.558589 3.066337
 65 7.363602 1.646647 0.495663 3.141593 -1.570796 0.000000
 66 -0.000005 0.000007 3.619081 -0.217558 -2.796588 -0.810634
 67 16.573919 -0.000001 0.000000 0.000000 0.000000 -2.033247
 68 15.128181 0.000002 -0.000000 0.271612 0.009043 -0.097069
 69 5.758665 4.244730 0.000000 0.000000 -0.000000 1.842220
 70 3.177726 -0.000001 -0.000001 0.000000 0.000000 3.141593
 71 15.708953 0.000001 -0.000001 0.136460 0.001254 -0.052592
 72 0.275149 0.189214 -3.445208 3.130898 0.000409 -1.514604
 73 17.210194 -0.000002 0.000000 -0.000000 -0.000000 -2.328678
 74 -0.000000 0.000001 -4.999999 -0.079432 1.546568 -1.570855
 75 0.000002 -0.000003 -3.619081 0.034416 -3.071533 -0.493407
 76 16.573921 -0.000000 0.000000 0.000000 0.000000 -1.045581
 77 15.128181 0.000002 0.000000 0.002618 -0.051986 0.588317
 78 5.758665 4.244731 -0.000000 -0.000000 0.000000 1.815142
 79 4.003934 0.000000 0.000000 0.000000 0.000000 0.000000
 80 15.708955 0.000001 0.000000 0.004296 -0.037430 0.405337
 81 0.273998 0.191090 3.439762 -3.130907 -0.000437 -1.508107
 82 17.210194 0.000000 0.000000 -0.000000 -0.000000 -1.884228
 83 0.000000 -0.000001 5.000000 -0.079311 1.595025 -1.570737
time 45
  0 -0.650000 0.000000 33.899605 -0.025849 0.174554 -1.569172
  1 5.816420 0.852483 -32.971565 -0.174512 -0.026131 1.569196
  2 -2.276935 0.000003 -1.238188 -1.570795 -1.570451 0.000000
  3 1.797509 0.711845 0.000418 -0.130091 -0.155065 0.134659
  4 4.118934 -0.003232 0.000458 -0.140427 0.029058 0.097272
  5 4.119133 -0.003209 0.000433 -0.132794 0.067292 0.154117
  6 4.118787 -0.003243 0.000454 -0.139086 0.026264 0.053362
  7 4.118850 -0.003012 -0.001835 0.554624 0.171853 0.187950
  8 4.443601 -0.000001 0.000000 0.044950 -0.144576 0.550106
  9 9.024062 -0.000002 0.000000 0.000000 0.000000 0.000000
 10 -0.296304 0.902583 1.451288 1.364020 -1.251617 1.634527
 11 6.384777 -0.000000 0.000000 0.570336 0.627874 -0.346290
 12 10.242680 0.000001 0.000000 0.000000 -0.000000 -1.606621
 13 11.375563 0.000002 0.000000 -2.294968 0.043428 -0.167313
 14 0.728681 0.023431 -1.008290 2.587286 -0.091201 0.333859
 15 2.136498 -0.000000 -0.000000 0.000000 -0.000000 -0.349066
 16 2.313138 -0.000000 0.000000 0.000000 0.000000 0.000000
 17 3.115506 -0.886040 -0.021430 -0.163405 0.224295 0.177655
 18 2.011150 0.000001 -0.000002 -0.000000 -0.000000 1.386775
 19 2.141379 -0.000001 0.000001 0.000000 0.000000 0.000000
 20 1.734172 0.000001 -0.000000 0.000000 -0.000000 0.692823
 21 0.000006 -4.440594 0.000001 1.570544 -0.062990 -0.195737
 22 6.000000 -0.000001 0.000001 -2.120746 0.000000 0.000000
 23 0.000002 -4.440601 -0.000000 1.569944 -0.062987 0.004053
 24 11.375564 0.000002 0.000003 -1.932237 0.042211 -0.091501
 25 0.000001 -4.440605 0.000000 1.570144 -0.062988 0.004040
 26 10.510131 -0.000001 -0.000001 0.000000 0.000000 -2.374107
 27 0.000000 -1.748404 5.000000 0.000000 0.004007 1.602291
 28 5.499999 0.000001 -0.000000 -0.207910 -0.000000 -0.000000
 29 -0.000002 -1.940598 5.000000 -0.044472 0.004003 -0.000180
 30 6.551491 0.000001 0.000003 0.339098 0.463834 -0.319808
 31 0.000000 -1.940598 5.000001 -0.027189 -0.053376 0.005295
 32 6.551491 0.000001 0.000003 0.176605 0.208272 -0.168791
 33 0.000000 -1.940598 4.999999 -0.066572 -0.152786 -0.110311
 34 0.296313 -0.895509 -1.451288 1.338899 1.338872 -1.939292
 35 6.384776 0.000001 -0.000001 -0.573499 -0.292621 -0.499599
 36 10.242681 -0.000001 0.000000 -0.000000 0.000000 -1.724829
 37 11.375562 0.000001 0.000001 2.012690 0.116708 -0.264890
 38 0.728681 0.023430 1.008291 -1.579583 -0.319038 0.212973
 39 2.136497 -0.000000 0.000000 0.000000 0.000000 1.282817
 40 2.313142 0.000001 0.000000 0.000000 0.000000 3.141593
 41 3.115507 -0.886042 0.021432 0.420766 0.316066 0.167178
 42 2.011150 -0.000000 -0.000001 -0.000000 -0.000000 2.082010
 43 2.141380 0.000001 0.000001 0.000000 0.000000 3.141593
 44 1.734172 -0.000001 -0.000000 -0.000000 0.000000 1.041748
 45 0.136314 -3.738194 2.525890 1.493698 2.759406 -1.474501
 46 10.273804 -0.437103 1.198993 1.793563 0.004868 1.507198
 47 11.389369 -0.000817 0.158782 1.794026 0.048080 -0.156190
 48 0.000001 -4.440599 0.000001 1.570144 -3.078602 0.004040
 49 6.000000 -0.000000 -0.000000 1.794026 -0.000000 0.000000
 50 0.000004 -4.440601 -0.000001 1.569944 -3.078603 0.004053
 51 10.510133 -0.000003 0.000002 -0.000000 0.000000 -2.433211
 52 0.000000 -1.748398 -5.000001 3.141593 0.004007 -1.539299
 53 5.500000 -0.000001 0.000000 0.187153 -0.000000 -0.000000
 54 -0.000002 0.000001 -5.000001 -0.044472 3.137590 -0.000177
 55 6.551491 -0.000000 0.000001 -0.187153 -0.062160 -0.218860
 56 -1.266843 -1.937443 -4.950560 -0.066572 -2.988806 -0.110308
 57 6.551491 -0.000000 0.000001 -0.187153 -0.062160 -0.218860
 58 0.699370 -1.944208 -5.006846 -0.027189 -3.088217 0.005298
 59 4.226146 -0.003200 0.000000 0.275309 0.105891 0.092146
 60 0.000003 5.000001 0.000000 -0.153564 0.000087 2.718702
 61 0.000004 -0.000004 -3.713580 0.018865 -3.096651 -0.324845
 62 -0.000002 0.000000 5.000000 3.053198 1.558589 -0.074926
 63 -0.000007 0.000006 3.713580 -0.159276 -2.977491 -0.403653
 64 0.000001 -0.000000 -5.000000 -0.088724 1.558589 3.066337
 65 7.363602 1.646647 0.495663 3.141593 -1.570796 0.000000
 66 -0.000005 0.000007 3.619081 -0.217558 -2.796588 -0.810634
 67 16.573919 -0.000001 0.000000 0.000000 0.000000 -2.033247
 68 15.128181 0.000002 -0.000000 0.271612 0.009043 -0.097069
 69 5.758665 4.244730 0.000000 0.000000 -0.000000 1.842220
 70 3.177726 -0.000001 -0.000001 0.000000 0.000000 3.141593
 71 15.708953 0.000001 -0.000001 0.136460 0.001254 -0.052592
 72 0.275149 0.189214 -3.445208 3.130898 0.000409 -1.514604
 73 17.210194 -0.000002 0.000000 -0.000000 -0.000000 -2.328678
 74 -0.000000 0.000001 -4.999999 -0.079432 1.546568 -1.570855
 75 0.000002 -0.000003 -3.619081 0.034416 -3.071533 -0.493407
 76 16.573921 -0.000000 0.000000 0.000000 0.000000 -1.045581
 77 15.128181 0.000002 0.000000 0.002618 -0.051986 0.588317
 78 5.758665 4.244731 -0.000000 -0.000000 0.000000 1.815142
 79 4.003934 0.000000 0.000000 0.000000 0.000000 0.000000
 80 15.708955 0.000001 0.000000 0.004296 -0.037430 0.405337
 81 0.273998 0.191090 3.439762 -3.130907 -0.000437 -1.508107
 82 17.210194 0.000000 0.000000 -0.000000 -0.000000 -1.884228
 83 0.000000 -0.000001 5.000000 -0.079311 1.595025 -1.570737
time 46
  0 -0.650000 0.000000 33.899605 -0.025849 0.174554 -1.569172
  1 5.816420 0.852483 -32.971565 -0.174512 -0.026131 1.569196
  2 -2.276935 0.000003 -1.238188 -1.570795 -1.570451 0.000000
  3 1.797557 0.711851 0.000420 -0.130587 -0.147921 0.148477
  4 4.118947 -0.003230 0.000462 -0.141523 0.028173 0.100964
  5 4.119144 -0.003206 0.000437 -0.133856 0.065426 0.157867
  6 4.118797 -0.003240 0.000459 -0.140210 0.025324 0.057055
  7 4.118776 -0.003042 -0.001801 0.543364 0.175834 0.161244
  8 4.443600 -0.000002 -0.000000 -0.026981 -0.159737 0.499931
  9 9.024060 0.000003 -0.000000 0.000000 0.000000 0.000000
 10 -0.303104 0.885568 1.460297 1.297916 -1.234386 1.729047
 11 6.384776 0.000002 0.000001 0.459506 0.670932 -0.438603
 12 10.242682 0.000001 0.000001 -0.000000 0.000000 -1.470198
 13 11.375563 0.000001 0.000000 -2.286412 0.133416 -0.115375
 14 0.728680 0.023431 -1.008293 2.587286 -0.091201 0.333859
 15 2.136499 0.000001 -0.000002 0.000000 -0.000000 -0.349066
 16 2.313138 -0.000001 0.000001 0.000000 0.000000 0.000000
 17 3.115506 -0.886040 -0.021432 -0.163207 0.218957 0.178557
 18 2.011151 -0.000000 0.000001 0.000000 -0.000000 1.479871
 19 2.141380 0.000001 0.000000 0.000000 0.000000 0.000000
 20 1.734173 0.000000 0.000000 -0.000000 0.000000 0.739636
 21 0.000006 -4.440595 0.000002 1.570544 -0.062990 -0.195737
 22 5.999999 -0.000001 0.000001 -2.113234 0.000000 0.000000
 23 0.000000 -4.440601 -0.000000 1.569944 -0.062987 0.004053
 24 11.375563 0.000002 0.000002 -1.926438 0.087210 -0.052091
 25 -0.000002 -4.440603 -0.000001 1.570144 -0.062988 0.004040
 26 10.510131 -0.000001 -0.000001 -0.000000 -0.000000 -2.305895
 27 0.000000 -1.748402 4.999999 0.000000 0.004007 1.602290
 28 5.499999 0.000000 0.000000 -0.178936 -0.000000 0.000000
 29 -0.000001 -1.940598 5.000000 -0.044472 0.004003 -0.000180
 30 6.551491 0.000001 0.000001 0.282082 0.476881 -0.360578
 31 0.000001 -1.940600 5.000000 -0.027189 -0.053376 0.005295
 32 6.551491 0.000002 0.000000 0.152914 0.215320 -0.184416
 33 0.000000 -1.940599 4.999997 -0.066572 -0.152786 -0.110311
 34 0.303108 -0.878494 -1.460298 1.286166 1.341185 -1.966111
 35 6.384776 0.000000 0.000001 -0.558418 -0.253250 -0.506758
 36 10.242682 -0.000001 0.000001 -0.000000 0.000000 -1.760019
 37 11.375564 0.000001 0.000001 2.021451 0.130133 -0.262028
 38 0.728681 0.023430 1.008291 -1.579583 -0.319038 0.212973
 39 2.136497 -0.000003 0.000000 -0.000000 0.000000 1.282817
 40 2.313138 0.000000 0.000000 0.000000 0.000000 3.141593
 41 3.115508 -0.886042 0.021431 0.420766 0.316066 0.167178
 42 2.011152 -0.000000 -0.000003 0.000000 -0.000000 2.082010
 43 2.141380 0.000001 0.000000 0.000000 0.000000 3.141593
 44 1.734173 -0.000001 -0.000001 -0.000000 0.000000 1.041748
 45 0.136315 -3.738191 2.525892 1.493698 2.759406 -1.474501
 46 10.273805 -0.437102 1.198991 1.793563 0.004868 1.507198
 47 11.389370 -0.000817 0.158783 1.798562 0.055356 -0.155422
 48 -0.000000 -4.440599 0.000000 1.570144 -3.078602 0.004040
 49 6.000001 0.000000 0.000001 1.798563 0.000000 -0.000000
 50 0.000002 -4.440601 -0.000000 1.569944 -3.078603 0.004053
 51 10.510132 -0.000002 0.000002 -0.000000 0.000000 -2.450806
 52 0.000001 -1.748401 -5.000002 -3.141593 0.004007 -1.539299
 53 5.499999 0.000000 -0.000000 0.183413 -0.000000 -0.000000
 54 -0.000001 0.000001 -5.000000 -0.044472 3.137590 -0.000177
 55 6.551490 0.000001 0.000000 -0.183413 -0.048500 -0.220685
 56 -1.266843 -1.937445 -4.950559 -0.066572 -2.988806 -0.110308
 57 6.551490 0.000001 0.000000 -0.183413 -0.048500 -0.220685
 58 0.699370 -1.944207 -5.006848 -0.027189 -3.088217 0.005298
 59 4.226148 -0.003203 -0.000000 0.270115 0.106053 0.077304
 60 -0.000000 5.000000 0.000000 -0.153564 0.000087 2.718702
 61 0.000004 -0.000004 -3.713580 0.018865 -3.096651 -0.324845
 62 -0.000002 0.000000 5.000000 3.053198 1.558589 -0.074926
 63 -0.000007 0.000006 3.713580 -0.159276 -2.977491 -0.403653
 64 0.000001 -0.000000 -5.000000 -0.088724 1.558589 3.066337
 65 7.363602 1.646647 0.495663 3.141593 -1.570796 0.000000
 66 -0.000005 0.000007 3.619081 -0.217558 -2.796588 -0.810634
 67 16.573919 -0.000001 0.000000 0.000000 0.000000 -2.033247
 68 15.128181 0.000002 -0.000000 0.271612 0.009043 -0.097069
 69 5.758665 4.244730 0.000000 0.000000 -0.000000 1.842220
 70 3.177726 -0.000001 -0.000001 0.000000 0.000000 3.141593
 71 15.708953 0.000001 -0.000001 0.136460 0.001254 -0.052592
 72 0.275149 0.189214 -3.445208 3.130898 0.000409 -1.514604
 73 17.210194 -0.000002 0.000000 -0.000000 -0.000000 -2.328678
 74 -0.000000 0.000001 -4.999999 -0.079432 1.546568 -1.570855
 75 0.000002 -0.000003 -3.619081 0.034416 -3.071533 -0.493407
 76 16.573921 -0.000000 0.000000 0.000000 0.000000 -1.045581
 77 15.128181 0.000002 0.000000 0.002618 -0.051986 0.588317
 78 5.758665 4.244731 -0.000000 -0.000000 0.000000 1.815142
 79 4.003934 0.000000 0.000000 0.000000 0.000000 0.000000
 80 15.708955 0.000001 0.000000 0.004296 -0.037430 0.405337
 81 0.273998 0.191090 3.439762 -3.130907 -0.000437 -1.508107
 82 17.210194 0.000000 0.000000 -0.000000 -0.000000 -1.884228
 83 0.000000 -0.000001 5.000000 -0.079311 1.595025 -1.570737
time 47
  0 -0.650000 0.000000 33.899605 -0.025849 0.174554 -1.569172
  1 5.816420 0.852483 -32.971565 -0.174512 -0.026131 1.569196
  2 -2.276935 0.000003 -1.238188 -1.570795 -1.570451 0.000000
  3 1.797601 0.711856 0.000421 -0.130738 -0.141748 0.160243
  4 4.118955 -0.003228 0.000465 -0.142274 0.027374 0.104130
  5 4.119148 -0.003202 0.000440 -0.134582 0.063758 0.161091
  6 4.118811 -0.003240 0.000460 -0.140984 0.024486 0.060222
  7 4.118449 -0.003108 -0.001689 0.508098 0.195222 0.056767
  8 4.443596 -0.000001 0.000000 -0.047574 -0.151909 0.551779
  9 9.024060 0.000003 0.000000 0.000000 0.000000 0.000000
 10 -0.336122 0.830518 1.485075 1.170617 -1.188081 1.969737
 11 6.384776 0.000001 0.000003 0.283846 0.739891 -0.505854
 12 10.242682 -0.000001 0.000000 0.000000 0.000000 -1.335456
 13 11.375563 0.000002 -0.000001 -2.113345 0.275563 -0.207362
 14 0.728680 0.023431 -1.008293 2.587286 -0.091201 0.333859
 15 2.136497 -0.000001 0.000000 0.000000 -0.000000 -0.349066
 16 2.313139 0.000001 -0.000000 0.000000 0.000000 0.000000
 17 3.115506 -0.886041 -0.021431 -0.163207 0.218957 0.178557
 18 2.011151 0.000000 0.000000 0.000000 -0.000000 1.254110
 19 2.141379 -0.000000 0.000000 0.000000 0.000000 0.000000
 20 1.734173 0.000000 -0.000000 -0.000000 0.000000 0.626255
 21 0.000005 -4.440594 0.000001 1.570544 -0.062990 -0.195737
 22 6.000000 0.000000 -0.000000 -1.977766 -0.000000 0.000000
 23 0.000001 -4.440600 0.000000 1.569944 -0.062987 0.004053
 24 11.375560 0.000001 0.000003 -1.833890 0.165577 -0.093380
 25 0.000000 -4.440604 0.000000 1.570144 -0.062988 0.004040
 26 10.510130 -0.000003 -0.000001 -0.000000 0.000000 -2.238524
 27 0.000000 -1.748399 4.999999 -0.000000 0.004007 1.602291
 28 5.499999 -0.000002 -0.000001 -0.135704 0.000000 -0.000000
 29 -0.000002 -1.940598 5.000001 -0.044472 0.004003 -0.000180
 30 6.551491 0.000001 0.000002 0.198609 0.518873 -0.385741
 31 0.000000 -1.940598 5.000002 -0.027189 -0.053376 0.005295
 32 6.551491 0.000001 0.000002 0.117400 0.238098 -0.190662
 33 -0.000001 -1.940598 4.999995 -0.066572 -0.152786 -0.110311
 34 0.336121 -0.823441 -1.485075 1.117887 1.341272 -2.031445
 35 6.384776 0.000001 0.000000 -0.545021 -0.212895 -0.509647
 36 10.242681 -0.000001 0.000000 0.000000 0.000000 -1.798389
 37 11.375564 0.000002 0.000001 2.030846 0.143703 -0.259760
 38 0.728681 0.023430 1.008291 -1.579583 -0.319038 0.212973
 39 2.136497 0.000001 -0.000001 -0.000000 0.000000 1.282817
 40 2.313139 0.000000 0.000000 0.000000 0.000000 3.141593
 41 3.115506 -0.886042 0.021432 0.420766 0.316066 0.167178
 42 2.011151 -0.000000 0.000000 0.000000 -0.000000 2.082010
 43 2.141381 -0.000001 0.000001 0.000000 0.000000 3.141593
 44 1.734174 -0.000002 -0.000002 0.000000 -0.000000 1.041748
 45 0.136315 -3.738194 2.525891 1.493698 2.759406 -1.474501
 46 10.273804 -0.437102 1.198991 1.793563 0.004868 1.507198
 47 11.389367 -0.000818 0.158781 1.803403 0.062639 -0.155002
 48 0.000000 -4.440599 0.000000 1.570144 -3.078602 0.004040
 49 6.000001 0.000002 0.000000 1.803403 0.000000 -0.000000
 50 0.000001 -4.440601 0.000000 1.569944 -3.078603 0.004053
 51 10.510130 -0.000001 0.000001 0.000000 -0.000000 -2.469991
 52 -0.000000 -1.748400 -5.000001 -3.141593 0.004007 -1.539299
 53 5.499999 -0.000001 0.000000 0.179837 0.000000 -0.000000
 54 -0.000001 0.000001 -5.000000 -0.044472 3.137589 -0.000177
 55 6.551491 -0.000000 0.000003 -0.179837 -0.035013 -0.221521
 56 -1.266843 -1.937444 -4.950559 -0.066572 -2.988806 -0.110308
 57 6.551491 -0.000000 0.000003 -0.179837 -0.035013 -0.221521
 58 0.699370 -1.944208 -5.006846 -0.027189 -3.088217 0.005298
 59 4.226148 -0.003203 -0.000000 0.254001 0.109288 0.017704
 60 -0.000000 5.000001 0.000000 -0.153564 0.000087 2.718702
 61 0.000004 -0.000004 -3.713580 0.018865 -3.096651 -0.324845
 62 -0.000002 0.000000 5.000000 3.053198 1.558589 -0.074926
 63 -0.000007 0.000006 3.713580 -0.159276 -2.977491 -0.403653
 64 0.000001 -0.000000 -5.000000 -0.088724 1.558589 3.066337
 65 7.363602 1.646647 0.495663 3.141593 -1.570796 0.000000
 66 -0.000005 0.000007 3.619081 -0.217558 -2.796588 -0.810634
 67 16.573919 -0.000001 0.000000 0.000000 0.000000 -2.033247
 68 15.128181 0.000002 -0.000000 0.271612 0.009043 -0.097069
 69 5.758665 4.244730 0.000000 0.000000 -0.000000 1.842220
 70 3.177726 -0.000001 -0.000001 0.000000 0.000000 3.141593
 71 15.708953 0.000001 -0.000001 0.136460 0.001254 -0.052592
 72 0.275149 0.189214 -3.445208 3.130898 0.000409 -1.514604
 73 17.210194 -0.000002 0.000000 -0.000000 -0.000000 -2.328678
 74 -0.000000 0.000001 -4.999999 -0.079432 1.546568 -1.570855
 75 0.000002 -0.000003 -3.619081 0.034416 -3.071533 -0.493407
 76 16.573921 -0.000000 0.000000 0.000000 0.000000 -1.045581
 77 15.128181 0.000002 0.000000 0.002618 -0.051986 0.588317
 78 5.758665 4.244731 -0.000000 -0.000000 0.000000 1.815142
 79 4.003934 0.000000 0.000000 0.000000 0.000000 0.000000
 80 15.708955 0.000001 0.000000 0.004296 -0.037430 0.405337
 81 0.273998 0.191090 3.439762 -3.130907 -0.000437 -1.508107
 82 17.210194 0.000000 0.000000 -0.000000 -0.000000 -1.884228
 83 0.000000 -0.000001 5.000000 -0.079311 1.595025 -1.570737
time 48
  0 -0.650000 0.000000 33.899605 -0.025849 0.174554 -1.569172
  1 5.816420 0.852483 -32.971565 -0.174512 -0.026131 1.569196
  2 -2.276935 0.000003 -1.238188 -1.570795 -1.570451 0.000000
  3 1.797628 0.711860 0.000420 -0.130554 -0.137069 0.168298
  4 4.118958 -0.003226 0.000466 -0.142570 0.026668 0.106340
  5 4.119160 -0.003203 0.000440 -0.134862 0.062352 0.163359
  6 4.118816 -0.003240 0.000461 -0.141296 0.023764 0.062432
  7 4.117952 -0.003132 -0.001510 0.452476 0.217317 -0.100828
  8 4.443596 -0.000000 0.000000 -0.037013 -0.130573 0.671907
  9 9.024061 0.000000 0.000000 0.000000 0.000000 0.000000
 10 -0.373591 0.743250 1.521701 1.026416 -1.115710 2.289328
 11 6.384776 -0.000001 0.000001 0.023456 0.810967 -0.598519
 12 10.242683 -0.000001 -0.000001 -0.000000 -0.000000 -1.206807
 13 11.375560 0.000001 -0.000001 -1.829307 0.498430 -0.365449
 14 0.728680 0.023431 -1.008293 2.587286 -0.091201 0.333859
 15 2.136497 -0.000001 0.000000 0.000000 0.000000 -0.349066
 16 2.313139 0.000000 -0.000000 0.000000 0.000000 0.000000
 17 3.115506 -0.886041 -0.021432 -0.163207 0.218957 0.178557
 18 2.011151 -0.000000 0.000001 -0.000000 -0.000000 0.782063
 19 2.141380 0.000001 0.000000 0.000000 0.000000 0.000000
 20 1.734172 0.000000 0.000001 -0.000000 -0.000000 0.391042
 21 0.000006 -4.440593 0.000000 1.570544 -0.062990 -0.195737
 22 5.999999 0.000000 -0.000000 -1.748586 -0.000000 0.000000
 23 0.000003 -4.440601 0.000000 1.569944 -0.062987 0.004053
 24 11.375561 0.000001 0.000003 -1.673380 0.268308 -0.172309
 25 -0.000000 -4.440604 -0.000001 1.570144 -0.062988 0.004040
 26 10.510129 -0.000000 -0.000002 -0.000000 -0.000000 -2.174200
 27 -0.000000 -1.748400 4.999999 -0.000000 0.004007 1.602291
 28 5.500000 -0.000001 -0.000002 -0.077147 0.000000 -0.000000
 29 -0.000001 -1.940598 5.000000 -0.044472 0.004003 -0.000180
 30 6.551490 0.000001 0.000002 0.084412 0.556704 -0.421792
 31 -0.000002 -1.940598 5.000002 -0.027189 -0.053376 0.005295
 32 6.551490 0.000001 0.000002 0.069338 0.260402 -0.198352
 33 -0.000001 -1.940597 4.999998 -0.066572 -0.152786 -0.110311
 34 0.373593 -0.736175 -1.521700 0.871764 1.336442 -2.124013
 35 6.384775 0.000001 0.000000 -0.534723 -0.175008 -0.506728
 36 10.242681 -0.000000 0.000000 0.000000 0.000000 -1.838693
 37 11.375563 0.000002 0.000001 2.039969 0.156862 -0.257963
 38 0.728681 0.023430 1.008292 -1.579583 -0.319038 0.212973
 39 2.136497 0.000002 -0.000001 -0.000000 0.000000 1.282817
 40 2.313141 -0.000000 0.000000 0.000000 0.000000 3.141593
 41 3.115508 -0.886042 0.021430 0.420765 0.316066 0.167178
 42 2.011151 -0.000001 -0.000002 -0.000000 0.000000 2.082010
 43 2.141380 0.000000 0.000001 0.000000 0.000000 3.141593
 44 1.734172 -0.000001 -0.000001 -0.000000 0.000000 1.041748
 45 0.136314 -3.738193 2.525890 1.493698 2.759406 -1.474501
 46 10.273805 -0.437102 1.198990 1.793563 0.004868 1.507198
 47 11.389367 -0.000819 0.158782 1.808089 0.069665 -0.154824
 48 -0.000001 -4.440599 0.000002 1.570144 -3.078602 0.004040
 49 6.000001 0.000001 0.000001 1.808089 -0.000000 -0.000000
 50 0.000000 -4.440601 0.000000 1.569944 -3.078603 0.004053
 51 10.510131 0.000000 0.000000 -0.000000 0.000000 -2.490143
 52 -0.000001 -1.748398 -5.000001 -3.141593 0.004007 -1.539299
 53 5.500000 -0.000002 0.000001 0.176873 0.000000 -0.000000
 54 -0.000001 0.000002 -5.000000 -0.044472 3.137589 -0.000177
 55 6.551489 0.000000 0.000001 -0.176872 -0.022838 -0.221107
 56 -1.266844 -1.937443 -4.950559 -0.066572 -2.988806 -0.110308
 57 6.551490 0.000000 0.000001 -0.176872 -0.022838 -0.221107
 58 0.699371 -1.944208 -5.006845 -0.027189 -3.088217 0.005298
 59 4.226146 -0.003200 0.000001 0.228652 0.111008 -0.071607
 60 0.000002 5.000000 0.000000 -0.153564 0.000087 2.718702
 61 0.000004 -0.000004 -3.713580 0.018865 -3.096651 -0.324845
 62 -0.000002 0.000000 5.000000 3.053198 1.558589 -0.074926
 63 -0.000007 0.000006 3.713580 -0.159276 -2.977491 -0.403653
 64 0.000001 -0.000000 -5.000000 -0.088724 1.558589 3.066337
 65 7.363602 1.646647 0.495663 3.141593 -1.570796 0.000000
 66 -0.000005 0.000007 3.619081 -0.217558 -2.796588 -0.810634
 67 16.573919 -0.000001 0.000000 0.000000 0.000000 -2.033247
 68 15.128181 0.000002 -0.000000 0.271612 0.009043 -0.097069
 69 5.758665 4.244730 0.000000 0.000000 -0.000000 1.842220
 70 3.177726 -0.000001 -0.000001 0.000000 0.000000 3.141593
 71 15.708953 0.000001 -0.000001 0.136460 0.001254 -0.052592
 72 0.275149 0.189214 -3.445208 3.130898 0.000409 -1.514604
 73 17.210194 -0.000002 0.000000 -0.000000 -0.000000 -2.328678
 74 -0.000000 0.000001 -4.999999 -0.079432 1.546568 -1.570855
 75 0.000002 -0.000003 -3.619081 0.034416 -3.071533 -0.493407
 76 16.573921 -0.000000 0.000000 0.000000 0.000000 -1.045581
 77 15.128181 0.000002 0.000000 0.002618 -0.051986 0.588317
 78 5.758665 4.244731 -0.000000 -0.000000 0.000000 1.815142
 79 4.003934 0.000000 0.000000 0.000000 0.000000 0.000000
 80 15.708955 0.000001 0.000000 0.004296 -0.037430 0.405337
 81 0.273998 0.191090 3.439762 -3.130907 -0.000437 -1.508107
 82 17.210194 0.000000 0.000000 -0.000000 -0.000000 -1.884228
 83 0.000000 -0.000001 5.000000 -0.079311 1.595025 -1.570737
time 49
  0 -0.650000 0.000000 33.899605 -0.025849 0.174554 -1.569172
  1 5.816420 0.852483 -32.971565 -0.174512 -0.026131 1.569196
  2 -2.276935 0.000003 -1.238188 -1.570795 -1.570451 0.000000
  3 1.797648 0.711862 0.000417 -0.129531 -0.134604 0.173326
  4 4.118963 -0.003226 0.000464 -0.141821 0.026220 0.107758
  5 4.119160 -0.003201 0.000438 -0.134109 0.061474 0.164839
  6 4.118822 -0.003241 0.000458 -0.140553 0.023346 0.063847
  7 4.117528 -0.003094 -0.001338 0.398667 0.228613 -0.239075
  8 4.443599 0.000001 -0.000000 -0.015949 -0.113771 0.790939
  9 9.024060 0.000000 0.000000 0.000000 0.000000 0.000000
 10 -0.392677 0.658658 1.555295 0.924574 -1.053337 2.547245
 11 6.384778 -0.000001 -0.000002 -0.222490 0.835966 -0.712369
 12 10.242682 -0.000000 -0.000001 0.000000 0.000000 -1.132965
 13 11.375562 0.000002 0.000000 -1.582369 0.713450 -0.447208
 14 0.728680 0.023430 -1.008293 2.587286 -0.091201 0.333859
 15 2.136496 0.000000 -0.000000 0.000000 -0.000000 -0.349066
 16 2.313140 -0.000000 -0.000001 0.000000 0.000000 0.000000
 17 3.115506 -0.886041 -0.021432 -0.163207 0.218957 0.178557
 18 2.011150 -0.000000 0.000000 0.000000 0.000000 0.371587
 19 2.141379 -0.000000 0.000001 0.000000 0.000000 0.000000
 20 1.734172 0.000001 -0.000000 -0.000000 0.000000 0.186628
 21 0.000006 -4.440593 -0.000001 1.570544 -0.062990 -0.195737
 22 6.000000 -0.000000 0.000001 -1.545488 0.000000 -0.000000
 23 0.000001 -4.440601 -0.000001 1.569944 -0.062987 0.004053
 24 11.375562 0.000002 0.000004 -1.531920 0.359492 -0.215776
 25 -0.000001 -4.440603 -0.000000 1.570144 -0.062988 0.004040
 26 10.510131 -0.000000 -0.000001 -0.000000 -0.000000 -2.137279
 27 0.000001 -1.748403 4.999999 -0.000000 0.004007 1.602291
 28 5.500002 -0.000000 -0.000001 -0.021360 0.000000 0.000000
 29 -0.000001 -1.940599 5.000000 -0.044472 0.004003 -0.000180
 30 6.551492 -0.000000 -0.000001 -0.023906 0.563102 -0.464284
 31 -0.000002 -1.940598 5.000001 -0.027189 -0.053376 0.005295
 32 6.551492 -0.000000 -0.000001 0.023555 0.268451 -0.209292
 33 -0.000000 -1.940598 4.999998 -0.066572 -0.152786 -0.110311
 34 0.392682 -0.651582 -1.555294 0.656536 1.330194 -2.205765
 35 6.384776 -0.000000 -0.000000 -0.524957 -0.141475 -0.497141
 36 10.242681 -0.000000 -0.000001 0.000000 0.000000 -1.879783
 37 11.375562 0.000000 -0.000002 2.047904 0.169061 -0.256546
 38 0.728681 0.023431 1.008291 -1.579583 -0.319038 0.212973
 39 2.136497 -0.000002 0.000000 -0.000000 0.000000 1.282817
 40 2.313138 0.000000 -0.000000 0.000000 0.000000 3.141593
 41 3.115506 -0.886041 0.021432 0.420765 0.316066 0.167178
 42 2.011151 0.000000 -0.000000 0.000000 -0.000000 2.082010
 43 2.141379 -0.000001 -0.000001 0.000000 0.000000 3.141593
 44 1.734172 -0.000001 0.000001 0.000000 -0.000000 1.041748
 45 0.136315 -3.738193 2.525889 1.493698 2.759406 -1.474501
 46 10.273805 -0.437102 1.198990 1.793563 0.004868 1.507198
 47 11.389367 -0.000819 0.158780 1.812160 0.076169 -0.154793
 48 0.000000 -4.440599 0.000001 1.570144 -3.078602 0.004040
 49 6.000000 0.000000 -0.000001 1.812160 -0.000000 -0.000000
 50 0.000001 -4.440601 -0.000000 1.569944 -3.078603 0.004053
 51 10.510130 0.000000 -0.000000 -0.000000 0.000000 -2.510688
 52 -0.000000 -1.748400 -5.000000 -3.141593 0.004007 -1.539299
 53 5.500000 -0.000001 0.000000 0.173834 -0.000000 -0.000000
 54 -0.000001 0.000002 -5.000000 -0.044472 3.137589 -0.000177
 55 6.551490 0.000000 -0.000001 -0.173834 -0.012819 -0.219332
 56 -1.266844 -1.937443 -4.950561 -0.066572 -2.988806 -0.110308
 57 6.551490 0.000000 -0.000001 -0.173834 -0.012819 -0.219332
 58 0.699370 -1.944208 -5.006848 -0.027189 -3.088217 0.005298
 59 4.226147 -0.003202 -0.000001 0.204407 0.109103 -0.145838
 60 -0.000000 5.000001 0.000000 -0.153564 0.000087 2.718702
 61 0.000004 -0.000004 -3.713580 0.018865 -3.096651 -0.324845
 62 -0.000002 0.000000 5.000000 3.053198 1.558589 -0.074926
 63 -0.000007 0.000006 3.713580 -0.159276 -2.977491 -0.403653
 64 0.000001 -0.000000 -5.000000 -0.088724 1.558589 3.066337
 65 7.363602 1.646647 0.495663 3.141593 -1.570796 0.000000
 66 -0.000005 0.000007 3.619081 -0.217558 -2.796588 -0.810634
 67 16.573919 -0.000001 0.000000 0.000000 0.000000 -2.033247
 68 15.128181 0.000002 -0.000000 0.271612 0.009043 -0.097069
 69 5.758665 4.244730 0.000000 0.000000 -0.000000 1.842220
 70 3.177726 -0.000001 -0.000001 0.000000 0.000000 3.141593
 71 15.708953 0.000001 -0.000001 0.136460 0.001254 -0.052592
 72 0.275149 0.189214 -3.445208 3.130898 0.000409 -1.514604
 73 17.210194 -0.000002 0.000000 -0.000000 -0.000000 -2.328678
 74 -0.000000 0.000001 -4.999999 -0.079432 1.546568 -1.570855
 75 0.000002 -0.000003 -3.619081 0.034416 -3.071533 -0.493407
 76 16.573921 -0.000000 0.000000 0.000000 0.000000 -1.045581
 77 15.128181 0.000002 0.000000 0.002618 -0.051986 0.588317
 78 5.758665 4.244731 -0.000000 -0.000000 0.000000 1.815142
 79 4.003934 0.000000 0.000000 0.000000 0.000000 0.000000
 80 15.708955 0.000001 0.000000 0.004296 -0.037430 0.405337
 81 0.273998 0.191090 3.439762 -3.130907 -0.000437 -1.508107
 82 17.210194 0.000000 0.000000 -0.000000 -0.000000 -1.884228
 83 0.000000 -0.000001 5.000000 -0.079311 1.595025 -1.570737
time 50
  0 -0.650000 0.000000 33.899605 -0.025849 0.174554 -1.569172
  1 5.816420 0.852483 -32.971565 -0.174512 -0.026131 1.569196
  2 -2.276935 0.000003 -1.238188 -1.570795 -1.570451 0.000000
  3 1.797656 0.711864 0.000411 -0.127558 -0.134248 0.176561
  4 4.118968 -0.003227 0.000457 -0.139938 0.026069 0.108695
  5 4.119166 -0.003203 0.000432 -0.132232 0.061162 0.165848
  6 4.118825 -0.003243 0.000453 -0.138668 0.023276 0.064779
  7 4.117402 -0.003081 -0.001256 0.373033 0.228289 -0.283302
  8 4.443600 0.000000 0.000000 -0.008651 -0.111050 0.837585
  9 9.024061 -0.000003 -0.000000 0.000000 0.000000 0.000000
 10 -0.392130 0.618626 1.571693 0.915873 -1.075666 2.594647
 11 6.384777 -0.000001 -0.000002 -0.141873 0.819674 -0.594309
 12 10.242682 -0.000001 0.000000 -0.000000 -0.000000 -1.349393
 13 11.375560 0.000002 -0.000000 -1.578053 0.698005 -0.396308
 14 0.728680 0.023430 -1.008294 2.587286 -0.091201 0.333859
 15 2.136497 0.000000 -0.000001 0.000000 0.000000 -0.349066
 16 2.313139 -0.000001 0.000000 0.000000 0.000000 0.000000
 17 3.115506 -0.886041 -0.021432 -0.163207 0.218957 0.178557
 18 2.011150 -0.000000 -0.000001 0.000000 0.000000 0.371587
 19 2.141379 0.000001 -0.000001 0.000000 0.000000 0.000000
 20 1.734172 0.000000 0.000000 -0.000000 -0.000000 0.186628
 21 0.000005 -4.440593 -0.000000 1.570544 -0.062990 -0.195737
 22 5.999998 -0.000001 0.000000 -1.547410 0.000000 -0.000000
 23 0.000001 -4.440600 0.000001 1.569944 -0.062987 0.004053
 24 11.375561 0.000002 0.000004 -1.535954 0.352529 -0.194093
 25 -0.000000 -4.440605 -0.000000 1.570144 -0.062988 0.004040
 26 10.510129 0.000000 -0.000001 -0.000000 -0.000000 -2.245493
 27 0.000000 -1.748402 4.999999 -0.000000 0.004007 1.602291
 28 5.500000 -0.000001 0.000000 -0.031180 0.000000 -0.000000
 29 -0.000002 -1.940598 5.000000 -0.044472 0.004003 -0.000180
 30 6.551490 0.000001 -0.000000 0.001379 0.549550 -0.421729
 31 0.000002 -1.940599 5.000002 -0.027189 -0.053376 0.005295
 32 6.551490 0.000001 -0.000000 0.031114 0.262314 -0.193418
 33 -0.000000 -1.940600 4.999995 -0.066572 -0.152786 -0.110311
 34 0.392135 -0.611550 -1.571693 0.561156 1.332375 -2.258635
 35 6.384776 0.000002 -0.000002 -0.514527 -0.120660 -0.485260
 36 10.242682 0.000001 0.000000 0.000000 0.000000 -1.908826
 37 11.375562 0.000004 0.000001 2.052313 0.176829 -0.255736
 38 0.728681 0.023431 1.008292 -1.579583 -0.319038 0.212973
 39 2.136497 -0.000001 -0.000001 0.000000 0.000000 1.282817
 40 2.313140 0.000001 0.000001 0.000000 0.000000 3.141593
 41 3.115506 -0.886042 0.021434 0.420765 0.316066 0.167178
 42 2.011153 -0.000001 -0.000003 -0.000000 -0.000000 2.082010
 43 2.141380 0.000001 0.000002 0.000000 0.000000 3.141593
 44 1.734172 -0.000001 -0.000000 0.000000 0.000000 1.041748
 45 0.136314 -3.738193 2.525890 1.493698 2.759406 -1.474501
 46 10.273805 -0.437104 1.198993 1.793563 0.004868 1.507198
 47 11.389366 -0.000818 0.158781 1.814425 0.080322 -0.154814
 48 -0.000001 -4.440598 0.000001 1.570144 -3.078602 0.004040
 49 6.000000 0.000001 0.000000 1.814425 -0.000000 0.000000
 50 0.000001 -4.440601 0.000002 1.569944 -3.078603 0.004053
 51 10.510132 0.000000 0.000002 -0.000000 -0.000000 -2.525209
 52 0.000000 -1.748399 -5.000001 -3.141593 0.004007 -1.539299
 53 5.500001 -0.000001 0.000001 0.170502 -0.000000 0.000000
 54 -0.000001 0.000000 -5.000001 -0.044472 3.137590 -0.000177
 55 6.551490 0.000000 -0.000000 -0.170502 -0.007484 -0.217094
 56 -1.266844 -1.937441 -4.950563 -0.066572 -2.988806 -0.110308
 57 6.551491 0.000000 -0.000001 -0.170502 -0.007484 -0.217094
 58 0.699369 -1.944208 -5.006849 -0.027189 -3.088217 0.005298
 59 4.226147 -0.003201 -0.000000 0.192595 0.107003 -0.168184
 60 -0.000001 5.000001 0.000000 -0.153564 0.000087 2.718702
 61 0.000004 -0.000004 -3.713580 0.018865 -3.096651 -0.324845
 62 -0.000002 0.000000 5.000000 3.053198 1.558589 -0.074926
 63 -0.000007 0.000006 3.713580 -0.159276 -2.977491 -0.403653
 64 0.000001 -0.000000 -5.000000 -0.088724 1.558589 3.066337
 65 7.363602 1.646647 0.495663 3.141593 -1.570796 0.000000
 66 -0.000005 0.000007 3.619081 -0.217558 -2.796588 -0.810634
 67 16.573919 -0.000001 0.000000 0.000000 0.000000 -2.033247
 68 15.128181 0.000002 -0.000000 0.271612 0.009043 -0.097069
 69 5.758665 4.244730 0.000000 0.000000 -0.000000 1.842220
 70 3.177726 -0.000001 -0.000001 0.000000 0.000000 3.141593
 71 15.708953 0.000001 -0.000001 0.136460 0.001254 -0.052592
 72 0.275149 0.189214 -3.445208 3.130898 0.000409 -1.514604
 73 17.210194 -0.000002 0.000000 -0.000000 -0.000000 -2.328678
 74 -0.000000 0.000001 -4.999999 -0.079432 1.546568 -1.570855
 75 0.000002 -0.000003 -3.619081 0.034416 -3.071533 -0.493407
 76 16.573921 -0.000000 0.000000 0.000000 0.000000 -1.045581
 77 15.128181 0.000002 0.000000 0.002618 -0.051986 0.588317
 78 5.758665 4.244731 -0.000000 -0.000000 0.000000 1.815142
 79 4.003934 0.000000 0.000000 0.000000 0.000000 0.000000
 80 15.708955 0.000001 0.000000 0.004296 -0.037430 0.405337
 81 0.273998 0.191090 3.439762 -3.130907 -0.000437 -1.508107
 82 17.210194 0.000000 0.000000 -0.000000 -0.000000 -1.884228
 83 0.000000 -0.000001 5.000000 -0.079311 1.595025 -1.570737
time 51
  0 -0.650000 0.000000 33.899605 -0.025849 0.174554 -1.569172
  1 5.816420 0.852483 -32.971565 -0.174512 -0.026131 1.569196
  2 -2.276935 0.000003 -1.238188 -1.570795 -1.570451 0.000000
  3 1.797659 0.711863 0.000403 -0.125233 -0.135273 0.177162
  4 4.118969 -0.003229 0.000449 -0.137561 0.026048 0.108946
  5 4.119167 -0.003203 0.000423 -0.129869 0.061147 0.166169
  6 4.118822 -0.003240 0.000446 -0.136283 0.023360 0.065024
  7 4.117606 -0.003145 -0.001275 0.378494 0.220924 -0.220024
  8 4.443597 0.000000 -0.000000 -0.018225 -0.122927 0.800474
  9 9.024062 0.000001 0.000000 0.000000 0.000000 0.000000
 10 -0.379689 0.628249 1.570952 0.904457 -1.072583 2.539605
 11 6.384777 -0.000002 -0.000001 -0.097375 0.802349 -0.527893
 12 10.242682 -0.000000 0.000000 -0.000000 0.000000 -1.480741
 13 11.375561 0.000000 -0.000002 -1.633270 0.682764 -0.409668
 14 0.728680 0.023430 -1.008290 2.587286 -0.091201 0.333859
 15 2.136497 0.000001 -0.000001 -0.000000 -0.000000 -0.349066
 16 2.313139 0.000000 -0.000000 0.000000 0.000000 0.000000
 17 3.115507 -0.886041 -0.021431 -0.163207 0.218957 0.178557
 18 2.011151 0.000000 -0.000002 -0.000000 0.000000 0.371587
 19 2.141378 -0.000001 0.000003 0.000000 0.000000 0.000000
 20 1.734172 -0.000000 0.000000 -0.000000 -0.000000 0.186628
 21 0.000006 -4.440593 0.000000 1.570544 -0.062990 -0.195737
 22 6.000000 0.000000 -0.000000 -1.587463 0.000000 0.000000
 23 0.000001 -4.440600 0.000001 1.569944 -0.062987 0.004053
 24 11.375562 0.000000 0.000002 -1.561528 0.347082 -0.196215
 25 -0.000001 -4.440602 0.000000 1.570144 -0.062988 0.004040
 26 10.510132 -0.000000 -0.000001 -0.000000 0.000000 -2.311167
 27 0.000001 -1.748403 4.999999 -0.000000 0.004007 1.602291
 28 5.500001 0.000000 -0.000000 -0.036119 -0.000000 0.000000
 29 0.000001 -1.940599 5.000001 -0.044472 0.004003 -0.000180
 30 6.551491 -0.000002 -0.000002 0.014570 0.539510 -0.397322
 31 -0.000002 -1.940598 5.000002 -0.027189 -0.053376 0.005295
 32 6.551491 -0.000002 -0.000002 0.034880 0.257873 -0.184113
 33 -0.000001 -1.940599 4.999997 -0.066572 -0.152786 -0.110311
 34 0.379692 -0.621172 -1.570952 0.589418 1.349177 -2.291204
 35 6.384775 0.000001 0.000001 -0.498798 -0.099220 -0.466919
 36 10.242683 -0.000001 0.000000 0.000000 0.000000 -1.955872
 37 11.375566 0.000003 0.000002 2.056632 0.178589 -0.247752
 38 0.728681 0.023431 1.008291 -1.579583 -0.319038 0.212973
 39 2.136496 -0.000001 0.000000 -0.000000 0.000000 1.282817
 40 2.313142 0.000000 0.000000 0.000000 0.000000 3.141593
 41 3.115506 -0.886041 0.021432 0.420766 0.316066 0.167178
 42 2.011151 -0.000000 0.000001 0.000000 0.000000 2.082010
 43 2.141380 0.000000 0.000001 0.000000 0.000000 3.141593
 44 1.734173 -0.000001 0.000001 0.000000 -0.000000 1.041748
 45 0.136315 -3.738193 2.525891 1.493698 2.759406 -1.474501
 46 10.273805 -0.437102 1.198989 1.793563 0.004868 1.507198
 47 11.389368 -0.000817 0.158782 1.816452 0.081788 -0.150772
 48 0.000000 -4.440599 0.000003 1.570144 -3.078602 0.004040
 49 6.000002 0.000001 0.000000 1.816452 0.000000 0.000000
 50 0.000003 -4.440600 -0.000001 1.569944 -3.078603 0.004053
 51 10.510133 -0.000003 0.000002 0.000000 -0.000000 -2.548732
 52 -0.000000 -1.748400 -5.000001 -3.141593 0.004007 -1.539299
 53 5.499999 -0.000001 0.000000 0.165512 -0.000000 -0.000000
 54 -0.000000 0.000001 -5.000001 -0.044472 3.137589 -0.000177
 55 6.551489 0.000000 0.000001 -0.165512 -0.002776 -0.213618
 56 -1.266843 -1.937444 -4.950560 -0.066572 -2.988806 -0.110308
 57 6.551489 0.000000 0.000001 -0.165512 -0.002776 -0.213618
 58 0.699370 -1.944209 -5.006845 -0.027189 -3.088217 0.005298
 59 4.226145 -0.003200 0.000000 0.194048 0.106861 -0.134983
 60 -0.000000 5.000000 0.000000 -0.153565 0.000087 2.718702
 61 0.000004 -0.000004 -3.713580 0.018865 -3.096651 -0.324845
 62 -0.000002 0.000000 5.000000 3.053198 1.558589 -0.074926
 63 -0.000007 0.000006 3.713580 -0.159276 -2.977491 -0.403653
 64 0.000001 -0.000000 -5.000000 -0.088724 1.558589 3.066337
 65 7.363602 1.646647 0.495663 3.141593 -1.570796 0.000000
 66 -0.000005 0.000007 3.619081 -0.217558 -2.796588 -0.810634
 67 16.573919 -0.000001 0.000000 0.000000 0.000000 -2.033247
 68 15.128181 0.000002 -0.000000 0.271612 0.009043 -0.097069
 69 5.758665 4.244730 0.000000 0.000000 -0.000000 1.842220
 70 3.177726 -0.000001 -0.000001 0.000000 0.000000 3.141593
 71 15.708953 0.000001 -0.000001 0.136460 0.001254 -0.052592
 72 0.275149 0.189214 -3.445208 3.130898 0.000409 -1.514604
 73 17.210194 -0.000002 0.000000 -0.000000 -0.000000 -2.328678
 74 -0.000000 0.000001 -4.999999 -0.079432 1.546568 -1.570855
 75 0.000002 -0.000003 -3.619081 0.034416 -3.071533 -0.493407
 76 16.573921 -0.000000 0.000000 0.000000 0.000000 -1.045581
 77 15.128181 0.000002 0.000000 0.002618 -0.051986 0.588317
 78 5.758665 4.244731 -0.000000 -0.000000 0.000000 1.815142
 79 4.003934 0.000000 0.000000 0.000000 0.000000 0.000000
 80 15.708955 0.000001 0.000000 0.004296 -0.037430 0.405337
 81 0.273998 0.191090 3.439762 -3.130907 -0.000437 -1.508107
 82 17.210194 0.000000 0.000000 -0.000000 -0.000000 -1.884228
 83 0.000000 -0.000001 5.000000 -0.079311 1.595025 -1.570737
time 52
  0 -0.650000 0.000000 33.899605 -0.025849 0.174554 -1.569172
  1 5.816420 0.852483 -32.971565 -0.174512 -0.026131 1.569196
  2 -2.276935 0.000003 -1.238188 -1.570795 -1.570451 0.000000
  3 1.797651 0.711861 0.000397 -0.123143 -0.136943 0.174289
  4 4.118964 -0.003229 0.000443 -0.135332 0.025992 0.108306
  5 4.119165 -0.003205 0.000417 -0.127657 0.061157 0.165589
  6 4.118825 -0.003246 0.000438 -0.134041 0.023402 0.064378
  7 4.117989 -0.003217 -0.001338 0.396812 0.208391 -0.101833
  8 4.443598 -0.000001 -0.000000 -0.029640 -0.144059 0.727248
  9 9.024060 -0.000003 -0.000000 0.000000 0.000000 0.000000
 10 -0.358477 0.658708 1.563511 0.875941 -1.053796 2.447993
 11 6.384776 -0.000001 -0.000001 -0.036134 0.770398 -0.417390
 12 10.242681 -0.000001 0.000000 0.000000 0.000000 -1.674663
 13 11.375560 0.000002 0.000001 -1.683008 0.660116 -0.380257
 14 0.728681 0.023432 -1.008294 2.587286 -0.091201 0.333859
 15 2.136497 0.000001 -0.000000 0.000000 0.000000 -0.349066
 16 2.313139 -0.000000 -0.000001 0.000000 0.000000 0.000000
 17 3.115506 -0.886041 -0.021433 -0.163207 0.218957 0.178557
 18 2.011151 0.000000 -0.000000 0.000000 0.000000 0.371587
 19 2.141379 0.000000 -0.000001 0.000000 0.000000 0.000000
 20 1.734172 0.000001 0.000001 -0.000000 -0.000000 0.186628
 21 0.000006 -4.440594 -0.000001 1.570544 -0.062990 -0.195737
 22 6.000000 0.000001 0.000001 -1.627479 -0.000000 -0.000000
 23 0.000002 -4.440602 -0.000000 1.569944 -0.062987 0.004053
 24 11.375561 0.000002 0.000004 -1.589349 0.338190 -0.179459
 25 -0.000001 -4.440604 0.000000 1.570144 -0.062988 0.004040
 26 10.510130 -0.000001 -0.000000 0.000000 -0.000000 -2.408128
 27 -0.000000 -1.748400 4.999998 0.000000 0.004007 1.602291
 28 5.499999 -0.000000 0.000000 -0.041821 0.000000 -0.000000
 29 -0.000002 -1.940598 5.000000 -0.044472 0.004003 -0.000180
 30 6.551491 0.000000 -0.000001 0.031861 0.524085 -0.352392
 31 -0.000002 -1.940599 5.000003 -0.027189 -0.053376 0.005295
 32 6.551491 0.000000 -0.000001 0.039050 0.251390 -0.165927
 33 0.000002 -1.940598 4.999997 -0.066572 -0.152786 -0.110311
 34 0.358477 -0.651632 -1.563512 0.682651 1.375712 -2.311627
 35 6.384776 -0.000001 0.000001 -0.471781 -0.074646 -0.444201
 36 10.242682 -0.000003 0.000001 -0.000000 0.000000 -2.031894
 37 11.375560 -0.000002 -0.000002 2.058910 0.176438 -0.240531
 38 0.728680 0.023431 1.008291 -1.579583 -0.319038 0.212973
 39 2.136497 -0.000002 -0.000000 0.000000 0.000000 1.282817
 40 2.313138 0.000000 -0.000000 0.000000 0.000000 3.141593
 41 3.115506 -0.886041 0.021431 0.420765 0.316066 0.167178
 42 2.011151 -0.000001 0.000001 -0.000000 0.000000 2.082010
 43 2.141380 0.000001 0.000001 0.000000 0.000000 3.141593
 44 1.734172 -0.000001 0.000002 0.000000 -0.000000 1.041748
 45 0.136315 -3.738194 2.525891 1.493698 2.759406 -1.474501
 46 10.273804 -0.437102 1.198990 1.793563 0.004868 1.507198
 47 11.389366 -0.000818 0.158781 1.817441 0.081127 -0.146893
 48 0.000001 -4.440599 0.000000 1.570144 -3.078602 0.004040
 49 5.999998 -0.000002 -0.000002 1.817441 0.000000 0.000000
 50 0.000001 -4.440601 -0.000000 1.569944 -3.078603 0.004053
 51 10.510132 -0.000002 0.000001 0.000000 0.000000 -2.586743
 52 -0.000000 -1.748398 -5.000000 -3.141593 0.004007 -1.539299
 53 5.500000 -0.000000 -0.000000 0.157087 -0.000000 0.000000
 54 0.000000 0.000001 -5.000002 -0.044472 3.137589 -0.000177
 55 6.551491 -0.000001 0.000002 -0.157087 0.002150 -0.209222
 56 -1.266843 -1.937443 -4.950559 -0.066572 -2.988806 -0.110308
 57 6.551491 -0.000001 0.000002 -0.157087 0.002150 -0.209222
 58 0.699371 -1.944209 -5.006844 -0.027189 -3.088217 0.005298
 59 4.226147 -0.003202 -0.000001 0.201212 0.106843 -0.070224
 60 0.000000 5.000000 -0.000000 -0.153564 0.000087 2.718702
 61 0.000004 -0.000004 -3.713580 0.018865 -3.096651 -0.324845
 62 -0.000002 0.000000 5.000000 3.053198 1.558589 -0.074926
 63 -0.000007 0.000006 3.713580 -0.159276 -2.977491 -0.403653
 64 0.000001 -0.000000 -5.000000 -0.088724 1.558589 3.066337
 65 7.363602 1.646647 0.495663 3.141593 -1.570796 0.000000
 66 -0.000005 0.000007 3.619081 -0.217558 -2.796588 -0.810634
 67 16.573919 -0.000001 0.000000 0.000000 0.000000 -2.033247
 68 15.128181 0.000002 -0.000000 0.271612 0.009043 -0.097069
 69 5.758665 4.244730 0.000000 0.000000 -0.000000 1.842220
 70 3.177726 -0.000001 -0.000001 0.000000 0.000000 3.141593
 71 15.708953 0.000001 -0.000001 0.136460 0.001254 -0.052592
 72 0.275149 0.189214 -3.445208 3.130898 0.000409 -1.514604
 73 17.210194 -0.000002 0.000000 -0.000000 -0.000000 -2.328678
 74 -0.000000 0.000001 -4.999999 -0.079432 1.546568 -1.570855
 75 0.000002 -0.000003 -3.619081 0.034416 -3.071533 -0.493407
 76 16.573921 -0.000000 0.000000 0.000000 0.000000 -1.045581
 77 15.128181 0.000002 0.000000 0.002618 -0.051986 0.588317
 78 5.758665 4.244731 -0.000000 -0.000000 0.000000 1.815142
 79 4.003934 0.000000 0.000000 0.000000 0.000000 0.000000
 80 15.708955 0.000001 0.000000 0.004296 -0.037430 0.405337
 81 0.273998 0.191090 3.439762 -3.130907 -0.000437 -1.508107
 82 17.210194 0.000000 0.000000 -0.000000 -0.000000 -1.884228
 83 0.000000 -0.000001 5.000000 -0.079311 1.595025 -1.570737
time 53
  0 -0.650000 0.000000 33.899605 -0.025849 0.174554 -1.569172
  1 5.816420 0.852483 -32.971565 -0.174512 -0.026131 1.569196
  2 -2.276935 0.000003 -1.238188 -1.570795 -1.570451 0.000000
  3 1.797627 0.711857 0.000392 -0.121868 -0.138526 0.167105
  4 4.118961 -0.003231 0.000438 -0.133891 0.025734 0.106568
  5 4.119159 -0.003207 0.000412 -0.126237 0.060924 0.163890
  6 4.118819 -0.003245 0.000433 -0.132584 0.023212 0.062636
  7 4.118480 -0.003239 -0.001423 0.421802 0.189974 0.046494
  8 4.443597 -0.000000 -0.000000 -0.039429 -0.171451 0.638324
  9 9.024061 0.000001 0.000000 0.000000 0.000000 0.000000
 10 -0.327198 0.700158 1.552413 0.836891 -1.032510 2.335189
 11 6.384774 0.000001 0.000002 0.008139 0.733534 -0.319978
 12 10.242681 0.000000 -0.000000 -0.000000 -0.000000 -1.860150
 13 11.375561 -0.000001 -0.000000 -1.712869 0.642467 -0.321627
 14 0.728681 0.023430 -1.008294 2.587287 -0.091201 0.333859
 15 2.136497 -0.000000 -0.000001 -0.000000 -0.000000 -0.349066
 16 2.313139 0.000000 -0.000002 0.000000 0.000000 0.000000
 17 3.115506 -0.886041 -0.021433 -0.163207 0.218957 0.178557
 18 2.011150 -0.000000 0.000003 0.000000 0.000000 0.371587
 19 2.141379 -0.000001 -0.000002 0.000000 0.000000 0.000000
 20 1.734172 0.000000 0.000000 0.000000 -0.000000 0.186628
 21 0.000006 -4.440593 0.000001 1.570544 -0.062990 -0.195737
 22 6.000000 -0.000001 0.000000 -1.654735 -0.000000 0.000000
 23 0.000002 -4.440601 0.000000 1.569944 -0.062987 0.004053
 24 11.375562 -0.000000 0.000003 -1.610156 0.330894 -0.149596
 25 -0.000001 -4.440603 0.000001 1.570144 -0.062988 0.004040
 26 10.510130 0.000000 -0.000001 0.000000 -0.000000 -2.500871
 27 0.000001 -1.748401 4.999999 0.000000 0.004007 1.602291
 28 5.500001 -0.000000 -0.000001 -0.044760 0.000000 -0.000000
 29 -0.000001 -1.940598 4.999999 -0.044472 0.004003 -0.000180
 30 6.551490 0.000000 -0.000000 0.043791 0.508886 -0.305948
 31 -0.000001 -1.940598 5.000000 -0.027189 -0.053376 0.005295
 32 6.551490 0.000000 -0.000000 0.040936 0.245231 -0.146200
 33 -0.000001 -1.940599 4.999998 -0.066572 -0.152786 -0.110311
 34 0.327195 -0.693080 -1.552413 0.836219 1.406553 -2.301221
 35 6.384776 -0.000000 0.000001 -0.455697 -0.059131 -0.425502
 36 10.242682 -0.000002 0.000001 -0.000000 0.000000 -2.088102
 37 11.375561 0.000001 -0.000001 2.053970 0.192966 -0.270484
 38 0.728681 0.023431 1.008290 -1.579583 -0.319038 0.212973
 39 2.136497 0.000003 -0.000001 0.000000 0.000000 1.282817
 40 2.313137 -0.000001 0.000001 0.000000 0.000000 3.141593
 41 3.115506 -0.886041 0.021431 0.420765 0.316066 0.167178
 42 2.011151 -0.000000 -0.000000 0.000000 0.000000 2.082010
 43 2.141381 0.000001 0.000000 0.000000 0.000000 3.141593
 44 1.734173 -0.000002 -0.000001 -0.000000 0.000000 1.041748
 45 0.136315 -3.738193 2.525889 1.493698 2.759406 -1.474501
 46 10.273804 -0.437102 1.198992 1.793563 0.004868 1.507198
 47 11.389367 -0.000819 0.158781 1.815704 0.087835 -0.163295
 48 0.000000 -4.440598 0.000001 1.570144 -3.078602 0.004040
 49 6.000000 0.000000 -0.000001 1.815704 -0.000000 -0.000000
 50 0.000001 -4.440601 -0.000000 1.569944 -3.078603 0.004053
 51 10.510131 0.000000 0.000001 0.000000 -0.000000 -2.614847
 52 0.000000 -1.748399 -5.000001 -3.141593 0.004007 -1.539299
 53 5.499999 0.000001 -0.000000 0.152161 0.000000 0.000000
 54 -0.000001 -0.000001 -4.999999 -0.044472 3.137589 -0.000177
 55 6.551490 0.000000 -0.000000 -0.152161 0.005331 -0.205480
 56 -1.266843 -1.937445 -4.950560 -0.066572 -2.988806 -0.110308
 57 6.551490 0.000000 -0.000000 -0.152161 0.005331 -0.205480
 58 0.699370 -1.944208 -5.006849 -0.027189 -3.088217 0.005298
 59 4.226144 -0.003201 0.000000 0.211532 0.104959 0.014633
 60 -0.000002 5.000001 -0.000000 -0.153564 0.000087 2.718702
 61 0.000004 -0.000004 -3.713580 0.018865 -3.096651 -0.324845
 62 -0.000002 0.000000 5.000000 3.053198 1.558589 -0.074926
 63 -0.000007 0.000006 3.713580 -0.159276 -2.977491 -0.403653
 64 0.000001 -0.000000 -5.000000 -0.088724 1.558589 3.066337
 65 7.363602 1.646647 0.495663 3.141593 -1.570796 0.000000
 66 -0.000005 0.000007 3.619081 -0.217558 -2.796588 -0.810634
 67 16.573919 -0.000001 0.000000 0.000000 0.000000 -2.033247
 68 15.128181 0.000002 -0.000000 0.271612 0.009043 -0.097069
 69 5.758665 4.244730 0.000000 0.000000 -0.000000 1.842220
 70 3.177726 -0.000001 -0.000001 0.000000 0.000000 3.141593
 71 15.708953 0.000001 -0.000001 0.136460 0.001254 -0.052592
 72 0.275149 0.189214 -3.445208 3.130898 0.000409 -1.514604
 73 17.210194 -0.000002 0.000000 -0.000000 -0.000000 -2.328678
 74 -0.000000 0.000001 -4.999999 -0.079432 1.546568 -1.570855
 75 0.000002 -0.000003 -3.619081 0.034416 -3.071533 -0.493407
 76 16.573921 -0.000000 0.000000 0.000000 0.000000 -1.045581
 77 15.128181 0.000002 0.000000 0.002618 -0.051986 0.588317
 78 5.758665 4.244731 -0.000000 -0.000000 0.000000 1.815142
 79 4.003934 0.000000 0.000000 0.000000 0.000000 0.000000
 80 15.708955 0.000001 0.000000 0.004296 -0.037430 0.405337
 81 0.273998 0.191090 3.439762 -3.130907 -0.000437 -1.508107
 82 17.210194 0.000000 0.000000 -0.000000 -0.000000 -1.884228
 83 0.000000 -0.000001 5.000000 -0.079311 1.595025 -1.570737
time 54
  0 -0.650000 0.000000 33.899605 -0.025849 0.174554 -1.569172
  1 5.816420 0.852483 -32.971565 -0.174512 -0.026131 1.569196
  2 -2.276935 0.000003 -1.238188 -1.570795 -1.570451 0.000000
  3 1.797583 0.711850 0.000392 -0.121767 -0.139146 0.152820
  4 4.118945 -0.003231 0.000437 -0.133639 0.024877 0.103090
  5 4.119145 -0.003208 0.000412 -0.126010 0.059845 0.160441
  6 4.118807 -0.003246 0.000432 -0.132309 0.022372 0.059157
  7 4.118988 -0.003175 -0.001510 0.447732 0.166546 0.200427
  8 4.443601 -0.000002 0.000000 -0.046650 -0.199604 0.557068
  9 9.024060 0.000000 -0.000000 0.000000 0.000000 0.000000
 10 -0.287244 0.743288 1.540318 0.794744 -1.020675 2.216754
 11 6.384775 0.000000 0.000002 0.019058 0.692224 -0.241140
 12 10.242682 -0.000000 -0.000000 0.000000 0.000000 -2.114336
 13 11.375561 -0.000000 0.000000 -1.656117 0.664554 -0.073449
 14 0.728681 0.023432 -1.008290 2.587287 -0.091201 0.333859
 15 2.136496 -0.000001 0.000003 0.000000 -0.000000 -0.349066
 16 2.313139 0.000000 -0.000002 0.000000 0.000000 0.000000
 17 3.115506 -0.886041 -0.021430 -0.163207 0.218957 0.178557
 18 2.011150 0.000001 -0.000002 0.000000 0.000000 0.371587
 19 2.141379 0.000000 0.000002 0.000000 0.000000 0.000000
 20 1.734172 0.000002 -0.000003 -0.000000 -0.000000 0.186628
 21 0.000005 -4.440594 0.000001 1.570544 -0.062990 -0.195737
 22 6.000000 -0.000002 0.000001 -1.628712 0.000000 0.000000
 23 0.000002 -4.440602 -0.000002 1.569944 -0.062987 0.004053
 24 11.375560 0.000000 0.000003 -1.604823 0.339519 -0.028687
 25 -0.000001 -4.440604 -0.000001 1.570144 -0.062988 0.004040
 26 10.510133 -0.000002 -0.000001 0.000000 0.000000 -2.627964
 27 0.000001 -1.748401 5.000000 -0.000000 0.004007 1.602291
 28 5.500000 -0.000001 -0.000000 -0.038215 0.000000 -0.000000
 29 -0.000002 -1.940598 5.000001 -0.044472 0.004003 -0.000180
 30 6.551490 -0.000000 -0.000000 0.038611 0.490509 -0.259125
 31 -0.000000 -1.940600 5.000000 -0.027189 -0.053376 0.005295
 32 6.551490 -0.000000 -0.000000 0.034891 0.238174 -0.124886
 33 -0.000001 -1.940598 4.999998 -0.066572 -0.152786 -0.110311
 34 0.287250 -0.736213 -1.540318 1.048640 1.435185 -2.238412
 35 6.384776 -0.000000 0.000002 -0.462677 -0.052906 -0.405077
 36 10.242682 -0.000003 0.000001 -0.000000 -0.000000 -2.120399
 37 11.375560 -0.000001 -0.000001 2.020640 0.268942 -0.419962
 38 0.728681 0.023431 1.008291 -1.579583 -0.319038 0.212973
 39 2.136497 0.000001 -0.000001 0.000000 0.000000 1.282817
 40 2.313140 -0.000000 0.000001 0.000000 0.000000 3.141593
 41 3.115506 -0.886040 0.021431 0.420766 0.316066 0.167178
 42 2.011152 -0.000002 -0.000000 -0.000000 0.000000 2.082010
 43 2.141381 -0.000000 0.000000 0.000000 0.000000 3.141593
 44 1.734173 -0.000001 0.000001 -0.000000 -0.000000 1.041748
 45 0.136315 -3.738192 2.525892 1.493698 2.759406 -1.474501
 46 10.273805 -0.437102 1.198989 1.793563 0.004868 1.507198
 47 11.389367 -0.000817 0.158783 1.804736 0.117389 -0.239157
 48 0.000000 -4.440599 0.000001 1.570144 -3.078602 0.004040
 49 5.999999 0.000001 -0.000000 1.804736 0.000000 0.000000
 50 0.000003 -4.440601 -0.000001 1.569944 -3.078603 0.004053
 51 10.510131 -0.000002 0.000000 -0.000000 -0.000000 -2.630996
 52 0.000001 -1.748402 -5.000000 -3.141593 0.004007 -1.539299
 53 5.499999 -0.000002 -0.000000 0.154573 0.000000 0.000000
 54 -0.000001 0.000000 -5.000000 -0.044472 3.137589 -0.000177
 55 6.551490 0.000001 -0.000001 -0.154573 0.006812 -0.201123
 56 -1.266844 -1.937443 -4.950560 -0.066572 -2.988806 -0.110308
 57 6.551490 0.000001 -0.000001 -0.154573 0.006812 -0.201123
 58 0.699371 -1.944209 -5.006846 -0.027189 -3.088217 0.005298
 59 4.226144 -0.003200 0.000000 0.222154 0.100373 0.102435
 60 0.000002 5.000000 0.000000 -0.153564 0.000087 2.718701
 61 0.000004 -0.000004 -3.713580 0.018865 -3.096651 -0.324845
 62 -0.000002 0.000000 5.000000 3.053198 1.558589 -0.074926
 63 -0.000007 0.000006 3.713580 -0.159276 -2.977491 -0.403653
 64 0.000001 -0.000000 -5.000000 -0.088724 1.558589 3.066337
 65 7.363602 1.646647 0.495663 3.141593 -1.570796 0.000000
 66 -0.000005 0.000007 3.619081 -0.217558 -2.796588 -0.810634
 67 16.573919 -0.000001 0.000000 0.000000 0.000000 -2.033247
 68 15.128181 0.000002 -0.000000 0.271612 0.009043 -0.097069
 69 5.758665 4.244730 0.000000 0.000000 -0.000000 1.842220
 70 3.177726 -0.000001 -0.000001 0.000000 0.000000 3.141593
 71 15.708953 0.000001 -0.000001 0.136460 0.001254 -0.052592
 72 0.275149 0.189214 -3.445208 3.130898 0.000409 -1.514604
 73 17.210194 -0.000002 0.000000 -0.000000 -0.000000 -2.328678
 74 -0.000000 0.000001 -4.999999 -0.079432 1.546568 -1.570855
 75 0.000002 -0.000003 -3.619081 0.034416 -3.071533 -0.493407
 76 16.573921 -0.000000 0.000000 0.000000 0.000000 -1.045581
 77 15.128181 0.000002 0.000000 0.002618 -0.051986 0.588317
 78 5.758665 4.244731 -0.000000 -0.000000 0.000000 1.815142
 79 4.003934 0.000000 0.000000 0.000000 0.000000 0.000000
 80 15.708955 0.000001 0.000000 0.004296 -0.037430 0.405337
 81 0.273998 0.191090 3.439762 -3.130907 -0.000437 -1.508107
 82 17.210194 0.000000 0.000000 -0.000000 -0.000000 -1.884228
 83 0.000000 -0.000001 5.000000 -0.079311 1.595025 -1.570737
time 55
  0 -0.650000 0.000000 33.899605 -0.025849 0.174554 -1.569172
  1 5.816420 0.852483 -32.971565 -0.174512 -0.026131 1.569196
  2 -2.276935 0.000003 -1.238188 -1.570795 -1.570451 0.000000
  3 1.797516 0.711841 0.000394 -0.122452 -0.139304 0.131993
  4 4.118932 -0.003234 0.000438 -0.134143 0.023528 0.098010
  5 4.119131 -0.003210 0.000413 -0.126544 0.058098 0.155387
  6 4.118788 -0.003245 0.000434 -0.132784 0.021011 0.054077
  7 4.119431 -0.003053 -0.001588 0.470417 0.141360 0.336037
  8 4.443599 -0.000002 0.000000 -0.052951 -0.220848 0.501074
  9 9.024061 0.000001 -0.000000 0.000000 0.000000 0.000000
 10 -0.244121 0.781069 1.529108 0.758558 -1.028109 2.108078
 11 6.384776 -0.000000 -0.000001 0.006737 0.686928 -0.253741
 12 10.242683 -0.000002 -0.000001 -0.000000 -0.000000 -2.276639
 13 11.375561 -0.000001 0.000000 -1.589782 0.678793 0.162493
 14 0.728680 0.023431 -1.008294 2.587287 -0.091201 0.333859
 15 2.136497 0.000001 -0.000004 -0.000000 -0.000000 -0.349066
 16 2.313138 -0.000001 0.000001 0.000000 0.000000 0.000000
 17 3.115506 -0.886040 -0.021432 -0.163207 0.218957 0.178557
 18 2.011151 0.000000 0.000001 -0.000000 0.000000 0.371587
 19 2.141379 -0.000001 0.000002 0.000000 0.000000 0.000000
 20 1.734172 0.000000 0.000000 -0.000000 0.000000 0.186628
 21 0.000006 -4.440593 0.000000 1.570544 -0.062990 -0.195737
 22 6.000000 0.000000 0.000001 -1.595894 0.000000 0.000000
 23 0.000001 -4.440600 -0.000000 1.569944 -0.062987 0.004053
 24 11.375562 0.000000 0.000004 -1.595233 0.344869 0.085169
 25 -0.000001 -4.440602 -0.000000 1.570144 -0.062988 0.004040
 26 10.510130 -0.000001 -0.000001 -0.000000 0.000000 -2.709116
 27 -0.000001 -1.748399 4.999998 -0.000000 0.004007 1.602291
 28 5.499999 -0.000000 -0.000001 -0.033807 -0.000000 0.000000
 29 -0.000001 -1.940599 5.000000 -0.044472 0.004003 -0.000180
 30 6.551490 0.000000 0.000001 0.030124 0.485956 -0.267786
 31 0.000001 -1.940600 5.000002 -0.027189 -0.053376 0.005295
 32 6.551490 0.000000 0.000001 0.031266 0.236227 -0.128532
 33 -0.000001 -1.940600 4.999996 -0.066572 -0.152786 -0.110311
 34 0.244125 -0.773995 -1.529107 1.298391 1.454886 -2.121893
 35 6.384776 -0.000001 0.000002 -0.488566 -0.057743 -0.385832
 36 10.242680 0.000000 0.000001 -0.000000 0.000000 -2.134450
 37 11.375559 0.000001 -0.000001 1.980331 0.330634 -0.557766
 38 0.728681 0.023431 1.008291 -1.579583 -0.319038 0.212973
 39 2.136496 0.000001 -0.000000 -0.000000 -0.000000 1.282817
 40 2.313139 -0.000001 -0.000000 0.000000 0.000000 3.141593
 41 3.115507 -0.886042 0.021431 0.420766 0.316066 0.167178
 42 2.011151 0.000000 0.000002 -0.000000 0.000000 2.082010
 43 2.141380 0.000000 -0.000001 0.000000 0.000000 3.141593
 44 1.734173 -0.000001 0.000002 -0.000000 0.000000 1.041748
 45 0.136315 -3.738193 2.525891 1.493698 2.759406 -1.474501
 46 10.273805 -0.437103 1.198992 1.793563 0.004868 1.507198
 47 11.389366 -0.000818 0.158780 1.793006 0.140732 -0.301821
 48 0.000001 -4.440598 0.000000 1.570144 -3.078602 0.004040
 49 6.000000 0.000001 -0.000000 1.793006 -0.000000 -0.000000
 50 0.000000 -4.440602 -0.000000 1.569944 -3.078603 0.004053
 51 10.510130 -0.000002 0.000003 -0.000000 -0.000000 -2.638021
 52 0.000001 -1.748400 -5.000002 -3.141593 0.004007 -1.539299
 53 5.499999 -0.000001 0.000002 0.162823 0.000000 0.000000
 54 -0.000001 0.000002 -5.000001 -0.044472 3.137589 -0.000177
 55 6.551490 0.000000 -0.000000 -0.162823 0.005458 -0.196801
 56 -1.266843 -1.937443 -4.950558 -0.066572 -2.988806 -0.110308
 57 6.551491 0.000001 -0.000000 -0.162823 0.005458 -0.196801
 58 0.699371 -1.944207 -5.006845 -0.027189 -3.088217 0.005298
 59 4.226147 -0.003202 -0.000001 0.231447 0.094315 0.176022
 60 -0.000003 5.000001 0.000000 -0.153564 0.000087 2.718701
 61 0.000004 -0.000004 -3.713580 0.018865 -3.096651 -0.324845
 62 -0.000002 0.000000 5.000000 3.053198 1.558589 -0.074926
 63 -0.000007 0.000006 3.713580 -0.159276 -2.977491 -0.403653
 64 0.000001 -0.000000 -5.000000 -0.088724 1.558589 3.066337
 65 7.363602 1.646647 0.495663 3.141593 -1.570796 0.000000
 66 -0.000005 0.000007 3.619081 -0.217558 -2.796588 -0.810634
 67 16.573919 -0.000001 0.000000 0.000000 0.000000 -2.033247
 68 15.128181 0.000002 -0.000000 0.271612 0.009043 -0.097069
 69 5.758665 4.244730 0.000000 0.000000 -0.000000 1.842220
 70 3.177726 -0.000001 -0.000001 0.000000 0.000000 3.141593
 71 15.708953 0.000001 -0.000001 0.136460 0.001254 -0.052592
 72 0.275149 0.189214 -3.445208 3.130898 0.000409 -1.514604
 73 17.210194 -0.000002 0.000000 -0.000000 -0.000000 -2.328678
 74 -0.000000 0.000001 -4.999999 -0.079432 1.546568 -1.570855
 75 0.000002 -0.000003 -3.619081 0.034416 -3.071533 -0.493407
 76 16.573921 -0.000000 0.000000 0.000000 0.000000 -1.045581
 77 15.128181 0.000002 0.000000 0.002618 -0.051986 0.588317
 78 5.758665 4.244731 -0.000000 -0.000000 0.000000 1.815142
 79 4.003934 0.000000 0.000000 0.000000 0.000000 0.000000
 80 15.708955 0.000001 0.000000 0.004296 -0.037430 0.405337
 81 0.273998 0.191090 3.439762 -3.130907 -0.000437 -1.508107
 82 17.210194 0.000000 0.000000 -0.000000 -0.000000 -1.884228
 83 0.000000 -0.000001 5.000000 -0.079311 1.595025 -1.570737
time 56
  0 -0.650000 0.000000 33.899605 -0.025849 0.174554 -1.569172
  1 5.816420 0.852483 -32.971565 -0.174512 -0.026131 1.569196
  2 -2.276935 0.000003 -1.238188 -1.570795 -1.570451 0.000000
  3 1.797441 0.711834 0.000397 -0.123351 -0.140325 0.108807
  4 4.118908 -0.003235 0.000441 -0.134800 0.022283 0.092292
  5 4.119115 -0.003214 0.000415 -0.127233 0.056584 0.149677
  6 4.118771 -0.003247 0.000435 -0.133409 0.019749 0.048359
  7 4.119724 -0.002923 -0.001645 0.487768 0.119554 0.430045
  8 4.443596 -0.000000 0.000000 -0.059379 -0.228263 0.481929
  9 9.024061 0.000000 0.000000 0.000000 0.000000 0.000000
 10 -0.206665 0.809788 1.519729 0.743299 -1.083035 2.018487
 11 6.384775 -0.000000 0.000003 0.078249 0.742628 -0.262385
 12 10.242681 -0.000001 -0.000001 -0.000000 -0.000000 -2.242959
 13 11.375561 -0.000004 0.000003 -1.605452 0.631831 0.096282
 14 0.728680 0.023431 -1.008294 2.587287 -0.091201 0.333859
 15 2.136498 0.000001 -0.000004 0.000000 -0.000000 -0.349066
 16 2.313139 -0.000001 0.000001 0.000000 0.000000 0.000000
 17 3.115506 -0.886040 -0.021430 -0.163207 0.218957 0.178557
 18 2.011150 -0.000001 -0.000002 0.000000 -0.000000 0.371587
 19 2.141380 0.000000 -0.000002 0.000000 0.000000 0.000000
 20 1.734172 -0.000000 -0.000000 0.000000 -0.000000 0.186628
 21 0.000006 -4.440594 -0.000001 1.570544 -0.062990 -0.195737
 22 6.000000 -0.000002 0.000002 -1.601926 0.000000 0.000000
 23 0.000001 -4.440601 -0.000001 1.569944 -0.062987 0.004053
 24 11.375560 0.000000 0.000005 -1.595629 0.323995 0.053721
 25 -0.000001 -4.440603 -0.000003 1.570144 -0.062988 0.004040
 26 10.510129 -0.000001 -0.000001 0.000000 0.000000 -2.692276
 27 -0.000001 -1.748399 4.999999 0.000000 0.004007 1.602291
 28 5.500000 -0.000000 -0.000001 -0.067117 -0.000000 0.000000
 29 -0.000002 -1.940599 5.000000 -0.044472 0.004003 -0.000180
 30 6.551491 -0.000001 0.000000 0.086763 0.523105 -0.272772
 31 -0.000000 -1.940598 5.000000 -0.027189 -0.053376 0.005295
 32 6.551491 -0.000001 0.000000 0.059332 0.250693 -0.133246
 33 0.000000 -1.940600 4.999995 -0.066572 -0.152786 -0.110311
 34 0.206663 -0.802710 -1.519728 1.505493 1.461642 -2.008855
 35 6.384776 -0.000001 0.000002 -0.522604 -0.070488 -0.371157
 36 10.242682 -0.000001 0.000000 -0.000000 -0.000000 -2.137674
 37 11.375562 -0.000001 -0.000000 1.982060 0.327516 -0.551885
 38 0.728680 0.023431 1.008293 -1.579583 -0.319038 0.212973
 39 2.136498 -0.000001 -0.000001 -0.000000 -0.000000 1.282817
 40 2.313139 0.000001 0.000001 0.000000 0.000000 3.141593
 41 3.115506 -0.886042 0.021432 0.420766 0.316066 0.167178
 42 2.011151 0.000000 0.000002 -0.000000 0.000000 2.082010
 43 2.141379 -0.000000 -0.000003 0.000000 0.000000 3.141593
 44 1.734172 -0.000002 0.000001 -0.000000 -0.000000 1.041748
 45 0.136315 -3.738193 2.525891 1.493698 2.759406 -1.474501
 46 10.273804 -0.437102 1.198995 1.793563 0.004868 1.507198
 47 11.389367 -0.000819 0.158781 1.793422 0.139468 -0.299249
 48 0.000001 -4.440599 -0.000001 1.570144 -3.078602 0.004040
 49 6.000001 0.000001 0.000001 1.793422 0.000000 0.000000
 50 0.000003 -4.440601 -0.000001 1.569944 -3.078603 0.004053
 51 10.510130 -0.000001 0.000001 -0.000000 -0.000000 -2.639634
 52 0.000002 -1.748400 -5.000001 -3.141593 0.004007 -1.539299
 53 5.499999 -0.000002 0.000001 0.173298 0.000000 0.000000
 54 0.000000 -0.000002 -5.000000 -0.044472 3.137589 -0.000177
 55 6.551490 -0.000000 0.000000 -0.173298 0.001782 -0.193439
 56 -1.266844 -1.937442 -4.950559 -0.066572 -2.988806 -0.110308
 57 6.551491 -0.000001 0.000000 -0.173298 0.001782 -0.193439
 58 0.699371 -1.944208 -5.006845 -0.027189 -3.088217 0.005298
 59 4.226145 -0.003201 0.000000 0.239086 0.088589 0.224350
 60 0.000000 5.000000 0.000000 -0.153564 0.000087 2.718702
 61 0.000004 -0.000004 -3.713580 0.018865 -3.096651 -0.324845
 62 -0.000002 0.000000 5.000000 3.053198 1.558589 -0.074926
 63 -0.000007 0.000006 3.713580 -0.159276 -2.977491 -0.403653
 64 0.000001 -0.000000 -5.000000 -0.088724 1.558589 3.066337
 65 7.363602 1.646647 0.495663 3.141593 -1.570796 0.000000
 66 -0.000005 0.000007 3.619081 -0.217558 -2.796588 -0.810634
 67 16.573919 -0.000001 0.000000 0.000000 0.000000 -2.033247
 68 15.128181 0.000002 -0.000000 0.271612 0.009043 -0.097069
 69 5.758665 4.244730 0.000000 0.000000 -0.000000 1.842220
 70 3.177726 -0.000001 -0.000001 0.000000 0.000000 3.141593
 71 15.708953 0.000001 -0.000001 0.136460 0.001254 -0.052592
 72 0.275149 0.189214 -3.445208 3.130898 0.000409 -1.514604
 73 17.210194 -0.000002 0.000000 -0.000000 -0.000000 -2.328678
 74 -0.000000 0.000001 -4.999999 -0.079432 1.546568 -1.570855
 75 0.000002 -0.000003 -3.619081 0.034416 -3.071533 -0.493407
 76 16.573921 -0.000000 0.000000 0.000000 0.000000 -1.045581
 77 15.128181 0.000002 0.000000 0.002618 -0.051986 0.588317
 78 5.758665 4.244731 -0.000000 -0.000000 0.000000 1.815142
 79 4.003934 0.000000 0.000000 0.000000 0.000000 0.000000
 80 15.708955 0.000001 0.000000 0.004296 -0.037430 0.405337
 81 0.273998 0.191090 3.439762 -3.130907 -0.000437 -1.508107
 82 17.210194 0.000000 0.000000 -0.000000 -0.000000 -1.884228
 83 0.000000 -0.000001 5.000000 -0.079311 1.595025 -1.570737
time 57
  0 -0.650000 0.000000 33.899605 -0.025849 0.174554 -1.569172
  1 5.816420 0.852483 -32.971565 -0.174512 -0.026131 1.569196
  2 -2.276935 0.000003 -1.238188 -1.570795 -1.570451 0.000000
  3 1.797366 0.711829 0.000398 -0.123841 -0.143504 0.087440
  4 4.118896 -0.003237 0.000441 -0.135015 0.021747 0.086898
  5 4.119093 -0.003216 0.000416 -0.127481 0.056213 0.144256
  6 4.118752 -0.003248 0.000437 -0.133591 0.019213 0.042965
  7 4.119485 -0.002949 -0.001746 0.519696 0.114340 0.356257
  8 4.443598 -0.000002 0.000000 -0.071147 -0.153592 0.594626
  9 9.024061 -0.000002 0.000000 0.000000 0.000000 0.000000
 10 -0.197689 0.858413 1.494131 0.910317 -1.159880 1.919126
 11 6.384775 0.000001 -0.000001 0.149038 0.830330 -0.308980
 12 10.242684 -0.000001 -0.000001 -0.000000 -0.000000 -2.115048
 13 11.375562 -0.000001 -0.000000 -1.633946 0.569647 -0.066537
 14 0.728681 0.023431 -1.008292 2.587286 -0.091201 0.333859
 15 2.136497 -0.000000 -0.000002 0.000000 -0.000000 -0.349066
 16 2.313139 0.000000 -0.000002 0.000000 0.000000 0.000000
 17 3.115506 -0.886041 -0.021430 -0.163207 0.218957 0.178557
 18 2.011151 -0.000000 -0.000001 0.000000 0.000000 0.371587
 19 2.141379 -0.000000 -0.000001 0.000000 0.000000 0.000000
 20 1.734172 0.000001 0.000002 0.000000 0.000000 0.186628
 21 0.000006 -4.440593 0.000001 1.570544 -0.062990 -0.195737
 22 6.000000 -0.000000 -0.000001 -1.614453 -0.000000 0.000000
 23 0.000001 -4.440599 -0.000002 1.569944 -0.062987 0.004053
 24 11.375560 -0.000001 0.000002 -1.596458 0.296350 -0.029579
 25 -0.000001 -4.440603 -0.000002 1.570144 -0.062988 0.004040
 26 10.510132 -0.000001 -0.000001 -0.000000 -0.000000 -2.628320
 27 0.000002 -1.748404 4.999999 -0.000000 0.004007 1.602291
 28 5.500002 -0.000001 -0.000001 -0.101407 0.000000 0.000000
 29 -0.000002 -1.940598 5.000000 -0.044472 0.004003 -0.000180
 30 6.551490 -0.000000 -0.000002 0.143669 0.578637 -0.292543
 31 0.000002 -1.940599 5.000002 -0.027189 -0.053376 0.005295
 32 6.551490 -0.000000 -0.000002 0.088232 0.271900 -0.144460
 33 -0.000000 -1.940600 4.999994 -0.066572 -0.152786 -0.110311
 34 0.197691 -0.851339 -1.494131 1.378511 1.407320 -2.073022
 35 6.384776 -0.000001 0.000001 -0.555924 -0.084654 -0.356617
 36 10.242682 -0.000002 -0.000000 0.000000 -0.000000 -2.137051
 37 11.375560 0.000002 -0.000000 1.998679 0.302130 -0.496550
 38 0.728681 0.023431 1.008294 -1.579583 -0.319038 0.212973
 39 2.136497 -0.000001 0.000000 -0.000000 -0.000000 1.282817
 40 2.313137 -0.000000 0.000000 0.000000 0.000000 3.141593
 41 3.115506 -0.886041 0.021431 0.420765 0.316066 0.167178
 42 2.011150 -0.000000 -0.000000 -0.000000 0.000000 2.082010
 43 2.141379 0.000000 0.000000 0.000000 0.000000 3.141593
 44 1.734171 -0.000000 0.000001 0.000000 -0.000000 1.041748
 45 0.136314 -3.738193 2.525891 1.493698 2.759406 -1.474501
 46 10.273803 -0.437102 1.198992 1.793563 0.004868 1.507198
 47 11.389365 -0.000818 0.158781 1.797992 0.129673 -0.274650
 48 0.000000 -4.440598 0.000002 1.570144 -3.078602 0.004040
 49 5.999999 0.000001 -0.000001 1.797993 -0.000000 0.000000
 50 0.000001 -4.440602 0.000002 1.569944 -3.078603 0.004053
 51 10.510131 -0.000002 0.000000 0.000000 -0.000000 -2.639322
 52 -0.000002 -1.748398 -5.000001 -3.141593 0.004007 -1.539299
 53 5.500000 -0.000001 -0.000001 0.183286 -0.000000 0.000000
 54 -0.000000 -0.000001 -5.000001 -0.044472 3.137590 -0.000177
 55 6.551489 0.000000 -0.000001 -0.183286 -0.002718 -0.190082
 56 -1.266844 -1.937442 -4.950560 -0.066572 -2.988806 -0.110308
 57 6.551490 0.000000 -0.000001 -0.183286 -0.002718 -0.190082
 58 0.699371 -1.944209 -5.006845 -0.027189 -3.088217 0.005298
 59 4.226146 -0.003201 -0.000000 0.256718 0.083894 0.187365
 60 -0.000002 5.000002 0.000000 -0.153564 0.000087 2.718702
 61 0.000004 -0.000004 -3.713580 0.018865 -3.096651 -0.324845
 62 -0.000002 0.000000 5.000000 3.053198 1.558589 -0.074926
 63 -0.000007 0.000006 3.713580 -0.159276 -2.977491 -0.403653
 64 0.000001 -0.000000 -5.000000 -0.088724 1.558589 3.066337
 65 7.363602 1.646647 0.495663 3.141593 -1.570796 0.000000
 66 -0.000005 0.000007 3.619081 -0.217558 -2.796588 -0.810634
 67 16.573919 -0.000001 0.000000 0.000000 0.000000 -2.033247
 68 15.128181 0.000002 -0.000000 0.271612 0.009043 -0.097069
 69 5.758665 4.244730 0.000000 0.000000 -0.000000 1.842220
 70 3.177726 -0.000001 -0.000001 0.000000 0.000000 3.141593
 71 15.708953 0.000001 -0.000001 0.136460 0.001254 -0.052592
 72 0.275149 0.189214 -3.445208 3.130898 0.000409 -1.514604
 73 17.210194 -0.000002 0.000000 -0.000000 -0.000000 -2.328678
 74 -0.000000 0.000001 -4.999999 -0.079432 1.546568 -1.570855
 75 0.000002 -0.000003 -3.619081 0.034416 -3.071533 -0.493407
 76 16.573921 -0.000000 0.000000 0.000000 0.000000 -1.045581
 77 15.128181 0.000002 0.000000 0.002618 -0.051986 0.588317
 78 5.758665 4.244731 -0.000000 -0.000000 0.000000 1.815142
 79 4.003934 0.000000 0.000000 0.000000 0.000000 0.000000
 80 15.708955 0.000001 0.000000 0.004296 -0.037430 0.405337
 81 0.273998 0.191090 3.439762 -3.130907 -0.000437 -1.508107
 82 17.210194 0.000000 0.000000 -0.000000 -0.000000 -1.884228
 83 0.000000 -0.000001 5.000000 -0.079311 1.595025 -1.570737
time 58
  0 -0.650000 0.000000 33.899605 -0.025849 0.174554 -1.569172
  1 5.816420 0.852483 -32.971565 -0.174512 -0.026131 1.569196
  2 -2.276935 0.000003 -1.238188 -1.570795 -1.570451 0.000000
  3 1.797315 0.711825 0.000396 -0.123274 -0.150109 0.072062
  4 4.118883 -0.003238 0.000439 -0.134198 0.022528 0.082788
  5 4.119082 -0.003218 0.000414 -0.126704 0.057900 0.140069
  6 4.118734 -0.003247 0.000434 -0.132748 0.020038 0.038855
  7 4.119160 -0.003008 -0.001782 0.531786 0.121582 0.253229
  8 4.443597 0.000001 -0.000000 -0.058407 -0.100479 0.716403
  9 9.024060 0.000003 -0.000000 0.000000 0.000000 0.000000
 10 -0.210150 0.875665 1.482414 1.127681 -1.221825 1.800065
 11 6.384776 -0.000002 -0.000003 0.158249 0.900099 -0.387096
 12 10.242684 -0.000002 -0.000001 0.000000 0.000000 -2.010912
 13 11.375561 -0.000003 0.000003 -1.650361 0.534518 -0.169744
 14 0.728681 0.023431 -1.008289 2.587286 -0.091201 0.333859
 15 2.136497 0.000000 -0.000003 0.000000 -0.000000 -0.349066
 16 2.313139 0.000000 0.000002 0.000000 0.000000 0.000000
 17 3.115507 -0.886042 -0.021429 -0.163207 0.218957 0.178557
 18 2.011150 -0.000001 -0.000000 0.000000 0.000000 0.371587
 19 2.141380 -0.000000 0.000000 0.000000 0.000000 0.000000
 20 1.734172 -0.000000 -0.000002 -0.000000 0.000000 0.186628
 21 0.000005 -4.440595 0.000001 1.570544 -0.062990 -0.195737
 22 6.000000 -0.000001 0.000001 -1.622886 0.000000 -0.000000
 23 0.000001 -4.440602 -0.000001 1.569944 -0.062987 0.004053
 24 11.375561 -0.000002 0.000004 -1.598001 0.280196 -0.083786
 25 -0.000000 -4.440604 -0.000002 1.570144 -0.062988 0.004040
 26 10.510133 -0.000001 -0.000001 -0.000000 0.000000 -2.576252
 27 -0.000000 -1.748399 4.999998 -0.000000 0.004007 1.602290
 28 5.500002 -0.000001 -0.000001 -0.114086 -0.000000 0.000000
 29 0.000000 -1.940598 5.000000 -0.044472 0.004003 -0.000180
 30 6.551490 -0.000000 -0.000001 0.161024 0.620100 -0.322399
 31 0.000002 -1.940598 5.000001 -0.027189 -0.053376 0.005295
 32 6.551490 -0.000000 -0.000001 0.099107 0.287413 -0.157653
 33 -0.000001 -1.940599 4.999998 -0.066572 -0.152786 -0.110311
 34 0.210148 -0.868585 -1.482415 1.233170 1.363609 -2.123769
 35 6.384776 0.000001 0.000000 -0.580873 -0.094917 -0.342637
 36 10.242681 0.000002 -0.000001 -0.000000 0.000000 -2.136365
 37 11.375562 0.000000 0.000000 2.007954 0.286425 -0.463531
 38 0.728680 0.023431 1.008292 -1.579583 -0.319038 0.212973
 39 2.136497 -0.000003 -0.000000 -0.000000 0.000000 1.282817
 40 2.313139 0.000000 -0.000000 0.000000 0.000000 3.141593
 41 3.115506 -0.886042 0.021434 0.420765 0.316066 0.167178
 42 2.011150 0.000001 -0.000000 -0.000000 0.000000 2.082010
 43 2.141379 -0.000000 -0.000001 0.000000 0.000000 3.141593
 44 1.734172 -0.000000 0.000000 0.000000 -0.000000 1.041748
 45 0.136314 -3.738194 2.525890 1.493698 2.759406 -1.474501
 46 10.273804 -0.437102 1.198993 1.793563 0.004868 1.507198
 47 11.389368 -0.000818 0.158782 1.800639 0.123639 -0.259543
 48 0.000001 -4.440598 -0.000001 1.570144 -3.078602 0.004040
 49 6.000000 -0.000000 0.000000 1.800639 0.000000 0.000000
 50 0.000002 -4.440601 0.000000 1.569944 -3.078603 0.004053
 51 10.510130 -0.000000 0.000001 0.000000 0.000000 -2.638979
 52 -0.000001 -1.748401 -5.000003 -3.141593 0.004007 -1.539299
 53 5.500000 -0.000000 0.000000 0.190630 -0.000000 -0.000000
 54 0.000000 0.000000 -4.999998 -0.044472 3.137590 -0.000177
 55 6.551490 0.000000 0.000002 -0.190630 -0.006456 -0.186750
 56 -1.266843 -1.937444 -4.950558 -0.066572 -2.988806 -0.110308
 57 6.551491 0.000000 0.000002 -0.190630 -0.006456 -0.186750
 58 0.699370 -1.944207 -5.006848 -0.027189 -3.088217 0.005298
 59 4.226144 -0.003201 0.000000 0.264290 0.082462 0.132726
 60 0.000001 5.000002 0.000000 -0.153564 0.000087 2.718702
 61 0.000004 -0.000004 -3.713580 0.018865 -3.096651 -0.324845
 62 -0.000002 0.000000 5.000000 3.053198 1.558589 -0.074926
 63 -0.000007 0.000006 3.713580 -0.159276 -2.977491 -0.403653
 64 0.000001 -0.000000 -5.000000 -0.088724 1.558589 3.066337
 65 7.363602 1.646647 0.495663 3.141593 -1.570796 0.000000
 66 -0.000005 0.000007 3.619081 -0.217558 -2.796588 -0.810634
 67 16.573919 -0.000001 0.000000 0.000000 0.000000 -2.033247
 68 15.128181 0.000002 -0.000000 0.271612 0.009043 -0.097069
 69 5.758665 4.244730 0.000000 0.000000 -0.000000 1.842220
 70 3.177726 -0.000001 -0.000001 0.000000 0.000000 3.141593
 71 15.708953 0.000001 -0.000001 0.136460 0.001254 -0.052592
 72 0.275149 0.189214 -3.445208 3.130898 0.000409 -1.514604
 73 17.210194 -0.000002 0.000000 -0.000000 -0.000000 -2.328678
 74 -0.000000 0.000001 -4.999999 -0.079432 1.546568 -1.570855
 75 0.000002 -0.000003 -3.619081 0.034416 -3.071533 -0.493407
 76 16.573921 -0.000000 0.000000 0.000000 0.000000 -1.045581
 77 15.128181 0.000002 0.000000 0.002618 -0.051986 0.588317
 78 5.758665 4.244731 -0.000000 -0.000000 0.000000 1.815142
 79 4.003934 0.000000 0.000000 0.000000 0.000000 0.000000
 80 15.708955 0.000001 0.000000 0.004296 -0.037430 0.405337
 81 0.273998 0.191090 3.439762 -3.130907 -0.000437 -1.508107
 82 17.210194 0.000000 0.000000 -0.000000 -0.000000 -1.884228
 83 0.000000 -0.000001 5.000000 -0.079311 1.595025 -1.570737
time 59
  0 -0.650000 0.000000 33.899605 -0.025849 0.174554 -1.569172
  1 5.816420 0.852483 -32.971565 -0.174512 -0.026131 1.569196
  2 -2.276935 0.000003 -1.238188 -1.570795 -1.570451 0.000000
  3 1.797291 0.711822 0.000387 -0.120568 -0.164226 0.065331
  4 4.118871 -0.003239 0.000430 -0.131220 0.025915 0.080415
  5 4.119070 -0.003221 0.000405 -0.123923 0.063505 0.135710
  6 4.118732 -0.003251 0.000424 -0.129749 0.023561 0.036481
  7 4.119224 -0.003050 -0.001681 0.499120 0.121237 0.266840
  8 4.443597 -0.000000 0.000000 -0.027986 -0.152381 0.728715
  9 9.024061 -0.000002 0.000000 0.000000 0.000000 0.000000
 10 -0.209557 0.826817 1.510171 1.122356 -1.257962 1.788839
 11 6.384776 -0.000000 -0.000000 0.149561 0.951802 -0.392790
 12 10.242681 -0.000001 0.000001 0.000000 -0.000000 -1.987495
 13 11.375561 0.000002 0.000002 -1.632259 0.593934 -0.190130
 14 0.728681 0.023431 -1.008292 2.584666 -0.089983 0.335037
 15 2.136497 -0.000000 -0.000003 -0.000000 -0.000000 -0.349066
 16 2.313139 0.000000 -0.000000 0.000000 0.000000 0.000000
 17 3.115506 -0.886041 -0.021434 -0.159060 0.221964 0.197519
 18 2.011150 0.000000 0.000001 -0.000000 0.000000 0.389671
 19 2.141379 -0.000001 -0.000000 0.000000 0.000000 0.000000
 20 1.734172 0.000001 0.000001 -0.000000 0.000000 0.195673
 21 0.000005 -4.440594 0.000000 1.570544 -0.062990 -0.195737
 22 6.000000 -0.000000 0.000002 -1.606345 -0.000000 0.000000
 23 0.000001 -4.440602 -0.000002 1.569944 -0.062987 0.004053
 24 11.375560 -0.000001 0.000005 -1.585528 0.307261 -0.093753
 25 -0.000000 -4.440602 -0.000002 1.570144 -0.062988 0.004040
 26 10.510129 -0.000001 -0.000000 -0.000000 0.000000 -2.564544
 27 0.000001 -1.748400 4.999998 -0.000000 0.004007 1.602291
 28 5.500000 -0.000001 -0.000000 -0.117462 -0.000000 0.000000
 29 -0.000001 -1.940600 4.999999 -0.044472 0.004003 -0.000180
 30 6.551491 -0.000000 0.000000 0.166304 0.650423 -0.319130
 31 -0.000000 -1.940599 5.000002 -0.027189 -0.053376 0.005295
 32 6.551491 -0.000000 0.000000 0.101878 0.299976 -0.155660
 33 -0.000001 -1.940598 4.999997 -0.066572 -0.152786 -0.110311
 34 0.209556 -0.819741 -1.510171 1.159656 1.395612 -2.207880
 35 6.384776 0.000000 0.000000 -0.594664 -0.100758 -0.326411
 36 10.242681 0.000003 0.000000 -0.000000 0.000000 -2.136365
 37 11.375562 0.000001 -0.000001 2.007954 0.286425 -0.463531
 38 0.728680 0.023431 1.008292 -1.579583 -0.319038 0.212973
 39 2.136498 -0.000001 -0.000001 -0.000000 0.000000 1.282817
 40 2.313140 0.000001 0.000000 0.000000 0.000000 3.141593
 41 3.115507 -0.886042 0.021435 0.420765 0.316066 0.167178
 42 2.011150 0.000000 0.000003 -0.000000 0.000000 2.082010
 43 2.141379 0.000000 -0.000001 0.000000 0.000000 3.141593
 44 1.734172 -0.000000 0.000003 -0.000000 0.000000 1.041748
 45 0.136315 -3.738193 2.525892 1.493698 2.759406 -1.474501
 46 10.273804 -0.437102 1.198994 1.793563 0.004868 1.507198
 47 11.389366 -0.000820 0.158779 1.800638 0.123639 -0.259543
 48 0.000001 -4.440598 -0.000000 1.570144 -3.078602 0.004040
 49 6.000001 0.000000 -0.000001 1.800638 0.000000 -0.000000
 50 0.000003 -4.440600 -0.000002 1.569944 -3.078603 0.004053
 51 10.510130 0.000000 0.000003 -0.000000 0.000000 -2.638979
 52 -0.000000 -1.748403 -5.000002 -3.141593 0.004007 -1.539299
 53 5.500000 0.000000 0.000002 0.194618 0.000000 0.000000
 54 -0.000000 0.000002 -4.999999 -0.044472 3.137590 -0.000177
 55 6.551490 0.000000 0.000001 -0.194618 -0.009734 -0.182692
 56 -1.266844 -1.937445 -4.950558 -0.066572 -2.988806 -0.110308
 57 6.551491 0.000000 0.000001 -0.194618 -0.009734 -0.182692
 58 0.699370 -1.944210 -5.006845 -0.027189 -3.088217 0.005298
 59 4.226145 -0.003200 0.000000 0.247825 0.081715 0.140740
 60 -0.000001 5.000001 0.000000 -0.153564 0.000087 2.718702
 61 0.000004 -0.000004 -3.713580 0.018865 -3.096651 -0.324845
 62 -0.000002 0.000000 5.000000 3.053198 1.558589 -0.074926
 63 -0.000007 0.000006 3.713580 -0.159276 -2.977491 -0.403653
 64 0.000001 -0.000000 -5.000000 -0.088724 1.558589 3.066337
 65 7.363602 1.646647 0.495663 3.141593 -1.570796 0.000000
 66 -0.000005 0.000007 3.619081 -0.217558 -2.796588 -0.810634
 67 16.573919 -0.000001 0.000000 0.000000 0.000000 -2.033247
 68 15.128181 0.000002 -0.000000 0.271612 0.009043 -0.097069
 69 5.758665 4.244730 0.000000 0.000000 -0.000000 1.842220
 70 3.177726 -0.000001 -0.000001 0.000000 0.000000 3.141593
 71 15.708953 0.000001 -0.000001 0.136460 0.001254 -0.052592
 72 0.275149 0.189214 -3.445208 3.130898 0.000409 -1.514604
 73 17.210194 -0.000002 0.000000 -0.000000 -0.000000 -2.328678
 74 -0.000000 0.000001 -4.999999 -0.079432 1.546568 -1.570855
 75 0.000002 -0.000003 -3.619081 0.034416 -3.071533 -0.493407
 76 16.573921 -0.000000 0.000000 0.000000 0.000000 -1.045581
 77 15.128181 0.000002 0.000000 0.002618 -0.051986 0.588317
 78 5.758665 4.244731 -0.000000 -0.000000 0.000000 1.815142
 79 4.003934 0.000000 0.000000 0.000000 0.000000 0.000000
 80 15.708955 0.000001 0.000000 0.004296 -0.037430 0.405337
 81 0.273998 0.191090 3.439762 -3.130907 -0.000437 -1.508107
 82 17.210194 0.000000 0.000000 -0.000000 -0.000000 -1.884228
 83 0.000000 -0.000001 5.000000 -0.079311 1.595025 -1.570737
time 60
  0 -0.650000 0.000000 33.899605 -0.025849 0.174554 -1.569172
  1 5.816420 0.852483 -32.971565 -0.174512 -0.026131 1.569196
  2 -2.276935 0.000003 -1.238188 -1.570795 -1.570451 0.000000
  3 1.797279 0.711821 0.000372 -0.116302 -0.184600 0.064720
  4 4.118879 -0.003243 0.000413 -0.126621 0.031420 0.079249
  5 4.119059 -0.003225 0.000390 -0.119653 0.072360 0.131270
  6 4.118727 -0.003251 0.000410 -0.125134 0.029272 0.035313
  7 4.119340 -0.003100 -0.001539 0.453599 0.119463 0.291951
  8 4.443598 -0.000001 -0.000000 0.008910 -0.222097 0.719736
  9 9.024060 -0.000001 0.000000 0.000000 0.000000 0.000000
 10 -0.206503 0.757403 1.546402 1.003922 -1.297411 1.883076
 11 6.384776 -0.000000 -0.000002 0.107156 0.931980 -0.398486
 12 10.242683 -0.000001 -0.000001 -0.000000 -0.000000 -1.889250
 13 11.375560 0.000003 -0.000001 -1.778519 0.639111 -0.309760
 14 0.728681 0.023431 -1.008293 2.587286 -0.091201 0.333859
 15 2.136497 0.000000 -0.000002 0.000000 -0.000000 -0.349066
 16 2.313139 0.000001 0.000001 0.000000 0.000000 0.000000
 17 3.115506 -0.886041 -0.021430 -0.163207 0.218957 0.178557
 18 2.011150 0.000001 0.000002 0.000000 0.000000 0.371587
 19 2.141379 0.000000 0.000000 0.000000 0.000000 0.000000
 20 1.734172 0.000001 -0.000002 -0.000000 0.000000 0.186628
 21 0.000005 -4.440595 0.000002 1.570544 -0.062990 -0.195737
 22 6.000000 0.000000 -0.000000 -1.704024 0.000000 -0.000000
 23 0.000002 -4.440600 0.000001 1.569944 -0.062987 0.004053
 24 11.375561 0.000001 0.000003 -1.642736 0.331105 -0.137506
 25 -0.000001 -4.440602 0.000001 1.570144 -0.062988 0.004040
 26 10.510131 -0.000000 -0.000001 0.000000 0.000000 -2.515421
 27 0.000000 -1.748402 4.999999 0.000000 0.004007 1.602291
 28 5.500000 -0.000001 -0.000001 -0.104591 0.000000 0.000000
 29 -0.000001 -1.940598 5.000000 -0.044472 0.004003 -0.000180
 30 6.551490 0.000001 -0.000000 0.142269 0.634561 -0.324200
 31 -0.000002 -1.940597 5.000001 -0.027189 -0.053376 0.005295
 32 6.551490 0.000001 -0.000000 0.091294 0.294511 -0.156598
 33 -0.000001 -1.940598 4.999996 -0.066572 -0.152786 -0.110311
 34 0.206507 -0.750331 -1.546402 0.996286 1.438508 -2.392344
 35 6.384775 -0.000000 -0.000001 -0.598714 -0.169618 -0.392047
 36 10.242681 -0.000000 -0.000000 -0.000000 -0.000000 -2.089005
 37 11.375562 0.000000 -0.000000 2.085313 0.294287 -0.356685
 38 0.728681 0.023431 1.008292 -1.579583 -0.319038 0.212973
 39 2.136496 0.000001 0.000001 -0.000000 0.000000 1.282817
 40 2.313139 -0.000001 -0.000000 0.000000 0.000000 3.141593
 41 3.115506 -0.886041 0.021431 0.420765 0.316066 0.167178
 42 2.011150 0.000000 0.000002 -0.000000 -0.000000 2.082010
 43 2.141379 -0.000000 0.000000 0.000000 0.000000 3.141593
 44 1.734172 -0.000002 -0.000000 0.000000 0.000000 1.041748
 45 0.136315 -3.738192 2.525890 1.493698 2.759406 -1.474501
 46 10.273804 -0.437102 1.198991 1.793563 0.004868 1.507198
 47 11.389366 -0.000819 0.158781 1.835053 0.132825 -0.211443
 48 0.000000 -4.440598 -0.000002 1.570144 -3.078602 0.004040
 49 6.000000 0.000001 0.000000 1.835053 -0.000000 0.000000
 50 0.000002 -4.440601 -0.000000 1.569944 -3.078603 0.004053
 51 10.510130 -0.000001 0.000001 0.000000 0.000000 -2.615299
 52 0.000000 -1.748402 -5.000000 -3.141593 0.004007 -1.539299
 53 5.500000 -0.000003 0.000001 0.193927 0.000000 -0.000000
 54 -0.000001 -0.000001 -4.999998 -0.044472 3.137590 -0.000177
 55 6.551490 -0.000000 -0.000001 -0.193927 -0.028932 -0.199194
 56 -1.266844 -1.937443 -4.950560 -0.066572 -2.988806 -0.110308
 57 6.551490 -0.000000 -0.000001 -0.193927 -0.028932 -0.199194
 58 0.699370 -1.944209 -5.006848 -0.027189 -3.088217 0.005298
 59 4.226144 -0.003201 0.000001 0.224737 0.080131 0.155173
 60 0.000001 5.000001 -0.000000 -0.153564 0.000087 2.718702
 61 0.000004 -0.000004 -3.713580 0.018865 -3.096651 -0.324845
 62 -0.000002 0.000000 5.000000 3.053198 1.558589 -0.074926
 63 -0.000007 0.000006 3.713580 -0.159276 -2.977491 -0.403653
 64 0.000001 -0.000000 -5.000000 -0.088724 1.558589 3.066337
 65 7.363602 1.646647 0.495663 3.141593 -1.570796 0.000000
 66 -0.000005 0.000007 3.619081 -0.217558 -2.796588 -0.810634
 67 16.573919 -0.000001 0.000000 0.000000 0.000000 -2.033247
 68 15.128181 0.000002 -0.000000 0.271612 0.009043 -0.097069
 69 5.758665 4.244730 0.000000 0.000000 -0.000000 1.842220
 70 3.177726 -0.000001 -0.000001 0.000000 0.000000 3.141593
 71 15.708953 0.000001 -0.000001 0.136460 0.001254 -0.052592
 72 0.275149 0.189214 -3.445208 3.130898 0.000409 -1.514604
 73 17.210194 -0.000002 0.000000 -0.000000 -0.000000 -2.328678
 74 -0.000000 0.000001 -4.999999 -0.079432 1.546568 -1.570855
 75 0.000002 -0.000003 -3.619081 0.034416 -3.071533 -0.493407
 76 16.573921 -0.000000 0.000000 0.000000 0.000000 -1.045581
 77 15.128181 0.000002 0.000000 0.002618 -0.051986 0.588317
 78 5.758665 4.244731 -0.000000 -0.000000 0.000000 1.815142
 79 4.003934 0.000000 0.000000 0.000000 0.000000 0.000000
 80 15.708955 0.000001 0.000000 0.004296 -0.037430 0.405337
 81 0.273998 0.191090 3.439762 -3.130907 -0.000437 -1.508107
 82 17.210194 0.000000 0.000000 -0.000000 -0.000000 -1.884228
 83 0.000000 -0.000001 5.000000 -0.079311 1.595025 -1.570737
time 61
  0 -0.650000 0.000000 33.899605 -0.025849 0.174554 -1.569172
  1 5.816420 0.852483 -32.971565 -0.174512 -0.026131 1.569196
  2 -2.276935 0.000003 -1.238188 -1.570795 -1.570451 0.000000
  3 1.797282 0.711819 0.000357 -0.112354 -0.204473 0.066679
  4 4.118875 -0.003244 0.000399 -0.122314 0.036988 0.078759
  5 4.119057 -0.003227 0.000377 -0.115495 0.081557 0.129926
  6 4.118733 -0.003254 0.000395 -0.120815 0.035030 0.034823
  7 4.119489 -0.003139 -0.001371 0.401152 0.118522 0.325318
  8 4.443599 0.000000 -0.000000 0.051836 -0.306527 0.692071
  9 9.024060 0.000001 -0.000000 0.000000 0.000000 0.000000
 10 -0.204884 0.675380 1.583974 0.372845 -1.380744 2.497749
 11 6.384778 0.000001 -0.000001 0.199387 0.720327 -0.479063
 12 10.242683 -0.000002 0.000000 0.000000 0.000000 -1.591811
 13 11.375561 -0.000001 -0.000000 -2.156584 0.318099 -0.492539
 14 0.728681 0.023431 -1.008290 2.618865 -0.105572 0.319464
 15 2.136496 -0.000002 0.000002 0.000000 0.000000 -0.349066
 16 2.313140 0.000001 -0.000003 0.000000 0.000000 0.000000
 17 3.115506 -0.886041 -0.021429 -0.207785 0.177287 -0.046951
 18 2.011151 0.000001 -0.000001 -0.000000 0.000000 0.154585
 19 2.141379 -0.000001 0.000000 0.000000 0.000000 0.000000
 20 1.734172 0.000002 -0.000001 0.000000 0.000000 0.077780
 21 0.000006 -4.440594 -0.000002 1.570544 -0.062990 -0.195737
 22 6.000000 -0.000000 -0.000001 -2.002998 -0.000000 0.000000
 23 0.000001 -4.440601 -0.000001 1.569944 -0.062987 0.004053
 24 11.375561 0.000000 0.000003 -1.841074 0.200927 -0.233581
 25 -0.000001 -4.440603 0.000002 1.570144 -0.062988 0.004040
 26 10.510129 -0.000001 0.000000 0.000000 0.000000 -2.366702
 27 -0.000001 -1.748399 4.999998 0.000000 0.004007 1.602291
 28 5.500001 -0.000002 -0.000001 -0.110303 0.000000 0.000000
 29 -0.000003 -1.940599 5.000001 -0.044472 0.004003 -0.000180
 30 6.551492 0.000000 -0.000002 0.153373 0.509271 -0.381223
 31 -0.000000 -1.940597 5.000001 -0.027189 -0.053376 0.005295
 32 6.551492 0.000001 -0.000002 0.096274 0.236948 -0.186481
 33 -0.000001 -1.940599 4.999997 -0.066572 -0.152786 -0.110311
 34 0.204889 -0.668303 -1.583974 0.622696 1.479606 -2.794288
 35 6.384777 -0.000001 -0.000002 -0.589550 -0.241643 -0.471530
 36 10.242683 -0.000004 0.000001 -0.000000 0.000000 -2.027194
 37 11.375562 -0.000000 -0.000001 2.172169 0.294156 -0.236060
 38 0.728681 0.023431 1.008292 -1.579583 -0.319038 0.212973
 39 2.136498 -0.000003 -0.000000 0.000000 0.000000 1.282817
 40 2.313139 0.000000 0.000000 0.000000 0.000000 3.141593
 41 3.115507 -0.886041 0.021433 0.420766 0.316066 0.167178
 42 2.011151 -0.000001 -0.000000 -0.000000 -0.000000 2.082010
 43 2.141380 0.000000 -0.000001 0.000000 0.000000 3.141593
 44 1.734172 -0.000002 -0.000001 0.000000 0.000000 1.041748
 45 0.136314 -3.738194 2.525889 1.493698 2.759406 -1.474501
 46 10.273805 -0.437102 1.198992 1.793563 0.004868 1.507198
 47 11.389367 -0.000819 0.158782 1.873888 0.141071 -0.153816
 48 -0.000000 -4.440598 -0.000000 1.570144 -3.078602 0.004040
 49 6.000000 0.000001 0.000001 1.873888 0.000000 0.000000
 50 0.000001 -4.440602 -0.000001 1.569944 -3.078603 0.004053
 51 10.510132 -0.000002 0.000001 -0.000000 0.000000 -2.584393
 52 -0.000000 -1.748399 -5.000000 3.141593 0.004007 -1.539299
 53 5.500000 -0.000002 -0.000000 0.191710 -0.000000 -0.000000
 54 -0.000001 -0.000001 -4.999998 -0.044472 3.137590 -0.000177
 55 6.551491 -0.000001 -0.000000 -0.191710 -0.045846 -0.214807
 56 -1.266843 -1.937444 -4.950560 -0.066572 -2.988806 -0.110308
 57 6.551492 -0.000001 -0.000000 -0.191710 -0.045846 -0.214807
 58 0.699371 -1.944209 -5.006846 -0.027189 -3.088217 0.005298
 59 4.226146 -0.003201 0.000001 0.197918 0.078768 0.173784
 60 0.000001 5.000001 -0.000000 -0.153564 0.000087 2.718702
 61 0.000004 -0.000004 -3.713580 0.018865 -3.096651 -0.324845
 62 -0.000002 0.000000 5.000000 3.053198 1.558589 -0.074926
 63 -0.000007 0.000006 3.713580 -0.159276 -2.977491 -0.403653
 64 0.000001 -0.000000 -5.000000 -0.088724 1.558589 3.066337
 65 7.363602 1.646647 0.495663 3.141593 -1.570796 0.000000
 66 -0.000005 0.000007 3.619081 -0.217558 -2.796588 -0.810634
 67 16.573919 -0.000001 0.000000 0.000000 0.000000 -2.033247
 68 15.128181 0.000002 -0.000000 0.271612 0.009043 -0.097069
 69 5.758665 4.244730 0.000000 0.000000 -0.000000 1.842220
 70 3.177726 -0.000001 -0.000001 0.000000 0.000000 3.141593
 71 15.708953 0.000001 -0.000001 0.136460 0.001254 -0.052592
 72 0.275149 0.189214 -3.445208 3.130898 0.000409 -1.514604
 73 17.210194 -0.000002 0.000000 -0.000000 -0.000000 -2.328678
 74 -0.000000 0.000001 -4.999999 -0.079432 1.546568 -1.570855
 75 0.000002 -0.000003 -3.619081 0.034416 -3.071533 -0.493407
 76 16.573921 -0.000000 0.000000 0.000000 0.000000 -1.045581
 77 15.128181 0.000002 0.000000 0.002618 -0.051986 0.588317
 78 5.758665 4.244731 -0.000000 -0.000000 0.000000 1.815142
 79 4.003934 0.000000 0.000000 0.000000 0.000000 0.000000
 80 15.708955 0.000001 0.000000 0.004296 -0.037430 0.405337
 81 0.273998 0.191090 3.439762 -3.130907 -0.000437 -1.508107
 82 17.210194 0.000000 0.000000 -0.000000 -0.000000 -1.884228
 83 0.000000 -0.000001 5.000000 -0.079311 1.595025 -1.570737
time 62
  0 -0.650000 0.000000 33.899605 -0.025849 0.174554 -1.569172
  1 5.816420 0.852483 -32.971565 -0.174512 -0.026131 1.569196
  2 -2.276935 0.000003 -1.238188 -1.570795 -1.570451 0.000000
  3 1.797286 0.711818 0.000351 -0.110493 -0.217063 0.067755
  4 4.118870 -0.003244 0.000394 -0.120214 0.040562 0.078379
  5 4.119075 -0.003225 0.000368 -0.112987 0.088159 0.134804
  6 4.118726 -0.003254 0.000388 -0.118709 0.038698 0.034445
  7 4.119652 -0.003161 -0.001197 0.347796 0.120187 0.363508
  8 4.443600 -0.000002 -0.000001 0.100916 -0.402514 0.648605
  9 9.024062 -0.000001 -0.000000 0.000000 0.000000 0.000000
 10 -0.207750 0.589830 1.617226 -0.290634 -1.364095 3.130444
 11 6.384776 0.000001 0.000003 0.375445 0.654411 -0.529248
 12 10.242682 -0.000001 -0.000000 0.000000 -0.000000 -1.579420
 13 11.375563 0.000004 -0.000001 -2.316764 0.082206 -0.490731
 14 0.728681 0.023431 -1.008294 2.637237 -0.113671 0.310926
 15 2.136497 -0.000001 0.000001 -0.000000 0.000000 -0.349066
 16 2.313139 -0.000000 0.000001 0.000000 0.000000 0.000000
 17 3.115506 -0.886040 -0.021434 -0.230717 0.145947 -0.189209
 18 2.011151 -0.000002 0.000003 0.000000 -0.000000 0.015958
 19 2.141379 0.000001 -0.000002 0.000000 0.000000 0.000000
 20 1.734172 0.000000 0.000001 0.000000 0.000000 0.008033
 21 0.000006 -4.440593 -0.000002 1.570544 -0.062990 -0.195737
 22 5.999999 0.000000 0.000000 -2.139522 -0.000000 0.000000
 23 0.000002 -4.440601 0.000000 1.569944 -0.062987 0.004053
 24 11.375561 0.000001 0.000002 -1.938942 0.093228 -0.255891
 25 -0.000001 -4.440603 -0.000001 1.570144 -0.062988 0.004040
 26 10.510133 -0.000002 -0.000001 0.000000 0.000000 -2.360506
 27 -0.000000 -1.748399 4.999999 -0.000000 0.004007 1.602290
 28 5.500000 -0.000001 -0.000000 -0.157283 -0.000000 -0.000000
 29 -0.000001 -1.940597 5.000000 -0.044472 0.004003 -0.000180
 30 6.551491 0.000000 0.000000 0.239995 0.453301 -0.402049
 31 0.000002 -1.940598 5.000000 -0.027189 -0.053376 0.005295
 32 6.551491 0.000000 0.000000 0.135189 0.205184 -0.201263
 33 0.000000 -1.940599 4.999993 -0.066572 -0.152786 -0.110311
 34 0.207753 -0.582756 -1.617227 -0.088704 1.494531 2.745071
 35 6.384777 -0.000000 -0.000002 -0.569117 -0.309825 -0.566181
 36 10.242682 -0.000002 -0.000000 0.000000 -0.000000 -1.952837
 37 11.375563 -0.000000 -0.000001 2.262615 0.283339 -0.109808
 38 0.728681 0.023431 1.008292 -1.579583 -0.319038 0.212973
 39 2.136497 -0.000001 0.000000 0.000000 -0.000000 1.282817
 40 2.313139 -0.000000 -0.000001 0.000000 0.000000 3.141593
 41 3.115507 -0.886041 0.021432 0.420766 0.316066 0.167178
 42 2.011151 -0.000001 -0.000001 -0.000000 0.000000 2.082010
 43 2.141381 0.000000 -0.000001 0.000000 0.000000 3.141593
 44 1.734173 -0.000002 -0.000002 0.000000 0.000000 1.041748
 45 0.136315 -3.738193 2.525892 1.493698 2.759406 -1.474501
 46 10.273804 -0.437103 1.198993 1.793563 0.004868 1.507198
 47 11.389367 -0.000819 0.158781 1.915045 0.146485 -0.089284
 48 0.000001 -4.440598 -0.000002 1.570144 -3.078602 0.004040
 49 6.000000 0.000001 -0.000000 1.915045 -0.000000 0.000000
 50 0.000002 -4.440600 0.000003 1.569944 -3.078603 0.004053
 51 10.510131 -0.000004 0.000001 0.000000 -0.000000 -2.547215
 52 -0.000000 -1.748400 -5.000001 -3.141593 0.004007 -1.539299
 53 5.499999 -0.000002 -0.000000 0.189426 0.000000 -0.000000
 54 0.000001 -0.000001 -5.000000 -0.044472 3.137589 -0.000177
 55 6.551491 -0.000002 0.000000 -0.189426 -0.058559 -0.230282
 56 -1.266843 -1.937442 -4.950559 -0.066572 -2.988806 -0.110308
 57 6.551492 -0.000002 0.000000 -0.189426 -0.058559 -0.230282
 58 0.699370 -1.944207 -5.006846 -0.027189 -3.088217 0.005298
 59 4.226147 -0.003202 -0.000000 0.170357 0.078524 0.194343
 60 0.000000 5.000000 0.000000 -0.153564 0.000087 2.718702
 61 0.000004 -0.000004 -3.713580 0.018865 -3.096651 -0.324845
 62 -0.000002 0.000000 5.000000 3.053198 1.558589 -0.074926
 63 -0.000007 0.000006 3.713580 -0.159276 -2.977491 -0.403653
 64 0.000001 -0.000000 -5.000000 -0.088724 1.558589 3.066337
 65 7.363602 1.646647 0.495663 3.141593 -1.570796 0.000000
 66 -0.000005 0.000007 3.619081 -0.217558 -2.796588 -0.810634
 67 16.573919 -0.000001 0.000000 0.000000 0.000000 -2.033247
 68 15.128181 0.000002 -0.000000 0.271612 0.009043 -0.097069
 69 5.758665 4.244730 0.000000 0.000000 -0.000000 1.842220
 70 3.177726 -0.000001 -0.000001 0.000000 0.000000 3.141593
 71 15.708953 0.000001 -0.000001 0.136460 0.001254 -0.052592
 72 0.275149 0.189214 -3.445208 3.130898 0.000409 -1.514604
 73 17.210194 -0.000002 0.000000 -0.000000 -0.000000 -2.328678
 74 -0.000000 0.000001 -4.999999 -0.079432 1.546568 -1.570855
 75 0.000002 -0.000003 -3.619081 0.034416 -3.071533 -0.493407
 76 16.573921 -0.000000 0.000000 0.000000 0.000000 -1.045581
 77 15.128181 0.000002 0.000000 0.002618 -0.051986 0.588317
 78 5.758665 4.244731 -0.000000 -0.000000 0.000000 1.815142
 79 4.003934 0.000000 0.000000 0.000000 0.000000 0.000000
 80 15.708955 0.000001 0.000000 0.004296 -0.037430 0.405337
 81 0.273998 0.191090 3.439762 -3.130907 -0.000437 -1.508107
 82 17.210194 0.000000 0.000000 -0.000000 -0.000000 -1.884228
 83 0.000000 -0.000001 5.000000 -0.079311 1.595025 -1.570737
time 63
  0 -0.650000 0.000000 33.899605 -0.025849 0.174554 -1.569172
  1 5.816420 0.852483 -32.971565 -0.174512 -0.026131 1.569196
  2 -2.276935 0.000003 -1.238188 -1.570795 -1.570451 0.000000
  3 1.797282 0.711818 0.000349 -0.110155 -0.223439 0.067834
  4 4.118874 -0.003246 0.000391 -0.119758 0.042393 0.077973
  5 4.119123 -0.003219 0.000362 -0.111188 0.093016 0.149506
  6 4.118730 -0.003254 0.000387 -0.118250 0.040550 0.034041
  7 4.119810 -0.003161 -0.001035 0.299643 0.125467 0.402961
  8 4.443599 0.000000 0.000000 0.152331 -0.500710 0.589233
  9 9.024061 -0.000001 -0.000000 0.000000 0.000000 0.000000
 10 -0.216829 0.510977 1.642501 -0.688102 -1.285996 -2.789572
 11 6.384776 0.000000 0.000004 0.570437 0.596893 -0.582602
 12 10.242683 0.000001 -0.000000 -0.000000 0.000000 -1.616501
 13 11.375559 0.000001 -0.000000 -2.492297 -0.148910 -0.455169
 14 0.728681 0.023431 -1.008292 2.665375 -0.125698 0.297625
 15 2.136497 -0.000002 0.000001 -0.000000 0.000000 -0.349066
 16 2.313139 0.000001 -0.000001 0.000000 0.000000 0.000000
 17 3.115507 -0.886042 -0.021429 -0.249922 0.109268 -0.339817
 18 2.011150 0.000001 0.000002 -0.000000 -0.000000 -0.132861
 19 2.141380 -0.000001 0.000002 0.000000 0.000000 0.000000
 20 1.734172 0.000001 0.000001 -0.000000 0.000000 -0.066857
 21 0.000006 -4.440593 0.000002 1.570544 -0.062990 -0.195737
 22 5.999999 0.000003 -0.000001 -2.283270 -0.000000 -0.000000
 23 0.000001 -4.440602 0.000001 1.569944 -0.062987 0.004053
 24 11.375560 0.000002 0.000002 -2.037816 -0.018650 -0.264851
 25 -0.000002 -4.440603 -0.000001 1.570144 -0.062988 0.004040
 26 10.510132 0.000000 -0.000001 0.000000 0.000000 -2.379047
 27 0.000001 -1.748401 4.999999 -0.000000 0.004007 1.602291
 28 5.500000 0.000001 -0.000000 -0.223604 -0.000000 0.000000
 29 -0.000004 -1.940596 5.000000 -0.044472 0.004003 -0.000180
 30 6.551491 -0.000001 -0.000000 0.362682 0.368175 -0.435416
 31 -0.000000 -1.940600 5.000001 -0.027189 -0.053376 0.005295
 32 6.551491 -0.000001 -0.000000 0.189764 0.155644 -0.220677
 33 -0.000000 -1.940597 4.999998 -0.066572 -0.152786 -0.110311
 34 0.216834 -0.503900 -1.642502 -0.687123 1.472123 2.113314
 35 6.384776 -0.000000 0.000002 -0.536454 -0.366030 -0.671535
 36 10.242682 -0.000001 0.000002 0.000000 -0.000000 -1.869878
 37 11.375561 -0.000001 -0.000002 2.350417 0.261571 0.013669
 38 0.728680 0.023431 1.008294 -1.579583 -0.319038 0.212973
 39 2.136497 -0.000003 0.000001 0.000000 0.000000 1.282817
 40 2.313141 0.000001 -0.000001 0.000000 0.000000 3.141593
 41 3.115506 -0.886041 0.021432 0.420766 0.316066 0.167178
 42 2.011149 0.000001 -0.000001 -0.000000 -0.000000 2.082010
 43 2.141379 -0.000000 -0.000001 0.000000 0.000000 3.141593
 44 1.734171 -0.000000 -0.000001 -0.000000 -0.000000 1.041748
 45 0.136314 -3.738193 2.525890 1.493698 2.759406 -1.474501
 46 10.273804 -0.437102 1.198992 1.793563 0.004868 1.507198
 47 11.389367 -0.000819 0.158780 1.955997 0.147756 -0.022156
 48 0.000000 -4.440598 -0.000003 1.570144 -3.078602 0.004040
 49 6.000000 0.000001 -0.000001 1.955997 0.000000 -0.000000
 50 0.000002 -4.440602 0.000001 1.569944 -3.078603 0.004053
 51 10.510132 -0.000000 0.000002 0.000000 0.000000 -2.505735
 52 0.000000 -1.748397 -5.000000 3.141593 0.004007 -1.539299
 53 5.500000 0.000000 0.000001 0.186722 0.000000 -0.000000
 54 0.000001 0.000000 -4.999999 -0.044472 3.137589 -0.000177
 55 6.551490 -0.000001 0.000002 -0.186722 -0.066621 -0.245682
 56 -1.266845 -1.937443 -4.950561 -0.066572 -2.988806 -0.110308
 57 6.551490 -0.000001 0.000002 -0.186722 -0.066621 -0.245682
 58 0.699370 -1.944208 -5.006846 -0.027189 -3.088217 0.005298
 59 4.226149 -0.003202 -0.000000 0.145144 0.080037 0.214773
 60 0.000001 5.000000 -0.000000 -0.153564 0.000087 2.718702
 61 0.000004 -0.000004 -3.713580 0.018865 -3.096651 -0.324845
 62 -0.000002 0.000000 5.000000 3.053198 1.558589 -0.074926
 63 -0.000007 0.000006 3.713580 -0.159276 -2.977491 -0.403653
 64 0.000001 -0.000000 -5.000000 -0.088724 1.558589 3.066337
 65 7.363602 1.646647 0.495663 3.141593 -1.570796 0.000000
 66 -0.000005 0.000007 3.619081 -0.217558 -2.796588 -0.810634
 67 16.573919 -0.000001 0.000000 0.000000 0.000000 -2.033247
 68 15.128181 0.000002 -0.000000 0.271612 0.009043 -0.097069
 69 5.758665 4.244730 0.000000 0.000000 -0.000000 1.842220
 70 3.177726 -0.000001 -0.000001 0.000000 0.000000 3.141593
 71 15.708953 0.000001 -0.000001 0.136460 0.001254 -0.052592
 72 0.275149 0.189214 -3.445208 3.130898 0.000409 -1.514604
 73 17.210194 -0.000002 0.000000 -0.000000 -0.000000 -2.328678
 74 -0.000000 0.000001 -4.999999 -0.079432 1.546568 -1.570855
 75 0.000002 -0.000003 -3.619081 0.034416 -3.071533 -0.493407
 76 16.573921 -0.000000 0.000000 0.000000 0.000000 -1.045581
 77 15.128181 0.000002 0.000000 0.002618 -0.051986 0.588317
 78 5.758665 4.244731 -0.000000 -0.000000 0.000000 1.815142
 79 4.003934 0.000000 0.000000 0.000000 0.000000 0.000000
 80 15.708955 0.000001 0.000000 0.004296 -0.037430 0.405337
 81 0.273998 0.191090 3.439762 -3.130907 -0.000437 -1.508107
 82 17.210194 0.000000 0.000000 -0.000000 -0.000000 -1.884228
 83 0.000000 -0.000001 5.000000 -0.079311 1.595025 -1.570737
time 64
  0 -0.650000 0.000000 33.899605 -0.025849 0.174554 -1.569172
  1 5.816420 0.852483 -32.971565 -0.174512 -0.026131 1.569196
  2 -2.276935 0.000003 -1.238188 -1.570795 -1.570451 0.000000
  3 1.797286 0.711818 0.000349 -0.110221 -0.227900 0.068610
  4 4.118871 -0.003245 0.000392 -0.119701 0.043743 0.077770
  5 4.119193 -0.003206 0.000356 -0.109049 0.097853 0.171544
  6 4.118734 -0.003255 0.000385 -0.118194 0.041903 0.033840
  7 4.119948 -0.003144 -0.000911 0.262850 0.134540 0.440131
  8 4.443598 -0.000001 -0.000000 0.199754 -0.589265 0.520586
  9 9.024060 -0.000002 0.000000 0.000000 0.000000 0.000000
 10 -0.232418 0.449683 1.658088 -0.865408 -1.196033 -2.645458
 11 6.384777 -0.000001 -0.000003 0.696654 0.571330 -0.648883
 12 10.242682 -0.000002 -0.000001 0.000000 0.000000 -1.639121
 13 11.375560 0.000000 -0.000001 -2.587867 -0.328820 -0.361934
 14 0.728680 0.023432 -1.008292 2.662201 -0.124364 0.299139
 15 2.136496 0.000003 0.000000 -0.000000 0.000000 -0.349066
 16 2.313139 0.000000 -0.000000 0.000000 0.000000 0.000000
 17 3.115506 -0.886041 -0.021430 -0.258715 0.085922 -0.429992
 18 2.011151 -0.000000 -0.000001 -0.000000 0.000000 -0.221152
 19 2.141379 0.000000 0.000000 0.000000 0.000000 0.000000
 20 1.734173 -0.000000 0.000000 0.000000 -0.000000 -0.111226
 21 0.000007 -4.440594 0.000001 1.570544 -0.062990 -0.195737
 22 6.000000 0.000002 -0.000001 -2.355962 0.000000 -0.000000
 23 0.000002 -4.440601 0.000001 1.569944 -0.062987 0.004053
 24 11.375561 0.000001 0.000002 -2.084811 -0.120567 -0.240772
 25 -0.000001 -4.440604 0.000003 1.570144 -0.062988 0.004040
 26 10.510131 -0.000001 -0.000001 0.000000 -0.000000 -2.390357
 27 -0.000001 -1.748404 4.999999 0.000000 0.004007 1.602290
 28 5.500000 -0.000001 -0.000001 -0.283555 0.000000 0.000000
 29 -0.000001 -1.940599 5.000001 -0.044472 0.004003 -0.000180
 30 6.551491 0.000001 -0.000002 0.475008 0.297926 -0.486830
 31 0.000001 -1.940598 5.000001 -0.027189 -0.053376 0.005295
 32 6.551491 0.000001 -0.000002 0.238404 0.110848 -0.243855
 33 -0.000000 -1.940601 4.999997 -0.066572 -0.152786 -0.110311
 34 0.232417 -0.442607 -1.658089 -0.977408 1.440240 1.791973
 35 6.384776 0.000000 -0.000002 -0.494999 -0.405693 -0.778605
 36 10.242682 -0.000001 -0.000000 0.000000 0.000000 -1.784040
 37 11.375562 0.000001 -0.000001 2.429992 0.231061 0.126548
 38 0.728681 0.023431 1.008292 -1.579583 -0.319038 0.212973
 39 2.136496 -0.000002 0.000000 -0.000000 -0.000000 1.282817
 40 2.313140 0.000001 -0.000000 0.000000 0.000000 3.141593
 41 3.115506 -0.886041 0.021434 0.420765 0.316066 0.167178
 42 2.011151 -0.000001 -0.000000 -0.000000 0.000000 2.082010
 43 2.141379 -0.000000 -0.000000 0.000000 0.000000 3.141593
 44 1.734172 -0.000001 0.000001 -0.000000 -0.000000 1.041748
 45 0.136315 -3.738192 2.525891 1.493698 2.759406 -1.474501
 46 10.273803 -0.437102 1.198995 1.793563 0.004868 1.507198
 47 11.389365 -0.000820 0.158779 1.994087 0.144698 0.041982
 48 0.000000 -4.440599 0.000003 1.570144 -3.078602 0.004040
 49 5.999999 -0.000001 -0.000002 1.994087 -0.000000 -0.000000
 50 0.000003 -4.440601 -0.000002 1.569944 -3.078603 0.004053
 51 10.510131 -0.000000 -0.000000 0.000000 0.000000 -2.462816
 52 0.000000 -1.748399 -5.000001 -3.141593 0.004007 -1.539299
 53 5.500000 -0.000000 -0.000001 0.183424 -0.000000 0.000000
 54 0.000002 -0.000001 -5.000000 -0.044472 3.137590 -0.000177
 55 6.551491 -0.000002 0.000002 -0.183424 -0.070882 -0.260567
 56 -1.266843 -1.937445 -4.950559 -0.066572 -2.988806 -0.110308
 57 6.551492 -0.000002 0.000002 -0.183424 -0.070882 -0.260567
 58 0.699371 -1.944209 -5.006846 -0.027189 -3.088217 0.005298
 59 4.226148 -0.003201 -0.000001 0.125422 0.083673 0.233242
 60 -0.000001 5.000002 0.000000 -0.153564 0.000087 2.718702
 61 0.000004 -0.000004 -3.713580 0.018865 -3.096651 -0.324845
 62 -0.000002 0.000000 5.000000 3.053198 1.558589 -0.074926
 63 -0.000007 0.000006 3.713580 -0.159276 -2.977491 -0.403653
 64 0.000001 -0.000000 -5.000000 -0.088724 1.558589 3.066337
 65 7.363602 1.646647 0.495663 3.141593 -1.570796 0.000000
 66 -0.000005 0.000007 3.619081 -0.217558 -2.796588 -0.810634
 67 16.573919 -0.000001 0.000000 0.000000 0.000000 -2.033247
 68 15.128181 0.000002 -0.000000 0.271612 0.009043 -0.097069
 69 5.758665 4.244730 0.000000 0.000000 -0.000000 1.842220
 70 3.177726 -0.000001 -0.000001 0.000000 0.000000 3.141593
 71 15.708953 0.000001 -0.000001 0.136460 0.001254 -0.052592
 72 0.275149 0.189214 -3.445208 3.130898 0.000409 -1.514604
 73 17.210194 -0.000002 0.000000 -0.000000 -0.000000 -2.328678
 74 -0.000000 0.000001 -4.999999 -0.079432 1.546568 -1.570855
 75 0.000002 -0.000003 -3.619081 0.034416 -3.071533 -0.493407
 76 16.573921 -0.000000 0.000000 0.000000 0.000000 -1.045581
 77 15.128181 0.000002 0.000000 0.002618 -0.051986 0.588317
 78 5.758665 4.244731 -0.000000 -0.000000 0.000000 1.815142
 79 4.003934 0.000000 0.000000 0.000000 0.000000 0.000000
 80 15.708955 0.000001 0.000000 0.004296 -0.037430 0.405337
 81 0.273998 0.191090 3.439762 -3.130907 -0.000437 -1.508107
 82 17.210194 0.000000 0.000000 -0.000000 -0.000000 -1.884228
 83 0.000000 -0.000001 5.000000 -0.079311 1.595025 -1.570737
time 65
  0 -0.650000 0.000000 33.899605 -0.025849 0.174554 -1.569172
  1 5.816420 0.852483 -32.971565 -0.174512 -0.026131 1.569196
  2 -2.276935 0.000003 -1.238188 -1.570795 -1.570451 0.000000
  3 1.797286 0.711818 0.000353 -0.111528 -0.228494 0.069376
  4 4.118874 -0.003245 0.000395 -0.120948 0.044074 0.077728
  5 4.119264 -0.003191 0.000353 -0.108033 0.101103 0.194868
  6 4.118729 -0.003255 0.000390 -0.119443 0.042179 0.033800
  7 4.120053 -0.003116 -0.000844 0.243529 0.146908 0.471634
  8 4.443598 -0.000002 0.000000 0.236205 -0.662984 0.458787
  9 9.024060 0.000001 0.000000 0.000000 0.000000 0.000000
 10 -0.253638 0.416844 1.663481 -0.933375 -1.120101 -2.604055
 11 6.384777 0.000001 0.000003 0.712242 0.578038 -0.672196
 12 10.242681 -0.000003 -0.000001 -0.000000 -0.000000 -1.623159
 13 11.375562 0.000002 0.000001 -2.491715 -0.427835 -0.231933
 14 0.728681 0.023431 -1.008292 2.587287 -0.091201 0.333859
 15 2.136497 0.000001 -0.000000 0.000000 -0.000000 -0.349066
 16 2.313139 -0.000001 0.000000 0.000000 0.000000 0.000000
 17 3.115507 -0.886041 -0.021431 -0.255242 0.095934 -0.391742
 18 2.011150 0.000002 -0.000001 -0.000000 -0.000000 -0.178191
 19 2.141380 -0.000000 0.000000 0.000000 0.000000 0.000000
 20 1.734173 -0.000000 0.000001 -0.000000 0.000000 -0.089646
 21 0.000006 -4.440594 0.000004 1.570544 -0.062990 -0.195737
 22 6.000002 0.000002 0.000000 -2.270221 0.000000 0.000000
 23 0.000003 -4.440602 0.000000 1.569944 -0.062987 0.004053
 24 11.375563 0.000001 0.000004 -2.028726 -0.198154 -0.177249
 25 -0.000000 -4.440603 0.000002 1.570144 -0.062988 0.004040
 26 10.510129 -0.000002 -0.000001 -0.000000 -0.000000 -2.382375
 27 -0.000000 -1.748404 4.999999 -0.000000 0.004007 1.602291
 28 5.500000 -0.000002 -0.000000 -0.294522 -0.000000 -0.000000
 29 -0.000002 -1.940597 5.000001 -0.044472 0.004003 -0.000180
 30 6.551491 0.000000 0.000002 0.495738 0.291620 -0.500730
 31 -0.000000 -1.940600 5.000002 -0.027189 -0.053376 0.005295
 32 6.551491 0.000000 0.000002 0.247183 0.105100 -0.249726
 33 -0.000000 -1.940598 4.999999 -0.066572 -0.152786 -0.110311
 34 0.253638 -0.409767 -1.663481 -1.138633 1.419150 1.605234
 35 6.384777 -0.000001 0.000001 -0.454856 -0.431280 -0.879923
 36 10.242682 -0.000000 0.000001 -0.000000 -0.000000 -1.702584
 37 11.375560 -0.000002 0.000000 2.497113 0.195988 0.222139
 38 0.728680 0.023431 1.008292 -1.579583 -0.319038 0.212973
 39 2.136496 0.000001 -0.000000 -0.000000 -0.000000 1.282817
 40 2.313139 0.000000 0.000000 0.000000 0.000000 3.141593
 41 3.115506 -0.886041 0.021430 0.420766 0.316066 0.167178
 42 2.011150 0.000001 -0.000000 0.000000 -0.000000 2.082010
 43 2.141378 -0.000000 -0.000001 0.000000 0.000000 3.141593
 44 1.734171 -0.000000 -0.000000 0.000000 -0.000000 1.041748
 45 0.136315 -3.738191 2.525890 1.493698 2.759406 -1.474501
 46 10.273804 -0.437102 1.198990 1.793563 0.004868 1.507198
 47 11.389365 -0.000820 0.158782 2.027045 0.138326 0.097699
 48 0.000000 -4.440599 0.000002 1.570144 -3.078602 0.004040
 49 5.999999 0.000001 0.000002 2.027045 0.000000 0.000000
 50 0.000001 -4.440602 0.000003 1.569944 -3.078603 0.004053
 51 10.510130 0.000000 0.000001 0.000000 0.000000 -2.422089
 52 0.000001 -1.748401 -5.000000 -3.141593 0.004007 -1.539299
 53 5.500000 -0.000001 0.000001 0.181359 0.000000 -0.000000
 54 -0.000002 -0.000000 -5.000001 -0.044472 3.137589 -0.000177
 55 6.551491 -0.000001 0.000001 -0.181359 -0.072352 -0.274868
 56 -1.266843 -1.937443 -4.950558 -0.066572 -2.988806 -0.110308
 57 6.551492 -0.000001 0.000001 -0.181359 -0.072352 -0.274868
 58 0.699370 -1.944208 -5.006845 -0.027189 -3.088217 0.005298
 59 4.226149 -0.003202 -0.000001 0.114325 0.089585 0.248160
 60 -0.000002 5.000002 0.000000 -0.153564 0.000087 2.718702
 61 0.000004 -0.000004 -3.713580 0.018865 -3.096651 -0.324845
 62 -0.000002 0.000000 5.000000 3.053198 1.558589 -0.074926
 63 -0.000007 0.000006 3.713580 -0.159276 -2.977491 -0.403653
 64 0.000001 -0.000000 -5.000000 -0.088724 1.558589 3.066337
 65 7.363602 1.646647 0.495663 3.141593 -1.570796 0.000000
 66 -0.000005 0.000007 3.619081 -0.217558 -2.796588 -0.810634
 67 16.573919 -0.000001 0.000000 0.000000 0.000000 -2.033247
 68 15.128181 0.000002 -0.000000 0.271612 0.009043 -0.097069
 69 5.758665 4.244730 0.000000 0.000000 -0.000000 1.842220
 70 3.177726 -0.000001 -0.000001 0.000000 0.000000 3.141593
 71 15.708953 0.000001 -0.000001 0.136460 0.001254 -0.052592
 72 0.275149 0.189214 -3.445208 3.130898 0.000409 -1.514604
 73 17.210194 -0.000002 0.000000 -0.000000 -0.000000 -2.328678
 74 -0.000000 0.000001 -4.999999 -0.079432 1.546568 -1.570855
 75 0.000002 -0.000003 -3.619081 0.034416 -3.071533 -0.493407
 76 16.573921 -0.000000 0.000000 0.000000 0.000000 -1.045581
 77 15.128181 0.000002 0.000000 0.002618 -0.051986 0.588317
 78 5.758665 4.244731 -0.000000 -0.000000 0.000000 1.815142
 79 4.003934 0.000000 0.000000 0.000000 0.000000 0.000000
 80 15.708955 0.000001 0.000000 0.004296 -0.037430 0.405337
 81 0.273998 0.191090 3.439762 -3.130907 -0.000437 -1.508107
 82 17.210194 0.000000 0.000000 -0.000000 -0.000000 -1.884228
 83 0.000000 -0.000001 5.000000 -0.079311 1.595025 -1.570737
time 66
  0 -0.650000 0.000000 33.899605 -0.025849 0.174554 -1.569172
  1 5.816420 0.852483 -32.971565 -0.174512 -0.026131 1.569196
  2 -2.276935 0.000003 -1.238188 -1.570795 -1.570451 0.000000
  3 1.797287 0.711819 0.000364 -0.114905 -0.223267 0.069409
  4 4.118870 -0.003243 0.000407 -0.124399 0.042849 0.077810
  5 4.119330 -0.003178 0.000357 -0.109719 0.101282 0.213408
  6 4.118731 -0.003254 0.000401 -0.122904 0.040802 0.033887
  7 4.120105 -0.003086 -0.000856 0.247670 0.161752 0.494323
  8 4.443598 0.000000 -0.000000 0.250442 -0.718139 0.423726
  9 9.024061 0.000000 -0.000000 0.000000 0.000000 0.000000
 10 -0.279053 0.422759 1.657922 -0.917195 -1.093151 -2.635358
 11 6.384777 0.000001 0.000001 0.182035 0.744574 -0.726974
 12 10.242686 -0.000002 -0.000002 -0.000000 0.000000 -1.415918
 13 11.375560 -0.000001 -0.000001 -1.578688 -0.394588 0.030275
 14 0.728682 0.023431 -1.008291 2.245623 0.097610 0.461896
 15 2.136496 0.000000 -0.000001 0.000000 0.000000 -0.349066
 16 2.313139 0.000002 -0.000002 0.000000 0.000000 0.000000
 17 3.115507 -0.886043 -0.021433 -0.169224 0.214371 0.150569
 18 2.011151 0.000000 0.000001 -0.000000 0.000000 0.370811
 19 2.141379 -0.000000 0.000001 0.000000 0.000000 0.000000
 20 1.734172 0.000000 -0.000000 0.000000 -0.000000 0.186240
 21 0.000006 -4.440592 0.000001 1.570544 -0.062990 -0.195737
 22 5.999999 -0.000002 -0.000000 -1.576131 -0.000000 -0.000000
 23 0.000002 -4.440600 -0.000001 1.569944 -0.062987 0.004053
 24 11.375560 -0.000000 0.000001 -1.573372 -0.212746 0.016365
 25 -0.000002 -4.440603 0.000000 1.570144 -0.062988 0.004040
 26 10.510133 -0.000002 -0.000002 0.000000 -0.000000 -2.278755
 27 0.000001 -1.748400 4.999999 -0.000000 0.004007 1.602291
 28 5.500001 -0.000001 -0.000001 -0.117775 -0.000000 0.000000
 29 -0.000001 -1.940599 5.000000 -0.044472 0.004003 -0.000180
 30 6.551492 -0.000001 -0.000002 0.158465 0.504686 -0.466755
 31 0.000001 -1.940598 5.000003 -0.027189 -0.053376 0.005295
 32 6.551492 -0.000001 -0.000002 0.103093 0.230443 -0.224300
 33 -0.000000 -1.940599 4.999998 -0.066572 -0.152786 -0.110311
 34 0.279055 -0.415683 -1.657922 -1.270133 1.419016 1.457100
 35 6.384777 -0.000000 0.000004 -0.424574 -0.448015 -0.967304
 36 10.242683 -0.000001 0.000000 0.000000 0.000000 -1.634047
 37 11.375559 -0.000001 -0.000002 2.548999 0.161668 0.294902
 38 0.728681 0.023430 1.008290 -1.579583 -0.319038 0.212973
 39 2.136497 -0.000001 -0.000000 0.000000 -0.000000 1.282817
 40 2.313138 0.000000 -0.000000 0.000000 0.000000 3.141593
 41 3.115506 -0.886041 0.021431 0.420766 0.316066 0.167178
 42 2.011150 0.000000 0.000001 -0.000000 0.000000 2.082010
 43 2.141381 0.000001 -0.000001 0.000000 0.000000 3.141593
 44 1.734171 -0.000001 0.000001 0.000000 -0.000000 1.041748
 45 0.136315 -3.738193 2.525891 1.493698 2.759406 -1.474501
 46 10.273805 -0.437103 1.198991 1.793563 0.004868 1.507198
 47 11.389365 -0.000817 0.158782 2.053203 0.130329 0.140801
 48 -0.000000 -4.440599 0.000001 1.570144 -3.078602 0.004040
 49 5.999998 0.000000 -0.000001 2.053204 0.000000 -0.000000
 50 0.000002 -4.440600 -0.000002 1.569944 -3.078603 0.004053
 51 10.510133 -0.000001 0.000001 0.000000 -0.000000 -2.387820
 52 0.000000 -1.748402 -5.000001 -3.141593 0.004007 -1.539299
 53 5.499999 0.000000 -0.000001 0.182109 -0.000000 -0.000000
 54 0.000000 -0.000000 -4.999999 -0.044472 3.137590 -0.000177
 55 6.551490 0.000000 0.000003 -0.182109 -0.072158 -0.288145
 56 -1.266844 -1.937441 -4.950562 -0.066572 -2.988806 -0.110308
 57 6.551491 0.000000 0.000002 -0.182109 -0.072158 -0.288145
 58 0.699370 -1.944206 -5.006845 -0.027189 -3.088217 0.005298
 59 4.226145 -0.003202 -0.000001 0.114942 0.097839 0.258089
 60 -0.000001 4.999999 -0.000000 -0.153564 0.000087 2.718702
 61 0.000004 -0.000004 -3.713580 0.018865 -3.096651 -0.324845
 62 -0.000002 0.000000 5.000000 3.053198 1.558589 -0.074926
 63 -0.000007 0.000006 3.713580 -0.159276 -2.977491 -0.403653
 64 0.000001 -0.000000 -5.000000 -0.088724 1.558589 3.066337
 65 7.363602 1.646647 0.495663 3.141593 -1.570796 0.000000
 66 -0.000005 0.000007 3.619081 -0.217558 -2.796588 -0.810634
 67 16.573919 -0.000001 0.000000 0.000000 0.000000 -2.033247
 68 15.128181 0.000002 -0.000000 0.271612 0.009043 -0.097069
 69 5.758665 4.244730 0.000000 0.000000 -0.000000 1.842220
 70 3.177726 -0.000001 -0.000001 0.000000 0.000000 3.141593
 71 15.708953 0.000001 -0.000001 0.136460 0.001254 -0.052592
 72 0.275149 0.189214 -3.445208 3.130898 0.000409 -1.514604
 73 17.210194 -0.000002 0.000000 -0.000000 -0.000000 -2.328678
 74 -0.000000 0.000001 -4.999999 -0.079432 1.546568 -1.570855
 75 0.000002 -0.000003 -3.619081 0.034416 -3.071533 -0.493407
 76 16.573921 -0.000000 0.000000 0.000000 0.000000 -1.045581
 77 15.128181 0.000002 0.000000 0.002618 -0.051986 0.588317
 78 5.758665 4.244731 -0.000000 -0.000000 0.000000 1.815142
 79 4.003934 0.000000 0.000000 0.000000 0.000000 0.000000
 80 15.708955 0.000001 0.000000 0.004296 -0.037430 0.405337
 81 0.273998 0.191090 3.439762 -3.130907 -0.000437 -1.508107
 82 17.210194 0.000000 0.000000 -0.000000 -0.000000 -1.884228
 83 0.000000 -0.000001 5.000000 -0.079311 1.595025 -1.570737
time 67
  0 -0.650000 0.000000 33.899605 -0.025849 0.174554 -1.569172
  1 5.816420 0.852483 -32.971565 -0.174512 -0.026131 1.569196
  2 -2.276935 0.000003 -1.238188 -1.570795 -1.570451 0.000000
  3 1.797280 0.711822 0.000385 -0.121186 -0.210272 0.067935
  4 4.118872 -0.003241 0.000427 -0.130958 0.039532 0.077994
  5 4.119354 -0.003171 0.000376 -0.115710 0.096923 0.221114
  6 4.118729 -0.003251 0.000423 -0.129479 0.037196 0.034079
  7 4.120105 -0.003053 -0.000971 0.283073 0.181600 0.509759
  8 4.443599 0.000002 0.000000 0.226821 -0.756513 0.436842
  9 9.024061 0.000001 -0.000000 0.000000 0.000000 0.000000
 10 -0.312936 0.479540 1.636403 -0.822603 -1.096771 -2.730520
 11 6.384776 0.000002 0.000003 -0.458684 0.892361 -0.854582
 12 10.242683 -0.000001 -0.000001 -0.000000 -0.000000 -1.255377
 13 11.375563 0.000000 0.000002 -0.612473 -0.491951 0.230739
 14 0.728680 0.023430 -1.008292 1.918491 0.316259 0.521866
 15 2.136496 0.000001 0.000002 0.000000 -0.000000 -0.349066
 16 2.313140 0.000001 -0.000001 0.000000 0.000000 0.000000
 17 3.115506 -0.886043 -0.021432 -0.022567 0.271393 0.743233
 18 2.011152 0.000001 0.000000 0.000000 -0.000000 0.947546
 19 2.141377 0.000001 -0.000000 0.000000 0.000000 0.000000
 20 1.734171 0.000000 -0.000000 0.000000 -0.000000 0.473269
 21 0.000007 -4.440594 0.000001 1.570544 -0.062990 -0.195737
 22 6.000001 0.000002 0.000001 -0.843326 -0.000000 0.000000
 23 0.000002 -4.440601 -0.000000 1.569944 -0.062987 0.004053
 24 11.375563 0.000001 0.000004 -1.096681 -0.228784 0.184732
 25 -0.000001 -4.440604 -0.000000 1.570144 -0.062988 0.004040
 26 10.510130 -0.000000 -0.000000 0.000000 -0.000000 -2.198485
 27 0.000001 -1.748402 4.999998 -0.000000 0.004007 1.602291
 28 5.500000 -0.000001 -0.000000 0.019634 0.000000 0.000000
 29 -0.000000 -1.940598 5.000001 -0.044472 0.004003 -0.000180
 30 6.551491 0.000001 0.000000 -0.111260 0.599932 -0.505614
 31 0.000000 -1.940598 5.000000 -0.027189 -0.053376 0.005295
 32 6.551491 0.000001 0.000000 -0.009522 0.288496 -0.217593
 33 -0.000001 -1.940599 4.999997 -0.066572 -0.152786 -0.110311
 34 0.312939 -0.472460 -1.636403 -1.487358 1.445918 1.232441
 35 6.384776 0.000000 0.000002 -0.408660 -0.458556 -1.030448
 36 10.242680 0.000000 0.000000 0.000000 -0.000000 -1.587218
 37 11.375562 0.000004 0.000002 2.575821 0.137255 0.322074
 38 0.728681 0.023430 1.008292 -1.579583 -0.319038 0.212973
 39 2.136496 0.000001 -0.000000 0.000000 -0.000000 1.282817
 40 2.313138 -0.000000 0.000001 0.000000 0.000000 3.141593
 41 3.115506 -0.886041 0.021434 0.420766 0.316066 0.167178
 42 2.011150 -0.000001 -0.000000 0.000000 0.000000 2.082010
 43 2.141380 0.000000 -0.000001 0.000000 0.000000 3.141593
 44 1.734173 -0.000003 -0.000001 0.000000 0.000000 1.041748
 45 0.136314 -3.738192 2.525890 1.493698 2.759406 -1.474501
 46 10.273805 -0.437102 1.198991 1.793563 0.004868 1.507198
 47 11.389365 -0.000818 0.158782 2.067390 0.121820 0.158490
 48 0.000000 -4.440599 0.000000 1.570144 -3.078602 0.004040
 49 5.999999 0.000001 -0.000000 2.067390 -0.000000 -0.000000
 50 0.000002 -4.440601 -0.000002 1.569944 -3.078603 0.004053
 51 10.510132 -0.000000 0.000002 -0.000000 0.000000 -2.364405
 52 0.000000 -1.748399 -5.000002 -3.141593 0.004007 -1.539299
 53 5.499999 0.000000 0.000001 0.185560 -0.000000 0.000000
 54 0.000002 -0.000001 -4.999999 -0.044472 3.137590 -0.000177
 55 6.551490 -0.000000 0.000003 -0.185560 -0.070984 -0.298898
 56 -1.266844 -1.937443 -4.950561 -0.066572 -2.988806 -0.110308
 57 6.551491 -0.000000 0.000003 -0.185560 -0.070984 -0.298898
 58 0.699370 -1.944208 -5.006848 -0.027189 -3.088217 0.005298
 59 4.226145 -0.003201 0.000001 0.130948 0.110368 0.263447
 60 0.000000 5.000003 0.000001 -0.153564 0.000087 2.718701
 61 0.000004 -0.000004 -3.713580 0.018865 -3.096651 -0.324845
 62 -0.000002 0.000000 5.000000 3.053198 1.558589 -0.074926
 63 -0.000007 0.000006 3.713580 -0.159276 -2.977491 -0.403653
 64 0.000001 -0.000000 -5.000000 -0.088724 1.558589 3.066337
 65 7.363602 1.646647 0.495663 3.141593 -1.570796 0.000000
 66 -0.000005 0.000007 3.619081 -0.217558 -2.796588 -0.810634
 67 16.573919 -0.000001 0.000000 0.000000 0.000000 -2.033247
 68 15.128181 0.000002 -0.000000 0.271612 0.009043 -0.097069
 69 5.758665 4.244730 0.000000 0.000000 -0.000000 1.842220
 70 3.177726 -0.000001 -0.000001 0.000000 0.000000 3.141593
 71 15.708953 0.000001 -0.000001 0.136460 0.001254 -0.052592
 72 0.275149 0.189214 -3.445208 3.130898 0.000409 -1.514604
 73 17.210194 -0.000002 0.000000 -0.000000 -0.000000 -2.328678
 74 -0.000000 0.000001 -4.999999 -0.079432 1.546568 -1.570855
 75 0.000002 -0.000003 -3.619081 0.034416 -3.071533 -0.493407
 76 16.573921 -0.000000 0.000000 0.000000 0.000000 -1.045581
 77 15.128181 0.000002 0.000000 0.002618 -0.051986 0.588317
 78 5.758665 4.244731 -0.000000 -0.000000 0.000000 1.815142
 79 4.003934 0.000000 0.000000 0.000000 0.000000 0.000000
 80 15.708955 0.000001 0.000000 0.004296 -0.037430 0.405337
 81 0.273998 0.191090 3.439762 -3.130907 -0.000437 -1.508107
 82 17.210194 0.000000 0.000000 -0.000000 -0.000000 -1.884228
 83 0.000000 -0.000001 5.000000 -0.079311 1.595025 -1.570737
time 68
  0 -0.650000 0.000000 33.899605 -0.025849 0.174554 -1.569172
  1 5.816420 0.852483 -32.971565 -0.174512 -0.026131 1.569196
  2 -2.276935 0.000003 -1.238188 -1.570795 -1.570451 0.000000
  3 1.797270 0.711826 0.000420 -0.131671 -0.187504 0.063578
  4 4.118869 -0.003235 0.000464 -0.142001 0.033563 0.078116
  5 4.119339 -0.003170 0.000415 -0.127445 0.087063 0.217286
  6 4.118728 -0.003244 0.000459 -0.140548 0.030741 0.034220
  7 4.120049 -0.003006 -0.001179 0.347643 0.207153 0.522738
  8 4.443600 -0.000002 -0.000000 0.166526 -0.784949 0.500467
  9 9.024060 -0.000001 0.000001 0.000000 0.000000 0.000000
 10 -0.356377 0.581221 1.594238 -0.655110 -1.089658 -2.887964
 11 6.384776 0.000000 0.000002 -0.510523 0.967275 -0.780933
 12 10.242681 -0.000001 0.000000 -0.000000 0.000000 -1.313743
 13 11.375561 -0.000001 0.000001 -0.329185 -0.549794 0.049937
 14 0.728681 0.023432 -1.008293 1.855877 0.358957 0.524945
 15 2.136496 0.000001 0.000001 0.000000 -0.000000 -0.349066
 16 2.313138 -0.000000 -0.000001 0.000000 0.000000 0.000000
 17 3.115507 -0.886043 -0.021432 0.006874 0.272222 0.852794
 18 2.011148 0.000001 -0.000000 -0.000000 -0.000000 1.053084
 19 2.141380 -0.000001 -0.000000 0.000000 0.000000 0.000000
 20 1.734170 0.000002 -0.000001 -0.000000 -0.000000 0.525809
 21 0.000008 -4.440593 0.000000 1.570544 -0.062990 -0.195737
 22 5.999999 -0.000002 0.000000 -0.627317 -0.000000 -0.000000
 23 0.000002 -4.440601 0.000001 1.569944 -0.062987 0.004053
 24 11.375562 -0.000000 0.000003 -0.976542 -0.279245 0.124175
 25 -0.000002 -4.440603 -0.000001 1.570144 -0.062988 0.004040
 26 10.510130 -0.000000 0.000000 0.000000 -0.000000 -2.227668
 27 0.000000 -1.748399 4.999998 0.000000 0.004007 1.602290
 28 5.499999 0.000000 0.000001 0.033202 -0.000000 -0.000000
 29 -0.000002 -1.940598 5.000000 -0.044472 0.004003 -0.000180
 30 6.551491 -0.000000 0.000001 -0.133167 0.627196 -0.455278
 31 0.000001 -1.940599 5.000003 -0.027189 -0.053376 0.005295
 32 6.551491 -0.000000 0.000001 -0.021183 0.302332 -0.192202
 33 0.000000 -1.940599 4.999994 -0.066572 -0.152786 -0.110311
 34 0.356381 -0.574146 -1.594239 -2.046419 1.481477 0.672153
 35 6.384776 0.000000 -0.000000 -0.412327 -0.465633 -1.066829
 36 10.242684 -0.000001 0.000001 0.000000 -0.000000 -1.571111
 37 11.375560 0.000001 0.000001 2.579439 0.126183 0.305074
 38 0.728682 0.023430 1.008291 -1.579583 -0.319038 0.212973
 39 2.136497 -0.000001 -0.000000 -0.000000 -0.000000 1.282817
 40 2.313138 -0.000001 0.000000 0.000000 0.000000 3.141593
 41 3.115507 -0.886041 0.021432 0.420765 0.316066 0.167178
 42 2.011152 -0.000001 0.000001 -0.000000 0.000000 2.082010
 43 2.141380 0.000000 -0.000001 0.000000 0.000000 3.141593
 44 1.734173 -0.000001 0.000001 0.000000 -0.000000 1.041748
 45 0.136315 -3.738193 2.525891 1.493698 2.759406 -1.474501
 46 10.273805 -0.437102 1.198991 1.793563 0.004868 1.507198
 47 11.389367 -0.000816 0.158783 2.070031 0.114096 0.151360
 48 0.000001 -4.440598 0.000000 1.570144 -3.078602 0.004040
 49 5.999999 0.000001 0.000000 2.070031 -0.000000 -0.000000
 50 0.000001 -4.440601 0.000002 1.569944 -3.078603 0.004053
 51 10.510133 -0.000000 0.000001 0.000000 0.000000 -2.356352
 52 -0.000000 -1.748401 -5.000000 -3.141593 0.004007 -1.539299
 53 5.500000 0.000000 -0.000001 0.192843 0.000000 0.000000
 54 -0.000001 -0.000000 -5.000001 -0.044472 3.137589 -0.000177
 55 6.551490 0.000001 -0.000001 -0.192843 -0.068314 -0.306446
 56 -1.266843 -1.937443 -4.950560 -0.066572 -2.988806 -0.110308
 57 6.551491 0.000001 -0.000001 -0.192843 -0.068314 -0.306446
 58 0.699371 -1.944209 -5.006846 -0.027189 -3.088217 0.005298
 59 4.226147 -0.003201 -0.000000 0.161033 0.127580 0.266160
 60 0.000001 5.000000 -0.000000 -0.153564 0.000087 2.718702
 61 0.000004 -0.000004 -3.713580 0.018865 -3.096651 -0.324845
 62 -0.000002 0.000000 5.000000 3.053198 1.558589 -0.074926
 63 -0.000007 0.000006 3.713580 -0.159276 -2.977491 -0.403653
 64 0.000001 -0.000000 -5.000000 -0.088724 1.558589 3.066337
 65 7.363602 1.646647 0.495663 3.141593 -1.570796 0.000000
 66 -0.000005 0.000007 3.619081 -0.217558 -2.796588 -0.810634
 67 16.573919 -0.000001 0.000000 0.000000 0.000000 -2.033247
 68 15.128181 0.000002 -0.000000 0.271612 0.009043 -0.097069
 69 5.758665 4.244730 0.000000 0.000000 -0.000000 1.842220
 70 3.177726 -0.000001 -0.000001 0.000000 0.000000 3.141593
 71 15.708953 0.000001 -0.000001 0.136460 0.001254 -0.052592
 72 0.275149 0.189214 -3.445208 3.130898 0.000409 -1.514604
 73 17.210194 -0.000002 0.000000 -0.000000 -0.000000 -2.328678
 74 -0.000000 0.000001 -4.999999 -0.079432 1.546568 -1.570855
 75 0.000002 -0.000003 -3.619081 0.034416 -3.071533 -0.493407
 76 16.573921 -0.000000 0.000000 0.000000 0.000000 -1.045581
 77 15.128181 0.000002 0.000000 0.002618 -0.051986 0.588317
 78 5.758665 4.244731 -0.000000 -0.000000 0.000000 1.815142
 79 4.003934 0.000000 0.000000 0.000000 0.000000 0.000000
 80 15.708955 0.000001 0.000000 0.004296 -0.037430 0.405337
 81 0.273998 0.191090 3.439762 -3.130907 -0.000437 -1.508107
 82 17.210194 0.000000 0.000000 -0.000000 -0.000000 -1.884228
 83 0.000000 -0.000001 5.000000 -0.079311 1.595025 -1.570737
time 69
  0 -0.650000 0.000000 33.899605 -0.025849 0.174554 -1.569172
  1 5.816420 0.852483 -32.971565 -0.174512 -0.026131 1.569196
  2 -2.276935 0.000003 -1.238188 -1.570795 -1.570451 0.000000
  3 1.797253 0.711832 0.000468 -0.145942 -0.156704 0.056337
  4 4.118866 -0.003229 0.000512 -0.156974 0.025395 0.078186
  5 4.119301 -0.003169 0.000470 -0.143723 0.072851 0.206963
  6 4.118722 -0.003238 0.000508 -0.155555 0.021914 0.034323
  7 4.119948 -0.002941 -0.001442 0.432337 0.235198 0.534957
  8 4.443601 -0.000002 -0.000000 0.081896 -0.800729 0.599235
  9 9.024060 -0.000001 -0.000000 0.000000 0.000000 0.000000
 10 -0.403786 0.709546 1.529976 -0.442441 -1.067961 -3.083194
 11 6.384776 0.000002 0.000003 -0.359276 1.007383 -0.543877
 12 10.242683 -0.000001 -0.000000 -0.000000 -0.000000 -1.454451
 13 11.375562 0.000001 0.000000 -0.344155 -0.532578 0.023232
 14 0.728681 0.023433 -1.008292 1.862875 0.354205 0.524742
 15 2.136497 0.000000 0.000000 -0.000000 -0.000000 -0.349066
 16 2.313140 0.000001 0.000002 0.000000 0.000000 0.000000
 17 3.115507 -0.886041 -0.021432 0.003600 0.272283 0.840619
 18 2.011153 0.000003 0.000000 -0.000000 -0.000000 1.041357
 19 2.141376 -0.000000 -0.000000 0.000000 0.000000 0.000000
 20 1.734174 0.000002 -0.000000 -0.000000 0.000000 0.519966
 21 0.000009 -4.440594 -0.000000 1.570544 -0.062990 -0.195737
 22 6.000000 0.000000 -0.000000 -0.639647 0.000000 0.000000
 23 0.000001 -4.440601 -0.000001 1.569944 -0.062987 0.004053
 24 11.375562 0.000002 0.000002 -0.984065 -0.276453 0.106129
 25 -0.000001 -4.440605 -0.000001 1.570144 -0.062988 0.004040
 26 10.510132 0.000000 -0.000000 -0.000000 -0.000000 -2.298022
 27 0.000000 -1.748403 5.000001 0.000000 0.004007 1.602290
 28 5.500001 0.000000 0.000000 0.020931 -0.000000 0.000000
 29 -0.000001 -1.940598 5.000001 -0.044472 0.004003 -0.000180
 30 6.551491 -0.000000 0.000001 -0.092957 0.630936 -0.345566
 31 0.000001 -1.940600 5.000002 -0.027189 -0.053376 0.005295
 32 6.551491 -0.000000 0.000001 -0.012576 0.303866 -0.147944
 33 -0.000001 -1.940599 4.999999 -0.066572 -0.152786 -0.110311
 34 0.403791 -0.702470 -1.529978 -2.977440 1.467090 -0.255515
 35 6.384776 -0.000001 0.000001 -0.438521 -0.467612 -1.077358
 36 10.242682 -0.000001 0.000002 -0.000000 0.000000 -1.593526
 37 11.375559 -0.000001 -0.000001 2.573538 0.123163 0.273984
 38 0.728680 0.023431 1.008294 -1.579583 -0.319038 0.212973
 39 2.136497 -0.000000 0.000000 0.000000 0.000000 1.282817
 40 2.313138 0.000000 -0.000001 0.000000 0.000000 3.141593
 41 3.115507 -0.886041 0.021432 0.420765 0.316066 0.167178
 42 2.011151 -0.000001 0.000000 -0.000000 -0.000000 2.082010
 43 2.141379 0.000000 -0.000000 0.000000 0.000000 3.141593
 44 1.734171 -0.000001 0.000000 0.000000 -0.000000 1.041748
 45 0.136315 -3.738191 2.525891 1.493698 2.759406 -1.474501
 46 10.273806 -0.437104 1.198991 1.793563 0.004868 1.507198
 47 11.389365 -0.000819 0.158781 2.067669 0.108403 0.135492
 48 0.000000 -4.440599 0.000002 1.570144 -3.078602 0.004040
 49 5.999998 -0.000001 -0.000001 2.067670 -0.000000 0.000000
 50 0.000002 -4.440601 -0.000001 1.569944 -3.078603 0.004053
 51 10.510132 -0.000002 0.000002 0.000000 -0.000000 -2.367559
 52 0.000000 -1.748402 -5.000001 -3.141593 0.004007 -1.539299
 53 5.500001 -0.000002 0.000002 0.204443 0.000000 0.000000
 54 0.000001 -0.000001 -4.999999 -0.044472 3.137589 -0.000177
 55 6.551490 0.000000 -0.000001 -0.204443 -0.062835 -0.310535
 56 -1.266845 -1.937441 -4.950560 -0.066572 -2.988806 -0.110308
 57 6.551491 0.000000 -0.000001 -0.204443 -0.062835 -0.310535
 58 0.699371 -1.944207 -5.006845 -0.027189 -3.088217 0.005298
 59 4.226148 -0.003202 -0.000000 0.200741 0.147421 0.266995
 60 -0.000001 5.000001 0.000000 -0.153564 0.000087 2.718702
 61 0.000004 -0.000004 -3.713580 0.018865 -3.096651 -0.324845
 62 -0.000002 0.000000 5.000000 3.053198 1.558589 -0.074926
 63 -0.000007 0.000006 3.713580 -0.159276 -2.977491 -0.403653
 64 0.000001 -0.000000 -5.000000 -0.088724 1.558589 3.066337
 65 7.363602 1.646647 0.495663 3.141593 -1.570796 0.000000
 66 -0.000005 0.000007 3.619081 -0.217558 -2.796588 -0.810634
 67 16.573919 -0.000001 0.000000 0.000000 0.000000 -2.033247
 68 15.128181 0.000002 -0.000000 0.271612 0.009043 -0.097069
 69 5.758665 4.244730 0.000000 0.000000 -0.000000 1.842220
 70 3.177726 -0.000001 -0.000001 0.000000 0.000000 3.141593
 71 15.708953 0.000001 -0.000001 0.136460 0.001254 -0.052592
 72 0.275149 0.189214 -3.445208 3.130898 0.000409 -1.514604
 73 17.210194 -0.000002 0.000000 -0.000000 -0.000000 -2.328678
 74 -0.000000 0.000001 -4.999999 -0.079432 1.546568 -1.570855
 75 0.000002 -0.000003 -3.619081 0.034416 -3.071533 -0.493407
 76 16.573921 -0.000000 0.000000 0.000000 0.000000 -1.045581
 77 15.128181 0.000002 0.000000 0.002618 -0.051986 0.588317
 78 5.758665 4.244731 -0.000000 -0.000000 0.000000 1.815142
 79 4.003934 0.000000 0.000000 0.000000 0.000000 0.000000
 80 15.708955 0.000001 0.000000 0.004296 -0.037430 0.405337
 81 0.273998 0.191090 3.439762 -3.130907 -0.000437 -1.508107
 82 17.210194 0.000000 0.000000 -0.000000 -0.000000 -1.884228
 83 0.000000 -0.000001 5.000000 -0.079311 1.595025 -1.570737
time 70
  0 -0.650000 0.000000 33.899605 -0.025849 0.174554 -1.569172
  1 5.816420 0.852483 -32.971565 -0.174512 -0.026131 1.569196
  2 -2.276935 0.000003 -1.238188 -1.570795 -1.570451 0.000000
  3 1.797232 0.711840 0.000523 -0.162253 -0.121543 0.047518
  4 4.118862 -0.003219 0.000568 -0.173886 0.016017 0.078431
  5 4.119252 -0.003171 0.000529 -0.162139 0.055934 0.192714
  6 4.118722 -0.003229 0.000562 -0.172507 0.011793 0.034617
  7 4.119797 -0.002851 -0.001721 0.527984 0.262770 0.547406
  8 4.443598 -0.000001 -0.000001 -0.012410 -0.798627 0.713407
  9 9.024060 0.000002 -0.000000 0.000000 0.000000 0.000000
 10 -0.450089 0.846502 1.445389 -0.251971 -1.034090 3.035167
 11 6.384776 0.000002 0.000001 -0.087537 1.022967 -0.222574
 12 10.242685 -0.000001 -0.000000 -0.000000 0.000000 -1.629101
 13 11.375561 -0.000001 0.000000 -0.482632 -0.504426 0.060516
 14 0.728681 0.023430 -1.008292 1.897707 0.330471 0.523201
 15 2.136498 0.000001 0.000003 0.000000 -0.000000 -0.349066
 16 2.313139 0.000001 -0.000002 0.000000 0.000000 0.000000
 17 3.115506 -0.886041 -0.021431 -0.012767 0.272014 0.779746
 18 2.011150 -0.000002 -0.000001 -0.000000 0.000000 0.982725
 19 2.141381 -0.000000 0.000001 0.000000 0.000000 0.000000
 20 1.734171 0.000001 -0.000000 -0.000000 -0.000000 0.490770
 21 0.000004 -4.440594 -0.000000 1.570544 -0.062990 -0.195737
 22 5.999999 -0.000002 0.000001 -0.748550 0.000000 -0.000000
 23 0.000002 -4.440599 -0.000000 1.569944 -0.062987 0.004053
 24 11.375562 0.000000 0.000003 -1.045634 -0.258980 0.109347
 25 -0.000001 -4.440606 -0.000001 1.570144 -0.062988 0.004040
 26 10.510133 -0.000001 -0.000001 0.000000 0.000000 -2.385346
 27 -0.000000 -1.748402 5.000000 -0.000000 0.004007 1.602291
 28 5.500001 0.000000 0.000001 -0.022423 -0.000000 -0.000000
 29 0.000000 -1.940599 5.000000 -0.044472 0.004003 -0.000180
 30 6.551490 0.000001 -0.000001 0.011145 0.640922 -0.187364
 31 -0.000001 -1.940600 5.000000 -0.027189 -0.053376 0.005295
 32 6.551490 0.000001 -0.000001 0.021329 0.307092 -0.085724
 33 0.000000 -1.940599 4.999996 -0.066572 -0.152786 -0.110311
 34 0.450090 -0.839428 -1.445390 2.819772 1.394540 -0.735186
 35 6.384776 -0.000001 0.000000 -0.488555 -0.460151 -1.058938
 36 10.242683 -0.000002 0.000001 -0.000000 -0.000000 -1.659943
 37 11.375560 -0.000001 -0.000000 2.571085 0.122777 0.258307
 38 0.728681 0.023431 1.008289 -1.579583 -0.319038 0.212973
 39 2.136496 0.000001 0.000000 -0.000000 -0.000000 1.282817
 40 2.313137 -0.000001 0.000000 0.000000 0.000000 3.141593
 41 3.115506 -0.886041 0.021430 0.420766 0.316066 0.167178
 42 2.011150 -0.000001 -0.000000 -0.000000 0.000000 2.082010
 43 2.141378 -0.000001 -0.000000 0.000000 0.000000 3.141593
 44 1.734172 -0.000003 -0.000000 -0.000000 -0.000000 1.041748
 45 0.136316 -3.738191 2.525892 1.493698 2.759406 -1.474501
 46 10.273805 -0.437102 1.198989 1.793563 0.004868 1.507198
 47 11.389366 -0.000818 0.158783 2.066669 0.106138 0.127194
 48 0.000000 -4.440599 0.000002 1.570144 -3.078602 0.004040
 49 6.000000 0.000000 0.000000 2.066669 0.000000 0.000000
 50 0.000001 -4.440601 -0.000000 1.569944 -3.078603 0.004053
 51 10.510132 -0.000002 0.000001 0.000000 0.000000 -2.400768
 52 0.000000 -1.748402 -5.000001 -3.141593 0.004007 -1.539299
 53 5.500000 -0.000002 0.000000 0.219241 -0.000000 -0.000000
 54 -0.000002 0.000000 -5.000001 -0.044472 3.137589 -0.000177
 55 6.551490 -0.000000 -0.000001 -0.219241 -0.053920 -0.310080
 56 -1.266842 -1.937444 -4.950560 -0.066572 -2.988806 -0.110308
 57 6.551490 -0.000001 -0.000001 -0.219241 -0.053920 -0.310080
 58 0.699370 -1.944208 -5.006848 -0.027189 -3.088217 0.005298
 59 4.226145 -0.003201 -0.000000 0.245603 0.167997 0.266605
 60 0.000002 5.000001 0.000000 -0.153564 0.000087 2.718702
 61 0.000004 -0.000004 -3.713580 0.018865 -3.096651 -0.324845
 62 -0.000002 0.000000 5.000000 3.053198 1.558589 -0.074926
 63 -0.000007 0.000006 3.713580 -0.159276 -2.977491 -0.403653
 64 0.000001 -0.000000 -5.000000 -0.088724 1.558589 3.066337
 65 7.363602 1.646647 0.495663 3.141593 -1.570796 0.000000
 66 -0.000005 0.000007 3.619081 -0.217558 -2.796588 -0.810634
 67 16.573919 -0.000001 0.000000 0.000000 0.000000 -2.033247
 68 15.128181 0.000002 -0.000000 0.271612 0.009043 -0.097069
 69 5.758665 4.244730 0.000000 0.000000 -0.000000 1.842220
 70 3.177726 -0.000001 -0.000001 0.000000 0.000000 3.141593
 71 15.708953 0.000001 -0.000001 0.136460 0.001254 -0.052592
 72 0.275149 0.189214 -3.445208 3.130898 0.000409 -1.514604
 73 17.210194 -0.000002 0.000000 -0.000000 -0.000000 -2.328678
 74 -0.000000 0.000001 -4.999999 -0.079432 1.546568 -1.570855
 75 0.000002 -0.000003 -3.619081 0.034416 -3.071533 -0.493407
 76 16.573921 -0.000000 0.000000 0.000000 0.000000 -1.045581
 77 15.128181 0.000002 0.000000 0.002618 -0.051986 0.588317
 78 5.758665 4.244731 -0.000000 -0.000000 0.000000 1.815142
 79 4.003934 0.000000 0.000000 0.000000 0.000000 0.000000
 80 15.708955 0.000001 0.000000 0.004296 -0.037430 0.405337
 81 0.273998 0.191090 3.439762 -3.130907 -0.000437 -1.508107
 82 17.210194 0.000000 0.000000 -0.000000 -0.000000 -1.884228
 83 0.000000 -0.000001 5.000000 -0.079311 1.595025 -1.570737
time 71
  0 -0.650000 0.000000 33.899605 -0.025849 0.174554 -1.569172
  1 5.816420 0.852483 -32.971565 -0.174512 -0.026131 1.569196
  2 -2.276935 0.000003 -1.238188 -1.570795 -1.570451 0.000000
  3 1.797216 0.711849 0.000579 -0.178768 -0.085631 0.038603
  4 4.118864 -0.003210 0.000621 -0.190752 0.006422 0.079020
  5 4.119191 -0.003172 0.000588 -0.180385 0.038067 0.176987
  6 4.118717 -0.003219 0.000617 -0.189416 0.001457 0.035268
  7 4.119630 -0.002743 -0.001986 0.625181 0.287147 0.560085
  8 4.443600 -0.000001 0.000000 -0.099882 -0.778746 0.820796
  9 9.024060 -0.000001 -0.000000 0.000000 0.000000 0.000000
 10 -0.490736 0.976078 1.347465 -0.123424 -1.010358 2.940712
 11 6.384777 -0.000001 -0.000001 0.298764 1.046687 0.156860
 12 10.242682 -0.000002 0.000000 -0.000000 -0.000000 -1.847109
 13 11.375561 0.000001 0.000000 -0.540414 -0.519265 0.080721
 14 0.728680 0.023430 -1.008292 1.918491 0.316259 0.521866
 15 2.136497 0.000000 0.000002 0.000000 -0.000000 -0.349066
 16 2.313138 -0.000000 0.000003 0.000000 0.000000 0.000000
 17 3.115505 -0.886041 -0.021432 -0.022567 0.271393 0.743233
 18 2.011153 -0.000002 0.000001 0.000000 -0.000000 0.947546
 19 2.141378 0.000001 -0.000001 0.000000 0.000000 0.000000
 20 1.734173 -0.000000 0.000001 -0.000000 -0.000000 0.473269
 21 0.000005 -4.440594 0.000000 1.570544 -0.062990 -0.195737
 22 6.000000 -0.000001 0.000001 -0.794584 0.000000 -0.000000
 23 0.000002 -4.440600 0.000000 1.569944 -0.062987 0.004053
 24 11.375562 0.000002 0.000003 -1.073093 -0.264053 0.116955
 25 -0.000000 -4.440601 0.000001 1.570144 -0.062988 0.004040
 26 10.510132 -0.000002 0.000000 0.000000 -0.000000 -2.494351
 27 -0.000000 -1.748402 4.999999 -0.000000 0.004007 1.602290
 28 5.500001 -0.000001 -0.000000 -0.110660 0.000000 0.000000
 29 0.000000 -1.940598 5.000000 -0.044472 0.004003 -0.000180
 30 6.551492 0.000000 0.000002 0.205552 0.665522 0.006716
 31 0.000001 -1.940599 5.000002 -0.027189 -0.053376 0.005295
 32 6.551492 0.000000 0.000002 0.091981 0.317664 -0.014650
 33 0.000000 -1.940599 4.999998 -0.066572 -0.152786 -0.110311
 34 0.490742 -0.969002 -1.347466 2.610053 1.304120 -0.939090
 35 6.384777 0.000001 -0.000002 -0.573501 -0.417355 -0.982194
 36 10.242684 -0.000003 0.000002 -0.000000 0.000000 -1.807196
 37 11.375561 0.000001 -0.000001 2.574042 0.127009 0.266652
 38 0.728681 0.023431 1.008291 -1.579583 -0.319038 0.212973
 39 2.136497 -0.000002 -0.000001 -0.000000 -0.000000 1.282817
 40 2.313141 0.000001 -0.000000 0.000000 0.000000 3.141593
 41 3.115507 -0.886041 0.021433 0.420765 0.316066 0.167178
 42 2.011151 -0.000001 0.000001 0.000000 0.000000 2.082010
 43 2.141381 0.000000 -0.000000 0.000000 0.000000 3.141593
 44 1.734172 -0.000001 0.000001 0.000000 0.000000 1.041748
 45 0.136315 -3.738191 2.525891 1.493698 2.759406 -1.474501
 46 10.273805 -0.437103 1.198993 1.793563 0.004868 1.507198
 47 11.389366 -0.000819 0.158780 2.067838 0.109601 0.130922
 48 -0.000000 -4.440599 -0.000000 1.570144 -3.078602 0.004040
 49 6.000000 0.000001 -0.000000 2.067838 -0.000000 -0.000000
 50 0.000002 -4.440602 -0.000002 1.569944 -3.078603 0.004053
 51 10.510132 -0.000001 0.000001 -0.000000 -0.000000 -2.474394
 52 -0.000000 -1.748399 -5.000002 -3.141593 0.004007 -1.539299
 53 5.500001 -0.000002 0.000001 0.234136 0.000000 -0.000000
 54 -0.000001 0.000001 -5.000000 -0.044472 3.137590 -0.000177
 55 6.551491 0.000000 -0.000000 -0.234136 -0.037217 -0.299495
 56 -1.266843 -1.937442 -4.950560 -0.066572 -2.988806 -0.110308
 57 6.551492 0.000000 -0.000000 -0.234136 -0.037217 -0.299495
 58 0.699371 -1.944208 -5.006846 -0.027189 -3.088217 0.005298
 59 4.226146 -0.003202 -0.000001 0.291126 0.187504 0.265562
 60 -0.000000 5.000001 0.000000 -0.153564 0.000087 2.718702
 61 0.000004 -0.000004 -3.713580 0.018865 -3.096651 -0.324845
 62 -0.000002 0.000000 5.000000 3.053198 1.558589 -0.074926
 63 -0.000007 0.000006 3.713580 -0.159276 -2.977491 -0.403653
 64 0.000001 -0.000000 -5.000000 -0.088724 1.558589 3.066337
 65 7.363602 1.646647 0.495663 3.141593 -1.570796 0.000000
 66 -0.000005 0.000007 3.619081 -0.217558 -2.796588 -0.810634
 67 16.573919 -0.000001 0.000000 0.000000 0.000000 -2.033247
 68 15.128181 0.000002 -0.000000 0.271612 0.009043 -0.097069
 69 5.758665 4.244730 0.000000 0.000000 -0.000000 1.842220
 70 3.177726 -0.000001 -0.000001 0.000000 0.000000 3.141593
 71 15.708953 0.000001 -0.000001 0.136460 0.001254 -0.052592
 72 0.275149 0.189214 -3.445208 3.130898 0.000409 -1.514604
 73 17.210194 -0.000002 0.000000 -0.000000 -0.000000 -2.328678
 74 -0.000000 0.000001 -4.999999 -0.079432 1.546568 -1.570855
 75 0.000002 -0.000003 -3.619081 0.034416 -3.071533 -0.493407
 76 16.573921 -0.000000 0.000000 0.000000 0.000000 -1.045581
 77 15.128181 0.000002 0.000000 0.002618 -0.051986 0.588317
 78 5.758665 4.244731 -0.000000 -0.000000 0.000000 1.815142
 79 4.003934 0.000000 0.000000 0.000000 0.000000 0.000000
 80 15.708955 0.000001 0.000000 0.004296 -0.037430 0.405337
 81 0.273998 0.191090 3.439762 -3.130907 -0.000437 -1.508107
 82 17.210194 0.000000 0.000000 -0.000000 -0.000000 -1.884228
 83 0.000000 -0.000001 5.000000 -0.079311 1.595025 -1.570737
time 72
  0 -0.650000 0.000000 33.899605 -0.025849 0.174554 -1.569172
  1 5.816420 0.852483 -32.971565 -0.174512 -0.026131 1.569196
  2 -2.276935 0.000003 -1.238188 -1.570795 -1.570451 0.000000
  3 1.797211 0.711858 0.000627 -0.193512 -0.052495 0.031298
  4 4.118858 -0.003200 0.000670 -0.205591 -0.002393 0.080053
  5 4.119137 -0.003173 0.000639 -0.196288 0.021153 0.162079
  6 4.118713 -0.003208 0.000666 -0.204296 -0.008009 0.036367
  7 4.119465 -0.002627 -0.002210 0.714211 0.305944 0.572007
  8 4.443599 -0.000000 -0.000000 -0.168208 -0.746536 0.902861
  9 9.024060 -0.000000 -0.000000 0.000000 0.000000 0.000000
 10 -0.521885 1.085799 1.248466 -0.105105 -1.041386 2.971743
 11 6.384778 -0.000003 -0.000000 0.855000 1.102573 0.551731
 12 10.242683 -0.000001 -0.000001 -0.000000 -0.000000 -2.032899
 13 11.375560 -0.000002 0.000001 -0.459718 -0.574382 0.035491
 14 0.728681 0.023434 -1.008292 1.918491 0.316259 0.521866
 15 2.136496 0.000000 -0.000002 -0.000000 0.000000 -0.349066
 16 2.313139 0.000000 0.000001 0.000000 0.000000 0.000000
 17 3.115506 -0.886040 -0.021431 -0.022567 0.271393 0.743233
 18 2.011153 0.000002 0.000001 -0.000000 -0.000000 0.947546
 19 2.141380 0.000000 0.000000 0.000000 0.000000 0.000000
 20 1.734172 0.000002 -0.000000 -0.000000 -0.000000 0.473269
 21 0.000006 -4.440594 -0.000000 1.570544 -0.062990 -0.195737
 22 5.999999 -0.000002 0.000001 -0.735608 0.000000 0.000000
 23 0.000000 -4.440601 -0.000001 1.569944 -0.062987 0.004053
 24 11.375561 -0.000002 0.000003 -1.041915 -0.295903 0.107944
 25 -0.000002 -4.440603 -0.000001 1.570144 -0.062988 0.004040
 26 10.510130 -0.000000 -0.000001 0.000000 -0.000000 -2.587246
 27 -0.000000 -1.748401 4.999999 -0.000000 0.004007 1.602291
 28 5.500001 -0.000001 -0.000000 -0.238275 -0.000000 -0.000000
 29 0.000001 -1.940600 5.000000 -0.044472 0.004003 -0.000180
 30 6.551492 -0.000001 0.000003 0.485967 0.760742 0.114175
 31 0.000002 -1.940598 5.000001 -0.027189 -0.053376 0.005295
 32 6.551492 -0.000001 0.000003 0.194021 0.353840 -0.000273
 33 0.000001 -1.940597 4.999997 -0.066572 -0.152786 -0.110311
 34 0.521888 -1.078722 -1.248467 2.501432 1.215934 -1.043722
 35 6.384778 0.000000 -0.000002 -0.672415 -0.324899 -0.858348
 36 10.242682 -0.000004 0.000002 0.000000 0.000000 -2.001431
 37 11.375560 0.000000 -0.000001 2.576001 0.137473 0.283053
 38 0.728679 0.023431 1.008296 -1.579583 -0.319038 0.212973
 39 2.136497 0.000002 -0.000001 -0.000000 0.000000 1.282817
 40 2.313138 -0.000000 0.000000 0.000000 0.000000 3.141593
 41 3.115507 -0.886042 0.021432 0.420765 0.316066 0.167178
 42 2.011152 -0.000001 -0.000001 0.000000 0.000000 2.082010
 43 2.141380 0.000000 -0.000000 0.000000 0.000000 3.141593
 44 1.734173 -0.000002 -0.000001 0.000000 0.000000 1.041748
 45 0.136314 -3.738193 2.525890 1.493698 2.759406 -1.474501
 46 10.273803 -0.437103 1.198995 1.793563 0.004868 1.507198
 47 11.389365 -0.000817 0.158781 2.068075 0.117338 0.137898
 48 0.000002 -4.440599 -0.000000 1.570144 -3.078602 0.004040
 49 5.999999 0.000002 -0.000001 2.068075 -0.000000 0.000000
 50 0.000001 -4.440602 0.000001 1.569944 -3.078603 0.004053
 51 10.510132 -0.000004 0.000003 0.000000 0.000000 -2.571512
 52 0.000001 -1.748400 -5.000001 -3.141593 0.004007 -1.539299
 53 5.500000 -0.000003 0.000001 0.245503 -0.000000 -0.000000
 54 0.000001 -0.000001 -4.999998 -0.044472 3.137589 -0.000177
 55 6.551492 0.000000 -0.000001 -0.245503 -0.013062 -0.280524
 56 -1.266844 -1.937443 -4.950562 -0.066572 -2.988806 -0.110308
 57 6.551492 0.000000 -0.000001 -0.245503 -0.013062 -0.280524
 58 0.699370 -1.944207 -5.006849 -0.027189 -3.088217 0.005298
 59 4.226146 -0.003202 -0.000000 0.332797 0.204107 0.264382
 60 0.000001 4.999999 -0.000000 -0.153564 0.000087 2.718702
 61 0.000004 -0.000004 -3.713580 0.018865 -3.096651 -0.324845
 62 -0.000002 0.000000 5.000000 3.053198 1.558589 -0.074926
 63 -0.000007 0.000006 3.713580 -0.159276 -2.977491 -0.403653
 64 0.000001 -0.000000 -5.000000 -0.088724 1.558589 3.066337
 65 7.363602 1.646647 0.495663 3.141593 -1.570796 0.000000
 66 -0.000005 0.000007 3.619081 -0.217558 -2.796588 -0.810634
 67 16.573919 -0.000001 0.000000 0.000000 0.000000 -2.033247
 68 15.128181 0.000002 -0.000000 0.271612 0.009043 -0.097069
 69 5.758665 4.244730 0.000000 0.000000 -0.000000 1.842220
 70 3.177726 -0.000001 -0.000001 0.000000 0.000000 3.141593
 71 15.708953 0.000001 -0.000001 0.136460 0.001254 -0.052592
 72 0.275149 0.189214 -3.445208 3.130898 0.000409 -1.514604
 73 17.210194 -0.000002 0.000000 -0.000000 -0.000000 -2.328678
 74 -0.000000 0.000001 -4.999999 -0.079432 1.546568 -1.570855
 75 0.000002 -0.000003 -3.619081 0.034416 -3.071533 -0.493407
 76 16.573921 -0.000000 0.000000 0.000000 0.000000 -1.045581
 77 15.128181 0.000002 0.000000 0.002618 -0.051986 0.588317
 78 5.758665 4.244731 -0.000000 -0.000000 0.000000 1.815142
 79 4.003934 0.000000 0.000000 0.000000 0.000000 0.000000
 80 15.708955 0.000001 0.000000 0.004296 -0.037430 0.405337
 81 0.273998 0.191090 3.439762 -3.130907 -0.000437 -1.508107
 82 17.210194 0.000000 0.000000 -0.000000 -0.000000 -1.884228
 83 0.000000 -0.000001 5.000000 -0.079311 1.595025 -1.570737
time 73
  0 -0.650000 0.000000 33.899605 -0.025849 0.174554 -1.569172
  1 5.816420 0.852483 -32.971565 -0.174512 -0.026131 1.569196
  2 -2.276935 0.000003 -1.238188 -1.570795 -1.570451 0.000000
  3 1.797209 0.711866 0.000663 -0.204360 -0.025589 0.027525
  4 4.118862 -0.003194 0.000704 -0.216419 -0.009434 0.081570
  5 4.119084 -0.003172 0.000677 -0.207816 0.007231 0.150158
  6 4.118713 -0.003202 0.000700 -0.215160 -0.015525 0.037936
  7 4.119330 -0.002522 -0.002377 0.785065 0.317162 0.581481
  8 4.443598 0.000000 -0.000000 -0.211859 -0.710246 0.947493
  9 9.024060 0.000001 -0.000001 0.000000 0.000000 0.000000
 10 -0.540388 1.167259 1.164500 -0.181632 -1.115400 3.108167
 11 6.384777 0.000000 0.000002 1.427592 1.168170 0.832964
 12 10.242682 -0.000002 -0.000001 -0.000000 0.000000 -2.081888
 13 11.375560 0.000002 0.000000 -0.386051 -0.614634 -0.042957
 14 0.728681 0.023432 -1.008292 1.918491 0.316259 0.521866
 15 2.136497 -0.000000 0.000002 0.000000 0.000000 -0.349066
 16 2.313139 -0.000000 0.000002 0.000000 0.000000 0.000000
 17 3.115506 -0.886040 -0.021432 -0.022567 0.271393 0.743233
 18 2.011152 -0.000001 -0.000000 -0.000000 -0.000000 0.947546
 19 2.141381 0.000000 -0.000000 0.000000 0.000000 0.000000
 20 1.734172 -0.000001 -0.000001 -0.000000 -0.000000 0.473269
 21 0.000004 -4.440593 -0.000000 1.570544 -0.062990 -0.195737
 22 6.000000 0.000003 0.000000 -0.683366 0.000000 -0.000000
 23 0.000002 -4.440603 -0.000001 1.569944 -0.062987 0.004053
 24 11.375561 0.000002 0.000003 -1.017121 -0.326293 0.081652
 25 -0.000001 -4.440604 0.000001 1.570144 -0.062988 0.004040
 26 10.510130 -0.000002 -0.000000 0.000000 -0.000000 -2.611740
 27 0.000001 -1.748401 4.999999 -0.000000 0.004007 1.602291
 28 5.500000 -0.000002 0.000000 -0.311040 -0.000000 0.000000
 29 -0.000001 -1.940597 5.000000 -0.044472 0.004003 -0.000180
 30 6.551491 -0.000000 0.000000 0.698744 0.902860 0.158579
 31 0.000002 -1.940598 5.000001 -0.027189 -0.053376 0.005295
 32 6.551491 -0.000000 0.000000 0.248365 0.396622 -0.023013
 33 0.000001 -1.940599 4.999993 -0.066572 -0.152786 -0.110311
 34 0.540390 -1.160180 -1.164500 2.446329 1.148435 -1.094513
 35 6.384777 0.000000 -0.000000 -0.750340 -0.211372 -0.732213
 36 10.242681 -0.000002 -0.000000 -0.000000 -0.000000 -2.161015
 37 11.375562 0.000003 0.000001 2.577384 0.148777 0.300110
 38 0.728681 0.023430 1.008291 -1.579583 -0.319038 0.212973
 39 2.136497 0.000002 -0.000002 -0.000000 0.000000 1.282817
 40 2.313138 0.000000 0.000001 0.000000 0.000000 3.141593
 41 3.115507 -0.886042 0.021430 0.420765 0.316066 0.167178
 42 2.011149 0.000001 -0.000000 -0.000000 0.000000 2.082010
 43 2.141378 -0.000001 -0.000001 0.000000 0.000000 3.141593
 44 1.734172 -0.000001 -0.000001 -0.000000 -0.000000 1.041748
 45 0.136314 -3.738194 2.525891 1.493698 2.759406 -1.474501
 46 10.273803 -0.437103 1.198993 1.793563 0.004868 1.507198
 47 11.389366 -0.000818 0.158781 2.067903 0.125490 0.144990
 48 0.000000 -4.440599 0.000001 1.570144 -3.078602 0.004040
 49 6.000000 0.000002 0.000000 2.067903 -0.000000 -0.000000
 50 0.000000 -4.440602 0.000002 1.569944 -3.078603 0.004053
 51 10.510130 -0.000002 0.000001 -0.000000 -0.000000 -2.651304
 52 0.000000 -1.748399 -5.000001 3.141593 0.004007 -1.539299
 53 5.499999 -0.000002 -0.000000 0.253942 0.000000 -0.000000
 54 -0.000001 -0.000001 -5.000000 -0.044472 3.137589 -0.000177
 55 6.551491 -0.000001 0.000001 -0.253942 0.012550 -0.259472
 56 -1.266843 -1.937442 -4.950560 -0.066572 -2.988806 -0.110308
 57 6.551491 -0.000001 0.000001 -0.253942 0.012550 -0.259472
 58 0.699371 -1.944207 -5.006846 -0.027189 -3.088217 0.005298
 59 4.226146 -0.003201 0.000001 0.366104 0.215860 0.263514
 60 -0.000002 5.000001 -0.000001 -0.153564 0.000087 2.718702
 61 0.000004 -0.000004 -3.713580 0.018865 -3.096651 -0.324845
 62 -0.000002 0.000000 5.000000 3.053198 1.558589 -0.074926
 63 -0.000007 0.000006 3.713580 -0.159276 -2.977491 -0.403653
 64 0.000001 -0.000000 -5.000000 -0.088724 1.558589 3.066337
 65 7.363602 1.646647 0.495663 3.141593 -1.570796 0.000000
 66 -0.000005 0.000007 3.619081 -0.217558 -2.796588 -0.810634
 67 16.573919 -0.000001 0.000000 0.000000 0.000000 -2.033247
 68 15.128181 0.000002 -0.000000 0.271612 0.009043 -0.097069
 69 5.758665 4.244730 0.000000 0.000000 -0.000000 1.842220
 70 3.177726 -0.000001 -0.000001 0.000000 0.000000 3.141593
 71 15.708953 0.000001 -0.000001 0.136460 0.001254 -0.052592
 72 0.275149 0.189214 -3.445208 3.130898 0.000409 -1.514604
 73 17.210194 -0.000002 0.000000 -0.000000 -0.000000 -2.328678
 74 -0.000000 0.000001 -4.999999 -0.079432 1.546568 -1.570855
 75 0.000002 -0.000003 -3.619081 0.034416 -3.071533 -0.493407
 76 16.573921 -0.000000 0.000000 0.000000 0.000000 -1.045581
 77 15.128181 0.000002 0.000000 0.002618 -0.051986 0.588317
 78 5.758665 4.244731 -0.000000 -0.000000 0.000000 1.815142
 79 4.003934 0.000000 0.000000 0.000000 0.000000 0.000000
 80 15.708955 0.000001 0.000000 0.004296 -0.037430 0.405337
 81 0.273998 0.191090 3.439762 -3.130907 -0.000437 -1.508107
 82 17.210194 0.000000 0.000000 -0.000000 -0.000000 -1.884228
 83 0.000000 -0.000001 5.000000 -0.079311 1.595025 -1.570737
time 74
  0 -0.650000 0.000000 33.899605 -0.025849 0.174554 -1.569172
  1 5.816420 0.852483 -32.971565 -0.174512 -0.026131 1.569196
  2 -2.276935 0.000003 -1.238188 -1.570795 -1.570451 0.000000
  3 1.797230 0.711869 0.000678 -0.209108 -0.008345 0.029340
  4 4.118862 -0.003189 0.000720 -0.221247 -0.013717 0.083574
  5 4.119059 -0.003172 0.000694 -0.213020 -0.001591 0.143318
  6 4.118718 -0.003199 0.000715 -0.220015 -0.020022 0.039965
  7 4.119248 -0.002446 -0.002473 0.827620 0.319065 0.586621
  8 4.443598 -0.000001 -0.000001 -0.229602 -0.677877 0.946967
  9 9.024061 0.000002 -0.000000 0.000000 0.000000 0.000000
 10 -0.543519 1.214982 1.113242 -0.272788 -1.174094 -3.040771
 11 6.384777 0.000000 -0.000002 1.641036 1.252323 0.803811
 12 10.242683 -0.000001 -0.000000 -0.000000 -0.000000 -2.042317
 13 11.375562 -0.000003 0.000000 -0.432431 -0.671049 -0.058471
 14 0.728681 0.023432 -1.008292 1.918491 0.316259 0.521866
 15 2.136498 0.000001 -0.000001 -0.000000 0.000000 -0.349066
 16 2.313138 -0.000001 0.000001 0.000000 0.000000 0.000000
 17 3.115506 -0.886041 -0.021432 -0.022567 0.271393 0.743233
 18 2.011152 0.000001 0.000002 0.000000 0.000000 0.947546
 19 2.141379 -0.000000 0.000000 0.000000 0.000000 0.000000
 20 1.734171 0.000001 -0.000000 -0.000000 0.000000 0.473269
 21 0.000006 -4.440594 -0.000001 1.570544 -0.062990 -0.195737
 22 6.000000 0.000000 0.000001 -0.726692 -0.000000 0.000000
 23 0.000002 -4.440601 0.000001 1.569944 -0.062987 0.004053
 24 11.375561 0.000000 0.000004 -1.046374 -0.354386 0.078769
 25 -0.000001 -4.440604 -0.000001 1.570144 -0.062988 0.004040
 26 10.510130 -0.000001 -0.000001 0.000000 -0.000000 -2.591955
 27 0.000000 -1.748403 4.999999 -0.000000 0.004007 1.602290
 28 5.500000 -0.000001 0.000000 -0.314366 -0.000000 -0.000000
 29 -0.000001 -1.940598 5.000000 -0.044472 0.004003 -0.000180
 30 6.551492 0.000000 0.000000 0.712799 0.968259 0.085115
 31 0.000001 -1.940597 5.000001 -0.027189 -0.053376 0.005295
 32 6.551492 0.000000 0.000000 0.250762 0.408162 -0.060095
 33 0.000000 -1.940597 4.999995 -0.066572 -0.152786 -0.110311
 34 0.543521 -1.207909 -1.113242 2.427919 1.119020 -1.105720
 35 6.384777 -0.000002 -0.000001 -0.788443 -0.138512 -0.646825
 36 10.242682 -0.000001 0.000001 0.000000 0.000000 -2.230948
 37 11.375563 0.000000 -0.000001 2.578309 0.155548 0.310365
 38 0.728680 0.023431 1.008293 -1.579583 -0.319038 0.212973
 39 2.136497 0.000002 -0.000001 -0.000000 -0.000000 1.282817
 40 2.313140 -0.000000 0.000001 0.000000 0.000000 3.141593
 41 3.115507 -0.886042 0.021432 0.420765 0.316066 0.167178
 42 2.011151 -0.000001 0.000001 0.000000 0.000000 2.082010
 43 2.141379 -0.000000 0.000000 0.000000 0.000000 3.141593
 44 1.734172 -0.000001 0.000001 0.000000 -0.000000 1.041748
 45 0.136315 -3.738189 2.525891 1.493698 2.759406 -1.474501
 46 10.273806 -0.437103 1.198992 1.793563 0.004868 1.507198
 47 11.389367 -0.000820 0.158780 2.067811 0.130337 0.149204
 48 0.000001 -4.440598 -0.000000 1.570144 -3.078602 0.004040
 49 6.000001 0.000000 -0.000001 2.067811 -0.000000 -0.000000
 50 0.000003 -4.440602 -0.000001 1.569944 -3.078603 0.004053
 51 10.510131 -0.000001 0.000002 -0.000000 -0.000000 -2.686270
 52 0.000000 -1.748401 -5.000001 3.141593 0.004007 -1.539299
 53 5.500000 -0.000001 0.000001 0.259105 -0.000000 0.000000
 54 -0.000000 0.000000 -5.000000 -0.044472 3.137589 -0.000177
 55 6.551491 -0.000002 -0.000002 -0.259105 0.028258 -0.243823
 56 -1.266843 -1.937442 -4.950560 -0.066572 -2.988806 -0.110308
 57 6.551491 -0.000002 -0.000002 -0.259105 0.028258 -0.243823
 58 0.699371 -1.944206 -5.006847 -0.027189 -3.088217 0.005298
 59 4.226146 -0.003201 0.000000 0.386560 0.220726 0.263339
 60 0.000000 5.000001 -0.000001 -0.153564 0.000087 2.718702
 61 0.000004 -0.000004 -3.713580 0.018865 -3.096651 -0.324845
 62 -0.000002 0.000000 5.000000 3.053198 1.558589 -0.074926
 63 -0.000007 0.000006 3.713580 -0.159276 -2.977491 -0.403653
 64 0.000001 -0.000000 -5.000000 -0.088724 1.558589 3.066337
 65 7.363602 1.646647 0.495663 3.141593 -1.570796 0.000000
 66 -0.000005 0.000007 3.619081 -0.217558 -2.796588 -0.810634
 67 16.573919 -0.000001 0.000000 0.000000 0.000000 -2.033247
 68 15.128181 0.000002 -0.000000 0.271612 0.009043 -0.097069
 69 5.758665 4.244730 0.000000 0.000000 -0.000000 1.842220
 70 3.177726 -0.000001 -0.000001 0.000000 0.000000 3.141593
 71 15.708953 0.000001 -0.000001 0.136460 0.001254 -0.052592
 72 0.275149 0.189214 -3.445208 3.130898 0.000409 -1.514604
 73 17.210194 -0.000002 0.000000 -0.000000 -0.000000 -2.328678
 74 -0.000000 0.000001 -4.999999 -0.079432 1.546568 -1.570855
 75 0.000002 -0.000003 -3.619081 0.034416 -3.071533 -0.493407
 76 16.573921 -0.000000 0.000000 0.000000 0.000000 -1.045581
 77 15.128181 0.000002 0.000000 0.002618 -0.051986 0.588317
 78 5.758665 4.244731 -0.000000 -0.000000 0.000000 1.815142
 79 4.003934 0.000000 0.000000 0.000000 0.000000 0.000000
 80 15.708955 0.000001 0.000000 0.004296 -0.037430 0.405337
 81 0.273998 0.191090 3.439762 -3.130907 -0.000437 -1.508107
 82 17.210194 0.000000 0.000000 -0.000000 -0.000000 -1.884228
 83 0.000000 -0.000001 5.000000 -0.079311 1.595025 -1.570737
time 75
  0 -0.650000 0.000000 33.899605 -0.025849 0.174554 -1.569172
  1 5.816420 0.852483 -32.971565 -0.174512 -0.026131 1.569196
  2 -2.276935 0.000003 -1.238188 -1.570795 -1.570451 0.000000
  3 1.797268 0.711868 0.000667 -0.205391 -0.001627 0.040016
  4 4.118861 -0.003192 0.000709 -0.217941 -0.015540 0.083851
  5 4.119055 -0.003175 0.000683 -0.209898 -0.004724 0.142050
  6 4.118727 -0.003201 0.000705 -0.216715 -0.021074 0.043003
  7 4.119256 -0.002410 -0.002506 0.837823 0.306659 0.588023
  8 4.443600 -0.000000 0.000001 -0.224794 -0.642467 0.894632
  9 9.024061 0.000000 -0.000000 0.000000 0.000000 0.000000
 10 -0.523066 1.231197 1.105249 -0.302710 -1.196433 -3.009682
 11 6.384777 0.000001 0.000002 1.085914 1.290712 0.060942
 12 10.242683 -0.000002 -0.000000 -0.000000 0.000000 -1.979829
 13 11.375562 0.000003 0.000001 -0.537967 -0.819850 -0.002591
 14 0.728681 0.023433 -1.008292 1.918491 0.316259 0.521866
 15 2.136496 0.000000 0.000002 0.000000 -0.000000 -0.349066
 16 2.313138 -0.000001 0.000003 0.000000 0.000000 0.000000
 17 3.115507 -0.886040 -0.021431 -0.022567 0.271393 0.743233
 18 2.011151 0.000000 0.000000 -0.000000 -0.000000 0.947546
 19 2.141381 -0.000000 0.000001 0.000000 0.000000 0.000000
 20 1.734172 0.000001 -0.000001 0.000000 0.000000 0.473269
 21 0.000007 -4.440594 -0.000001 1.570544 -0.062990 -0.195737
 22 6.000001 0.000002 0.000000 -0.820937 -0.000000 -0.000000
 23 0.000002 -4.440600 -0.000000 1.569944 -0.062987 0.004053
 24 11.375562 0.000003 0.000003 -1.106325 -0.413969 0.116272
 25 -0.000000 -4.440604 -0.000001 1.570144 -0.062988 0.004040
 26 10.510133 -0.000004 0.000000 0.000000 0.000000 -2.560711
 27 0.000001 -1.748403 4.999999 -0.000000 0.004007 1.602290
 28 5.500000 -0.000001 -0.000000 -0.275251 -0.000000 0.000000
 29 -0.000002 -1.940598 5.000002 -0.044472 0.004003 -0.000180
 30 6.551491 0.000001 0.000002 0.534485 0.904454 -0.153397
 31 -0.000001 -1.940598 5.000002 -0.027189 -0.053376 0.005295
 32 6.551491 0.000001 0.000002 0.225303 0.379722 -0.122175
 33 -0.000000 -1.940598 4.999998 -0.066572 -0.152786 -0.110311
 34 0.523070 -1.224120 -1.105249 2.437058 1.134300 -1.090189
 35 6.384777 -0.000000 0.000001 -0.796403 -0.127554 -0.594497
 36 10.242681 0.000002 -0.000000 0.000000 0.000000 -2.222154
 37 11.375560 0.000002 -0.000001 2.578255 0.156134 0.312026
 38 0.728680 0.023431 1.008293 -1.579583 -0.319038 0.212973
 39 2.136497 0.000001 0.000000 0.000000 0.000000 1.282817
 40 2.313138 0.000000 -0.000000 0.000000 0.000000 3.141593
 41 3.115506 -0.886041 0.021433 0.420766 0.316066 0.167178
 42 2.011151 -0.000001 0.000001 -0.000000 0.000000 2.082010
 43 2.141381 0.000000 0.000001 0.000000 0.000000 3.141593
 44 1.734174 -0.000003 0.000000 0.000000 0.000000 1.041748
 45 0.136314 -3.738191 2.525890 1.493698 2.759406 -1.474501
 46 10.273804 -0.437104 1.198992 1.793563 0.004868 1.507198
 47 11.389366 -0.000817 0.158781 2.067722 0.130836 0.149975
 48 -0.000000 -4.440598 0.000003 1.570144 -3.078602 0.004040
 49 5.999998 -0.000001 -0.000002 2.067722 -0.000000 -0.000000
 50 0.000001 -4.440601 0.000001 1.569944 -3.078603 0.004053
 51 10.510132 -0.000000 0.000001 -0.000000 0.000000 -2.681873
 52 -0.000000 -1.748402 -5.000000 -3.141593 0.004007 -1.539299
 53 5.500000 -0.000000 0.000001 0.259928 -0.000000 0.000000
 54 0.000000 -0.000000 -5.000000 -0.044472 3.137590 -0.000177
 55 6.551491 0.000000 -0.000001 -0.259928 0.027782 -0.235237
 56 -1.266844 -1.937444 -4.950561 -0.066572 -2.988806 -0.110308
 57 6.551492 0.000000 -0.000001 -0.259928 0.027782 -0.235237
 58 0.699369 -1.944209 -5.006846 -0.027189 -3.088217 0.005298
 59 4.226147 -0.003201 0.000000 0.392822 0.215766 0.265357
 60 0.000001 5.000000 0.000001 -0.153564 0.000087 2.718702
 61 0.000004 -0.000004 -3.713580 0.018865 -3.096651 -0.324845
 62 -0.000002 0.000000 5.000000 3.053198 1.558589 -0.074926
 63 -0.000007 0.000006 3.713580 -0.159276 -2.977491 -0.403653
 64 0.000001 -0.000000 -5.000000 -0.088724 1.558589 3.066337
 65 7.363602 1.646647 0.495663 3.141593 -1.570796 0.000000
 66 -0.000005 0.000007 3.619081 -0.217558 -2.796588 -0.810634
 67 16.573919 -0.000001 0.000000 0.000000 0.000000 -2.033247
 68 15.128181 0.000002 -0.000000 0.271612 0.009043 -0.097069
 69 5.758665 4.244730 0.000000 0.000000 -0.000000 1.842220
 70 3.177726 -0.000001 -0.000001 0.000000 0.000000 3.141593
 71 15.708953 0.000001 -0.000001 0.136460 0.001254 -0.052592
 72 0.275149 0.189214 -3.445208 3.130898 0.000409 -1.514604
 73 17.210194 -0.000002 0.000000 -0.000000 -0.000000 -2.328678
 74 -0.000000 0.000001 -4.999999 -0.079432 1.546568 -1.570855
 75 0.000002 -0.000003 -3.619081 0.034416 -3.071533 -0.493407
 76 16.573921 -0.000000 0.000000 0.000000 0.000000 -1.045581
 77 15.128181 0.000002 0.000000 0.002618 -0.051986 0.588317
 78 5.758665 4.244731 -0.000000 -0.000000 0.000000 1.815142
 79 4.003934 0.000000 0.000000 0.000000 0.000000 0.000000
 80 15.708955 0.000001 0.000000 0.004296 -0.037430 0.405337
 81 0.273998 0.191090 3.439762 -3.130907 -0.000437 -1.508107
 82 17.210194 0.000000 0.000000 -0.000000 -0.000000 -1.884228
 83 0.000000 -0.000001 5.000000 -0.079311 1.595025 -1.570737
time 76
  0 -0.650000 0.000000 33.899605 -0.025849 0.174554 -1.569172
  1 5.816420 0.852483 -32.971565 -0.174512 -0.026131 1.569196
  2 -2.276935 0.000003 -1.238188 -1.570795 -1.570451 0.000000
  3 1.797328 0.711864 0.000631 -0.194311 -0.002769 0.059008
  4 4.118855 -0.003200 0.000675 -0.207551 -0.015864 0.081598
  5 4.119064 -0.003182 0.000650 -0.199614 -0.003764 0.144541
  6 4.118742 -0.003208 0.000671 -0.206305 -0.019526 0.047192
  7 4.119340 -0.002400 -0.002494 0.823345 0.279959 0.587191
  8 4.443600 -0.000001 0.000000 -0.206446 -0.594601 0.801139
  9 9.024061 0.000002 -0.000000 0.000000 0.000000 0.000000
 10 -0.478779 1.224877 1.131998 -0.319874 -1.206409 -3.019506
 11 6.384777 0.000001 0.000002 0.514107 1.116788 -0.707073
 12 10.242682 -0.000001 -0.000000 -0.000000 0.000000 -1.889425
 13 11.375561 0.000002 -0.000000 -0.850683 -0.998623 0.239087
 14 0.728680 0.023429 -1.008293 1.918491 0.316259 0.521866
 15 2.136495 -0.000000 0.000001 0.000000 -0.000000 -0.349066
 16 2.313140 0.000001 0.000000 0.000000 0.000000 0.000000
 17 3.115507 -0.886041 -0.021431 -0.022568 0.271393 0.743233
 18 2.011151 0.000001 0.000000 -0.000000 -0.000000 0.947546
 19 2.141381 -0.000001 0.000001 0.000000 0.000000 0.000000
 20 1.734172 0.000001 -0.000000 0.000000 -0.000000 0.473269
 21 0.000007 -4.440594 0.000001 1.570544 -0.062990 -0.195737
 22 5.999999 0.000000 -0.000000 -1.039212 -0.000000 -0.000000
 23 0.000001 -4.440600 0.000002 1.569944 -0.062987 0.004053
 24 11.375561 0.000002 0.000003 -1.227454 -0.478939 0.200458
 25 -0.000001 -4.440603 -0.000000 1.570144 -0.062988 0.004040
 26 10.510130 -0.000000 -0.000001 0.000000 -0.000000 -2.515508
 27 -0.000000 -1.748402 4.999999 0.000000 0.004007 1.602291
 28 5.500000 -0.000001 -0.000000 -0.229715 0.000000 -0.000000
 29 0.000000 -1.940596 5.000000 -0.044472 0.004003 -0.000180
 30 6.551491 0.000001 0.000001 0.370136 0.728146 -0.407929
 31 -0.000001 -1.940598 5.000000 -0.027189 -0.053376 0.005295
 32 6.551491 0.000001 0.000001 0.193919 0.308621 -0.205084
 33 -0.000000 -1.940598 5.000000 -0.066572 -0.152786 -0.110311
 34 0.478783 -1.217801 -1.131999 2.467292 1.182134 -1.058541
 35 6.384777 -0.000001 0.000002 -0.790460 -0.141034 -0.538243
 36 10.242681 -0.000001 -0.000001 0.000000 0.000000 -2.180417
 37 11.375560 0.000001 0.000001 2.577111 0.153486 0.309522
 38 0.728682 0.023430 1.008291 -1.579583 -0.319038 0.212973
 39 2.136497 0.000000 -0.000001 -0.000000 -0.000000 1.282817
 40 2.313138 0.000000 0.000001 0.000000 0.000000 3.141593
 41 3.115507 -0.886041 0.021430 0.420766 0.316066 0.167178
 42 2.011152 0.000000 0.000000 -0.000000 0.000000 2.082010
 43 2.141381 0.000001 0.000001 0.000000 0.000000 3.141593
 44 1.734173 -0.000000 0.000001 -0.000000 -0.000000 1.041748
 45 0.136315 -3.738189 2.525889 1.493698 2.759406 -1.474501
 46 10.273805 -0.437102 1.198991 1.793563 0.004868 1.507198
 47 11.389366 -0.000817 0.158782 2.067348 0.129079 0.149144
 48 0.000001 -4.440599 -0.000001 1.570144 -3.078602 0.004040
 49 5.999998 -0.000001 -0.000000 2.067348 -0.000000 0.000000
 50 0.000003 -4.440601 -0.000002 1.569944 -3.078603 0.004053
 51 10.510130 -0.000001 -0.000001 0.000000 0.000000 -2.661005
 52 -0.000001 -1.748399 -5.000000 -3.141593 0.004007 -1.539299
 53 5.500000 -0.000003 -0.000000 0.256979 -0.000000 0.000000
 54 -0.000000 0.000001 -5.000001 -0.044472 3.137590 -0.000177
 55 6.551491 -0.000001 0.000002 -0.256979 0.018155 -0.226875
 56 -1.266843 -1.937443 -4.950558 -0.066572 -2.988806 -0.110308
 57 6.551491 -0.000001 0.000002 -0.256979 0.018155 -0.226875
 58 0.699371 -1.944208 -5.006848 -0.027189 -3.088217 0.005298
 59 4.226146 -0.003201 0.000000 0.388501 0.201646 0.269697
 60 0.000000 5.000000 0.000000 -0.153564 0.000087 2.718702
 61 0.000004 -0.000004 -3.713580 0.018865 -3.096651 -0.324845
 62 -0.000002 0.000000 5.000000 3.053198 1.558589 -0.074926
 63 -0.000007 0.000006 3.713580 -0.159276 -2.977491 -0.403653
 64 0.000001 -0.000000 -5.000000 -0.088724 1.558589 3.066337
 65 7.363602 1.646647 0.495663 3.141593 -1.570796 0.000000
 66 -0.000005 0.000007 3.619081 -0.217558 -2.796588 -0.810634
 67 16.573919 -0.000001 0.000000 0.000000 0.000000 -2.033247
 68 15.128181 0.000002 -0.000000 0.271612 0.009043 -0.097069
 69 5.758665 4.244730 0.000000 0.000000 -0.000000 1.842220
 70 3.177726 -0.000001 -0.000001 0.000000 0.000000 3.141593
 71 15.708953 0.000001 -0.000001 0.136460 0.001254 -0.052592
 72 0.275149 0.189214 -3.445208 3.130898 0.000409 -1.514604
 73 17.210194 -0.000002 0.000000 -0.000000 -0.000000 -2.328678
 74 -0.000000 0.000001 -4.999999 -0.079432 1.546568 -1.570855
 75 0.000002 -0.000003 -3.619081 0.034416 -3.071533 -0.493407
 76 16.573921 -0.000000 0.000000 0.000000 0.000000 -1.045581
 77 15.128181 0.000002 0.000000 0.002618 -0.051986 0.588317
 78 5.758665 4.244731 -0.000000 -0.000000 0.000000 1.815142
 79 4.003934 0.000000 0.000000 0.000000 0.000000 0.000000
 80 15.708955 0.000001 0.000000 0.004296 -0.037430 0.405337
 81 0.273998 0.191090 3.439762 -3.130907 -0.000437 -1.508107
 82 17.210194 0.000000 0.000000 -0.000000 -0.000000 -1.884228
 83 0.000000 -0.000001 5.000000 -0.079311 1.595025 -1.570737
time 77
  0 -0.650000 0.000000 33.899605 -0.025849 0.174554 -1.569172
  1 5.816420 0.852483 -32.971565 -0.174512 -0.026131 1.569196
  2 -2.276935 0.000003 -1.238188 -1.570795 -1.570451 0.000000
  3 1.797400 0.711859 0.000582 -0.178967 -0.009934 0.082565
  4 4.118848 -0.003210 0.000628 -0.192874 -0.014709 0.078964
  5 4.119083 -0.003189 0.000603 -0.184972 0.000090 0.149482
  6 4.118760 -0.003216 0.000624 -0.191579 -0.016215 0.051937
  7 4.119467 -0.002412 -0.002444 0.791915 0.244632 0.584287
  8 4.443599 0.000001 -0.000000 -0.181282 -0.536346 0.684878
  9 9.024062 -0.000000 -0.000000 0.000000 0.000000 0.000000
 10 -0.419664 1.199998 1.180969 -0.386808 -1.222229 -2.986902
 11 6.384777 0.000001 -0.000000 0.355627 0.890512 -1.048106
 12 10.242684 -0.000002 0.000000 0.000000 0.000000 -1.769007
 13 11.375562 0.000003 -0.000001 -1.659370 -0.962910 0.785055
 14 0.728682 0.023431 -1.008292 1.918491 0.316259 0.521866
 15 2.136499 0.000001 -0.000001 0.000000 0.000000 -0.349066
 16 2.313139 0.000000 0.000002 0.000000 0.000000 0.000000
 17 3.115508 -0.886041 -0.021431 -0.022567 0.271393 0.743233
 18 2.011149 0.000000 -0.000000 0.000000 -0.000000 0.947546
 19 2.141380 -0.000000 -0.000000 0.000000 0.000000 0.000000
 20 1.734172 0.000001 0.000001 0.000000 -0.000000 0.473269
 21 0.000007 -4.440594 0.000001 1.570544 -0.062990 -0.195737
 22 6.000000 0.000001 0.000000 -1.533637 0.000000 0.000000
 23 0.000001 -4.440601 -0.000001 1.569944 -0.062987 0.004053
 24 11.375562 0.000003 0.000002 -1.494873 -0.482347 0.324501
 25 -0.000000 -4.440603 -0.000001 1.570144 -0.062988 0.004040
 26 10.510132 -0.000003 -0.000000 -0.000000 0.000000 -2.455300
 27 0.000001 -1.748401 5.000000 0.000000 0.004007 1.602290
 28 5.500000 -0.000001 0.000001 -0.226214 -0.000000 -0.000000
 29 0.000000 -1.940598 5.000000 -0.044472 0.004003 -0.000180
 30 6.551492 0.000001 0.000001 0.349662 0.525402 -0.587985
 31 -0.000001 -1.940599 5.000001 -0.027189 -0.053376 0.005295
 32 6.551492 0.000001 0.000001 0.192244 0.213921 -0.281375
 33 -0.000000 -1.940601 4.999993 -0.066572 -0.152786 -0.110311
 34 0.419667 -1.192917 -1.180971 2.527199 1.250709 -1.000370
 35 6.384777 0.000001 -0.000001 -0.768040 -0.169120 -0.486068
 36 10.242681 0.000000 0.000001 -0.000000 -0.000000 -2.115841
 37 11.375560 0.000001 0.000001 2.575447 0.149129 0.304706
 38 0.728682 0.023430 1.008290 -1.579583 -0.319038 0.212973
 39 2.136497 -0.000002 0.000001 0.000000 -0.000000 1.282817
 40 2.313139 0.000000 -0.000000 0.000000 0.000000 3.141593
 41 3.115507 -0.886041 0.021430 0.420766 0.316066 0.167178
 42 2.011152 -0.000001 0.000001 -0.000000 0.000000 2.082010
 43 2.141381 0.000001 0.000000 0.000000 0.000000 3.141593
 44 1.734173 -0.000002 0.000000 0.000000 0.000000 1.041748
 45 0.136315 -3.738194 2.525890 1.493698 2.759406 -1.474501
 46 10.273806 -0.437102 1.198990 1.793563 0.004868 1.507198
 47 11.389364 -0.000820 0.158782 2.066845 0.126114 0.147397
 48 0.000000 -4.440599 -0.000002 1.570144 -3.078602 0.004040
 49 5.999998 0.000001 0.000001 2.066845 0.000000 0.000000
 50 0.000002 -4.440601 0.000001 1.569944 -3.078603 0.004053
 51 10.510130 -0.000001 0.000002 0.000000 0.000000 -2.628717
 52 0.000001 -1.748400 -5.000001 -3.141593 0.004007 -1.539299
 53 5.499999 0.000001 0.000000 0.248571 -0.000000 -0.000000
 54 -0.000001 0.000000 -5.000001 -0.044472 3.137589 -0.000177
 55 6.551491 -0.000000 0.000001 -0.248571 0.001226 -0.218922
 56 -1.266843 -1.937443 -4.950562 -0.066572 -2.988806 -0.110308
 57 6.551492 -0.000000 0.000001 -0.248571 0.001226 -0.218922
 58 0.699370 -1.944207 -5.006849 -0.027189 -3.088217 0.005298
 59 4.226146 -0.003202 -0.000001 0.376578 0.181737 0.274755
 60 0.000000 5.000001 -0.000001 -0.153564 0.000087 2.718702
 61 0.000004 -0.000004 -3.713580 0.018865 -3.096651 -0.324845
 62 -0.000002 0.000000 5.000000 3.053198 1.558589 -0.074926
 63 -0.000007 0.000006 3.713580 -0.159276 -2.977491 -0.403653
 64 0.000001 -0.000000 -5.000000 -0.088724 1.558589 3.066337
 65 7.363602 1.646647 0.495663 3.141593 -1.570796 0.000000
 66 -0.000005 0.000007 3.619081 -0.217558 -2.796588 -0.810634
 67 16.573919 -0.000001 0.000000 0.000000 0.000000 -2.033247
 68 15.128181 0.000002 -0.000000 0.271612 0.009043 -0.097069
 69 5.758665 4.244730 0.000000 0.000000 -0.000000 1.842220
 70 3.177726 -0.000001 -0.000001 0.000000 0.000000 3.141593
 71 15.708953 0.000001 -0.000001 0.136460 0.001254 -0.052592
 72 0.275149 0.189214 -3.445208 3.130898 0.000409 -1.514604
 73 17.210194 -0.000002 0.000000 -0.000000 -0.000000 -2.328678
 74 -0.000000 0.000001 -4.999999 -0.079432 1.546568 -1.570855
 75 0.000002 -0.000003 -3.619081 0.034416 -3.071533 -0.493407
 76 16.573921 -0.000000 0.000000 0.000000 0.000000 -1.045581
 77 15.128181 0.000002 0.000000 0.002618 -0.051986 0.588317
 78 5.758665 4.244731 -0.000000 -0.000000 0.000000 1.815142
 79 4.003934 0.000000 0.000000 0.000000 0.000000 0.000000
 80 15.708955 0.000001 0.000000 0.004296 -0.037430 0.405337
 81 0.273998 0.191090 3.439762 -3.130907 -0.000437 -1.508107
 82 17.210194 0.000000 0.000000 -0.000000 -0.000000 -1.884228
 83 0.000000 -0.000001 5.000000 -0.079311 1.595025 -1.570737
time 78
  0 -0.650000 0.000000 33.899605 -0.025849 0.174554 -1.569172
  1 5.816420 0.852483 -32.971565 -0.174512 -0.026131 1.569196
  2 -2.276935 0.000003 -1.238188 -1.570795 -1.570451 0.000000
  3 1.797475 0.711857 0.000528 -0.162433 -0.021127 0.106935
  4 4.118845 -0.003219 0.000576 -0.176705 -0.012155 0.078117
  5 4.119111 -0.003195 0.000550 -0.168766 0.005656 0.155559
  6 4.118776 -0.003223 0.000573 -0.175335 -0.011949 0.056633
  7 4.119607 -0.002437 -0.002364 0.751217 0.206221 0.579230
  8 4.443597 0.000001 -0.000000 -0.154801 -0.471234 0.562481
  9 9.024061 -0.000001 0.000000 0.000000 0.000000 0.000000
 10 -0.354801 1.161112 1.239543 -0.523087 -1.244441 -2.881536
 11 6.384777 0.000001 0.000004 0.217214 0.856520 -1.196256
 12 10.242683 -0.000001 0.000000 0.000000 -0.000000 -1.613375
 13 11.375563 0.000003 -0.000000 -2.981997 0.019825 0.686883
 14 0.728679 0.023431 -1.008292 1.918491 0.316259 0.521866
 15 2.136497 0.000000 -0.000001 0.000000 0.000000 -0.349066
 16 2.313139 -0.000001 -0.000000 0.000000 0.000000 0.000000
 17 3.115505 -0.886041 -0.021431 -0.022567 0.271393 0.743233
 18 2.011151 -0.000002 0.000001 0.000000 -0.000000 0.947546
 19 2.141379 0.000000 -0.000001 0.000000 0.000000 0.000000
 20 1.734172 -0.000001 0.000000 0.000000 -0.000000 0.473269
 21 0.000006 -4.440594 0.000001 1.570544 -0.062990 -0.195737
 22 6.000000 0.000001 0.000000 -2.697353 -0.000000 -0.000000
 23 0.000001 -4.440602 0.000000 1.569944 -0.062987 0.004053
 24 11.375561 0.000000 0.000003 -2.277528 -0.125839 0.355592
 25 -0.000003 -4.440603 -0.000001 1.570144 -0.062988 0.004040
 26 10.510134 -0.000002 -0.000001 0.000000 0.000000 -2.377484
 27 0.000000 -1.748401 5.000000 0.000000 0.004007 1.602290
 28 5.500002 -0.000002 -0.000000 -0.193224 0.000000 -0.000000
 29 -0.000003 -1.940598 5.000000 -0.044472 0.004003 -0.000180
 30 6.551492 0.000001 0.000003 0.279830 0.529579 -0.656065
 31 0.000000 -1.940600 5.000000 -0.027189 -0.053376 0.005295
 32 6.551492 0.000001 0.000003 0.165681 0.217405 -0.304933
 33 -0.000000 -1.940598 4.999996 -0.066572 -0.152786 -0.110311
 34 0.354800 -1.154031 -1.239543 2.636704 1.327674 -0.893463
 35 6.384777 -0.000002 0.000000 -0.729978 -0.200819 -0.444931
 36 10.242682 -0.000003 0.000001 -0.000000 -0.000000 -2.039213
 37 11.375560 0.000001 0.000000 2.573826 0.144596 0.299428
 38 0.728681 0.023430 1.008291 -1.579583 -0.319038 0.212973
 39 2.136496 -0.000003 0.000000 -0.000000 0.000000 1.282817
 40 2.313138 0.000000 0.000000 0.000000 0.000000 3.141593
 41 3.115506 -0.886041 0.021430 0.420766 0.316066 0.167178
 42 2.011151 -0.000000 0.000000 -0.000000 0.000000 2.082010
 43 2.141380 0.000000 0.000000 0.000000 0.000000 3.141593
 44 1.734173 -0.000002 0.000000 0.000000 -0.000000 1.041748
 45 0.136315 -3.738192 2.525890 1.493698 2.759406 -1.474501
 46 10.273804 -0.437102 1.198992 1.793563 0.004868 1.507198
 47 11.389364 -0.000820 0.158781 2.066371 0.122994 0.145423
 48 0.000000 -4.440599 0.000001 1.570144 -3.078602 0.004040
 49 5.999999 0.000001 -0.000000 2.066371 0.000000 -0.000000
 50 0.000002 -4.440601 0.000003 1.569944 -3.078603 0.004053
 51 10.510131 -0.000002 0.000002 0.000000 0.000000 -2.590403
 52 0.000001 -1.748403 -5.000002 -3.141593 0.004007 -1.539299
 53 5.499998 -0.000002 0.000001 0.234865 -0.000000 0.000000
 54 -0.000000 -0.000000 -5.000001 -0.044472 3.137589 -0.000177
 55 6.551490 -0.000000 -0.000003 -0.234865 -0.019348 -0.211577
 56 -1.266843 -1.937444 -4.950559 -0.066572 -2.988806 -0.110308
 57 6.551490 0.000000 -0.000003 -0.234865 -0.019348 -0.211577
 58 0.699371 -1.944209 -5.006845 -0.027189 -3.088217 0.005298
 59 4.226144 -0.003200 0.000001 0.360129 0.159372 0.278986
 60 -0.000002 5.000000 -0.000001 -0.153564 0.000087 2.718702
 61 0.000004 -0.000004 -3.713580 0.018865 -3.096651 -0.324845
 62 -0.000002 0.000000 5.000000 3.053198 1.558589 -0.074926
 63 -0.000007 0.000006 3.713580 -0.159276 -2.977491 -0.403653
 64 0.000001 -0.000000 -5.000000 -0.088724 1.558589 3.066337
 65 7.363602 1.646647 0.495663 3.141593 -1.570796 0.000000
 66 -0.000005 0.000007 3.619081 -0.217558 -2.796588 -0.810634
 67 16.573919 -0.000001 0.000000 0.000000 0.000000 -2.033247
 68 15.128181 0.000002 -0.000000 0.271612 0.009043 -0.097069
 69 5.758665 4.244730 0.000000 0.000000 -0.000000 1.842220
 70 3.177726 -0.000001 -0.000001 0.000000 0.000000 3.141593
 71 15.708953 0.000001 -0.000001 0.136460 0.001254 -0.052592
 72 0.275149 0.189214 -3.445208 3.130898 0.000409 -1.514604
 73 17.210194 -0.000002 0.000000 -0.000000 -0.000000 -2.328678
 74 -0.000000 0.000001 -4.999999 -0.079432 1.546568 -1.570855
 75 0.000002 -0.000003 -3.619081 0.034416 -3.071533 -0.493407
 76 16.573921 -0.000000 0.000000 0.000000 0.000000 -1.045581
 77 15.128181 0.000002 0.000000 0.002618 -0.051986 0.588317
 78 5.758665 4.244731 -0.000000 -0.000000 0.000000 1.815142
 79 4.003934 0.000000 0.000000 0.000000 0.000000 0.000000
 80 15.708955 0.000001 0.000000 0.004296 -0.037430 0.405337
 81 0.273998 0.191090 3.439762 -3.130907 -0.000437 -1.508107
 82 17.210194 0.000000 0.000000 -0.000000 -0.000000 -1.884228
 83 0.000000 -0.000001 5.000000 -0.079311 1.595025 -1.570737
time 79
  0 -0.650000 0.000000 33.899605 -0.025849 0.174554 -1.569172
  1 5.816420 0.852483 -32.971565 -0.174512 -0.026131 1.569196
  2 -2.276935 0.000003 -1.238188 -1.570795 -1.570451 0.000000
  3 1.797544 0.711856 0.000480 -0.147626 -0.034101 0.128472
  4 4.118857 -0.003226 0.000529 -0.161825 -0.008357 0.081212
  5 4.119132 -0.003198 0.000502 -0.153806 0.011813 0.161412
  6 4.118794 -0.003231 0.000524 -0.160382 -0.007488 0.060637
  7 4.119730 -0.002472 -0.002270 0.708750 0.170195 0.571118
  8 4.443599 -0.000001 -0.000001 -0.130584 -0.405848 0.447808
  9 9.024060 -0.000002 0.000000 0.000000 0.000000 0.000000
 10 -0.293480 1.115043 1.296435 -0.265471 -1.232054 3.071420
 11 6.384777 -0.000000 0.000001 0.112483 0.924017 -1.114190
 12 10.242681 -0.000001 -0.000001 0.000000 -0.000000 -1.431757
 13 11.375560 -0.000001 0.000002 -3.076518 0.144497 0.532221
 14 0.728681 0.023430 -1.008292 1.943920 0.424619 0.560156
 15 2.136497 -0.000001 -0.000001 0.000000 -0.000000 -0.411502
 16 2.313139 0.000002 -0.000000 0.000000 0.000000 0.000000
 17 3.115506 -0.886041 -0.021430 -0.020163 0.274761 0.746642
 18 2.011151 -0.000002 0.000000 -0.000000 0.000000 0.942543
 19 2.141380 0.000001 -0.000000 0.000000 0.000000 0.000000
 20 1.734172 0.000001 0.000000 0.000000 0.000000 0.470781
 21 0.000006 -4.440595 0.000000 1.570544 -0.062990 -0.195737
 22 6.000000 0.000001 0.000001 -2.778018 -0.000000 -0.000000
 23 0.000002 -4.440601 -0.000000 1.569944 -0.062987 0.004053
 24 11.375560 -0.000001 0.000005 -2.331046 -0.044283 0.314116
 25 0.000000 -4.440603 0.000000 1.570144 -0.062988 0.004040
 26 10.510131 -0.000001 -0.000001 0.000000 -0.000000 -2.286675
 27 0.000001 -1.748404 4.999999 -0.000000 0.004007 1.602290
 28 5.500000 -0.000001 -0.000000 -0.143085 -0.000000 -0.000000
 29 -0.000003 -1.940599 5.000000 -0.044472 0.004003 -0.000180
 30 6.551492 0.000000 0.000001 0.179703 0.620457 -0.589607
 31 -0.000001 -1.940599 5.000001 -0.027189 -0.053376 0.005295
 32 6.551492 0.000000 0.000001 0.125255 0.269981 -0.269287
 33 -0.000000 -1.940599 4.999997 -0.066572 -0.152786 -0.110311
 34 0.293482 -1.107968 -1.296437 2.835722 1.399700 -0.694909
 35 6.384776 0.000001 -0.000001 -0.681823 -0.226531 -0.419369
 36 10.242681 -0.000002 0.000001 -0.000000 -0.000000 -1.962726
 37 11.375563 0.000001 -0.000000 2.572775 0.141429 0.295520
 38 0.728680 0.023431 1.008292 -1.579583 -0.319038 0.212973
 39 2.136497 0.000001 -0.000001 -0.000000 0.000000 1.282817
 40 2.313140 0.000000 -0.000000 0.000000 0.000000 3.141593
 41 3.115505 -0.886041 0.021431 0.420765 0.316066 0.167178
 42 2.011150 -0.000001 -0.000000 -0.000000 0.000000 2.082010
 43 2.141380 -0.000000 -0.000000 0.000000 0.000000 3.141593
 44 1.734172 -0.000002 -0.000000 0.000000 0.000000 1.041748
 45 0.136314 -3.738194 2.525891 1.493698 2.759406 -1.474501
 46 10.273803 -0.437103 1.198991 1.793563 0.004868 1.507198
 47 11.389367 -0.000819 0.158780 2.066078 0.120787 0.143917
 48 -0.000001 -4.440599 0.000002 1.570144 -3.078602 0.004040
 49 6.000001 0.000001 -0.000000 2.066078 0.000000 0.000000
 50 0.000004 -4.440601 -0.000001 1.569944 -3.078603 0.004053
 51 10.510131 -0.000003 0.000002 -0.000000 0.000000 -2.552159
 52 0.000000 -1.748397 -5.000000 3.141593 0.004007 -1.539299
 53 5.499999 -0.000001 0.000001 0.218329 -0.000000 0.000000
 54 -0.000001 -0.000001 -5.000000 -0.044472 3.137590 -0.000177
 55 6.551490 0.000001 -0.000001 -0.218329 -0.038189 -0.205862
 56 -1.266843 -1.937445 -4.950557 -0.066572 -2.988806 -0.110308
 57 6.551491 0.000001 -0.000002 -0.218329 -0.038189 -0.205862
 58 0.699371 -1.944207 -5.006846 -0.027189 -3.088217 0.005298
 59 4.226148 -0.003202 -0.000000 0.342351 0.137783 0.280866
 60 0.000002 5.000000 0.000000 -0.153564 0.000087 2.718702
 61 0.000004 -0.000004 -3.713580 0.018865 -3.096651 -0.324845
 62 -0.000002 0.000000 5.000000 3.053198 1.558589 -0.074926
 63 -0.000007 0.000006 3.713580 -0.159276 -2.977491 -0.403653
 64 0.000001 -0.000000 -5.000000 -0.088724 1.558589 3.066337
 65 7.363602 1.646647 0.495663 3.141593 -1.570796 0.000000
 66 -0.000005 0.000007 3.619081 -0.217558 -2.796588 -0.810634
 67 16.573919 -0.000001 0.000000 0.000000 0.000000 -2.033247
 68 15.128181 0.000002 -0.000000 0.271612 0.009043 -0.097069
 69 5.758665 4.244730 0.000000 0.000000 -0.000000 1.842220
 70 3.177726 -0.000001 -0.000001 0.000000 0.000000 3.141593
 71 15.708953 0.000001 -0.000001 0.136460 0.001254 -0.052592
 72 0.275149 0.189214 -3.445208 3.130898 0.000409 -1.514604
 73 17.210194 -0.000002 0.000000 -0.000000 -0.000000 -2.328678
 74 -0.000000 0.000001 -4.999999 -0.079432 1.546568 -1.570855
 75 0.000002 -0.000003 -3.619081 0.034416 -3.071533 -0.493407
 76 16.573921 -0.000000 0.000000 0.000000 0.000000 -1.045581
 77 15.128181 0.000002 0.000000 0.002618 -0.051986 0.588317
 78 5.758665 4.244731 -0.000000 -0.000000 0.000000 1.815142
 79 4.003934 0.000000 0.000000 0.000000 0.000000 0.000000
 80 15.708955 0.000001 0.000000 0.004296 -0.037430 0.405337
 81 0.273998 0.191090 3.439762 -3.130907 -0.000437 -1.508107
 82 17.210194 0.000000 0.000000 -0.000000 -0.000000 -1.884228
 83 0.000000 -0.000001 5.000000 -0.079311 1.595025 -1.570737
time 80
  0 -0.650000 0.000000 33.899605 -0.025849 0.174554 -1.569172
  1 5.816420 0.852483 -32.971565 -0.174512 -0.026131 1.569196
  2 -2.276935 0.000003 -1.238188 -1.570795 -1.570451 0.000000
  3 1.797586 0.711857 0.000446 -0.137272 -0.046392 0.143668
  4 4.118895 -0.003230 0.000493 -0.150985 -0.003512 0.090379
  5 4.119144 -0.003199 0.000468 -0.142932 0.017516 0.165611
  6 4.118807 -0.003236 0.000489 -0.149542 -0.003556 0.063259
  7 4.119805 -0.002516 -0.002180 0.671844 0.141986 0.558077
  8 4.443599 -0.000001 0.000000 -0.109426 -0.349845 0.351556
  9 9.024060 -0.000004 0.000000 0.000000 0.000000 0.000000
 10 -0.245197 1.071180 1.342512 0.041141 -1.173293 2.710989
 11 6.384776 0.000001 0.000002 -0.015212 0.978475 -0.985184
 12 10.242679 -0.000000 0.000001 0.000000 -0.000000 -1.280221
 13 11.375563 0.000004 0.000000 -3.019954 0.188115 0.481635
 14 0.728680 0.023431 -1.008292 1.991680 0.557282 0.612044
 15 2.136496 -0.000000 -0.000001 0.000000 0.000000 -0.491694
 16 2.313140 -0.000000 0.000001 0.000000 0.000000 0.000000
 17 3.115505 -0.886041 -0.021432 -0.015311 0.281474 0.753494
 18 2.011151 -0.000001 -0.000001 0.000000 0.000000 0.932536
 19 2.141379 0.000001 0.000000 0.000000 0.000000 0.000000
 20 1.734172 0.000000 -0.000000 0.000000 0.000000 0.465805
 21 0.000005 -4.440594 0.000001 1.570544 -0.062990 -0.195737
 22 5.999999 -0.000000 0.000000 -2.725421 0.000000 0.000000
 23 0.000000 -4.440600 -0.000001 1.569944 -0.062987 0.004053
 24 11.375560 0.000001 0.000004 -2.302810 -0.005412 0.298341
 25 -0.000000 -4.440603 0.000001 1.570144 -0.062988 0.004040
 26 10.510129 -0.000000 -0.000000 0.000000 0.000000 -2.210907
 27 -0.000000 -1.748399 5.000000 0.000000 0.004007 1.602291
 28 5.499998 0.000000 0.000000 -0.108138 -0.000000 0.000000
 29 0.000001 -1.940599 5.000000 -0.044472 0.004003 -0.000180
 30 6.551491 -0.000000 -0.000001 0.112202 0.682053 -0.533705
 31 0.000000 -1.940599 5.000000 -0.027189 -0.053376 0.005295
 32 6.551491 -0.000000 -0.000001 0.096590 0.304584 -0.238472
 33 -0.000001 -1.940598 4.999997 -0.066572 -0.152786 -0.110311
 34 0.245203 -1.064105 -1.342511 -3.108052 1.452589 -0.350056
 35 6.384778 -0.000002 0.000002 -0.632732 -0.239733 -0.410736
 36 10.242682 -0.000001 -0.000001 0.000000 -0.000000 -1.900144
 37 11.375563 0.000002 -0.000000 2.572805 0.141176 0.294810
 38 0.728680 0.023431 1.008292 -1.579583 -0.319038 0.212973
 39 2.136497 -0.000001 0.000001 -0.000000 0.000000 1.282817
 40 2.313141 -0.000000 -0.000001 0.000000 0.000000 3.141593
 41 3.115507 -0.886041 0.021430 0.420766 0.316066 0.167178
 42 2.011153 -0.000002 -0.000003 -0.000000 0.000000 2.082010
 43 2.141382 0.000000 0.000001 0.000000 0.000000 3.141593
 44 1.734172 -0.000001 -0.000000 0.000000 -0.000000 1.041748
 45 0.136315 -3.738193 2.525890 1.493698 2.759406 -1.474501
 46 10.273805 -0.437102 1.198989 1.793563 0.004868 1.507198
 47 11.389368 -0.000818 0.158781 2.066118 0.120570 0.143584
 48 0.000001 -4.440599 -0.000000 1.570144 -3.078602 0.004040
 49 6.000001 0.000002 -0.000001 2.066118 0.000000 0.000000
 50 0.000002 -4.440600 0.000001 1.569944 -3.078603 0.004053
 51 10.510133 -0.000002 0.000000 -0.000000 -0.000000 -2.520868
 52 -0.000000 -1.748399 -5.000001 -3.141593 0.004007 -1.539299
 53 5.499999 0.000000 -0.000001 0.202549 0.000000 -0.000000
 54 0.000000 -0.000000 -4.999999 -0.044472 3.137589 -0.000177
 55 6.551491 -0.000000 -0.000000 -0.202549 -0.050108 -0.203193
 56 -1.266843 -1.937444 -4.950558 -0.066572 -2.988806 -0.110308
 57 6.551491 0.000000 -0.000000 -0.202549 -0.050108 -0.203193
 58 0.699370 -1.944208 -5.006845 -0.027189 -3.088217 0.005298
 59 4.226146 -0.003201 0.000000 0.326548 0.120120 0.278862
 60 -0.000002 5.000000 -0.000000 -0.153564 0.000087 2.718702
 61 0.000004 -0.000004 -3.713580 0.018865 -3.096651 -0.324845
 62 -0.000002 0.000000 5.000000 3.053198 1.558589 -0.074926
 63 -0.000007 0.000006 3.713580 -0.159276 -2.977491 -0.403653
 64 0.000001 -0.000000 -5.000000 -0.088724 1.558589 3.066337
 65 7.363602 1.646647 0.495663 3.141593 -1.570796 0.000000
 66 -0.000005 0.000007 3.619081 -0.217558 -2.796588 -0.810634
 67 16.573919 -0.000001 0.000000 0.000000 0.000000 -2.033247
 68 15.128181 0.000002 -0.000000 0.271612 0.009043 -0.097069
 69 5.758665 4.244730 0.000000 0.000000 -0.000000 1.842220
 70 3.177726 -0.000001 -0.000001 0.000000 0.000000 3.141593
 71 15.708953 0.000001 -0.000001 0.136460 0.001254 -0.052592
 72 0.275149 0.189214 -3.445208 3.130898 0.000409 -1.514604
 73 17.210194 -0.000002 0.000000 -0.000000 -0.000000 -2.328678
 74 -0.000000 0.000001 -4.999999 -0.079432 1.546568 -1.570855
 75 0.000002 -0.000003 -3.619081 0.034416 -3.071533 -0.493407
 76 16.573921 -0.000000 0.000000 0.000000 0.000000 -1.045581
 77 15.128181 0.000002 0.000000 0.002618 -0.051986 0.588317
 78 5.758665 4.244731 -0.000000 -0.000000 0.000000 1.815142
 79 4.003934 0.000000 0.000000 0.000000 0.000000 0.000000
 80 15.708955 0.000001 0.000000 0.004296 -0.037430 0.405337
 81 0.273998 0.191090 3.439762 -3.130907 -0.000437 -1.508107
 82 17.210194 0.000000 0.000000 -0.000000 -0.000000 -1.884228
 83 0.000000 -0.000001 5.000000 -0.079311 1.595025 -1.570737
time 81
  0 -0.650000 0.000000 33.899605 -0.025849 0.174554 -1.569172
  1 5.816420 0.852483 -32.971565 -0.174512 -0.026131 1.569196
  2 -2.276935 0.000003 -1.238188 -1.570795 -1.570451 0.000000
  3 1.797601 0.711858 0.000435 -0.133942 -0.055435 0.149123
  4 4.118953 -0.003225 0.000480 -0.146904 0.002240 0.107704
  5 4.119152 -0.003201 0.000455 -0.139009 0.021757 0.166674
  6 4.118810 -0.003238 0.000476 -0.145643 -0.000857 0.063777
  7 4.119817 -0.002566 -0.002118 0.647654 0.127130 0.537519
  8 4.443598 0.000000 0.000001 -0.089023 -0.314661 0.281937
  9 9.024059 -0.000001 0.000000 0.000000 0.000000 0.000000
 10 -0.219690 1.040479 1.370698 0.285424 -1.071730 2.447652
 11 6.384776 -0.000001 -0.000000 -0.150201 1.001608 -0.821169
 12 10.242682 0.000000 -0.000001 -0.000000 -0.000000 -1.203738
 13 11.375562 0.000002 0.000000 -2.881970 0.165297 0.489327
 14 0.728681 0.023431 -1.008291 2.046988 0.684916 0.677471
 15 2.136497 -0.000000 -0.000001 -0.000000 0.000000 -0.568593
 16 2.313140 -0.000001 0.000001 0.000000 0.000000 0.000000
 17 3.115507 -0.886041 -0.021431 -0.011634 0.286487 0.758665
 18 2.011150 -0.000001 -0.000000 0.000000 0.000000 0.925031
 19 2.141380 0.000001 -0.000001 0.000000 0.000000 0.000000
 20 1.734172 -0.000001 0.000000 -0.000000 -0.000000 0.462074
 21 0.000006 -4.440594 -0.000000 1.570544 -0.062990 -0.195737
 22 6.000000 0.000001 0.000000 -2.606125 -0.000000 0.000000
 23 0.000001 -4.440601 -0.000001 1.569944 -0.062987 0.004053
 24 11.375561 0.000001 0.000003 -2.233580 -0.006969 0.293713
 25 0.000001 -4.440604 0.000000 1.570144 -0.062988 0.004040
 26 10.510133 -0.000000 -0.000001 0.000000 0.000000 -2.172665
 27 0.000000 -1.748401 4.999999 0.000000 0.004007 1.602290
 28 5.500001 -0.000000 -0.000001 -0.076564 -0.000000 0.000000
 29 -0.000004 -1.940598 5.000000 -0.044472 0.004003 -0.000180
 30 6.551490 0.000001 0.000002 0.059351 0.692348 -0.477265
 31 -0.000003 -1.940598 5.000003 -0.027189 -0.053376 0.005295
 32 6.551490 0.000001 0.000002 0.070167 0.316161 -0.211179
 33 0.000000 -1.940599 4.999995 -0.066572 -0.152786 -0.110311
 34 0.219689 -1.033398 -1.370699 -2.702154 1.479086 0.071568
 35 6.384775 0.000001 -0.000003 -0.592922 -0.237427 -0.418315
 36 10.242682 -0.000001 -0.000000 -0.000000 0.000000 -1.866335
 37 11.375560 0.000001 0.000000 2.574445 0.145378 0.299133
 38 0.728680 0.023431 1.008290 -1.579583 -0.319038 0.212973
 39 2.136496 -0.000002 0.000001 0.000000 0.000000 1.282817
 40 2.313141 -0.000000 -0.000000 0.000000 0.000000 3.141593
 41 3.115505 -0.886041 0.021431 0.420766 0.316066 0.167178
 42 2.011152 -0.000000 -0.000001 0.000000 0.000000 2.082010
 43 2.141379 -0.000000 0.000000 0.000000 0.000000 3.141593
 44 1.734172 -0.000001 0.000000 -0.000000 0.000000 1.041748
 45 0.136315 -3.738193 2.525891 1.493698 2.759406 -1.474501
 46 10.273804 -0.437103 1.198991 1.793563 0.004868 1.507198
 47 11.389365 -0.000818 0.158781 2.066642 0.123410 0.145121
 48 0.000002 -4.440598 0.000000 1.570144 -3.078602 0.004040
 49 6.000000 0.000003 -0.000000 2.066642 0.000000 0.000000
 50 0.000001 -4.440601 0.000000 1.569944 -3.078603 0.004053
 51 10.510132 -0.000002 0.000001 -0.000000 0.000000 -2.503964
 52 -0.000000 -1.748401 -5.000001 -3.141593 0.004007 -1.539299
 53 5.500001 -0.000001 -0.000000 0.190763 0.000000 0.000000
 54 0.000000 0.000002 -4.999999 -0.044472 3.137589 -0.000177
 55 6.551491 -0.000001 0.000001 -0.190763 -0.052217 -0.204292
 56 -1.266845 -1.937443 -4.950561 -0.066572 -2.988806 -0.110308
 57 6.551491 -0.000001 0.000000 -0.190763 -0.052217 -0.204292
 58 0.699370 -1.944208 -5.006847 -0.027189 -3.088217 0.005298
 59 4.226145 -0.003202 0.000000 0.316059 0.109544 0.271367
 60 0.000000 5.000001 0.000000 -0.153564 0.000087 2.718702
 61 0.000004 -0.000004 -3.713580 0.018865 -3.096651 -0.324845
 62 -0.000002 0.000000 5.000000 3.053198 1.558589 -0.074926
 63 -0.000007 0.000006 3.713580 -0.159276 -2.977491 -0.403653
 64 0.000001 -0.000000 -5.000000 -0.088724 1.558589 3.066337
 65 7.363602 1.646647 0.495663 3.141593 -1.570796 0.000000
 66 -0.000005 0.000007 3.619081 -0.217558 -2.796588 -0.810634
 67 16.573919 -0.000001 0.000000 0.000000 0.000000 -2.033247
 68 15.128181 0.000002 -0.000000 0.271612 0.009043 -0.097069
 69 5.758665 4.244730 0.000000 0.000000 -0.000000 1.842220
 70 3.177726 -0.000001 -0.000001 0.000000 0.000000 3.141593
 71 15.708953 0.000001 -0.000001 0.136460 0.001254 -0.052592
 72 0.275149 0.189214 -3.445208 3.130898 0.000409 -1.514604
 73 17.210194 -0.000002 0.000000 -0.000000 -0.000000 -2.328678
 74 -0.000000 0.000001 -4.999999 -0.079432 1.546568 -1.570855
 75 0.000002 -0.000003 -3.619081 0.034416 -3.071533 -0.493407
 76 16.573921 -0.000000 0.000000 0.000000 0.000000 -1.045581
 77 15.128181 0.000002 0.000000 0.002618 -0.051986 0.588317
 78 5.758665 4.244731 -0.000000 -0.000000 0.000000 1.815142
 79 4.003934 0.000000 0.000000 0.000000 0.000000 0.000000
 80 15.708955 0.000001 0.000000 0.004296 -0.037430 0.405337
 81 0.273998 0.191090 3.439762 -3.130907 -0.000437 -1.508107
 82 17.210194 0.000000 0.000000 -0.000000 -0.000000 -1.884228
 83 0.000000 -0.000001 5.000000 -0.079311 1.595025 -1.570737
time 82
  0 -0.650000 0.000000 33.899605 -0.025849 0.174554 -1.569172
  1 5.816420 0.852483 -32.971565 -0.174512 -0.026131 1.569196
  2 -2.276935 0.000003 -1.238188 -1.570795 -1.570451 0.000000
  3 1.797586 0.711858 0.000446 -0.137370 -0.061709 0.146082
  4 4.119040 -0.003213 0.000488 -0.149331 0.009486 0.134368
  5 4.119146 -0.003201 0.000464 -0.141920 0.025013 0.165002
  6 4.118808 -0.003240 0.000485 -0.148573 0.000902 0.062376
  7 4.119736 -0.002612 -0.002103 0.642968 0.131564 0.506769
  8 4.443598 0.000002 0.000000 -0.069952 -0.306464 0.238079
  9 9.024060 0.000002 -0.000000 0.000000 0.000000 0.000000
 10 -0.227309 1.033454 1.374749 0.450846 -0.954372 2.303138
 11 6.384777 -0.000000 0.000002 -0.279054 1.002859 -0.655179
 12 10.242684 -0.000001 -0.000000 0.000000 0.000000 -1.230166
 13 11.375562 0.000000 -0.000001 -2.742996 0.116502 0.515036
 14 0.728680 0.023431 -1.008291 2.084938 0.780762 0.744497
 15 2.136497 0.000000 0.000001 -0.000000 0.000000 -0.621151
 16 2.313140 -0.000000 0.000000 0.000000 0.000000 0.000000
 17 3.115507 -0.886041 -0.021430 -0.012863 0.284818 0.756938
 18 2.011150 -0.000000 0.000000 -0.000000 0.000000 0.927533
 19 2.141380 0.000001 0.000000 0.000000 0.000000 0.000000
 20 1.734172 0.000000 0.000000 -0.000000 -0.000000 0.463318
 21 0.000006 -4.440592 -0.000000 1.570544 -0.062990 -0.195737
 22 6.000000 0.000001 -0.000001 -2.489403 0.000000 0.000000
 23 0.000001 -4.440600 0.000001 1.569944 -0.062987 0.004053
 24 11.375561 0.000001 0.000002 -2.162888 -0.025203 0.294717
 25 -0.000000 -4.440603 -0.000000 1.570144 -0.062988 0.004040
 26 10.510131 -0.000002 -0.000001 -0.000000 0.000000 -2.185879
 27 0.000001 -1.748402 4.999999 -0.000000 0.004007 1.602290
 28 5.499998 -0.000001 -0.000001 -0.030836 -0.000000 -0.000000
 29 0.000001 -1.940599 5.000001 -0.044472 0.004003 -0.000180
 30 6.551491 -0.000001 0.000001 -0.011785 0.659812 -0.412567
 31 -0.000001 -1.940599 5.000001 -0.027189 -0.053376 0.005295
 32 6.551491 -0.000001 0.000001 0.031480 0.310370 -0.181243
 33 -0.000001 -1.940598 4.999997 -0.066572 -0.152786 -0.110311
 34 0.227311 -1.026372 -1.374747 -2.534285 1.494458 0.269941
 35 6.384777 -0.000000 0.000002 -0.561602 -0.215754 -0.436382
 36 10.242682 -0.000002 0.000001 -0.000000 0.000000 -1.875717
 37 11.375560 -0.000000 -0.000002 2.578309 0.155548 0.310365
 38 0.728681 0.023430 1.008291 -1.579583 -0.319038 0.212973
 39 2.136498 0.000001 -0.000001 -0.000000 -0.000000 1.282817
 40 2.313138 -0.000000 -0.000000 0.000000 0.000000 3.141593
 41 3.115506 -0.886041 0.021432 0.420766 0.316066 0.167178
 42 2.011151 -0.000001 -0.000001 0.000000 0.000000 2.082010
 43 2.141379 0.000000 0.000001 0.000000 0.000000 3.141593
 44 1.734171 -0.000001 -0.000000 -0.000000 0.000000 1.041748
 45 0.136315 -3.738194 2.525891 1.493698 2.759406 -1.474501
 46 10.273805 -0.437103 1.198993 1.793563 0.004868 1.507198
 47 11.389367 -0.000818 0.158780 2.067811 0.130337 0.149204
 48 0.000002 -4.440598 -0.000001 1.570144 -3.078602 0.004040
 49 6.000000 0.000001 -0.000001 2.067811 0.000000 0.000000
 50 0.000002 -4.440601 -0.000001 1.569944 -3.078603 0.004053
 51 10.510132 -0.000003 0.000002 0.000000 -0.000000 -2.508655
 52 0.000001 -1.748403 -5.000001 -3.141593 0.004007 -1.539299
 53 5.499998 -0.000000 0.000000 0.182377 0.000000 0.000000
 54 -0.000001 0.000001 -5.000001 -0.044472 3.137589 -0.000177
 55 6.551490 0.000001 -0.000001 -0.182377 -0.044306 -0.207954
 56 -1.266844 -1.937443 -4.950558 -0.066572 -2.988806 -0.110308
 57 6.551490 0.000001 -0.000001 -0.182377 -0.044306 -0.207954
 58 0.699371 -1.944208 -5.006845 -0.027189 -3.088217 0.005298
 59 4.226149 -0.003202 -0.000000 0.314117 0.109381 0.256615
 60 -0.000001 5.000002 0.000000 -0.153564 0.000087 2.718702
 61 0.000004 -0.000004 -3.713580 0.018865 -3.096651 -0.324845
 62 -0.000002 0.000000 5.000000 3.053198 1.558589 -0.074926
 63 -0.000007 0.000006 3.713580 -0.159276 -2.977491 -0.403653
 64 0.000001 -0.000000 -5.000000 -0.088724 1.558589 3.066337
 65 7.363602 1.646647 0.495663 3.141593 -1.570796 0.000000
 66 -0.000005 0.000007 3.619081 -0.217558 -2.796588 -0.810634
 67 16.573919 -0.000001 0.000000 0.000000 0.000000 -2.033247
 68 15.128181 0.000002 -0.000000 0.271612 0.009043 -0.097069
 69 5.758665 4.244730 0.000000 0.000000 -0.000000 1.842220
 70 3.177726 -0.000001 -0.000001 0.000000 0.000000 3.141593
 71 15.708953 0.000001 -0.000001 0.136460 0.001254 -0.052592
 72 0.275149 0.189214 -3.445208 3.130898 0.000409 -1.514604
 73 17.210194 -0.000002 0.000000 -0.000000 -0.000000 -2.328678
 74 -0.000000 0.000001 -4.999999 -0.079432 1.546568 -1.570855
 75 0.000002 -0.000003 -3.619081 0.034416 -3.071533 -0.493407
 76 16.573921 -0.000000 0.000000 0.000000 0.000000 -1.045581
 77 15.128181 0.000002 0.000000 0.002618 -0.051986 0.588317
 78 5.758665 4.244731 -0.000000 -0.000000 0.000000 1.815142
 79 4.003934 0.000000 0.000000 0.000000 0.000000 0.000000
 80 15.708955 0.000001 0.000000 0.004296 -0.037430 0.405337
 81 0.273998 0.191090 3.439762 -3.130907 -0.000437 -1.508107
 82 17.210194 0.000000 0.000000 -0.000000 -0.000000 -1.884228
 83 0.000000 -0.000001 5.000000 -0.079311 1.595025 -1.570737
time 83
  0 -0.650000 0.000000 33.899605 -0.025849 0.174554 -1.569172
  1 5.816420 0.852483 -32.971565 -0.174512 -0.026131 1.569196
  2 -2.276935 0.000003 -1.238188 -1.570795 -1.570451 0.000000
  3 1.797559 0.711857 0.000470 -0.144908 -0.067544 0.138406
  4 4.119160 -0.003193 0.000507 -0.155461 0.018628 0.168691
  5 4.119134 -0.003196 0.000487 -0.148963 0.028373 0.162083
  6 4.118798 -0.003236 0.000508 -0.155655 0.002477 0.059810
  7 4.119555 -0.002661 -0.002133 0.656331 0.157564 0.463436
  8 4.443598 0.000003 0.000000 -0.051392 -0.320749 0.211543
  9 9.024060 0.000002 0.000000 0.000000 0.000000 0.000000
 10 -0.271889 1.047774 1.355720 0.559681 -0.859324 2.248266
 11 6.384776 0.000001 0.000001 -0.393159 0.996889 -0.542110
 12 10.242685 -0.000001 -0.000001 -0.000000 0.000000 -1.341995
 13 11.375560 -0.000001 0.000001 -2.676717 0.100473 0.545613
 14 0.728681 0.023431 -1.008293 2.066161 0.821330 0.786268
 15 2.136497 0.000000 0.000001 -0.000000 0.000000 -0.628319
 16 2.313140 -0.000001 0.000000 0.000000 0.000000 0.000000
 17 3.115507 -0.886041 -0.021432 -0.022568 0.271393 0.743233
 18 2.011150 -0.000001 0.000001 0.000000 0.000000 0.947546
 19 2.141380 -0.000000 0.000000 0.000000 0.000000 0.000000
 20 1.734172 0.000001 0.000000 0.000000 0.000000 0.473269
 21 0.000006 -4.440595 -0.000001 1.570544 -0.062990 -0.195737
 22 6.000000 0.000001 0.000000 -2.435464 0.000000 0.000000
 23 0.000002 -4.440601 0.000001 1.569944 -0.062987 0.004053
 24 11.375561 0.000001 0.000004 -2.129492 -0.032481 0.305520
 25 -0.000001 -4.440603 0.000000 1.570144 -0.062988 0.004040
 26 10.510133 -0.000001 -0.000001 0.000000 0.000000 -2.241794
 27 -0.000000 -1.748400 4.999998 0.000000 0.004007 1.602291
 28 5.500000 -0.000000 -0.000001 0.039671 0.000000 -0.000000
 29 -0.000002 -1.940599 5.000000 -0.044472 0.004003 -0.000180
 30 6.551491 -0.000000 -0.000001 -0.124724 0.619493 -0.338266
 31 0.000000 -1.940598 5.000002 -0.027189 -0.053376 0.005295
 32 6.551491 -0.000000 -0.000001 -0.028351 0.300316 -0.142972
 33 -0.000002 -1.940600 4.999999 -0.066572 -0.152786 -0.110311
 34 0.271889 -1.040689 -1.355722 -2.870293 1.512994 -0.018468
 35 6.384776 -0.000000 0.000002 -0.525138 -0.175407 -0.463824
 36 10.242682 -0.000002 -0.000000 0.000000 -0.000000 -1.927176
 37 11.375561 0.000001 0.000001 2.584926 0.172326 0.329371
 38 0.728681 0.023431 1.008293 -1.579583 -0.319038 0.212973
 39 2.136497 -0.000001 -0.000000 0.000000 -0.000000 1.282817
 40 2.313140 0.000000 -0.000001 0.000000 0.000000 3.141593
 41 3.115506 -0.886041 0.021433 0.420765 0.316066 0.167178
 42 2.011151 -0.000001 -0.000002 -0.000000 0.000000 2.082010
 43 2.141381 0.000001 0.000002 0.000000 0.000000 3.141593
 44 1.734174 -0.000002 -0.000001 0.000000 -0.000000 1.041748
 45 0.136315 -3.738193 2.525891 1.493698 2.759406 -1.474501
 46 10.273805 -0.437103 1.198992 1.793563 0.004868 1.507198
 47 11.389368 -0.000817 0.158782 2.069741 0.141734 0.156034
 48 0.000001 -4.440599 -0.000000 1.570144 -3.078602 0.004040
 49 6.000001 0.000001 0.000000 2.069741 -0.000000 -0.000000
 50 0.000000 -4.440600 0.000003 1.569944 -3.078603 0.004053
 51 10.510131 0.000000 0.000000 0.000000 -0.000000 -2.534384
 52 0.000001 -1.748400 -5.000000 -3.141593 0.004007 -1.539299
 53 5.500000 0.000000 -0.000000 0.172720 0.000000 -0.000000
 54 -0.000001 0.000002 -5.000001 -0.044472 3.137589 -0.000177
 55 6.551491 -0.000001 0.000002 -0.172720 -0.028995 -0.213334
 56 -1.266844 -1.937442 -4.950561 -0.066572 -2.988806 -0.110308
 57 6.551491 -0.000001 0.000002 -0.172720 -0.028995 -0.213334
 58 0.699370 -1.944208 -5.006846 -0.027189 -3.088217 0.005298
 59 4.226146 -0.003202 -0.000000 0.320167 0.120513 0.232961
 60 -0.000000 5.000003 -0.000000 -0.153564 0.000087 2.718702
 61 0.000004 -0.000004 -3.713580 0.018865 -3.096651 -0.324845
 62 -0.000002 0.000000 5.000000 3.053198 1.558589 -0.074926
 63 -0.000007 0.000006 3.713580 -0.159276 -2.977491 -0.403653
 64 0.000001 -0.000000 -5.000000 -0.088724 1.558589 3.066337
 65 7.363602 1.646647 0.495663 3.141593 -1.570796 0.000000
 66 -0.000005 0.000007 3.619081 -0.217558 -2.796588 -0.810634
 67 16.573919 -0.000001 0.000000 0.000000 0.000000 -2.033247
 68 15.128181 0.000002 -0.000000 0.271612 0.009043 -0.097069
 69 5.758665 4.244730 0.000000 0.000000 -0.000000 1.842220
 70 3.177726 -0.000001 -0.000001 0.000000 0.000000 3.141593
 71 15.708953 0.000001 -0.000001 0.136460 0.001254 -0.052592
 72 0.275149 0.189214 -3.445208 3.130898 0.000409 -1.514604
 73 17.210194 -0.000002 0.000000 -0.000000 -0.000000 -2.328678
 74 -0.000000 0.000001 -4.999999 -0.079432 1.546568 -1.570855
 75 0.000002 -0.000003 -3.619081 0.034416 -3.071533 -0.493407
 76 16.573921 -0.000000 0.000000 0.000000 0.000000 -1.045581
 77 15.128181 0.000002 0.000000 0.002618 -0.051986 0.588317
 78 5.758665 4.244731 -0.000000 -0.000000 0.000000 1.815142
 79 4.003934 0.000000 0.000000 0.000000 0.000000 0.000000
 80 15.708955 0.000001 0.000000 0.004296 -0.037430 0.405337
 81 0.273998 0.191090 3.439762 -3.130907 -0.000437 -1.508107
 82 17.210194 0.000000 0.000000 -0.000000 -0.000000 -1.884228
 83 0.000000 -0.000001 5.000000 -0.079311 1.595025 -1.570737
time 84
  0 -0.650000 0.000000 33.899605 -0.025849 0.174554 -1.569172
  1 5.816420 0.852483 -32.971565 -0.174512 -0.026131 1.569196
  2 -2.276935 0.000003 -1.238188 -1.570795 -1.570451 0.000000
  3 1.797514 0.711857 0.000504 -0.155522 -0.073211 0.126639
  4 4.119288 -0.003163 0.000535 -0.164169 0.029373 0.208436
  5 4.119128 -0.003193 0.000520 -0.159132 0.031734 0.158048
  6 4.118788 -0.003231 0.000541 -0.165868 0.003845 0.056204
  7 4.119288 -0.002703 -0.002178 0.679273 0.201222 0.408868
  8 4.443599 0.000001 0.000000 -0.026173 -0.349024 0.196806
  9 9.024059 -0.000001 -0.000000 0.000000 0.000000 0.000000
 10 -0.346313 1.070113 1.320911 0.639419 -0.799545 2.241704
 11 6.384777 0.000001 0.000001 -0.500445 0.982735 -0.494482
 12 10.242682 -0.000000 -0.000000 0.000000 -0.000000 -1.497237
 13 11.375561 0.000003 0.000001 -2.681211 0.127629 0.582358
 14 0.728681 0.023430 -1.008293 1.982857 0.809846 0.795575
 15 2.136497 0.000000 -0.000001 -0.000000 0.000000 -0.590919
 16 2.313139 -0.000000 -0.000001 0.000000 0.000000 0.000000
 17 3.115505 -0.886041 -0.021432 -0.040005 0.246109 0.718248
 18 2.011150 0.000001 0.000000 -0.000000 -0.000000 0.984742
 19 2.141380 -0.000001 0.000000 0.000000 0.000000 0.000000
 20 1.734172 0.000000 0.000001 0.000000 0.000000 0.491774
 21 0.000006 -4.440593 0.000001 1.570544 -0.062990 -0.195737
 22 6.000000 0.000001 0.000001 -2.441734 0.000000 0.000000
 23 0.000002 -4.440601 0.000000 1.569944 -0.062987 0.004053
 24 11.375562 0.000002 0.000005 -2.133811 -0.024104 0.326375
 25 -0.000001 -4.440603 0.000001 1.570144 -0.062988 0.004040
 26 10.510132 -0.000000 -0.000000 0.000000 0.000000 -2.319415
 27 -0.000000 -1.748399 4.999999 -0.000000 0.004007 1.602291
 28 5.500002 -0.000001 0.000001 0.116557 0.000000 0.000000
 29 0.000001 -1.940599 5.000000 -0.044472 0.004003 -0.000180
 30 6.551492 0.000001 -0.000000 -0.251986 0.607354 -0.261469
 31 -0.000000 -1.940600 5.000001 -0.027189 -0.053376 0.005295
 32 6.551492 0.000001 -0.000000 -0.093540 0.298312 -0.099199
 33 0.000001 -1.940601 4.999998 -0.066572 -0.152786 -0.110311
 34 0.346319 -1.063037 -1.320909 2.553116 1.503970 -0.816650
 35 6.384777 0.000000 0.000001 -0.470225 -0.125610 -0.514125
 36 10.242681 -0.000000 0.000001 -0.000000 -0.000000 -1.995437
 37 11.375561 0.000001 0.000000 2.594254 0.194428 0.354899
 38 0.728679 0.023432 1.008295 -1.579583 -0.319038 0.212973
 39 2.136497 0.000000 0.000000 0.000000 0.000000 1.282817
 40 2.313140 0.000000 -0.000000 0.000000 0.000000 3.141593
 41 3.115506 -0.886042 0.021432 0.420765 0.316066 0.167178
 42 2.011149 0.000001 0.000000 0.000000 0.000000 2.082010
 43 2.141379 0.000001 0.000001 0.000000 0.000000 3.141593
 44 1.734170 -0.000000 0.000001 -0.000000 -0.000000 1.041748
 45 0.136316 -3.738192 2.525890 1.493698 2.759406 -1.474501
 46 10.273804 -0.437102 1.198992 1.793563 0.004868 1.507198
 47 11.389366 -0.000820 0.158782 2.072352 0.156649 0.164977
 48 0.000000 -4.440599 0.000002 1.570144 -3.078602 0.004040
 49 6.000000 0.000000 0.000000 2.072352 -0.000000 -0.000000
 50 0.000003 -4.440602 -0.000002 1.569944 -3.078603 0.004053
 51 10.510130 -0.000001 0.000002 0.000000 0.000000 -2.568515
 52 0.000002 -1.748402 -5.000003 -3.141593 0.004007 -1.539299
 53 5.500000 -0.000002 0.000001 0.156937 0.000000 -0.000000
 54 -0.000000 -0.000001 -5.000000 -0.044472 3.137589 -0.000177
 55 6.551491 -0.000000 0.000001 -0.156937 -0.010821 -0.222171
 56 -1.266844 -1.937441 -4.950560 -0.066572 -2.988806 -0.110308
 57 6.551491 0.000000 0.000001 -0.156937 -0.010821 -0.222171
 58 0.699371 -1.944210 -5.006845 -0.027189 -3.088217 0.005298
 59 4.226146 -0.003201 0.000000 0.330425 0.140473 0.200772
 60 0.000000 5.000000 -0.000000 -0.153564 0.000087 2.718702
 61 0.000004 -0.000004 -3.713580 0.018865 -3.096651 -0.324845
 62 -0.000002 0.000000 5.000000 3.053198 1.558589 -0.074926
 63 -0.000007 0.000006 3.713580 -0.159276 -2.977491 -0.403653
 64 0.000001 -0.000000 -5.000000 -0.088724 1.558589 3.066337
 65 7.363602 1.646647 0.495663 3.141593 -1.570796 0.000000
 66 -0.000005 0.000007 3.619081 -0.217558 -2.796588 -0.810634
 67 16.573919 -0.000001 0.000000 0.000000 0.000000 -2.033247
 68 15.128181 0.000002 -0.000000 0.271612 0.009043 -0.097069
 69 5.758665 4.244730 0.000000 0.000000 -0.000000 1.842220
 70 3.177726 -0.000001 -0.000001 0.000000 0.000000 3.141593
 71 15.708953 0.000001 -0.000001 0.136460 0.001254 -0.052592
 72 0.275149 0.189214 -3.445208 3.130898 0.000409 -1.514604
 73 17.210194 -0.000002 0.000000 -0.000000 -0.000000 -2.328678
 74 -0.000000 0.000001 -4.999999 -0.079432 1.546568 -1.570855
 75 0.000002 -0.000003 -3.619081 0.034416 -3.071533 -0.493407
 76 16.573921 -0.000000 0.000000 0.000000 0.000000 -1.045581
 77 15.128181 0.000002 0.000000 0.002618 -0.051986 0.588317
 78 5.758665 4.244731 -0.000000 -0.000000 0.000000 1.815142
 79 4.003934 0.000000 0.000000 0.000000 0.000000 0.000000
 80 15.708955 0.000001 0.000000 0.004296 -0.037430 0.405337
 81 0.273998 0.191090 3.439762 -3.130907 -0.000437 -1.508107
 82 17.210194 0.000000 0.000000 -0.000000 -0.000000 -1.884228
 83 0.000000 -0.000001 5.000000 -0.079311 1.595025 -1.570737
time 85
  0 -0.650000 0.000000 33.899605 -0.025849 0.174554 -1.569172
  1 5.816420 0.852483 -32.971565 -0.174512 -0.026131 1.569196
  2 -2.276935 0.000003 -1.238188 -1.570795 -1.570451 0.000000
  3 1.797457 0.711858 0.000545 -0.168185 -0.078991 0.111313
  4 4.119430 -0.003122 0.000569 -0.174373 0.041364 0.251383
  5 4.119116 -0.003191 0.000559 -0.171417 0.034989 0.153038
  6 4.118773 -0.003223 0.000581 -0.178190 0.004983 0.051688
  7 4.118957 -0.002729 -0.002221 0.707594 0.259606 0.346375
  8 4.443599 -0.000001 0.000002 0.007064 -0.383107 0.191809
  9 9.024060 -0.000002 -0.000000 0.000000 0.000000 0.000000
 10 -0.444786 1.092072 1.272625 0.709700 -0.755814 2.257183
 11 6.384778 -0.000002 0.000000 -0.643089 0.936602 -0.517545
 12 10.242683 -0.000000 -0.000001 0.000000 -0.000000 -1.660827
 13 11.375561 0.000002 0.000002 -2.704482 0.177429 0.631371
 14 0.728681 0.023431 -1.008291 1.866294 0.769055 0.792890
 15 2.136497 0.000001 0.000001 0.000000 0.000000 -0.528378
 16 2.313138 -0.000000 0.000001 0.000000 0.000000 0.000000
 17 3.115507 -0.886040 -0.021430 -0.061056 0.213423 0.687397
 18 2.011151 -0.000000 -0.000001 0.000000 -0.000000 1.031967
 19 2.141378 0.000000 -0.000000 0.000000 0.000000 0.000000
 20 1.734172 0.000001 0.000000 0.000000 0.000000 0.515287
 21 0.000006 -4.440594 -0.000000 1.570544 -0.062990 -0.195737
 22 5.999999 -0.000001 0.000001 -2.465532 0.000000 -0.000000
 23 0.000002 -4.440600 0.000000 1.569944 -0.062987 0.004053
 24 11.375561 0.000002 0.000005 -2.149353 -0.007868 0.355973
 25 0.000000 -4.440604 0.000002 1.570144 -0.062988 0.004040
 26 10.510131 -0.000001 -0.000001 -0.000000 -0.000000 -2.401210
 27 0.000001 -1.748403 4.999999 0.000000 0.004007 1.602290
 28 5.500000 -0.000000 -0.000000 0.190088 -0.000000 0.000000
 29 0.000001 -1.940598 5.000000 -0.044472 0.004003 -0.000180
 30 6.551490 0.000001 0.000003 -0.383365 0.603714 -0.231945
 31 0.000002 -1.940599 5.000000 -0.027189 -0.053376 0.005295
 32 6.551490 0.000001 0.000003 -0.154922 0.297243 -0.074964
 33 -0.000000 -1.940599 4.999995 -0.066572 -0.152786 -0.110311
 34 0.444793 -1.084998 -1.272622 2.071787 1.446303 -1.226409
 35 6.384776 0.000002 -0.000001 -0.388434 -0.071918 -0.594897
 36 10.242682 0.000001 0.000001 -0.000000 -0.000000 -2.059370
 37 11.375558 -0.000001 -0.000001 2.606164 0.220421 0.385716
 38 0.728680 0.023431 1.008293 -1.579583 -0.319038 0.212973
 39 2.136497 -0.000002 0.000001 -0.000000 0.000000 1.282817
 40 2.313142 0.000000 -0.000000 0.000000 0.000000 3.141593
 41 3.115506 -0.886041 0.021432 0.420765 0.316066 0.167178
 42 2.011151 -0.000001 0.000000 -0.000000 0.000000 2.082010
 43 2.141379 0.000001 0.000000 0.000000 0.000000 3.141593
 44 1.734173 -0.000002 -0.000001 0.000000 0.000000 1.041748
 45 0.136315 -3.738194 2.525889 1.493698 2.759406 -1.474501
 46 10.273804 -0.437101 1.198994 1.793563 0.004868 1.507198
 47 11.389365 -0.000819 0.158781 2.075530 0.174070 0.175436
 48 0.000001 -4.440600 -0.000001 1.570144 -3.078602 0.004040
 49 5.999999 0.000002 0.000001 2.075530 0.000000 0.000000
 50 0.000003 -4.440601 -0.000001 1.569944 -3.078603 0.004053
 51 10.510130 0.000002 0.000001 -0.000000 -0.000000 -2.600481
 52 -0.000001 -1.748398 -5.000001 3.141593 0.004007 -1.539299
 53 5.499998 0.000002 -0.000001 0.131016 -0.000000 0.000000
 54 0.000000 -0.000000 -5.000001 -0.044472 3.137590 -0.000177
 55 6.551490 0.000002 -0.000001 -0.131016 0.006230 -0.234899
 56 -1.266844 -1.937442 -4.950561 -0.066572 -2.988806 -0.110308
 57 6.551490 0.000002 -0.000001 -0.131016 0.006230 -0.234899
 58 0.699371 -1.944209 -5.006848 -0.027189 -3.088217 0.005298
 59 4.226146 -0.003203 -0.000001 0.342912 0.167633 0.161193
 60 -0.000001 5.000000 0.000000 -0.153564 0.000087 2.718702
 61 0.000004 -0.000004 -3.713580 0.018865 -3.096651 -0.324845
 62 -0.000002 0.000000 5.000000 3.053198 1.558589 -0.074926
 63 -0.000007 0.000006 3.713580 -0.159276 -2.977491 -0.403653
 64 0.000001 -0.000000 -5.000000 -0.088724 1.558589 3.066337
 65 7.363602 1.646647 0.495663 3.141593 -1.570796 0.000000
 66 -0.000005 0.000007 3.619081 -0.217558 -2.796588 -0.810634
 67 16.573919 -0.000001 0.000000 0.000000 0.000000 -2.033247
 68 15.128181 0.000002 -0.000000 0.271612 0.009043 -0.097069
 69 5.758665 4.244730 0.000000 0.000000 -0.000000 1.842220
 70 3.177726 -0.000001 -0.000001 0.000000 0.000000 3.141593
 71 15.708953 0.000001 -0.000001 0.136460 0.001254 -0.052592
 72 0.275149 0.189214 -3.445208 3.130898 0.000409 -1.514604
 73 17.210194 -0.000002 0.000000 -0.000000 -0.000000 -2.328678
 74 -0.000000 0.000001 -4.999999 -0.079432 1.546568 -1.570855
 75 0.000002 -0.000003 -3.619081 0.034416 -3.071533 -0.493407
 76 16.573921 -0.000000 0.000000 0.000000 0.000000 -1.045581
 77 15.128181 0.000002 0.000000 0.002618 -0.051986 0.588317
 78 5.758665 4.244731 -0.000000 -0.000000 0.000000 1.815142
 79 4.003934 0.000000 0.000000 0.000000 0.000000 0.000000
 80 15.708955 0.000001 0.000000 0.004296 -0.037430 0.405337
 81 0.273998 0.191090 3.439762 -3.130907 -0.000437 -1.508107
 82 17.210194 0.000000 0.000000 -0.000000 -0.000000 -1.884228
 83 0.000000 -0.000001 5.000000 -0.079311 1.595025 -1.570737
time 86
  0 -0.650000 0.000000 33.899605 -0.025849 0.174554 -1.569172
  1 5.816420 0.852483 -32.971565 -0.174512 -0.026131 1.569196
  2 -2.276935 0.000003 -1.238188 -1.570795 -1.570451 0.000000
  3 1.797392 0.711859 0.000589 -0.181867 -0.085150 0.092958
  4 4.119570 -0.003075 0.000603 -0.185064 0.054139 0.295338
  5 4.119096 -0.003185 0.000603 -0.184807 0.038042 0.147204
  6 4.118761 -0.003218 0.000623 -0.191600 0.005871 0.046396
  7 4.118584 -0.002732 -0.002251 0.737417 0.329350 0.278851
  8 4.443600 -0.000001 -0.000000 0.047333 -0.415043 0.194842
  9 9.024061 -0.000001 0.000000 0.000000 0.000000 0.000000
 10 -0.560409 1.105961 1.213641 0.776924 -0.724122 2.283510
 11 6.384777 -0.000001 0.000001 -0.814794 0.826282 -0.594892
 12 10.242683 0.000000 0.000000 0.000000 -0.000000 -1.802790
 13 11.375561 -0.000000 0.000001 -2.750580 0.252675 0.694406
 14 0.728680 0.023432 -1.008292 1.732158 0.705787 0.790327
 15 2.136497 0.000000 0.000002 0.000000 -0.000000 -0.447552
 16 2.313138 -0.000000 -0.000000 0.000000 0.000000 0.000000
 17 3.115506 -0.886040 -0.021433 -0.083903 0.174936 0.652906
 18 2.011151 0.000001 -0.000001 0.000000 0.000000 1.086485
 19 2.141378 -0.000000 0.000001 0.000000 0.000000 0.000000
 20 1.734172 0.000002 -0.000000 -0.000000 0.000000 0.542462
 21 0.000006 -4.440594 -0.000000 1.570544 -0.062990 -0.195737
 22 6.000000 -0.000002 0.000001 -2.511525 -0.000000 -0.000000
 23 0.000002 -4.440600 0.000000 1.569944 -0.062987 0.004053
 24 11.375561 0.000000 0.000004 -2.178716 0.016377 0.395631
 25 -0.000001 -4.440604 -0.000001 1.570144 -0.062988 0.004040
 26 10.510131 -0.000000 0.000000 0.000000 -0.000000 -2.472191
 27 0.000002 -1.748402 4.999999 0.000000 0.004007 1.602291
 28 5.500003 0.000000 -0.000000 0.260443 -0.000000 0.000000
 29 -0.000003 -1.940598 5.000000 -0.044472 0.004003 -0.000180
 30 6.551491 0.000000 0.000002 -0.517398 0.565302 -0.279839
 31 -0.000002 -1.940598 5.000001 -0.027189 -0.053376 0.005295
 32 6.551491 0.000000 0.000002 -0.212441 0.282994 -0.088225
 33 -0.000001 -1.940600 4.999995 -0.066572 -0.152786 -0.110311
 34 0.560414 -1.098883 -1.213642 1.896450 1.364456 -1.323974
 35 6.384777 0.000001 -0.000001 -0.281582 -0.017032 -0.703634
 36 10.242683 0.000000 0.000002 -0.000000 -0.000000 -2.108267
 37 11.375561 0.000002 0.000002 2.620459 0.248884 0.420583
 38 0.728681 0.023431 1.008291 -1.579583 -0.319038 0.212973
 39 2.136496 0.000001 -0.000001 0.000000 0.000000 1.282817
 40 2.313136 0.000001 0.000001 0.000000 0.000000 3.141593
 41 3.115507 -0.886041 0.021430 0.420766 0.316066 0.167178
 42 2.011150 0.000000 0.000000 0.000000 -0.000000 2.082010
 43 2.141379 -0.000001 0.000000 0.000000 0.000000 3.141593
 44 1.734172 -0.000002 -0.000001 -0.000000 -0.000000 1.041748
 45 0.136315 -3.738193 2.525890 1.493698 2.759406 -1.474501
 46 10.273805 -0.437102 1.198988 1.793563 0.004868 1.507198
 47 11.389366 -0.000818 0.158783 2.079148 0.193038 0.186852
 48 0.000001 -4.440600 -0.000000 1.570144 -3.078602 0.004040
 49 6.000000 0.000002 0.000002 2.079148 -0.000000 -0.000000
 50 0.000002 -4.440600 -0.000003 1.569944 -3.078603 0.004053
 51 10.510132 0.000000 0.000002 -0.000000 0.000000 -2.624929
 52 0.000002 -1.748398 -5.000001 -3.141593 0.004007 -1.539299
 53 5.500001 0.000000 0.000002 0.094298 0.000000 -0.000000
 54 -0.000000 -0.000000 -5.000001 -0.044472 3.137589 -0.000177
 55 6.551490 0.000001 -0.000002 -0.094298 0.020194 -0.250275
 56 -1.266843 -1.937443 -4.950558 -0.066572 -2.988806 -0.110308
 57 6.551491 0.000001 -0.000002 -0.094298 0.020194 -0.250275
 58 0.699371 -1.944209 -5.006845 -0.027189 -3.088217 0.005298
 59 4.226147 -0.003203 -0.000000 0.355599 0.199928 0.115803
 60 -0.000001 5.000002 -0.000001 -0.153564 0.000087 2.718702
 61 0.000004 -0.000004 -3.713580 0.018865 -3.096651 -0.324845
 62 -0.000002 0.000000 5.000000 3.053198 1.558589 -0.074926
 63 -0.000007 0.000006 3.713580 -0.159276 -2.977491 -0.403653
 64 0.000001 -0.000000 -5.000000 -0.088724 1.558589 3.066337
 65 7.363602 1.646647 0.495663 3.141593 -1.570796 0.000000
 66 -0.000005 0.000007 3.619081 -0.217558 -2.796588 -0.810634
 67 16.573919 -0.000001 0.000000 0.000000 0.000000 -2.033247
 68 15.128181 0.000002 -0.000000 0.271612 0.009043 -0.097069
 69 5.758665 4.244730 0.000000 0.000000 -0.000000 1.842220
 70 3.177726 -0.000001 -0.000001 0.000000 0.000000 3.141593
 71 15.708953 0.000001 -0.000001 0.136460 0.001254 -0.052592
 72 0.275149 0.189214 -3.445208 3.130898 0.000409 -1.514604
 73 17.210194 -0.000002 0.000000 -0.000000 -0.000000 -2.328678
 74 -0.000000 0.000001 -4.999999 -0.079432 1.546568 -1.570855
 75 0.000002 -0.000003 -3.619081 0.034416 -3.071533 -0.493407
 76 16.573921 -0.000000 0.000000 0.000000 0.000000 -1.045581
 77 15.128181 0.000002 0.000000 0.002618 -0.051986 0.588317
 78 5.758665 4.244731 -0.000000 -0.000000 0.000000 1.815142
 79 4.003934 0.000000 0.000000 0.000000 0.000000 0.000000
 80 15.708955 0.000001 0.000000 0.004296 -0.037430 0.405337
 81 0.273998 0.191090 3.439762 -3.130907 -0.000437 -1.508107
 82 17.210194 0.000000 0.000000 -0.000000 -0.000000 -1.884228
 83 0.000000 -0.000001 5.000000 -0.079311 1.595025 -1.570737
time 87
  0 -0.650000 0.000000 33.899605 -0.025849 0.174554 -1.569172
  1 5.816420 0.852483 -32.971565 -0.174512 -0.026131 1.569196
  2 -2.276935 0.000003 -1.238188 -1.570795 -1.570451 0.000000
  3 1.797313 0.711863 0.000632 -0.195534 -0.091917 0.072095
  4 4.119713 -0.003022 0.000635 -0.195329 0.067112 0.338139
  5 4.119081 -0.003180 0.000645 -0.198287 0.040806 0.140705
  6 4.118735 -0.003208 0.000668 -0.205074 0.006500 0.040465
  7 4.118182 -0.002694 -0.002250 0.765396 0.406565 0.208596
  8 4.443599 -0.000001 -0.000001 0.091052 -0.438225 0.204716
  9 9.024062 -0.000001 0.000000 0.000000 0.000000 0.000000
 10 -0.685214 1.106145 1.147630 0.844616 -0.699890 2.313305
 11 6.384775 0.000001 0.000002 -0.976421 0.636366 -0.675020
 12 10.242682 -0.000000 -0.000001 0.000000 0.000000 -1.900245
 13 11.375562 0.000001 -0.000001 -2.823895 0.349531 0.766406
 14 0.728681 0.023432 -1.008291 1.592471 0.628417 0.796490
 15 2.136496 0.000001 -0.000001 0.000000 0.000000 -0.355299
 16 2.313140 -0.000000 0.000001 0.000000 0.000000 0.000000
 17 3.115507 -0.886041 -0.021430 -0.106978 0.132401 0.616776
 18 2.011151 0.000000 -0.000001 0.000000 0.000000 1.145562
 19 2.141378 -0.000000 0.000000 0.000000 0.000000 0.000000
 20 1.734172 0.000001 -0.000001 -0.000000 0.000000 0.571951
 21 0.000002 -4.440595 0.000001 1.570544 -0.062990 -0.195737
 22 6.000000 0.000001 -0.000000 -2.584207 -0.000000 0.000000
 23 0.000001 -4.440601 0.000003 1.569944 -0.062987 0.004053
 24 11.375562 0.000001 0.000003 -2.223720 0.046369 0.443430
 25 -0.000002 -4.440602 0.000000 1.570144 -0.062988 0.004040
 26 10.510129 -0.000000 -0.000001 -0.000000 0.000000 -2.520919
 27 -0.000000 -1.748400 4.999999 -0.000000 0.004007 1.602290
 28 5.500000 -0.000000 -0.000001 0.329587 -0.000000 -0.000000
 29 0.000000 -1.940598 5.000000 -0.044472 0.004003 -0.000180
 30 6.551490 0.000001 0.000002 -0.644859 0.471327 -0.370740
 31 0.000001 -1.940598 5.000002 -0.027189 -0.053376 0.005295
 32 6.551490 0.000001 0.000002 -0.268598 0.248169 -0.128064
 33 0.000001 -1.940600 4.999995 -0.066572 -0.152786 -0.110311
 34 0.685221 -1.099070 -1.147630 1.814839 1.271618 -1.324944
 35 6.384776 0.000001 -0.000001 -0.162483 0.037156 -0.825270
 36 10.242681 0.000001 0.000001 -0.000000 -0.000000 -2.145077
 37 11.375562 0.000003 0.000002 2.636807 0.278432 0.458202
 38 0.728681 0.023431 1.008293 -1.579583 -0.319038 0.212973
 39 2.136497 0.000001 -0.000000 -0.000000 -0.000000 1.282817
 40 2.313138 -0.000000 -0.000000 0.000000 0.000000 3.141593
 41 3.115507 -0.886041 0.021433 0.420766 0.316066 0.167178
 42 2.011150 -0.000000 -0.000001 -0.000000 0.000000 2.082010
 43 2.141380 0.000001 -0.000000 0.000000 0.000000 3.141593
 44 1.734172 -0.000001 -0.000001 -0.000000 0.000000 1.041748
 45 0.136314 -3.738193 2.525889 1.493698 2.759406 -1.474501
 46 10.273805 -0.437103 1.198992 1.793563 0.004868 1.507198
 47 11.389366 -0.000819 0.158781 2.083073 0.212672 0.198718
 48 0.000001 -4.440599 -0.000001 1.570144 -3.078602 0.004040
 49 6.000000 0.000001 0.000000 2.083073 -0.000000 -0.000000
 50 0.000002 -4.440602 -0.000003 1.569944 -3.078603 0.004053
 51 10.510130 -0.000000 0.000002 -0.000000 0.000000 -2.643334
 52 0.000001 -1.748401 -5.000004 3.141593 0.004007 -1.539299
 53 5.499999 0.000001 0.000000 0.051040 0.000000 -0.000000
 54 -0.000002 -0.000001 -5.000000 -0.044472 3.137589 -0.000177
 55 6.551490 -0.000000 -0.000000 -0.051040 0.030381 -0.265932
 56 -1.266843 -1.937445 -4.950559 -0.066572 -2.988806 -0.110308
 57 6.551491 -0.000000 -0.000001 -0.051040 0.030381 -0.265932
 58 0.699371 -1.944209 -5.006846 -0.027189 -3.088217 0.005298
 59 4.226148 -0.003200 -0.000000 0.366728 0.234820 0.066876
 60 -0.000001 5.000000 0.000000 -0.153564 0.000087 2.718702
 61 0.000004 -0.000004 -3.713580 0.018865 -3.096651 -0.324845
 62 -0.000002 0.000000 5.000000 3.053198 1.558589 -0.074926
 63 -0.000007 0.000006 3.713580 -0.159276 -2.977491 -0.403653
 64 0.000001 -0.000000 -5.000000 -0.088724 1.558589 3.066337
 65 7.363602 1.646647 0.495663 3.141593 -1.570796 0.000000
 66 -0.000005 0.000007 3.619081 -0.217558 -2.796588 -0.810634
 67 16.573919 -0.000001 0.000000 0.000000 0.000000 -2.033247
 68 15.128181 0.000002 -0.000000 0.271612 0.009043 -0.097069
 69 5.758665 4.244730 0.000000 0.000000 -0.000000 1.842220
 70 3.177726 -0.000001 -0.000001 0.000000 0.000000 3.141593
 71 15.708953 0.000001 -0.000001 0.136460 0.001254 -0.052592
 72 0.275149 0.189214 -3.445208 3.130898 0.000409 -1.514604
 73 17.210194 -0.000002 0.000000 -0.000000 -0.000000 -2.328678
 74 -0.000000 0.000001 -4.999999 -0.079432 1.546568 -1.570855
 75 0.000002 -0.000003 -3.619081 0.034416 -3.071533 -0.493407
 76 16.573921 -0.000000 0.000000 0.000000 0.000000 -1.045581
 77 15.128181 0.000002 0.000000 0.002618 -0.051986 0.588317
 78 5.758665 4.244731 -0.000000 -0.000000 0.000000 1.815142
 79 4.003934 0.000000 0.000000 0.000000 0.000000 0.000000
 80 15.708955 0.000001 0.000000 0.004296 -0.037430 0.405337
 81 0.273998 0.191090 3.439762 -3.130907 -0.000437 -1.508107
 82 17.210194 0.000000 0.000000 -0.000000 -0.000000 -1.884228
 83 0.000000 -0.000001 5.000000 -0.079311 1.595025 -1.570737
time 88
  0 -0.650000 0.000000 33.899605 -0.025849 0.174554 -1.569172
  1 5.816420 0.852483 -32.971565 -0.174512 -0.026131 1.569196
  2 -2.276935 0.000003 -1.238188 -1.570795 -1.570451 0.000000
  3 1.797233 0.711867 0.000672 -0.208149 -0.099465 0.049239
  4 4.119835 -0.002966 0.000664 -0.204361 0.079581 0.377654
  5 4.119058 -0.003175 0.000685 -0.210842 0.043212 0.133710
  6 4.118717 -0.003201 0.000707 -0.217589 0.006879 0.034035
  7 4.117781 -0.002630 -0.002217 0.788794 0.486872 0.137340
  8 4.443599 -0.000002 0.000001 0.132443 -0.448328 0.220780
  9 9.024063 -0.000002 0.000001 0.000000 0.000000 0.000000
 10 -0.810676 1.090054 1.079168 0.913650 -0.678179 2.342034
 11 6.384776 0.000000 0.000001 -1.101615 0.389360 -0.721204
 12 10.242682 -0.000001 -0.000001 0.000000 0.000000 -1.942905
 13 11.375561 -0.000000 -0.000001 -2.924710 0.455582 0.828067
 14 0.728680 0.023431 -1.008290 1.454701 0.546596 0.814820
 15 2.136496 -0.000001 0.000002 0.000000 -0.000000 -0.258475
 16 2.313138 0.000000 -0.000002 0.000000 0.000000 0.000000
 17 3.115506 -0.886041 -0.021430 -0.129022 0.087733 0.580749
 18 2.011152 0.000002 -0.000002 -0.000000 0.000000 1.206462
 19 2.141379 -0.000000 0.000001 0.000000 0.000000 0.000000
 20 1.734173 0.000002 -0.000001 -0.000000 -0.000000 0.602398
 21 0.000005 -4.440593 -0.000001 1.570544 -0.062990 -0.195737
 22 6.000000 -0.000000 -0.000001 -2.682342 -0.000000 -0.000000
 23 0.000001 -4.440600 0.000000 1.569944 -0.062987 0.004053
 24 11.375561 0.000001 0.000002 -2.281855 0.078281 0.490759
 25 0.000000 -4.440603 -0.000003 1.570144 -0.062988 0.004040
 26 10.510130 -0.000001 -0.000001 0.000000 0.000000 -2.542249
 27 -0.000002 -1.748400 4.999998 -0.000000 0.004007 1.602291
 28 5.500000 0.000000 -0.000001 0.390858 -0.000000 -0.000000
 29 -0.000000 -1.940599 5.000000 -0.044472 0.004003 -0.000180
 30 6.551491 0.000000 0.000001 -0.748115 0.333662 -0.458206
 31 0.000001 -1.940598 4.999999 -0.027189 -0.053376 0.005295
 32 6.551491 0.000000 0.000001 -0.318470 0.195670 -0.174438
 33 -0.000001 -1.940599 4.999999 -0.066572 -0.152786 -0.110311
 34 0.810680 -1.082980 -1.079168 1.766734 1.175595 -1.292408
 35 6.384776 0.000001 -0.000000 -0.047389 0.086648 -0.937775
 36 10.242681 0.000001 0.000001 -0.000000 0.000000 -2.181870
 37 11.375562 0.000002 0.000002 2.654703 0.307749 0.497185
 38 0.728681 0.023431 1.008291 -1.579583 -0.319038 0.212973
 39 2.136497 -0.000001 -0.000001 -0.000000 0.000000 1.282817
 40 2.313138 -0.000001 0.000001 0.000000 0.000000 3.141593
 41 3.115507 -0.886041 0.021431 0.420766 0.316066 0.167178
 42 2.011151 -0.000000 0.000002 -0.000000 0.000000 2.082010
 43 2.141379 0.000001 0.000000 0.000000 0.000000 3.141593
 44 1.734172 -0.000000 0.000002 0.000000 0.000000 1.041748
 45 0.136316 -3.738193 2.525889 1.493698 2.759406 -1.474501
 46 10.273806 -0.437102 1.198990 1.793563 0.004868 1.507198
 47 11.389367 -0.000818 0.158781 2.087155 0.232179 0.210577
 48 0.000000 -4.440599 0.000002 1.570144 -3.078602 0.004040
 49 6.000000 -0.000001 -0.000001 2.087155 -0.000000 -0.000000
 50 0.000002 -4.440601 0.000001 1.569944 -3.078603 0.004053
 51 10.510132 0.000001 0.000004 -0.000000 -0.000000 -2.661731
 52 0.000001 -1.748399 -5.000000 3.141593 0.004007 -1.539299
 53 5.500000 0.000000 0.000003 0.007760 0.000000 -0.000000
 54 0.000001 -0.000000 -5.000000 -0.044472 3.137589 -0.000177
 55 6.551491 0.000000 -0.000000 -0.007760 0.035012 -0.280011
 56 -1.266844 -1.937444 -4.950559 -0.066572 -2.988806 -0.110308
 57 6.551491 0.000000 -0.000000 -0.007760 0.035012 -0.280011
 58 0.699371 -1.944209 -5.006846 -0.027189 -3.088217 0.005298
 59 4.226147 -0.003202 0.000000 0.375174 0.269607 0.017187
 60 0.000001 5.000001 0.000000 -0.153565 0.000087 2.718702
 61 0.000004 -0.000004 -3.713580 0.018865 -3.096651 -0.324845
 62 -0.000002 0.000000 5.000000 3.053198 1.558589 -0.074926
 63 -0.000007 0.000006 3.713580 -0.159276 -2.977491 -0.403653
 64 0.000001 -0.000000 -5.000000 -0.088724 1.558589 3.066337
 65 7.363602 1.646647 0.495663 3.141593 -1.570796 0.000000
 66 -0.000005 0.000007 3.619081 -0.217558 -2.796588 -0.810634
 67 16.573919 -0.000001 0.000000 0.000000 0.000000 -2.033247
 68 15.128181 0.000002 -0.000000 0.271612 0.009043 -0.097069
 69 5.758665 4.244730 0.000000 0.000000 -0.000000 1.842220
 70 3.177726 -0.000001 -0.000001 0.000000 0.000000 3.141593
 71 15.708953 0.000001 -0.000001 0.136460 0.001254 -0.052592
 72 0.275149 0.189214 -3.445208 3.130898 0.000409 -1.514604
 73 17.210194 -0.000002 0.000000 -0.000000 -0.000000 -2.328678
 74 -0.000000 0.000001 -4.999999 -0.079432 1.546568 -1.570855
 75 0.000002 -0.000003 -3.619081 0.034416 -3.071533 -0.493407
 76 16.573921 -0.000000 0.000000 0.000000 0.000000 -1.045581
 77 15.128181 0.000002 0.000000 0.002618 -0.051986 0.588317
 78 5.758665 4.244731 -0.000000 -0.000000 0.000000 1.815142
 79 4.003934 0.000000 0.000000 0.000000 0.000000 0.000000
 80 15.708955 0.000001 0.000000 0.004296 -0.037430 0.405337
 81 0.273998 0.191090 3.439762 -3.130907 -0.000437 -1.508107
 82 17.210194 0.000000 0.000000 -0.000000 -0.000000 -1.884228
 83 0.000000 -0.000001 5.000000 -0.079311 1.595025 -1.570737
time 89
  0 -0.650000 0.000000 33.899605 -0.025849 0.174554 -1.569172
  1 5.816420 0.852483 -32.971565 -0.174512 -0.026131 1.569196
  2 -2.276935 0.000003 -1.238188 -1.570795 -1.570451 0.000000
  3 1.797146 0.711873 0.000705 -0.218670 -0.107908 0.024889
  4 4.119945 -0.002914 0.000685 -0.211453 0.090749 0.411772
  5 4.119035 -0.003169 0.000720 -0.221453 0.045208 0.126390
  6 4.118693 -0.003193 0.000741 -0.228120 0.007030 0.027244
  7 4.117405 -0.002538 -0.002156 0.805517 0.565513 0.066456
  8 4.443599 0.000001 -0.000001 0.164593 -0.443756 0.242505
  9 9.024060 -0.000001 0.000000 0.000000 0.000000 0.000000
 10 -0.928478 1.058606 1.013451 0.982240 -0.653979 2.367758
 11 6.384775 0.000002 0.000003 -1.191295 0.127769 -0.731519
 12 10.242682 0.000001 0.000000 -0.000000 -0.000000 -1.935386
 13 11.375563 -0.000002 0.000003 -3.047837 0.553085 0.858854
 14 0.728681 0.023429 -1.008291 1.323527 0.470391 0.844484
 15 2.136497 -0.000001 0.000001 -0.000000 0.000000 -0.163936
 16 2.313140 0.000001 -0.000002 0.000000 0.000000 0.000000
 17 3.115507 -0.886043 -0.021430 -0.149085 0.043001 0.546338
 18 2.011152 0.000004 0.000001 -0.000000 -0.000000 1.266450
 19 2.141379 -0.000001 0.000002 0.000000 0.000000 0.000000
 20 1.734172 0.000003 0.000002 -0.000000 -0.000000 0.632438
 21 0.000008 -4.440594 -0.000000 1.570544 -0.062990 -0.195737
 22 6.000001 -0.000001 0.000002 -2.798995 0.000000 -0.000000
 23 0.000001 -4.440602 0.000001 1.569944 -0.062987 0.004053
 24 11.375563 -0.000001 0.000005 -2.346794 0.106572 0.527751
 25 -0.000002 -4.440603 -0.000001 1.570144 -0.062988 0.004040
 26 10.510131 -0.000000 0.000001 -0.000000 0.000000 -2.538489
 27 -0.000001 -1.748401 4.999998 0.000000 0.004007 1.602290
 28 5.500000 0.000000 0.000000 0.440509 -0.000000 -0.000000
 29 -0.000003 -1.940598 5.000000 -0.044472 0.004003 -0.000180
 30 6.551491 0.000001 0.000001 -0.827975 0.178752 -0.523182
 31 0.000000 -1.940599 5.000003 -0.027189 -0.053376 0.005295
 32 6.551491 0.000001 0.000001 -0.358581 0.135545 -0.213963
 33 0.000001 -1.940599 4.999996 -0.066572 -0.152786 -0.110311
 34 0.928480 -1.051528 -1.013452 1.732417 1.083172 -1.248616
 35 6.384777 -0.000001 0.000003 0.054663 0.126081 -1.023534
 36 10.242681 -0.000000 0.000001 0.000000 0.000000 -2.228574
 37 11.375560 0.000002 0.000001 2.673434 0.335608 0.536012
 38 0.728681 0.023431 1.008294 -1.579583 -0.319038 0.212973
 39 2.136498 0.000002 -0.000001 0.000000 -0.000000 1.282817
 40 2.313138 0.000000 0.000000 0.000000 0.000000 3.141593
 41 3.115507 -0.886041 0.021432 0.420765 0.316066 0.167178
 42 2.011150 -0.000000 0.000001 -0.000000 0.000000 2.082010
 43 2.141379 0.000000 -0.000001 0.000000 0.000000 3.141593
 44 1.734172 -0.000002 0.000000 0.000000 -0.000000 1.041748
 45 0.136315 -3.738193 2.525889 1.493698 2.759406 -1.474501
 46 10.273805 -0.437102 1.198994 1.793563 0.004868 1.507198
 47 11.389365 -0.000819 0.158782 2.091234 0.250839 0.222007
 48 0.000001 -4.440599 0.000001 1.570144 -3.078602 0.004040
 49 6.000000 -0.000000 -0.000000 2.091234 -0.000000 -0.000000
 50 0.000002 -4.440603 -0.000001 1.569944 -3.078603 0.004053
 51 10.510130 -0.000000 0.000002 -0.000000 0.000000 -2.685083
 52 0.000001 -1.748399 -5.000002 -3.141593 0.004007 -1.539299
 53 5.499999 0.000000 0.000000 -0.031893 0.000000 0.000000
 54 -0.000001 -0.000000 -5.000000 -0.044472 3.137589 -0.000177
 55 6.551491 0.000001 -0.000000 0.031893 0.032636 -0.291719
 56 -1.266843 -1.937443 -4.950562 -0.066572 -2.988806 -0.110308
 57 6.551491 0.000001 -0.000000 0.031893 0.032636 -0.291719
 58 0.699371 -1.944207 -5.006849 -0.027189 -3.088217 0.005298
 59 4.226147 -0.003201 -0.000000 0.380571 0.301888 -0.030577
 60 0.000002 5.000000 0.000000 -0.153564 0.000087 2.718702
 61 0.000004 -0.000004 -3.713580 0.018865 -3.096651 -0.324845
 62 -0.000002 0.000000 5.000000 3.053198 1.558589 -0.074926
 63 -0.000007 0.000006 3.713580 -0.159276 -2.977491 -0.403653
 64 0.000001 -0.000000 -5.000000 -0.088724 1.558589 3.066337
 65 7.363602 1.646647 0.495663 3.141593 -1.570796 0.000000
 66 -0.000005 0.000007 3.619081 -0.217558 -2.796588 -0.810634
 67 16.573919 -0.000001 0.000000 0.000000 0.000000 -2.033247
 68 15.128181 0.000002 -0.000000 0.271612 0.009043 -0.097069
 69 5.758665 4.244730 0.000000 0.000000 -0.000000 1.842220
 70 3.177726 -0.000001 -0.000001 0.000000 0.000000 3.141593
 71 15.708953 0.000001 -0.000001 0.136460 0.001254 -0.052592
 72 0.275149 0.189214 -3.445208 3.130898 0.000409 -1.514604
 73 17.210194 -0.000002 0.000000 -0.000000 -0.000000 -2.328678
 74 -0.000000 0.000001 -4.999999 -0.079432 1.546568 -1.570855
 75 0.000002 -0.000003 -3.619081 0.034416 -3.071533 -0.493407
 76 16.573921 -0.000000 0.000000 0.000000 0.000000 -1.045581
 77 15.128181 0.000002 0.000000 0.002618 -0.051986 0.588317
 78 5.758665 4.244731 -0.000000 -0.000000 0.000000 1.815142
 79 4.003934 0.000000 0.000000 0.000000 0.000000 0.000000
 80 15.708955 0.000001 0.000000 0.004296 -0.037430 0.405337
 81 0.273998 0.191090 3.439762 -3.130907 -0.000437 -1.508107
 82 17.210194 0.000000 0.000000 -0.000000 -0.000000 -1.884228
 83 0.000000 -0.000001 5.000000 -0.079311 1.595025 -1.570737
time 90
  0 -0.650000 0.000000 33.899605 -0.025849 0.174554 -1.569172
  1 5.816420 0.852483 -32.971565 -0.174512 -0.026131 1.569196
  2 -2.276935 0.000003 -1.238188 -1.570795 -1.570451 0.000000
  3 1.796800 0.711891 0.000701 -0.218073 -0.130455 -0.077397
  4 4.119864 -0.002947 0.000693 -0.213795 0.085226 0.386094
  5 4.118955 -0.003180 0.000721 -0.222115 0.039452 0.100844
  6 4.118608 -0.003194 0.000742 -0.228210 0.001111 0.001754
  7 4.117069 -0.002426 -0.002067 0.814183 0.637496 -0.002676
  8 4.443600 -0.000000 0.000001 0.069074 -0.365780 0.428338
  9 9.024061 0.000000 0.000000 0.000000 0.000000 0.000000
 10 -1.031289 1.016035 0.955829 1.046332 -0.622604 2.390840
 11 6.384775 -0.000001 0.000001 -1.127818 0.110802 -0.760804
 12 10.242682 0.000000 -0.000000 0.000000 -0.000000 -1.881897
 13 11.375560 0.000001 0.000000 3.100176 0.562451 0.771151
 14 0.728680 0.023432 -1.008293 1.202975 0.409399 0.881725
 15 2.136498 0.000001 -0.000002 -0.000000 -0.000000 -0.078540
 16 2.313139 -0.000001 0.000001 0.000000 0.000000 0.000000
 17 3.115506 -0.886040 -0.021433 -0.166499 0.000392 0.514872
 18 2.011151 -0.000000 -0.000000 -0.000000 -0.000000 1.322792
 19 2.141379 -0.000001 -0.000001 0.000000 0.000000 0.000000
 20 1.734174 0.000002 -0.000002 0.000000 -0.000000 0.660693
 21 0.000005 -4.440593 0.000001 1.570544 -0.062990 -0.195737
 22 5.999999 0.000000 -0.000000 -2.909750 -0.000000 -0.000000
 23 0.000000 -4.440600 -0.000001 1.569944 -0.062987 0.004053
 24 11.375562 -0.000001 0.000004 -2.404084 0.109701 0.504261
 25 0.000002 -4.440603 -0.000000 1.570144 -0.062988 0.004040
 26 10.510132 0.000001 -0.000001 -0.000000 -0.000000 -2.511745
 27 -0.000001 -1.748401 4.999999 -0.000000 0.004007 1.602291
 28 5.500000 -0.000000 0.000000 0.418335 0.000000 0.000000
 29 -0.000003 -1.940600 5.000001 -0.044472 0.004003 -0.000180
 30 6.551490 -0.000001 -0.000001 -0.779753 0.158613 -0.536609
 31 0.000001 -1.940599 5.000002 -0.027189 -0.053376 0.005295
 32 6.551490 -0.000001 -0.000001 -0.341465 0.125144 -0.225659
 33 0.000000 -1.940599 4.999994 -0.066572 -0.152786 -0.110311
 34 1.031292 -1.008959 -0.955830 1.703638 1.000841 -1.204211
 35 6.384775 -0.000001 0.000004 0.055060 0.052450 -0.987367
 36 10.242682 -0.000000 0.000001 -0.000000 -0.000000 -2.281527
 37 11.375562 0.000000 -0.000001 2.692069 0.360900 0.573006
 38 0.728680 0.023431 1.008292 -1.579583 -0.319038 0.212973
 39 2.136497 0.000001 -0.000000 -0.000000 0.000000 1.282817
 40 2.313138 0.000002 -0.000000 0.000000 0.000000 3.141593
 41 3.115506 -0.886041 0.021428 0.420765 0.316066 0.167178
 42 2.011151 0.000001 0.000004 -0.000000 -0.000000 2.082010
 43 2.141379 0.000000 -0.000001 0.000000 0.000000 3.141593
 44 1.734172 -0.000001 0.000002 -0.000000 0.000000 1.041748
 45 0.136316 -3.738193 2.525894 1.493698 2.759406 -1.474501
 46 10.273804 -0.437102 1.198990 1.793563 0.004868 1.507198
 47 11.389366 -0.000818 0.158783 2.095132 0.267978 0.232599
 48 0.000001 -4.440598 0.000001 1.570144 -3.078602 0.004040
 49 6.000000 0.000001 0.000001 2.095133 -0.000000 -0.000000
 50 0.000002 -4.440600 -0.000002 1.569944 -3.078603 0.004053
 51 10.510131 -0.000000 0.000002 0.000000 0.000000 -2.711560
 52 -0.000001 -1.748400 -5.000003 -3.141593 0.004007 -1.539299
 53 5.500000 -0.000000 0.000002 -0.024029 0.000000 -0.000000
 54 -0.000001 0.000000 -5.000001 -0.044472 3.137589 -0.000177
 55 6.551489 -0.000001 0.000004 0.024029 0.009080 -0.287164
 56 -1.266844 -1.937442 -4.950562 -0.066572 -2.988806 -0.110308
 57 6.551490 -0.000001 0.000004 0.024029 0.009080 -0.287164
 58 0.699370 -1.944207 -5.006848 -0.027189 -3.088217 0.005298
 59 4.226149 -0.003202 0.000000 0.383113 0.329769 -0.074292
 60 0.000003 5.000000 0.000001 -0.153564 0.000087 2.718702
 61 0.000004 -0.000004 -3.713580 0.018865 -3.096651 -0.324845
 62 -0.000002 0.000000 5.000000 3.053198 1.558589 -0.074926
 63 -0.000007 0.000006 3.713580 -0.159276 -2.977491 -0.403653
 64 0.000001 -0.000000 -5.000000 -0.088724 1.558589 3.066337
 65 7.363602 1.646647 0.495663 3.141593 -1.570796 0.000000
 66 -0.000005 0.000007 3.619081 -0.217558 -2.796588 -0.810634
 67 16.573919 -0.000001 0.000000 0.000000 0.000000 -2.033247
 68 15.128181 0.000002 -0.000000 0.271612 0.009043 -0.097069
 69 5.758665 4.244730 0.000000 0.000000 -0.000000 1.842220
 70 3.177726 -0.000001 -0.000001 0.000000 0.000000 3.141593
 71 15.708953 0.000001 -0.000001 0.136460 0.001254 -0.052592
 72 0.275149 0.189214 -3.445208 3.130898 0.000409 -1.514604
 73 17.210194 -0.000002 0.000000 -0.000000 -0.000000 -2.328678
 74 -0.000000 0.000001 -4.999999 -0.079432 1.546568 -1.570855
 75 0.000002 -0.000003 -3.619081 0.034416 -3.071533 -0.493407
 76 16.573921 -0.000000 0.000000 0.000000 0.000000 -1.045581
 77 15.128181 0.000002 0.000000 0.002618 -0.051986 0.588317
 78 5.758665 4.244731 -0.000000 -0.000000 0.000000 1.815142
 79 4.003934 0.000000 0.000000 0.000000 0.000000 0.000000
 80 15.708955 0.000001 0.000000 0.004296 -0.037430 0.405337
 81 0.273998 0.191090 3.439762 -3.130907 -0.000437 -1.508107
 82 17.210194 0.000000 0.000000 -0.000000 -0.000000 -1.884228
 83 0.000000 -0.000001 5.000000 -0.079311 1.595025 -1.570737
end
