version 1
nodes
  0 "Bip01"  -1
  1 "Bip01 Footsteps"   0
  2 "Bip01 Pelvis"   0
  3 "Bip01 Spine"   2
  4 "Bip01 Spine1"   3
  5 "Bip01 Spine2"   4
  6 "Bip01 Spine3"   5
  7 "Bip01 Neck"   6
  8 "Bip01 Head"   7
  9 "Dummy21"   8
 10 "Bip01 L Clavicle"   7
 11 "Bip01 L UpperArm"  10
 12 "Bip01 L Forearm"  11
 13 "Bip01 L Hand"  12
 14 "Bip01 L Finger0"  13
 15 "Bip01 L Finger01"  14
 16 "Dummy06"  15
 17 "Bip01 L Finger1"  13
 18 "Bip01 L Finger11"  17
 19 "Dummy03"  18
 20 "-- L knuckle"  17
 21 "-- L knuckle_end"  20
 22 "-- L Forearm twist"  12
 23 "-- L Forearm twist_end"  22
 24 "-- L wrist"  12
 25 "-- L wrist_end"  24
 26 "-- L Elbow"  11
 27 "--L Elbow_end"  26
 28 "-- L bicep twist"  11
 29 "-- L bicep twist_end"  28
 30 "-- L shoulder outside"  10
 31 "-- L shoulder outside_end"  30
 32 "-- L Shoulder inside"  10
 33 "-- L Shoulder inside_end"  32
 34 "Bip01 R Clavicle"   7
 35 "Bip01 R UpperArm"  34
 36 "Bip01 R Forearm"  35
 37 "Bip01 R Hand"  36
 38 "Bip01 R Finger0"  37
 39 "Bip01 R Finger01"  38
 40 "Dummy01"  39
 41 "Bip01 R Finger1"  37
 42 "Bip01 R Finger11"  41
 43 "Dummy02"  42
 44 "-- R knuckle"  41
 45 "Point06"  44
 46 "Line01"  37
 47 "-- R wrist"  36
 48 "-- R wrist_end"  47
 49 "-- R forearm twist"  36
 50 "-- R forearm twist_end"  49
 51 "-- R Elbow"  35
 52 "--R Elbow_end"  51
 53 "-- R bicep twist"  35
 54 "-- R bicep twist_end"  53
 55 "-- R Shoulder inside"  34
 56 "-- R Shoulder inside_end"  55
 57 "-- R shoulder outside"  34
 58 "-- R shoulder outside_end"  57
 59 "-- Neck smooth"   6
 60 "-- neck smooth end"  59
 61 "-- R Butt"   2
 62 "--R Butt_end"  61
 63 "-- L butt"   2
 64 "--L butt_end"  63
 65 "GIGN01"   2
 66 "Bip01 L Thigh"   2
 67 "Bip01 L Calf"  66
 68 "Bip01 L Foot"  67
 69 "Bip01 L Toe0"  68
 70 "Dummy16"  69
 71 "-- L ankle"  67
 72 "-- L ankleend"  71
 73 "-- L Knee"  66
 74 "--L Knee_end"  73
 75 "Bip01 R Thigh"   2
 76 "Bip01 R Calf"  75
 77 "Bip01 R Foot"  76
 78 "Bip01 R Toe0"  77
 79 "Dummy11"  78
 80 "-- R Ankle"  76
 81 "-- R ankleend"  80
 82 "-- R Knee"  75
 83 "--R Knee_end"  82
end
skeleton
time 0
  0 -0.650000 0.000000 33.191761 -0.281436 0.436358 -2.443536
  1 11.368427 6.770639 -23.418962 -0.498313 0.132926 2.346876
  2 -2.276937 0.000002 -1.238186 -1.570795 -1.570451 0.000000
  3 1.796229 0.711931 -0.000186 0.059176 -0.330229 -0.302867
  4 4.119686 -0.003092 -0.000143 0.044312 0.052468 0.339634
  5 4.118806 -0.003267 -0.000207 0.063517 0.130470 0.070266
  6 4.118418 -0.003271 -0.000163 0.049761 0.074074 -0.052377
  7 4.120689 -0.002194 -0.001836 0.550433 0.126941 0.837726
  8 4.443599 0.000002 0.000001 0.473148 -0.352791 -0.829441
  9 9.024063 0.000001 -0.000000 0.000000 0.000000 0.000000
 10 -0.219366 0.902553 1.464914 0.843774 -0.541650 1.441761
 11 6.384776 -0.000001 0.000000 -0.336837 0.498970 -0.535661
 12 10.242682 -0.000001 0.000001 0.000000 -0.000000 -1.276778
 13 11.375562 0.000002 0.000001 2.756196 0.289062 -0.241591
 14 0.728680 0.023431 -1.008291 2.396606 0.246960 1.180207
 15 2.136497 0.000001 -0.000001 -0.000000 -0.000000 -0.078540
 16 2.313140 0.000001 0.000000 0.000000 0.000000 0.000000
 17 3.115507 -0.886042 -0.021430 -0.166499 0.000392 0.514872
 18 2.011150 -0.000002 -0.000002 0.000000 -0.000000 1.322792
 19 2.141381 -0.000000 0.000001 0.000000 0.000000 0.000000
 20 1.734175 0.000001 -0.000001 0.000000 0.000000 0.660693
 21 0.000006 -4.440594 -0.000000 1.570544 -0.062990 -0.195737
 22 6.000001 0.000001 0.000004 3.104218 -0.000000 0.000000
 23 0.000002 -4.440601 0.000001 1.569944 -0.062987 0.004053
 24 11.375563 -0.000001 0.000005 -2.522860 0.237041 -0.033374
 25 0.000002 -4.440602 -0.000002 1.570144 -0.062988 0.004040
 26 10.510129 -0.000002 -0.000001 -0.000000 -0.000000 -2.209185
 27 0.000001 -1.748403 5.000000 -0.000000 0.004007 1.602290
 28 5.500000 -0.000001 0.000001 0.098529 -0.000000 -0.000000
 29 -0.000002 -1.940599 5.000001 -0.044472 0.004003 -0.000180
 30 6.551489 -0.000001 -0.000001 -0.203544 0.337829 -0.430954
 31 -0.000002 -1.940599 5.000001 -0.027189 -0.053376 0.005295
 32 6.551489 -0.000001 -0.000001 -0.079321 0.175593 -0.198552
 33 0.000001 -1.940599 4.999997 -0.066572 -0.152786 -0.110311
 34 0.219368 -0.895475 -1.464913 2.954987 1.181707 -0.936300
 35 6.384776 0.000002 0.000000 -0.756367 -0.883840 0.699677
 36 10.242682 -0.000000 0.000002 -0.000000 0.000000 -1.798942
 37 11.375562 -0.000000 -0.000002 1.614452 -0.096693 -0.458178
 38 0.728681 0.023430 1.008292 -1.579583 -0.319038 0.212973
 39 2.136497 0.000003 -0.000000 -0.000000 0.000000 1.282817
 40 2.313138 -0.000000 -0.000000 0.000000 0.000000 3.141593
 41 3.115506 -0.886042 0.021432 0.708959 0.171755 0.347804
 42 2.011153 -0.000001 -0.000001 0.000000 0.000000 2.082010
 43 2.141380 0.000000 -0.000001 0.000000 0.000000 3.141593
 44 1.734173 -0.000002 -0.000001 -0.000000 0.000000 1.041748
 45 0.136313 -3.738193 2.525890 1.493698 2.759406 -1.474501
 46 5.613162 0.862365 3.157030 1.595152 -0.135386 0.061522
 47 11.389366 -0.000819 0.158779 1.588331 -0.054849 -0.246582
 48 0.000002 -4.440598 -0.000000 1.570144 -3.078602 0.004040
 49 6.000000 0.000001 -0.000001 1.588331 0.000000 0.000000
 50 0.000001 -4.440602 0.000001 1.569944 -3.078603 0.004053
 51 10.510132 0.000001 0.000002 0.000000 0.000000 -2.470267
 52 0.000001 -1.748400 -5.000000 -3.141593 0.004007 -1.539299
 53 5.500001 -0.000001 0.000002 0.161357 -0.000000 0.000000
 54 0.000001 -0.000004 -5.000000 -0.044472 3.137589 -0.000177
 55 6.551491 0.000001 0.000000 -0.161357 -0.282918 0.131617
 56 -1.266843 -1.937442 -4.950562 -0.066572 -2.988806 -0.110308
 57 6.551491 0.000000 -0.000000 -0.161357 -0.282918 0.131617
 58 0.699371 -1.944207 -5.006846 -0.027189 -3.088217 0.005298
 59 4.226148 -0.003203 -0.000001 0.261068 0.120478 0.408000
 60 -0.000000 5.000003 0.000001 -0.153565 0.000087 2.718702
 61 0.000003 -0.000005 -3.713581 0.095503 -3.012510 -0.750673
 62 -0.000001 0.000001 5.000000 3.053197 1.558589 -0.074927
 63 -0.000009 0.000005 3.713580 -0.334411 -2.825096 -0.524885
 64 -0.000000 -0.000000 -5.000000 -0.088727 1.558589 3.066333
 65 7.363602 1.646646 0.495662 -3.141593 -1.570796 0.000000
 66 -0.000006 0.000006 3.619082 -0.528285 -2.367384 -1.007256
 67 16.573921 0.000000 0.000002 0.000000 0.000000 -2.019199
 68 15.128181 0.000001 -0.000003 0.031619 0.086785 -0.033197
 69 5.758665 4.244731 0.000000 0.000000 -0.000000 2.033309
 70 3.177726 0.000001 -0.000000 0.000000 0.000000 3.141593
 71 15.708953 0.000000 -0.000003 0.016155 0.048356 -0.018185
 72 0.275149 0.189215 -3.445208 3.130898 0.000409 -1.514604
 73 17.210194 -0.000001 0.000003 -0.000000 0.000000 -2.322356
 74 0.000001 0.000000 -5.000000 -0.079433 1.546568 -1.570857
 75 0.000005 -0.000005 -3.619081 0.196495 -3.011952 -1.279118
 76 16.573921 0.000002 0.000001 -0.000000 -0.000000 -1.611348
 77 15.128181 -0.000001 -0.000000 0.214418 -0.027533 0.774389
 78 5.758666 4.244731 -0.000000 -0.000000 0.000000 1.483530
 79 4.003935 -0.000000 0.000000 0.000000 0.000000 0.000000
 80 15.708955 -0.000001 0.000000 0.153371 0.002792 0.528179
 81 0.273999 0.191090 3.439762 -3.130907 -0.000437 -1.508107
 82 17.210192 0.000001 0.000000 -0.000000 0.000000 -2.138823
 83 -0.000001 -0.000001 5.000000 -0.079314 1.595025 -1.570737
time 1
  0 -0.650000 0.000000 33.191761 -0.281436 0.436358 -2.443536
  1 11.368427 6.770639 -23.418962 -0.498313 0.132926 2.346876
  2 -2.276937 0.000002 -1.238186 -1.570795 -1.570451 0.000000
  3 1.796269 0.711917 -0.000145 0.045422 -0.293924 -0.284628
  4 4.119699 -0.003088 -0.000112 0.034744 0.044137 0.342789
  5 4.118820 -0.003268 -0.000174 0.053334 0.111473 0.072404
  6 4.118433 -0.003271 -0.000129 0.039576 0.061747 -0.049475
  7 4.120685 -0.002194 -0.001837 0.550826 0.127292 0.837149
  8 4.443599 0.000000 0.000001 0.326841 -0.364761 -0.683334
  9 9.024061 -0.000001 0.000000 0.000000 0.000000 0.000000
 10 -0.219969 0.903092 1.464495 0.837824 -0.594342 1.440827
 11 6.384777 0.000001 0.000001 -0.312192 0.442450 -0.472721
 12 10.242685 -0.000001 0.000001 0.000000 0.000000 -1.314282
 13 11.375564 -0.000002 0.000001 2.726800 0.152505 -0.305742
 14 0.728680 0.023430 -1.008292 2.396606 0.246960 1.180207
 15 2.136498 -0.000001 -0.000000 0.000000 0.000000 -0.087992
 16 2.313139 0.000000 -0.000001 0.000000 0.000000 0.000000
 17 3.115507 -0.886039 -0.021432 -0.165655 -0.016824 0.412252
 18 2.011149 -0.000002 -0.000003 -0.000000 -0.000000 1.168128
 19 2.141381 0.000000 0.000000 0.000000 0.000000 0.000000
 20 1.734174 0.000002 -0.000002 0.000000 0.000000 0.583228
 21 0.000004 -4.440595 -0.000000 1.570544 -0.062990 -0.195737
 22 6.000000 -0.000002 0.000002 3.063899 -0.000000 -0.000000
 23 0.000002 -4.440603 -0.000000 1.569944 -0.062987 0.004053
 24 11.375563 -0.000002 0.000005 -2.551873 0.191871 -0.116680
 25 0.000002 -4.440604 -0.000000 1.570144 -0.062988 0.004040
 26 10.510129 -0.000002 0.000001 -0.000000 -0.000000 -2.227937
 27 -0.000000 -1.748401 4.999996 -0.000000 0.004007 1.602290
 28 5.499998 -0.000001 0.000002 0.102320 0.000000 0.000000
 29 -0.000001 -1.940599 5.000001 -0.044472 0.004003 -0.000180
 30 6.551491 0.000001 -0.000001 -0.204878 0.309528 -0.409820
 31 -0.000002 -1.940599 5.000001 -0.027189 -0.053376 0.005295
 32 6.551491 0.000001 -0.000001 -0.083051 0.161987 -0.190370
 33 -0.000000 -1.940599 4.999998 -0.066572 -0.152786 -0.110311
 34 0.219972 -0.896012 -1.464493 -3.124707 1.198793 -0.706908
 35 6.384778 -0.000001 0.000004 -0.604737 -0.878655 0.581213
 36 10.242683 0.000001 0.000000 -0.000000 -0.000000 -1.851269
 37 11.375560 -0.000001 -0.000001 1.534356 -0.069483 -0.442251
 38 0.728681 0.023430 1.008292 -1.579583 -0.319038 0.212973
 39 2.136497 0.000003 -0.000000 0.000000 -0.000000 1.282817
 40 2.313139 -0.000000 -0.000001 0.000000 0.000000 3.141593
 41 3.115508 -0.886042 0.021432 0.708959 0.171755 0.347804
 42 2.011152 -0.000000 -0.000001 -0.000000 0.000000 2.082010
 43 2.141380 0.000001 -0.000002 0.000000 0.000000 3.141593
 44 1.734173 -0.000002 -0.000002 -0.000000 -0.000000 1.041748
 45 0.136315 -3.738193 2.525891 1.493698 2.759406 -1.474501
 46 5.613162 0.862366 3.157030 1.595152 -0.135386 0.061522
 47 11.389366 -0.000819 0.158780 1.549654 -0.035284 -0.240008
 48 0.000001 -4.440598 0.000002 1.570144 -3.078602 0.004040
 49 6.000000 0.000001 -0.000000 1.549654 -0.000000 0.000000
 50 0.000004 -4.440602 -0.000002 1.569944 -3.078603 0.004053
 51 10.510135 0.000002 0.000001 0.000000 -0.000000 -2.496431
 52 0.000002 -1.748401 -5.000001 -3.141593 0.004007 -1.539299
 53 5.500002 0.000001 -0.000000 0.129022 -0.000000 -0.000000
 54 -0.000000 -0.000002 -4.999999 -0.044472 3.137589 -0.000177
 55 6.551492 0.000001 -0.000001 -0.129022 -0.275549 0.125958
 56 -1.266844 -1.937443 -4.950559 -0.066572 -2.988806 -0.110308
 57 6.551492 0.000001 -0.000001 -0.129022 -0.275549 0.125958
 58 0.699371 -1.944207 -5.006846 -0.027189 -3.088217 0.005298
 59 4.226146 -0.003202 -0.000001 0.261231 0.120648 0.407713
 60 -0.000000 5.000001 0.000001 -0.153564 0.000087 2.718702
 61 0.000003 -0.000005 -3.713581 0.095503 -3.012510 -0.750673
 62 -0.000001 0.000001 5.000000 3.053197 1.558589 -0.074927
 63 -0.000009 0.000005 3.713580 -0.334411 -2.825096 -0.524885
 64 -0.000001 -0.000000 -5.000000 -0.088727 1.558589 3.066333
 65 7.363602 1.646646 0.495662 -3.141593 -1.570796 0.000000
 66 -0.000006 0.000006 3.619082 -0.528285 -2.367383 -1.007256
 67 16.573923 0.000001 0.000002 -0.000000 0.000000 -2.019199
 68 15.128181 0.000002 -0.000003 0.031619 0.086785 -0.033197
 69 5.758666 4.244731 0.000000 0.000000 -0.000000 2.033309
 70 3.177726 0.000001 -0.000000 0.000000 0.000000 3.141593
 71 15.708953 0.000001 -0.000003 0.016155 0.048356 -0.018185
 72 0.275149 0.189215 -3.445208 3.130898 0.000409 -1.514604
 73 17.210194 -0.000001 0.000003 0.000000 -0.000000 -2.322356
 74 0.000001 0.000000 -5.000000 -0.079430 1.546568 -1.570856
 75 0.000005 -0.000005 -3.619081 0.196495 -3.011952 -1.279118
 76 16.573921 0.000002 0.000001 -0.000000 -0.000000 -1.611348
 77 15.128181 -0.000001 -0.000000 0.214418 -0.027533 0.774389
 78 5.758666 4.244731 -0.000000 -0.000000 0.000000 1.483530
 79 4.003935 -0.000000 0.000000 0.000000 0.000000 0.000000
 80 15.708955 -0.000001 0.000000 0.153371 0.002792 0.528179
 81 0.273999 0.191090 3.439762 -3.130907 -0.000437 -1.508107
 82 17.210192 0.000001 0.000000 -0.000000 0.000000 -2.138823
 83 -0.000001 -0.000001 5.000000 -0.079314 1.595025 -1.570737
time 2
  0 -0.650000 0.000000 33.191761 -0.281436 0.436358 -2.443536
  1 11.368427 6.770639 -23.418962 -0.498313 0.132926 2.346876
  2 -2.276937 0.000002 -1.238186 -1.570795 -1.570451 0.000000
  3 1.796310 0.711904 -0.000104 0.031906 -0.255914 -0.265891
  4 4.119710 -0.003085 -0.000079 0.024772 0.035505 0.346279
  5 4.118836 -0.003269 -0.000140 0.042729 0.091735 0.074953
  6 4.118449 -0.003276 -0.000096 0.028957 0.048958 -0.046202
  7 4.120678 -0.002196 -0.001839 0.551744 0.128113 0.835803
  8 4.443600 0.000001 0.000000 0.166405 -0.357257 -0.528434
  9 9.024063 -0.000001 -0.000000 0.000000 0.000000 0.000000
 10 -0.221378 0.904337 1.463515 0.832777 -0.649009 1.441320
 11 6.384779 -0.000001 0.000001 -0.300431 0.375918 -0.409975
 12 10.242682 -0.000001 0.000000 -0.000000 0.000000 -1.348676
 13 11.375564 0.000003 0.000000 2.707592 0.004686 -0.378664
 14 0.728681 0.023431 -1.008292 2.396606 0.246960 1.180207
 15 2.136497 -0.000000 0.000001 -0.000000 0.000000 -0.097761
 16 2.313137 0.000001 -0.000001 0.000000 0.000000 0.000000
 17 3.115506 -0.886043 -0.021432 -0.163087 -0.033688 0.310639
 18 2.011151 0.000002 -0.000001 0.000000 -0.000000 1.007562
 19 2.141381 -0.000000 0.000001 0.000000 0.000000 0.000000
 20 1.734174 0.000003 -0.000001 -0.000000 0.000000 0.503134
 21 0.000009 -4.440595 -0.000001 1.570544 -0.062990 -0.195737
 22 6.000000 -0.000001 0.000002 3.036054 0.000000 -0.000000
 23 0.000002 -4.440600 -0.000000 1.569944 -0.062987 0.004053
 24 11.375563 0.000000 0.000004 -2.572886 0.140491 -0.207628
 25 0.000001 -4.440602 0.000002 1.570144 -0.062988 0.004040
 26 10.510130 -0.000002 -0.000001 0.000000 -0.000000 -2.245135
 27 0.000001 -1.748401 4.999998 0.000000 0.004007 1.602291
 28 5.500000 -0.000001 0.000000 0.109840 0.000000 0.000000
 29 -0.000001 -1.940599 5.000003 -0.044472 0.004003 -0.000180
 30 6.551492 0.000001 0.000003 -0.212362 0.275982 -0.386791
 31 -0.000001 -1.940599 5.000002 -0.027189 -0.053376 0.005295
 32 6.551492 0.000001 0.000003 -0.089958 0.145916 -0.181083
 33 0.000001 -1.940599 4.999997 -0.066572 -0.152786 -0.110311
 34 0.221381 -0.897260 -1.463514 -2.897475 1.199164 -0.449875
 35 6.384777 0.000000 -0.000001 -0.418706 -0.847502 0.437759
 36 10.242683 -0.000002 0.000002 -0.000000 0.000000 -1.893477
 37 11.375561 -0.000000 -0.000002 1.454421 -0.050076 -0.428362
 38 0.728681 0.023432 1.008292 -1.579583 -0.319038 0.212973
 39 2.136497 -0.000002 -0.000001 -0.000000 0.000000 1.282817
 40 2.313140 0.000000 0.000000 0.000000 0.000000 3.141593
 41 3.115508 -0.886041 0.021432 0.708959 0.171755 0.347804
 42 2.011150 0.000000 0.000001 -0.000000 0.000000 2.082010
 43 2.141379 -0.000000 -0.000000 0.000000 0.000000 3.141593
 44 1.734172 -0.000001 -0.000001 -0.000000 -0.000000 1.041748
 45 0.136315 -3.738193 2.525893 1.493698 2.759406 -1.474501
 46 5.613161 0.862366 3.157033 1.595152 -0.135386 0.061522
 47 11.389367 -0.000819 0.158780 1.510568 -0.020099 -0.233888
 48 0.000002 -4.440600 -0.000001 1.570144 -3.078602 0.004040
 49 6.000001 0.000002 -0.000000 1.510568 0.000000 -0.000000
 50 0.000004 -4.440602 -0.000001 1.569944 -3.078603 0.004053
 51 10.510134 -0.000001 0.000002 -0.000000 0.000000 -2.517535
 52 0.000001 -1.748399 -5.000001 3.141593 0.004007 -1.539299
 53 5.500000 0.000001 0.000000 0.088398 0.000000 -0.000000
 54 -0.000000 -0.000001 -4.999999 -0.044472 3.137589 -0.000177
 55 6.551492 0.000000 -0.000003 -0.088398 -0.265545 0.117738
 56 -1.266842 -1.937443 -4.950560 -0.066572 -2.988806 -0.110308
 57 6.551493 0.000000 -0.000003 -0.088398 -0.265545 0.117738
 58 0.699372 -1.944209 -5.006848 -0.027189 -3.088217 0.005298
 59 4.226146 -0.003202 -0.000001 0.261611 0.121044 0.407041
 60 0.000002 5.000000 0.000001 -0.153564 0.000087 2.718702
 61 0.000003 -0.000005 -3.713581 0.095503 -3.012510 -0.750673
 62 -0.000001 0.000001 5.000000 3.053197 1.558589 -0.074927
 63 -0.000009 0.000005 3.713580 -0.334411 -2.825096 -0.524885
 64 -0.000000 -0.000000 -5.000000 -0.088727 1.558589 3.066333
 65 7.363602 1.646646 0.495662 -3.141593 -1.570796 0.000000
 66 -0.000006 0.000006 3.619082 -0.528285 -2.367384 -1.007256
 67 16.573921 0.000000 0.000002 0.000000 0.000000 -2.019199
 68 15.128181 0.000001 -0.000003 0.031619 0.086785 -0.033197
 69 5.758665 4.244731 0.000000 0.000000 -0.000000 2.033309
 70 3.177726 0.000001 -0.000000 0.000000 0.000000 3.141593
 71 15.708953 0.000000 -0.000003 0.016155 0.048356 -0.018185
 72 0.275149 0.189215 -3.445208 3.130898 0.000409 -1.514604
 73 17.210194 -0.000001 0.000003 -0.000000 0.000000 -2.322356
 74 0.000001 0.000000 -5.000000 -0.079433 1.546568 -1.570857
 75 0.000005 -0.000005 -3.619081 0.196495 -3.011952 -1.279118
 76 16.573921 0.000002 0.000001 -0.000000 -0.000000 -1.611348
 77 15.128181 -0.000001 -0.000000 0.214418 -0.027533 0.774389
 78 5.758666 4.244731 -0.000000 -0.000000 0.000000 1.483530
 79 4.003935 -0.000000 0.000000 0.000000 0.000000 0.000000
 80 15.708955 -0.000001 0.000000 0.153371 0.002792 0.528179
 81 0.273999 0.191090 3.439762 -3.130907 -0.000437 -1.508107
 82 17.210192 0.000001 0.000000 -0.000000 0.000000 -2.138823
 83 -0.000001 -0.000001 5.000000 -0.079314 1.595025 -1.570737
time 3
  0 -0.650000 0.000000 33.191761 -0.281436 0.436358 -2.443536
  1 11.368427 6.770639 -23.418962 -0.498313 0.132926 2.346876
  2 -2.276937 0.000002 -1.238186 -1.570795 -1.570451 0.000000
  3 1.796355 0.711892 -0.000063 0.018902 -0.216740 -0.247120
  4 4.119728 -0.003081 -0.000048 0.014535 0.026703 0.350014
  5 4.118848 -0.003267 -0.000103 0.031839 0.071549 0.077852
  6 4.118464 -0.003276 -0.000059 0.018046 0.035898 -0.042637
  7 4.120675 -0.002203 -0.001842 0.552791 0.129051 0.834265
  8 4.443600 -0.000001 0.000001 0.005863 -0.328719 -0.378265
  9 9.024062 0.000001 -0.000000 0.000000 0.000000 0.000000
 10 -0.222992 0.905760 1.462393 0.829115 -0.702446 1.442480
 11 6.384778 -0.000001 -0.000002 -0.293030 0.312788 -0.349521
 12 10.242683 -0.000001 -0.000002 -0.000000 -0.000000 -1.384626
 13 11.375563 -0.000001 0.000001 2.697817 -0.139309 -0.442571
 14 0.728680 0.023431 -1.008292 2.396606 0.246960 1.180207
 15 2.136494 0.000000 0.000001 -0.000000 0.000000 -0.107372
 16 2.313141 0.000001 -0.000000 0.000000 0.000000 0.000000
 17 3.115505 -0.886042 -0.021430 -0.158791 -0.050289 0.208378
 18 2.011150 -0.000001 -0.000001 0.000000 0.000000 0.849948
 19 2.141380 0.000000 0.000002 0.000000 0.000000 0.000000
 20 1.734175 0.000003 -0.000002 0.000000 0.000000 0.424761
 21 0.000006 -4.440594 -0.000000 1.570544 -0.062990 -0.195737
 22 6.000001 -0.000002 0.000001 3.020092 -0.000000 -0.000000
 23 0.000002 -4.440599 0.000001 1.569944 -0.062987 0.004053
 24 11.375564 -0.000000 0.000003 -2.584561 0.085737 -0.287658
 25 0.000002 -4.440602 0.000000 1.570144 -0.062988 0.004040
 26 10.510130 -0.000002 -0.000001 -0.000000 -0.000000 -2.263109
 27 0.000000 -1.748401 4.999999 0.000000 0.004007 1.602291
 28 5.499997 -0.000001 0.000001 0.116018 0.000000 0.000000
 29 -0.000000 -1.940599 4.999999 -0.044472 0.004003 -0.000180
 30 6.551490 0.000001 0.000000 -0.217932 0.243910 -0.360931
 31 0.000000 -1.940599 5.000004 -0.027189 -0.053376 0.005295
 32 6.551490 0.000001 0.000000 -0.095716 0.130205 -0.170236
 33 -0.000000 -1.940598 4.999996 -0.066572 -0.152786 -0.110311
 34 0.222994 -0.898681 -1.462392 -2.692544 1.179222 -0.214723
 35 6.384777 -0.000000 0.000000 -0.231820 -0.792336 0.296610
 36 10.242682 -0.000002 0.000000 0.000000 0.000000 -1.918301
 37 11.375563 -0.000001 -0.000000 1.386024 -0.039539 -0.414933
 38 0.728680 0.023429 1.008291 -1.579583 -0.319038 0.212973
 39 2.136498 -0.000001 -0.000003 -0.000000 -0.000000 1.282817
 40 2.313141 0.000000 0.000002 0.000000 0.000000 3.141593
 41 3.115507 -0.886043 0.021431 0.708959 0.171755 0.347804
 42 2.011150 0.000001 -0.000001 -0.000000 0.000000 2.082010
 43 2.141379 0.000000 -0.000002 0.000000 0.000000 3.141593
 44 1.734171 -0.000001 -0.000001 -0.000000 0.000000 1.041748
 45 0.136315 -3.738193 2.525889 1.493698 2.759406 -1.474501
 46 5.613161 0.862365 3.157030 1.595152 -0.135386 0.061522
 47 11.389368 -0.000819 0.158780 1.476842 -0.010646 -0.227669
 48 0.000001 -4.440598 -0.000000 1.570144 -3.078602 0.004040
 49 6.000002 0.000001 -0.000001 1.476842 0.000000 -0.000000
 50 0.000002 -4.440603 -0.000000 1.569944 -3.078603 0.004053
 51 10.510133 -0.000001 0.000001 -0.000000 0.000000 -2.529947
 52 0.000000 -1.748400 -5.000002 3.141593 0.004007 -1.539299
 53 5.499999 0.000001 -0.000000 0.044613 0.000000 0.000000
 54 -0.000000 -0.000000 -5.000000 -0.044472 3.137589 -0.000177
 55 6.551491 0.000000 -0.000002 -0.044613 -0.255230 0.104418
 56 -1.266844 -1.937441 -4.950562 -0.066572 -2.988806 -0.110308
 57 6.551492 0.000000 -0.000002 -0.044613 -0.255230 0.104418
 58 0.699371 -1.944208 -5.006848 -0.027189 -3.088217 0.005298
 59 4.226146 -0.003203 -0.000000 0.262044 0.121497 0.406273
 60 -0.000001 5.000000 0.000000 -0.153564 0.000087 2.718702
 61 0.000003 -0.000005 -3.713581 0.095503 -3.012510 -0.750673
 62 -0.000001 0.000001 5.000000 3.053197 1.558589 -0.074927
 63 -0.000009 0.000005 3.713580 -0.334411 -2.825096 -0.524885
 64 -0.000001 -0.000000 -5.000000 -0.088727 1.558589 3.066333
 65 7.363602 1.646646 0.495662 -3.141593 -1.570796 0.000000
 66 -0.000006 0.000006 3.619082 -0.528285 -2.367383 -1.007256
 67 16.573923 0.000001 0.000002 -0.000000 0.000000 -2.019199
 68 15.128181 0.000002 -0.000003 0.031619 0.086785 -0.033197
 69 5.758666 4.244731 0.000000 0.000000 -0.000000 2.033309
 70 3.177726 0.000001 -0.000000 0.000000 0.000000 3.141593
 71 15.708953 0.000001 -0.000003 0.016155 0.048356 -0.018185
 72 0.275149 0.189215 -3.445208 3.130898 0.000409 -1.514604
 73 17.210194 -0.000001 0.000003 0.000000 -0.000000 -2.322356
 74 0.000001 0.000000 -5.000000 -0.079430 1.546568 -1.570856
 75 0.000005 -0.000005 -3.619081 0.196495 -3.011952 -1.279118
 76 16.573921 0.000002 0.000001 -0.000000 -0.000000 -1.611348
 77 15.128181 -0.000001 -0.000000 0.214418 -0.027533 0.774389
 78 5.758666 4.244731 -0.000000 -0.000000 0.000000 1.483530
 79 4.003935 -0.000000 0.000000 0.000000 0.000000 0.000000
 80 15.708955 -0.000001 0.000000 0.153371 0.002792 0.528179
 81 0.273999 0.191090 3.439762 -3.130907 -0.000437 -1.508107
 82 17.210192 0.000001 0.000000 -0.000000 0.000000 -2.138823
 83 -0.000001 -0.000001 5.000000 -0.079314 1.595025 -1.570737
time 4
  0 -0.650000 0.000000 33.191761 -0.281436 0.436358 -2.443536
  1 11.368427 6.770639 -23.418962 -0.498313 0.132926 2.346876
  2 -2.276937 0.000002 -1.238186 -1.570795 -1.570451 0.000000
  3 1.796404 0.711880 -0.000023 0.006623 -0.176965 -0.228728
  4 4.119740 -0.003077 -0.000014 0.004172 0.017857 0.353905
  5 4.118866 -0.003269 -0.000069 0.020802 0.051207 0.081026
  6 4.118472 -0.003275 -0.000022 0.006991 0.022755 -0.038867
  7 4.120668 -0.002203 -0.001845 0.553575 0.129756 0.833112
  8 4.443599 0.000001 -0.000000 -0.141891 -0.283449 -0.244654
  9 9.024060 -0.000001 -0.000001 0.000000 0.000000 0.000000
 10 -0.224204 0.906825 1.461549 0.827018 -0.751424 1.443416
 11 6.384776 -0.000000 -0.000001 -0.279386 0.264784 -0.294733
 12 10.242683 -0.000001 0.000001 -0.000000 0.000000 -1.426794
 13 11.375563 -0.000002 0.000001 2.689983 -0.264222 -0.478883
 14 0.728680 0.023432 -1.008291 2.396606 0.246960 1.180207
 15 2.136497 0.000000 -0.000000 0.000000 0.000000 -0.116349
 16 2.313141 0.000000 -0.000001 0.000000 0.000000 0.000000
 17 3.115506 -0.886041 -0.021430 -0.152672 -0.066693 0.103811
 18 2.011150 -0.000001 -0.000001 0.000000 0.000000 0.704136
 19 2.141380 -0.000000 -0.000001 0.000000 0.000000 0.000000
 20 1.734174 0.000001 -0.000001 -0.000000 0.000000 0.352334
 21 0.000006 -4.440595 -0.000001 1.570544 -0.062990 -0.195737
 22 6.000001 -0.000001 0.000003 3.008725 -0.000000 0.000000
 23 0.000002 -4.440601 0.000000 1.569944 -0.062987 0.004053
 24 11.375564 0.000000 0.000004 -2.590308 0.031397 -0.344090
 25 0.000002 -4.440602 0.000001 1.570144 -0.062988 0.004040
 26 10.510131 -0.000002 0.000000 0.000000 -0.000000 -2.284193
 27 0.000001 -1.748400 4.999998 0.000000 0.004007 1.602290
 28 5.499998 -0.000001 0.000002 0.116233 -0.000000 -0.000000
 29 -0.000003 -1.940599 5.000001 -0.044472 0.004003 -0.000180
 30 6.551490 0.000000 -0.000003 -0.214251 0.219569 -0.332585
 31 -0.000000 -1.940599 5.000001 -0.027189 -0.053376 0.005295
 32 6.551490 0.000000 -0.000003 -0.096366 0.117688 -0.157954
 33 -0.000000 -1.940598 4.999997 -0.066572 -0.152786 -0.110311
 34 0.224206 -0.899749 -1.461550 -2.545792 1.145595 -0.041855
 35 6.384777 -0.000002 0.000002 -0.073636 -0.729800 0.177890
 36 10.242683 -0.000001 0.000001 -0.000000 0.000000 -1.926492
 37 11.375563 0.000000 -0.000002 1.335317 -0.035179 -0.398943
 38 0.728681 0.023434 1.008291 -1.579583 -0.319038 0.212973
 39 2.136496 -0.000001 -0.000002 -0.000000 0.000000 1.282817
 40 2.313138 -0.000001 -0.000002 0.000000 0.000000 3.141593
 41 3.115507 -0.886041 0.021432 0.708959 0.171755 0.347804
 42 2.011150 0.000000 0.000003 -0.000000 0.000000 2.082010
 43 2.141380 0.000001 -0.000002 0.000000 0.000000 3.141593
 44 1.734172 -0.000002 -0.000000 -0.000000 0.000000 1.041748
 45 0.136315 -3.738194 2.525888 1.493698 2.759406 -1.474501
 46 5.613161 0.862369 3.157029 1.595152 -0.135386 0.061522
 47 11.389368 -0.000818 0.158780 1.451721 -0.005893 -0.220027
 48 0.000001 -4.440599 -0.000001 1.570144 -3.078602 0.004040
 49 6.000001 0.000001 -0.000001 1.451721 0.000000 -0.000000
 50 0.000002 -4.440604 0.000001 1.569944 -3.078603 0.004053
 51 10.510135 -0.000001 0.000002 -0.000000 -0.000000 -2.534042
 52 0.000001 -1.748401 -5.000000 3.141593 0.004007 -1.539299
 53 5.500000 0.000001 -0.000001 0.003844 0.000000 0.000000
 54 0.000000 -0.000000 -4.999998 -0.044472 3.137590 -0.000177
 55 6.551492 -0.000001 -0.000001 -0.003844 -0.246541 0.084746
 56 -1.266843 -1.937443 -4.950561 -0.066572 -2.988806 -0.110308
 57 6.551492 -0.000001 -0.000001 -0.003844 -0.246541 0.084746
 58 0.699372 -1.944209 -5.006847 -0.027189 -3.088217 0.005298
 59 4.226144 -0.003201 -0.000000 0.262369 0.121837 0.405697
 60 0.000000 5.000003 0.000001 -0.153564 0.000087 2.718702
 61 0.000003 -0.000005 -3.713581 0.095503 -3.012510 -0.750673
 62 -0.000001 0.000001 5.000000 3.053197 1.558589 -0.074927
 63 -0.000009 0.000005 3.713580 -0.334411 -2.825096 -0.524885
 64 -0.000000 -0.000000 -5.000000 -0.088727 1.558589 3.066333
 65 7.363602 1.646646 0.495662 -3.141593 -1.570796 0.000000
 66 -0.000006 0.000006 3.619082 -0.528285 -2.367384 -1.007256
 67 16.573921 0.000000 0.000002 0.000000 0.000000 -2.019199
 68 15.128181 0.000001 -0.000003 0.031619 0.086785 -0.033197
 69 5.758665 4.244731 0.000000 0.000000 -0.000000 2.033309
 70 3.177726 0.000001 -0.000000 0.000000 0.000000 3.141593
 71 15.708953 0.000000 -0.000003 0.016155 0.048356 -0.018185
 72 0.275149 0.189215 -3.445208 3.130898 0.000409 -1.514604
 73 17.210194 -0.000001 0.000003 -0.000000 0.000000 -2.322356
 74 0.000001 0.000000 -5.000000 -0.079433 1.546568 -1.570857
 75 0.000005 -0.000005 -3.619081 0.196495 -3.011952 -1.279118
 76 16.573921 0.000002 0.000001 -0.000000 -0.000000 -1.611348
 77 15.128181 -0.000001 -0.000000 0.214418 -0.027533 0.774389
 78 5.758666 4.244731 -0.000000 -0.000000 0.000000 1.483530
 79 4.003935 -0.000000 0.000000 0.000000 0.000000 0.000000
 80 15.708955 -0.000001 0.000000 0.153371 0.002792 0.528179
 81 0.273999 0.191090 3.439762 -3.130907 -0.000437 -1.508107
 82 17.210192 0.000001 0.000000 -0.000000 0.000000 -2.138823
 83 -0.000001 -0.000001 5.000000 -0.079314 1.595025 -1.570737
time 5
  0 -0.650000 0.000000 33.191761 -0.281436 0.436358 -2.443536
  1 11.368427 6.770639 -23.418962 -0.498313 0.132926 2.346876
  2 -2.276937 0.000002 -1.238186 -1.570795 -1.570451 0.000000
  3 1.796454 0.711869 0.000014 -0.004781 -0.137167 -0.211088
  4 4.119754 -0.003073 0.000019 -0.006177 0.009093 0.357853
  5 4.118875 -0.003265 -0.000031 0.009761 0.030995 0.084391
  6 4.118491 -0.003278 0.000012 -0.004060 0.009715 -0.034985
  7 4.120666 -0.002203 -0.001845 0.553706 0.129874 0.832920
  8 4.443600 -0.000002 0.000000 -0.267307 -0.230382 -0.135284
  9 9.024062 0.000001 -0.000000 0.000000 0.000000 0.000000
 10 -0.224405 0.907002 1.461409 0.826382 -0.792709 1.443180
 11 6.384777 -0.000000 0.000002 -0.247560 0.241991 -0.250354
 12 10.242683 -0.000002 -0.000002 -0.000000 -0.000000 -1.479846
 13 11.375562 -0.000002 0.000003 2.671494 -0.354687 -0.465779
 14 0.728681 0.023429 -1.008292 2.396606 0.246960 1.180207
 15 2.136498 -0.000000 -0.000000 0.000000 -0.000000 -0.124218
 16 2.313136 0.000000 -0.000001 0.000000 0.000000 0.000000
 17 3.115508 -0.886041 -0.021432 -0.144552 -0.082915 -0.004733
 18 2.011149 -0.000002 -0.000002 0.000000 0.000000 0.578981
 19 2.141383 0.000001 0.000001 0.000000 0.000000 0.000000
 20 1.734176 0.000005 -0.000001 -0.000000 -0.000000 0.290104
 21 0.000007 -4.440595 0.000000 1.570544 -0.062990 -0.195737
 22 6.000000 -0.000001 0.000003 2.991764 -0.000000 -0.000000
 23 0.000002 -4.440601 -0.000000 1.569944 -0.062987 0.004053
 24 11.375563 0.000000 0.000006 -2.595779 -0.019772 -0.367264
 25 0.000001 -4.440603 -0.000001 1.570144 -0.062988 0.004040
 26 10.510131 -0.000003 -0.000003 -0.000000 -0.000000 -2.310719
 27 0.000000 -1.748401 4.999996 0.000000 0.004007 1.602291
 28 5.499998 -0.000001 0.000000 0.106030 -0.000000 -0.000000
 29 -0.000001 -1.940599 5.000000 -0.044472 0.004003 -0.000180
 30 6.551490 0.000001 0.000001 -0.194330 0.210145 -0.304599
 31 0.000001 -1.940599 5.000003 -0.027189 -0.053376 0.005295
 32 6.551490 0.000001 0.000001 -0.088066 0.111879 -0.145537
 33 -0.000001 -1.940599 4.999997 -0.066572 -0.152786 -0.110311
 34 0.224409 -0.899927 -1.461409 -2.468352 1.109219 0.052288
 35 6.384777 -0.000003 -0.000001 0.042105 -0.687533 0.083571
 36 10.242682 0.000001 -0.000001 -0.000000 0.000000 -1.926143
 37 11.375564 0.000001 -0.000001 1.304671 -0.031303 -0.372958
 38 0.728681 0.023433 1.008291 -1.579583 -0.319038 0.212973
 39 2.136497 0.000002 0.000000 -0.000000 -0.000000 1.282817
 40 2.313138 -0.000000 -0.000000 0.000000 0.000000 3.141593
 41 3.115507 -0.886040 0.021431 0.708959 0.171755 0.347804
 42 2.011152 0.000000 -0.000001 -0.000000 0.000000 2.082010
 43 2.141379 -0.000000 -0.000001 0.000000 0.000000 3.141593
 44 1.734172 -0.000002 -0.000000 -0.000000 0.000000 1.041748
 45 0.136315 -3.738192 2.525892 1.493698 2.759406 -1.474501
 46 5.613161 0.862367 3.157031 1.595152 -0.135386 0.061522
 47 11.389367 -0.000819 0.158780 1.436644 -0.003125 -0.207175
 48 0.000001 -4.440600 0.000001 1.570144 -3.078602 0.004040
 49 6.000001 0.000000 -0.000003 1.436644 0.000000 0.000000
 50 0.000002 -4.440601 0.000001 1.569944 -3.078603 0.004053
 51 10.510133 0.000001 -0.000000 -0.000000 -0.000000 -2.533868
 52 0.000001 -1.748399 -4.999999 -3.141593 0.004007 -1.539299
 53 5.500001 0.000001 -0.000001 -0.028614 0.000000 -0.000000
 54 -0.000001 0.000000 -4.999999 -0.044472 3.137589 -0.000177
 55 6.551490 -0.000000 -0.000005 0.028614 -0.242109 0.058672
 56 -1.266842 -1.937442 -4.950559 -0.066572 -2.988806 -0.110308
 57 6.551491 -0.000000 -0.000005 0.028614 -0.242109 0.058672
 58 0.699372 -1.944209 -5.006845 -0.027189 -3.088217 0.005298
 59 4.226143 -0.003200 -0.000000 0.262424 0.121894 0.405601
 60 0.000001 5.000000 0.000001 -0.153564 0.000087 2.718702
 61 0.000003 -0.000005 -3.713581 0.095503 -3.012510 -0.750673
 62 -0.000001 0.000001 5.000000 3.053197 1.558589 -0.074927
 63 -0.000009 0.000005 3.713580 -0.334411 -2.825096 -0.524885
 64 -0.000001 -0.000000 -5.000000 -0.088727 1.558589 3.066333
 65 7.363602 1.646646 0.495662 -3.141593 -1.570796 0.000000
 66 -0.000006 0.000006 3.619082 -0.528285 -2.367383 -1.007256
 67 16.573923 0.000001 0.000002 -0.000000 0.000000 -2.019199
 68 15.128181 0.000002 -0.000003 0.031619 0.086785 -0.033197
 69 5.758666 4.244731 0.000000 0.000000 -0.000000 2.033309
 70 3.177726 0.000001 -0.000000 0.000000 0.000000 3.141593
 71 15.708953 0.000001 -0.000003 0.016155 0.048356 -0.018185
 72 0.275149 0.189215 -3.445208 3.130898 0.000409 -1.514604
 73 17.210194 -0.000001 0.000003 0.000000 -0.000000 -2.322356
 74 0.000001 0.000000 -5.000000 -0.079430 1.546568 -1.570856
 75 0.000005 -0.000005 -3.619081 0.196495 -3.011952 -1.279118
 76 16.573921 0.000002 0.000001 -0.000000 -0.000000 -1.611348
 77 15.128181 -0.000001 -0.000000 0.214418 -0.027533 0.774389
 78 5.758666 4.244731 -0.000000 -0.000000 0.000000 1.483530
 79 4.003935 -0.000000 0.000000 0.000000 0.000000 0.000000
 80 15.708955 -0.000001 0.000000 0.153371 0.002792 0.528179
 81 0.273999 0.191090 3.439762 -3.130907 -0.000437 -1.508107
 82 17.210192 0.000001 0.000000 -0.000000 0.000000 -2.138823
 83 -0.000001 -0.000001 5.000000 -0.079314 1.595025 -1.570737
time 6
  0 -0.650000 0.000000 33.191761 -0.281436 0.436358 -2.443536
  1 11.368427 6.770639 -23.418962 -0.498313 0.132926 2.346876
  2 -2.276937 0.000002 -1.238186 -1.570795 -1.570451 0.000000
  3 1.796506 0.711858 0.000048 -0.015209 -0.097939 -0.194537
  4 4.119762 -0.003066 0.000054 -0.016366 0.000531 0.361758
  5 4.118893 -0.003268 0.000003 -0.001136 0.011199 0.087851
  6 4.118501 -0.003276 0.000049 -0.014953 -0.003038 -0.031094
  7 4.120674 -0.002201 -0.001843 0.552791 0.129051 0.834265
  8 4.443598 -0.000001 -0.000001 -0.364143 -0.180885 -0.053616
  9 9.024062 0.000003 -0.000000 0.000000 0.000000 0.000000
 10 -0.222992 0.905756 1.462392 0.828021 -0.798742 1.439400
 11 6.384778 -0.000001 -0.000002 -0.105733 0.336632 -0.206098
 12 10.242683 -0.000001 -0.000000 0.000000 -0.000000 -1.600100
 13 11.375562 -0.000000 0.000001 2.572189 -0.254263 -0.193616
 14 0.728681 0.023432 -1.008291 2.396606 0.246960 1.180207
 15 2.136496 -0.000000 0.000000 0.000000 -0.000000 -0.130501
 16 2.313138 0.000000 -0.000000 0.000000 0.000000 0.000000
 17 3.115507 -0.886043 -0.021432 -0.127164 -0.107769 -0.186868
 18 2.011152 0.000001 -0.000000 -0.000000 -0.000000 0.494159
 19 2.141381 -0.000000 0.000001 0.000000 0.000000 0.000000
 20 1.734175 0.000004 -0.000000 -0.000000 0.000000 0.247847
 21 0.000007 -4.440596 -0.000000 1.570544 -0.062990 -0.195737
 22 6.000000 -0.000002 0.000002 2.904573 0.000000 -0.000000
 23 0.000002 -4.440600 -0.000000 1.569944 -0.062987 0.004053
 24 11.375562 -0.000002 0.000005 -2.634561 -0.058765 -0.214207
 25 0.000001 -4.440603 -0.000001 1.570144 -0.062988 0.004040
 26 10.510129 -0.000001 -0.000001 0.000000 -0.000000 -2.370846
 27 0.000002 -1.748402 5.000001 -0.000000 0.004007 1.602291
 28 5.499997 -0.000000 0.000000 0.043311 -0.000000 0.000000
 29 -0.000001 -1.940599 5.000000 -0.044472 0.004003 -0.000180
 30 6.551490 0.000000 -0.000001 -0.090146 0.286764 -0.262940
 31 -0.000001 -1.940599 5.000003 -0.027189 -0.053376 0.005295
 32 6.551490 0.000000 -0.000001 -0.034862 0.145747 -0.126335
 33 0.000001 -1.940598 4.999997 -0.066572 -0.152786 -0.110311
 34 0.222994 -0.898683 -1.462393 -2.453598 1.087304 0.069538
 35 6.384776 0.000003 -0.000001 0.103279 -0.683883 0.006764
 36 10.242684 -0.000001 -0.000000 0.000000 -0.000000 -1.931468
 37 11.375562 -0.000000 -0.000003 1.286743 -0.022209 -0.337657
 38 0.728681 0.023431 1.008292 -1.579583 -0.319038 0.212973
 39 2.136497 0.000002 -0.000000 0.000000 -0.000000 1.282817
 40 2.313139 0.000001 -0.000000 0.000000 0.000000 3.141593
 41 3.115506 -0.886042 0.021432 0.708959 0.171755 0.347804
 42 2.011150 0.000001 -0.000001 -0.000000 0.000000 2.082010
 43 2.141379 0.000001 -0.000001 0.000000 0.000000 3.141593
 44 1.734172 -0.000001 -0.000002 0.000000 0.000000 1.041748
 45 0.136315 -3.738191 2.525892 1.493698 2.759406 -1.474501
 46 5.613161 0.862366 3.157031 1.595152 -0.135386 0.061522
 47 11.389367 -0.000817 0.158781 1.428077 0.001272 -0.189095
 48 -0.000000 -4.440601 0.000002 1.570144 -3.078602 0.004040
 49 6.000001 0.000003 0.000000 1.428077 0.000000 -0.000000
 50 0.000002 -4.440601 -0.000001 1.569944 -3.078603 0.004053
 51 10.510135 -0.000000 -0.000000 0.000000 0.000000 -2.536530
 52 0.000001 -1.748400 -5.000000 3.141593 0.004007 -1.539299
 53 5.500002 -0.000001 -0.000001 -0.044340 -0.000000 0.000000
 54 -0.000000 0.000001 -5.000000 -0.044472 3.137590 -0.000177
 55 6.551491 0.000001 -0.000000 0.044340 -0.243127 0.026725
 56 -1.266843 -1.937444 -4.950561 -0.066572 -2.988806 -0.110308
 57 6.551492 0.000001 -0.000000 0.044340 -0.243127 0.026725
 58 0.699370 -1.944209 -5.006845 -0.027189 -3.088217 0.005298
 59 4.226144 -0.003200 0.000000 0.262044 0.121497 0.406273
 60 -0.000001 5.000000 0.000000 -0.153564 0.000087 2.718702
 61 0.000003 -0.000005 -3.713581 0.095503 -3.012510 -0.750673
 62 -0.000001 0.000001 5.000000 3.053197 1.558589 -0.074927
 63 -0.000009 0.000005 3.713580 -0.334411 -2.825096 -0.524885
 64 -0.000000 -0.000000 -5.000000 -0.088727 1.558589 3.066333
 65 7.363602 1.646646 0.495662 -3.141593 -1.570796 0.000000
 66 -0.000006 0.000006 3.619082 -0.528285 -2.367384 -1.007256
 67 16.573921 0.000000 0.000002 0.000000 0.000000 -2.019199
 68 15.128181 0.000001 -0.000003 0.031619 0.086785 -0.033197
 69 5.758665 4.244731 0.000000 0.000000 -0.000000 2.033309
 70 3.177726 0.000001 -0.000000 0.000000 0.000000 3.141593
 71 15.708953 0.000000 -0.000003 0.016155 0.048356 -0.018185
 72 0.275149 0.189215 -3.445208 3.130898 0.000409 -1.514604
 73 17.210194 -0.000001 0.000003 -0.000000 0.000000 -2.322356
 74 0.000001 0.000000 -5.000000 -0.079433 1.546568 -1.570857
 75 0.000005 -0.000005 -3.619081 0.196495 -3.011952 -1.279118
 76 16.573921 0.000002 0.000001 -0.000000 -0.000000 -1.611348
 77 15.128181 -0.000001 -0.000000 0.214418 -0.027533 0.774389
 78 5.758666 4.244731 -0.000000 -0.000000 0.000000 1.483530
 79 4.003935 -0.000000 0.000000 0.000000 0.000000 0.000000
 80 15.708955 -0.000001 0.000000 0.153371 0.002792 0.528179
 81 0.273999 0.191090 3.439762 -3.130907 -0.000437 -1.508107
 82 17.210192 0.000001 0.000000 -0.000000 0.000000 -2.138823
 83 -0.000001 -0.000001 5.000000 -0.079314 1.595025 -1.570737
time 7
  0 -0.650000 0.000000 33.191761 -0.281436 0.436358 -2.443536
  1 11.368427 6.770639 -23.418962 -0.498313 0.132926 2.346876
  2 -2.276937 0.000002 -1.238186 -1.570795 -1.570451 0.000000
  3 1.796555 0.711849 0.000079 -0.024608 -0.059887 -0.179394
  4 4.119776 -0.003063 0.000086 -0.026249 -0.007709 0.365512
  5 4.118902 -0.003266 0.000038 -0.011736 -0.007898 0.091297
  6 4.118511 -0.003276 0.000085 -0.025530 -0.015328 -0.027304
  7 4.120691 -0.002195 -0.001837 0.550433 0.126941 0.837726
  8 4.443600 0.000000 0.000000 -0.427897 -0.146743 -0.000640
  9 9.024061 0.000001 -0.000001 0.000000 0.000000 0.000000
 10 -0.219365 0.902556 1.464913 0.828518 -0.792589 1.435179
 11 6.384777 0.000001 -0.000000 0.048394 0.453679 -0.230219
 12 10.242683 -0.000002 0.000001 -0.000000 -0.000000 -1.697119
 13 11.375562 0.000001 0.000004 2.545771 -0.142182 0.036961
 14 0.728681 0.023432 -1.008291 2.396606 0.246960 1.180207
 15 2.136492 0.000000 0.000003 0.000000 -0.000000 -0.128637
 16 2.313141 0.000000 0.000000 0.000000 0.000000 0.000000
 17 3.115507 -0.886041 -0.021431 -0.118820 -0.116912 -0.261269
 18 2.011151 -0.000000 -0.000001 0.000000 0.000000 0.539656
 19 2.141380 -0.000002 0.000001 0.000000 0.000000 0.000000
 20 1.734175 0.000002 -0.000001 0.000000 0.000000 0.270523
 21 0.000006 -4.440593 -0.000000 1.570544 -0.062990 -0.195737
 22 6.000000 -0.000001 0.000003 2.874727 0.000000 -0.000000
 23 0.000001 -4.440600 0.000001 1.569944 -0.062987 0.004053
 24 11.375562 0.000000 0.000006 -2.648392 -0.096609 -0.042013
 25 0.000002 -4.440602 -0.000002 1.570144 -0.062988 0.004040
 26 10.510128 -0.000002 0.000002 0.000000 -0.000000 -2.419356
 27 0.000000 -1.748399 4.999998 -0.000000 0.004007 1.602291
 28 5.499998 -0.000001 0.000002 -0.030004 -0.000000 0.000000
 29 -0.000002 -1.940598 5.000000 -0.044472 0.004003 -0.000180
 30 6.551491 0.000001 -0.000002 0.029894 0.364709 -0.279521
 31 -0.000003 -1.940599 5.000003 -0.027189 -0.053376 0.005295
 32 6.551491 0.000001 -0.000002 0.027573 0.179229 -0.137176
 33 -0.000000 -1.940599 4.999997 -0.066572 -0.152786 -0.110311
 34 0.219369 -0.895476 -1.464914 -2.474287 1.054149 0.041566
 35 6.384777 -0.000002 0.000002 0.166051 -0.726198 -0.068874
 36 10.242682 -0.000001 0.000000 -0.000000 0.000000 -1.936357
 37 11.375562 0.000001 -0.000002 1.282030 -0.002419 -0.294309
 38 0.728680 0.023433 1.008292 -1.579583 -0.319038 0.212973
 39 2.136497 -0.000001 -0.000003 0.000000 0.000000 1.282817
 40 2.313139 -0.000000 0.000001 0.000000 0.000000 3.141593
 41 3.115507 -0.886038 0.021430 0.708959 0.171755 0.347804
 42 2.011152 0.000001 -0.000000 0.000000 0.000000 2.082010
 43 2.141379 -0.000001 -0.000001 0.000000 0.000000 3.141593
 44 1.734172 -0.000001 0.000000 0.000000 -0.000000 1.041748
 45 0.136314 -3.738194 2.525890 1.493698 2.759406 -1.474501
 46 5.613161 0.862369 3.157029 1.595152 -0.135386 0.061522
 47 11.389367 -0.000818 0.158780 1.426316 0.010552 -0.165910
 48 0.000001 -4.440598 0.000001 1.570144 -3.078602 0.004040
 49 6.000000 0.000001 -0.000002 1.426316 0.000000 -0.000000
 50 0.000002 -4.440600 0.000001 1.569944 -3.078603 0.004053
 51 10.510131 0.000000 -0.000001 -0.000000 0.000000 -2.538975
 52 0.000001 -1.748401 -5.000000 -3.141593 0.004007 -1.539299
 53 5.500000 0.000000 -0.000001 -0.060274 -0.000000 0.000000
 54 -0.000001 0.000001 -5.000001 -0.044472 3.137590 -0.000177
 55 6.551492 -0.000001 -0.000002 0.060274 -0.251468 -0.002493
 56 -1.266843 -1.937441 -4.950563 -0.066572 -2.988806 -0.110308
 57 6.551493 -0.000001 -0.000002 0.060274 -0.251468 -0.002493
 58 0.699371 -1.944208 -5.006845 -0.027189 -3.088217 0.005298
 59 4.226147 -0.003202 -0.000000 0.261068 0.120478 0.408000
 60 -0.000001 5.000001 0.000001 -0.153564 0.000087 2.718702
 61 0.000003 -0.000005 -3.713581 0.095503 -3.012510 -0.750673
 62 -0.000001 0.000001 5.000000 3.053197 1.558589 -0.074927
 63 -0.000009 0.000005 3.713580 -0.334411 -2.825096 -0.524885
 64 -0.000001 -0.000000 -5.000000 -0.088727 1.558589 3.066333
 65 7.363602 1.646646 0.495662 -3.141593 -1.570796 0.000000
 66 -0.000006 0.000006 3.619082 -0.528285 -2.367383 -1.007256
 67 16.573923 0.000001 0.000002 -0.000000 0.000000 -2.019199
 68 15.128181 0.000002 -0.000003 0.031619 0.086785 -0.033197
 69 5.758666 4.244731 0.000000 0.000000 -0.000000 2.033309
 70 3.177726 0.000001 -0.000000 0.000000 0.000000 3.141593
 71 15.708953 0.000001 -0.000003 0.016155 0.048356 -0.018185
 72 0.275149 0.189215 -3.445208 3.130898 0.000409 -1.514604
 73 17.210194 -0.000001 0.000003 0.000000 -0.000000 -2.322356
 74 0.000001 0.000000 -5.000000 -0.079430 1.546568 -1.570856
 75 0.000005 -0.000005 -3.619081 0.196495 -3.011952 -1.279118
 76 16.573921 0.000002 0.000001 -0.000000 -0.000000 -1.611348
 77 15.128181 -0.000001 -0.000000 0.214418 -0.027533 0.774389
 78 5.758666 4.244731 -0.000000 -0.000000 0.000000 1.483530
 79 4.003935 -0.000000 0.000000 0.000000 0.000000 0.000000
 80 15.708955 -0.000001 0.000000 0.153371 0.002792 0.528179
 81 0.273999 0.191090 3.439762 -3.130907 -0.000437 -1.508107
 82 17.210192 0.000001 0.000000 -0.000000 0.000000 -2.138823
 83 -0.000001 -0.000001 5.000000 -0.079314 1.595025 -1.570737
time 8
  0 -0.650000 0.000000 33.191761 -0.281436 0.436358 -2.443536
  1 11.368427 6.770639 -23.418962 -0.498313 0.132926 2.346876
  2 -2.276937 0.000002 -1.238186 -1.570795 -1.570451 0.000000
  3 1.796599 0.711843 0.000107 -0.032960 -0.023620 -0.165964
  4 4.119785 -0.003059 0.000116 -0.035677 -0.015513 0.369004
  5 4.118910 -0.003264 0.000072 -0.021878 -0.026019 0.094609
  6 4.118521 -0.003275 0.000117 -0.035631 -0.026977 -0.023732
  7 4.120709 -0.002177 -0.001823 0.546230 0.123216 0.843881
  8 4.443600 0.000002 0.000000 -0.461456 -0.132356 0.028707
  9 9.024061 -0.000000 -0.000001 0.000000 0.000000 0.000000
 10 -0.212961 0.896805 1.469368 0.829687 -0.796985 1.427076
 11 6.384779 -0.000001 -0.000002 0.071128 0.471731 -0.423699
 12 10.242683 -0.000000 -0.000000 0.000000 0.000000 -1.675775
 13 11.375564 0.000002 -0.000002 2.611084 -0.307775 -0.096603
 14 0.728681 0.023430 -1.008291 2.396606 0.246960 1.180207
 15 2.136498 -0.000001 0.000000 0.000000 -0.000000 -0.129221
 16 2.313142 0.000000 -0.000000 0.000000 0.000000 0.000000
 17 3.115507 -0.886043 -0.021432 -0.140642 -0.089414 -0.050164
 18 2.011151 -0.000001 0.000001 0.000000 -0.000000 0.770813
 19 2.141379 0.000001 -0.000001 0.000000 0.000000 0.000000
 20 1.734175 0.000000 -0.000001 0.000000 0.000000 0.385455
 21 0.000005 -4.440595 0.000000 1.570544 -0.062990 -0.195737
 22 6.000000 -0.000001 0.000000 2.952413 0.000000 -0.000000
 23 0.000002 -4.440601 -0.000000 1.569944 -0.062987 0.004053
 24 11.375562 0.000000 0.000003 -2.605611 -0.130188 -0.179175
 25 0.000001 -4.440603 0.000001 1.570144 -0.062988 0.004040
 26 10.510129 -0.000002 -0.000001 -0.000000 -0.000000 -2.408684
 27 0.000002 -1.748402 5.000000 0.000000 0.004007 1.602291
 28 5.499998 -0.000001 0.000001 -0.046013 0.000000 0.000000
 29 0.000000 -1.940599 5.000001 -0.044472 0.004003 -0.000180
 30 6.551493 -0.000001 -0.000002 0.050334 0.352098 -0.390395
 31 0.000000 -1.940599 5.000002 -0.027189 -0.053376 0.005295
 32 6.551493 -0.000001 -0.000002 0.041747 0.170071 -0.190454
 33 0.000001 -1.940600 4.999998 -0.066572 -0.152786 -0.110311
 34 0.212964 -0.889731 -1.469367 -2.518938 1.024830 -0.020905
 35 6.384777 0.000000 -0.000001 0.214763 -0.802793 -0.144774
 36 10.242681 0.000001 0.000001 -0.000000 0.000000 -1.944935
 37 11.375563 0.000003 0.000000 1.288495 0.024543 -0.241406
 38 0.728681 0.023429 1.008293 -1.579583 -0.319038 0.212973
 39 2.136496 -0.000001 0.000001 0.000000 0.000000 1.282817
 40 2.313140 0.000001 0.000002 0.000000 0.000000 3.141593
 41 3.115507 -0.886041 0.021429 0.708959 0.171755 0.347804
 42 2.011149 -0.000000 0.000003 0.000000 -0.000000 2.082010
 43 2.141380 -0.000000 -0.000002 0.000000 0.000000 3.141593
 44 1.734172 -0.000001 0.000000 0.000000 0.000000 1.041748
 45 0.136314 -3.738192 2.525891 1.493698 2.759406 -1.474501
 46 5.613161 0.862366 3.157030 1.595152 -0.135386 0.061522
 47 11.389367 -0.000818 0.158781 1.430097 0.023151 -0.136583
 48 0.000001 -4.440599 0.000001 1.570144 -3.078602 0.004040
 49 6.000001 0.000002 0.000000 1.430098 0.000000 0.000000
 50 0.000003 -4.440598 0.000000 1.569944 -3.078603 0.004053
 51 10.510134 -0.000001 0.000003 -0.000000 -0.000000 -2.543264
 52 0.000001 -1.748401 -5.000001 -3.141593 0.004007 -1.539299
 53 5.500000 0.000001 0.000001 -0.066697 -0.000000 0.000000
 54 -0.000001 -0.000001 -4.999998 -0.044472 3.137589 -0.000177
 55 6.551492 -0.000001 -0.000002 0.066697 -0.264713 -0.027984
 56 -1.266843 -1.937444 -4.950560 -0.066572 -2.988806 -0.110308
 57 6.551492 -0.000001 -0.000002 0.066697 -0.264713 -0.027984
 58 0.699370 -1.944208 -5.006847 -0.027189 -3.088217 0.005298
 59 4.226145 -0.003201 0.000001 0.259330 0.118675 0.411064
 60 0.000001 5.000000 0.000000 -0.153564 0.000087 2.718702
 61 0.000003 -0.000005 -3.713581 0.095503 -3.012510 -0.750673
 62 -0.000001 0.000001 5.000000 3.053197 1.558589 -0.074927
 63 -0.000009 0.000005 3.713580 -0.334411 -2.825096 -0.524885
 64 -0.000000 -0.000000 -5.000000 -0.088727 1.558589 3.066333
 65 7.363602 1.646646 0.495662 -3.141593 -1.570796 0.000000
 66 -0.000006 0.000006 3.619082 -0.528285 -2.367384 -1.007256
 67 16.573921 0.000000 0.000002 0.000000 0.000000 -2.019199
 68 15.128181 0.000001 -0.000003 0.031619 0.086785 -0.033197
 69 5.758665 4.244731 0.000000 0.000000 -0.000000 2.033309
 70 3.177726 0.000001 -0.000000 0.000000 0.000000 3.141593
 71 15.708953 0.000000 -0.000003 0.016155 0.048356 -0.018185
 72 0.275149 0.189215 -3.445208 3.130898 0.000409 -1.514604
 73 17.210194 -0.000001 0.000003 -0.000000 0.000000 -2.322356
 74 0.000001 0.000000 -5.000000 -0.079433 1.546568 -1.570857
 75 0.000005 -0.000005 -3.619081 0.196495 -3.011952 -1.279118
 76 16.573921 0.000002 0.000001 -0.000000 -0.000000 -1.611348
 77 15.128181 -0.000001 -0.000000 0.214418 -0.027533 0.774389
 78 5.758666 4.244731 -0.000000 -0.000000 0.000000 1.483530
 79 4.003935 -0.000000 0.000000 0.000000 0.000000 0.000000
 80 15.708955 -0.000001 0.000000 0.153371 0.002792 0.528179
 81 0.273999 0.191090 3.439762 -3.130907 -0.000437 -1.508107
 82 17.210192 0.000001 0.000000 -0.000000 0.000000 -2.138823
 83 -0.000001 -0.000001 5.000000 -0.079314 1.595025 -1.570737
time 9
  0 -0.650000 0.000000 33.191761 -0.281436 0.436358 -2.443536
  1 11.368427 6.770639 -23.418962 -0.498313 0.132926 2.346876
  2 -2.276937 0.000002 -1.238186 -1.570795 -1.570451 0.000000
  3 1.796642 0.711836 0.000130 -0.040273 0.010246 -0.154551
  4 4.119791 -0.003053 0.000146 -0.044496 -0.022768 0.372119
  5 4.118919 -0.003263 0.000102 -0.031397 -0.042887 0.097656
  6 4.118529 -0.003275 0.000147 -0.045089 -0.037813 -0.020502
  7 4.120746 -0.002158 -0.001808 0.540392 0.118113 0.852402
  8 4.443599 -0.000000 0.000000 -0.474626 -0.133037 0.043373
  9 9.024062 0.000000 0.000000 0.000000 0.000000 0.000000
 10 -0.204184 0.888764 1.475470 0.829694 -0.807789 1.418066
 11 6.384776 0.000002 0.000002 0.063431 0.456106 -0.681498
 12 10.242682 -0.000001 0.000001 0.000000 -0.000000 -1.620089
 13 11.375560 -0.000000 0.000001 2.780356 -0.528498 -0.387408
 14 0.728680 0.023430 -1.008292 2.396606 0.246960 1.180207
 15 2.136498 0.000001 -0.000000 0.000000 0.000000 -0.124763
 16 2.313141 -0.000001 -0.000000 0.000000 0.000000 0.000000
 17 3.115505 -0.886042 -0.021432 -0.161280 -0.041544 0.262599
 18 2.011147 -0.000001 -0.000001 0.000000 -0.000000 1.076825
 19 2.141378 -0.000001 0.000001 0.000000 0.000000 0.000000
 20 1.734173 0.000003 -0.000001 0.000000 -0.000000 0.537645
 21 0.000008 -4.440595 0.000000 1.570544 -0.062990 -0.195737
 22 6.000000 -0.000004 0.000002 3.118427 -0.000000 -0.000000
 23 0.000002 -4.440601 -0.000001 1.569944 -0.062987 0.004053
 24 11.375562 -0.000003 0.000004 -2.522325 -0.153466 -0.369183
 25 0.000001 -4.440603 -0.000001 1.570144 -0.062988 0.004040
 26 10.510127 -0.000002 0.000001 0.000000 -0.000000 -2.380841
 27 0.000000 -1.748400 5.000000 -0.000000 0.004007 1.602290
 28 5.499996 -0.000001 0.000002 -0.054374 -0.000000 -0.000000
 29 -0.000000 -1.940598 5.000002 -0.044472 0.004003 -0.000180
 30 6.551491 0.000001 0.000000 0.061717 0.318529 -0.484279
 31 0.000001 -1.940599 5.000001 -0.027189 -0.053376 0.005295
 32 6.551491 0.000001 0.000000 0.049030 0.151110 -0.234760
 33 0.000002 -1.940599 4.999998 -0.066572 -0.152786 -0.110311
 34 0.204188 -0.881684 -1.475469 -2.560785 0.999811 -0.084780
 35 6.384777 0.000002 0.000001 0.261742 -0.881967 -0.223667
 36 10.242682 -0.000002 0.000001 0.000000 -0.000000 -1.951715
 37 11.375562 -0.000001 -0.000000 1.305992 0.051244 -0.176542
 38 0.728681 0.023432 1.008293 -1.579583 -0.319038 0.212973
 39 2.136496 -0.000003 -0.000002 -0.000000 -0.000000 1.282817
 40 2.313141 -0.000000 0.000003 0.000000 0.000000 3.141593
 41 3.115507 -0.886039 0.021431 0.708959 0.171755 0.347804
 42 2.011151 0.000001 -0.000002 0.000000 0.000000 2.082010
 43 2.141381 -0.000000 -0.000001 0.000000 0.000000 3.141593
 44 1.734171 -0.000000 -0.000001 -0.000000 0.000000 1.041748
 45 0.136314 -3.738192 2.525888 1.493698 2.759406 -1.474501
 46 5.613161 0.862367 3.157032 1.595152 -0.135386 0.061522
 47 11.389366 -0.000819 0.158782 1.439072 0.035207 -0.099755
 48 0.000001 -4.440598 -0.000000 1.570144 -3.078602 0.004040
 49 6.000001 0.000002 0.000001 1.439072 0.000000 -0.000000
 50 0.000002 -4.440602 0.000002 1.569944 -3.078603 0.004053
 51 10.510134 -0.000002 0.000002 -0.000000 0.000000 -2.546654
 52 0.000000 -1.748399 -5.000000 -3.141593 0.004007 -1.539299
 53 5.500000 -0.000001 0.000000 -0.067202 -0.000000 0.000000
 54 0.000001 -0.000002 -4.999999 -0.044472 3.137589 -0.000177
 55 6.551492 0.000001 -0.000001 0.067202 -0.278207 -0.050099
 56 -1.266843 -1.937442 -4.950560 -0.066572 -2.988806 -0.110308
 57 6.551492 0.000001 -0.000002 0.067202 -0.278207 -0.050099
 58 0.699371 -1.944206 -5.006849 -0.027189 -3.088217 0.005298
 59 4.226147 -0.003201 -0.000001 0.256922 0.116196 0.415290
 60 -0.000001 5.000003 0.000001 -0.153564 0.000087 2.718702
 61 0.000003 -0.000005 -3.713581 0.095503 -3.012510 -0.750673
 62 -0.000001 0.000001 5.000000 3.053197 1.558589 -0.074927
 63 -0.000009 0.000005 3.713580 -0.334410 -2.825096 -0.524885
 64 -0.000001 -0.000000 -5.000000 -0.088728 1.558589 3.066333
 65 7.363602 1.646646 0.495662 -3.141593 -1.570796 0.000000
 66 -0.000006 0.000006 3.619082 -0.528284 -2.367383 -1.007256
 67 16.573921 0.000001 0.000002 -0.000000 -0.000000 -2.019199
 68 15.128181 0.000001 -0.000000 0.031619 0.086785 -0.033197
 69 5.758666 4.244730 0.000000 0.000000 -0.000000 2.033309
 70 3.177726 0.000001 -0.000000 0.000000 0.000000 3.141593
 71 15.708953 0.000001 -0.000001 0.016155 0.048356 -0.018185
 72 0.275149 0.189215 -3.445208 3.130898 0.000409 -1.514604
 73 17.210192 -0.000000 0.000003 0.000000 0.000000 -2.322356
 74 0.000001 0.000000 -5.000000 -0.079429 1.546568 -1.570852
 75 0.000005 -0.000005 -3.619081 0.196495 -3.011952 -1.279118
 76 16.573921 0.000002 0.000001 -0.000000 -0.000000 -1.611348
 77 15.128181 -0.000001 -0.000000 0.214418 -0.027533 0.774389
 78 5.758666 4.244731 -0.000000 -0.000000 0.000000 1.483530
 79 4.003935 -0.000000 0.000000 0.000000 0.000000 0.000000
 80 15.708955 -0.000001 0.000000 0.153371 0.002792 0.528179
 81 0.273999 0.191090 3.439762 -3.130907 -0.000437 -1.508107
 82 17.210192 0.000001 0.000000 -0.000000 0.000000 -2.138823
 83 -0.000001 -0.000001 5.000000 -0.079314 1.595025 -1.570737
time 10
  0 -0.650000 0.000000 33.191761 -0.281436 0.436358 -2.443536
  1 11.368427 6.770639 -23.418962 -0.498313 0.132926 2.346876
  2 -2.276937 0.000002 -1.238186 -1.570795 -1.570451 0.000000
  3 1.796677 0.711832 0.000151 -0.046577 0.041095 -0.145458
  4 4.119795 -0.003049 0.000172 -0.052554 -0.029364 0.374738
  5 4.118925 -0.003263 0.000131 -0.040117 -0.058230 0.100300
  6 4.118535 -0.003274 0.000176 -0.053735 -0.047668 -0.017744
  7 4.120785 -0.002133 -0.001788 0.533432 0.112140 0.862516
  8 4.443599 -0.000002 0.000000 -0.472841 -0.145568 0.047726
  9 9.024061 -0.000001 0.000001 0.000000 0.000000 0.000000
 10 -0.193903 0.879072 1.482619 0.815673 -0.857353 1.425971
 11 6.384779 -0.000001 0.000000 0.060412 0.437395 -0.899930
 12 10.242685 0.000000 0.000001 -0.000000 0.000000 -1.547738
 13 11.375562 -0.000003 0.000000 3.016046 -0.643721 -0.613308
 14 0.728680 0.023431 -1.008293 2.396606 0.246960 1.180207
 15 2.136498 0.000001 -0.000001 -0.000000 -0.000000 -0.078540
 16 2.313138 -0.000001 0.000000 0.000000 0.000000 0.000000
 17 3.115508 -0.886039 -0.021431 -0.166499 0.000392 0.514872
 18 2.011148 0.000000 -0.000000 0.000000 0.000000 1.322792
 19 2.141380 0.000000 -0.000000 0.000000 0.000000 0.000000
 20 1.734174 0.000003 -0.000000 0.000000 0.000000 0.660693
 21 0.000006 -4.440593 -0.000000 1.570544 -0.062990 -0.195737
 22 5.999999 -0.000000 0.000002 -2.966008 -0.000000 -0.000000
 23 0.000002 -4.440601 -0.000001 1.569944 -0.062987 0.004053
 24 11.375562 -0.000001 0.000004 -2.425504 -0.176906 -0.463786
 25 0.000001 -4.440603 -0.000002 1.570144 -0.062988 0.004040
 26 10.510132 -0.000001 0.000000 0.000000 -0.000000 -2.344666
 27 0.000001 -1.748400 4.999999 -0.000000 0.004007 1.602291
 28 5.499998 -0.000001 0.000002 -0.063623 0.000000 0.000000
 29 -0.000001 -1.940599 5.000002 -0.044472 0.004003 -0.000180
 30 6.551490 0.000001 0.000002 0.076623 0.294366 -0.551180
 31 0.000001 -1.940599 5.000003 -0.027189 -0.053376 0.005295
 32 6.551490 0.000001 0.000002 0.056821 0.136765 -0.265684
 33 -0.000000 -1.940599 5.000000 -0.066572 -0.152786 -0.110311
 34 0.193905 -0.871998 -1.482619 -2.578160 0.981762 -0.122435
 35 6.384777 -0.000001 -0.000001 0.313496 -0.930472 -0.303705
 36 10.242682 0.000001 -0.000000 -0.000000 0.000000 -1.951991
 37 11.375564 0.000002 -0.000001 1.333623 0.068732 -0.092995
 38 0.728681 0.023431 1.008292 -1.579583 -0.319038 0.212973
 39 2.136497 -0.000000 -0.000001 -0.000000 0.000000 1.282817
 40 2.313141 0.000000 -0.000000 0.000000 0.000000 3.141593
 41 3.115507 -0.886042 0.021432 0.708959 0.171755 0.347804
 42 2.011152 0.000000 0.000000 -0.000000 0.000000 2.082010
 43 2.141380 0.000001 -0.000000 0.000000 0.000000 3.141593
 44 1.734172 -0.000002 0.000001 0.000000 -0.000000 1.041748
 45 0.136315 -3.738193 2.525888 1.493698 2.759406 -1.474501
 46 5.613162 0.862367 3.157030 1.595152 -0.135386 0.061522
 47 11.389367 -0.000820 0.158779 1.452617 0.041833 -0.051677
 48 0.000001 -4.440599 0.000001 1.570144 -3.078602 0.004040
 49 6.000002 0.000003 -0.000001 1.452617 0.000000 -0.000000
 50 0.000002 -4.440605 0.000001 1.569944 -3.078603 0.004053
 51 10.510133 0.000001 -0.000000 -0.000000 0.000000 -2.546792
 52 0.000001 -1.748400 -5.000000 -3.141593 0.004007 -1.539299
 53 5.500001 0.000000 0.000000 -0.067276 0.000000 0.000000
 54 -0.000000 -0.000001 -5.000000 -0.044472 3.137589 -0.000177
 55 6.551491 -0.000001 -0.000002 0.067276 -0.286403 -0.070954
 56 -1.266843 -1.937443 -4.950558 -0.066572 -2.988806 -0.110308
 57 6.551492 -0.000001 -0.000003 0.067276 -0.286403 -0.070954
 58 0.699371 -1.944209 -5.006845 -0.027189 -3.088217 0.005298
 59 4.226147 -0.003202 -0.000002 0.254060 0.113280 0.420285
 60 0.000001 5.000001 0.000000 -0.153564 0.000087 2.718702
 61 0.000003 -0.000005 -3.713581 0.095503 -3.012510 -0.750673
 62 -0.000001 0.000001 5.000000 3.053197 1.558589 -0.074927
 63 -0.000009 0.000005 3.713580 -0.334411 -2.825096 -0.524885
 64 -0.000000 -0.000000 -5.000000 -0.088727 1.558589 3.066333
 65 7.363602 1.646646 0.495662 -3.141593 -1.570796 0.000000
 66 -0.000006 0.000006 3.619082 -0.528285 -2.367384 -1.007256
 67 16.573921 0.000000 0.000002 0.000000 0.000000 -2.019199
 68 15.128181 0.000001 -0.000003 0.031619 0.086785 -0.033197
 69 5.758665 4.244731 0.000000 0.000000 -0.000000 2.033309
 70 3.177726 0.000001 -0.000000 0.000000 0.000000 3.141593
 71 15.708953 0.000000 -0.000003 0.016155 0.048356 -0.018185
 72 0.275149 0.189215 -3.445208 3.130898 0.000409 -1.514604
 73 17.210194 -0.000001 0.000003 -0.000000 0.000000 -2.322356
 74 0.000001 0.000000 -5.000000 -0.079433 1.546568 -1.570857
 75 0.000005 -0.000005 -3.619081 0.196495 -3.011952 -1.279118
 76 16.573921 0.000002 0.000001 -0.000000 -0.000000 -1.611348
 77 15.128181 -0.000001 -0.000000 0.214418 -0.027533 0.774389
 78 5.758666 4.244731 -0.000000 -0.000000 0.000000 1.483530
 79 4.003935 -0.000000 0.000000 0.000000 0.000000 0.000000
 80 15.708955 -0.000001 0.000000 0.153371 0.002792 0.528179
 81 0.273999 0.191090 3.439762 -3.130907 -0.000437 -1.508107
 82 17.210192 0.000001 0.000000 -0.000000 0.000000 -2.138823
 83 -0.000001 -0.000001 5.000000 -0.079314 1.595025 -1.570737
time 11
  0 -0.650000 0.000000 33.191761 -0.281436 0.436358 -2.443536
  1 11.368427 6.770639 -23.418962 -0.498313 0.132926 2.346876
  2 -2.276937 0.000002 -1.238186 -1.570795 -1.570451 0.000000
  3 1.796706 0.711828 0.000167 -0.051909 0.068309 -0.138998
  4 4.119796 -0.003046 0.000196 -0.059695 -0.035193 0.376740
  5 4.118927 -0.003260 0.000156 -0.047861 -0.071777 0.102392
  6 4.118542 -0.003273 0.000201 -0.061396 -0.056373 -0.015593
  7 4.120827 -0.002110 -0.001765 0.525877 0.105788 0.873444
  8 4.443598 -0.000000 -0.000000 -0.461007 -0.166117 0.045533
  9 9.024062 -0.000002 0.000001 0.000000 0.000000 0.000000
 10 -0.182962 0.868451 1.490226 0.776268 -0.957027 1.466503
 11 6.384777 0.000001 0.000003 0.082063 0.447434 -1.049365
 12 10.242685 0.000001 0.000001 0.000000 -0.000000 -1.526472
 13 11.375562 -0.000002 0.000002 -3.049147 -0.674963 -0.652920
 14 0.728679 0.023429 -1.008293 2.396606 0.246960 1.180207
 15 2.136497 0.000000 -0.000000 0.000000 -0.000000 0.023695
 16 2.313139 0.000002 -0.000001 0.000000 0.000000 0.000000
 17 3.115505 -0.886042 -0.021432 -0.164326 0.026938 0.673564
 18 2.011150 -0.000000 -0.000001 -0.000000 0.000000 1.483670
 19 2.141379 -0.000001 0.000000 0.000000 0.000000 0.000000
 20 1.734177 0.000002 -0.000001 0.000000 0.000000 0.741547
 21 0.000004 -4.440593 -0.000000 1.570544 -0.062990 -0.195737
 22 6.000000 -0.000003 0.000003 -2.777996 0.000000 -0.000000
 23 0.000002 -4.440600 -0.000000 1.569944 -0.062987 0.004053
 24 11.375561 -0.000001 0.000005 -2.328157 -0.206946 -0.461649
 25 0.000001 -4.440603 -0.000001 1.570144 -0.062988 0.004040
 26 10.510132 -0.000001 0.000001 0.000000 -0.000000 -2.334033
 27 0.000001 -1.748402 5.000000 0.000000 0.004007 1.602291
 28 5.500000 -0.000001 0.000001 -0.081871 0.000000 -0.000000
 29 -0.000000 -1.940598 5.000001 -0.044472 0.004003 -0.000180
 30 6.551492 -0.000001 -0.000000 0.106634 0.291177 -0.599592
 31 0.000002 -1.940599 5.000002 -0.027189 -0.053376 0.005295
 32 6.551492 -0.000001 -0.000000 0.072145 0.131392 -0.287470
 33 0.000001 -1.940599 4.999997 -0.066572 -0.152786 -0.110311
 34 0.182964 -0.861374 -1.490227 -2.572245 0.972695 -0.133735
 35 6.384776 0.000000 0.000001 0.360867 -0.941994 -0.377142
 36 10.242680 0.000000 0.000001 0.000000 0.000000 -1.940528
 37 11.375562 0.000002 -0.000002 1.382767 0.071595 0.027404
 38 0.728680 0.023431 1.008293 -1.579583 -0.319038 0.212973
 39 2.136497 -0.000002 0.000001 -0.000000 0.000000 1.282817
 40 2.313140 -0.000000 0.000001 0.000000 0.000000 3.141593
 41 3.115507 -0.886042 0.021431 0.708959 0.171755 0.347804
 42 2.011151 -0.000001 0.000001 -0.000000 0.000000 2.082010
 43 2.141381 0.000000 0.000002 0.000000 0.000000 3.141593
 44 1.734173 -0.000002 -0.000000 -0.000000 0.000000 1.041748
 45 0.136314 -3.738193 2.525888 1.493698 2.759406 -1.474501
 46 5.613161 0.862367 3.157029 1.595152 -0.135386 0.061522
 47 11.389366 -0.000818 0.158779 1.476488 0.039811 0.018031
 48 0.000001 -4.440598 0.000001 1.570144 -3.078602 0.004040
 49 6.000000 -0.000000 -0.000002 1.476488 0.000000 0.000000
 50 0.000002 -4.440602 0.000001 1.569944 -3.078603 0.004053
 51 10.510132 0.000001 0.000001 -0.000000 0.000000 -2.541060
 52 0.000000 -1.748399 -5.000000 -3.141593 0.004007 -1.539299
 53 5.500000 -0.000001 0.000002 -0.067956 -0.000000 -0.000000
 54 -0.000001 0.000001 -5.000000 -0.044472 3.137589 -0.000177
 55 6.551491 0.000001 -0.000002 0.067956 -0.287518 -0.091839
 56 -1.266842 -1.937444 -4.950558 -0.066572 -2.988806 -0.110308
 57 6.551491 0.000001 -0.000002 0.067956 -0.287518 -0.091839
 58 0.699372 -1.944209 -5.006846 -0.027189 -3.088217 0.005298
 59 4.226143 -0.003202 0.000000 0.250962 0.110162 0.425657
 60 0.000000 5.000000 0.000001 -0.153564 0.000087 2.718702
 61 0.000003 -0.000005 -3.713581 0.095503 -3.012510 -0.750673
 62 -0.000001 0.000001 5.000000 3.053197 1.558589 -0.074927
 63 -0.000009 0.000005 3.713580 -0.334410 -2.825096 -0.524885
 64 -0.000001 -0.000000 -5.000000 -0.088728 1.558589 3.066333
 65 7.363602 1.646646 0.495662 -3.141593 -1.570796 0.000000
 66 -0.000006 0.000006 3.619082 -0.528284 -2.367383 -1.007256
 67 16.573921 0.000001 0.000002 -0.000000 -0.000000 -2.019199
 68 15.128181 0.000001 -0.000000 0.031619 0.086785 -0.033197
 69 5.758666 4.244730 0.000000 0.000000 -0.000000 2.033309
 70 3.177726 0.000001 -0.000000 0.000000 0.000000 3.141593
 71 15.708953 0.000001 -0.000001 0.016155 0.048356 -0.018185
 72 0.275149 0.189215 -3.445208 3.130898 0.000409 -1.514604
 73 17.210192 -0.000000 0.000003 0.000000 0.000000 -2.322356
 74 0.000001 0.000000 -5.000000 -0.079429 1.546568 -1.570852
 75 0.000005 -0.000005 -3.619081 0.196495 -3.011952 -1.279118
 76 16.573921 0.000002 0.000001 -0.000000 -0.000000 -1.611348
 77 15.128181 -0.000001 -0.000000 0.214418 -0.027533 0.774389
 78 5.758666 4.244731 -0.000000 -0.000000 0.000000 1.483530
 79 4.003935 -0.000000 0.000000 0.000000 0.000000 0.000000
 80 15.708955 -0.000001 0.000000 0.153371 0.002792 0.528179
 81 0.273999 0.191090 3.439762 -3.130907 -0.000437 -1.508107
 82 17.210192 0.000001 0.000000 -0.000000 0.000000 -2.138823
 83 -0.000001 -0.000001 5.000000 -0.079314 1.595025 -1.570737
time 12
  0 -0.650000 0.000000 33.191761 -0.281436 0.436358 -2.443536
  1 11.368427 6.770639 -23.418962 -0.498313 0.132926 2.346876
  2 -2.276937 0.000002 -1.238186 -1.570795 -1.570451 0.000000
  3 1.796697 0.711831 0.000178 -0.055006 0.083874 -0.141151
  4 4.119799 -0.003047 0.000209 -0.063969 -0.038652 0.376460
  5 4.118925 -0.003260 0.000171 -0.052472 -0.079740 0.102192
  6 4.118538 -0.003270 0.000217 -0.065946 -0.061539 -0.015774
  7 4.120870 -0.002082 -0.001743 0.518270 0.099529 0.884395
  8 4.443600 0.000000 0.000000 -0.447606 -0.184374 0.050137
  9 9.024063 0.000002 0.000001 0.000000 0.000000 0.000000
 10 -0.172174 0.857639 1.497728 0.703620 -1.081094 1.548329
 11 6.384777 0.000000 0.000003 0.111226 0.475664 -1.188474
 12 10.242682 0.000000 0.000002 -0.000000 -0.000000 -1.533205
 13 11.375561 0.000001 -0.000001 -2.821528 -0.694354 -0.629486
 14 0.728680 0.023431 -1.008293 2.396606 0.246960 1.180207
 15 2.136497 -0.000000 -0.000000 -0.000000 -0.000000 0.156335
 16 2.313140 -0.000000 -0.000001 0.000000 0.000000 0.000000
 17 3.115506 -0.886041 -0.021431 -0.159035 0.049506 0.811807
 18 2.011154 0.000001 0.000000 -0.000000 -0.000000 1.623640
 19 2.141380 0.000003 0.000000 0.000000 0.000000 0.000000
 20 1.734175 0.000002 -0.000000 -0.000000 0.000000 0.811997
 21 0.000007 -4.440593 -0.000000 1.570544 -0.062990 -0.195737
 22 6.000000 -0.000002 0.000001 -2.585118 0.000000 0.000000
 23 0.000001 -4.440601 -0.000002 1.569944 -0.062987 0.004053
 24 11.375562 -0.000001 0.000003 -2.221617 -0.239846 -0.427302
 25 0.000001 -4.440603 -0.000000 1.570144 -0.062988 0.004040
 26 10.510130 -0.000002 0.000000 0.000000 -0.000000 -2.337399
 27 0.000001 -1.748400 4.999997 -0.000000 0.004007 1.602291
 28 5.499999 -0.000000 0.000001 -0.109159 -0.000000 0.000000
 29 -0.000002 -1.940599 5.000002 -0.044472 0.004003 -0.000180
 30 6.551491 0.000000 0.000001 0.151641 0.297388 -0.658581
 31 0.000003 -1.940599 5.000002 -0.027189 -0.053376 0.005295
 32 6.551491 0.000000 0.000001 0.094940 0.128134 -0.312859
 33 0.000001 -1.940599 4.999999 -0.066572 -0.152786 -0.110311
 34 0.172177 -0.850565 -1.497727 -2.560082 0.970525 -0.137478
 35 6.384777 -0.000000 0.000001 0.389185 -0.944609 -0.428826
 36 10.242683 0.000000 -0.000000 0.000000 0.000000 -1.906222
 37 11.375563 0.000003 -0.000002 1.458798 0.052403 0.168745
 38 0.728680 0.023430 1.008292 -1.579583 -0.319038 0.212973
 39 2.136498 0.000002 0.000001 -0.000000 0.000000 1.282817
 40 2.313139 0.000001 -0.000001 0.000000 0.000000 3.141593
 41 3.115507 -0.886042 0.021432 0.708959 0.171755 0.347804
 42 2.011152 0.000000 -0.000002 -0.000000 0.000000 2.082010
 43 2.141380 0.000000 -0.000001 0.000000 0.000000 3.141593
 44 1.734171 -0.000002 -0.000001 -0.000000 -0.000000 1.041748
 45 0.136315 -3.738193 2.525891 1.493698 2.759406 -1.474501
 46 5.613162 0.862366 3.157030 1.595152 -0.135386 0.061522
 47 11.389367 -0.000818 0.158779 1.513987 0.026822 0.098244
 48 0.000001 -4.440598 -0.000000 1.570144 -3.078602 0.004040
 49 6.000000 0.000001 -0.000001 1.513987 0.000000 0.000000
 50 0.000002 -4.440601 0.000002 1.569944 -3.078603 0.004053
 51 10.510134 0.000001 -0.000000 -0.000000 -0.000000 -2.523907
 52 0.000001 -1.748400 -5.000002 -3.141593 0.004007 -1.539299
 53 5.500003 -0.000000 -0.000000 -0.066122 0.000000 0.000000
 54 0.000001 -0.000001 -4.999999 -0.044472 3.137590 -0.000177
 55 6.551491 0.000001 -0.000002 0.066122 -0.287267 -0.107364
 56 -1.266843 -1.937445 -4.950561 -0.066572 -2.988806 -0.110308
 57 6.551492 0.000001 -0.000003 0.066122 -0.287267 -0.107364
 58 0.699372 -1.944209 -5.006845 -0.027189 -3.088217 0.005298
 59 4.226145 -0.003200 0.000001 0.247853 0.107069 0.431015
 60 -0.000000 5.000002 0.000001 -0.153564 0.000087 2.718701
 61 0.000003 -0.000005 -3.713581 0.095503 -3.012510 -0.750673
 62 -0.000001 0.000001 5.000000 3.053197 1.558589 -0.074927
 63 -0.000009 0.000005 3.713580 -0.334411 -2.825096 -0.524885
 64 -0.000000 -0.000000 -5.000000 -0.088727 1.558589 3.066333
 65 7.363602 1.646646 0.495662 -3.141593 -1.570796 0.000000
 66 -0.000006 0.000006 3.619082 -0.528285 -2.367384 -1.007256
 67 16.573921 0.000000 0.000002 0.000000 0.000000 -2.019199
 68 15.128181 0.000001 -0.000003 0.031619 0.086785 -0.033197
 69 5.758665 4.244731 0.000000 0.000000 -0.000000 2.033309
 70 3.177726 0.000001 -0.000000 0.000000 0.000000 3.141593
 71 15.708953 0.000000 -0.000003 0.016155 0.048356 -0.018185
 72 0.275149 0.189215 -3.445208 3.130898 0.000409 -1.514604
 73 17.210194 -0.000001 0.000003 -0.000000 0.000000 -2.322356
 74 0.000001 0.000000 -5.000000 -0.079433 1.546568 -1.570857
 75 0.000005 -0.000005 -3.619081 0.196495 -3.011952 -1.279118
 76 16.573921 0.000002 0.000001 -0.000000 -0.000000 -1.611348
 77 15.128181 -0.000001 -0.000000 0.214418 -0.027533 0.774389
 78 5.758666 4.244731 -0.000000 -0.000000 0.000000 1.483530
 79 4.003935 -0.000000 0.000000 0.000000 0.000000 0.000000
 80 15.708955 -0.000001 0.000000 0.153371 0.002792 0.528179
 81 0.273999 0.191090 3.439762 -3.130907 -0.000437 -1.508107
 82 17.210192 0.000001 0.000000 -0.000000 0.000000 -2.138823
 83 -0.000001 -0.000001 5.000000 -0.079314 1.595025 -1.570737
time 13
  0 -0.650000 0.000000 33.191761 -0.281436 0.436358 -2.443536
  1 11.368427 6.770639 -23.418962 -0.498313 0.132926 2.346876
  2 -2.276937 0.000002 -1.238186 -1.570795 -1.570451 0.000000
  3 1.796660 0.711835 0.000179 -0.055420 0.084629 -0.153902
  4 4.119790 -0.003051 0.000212 -0.064569 -0.039122 0.373295
  5 4.118909 -0.003258 0.000174 -0.053047 -0.080632 0.099030
  6 4.118531 -0.003273 0.000216 -0.066501 -0.062228 -0.018929
  7 4.120909 -0.002059 -0.001723 0.511173 0.093811 0.894566
  8 4.443599 0.000000 -0.000000 -0.438423 -0.194261 0.068912
  9 9.024061 0.000003 0.000000 0.000000 0.000000 0.000000
 10 -0.162313 0.847458 1.504586 0.576053 -1.204894 1.692246
 11 6.384777 -0.000000 0.000000 0.145184 0.514353 -1.319301
 12 10.242682 0.000001 0.000001 0.000000 0.000000 -1.553680
 13 11.375562 0.000004 -0.000004 -2.615825 -0.713196 -0.558904
 14 0.728681 0.023430 -1.008292 2.396606 0.246960 1.180207
 15 2.136499 -0.000001 0.000000 0.000000 0.000000 0.296326
 16 2.313139 0.000001 -0.000001 0.000000 0.000000 0.000000
 17 3.115506 -0.886041 -0.021431 -0.152181 0.067814 0.928581
 18 2.011150 -0.000001 -0.000000 -0.000000 0.000000 1.741639
 19 2.141380 0.000001 -0.000000 0.000000 0.000000 0.000000
 20 1.734174 0.000002 -0.000000 0.000000 0.000000 0.871351
 21 0.000007 -4.440594 -0.000000 1.570544 -0.062990 -0.195737
 22 6.000000 0.000000 0.000000 -2.406607 0.000000 -0.000000
 23 0.000001 -4.440602 0.000002 1.569944 -0.062987 0.004053
 24 11.375562 -0.000002 0.000002 -2.116497 -0.276846 -0.369306
 25 -0.000002 -4.440604 -0.000001 1.570144 -0.062988 0.004040
 26 10.510131 -0.000000 -0.000001 0.000000 -0.000000 -2.347636
 27 0.000002 -1.748402 5.000000 0.000000 0.004007 1.602290
 28 5.499998 0.000000 0.000001 -0.150111 0.000000 -0.000000
 29 -0.000001 -1.940598 5.000001 -0.044472 0.004003 -0.000180
 30 6.551491 -0.000000 -0.000000 0.220220 0.312525 -0.750118
 31 0.000002 -1.940600 5.000003 -0.027189 -0.053376 0.005295
 32 6.551491 -0.000000 -0.000000 0.128683 0.123782 -0.349362
 33 0.000000 -1.940599 4.999996 -0.066572 -0.152786 -0.110311
 34 0.162315 -0.840380 -1.504586 -2.543966 0.973569 -0.135055
 35 6.384778 -0.000001 0.000000 0.398229 -0.948521 -0.454982
 36 10.242680 -0.000000 0.000000 -0.000000 -0.000000 -1.850865
 37 11.375562 0.000003 -0.000000 1.538318 0.007852 0.294236
 38 0.728681 0.023430 1.008294 -1.579583 -0.319038 0.212973
 39 2.136496 0.000000 -0.000001 -0.000000 -0.000000 1.282817
 40 2.313138 0.000000 0.000001 0.000000 0.000000 3.141593
 41 3.115506 -0.886042 0.021432 0.708959 0.171755 0.347804
 42 2.011149 0.000000 0.000001 -0.000000 0.000000 2.082010
 43 2.141379 -0.000001 0.000001 0.000000 0.000000 3.141593
 44 1.734171 -0.000002 -0.000000 0.000000 -0.000000 1.041748
 45 0.136313 -3.738192 2.525892 1.493698 2.759406 -1.474501
 46 5.613161 0.862366 3.157033 1.595152 -0.135386 0.061522
 47 11.389365 -0.000820 0.158779 1.554346 0.003016 0.165884
 48 0.000002 -4.440598 -0.000001 1.570144 -3.078602 0.004040
 49 6.000000 0.000003 -0.000000 1.554346 0.000000 -0.000000
 50 0.000002 -4.440603 0.000001 1.569944 -3.078603 0.004053
 51 10.510132 -0.000000 0.000001 0.000000 0.000000 -2.496229
 52 0.000001 -1.748401 -5.000002 -3.141593 0.004007 -1.539299
 53 5.499999 0.000000 0.000000 -0.062316 -0.000000 -0.000000
 54 0.000001 -0.000002 -4.999999 -0.044472 3.137589 -0.000177
 55 6.551492 -0.000001 -0.000002 0.062316 -0.287798 -0.115744
 56 -1.266843 -1.937442 -4.950562 -0.066572 -2.988806 -0.110308
 57 6.551493 -0.000001 -0.000002 0.062316 -0.287798 -0.115744
 58 0.699372 -1.944209 -5.006848 -0.027189 -3.088217 0.005298
 59 4.226145 -0.003202 0.000000 0.244961 0.104225 0.435972
 60 0.000002 5.000001 0.000001 -0.153564 0.000087 2.718702
 61 0.000003 -0.000005 -3.713581 0.095503 -3.012510 -0.750673
 62 -0.000001 0.000001 5.000000 3.053197 1.558589 -0.074927
 63 -0.000009 0.000005 3.713580 -0.334410 -2.825096 -0.524885
 64 -0.000001 -0.000000 -5.000000 -0.088728 1.558589 3.066333
 65 7.363602 1.646646 0.495662 -3.141593 -1.570796 0.000000
 66 -0.000006 0.000006 3.619082 -0.528284 -2.367383 -1.007256
 67 16.573921 0.000001 0.000002 -0.000000 -0.000000 -2.019199
 68 15.128181 0.000001 -0.000000 0.031619 0.086785 -0.033197
 69 5.758666 4.244730 0.000000 0.000000 -0.000000 2.033309
 70 3.177726 0.000001 -0.000000 0.000000 0.000000 3.141593
 71 15.708953 0.000001 -0.000001 0.016155 0.048356 -0.018185
 72 0.275149 0.189215 -3.445208 3.130898 0.000409 -1.514604
 73 17.210192 -0.000000 0.000003 0.000000 0.000000 -2.322356
 74 0.000001 0.000000 -5.000000 -0.079429 1.546568 -1.570852
 75 0.000005 -0.000005 -3.619081 0.196495 -3.011952 -1.279118
 76 16.573921 0.000002 0.000001 -0.000000 -0.000000 -1.611348
 77 15.128181 -0.000001 -0.000000 0.214418 -0.027533 0.774389
 78 5.758666 4.244731 -0.000000 -0.000000 0.000000 1.483530
 79 4.003935 -0.000000 0.000000 0.000000 0.000000 0.000000
 80 15.708955 -0.000001 0.000000 0.153371 0.002792 0.528179
 81 0.273999 0.191090 3.439762 -3.130907 -0.000437 -1.508107
 82 17.210192 0.000001 0.000000 -0.000000 0.000000 -2.138823
 83 -0.000001 -0.000001 5.000000 -0.079314 1.595025 -1.570737
time 14
  0 -0.650000 0.000000 33.191761 -0.281436 0.436358 -2.443536
  1 11.368427 6.770639 -23.418962 -0.498313 0.132926 2.346876
  2 -2.276937 0.000002 -1.238186 -1.570795 -1.570451 0.000000
  3 1.796602 0.711844 0.000174 -0.054169 0.077294 -0.171655
  4 4.119777 -0.003056 0.000207 -0.063070 -0.037951 0.368745
  5 4.118896 -0.003259 0.000168 -0.051329 -0.077611 0.094436
  6 4.118516 -0.003272 0.000211 -0.064782 -0.060424 -0.023524
  7 4.120939 -0.002039 -0.001706 0.505165 0.089060 0.903144
  8 4.443600 -0.000001 0.000001 -0.434228 -0.197350 0.095900
  9 9.024061 0.000002 0.000000 0.000000 0.000000 0.000000
 10 -0.154113 0.838766 1.510287 0.366980 -1.303271 1.920823
 11 6.384777 -0.000001 -0.000000 0.181149 0.546703 -1.435021
 12 10.242682 -0.000000 0.000000 0.000000 -0.000000 -1.576066
 13 11.375562 -0.000000 -0.000000 -2.458390 -0.732970 -0.462230
 14 0.728681 0.023430 -1.008292 2.396606 0.246960 1.180207
 15 2.136497 -0.000001 0.000001 0.000000 0.000000 0.420614
 16 2.313138 0.000000 -0.000000 0.000000 0.000000 0.000000
 17 3.115508 -0.886041 -0.021432 -0.145132 0.081890 1.022763
 18 2.011148 0.000000 -0.000000 -0.000000 0.000000 1.836606
 19 2.141380 -0.000000 -0.000000 0.000000 0.000000 0.000000
 20 1.734175 0.000002 -0.000001 -0.000000 0.000000 0.919037
 21 0.000006 -4.440594 0.000001 1.570544 -0.062990 -0.195737
 22 6.000000 -0.000001 0.000002 -2.264352 0.000000 -0.000000
 23 0.000002 -4.440601 -0.000002 1.569944 -0.062987 0.004053
 24 11.375562 -0.000003 0.000004 -2.027994 -0.314621 -0.303865
 25 0.000001 -4.440604 0.000001 1.570144 -0.062988 0.004040
 26 10.510131 -0.000001 0.000001 -0.000000 -0.000000 -2.358829
 27 0.000002 -1.748401 4.999999 -0.000000 0.004007 1.602291
 28 5.500000 -0.000001 0.000001 -0.201307 0.000000 -0.000000
 29 -0.000003 -1.940599 5.000002 -0.044472 0.004003 -0.000180
 30 6.551490 0.000000 -0.000000 0.307536 0.346227 -0.901654
 31 0.000001 -1.940598 5.000002 -0.027189 -0.053376 0.005295
 32 6.551490 0.000000 -0.000000 0.169473 0.118240 -0.400804
 33 0.000000 -1.940597 5.000000 -0.066572 -0.152786 -0.110311
 34 0.154117 -0.831689 -1.510285 -2.526073 0.980157 -0.127788
 35 6.384776 0.000000 -0.000002 0.395666 -0.955772 -0.465513
 36 10.242682 -0.000000 -0.000000 0.000000 -0.000000 -1.793372
 37 11.375562 0.000001 -0.000002 1.596576 -0.045226 0.383479
 38 0.728680 0.023431 1.008293 -1.579583 -0.319038 0.212973
 39 2.136497 -0.000001 -0.000000 -0.000000 0.000000 1.282817
 40 2.313141 0.000000 -0.000000 0.000000 0.000000 3.141593
 41 3.115506 -0.886041 0.021432 0.708959 0.171755 0.347804
 42 2.011153 -0.000000 -0.000000 -0.000000 0.000000 2.082010
 43 2.141380 0.000002 0.000000 0.000000 0.000000 3.141593
 44 1.734172 -0.000002 0.000000 -0.000000 -0.000000 1.041748
 45 0.136315 -3.738192 2.525889 1.493698 2.759406 -1.474501
 46 5.613161 0.862367 3.157030 1.595152 -0.135386 0.061522
 47 11.389366 -0.000817 0.158780 1.585292 -0.023297 0.211414
 48 0.000000 -4.440599 0.000002 1.570144 -3.078602 0.004040
 49 6.000000 0.000002 -0.000001 1.585292 0.000000 0.000000
 50 0.000002 -4.440602 0.000000 1.569944 -3.078603 0.004053
 51 10.510132 0.000001 -0.000001 -0.000000 0.000000 -2.467482
 52 0.000001 -1.748401 -5.000001 -3.141593 0.004007 -1.539299
 53 5.500001 0.000000 -0.000000 -0.057166 0.000000 0.000000
 54 -0.000001 0.000000 -4.999998 -0.044472 3.137589 -0.000177
 55 6.551491 0.000001 -0.000005 0.057166 -0.289332 -0.119755
 56 -1.266842 -1.937442 -4.950561 -0.066572 -2.988806 -0.110308
 57 6.551492 0.000001 -0.000006 0.057166 -0.289332 -0.119755
 58 0.699371 -1.944207 -5.006849 -0.027189 -3.088217 0.005298
 59 4.226143 -0.003201 0.000001 0.242518 0.101847 0.440140
 60 -0.000001 5.000001 0.000000 -0.153564 0.000087 2.718702
 61 0.000003 -0.000005 -3.713581 0.095503 -3.012510 -0.750673
 62 -0.000001 0.000001 5.000000 3.053197 1.558589 -0.074927
 63 -0.000009 0.000005 3.713580 -0.334411 -2.825096 -0.524885
 64 -0.000001 -0.000000 -5.000000 -0.088727 1.558589 3.066333
 65 7.363602 1.646646 0.495662 -3.141593 -1.570796 0.000000
 66 -0.000006 0.000006 3.619082 -0.528285 -2.367383 -1.007256
 67 16.573923 0.000001 0.000002 -0.000000 0.000000 -2.019199
 68 15.128181 0.000002 -0.000003 0.031619 0.086785 -0.033197
 69 5.758666 4.244731 0.000000 0.000000 -0.000000 2.033309
 70 3.177726 0.000001 -0.000000 0.000000 0.000000 3.141593
 71 15.708953 0.000001 -0.000003 0.016155 0.048356 -0.018185
 72 0.275149 0.189215 -3.445208 3.130898 0.000409 -1.514604
 73 17.210194 -0.000001 0.000003 0.000000 -0.000000 -2.322356
 74 0.000001 0.000000 -5.000000 -0.079430 1.546568 -1.570856
 75 0.000005 -0.000005 -3.619081 0.196495 -3.011952 -1.279118
 76 16.573921 0.000002 0.000001 -0.000000 -0.000000 -1.611348
 77 15.128181 -0.000001 -0.000000 0.214418 -0.027533 0.774389
 78 5.758666 4.244731 -0.000000 -0.000000 0.000000 1.483530
 79 4.003935 -0.000000 0.000000 0.000000 0.000000 0.000000
 80 15.708955 -0.000001 0.000000 0.153371 0.002792 0.528179
 81 0.273999 0.191090 3.439762 -3.130907 -0.000437 -1.508107
 82 17.210192 0.000001 0.000000 -0.000000 0.000000 -2.138823
 83 -0.000001 -0.000001 5.000000 -0.079314 1.595025 -1.570737
time 15
  0 -0.650000 0.000000 33.191761 -0.281436 0.436358 -2.443536
  1 11.368427 6.770639 -23.418962 -0.498313 0.132926 2.346876
  2 -2.276937 0.000002 -1.238186 -1.570795 -1.570451 0.000000
  3 1.796544 0.711854 0.000169 -0.052356 0.068584 -0.188859
  4 4.119761 -0.003061 0.000200 -0.061044 -0.036489 0.364317
  5 4.118882 -0.003261 0.000162 -0.049056 -0.073842 0.089963
  6 4.118500 -0.003273 0.000203 -0.062508 -0.058115 -0.028006
  7 4.120962 -0.002022 -0.001692 0.500834 0.085685 0.909309
  8 4.443598 0.000002 0.000000 -0.436208 -0.195220 0.124956
  9 9.024063 -0.000000 0.000001 0.000000 0.000000 0.000000
 10 -0.148289 0.832464 1.514338 0.117765 -1.357659 2.185654
 11 6.384776 -0.000001 0.000001 0.214388 0.562258 -1.523478
 12 10.242683 -0.000000 0.000002 -0.000000 -0.000000 -1.594300
 13 11.375562 -0.000000 -0.000001 -2.371976 -0.744028 -0.363272
 14 0.728680 0.023431 -1.008292 2.396606 0.246960 1.180207
 15 2.136496 -0.000001 0.000001 -0.000000 -0.000000 0.506146
 16 2.313139 -0.000001 -0.000002 0.000000 0.000000 0.000000
 17 3.115506 -0.886042 -0.021431 -0.139017 0.091930 1.093185
 18 2.011152 0.000001 -0.000002 -0.000000 0.000000 1.907477
 19 2.141379 0.000001 0.000001 0.000000 0.000000 0.000000
 20 1.734175 0.000002 -0.000001 -0.000000 0.000000 0.954556
 21 0.000006 -4.440593 -0.000001 1.570544 -0.062990 -0.195737
 22 6.000000 -0.000003 0.000002 -2.183297 -0.000000 -0.000000
 23 0.000001 -4.440602 0.000002 1.569944 -0.062987 0.004053
 24 11.375561 -0.000003 0.000004 -1.974677 -0.340435 -0.248556
 25 0.000000 -4.440604 0.000002 1.570144 -0.062988 0.004040
 26 10.510133 -0.000002 0.000001 -0.000000 -0.000000 -2.367946
 27 -0.000001 -1.748400 4.999999 0.000000 0.004007 1.602290
 28 5.499999 -0.000000 0.000003 -0.234459 -0.000000 -0.000000
 29 -0.000001 -1.940599 5.000001 -0.044472 0.004003 -0.000180
 30 6.551490 0.000000 0.000001 0.364816 0.390879 -1.064551
 31 0.000003 -1.940600 5.000001 -0.027189 -0.053376 0.005295
 32 6.551490 0.000000 0.000001 0.193702 0.114596 -0.442431
 33 -0.000000 -1.940599 4.999997 -0.066572 -0.152786 -0.110311
 34 0.148291 -0.825384 -1.514338 -2.511442 0.986241 -0.120434
 35 6.384777 -0.000002 0.000003 0.390214 -0.967034 -0.467088
 36 10.242680 0.000001 -0.000001 0.000000 -0.000000 -1.750953
 37 11.375564 0.000002 0.000000 1.617975 -0.076715 0.409488
 38 0.728679 0.023431 1.008293 -1.579583 -0.319038 0.212973
 39 2.136497 0.000001 -0.000000 0.000000 -0.000000 1.282817
 40 2.313138 -0.000000 0.000000 0.000000 0.000000 3.141593
 41 3.115507 -0.886040 0.021431 0.708959 0.171755 0.347804
 42 2.011148 0.000000 0.000001 -0.000000 -0.000000 2.082010
 43 2.141379 -0.000001 0.000001 0.000000 0.000000 3.141593
 44 1.734170 -0.000002 -0.000001 0.000000 -0.000000 1.041748
 45 0.136314 -3.738193 2.525891 1.493698 2.759406 -1.474501
 46 5.613160 0.862366 3.157031 1.595152 -0.135386 0.061522
 47 11.389366 -0.000820 0.158780 1.597325 -0.038957 0.224249
 48 -0.000000 -4.440599 0.000001 1.570144 -3.078602 0.004040
 49 6.000000 0.000000 -0.000001 1.597325 0.000000 -0.000000
 50 0.000003 -4.440601 -0.000001 1.569944 -3.078603 0.004053
 51 10.510132 0.000002 -0.000000 -0.000000 0.000000 -2.446273
 52 0.000001 -1.748401 -5.000000 -3.141593 0.004007 -1.539299
 53 5.500001 0.000001 -0.000000 -0.052668 -0.000000 -0.000000
 54 -0.000001 0.000000 -5.000000 -0.044472 3.137589 -0.000177
 55 6.551491 0.000001 -0.000001 0.052668 -0.291951 -0.120235
 56 -1.266843 -1.937443 -4.950559 -0.066572 -2.988806 -0.110308
 57 6.551492 0.000001 -0.000002 0.052668 -0.291951 -0.120235
 58 0.699371 -1.944207 -5.006848 -0.027189 -3.088217 0.005298
 59 4.226144 -0.003201 0.000000 0.240759 0.100148 0.443127
 60 0.000000 5.000000 0.000001 -0.153564 0.000087 2.718702
 61 0.000003 -0.000005 -3.713581 0.095503 -3.012510 -0.750673
 62 -0.000001 0.000001 5.000000 3.053197 1.558589 -0.074927
 63 -0.000009 0.000005 3.713580 -0.334410 -2.825096 -0.524885
 64 -0.000001 -0.000000 -5.000000 -0.088728 1.558589 3.066333
 65 7.363602 1.646646 0.495662 -3.141593 -1.570796 0.000000
 66 -0.000006 0.000006 3.619082 -0.528284 -2.367383 -1.007256
 67 16.573921 0.000001 0.000002 -0.000000 -0.000000 -2.019199
 68 15.128181 0.000001 -0.000000 0.031619 0.086785 -0.033197
 69 5.758666 4.244730 0.000000 0.000000 -0.000000 2.033309
 70 3.177726 0.000001 -0.000000 0.000000 0.000000 3.141593
 71 15.708953 0.000001 -0.000001 0.016155 0.048356 -0.018185
 72 0.275149 0.189215 -3.445208 3.130898 0.000409 -1.514604
 73 17.210192 -0.000000 0.000003 0.000000 0.000000 -2.322356
 74 0.000001 0.000000 -5.000000 -0.079429 1.546568 -1.570852
 75 0.000005 -0.000005 -3.619081 0.196495 -3.011952 -1.279118
 76 16.573921 0.000002 0.000001 -0.000000 -0.000000 -1.611348
 77 15.128181 -0.000001 -0.000000 0.214418 -0.027533 0.774389
 78 5.758666 4.244731 -0.000000 -0.000000 0.000000 1.483530
 79 4.003935 -0.000000 0.000000 0.000000 0.000000 0.000000
 80 15.708955 -0.000001 0.000000 0.153371 0.002792 0.528179
 81 0.273999 0.191090 3.439762 -3.130907 -0.000437 -1.508107
 82 17.210192 0.000001 0.000000 -0.000000 0.000000 -2.138823
 83 -0.000001 -0.000001 5.000000 -0.079314 1.595025 -1.570737
time 16
  0 -0.650000 0.000000 33.191761 -0.281436 0.436358 -2.443536
  1 11.368427 6.770639 -23.418962 -0.498313 0.132926 2.346876
  2 -2.276937 0.000002 -1.238186 -1.570795 -1.570451 0.000000
  3 1.796504 0.711863 0.000167 -0.051369 0.065161 -0.199955
  4 4.119756 -0.003065 0.000196 -0.060049 -0.036105 0.361515
  5 4.118878 -0.003266 0.000156 -0.047931 -0.072505 0.087145
  6 4.118489 -0.003271 0.000201 -0.061375 -0.057307 -0.030835
  7 4.120975 -0.002014 -0.001685 0.498458 0.083852 0.912684
  8 4.443600 -0.000001 0.000000 -0.437640 -0.198209 0.142367
  9 9.024061 0.000002 0.000000 0.000000 0.000000 0.000000
 10 -0.145123 0.828988 1.516539 -0.031223 -1.375403 2.341247
 11 6.384776 -0.000001 -0.000002 0.255478 0.549880 -1.563360
 12 10.242682 -0.000000 0.000001 -0.000000 0.000000 -1.617501
 13 11.375563 0.000000 -0.000000 -2.386734 -0.738447 -0.244363
 14 0.728680 0.023430 -1.008292 2.396606 0.246960 1.180207
 15 2.136497 -0.000001 -0.000000 -0.000000 -0.000000 0.543566
 16 2.313139 0.000001 -0.000001 0.000000 0.000000 0.000000
 17 3.115506 -0.886041 -0.021432 -0.135564 0.096965 1.129792
 18 2.011151 0.000001 -0.000000 -0.000000 0.000000 1.944480
 19 2.141379 0.000001 0.000000 0.000000 0.000000 0.000000
 20 1.734176 0.000003 -0.000001 0.000000 0.000000 0.973075
 21 0.000007 -4.440595 -0.000001 1.570544 -0.062990 -0.195737
 22 5.999999 -0.000001 0.000002 -2.182414 0.000000 -0.000000
 23 0.000001 -4.440601 -0.000000 1.569944 -0.062987 0.004053
 24 11.375561 -0.000002 0.000003 -1.968998 -0.352227 -0.195954
 25 0.000000 -4.440604 0.000001 1.570144 -0.062988 0.004040
 26 10.510132 -0.000002 0.000000 -0.000000 -0.000000 -2.379547
 27 0.000001 -1.748401 4.999999 -0.000000 0.004007 1.602291
 28 5.500000 -0.000001 0.000001 -0.250398 0.000000 0.000000
 29 -0.000001 -1.940598 5.000001 -0.044472 0.004003 -0.000180
 30 6.551490 -0.000000 -0.000002 0.398044 0.397340 -1.140742
 31 -0.000000 -1.940599 5.000002 -0.027189 -0.053376 0.005295
 32 6.551490 -0.000000 -0.000002 0.204279 0.104771 -0.457413
 33 0.000001 -1.940599 4.999998 -0.066572 -0.152786 -0.110311
 34 0.145127 -0.821914 -1.516538 -2.496245 0.995707 -0.107831
 35 6.384777 0.000000 -0.000003 0.381508 -0.976581 -0.469240
 36 10.242682 -0.000002 -0.000001 -0.000000 0.000000 -1.732714
 37 11.375563 0.000002 -0.000003 1.623990 -0.101965 0.441918
 38 0.728680 0.023430 1.008292 -1.579583 -0.319038 0.212973
 39 2.136499 0.000001 -0.000001 0.000000 0.000000 1.282817
 40 2.313138 0.000000 0.000001 0.000000 0.000000 3.141593
 41 3.115506 -0.886042 0.021432 0.708959 0.171755 0.347804
 42 2.011150 0.000000 -0.000001 -0.000000 -0.000000 2.082010
 43 2.141379 -0.000000 -0.000000 0.000000 0.000000 3.141593
 44 1.734172 -0.000002 -0.000001 0.000000 -0.000000 1.041748
 45 0.136315 -3.738193 2.525891 1.493698 2.759406 -1.474501
 46 5.613159 0.862364 3.157032 1.595152 -0.135386 0.061522
 47 11.389367 -0.000817 0.158779 1.601679 -0.051754 0.239817
 48 0.000001 -4.440599 0.000001 1.570144 -3.078602 0.004040
 49 6.000000 0.000002 -0.000002 1.601679 0.000000 -0.000000
 50 0.000004 -4.440603 -0.000000 1.569944 -3.078603 0.004053
 51 10.510134 -0.000002 -0.000001 -0.000000 -0.000000 -2.437154
 52 0.000001 -1.748400 -5.000000 -3.141593 0.004007 -1.539299
 53 5.500001 -0.000002 -0.000000 -0.046758 0.000000 -0.000000
 54 -0.000001 -0.000002 -4.999999 -0.044472 3.137589 -0.000177
 55 6.551491 -0.000002 -0.000003 0.046758 -0.294195 -0.121938
 56 -1.266843 -1.937443 -4.950558 -0.066572 -2.988806 -0.110308
 57 6.551492 -0.000002 -0.000003 0.046758 -0.294195 -0.121938
 58 0.699370 -1.944207 -5.006848 -0.027189 -3.088217 0.005298
 59 4.226145 -0.003203 -0.000001 0.239796 0.099223 0.444761
 60 0.000000 4.999999 0.000000 -0.153564 0.000087 2.718702
 61 0.000003 -0.000005 -3.713581 0.095503 -3.012510 -0.750673
 62 -0.000001 0.000001 5.000000 3.053197 1.558589 -0.074927
 63 -0.000009 0.000005 3.713580 -0.334410 -2.825096 -0.524885
 64 -0.000001 -0.000000 -5.000000 -0.088728 1.558589 3.066333
 65 7.363602 1.646646 0.495662 -3.141593 -1.570796 0.000000
 66 -0.000006 0.000006 3.619082 -0.528284 -2.367383 -1.007256
 67 16.573921 0.000001 0.000002 -0.000000 -0.000000 -2.019199
 68 15.128181 0.000001 -0.000000 0.031619 0.086785 -0.033197
 69 5.758666 4.244730 0.000000 0.000000 -0.000000 2.033309
 70 3.177726 0.000001 -0.000000 0.000000 0.000000 3.141593
 71 15.708953 0.000001 -0.000001 0.016155 0.048356 -0.018185
 72 0.275149 0.189215 -3.445208 3.130898 0.000409 -1.514604
 73 17.210192 -0.000000 0.000003 0.000000 0.000000 -2.322356
 74 0.000001 0.000000 -5.000000 -0.079429 1.546568 -1.570852
 75 0.000005 -0.000005 -3.619081 0.196495 -3.011952 -1.279118
 76 16.573921 0.000002 0.000001 -0.000000 -0.000000 -1.611348
 77 15.128181 -0.000001 -0.000000 0.214418 -0.027533 0.774389
 78 5.758666 4.244731 -0.000000 -0.000000 0.000000 1.483530
 79 4.003935 -0.000000 0.000000 0.000000 0.000000 0.000000
 80 15.708955 -0.000001 0.000000 0.153371 0.002792 0.528179
 81 0.273999 0.191090 3.439762 -3.130907 -0.000437 -1.508107
 82 17.210192 0.000001 0.000000 -0.000000 0.000000 -2.138823
 83 -0.000001 -0.000001 5.000000 -0.079314 1.595025 -1.570737
time 17
  0 -0.650000 0.000000 33.191761 -0.281436 0.436358 -2.443536
  1 11.368427 6.770639 -23.418962 -0.498313 0.132926 2.346876
  2 -2.276937 0.000002 -1.238186 -1.570795 -1.570451 0.000000
  3 1.796492 0.711865 0.000167 -0.051603 0.067504 -0.203660
  4 4.119750 -0.003066 0.000197 -0.060316 -0.036839 0.360683
  5 4.118876 -0.003265 0.000157 -0.048201 -0.073815 0.086339
  6 4.118488 -0.003272 0.000202 -0.061639 -0.058144 -0.031660
  7 4.120976 -0.002010 -0.001682 0.497647 0.083228 0.913836
  8 4.443599 -0.000000 -0.000000 -0.432282 -0.213559 0.141063
  9 9.024062 0.000003 -0.000000 0.000000 0.000000 0.000000
 10 -0.144048 0.827801 1.517287 -0.051699 -1.377281 2.361567
 11 6.384777 -0.000001 0.000001 0.308314 0.512698 -1.555714
 12 10.242683 0.000001 0.000001 -0.000000 -0.000000 -1.654017
 13 11.375562 -0.000001 0.000000 -2.483344 -0.709192 -0.092331
 14 0.728681 0.023431 -1.008292 2.396606 0.246960 1.180207
 15 2.136498 -0.000001 -0.000000 -0.000000 -0.000000 0.548243
 16 2.313139 0.000002 -0.000001 0.000000 0.000000 0.000000
 17 3.115508 -0.886040 -0.021431 -0.135234 0.097426 1.133194
 18 2.011151 0.000000 0.000000 -0.000000 0.000000 1.948324
 19 2.141380 0.000000 0.000001 0.000000 0.000000 0.000000
 20 1.734174 0.000003 0.000000 0.000000 0.000000 0.974998
 21 0.000006 -4.440595 0.000000 1.570544 -0.062990 -0.195737
 22 6.000000 -0.000000 0.000002 -2.245435 -0.000000 -0.000000
 23 0.000002 -4.440601 -0.000000 1.569944 -0.062987 0.004053
 24 11.375562 -0.000003 0.000005 -2.000793 -0.354337 -0.133223
 25 0.000000 -4.440604 0.000000 1.570144 -0.062988 0.004040
 26 10.510131 -0.000001 0.000001 -0.000000 -0.000000 -2.397805
 27 -0.000000 -1.748401 5.000000 0.000000 0.004007 1.602290
 28 5.499999 0.000000 0.000002 -0.264833 0.000000 0.000000
 29 -0.000003 -1.940598 5.000000 -0.044472 0.004003 -0.000180
 30 6.551490 0.000000 -0.000001 0.435000 0.364636 -1.134532
 31 -0.000002 -1.940598 5.000003 -0.027189 -0.053376 0.005295
 32 6.551490 0.000000 -0.000001 0.214861 0.087432 -0.456935
 33 0.000000 -1.940599 4.999999 -0.066572 -0.152786 -0.110311
 34 0.144050 -0.820729 -1.517287 -2.482352 1.006050 -0.093214
 35 6.384777 -0.000002 -0.000001 0.372732 -0.980820 -0.473483
 36 10.242682 -0.000002 0.000000 -0.000000 -0.000000 -1.734876
 37 11.375561 -0.000002 -0.000002 1.617633 -0.120815 0.480798
 38 0.728682 0.023432 1.008291 -1.579583 -0.319038 0.212973
 39 2.136496 -0.000002 -0.000000 -0.000000 0.000000 1.282817
 40 2.313140 -0.000000 -0.000001 0.000000 0.000000 3.141593
 41 3.115506 -0.886041 0.021431 0.708959 0.171755 0.347804
 42 2.011149 -0.000000 0.000000 -0.000000 0.000000 2.082010
 43 2.141381 -0.000000 0.000001 0.000000 0.000000 3.141593
 44 1.734170 -0.000001 0.000001 0.000000 0.000000 1.041748
 45 0.136315 -3.738192 2.525889 1.493698 2.759406 -1.474501
 46 5.613161 0.862366 3.157032 1.595152 -0.135386 0.061522
 47 11.389366 -0.000821 0.158781 1.599856 -0.061627 0.257937
 48 -0.000000 -4.440599 0.000002 1.570144 -3.078602 0.004040
 49 6.000000 0.000001 -0.000000 1.599856 -0.000000 0.000000
 50 0.000002 -4.440601 -0.000000 1.569944 -3.078603 0.004053
 51 10.510130 0.000000 -0.000000 -0.000000 0.000000 -2.438234
 52 0.000001 -1.748400 -5.000001 3.141593 0.004007 -1.539299
 53 5.500000 -0.000001 0.000000 -0.041021 -0.000000 -0.000000
 54 -0.000000 -0.000002 -5.000000 -0.044472 3.137589 -0.000177
 55 6.551492 -0.000001 -0.000003 0.041021 -0.295245 -0.125058
 56 -1.266843 -1.937443 -4.950560 -0.066572 -2.988806 -0.110308
 57 6.551492 -0.000001 -0.000003 0.041021 -0.295245 -0.125058
 58 0.699370 -1.944207 -5.006848 -0.027189 -3.088217 0.005298
 59 4.226145 -0.003203 -0.000001 0.239467 0.098907 0.445317
 60 0.000002 5.000000 0.000000 -0.153564 0.000087 2.718702
 61 0.000003 -0.000005 -3.713581 0.095503 -3.012510 -0.750673
 62 -0.000001 0.000001 5.000000 3.053197 1.558589 -0.074927
 63 -0.000009 0.000005 3.713580 -0.334410 -2.825096 -0.524885
 64 -0.000001 -0.000000 -5.000000 -0.088728 1.558589 3.066333
 65 7.363602 1.646646 0.495662 -3.141593 -1.570796 0.000000
 66 -0.000006 0.000006 3.619082 -0.528284 -2.367383 -1.007256
 67 16.573921 0.000001 0.000002 -0.000000 -0.000000 -2.019199
 68 15.128181 0.000001 -0.000000 0.031619 0.086785 -0.033197
 69 5.758666 4.244730 0.000000 0.000000 -0.000000 2.033309
 70 3.177726 0.000001 -0.000000 0.000000 0.000000 3.141593
 71 15.708953 0.000001 -0.000001 0.016155 0.048356 -0.018185
 72 0.275149 0.189215 -3.445208 3.130898 0.000409 -1.514604
 73 17.210192 -0.000000 0.000003 0.000000 0.000000 -2.322356
 74 0.000001 0.000000 -5.000000 -0.079429 1.546568 -1.570852
 75 0.000005 -0.000005 -3.619081 0.196495 -3.011952 -1.279118
 76 16.573921 0.000002 0.000001 -0.000000 -0.000000 -1.611348
 77 15.128181 -0.000001 -0.000000 0.214418 -0.027533 0.774389
 78 5.758666 4.244731 -0.000000 -0.000000 0.000000 1.483530
 79 4.003935 -0.000000 0.000000 0.000000 0.000000 0.000000
 80 15.708955 -0.000001 0.000000 0.153371 0.002792 0.528179
 81 0.273999 0.191090 3.439762 -3.130907 -0.000437 -1.508107
 82 17.210192 0.000001 0.000000 -0.000000 0.000000 -2.138823
 83 -0.000001 -0.000001 5.000000 -0.079314 1.595025 -1.570737
time 18
  0 -0.650000 0.000000 33.191761 -0.281436 0.436358 -2.443536
  1 11.368427 6.770639 -23.418962 -0.498313 0.132926 2.346876
  2 -2.276937 0.000002 -1.238186 -1.570795 -1.570451 0.000000
  3 1.796496 0.711864 0.000168 -0.052141 0.071169 -0.203686
  4 4.119749 -0.003065 0.000200 -0.060807 -0.037780 0.360823
  5 4.118878 -0.003266 0.000158 -0.048731 -0.075650 0.086523
  6 4.118484 -0.003268 0.000206 -0.062167 -0.059286 -0.031506
  7 4.120981 -0.002014 -0.001686 0.497983 0.083487 0.913358
  8 4.443599 -0.000000 0.000000 -0.423203 -0.235018 0.129496
  9 9.024062 -0.000001 -0.000000 0.000000 0.000000 0.000000
 10 -0.144494 0.828296 1.516977 0.008212 -1.371497 2.298045
 11 6.384777 -0.000002 -0.000001 0.357103 0.467658 -1.521334
 12 10.242682 0.000001 0.000001 0.000000 0.000000 -1.698894
 13 11.375563 -0.000002 -0.000000 -2.602554 -0.648918 0.055866
 14 0.728680 0.023431 -1.008290 2.396606 0.246960 1.180207
 15 2.136494 0.000002 -0.000002 0.000000 -0.000000 0.534211
 16 2.313141 -0.000001 -0.000000 0.000000 0.000000 0.000000
 17 3.115506 -0.886040 -0.021430 -0.136669 0.095396 1.118285
 18 2.011147 0.000000 0.000003 0.000000 0.000000 1.933666
 19 2.141379 -0.000002 -0.000001 0.000000 0.000000 0.000000
 20 1.734173 0.000002 0.000001 -0.000000 0.000000 0.967665
 21 0.000007 -4.440595 -0.000001 1.570544 -0.062990 -0.195737
 22 6.000000 -0.000004 0.000003 -2.333870 0.000000 -0.000000
 23 0.000001 -4.440601 -0.000003 1.569944 -0.062987 0.004053
 24 11.375562 -0.000001 0.000002 -2.048844 -0.344379 -0.066639
 25 0.000001 -4.440604 -0.000001 1.570144 -0.062988 0.004040
 26 10.510127 -0.000000 0.000002 -0.000000 -0.000000 -2.420243
 27 0.000000 -1.748400 4.999998 -0.000000 0.004007 1.602290
 28 5.499997 0.000000 0.000002 -0.276810 0.000000 -0.000000
 29 -0.000001 -1.940598 5.000000 -0.044472 0.004003 -0.000180
 30 6.551491 -0.000000 -0.000000 0.467250 0.314446 -1.083508
 31 -0.000001 -1.940599 5.000003 -0.027189 -0.053376 0.005295
 32 6.551491 -0.000000 -0.000000 0.224590 0.068070 -0.447395
 33 0.000002 -1.940598 4.999997 -0.066572 -0.152786 -0.110311
 34 0.144496 -0.821217 -1.516977 -2.469122 1.017121 -0.076832
 35 6.384777 -0.000001 0.000001 0.361294 -0.982661 -0.475103
 36 10.242680 -0.000000 -0.000001 0.000000 -0.000000 -1.748361
 37 11.375564 0.000003 0.000000 1.602921 -0.135610 0.520604
 38 0.728679 0.023431 1.008293 -1.579583 -0.319038 0.212973
 39 2.136496 -0.000000 0.000000 -0.000000 0.000000 1.282817
 40 2.313138 0.000000 0.000001 0.000000 0.000000 3.141593
 41 3.115508 -0.886041 0.021431 0.708959 0.171755 0.347804
 42 2.011147 0.000001 0.000001 0.000000 -0.000000 2.082010
 43 2.141378 -0.000002 -0.000001 0.000000 0.000000 3.141593
 44 1.734173 -0.000002 0.000000 0.000000 0.000000 1.041748
 45 0.136315 -3.738193 2.525890 1.493698 2.759406 -1.474501
 46 5.613160 0.862367 3.157032 1.595152 -0.135386 0.061522
 47 11.389368 -0.000818 0.158781 1.593864 -0.069887 0.275954
 48 0.000001 -4.440598 0.000001 1.570144 -3.078602 0.004040
 49 6.000001 0.000002 -0.000000 1.593864 0.000000 0.000000
 50 0.000002 -4.440599 -0.000000 1.569944 -3.078603 0.004053
 51 10.510132 0.000000 -0.000001 -0.000000 -0.000000 -2.444977
 52 0.000001 -1.748401 -5.000000 3.141593 0.004007 -1.539299
 53 5.499999 0.000000 -0.000002 -0.035283 0.000000 -0.000000
 54 0.000000 -0.000001 -4.999998 -0.044472 3.137589 -0.000177
 55 6.551492 0.000000 -0.000002 0.035282 -0.295781 -0.127928
 56 -1.266843 -1.937443 -4.950559 -0.066572 -2.988806 -0.110308
 57 6.551493 0.000000 -0.000002 0.035282 -0.295781 -0.127928
 58 0.699370 -1.944207 -5.006849 -0.027189 -3.088217 0.005298
 59 4.226147 -0.003202 -0.000001 0.239604 0.099038 0.445087
 60 0.000000 5.000001 0.000000 -0.153564 0.000087 2.718702
 61 0.000003 -0.000005 -3.713581 0.095503 -3.012510 -0.750673
 62 -0.000001 0.000001 5.000000 3.053197 1.558589 -0.074927
 63 -0.000009 0.000005 3.713580 -0.334410 -2.825095 -0.524885
 64 -0.000001 -0.000001 -5.000000 -0.088723 1.558589 3.066337
 65 7.363602 1.646646 0.495662 -3.141593 -1.570796 0.000000
 66 -0.000006 0.000006 3.619082 -0.528284 -2.367383 -1.007256
 67 16.573921 0.000001 0.000002 0.000000 -0.000000 -2.019199
 68 15.128181 -0.000000 -0.000001 0.031619 0.086785 -0.033197
 69 5.758665 4.244730 0.000000 0.000000 -0.000000 2.033309
 70 3.177726 0.000001 -0.000000 0.000000 0.000000 3.141593
 71 15.708953 0.000001 -0.000001 0.016155 0.048356 -0.018185
 72 0.275149 0.189214 -3.445207 3.130898 0.000409 -1.514604
 73 17.210196 -0.000000 0.000002 -0.000000 -0.000000 -2.322356
 74 0.000001 -0.000000 -5.000000 -0.079433 1.546568 -1.570857
 75 0.000005 -0.000005 -3.619081 0.196495 -3.011952 -1.279118
 76 16.573921 0.000002 0.000001 -0.000000 -0.000000 -1.611348
 77 15.128183 -0.000001 -0.000000 0.214418 -0.027533 0.774389
 78 5.758666 4.244731 -0.000000 -0.000000 0.000000 1.483530
 79 4.003935 0.000000 0.000000 0.000000 0.000000 0.000000
 80 15.708955 -0.000002 0.000000 0.153371 0.002792 0.528179
 81 0.273998 0.191090 3.439763 -3.130907 -0.000437 -1.508107
 82 17.210192 0.000001 0.000000 -0.000000 0.000000 -2.138824
 83 0.000000 -0.000000 5.000000 -0.079311 1.595025 -1.570737
time 19
  0 -0.650000 0.000000 33.191761 -0.281436 0.436358 -2.443536
  1 11.368426 6.770639 -23.418962 -0.498313 0.132926 2.346876
  2 -2.276937 0.000002 -1.238186 -1.570795 -1.570451 0.000000
  3 1.796501 0.711864 0.000170 -0.052561 0.075408 -0.201950
  4 4.119753 -0.003065 0.000200 -0.061168 -0.038877 0.361410
  5 4.118876 -0.003263 0.000160 -0.049130 -0.077702 0.087153
  6 4.118491 -0.003272 0.000204 -0.062567 -0.060533 -0.030907
  7 4.120975 -0.002018 -0.001689 0.499046 0.084304 0.911849
  8 4.443600 0.000002 0.000000 -0.412300 -0.258270 0.113039
  9 9.024061 0.000002 -0.000001 0.000000 0.000000 0.000000
 10 -0.145905 0.829854 1.515996 0.082352 -1.362720 2.220403
 11 6.384777 0.000001 0.000001 0.387809 0.428682 -1.476735
 12 10.242682 -0.000000 0.000002 -0.000000 0.000000 -1.746682
 13 11.375561 0.000001 -0.000002 -2.692827 -0.565585 0.171695
 14 0.728680 0.023431 -1.008293 2.396606 0.246960 1.180207
 15 2.136498 -0.000002 0.000001 0.000000 0.000000 0.515501
 16 2.313139 -0.000000 -0.000000 0.000000 0.000000 0.000000
 17 3.115507 -0.886042 -0.021432 -0.138390 0.092874 1.099983
 18 2.011148 0.000000 0.000002 -0.000000 -0.000000 1.915164
 19 2.141380 -0.000001 0.000000 0.000000 0.000000 0.000000
 20 1.734173 0.000002 0.000001 0.000000 -0.000000 0.958405
 21 0.000007 -4.440594 -0.000001 1.570544 -0.062990 -0.195737
 22 6.000000 -0.000003 0.000002 -2.409180 0.000000 -0.000000
 23 0.000001 -4.440600 -0.000003 1.569944 -0.062987 0.004053
 24 11.375562 -0.000001 0.000002 -2.092044 -0.322432 -0.004071
 25 0.000000 -4.440603 -0.000000 1.570144 -0.062988 0.004040
 26 10.510129 -0.000002 0.000001 0.000000 -0.000000 -2.444137
 27 0.000001 -1.748400 4.999999 0.000000 0.004007 1.602291
 28 5.499998 -0.000000 0.000002 -0.281982 -0.000000 0.000000
 29 0.000001 -1.940599 5.000000 -0.044472 0.004003 -0.000180
 30 6.551491 0.000002 0.000000 0.482952 0.264406 -1.015262
 31 0.000002 -1.940598 5.000003 -0.027189 -0.053376 0.005295
 32 6.551491 0.000002 0.000000 0.229615 0.051890 -0.431900
 33 0.000000 -1.940599 4.999996 -0.066572 -0.152786 -0.110311
 34 0.145907 -0.822771 -1.515995 -2.455899 1.028760 -0.058907
 35 6.384778 -0.000000 -0.000000 0.347029 -0.983763 -0.473389
 36 10.242682 -0.000001 0.000000 0.000000 -0.000000 -1.768055
 37 11.375563 0.000002 -0.000000 1.582739 -0.146937 0.559028
 38 0.728683 0.023431 1.008291 -1.579583 -0.319038 0.212973
 39 2.136498 0.000002 0.000001 -0.000000 0.000000 1.282817
 40 2.313137 0.000001 -0.000001 0.000000 0.000000 3.141593
 41 3.115507 -0.886041 0.021432 0.708959 0.171755 0.347804
 42 2.011152 -0.000001 -0.000001 -0.000000 0.000000 2.082010
 43 2.141380 -0.000001 0.000001 0.000000 0.000000 3.141593
 44 1.734172 -0.000001 -0.000001 -0.000000 0.000000 1.041748
 45 0.136315 -3.738194 2.525892 1.493698 2.759406 -1.474501
 46 5.613161 0.862366 3.157032 1.595152 -0.135386 0.061522
 47 11.389367 -0.000819 0.158780 1.585077 -0.076847 0.292908
 48 -0.000000 -4.440598 0.000001 1.570144 -3.078602 0.004040
 49 6.000000 0.000001 -0.000001 1.585077 0.000000 -0.000000
 50 0.000003 -4.440601 -0.000002 1.569944 -3.078603 0.004053
 51 10.510131 0.000001 -0.000000 -0.000000 0.000000 -2.454823
 52 0.000001 -1.748399 -4.999999 -3.141593 0.004007 -1.539299
 53 5.500000 -0.000001 -0.000000 -0.029445 0.000000 0.000000
 54 0.000000 -0.000001 -4.999998 -0.044472 3.137589 -0.000177
 55 6.551492 0.000000 -0.000003 0.029445 -0.296187 -0.130121
 56 -1.266842 -1.937444 -4.950558 -0.066572 -2.988806 -0.110308
 57 6.551493 0.000000 -0.000003 0.029445 -0.296187 -0.130121
 58 0.699371 -1.944209 -5.006846 -0.027189 -3.088217 0.005298
 59 4.226145 -0.003201 0.000001 0.240034 0.099451 0.444357
 60 -0.000001 5.000004 0.000001 -0.153564 0.000087 2.718702
 61 0.000003 -0.000005 -3.713581 0.095503 -3.012510 -0.750673
 62 -0.000001 0.000001 5.000000 3.053197 1.558589 -0.074927
 63 -0.000009 0.000005 3.713580 -0.334410 -2.825096 -0.524885
 64 -0.000001 -0.000000 -5.000000 -0.088728 1.558589 3.066333
 65 7.363602 1.646646 0.495662 -3.141593 -1.570796 0.000000
 66 -0.000006 0.000006 3.619082 -0.528284 -2.367383 -1.007256
 67 16.573921 0.000001 0.000002 -0.000000 -0.000000 -2.019199
 68 15.128181 0.000001 -0.000000 0.031619 0.086785 -0.033197
 69 5.758666 4.244730 0.000000 0.000000 -0.000000 2.033309
 70 3.177726 0.000001 -0.000000 0.000000 0.000000 3.141593
 71 15.708953 0.000001 -0.000001 0.016155 0.048356 -0.018185
 72 0.275149 0.189215 -3.445208 3.130898 0.000409 -1.514604
 73 17.210192 -0.000000 0.000003 0.000000 0.000000 -2.322356
 74 0.000001 0.000000 -5.000000 -0.079429 1.546568 -1.570852
 75 0.000005 -0.000005 -3.619081 0.196495 -3.011952 -1.279118
 76 16.573921 0.000002 0.000001 -0.000000 -0.000000 -1.611348
 77 15.128181 -0.000001 -0.000000 0.214418 -0.027533 0.774389
 78 5.758666 4.244731 -0.000000 -0.000000 0.000000 1.483530
 79 4.003935 -0.000000 0.000000 0.000000 0.000000 0.000000
 80 15.708955 -0.000001 0.000000 0.153371 0.002792 0.528179
 81 0.273999 0.191090 3.439762 -3.130907 -0.000437 -1.508107
 82 17.210192 0.000001 0.000000 -0.000000 0.000000 -2.138823
 83 -0.000001 -0.000001 5.000000 -0.079314 1.595025 -1.570737
time 20
  0 -0.650000 0.000000 33.191761 -0.281436 0.436358 -2.443536
  1 11.368427 6.770639 -23.418962 -0.498313 0.132926 2.346876
  2 -2.276937 0.000002 -1.238186 -1.570795 -1.570451 0.000000
  3 1.796508 0.711861 0.000169 -0.052453 0.079466 -0.200368
  4 4.119755 -0.003065 0.000200 -0.061040 -0.040077 0.361921
  5 4.118876 -0.003264 0.000160 -0.049008 -0.079662 0.087683
  6 4.118489 -0.003270 0.000205 -0.062443 -0.061682 -0.030397
  7 4.120964 -0.002021 -0.001690 0.500413 0.085359 0.909908
  8 4.443599 -0.000001 -0.000000 -0.401775 -0.279136 0.097284
  9 9.024061 0.000003 0.000001 0.000000 0.000000 0.000000
 10 -0.147726 0.831847 1.514729 0.116474 -1.358045 2.186235
 11 6.384777 0.000001 0.000003 0.388194 0.412079 -1.436559
 12 10.242684 0.000001 0.000002 -0.000000 0.000000 -1.792078
 13 11.375562 0.000001 -0.000003 -2.718758 -0.478315 0.244247
 14 0.728681 0.023431 -1.008290 2.396606 0.246960 1.180207
 15 2.136495 0.000001 -0.000001 -0.000000 0.000000 0.506146
 16 2.313140 -0.000000 -0.000001 0.000000 0.000000 0.000000
 17 3.115506 -0.886040 -0.021429 -0.139017 0.091930 1.093185
 18 2.011149 -0.000001 0.000004 0.000000 0.000000 1.907477
 19 2.141380 -0.000000 -0.000001 0.000000 0.000000 0.000000
 20 1.734176 0.000003 0.000001 -0.000000 0.000000 0.954556
 21 0.000006 -4.440594 0.000002 1.570544 -0.062990 -0.195737
 22 6.000000 -0.000002 0.000001 -2.437479 0.000000 -0.000000
 23 0.000001 -4.440601 -0.000001 1.569944 -0.062987 0.004053
 24 11.375562 -0.000001 0.000001 -2.110481 -0.291976 0.046829
 25 -0.000000 -4.440603 -0.000001 1.570144 -0.062988 0.004040
 26 10.510132 -0.000002 0.000001 -0.000000 -0.000000 -2.466835
 27 0.000000 -1.748400 5.000000 -0.000000 0.004007 1.602291
 28 5.500000 -0.000001 0.000002 -0.277855 -0.000000 -0.000000
 29 -0.000002 -1.940598 5.000002 -0.044472 0.004003 -0.000180
 30 6.551490 0.000001 0.000001 0.476220 0.234666 -0.954303
 31 0.000001 -1.940598 5.000002 -0.027189 -0.053376 0.005295
 32 6.551490 0.000001 0.000001 0.227438 0.045586 -0.416024
 33 0.000002 -1.940599 4.999994 -0.066572 -0.152786 -0.110311
 34 0.147729 -0.824772 -1.514729 -2.441994 1.040784 -0.039621
 35 6.384777 -0.000000 -0.000001 0.329782 -0.985849 -0.467220
 36 10.242682 -0.000000 0.000001 -0.000000 -0.000000 -1.789221
 37 11.375563 0.000000 -0.000002 1.559814 -0.155801 0.593716
 38 0.728679 0.023430 1.008292 -1.579583 -0.319038 0.212973
 39 2.136495 -0.000002 -0.000002 -0.000000 0.000000 1.282817
 40 2.313141 0.000000 0.000001 0.000000 0.000000 3.141593
 41 3.115506 -0.886042 0.021432 0.708959 0.171755 0.347804
 42 2.011149 0.000000 -0.000000 -0.000000 0.000000 2.082010
 43 2.141379 -0.000000 -0.000000 0.000000 0.000000 3.141593
 44 1.734173 -0.000002 -0.000002 -0.000000 0.000000 1.041748
 45 0.136315 -3.738193 2.525891 1.493698 2.759406 -1.474501
 46 5.613162 0.862366 3.157030 1.595152 -0.135386 0.061522
 47 11.389367 -0.000821 0.158779 1.574811 -0.082945 0.307888
 48 0.000000 -4.440600 0.000002 1.570144 -3.078602 0.004040
 49 6.000001 0.000002 -0.000001 1.574811 0.000000 -0.000000
 50 0.000002 -4.440603 -0.000001 1.569944 -3.078602 0.004053
 51 10.510131 0.000002 0.000000 0.000000 0.000000 -2.465407
 52 0.000000 -1.748400 -5.000000 3.141593 0.004007 -1.539299
 53 5.499999 0.000001 -0.000000 -0.023469 0.000000 -0.000000
 54 0.000001 -0.000001 -4.999998 -0.044472 3.137589 -0.000177
 55 6.551492 0.000001 -0.000004 0.023469 -0.296856 -0.131106
 56 -1.266842 -1.937442 -4.950558 -0.066572 -2.988806 -0.110308
 57 6.551492 0.000001 -0.000004 0.023469 -0.296856 -0.131106
 58 0.699372 -1.944206 -5.006845 -0.027189 -3.088217 0.005298
 59 4.226144 -0.003201 0.000001 0.240589 0.099984 0.443417
 60 0.000001 5.000003 0.000001 -0.153564 0.000087 2.718702
 61 0.000003 -0.000005 -3.713581 0.095503 -3.012510 -0.750673
 62 -0.000001 0.000001 5.000000 3.053197 1.558589 -0.074927
 63 -0.000009 0.000005 3.713580 -0.334410 -2.825096 -0.524885
 64 -0.000001 -0.000001 -5.000000 -0.088726 1.558589 3.066334
 65 7.363602 1.646646 0.495662 -3.141593 -1.570796 0.000000
 66 -0.000006 0.000006 3.619082 -0.528284 -2.367384 -1.007256
 67 16.573923 -0.000000 0.000002 0.000000 0.000000 -2.019199
 68 15.128181 0.000001 -0.000003 0.031619 0.086785 -0.033197
 69 5.758666 4.244731 0.000000 0.000000 -0.000000 2.033309
 70 3.177726 0.000001 0.000000 0.000000 0.000000 3.141593
 71 15.708952 0.000001 -0.000003 0.016155 0.048356 -0.018185
 72 0.275149 0.189215 -3.445209 3.130898 0.000409 -1.514604
 73 17.210192 -0.000000 0.000002 0.000000 0.000000 -2.322356
 74 0.000001 0.000000 -5.000000 -0.079429 1.546568 -1.570852
 75 0.000005 -0.000005 -3.619081 0.196495 -3.011952 -1.279118
 76 16.573921 0.000002 0.000001 -0.000000 -0.000000 -1.611348
 77 15.128181 -0.000001 -0.000000 0.214418 -0.027533 0.774389
 78 5.758666 4.244731 -0.000000 -0.000000 0.000000 1.483530
 79 4.003935 -0.000000 0.000000 0.000000 0.000000 0.000000
 80 15.708955 -0.000001 0.000000 0.153371 0.002792 0.528179
 81 0.273999 0.191090 3.439762 -3.130907 -0.000437 -1.508107
 82 17.210192 0.000001 0.000000 -0.000000 0.000000 -2.138823
 83 -0.000001 -0.000001 5.000000 -0.079314 1.595025 -1.570737
time 21
  0 -0.650000 0.000000 33.191761 -0.281436 0.436358 -2.443536
  1 11.368427 6.770639 -23.418962 -0.498313 0.132926 2.346876
  2 -2.276937 0.000002 -1.238186 -1.570795 -1.570451 0.000000
  3 1.796504 0.711863 0.000167 -0.051422 0.082591 -0.200854
  4 4.119756 -0.003065 0.000196 -0.060065 -0.041331 0.361829
  5 4.118879 -0.003265 0.000156 -0.047970 -0.081221 0.087565
  6 4.118490 -0.003269 0.000202 -0.061399 -0.062533 -0.030513
  7 4.120957 -0.002024 -0.001695 0.501663 0.086328 0.908130
  8 4.443599 0.000000 0.000000 -0.394186 -0.293581 0.088052
  9 9.024061 -0.000001 -0.000001 0.000000 0.000000 0.000000
 10 -0.149399 0.833668 1.513566 0.047744 -1.375948 2.262901
 11 6.384777 -0.000001 -0.000001 0.288724 0.445721 -1.409936
 12 10.242684 -0.000001 0.000000 -0.000000 0.000000 -1.865240
 13 11.375560 -0.000000 -0.000001 -2.637156 -0.369137 0.259268
 14 0.728681 0.023430 -1.008291 2.396606 0.246960 1.180207
 15 2.136495 0.000001 -0.000002 -0.000000 0.000000 0.506146
 16 2.313140 -0.000002 0.000000 0.000000 0.000000 0.000000
 17 3.115506 -0.886042 -0.021429 -0.135202 0.097471 1.133522
 18 2.011152 0.000001 -0.000002 -0.000000 -0.000000 1.934293
 19 2.141380 0.000001 0.000002 0.000000 0.000000 0.000000
 20 1.734173 0.000002 0.000000 -0.000000 0.000000 0.967979
 21 0.000006 -4.440594 0.000001 1.570544 -0.062990 -0.195737
 22 6.000000 -0.000001 0.000001 -2.380978 0.000000 -0.000000
 23 0.000001 -4.440601 -0.000001 1.569944 -0.062987 0.004053
 24 11.375562 -0.000003 0.000003 -2.082266 -0.237639 0.080962
 25 -0.000000 -4.440603 0.000003 1.570144 -0.062988 0.004040
 26 10.510132 -0.000002 0.000000 -0.000000 -0.000000 -2.503416
 27 -0.000002 -1.748401 4.999999 0.000000 0.004007 1.602291
 28 5.500000 -0.000001 0.000001 -0.238521 -0.000000 -0.000000
 29 -0.000000 -1.940598 5.000001 -0.044472 0.004003 -0.000180
 30 6.551491 0.000002 0.000001 0.393932 0.252690 -0.894033
 31 -0.000000 -1.940596 5.000004 -0.027189 -0.053376 0.005295
 32 6.551491 0.000002 0.000001 0.197889 0.068387 -0.400104
 33 0.000002 -1.940600 4.999998 -0.066572 -0.152786 -0.110311
 34 0.149401 -0.826594 -1.513566 -2.426684 1.052988 -0.019111
 35 6.384777 -0.000000 -0.000000 0.309253 -0.990710 -0.454846
 36 10.242682 -0.000001 -0.000000 0.000000 -0.000000 -1.807599
 37 11.375562 0.000003 -0.000002 1.536744 -0.163565 0.622309
 38 0.728680 0.023431 1.008293 -1.579583 -0.319038 0.212973
 39 2.136498 0.000001 -0.000000 -0.000000 0.000000 1.282817
 40 2.313140 0.000000 0.000000 0.000000 0.000000 3.141593
 41 3.115507 -0.886041 0.021432 0.708959 0.171755 0.347804
 42 2.011151 -0.000000 0.000000 0.000000 0.000000 2.082010
 43 2.141381 0.000001 0.000001 0.000000 0.000000 3.141593
 44 1.734171 -0.000001 -0.000000 0.000000 -0.000000 1.041748
 45 0.136315 -3.738193 2.525891 1.493698 2.759406 -1.474501
 46 5.613162 0.862366 3.157031 1.595152 -0.135386 0.061522
 47 11.389366 -0.000820 0.158779 1.564358 -0.088709 0.319991
 48 -0.000000 -4.440599 0.000001 1.570144 -3.078602 0.004040
 49 6.000000 0.000003 -0.000001 1.564358 0.000000 0.000000
 50 0.000002 -4.440602 -0.000001 1.569944 -3.078603 0.004053
 51 10.510134 -0.000001 -0.000001 0.000000 -0.000000 -2.474596
 52 0.000001 -1.748401 -5.000002 3.141593 0.004007 -1.539299
 53 5.500000 -0.000001 -0.000001 -0.017370 -0.000000 0.000000
 54 -0.000001 0.000001 -5.000000 -0.044472 3.137589 -0.000177
 55 6.551492 0.000001 -0.000004 0.017370 -0.298185 -0.130206
 56 -1.266843 -1.937441 -4.950561 -0.066572 -2.988806 -0.110308
 57 6.551492 0.000001 -0.000004 0.017370 -0.298185 -0.130206
 58 0.699370 -1.944206 -5.006848 -0.027189 -3.088217 0.005298
 59 4.226146 -0.003202 -0.000001 0.241096 0.100473 0.442556
 60 0.000001 5.000003 0.000001 -0.153564 0.000087 2.718702
 61 0.000003 -0.000005 -3.713581 0.095503 -3.012510 -0.750673
 62 -0.000001 0.000001 5.000000 3.053197 1.558589 -0.074927
 63 -0.000009 0.000005 3.713580 -0.334410 -2.825096 -0.524885
 64 -0.000001 -0.000000 -5.000000 -0.088728 1.558589 3.066333
 65 7.363602 1.646646 0.495662 -3.141593 -1.570796 0.000000
 66 -0.000006 0.000006 3.619082 -0.528284 -2.367383 -1.007256
 67 16.573921 0.000001 0.000002 -0.000000 -0.000000 -2.019199
 68 15.128181 0.000001 -0.000000 0.031619 0.086785 -0.033197
 69 5.758666 4.244730 0.000000 0.000000 -0.000000 2.033309
 70 3.177726 0.000001 -0.000000 0.000000 0.000000 3.141593
 71 15.708953 0.000001 -0.000001 0.016155 0.048356 -0.018185
 72 0.275149 0.189215 -3.445208 3.130898 0.000409 -1.514604
 73 17.210192 -0.000000 0.000003 0.000000 0.000000 -2.322356
 74 0.000001 0.000000 -5.000000 -0.079429 1.546568 -1.570852
 75 0.000005 -0.000005 -3.619081 0.196495 -3.011952 -1.279118
 76 16.573921 0.000002 0.000001 -0.000000 -0.000000 -1.611348
 77 15.128181 -0.000001 -0.000000 0.214418 -0.027533 0.774389
 78 5.758666 4.244731 -0.000000 -0.000000 0.000000 1.483530
 79 4.003935 -0.000000 0.000000 0.000000 0.000000 0.000000
 80 15.708955 -0.000001 0.000000 0.153371 0.002792 0.528179
 81 0.273999 0.191090 3.439762 -3.130907 -0.000437 -1.508107
 82 17.210192 0.000001 0.000000 -0.000000 0.000000 -2.138823
 83 -0.000001 -0.000001 5.000000 -0.079314 1.595025 -1.570737
time 22
  0 -0.650000 0.000000 33.191761 -0.281436 0.436358 -2.443536
  1 11.368427 6.770639 -23.418962 -0.498313 0.132926 2.346876
  2 -2.276937 0.000002 -1.238186 -1.570795 -1.570451 0.000000
  3 1.796492 0.711864 0.000153 -0.047648 0.084098 -0.205648
  4 4.119749 -0.003067 0.000185 -0.056537 -0.043034 0.360434
  5 4.118875 -0.003267 0.000143 -0.044181 -0.082090 0.086014
  6 4.118483 -0.003269 0.000190 -0.057595 -0.062777 -0.031997
  7 4.120957 -0.002029 -0.001698 0.502379 0.086884 0.907112
  8 4.443599 0.000002 -0.000000 -0.394693 -0.292579 0.090927
  9 9.024061 0.000003 0.000000 0.000000 0.000000 0.000000
 10 -0.150358 0.834716 1.512898 -0.044790 -1.394555 2.363302
 11 6.384777 -0.000002 -0.000002 0.129110 0.543592 -1.402853
 12 10.242682 -0.000000 -0.000000 0.000000 -0.000000 -1.930959
 13 11.375561 -0.000001 0.000001 -2.500429 -0.241599 0.239015
 14 0.728681 0.023432 -1.008294 2.396606 0.246960 1.180207
 15 2.136496 -0.000001 -0.000002 0.000000 0.000000 0.506146
 16 2.313139 0.000000 -0.000000 0.000000 0.000000 0.000000
 17 3.115506 -0.886042 -0.021431 -0.130715 0.103426 1.178264
 18 2.011149 0.000000 0.000002 0.000000 0.000000 1.964005
 19 2.141380 0.000000 -0.000002 0.000000 0.000000 0.000000
 20 1.734174 0.000002 -0.000000 0.000000 0.000000 0.982840
 21 0.000006 -4.440593 -0.000001 1.570544 -0.062990 -0.195737
 22 6.000000 -0.000003 0.000002 -2.278704 -0.000000 -0.000000
 23 0.000002 -4.440601 -0.000001 1.569944 -0.062987 0.004053
 24 11.375562 -0.000003 0.000004 -2.025796 -0.164431 0.099373
 25 0.000002 -4.440602 -0.000002 1.570144 -0.062988 0.004040
 26 10.510130 -0.000001 0.000000 -0.000000 -0.000000 -2.536276
 27 0.000001 -1.748402 5.000000 0.000000 0.004007 1.602290
 28 5.500000 0.000000 0.000001 -0.161824 0.000000 -0.000000
 29 -0.000003 -1.940599 5.000002 -0.044472 0.004003 -0.000180
 30 6.551490 -0.000000 0.000000 0.233652 0.348058 -0.836815
 31 -0.000000 -1.940599 5.000002 -0.027189 -0.053376 0.005295
 32 6.551490 -0.000000 0.000000 0.138335 0.132595 -0.379376
 33 0.000001 -1.940600 4.999997 -0.066572 -0.152786 -0.110311
 34 0.150361 -0.827633 -1.512898 -2.409209 1.065133 0.002539
 35 6.384776 -0.000000 -0.000002 0.279561 -1.002723 -0.421752
 36 10.242680 0.000001 -0.000000 -0.000000 0.000000 -1.822692
 37 11.375562 0.000000 -0.000003 1.516059 -0.172023 0.641917
 38 0.728682 0.023431 1.008292 -1.579583 -0.319038 0.212973
 39 2.136496 0.000000 0.000000 -0.000000 0.000000 1.282817
 40 2.313142 -0.000000 0.000000 0.000000 0.000000 3.141593
 41 3.115506 -0.886043 0.021432 0.708959 0.171755 0.347804
 42 2.011151 -0.000001 -0.000001 0.000000 -0.000000 2.082010
 43 2.141380 -0.000000 0.000001 0.000000 0.000000 3.141593
 44 1.734172 -0.000003 -0.000002 -0.000000 0.000000 1.041748
 45 0.136315 -3.738194 2.525890 1.493698 2.759406 -1.474501
 46 5.613162 0.862364 3.157030 1.595152 -0.135386 0.061522
 47 11.389365 -0.000821 0.158777 1.555024 -0.094796 0.328054
 48 0.000002 -4.440599 -0.000001 1.570144 -3.078602 0.004040
 49 6.000000 0.000001 -0.000001 1.555024 0.000000 0.000000
 50 0.000002 -4.440602 0.000002 1.569944 -3.078603 0.004053
 51 10.510132 0.000002 0.000000 -0.000000 -0.000000 -2.482142
 52 0.000000 -1.748397 -4.999998 3.141593 0.004007 -1.539299
 53 5.499999 0.000002 -0.000000 -0.011690 -0.000000 0.000000
 54 -0.000002 -0.000001 -4.999999 -0.044472 3.137589 -0.000177
 55 6.551490 -0.000001 -0.000003 0.011690 -0.301049 -0.123129
 56 -1.266844 -1.937442 -4.950560 -0.066572 -2.988806 -0.110308
 57 6.551491 -0.000001 -0.000003 0.011690 -0.301049 -0.123129
 58 0.699370 -1.944206 -5.006848 -0.027189 -3.088217 0.005298
 59 4.226146 -0.003200 0.000001 0.241386 0.100753 0.442063
 60 -0.000000 5.000001 0.000000 -0.153564 0.000087 2.718702
 61 0.000003 -0.000005 -3.713581 0.095503 -3.012510 -0.750673
 62 -0.000001 0.000001 5.000000 3.053197 1.558589 -0.074927
 63 -0.000009 0.000005 3.713580 -0.334410 -2.825095 -0.524885
 64 -0.000001 -0.000001 -5.000000 -0.088723 1.558589 3.066337
 65 7.363602 1.646646 0.495662 -3.141593 -1.570796 0.000000
 66 -0.000006 0.000006 3.619082 -0.528284 -2.367383 -1.007256
 67 16.573921 0.000001 0.000002 0.000000 -0.000000 -2.019199
 68 15.128181 -0.000000 -0.000001 0.031619 0.086785 -0.033197
 69 5.758665 4.244730 0.000000 0.000000 -0.000000 2.033309
 70 3.177726 0.000001 -0.000000 0.000000 0.000000 3.141593
 71 15.708953 0.000001 -0.000001 0.016155 0.048356 -0.018185
 72 0.275149 0.189214 -3.445207 3.130898 0.000409 -1.514604
 73 17.210196 -0.000000 0.000002 -0.000000 -0.000000 -2.322356
 74 0.000001 -0.000000 -5.000000 -0.079433 1.546568 -1.570857
 75 0.000005 -0.000005 -3.619081 0.196495 -3.011952 -1.279118
 76 16.573921 0.000002 0.000001 -0.000000 -0.000000 -1.611348
 77 15.128183 -0.000001 -0.000000 0.214418 -0.027533 0.774389
 78 5.758666 4.244731 -0.000000 -0.000000 0.000000 1.483530
 79 4.003935 0.000000 0.000000 0.000000 0.000000 0.000000
 80 15.708955 -0.000002 0.000000 0.153371 0.002792 0.528179
 81 0.273998 0.191090 3.439763 -3.130907 -0.000437 -1.508107
 82 17.210192 0.000001 0.000000 -0.000000 0.000000 -2.138824
 83 0.000000 -0.000000 5.000000 -0.079311 1.595025 -1.570737
time 23
  0 -0.650000 0.000000 33.191761 -0.281436 0.436358 -2.443536
  1 11.368426 6.770639 -23.418962 -0.498313 0.132926 2.346876
  2 -2.276937 0.000002 -1.238186 -1.570795 -1.570451 0.000000
  3 1.796467 0.711868 0.000135 -0.042063 0.084445 -0.212637
  4 4.119741 -0.003069 0.000169 -0.051314 -0.044969 0.358328
  5 4.118867 -0.003266 0.000126 -0.038573 -0.082405 0.083673
  6 4.118478 -0.003271 0.000171 -0.051967 -0.062553 -0.034227
  7 4.120953 -0.002032 -0.001701 0.503308 0.087607 0.905790
  8 4.443600 0.000003 -0.000001 -0.420630 -0.238993 0.166700
  9 9.024062 0.000001 -0.000000 0.000000 0.000000 0.000000
 10 -0.151606 0.836067 1.512030 0.082412 -1.367366 2.228767
 11 6.384777 -0.000001 -0.000002 0.085995 0.667138 -1.334285
 12 10.242682 -0.000000 0.000000 -0.000000 -0.000000 -1.917112
 13 11.375562 0.000001 0.000001 -2.409219 -0.151970 0.207956
 14 0.728681 0.023431 -1.008291 2.396606 0.246960 1.180207
 15 2.136498 -0.000000 0.000000 -0.000000 0.000000 0.506146
 16 2.313140 -0.000002 0.000000 0.000000 0.000000 0.000000
 17 3.115506 -0.886041 -0.021430 -0.136071 0.096251 1.124539
 18 2.011151 0.000001 0.000000 0.000000 -0.000000 1.928324
 19 2.141380 0.000000 -0.000000 0.000000 0.000000 0.000000
 20 1.734176 0.000003 -0.000001 0.000000 -0.000000 0.964992
 21 0.000006 -4.440594 -0.000001 1.570544 -0.062990 -0.195737
 22 6.000000 -0.000001 0.000003 -2.209084 0.000000 -0.000000
 23 0.000002 -4.440602 -0.000002 1.569944 -0.062987 0.004053
 24 11.375561 0.000001 0.000005 -1.985683 -0.109868 0.098886
 25 0.000001 -4.440603 -0.000002 1.570144 -0.062988 0.004040
 26 10.510129 -0.000001 0.000000 0.000000 -0.000000 -2.529353
 27 -0.000000 -1.748400 4.999999 -0.000000 0.004007 1.602290
 28 5.499996 -0.000000 0.000002 -0.137921 -0.000000 -0.000000
 29 -0.000002 -1.940598 5.000003 -0.044472 0.004003 -0.000180
 30 6.551491 -0.000002 -0.000002 0.179116 0.440286 -0.748656
 31 -0.000000 -1.940599 5.000002 -0.027189 -0.053376 0.005295
 32 6.551491 -0.000002 -0.000002 0.120248 0.184008 -0.341843
 33 -0.000000 -1.940600 4.999995 -0.066572 -0.152786 -0.110311
 34 0.151611 -0.828988 -1.512030 -2.391545 1.076984 0.024737
 35 6.384777 -0.000001 0.000000 0.242321 -1.018443 -0.373074
 36 10.242682 0.000001 -0.000000 -0.000000 0.000000 -1.837164
 37 11.375563 0.000002 -0.000001 1.499622 -0.179707 0.655265
 38 0.728681 0.023431 1.008292 -1.579583 -0.319038 0.212973
 39 2.136499 0.000001 -0.000000 -0.000000 0.000000 1.282817
 40 2.313140 0.000001 0.000000 0.000000 0.000000 3.141593
 41 3.115507 -0.886040 0.021432 0.708959 0.171755 0.347804
 42 2.011150 -0.000001 -0.000001 -0.000000 0.000000 2.082010
 43 2.141380 -0.000001 -0.000000 0.000000 0.000000 3.141593
 44 1.734172 -0.000002 -0.000001 -0.000000 0.000000 1.041748
 45 0.136314 -3.738193 2.525890 1.493698 2.759406 -1.474501
 46 5.613161 0.862366 3.157032 1.595152 -0.135386 0.061522
 47 11.389367 -0.000818 0.158781 1.547673 -0.100184 0.333406
 48 0.000002 -4.440598 0.000001 1.570144 -3.078602 0.004040
 49 6.000000 0.000000 -0.000001 1.547673 -0.000000 0.000000
 50 0.000003 -4.440602 -0.000000 1.569944 -3.078603 0.004053
 51 10.510135 0.000001 -0.000000 0.000000 0.000000 -2.489378
 52 0.000001 -1.748402 -5.000001 3.141593 0.004007 -1.539299
 53 5.500003 0.000000 -0.000001 -0.006426 -0.000000 -0.000000
 54 0.000000 -0.000001 -5.000000 -0.044472 3.137589 -0.000177
 55 6.551492 0.000001 -0.000003 0.006426 -0.304695 -0.111425
 56 -1.266843 -1.937443 -4.950558 -0.066572 -2.988806 -0.110308
 57 6.551493 0.000001 -0.000004 0.006426 -0.304695 -0.111425
 58 0.699372 -1.944207 -5.006847 -0.027189 -3.088217 0.005298
 59 4.226145 -0.003200 0.000000 0.241763 0.101117 0.441422
 60 0.000001 4.999999 0.000000 -0.153564 0.000087 2.718702
 61 0.000003 -0.000005 -3.713581 0.095503 -3.012510 -0.750673
 62 -0.000001 0.000001 5.000000 3.053197 1.558589 -0.074927
 63 -0.000009 0.000005 3.713580 -0.334410 -2.825096 -0.524885
 64 -0.000001 -0.000000 -5.000000 -0.088728 1.558589 3.066333
 65 7.363602 1.646646 0.495662 -3.141593 -1.570796 0.000000
 66 -0.000006 0.000006 3.619082 -0.528284 -2.367383 -1.007256
 67 16.573921 0.000001 0.000002 -0.000000 -0.000000 -2.019199
 68 15.128181 0.000001 -0.000000 0.031619 0.086785 -0.033197
 69 5.758666 4.244730 0.000000 0.000000 -0.000000 2.033309
 70 3.177726 0.000001 -0.000000 0.000000 0.000000 3.141593
 71 15.708953 0.000001 -0.000001 0.016155 0.048356 -0.018185
 72 0.275149 0.189215 -3.445208 3.130898 0.000409 -1.514604
 73 17.210192 -0.000000 0.000003 0.000000 0.000000 -2.322356
 74 0.000001 0.000000 -5.000000 -0.079429 1.546568 -1.570852
 75 0.000005 -0.000005 -3.619081 0.196495 -3.011952 -1.279118
 76 16.573921 0.000002 0.000001 -0.000000 -0.000000 -1.611348
 77 15.128181 -0.000001 -0.000000 0.214418 -0.027533 0.774389
 78 5.758666 4.244731 -0.000000 -0.000000 0.000000 1.483530
 79 4.003935 -0.000000 0.000000 0.000000 0.000000 0.000000
 80 15.708955 -0.000001 0.000000 0.153371 0.002792 0.528179
 81 0.273999 0.191090 3.439762 -3.130907 -0.000437 -1.508107
 82 17.210192 0.000001 0.000000 -0.000000 0.000000 -2.138823
 83 -0.000001 -0.000001 5.000000 -0.079314 1.595025 -1.570737
time 24
  0 -0.650000 0.000000 33.191761 -0.281436 0.436358 -2.443536
  1 11.368427 6.770639 -23.418962 -0.498313 0.132926 2.346876
  2 -2.276937 0.000002 -1.238186 -1.570795 -1.570451 0.000000
  3 1.796451 0.711871 0.000123 -0.038406 0.084525 -0.217203
  4 4.119737 -0.003071 0.000158 -0.047892 -0.046179 0.356941
  5 4.118869 -0.003272 0.000113 -0.034900 -0.082521 0.082136
  6 4.118476 -0.003273 0.000158 -0.048283 -0.062349 -0.035688
  7 4.120940 -0.002033 -0.001702 0.504658 0.088662 0.903867
  8 4.443599 -0.000003 0.000001 -0.381191 -0.211207 0.102137
  9 9.024062 -0.000002 -0.000001 0.000000 0.000000 0.000000
 10 -0.153428 0.838023 1.510764 0.340484 -1.252289 1.945631
 11 6.384778 -0.000000 -0.000002 0.217077 0.778637 -1.117530
 12 10.242682 0.000000 0.000001 -0.000000 0.000000 -1.763521
 13 11.375562 0.000000 0.000000 -2.380994 -0.106424 0.162621
 14 0.728681 0.023430 -1.008291 2.396606 0.246960 1.180207
 15 2.136498 -0.000002 -0.000001 -0.000000 0.000000 0.506146
 16 2.313138 0.000001 -0.000002 0.000000 0.000000 0.000000
 17 3.115506 -0.886041 -0.021431 -0.152135 0.067918 0.929256
 18 2.011150 0.000000 0.000000 -0.000000 0.000000 1.798220
 19 2.141380 -0.000002 -0.000001 0.000000 0.000000 0.000000
 20 1.734174 0.000002 -0.000001 -0.000000 0.000000 0.899773
 21 0.000006 -4.440594 -0.000002 1.570544 -0.062990 -0.195737
 22 6.000000 -0.000004 0.000003 -2.187322 0.000000 -0.000000
 23 0.000002 -4.440601 -0.000002 1.569944 -0.062987 0.004053
 24 11.375562 -0.000003 0.000005 -1.973715 -0.079211 0.080336
 25 0.000001 -4.440603 -0.000002 1.570144 -0.062988 0.004040
 26 10.510131 -0.000002 0.000000 -0.000000 -0.000000 -2.452557
 27 0.000001 -1.748400 5.000000 -0.000000 0.004007 1.602291
 28 5.499997 -0.000000 0.000002 -0.170612 0.000000 0.000000
 29 -0.000002 -1.940599 5.000002 -0.044472 0.004003 -0.000180
 30 6.551492 0.000000 -0.000003 0.245402 0.480565 -0.612854
 31 -0.000000 -1.940598 5.000002 -0.027189 -0.053376 0.005295
 32 6.551492 0.000000 -0.000003 0.147028 0.203620 -0.289539
 33 -0.000001 -1.940597 4.999997 -0.066572 -0.152786 -0.110311
 34 0.153431 -0.830954 -1.510763 -2.374575 1.088363 0.046943
 35 6.384777 0.000003 -0.000004 0.210121 -1.029132 -0.338437
 36 10.242682 -0.000001 -0.000000 -0.000000 -0.000000 -1.851609
 37 11.375563 0.000001 -0.000001 1.488961 -0.182949 0.668455
 38 0.728682 0.023431 1.008293 -1.579583 -0.319038 0.212973
 39 2.136497 0.000000 -0.000001 0.000000 0.000000 1.282817
 40 2.313138 0.000001 0.000001 0.000000 0.000000 3.141593
 41 3.115506 -0.886041 0.021433 0.708959 0.171755 0.347804
 42 2.011148 0.000000 0.000001 0.000000 0.000000 2.082010
 43 2.141380 -0.000001 0.000001 0.000000 0.000000 3.141593
 44 1.734171 -0.000001 0.000000 -0.000000 -0.000000 1.041748
 45 0.136315 -3.738193 2.525891 1.493698 2.759406 -1.474501
 46 5.613161 0.862366 3.157032 1.595152 -0.135386 0.061522
 47 11.389366 -0.000818 0.158781 1.542888 -0.102805 0.338882
 48 -0.000000 -4.440599 0.000002 1.570144 -3.078602 0.004040
 49 6.000001 0.000002 -0.000001 1.542887 0.000000 0.000000
 50 0.000002 -4.440602 -0.000000 1.569944 -3.078603 0.004053
 51 10.510133 -0.000001 0.000001 0.000000 0.000000 -2.496601
 52 0.000001 -1.748402 -5.000001 3.141593 0.004007 -1.539299
 53 5.500000 -0.000001 -0.000000 -0.000442 -0.000000 -0.000000
 54 0.000000 -0.000001 -5.000000 -0.044472 3.137589 -0.000177
 55 6.551492 0.000002 -0.000004 0.000442 -0.307315 -0.104214
 56 -1.266843 -1.937443 -4.950561 -0.066572 -2.988806 -0.110308
 57 6.551492 0.000002 -0.000004 0.000442 -0.307315 -0.104214
 58 0.699371 -1.944208 -5.006848 -0.027189 -3.088217 0.005298
 59 4.226145 -0.003201 0.000000 0.242312 0.101647 0.440490
 60 0.000001 5.000002 0.000001 -0.153564 0.000087 2.718702
 61 0.000003 -0.000005 -3.713581 0.095503 -3.012510 -0.750673
 62 -0.000001 0.000001 5.000000 3.053197 1.558589 -0.074927
 63 -0.000009 0.000005 3.713580 -0.334410 -2.825096 -0.524885
 64 -0.000001 -0.000001 -5.000000 -0.088726 1.558589 3.066334
 65 7.363602 1.646646 0.495662 -3.141593 -1.570796 0.000000
 66 -0.000006 0.000006 3.619082 -0.528284 -2.367384 -1.007256
 67 16.573923 -0.000000 0.000002 0.000000 0.000000 -2.019199
 68 15.128181 0.000001 -0.000003 0.031619 0.086785 -0.033197
 69 5.758666 4.244731 0.000000 0.000000 -0.000000 2.033309
 70 3.177726 0.000001 0.000000 0.000000 0.000000 3.141593
 71 15.708952 0.000001 -0.000003 0.016155 0.048356 -0.018185
 72 0.275149 0.189215 -3.445209 3.130898 0.000409 -1.514604
 73 17.210192 -0.000000 0.000002 0.000000 0.000000 -2.322356
 74 0.000001 0.000000 -5.000000 -0.079429 1.546568 -1.570852
 75 0.000005 -0.000005 -3.619081 0.196495 -3.011952 -1.279118
 76 16.573921 0.000002 0.000001 -0.000000 -0.000000 -1.611348
 77 15.128181 -0.000001 -0.000000 0.214418 -0.027533 0.774389
 78 5.758666 4.244731 -0.000000 -0.000000 0.000000 1.483530
 79 4.003935 -0.000000 0.000000 0.000000 0.000000 0.000000
 80 15.708955 -0.000001 0.000000 0.153371 0.002792 0.528179
 81 0.273999 0.191090 3.439762 -3.130907 -0.000437 -1.508107
 82 17.210192 0.000001 0.000000 -0.000000 0.000000 -2.138823
 83 -0.000001 -0.000001 5.000000 -0.079314 1.595025 -1.570737
time 25
  0 -0.650000 0.000000 33.191761 -0.281436 0.436358 -2.443536
  1 11.368427 6.770639 -23.418962 -0.498313 0.132926 2.346876
  2 -2.276937 0.000002 -1.238186 -1.570795 -1.570451 0.000000
  3 1.796446 0.711872 0.000119 -0.036952 0.084580 -0.218337
  4 4.119742 -0.003073 0.000152 -0.046518 -0.046649 0.356557
  5 4.118861 -0.003267 0.000110 -0.033429 -0.082551 0.081693
  6 4.118477 -0.003274 0.000152 -0.046809 -0.062252 -0.036100
  7 4.120937 -0.002041 -0.001709 0.506067 0.089767 0.901859
  8 4.443600 0.000001 0.000000 -0.333561 -0.188004 0.019662
  9 9.024063 0.000000 -0.000000 0.000000 0.000000 0.000000
 10 -0.155336 0.840078 1.509437 0.492474 -1.074815 1.771968
 11 6.384776 0.000001 0.000001 0.304274 0.837734 -0.910904
 12 10.242683 -0.000000 0.000000 0.000000 0.000000 -1.444880
 13 11.375562 0.000000 -0.000000 -2.375613 -0.078596 0.100622
 14 0.728681 0.023432 -1.008293 2.396606 0.246960 1.180207
 15 2.136498 -0.000002 -0.000000 0.000000 0.000000 0.506146
 16 2.313139 0.000001 -0.000000 0.000000 0.000000 0.000000
 17 3.115507 -0.886041 -0.021431 -0.164691 0.024588 0.659402
 18 2.011151 -0.000002 0.000000 0.000000 -0.000000 1.617618
 19 2.141381 0.000000 0.000001 0.000000 0.000000 0.000000
 20 1.734175 0.000002 -0.000001 -0.000000 0.000000 0.808966
 21 0.000005 -4.440593 -0.000000 1.570544 -0.062990 -0.195737
 22 6.000000 0.000000 0.000002 -2.182944 0.000000 -0.000000
 23 0.000002 -4.440601 0.000002 1.569944 -0.062987 0.004053
 24 11.375562 0.000000 0.000004 -1.972160 -0.056644 0.048725
 25 0.000001 -4.440603 -0.000001 1.570144 -0.062988 0.004040
 26 10.510129 -0.000001 -0.000000 -0.000000 -0.000000 -2.293236
 27 0.000001 -1.748401 4.999999 -0.000000 0.004007 1.602290
 28 5.499997 -0.000000 0.000002 -0.176163 -0.000000 0.000000
 29 0.000000 -1.940599 5.000002 -0.044472 0.004003 -0.000180
 30 6.551491 0.000001 -0.000001 0.259735 0.527916 -0.519124
 31 -0.000001 -1.940599 5.000002 -0.027189 -0.053376 0.005295
 32 6.551491 0.000001 -0.000001 0.151498 0.229125 -0.250236
 33 0.000001 -1.940599 4.999998 -0.066572 -0.152786 -0.110311
 34 0.155338 -0.832996 -1.509437 -2.357884 1.099079 0.068837
 35 6.384777 -0.000004 0.000003 0.184544 -1.034499 -0.320942
 36 10.242685 -0.000001 -0.000000 0.000000 -0.000000 -1.867237
 37 11.375561 -0.000001 -0.000001 1.486097 -0.180521 0.682577
 38 0.728678 0.023431 1.008292 -1.579583 -0.319038 0.212973
 39 2.136497 -0.000001 -0.000001 -0.000000 0.000000 1.282817
 40 2.313141 0.000001 0.000000 0.000000 0.000000 3.141593
 41 3.115507 -0.886041 0.021430 0.708959 0.171755 0.347804
 42 2.011149 0.000001 0.000000 -0.000000 0.000000 2.082010
 43 2.141378 -0.000001 0.000000 0.000000 0.000000 3.141593
 44 1.734172 -0.000001 -0.000000 -0.000000 -0.000000 1.041748
 45 0.136314 -3.738192 2.525890 1.493698 2.759406 -1.474501
 46 5.613159 0.862366 3.157030 1.595152 -0.135386 0.061522
 47 11.389367 -0.000819 0.158779 1.541563 -0.101840 0.345042
 48 0.000002 -4.440598 0.000000 1.570144 -3.078602 0.004040
 49 6.000001 0.000004 -0.000000 1.541563 0.000000 0.000000
 50 0.000002 -4.440603 -0.000001 1.569944 -3.078603 0.004053
 51 10.510136 -0.000001 -0.000000 0.000000 0.000000 -2.504415
 52 0.000001 -1.748399 -5.000000 3.141593 0.004007 -1.539299
 53 5.500001 0.000001 -0.000001 0.006483 -0.000000 0.000000
 54 -0.000002 0.000000 -5.000001 -0.044472 3.137589 -0.000177
 55 6.551492 -0.000001 -0.000001 -0.006483 -0.308870 -0.102624
 56 -1.266842 -1.937443 -4.950558 -0.066572 -2.988806 -0.110308
 57 6.551492 -0.000001 -0.000001 -0.006483 -0.308870 -0.102624
 58 0.699372 -1.944208 -5.006845 -0.027189 -3.088217 0.005298
 59 4.226144 -0.003200 0.000000 0.242884 0.102202 0.439516
 60 0.000002 5.000001 0.000001 -0.153564 0.000087 2.718702
 61 0.000003 -0.000005 -3.713581 0.095503 -3.012510 -0.750673
 62 -0.000001 0.000001 5.000000 3.053197 1.558589 -0.074927
 63 -0.000009 0.000005 3.713580 -0.334410 -2.825096 -0.524885
 64 -0.000001 -0.000000 -5.000000 -0.088728 1.558589 3.066333
 65 7.363602 1.646646 0.495662 -3.141593 -1.570796 0.000000
 66 -0.000006 0.000006 3.619082 -0.528284 -2.367383 -1.007256
 67 16.573921 0.000001 0.000002 -0.000000 -0.000000 -2.019199
 68 15.128181 0.000001 -0.000000 0.031619 0.086785 -0.033197
 69 5.758666 4.244730 0.000000 0.000000 -0.000000 2.033309
 70 3.177726 0.000001 -0.000000 0.000000 0.000000 3.141593
 71 15.708953 0.000001 -0.000001 0.016155 0.048356 -0.018185
 72 0.275149 0.189215 -3.445208 3.130898 0.000409 -1.514604
 73 17.210192 -0.000000 0.000003 0.000000 0.000000 -2.322356
 74 0.000001 0.000000 -5.000000 -0.079429 1.546568 -1.570852
 75 0.000005 -0.000005 -3.619081 0.196495 -3.011952 -1.279118
 76 16.573921 0.000002 0.000001 -0.000000 -0.000000 -1.611348
 77 15.128181 -0.000001 -0.000000 0.214418 -0.027533 0.774389
 78 5.758666 4.244731 -0.000000 -0.000000 0.000000 1.483530
 79 4.003935 -0.000000 0.000000 0.000000 0.000000 0.000000
 80 15.708955 -0.000001 0.000000 0.153371 0.002792 0.528179
 81 0.273999 0.191090 3.439762 -3.130907 -0.000437 -1.508107
 82 17.210192 0.000001 0.000000 -0.000000 0.000000 -2.138823
 83 -0.000001 -0.000001 5.000000 -0.079314 1.595025 -1.570737
time 26
  0 -0.650000 0.000000 33.191761 -0.281436 0.436358 -2.443536
  1 11.368427 6.770639 -23.418962 -0.498313 0.132926 2.346876
  2 -2.276937 0.000002 -1.238186 -1.570795 -1.570451 0.000000
  3 1.796445 0.711872 0.000115 -0.035860 0.084380 -0.218237
  4 4.119738 -0.003073 0.000149 -0.045472 -0.046906 0.356496
  5 4.118862 -0.003267 0.000106 -0.032313 -0.082422 0.081587
  6 4.118478 -0.003276 0.000149 -0.045691 -0.062080 -0.036181
  7 4.120928 -0.002046 -0.001711 0.507494 0.090892 0.899822
  8 4.443599 -0.000001 0.000001 -0.284862 -0.163705 -0.070180
  9 9.024063 0.000003 0.000001 0.000000 0.000000 0.000000
 10 -0.157275 0.842140 1.508089 0.574058 -0.889577 1.685841
 11 6.384779 -0.000002 -0.000003 0.313742 0.842345 -0.771777
 12 10.242682 -0.000000 0.000001 -0.000000 0.000000 -1.074108
 13 11.375563 0.000002 0.000001 -2.394110 -0.083095 0.023589
 14 0.728680 0.023431 -1.008293 2.396606 0.246960 1.180206
 15 2.136497 0.000002 0.000000 0.000000 0.000000 0.506146
 16 2.313139 0.000001 -0.000001 0.000000 0.000000 0.000000
 17 3.115507 -0.886041 -0.021431 -0.164940 -0.022841 0.376177
 18 2.011151 0.000000 0.000001 -0.000000 0.000000 1.427662
 19 2.141379 0.000000 0.000000 0.000000 0.000000 0.000000
 20 1.734174 0.000003 -0.000000 0.000000 0.000000 0.713376
 21 0.000006 -4.440593 -0.000000 1.570544 -0.062990 -0.195737
 22 6.000000 -0.000001 0.000002 -2.197014 0.000000 -0.000000
 23 0.000002 -4.440601 -0.000001 1.569944 -0.062987 0.004053
 24 11.375562 -0.000001 0.000004 -1.981780 -0.050254 0.003555
 25 0.000001 -4.440604 -0.000002 1.570144 -0.062988 0.004040
 26 10.510130 -0.000001 0.000001 0.000000 -0.000000 -2.107850
 27 0.000001 -1.748400 4.999997 -0.000000 0.004007 1.602290
 28 5.500000 -0.000001 0.000001 -0.164840 0.000000 -0.000000
 29 -0.000002 -1.940599 5.000002 -0.044472 0.004003 -0.000180
 30 6.551491 -0.000000 -0.000002 0.242052 0.551201 -0.466739
 31 -0.000001 -1.940599 5.000003 -0.027189 -0.053376 0.005295
 32 6.551491 -0.000000 -0.000002 0.142030 0.244138 -0.226783
 33 -0.000000 -1.940599 4.999996 -0.066572 -0.152786 -0.110311
 34 0.157280 -0.835066 -1.508086 -2.341896 1.108940 0.089869
 35 6.384777 -0.000000 -0.000001 0.159560 -1.038912 -0.306168
 36 10.242682 0.000001 0.000001 0.000000 0.000000 -1.883351
 37 11.375563 0.000003 -0.000002 1.493475 -0.173788 0.694508
 38 0.728680 0.023430 1.008292 -1.579583 -0.319038 0.212973
 39 2.136498 -0.000001 -0.000001 -0.000000 0.000000 1.282817
 40 2.313141 0.000001 0.000001 0.000000 0.000000 3.141593
 41 3.115506 -0.886042 0.021431 0.708959 0.171755 0.347804
 42 2.011149 0.000001 -0.000000 -0.000000 0.000000 2.082010
 43 2.141380 -0.000001 0.000000 0.000000 0.000000 3.141593
 44 1.734170 -0.000001 -0.000000 0.000000 0.000000 1.041748
 45 0.136313 -3.738193 2.525890 1.493698 2.759406 -1.474501
 46 5.613160 0.862365 3.157030 1.595152 -0.135386 0.061522
 47 11.389367 -0.000817 0.158778 1.544946 -0.097717 0.350518
 48 0.000000 -4.440598 0.000002 1.570144 -3.078602 0.004040
 49 6.000001 0.000003 -0.000002 1.544946 0.000000 -0.000000
 50 0.000003 -4.440600 -0.000002 1.569944 -3.078603 0.004053
 51 10.510133 0.000000 0.000002 -0.000000 0.000000 -2.512472
 52 0.000002 -1.748399 -5.000000 -3.141593 0.004007 -1.539299
 53 5.500002 -0.000000 0.000001 0.013646 0.000000 0.000000
 54 -0.000000 -0.000000 -5.000000 -0.044472 3.137589 -0.000177
 55 6.551491 0.000001 -0.000003 -0.013646 -0.310286 -0.101993
 56 -1.266844 -1.937442 -4.950559 -0.066572 -2.988806 -0.110308
 57 6.551492 0.000001 -0.000004 -0.013646 -0.310286 -0.101993
 58 0.699370 -1.944206 -5.006846 -0.027189 -3.088217 0.005298
 59 4.226149 -0.003203 -0.000000 0.243464 0.102766 0.438527
 60 -0.000001 5.000001 0.000001 -0.153564 0.000087 2.718702
 61 0.000003 -0.000005 -3.713581 0.095503 -3.012510 -0.750673
 62 -0.000001 0.000001 5.000000 3.053197 1.558589 -0.074927
 63 -0.000009 0.000005 3.713580 -0.334410 -2.825095 -0.524885
 64 -0.000001 -0.000001 -5.000000 -0.088723 1.558589 3.066337
 65 7.363602 1.646646 0.495662 -3.141593 -1.570796 0.000000
 66 -0.000006 0.000006 3.619082 -0.528284 -2.367383 -1.007256
 67 16.573921 0.000001 0.000002 0.000000 -0.000000 -2.019199
 68 15.128181 -0.000000 -0.000001 0.031619 0.086785 -0.033197
 69 5.758665 4.244730 0.000000 0.000000 -0.000000 2.033309
 70 3.177726 0.000001 -0.000000 0.000000 0.000000 3.141593
 71 15.708953 0.000001 -0.000001 0.016155 0.048356 -0.018185
 72 0.275149 0.189214 -3.445207 3.130898 0.000409 -1.514604
 73 17.210196 -0.000000 0.000002 -0.000000 -0.000000 -2.322356
 74 0.000001 -0.000000 -5.000000 -0.079433 1.546568 -1.570857
 75 0.000005 -0.000005 -3.619081 0.196495 -3.011952 -1.279118
 76 16.573921 0.000002 0.000001 -0.000000 -0.000000 -1.611348
 77 15.128183 -0.000001 -0.000000 0.214418 -0.027533 0.774389
 78 5.758666 4.244731 -0.000000 -0.000000 0.000000 1.483530
 79 4.003935 0.000000 0.000000 0.000000 0.000000 0.000000
 80 15.708955 -0.000002 0.000000 0.153371 0.002792 0.528179
 81 0.273998 0.191090 3.439763 -3.130907 -0.000437 -1.508107
 82 17.210192 0.000001 0.000000 -0.000000 0.000000 -2.138824
 83 0.000000 -0.000000 5.000000 -0.079311 1.595025 -1.570737
time 27
  0 -0.650000 0.000000 33.191761 -0.281436 0.436358 -2.443536
  1 11.368426 6.770639 -23.418962 -0.498313 0.132926 2.346876
  2 -2.276937 0.000002 -1.238186 -1.570795 -1.570451 0.000000
  3 1.796445 0.711873 0.000114 -0.035362 0.084120 -0.217523
  4 4.119742 -0.003074 0.000147 -0.044984 -0.046957 0.356629
  5 4.118861 -0.003267 0.000104 -0.031795 -0.082257 0.081698
  6 4.118476 -0.003274 0.000146 -0.045174 -0.061932 -0.036058
  7 4.120922 -0.002052 -0.001717 0.508901 0.092005 0.897813
  8 4.443600 0.000003 -0.000000 -0.237958 -0.141720 -0.158470
  9 9.024062 0.000002 0.000000 0.000000 0.000000 0.000000
 10 -0.159196 0.844179 1.506753 0.619440 -0.752430 1.649480
 11 6.384780 -0.000001 0.000003 0.306457 0.809416 -0.642601
 12 10.242681 -0.000000 0.000001 0.000000 0.000000 -0.829761
 13 11.375564 0.000001 -0.000001 -2.434211 -0.135387 -0.064649
 14 0.728680 0.023431 -1.008292 2.396606 0.246960 1.180207
 15 2.136497 0.000002 0.000001 0.000000 -0.000000 0.506146
 16 2.313139 -0.000001 -0.000001 0.000000 0.000000 0.000000
 17 3.115506 -0.886041 -0.021432 -0.154980 -0.061101 0.139947
 18 2.011150 0.000001 -0.000001 0.000000 0.000000 1.269496
 19 2.141379 -0.000000 0.000002 0.000000 0.000000 0.000000
 20 1.734174 0.000002 -0.000001 -0.000000 -0.000000 0.633965
 21 0.000005 -4.440594 0.000000 1.570544 -0.062990 -0.195737
 22 5.999999 -0.000003 0.000001 -2.227787 0.000000 -0.000000
 23 0.000001 -4.440601 -0.000002 1.569944 -0.062987 0.004053
 24 11.375561 -0.000002 0.000003 -2.001771 -0.068277 -0.054276
 25 0.000000 -4.440603 -0.000002 1.570144 -0.062988 0.004040
 26 10.510129 -0.000001 0.000001 0.000000 -0.000000 -1.985677
 27 0.000001 -1.748402 5.000000 -0.000000 0.004007 1.602290
 28 5.499997 -0.000001 0.000001 -0.152105 0.000000 0.000000
 29 -0.000002 -1.940599 5.000001 -0.044472 0.004003 -0.000180
 30 6.551493 -0.000000 0.000001 0.222917 0.546868 -0.426013
 31 0.000003 -1.940600 5.000002 -0.027189 -0.053376 0.005295
 32 6.551493 -0.000000 0.000001 0.131296 0.246345 -0.208656
 33 0.000004 -1.940601 4.999996 -0.066572 -0.152786 -0.110311
 34 0.159199 -0.837096 -1.506753 -2.328561 1.117090 0.107801
 35 6.384777 0.000000 -0.000000 0.138581 -1.042425 -0.297262
 36 10.242683 -0.000002 0.000000 0.000000 0.000000 -1.896634
 37 11.375562 -0.000001 -0.000002 1.510963 -0.163931 0.703050
 38 0.728682 0.023430 1.008291 -1.579583 -0.319038 0.212973
 39 2.136496 -0.000001 0.000000 -0.000000 0.000000 1.282817
 40 2.313141 0.000000 0.000001 0.000000 0.000000 3.141593
 41 3.115508 -0.886043 0.021431 0.708959 0.171755 0.347804
 42 2.011150 -0.000001 -0.000000 0.000000 0.000000 2.082010
 43 2.141380 -0.000001 0.000000 0.000000 0.000000 3.141593
 44 1.734172 -0.000001 -0.000000 0.000000 0.000000 1.041748
 45 0.136314 -3.738192 2.525892 1.493698 2.759406 -1.474501
 46 5.613161 0.862365 3.157030 1.595152 -0.135386 0.061522
 47 11.389366 -0.000820 0.158779 1.553066 -0.090981 0.354726
 48 0.000002 -4.440599 0.000001 1.570144 -3.078602 0.004040
 49 6.000000 0.000001 -0.000002 1.553066 0.000000 0.000000
 50 0.000003 -4.440601 -0.000002 1.569944 -3.078603 0.004053
 51 10.510136 -0.000001 0.000001 -0.000000 -0.000000 -2.519113
 52 0.000001 -1.748399 -5.000000 -3.141593 0.004007 -1.539299
 53 5.500001 0.000000 0.000000 0.020386 -0.000000 -0.000000
 54 -0.000003 -0.000001 -5.000000 -0.044472 3.137589 -0.000177
 55 6.551492 -0.000000 -0.000001 -0.020386 -0.311554 -0.102723
 56 -1.266843 -1.937445 -4.950560 -0.066572 -2.988806 -0.110308
 57 6.551493 -0.000000 -0.000002 -0.020386 -0.311554 -0.102723
 58 0.699371 -1.944206 -5.006848 -0.027189 -3.088217 0.005298
 59 4.226145 -0.003201 0.000000 0.244036 0.103323 0.437552
 60 0.000001 5.000002 0.000001 -0.153564 0.000087 2.718702
 61 0.000003 -0.000005 -3.713581 0.095503 -3.012510 -0.750673
 62 -0.000001 0.000001 5.000000 3.053197 1.558589 -0.074927
 63 -0.000009 0.000005 3.713580 -0.334410 -2.825095 -0.524885
 64 -0.000001 -0.000001 -5.000000 -0.088723 1.558589 3.066337
 65 7.363602 1.646646 0.495662 -3.141593 -1.570796 0.000000
 66 -0.000006 0.000006 3.619082 -0.528284 -2.367383 -1.007256
 67 16.573921 0.000001 0.000002 0.000000 -0.000000 -2.019199
 68 15.128181 -0.000000 -0.000001 0.031619 0.086785 -0.033197
 69 5.758665 4.244730 0.000000 0.000000 -0.000000 2.033309
 70 3.177726 0.000001 -0.000000 0.000000 0.000000 3.141593
 71 15.708953 0.000001 -0.000001 0.016155 0.048356 -0.018185
 72 0.275149 0.189214 -3.445207 3.130898 0.000409 -1.514604
 73 17.210196 -0.000000 0.000002 -0.000000 -0.000000 -2.322356
 74 0.000001 -0.000000 -5.000000 -0.079433 1.546568 -1.570857
 75 0.000005 -0.000005 -3.619081 0.196495 -3.011952 -1.279118
 76 16.573921 0.000002 0.000001 -0.000000 -0.000000 -1.611348
 77 15.128181 -0.000001 -0.000000 0.214418 -0.027533 0.774389
 78 5.758666 4.244731 -0.000000 -0.000000 0.000000 1.483530
 79 4.003935 -0.000000 0.000000 0.000000 0.000000 0.000000
 80 15.708955 -0.000001 0.000000 0.153371 0.002792 0.528179
 81 0.273999 0.191090 3.439762 -3.130907 -0.000437 -1.508107
 82 17.210192 0.000001 0.000000 -0.000000 0.000000 -2.138823
 83 -0.000001 -0.000001 5.000000 -0.079314 1.595025 -1.570737
time 28
  0 -0.650000 0.000000 33.191761 -0.281436 0.436358 -2.443536
  1 11.368427 6.770639 -23.418962 -0.498313 0.132926 2.346876
  2 -2.276937 0.000002 -1.238186 -1.570795 -1.570451 0.000000
  3 1.796449 0.711872 0.000115 -0.035689 0.083993 -0.216817
  4 4.119745 -0.003073 0.000148 -0.045285 -0.046807 0.356824
  5 4.118863 -0.003269 0.000104 -0.032120 -0.082178 0.081905
  6 4.118476 -0.003272 0.000149 -0.045500 -0.061908 -0.035857
  7 4.120912 -0.002056 -0.001720 0.510247 0.093073 0.895890
  8 4.443599 -0.000003 0.000001 -0.194592 -0.126400 -0.236835
  9 9.024062 -0.000001 -0.000001 0.000000 0.000000 0.000000
 10 -0.161039 0.846120 1.505471 0.617570 -0.760125 1.652617
 11 6.384776 0.000001 0.000001 0.210711 0.714855 -0.589722
 12 10.242682 0.000000 0.000001 0.000000 -0.000000 -0.849820
 13 11.375563 -0.000000 -0.000000 -2.552861 -0.386221 -0.208743
 14 0.728681 0.023431 -1.008293 2.396606 0.246960 1.180207
 15 2.136497 -0.000001 -0.000000 -0.000000 0.000000 0.506146
 16 2.313139 -0.000000 -0.000000 0.000000 0.000000 0.000000
 17 3.115506 -0.886041 -0.021432 -0.146401 -0.079588 0.018050
 18 2.011150 -0.000000 0.000001 -0.000000 -0.000000 1.188134
 19 2.141380 0.000000 0.000000 0.000000 0.000000 0.000000
 20 1.734175 0.000002 -0.000001 -0.000000 0.000000 0.593230
 21 0.000007 -4.440593 -0.000001 1.570544 -0.062990 -0.195737
 22 6.000000 -0.000002 0.000002 -2.318640 0.000000 0.000000
 23 0.000002 -4.440601 -0.000000 1.569944 -0.062987 0.004053
 24 11.375562 -0.000002 0.000005 -2.058649 -0.178173 -0.165581
 25 0.000001 -4.440604 -0.000001 1.570144 -0.062988 0.004040
 26 10.510129 -0.000001 0.000000 0.000000 0.000000 -1.995706
 27 0.000001 -1.748401 4.999998 -0.000000 0.004007 1.602291
 28 5.499998 -0.000000 0.000001 -0.116738 -0.000000 0.000000
 29 -0.000001 -1.940599 5.000001 -0.044472 0.004003 -0.000180
 30 6.551491 0.000000 -0.000001 0.161775 0.495349 -0.422698
 31 0.000002 -1.940598 5.000002 -0.027189 -0.053376 0.005295
 32 6.551491 0.000000 -0.000001 0.101877 0.228267 -0.205672
 33 0.000001 -1.940599 4.999997 -0.066572 -0.152786 -0.110311
 34 0.161043 -0.839047 -1.505470 -2.320976 1.122294 0.119156
 35 6.384777 0.000001 -0.000000 0.126863 -1.044379 -0.297355
 36 10.242681 0.000000 -0.000000 -0.000000 0.000000 -1.903580
 37 11.375562 -0.000001 -0.000002 1.530215 -0.154912 0.707704
 38 0.728679 0.023430 1.008293 -1.579583 -0.319038 0.212973
 39 2.136497 -0.000000 -0.000001 -0.000000 0.000000 1.282817
 40 2.313139 0.000000 0.000001 0.000000 0.000000 3.141593
 41 3.115507 -0.886041 0.021431 0.708959 0.171755 0.347804
 42 2.011149 0.000001 -0.000000 0.000000 0.000000 2.082010
 43 2.141379 -0.000001 -0.000000 0.000000 0.000000 3.141593
 44 1.734171 -0.000001 -0.000000 -0.000000 0.000000 1.041748
 45 0.136315 -3.738192 2.525891 1.493698 2.759406 -1.474501
 46 5.613161 0.862365 3.157032 1.595152 -0.135386 0.061522
 47 11.389366 -0.000819 0.158778 1.562086 -0.084443 0.357217
 48 0.000002 -4.440598 0.000000 1.570144 -3.078602 0.004040
 49 6.000000 -0.000001 -0.000002 1.562086 0.000000 -0.000000
 50 0.000003 -4.440600 -0.000002 1.569944 -3.078603 0.004053
 51 10.510133 0.000001 0.000001 0.000000 -0.000000 -2.522586
 52 0.000001 -1.748400 -5.000000 3.141593 0.004007 -1.539299
 53 5.500002 -0.000000 0.000000 0.025249 0.000000 -0.000000
 54 0.000003 -0.000001 -5.000000 -0.044472 3.137589 -0.000177
 55 6.551492 0.000000 -0.000001 -0.025249 -0.312417 -0.104890
 56 -1.266842 -1.937444 -4.950557 -0.066572 -2.988806 -0.110308
 57 6.551492 -0.000000 -0.000001 -0.025249 -0.312417 -0.104890
 58 0.699370 -1.944207 -5.006847 -0.027189 -3.088217 0.005298
 59 4.226145 -0.003202 -0.000000 0.244584 0.103857 0.436617
 60 0.000001 5.000000 0.000001 -0.153564 0.000087 2.718702
 61 0.000003 -0.000005 -3.713581 0.095503 -3.012510 -0.750673
 62 -0.000001 0.000001 5.000000 3.053197 1.558589 -0.074927
 63 -0.000009 0.000005 3.713580 -0.334410 -2.825096 -0.524885
 64 -0.000001 -0.000001 -5.000000 -0.088726 1.558589 3.066334
 65 7.363602 1.646646 0.495662 -3.141593 -1.570796 0.000000
 66 -0.000006 0.000006 3.619082 -0.528284 -2.367384 -1.007256
 67 16.573923 -0.000000 0.000002 0.000000 0.000000 -2.019199
 68 15.128181 0.000001 -0.000003 0.031619 0.086785 -0.033197
 69 5.758666 4.244731 0.000000 0.000000 -0.000000 2.033309
 70 3.177726 0.000001 0.000000 0.000000 0.000000 3.141593
 71 15.708952 0.000001 -0.000003 0.016155 0.048356 -0.018185
 72 0.275149 0.189215 -3.445209 3.130898 0.000409 -1.514604
 73 17.210192 -0.000000 0.000002 0.000000 0.000000 -2.322356
 74 0.000001 0.000000 -5.000000 -0.079429 1.546568 -1.570852
 75 0.000005 -0.000005 -3.619081 0.196495 -3.011952 -1.279118
 76 16.573921 0.000002 0.000001 -0.000000 -0.000000 -1.611348
 77 15.128181 -0.000001 -0.000000 0.214418 -0.027533 0.774389
 78 5.758666 4.244731 -0.000000 -0.000000 0.000000 1.483530
 79 4.003935 -0.000000 0.000000 0.000000 0.000000 0.000000
 80 15.708955 -0.000001 0.000000 0.153371 0.002792 0.528179
 81 0.273999 0.191090 3.439762 -3.130907 -0.000437 -1.508107
 82 17.210192 0.000001 0.000000 -0.000000 0.000000 -2.138823
 83 -0.000001 -0.000001 5.000000 -0.079314 1.595025 -1.570737
time 29
  0 -0.650000 0.000000 33.191761 -0.281436 0.436358 -2.443536
  1 11.368427 6.770639 -23.418962 -0.498313 0.132926 2.346876
  2 -2.276937 0.000002 -1.238186 -1.570795 -1.570451 0.000000
  3 1.796450 0.711871 0.000119 -0.037068 0.084194 -0.216736
  4 4.119739 -0.003071 0.000153 -0.046604 -0.046461 0.356950
  5 4.118865 -0.003269 0.000109 -0.033528 -0.082308 0.082088
  6 4.118476 -0.003273 0.000153 -0.046910 -0.062103 -0.035705
  7 4.120905 -0.002059 -0.001723 0.511493 0.094066 0.894109
  8 4.443599 -0.000001 -0.000000 -0.155778 -0.122832 -0.297377
  9 9.024061 0.000001 0.000001 0.000000 0.000000 0.000000
 10 -0.162752 0.847914 1.504279 0.597845 -0.824169 1.670037
 11 6.384778 -0.000002 -0.000002 0.135690 0.594318 -0.534988
 12 10.242682 -0.000001 0.000001 -0.000000 -0.000000 -1.006789
 13 11.375564 0.000001 0.000000 -2.654277 -0.664600 -0.298443
 14 0.728681 0.023430 -1.008293 2.396606 0.246960 1.180207
 15 2.136497 0.000000 0.000000 -0.000000 -0.000000 0.506146
 16 2.313139 -0.000001 -0.000000 0.000000 0.000000 0.000000
 17 3.115508 -0.886041 -0.021432 -0.142525 -0.086367 -0.028705
 18 2.011151 -0.000001 -0.000000 0.000000 0.000000 1.156985
 19 2.141380 0.000001 -0.000001 0.000000 0.000000 0.000000
 20 1.734175 0.000002 0.000000 -0.000000 -0.000000 0.577659
 21 0.000006 -4.440595 0.000001 1.570544 -0.062990 -0.195737
 22 6.000000 -0.000001 0.000002 -2.400370 0.000000 -0.000000
 23 0.000003 -4.440602 0.000000 1.569944 -0.062987 0.004053
 24 11.375563 0.000000 0.000004 -2.104403 -0.294093 -0.245824
 25 0.000001 -4.440603 -0.000000 1.570144 -0.062988 0.004040
 26 10.510130 -0.000002 0.000000 0.000000 -0.000000 -2.074191
 27 0.000001 -1.748399 4.999997 0.000000 0.004007 1.602290
 28 5.499998 -0.000001 0.000001 -0.082362 -0.000000 -0.000000
 29 -0.000001 -1.940599 5.000001 -0.044472 0.004003 -0.000180
 30 6.551489 -0.000000 -0.000001 0.106113 0.422279 -0.419772
 31 0.000002 -1.940600 5.000001 -0.027189 -0.053376 0.005295
 32 6.551489 -0.000000 -0.000001 0.072857 0.198844 -0.204098
 33 0.000002 -1.940599 4.999995 -0.066572 -0.152786 -0.110311
 34 0.162755 -0.840841 -1.504280 -2.320448 1.124149 0.122447
 35 6.384777 -0.000002 -0.000001 0.128325 -1.043887 -0.308943
 36 10.242681 -0.000000 0.000001 0.000000 -0.000000 -1.902000
 37 11.375563 0.000003 -0.000001 1.538695 -0.151496 0.709319
 38 0.728681 0.023430 1.008292 -1.579583 -0.319038 0.212973
 39 2.136498 0.000001 0.000000 -0.000000 0.000000 1.282817
 40 2.313137 0.000002 0.000001 0.000000 0.000000 3.141593
 41 3.115508 -0.886041 0.021431 0.708959 0.171755 0.347804
 42 2.011151 -0.000001 -0.000001 0.000000 0.000000 2.082010
 43 2.141381 0.000001 0.000000 0.000000 0.000000 3.141593
 44 1.734173 -0.000002 -0.000000 -0.000000 -0.000000 1.041748
 45 0.136315 -3.738192 2.525891 1.493698 2.759406 -1.474501
 46 5.613159 0.862366 3.157032 1.595152 -0.135386 0.061522
 47 11.389367 -0.000817 0.158781 1.566103 -0.081834 0.358102
 48 0.000002 -4.440600 0.000001 1.570144 -3.078602 0.004040
 49 6.000000 0.000003 -0.000000 1.566103 0.000000 -0.000000
 50 0.000003 -4.440600 0.000000 1.569944 -3.078603 0.004053
 51 10.510132 -0.000000 0.000001 -0.000000 0.000000 -2.521796
 52 0.000001 -1.748400 -5.000000 3.141593 0.004007 -1.539299
 53 5.500000 -0.000001 0.000000 0.027221 0.000000 -0.000000
 54 0.000000 -0.000002 -5.000000 -0.044472 3.137589 -0.000177
 55 6.551491 -0.000002 -0.000002 -0.027221 -0.312574 -0.108661
 56 -1.266844 -1.937443 -4.950560 -0.066572 -2.988806 -0.110308
 57 6.551492 -0.000002 -0.000003 -0.027221 -0.312574 -0.108661
 58 0.699371 -1.944209 -5.006846 -0.027189 -3.088217 0.005298
 59 4.226144 -0.003201 -0.000000 0.245091 0.104352 0.435750
 60 -0.000001 5.000004 0.000000 -0.153565 0.000087 2.718702
 61 0.000003 -0.000005 -3.713581 0.095503 -3.012510 -0.750673
 62 -0.000001 0.000001 5.000000 3.053197 1.558589 -0.074927
 63 -0.000009 0.000005 3.713580 -0.334410 -2.825095 -0.524885
 64 -0.000001 -0.000001 -5.000000 -0.088723 1.558589 3.066337
 65 7.363602 1.646646 0.495662 -3.141593 -1.570796 0.000000
 66 -0.000006 0.000006 3.619082 -0.528284 -2.367383 -1.007256
 67 16.573921 0.000001 0.000002 0.000000 -0.000000 -2.019199
 68 15.128181 -0.000000 -0.000001 0.031619 0.086785 -0.033197
 69 5.758665 4.244730 0.000000 0.000000 -0.000000 2.033309
 70 3.177726 0.000001 -0.000000 0.000000 0.000000 3.141593
 71 15.708953 0.000001 -0.000001 0.016155 0.048356 -0.018185
 72 0.275149 0.189214 -3.445207 3.130898 0.000409 -1.514604
 73 17.210196 -0.000000 0.000002 -0.000000 -0.000000 -2.322356
 74 0.000001 -0.000000 -5.000000 -0.079433 1.546568 -1.570857
 75 0.000005 -0.000005 -3.619081 0.196495 -3.011952 -1.279118
 76 16.573921 0.000002 0.000001 -0.000000 -0.000000 -1.611348
 77 15.128181 -0.000001 -0.000000 0.214418 -0.027533 0.774389
 78 5.758666 4.244731 -0.000000 -0.000000 0.000000 1.483530
 79 4.003935 -0.000000 0.000000 0.000000 0.000000 0.000000
 80 15.708955 -0.000001 0.000000 0.153371 0.002792 0.528179
 81 0.273999 0.191090 3.439762 -3.130907 -0.000437 -1.508107
 82 17.210192 0.000001 0.000000 -0.000000 0.000000 -2.138823
 83 -0.000001 -0.000001 5.000000 -0.079314 1.595025 -1.570737
time 30
  0 -0.650000 0.000000 33.191761 -0.281436 0.436358 -2.443536
  1 11.368427 6.770639 -23.418962 -0.498313 0.132926 2.346876
  2 -2.276937 0.000002 -1.238186 -1.570795 -1.570451 0.000000
  3 1.796451 0.711871 0.000123 -0.038406 0.084525 -0.217203
  4 4.119737 -0.003071 0.000158 -0.047892 -0.046179 0.356941
  5 4.118869 -0.003272 0.000113 -0.034900 -0.082521 0.082136
  6 4.118476 -0.003273 0.000158 -0.048283 -0.062349 -0.035688
  7 4.120900 -0.002063 -0.001727 0.512623 0.094970 0.892492
  8 4.443599 0.000000 -0.000000 -0.118683 -0.135635 -0.347444
  9 9.024061 0.000003 0.000000 0.000000 0.000000 0.000000
 10 -0.164311 0.849544 1.503196 0.596630 -0.827560 1.672920
 11 6.384779 -0.000001 -0.000001 0.223650 0.488473 -0.427309
 12 10.242684 -0.000001 -0.000000 0.000000 -0.000000 -1.159898
 13 11.375561 -0.000002 0.000002 -2.683450 -0.701434 -0.223883
 14 0.728681 0.023430 -1.008291 2.396606 0.246960 1.180206
 15 2.136496 0.000001 0.000000 -0.000000 -0.000000 0.506146
 16 2.313140 -0.000001 0.000001 0.000000 0.000000 0.000000
 17 3.115507 -0.886041 -0.021432 -0.141606 -0.087872 -0.039268
 18 2.011151 -0.000001 -0.000002 0.000000 0.000000 1.149953
 19 2.141380 0.000000 0.000001 0.000000 0.000000 0.000000
 20 1.734175 0.000002 -0.000002 0.000000 0.000000 0.574145
 21 0.000007 -4.440594 -0.000000 1.570544 -0.062990 -0.195737
 22 6.000000 -0.000002 0.000003 -2.414293 -0.000000 -0.000000
 23 0.000002 -4.440601 0.000001 1.569944 -0.062987 0.004053
 24 11.375562 -0.000002 0.000006 -2.107926 -0.322862 -0.216831
 25 0.000002 -4.440604 -0.000000 1.570144 -0.062988 0.004040
 26 10.510130 -0.000001 0.000000 -0.000000 -0.000000 -2.150746
 27 0.000002 -1.748402 4.999998 0.000000 0.004007 1.602290
 28 5.500001 -0.000001 0.000001 -0.098795 0.000000 -0.000000
 29 -0.000002 -1.940599 5.000000 -0.044472 0.004003 -0.000180
 30 6.551491 0.000001 -0.000001 0.142094 0.365721 -0.385428
 31 -0.000001 -1.940599 5.000003 -0.027189 -0.053376 0.005295
 32 6.551491 0.000001 -0.000001 0.086031 0.171633 -0.191344
 33 0.000002 -1.940598 4.999994 -0.066572 -0.152786 -0.110311
 34 0.164314 -0.842465 -1.503196 -2.315918 1.127620 0.129918
 35 6.384777 0.000003 -0.000001 0.068058 -1.052567 -0.261857
 36 10.242683 0.000000 0.000001 -0.000000 -0.000000 -1.899819
 37 11.375562 -0.000001 -0.000000 1.589911 -0.140459 0.663945
 38 0.728680 0.023431 1.008292 -1.579583 -0.319038 0.212973
 39 2.136497 0.000002 0.000000 0.000000 0.000000 1.282817
 40 2.313138 0.000001 0.000000 0.000000 0.000000 3.141593
 41 3.115508 -0.886042 0.021431 0.708959 0.171755 0.347804
 42 2.011150 -0.000000 -0.000002 0.000000 0.000000 2.082010
 43 2.141381 -0.000001 0.000001 0.000000 0.000000 3.141593
 44 1.734171 -0.000001 -0.000001 0.000000 -0.000000 1.041748
 45 0.136315 -3.738193 2.525890 1.493698 2.759406 -1.474501
 46 5.613160 0.862366 3.157032 1.595152 -0.135386 0.061522
 47 11.389367 -0.000819 0.158781 1.590163 -0.071517 0.339401
 48 -0.000000 -4.440598 0.000003 1.570144 -3.078602 0.004040
 49 6.000001 0.000001 -0.000000 1.590162 0.000000 0.000000
 50 0.000002 -4.440600 -0.000002 1.569944 -3.078603 0.004053
 51 10.510136 0.000000 0.000001 0.000000 -0.000000 -2.520706
 52 0.000001 -1.748400 -5.000001 -3.141593 0.004007 -1.539299
 53 5.500000 0.000002 -0.000000 0.040676 -0.000000 0.000000
 54 -0.000001 -0.000000 -5.000000 -0.044472 3.137589 -0.000177
 55 6.551492 0.000001 -0.000001 -0.040676 -0.315541 -0.102766
 56 -1.266844 -1.937444 -4.950560 -0.066572 -2.988806 -0.110308
 57 6.551493 0.000000 -0.000001 -0.040676 -0.315541 -0.102766
 58 0.699371 -1.944209 -5.006847 -0.027189 -3.088217 0.005298
 59 4.226145 -0.003201 0.000000 0.245551 0.104803 0.434963
 60 -0.000001 5.000001 0.000001 -0.153564 0.000087 2.718702
 61 0.000003 -0.000005 -3.713581 0.095503 -3.012510 -0.750673
 62 -0.000001 0.000001 5.000000 3.053197 1.558589 -0.074927
 63 -0.000009 0.000005 3.713580 -0.334410 -2.825096 -0.524885
 64 -0.000001 -0.000000 -5.000000 -0.088728 1.558589 3.066333
 65 7.363602 1.646646 0.495662 -3.141593 -1.570796 0.000000
 66 -0.000006 0.000006 3.619082 -0.528284 -2.367383 -1.007256
 67 16.573921 0.000001 0.000002 -0.000000 -0.000000 -2.019199
 68 15.128181 0.000001 -0.000000 0.031619 0.086785 -0.033197
 69 5.758666 4.244730 0.000000 0.000000 -0.000000 2.033309
 70 3.177726 0.000001 -0.000000 0.000000 0.000000 3.141593
 71 15.708953 0.000001 -0.000001 0.016155 0.048356 -0.018185
 72 0.275149 0.189215 -3.445208 3.130898 0.000409 -1.514604
 73 17.210192 -0.000000 0.000003 0.000000 0.000000 -2.322356
 74 0.000001 0.000000 -5.000000 -0.079429 1.546568 -1.570852
 75 0.000005 -0.000005 -3.619081 0.196495 -3.011952 -1.279118
 76 16.573921 0.000002 0.000001 -0.000000 -0.000000 -1.611348
 77 15.128183 -0.000001 -0.000000 0.214418 -0.027533 0.774389
 78 5.758666 4.244731 -0.000000 -0.000000 0.000000 1.483530
 79 4.003935 0.000000 0.000000 0.000000 0.000000 0.000000
 80 15.708955 -0.000002 0.000000 0.153371 0.002792 0.528179
 81 0.273998 0.191090 3.439763 -3.130907 -0.000437 -1.508107
 82 17.210192 0.000001 0.000000 -0.000000 0.000000 -2.138824
 83 0.000000 -0.000000 5.000000 -0.079311 1.595025 -1.570737
time 31
  0 -0.650000 0.000000 33.191761 -0.281436 0.436358 -2.443536
  1 11.368426 6.770639 -23.418962 -0.498313 0.132926 2.346876
  2 -2.276937 0.000002 -1.238186 -1.570795 -1.570451 0.000000
  3 1.796447 0.711872 0.000137 -0.042725 0.085786 -0.218910
  4 4.119740 -0.003071 0.000170 -0.052053 -0.045334 0.356865
  5 4.118861 -0.003267 0.000129 -0.039333 -0.083312 0.082250
  6 4.118476 -0.003274 0.000171 -0.052718 -0.063208 -0.035675
  7 4.120891 -0.002065 -0.001728 0.513667 0.095807 0.890997
  8 4.443600 -0.000003 -0.000001 -0.069599 -0.168594 -0.392300
  9 9.024059 0.000001 -0.000001 0.000000 0.000000 0.000000
 10 -0.165755 0.851042 1.502191 0.598214 -0.821712 1.673320
 11 6.384776 -0.000000 0.000002 0.278440 0.366388 -0.326106
 12 10.242682 0.000000 0.000001 -0.000000 -0.000000 -1.318154
 13 11.375562 0.000001 0.000001 -2.629377 -0.604047 -0.128274
 14 0.728681 0.023431 -1.008291 2.396606 0.246960 1.180207
 15 2.136498 -0.000000 0.000000 -0.000000 -0.000000 0.506146
 16 2.313139 0.000000 0.000000 0.000000 0.000000 0.000000
 17 3.115507 -0.886042 -0.021432 -0.142525 -0.086367 -0.028705
 18 2.011151 0.000002 0.000001 -0.000000 0.000000 1.156985
 19 2.141379 -0.000001 0.000000 0.000000 0.000000 0.000000
 20 1.734175 0.000002 -0.000000 -0.000000 0.000000 0.577659
 21 0.000006 -4.440595 0.000001 1.570544 -0.062990 -0.195737
 22 6.000000 -0.000001 0.000002 -2.367348 0.000000 0.000000
 23 0.000003 -4.440601 -0.000000 1.569944 -0.062987 0.004053
 24 11.375563 -0.000001 0.000005 -2.079636 -0.295904 -0.153191
 25 0.000002 -4.440603 -0.000001 1.570144 -0.062988 0.004040
 26 10.510130 -0.000001 0.000002 0.000000 -0.000000 -2.229873
 27 0.000000 -1.748399 4.999999 0.000000 0.004007 1.602291
 28 5.500000 -0.000000 0.000002 -0.110545 0.000000 0.000000
 29 -0.000000 -1.940599 5.000001 -0.044472 0.004003 -0.000180
 30 6.551490 -0.000000 0.000001 0.169039 0.299011 -0.348431
 31 -0.000001 -1.940600 5.000003 -0.027189 -0.053376 0.005295
 32 6.551490 -0.000000 0.000001 0.095336 0.139770 -0.175795
 33 0.000001 -1.940599 4.999997 -0.066572 -0.152786 -0.110311
 34 0.165758 -0.843975 -1.502192 -2.315238 1.129273 0.132935
 35 6.384778 -0.000002 0.000002 -0.132363 -1.070807 -0.094450
 36 10.242683 -0.000001 0.000000 -0.000000 0.000000 -1.880407
 37 11.375562 -0.000001 -0.000001 1.770532 -0.075301 0.485818
 38 0.728681 0.023431 1.008292 -1.579583 -0.319038 0.212973
 39 2.136496 -0.000001 -0.000000 -0.000000 -0.000000 1.282817
 40 2.313139 0.000001 -0.000000 0.000000 0.000000 3.141593
 41 3.115508 -0.886041 0.021431 0.708959 0.171755 0.347804
 42 2.011150 0.000001 -0.000001 -0.000000 0.000000 2.082010
 43 2.141379 -0.000000 0.000001 0.000000 0.000000 3.141593
 44 1.734172 -0.000002 -0.000001 -0.000000 0.000000 1.041748
 45 0.136315 -3.738193 2.525891 1.493698 2.759406 -1.474501
 46 5.613160 0.862365 3.157032 1.595152 -0.135386 0.061522
 47 11.389367 -0.000821 0.158779 1.674307 -0.026591 0.262067
 48 0.000002 -4.440599 0.000000 1.570144 -3.078602 0.004040
 49 6.000001 0.000002 -0.000000 1.674307 0.000000 0.000000
 50 0.000003 -4.440601 -0.000001 1.569944 -3.078603 0.004053
 51 10.510134 0.000001 0.000001 0.000000 0.000000 -2.511000
 52 0.000001 -1.748401 -5.000001 -3.141593 0.004007 -1.539299
 53 5.500001 0.000001 0.000000 0.080749 -0.000000 -0.000000
 54 0.000000 -0.000001 -4.999999 -0.044472 3.137589 -0.000177
 55 6.551492 0.000000 -0.000002 -0.080749 -0.323492 -0.079851
 56 -1.266843 -1.937443 -4.950562 -0.066572 -2.988806 -0.110308
 57 6.551492 0.000000 -0.000002 -0.080749 -0.323492 -0.079851
 58 0.699371 -1.944208 -5.006849 -0.027189 -3.088217 0.005298
 59 4.226143 -0.003201 0.000000 0.245976 0.105220 0.434235
 60 -0.000000 5.000003 0.000000 -0.153565 0.000087 2.718702
 61 0.000003 -0.000005 -3.713581 0.095503 -3.012510 -0.750673
 62 -0.000001 0.000001 5.000000 3.053197 1.558589 -0.074927
 63 -0.000009 0.000005 3.713580 -0.334410 -2.825095 -0.524885
 64 -0.000001 -0.000001 -5.000000 -0.088723 1.558589 3.066337
 65 7.363602 1.646646 0.495662 -3.141593 -1.570796 0.000000
 66 -0.000006 0.000006 3.619082 -0.528284 -2.367383 -1.007256
 67 16.573921 0.000001 0.000002 0.000000 -0.000000 -2.019199
 68 15.128181 -0.000000 -0.000001 0.031619 0.086785 -0.033197
 69 5.758665 4.244730 0.000000 0.000000 -0.000000 2.033309
 70 3.177726 0.000001 -0.000000 0.000000 0.000000 3.141593
 71 15.708953 0.000001 -0.000001 0.016155 0.048356 -0.018185
 72 0.275149 0.189214 -3.445207 3.130898 0.000409 -1.514604
 73 17.210196 -0.000000 0.000002 -0.000000 -0.000000 -2.322356
 74 0.000001 -0.000000 -5.000000 -0.079433 1.546568 -1.570857
 75 0.000005 -0.000005 -3.619081 0.196495 -3.011952 -1.279118
 76 16.573921 0.000002 0.000001 -0.000000 -0.000000 -1.611348
 77 15.128181 -0.000001 -0.000000 0.214418 -0.027533 0.774389
 78 5.758666 4.244731 -0.000000 -0.000000 0.000000 1.483530
 79 4.003935 -0.000000 0.000000 0.000000 0.000000 0.000000
 80 15.708955 -0.000001 0.000000 0.153371 0.002792 0.528179
 81 0.273999 0.191090 3.439762 -3.130907 -0.000437 -1.508107
 82 17.210192 0.000001 0.000000 -0.000000 0.000000 -2.138823
 83 -0.000001 -0.000001 5.000000 -0.079314 1.595025 -1.570737
time 32
  0 -0.650000 0.000000 33.191761 -0.281436 0.436358 -2.443536
  1 11.368427 6.770639 -23.418962 -0.498313 0.132926 2.346876
  2 -2.276937 0.000002 -1.238186 -1.570795 -1.570451 0.000000
  3 1.796437 0.711877 0.000171 -0.052997 0.088777 -0.222917
  4 4.119737 -0.003070 0.000203 -0.061936 -0.043332 0.356689
  5 4.118862 -0.003268 0.000162 -0.049868 -0.085200 0.082553
  6 4.118470 -0.003268 0.000208 -0.063256 -0.065255 -0.035611
  7 4.120892 -0.002073 -0.001735 0.514651 0.096599 0.889587
  8 4.443599 0.000004 0.000000 -0.002761 -0.218087 -0.425970
  9 9.024062 0.000002 -0.000001 0.000000 0.000000 0.000000
 10 -0.167120 0.852459 1.501243 0.598384 -0.820599 1.674806
 11 6.384777 0.000000 -0.000002 0.245385 0.363071 -0.291836
 12 10.242680 -0.000001 -0.000000 -0.000000 0.000000 -1.408614
 13 11.375563 0.000000 0.000001 -2.471944 -0.423725 -0.039205
 14 0.728681 0.023430 -1.008290 2.393649 0.235849 1.167836
 15 2.136497 0.000000 -0.000001 -0.000000 -0.000000 0.506146
 16 2.313139 0.000001 -0.000000 0.000000 0.000000 0.000000
 17 3.115507 -0.886041 -0.021430 -0.142525 -0.086367 -0.028705
 18 2.011152 -0.000001 -0.000001 0.000000 -0.000000 1.182184
 19 2.141381 0.000001 -0.000000 0.000000 0.000000 0.000000
 20 1.734175 0.000003 -0.000002 0.000000 -0.000000 0.590255
 21 0.000007 -4.440595 0.000002 1.570544 -0.062990 -0.195737
 22 6.000000 -0.000003 0.000002 -2.249119 -0.000000 -0.000000
 23 0.000002 -4.440600 -0.000001 1.569944 -0.062987 0.004053
 24 11.375562 -0.000002 0.000005 -2.009909 -0.225209 -0.075369
 25 0.000001 -4.440604 -0.000001 1.570144 -0.062988 0.004040
 26 10.510128 -0.000002 0.000001 -0.000000 -0.000000 -2.275103
 27 0.000002 -1.748402 4.999999 0.000000 0.004007 1.602291
 28 5.499997 -0.000002 0.000001 -0.098950 0.000000 0.000000
 29 -0.000001 -1.940599 5.000002 -0.044472 0.004003 -0.000180
 30 6.551492 0.000000 -0.000004 0.149583 0.303851 -0.330354
 31 0.000003 -1.940600 5.000002 -0.027189 -0.053376 0.005295
 32 6.551492 0.000000 -0.000004 0.085555 0.143660 -0.166661
 33 -0.000001 -1.940598 4.999998 -0.066572 -0.152786 -0.110311
 34 0.167123 -0.845376 -1.501242 -2.321864 1.127647 0.127740
 35 6.384776 -0.000001 -0.000003 -0.397642 -1.063541 0.115554
 36 10.242684 -0.000001 0.000001 -0.000000 0.000000 -1.850072
 37 11.375562 -0.000001 -0.000002 1.979314 0.053376 0.274773
 38 0.728682 0.023431 1.008293 -1.579583 -0.319038 0.212973
 39 2.136497 0.000001 -0.000001 0.000000 -0.000000 1.282817
 40 2.313138 0.000001 0.000000 0.000000 0.000000 3.141593
 41 3.115508 -0.886041 0.021431 0.708959 0.171755 0.347804
 42 2.011151 -0.000000 0.000000 -0.000000 0.000000 2.082010
 43 2.141380 -0.000002 -0.000000 0.000000 0.000000 3.141593
 44 1.734171 -0.000001 -0.000000 0.000000 0.000000 1.041748
 45 0.136314 -3.738193 2.525891 1.493698 2.759406 -1.474501
 46 5.613161 0.862366 3.157032 1.595152 -0.135386 0.061522
 47 11.389366 -0.000819 0.158780 1.773722 0.045195 0.152308
 48 0.000000 -4.440599 0.000001 1.570144 -3.078602 0.004040
 49 6.000000 0.000001 -0.000000 1.773722 0.000000 0.000000
 50 0.000004 -4.440601 -0.000000 1.569944 -3.078603 0.004053
 51 10.510135 -0.000002 0.000001 0.000000 -0.000000 -2.495832
 52 0.000001 -1.748401 -5.000000 -3.141593 0.004007 -1.539299
 53 5.500001 0.000000 0.000000 0.131400 -0.000000 -0.000000
 54 -0.000000 -0.000000 -4.999999 -0.044472 3.137589 -0.000177
 55 6.551491 -0.000001 -0.000004 -0.131400 -0.329196 -0.052149
 56 -1.266844 -1.937441 -4.950561 -0.066572 -2.988806 -0.110308
 57 6.551492 -0.000001 -0.000005 -0.131400 -0.329196 -0.052149
 58 0.699371 -1.944207 -5.006848 -0.027189 -3.088217 0.005298
 59 4.226146 -0.003203 -0.000002 0.246377 0.105614 0.433548
 60 0.000000 4.999998 -0.000000 -0.153564 0.000087 2.718702
 61 0.000003 -0.000005 -3.713581 0.095503 -3.012510 -0.750673
 62 -0.000001 0.000001 5.000000 3.053197 1.558589 -0.074927
 63 -0.000009 0.000005 3.713580 -0.334410 -2.825096 -0.524885
 64 -0.000001 -0.000001 -5.000000 -0.088726 1.558589 3.066334
 65 7.363602 1.646646 0.495662 -3.141593 -1.570796 0.000000
 66 -0.000006 0.000006 3.619082 -0.528284 -2.367384 -1.007256
 67 16.573923 -0.000000 0.000002 0.000000 0.000000 -2.019199
 68 15.128181 0.000001 -0.000003 0.031619 0.086785 -0.033197
 69 5.758666 4.244731 0.000000 0.000000 -0.000000 2.033309
 70 3.177726 0.000001 0.000000 0.000000 0.000000 3.141593
 71 15.708952 0.000001 -0.000003 0.016155 0.048356 -0.018185
 72 0.275149 0.189215 -3.445209 3.130898 0.000409 -1.514604
 73 17.210192 -0.000000 0.000002 0.000000 0.000000 -2.322356
 74 0.000001 0.000000 -5.000000 -0.079429 1.546568 -1.570852
 75 0.000005 -0.000005 -3.619081 0.196495 -3.011952 -1.279118
 76 16.573921 0.000002 0.000001 -0.000000 -0.000000 -1.611348
 77 15.128181 -0.000001 -0.000000 0.214418 -0.027533 0.774389
 78 5.758666 4.244731 -0.000000 -0.000000 0.000000 1.483530
 79 4.003935 -0.000000 0.000000 0.000000 0.000000 0.000000
 80 15.708955 -0.000001 0.000000 0.153371 0.002792 0.528179
 81 0.273999 0.191090 3.439762 -3.130907 -0.000437 -1.508107
 82 17.210192 0.000001 0.000000 -0.000000 0.000000 -2.138823
 83 -0.000001 -0.000001 5.000000 -0.079314 1.595025 -1.570737
time 33
  0 -0.650000 0.000000 33.191761 -0.281436 0.436358 -2.443536
  1 11.368427 6.770639 -23.418962 -0.498313 0.132926 2.346876
  2 -2.276937 0.000002 -1.238186 -1.570795 -1.570451 0.000000
  3 1.796426 0.711881 0.000201 -0.062040 0.091184 -0.227004
  4 4.119737 -0.003070 0.000231 -0.070629 -0.041533 0.356382
  5 4.118854 -0.003262 0.000194 -0.059132 -0.086782 0.082698
  6 4.118469 -0.003268 0.000238 -0.072523 -0.067013 -0.035673
  7 4.120886 -0.002076 -0.001737 0.515602 0.097366 0.888224
  8 4.443599 0.000001 -0.000000 0.054853 -0.264036 -0.451035
  9 9.024060 0.000000 -0.000001 0.000000 0.000000 0.000000
 10 -0.168444 0.853823 1.500321 0.598551 -0.819522 1.676243
 11 6.384778 -0.000000 0.000001 0.192674 0.430296 -0.339514
 12 10.242684 -0.000001 -0.000000 -0.000000 -0.000000 -1.411821
 13 11.375562 0.000000 0.000002 -2.307868 -0.288591 0.041321
 14 0.728680 0.023431 -1.008293 2.389050 0.217255 1.147364
 15 2.136497 0.000000 0.000001 0.000000 0.000000 0.506146
 16 2.313139 0.000000 -0.000001 0.000000 0.000000 0.000000
 17 3.115507 -0.886042 -0.021432 -0.142525 -0.086367 -0.028705
 18 2.011151 -0.000001 -0.000001 -0.000000 -0.000000 1.224181
 19 2.141380 0.000000 -0.000002 0.000000 0.000000 0.000000
 20 1.734175 0.000002 -0.000002 0.000000 0.000000 0.611266
 21 0.000006 -4.440594 0.000001 1.570544 -0.062990 -0.195737
 22 6.000001 -0.000001 0.000002 -2.126613 -0.000000 0.000000
 23 0.000002 -4.440600 0.000000 1.569944 -0.062987 0.004053
 24 11.375563 -0.000001 0.000006 -1.933534 -0.164780 -0.008161
 25 0.000002 -4.440603 -0.000002 1.570144 -0.062988 0.004040
 26 10.510133 -0.000002 -0.000000 -0.000000 -0.000000 -2.276707
 27 0.000001 -1.748401 4.999999 0.000000 0.004007 1.602291
 28 5.500000 -0.000000 0.000001 -0.083522 -0.000000 -0.000000
 29 -0.000001 -1.940599 5.000000 -0.044472 0.004003 -0.000180
 30 6.551490 0.000001 0.000002 0.119281 0.340777 -0.351280
 31 0.000004 -1.940599 5.000002 -0.027189 -0.053376 0.005295
 32 6.551490 0.000001 0.000002 0.072908 0.162184 -0.175085
 33 -0.000000 -1.940599 4.999995 -0.066572 -0.152786 -0.110311
 34 0.168447 -0.846746 -1.500322 -2.329764 1.125364 0.121062
 35 6.384777 -0.000001 0.000001 -0.617963 -1.028111 0.290724
 36 10.242682 -0.000001 0.000001 -0.000000 0.000000 -1.819447
 37 11.375562 0.000001 -0.000002 2.137977 0.196590 0.116197
 38 0.728680 0.023431 1.008293 -1.579583 -0.319038 0.212973
 39 2.136497 0.000002 -0.000000 -0.000000 -0.000000 1.282817
 40 2.313137 0.000001 0.000001 0.000000 0.000000 3.141593
 41 3.115508 -0.886042 0.021431 0.708959 0.171755 0.347804
 42 2.011149 0.000001 0.000001 -0.000000 0.000000 2.082010
 43 2.141380 -0.000000 -0.000001 0.000000 0.000000 3.141593
 44 1.734172 -0.000003 0.000001 0.000000 -0.000000 1.041748
 45 0.136315 -3.738194 2.525890 1.493698 2.759406 -1.474501
 46 5.613161 0.862365 3.157033 1.595152 -0.135386 0.061522
 47 11.389367 -0.000819 0.158779 1.851032 0.119068 0.049659
 48 0.000001 -4.440599 0.000001 1.570144 -3.078602 0.004040
 49 6.000001 0.000001 -0.000002 1.851032 0.000000 -0.000000
 50 0.000004 -4.440601 -0.000000 1.569944 -3.078603 0.004053
 51 10.510134 -0.000002 0.000002 -0.000000 0.000000 -2.480520
 52 0.000001 -1.748399 -5.000001 3.141593 0.004007 -1.539299
 53 5.500000 -0.000001 0.000001 0.172757 0.000000 -0.000000
 54 -0.000000 0.000001 -5.000000 -0.044472 3.137589 -0.000177
 55 6.551493 -0.000001 -0.000001 -0.172757 -0.329165 -0.024568
 56 -1.266841 -1.937446 -4.950559 -0.066572 -2.988806 -0.110308
 57 6.551493 -0.000001 -0.000001 -0.172757 -0.329165 -0.024568
 58 0.699372 -1.944210 -5.006846 -0.027189 -3.088217 0.005298
 59 4.226146 -0.003202 0.000000 0.246765 0.105996 0.432884
 60 0.000001 5.000001 0.000001 -0.153564 0.000087 2.718702
 61 0.000003 -0.000005 -3.713581 0.095503 -3.012510 -0.750673
 62 -0.000001 0.000001 5.000000 3.053197 1.558589 -0.074927
 63 -0.000009 0.000005 3.713580 -0.334410 -2.825095 -0.524885
 64 -0.000001 -0.000001 -5.000000 -0.088723 1.558589 3.066337
 65 7.363602 1.646646 0.495662 -3.141593 -1.570796 0.000000
 66 -0.000006 0.000006 3.619082 -0.528284 -2.367383 -1.007256
 67 16.573921 0.000001 0.000002 0.000000 -0.000000 -2.019199
 68 15.128181 -0.000000 -0.000001 0.031619 0.086785 -0.033197
 69 5.758665 4.244730 0.000000 0.000000 -0.000000 2.033309
 70 3.177726 0.000001 -0.000000 0.000000 0.000000 3.141593
 71 15.708953 0.000001 -0.000001 0.016155 0.048356 -0.018185
 72 0.275149 0.189214 -3.445207 3.130898 0.000409 -1.514604
 73 17.210196 -0.000000 0.000002 -0.000000 -0.000000 -2.322356
 74 0.000001 -0.000000 -5.000000 -0.079433 1.546568 -1.570857
 75 0.000005 -0.000005 -3.619081 0.196495 -3.011952 -1.279118
 76 16.573921 0.000002 0.000001 -0.000000 -0.000000 -1.611348
 77 15.128181 -0.000001 -0.000000 0.214418 -0.027533 0.774389
 78 5.758666 4.244731 -0.000000 -0.000000 0.000000 1.483530
 79 4.003935 -0.000000 0.000000 0.000000 0.000000 0.000000
 80 15.708955 -0.000001 0.000000 0.153371 0.002792 0.528179
 81 0.273999 0.191090 3.439762 -3.130907 -0.000437 -1.508107
 82 17.210192 0.000001 0.000000 -0.000000 0.000000 -2.138823
 83 -0.000001 -0.000001 5.000000 -0.079314 1.595025 -1.570737
time 34
  0 -0.650000 0.000000 33.191761 -0.281436 0.436358 -2.443536
  1 11.368427 6.770639 -23.418962 -0.498313 0.132926 2.346876
  2 -2.276937 0.000002 -1.238186 -1.570795 -1.570451 0.000000
  3 1.796420 0.711883 0.000207 -0.063981 0.091364 -0.228833
  4 4.119734 -0.003070 0.000237 -0.072501 -0.041074 0.356072
  5 4.118858 -0.003265 0.000199 -0.061122 -0.086989 0.082489
  6 4.118468 -0.003265 0.000245 -0.074513 -0.067319 -0.035926
  7 4.120882 -0.002079 -0.001739 0.516548 0.098131 0.886868
  8 4.443600 0.000002 0.000000 0.076715 -0.292165 -0.463658
  9 9.024059 0.000003 0.000000 0.000000 0.000000 0.000000
 10 -0.169763 0.855180 1.499404 0.598720 -0.818450 1.677672
 11 6.384778 -0.000000 0.000002 0.154855 0.497959 -0.388986
 12 10.242683 -0.000000 0.000001 -0.000000 0.000000 -1.365433
 13 11.375561 -0.000001 0.000002 -2.230526 -0.273703 0.075147
 14 0.728681 0.023432 -1.008291 2.388179 0.213525 1.143291
 15 2.136495 0.000001 0.000001 0.000000 -0.000000 0.506146
 16 2.313139 -0.000001 -0.000000 0.000000 0.000000 0.000000
 17 3.115506 -0.886041 -0.021432 -0.142525 -0.086367 -0.028705
 18 2.011150 -0.000001 0.000001 0.000000 0.000000 1.232580
 19 2.141380 -0.000000 0.000002 0.000000 0.000000 0.000000
 20 1.734175 0.000002 0.000000 -0.000000 -0.000000 0.615472
 21 0.000005 -4.440595 -0.000001 1.570544 -0.062990 -0.195737
 22 6.000000 -0.000002 0.000004 -2.067711 0.000000 0.000000
 23 0.000003 -4.440601 0.000002 1.569944 -0.062987 0.004053
 24 11.375561 -0.000003 0.000006 -1.895271 -0.159010 0.015428
 25 0.000002 -4.440603 -0.000001 1.570144 -0.062988 0.004040
 26 10.510128 -0.000001 0.000001 -0.000000 -0.000000 -2.253513
 27 0.000000 -1.748400 4.999998 -0.000000 0.004007 1.602291
 28 5.499997 -0.000000 0.000002 -0.075757 -0.000000 -0.000000
 29 -0.000002 -1.940599 5.000001 -0.044472 0.004003 -0.000180
 30 6.551491 0.000000 0.000001 0.101991 0.376799 -0.369546
 31 0.000003 -1.940599 5.000003 -0.027189 -0.053376 0.005295
 32 6.551491 0.000000 0.000001 0.066716 0.179577 -0.182237
 33 0.000001 -1.940599 4.999994 -0.066572 -0.152786 -0.110311
 34 0.169766 -0.848097 -1.499405 -2.333670 1.124846 0.118795
 35 6.384777 -0.000002 0.000000 -0.700620 -1.004470 0.364133
 36 10.242683 -0.000002 0.000000 0.000000 0.000000 -1.804656
 37 11.375562 -0.000001 -0.000001 2.192684 0.254565 0.066864
 38 0.728681 0.023431 1.008293 -1.579583 -0.319038 0.212973
 39 2.136497 0.000001 -0.000001 0.000000 -0.000000 1.282817
 40 2.313138 -0.000000 0.000000 0.000000 0.000000 3.141593
 41 3.115507 -0.886041 0.021432 0.708959 0.171755 0.347804
 42 2.011151 0.000000 -0.000000 -0.000000 0.000000 2.082010
 43 2.141380 -0.000000 -0.000000 0.000000 0.000000 3.141593
 44 1.734173 -0.000002 -0.000001 -0.000000 0.000000 1.041748
 45 0.136315 -3.738192 2.525890 1.493698 2.759406 -1.474501
 46 5.613161 0.862366 3.157033 1.595152 -0.135386 0.061522
 47 11.389366 -0.000820 0.158779 1.877425 0.147662 0.014241
 48 0.000002 -4.440599 0.000000 1.570144 -3.078602 0.004040
 49 6.000000 0.000001 -0.000001 1.877425 0.000000 0.000000
 50 0.000002 -4.440601 0.000001 1.569944 -3.078603 0.004053
 51 10.510134 0.000001 0.000001 0.000000 -0.000000 -2.473124
 52 0.000001 -1.748399 -5.000000 -3.141593 0.004007 -1.539299
 53 5.500000 0.000002 -0.000000 0.188468 -0.000000 0.000000
 54 -0.000000 -0.000001 -5.000000 -0.044472 3.137589 -0.000177
 55 6.551492 -0.000003 -0.000001 -0.188468 -0.327086 -0.009852
 56 -1.266843 -1.937445 -4.950561 -0.066572 -2.988806 -0.110308
 57 6.551493 -0.000003 -0.000001 -0.188468 -0.327086 -0.009852
 58 0.699371 -1.944210 -5.006848 -0.027189 -3.088217 0.005298
 59 4.226145 -0.003201 0.000001 0.247150 0.106376 0.432222
 60 0.000001 5.000002 0.000000 -0.153564 0.000087 2.718702
 61 0.000003 -0.000005 -3.713581 0.095503 -3.012510 -0.750673
 62 -0.000001 0.000001 5.000000 3.053197 1.558589 -0.074927
 63 -0.000009 0.000005 3.713580 -0.334411 -2.825096 -0.524885
 64 -0.000001 -0.000000 -5.000000 -0.088727 1.558589 3.066333
 65 7.363602 1.646646 0.495662 -3.141593 -1.570796 0.000000
 66 -0.000006 0.000006 3.619082 -0.528285 -2.367383 -1.007256
 67 16.573923 0.000001 0.000002 -0.000000 0.000000 -2.019199
 68 15.128182 0.000002 -0.000003 0.031619 0.086785 -0.033197
 69 5.758666 4.244731 0.000000 0.000000 -0.000000 2.033309
 70 3.177726 0.000001 -0.000000 0.000000 0.000000 3.141593
 71 15.708953 0.000001 -0.000003 0.016155 0.048356 -0.018185
 72 0.275149 0.189215 -3.445208 3.130898 0.000409 -1.514604
 73 17.210194 -0.000001 0.000003 0.000000 -0.000000 -2.322356
 74 0.000001 0.000000 -5.000000 -0.079430 1.546568 -1.570856
 75 0.000005 -0.000005 -3.619081 0.196495 -3.011952 -1.279118
 76 16.573921 0.000002 0.000001 -0.000000 -0.000000 -1.611348
 77 15.128183 -0.000001 -0.000000 0.214418 -0.027533 0.774389
 78 5.758666 4.244731 -0.000000 -0.000000 0.000000 1.483530
 79 4.003935 0.000000 0.000000 0.000000 0.000000 0.000000
 80 15.708955 -0.000002 0.000000 0.153371 0.002792 0.528179
 81 0.273998 0.191090 3.439763 -3.130907 -0.000437 -1.508107
 82 17.210192 0.000001 0.000000 -0.000000 0.000000 -2.138824
 83 0.000000 -0.000000 5.000000 -0.079311 1.595025 -1.570737
time 35
  0 -0.650000 0.000000 33.191761 -0.281436 0.436358 -2.443536
  1 11.368426 6.770639 -23.418962 -0.498313 0.132926 2.346876
  2 -2.276937 0.000002 -1.238186 -1.570795 -1.570451 0.000000
  3 1.796419 0.711883 0.000204 -0.063027 0.090763 -0.229603
  4 4.119734 -0.003070 0.000234 -0.071594 -0.041192 0.355802
  5 4.118857 -0.003265 0.000196 -0.060148 -0.086691 0.082169
  6 4.118465 -0.003267 0.000241 -0.073538 -0.067064 -0.036225
  7 4.120876 -0.002081 -0.001743 0.517514 0.098914 0.885481
  8 4.443599 0.000002 -0.000000 0.067733 -0.304333 -0.451867
  9 9.024061 0.000001 -0.000000 0.000000 0.000000 0.000000
 10 -0.171114 0.856559 1.498465 0.598894 -0.817354 1.679131
 11 6.384777 0.000000 0.000002 0.143524 0.568572 -0.444197
 12 10.242680 -0.000000 0.000001 0.000000 -0.000000 -1.236759
 13 11.375563 0.000001 0.000000 -2.259191 -0.357022 0.021268
 14 0.728680 0.023431 -1.008293 2.396606 0.246960 1.180207
 15 2.136497 -0.000001 0.000000 0.000000 0.000000 0.506146
 16 2.313139 0.000001 0.000000 0.000000 0.000000 0.000000
 17 3.115507 -0.886041 -0.021433 -0.142525 -0.086367 -0.028705
 18 2.011151 0.000001 -0.000000 -0.000000 0.000000 1.156985
 19 2.141379 -0.000000 -0.000000 0.000000 0.000000 0.000000
 20 1.734174 0.000002 -0.000001 0.000000 0.000000 0.577659
 21 0.000006 -4.440595 -0.000000 1.570544 -0.062990 -0.195737
 22 6.000000 -0.000002 0.000002 -2.087494 0.000000 0.000000
 23 0.000002 -4.440602 -0.000000 1.569944 -0.062987 0.004053
 24 11.375561 -0.000000 0.000005 -1.907738 -0.198270 -0.024381
 25 0.000001 -4.440602 -0.000000 1.570144 -0.062988 0.004040
 26 10.510128 -0.000002 0.000000 -0.000000 -0.000000 -2.189176
 27 0.000001 -1.748399 4.999999 -0.000000 0.004007 1.602291
 28 5.499999 -0.000001 0.000002 -0.079197 0.000000 0.000000
 29 -0.000004 -1.940599 5.000000 -0.044472 0.004003 -0.000180
 30 6.551489 0.000001 0.000002 0.103883 0.415058 -0.386657
 31 0.000000 -1.940599 5.000002 -0.027189 -0.053376 0.005295
 32 6.551489 0.000001 0.000002 0.069938 0.196797 -0.189212
 33 0.000003 -1.940600 4.999996 -0.066572 -0.152786 -0.110311
 34 0.171117 -0.849482 -1.498465 -2.336208 1.124977 0.118092
 35 6.384777 0.000000 0.000001 -0.698993 -0.989612 0.378359
 36 10.242682 -0.000001 0.000000 -0.000000 -0.000000 -1.784935
 37 11.375563 0.000001 -0.000000 2.176273 0.230422 0.102711
 38 0.728680 0.023431 1.008293 -1.579583 -0.319038 0.212973
 39 2.136498 0.000001 -0.000001 0.000000 -0.000000 1.282817
 40 2.313137 -0.000000 0.000001 0.000000 0.000000 3.141593
 41 3.115506 -0.886041 0.021433 0.708959 0.171755 0.347804
 42 2.011153 -0.000002 -0.000000 -0.000000 0.000000 2.082010
 43 2.141381 0.000001 -0.000001 0.000000 0.000000 3.141593
 44 1.734172 -0.000001 -0.000001 -0.000000 0.000000 1.041748
 45 0.136315 -3.738194 2.525890 1.493698 2.759406 -1.474501
 46 5.613161 0.862366 3.157033 1.595152 -0.135386 0.061522
 47 11.389365 -0.000820 0.158781 1.869295 0.137120 0.037455
 48 -0.000000 -4.440599 0.000001 1.570144 -3.078602 0.004040
 49 5.999999 0.000000 -0.000000 1.869295 0.000000 0.000000
 50 0.000002 -4.440601 0.000002 1.569944 -3.078603 0.004053
 51 10.510133 0.000000 0.000001 0.000000 -0.000000 -2.463264
 52 0.000002 -1.748399 -5.000000 -3.141593 0.004007 -1.539299
 53 5.500000 -0.000001 0.000000 0.188367 0.000000 -0.000000
 54 -0.000000 0.000001 -4.999999 -0.044472 3.137589 -0.000177
 55 6.551492 0.000001 -0.000002 -0.188367 -0.323259 -0.002499
 56 -1.266842 -1.937444 -4.950562 -0.066572 -2.988806 -0.110308
 57 6.551492 0.000001 -0.000002 -0.188367 -0.323259 -0.002499
 58 0.699373 -1.944211 -5.006845 -0.027189 -3.088217 0.005298
 59 4.226145 -0.003202 -0.000001 0.247544 0.106764 0.431546
 60 0.000001 5.000000 0.000001 -0.153564 0.000087 2.718702
 61 0.000003 -0.000005 -3.713581 0.095503 -3.012510 -0.750673
 62 0.000000 0.000001 5.000000 3.053199 1.558589 -0.074925
 63 -0.000009 0.000005 3.713580 -0.334411 -2.825096 -0.524885
 64 0.000000 -0.000000 -5.000000 -0.088723 1.558589 3.066338
 65 7.363602 1.646646 0.495662 -3.141593 -1.570796 0.000000
 66 -0.000006 0.000006 3.619082 -0.528285 -2.367383 -1.007256
 67 16.573923 -0.000000 0.000001 0.000000 0.000000 -2.019199
 68 15.128182 0.000001 -0.000002 0.031619 0.086785 -0.033197
 69 5.758666 4.244731 0.000000 0.000000 -0.000000 2.033309
 70 3.177726 0.000001 -0.000000 0.000000 0.000000 3.141593
 71 15.708953 0.000000 -0.000003 0.016155 0.048356 -0.018185
 72 0.275149 0.189215 -3.445207 3.130898 0.000409 -1.514604
 73 17.210194 -0.000002 0.000002 0.000000 0.000000 -2.322356
 74 0.000001 0.000000 -5.000000 -0.079430 1.546568 -1.570856
 75 0.000005 -0.000005 -3.619081 0.196495 -3.011952 -1.279118
 76 16.573921 0.000002 0.000001 -0.000000 -0.000000 -1.611348
 77 15.128183 -0.000001 -0.000000 0.214418 -0.027533 0.774389
 78 5.758666 4.244731 -0.000000 -0.000000 0.000000 1.483530
 79 4.003935 0.000000 0.000000 0.000000 0.000000 0.000000
 80 15.708956 -0.000001 0.000001 0.153371 0.002792 0.528179
 81 0.273998 0.191090 3.439762 -3.130907 -0.000437 -1.508107
 82 17.210192 0.000001 0.000001 -0.000000 -0.000000 -2.138824
 83 0.000001 0.000002 5.000000 -0.079311 1.595025 -1.570737
time 36
  0 -0.650000 0.000000 33.191761 -0.281436 0.436358 -2.443536
  1 11.368426 6.770639 -23.418962 -0.498313 0.132926 2.346876
  2 -2.276937 0.000002 -1.238186 -1.570795 -1.570451 0.000000
  3 1.796408 0.711885 0.000191 -0.058793 0.088802 -0.231595
  4 4.119736 -0.003072 0.000220 -0.067557 -0.041887 0.354969
  5 4.118851 -0.003263 0.000183 -0.055825 -0.085664 0.081121
  6 4.118465 -0.003269 0.000226 -0.069211 -0.066100 -0.037178
  7 4.120873 -0.002085 -0.001747 0.518489 0.099708 0.884080
  8 4.443598 0.000002 0.000001 -0.006868 -0.288912 -0.367134
  9 9.024062 0.000002 -0.000001 0.000000 0.000000 0.000000
 10 -0.172483 0.857958 1.497514 0.599073 -0.816246 1.680605
 11 6.384778 0.000001 0.000003 0.170941 0.450556 -0.361666
 12 10.242681 -0.000000 0.000000 0.000000 0.000000 -1.346775
 13 11.375564 0.000002 0.000001 -2.479542 -0.475099 0.052205
 14 0.728681 0.023431 -1.008295 2.536982 0.522883 1.546950
 15 2.136496 0.000001 0.000000 -0.000000 0.000000 0.506146
 16 2.313139 0.000000 -0.000001 0.000000 0.000000 0.000000
 17 3.115507 -0.886042 -0.021433 -0.142525 -0.086367 -0.028705
 18 2.011150 0.000001 0.000000 0.000000 0.000000 0.485034
 19 2.141380 -0.000001 0.000000 0.000000 0.000000 0.000000
 20 1.734174 0.000002 -0.000002 -0.000000 -0.000000 0.243296
 21 0.000006 -4.440594 -0.000001 1.570544 -0.062990 -0.195737
 22 6.000000 -0.000001 0.000003 -2.251453 0.000000 0.000000
 23 0.000002 -4.440600 -0.000001 1.569944 -0.062987 0.004053
 24 11.375562 -0.000001 0.000005 -2.006432 -0.262005 -0.034537
 25 0.000001 -4.440603 -0.000000 1.570144 -0.062988 0.004040
 26 10.510129 -0.000002 -0.000000 0.000000 -0.000000 -2.244184
 27 0.000001 -1.748399 4.999999 -0.000000 0.004007 1.602291
 28 5.499998 -0.000001 0.000001 -0.077491 -0.000000 0.000000
 29 -0.000002 -1.940599 5.000001 -0.044472 0.004003 -0.000180
 30 6.551492 0.000001 0.000000 0.107487 0.350125 -0.361017
 31 -0.000000 -1.940598 5.000002 -0.027189 -0.053376 0.005295
 32 6.551492 0.000001 0.000000 0.067958 0.166939 -0.179041
 33 -0.000001 -1.940598 4.999999 -0.066572 -0.152786 -0.110311
 34 0.172484 -0.850874 -1.497514 -2.338775 1.125109 0.117380
 35 6.384777 -0.000000 -0.000001 -0.642917 -0.978819 0.365670
 36 10.242683 -0.000001 0.000001 0.000000 0.000000 -1.780937
 37 11.375560 -0.000002 -0.000002 2.079276 0.128934 0.226681
 38 0.728681 0.023431 1.008291 -1.579583 -0.319038 0.212973
 39 2.136498 0.000002 -0.000000 -0.000000 -0.000000 1.282817
 40 2.313139 0.000000 0.000000 0.000000 0.000000 3.141593
 41 3.115507 -0.886041 0.021431 0.708959 0.171755 0.347804
 42 2.011152 -0.000001 0.000001 -0.000000 0.000000 2.082010
 43 2.141380 0.000000 -0.000001 0.000000 0.000000 3.141593
 44 1.734171 -0.000001 -0.000000 -0.000000 0.000000 1.041748
 45 0.136315 -3.738191 2.525891 1.493698 2.759406 -1.474501
 46 5.613162 0.862366 3.157031 1.595152 -0.135386 0.061522
 47 11.389366 -0.000820 0.158779 1.821955 0.087500 0.119185
 48 0.000003 -4.440599 0.000001 1.570144 -3.078602 0.004040
 49 6.000000 0.000001 -0.000001 1.821955 0.000000 -0.000000
 50 0.000004 -4.440601 -0.000000 1.569944 -3.078603 0.004053
 51 10.510134 0.000001 0.000000 0.000000 -0.000000 -2.461265
 52 0.000001 -1.748400 -5.000001 3.141593 0.004007 -1.539299
 53 5.500001 0.000001 0.000000 0.176151 0.000000 -0.000000
 54 -0.000001 -0.000000 -5.000001 -0.044472 3.137589 -0.000177
 55 6.551493 0.000000 -0.000004 -0.176151 -0.317268 0.004436
 56 -1.266844 -1.937444 -4.950558 -0.066572 -2.988806 -0.110308
 57 6.551493 0.000000 -0.000004 -0.176151 -0.317268 0.004436
 58 0.699371 -1.944209 -5.006845 -0.027189 -3.088217 0.005298
 59 4.226148 -0.003201 -0.000001 0.247943 0.107158 0.430862
 60 0.000001 5.000001 0.000001 -0.153564 0.000087 2.718701
 61 0.000003 -0.000005 -3.713581 0.095503 -3.012510 -0.750673
 62 -0.000001 0.000001 5.000000 3.053197 1.558589 -0.074927
 63 -0.000009 0.000005 3.713580 -0.334410 -2.825096 -0.524885
 64 -0.000001 -0.000000 -5.000000 -0.088728 1.558589 3.066333
 65 7.363602 1.646646 0.495662 -3.141593 -1.570796 0.000000
 66 -0.000006 0.000006 3.619082 -0.528284 -2.367383 -1.007256
 67 16.573921 0.000001 0.000002 -0.000000 -0.000000 -2.019199
 68 15.128181 0.000001 -0.000000 0.031619 0.086785 -0.033197
 69 5.758666 4.244730 0.000000 0.000000 -0.000000 2.033309
 70 3.177726 0.000001 -0.000000 0.000000 0.000000 3.141593
 71 15.708953 0.000001 -0.000001 0.016155 0.048356 -0.018185
 72 0.275149 0.189215 -3.445208 3.130898 0.000409 -1.514604
 73 17.210192 -0.000000 0.000003 0.000000 0.000000 -2.322356
 74 0.000001 0.000000 -5.000000 -0.079429 1.546568 -1.570852
 75 0.000005 -0.000005 -3.619081 0.196495 -3.011952 -1.279118
 76 16.573921 0.000002 0.000001 -0.000000 -0.000000 -1.611348
 77 15.128183 -0.000001 -0.000000 0.214418 -0.027533 0.774389
 78 5.758666 4.244731 -0.000000 -0.000000 0.000000 1.483530
 79 4.003935 0.000000 0.000000 0.000000 0.000000 0.000000
 80 15.708955 -0.000002 0.000000 0.153371 0.002792 0.528179
 81 0.273998 0.191090 3.439763 -3.130907 -0.000437 -1.508107
 82 17.210192 0.000001 0.000000 -0.000000 0.000000 -2.138824
 83 0.000000 -0.000000 5.000000 -0.079311 1.595025 -1.570737
time 37
  0 -0.650000 0.000000 33.191761 -0.281436 0.436358 -2.443536
  1 11.368426 6.770639 -23.418962 -0.498313 0.132926 2.346876
  2 -2.276937 0.000002 -1.238186 -1.570795 -1.570451 0.000000
  3 1.796401 0.711885 0.000169 -0.052175 0.086072 -0.233795
  4 4.119729 -0.003074 0.000200 -0.061242 -0.043037 0.353898
  5 4.118853 -0.003266 0.000160 -0.049071 -0.084179 0.079727
  6 4.118464 -0.003270 0.000205 -0.062451 -0.064657 -0.038424
  7 4.120864 -0.002086 -0.001747 0.519451 0.100492 0.882699
  8 4.443600 -0.000000 0.000000 -0.132164 -0.237246 -0.221358
  9 9.024062 0.000001 -0.000001 0.000000 0.000000 0.000000
 10 -0.173833 0.859324 1.496574 0.599251 -0.815154 1.682057
 11 6.384778 -0.000001 0.000002 0.187225 0.503952 -0.430427
 12 10.242682 -0.000001 -0.000000 0.000000 0.000000 -1.306916
 13 11.375562 -0.000000 0.000000 -2.204897 -0.476745 0.207992
 14 0.728681 0.023430 -1.008291 2.423553 0.328636 1.275001
 15 2.136497 -0.000000 -0.000000 -0.000000 0.000000 0.506146
 16 2.313139 0.000001 -0.000001 0.000000 0.000000 0.000000
 17 3.115507 -0.886041 -0.021430 -0.166477 0.002777 0.529062
 18 2.011150 -0.000001 -0.000001 -0.000000 -0.000000 0.994481
 19 2.141379 -0.000000 -0.000000 0.000000 0.000000 0.000000
 20 1.734175 0.000002 -0.000001 0.000000 0.000000 0.496621
 21 0.000006 -4.440594 -0.000000 1.570544 -0.062990 -0.195737
 22 6.000000 -0.000002 0.000002 -2.039292 0.000000 0.000000
 23 0.000002 -4.440601 0.000001 1.569944 -0.062987 0.004053
 24 11.375562 -0.000001 0.000005 -1.867492 -0.268723 0.064227
 25 0.000002 -4.440602 -0.000000 1.570144 -0.062988 0.004040
 26 10.510128 -0.000002 0.000000 0.000000 -0.000000 -2.224254
 27 0.000001 -1.748400 4.999999 -0.000000 0.004007 1.602291
 28 5.500000 -0.000002 0.000000 -0.087969 0.000000 -0.000000
 29 -0.000002 -1.940599 5.000001 -0.044472 0.004003 -0.000180
 30 6.551492 -0.000001 0.000000 0.122291 0.375553 -0.386366
 31 0.000001 -1.940600 5.000003 -0.027189 -0.053376 0.005295
 32 6.551492 -0.000001 0.000000 0.077037 0.177338 -0.190827
 33 0.000001 -1.940600 4.999994 -0.066572 -0.152786 -0.110311
 34 0.173836 -0.852248 -1.496574 -2.341308 1.125238 0.116676
 35 6.384778 -0.000002 -0.000001 -0.597427 -0.973791 0.366520
 36 10.242682 -0.000001 0.000001 0.000000 -0.000000 -1.777560
 37 11.375563 -0.000001 -0.000001 1.990031 0.054373 0.334918
 38 0.728682 0.023431 1.008291 -1.579583 -0.319038 0.212973
 39 2.136497 -0.000000 -0.000000 -0.000000 0.000000 1.282817
 40 2.313139 -0.000001 -0.000000 0.000000 0.000000 3.141593
 41 3.115507 -0.886041 0.021431 0.708959 0.171755 0.347804
 42 2.011150 0.000001 0.000000 -0.000000 0.000000 2.082010
 43 2.141378 0.000000 -0.000000 0.000000 0.000000 3.141593
 44 1.734172 -0.000001 -0.000000 -0.000000 -0.000000 1.041748
 45 0.136315 -3.738193 2.525891 1.493698 2.759406 -1.474501
 46 5.613162 0.862366 3.157031 1.595152 -0.135386 0.061522
 47 11.389366 -0.000820 0.158779 1.778650 0.049324 0.183813
 48 -0.000000 -4.440599 0.000001 1.570144 -3.078602 0.004040
 49 6.000001 0.000001 -0.000001 1.778650 0.000000 -0.000000
 50 0.000003 -4.440601 -0.000001 1.569944 -3.078603 0.004053
 51 10.510132 -0.000001 0.000002 -0.000000 0.000000 -2.459577
 52 0.000001 -1.748399 -5.000001 -3.141593 0.004007 -1.539299
 53 5.500000 -0.000002 0.000001 0.163273 -0.000000 -0.000000
 54 -0.000000 -0.000002 -5.000001 -0.044472 3.137589 -0.000177
 55 6.551491 -0.000001 -0.000002 -0.163273 -0.312410 0.014460
 56 -1.266843 -1.937441 -4.950560 -0.066572 -2.988806 -0.110308
 57 6.551492 -0.000001 -0.000003 -0.163273 -0.312410 0.014460
 58 0.699370 -1.944206 -5.006848 -0.027189 -3.088217 0.005298
 59 4.226147 -0.003201 -0.000001 0.248335 0.107546 0.430187
 60 0.000001 5.000000 0.000001 -0.153564 0.000087 2.718702
 61 0.000003 -0.000005 -3.713581 0.095503 -3.012510 -0.750673
 62 -0.000001 0.000001 5.000000 3.053197 1.558589 -0.074927
 63 -0.000009 0.000005 3.713580 -0.334410 -2.825096 -0.524885
 64 -0.000001 -0.000000 -5.000000 -0.088728 1.558589 3.066333
 65 7.363602 1.646646 0.495662 -3.141593 -1.570796 0.000000
 66 -0.000006 0.000006 3.619082 -0.528284 -2.367383 -1.007256
 67 16.573921 0.000001 0.000002 -0.000000 -0.000000 -2.019199
 68 15.128181 0.000001 -0.000000 0.031619 0.086785 -0.033197
 69 5.758666 4.244730 0.000000 0.000000 -0.000000 2.033309
 70 3.177726 0.000001 -0.000000 0.000000 0.000000 3.141593
 71 15.708953 0.000001 -0.000001 0.016155 0.048356 -0.018185
 72 0.275149 0.189215 -3.445208 3.130898 0.000409 -1.514604
 73 17.210192 -0.000000 0.000003 0.000000 0.000000 -2.322356
 74 0.000001 0.000000 -5.000000 -0.079429 1.546568 -1.570852
 75 0.000005 -0.000005 -3.619081 0.196495 -3.011952 -1.279118
 76 16.573921 0.000002 0.000001 -0.000000 -0.000000 -1.611348
 77 15.128183 -0.000001 -0.000000 0.214418 -0.027533 0.774389
 78 5.758666 4.244731 -0.000000 -0.000000 0.000000 1.483530
 79 4.003935 0.000000 0.000000 0.000000 0.000000 0.000000
 80 15.708955 -0.000002 0.000000 0.153371 0.002792 0.528179
 81 0.273998 0.191090 3.439763 -3.130907 -0.000437 -1.508107
 82 17.210192 0.000001 0.000000 -0.000000 0.000000 -2.138824
 83 0.000000 -0.000000 5.000000 -0.079311 1.595025 -1.570737
time 38
  0 -0.650000 0.000000 33.191761 -0.281436 0.436358 -2.443536
  1 11.368426 6.770639 -23.418962 -0.498313 0.132926 2.346876
  2 -2.276937 0.000002 -1.238186 -1.570795 -1.570451 0.000000
  3 1.796394 0.711885 0.000143 -0.044436 0.082961 -0.235679
  4 4.119725 -0.003076 0.000177 -0.053852 -0.044373 0.352812
  5 4.118850 -0.003268 0.000134 -0.041179 -0.082442 0.078287
  6 4.118462 -0.003270 0.000178 -0.054550 -0.062960 -0.039691
  7 4.120859 -0.002091 -0.001751 0.520404 0.101272 0.881328
  8 4.443600 -0.000000 0.000000 -0.249283 -0.160850 -0.086009
  9 9.024062 -0.000002 -0.000000 0.000000 0.000000 0.000000
 10 -0.175177 0.860683 1.495639 0.599430 -0.814069 1.683498
 11 6.384777 -0.000000 -0.000001 0.208310 0.568413 -0.504706
 12 10.242683 0.000000 0.000001 0.000000 0.000000 -1.294311
 13 11.375562 0.000000 0.000002 -1.935439 -0.492647 0.343869
 14 0.728680 0.023430 -1.008292 2.369035 0.096527 1.019670
 15 2.136497 0.000001 -0.000000 -0.000000 0.000000 0.506146
 16 2.313140 0.000000 0.000000 0.000000 0.000000 0.000000
 17 3.115507 -0.886041 -0.021431 -0.145751 0.080779 1.015150
 18 2.011150 -0.000000 -0.000001 0.000000 0.000000 1.540958
 19 2.141379 -0.000000 -0.000000 0.000000 0.000000 0.000000
 20 1.734175 0.000002 -0.000000 -0.000000 0.000000 0.770379
 21 0.000005 -4.440594 0.000002 1.570544 -0.062990 -0.195737
 22 6.000000 -0.000001 0.000003 -1.829307 -0.000000 -0.000000
 23 0.000003 -4.440601 0.000001 1.569944 -0.062987 0.004053
 24 11.375562 -0.000001 0.000005 -1.726820 -0.269420 0.153802
 25 0.000002 -4.440603 -0.000001 1.570144 -0.062988 0.004040
 26 10.510130 -0.000001 0.000000 0.000000 -0.000000 -2.217952
 27 0.000002 -1.748401 4.999999 0.000000 0.004007 1.602291
 28 5.500001 -0.000001 0.000002 -0.101451 -0.000000 0.000000
 29 -0.000002 -1.940599 5.000003 -0.044472 0.004003 -0.000180
 30 6.551490 0.000001 -0.000001 0.142087 0.408028 -0.408434
 31 0.000001 -1.940599 5.000003 -0.027189 -0.053376 0.005295
 32 6.551490 0.000001 -0.000001 0.088622 0.190500 -0.200933
 33 -0.000000 -1.940599 4.999999 -0.066572 -0.152786 -0.110311
 34 0.175181 -0.853605 -1.495639 -2.343825 1.125366 0.115977
 35 6.384778 -0.000001 -0.000001 -0.589234 -0.982049 0.387616
 36 10.242682 -0.000001 0.000001 0.000000 0.000000 -1.768157
 37 11.375564 0.000001 -0.000002 1.977602 0.045113 0.350527
 38 0.728680 0.023431 1.008292 -1.579583 -0.319038 0.212973
 39 2.136496 -0.000002 0.000000 -0.000000 -0.000000 1.282817
 40 2.313138 -0.000000 0.000000 0.000000 0.000000 3.141593
 41 3.115508 -0.886041 0.021431 0.708959 0.171755 0.347804
 42 2.011151 -0.000001 0.000000 0.000000 0.000000 2.082010
 43 2.141380 0.000001 -0.000000 0.000000 0.000000 3.141593
 44 1.734173 -0.000002 -0.000001 0.000000 0.000000 1.041748
 45 0.136315 -3.738193 2.525891 1.493698 2.759406 -1.474501
 46 5.613162 0.862365 3.157031 1.595152 -0.135386 0.061522
 47 11.389367 -0.000820 0.158779 1.772676 0.044528 0.192487
 48 0.000001 -4.440600 0.000001 1.570144 -3.078602 0.004040
 49 6.000001 0.000002 -0.000002 1.772676 0.000000 -0.000000
 50 0.000003 -4.440601 -0.000000 1.569944 -3.078603 0.004053
 51 10.510134 0.000001 0.000001 0.000000 0.000000 -2.454875
 52 0.000001 -1.748398 -5.000002 -3.141593 0.004007 -1.539299
 53 5.500001 0.000000 -0.000000 0.156721 0.000000 -0.000000
 54 0.000001 -0.000001 -5.000000 -0.044472 3.137589 -0.000177
 55 6.551492 -0.000000 -0.000004 -0.156721 -0.312193 0.023039
 56 -1.266844 -1.937445 -4.950561 -0.066572 -2.988806 -0.110308
 57 6.551492 -0.000000 -0.000004 -0.156721 -0.312193 0.023039
 58 0.699371 -1.944209 -5.006848 -0.027189 -3.088217 0.005298
 59 4.226146 -0.003202 -0.000001 0.248724 0.107932 0.429517
 60 0.000001 5.000000 0.000000 -0.153564 0.000087 2.718702
 61 0.000003 -0.000005 -3.713581 0.095503 -3.012510 -0.750673
 62 -0.000001 0.000001 5.000000 3.053197 1.558589 -0.074927
 63 -0.000009 0.000005 3.713580 -0.334410 -2.825096 -0.524885
 64 -0.000001 -0.000000 -5.000000 -0.088728 1.558589 3.066333
 65 7.363602 1.646646 0.495662 -3.141593 -1.570796 0.000000
 66 -0.000006 0.000006 3.619082 -0.528284 -2.367383 -1.007256
 67 16.573921 0.000001 0.000002 -0.000000 -0.000000 -2.019199
 68 15.128181 0.000001 -0.000000 0.031619 0.086785 -0.033197
 69 5.758666 4.244730 0.000000 0.000000 -0.000000 2.033309
 70 3.177726 0.000001 -0.000000 0.000000 0.000000 3.141593
 71 15.708953 0.000001 -0.000001 0.016155 0.048356 -0.018185
 72 0.275149 0.189215 -3.445208 3.130898 0.000409 -1.514604
 73 17.210192 -0.000000 0.000003 0.000000 0.000000 -2.322356
 74 0.000001 0.000000 -5.000000 -0.079429 1.546568 -1.570852
 75 0.000005 -0.000005 -3.619081 0.196495 -3.011952 -1.279118
 76 16.573921 0.000002 0.000001 -0.000000 -0.000000 -1.611348
 77 15.128183 -0.000001 -0.000000 0.214418 -0.027533 0.774389
 78 5.758666 4.244731 -0.000000 -0.000000 0.000000 1.483530
 79 4.003935 0.000000 0.000000 0.000000 0.000000 0.000000
 80 15.708955 -0.000002 0.000000 0.153371 0.002792 0.528179
 81 0.273998 0.191090 3.439763 -3.130907 -0.000437 -1.508107
 82 17.210192 0.000001 0.000000 -0.000000 0.000000 -2.138824
 83 0.000000 -0.000000 5.000000 -0.079311 1.595025 -1.570737
time 39
  0 -0.650000 0.000000 33.191761 -0.281436 0.436358 -2.443536
  1 11.368426 6.770639 -23.418962 -0.498313 0.132926 2.346876
  2 -2.276937 0.000002 -1.238186 -1.570795 -1.570451 0.000000
  3 1.796387 0.711886 0.000118 -0.036743 0.079795 -0.236775
  4 4.119725 -0.003077 0.000153 -0.046502 -0.045648 0.351918
  5 4.118851 -0.003271 0.000108 -0.033336 -0.080635 0.077063
  6 4.118456 -0.003270 0.000154 -0.046700 -0.061216 -0.040743
  7 4.120853 -0.002095 -0.001754 0.521358 0.102053 0.879956
  8 4.443600 0.000002 -0.000000 -0.319382 -0.099297 -0.017545
  9 9.024062 0.000001 0.000000 0.000000 0.000000 0.000000
 10 -0.176526 0.862045 1.494702 0.599611 -0.812983 1.684939
 11 6.384776 0.000001 0.000002 0.261961 0.558430 -0.485847
 12 10.242682 -0.000001 0.000000 -0.000000 0.000000 -1.490825
 13 11.375562 0.000001 0.000001 -1.899710 -0.468741 0.383302
 14 0.728682 0.023431 -1.008292 2.366827 0.070816 0.993258
 15 2.136495 -0.000001 -0.000001 0.000000 0.000000 0.506146
 16 2.313140 0.000001 -0.000001 0.000000 0.000000 0.000000
 17 3.115507 -0.886042 -0.021431 -0.140742 0.089255 1.074114
 18 2.011150 -0.000001 -0.000000 -0.000000 -0.000000 1.600317
 19 2.141381 -0.000000 -0.000001 0.000000 0.000000 0.000000
 20 1.734175 0.000002 -0.000002 -0.000000 0.000000 0.800258
 21 0.000005 -4.440594 0.000002 1.570544 -0.062990 -0.195737
 22 6.000000 -0.000003 0.000002 -1.802303 0.000000 0.000000
 23 0.000002 -4.440602 0.000000 1.569944 -0.062987 0.004053
 24 11.375562 -0.000001 0.000004 -1.708653 -0.257261 0.178719
 25 0.000001 -4.440603 -0.000001 1.570144 -0.062988 0.004040
 26 10.510131 -0.000002 0.000000 -0.000000 -0.000000 -2.316208
 27 0.000000 -1.748400 5.000000 0.000000 0.004007 1.602291
 28 5.500000 -0.000001 0.000001 -0.116684 0.000000 -0.000000
 29 -0.000003 -1.940599 5.000002 -0.044472 0.004003 -0.000180
 30 6.551492 -0.000000 -0.000001 0.170177 0.402766 -0.400257
 31 0.000001 -1.940598 5.000003 -0.027189 -0.053376 0.005295
 32 6.551492 -0.000000 -0.000001 0.101248 0.186679 -0.198490
 33 0.000001 -1.940598 4.999997 -0.066572 -0.152786 -0.110311
 34 0.176529 -0.854962 -1.494702 -2.346344 1.125493 0.115276
 35 6.384778 -0.000000 0.000001 -0.609998 -0.986517 0.433967
 36 10.242682 0.000001 0.000000 0.000000 -0.000000 -1.777560
 37 11.375560 -0.000002 -0.000001 1.990031 0.054373 0.334918
 38 0.728682 0.023430 1.008292 -1.579583 -0.319038 0.212973
 39 2.136497 -0.000000 -0.000000 -0.000000 0.000000 1.282817
 40 2.313138 0.000000 -0.000000 0.000000 0.000000 3.141593
 41 3.115507 -0.886042 0.021432 0.708959 0.171755 0.347804
 42 2.011150 0.000000 -0.000000 -0.000000 0.000000 2.082010
 43 2.141379 -0.000001 -0.000000 0.000000 0.000000 3.141593
 44 1.734171 -0.000001 -0.000001 -0.000000 -0.000000 1.041748
 45 0.136315 -3.738194 2.525891 1.493698 2.759406 -1.474501
 46 5.613162 0.862365 3.157032 1.595152 -0.135386 0.061522
 47 11.389363 -0.000821 0.158779 1.778650 0.049324 0.183813
 48 -0.000001 -4.440599 0.000002 1.570144 -3.078602 0.004040
 49 5.999998 -0.000000 -0.000002 1.778650 0.000000 -0.000000
 50 0.000004 -4.440601 -0.000001 1.569944 -3.078603 0.004053
 51 10.510133 0.000001 0.000001 -0.000000 0.000000 -2.459577
 52 0.000001 -1.748400 -5.000001 -3.141593 0.004007 -1.539299
 53 5.500000 0.000001 0.000000 0.155146 -0.000000 0.000000
 54 0.000000 0.000001 -5.000000 -0.044472 3.137589 -0.000177
 55 6.551492 0.000001 -0.000002 -0.155146 -0.311943 0.036332
 56 -1.266843 -1.937442 -4.950561 -0.066572 -2.988806 -0.110308
 57 6.551493 0.000001 -0.000002 -0.155146 -0.311943 0.036332
 58 0.699371 -1.944208 -5.006848 -0.027189 -3.088217 0.005298
 59 4.226144 -0.003201 -0.000000 0.249114 0.108319 0.428846
 60 -0.000001 5.000003 0.000001 -0.153564 0.000087 2.718702
 61 0.000003 -0.000005 -3.713581 0.095503 -3.012510 -0.750673
 62 -0.000001 0.000001 5.000000 3.053197 1.558589 -0.074927
 63 -0.000009 0.000005 3.713580 -0.334410 -2.825096 -0.524885
 64 -0.000001 -0.000000 -5.000000 -0.088728 1.558589 3.066333
 65 7.363602 1.646646 0.495662 -3.141593 -1.570796 0.000000
 66 -0.000006 0.000006 3.619082 -0.528284 -2.367383 -1.007256
 67 16.573921 0.000001 0.000002 -0.000000 -0.000000 -2.019199
 68 15.128181 0.000001 -0.000000 0.031619 0.086785 -0.033197
 69 5.758666 4.244730 0.000000 0.000000 -0.000000 2.033309
 70 3.177726 0.000001 -0.000000 0.000000 0.000000 3.141593
 71 15.708953 0.000001 -0.000001 0.016155 0.048356 -0.018185
 72 0.275149 0.189215 -3.445208 3.130898 0.000409 -1.514604
 73 17.210192 -0.000000 0.000003 0.000000 0.000000 -2.322356
 74 0.000001 0.000000 -5.000000 -0.079429 1.546568 -1.570852
 75 0.000005 -0.000005 -3.619081 0.196495 -3.011952 -1.279118
 76 16.573921 0.000002 0.000001 -0.000000 -0.000000 -1.611348
 77 15.128183 -0.000001 -0.000000 0.214418 -0.027533 0.774389
 78 5.758666 4.244731 -0.000000 -0.000000 0.000000 1.483530
 79 4.003935 0.000000 0.000000 0.000000 0.000000 0.000000
 80 15.708955 -0.000002 0.000000 0.153371 0.002792 0.528179
 81 0.273998 0.191090 3.439763 -3.130907 -0.000437 -1.508107
 82 17.210192 0.000001 0.000000 -0.000000 0.000000 -2.138824
 83 0.000000 -0.000000 5.000000 -0.079311 1.595025 -1.570737
time 40
  0 -0.650000 0.000000 33.191761 -0.281436 0.436358 -2.443536
  1 11.368426 6.770639 -23.418962 -0.498313 0.132926 2.346876
  2 -2.276937 0.000002 -1.238186 -1.570795 -1.570451 0.000000
  3 1.796385 0.711885 0.000097 -0.030266 0.076886 -0.236600
  4 4.119722 -0.003079 0.000132 -0.040303 -0.046615 0.351428
  5 4.118849 -0.003270 0.000087 -0.026730 -0.078951 0.076312
  6 4.118460 -0.003273 0.000131 -0.040089 -0.059640 -0.041348
  7 4.120851 -0.002098 -0.001756 0.522312 0.102838 0.878582
  8 4.443599 0.000003 -0.000000 -0.349635 -0.069877 -0.009739
  9 9.024062 -0.000001 0.000001 0.000000 0.000000 0.000000
 10 -0.177878 0.863401 1.493760 0.599795 -0.811895 1.686382
 11 6.384778 0.000000 0.000001 0.311412 0.548881 -0.502730
 12 10.242682 0.000000 0.000000 0.000000 -0.000000 -1.619825
 13 11.375562 0.000001 0.000001 -1.978080 -0.477988 0.409087
 14 0.728680 0.023430 -1.008294 2.369035 0.096527 1.019670
 15 2.136497 -0.000000 0.000000 -0.000000 -0.000000 0.506146
 16 2.313140 0.000001 -0.000001 0.000000 0.000000 0.000000
 17 3.115507 -0.886042 -0.021432 -0.145751 0.080779 1.015150
 18 2.011151 -0.000000 0.000001 0.000000 0.000000 1.540958
 19 2.141380 0.000000 0.000001 0.000000 0.000000 0.000000
 20 1.734175 0.000002 -0.000001 0.000000 0.000000 0.770379
 21 0.000005 -4.440594 -0.000001 1.570544 -0.062990 -0.195737
 22 6.000000 0.000001 0.000002 -1.859124 0.000000 -0.000000
 23 0.000002 -4.440600 -0.000002 1.569944 -0.062987 0.004053
 24 11.375562 0.000001 0.000005 -1.744223 -0.265418 0.184836
 25 0.000001 -4.440603 0.000000 1.570144 -0.062988 0.004040
 26 10.510130 -0.000002 -0.000000 -0.000000 -0.000000 -2.380709
 27 0.000002 -1.748401 4.999999 0.000000 0.004007 1.602290
 28 5.499999 -0.000001 0.000001 -0.132056 -0.000000 0.000000
 29 -0.000001 -1.940599 5.000000 -0.044472 0.004003 -0.000180
 30 6.551491 0.000000 -0.000000 0.197880 0.390891 -0.406320
 31 -0.000002 -1.940598 5.000002 -0.027189 -0.053376 0.005295
 32 6.551491 0.000000 -0.000000 0.114025 0.179184 -0.202505
 33 -0.000000 -1.940598 4.999997 -0.066572 -0.152786 -0.110311
 34 0.177882 -0.856318 -1.493762 -2.348870 1.125619 0.114572
 35 6.384777 0.000001 0.000001 -0.682443 -0.957582 0.541418
 36 10.242683 -0.000001 0.000001 0.000000 -0.000000 -1.835535
 37 11.375561 -0.000001 -0.000002 1.990114 0.053693 0.336443
 38 0.728679 0.023431 1.008292 -1.579583 -0.319038 0.212973
 39 2.136496 -0.000001 -0.000000 -0.000000 -0.000000 1.282817
 40 2.313138 -0.000001 0.000000 0.000000 0.000000 3.141593
 41 3.115506 -0.886042 0.021432 0.708959 0.171755 0.347804
 42 2.011152 -0.000000 -0.000000 -0.000000 -0.000000 2.082010
 43 2.141380 0.000000 -0.000001 0.000000 0.000000 3.141593
 44 1.734172 -0.000001 -0.000001 -0.000000 0.000000 1.041748
 45 0.136315 -3.738192 2.525891 1.493698 2.759406 -1.474501
 46 5.613161 0.862366 3.157031 1.595152 -0.135386 0.061522
 47 11.389368 -0.000819 0.158780 1.778705 0.049039 0.184643
 48 0.000001 -4.440599 0.000001 1.570144 -3.078602 0.004040
 49 6.000000 0.000000 -0.000001 1.778705 0.000000 0.000000
 50 0.000003 -4.440601 0.000001 1.569944 -3.078603 0.004053
 51 10.510134 -0.000001 0.000001 0.000000 -0.000000 -2.488564
 52 0.000001 -1.748400 -5.000001 3.141593 0.004007 -1.539299
 53 5.500000 0.000000 0.000001 0.162378 -0.000000 0.000000
 54 0.000000 -0.000000 -5.000000 -0.044472 3.137589 -0.000177
 55 6.551491 0.000001 -0.000001 -0.162378 -0.304431 0.069371
 56 -1.266843 -1.937445 -4.950560 -0.066572 -2.988806 -0.110308
 57 6.551492 0.000001 -0.000001 -0.162378 -0.304431 0.069371
 58 0.699371 -1.944206 -5.006849 -0.027189 -3.088217 0.005298
 59 4.226148 -0.003202 -0.000001 0.249504 0.108707 0.428174
 60 0.000001 4.999999 0.000000 -0.153564 0.000087 2.718702
 61 0.000003 -0.000005 -3.713581 0.095503 -3.012510 -0.750673
 62 -0.000001 0.000001 5.000000 3.053197 1.558589 -0.074927
 63 -0.000009 0.000005 3.713580 -0.334410 -2.825096 -0.524885
 64 -0.000001 -0.000000 -5.000000 -0.088728 1.558589 3.066333
 65 7.363602 1.646646 0.495662 -3.141593 -1.570796 0.000000
 66 -0.000006 0.000006 3.619082 -0.528284 -2.367383 -1.007256
 67 16.573921 0.000001 0.000002 -0.000000 -0.000000 -2.019199
 68 15.128181 0.000001 -0.000000 0.031619 0.086785 -0.033197
 69 5.758666 4.244730 0.000000 0.000000 -0.000000 2.033309
 70 3.177726 0.000001 -0.000000 0.000000 0.000000 3.141593
 71 15.708953 0.000001 -0.000001 0.016155 0.048356 -0.018185
 72 0.275149 0.189215 -3.445208 3.130898 0.000409 -1.514604
 73 17.210192 -0.000000 0.000003 0.000000 0.000000 -2.322356
 74 0.000001 0.000000 -5.000000 -0.079429 1.546568 -1.570852
 75 0.000005 -0.000005 -3.619081 0.196495 -3.011952 -1.279118
 76 16.573921 0.000002 0.000001 -0.000000 -0.000000 -1.611348
 77 15.128183 -0.000001 -0.000000 0.214418 -0.027533 0.774389
 78 5.758666 4.244731 -0.000000 -0.000000 0.000000 1.483530
 79 4.003935 0.000000 0.000000 0.000000 0.000000 0.000000
 80 15.708955 -0.000002 0.000000 0.153371 0.002792 0.528179
 81 0.273998 0.191090 3.439763 -3.130907 -0.000437 -1.508107
 82 17.210192 0.000001 0.000000 -0.000000 0.000000 -2.138824
 83 0.000000 -0.000000 5.000000 -0.079311 1.595025 -1.570737
time 41
  0 -0.650000 0.000000 33.191761 -0.281436 0.436358 -2.443536
  1 11.368426 6.770639 -23.418962 -0.498313 0.132926 2.346876
  2 -2.276937 0.000002 -1.238186 -1.570795 -1.570451 0.000000
  3 1.796389 0.711884 0.000084 -0.026266 0.074613 -0.234761
  4 4.119727 -0.003080 0.000119 -0.036455 -0.047032 0.351541
  5 4.118847 -0.003269 0.000074 -0.022638 -0.077622 0.076270
  6 4.118462 -0.003274 0.000118 -0.035995 -0.058481 -0.041297
  7 4.120842 -0.002101 -0.001758 0.523265 0.103624 0.877210
  8 4.443599 0.000003 -0.000001 -0.364565 -0.057691 -0.020501
  9 9.024062 0.000002 0.000000 0.000000 0.000000 0.000000
 10 -0.179233 0.864751 1.492819 0.599981 -0.810808 1.687822
 11 6.384779 -0.000002 -0.000002 0.346358 0.522383 -0.535824
 12 10.242682 -0.000001 0.000001 0.000000 -0.000000 -1.680784
 13 11.375562 -0.000000 0.000003 -2.035967 -0.492638 0.491302
 14 0.728680 0.023431 -1.008293 2.371144 0.101072 1.027945
 15 2.136496 -0.000000 -0.000000 0.000000 0.000000 0.492487
 16 2.313139 -0.000000 0.000000 0.000000 0.000000 0.000000
 17 3.115507 -0.886040 -0.021431 -0.146138 0.080072 1.010322
 18 2.011151 -0.000000 0.000002 0.000000 -0.000000 1.536848
 19 2.141380 0.000001 0.000002 0.000000 0.000000 0.000000
 20 1.734175 0.000002 0.000001 0.000000 0.000000 0.768310
 21 0.000005 -4.440594 0.000001 1.570544 -0.062990 -0.195737
 22 6.000000 0.000000 0.000003 -1.896881 0.000000 0.000000
 23 0.000002 -4.440601 0.000001 1.569944 -0.062987 0.004053
 24 11.375561 0.000000 0.000006 -1.764870 -0.276850 0.218926
 25 0.000001 -4.440603 -0.000001 1.570144 -0.062988 0.004040
 26 10.510129 -0.000002 0.000001 0.000000 -0.000000 -2.411188
 27 -0.000000 -1.748401 5.000000 -0.000000 0.004007 1.602290
 28 5.500000 -0.000001 0.000002 -0.143494 0.000000 -0.000000
 29 -0.000003 -1.940599 5.000001 -0.044472 0.004003 -0.000180
 30 6.551491 -0.000000 -0.000001 0.219047 0.362820 -0.421280
 31 0.000001 -1.940600 5.000002 -0.027189 -0.053376 0.005295
 32 6.551491 -0.000000 -0.000001 0.123466 0.164083 -0.210377
 33 0.000002 -1.940600 4.999996 -0.066572 -0.152786 -0.110311
 34 0.179235 -0.857672 -1.492820 -2.351395 1.125745 0.113868
 35 6.384778 -0.000001 -0.000000 -0.756633 -0.914299 0.645239
 36 10.242683 -0.000001 0.000001 -0.000000 -0.000000 -1.904548
 37 11.375562 0.000000 -0.000001 1.990163 0.053279 0.337372
 38 0.728679 0.023431 1.008293 -1.579583 -0.319038 0.212973
 39 2.136498 0.000001 -0.000000 -0.000000 -0.000000 1.282817
 40 2.313138 -0.000000 0.000000 0.000000 0.000000 3.141593
 41 3.115507 -0.886041 0.021432 0.708959 0.171755 0.347804
 42 2.011152 -0.000002 0.000000 -0.000000 -0.000000 2.082010
 43 2.141381 0.000000 -0.000000 0.000000 0.000000 3.141593
 44 1.734171 -0.000002 -0.000001 -0.000000 -0.000000 1.041748
 45 0.136314 -3.738193 2.525890 1.493698 2.759406 -1.474501
 46 5.613162 0.862365 3.157030 1.595152 -0.135386 0.061522
 47 11.389366 -0.000819 0.158780 1.778738 0.048866 0.185148
 48 0.000002 -4.440599 0.000001 1.570144 -3.078602 0.004040
 49 6.000000 0.000002 -0.000000 1.778739 0.000000 0.000000
 50 0.000001 -4.440601 0.000001 1.569944 -3.078603 0.004053
 51 10.510131 0.000002 0.000001 -0.000000 0.000000 -2.523071
 52 0.000000 -1.748401 -5.000001 -3.141593 0.004007 -1.539299
 53 5.500001 -0.000002 0.000000 0.171876 -0.000000 -0.000000
 54 -0.000001 -0.000001 -5.000001 -0.044472 3.137589 -0.000177
 55 6.551492 0.000000 -0.000003 -0.171876 -0.294040 0.102420
 56 -1.266842 -1.937443 -4.950559 -0.066572 -2.988806 -0.110308
 57 6.551493 -0.000000 -0.000003 -0.171876 -0.294040 0.102420
 58 0.699372 -1.944208 -5.006845 -0.027189 -3.088217 0.005298
 59 4.226143 -0.003202 -0.000000 0.249894 0.109095 0.427502
 60 0.000000 5.000002 0.000001 -0.153564 0.000087 2.718702
 61 0.000003 -0.000005 -3.713581 0.095503 -3.012510 -0.750673
 62 -0.000001 0.000001 5.000000 3.053197 1.558589 -0.074927
 63 -0.000009 0.000005 3.713580 -0.334410 -2.825096 -0.524885
 64 -0.000001 -0.000000 -5.000000 -0.088728 1.558589 3.066333
 65 7.363602 1.646646 0.495662 -3.141593 -1.570796 0.000000
 66 -0.000006 0.000006 3.619082 -0.528284 -2.367383 -1.007256
 67 16.573921 0.000001 0.000002 -0.000000 -0.000000 -2.019199
 68 15.128181 0.000001 -0.000000 0.031619 0.086785 -0.033197
 69 5.758666 4.244730 0.000000 0.000000 -0.000000 2.033309
 70 3.177726 0.000001 -0.000000 0.000000 0.000000 3.141593
 71 15.708953 0.000001 -0.000001 0.016155 0.048356 -0.018185
 72 0.275149 0.189215 -3.445208 3.130898 0.000409 -1.514604
 73 17.210192 -0.000000 0.000003 0.000000 0.000000 -2.322356
 74 0.000001 0.000000 -5.000000 -0.079429 1.546568 -1.570852
 75 0.000005 -0.000005 -3.619081 0.196495 -3.011952 -1.279118
 76 16.573921 0.000002 0.000001 -0.000000 -0.000000 -1.611348
 77 15.128183 -0.000001 -0.000000 0.214418 -0.027533 0.774389
 78 5.758666 4.244731 -0.000000 -0.000000 0.000000 1.483530
 79 4.003935 0.000000 0.000000 0.000000 0.000000 0.000000
 80 15.708955 -0.000002 0.000000 0.153371 0.002792 0.528179
 81 0.273998 0.191090 3.439763 -3.130907 -0.000437 -1.508107
 82 17.210192 0.000001 0.000000 -0.000000 0.000000 -2.138824
 83 0.000000 -0.000000 5.000000 -0.079311 1.595025 -1.570737
time 42
  0 -0.650000 0.000000 33.191761 -0.281436 0.436358 -2.443536
  1 11.368426 6.770639 -23.418962 -0.498313 0.132926 2.346876
  2 -2.276937 0.000002 -1.238186 -1.570795 -1.570451 0.000000
  3 1.796393 0.711884 0.000082 -0.025457 0.073811 -0.233205
  4 4.119726 -0.003079 0.000116 -0.035663 -0.046990 0.351848
  5 4.118847 -0.003269 0.000071 -0.021801 -0.077150 0.076546
  6 4.118461 -0.003274 0.000116 -0.035159 -0.058116 -0.041001
  7 4.120839 -0.002104 -0.001761 0.524217 0.104411 0.875839
  8 4.443599 0.000000 0.000000 -0.365983 -0.061248 -0.040170
  9 9.024062 0.000000 -0.000000 0.000000 0.000000 0.000000
 10 -0.180589 0.866100 1.491877 0.600169 -0.809722 1.689261
 11 6.384778 -0.000001 -0.000002 0.387389 0.455218 -0.570663
 12 10.242684 -0.000001 0.000000 -0.000000 0.000000 -1.698958
 13 11.375562 -0.000001 0.000001 -2.138178 -0.502532 0.580756
 14 0.728680 0.023431 -1.008292 2.375676 0.110515 1.045285
 15 2.136497 -0.000000 -0.000001 -0.000000 0.000000 0.463941
 16 2.313140 0.000001 -0.000002 0.000000 0.000000 0.000000
 17 3.115507 -0.886040 -0.021429 -0.146938 0.078587 1.000235
 18 2.011151 0.000001 -0.000001 -0.000000 -0.000000 1.528259
 19 2.141380 0.000000 -0.000001 0.000000 0.000000 0.000000
 20 1.734175 0.000002 -0.000000 0.000000 0.000000 0.763987
 21 0.000006 -4.440595 0.000000 1.570544 -0.062990 -0.195737
 22 6.000000 -0.000003 0.000002 -1.967508 0.000000 -0.000000
 23 0.000002 -4.440601 0.000000 1.569944 -0.062987 0.004053
 24 11.375563 0.000000 0.000004 -1.806003 -0.289999 0.252102
 25 0.000001 -4.440603 -0.000004 1.570144 -0.062988 0.004040
 26 10.510130 -0.000002 -0.000000 -0.000000 -0.000000 -2.420275
 27 -0.000000 -1.748399 4.999999 0.000000 0.004007 1.602291
 28 5.499998 -0.000001 0.000001 -0.157581 0.000000 -0.000000
 29 -0.000004 -1.940599 5.000001 -0.044472 0.004003 -0.000180
 30 6.551490 0.000001 -0.000000 0.246961 0.301507 -0.441908
 31 -0.000002 -1.940599 5.000003 -0.027189 -0.053376 0.005295
 32 6.551490 0.000001 -0.000000 0.134899 0.132505 -0.220929
 33 -0.000000 -1.940599 4.999997 -0.066572 -0.152786 -0.110311
 34 0.180591 -0.859021 -1.491877 -2.353920 1.125869 0.113164
 35 6.384778 -0.000001 0.000000 -0.783931 -0.892555 0.683494
 36 10.242682 -0.000003 0.000001 0.000000 -0.000000 -1.937907
 37 11.375560 -0.000003 -0.000002 1.990031 0.054373 0.334918
 38 0.728680 0.023431 1.008293 -1.579583 -0.319038 0.212973
 39 2.136499 0.000002 -0.000001 -0.000000 -0.000000 1.282817
 40 2.313140 0.000001 0.000001 0.000000 0.000000 3.141593
 41 3.115508 -0.886041 0.021431 0.708959 0.171755 0.347804
 42 2.011153 -0.000001 -0.000000 -0.000000 0.000000 2.082010
 43 2.141381 0.000000 -0.000000 0.000000 0.000000 3.141593
 44 1.734173 -0.000001 -0.000001 0.000000 0.000000 1.041748
 45 0.136315 -3.738194 2.525891 1.493698 2.759406 -1.474501
 46 5.613162 0.862366 3.157032 1.595152 -0.135386 0.061522
 47 11.389366 -0.000820 0.158780 1.778650 0.049324 0.183813
 48 -0.000000 -4.440599 0.000001 1.570144 -3.078602 0.004040
 49 6.000000 0.000000 -0.000001 1.778650 0.000000 0.000000
 50 0.000003 -4.440601 0.000000 1.569944 -3.078603 0.004053
 51 10.510132 -0.000002 0.000000 0.000000 0.000000 -2.539750
 52 0.000001 -1.748401 -5.000001 -3.141593 0.004007 -1.539299
 53 5.499999 -0.000000 -0.000000 0.175973 -0.000000 -0.000000
 54 -0.000000 0.000001 -5.000000 -0.044472 3.137589 -0.000177
 55 6.551491 0.000000 -0.000003 -0.175973 -0.288941 0.115289
 56 -1.266843 -1.937443 -4.950562 -0.066572 -2.988806 -0.110308
 57 6.551492 -0.000000 -0.000003 -0.175973 -0.288941 0.115289
 58 0.699372 -1.944207 -5.006850 -0.027189 -3.088217 0.005298
 59 4.226146 -0.003201 -0.000000 0.250283 0.109483 0.426830
 60 0.000001 5.000003 0.000001 -0.153564 0.000087 2.718702
 61 0.000003 -0.000005 -3.713581 0.095503 -3.012510 -0.750673
 62 -0.000001 0.000001 5.000000 3.053197 1.558589 -0.074927
 63 -0.000009 0.000005 3.713580 -0.334410 -2.825096 -0.524885
 64 -0.000001 -0.000000 -5.000000 -0.088728 1.558589 3.066333
 65 7.363602 1.646646 0.495662 -3.141593 -1.570796 0.000000
 66 -0.000006 0.000006 3.619082 -0.528284 -2.367383 -1.007256
 67 16.573921 0.000001 0.000002 -0.000000 -0.000000 -2.019199
 68 15.128181 0.000001 -0.000000 0.031619 0.086785 -0.033197
 69 5.758666 4.244730 0.000000 0.000000 -0.000000 2.033309
 70 3.177726 0.000001 -0.000000 0.000000 0.000000 3.141593
 71 15.708953 0.000001 -0.000001 0.016155 0.048356 -0.018185
 72 0.275149 0.189215 -3.445208 3.130898 0.000409 -1.514604
 73 17.210192 -0.000000 0.000003 0.000000 0.000000 -2.322356
 74 0.000001 0.000000 -5.000000 -0.079429 1.546568 -1.570852
 75 0.000005 -0.000005 -3.619081 0.196495 -3.011952 -1.279118
 76 16.573921 0.000002 0.000001 -0.000000 -0.000000 -1.611348
 77 15.128183 -0.000001 -0.000000 0.214418 -0.027533 0.774389
 78 5.758666 4.244731 -0.000000 -0.000000 0.000000 1.483530
 79 4.003935 0.000000 0.000000 0.000000 0.000000 0.000000
 80 15.708955 -0.000002 0.000000 0.153371 0.002792 0.528179
 81 0.273998 0.191090 3.439763 -3.130907 -0.000437 -1.508107
 82 17.210192 0.000001 0.000000 -0.000000 0.000000 -2.138824
 83 0.000000 -0.000000 5.000000 -0.079311 1.595025 -1.570737
time 43
  0 -0.650000 0.000000 33.191761 -0.281436 0.436358 -2.443536
  1 11.368426 6.770639 -23.418962 -0.498313 0.132926 2.346876
  2 -2.276937 0.000002 -1.238186 -1.570795 -1.570451 0.000000
  3 1.796400 0.711882 0.000081 -0.025214 0.073192 -0.231018
  4 4.119725 -0.003078 0.000116 -0.035407 -0.046831 0.352358
  5 4.118854 -0.003272 0.000068 -0.021536 -0.076776 0.077043
  6 4.118461 -0.003270 0.000116 -0.034896 -0.057855 -0.040495
  7 4.120834 -0.002108 -0.001764 0.525167 0.105198 0.874468
  8 4.443599 0.000003 -0.000000 -0.361880 -0.071080 -0.067513
  9 9.024062 -0.000001 -0.000000 0.000000 0.000000 0.000000
 10 -0.181946 0.867447 1.490933 0.600358 -0.808636 1.690698
 11 6.384778 -0.000000 0.000000 0.413834 0.392943 -0.598594
 12 10.242682 -0.000001 -0.000000 0.000000 0.000000 -1.718553
 13 11.375562 0.000002 0.000000 -2.205165 -0.539638 0.634995
 14 0.728681 0.023431 -1.008292 2.369035 0.096527 1.019670
 15 2.136496 -0.000000 0.000001 -0.000000 0.000000 0.506146
 16 2.313139 -0.000002 0.000000 0.000000 0.000000 0.000000
 17 3.115506 -0.886041 -0.021430 -0.145751 0.080779 1.015150
 18 2.011151 -0.000001 -0.000001 0.000000 -0.000000 1.540958
 19 2.141379 0.000001 -0.000001 0.000000 0.000000 0.000000
 20 1.734175 0.000002 -0.000002 -0.000000 -0.000000 0.770379
 21 0.000005 -4.440594 -0.000000 1.570544 -0.062990 -0.195737
 22 6.000001 -0.000001 0.000002 -2.009930 -0.000000 -0.000000
 23 0.000001 -4.440601 0.000000 1.569944 -0.062987 0.004053
 24 11.375563 -0.000001 0.000004 -1.828371 -0.313521 0.266079
 25 0.000001 -4.440602 -0.000001 1.570144 -0.062988 0.004040
 26 10.510131 -0.000002 -0.000000 -0.000000 -0.000000 -2.430073
 27 0.000001 -1.748400 4.999998 -0.000000 0.004007 1.602291
 28 5.499998 -0.000001 0.000001 -0.168297 0.000000 0.000000
 29 -0.000003 -1.940599 5.000001 -0.044472 0.004003 -0.000180
 30 6.551491 0.000002 0.000002 0.269141 0.245246 -0.459444
 31 0.000002 -1.940600 5.000000 -0.027189 -0.053376 0.005295
 32 6.551491 0.000002 0.000002 0.143462 0.103510 -0.229260
 33 0.000002 -1.940600 4.999993 -0.066572 -0.152786 -0.110311
 34 0.181948 -0.860367 -1.490933 -2.356445 1.125993 0.112459
 35 6.384778 -0.000001 0.000000 -0.799276 -0.875050 0.707818
 36 10.242682 0.000001 0.000001 -0.000000 -0.000000 -1.969086
 37 11.375562 0.000001 -0.000001 1.989624 0.057616 0.327643
 38 0.728680 0.023431 1.008291 -1.579583 -0.319038 0.212973
 39 2.136497 -0.000001 -0.000001 -0.000000 -0.000000 1.282817
 40 2.313141 -0.000000 0.000000 0.000000 0.000000 3.141593
 41 3.115506 -0.886042 0.021430 0.708959 0.171755 0.347804
 42 2.011149 0.000001 0.000000 -0.000000 -0.000000 2.082010
 43 2.141379 0.000000 -0.000000 0.000000 0.000000 3.141593
 44 1.734172 -0.000002 -0.000001 0.000000 0.000000 1.041748
 45 0.136315 -3.738194 2.525891 1.493698 2.759406 -1.474501
 46 5.613161 0.862365 3.157030 1.595152 -0.135386 0.061522
 47 11.389366 -0.000819 0.158780 1.778383 0.050683 0.179844
 48 0.000000 -4.440599 0.000001 1.570144 -3.078602 0.004040
 49 6.000000 0.000002 -0.000000 1.778383 0.000000 0.000000
 50 0.000003 -4.440601 0.000002 1.569944 -3.078603 0.004053
 51 10.510132 0.000001 0.000002 -0.000000 0.000000 -2.555339
 52 0.000001 -1.748402 -5.000000 3.141593 0.004007 -1.539299
 53 5.500001 -0.000001 0.000001 0.178231 0.000000 -0.000000
 54 -0.000001 -0.000001 -4.999999 -0.044472 3.137589 -0.000177
 55 6.551492 -0.000000 -0.000003 -0.178231 -0.284637 0.124591
 56 -1.266842 -1.937446 -4.950561 -0.066572 -2.988806 -0.110308
 57 6.551493 -0.000000 -0.000003 -0.178231 -0.284637 0.124591
 58 0.699372 -1.944210 -5.006850 -0.027189 -3.088217 0.005298
 59 4.226147 -0.003202 -0.000001 0.250672 0.109871 0.426159
 60 0.000001 5.000002 0.000000 -0.153564 0.000087 2.718702
 61 0.000003 -0.000005 -3.713581 0.095503 -3.012510 -0.750673
 62 -0.000001 0.000001 5.000000 3.053197 1.558589 -0.074927
 63 -0.000009 0.000005 3.713580 -0.334410 -2.825096 -0.524885
 64 -0.000001 -0.000000 -5.000000 -0.088728 1.558589 3.066333
 65 7.363602 1.646646 0.495662 -3.141593 -1.570796 0.000000
 66 -0.000006 0.000006 3.619082 -0.528284 -2.367383 -1.007256
 67 16.573921 0.000001 0.000002 -0.000000 -0.000000 -2.019199
 68 15.128181 0.000001 -0.000000 0.031619 0.086785 -0.033197
 69 5.758666 4.244730 0.000000 0.000000 -0.000000 2.033309
 70 3.177726 0.000001 -0.000000 0.000000 0.000000 3.141593
 71 15.708953 0.000001 -0.000001 0.016155 0.048356 -0.018185
 72 0.275149 0.189215 -3.445208 3.130898 0.000409 -1.514604
 73 17.210192 -0.000000 0.000003 0.000000 0.000000 -2.322356
 74 0.000001 0.000000 -5.000000 -0.079429 1.546568 -1.570852
 75 0.000005 -0.000005 -3.619081 0.196495 -3.011952 -1.279118
 76 16.573921 0.000002 0.000001 -0.000000 -0.000000 -1.611348
 77 15.128183 -0.000001 -0.000000 0.214418 -0.027533 0.774389
 78 5.758666 4.244731 -0.000000 -0.000000 0.000000 1.483530
 79 4.003935 0.000000 0.000000 0.000000 0.000000 0.000000
 80 15.708955 -0.000002 0.000000 0.153371 0.002792 0.528179
 81 0.273998 0.191090 3.439763 -3.130907 -0.000437 -1.508107
 82 17.210192 0.000001 0.000000 -0.000000 0.000000 -2.138824
 83 0.000000 -0.000000 5.000000 -0.079311 1.595025 -1.570737
time 44
  0 -0.650000 0.000000 33.191761 -0.281436 0.436358 -2.443536
  1 11.368426 6.770639 -23.418962 -0.498313 0.132926 2.346876
  2 -2.276937 0.000002 -1.238186 -1.570795 -1.570451 0.000000
  3 1.796421 0.711877 0.000083 -0.025793 0.072348 -0.224140
  4 4.119738 -0.003077 0.000117 -0.035883 -0.046286 0.354083
  5 4.118858 -0.003270 0.000072 -0.022067 -0.076209 0.078784
  6 4.118467 -0.003274 0.000117 -0.035436 -0.057518 -0.038760
  7 4.120827 -0.002111 -0.001766 0.526116 0.105987 0.873099
  8 4.443599 0.000002 -0.000000 -0.353366 -0.088138 -0.103606
  9 9.024062 0.000000 0.000000 0.000000 0.000000 0.000000
 10 -0.183305 0.868789 1.489988 0.600550 -0.807551 1.692132
 11 6.384779 0.000000 -0.000001 0.403723 0.334898 -0.580469
 12 10.242683 0.000001 0.000002 -0.000000 0.000000 -1.774287
 13 11.375562 0.000001 -0.000001 -2.187411 -0.651780 0.584409
 14 0.728681 0.023431 -1.008292 2.339215 -0.034648 0.836143
 15 2.136496 0.000002 -0.000001 0.000000 0.000000 0.801924
 16 2.313138 -0.000001 -0.000001 0.000000 0.000000 0.000000
 17 3.115507 -0.886041 -0.021432 -0.131629 0.102257 1.169360
 18 2.011151 0.000000 0.000002 -0.000000 0.000000 1.683951
 19 2.141379 -0.000000 -0.000001 0.000000 0.000000 0.000000
 20 1.734175 0.000002 -0.000001 -0.000000 0.000000 0.842344
 21 0.000005 -4.440594 -0.000000 1.570544 -0.062990 -0.195737
 22 6.000000 -0.000001 0.000002 -1.984721 0.000000 -0.000000
 23 0.000003 -4.440601 -0.000003 1.569944 -0.062987 0.004053
 24 11.375562 -0.000001 0.000004 -1.808286 -0.361138 0.225348
 25 0.000002 -4.440604 0.000000 1.570144 -0.062988 0.004040
 26 10.510133 -0.000001 0.000001 -0.000000 -0.000000 -2.457940
 27 0.000001 -1.748400 5.000000 -0.000000 0.004007 1.602290
 28 5.499999 0.000000 0.000003 -0.163126 0.000000 0.000000
 29 0.000001 -1.940599 5.000000 -0.044472 0.004003 -0.000180
 30 6.551492 0.000002 -0.000000 0.262711 0.208361 -0.458319
 31 0.000000 -1.940600 5.000002 -0.027189 -0.053376 0.005295
 32 6.551492 0.000002 -0.000000 0.138899 0.086358 -0.228487
 33 0.000001 -1.940601 4.999994 -0.066572 -0.152786 -0.110311
 34 0.183307 -0.861710 -1.489988 -2.358969 1.126117 0.111753
 35 6.384777 0.000000 -0.000000 -0.797632 -0.859828 0.714906
 36 10.242682 -0.000002 0.000001 0.000000 -0.000000 -1.999276
 37 11.375560 -0.000001 -0.000001 1.989055 0.061859 0.318108
 38 0.728679 0.023431 1.008292 -1.579583 -0.319038 0.212973
 39 2.136495 -0.000001 -0.000000 0.000000 0.000000 1.282817
 40 2.313139 -0.000001 0.000000 0.000000 0.000000 3.141593
 41 3.115506 -0.886041 0.021431 0.708959 0.171755 0.347804
 42 2.011152 0.000000 -0.000001 -0.000000 0.000000 2.082010
 43 2.141379 0.000001 0.000000 0.000000 0.000000 3.141593
 44 1.734172 -0.000002 -0.000001 0.000000 0.000000 1.041748
 45 0.136314 -3.738191 2.525891 1.493698 2.759406 -1.474501
 46 5.613160 0.862365 3.157032 1.595152 -0.135386 0.061522
 47 11.389365 -0.000820 0.158780 1.778023 0.052465 0.174616
 48 0.000002 -4.440599 0.000001 1.570144 -3.078602 0.004040
 49 6.000000 0.000002 -0.000001 1.778023 0.000000 0.000000
 50 0.000004 -4.440602 -0.000001 1.569944 -3.078603 0.004053
 51 10.510133 0.000000 0.000001 0.000000 0.000000 -2.570435
 52 0.000000 -1.748399 -5.000000 3.141593 0.004007 -1.539299
 53 5.500000 -0.000001 0.000000 0.177723 -0.000000 0.000000
 54 -0.000000 -0.000000 -4.999999 -0.044472 3.137589 -0.000177
 55 6.551492 -0.000001 -0.000002 -0.177723 -0.280198 0.131113
 56 -1.266844 -1.937443 -4.950561 -0.066572 -2.988806 -0.110308
 57 6.551492 -0.000001 -0.000002 -0.177723 -0.280198 0.131113
 58 0.699371 -1.944209 -5.006847 -0.027189 -3.088217 0.005298
 59 4.226147 -0.003203 -0.000001 0.251060 0.110260 0.425487
 60 0.000000 4.999999 0.000000 -0.153564 0.000087 2.718701
 61 0.000003 -0.000005 -3.713581 0.095503 -3.012510 -0.750673
 62 -0.000001 0.000001 5.000000 3.053197 1.558589 -0.074927
 63 -0.000009 0.000005 3.713580 -0.334410 -2.825096 -0.524885
 64 0.000000 -0.000000 -5.000000 -0.088724 1.558589 3.066336
 65 7.363602 1.646646 0.495662 -3.141593 -1.570796 0.000000
 66 -0.000006 0.000006 3.619082 -0.528285 -2.367383 -1.007256
 67 16.573921 -0.000001 0.000001 0.000000 -0.000000 -2.019199
 68 15.128181 -0.000001 -0.000001 0.031619 0.086785 -0.033197
 69 5.758665 4.244731 0.000000 0.000000 -0.000000 2.033309
 70 3.177726 0.000001 -0.000000 0.000000 0.000000 3.141593
 71 15.708952 0.000000 -0.000000 0.016155 0.048356 -0.018185
 72 0.275149 0.189215 -3.445208 3.130898 0.000409 -1.514604
 73 17.210192 -0.000001 0.000002 0.000000 0.000000 -2.322356
 74 0.000000 0.000001 -5.000000 -0.079429 1.546568 -1.570852
 75 0.000005 -0.000005 -3.619081 0.196495 -3.011952 -1.279118
 76 16.573921 0.000002 0.000001 -0.000000 -0.000000 -1.611348
 77 15.128183 -0.000001 -0.000000 0.214418 -0.027533 0.774389
 78 5.758666 4.244731 -0.000000 -0.000000 0.000000 1.483530
 79 4.003935 0.000000 0.000000 0.000000 0.000000 0.000000
 80 15.708955 -0.000002 0.000000 0.153371 0.002792 0.528179
 81 0.273998 0.191090 3.439763 -3.130907 -0.000437 -1.508107
 82 17.210192 0.000001 0.000000 -0.000000 0.000000 -2.138824
 83 0.000000 -0.000000 5.000000 -0.079311 1.595025 -1.570737
time 45
  0 -0.650000 0.000000 33.191761 -0.281436 0.436358 -2.443536
  1 11.368426 6.770639 -23.418962 -0.498313 0.132926 2.346876
  2 -2.276937 0.000002 -1.238186 -1.570795 -1.570451 0.000000
  3 1.796454 0.711870 0.000089 -0.027860 0.071983 -0.214736
  4 4.119741 -0.003073 0.000124 -0.037754 -0.045409 0.356551
  5 4.118863 -0.003268 0.000079 -0.024094 -0.075863 0.081321
  6 4.118477 -0.003275 0.000122 -0.037475 -0.057425 -0.036261
  7 4.120821 -0.002114 -0.001769 0.527064 0.106777 0.871731
  8 4.443599 -0.000000 0.000000 -0.341529 -0.109972 -0.139399
  9 9.024062 -0.000000 0.000000 0.000000 0.000000 0.000000
 10 -0.184666 0.870126 1.489042 0.600744 -0.806467 1.693566
 11 6.384778 -0.000000 -0.000001 0.362424 0.297246 -0.569231
 12 10.242681 -0.000001 0.000001 0.000000 0.000000 -1.769295
 13 11.375562 0.000000 0.000001 -2.090076 -0.770202 0.420072
 14 0.728681 0.023431 -1.008293 2.319623 -0.071733 0.734826
 15 2.136497 0.000002 -0.000000 -0.000000 -0.000000 0.986111
 16 2.313139 -0.000001 -0.000000 0.000000 0.000000 0.000000
 17 3.115507 -0.886042 -0.021430 -0.130000 0.104325 1.185161
 18 2.011151 -0.000000 0.000002 0.000000 -0.000000 1.685374
 19 2.141379 0.000000 -0.000003 0.000000 0.000000 0.000000
 20 1.734175 0.000002 0.000002 -0.000000 0.000000 0.843059
 21 0.000006 -4.440593 0.000001 1.570544 -0.062990 -0.195737
 22 6.000000 -0.000001 0.000002 -1.911360 -0.000000 0.000000
 23 0.000002 -4.440602 0.000003 1.569944 -0.062987 0.004053
 24 11.375561 -0.000002 0.000005 -1.765318 -0.403479 0.139349
 25 0.000002 -4.440603 -0.000002 1.570144 -0.062988 0.004040
 26 10.510126 -0.000002 0.000000 0.000000 -0.000000 -2.455444
 27 0.000000 -1.748400 4.999998 -0.000000 0.004007 1.602290
 28 5.499997 -0.000001 0.000001 -0.147093 -0.000000 0.000000
 29 0.000000 -1.940599 5.000000 -0.044472 0.004003 -0.000180
 30 6.551490 0.000001 -0.000000 0.236098 0.188893 -0.456872
 31 -0.000001 -1.940598 5.000002 -0.027189 -0.053376 0.005295
 32 6.551490 0.000001 -0.000000 0.125383 0.078768 -0.227471
 33 -0.000001 -1.940598 4.999997 -0.066572 -0.152786 -0.110311
 34 0.184668 -0.863047 -1.489042 -2.361494 1.126239 0.111047
 35 6.384778 0.000001 -0.000000 -0.785721 -0.846084 0.707904
 36 10.242680 0.000000 0.000001 0.000000 0.000000 -2.027888
 37 11.375564 0.000001 -0.000001 1.988364 0.066642 0.307337
 38 0.728680 0.023431 1.008292 -1.579583 -0.319038 0.212973
 39 2.136497 -0.000002 0.000000 -0.000000 0.000000 1.282817
 40 2.313140 -0.000001 -0.000000 0.000000 0.000000 3.141593
 41 3.115507 -0.886042 0.021431 0.708959 0.171755 0.347804
 42 2.011150 0.000000 0.000000 -0.000000 -0.000000 2.082010
 43 2.141380 -0.000001 -0.000000 0.000000 0.000000 3.141593
 44 1.734171 -0.000001 -0.000000 -0.000000 -0.000000 1.041748
 45 0.136315 -3.738193 2.525891 1.493698 2.759406 -1.474501
 46 5.613160 0.862366 3.157032 1.595152 -0.135386 0.061522
 47 11.389366 -0.000820 0.158779 1.777603 0.054482 0.168674
 48 0.000002 -4.440600 0.000001 1.570144 -3.078602 0.004040
 49 6.000002 0.000002 -0.000001 1.777602 0.000000 0.000000
 50 0.000002 -4.440600 0.000001 1.569944 -3.078603 0.004053
 51 10.510131 0.000003 0.000000 0.000000 -0.000000 -2.584741
 52 0.000001 -1.748398 -5.000001 3.141593 0.004007 -1.539299
 53 5.500000 0.000001 -0.000000 0.176440 -0.000000 -0.000000
 54 -0.000000 -0.000004 -4.999999 -0.044472 3.137589 -0.000177
 55 6.551492 0.000002 -0.000004 -0.176440 -0.275931 0.134510
 56 -1.266844 -1.937440 -4.950562 -0.066572 -2.988806 -0.110308
 57 6.551492 0.000002 -0.000004 -0.176440 -0.275931 0.134510
 58 0.699371 -1.944207 -5.006848 -0.027189 -3.088217 0.005298
 59 4.226145 -0.003202 -0.000000 0.251448 0.110649 0.424816
 60 0.000001 5.000001 0.000000 -0.153564 0.000087 2.718702
 61 0.000003 -0.000005 -3.713581 0.095503 -3.012510 -0.750673
 62 -0.000001 0.000001 5.000000 3.053197 1.558589 -0.074927
 63 -0.000009 0.000005 3.713580 -0.334410 -2.825096 -0.524885
 64 0.000000 -0.000000 -5.000000 -0.088724 1.558589 3.066336
 65 7.363602 1.646646 0.495662 -3.141593 -1.570796 0.000000
 66 -0.000006 0.000006 3.619082 -0.528285 -2.367383 -1.007256
 67 16.573921 -0.000001 0.000001 0.000000 -0.000000 -2.019199
 68 15.128181 -0.000001 -0.000001 0.031619 0.086785 -0.033197
 69 5.758665 4.244731 0.000000 0.000000 -0.000000 2.033309
 70 3.177726 0.000001 -0.000000 0.000000 0.000000 3.141593
 71 15.708952 0.000000 -0.000000 0.016155 0.048356 -0.018185
 72 0.275149 0.189215 -3.445208 3.130898 0.000409 -1.514604
 73 17.210192 -0.000001 0.000002 0.000000 0.000000 -2.322356
 74 0.000000 0.000001 -5.000000 -0.079429 1.546568 -1.570852
 75 0.000005 -0.000005 -3.619081 0.196495 -3.011952 -1.279118
 76 16.573921 0.000002 0.000001 -0.000000 -0.000000 -1.611348
 77 15.128183 -0.000001 -0.000000 0.214418 -0.027533 0.774389
 78 5.758666 4.244731 -0.000000 -0.000000 0.000000 1.483530
 79 4.003935 0.000000 0.000000 0.000000 0.000000 0.000000
 80 15.708955 -0.000002 0.000000 0.153371 0.002792 0.528179
 81 0.273998 0.191090 3.439763 -3.130907 -0.000437 -1.508107
 82 17.210192 0.000001 0.000000 -0.000000 0.000000 -2.138824
 83 0.000000 -0.000000 5.000000 -0.079311 1.595025 -1.570737
time 46
  0 -0.650000 0.000000 33.191761 -0.281436 0.436358 -2.443536
  1 11.368426 6.770639 -23.418962 -0.498313 0.132926 2.346876
  2 -2.276937 0.000002 -1.238186 -1.570795 -1.570451 0.000000
  3 1.796485 0.711864 0.000101 -0.031293 0.071920 -0.204122
  4 4.119751 -0.003070 0.000134 -0.040914 -0.044185 0.359416
  5 4.118873 -0.003267 0.000089 -0.027503 -0.075649 0.084307
  6 4.118483 -0.003274 0.000134 -0.040900 -0.057516 -0.033340
  7 4.120816 -0.002117 -0.001772 0.528011 0.107568 0.870363
  8 4.443599 -0.000001 0.000000 -0.329715 -0.133008 -0.167744
  9 9.024061 0.000003 0.000001 0.000000 0.000000 0.000000
 10 -0.186028 0.871460 1.488094 0.600939 -0.805382 1.694998
 11 6.384776 0.000002 0.000002 0.302697 0.273261 -0.596148
 12 10.242682 -0.000001 0.000001 0.000000 0.000000 -1.662446
 13 11.375563 0.000001 -0.000002 -1.936380 -0.890166 0.126898
 14 0.728682 0.023430 -1.008292 2.292973 0.092942 0.812686
 15 2.136497 -0.000000 0.000001 -0.000000 0.000000 0.906028
 16 2.313139 0.000000 0.000000 0.000000 0.000000 0.000000
 17 3.115508 -0.886042 -0.021431 -0.152444 0.067217 0.924677
 18 2.011151 0.000000 -0.000003 -0.000000 0.000000 1.376595
 19 2.141381 0.000000 0.000001 0.000000 0.000000 0.000000
 20 1.734174 0.000003 -0.000000 0.000000 0.000000 0.687708
 21 0.000005 -4.440595 -0.000001 1.570544 -0.062990 -0.195737
 22 6.000000 -0.000003 0.000002 -1.819351 0.000000 0.000000
 23 0.000001 -4.440602 -0.000000 1.569944 -0.062987 0.004053
 24 11.375562 -0.000001 0.000003 -1.721536 -0.445046 0.005530
 25 0.000001 -4.440603 -0.000000 1.570144 -0.062988 0.004040
 26 10.510130 -0.000002 0.000001 -0.000000 -0.000000 -2.402019
 27 0.000001 -1.748401 4.999998 0.000000 0.004007 1.602290
 28 5.499999 -0.000001 0.000002 -0.126018 0.000000 0.000000
 29 -0.000000 -1.940599 5.000001 -0.044472 0.004003 -0.000180
 30 6.551490 0.000001 -0.000001 0.200312 0.174354 -0.467383
 31 -0.000000 -1.940599 5.000003 -0.027189 -0.053376 0.005295
 32 6.551490 0.000001 -0.000001 0.107646 0.073618 -0.231930
 33 0.000001 -1.940599 4.999996 -0.066572 -0.152786 -0.110311
 34 0.186032 -0.864388 -1.488093 -2.364021 1.126361 0.110339
 35 6.384777 -0.000002 -0.000001 -0.767948 -0.833291 0.690675
 36 10.242682 -0.000001 0.000001 -0.000000 0.000000 -2.054319
 37 11.375563 -0.000001 -0.000002 1.987606 0.071507 0.296357
 38 0.728681 0.023431 1.008291 -1.579583 -0.319038 0.212973
 39 2.136497 -0.000001 0.000000 -0.000000 0.000000 1.282817
 40 2.313140 0.000000 0.000000 0.000000 0.000000 3.141593
 41 3.115505 -0.886041 0.021431 0.708959 0.171755 0.347804
 42 2.011149 0.000000 0.000001 -0.000000 0.000000 2.082010
 43 2.141381 0.000000 -0.000001 0.000000 0.000000 3.141593
 44 1.734170 -0.000001 -0.000001 -0.000000 0.000000 1.041748
 45 0.136315 -3.738192 2.525891 1.493698 2.759406 -1.474501
 46 5.613160 0.862366 3.157032 1.595152 -0.135386 0.061522
 47 11.389366 -0.000821 0.158779 1.777158 0.056540 0.162578
 48 -0.000001 -4.440599 0.000001 1.570144 -3.078602 0.004040
 49 6.000001 0.000000 -0.000001 1.777158 0.000000 0.000000
 50 0.000003 -4.440601 -0.000000 1.569944 -3.078603 0.004053
 51 10.510132 0.000000 0.000002 0.000000 0.000000 -2.597956
 52 0.000000 -1.748400 -5.000001 3.141593 0.004007 -1.539299
 53 5.500000 0.000000 0.000000 0.175179 -0.000000 0.000000
 54 -0.000001 -0.000001 -4.999999 -0.044472 3.137589 -0.000177
 55 6.551492 -0.000001 -0.000003 -0.175179 -0.271978 0.135225
 56 -1.266843 -1.937441 -4.950561 -0.066572 -2.988806 -0.110308
 57 6.551492 -0.000001 -0.000003 -0.175179 -0.271978 0.135225
 58 0.699371 -1.944205 -5.006848 -0.027189 -3.088217 0.005298
 59 4.226145 -0.003201 0.000000 0.251836 0.111038 0.424145
 60 -0.000001 4.999999 0.000000 -0.153564 0.000087 2.718702
 61 0.000003 -0.000005 -3.713581 0.095503 -3.012510 -0.750673
 62 -0.000001 0.000001 5.000000 3.053197 1.558589 -0.074927
 63 -0.000009 0.000005 3.713580 -0.334410 -2.825096 -0.524885
 64 0.000000 -0.000000 -5.000000 -0.088724 1.558589 3.066336
 65 7.363602 1.646646 0.495662 -3.141593 -1.570796 0.000000
 66 -0.000006 0.000006 3.619082 -0.528285 -2.367383 -1.007256
 67 16.573921 -0.000001 0.000001 0.000000 -0.000000 -2.019199
 68 15.128181 -0.000001 -0.000001 0.031619 0.086785 -0.033197
 69 5.758665 4.244731 0.000000 0.000000 -0.000000 2.033309
 70 3.177726 0.000001 -0.000000 0.000000 0.000000 3.141593
 71 15.708952 0.000000 -0.000000 0.016155 0.048356 -0.018185
 72 0.275149 0.189215 -3.445208 3.130898 0.000409 -1.514604
 73 17.210192 -0.000001 0.000002 0.000000 0.000000 -2.322356
 74 0.000000 0.000001 -5.000000 -0.079429 1.546568 -1.570852
 75 0.000005 -0.000005 -3.619081 0.196495 -3.011952 -1.279118
 76 16.573921 0.000002 0.000001 -0.000000 -0.000000 -1.611348
 77 15.128183 -0.000001 -0.000000 0.214418 -0.027533 0.774389
 78 5.758666 4.244731 -0.000000 -0.000000 0.000000 1.483530
 79 4.003935 0.000000 0.000000 0.000000 0.000000 0.000000
 80 15.708955 -0.000002 0.000000 0.153371 0.002792 0.528179
 81 0.273998 0.191090 3.439763 -3.130907 -0.000437 -1.508107
 82 17.210192 0.000001 0.000000 -0.000000 0.000000 -2.138824
 83 0.000000 -0.000000 5.000000 -0.079311 1.595025 -1.570737
time 47
  0 -0.650000 0.000000 33.191761 -0.281436 0.436358 -2.443536
  1 11.368426 6.770639 -23.418962 -0.498313 0.132926 2.346876
  2 -2.276937 0.000002 -1.238186 -1.570795 -1.570451 0.000000
  3 1.796525 0.711856 0.000115 -0.035963 0.071938 -0.193425
  4 4.119760 -0.003066 0.000148 -0.045249 -0.042585 0.362380
  5 4.118878 -0.003263 0.000106 -0.032170 -0.075452 0.087440
  6 4.118501 -0.003277 0.000147 -0.045587 -0.057717 -0.030294
  7 4.120814 -0.002121 -0.001775 0.528957 0.108361 0.868996
  8 4.443598 -0.000000 -0.000000 -0.322029 -0.154270 -0.181563
  9 9.024062 -0.000002 -0.000001 0.000000 0.000000 0.000000
 10 -0.187395 0.872796 1.487143 0.601137 -0.804297 1.696429
 11 6.384776 -0.000001 -0.000001 0.213459 0.253006 -0.648240
 12 10.242683 -0.000001 -0.000000 -0.000000 -0.000000 -1.461505
 13 11.375562 -0.000000 0.000002 -1.561409 -0.962748 -0.462523
 14 0.728681 0.023430 -1.008293 2.302617 0.427734 1.015849
 15 2.136496 0.000000 0.000004 -0.000000 0.000000 0.661551
 16 2.313139 0.000001 -0.000001 0.000000 0.000000 0.000000
 17 3.115507 -0.886041 -0.021431 -0.165837 -0.014906 0.423717
 18 2.011150 -0.000001 -0.000000 -0.000000 0.000000 0.804706
 19 2.141380 -0.000001 -0.000001 0.000000 0.000000 0.000000
 20 1.734176 0.000001 -0.000002 0.000000 0.000000 0.402289
 21 0.000007 -4.440593 0.000002 1.570544 -0.062990 -0.195737
 22 6.000000 0.000001 0.000002 -1.628021 0.000000 -0.000000
 23 0.000002 -4.440600 -0.000001 1.569944 -0.062987 0.004053
 24 11.375562 -0.000000 0.000006 -1.637981 -0.474634 -0.205687
 25 0.000002 -4.440603 -0.000001 1.570144 -0.062988 0.004040
 26 10.510129 -0.000002 0.000000 -0.000000 -0.000000 -2.301548
 27 0.000002 -1.748402 4.999998 0.000000 0.004007 1.602290
 28 5.500000 -0.000001 0.000001 -0.094428 -0.000000 -0.000000
 29 -0.000002 -1.940599 5.000002 -0.044472 0.004003 -0.000180
 30 6.551490 -0.000000 -0.000002 0.146118 0.163414 -0.485201
 31 -0.000000 -1.940598 5.000002 -0.027189 -0.053376 0.005295
 32 6.551490 -0.000000 -0.000002 0.081098 0.071202 -0.239609
 33 -0.000001 -1.940599 4.999995 -0.066572 -0.152786 -0.110311
 34 0.187397 -0.865717 -1.487145 -2.366549 1.126481 0.109630
 35 6.384777 -0.000002 0.000002 -0.748040 -0.820891 0.666457
 36 10.242683 -0.000002 0.000002 -0.000000 -0.000000 -2.077966
 37 11.375559 -0.000003 -0.000001 1.986857 0.075998 0.286197
 38 0.728681 0.023430 1.008292 -1.579583 -0.319038 0.212973
 39 2.136497 0.000001 0.000001 -0.000000 0.000000 1.282817
 40 2.313138 0.000000 -0.000000 0.000000 0.000000 3.141593
 41 3.115506 -0.886041 0.021431 0.708959 0.171755 0.347804
 42 2.011151 -0.000000 0.000000 -0.000000 -0.000000 2.082010
 43 2.141381 0.000001 0.000000 0.000000 0.000000 3.141593
 44 1.734173 -0.000002 -0.000001 -0.000000 -0.000000 1.041748
 45 0.136315 -3.738193 2.525891 1.493698 2.759406 -1.474501
 46 5.613161 0.862366 3.157030 1.595152 -0.135386 0.061522
 47 11.389366 -0.000819 0.158779 1.776733 0.058445 0.156903
 48 0.000002 -4.440599 0.000001 1.570144 -3.078602 0.004040
 49 6.000000 0.000002 -0.000001 1.776733 0.000000 0.000000
 50 0.000001 -4.440601 0.000000 1.569944 -3.078603 0.004053
 51 10.510133 0.000000 0.000002 -0.000000 0.000000 -2.609779
 52 0.000001 -1.748403 -5.000000 -3.141593 0.004007 -1.539299
 53 5.500000 0.000001 0.000001 0.174600 0.000000 0.000000
 54 -0.000001 0.000000 -5.000000 -0.044472 3.137589 -0.000177
 55 6.551491 0.000000 -0.000002 -0.174600 -0.268453 0.133616
 56 -1.266844 -1.937440 -4.950562 -0.066572 -2.988806 -0.110308
 57 6.551491 -0.000000 -0.000003 -0.174600 -0.268453 0.133616
 58 0.699370 -1.944205 -5.006845 -0.027189 -3.088217 0.005298
 59 4.226147 -0.003202 0.000000 0.252224 0.111427 0.423473
 60 -0.000000 5.000000 0.000000 -0.153564 0.000087 2.718702
 61 0.000003 -0.000005 -3.713581 0.095503 -3.012510 -0.750673
 62 -0.000001 0.000001 5.000000 3.053197 1.558589 -0.074927
 63 -0.000009 0.000005 3.713580 -0.334410 -2.825096 -0.524885
 64 0.000000 -0.000000 -5.000000 -0.088724 1.558589 3.066336
 65 7.363602 1.646646 0.495662 -3.141593 -1.570796 0.000000
 66 -0.000006 0.000006 3.619082 -0.528285 -2.367383 -1.007256
 67 16.573921 -0.000001 0.000001 0.000000 -0.000000 -2.019199
 68 15.128181 -0.000001 -0.000001 0.031619 0.086785 -0.033197
 69 5.758665 4.244731 0.000000 0.000000 -0.000000 2.033309
 70 3.177726 0.000001 -0.000000 0.000000 0.000000 3.141593
 71 15.708952 0.000000 -0.000000 0.016155 0.048356 -0.018185
 72 0.275149 0.189215 -3.445208 3.130898 0.000409 -1.514604
 73 17.210192 -0.000001 0.000002 0.000000 0.000000 -2.322356
 74 0.000000 0.000001 -5.000000 -0.079429 1.546568 -1.570852
 75 0.000005 -0.000005 -3.619081 0.196495 -3.011952 -1.279118
 76 16.573921 0.000002 0.000001 -0.000000 -0.000000 -1.611348
 77 15.128183 -0.000001 -0.000000 0.214418 -0.027533 0.774389
 78 5.758666 4.244731 -0.000000 -0.000000 0.000000 1.483530
 79 4.003935 0.000000 0.000000 0.000000 0.000000 0.000000
 80 15.708955 -0.000002 0.000000 0.153371 0.002792 0.528179
 81 0.273998 0.191090 3.439763 -3.130907 -0.000437 -1.508107
 82 17.210192 0.000001 0.000000 -0.000000 0.000000 -2.138824
 83 0.000000 -0.000000 5.000000 -0.079311 1.595025 -1.570737
time 48
  0 -0.650000 0.000000 33.191761 -0.281436 0.436358 -2.443536
  1 11.368426 6.770639 -23.418962 -0.498313 0.132926 2.346876
  2 -2.276937 0.000002 -1.238186 -1.570795 -1.570451 0.000000
  3 1.796555 0.711851 0.000135 -0.041748 0.071806 -0.183770
  4 4.119768 -0.003063 0.000165 -0.050645 -0.040585 0.365141
  5 4.118888 -0.003264 0.000124 -0.037972 -0.075160 0.090419
  6 4.118506 -0.003275 0.000168 -0.051413 -0.057952 -0.027420
  7 4.120805 -0.002124 -0.001777 0.529902 0.109155 0.867629
  8 4.443599 -0.000002 0.000000 -0.321024 -0.172143 -0.174834
  9 9.024062 0.000002 0.000001 0.000000 0.000000 0.000000
 10 -0.188762 0.874123 1.486193 0.601337 -0.803212 1.697859
 11 6.384776 0.000002 0.000002 0.136522 0.244157 -0.667013
 12 10.242681 -0.000001 0.000002 0.000000 0.000000 -1.349340
 13 11.375562 0.000002 -0.000000 -1.303421 -0.819543 -0.791292
 14 0.728682 0.023431 -1.008293 2.352975 0.633523 1.167638
 15 2.136497 -0.000001 0.000001 0.000000 -0.000000 0.506146
 16 2.313139 0.000000 0.000001 0.000000 0.000000 0.000000
 17 3.115508 -0.886041 -0.021432 -0.153068 -0.065773 0.109798
 18 2.011149 0.000000 0.000003 0.000000 -0.000000 0.546120
 19 2.141380 0.000000 -0.000001 0.000000 0.000000 0.000000
 20 1.734174 0.000003 0.000001 0.000000 0.000000 0.273742
 21 0.000008 -4.440595 0.000001 1.570544 -0.062990 -0.195737
 22 6.000000 -0.000001 0.000001 -1.458947 0.000000 -0.000000
 23 0.000002 -4.440600 -0.000000 1.569944 -0.062987 0.004053
 24 11.375563 -0.000001 0.000005 -1.546227 -0.425640 -0.328679
 25 0.000001 -4.440604 -0.000000 1.570144 -0.062988 0.004040
 26 10.510131 -0.000002 0.000001 -0.000000 -0.000000 -2.245466
 27 -0.000000 -1.748399 4.999998 0.000000 0.004007 1.602291
 28 5.500000 -0.000001 0.000001 -0.065852 0.000000 0.000000
 29 0.000002 -1.940599 5.000000 -0.044472 0.004003 -0.000180
 30 6.551491 0.000001 0.000000 0.096566 0.163833 -0.491868
 31 -0.000001 -1.940599 5.000002 -0.027189 -0.053376 0.005295
 32 6.551491 0.000001 0.000000 0.057146 0.074396 -0.242109
 33 0.000001 -1.940600 4.999996 -0.066572 -0.152786 -0.110311
 34 0.188765 -0.867051 -1.486193 -2.369077 1.126601 0.108921
 35 6.384777 -0.000002 0.000004 -0.729643 -0.808374 0.638344
 36 10.242684 0.000000 0.000002 -0.000000 -0.000000 -2.098232
 37 11.375563 -0.000002 -0.000002 1.986211 0.079663 0.277889
 38 0.728679 0.023431 1.008292 -1.579583 -0.319038 0.212973
 39 2.136496 -0.000000 0.000000 -0.000000 0.000000 1.282817
 40 2.313140 0.000000 0.000000 0.000000 0.000000 3.141593
 41 3.115506 -0.886041 0.021431 0.708959 0.171755 0.347804
 42 2.011152 -0.000001 0.000001 0.000000 -0.000000 2.082010
 43 2.141382 0.000001 -0.000001 0.000000 0.000000 3.141593
 44 1.734173 -0.000002 -0.000001 0.000000 -0.000000 1.041748
 45 0.136314 -3.738192 2.525891 1.493698 2.759406 -1.474501
 46 5.613161 0.862366 3.157031 1.595152 -0.135386 0.061522
 47 11.389368 -0.000820 0.158781 1.776374 0.060004 0.152238
 48 0.000001 -4.440600 0.000002 1.570144 -3.078602 0.004040
 49 6.000003 0.000002 -0.000000 1.776374 0.000000 0.000000
 50 0.000002 -4.440601 -0.000000 1.569944 -3.078603 0.004053
 51 10.510134 0.000002 0.000001 -0.000000 0.000000 -2.619912
 52 0.000000 -1.748402 -5.000002 -3.141593 0.004007 -1.539299
 53 5.500001 0.000002 0.000001 0.175355 -0.000000 -0.000000
 54 -0.000001 0.000002 -5.000001 -0.044472 3.137589 -0.000177
 55 6.551492 0.000001 -0.000002 -0.175355 -0.265459 0.130008
 56 -1.266844 -1.937442 -4.950561 -0.066572 -2.988806 -0.110308
 57 6.551492 0.000001 -0.000002 -0.175355 -0.265459 0.130008
 58 0.699371 -1.944209 -5.006846 -0.027189 -3.088217 0.005298
 59 4.226145 -0.003202 -0.000000 0.252611 0.111817 0.422801
 60 0.000001 4.999999 0.000000 -0.153564 0.000087 2.718701
 61 0.000003 -0.000005 -3.713581 0.095503 -3.012510 -0.750673
 62 -0.000001 0.000001 5.000000 3.053197 1.558589 -0.074927
 63 -0.000009 0.000005 3.713580 -0.334410 -2.825096 -0.524885
 64 0.000000 -0.000000 -5.000000 -0.088724 1.558589 3.066336
 65 7.363602 1.646646 0.495662 -3.141593 -1.570796 0.000000
 66 -0.000006 0.000006 3.619082 -0.528285 -2.367383 -1.007256
 67 16.573921 -0.000001 0.000001 0.000000 -0.000000 -2.019199
 68 15.128181 -0.000001 -0.000001 0.031619 0.086785 -0.033197
 69 5.758665 4.244731 0.000000 0.000000 -0.000000 2.033309
 70 3.177726 0.000001 -0.000000 0.000000 0.000000 3.141593
 71 15.708952 0.000000 -0.000000 0.016155 0.048356 -0.018185
 72 0.275149 0.189215 -3.445208 3.130898 0.000409 -1.514604
 73 17.210192 -0.000001 0.000002 0.000000 0.000000 -2.322356
 74 0.000000 0.000001 -5.000000 -0.079429 1.546568 -1.570852
 75 0.000005 -0.000005 -3.619081 0.196495 -3.011952 -1.279118
 76 16.573921 0.000002 0.000001 -0.000000 -0.000000 -1.611348
 77 15.128183 -0.000001 -0.000000 0.214418 -0.027533 0.774389
 78 5.758666 4.244731 -0.000000 -0.000000 0.000000 1.483530
 79 4.003935 0.000000 0.000000 0.000000 0.000000 0.000000
 80 15.708955 -0.000002 0.000000 0.153371 0.002792 0.528179
 81 0.273998 0.191090 3.439763 -3.130907 -0.000437 -1.508107
 82 17.210192 0.000001 0.000000 -0.000000 0.000000 -2.138824
 83 0.000000 -0.000000 5.000000 -0.079311 1.595025 -1.570737
time 49
  0 -0.650000 0.000000 33.191761 -0.281436 0.436358 -2.443536
  1 11.368426 6.770639 -23.418962 -0.498313 0.132926 2.346876
  2 -2.276937 0.000002 -1.238186 -1.570795 -1.570451 0.000000
  3 1.796581 0.711848 0.000156 -0.048282 0.071300 -0.176488
  4 4.119772 -0.003058 0.000186 -0.056759 -0.038254 0.367331
  5 4.118898 -0.003264 0.000145 -0.044539 -0.074686 0.092864
  6 4.118509 -0.003272 0.000190 -0.058006 -0.058149 -0.025087
  7 4.120800 -0.002127 -0.001781 0.530846 0.109950 0.866263
  8 4.443599 0.000000 -0.000000 -0.326387 -0.186699 -0.148600
  9 9.024060 0.000000 0.000001 0.000000 0.000000 0.000000
 10 -0.190133 0.875452 1.485240 0.601539 -0.802128 1.699287
 11 6.384779 -0.000001 -0.000001 0.015719 0.312972 -0.617841
 12 10.242682 -0.000001 0.000000 -0.000000 0.000000 -1.440053
 13 11.375563 0.000000 0.000001 -1.102592 -0.069866 -0.465248
 14 0.728681 0.023432 -1.008292 2.352975 0.633523 1.167638
 15 2.136496 0.000001 0.000001 0.000000 0.000000 0.506146
 16 2.313140 -0.000000 -0.000001 0.000000 0.000000 0.000000
 17 3.115506 -0.886040 -0.021430 -0.153068 -0.065773 0.109798
 18 2.011150 0.000001 0.000002 -0.000000 -0.000000 1.209345
 19 2.141380 0.000000 -0.000001 0.000000 0.000000 0.000000
 20 1.734174 0.000001 -0.000002 0.000000 -0.000000 0.603841
 21 0.000006 -4.440593 0.000000 1.570544 -0.062990 -0.195737
 22 6.000000 -0.000002 0.000003 -1.216558 0.000000 0.000000
 23 0.000002 -4.440600 -0.000001 1.569944 -0.062987 0.004053
 24 11.375562 -0.000002 0.000005 -1.340118 -0.067275 -0.247515
 25 0.000001 -4.440604 0.000001 1.570144 -0.062988 0.004040
 26 10.510128 -0.000002 0.000000 0.000000 -0.000000 -2.290823
 27 -0.000000 -1.748399 4.999998 0.000000 0.004007 1.602290
 28 5.499998 -0.000001 0.000001 -0.023034 -0.000000 0.000000
 29 0.000000 -1.940599 5.000000 -0.044472 0.004003 -0.000180
 30 6.551491 0.000000 -0.000001 0.017199 0.225705 -0.475646
 31 0.000003 -1.940599 5.000000 -0.027189 -0.053376 0.005295
 32 6.551491 0.000000 -0.000001 0.021790 0.109641 -0.232161
 33 0.000001 -1.940599 4.999998 -0.066572 -0.152786 -0.110311
 34 0.190134 -0.868372 -1.485241 -2.371607 1.126721 0.108210
 35 6.384778 -0.000000 -0.000002 -0.716903 -0.795560 0.610675
 36 10.242683 -0.000002 0.000000 0.000000 -0.000000 -2.114523
 37 11.375561 -0.000001 -0.000000 1.985773 0.082051 0.272466
 38 0.728680 0.023430 1.008293 -1.579583 -0.319038 0.212973
 39 2.136496 -0.000001 -0.000000 -0.000000 0.000000 1.282817
 40 2.313137 0.000000 0.000000 0.000000 0.000000 3.141593
 41 3.115506 -0.886041 0.021432 0.708959 0.171755 0.347804
 42 2.011149 -0.000000 0.000001 -0.000000 0.000000 2.082010
 43 2.141379 0.000000 -0.000001 0.000000 0.000000 3.141593
 44 1.734172 -0.000002 -0.000001 -0.000000 0.000000 1.041748
 45 0.136315 -3.738193 2.525890 1.493698 2.759406 -1.474501
 46 5.613161 0.862366 3.157032 1.595152 -0.135386 0.061522
 47 11.389365 -0.000820 0.158780 1.776136 0.061021 0.149182
 48 0.000001 -4.440600 0.000002 1.570144 -3.078602 0.004040
 49 6.000000 0.000000 -0.000001 1.776135 0.000000 -0.000000
 50 0.000002 -4.440601 -0.000000 1.569944 -3.078603 0.004053
 51 10.510133 -0.000001 0.000001 -0.000000 -0.000000 -2.628058
 52 0.000000 -1.748400 -5.000000 -3.141593 0.004007 -1.539299
 53 5.500001 -0.000001 0.000000 0.177980 -0.000000 -0.000000
 54 0.000000 -0.000002 -5.000000 -0.044472 3.137589 -0.000177
 55 6.551492 -0.000001 -0.000003 -0.177980 -0.263093 0.125082
 56 -1.266844 -1.937442 -4.950561 -0.066572 -2.988806 -0.110308
 57 6.551493 -0.000001 -0.000003 -0.177980 -0.263093 0.125082
 58 0.699370 -1.944207 -5.006849 -0.027189 -3.088217 0.005298
 59 4.226143 -0.003201 -0.000001 0.252998 0.112207 0.422130
 60 0.000000 5.000002 0.000001 -0.153564 0.000087 2.718702
 61 0.000003 -0.000005 -3.713581 0.095503 -3.012510 -0.750673
 62 -0.000001 0.000001 5.000000 3.053197 1.558589 -0.074927
 63 -0.000009 0.000005 3.713580 -0.334410 -2.825096 -0.524885
 64 0.000000 -0.000000 -5.000000 -0.088724 1.558589 3.066336
 65 7.363602 1.646646 0.495662 -3.141593 -1.570796 0.000000
 66 -0.000006 0.000006 3.619082 -0.528285 -2.367383 -1.007256
 67 16.573921 -0.000001 0.000001 0.000000 -0.000000 -2.019199
 68 15.128181 -0.000001 -0.000001 0.031619 0.086785 -0.033197
 69 5.758665 4.244731 0.000000 0.000000 -0.000000 2.033309
 70 3.177726 0.000001 -0.000000 0.000000 0.000000 3.141593
 71 15.708952 0.000000 -0.000000 0.016155 0.048356 -0.018185
 72 0.275149 0.189215 -3.445208 3.130898 0.000409 -1.514604
 73 17.210192 -0.000001 0.000002 0.000000 0.000000 -2.322356
 74 0.000000 0.000001 -5.000000 -0.079429 1.546568 -1.570852
 75 0.000005 -0.000005 -3.619081 0.196495 -3.011952 -1.279118
 76 16.573921 0.000002 0.000001 -0.000000 -0.000000 -1.611348
 77 15.128183 -0.000001 -0.000000 0.214418 -0.027533 0.774389
 78 5.758666 4.244731 -0.000000 -0.000000 0.000000 1.483530
 79 4.003935 0.000000 0.000000 0.000000 0.000000 0.000000
 80 15.708955 -0.000002 0.000000 0.153371 0.002792 0.528179
 81 0.273998 0.191090 3.439763 -3.130907 -0.000437 -1.508107
 82 17.210192 0.000001 0.000000 -0.000000 0.000000 -2.138824
 83 0.000000 -0.000000 5.000000 -0.079311 1.595025 -1.570737
time 50
  0 -0.650000 0.000000 33.191761 -0.281436 0.436358 -2.443536
  1 11.368426 6.770639 -23.418962 -0.498313 0.132926 2.346876
  2 -2.276937 0.000002 -1.238186 -1.570795 -1.570451 0.000000
  3 1.796588 0.711847 0.000167 -0.051634 0.070866 -0.174055
  4 4.119778 -0.003058 0.000195 -0.059900 -0.037021 0.368119
  5 4.118893 -0.003259 0.000159 -0.047910 -0.074373 0.093785
  6 4.118514 -0.003273 0.000200 -0.061390 -0.058214 -0.024221
  7 4.120795 -0.002129 -0.001784 0.531789 0.110747 0.864898
  8 4.443599 0.000002 -0.000000 -0.346733 -0.186901 -0.107479
  9 9.024062 0.000001 -0.000001 0.000000 0.000000 0.000000
 10 -0.191504 0.876776 1.484288 0.601742 -0.801044 1.700715
 11 6.384776 0.000002 0.000001 0.029372 0.302626 -0.609555
 12 10.242682 -0.000001 0.000001 -0.000000 -0.000000 -1.512737
 13 11.375563 -0.000000 0.000003 -1.079068 -0.026112 -0.406427
 14 0.728681 0.023430 -1.008293 2.352975 0.633523 1.167638
 15 2.136497 -0.000001 -0.000000 -0.000000 0.000000 0.506146
 16 2.313139 -0.000001 -0.000001 0.000000 0.000000 0.000000
 17 3.115507 -0.886042 -0.021431 -0.153068 -0.065773 0.109798
 18 2.011150 -0.000003 -0.000002 -0.000000 -0.000000 1.280089
 19 2.141381 0.000001 0.000001 0.000000 0.000000 0.000000
 20 1.734175 0.000001 -0.000001 0.000000 0.000000 0.639274
 21 0.000005 -4.440595 -0.000001 1.570544 -0.062990 -0.195737
 22 6.000000 -0.000001 0.000004 -1.198057 0.000000 0.000000
 23 0.000002 -4.440601 -0.000001 1.569944 -0.062987 0.004053
 24 11.375562 -0.000001 0.000006 -1.325948 -0.042060 -0.221488
 25 0.000001 -4.440602 0.000000 1.570144 -0.062988 0.004040
 26 10.510131 -0.000002 0.000001 0.000000 -0.000000 -2.327165
 27 0.000002 -1.748402 4.999998 -0.000000 0.004007 1.602290
 28 5.499999 -0.000001 0.000002 -0.026957 0.000000 0.000000
 29 -0.000000 -1.940598 5.000003 -0.044472 0.004003 -0.000180
 30 6.551491 0.000001 -0.000002 0.024804 0.218400 -0.473291
 31 0.000004 -1.940599 5.000003 -0.027189 -0.053376 0.005295
 32 6.551491 0.000001 -0.000002 0.025000 0.105683 -0.231436
 33 0.000002 -1.940599 4.999995 -0.066572 -0.152786 -0.110311
 34 0.191507 -0.869699 -1.484286 -2.374137 1.126839 0.107499
 35 6.384778 -0.000002 0.000000 -0.717315 -0.785995 0.603836
 36 10.242682 0.000001 0.000002 0.000000 0.000000 -2.126237
 37 11.375563 0.000001 -0.000003 1.985649 0.082712 0.270963
 38 0.728681 0.023430 1.008293 -1.579583 -0.319038 0.212973
 39 2.136497 0.000000 -0.000001 0.000000 0.000000 1.282817
 40 2.313139 0.000000 0.000001 0.000000 0.000000 3.141593
 41 3.115508 -0.886042 0.021430 0.708959 0.171755 0.347804
 42 2.011150 0.000000 -0.000000 -0.000000 0.000000 2.082010
 43 2.141380 0.000000 0.000000 0.000000 0.000000 3.141593
 44 1.734171 -0.000002 0.000000 -0.000000 0.000000 1.041748
 45 0.136315 -3.738192 2.525891 1.493698 2.759406 -1.474501
 46 5.613160 0.862365 3.157032 1.595152 -0.135386 0.061522
 47 11.389365 -0.000820 0.158779 1.776069 0.061304 0.148333
 48 -0.000001 -4.440598 0.000002 1.570144 -3.078602 0.004040
 49 6.000000 0.000002 -0.000001 1.776069 0.000000 -0.000000
 50 0.000003 -4.440601 0.000002 1.569944 -3.078603 0.004053
 51 10.510133 0.000002 0.000002 0.000000 0.000000 -2.633915
 52 0.000000 -1.748402 -5.000001 -3.141593 0.004007 -1.539299
 53 5.500000 0.000002 0.000001 0.180615 0.000000 -0.000000
 54 -0.000001 -0.000001 -5.000000 -0.044472 3.137589 -0.000177
 55 6.551492 0.000000 -0.000004 -0.180615 -0.261324 0.124312
 56 -1.266844 -1.937441 -4.950560 -0.066572 -2.988806 -0.110308
 57 6.551493 -0.000000 -0.000004 -0.180615 -0.261324 0.124312
 58 0.699372 -1.944207 -5.006846 -0.027189 -3.088217 0.005298
 59 4.226146 -0.003202 -0.000001 0.253385 0.112598 0.421458
 60 -0.000001 5.000000 0.000001 -0.153564 0.000087 2.718702
 61 0.000003 -0.000005 -3.713581 0.095503 -3.012510 -0.750673
 62 -0.000001 0.000001 5.000000 3.053197 1.558589 -0.074927
 63 -0.000009 0.000005 3.713580 -0.334410 -2.825096 -0.524885
 64 0.000000 -0.000000 -5.000000 -0.088724 1.558589 3.066336
 65 7.363602 1.646646 0.495662 -3.141593 -1.570796 0.000000
 66 -0.000006 0.000006 3.619082 -0.528285 -2.367383 -1.007256
 67 16.573921 -0.000001 0.000001 0.000000 -0.000000 -2.019199
 68 15.128181 -0.000001 -0.000001 0.031619 0.086785 -0.033197
 69 5.758665 4.244731 0.000000 0.000000 -0.000000 2.033309
 70 3.177726 0.000001 -0.000000 0.000000 0.000000 3.141593
 71 15.708952 0.000000 -0.000000 0.016155 0.048356 -0.018185
 72 0.275149 0.189215 -3.445208 3.130898 0.000409 -1.514604
 73 17.210192 -0.000001 0.000002 0.000000 0.000000 -2.322356
 74 0.000000 0.000001 -5.000000 -0.079429 1.546568 -1.570852
 75 0.000005 -0.000005 -3.619081 0.196495 -3.011952 -1.279118
 76 16.573921 0.000002 0.000001 -0.000000 -0.000000 -1.611348
 77 15.128183 -0.000001 -0.000000 0.214418 -0.027533 0.774389
 78 5.758666 4.244731 -0.000000 -0.000000 0.000000 1.483530
 79 4.003935 0.000000 0.000000 0.000000 0.000000 0.000000
 80 15.708955 -0.000002 0.000000 0.153371 0.002792 0.528179
 81 0.273998 0.191090 3.439763 -3.130907 -0.000437 -1.508107
 82 17.210192 0.000001 0.000000 -0.000000 0.000000 -2.138824
 83 0.000000 -0.000000 5.000000 -0.079311 1.595025 -1.570737
time 51
  0 -0.650000 0.000000 33.191761 -0.281436 0.436358 -2.443536
  1 11.368426 6.770639 -23.418962 -0.498313 0.132926 2.346876
  2 -2.276937 0.000002 -1.238186 -1.570795 -1.570451 0.000000
  3 1.796593 0.711848 0.000183 -0.056410 0.070928 -0.172748
  4 4.119781 -0.003057 0.000210 -0.064382 -0.035521 0.368744
  5 4.118898 -0.003261 0.000173 -0.052710 -0.074327 0.094620
  6 4.118515 -0.003272 0.000216 -0.066207 -0.058560 -0.023476
  7 4.120788 -0.002132 -0.001785 0.532731 0.111545 0.863533
  8 4.443599 -0.000002 -0.000000 -0.367048 -0.188908 -0.059728
  9 9.024062 0.000001 0.000001 0.000000 0.000000 0.000000
 10 -0.192877 0.878091 1.483332 0.601948 -0.799960 1.702140
 11 6.384778 0.000001 0.000003 0.090523 0.319384 -0.617564
 12 10.242682 -0.000001 0.000001 -0.000000 -0.000000 -1.475578
 13 11.375563 0.000002 0.000000 -1.101541 -0.098282 -0.473692
 14 0.728679 0.023432 -1.008292 2.352975 0.633523 1.167638
 15 2.136497 0.000000 -0.000002 -0.000000 0.000000 0.506146
 16 2.313139 0.000000 0.000001 0.000000 0.000000 0.000000
 17 3.115506 -0.886040 -0.021431 -0.153068 -0.065773 0.109798
 18 2.011151 -0.000002 -0.000000 0.000000 -0.000000 1.288932
 19 2.141381 0.000002 0.000000 0.000000 0.000000 0.000000
 20 1.734175 0.000002 -0.000000 0.000000 0.000000 0.643708
 21 0.000006 -4.440594 -0.000000 1.570544 -0.062990 -0.195737
 22 6.000000 -0.000002 0.000002 -1.216566 0.000000 -0.000000
 23 0.000002 -4.440603 0.000000 1.569944 -0.062987 0.004053
 24 11.375562 -0.000001 0.000004 -1.341293 -0.082590 -0.249605
 25 0.000001 -4.440603 0.000001 1.570144 -0.062988 0.004040
 26 10.510130 -0.000002 0.000001 0.000000 -0.000000 -2.308585
 27 0.000001 -1.748400 5.000000 0.000000 0.004007 1.602291
 28 5.499999 -0.000001 0.000002 -0.050743 0.000000 0.000000
 29 -0.000002 -1.940599 5.000002 -0.044472 0.004003 -0.000180
 30 6.551492 0.000001 0.000001 0.065090 0.226375 -0.473253
 31 0.000004 -1.940600 5.000001 -0.027189 -0.053376 0.005295
 32 6.551492 0.000001 0.000001 0.045051 0.107092 -0.232162
 33 0.000001 -1.940598 4.999998 -0.066572 -0.152786 -0.110311
 34 0.192881 -0.871022 -1.483332 -2.376668 1.126957 0.106787
 35 6.384778 -0.000003 0.000002 -0.705025 -0.796815 0.563431
 36 10.242682 0.000001 0.000000 0.000000 0.000000 -2.079701
 37 11.375564 0.000001 -0.000001 1.988368 0.066612 0.307405
 38 0.728681 0.023430 1.008292 -1.579583 -0.319038 0.212973
 39 2.136497 0.000001 -0.000001 -0.000000 -0.000000 1.282817
 40 2.313136 0.000001 0.000001 0.000000 0.000000 3.141593
 41 3.115506 -0.886042 0.021431 0.708959 0.171755 0.347804
 42 2.011149 0.000002 0.000001 -0.000000 0.000000 2.082010
 43 2.141378 -0.000000 -0.000001 0.000000 0.000000 3.141593
 44 1.734173 -0.000002 -0.000000 -0.000000 -0.000000 1.041748
 45 0.136315 -3.738193 2.525891 1.493698 2.759406 -1.474501
 46 5.613161 0.862366 3.157031 1.595152 -0.135386 0.061522
 47 11.389365 -0.000820 0.158779 1.777605 0.054469 0.168712
 48 0.000001 -4.440600 0.000000 1.570144 -3.078602 0.004040
 49 5.999999 -0.000000 -0.000001 1.777605 -0.000000 0.000000
 50 0.000003 -4.440601 -0.000001 1.569944 -3.078603 0.004053
 51 10.510133 -0.000000 0.000001 -0.000000 -0.000000 -2.610647
 52 0.000001 -1.748397 -5.000002 3.141593 0.004007 -1.539299
 53 5.500000 0.000002 -0.000000 0.183154 0.000000 0.000000
 54 -0.000000 -0.000001 -5.000001 -0.044472 3.137589 -0.000177
 55 6.551492 -0.000000 -0.000002 -0.183154 -0.266108 0.109001
 56 -1.266843 -1.937446 -4.950560 -0.066572 -2.988806 -0.110308
 57 6.551492 -0.000000 -0.000002 -0.183154 -0.266108 0.109001
 58 0.699371 -1.944210 -5.006847 -0.027189 -3.088217 0.005298
 59 4.226144 -0.003200 0.000001 0.253772 0.112989 0.420786
 60 0.000001 4.999999 0.000001 -0.153564 0.000087 2.718702
 61 0.000003 -0.000005 -3.713581 0.095503 -3.012510 -0.750673
 62 -0.000001 0.000001 5.000000 3.053197 1.558589 -0.074927
 63 -0.000009 0.000005 3.713580 -0.334410 -2.825096 -0.524885
 64 0.000000 -0.000000 -5.000000 -0.088724 1.558589 3.066336
 65 7.363602 1.646646 0.495662 -3.141593 -1.570796 0.000000
 66 -0.000006 0.000006 3.619082 -0.528285 -2.367383 -1.007256
 67 16.573921 -0.000001 0.000001 0.000000 -0.000000 -2.019199
 68 15.128181 -0.000001 -0.000001 0.031619 0.086785 -0.033197
 69 5.758665 4.244731 0.000000 0.000000 -0.000000 2.033309
 70 3.177726 0.000001 -0.000000 0.000000 0.000000 3.141593
 71 15.708952 0.000000 -0.000000 0.016155 0.048356 -0.018185
 72 0.275149 0.189215 -3.445208 3.130898 0.000409 -1.514604
 73 17.210192 -0.000001 0.000002 0.000000 0.000000 -2.322356
 74 0.000000 0.000001 -5.000000 -0.079429 1.546568 -1.570852
 75 0.000005 -0.000005 -3.619081 0.196495 -3.011952 -1.279118
 76 16.573921 0.000002 0.000001 -0.000000 -0.000000 -1.611348
 77 15.128183 -0.000001 -0.000000 0.214418 -0.027533 0.774389
 78 5.758666 4.244731 -0.000000 -0.000000 0.000000 1.483530
 79 4.003935 0.000000 0.000000 0.000000 0.000000 0.000000
 80 15.708955 -0.000002 0.000000 0.153371 0.002792 0.528179
 81 0.273998 0.191090 3.439763 -3.130907 -0.000437 -1.508107
 82 17.210192 0.000001 0.000000 -0.000000 0.000000 -2.138824
 83 0.000000 -0.000000 5.000000 -0.079311 1.595025 -1.570737
time 52
  0 -0.650000 0.000000 33.191761 -0.281436 0.436358 -2.443536
  1 11.368426 6.770639 -23.418962 -0.498313 0.132926 2.346876
  2 -2.276937 0.000002 -1.238186 -1.570795 -1.570451 0.000000
  3 1.796592 0.711850 0.000221 -0.067951 0.073104 -0.174497
  4 4.119778 -0.003054 0.000246 -0.075222 -0.032643 0.369150
  5 4.118900 -0.003259 0.000211 -0.064306 -0.075395 0.095603
  6 4.118513 -0.003267 0.000255 -0.077837 -0.060137 -0.022743
  7 4.120786 -0.002137 -0.001789 0.533671 0.112344 0.862169
  8 4.443599 0.000000 0.000000 -0.374812 -0.209414 -0.004127
  9 9.024063 -0.000000 0.000000 0.000000 0.000000 0.000000
 10 -0.194253 0.879407 1.482375 0.602156 -0.798877 1.703565
 11 6.384778 -0.000002 -0.000000 0.161163 0.338273 -0.584506
 12 10.242682 -0.000001 0.000001 0.000000 -0.000000 -1.480909
 13 11.375562 0.000002 0.000002 -1.119361 -0.213425 -0.540385
 14 0.728681 0.023430 -1.008292 2.352975 0.633523 1.167638
 15 2.136497 0.000001 -0.000003 0.000000 -0.000000 0.506146
 16 2.313139 -0.000000 0.000001 0.000000 0.000000 0.000000
 17 3.115507 -0.886042 -0.021430 -0.153068 -0.065773 0.109798
 18 2.011151 -0.000002 -0.000001 0.000000 -0.000000 1.262403
 19 2.141381 0.000000 -0.000001 0.000000 0.000000 0.000000
 20 1.734174 0.000001 -0.000001 -0.000000 0.000000 0.630410
 21 0.000006 -4.440595 0.000002 1.570544 -0.062990 -0.195737
 22 6.000000 -0.000001 0.000004 -1.235587 -0.000000 0.000000
 23 0.000002 -4.440600 0.000002 1.569944 -0.062987 0.004053
 24 11.375563 -0.000001 0.000007 -1.359573 -0.143045 -0.272569
 25 0.000002 -4.440601 0.000000 1.570144 -0.062988 0.004040
 26 10.510131 -0.000002 -0.000000 -0.000000 -0.000000 -2.311251
 27 0.000000 -1.748400 4.999999 0.000000 0.004007 1.602291
 28 5.499999 -0.000001 0.000002 -0.075755 -0.000000 -0.000000
 29 -0.000001 -1.940599 5.000001 -0.044472 0.004003 -0.000180
 30 6.551489 -0.000000 0.000000 0.107813 0.238552 -0.459778
 31 -0.000000 -1.940600 5.000003 -0.027189 -0.053376 0.005295
 32 6.551489 -0.000000 0.000000 0.066104 0.110672 -0.226695
 33 0.000001 -1.940599 4.999996 -0.066572 -0.152786 -0.110311
 34 0.194256 -0.872334 -1.482374 -2.379200 1.127074 0.106074
 35 6.384777 -0.000000 -0.000001 -0.698178 -0.799958 0.503142
 36 10.242684 0.000001 0.000002 -0.000000 -0.000000 -2.034057
 37 11.375562 -0.000001 -0.000001 1.990451 0.050813 0.342896
 38 0.728680 0.023431 1.008292 -1.579583 -0.319038 0.212973
 39 2.136496 0.000000 -0.000000 -0.000000 -0.000000 1.282817
 40 2.313140 0.000000 0.000000 0.000000 0.000000 3.141593
 41 3.115507 -0.886042 0.021431 0.708959 0.171755 0.347804
 42 2.011151 -0.000001 0.000000 -0.000000 0.000000 2.082010
 43 2.141380 -0.000001 -0.000000 0.000000 0.000000 3.141593
 44 1.734172 -0.000002 -0.000001 0.000000 -0.000000 1.041748
 45 0.136315 -3.738192 2.525890 1.493698 2.759406 -1.474501
 46 5.613160 0.862365 3.157031 1.595152 -0.135386 0.061522
 47 11.389366 -0.000820 0.158780 1.778936 0.047836 0.188146
 48 0.000003 -4.440599 0.000000 1.570144 -3.078602 0.004040
 49 6.000000 -0.000000 -0.000001 1.778935 0.000000 0.000000
 50 0.000003 -4.440601 0.000001 1.569944 -3.078603 0.004053
 51 10.510134 0.000003 0.000002 0.000000 -0.000000 -2.587825
 52 0.000002 -1.748400 -5.000001 3.141593 0.004007 -1.539299
 53 5.500001 0.000002 0.000001 0.191182 -0.000000 0.000000
 54 -0.000001 -0.000000 -5.000001 -0.044472 3.137589 -0.000177
 55 6.551491 -0.000002 -0.000001 -0.191182 -0.271601 0.085473
 56 -1.266844 -1.937441 -4.950560 -0.066572 -2.988806 -0.110308
 57 6.551492 -0.000002 -0.000001 -0.191182 -0.271601 0.085473
 58 0.699371 -1.944207 -5.006847 -0.027189 -3.088217 0.005298
 59 4.226146 -0.003202 -0.000000 0.254158 0.113380 0.420114
 60 -0.000001 5.000002 0.000000 -0.153564 0.000087 2.718702
 61 0.000003 -0.000005 -3.713581 0.095503 -3.012510 -0.750673
 62 -0.000001 0.000001 5.000000 3.053197 1.558589 -0.074927
 63 -0.000009 0.000005 3.713580 -0.334410 -2.825096 -0.524885
 64 0.000000 -0.000000 -5.000000 -0.088724 1.558589 3.066336
 65 7.363602 1.646646 0.495662 -3.141593 -1.570796 0.000000
 66 -0.000006 0.000006 3.619082 -0.528285 -2.367383 -1.007256
 67 16.573921 -0.000001 0.000001 0.000000 -0.000000 -2.019199
 68 15.128181 -0.000001 -0.000001 0.031619 0.086785 -0.033197
 69 5.758665 4.244731 0.000000 0.000000 -0.000000 2.033309
 70 3.177726 0.000001 -0.000000 0.000000 0.000000 3.141593
 71 15.708952 0.000000 -0.000000 0.016155 0.048356 -0.018185
 72 0.275149 0.189215 -3.445208 3.130898 0.000409 -1.514604
 73 17.210192 -0.000001 0.000002 0.000000 0.000000 -2.322356
 74 0.000000 0.000001 -5.000000 -0.079429 1.546568 -1.570852
 75 0.000005 -0.000005 -3.619081 0.196495 -3.011952 -1.279118
 76 16.573921 0.000002 0.000001 -0.000000 -0.000000 -1.611348
 77 15.128183 -0.000001 -0.000000 0.214418 -0.027533 0.774389
 78 5.758666 4.244731 -0.000000 -0.000000 0.000000 1.483530
 79 4.003935 0.000000 0.000000 0.000000 0.000000 0.000000
 80 15.708955 -0.000002 0.000000 0.153371 0.002792 0.528179
 81 0.273998 0.191090 3.439763 -3.130907 -0.000437 -1.508107
 82 17.210192 0.000001 0.000000 -0.000000 0.000000 -2.138824
 83 0.000000 -0.000000 5.000000 -0.079311 1.595025 -1.570737
time 53
  0 -0.650000 0.000000 33.191761 -0.281436 0.436358 -2.443536
  1 11.368426 6.770639 -23.418962 -0.498313 0.132926 2.346876
  2 -2.276937 0.000002 -1.238186 -1.570795 -1.570451 0.000000
  3 1.796581 0.711855 0.000266 -0.081781 0.075629 -0.178943
  4 4.119777 -0.003051 0.000288 -0.088224 -0.029244 0.369021
  5 4.118896 -0.003254 0.000257 -0.078208 -0.076724 0.096224
  6 4.118512 -0.003265 0.000299 -0.091776 -0.062074 -0.022415
  7 4.120781 -0.002142 -0.001793 0.534611 0.113144 0.860806
  8 4.443599 0.000001 0.000000 -0.378758 -0.238989 0.050017
  9 9.024061 0.000000 0.000001 0.000000 0.000000 0.000000
 10 -0.195631 0.880723 1.481416 0.602365 -0.797793 1.704988
 11 6.384778 -0.000001 -0.000001 0.209609 0.335516 -0.517591
 12 10.242681 -0.000000 0.000002 0.000000 -0.000000 -1.596323
 13 11.375562 0.000001 0.000000 -1.116317 -0.294905 -0.522002
 14 0.728680 0.023432 -1.008291 2.352975 0.633523 1.167638
 15 2.136496 -0.000001 -0.000001 0.000000 0.000000 0.506146
 16 2.313139 0.000000 -0.000002 0.000000 0.000000 0.000000
 17 3.115506 -0.886042 -0.021430 -0.153068 -0.065773 0.109798
 18 2.011150 0.000002 0.000001 0.000000 0.000000 1.227031
 19 2.141380 0.000000 -0.000001 0.000000 0.000000 0.000000
 20 1.734174 0.000002 0.000000 0.000000 0.000000 0.612693
 21 0.000006 -4.440593 0.000000 1.570544 -0.062990 -0.195737
 22 6.000000 -0.000001 0.000003 -1.237958 0.000000 -0.000000
 23 0.000002 -4.440599 0.000000 1.569944 -0.062987 0.004053
 24 11.375562 -0.000001 0.000006 -1.364349 -0.182826 -0.256342
 25 0.000001 -4.440602 0.000002 1.570144 -0.062988 0.004040
 26 10.510128 -0.000002 0.000001 -0.000000 -0.000000 -2.368958
 27 0.000001 -1.748401 5.000000 -0.000000 0.004007 1.602291
 28 5.499998 -0.000001 0.000002 -0.090165 -0.000000 -0.000000
 29 -0.000001 -1.940598 5.000002 -0.044472 0.004003 -0.000180
 30 6.551491 -0.000000 -0.000002 0.133434 0.242444 -0.436129
 31 -0.000000 -1.940600 5.000002 -0.027189 -0.053376 0.005295
 32 6.551491 -0.000000 -0.000002 0.078155 0.111675 -0.216292
 33 -0.000001 -1.940599 4.999995 -0.066572 -0.152786 -0.110311
 34 0.195634 -0.873646 -1.481417 -2.381732 1.127190 0.105360
 35 6.384777 0.000000 -0.000001 -0.716809 -0.777907 0.472804
 36 10.242683 -0.000001 0.000001 0.000000 -0.000000 -2.043362
 37 11.375559 -0.000004 -0.000002 1.996614 0.043696 0.350870
 38 0.728681 0.023431 1.008292 -1.579583 -0.319038 0.212973
 39 2.136497 -0.000000 -0.000000 -0.000000 -0.000000 1.282817
 40 2.313140 -0.000000 -0.000000 0.000000 0.000000 3.141593
 41 3.115505 -0.886041 0.021433 0.708959 0.171755 0.347804
 42 2.011147 0.000002 -0.000001 -0.000000 0.000000 2.082010
 43 2.141379 -0.000000 0.000001 0.000000 0.000000 3.141593
 44 1.734170 -0.000001 -0.000000 0.000000 0.000000 1.041748
 45 0.136315 -3.738191 2.525891 1.493698 2.759406 -1.474501
 46 5.613160 0.862366 3.157032 1.595152 -0.135386 0.061522
 47 11.389365 -0.000821 0.158780 1.782227 0.044715 0.192632
 48 0.000002 -4.440599 0.000001 1.570144 -3.078602 0.004040
 49 6.000000 0.000000 -0.000000 1.782227 0.000000 0.000000
 50 0.000004 -4.440601 0.000001 1.569944 -3.078603 0.004053
 51 10.510133 0.000001 0.000001 -0.000000 -0.000000 -2.592478
 52 0.000001 -1.748400 -5.000000 3.141593 0.004007 -1.539299
 53 5.500001 -0.000001 0.000000 0.203513 0.000000 0.000000
 54 -0.000000 -0.000001 -4.999999 -0.044472 3.137589 -0.000177
 55 6.551491 0.000000 -0.000002 -0.203513 -0.271010 0.074439
 56 -1.266842 -1.937445 -4.950560 -0.066572 -2.988806 -0.110308
 57 6.551491 -0.000000 -0.000003 -0.203513 -0.271010 0.074439
 58 0.699371 -1.944209 -5.006848 -0.027189 -3.088217 0.005298
 59 4.226146 -0.003203 -0.000002 0.254544 0.113771 0.419442
 60 0.000001 4.999999 0.000001 -0.153564 0.000087 2.718702
 61 0.000003 -0.000005 -3.713581 0.095503 -3.012510 -0.750673
 62 -0.000001 0.000001 5.000000 3.053197 1.558589 -0.074927
 63 -0.000009 0.000005 3.713580 -0.334411 -2.825096 -0.524885
 64 0.000000 -0.000000 -5.000000 -0.088723 1.558589 3.066338
 65 7.363602 1.646646 0.495662 -3.141593 -1.570796 0.000000
 66 -0.000006 0.000006 3.619082 -0.528285 -2.367383 -1.007256
 67 16.573923 -0.000000 0.000001 0.000000 0.000000 -2.019199
 68 15.128182 0.000001 -0.000002 0.031619 0.086785 -0.033197
 69 5.758666 4.244731 0.000000 0.000000 -0.000000 2.033309
 70 3.177726 0.000001 -0.000000 0.000000 0.000000 3.141593
 71 15.708953 0.000000 -0.000003 0.016155 0.048356 -0.018185
 72 0.275149 0.189215 -3.445207 3.130898 0.000409 -1.514604
 73 17.210194 -0.000002 0.000002 0.000000 0.000000 -2.322356
 74 0.000001 0.000000 -5.000000 -0.079430 1.546568 -1.570856
 75 0.000005 -0.000005 -3.619081 0.196495 -3.011952 -1.279118
 76 16.573921 0.000002 0.000001 -0.000000 -0.000000 -1.611348
 77 15.128183 -0.000001 -0.000000 0.214418 -0.027533 0.774389
 78 5.758666 4.244731 -0.000000 -0.000000 0.000000 1.483530
 79 4.003935 0.000000 0.000000 0.000000 0.000000 0.000000
 80 15.708955 -0.000002 0.000000 0.153371 0.002792 0.528179
 81 0.273998 0.191090 3.439763 -3.130907 -0.000437 -1.508107
 82 17.210192 0.000001 0.000000 -0.000000 0.000000 -2.138824
 83 0.000000 -0.000000 5.000000 -0.079311 1.595025 -1.570737
time 54
  0 -0.650000 0.000000 33.191761 -0.281436 0.436358 -2.443536
  1 11.368426 6.770639 -23.418962 -0.498313 0.132926 2.346876
  2 -2.276937 0.000002 -1.238186 -1.570795 -1.570451 0.000000
  3 1.796575 0.711860 0.000311 -0.095816 0.075866 -0.183099
  4 4.119771 -0.003047 0.000332 -0.101454 -0.025077 0.368775
  5 4.118896 -0.003254 0.000302 -0.092354 -0.076891 0.096752
  6 4.118509 -0.003261 0.000346 -0.105964 -0.063331 -0.022127
  7 4.120773 -0.002142 -0.001792 0.535550 0.113946 0.859443
  8 4.443599 0.000000 -0.000000 -0.379253 -0.275759 0.091730
  9 9.024062 0.000002 0.000001 0.000000 0.000000 0.000000
 10 -0.197011 0.882032 1.480458 0.602577 -0.796710 1.706410
 11 6.384777 -0.000000 -0.000002 0.241346 0.347274 -0.443754
 12 10.242682 -0.000001 -0.000000 -0.000000 -0.000000 -1.740255
 13 11.375561 0.000003 0.000000 -1.077036 -0.329716 -0.479149
 14 0.728682 0.023428 -1.008293 2.352975 0.633523 1.167638
 15 2.136496 -0.000001 -0.000002 -0.000000 0.000000 0.506146
 16 2.313140 -0.000000 0.000003 0.000000 0.000000 0.000000
 17 3.115508 -0.886043 -0.021431 -0.153068 -0.065773 0.109798
 18 2.011150 0.000000 -0.000001 0.000000 -0.000000 1.209345
 19 2.141380 0.000000 -0.000001 0.000000 0.000000 0.000000
 20 1.734174 0.000002 -0.000002 0.000000 0.000000 0.603841
 21 0.000005 -4.440592 0.000002 1.570544 -0.062990 -0.195737
 22 6.000000 -0.000002 0.000002 -1.209223 0.000000 -0.000000
 23 0.000002 -4.440600 -0.000000 1.569944 -0.062987 0.004053
 24 11.375562 -0.000000 0.000004 -1.346158 -0.200695 -0.230363
 25 0.000001 -4.440604 -0.000002 1.570144 -0.062988 0.004040
 26 10.510133 -0.000002 -0.000001 -0.000000 -0.000000 -2.440924
 27 0.000001 -1.748401 4.999997 0.000000 0.004007 1.602290
 28 5.499999 -0.000001 0.000001 -0.099189 -0.000000 0.000000
 29 -0.000002 -1.940599 4.999999 -0.044472 0.004003 -0.000180
 30 6.551489 0.000001 -0.000002 0.148874 0.261899 -0.406207
 31 0.000001 -1.940600 5.000003 -0.027189 -0.053376 0.005295
 32 6.551489 0.000001 -0.000002 0.085786 0.121084 -0.202569
 33 0.000003 -1.940599 4.999996 -0.066572 -0.152786 -0.110311
 34 0.197014 -0.874957 -1.480457 -2.384265 1.127306 0.104645
 35 6.384777 -0.000001 -0.000002 -0.745723 -0.744519 0.455779
 36 10.242683 -0.000002 0.000001 0.000000 0.000000 -2.071640
 37 11.375562 -0.000000 -0.000002 1.990451 0.050813 0.342896
 38 0.728682 0.023431 1.008292 -1.579583 -0.319038 0.212973
 39 2.136497 0.000000 -0.000001 -0.000000 -0.000000 1.282817
 40 2.313138 0.000001 0.000001 0.000000 0.000000 3.141593
 41 3.115507 -0.886041 0.021431 0.708959 0.171755 0.347804
 42 2.011152 -0.000001 0.000000 -0.000000 -0.000000 2.082010
 43 2.141379 0.000000 -0.000000 0.000000 0.000000 3.141593
 44 1.734171 -0.000001 -0.000001 -0.000000 0.000000 1.041748
 45 0.136316 -3.738194 2.525891 1.493698 2.759406 -1.474501
 46 5.613162 0.862366 3.157032 1.595152 -0.135386 0.061522
 47 11.389366 -0.000820 0.158779 1.778935 0.047836 0.188145
 48 0.000001 -4.440598 0.000001 1.570144 -3.078602 0.004040
 49 6.000000 0.000000 -0.000001 1.778935 0.000000 -0.000000
 50 0.000004 -4.440600 -0.000001 1.569944 -3.078603 0.004053
 51 10.510133 -0.000002 0.000002 -0.000000 0.000000 -2.606616
 52 0.000000 -1.748399 -5.000001 -3.141593 0.004007 -1.539299
 53 5.500000 -0.000001 0.000001 0.216950 -0.000000 0.000000
 54 -0.000001 0.000000 -5.000000 -0.044472 3.137589 -0.000177
 55 6.551491 -0.000000 -0.000004 -0.216950 -0.267420 0.070210
 56 -1.266843 -1.937444 -4.950559 -0.066572 -2.988806 -0.110308
 57 6.551492 -0.000001 -0.000004 -0.216950 -0.267420 0.070210
 58 0.699371 -1.944208 -5.006847 -0.027189 -3.088217 0.005298
 59 4.226146 -0.003202 0.000001 0.254930 0.114163 0.418770
 60 -0.000000 5.000002 0.000000 -0.153564 0.000087 2.718702
 61 0.000003 -0.000005 -3.713581 0.095503 -3.012510 -0.750673
 62 -0.000001 0.000001 5.000000 3.053197 1.558589 -0.074927
 63 -0.000009 0.000005 3.713580 -0.334411 -2.825096 -0.524885
 64 0.000000 -0.000000 -5.000000 -0.088723 1.558589 3.066338
 65 7.363602 1.646646 0.495662 -3.141593 -1.570796 0.000000
 66 -0.000006 0.000006 3.619082 -0.528285 -2.367383 -1.007256
 67 16.573923 -0.000000 0.000001 0.000000 0.000000 -2.019199
 68 15.128182 0.000001 -0.000002 0.031619 0.086785 -0.033197
 69 5.758666 4.244731 0.000000 0.000000 -0.000000 2.033309
 70 3.177726 0.000001 -0.000000 0.000000 0.000000 3.141593
 71 15.708953 0.000000 -0.000003 0.016155 0.048356 -0.018185
 72 0.275149 0.189215 -3.445207 3.130898 0.000409 -1.514604
 73 17.210194 -0.000002 0.000002 0.000000 0.000000 -2.322356
 74 0.000001 0.000000 -5.000000 -0.079430 1.546568 -1.570856
 75 0.000005 -0.000005 -3.619081 0.196495 -3.011952 -1.279118
 76 16.573921 0.000002 0.000001 -0.000000 -0.000000 -1.611348
 77 15.128183 -0.000001 -0.000000 0.214418 -0.027533 0.774389
 78 5.758666 4.244731 -0.000000 -0.000000 0.000000 1.483530
 79 4.003935 0.000000 0.000000 0.000000 0.000000 0.000000
 80 15.708955 -0.000002 0.000000 0.153371 0.002792 0.528179
 81 0.273998 0.191090 3.439763 -3.130907 -0.000437 -1.508107
 82 17.210192 0.000001 0.000000 -0.000000 0.000000 -2.138824
 83 0.000000 -0.000000 5.000000 -0.079311 1.595025 -1.570737
time 55
  0 -0.650000 0.000000 33.191761 -0.281436 0.436358 -2.443536
  1 11.368426 6.770639 -23.418962 -0.498313 0.132926 2.346876
  2 -2.276937 0.000002 -1.238186 -1.570795 -1.570451 0.000000
  3 1.796575 0.711864 0.000350 -0.107966 0.071279 -0.183899
  4 4.119769 -0.003042 0.000370 -0.112997 -0.019877 0.368840
  5 4.118896 -0.003249 0.000341 -0.104702 -0.074472 0.097417
  6 4.118507 -0.003253 0.000387 -0.118362 -0.062862 -0.021547
  7 4.120767 -0.002145 -0.001796 0.536488 0.114748 0.858081
  8 4.443600 0.000001 0.000000 -0.374484 -0.316771 0.110230
  9 9.024061 0.000001 0.000002 0.000000 0.000000 0.000000
 10 -0.198393 0.883341 1.479496 0.602791 -0.795627 1.707831
 11 6.384778 -0.000000 0.000002 0.285043 0.541351 -0.275745
 12 10.242684 -0.000002 0.000000 0.000000 -0.000000 -1.917203
 13 11.375562 0.000000 0.000002 -0.932728 -0.186079 -0.464514
 14 0.728680 0.023432 -1.008291 2.352975 0.633523 1.167638
 15 2.136497 0.000001 -0.000002 0.000000 -0.000000 0.506146
 16 2.313138 -0.000000 -0.000003 0.000000 0.000000 0.000000
 17 3.115508 -0.886041 -0.021430 -0.153068 -0.065773 0.109798
 18 2.011151 -0.000001 -0.000001 -0.000000 0.000000 1.209345
 19 2.141380 -0.000001 0.000001 0.000000 0.000000 0.000000
 20 1.734174 0.000002 -0.000001 -0.000000 0.000000 0.603841
 21 0.000006 -4.440595 -0.000001 1.570544 -0.062990 -0.195737
 22 6.000000 -0.000003 0.000002 -1.090219 0.000000 0.000000
 23 0.000002 -4.440600 -0.000001 1.569944 -0.062987 0.004053
 24 11.375562 0.000000 0.000004 -1.262887 -0.137349 -0.233605
 25 0.000002 -4.440602 0.000001 1.570144 -0.062988 0.004040
 26 10.510131 -0.000002 0.000001 0.000000 -0.000000 -2.529398
 27 0.000002 -1.748402 4.999998 0.000000 0.004007 1.602291
 28 5.499998 -0.000001 0.000002 -0.120476 0.000000 0.000000
 29 0.000002 -1.940599 5.000002 -0.044472 0.004003 -0.000180
 30 6.551490 0.000001 0.000002 0.183569 0.427239 -0.300875
 31 0.000003 -1.940600 5.000003 -0.027189 -0.053376 0.005295
 32 6.551490 0.000001 0.000002 0.103889 0.201389 -0.153134
 33 -0.000000 -1.940599 4.999998 -0.066572 -0.152786 -0.110311
 34 0.198396 -0.876263 -1.479496 -2.378354 1.124346 0.114234
 35 6.384777 -0.000001 -0.000001 -0.812796 -0.693728 0.503295
 36 10.242683 -0.000000 0.000002 -0.000000 0.000000 -2.130468
 37 11.375562 -0.000000 -0.000002 1.923786 0.093841 0.312447
 38 0.728680 0.023431 1.008292 -1.579583 -0.319038 0.212973
 39 2.136496 -0.000001 -0.000000 -0.000000 -0.000000 1.282817
 40 2.313141 0.000000 0.000000 0.000000 0.000000 3.141593
 41 3.115507 -0.886041 0.021432 0.708959 0.171755 0.347804
 42 2.011148 0.000001 0.000000 -0.000000 0.000000 2.082010
 43 2.141378 -0.000000 0.000000 0.000000 0.000000 3.141593
 44 1.734172 -0.000002 -0.000001 -0.000000 -0.000000 1.041748
 45 0.136315 -3.738194 2.525891 1.493698 2.759406 -1.474501
 46 5.613161 0.862366 3.157031 1.595152 -0.135386 0.061522
 47 11.389365 -0.000820 0.158779 1.744375 0.066673 0.170472
 48 0.000002 -4.440600 0.000002 1.570144 -3.078602 0.004040
 49 5.999999 0.000001 -0.000001 1.744374 0.000000 -0.000000
 50 0.000001 -4.440600 0.000002 1.569944 -3.078603 0.004053
 51 10.510134 -0.000003 0.000002 -0.000000 -0.000000 -2.636030
 52 -0.000000 -1.748400 -5.000001 -3.141593 0.004007 -1.539299
 53 5.500001 -0.000003 0.000001 0.235707 -0.000000 0.000000
 54 -0.000001 0.000002 -5.000000 -0.044472 3.137589 -0.000177
 55 6.551492 -0.000002 -0.000001 -0.235707 -0.257725 0.087807
 56 -1.266843 -1.937444 -4.950562 -0.066572 -2.988806 -0.110308
 57 6.551492 -0.000002 -0.000001 -0.235707 -0.257725 0.087807
 58 0.699371 -1.944207 -5.006849 -0.027189 -3.088217 0.005298
 59 4.226146 -0.003202 -0.000001 0.255316 0.114555 0.418098
 60 0.000001 4.999999 0.000000 -0.153564 0.000087 2.718702
 61 0.000003 -0.000005 -3.713581 0.095503 -3.012510 -0.750673
 62 -0.000001 0.000001 5.000000 3.053197 1.558589 -0.074927
 63 -0.000009 0.000005 3.713580 -0.334411 -2.825096 -0.524885
 64 0.000000 -0.000000 -5.000000 -0.088723 1.558589 3.066338
 65 7.363602 1.646646 0.495662 -3.141593 -1.570796 0.000000
 66 -0.000006 0.000006 3.619082 -0.528285 -2.367383 -1.007256
 67 16.573923 -0.000000 0.000001 0.000000 0.000000 -2.019199
 68 15.128182 0.000001 -0.000002 0.031619 0.086785 -0.033197
 69 5.758666 4.244731 0.000000 0.000000 -0.000000 2.033309
 70 3.177726 0.000001 -0.000000 0.000000 0.000000 3.141593
 71 15.708953 0.000000 -0.000003 0.016155 0.048356 -0.018185
 72 0.275149 0.189215 -3.445207 3.130898 0.000409 -1.514604
 73 17.210194 -0.000002 0.000002 0.000000 0.000000 -2.322356
 74 0.000001 0.000000 -5.000000 -0.079430 1.546568 -1.570856
 75 0.000005 -0.000005 -3.619081 0.196495 -3.011952 -1.279118
 76 16.573921 0.000002 0.000001 -0.000000 -0.000000 -1.611348
 77 15.128183 -0.000001 -0.000000 0.214418 -0.027533 0.774389
 78 5.758666 4.244731 -0.000000 -0.000000 0.000000 1.483530
 79 4.003935 0.000000 0.000000 0.000000 0.000000 0.000000
 80 15.708955 -0.000002 0.000000 0.153371 0.002792 0.528179
 81 0.273998 0.191090 3.439763 -3.130907 -0.000437 -1.508107
 82 17.210192 0.000001 0.000000 -0.000000 0.000000 -2.138824
 83 0.000000 -0.000000 5.000000 -0.079311 1.595025 -1.570737
time 56
  0 -0.650000 0.000000 33.191761 -0.281436 0.436358 -2.443536
  1 11.368426 6.770639 -23.418962 -0.498313 0.132926 2.346876
  2 -2.276937 0.000002 -1.238186 -1.570795 -1.570451 0.000000
  3 1.796591 0.711864 0.000377 -0.116195 0.059395 -0.178258
  4 4.119771 -0.003038 0.000396 -0.120934 -0.013370 0.369657
  5 4.118898 -0.003245 0.000370 -0.113205 -0.068040 0.098432
  6 4.118510 -0.003249 0.000416 -0.126925 -0.059621 -0.020361
  7 4.120766 -0.002149 -0.001800 0.537425 0.115552 0.856720
  8 4.443599 0.000002 0.000001 -0.360807 -0.358282 0.094674
  9 9.024061 0.000001 -0.000001 0.000000 0.000000 0.000000
 10 -0.199777 0.884647 1.478534 0.600968 -0.793746 1.711860
 11 6.384776 0.000000 0.000002 0.247732 0.791402 -0.085490
 12 10.242682 -0.000001 -0.000000 -0.000000 0.000000 -2.026211
 13 11.375562 -0.000001 0.000001 -0.780311 0.137696 -0.476250
 14 0.728681 0.023431 -1.008294 2.352439 0.637469 1.167384
 15 2.136497 -0.000001 -0.000005 0.000000 0.000000 0.512120
 16 2.313139 0.000000 0.000000 0.000000 0.000000 0.000000
 17 3.115507 -0.886041 -0.021433 -0.152794 -0.066411 0.105647
 18 2.011151 0.000001 -0.000001 0.000000 0.000000 0.988010
 19 2.141381 0.000002 -0.000000 0.000000 0.000000 0.000000
 20 1.734174 0.000004 -0.000000 0.000000 0.000000 0.493401
 21 0.000006 -4.440594 -0.000000 1.570544 -0.062990 -0.195737
 22 6.000000 -0.000001 0.000002 -0.961593 0.000000 0.000000
 23 0.000002 -4.440602 0.000001 1.569944 -0.062987 0.004053
 24 11.375563 -0.000001 0.000005 -1.169149 0.019160 -0.270689
 25 0.000001 -4.440604 0.000001 1.570144 -0.062988 0.004040
 26 10.510128 -0.000002 -0.000000 -0.000000 -0.000000 -2.583902
 27 0.000000 -1.748400 4.999998 -0.000000 0.004007 1.602291
 28 5.499996 -0.000001 0.000001 -0.121687 -0.000000 -0.000000
 29 -0.000002 -1.940599 5.000001 -0.044472 0.004003 -0.000180
 30 6.551489 0.000000 0.000000 0.198605 0.567453 -0.155499
 31 -0.000002 -1.940598 5.000003 -0.027189 -0.053376 0.005295
 32 6.551489 0.000000 0.000000 0.103617 0.270061 -0.086302
 33 0.000000 -1.940598 4.999997 -0.066572 -0.152786 -0.110311
 34 0.199780 -0.877565 -1.478534 -2.389334 1.127534 0.103213
 35 6.384777 -0.000002 0.000000 -0.826289 -0.638003 0.483678
 36 10.242682 0.000001 0.000002 -0.000000 0.000000 -2.164009
 37 11.375562 0.000000 -0.000002 1.899586 0.126148 0.280677
 38 0.728679 0.023431 1.008294 -1.579583 -0.319038 0.212973
 39 2.136497 -0.000001 -0.000000 -0.000000 0.000000 1.282817
 40 2.313141 0.000000 0.000000 0.000000 0.000000 3.141593
 41 3.115507 -0.886041 0.021431 0.708959 0.171755 0.347804
 42 2.011152 -0.000000 -0.000000 -0.000000 -0.000000 2.082010
 43 2.141381 -0.000001 0.000000 0.000000 0.000000 3.141593
 44 1.734173 -0.000002 -0.000001 -0.000000 0.000000 1.041748
 45 0.136314 -3.738192 2.525892 1.493698 2.759406 -1.474501
 46 5.613159 0.862365 3.157033 1.595152 -0.135386 0.061522
 47 11.389365 -0.000820 0.158779 1.731598 0.081989 0.152194
 48 -0.000000 -4.440599 0.000002 1.570144 -3.078602 0.004040
 49 6.000000 0.000001 -0.000001 1.731598 0.000000 0.000000
 50 0.000005 -4.440601 -0.000001 1.569944 -3.078603 0.004053
 51 10.510134 -0.000000 0.000002 -0.000000 -0.000000 -2.652801
 52 0.000002 -1.748403 -5.000001 -3.141593 0.004007 -1.539299
 53 5.500001 0.000001 0.000000 0.245762 0.000000 -0.000000
 54 -0.000001 0.000000 -5.000000 -0.044472 3.137589 -0.000177
 55 6.551492 0.000000 -0.000004 -0.245762 -0.246708 0.092170
 56 -1.266844 -1.937444 -4.950561 -0.066572 -2.988806 -0.110308
 57 6.551492 0.000000 -0.000004 -0.245762 -0.246708 0.092170
 58 0.699371 -1.944211 -5.006847 -0.027189 -3.088217 0.005298
 59 4.226148 -0.003201 -0.000001 0.255701 0.114948 0.417425
 60 0.000000 5.000001 0.000001 -0.153564 0.000087 2.718702
 61 0.000003 -0.000005 -3.713581 0.095503 -3.012510 -0.750673
 62 -0.000001 0.000001 5.000000 3.053197 1.558589 -0.074927
 63 -0.000009 0.000005 3.713580 -0.334411 -2.825096 -0.524885
 64 0.000000 -0.000000 -5.000000 -0.088723 1.558589 3.066338
 65 7.363602 1.646646 0.495662 -3.141593 -1.570796 0.000000
 66 -0.000006 0.000006 3.619082 -0.528285 -2.367383 -1.007256
 67 16.573923 -0.000000 0.000001 0.000000 0.000000 -2.019199
 68 15.128182 0.000001 -0.000002 0.031619 0.086785 -0.033197
 69 5.758666 4.244731 0.000000 0.000000 -0.000000 2.033309
 70 3.177726 0.000001 -0.000000 0.000000 0.000000 3.141593
 71 15.708953 0.000000 -0.000003 0.016155 0.048356 -0.018185
 72 0.275149 0.189215 -3.445207 3.130898 0.000409 -1.514604
 73 17.210194 -0.000002 0.000002 0.000000 0.000000 -2.322356
 74 0.000001 0.000000 -5.000000 -0.079430 1.546568 -1.570856
 75 0.000005 -0.000005 -3.619081 0.196495 -3.011952 -1.279118
 76 16.573921 0.000002 0.000001 -0.000000 -0.000000 -1.611348
 77 15.128183 -0.000001 -0.000000 0.214418 -0.027533 0.774389
 78 5.758666 4.244731 -0.000000 -0.000000 0.000000 1.483530
 79 4.003935 0.000000 0.000000 0.000000 0.000000 0.000000
 80 15.708955 -0.000002 0.000000 0.153371 0.002792 0.528179
 81 0.273998 0.191090 3.439763 -3.130907 -0.000437 -1.508107
 82 17.210192 0.000001 0.000000 -0.000000 0.000000 -2.138824
 83 0.000000 -0.000000 5.000000 -0.079311 1.595025 -1.570737
time 57
  0 -0.650000 0.000000 33.191761 -0.281436 0.436358 -2.443536
  1 11.368426 6.770639 -23.418962 -0.498313 0.132926 2.346876
  2 -2.276937 0.000002 -1.238186 -1.570795 -1.570451 0.000000
  3 1.796632 0.711859 0.000388 -0.119428 0.042028 -0.163569
  4 4.119783 -0.003032 0.000407 -0.124373 -0.006145 0.372004
  5 4.118910 -0.003244 0.000382 -0.116963 -0.058183 0.100535
  6 4.118521 -0.003250 0.000428 -0.130742 -0.053834 -0.017870
  7 4.120760 -0.002153 -0.001804 0.538361 0.116358 0.855359
  8 4.443598 0.000001 0.000000 -0.331286 -0.399341 0.013450
  9 9.024061 -0.000002 -0.000002 0.000000 0.000000 0.000000
 10 -0.201164 0.885945 1.477571 0.599158 -0.791861 1.715878
 11 6.384778 -0.000000 -0.000000 0.162932 1.037253 0.058232
 12 10.242682 0.000001 -0.000001 0.000000 -0.000000 -2.080561
 13 11.375563 0.000003 0.000003 -0.705848 0.475630 -0.444265
 14 0.728681 0.023431 -1.008292 2.351901 0.641415 1.167127
 15 2.136497 -0.000000 -0.000001 0.000000 -0.000000 0.518094
 16 2.313139 -0.000000 -0.000000 0.000000 0.000000 0.000000
 17 3.115506 -0.886039 -0.021429 -0.152517 -0.067049 0.101495
 18 2.011148 0.000001 0.000003 0.000000 0.000000 0.729829
 19 2.141380 0.000001 -0.000001 0.000000 0.000000 0.000000
 20 1.734175 0.000002 -0.000001 0.000000 0.000000 0.365098
 21 0.000006 -4.440595 0.000002 1.570544 -0.062990 -0.195737
 22 6.000000 0.000000 0.000004 -0.900478 0.000000 0.000000
 23 0.000002 -4.440602 -0.000002 1.569944 -0.062987 0.004053
 24 11.375563 -0.000002 0.000006 -1.126244 0.192013 -0.280881
 25 0.000002 -4.440603 -0.000001 1.570144 -0.062988 0.004040
 26 10.510129 -0.000000 -0.000001 -0.000000 -0.000000 -2.611077
 27 0.000001 -1.748402 4.999999 -0.000000 0.004007 1.602291
 28 5.499998 0.000000 0.000001 -0.070774 -0.000000 -0.000000
 29 -0.000000 -1.940600 5.000001 -0.044472 0.004003 -0.000180
 30 6.551491 0.000001 -0.000001 0.125567 0.652072 -0.026627
 31 0.000000 -1.940599 5.000003 -0.027189 -0.053376 0.005295
 32 6.551491 0.000001 -0.000001 0.059366 0.312420 -0.022577
 33 -0.000000 -1.940598 4.999999 -0.066572 -0.152786 -0.110311
 34 0.201164 -0.878864 -1.477570 -2.429093 1.140080 0.057490
 35 6.384777 0.000002 -0.000003 -0.754275 -0.588618 0.339898
 36 10.242682 0.000001 0.000000 0.000000 0.000000 -2.146085
 37 11.375561 -0.000001 -0.000001 1.985583 0.119477 0.279339
 38 0.728679 0.023431 1.008294 -1.579583 -0.319038 0.212973
 39 2.136497 -0.000000 -0.000000 -0.000000 -0.000000 1.282817
 40 2.313140 0.000000 0.000000 0.000000 0.000000 3.141593
 41 3.115508 -0.886041 0.021432 0.708959 0.171755 0.347804
 42 2.011151 0.000001 0.000000 -0.000000 -0.000000 2.082010
 43 2.141380 -0.000000 0.000000 0.000000 0.000000 3.141593
 44 1.734175 -0.000002 -0.000001 -0.000000 0.000000 1.041748
 45 0.136314 -3.738190 2.525890 1.493698 2.759406 -1.474501
 46 5.613161 0.862366 3.157033 1.595152 -0.135386 0.061522
 47 11.389366 -0.000820 0.158780 1.774758 0.081662 0.150315
 48 0.000002 -4.440598 0.000001 1.570144 -3.078602 0.004040
 49 5.999999 -0.000001 -0.000001 1.774758 0.000000 -0.000000
 50 0.000001 -4.440602 0.000000 1.569944 -3.078603 0.004053
 51 10.510132 0.000002 0.000001 0.000000 -0.000000 -2.643839
 52 0.000002 -1.748400 -5.000000 3.141593 0.004007 -1.539299
 53 5.500000 -0.000001 0.000000 0.239049 0.000000 -0.000000
 54 -0.000001 0.000002 -4.999999 -0.044472 3.137589 -0.000177
 55 6.551492 0.000002 -0.000005 -0.239049 -0.239605 0.061699
 56 -1.266844 -1.937442 -4.950562 -0.066572 -2.988806 -0.110308
 57 6.551492 0.000001 -0.000006 -0.239049 -0.239605 0.061699
 58 0.699370 -1.944206 -5.006850 -0.027189 -3.088217 0.005298
 59 4.226148 -0.003203 -0.000002 0.256086 0.115340 0.416753
 60 0.000001 5.000002 0.000001 -0.153564 0.000087 2.718702
 61 0.000003 -0.000005 -3.713581 0.095503 -3.012510 -0.750673
 62 -0.000001 0.000001 5.000000 3.053197 1.558589 -0.074927
 63 -0.000009 0.000005 3.713580 -0.334411 -2.825096 -0.524885
 64 0.000000 -0.000000 -5.000000 -0.088723 1.558589 3.066338
 65 7.363602 1.646646 0.495662 -3.141593 -1.570796 0.000000
 66 -0.000006 0.000006 3.619082 -0.528285 -2.367383 -1.007256
 67 16.573923 -0.000000 0.000001 0.000000 0.000000 -2.019199
 68 15.128182 0.000001 -0.000002 0.031619 0.086785 -0.033197
 69 5.758666 4.244731 0.000000 0.000000 -0.000000 2.033309
 70 3.177726 0.000001 -0.000000 0.000000 0.000000 3.141593
 71 15.708953 0.000000 -0.000003 0.016155 0.048356 -0.018185
 72 0.275149 0.189215 -3.445207 3.130898 0.000409 -1.514604
 73 17.210194 -0.000002 0.000002 0.000000 0.000000 -2.322356
 74 0.000001 0.000000 -5.000000 -0.079430 1.546568 -1.570856
 75 0.000005 -0.000005 -3.619081 0.196495 -3.011952 -1.279118
 76 16.573921 0.000002 0.000001 -0.000000 -0.000000 -1.611348
 77 15.128183 -0.000001 -0.000000 0.214418 -0.027533 0.774389
 78 5.758666 4.244731 -0.000000 -0.000000 0.000000 1.483530
 79 4.003935 0.000000 0.000000 0.000000 0.000000 0.000000
 80 15.708955 -0.000002 0.000000 0.153371 0.002792 0.528179
 81 0.273998 0.191090 3.439763 -3.130907 -0.000437 -1.508107
 82 17.210192 0.000001 0.000000 -0.000000 0.000000 -2.138824
 83 0.000000 -0.000000 5.000000 -0.079311 1.595025 -1.570737
time 58
  0 -0.650000 0.000000 33.191761 -0.281436 0.436358 -2.443536
  1 11.368426 6.770639 -23.418962 -0.498313 0.132926 2.346876
  2 -2.276937 0.000002 -1.238186 -1.570795 -1.570451 0.000000
  3 1.796697 0.711849 0.000390 -0.119859 0.020633 -0.140741
  4 4.119799 -0.003027 0.000409 -0.125172 0.001973 0.375914
  5 4.118921 -0.003238 0.000387 -0.117975 -0.045621 0.103917
  6 4.118538 -0.003250 0.000430 -0.131815 -0.046092 -0.013962
  7 4.120749 -0.002154 -0.001803 0.539295 0.117164 0.853999
  8 4.443599 -0.000001 0.000001 -0.275421 -0.441145 -0.139733
  9 9.024063 0.000002 0.000001 0.000000 0.000000 0.000000
 10 -0.202551 0.887238 1.476605 0.603443 -0.792380 1.712085
 11 6.384779 -0.000001 -0.000000 0.146352 1.147674 0.208074
 12 10.242683 -0.000001 0.000000 0.000000 0.000000 -2.104284
 13 11.375563 0.000002 0.000001 -0.665361 0.516435 -0.348810
 14 0.728679 0.023431 -1.008292 2.352975 0.633523 1.167638
 15 2.136496 -0.000001 -0.000003 -0.000000 0.000000 0.506146
 16 2.313140 -0.000000 0.000002 0.000000 0.000000 0.000000
 17 3.115505 -0.886041 -0.021431 -0.153068 -0.065773 0.109798
 18 2.011149 0.000000 0.000000 0.000000 0.000000 0.546120
 19 2.141380 -0.000001 -0.000000 0.000000 0.000000 0.000000
 20 1.734174 0.000003 -0.000000 -0.000000 0.000000 0.273742
 21 0.000006 -4.440593 -0.000001 1.570544 -0.062990 -0.195737
 22 6.000000 -0.000002 0.000002 -0.876972 -0.000000 0.000000
 23 0.000002 -4.440599 -0.000001 1.569944 -0.062987 0.004053
 24 11.375562 0.000000 0.000005 -1.114246 0.224630 -0.240567
 25 0.000001 -4.440603 -0.000002 1.570144 -0.062988 0.004040
 26 10.510131 -0.000003 -0.000001 -0.000000 -0.000000 -2.622939
 27 0.000001 -1.748401 4.999998 0.000000 0.004007 1.602291
 28 5.499997 -0.000001 -0.000000 -0.000792 -0.000000 -0.000000
 29 0.000001 -1.940599 5.000001 -0.044472 0.004003 -0.000180
 30 6.551492 -0.000000 -0.000002 0.025535 0.702743 0.131614
 31 0.000001 -1.940598 5.000002 -0.027189 -0.053376 0.005295
 32 6.551492 -0.000000 -0.000002 -0.001356 0.334546 0.055960
 33 -0.000001 -1.940598 4.999998 -0.066572 -0.152786 -0.110311
 34 0.202554 -0.880166 -1.476605 -2.475277 1.152836 0.004714
 35 6.384777 0.000001 -0.000003 -0.677753 -0.525286 0.187280
 36 10.242682 -0.000001 0.000001 0.000000 0.000000 -2.120939
 37 11.375563 0.000001 -0.000001 2.102693 0.100263 0.293079
 38 0.728679 0.023430 1.008292 -1.579583 -0.319038 0.212973
 39 2.136498 -0.000001 -0.000000 -0.000000 -0.000000 1.282817
 40 2.313141 0.000000 -0.000000 0.000000 0.000000 3.141593
 41 3.115506 -0.886041 0.021430 0.708959 0.171755 0.347804
 42 2.011152 -0.000001 0.000001 0.000000 0.000000 2.082010
 43 2.141381 0.000001 -0.000000 0.000000 0.000000 3.141593
 44 1.734174 -0.000002 -0.000001 -0.000000 -0.000000 1.041748
 45 0.136315 -3.738191 2.525891 1.493698 2.759406 -1.474501
 46 5.613161 0.862366 3.157030 1.595152 -0.135386 0.061522
 47 11.389366 -0.000819 0.158779 1.833698 0.076781 0.157144
 48 0.000002 -4.440598 0.000001 1.570144 -3.078602 0.004040
 49 6.000000 0.000000 -0.000001 1.833698 0.000000 0.000000
 50 -0.000000 -4.440600 0.000002 1.569944 -3.078603 0.004053
 51 10.510133 -0.000002 0.000001 -0.000000 0.000000 -2.631266
 52 0.000001 -1.748401 -5.000001 3.141593 0.004007 -1.539299
 53 5.500000 -0.000001 0.000000 0.225182 -0.000000 -0.000000
 54 -0.000001 0.000000 -5.000000 -0.044472 3.137589 -0.000177
 55 6.551492 0.000001 -0.000005 -0.225182 -0.228589 0.019834
 56 -1.266844 -1.937446 -4.950561 -0.066572 -2.988806 -0.110308
 57 6.551492 0.000001 -0.000005 -0.225182 -0.228589 0.019834
 58 0.699370 -1.944210 -5.006847 -0.027189 -3.088217 0.005298
 59 4.226144 -0.003202 -0.000001 0.256471 0.115734 0.416080
 60 -0.000001 4.999999 0.000000 -0.153564 0.000087 2.718702
 61 0.000003 -0.000005 -3.713581 0.095503 -3.012510 -0.750673
 62 -0.000001 0.000001 5.000000 3.053197 1.558589 -0.074927
 63 -0.000009 0.000005 3.713580 -0.334411 -2.825096 -0.524885
 64 0.000000 -0.000000 -5.000000 -0.088723 1.558589 3.066338
 65 7.363602 1.646646 0.495662 -3.141593 -1.570796 0.000000
 66 -0.000006 0.000006 3.619082 -0.528285 -2.367383 -1.007256
 67 16.573923 -0.000000 0.000001 0.000000 0.000000 -2.019199
 68 15.128182 0.000001 -0.000002 0.031619 0.086785 -0.033197
 69 5.758666 4.244731 0.000000 0.000000 -0.000000 2.033309
 70 3.177726 0.000001 -0.000000 0.000000 0.000000 3.141593
 71 15.708953 0.000000 -0.000003 0.016155 0.048356 -0.018185
 72 0.275149 0.189215 -3.445207 3.130898 0.000409 -1.514604
 73 17.210194 -0.000002 0.000002 0.000000 0.000000 -2.322356
 74 0.000001 0.000000 -5.000000 -0.079430 1.546568 -1.570856
 75 0.000005 -0.000005 -3.619081 0.196495 -3.011952 -1.279118
 76 16.573921 0.000002 0.000001 -0.000000 -0.000000 -1.611348
 77 15.128183 -0.000001 -0.000000 0.214418 -0.027533 0.774389
 78 5.758666 4.244731 -0.000000 -0.000000 0.000000 1.483530
 79 4.003935 0.000000 0.000000 0.000000 0.000000 0.000000
 80 15.708955 -0.000002 0.000000 0.153371 0.002792 0.528179
 81 0.273998 0.191090 3.439763 -3.130907 -0.000437 -1.508107
 82 17.210192 0.000001 0.000000 -0.000000 0.000000 -2.138824
 83 0.000000 -0.000000 5.000000 -0.079311 1.595025 -1.570737
time 59
  0 -0.650000 0.000000 33.191761 -0.281436 0.436358 -2.443536
  1 11.368426 6.770639 -23.418962 -0.498313 0.132926 2.346876
  2 -2.276937 0.000002 -1.238186 -1.570795 -1.570451 0.000000
  3 1.796775 0.711838 0.000387 -0.119170 -0.004239 -0.114128
  4 4.119812 -0.003019 0.000407 -0.124345 0.010820 0.380431
  5 4.118943 -0.003240 0.000384 -0.117259 -0.031066 0.107714
  6 4.118554 -0.003250 0.000429 -0.131176 -0.036979 -0.009539
  7 4.120746 -0.002157 -0.001807 0.540229 0.117972 0.852639
  8 4.443599 -0.000003 -0.000000 -0.190784 -0.475269 -0.335743
  9 9.024062 -0.000001 -0.000001 0.000000 0.000000 0.000000
 10 -0.203942 0.888534 1.475638 0.622888 -0.798613 1.688780
 11 6.384777 0.000001 0.000000 0.362065 0.842447 0.467299
 12 10.242684 0.000001 -0.000001 0.000000 0.000000 -2.107792
 13 11.375561 0.000002 0.000001 -0.755199 -0.228514 -0.068618
 14 0.728680 0.023431 -1.008293 2.357886 0.596372 1.169866
 15 2.136497 -0.000000 0.000000 -0.000000 0.000000 0.449914
 16 2.313139 0.000000 0.000000 0.000000 0.000000 0.000000
 17 3.115507 -0.886041 -0.021431 -0.155517 -0.059710 0.148852
 18 2.011151 0.000000 0.000001 -0.000000 0.000000 0.553457
 19 2.141379 -0.000001 0.000000 0.000000 0.000000 0.000000
 20 1.734175 0.000001 0.000001 0.000000 0.000000 0.277396
 21 0.000007 -4.440595 0.000003 1.570544 -0.062990 -0.195737
 22 6.000000 -0.000003 0.000002 -0.952677 0.000000 0.000000
 23 0.000002 -4.440601 0.000002 1.569944 -0.062987 0.004053
 24 11.375562 -0.000002 0.000005 -1.167805 -0.136238 -0.011381
 25 0.000001 -4.440604 -0.000003 1.570144 -0.062988 0.004040
 26 10.510132 -0.000000 -0.000001 0.000000 -0.000000 -2.624692
 27 0.000001 -1.748400 4.999999 0.000000 0.004007 1.602290
 28 5.500001 -0.000001 0.000001 -0.073662 -0.000000 -0.000000
 29 -0.000003 -1.940599 5.000000 -0.044472 0.004003 -0.000180
 30 6.551492 0.000000 -0.000003 0.173116 0.528935 0.329507
 31 -0.000000 -1.940600 5.000002 -0.027189 -0.053376 0.005295
 32 6.551492 0.000000 -0.000003 0.057632 0.262354 0.141599
 33 -0.000001 -1.940600 4.999998 -0.066572 -0.152786 -0.110311
 34 0.203944 -0.881462 -1.475638 -2.528161 1.165336 -0.055278
 35 6.384777 -0.000002 -0.000000 -0.610510 -0.447661 0.041032
 36 10.242682 0.000002 0.000001 -0.000000 -0.000000 -2.088835
 37 11.375566 0.000002 -0.000001 2.233755 0.073696 0.308525
 38 0.728679 0.023430 1.008293 -1.579583 -0.319038 0.212973
 39 2.136498 0.000001 -0.000000 -0.000000 0.000000 1.282817
 40 2.313139 -0.000000 0.000000 0.000000 0.000000 3.141593
 41 3.115505 -0.886040 0.021432 0.708959 0.171755 0.347804
 42 2.011149 -0.000000 0.000001 0.000000 -0.000000 2.082010
 43 2.141380 0.000000 -0.000000 0.000000 0.000000 3.141593
 44 1.734172 -0.000002 -0.000000 -0.000000 0.000000 1.041748
 45 0.136315 -3.738191 2.525891 1.493698 2.759406 -1.474501
 46 5.613162 0.862366 3.157031 1.595152 -0.135386 0.061522
 47 11.389367 -0.000820 0.158781 1.899920 0.069326 0.166004
 48 -0.000001 -4.440598 0.000000 1.570144 -3.078602 0.004040
 49 6.000002 0.000002 -0.000000 1.899920 0.000000 0.000000
 50 0.000002 -4.440600 0.000002 1.569944 -3.078603 0.004053
 51 10.510133 0.000000 0.000001 -0.000000 -0.000000 -2.615214
 52 0.000001 -1.748400 -5.000001 3.141593 0.004007 -1.539299
 53 5.500000 0.000002 0.000001 0.204589 -0.000000 0.000000
 54 -0.000001 -0.000002 -5.000000 -0.044472 3.137590 -0.000177
 55 6.551491 -0.000001 -0.000002 -0.204589 -0.206973 -0.033864
 56 -1.266842 -1.937441 -4.950561 -0.066572 -2.988806 -0.110308
 57 6.551491 -0.000002 -0.000002 -0.204589 -0.206973 -0.033864
 58 0.699371 -1.944205 -5.006848 -0.027189 -3.088217 0.005298
 59 4.226145 -0.003201 -0.000001 0.256855 0.116127 0.415408
 60 0.000000 5.000000 0.000001 -0.153565 0.000087 2.718702
 61 0.000003 -0.000005 -3.713581 0.095503 -3.012510 -0.750673
 62 -0.000001 0.000001 5.000000 3.053197 1.558589 -0.074927
 63 -0.000009 0.000005 3.713580 -0.334410 -2.825096 -0.524885
 64 -0.000001 -0.000000 -5.000000 -0.088728 1.558589 3.066333
 65 7.363602 1.646646 0.495662 -3.141593 -1.570796 0.000000
 66 -0.000006 0.000006 3.619082 -0.528284 -2.367383 -1.007256
 67 16.573921 0.000001 0.000002 -0.000000 -0.000000 -2.019199
 68 15.128181 0.000001 -0.000000 0.031619 0.086785 -0.033197
 69 5.758666 4.244730 0.000000 0.000000 -0.000000 2.033309
 70 3.177726 0.000001 -0.000000 0.000000 0.000000 3.141593
 71 15.708953 0.000001 -0.000001 0.016155 0.048356 -0.018185
 72 0.275149 0.189215 -3.445208 3.130898 0.000409 -1.514604
 73 17.210192 -0.000000 0.000003 0.000000 0.000000 -2.322356
 74 0.000001 0.000000 -5.000000 -0.079429 1.546568 -1.570852
 75 0.000005 -0.000005 -3.619081 0.196495 -3.011952 -1.279118
 76 16.573921 0.000002 0.000001 -0.000000 -0.000000 -1.611348
 77 15.128183 -0.000001 -0.000000 0.214418 -0.027533 0.774389
 78 5.758666 4.244731 -0.000000 -0.000000 0.000000 1.483530
 79 4.003935 0.000000 0.000000 0.000000 0.000000 0.000000
 80 15.708955 -0.000002 0.000000 0.153371 0.002792 0.528179
 81 0.273998 0.191090 3.439763 -3.130907 -0.000437 -1.508107
 82 17.210192 0.000001 0.000000 -0.000000 0.000000 -2.138824
 83 0.000000 -0.000000 5.000000 -0.079311 1.595025 -1.570737
time 60
  0 -0.650000 0.000000 33.191761 -0.281436 0.436358 -2.443536
  1 11.368426 6.770639 -23.418962 -0.498313 0.132926 2.346876
  2 -2.276937 0.000002 -1.238186 -1.570795 -1.570451 0.000000
  3 1.796846 0.711832 0.000387 -0.118857 -0.031978 -0.088009
  4 4.119833 -0.003015 0.000401 -0.122919 0.020233 0.384590
  5 4.118956 -0.003237 0.000379 -0.115857 -0.015230 0.111045
  6 4.118577 -0.003255 0.000423 -0.129873 -0.027075 -0.005514
  7 4.120744 -0.002162 -0.001810 0.541162 0.118781 0.851281
  8 4.443599 0.000000 0.000000 -0.081314 -0.494537 -0.542077
  9 9.024062 0.000002 0.000001 0.000000 0.000000 0.000000
 10 -0.205333 0.889825 1.474670 0.650178 -0.807112 1.655206
 11 6.384777 0.000000 0.000000 0.480089 0.537480 0.450298
 12 10.242682 0.000002 -0.000001 0.000000 0.000000 -1.976538
 13 11.375564 0.000002 0.000000 -1.701497 -0.645395 0.652621
 14 0.728681 0.023430 -1.008293 2.364364 0.544700 1.172523
 15 2.136496 -0.000000 -0.000000 -0.000000 0.000000 0.371723
 16 2.313139 0.000000 -0.000000 0.000000 0.000000 0.000000
 17 3.115507 -0.886042 -0.021432 -0.158524 -0.051131 0.203110
 18 2.011151 -0.000000 -0.000000 0.000000 -0.000000 0.662504
 19 2.141380 0.000000 -0.000000 0.000000 0.000000 0.000000
 20 1.734175 0.000002 -0.000000 0.000000 0.000000 0.331645
 21 0.000007 -4.440595 -0.000000 1.570544 -0.062990 -0.195737
 22 6.000001 -0.000001 0.000002 -1.624315 0.000000 0.000000
 23 0.000003 -4.440603 -0.000000 1.569944 -0.062987 0.004053
 24 11.375563 -0.000002 0.000004 -1.575817 -0.333301 0.301316
 25 0.000002 -4.440604 0.000000 1.570144 -0.062988 0.004040
 26 10.510130 -0.000001 -0.000002 0.000000 -0.000000 -2.559065
 27 0.000001 -1.748400 4.999999 -0.000000 0.004007 1.602290
 28 5.499998 0.000001 0.000000 -0.170146 0.000000 0.000000
 29 -0.000002 -1.940599 5.000001 -0.044472 0.004003 -0.000180
 30 6.551490 -0.000000 -0.000002 0.327365 0.367636 0.360227
 31 -0.000001 -1.940599 5.000002 -0.027189 -0.053376 0.005295
 32 6.551490 -0.000000 -0.000002 0.139612 0.193435 0.157056
 33 0.000001 -1.940600 4.999997 -0.066572 -0.152786 -0.110311
 34 0.205336 -0.882749 -1.474670 -2.587864 1.177088 -0.122495
 35 6.384777 0.000000 -0.000004 -0.558824 -0.363405 -0.092912
 36 10.242683 0.000001 0.000001 -0.000000 -0.000000 -2.049934
 37 11.375560 -0.000001 -0.000000 2.362473 0.048007 0.314588
 38 0.728679 0.023431 1.008292 -1.579583 -0.319038 0.212973
 39 2.136496 -0.000001 0.000000 -0.000000 0.000000 1.282817
 40 2.313141 -0.000001 -0.000001 0.000000 0.000000 3.141593
 41 3.115505 -0.886041 0.021432 0.708959 0.171755 0.347804
 42 2.011151 -0.000001 -0.000000 -0.000000 0.000000 2.082010
 43 2.141378 -0.000002 -0.000000 0.000000 0.000000 3.141593
 44 1.734172 -0.000002 -0.000001 -0.000000 -0.000000 1.041748
 45 0.136315 -3.738192 2.525890 1.493698 2.759406 -1.474501
 46 5.613162 0.862365 3.157030 1.595152 -0.135386 0.061522
 47 11.389363 -0.000820 0.158782 1.965083 0.062107 0.170759
 48 0.000002 -4.440599 0.000001 1.570144 -3.078602 0.004040
 49 6.000000 0.000002 0.000001 1.965083 -0.000000 0.000000
 50 0.000003 -4.440601 0.000001 1.569944 -3.078603 0.004053
 51 10.510132 0.000003 0.000001 -0.000000 -0.000000 -2.595763
 52 -0.000001 -1.748402 -5.000001 -3.141593 0.004007 -1.539299
 53 5.500000 0.000001 0.000001 0.181577 0.000000 -0.000000
 54 -0.000000 0.000001 -5.000000 -0.044472 3.137589 -0.000177
 55 6.551491 0.000000 -0.000006 -0.181577 -0.167441 -0.094531
 56 -1.266843 -1.937442 -4.950560 -0.066572 -2.988806 -0.110308
 57 6.551492 0.000000 -0.000006 -0.181577 -0.167441 -0.094531
 58 0.699371 -1.944207 -5.006846 -0.027189 -3.088217 0.005298
 59 4.226146 -0.003201 0.000001 0.257239 0.116521 0.414735
 60 0.000000 5.000002 0.000000 -0.153564 0.000087 2.718702
 61 0.000003 -0.000005 -3.713581 0.095503 -3.012510 -0.750673
 62 -0.000001 0.000001 5.000000 3.053197 1.558589 -0.074927
 63 -0.000009 0.000005 3.713580 -0.334410 -2.825096 -0.524885
 64 -0.000001 -0.000000 -5.000000 -0.088728 1.558589 3.066333
 65 7.363602 1.646646 0.495662 -3.141593 -1.570796 0.000000
 66 -0.000006 0.000006 3.619082 -0.528284 -2.367383 -1.007256
 67 16.573921 0.000001 0.000002 -0.000000 -0.000000 -2.019199
 68 15.128181 0.000001 -0.000000 0.031619 0.086785 -0.033197
 69 5.758666 4.244730 0.000000 0.000000 -0.000000 2.033309
 70 3.177726 0.000001 -0.000000 0.000000 0.000000 3.141593
 71 15.708953 0.000001 -0.000001 0.016155 0.048356 -0.018185
 72 0.275149 0.189215 -3.445208 3.130898 0.000409 -1.514604
 73 17.210192 -0.000000 0.000003 0.000000 0.000000 -2.322356
 74 0.000001 0.000000 -5.000000 -0.079429 1.546568 -1.570852
 75 0.000005 -0.000005 -3.619081 0.196495 -3.011952 -1.279118
 76 16.573921 0.000002 0.000001 -0.000000 -0.000000 -1.611348
 77 15.128183 -0.000001 -0.000000 0.214418 -0.027533 0.774389
 78 5.758666 4.244731 -0.000000 -0.000000 0.000000 1.483530
 79 4.003935 0.000000 0.000000 0.000000 0.000000 0.000000
 80 15.708955 -0.000002 0.000000 0.153371 0.002792 0.528179
 81 0.273998 0.191090 3.439763 -3.130907 -0.000437 -1.508107
 82 17.210192 0.000001 0.000000 -0.000000 0.000000 -2.138824
 83 0.000000 -0.000000 5.000000 -0.079311 1.595025 -1.570737
time 61
  0 -0.650000 0.000000 33.191761 -0.281436 0.436358 -2.443536
  1 11.368426 6.770639 -23.418962 -0.498313 0.132926 2.346876
  2 -2.276937 0.000002 -1.238186 -1.570795 -1.570451 0.000000
  3 1.796902 0.711828 0.000391 -0.120157 -0.061903 -0.066585
  4 4.119846 -0.003011 0.000398 -0.121943 0.030064 0.387405
  5 4.118971 -0.003237 0.000376 -0.114844 0.001187 0.113002
  6 4.118587 -0.003252 0.000422 -0.128977 -0.016948 -0.002816
  7 4.120734 -0.002166 -0.001812 0.542093 0.119592 0.849922
  8 4.443599 0.000001 0.000000 0.043902 -0.497551 -0.722883
  9 9.024062 0.000002 0.000001 0.000000 0.000000 0.000000
 10 -0.206727 0.891113 1.473701 0.676702 -0.822477 1.621763
 11 6.384778 -0.000001 0.000001 0.287279 0.655217 0.118699
 12 10.242683 -0.000000 -0.000001 0.000000 -0.000000 -1.615776
 13 11.375561 -0.000001 0.000000 -2.583894 -0.278600 0.384482
 14 0.728680 0.023431 -1.008292 2.370700 0.491266 1.174790
 15 2.136496 -0.000001 0.000000 0.000000 0.000000 0.290887
 16 2.313139 -0.000000 0.000000 0.000000 0.000000 0.000000
 17 3.115506 -0.886040 -0.021432 -0.161136 -0.042104 0.259154
 18 2.011151 -0.000001 0.000001 0.000000 0.000000 0.799417
 19 2.141380 0.000001 -0.000002 0.000000 0.000000 0.000000
 20 1.734175 0.000002 -0.000001 0.000000 0.000000 0.399662
 21 0.000006 -4.440593 0.000000 1.570544 -0.062990 -0.195737
 22 6.000000 -0.000003 0.000002 -2.343238 -0.000000 -0.000000
 23 0.000001 -4.440600 -0.000002 1.569944 -0.062987 0.004053
 24 11.375561 -0.000002 0.000005 -2.059824 -0.202117 0.164819
 25 0.000002 -4.440604 -0.000001 1.570144 -0.062988 0.004040
 26 10.510131 -0.000001 -0.000001 -0.000000 -0.000000 -2.378685
 27 0.000001 -1.748401 4.999998 -0.000000 0.004007 1.602291
 28 5.500000 0.000001 0.000001 -0.123710 0.000000 -0.000000
 29 -0.000004 -1.940598 5.000001 -0.044472 0.004003 -0.000180
 30 6.551488 0.000000 0.000001 0.224986 0.487062 0.057374
 31 -0.000000 -1.940598 5.000003 -0.027189 -0.053376 0.005295
 32 6.551488 0.000000 0.000001 0.103238 0.240097 0.013232
 33 -0.000001 -1.940599 4.999996 -0.066572 -0.152786 -0.110311
 34 0.206731 -0.884036 -1.473701 -2.654247 1.187602 -0.196693
 35 6.384776 -0.000001 -0.000000 -0.522510 -0.284887 -0.216695
 36 10.242682 -0.000001 -0.000001 0.000000 -0.000000 -2.002851
 37 11.375564 0.000002 -0.000000 2.473300 0.033998 0.303414
 38 0.728679 0.023431 1.008293 -1.579583 -0.319038 0.212973
 39 2.136497 0.000001 -0.000001 -0.000000 0.000000 1.282817
 40 2.313139 0.000000 0.000001 0.000000 0.000000 3.141593
 41 3.115507 -0.886041 0.021432 0.708959 0.171755 0.347804
 42 2.011151 -0.000001 0.000000 -0.000000 -0.000000 2.082010
 43 2.141381 -0.000000 -0.000000 0.000000 0.000000 3.141593
 44 1.734173 -0.000002 -0.000001 -0.000000 0.000000 1.041748
 45 0.136314 -3.738193 2.525891 1.493698 2.759406 -1.474501
 46 5.613160 0.862366 3.157032 1.595152 -0.135386 0.061522
 47 11.389367 -0.000819 0.158781 2.020984 0.058734 0.165893
 48 0.000001 -4.440599 -0.000001 1.570144 -3.078602 0.004040
 49 6.000003 0.000003 -0.000001 2.020984 0.000000 0.000000
 50 0.000003 -4.440601 -0.000000 1.569944 -3.078603 0.004053
 51 10.510132 -0.000001 -0.000001 0.000000 -0.000000 -2.572222
 52 0.000001 -1.748400 -5.000000 -3.141593 0.004007 -1.539299
 53 5.500000 -0.000003 -0.000001 0.166241 0.000000 0.000000
 54 0.000000 -0.000001 -4.999999 -0.044472 3.137589 -0.000177
 55 6.551491 0.000000 -0.000003 -0.166242 -0.115307 -0.147439
 56 -1.266843 -1.937442 -4.950561 -0.066572 -2.988806 -0.110308
 57 6.551492 0.000000 -0.000003 -0.166242 -0.115307 -0.147439
 58 0.699371 -1.944206 -5.006848 -0.027189 -3.088217 0.005298
 59 4.226144 -0.003202 0.000000 0.257624 0.116915 0.414062
 60 -0.000000 5.000002 0.000001 -0.153564 0.000087 2.718702
 61 0.000003 -0.000005 -3.713581 0.095503 -3.012510 -0.750673
 62 -0.000001 0.000001 5.000000 3.053197 1.558589 -0.074927
 63 -0.000009 0.000005 3.713580 -0.334410 -2.825096 -0.524885
 64 -0.000001 -0.000000 -5.000000 -0.088728 1.558589 3.066333
 65 7.363602 1.646646 0.495662 -3.141593 -1.570796 0.000000
 66 -0.000006 0.000006 3.619082 -0.528284 -2.367383 -1.007256
 67 16.573921 0.000001 0.000002 -0.000000 -0.000000 -2.019199
 68 15.128181 0.000001 -0.000000 0.031619 0.086785 -0.033197
 69 5.758666 4.244730 0.000000 0.000000 -0.000000 2.033309
 70 3.177726 0.000001 -0.000000 0.000000 0.000000 3.141593
 71 15.708953 0.000001 -0.000001 0.016155 0.048356 -0.018185
 72 0.275149 0.189215 -3.445208 3.130898 0.000409 -1.514604
 73 17.210192 -0.000000 0.000003 0.000000 0.000000 -2.322356
 74 0.000001 0.000000 -5.000000 -0.079429 1.546568 -1.570852
 75 0.000005 -0.000005 -3.619081 0.196495 -3.011952 -1.279118
 76 16.573921 0.000002 0.000001 -0.000000 -0.000000 -1.611348
 77 15.128183 -0.000001 -0.000000 0.214418 -0.027533 0.774389
 78 5.758666 4.244731 -0.000000 -0.000000 0.000000 1.483530
 79 4.003935 0.000000 0.000000 0.000000 0.000000 0.000000
 80 15.708955 -0.000002 0.000000 0.153371 0.002792 0.528179
 81 0.273998 0.191090 3.439763 -3.130907 -0.000437 -1.508107
 82 17.210192 0.000001 0.000000 -0.000000 0.000000 -2.138824
 83 0.000000 -0.000000 5.000000 -0.079311 1.595025 -1.570737
time 62
  0 -0.650000 0.000000 33.191761 -0.281436 0.436358 -2.443536
  1 11.368426 6.770639 -23.418962 -0.498313 0.132926 2.346876
  2 -2.276937 0.000002 -1.238186 -1.570795 -1.570451 0.000000
  3 1.796934 0.711825 0.000401 -0.124011 -0.093300 -0.053992
  4 4.119846 -0.003006 0.000401 -0.122489 0.040168 0.387869
  5 4.118975 -0.003237 0.000378 -0.115332 0.017490 0.112639
  6 4.118593 -0.003252 0.000422 -0.129580 -0.007162 -0.002398
  7 4.120731 -0.002169 -0.001814 0.543024 0.120403 0.848565
  8 4.443599 -0.000001 -0.000001 0.175013 -0.491948 -0.842312
  9 9.024062 0.000000 0.000000 0.000000 0.000000 0.000000
 10 -0.208124 0.892397 1.472730 0.703048 -0.821238 1.589641
 11 6.384777 0.000001 0.000001 -0.011809 0.729819 -0.197600
 12 10.242681 -0.000001 -0.000000 -0.000000 0.000000 -1.277743
 13 11.375563 -0.000000 0.000000 3.104701 -0.243336 -0.183218
 14 0.728681 0.023431 -1.008292 2.375790 0.446342 1.176358
 15 2.136496 0.000001 0.000000 -0.000000 -0.000000 0.222939
 16 2.313139 -0.000001 -0.000001 0.000000 0.000000 0.000000
 17 3.115506 -0.886039 -0.021432 -0.162937 -0.034412 0.306230
 18 2.011151 -0.000000 -0.000001 0.000000 -0.000000 0.922320
 19 2.141379 -0.000001 -0.000000 0.000000 0.000000 0.000000
 20 1.734174 0.000001 -0.000001 -0.000000 0.000000 0.460726
 21 0.000006 -4.440593 -0.000000 1.570544 -0.062990 -0.195737
 22 6.000000 -0.000003 0.000002 -2.851682 -0.000000 -0.000000
 23 0.000001 -4.440601 -0.000000 1.569944 -0.062987 0.004053
 24 11.375562 -0.000003 0.000003 -2.371967 -0.084915 -0.167408
 25 0.000001 -4.440602 -0.000001 1.570144 -0.062988 0.004040
 26 10.510129 -0.000001 0.000000 -0.000000 -0.000000 -2.209668
 27 0.000001 -1.748400 4.999999 -0.000000 0.004007 1.602291
 28 5.499997 -0.000000 0.000001 -0.024240 -0.000000 0.000000
 29 -0.000001 -1.940599 5.000001 -0.044472 0.004003 -0.000180
 30 6.551492 0.000001 -0.000001 0.017771 0.506530 -0.216047
 31 -0.000001 -1.940599 5.000003 -0.027189 -0.053376 0.005295
 32 6.551492 0.000001 -0.000001 0.022781 0.246999 -0.103127
 33 -0.000001 -1.940599 4.999997 -0.066572 -0.152786 -0.110311
 34 0.208126 -0.885322 -1.472731 -2.726818 1.196401 -0.277280
 35 6.384777 -0.000000 0.000001 -0.499309 -0.225473 -0.334504
 36 10.242682 0.000001 -0.000001 0.000000 0.000000 -1.944508
 37 11.375564 0.000001 -0.000002 2.550235 0.043049 0.269694
 38 0.728679 0.023431 1.008293 -1.579583 -0.319038 0.212973
 39 2.136495 -0.000001 0.000000 -0.000000 0.000000 1.282817
 40 2.313139 -0.000000 0.000000 0.000000 0.000000 3.141593
 41 3.115504 -0.886040 0.021432 0.708959 0.171755 0.347804
 42 2.011152 0.000000 0.000001 -0.000000 0.000000 2.082010
 43 2.141380 0.000000 -0.000000 0.000000 0.000000 3.141593
 44 1.734174 -0.000001 -0.000001 -0.000000 0.000000 1.041748
 45 0.136315 -3.738194 2.525891 1.493698 2.759406 -1.474501
 46 5.613159 0.862365 3.157033 1.595152 -0.135386 0.061522
 47 11.389365 -0.000820 0.158779 2.059245 0.063142 0.146141
 48 -0.000001 -4.440599 0.000002 1.570144 -3.078602 0.004040
 49 6.000001 0.000001 -0.000001 2.059245 -0.000000 0.000000
 50 0.000001 -4.440602 -0.000000 1.569944 -3.078603 0.004053
 51 10.510132 0.000002 -0.000000 -0.000000 -0.000000 -2.543050
 52 -0.000000 -1.748400 -5.000001 -3.141593 0.004007 -1.539299
 53 5.500000 0.000001 -0.000001 0.160801 -0.000000 -0.000000
 54 0.000000 -0.000001 -4.999999 -0.044472 3.137590 -0.000177
 55 6.551492 -0.000000 -0.000001 -0.160801 -0.069930 -0.184582
 56 -1.266843 -1.937445 -4.950559 -0.066572 -2.988806 -0.110308
 57 6.551492 -0.000000 -0.000001 -0.160801 -0.069930 -0.184582
 58 0.699371 -1.944210 -5.006846 -0.027189 -3.088217 0.005298
 59 4.226147 -0.003203 -0.000001 0.258007 0.117310 0.413389
 60 0.000001 5.000002 0.000001 -0.153564 0.000087 2.718702
 61 0.000003 -0.000005 -3.713581 0.095503 -3.012510 -0.750673
 62 -0.000001 0.000001 5.000000 3.053197 1.558589 -0.074927
 63 -0.000009 0.000005 3.713580 -0.334411 -2.825096 -0.524885
 64 -0.000000 -0.000000 -5.000000 -0.088726 1.558589 3.066335
 65 7.363602 1.646646 0.495662 -3.141593 -1.570796 0.000000
 66 -0.000006 0.000006 3.619082 -0.528285 -2.367383 -1.007256
 67 16.573921 -0.000000 0.000002 0.000000 -0.000000 -2.019199
 68 15.128181 0.000002 -0.000001 0.031619 0.086785 -0.033197
 69 5.758666 4.244730 0.000000 0.000000 -0.000000 2.033309
 70 3.177726 0.000001 -0.000000 0.000000 0.000000 3.141593
 71 15.708952 0.000002 -0.000001 0.016155 0.048356 -0.018185
 72 0.275149 0.189215 -3.445207 3.130898 0.000409 -1.514604
 73 17.210194 -0.000001 0.000002 0.000000 0.000000 -2.322356
 74 0.000001 0.000001 -5.000000 -0.079433 1.546568 -1.570857
 75 0.000005 -0.000005 -3.619081 0.196495 -3.011952 -1.279118
 76 16.573921 0.000002 0.000001 -0.000000 -0.000000 -1.611348
 77 15.128183 -0.000001 -0.000000 0.214418 -0.027533 0.774389
 78 5.758666 4.244731 -0.000000 -0.000000 0.000000 1.483530
 79 4.003935 0.000000 0.000000 0.000000 0.000000 0.000000
 80 15.708955 -0.000002 0.000000 0.153371 0.002792 0.528179
 81 0.273998 0.191090 3.439763 -3.130907 -0.000437 -1.508107
 82 17.210192 0.000001 0.000000 -0.000000 0.000000 -2.138824
 83 0.000000 -0.000000 5.000000 -0.079311 1.595025 -1.570737
time 63
  0 -0.650000 0.000000 33.191761 -0.281436 0.436358 -2.443536
  1 11.368426 6.770639 -23.418962 -0.498313 0.132926 2.346876
  2 -2.276937 0.000002 -1.238186 -1.570795 -1.570451 0.000000
  3 1.796913 0.711831 0.000424 -0.131048 -0.125498 -0.054332
  4 4.119846 -0.003010 0.000409 -0.125650 0.050393 0.384953
  5 4.118968 -0.003235 0.000388 -0.118461 0.032972 0.108975
  6 4.118588 -0.003250 0.000433 -0.132794 0.001714 -0.005230
  7 4.120728 -0.002172 -0.001820 0.543954 0.121216 0.847208
  8 4.443599 0.000003 -0.000000 0.311407 -0.485191 -0.896167
  9 9.024061 0.000001 0.000000 0.000000 0.000000 0.000000
 10 -0.209522 0.893684 1.471758 0.725361 -0.793334 1.564239
 11 6.384776 0.000000 0.000002 -0.098239 0.706996 -0.163492
 12 10.242684 -0.000000 -0.000001 -0.000000 -0.000000 -1.266179
 13 11.375562 -0.000001 0.000003 2.946159 -0.187598 -0.256412
 14 0.728681 0.023431 -1.008292 2.378939 0.417707 1.177210
 15 2.136497 -0.000000 -0.000000 0.000000 -0.000000 0.179633
 16 2.313139 0.000000 0.000000 0.000000 0.000000 0.000000
 17 3.115506 -0.886040 -0.021431 -0.163895 -0.029470 0.336219
 18 2.011151 -0.000000 0.000000 -0.000000 0.000000 0.984606
 19 2.141380 -0.000000 -0.000000 0.000000 0.000000 0.000000
 20 1.734175 0.000002 -0.000001 0.000000 0.000000 0.491707
 21 0.000005 -4.440594 -0.000001 1.570544 -0.062990 -0.195737
 22 6.000001 -0.000002 0.000003 -3.003353 0.000000 -0.000000
 23 0.000002 -4.440601 0.000001 1.569944 -0.062987 0.004053
 24 11.375563 -0.000002 0.000005 -2.454748 -0.025524 -0.200038
 25 0.000001 -4.440602 -0.000002 1.570144 -0.062988 0.004040
 26 10.510132 -0.000001 0.000000 -0.000000 -0.000000 -2.203886
 27 0.000002 -1.748402 4.999999 0.000000 0.004007 1.602290
 28 5.499999 -0.000000 0.000001 0.022905 -0.000000 -0.000000
 29 -0.000003 -1.940598 5.000001 -0.044472 0.004003 -0.000180
 30 6.551489 -0.000000 0.000000 -0.058848 0.491198 -0.164084
 31 -0.000001 -1.940599 5.000002 -0.027189 -0.053376 0.005295
 32 6.551489 -0.000000 0.000000 -0.017428 0.242303 -0.074313
 33 -0.000002 -1.940599 4.999996 -0.066572 -0.152786 -0.110311
 34 0.209525 -0.886600 -1.471758 -2.804651 1.203059 -0.363238
 35 6.384777 -0.000001 0.000002 -0.488829 -0.198155 -0.446344
 36 10.242682 0.000002 0.000001 0.000000 -0.000000 -1.871429
 37 11.375565 0.000002 0.000000 2.574987 0.084221 0.208066
 38 0.728681 0.023431 1.008292 -1.579583 -0.319038 0.212973
 39 2.136499 0.000002 -0.000002 -0.000000 0.000000 1.282817
 40 2.313137 0.000000 0.000001 0.000000 0.000000 3.141593
 41 3.115507 -0.886041 0.021431 0.708959 0.171755 0.347804
 42 2.011151 -0.000001 0.000000 0.000000 0.000000 2.082010
 43 2.141380 -0.000001 0.000000 0.000000 0.000000 3.141593
 44 1.734171 -0.000001 -0.000001 -0.000000 0.000000 1.041748
 45 0.136315 -3.738192 2.525891 1.493698 2.759406 -1.474501
 46 5.613162 0.862365 3.157031 1.595152 -0.135386 0.061522
 47 11.389367 -0.000818 0.158782 2.070618 0.078613 0.105945
 48 0.000001 -4.440599 0.000001 1.570144 -3.078602 0.004040
 49 6.000001 0.000002 0.000001 2.070618 0.000000 -0.000000
 50 0.000003 -4.440601 -0.000000 1.569944 -3.078602 0.004053
 51 10.510133 0.000001 0.000001 0.000000 0.000000 -2.506511
 52 0.000001 -1.748399 -5.000001 3.141593 0.004007 -1.539299
 53 5.500000 -0.000001 0.000002 0.160590 0.000000 0.000000
 54 -0.000001 0.000001 -5.000001 -0.044472 3.137589 -0.000177
 55 6.551492 0.000001 -0.000002 -0.160590 -0.043482 -0.209625
 56 -1.266843 -1.937443 -4.950560 -0.066572 -2.988806 -0.110308
 57 6.551492 0.000001 -0.000002 -0.160590 -0.043482 -0.209625
 58 0.699370 -1.944208 -5.006847 -0.027189 -3.088217 0.005298
 59 4.226145 -0.003201 -0.000001 0.258391 0.117704 0.412716
 60 0.000001 5.000000 0.000000 -0.153564 0.000087 2.718702
 61 0.000003 -0.000005 -3.713581 0.095503 -3.012510 -0.750673
 62 -0.000001 0.000001 5.000000 3.053197 1.558589 -0.074927
 63 -0.000009 0.000005 3.713580 -0.334411 -2.825096 -0.524885
 64 -0.000000 -0.000000 -5.000000 -0.088726 1.558589 3.066335
 65 7.363602 1.646646 0.495662 -3.141593 -1.570796 0.000000
 66 -0.000006 0.000006 3.619082 -0.528285 -2.367383 -1.007256
 67 16.573921 -0.000000 0.000002 0.000000 -0.000000 -2.019199
 68 15.128181 0.000002 -0.000001 0.031619 0.086785 -0.033197
 69 5.758666 4.244730 0.000000 0.000000 -0.000000 2.033309
 70 3.177726 0.000001 -0.000000 0.000000 0.000000 3.141593
 71 15.708952 0.000002 -0.000001 0.016155 0.048356 -0.018185
 72 0.275149 0.189215 -3.445207 3.130898 0.000409 -1.514604
 73 17.210194 -0.000001 0.000002 0.000000 0.000000 -2.322356
 74 0.000001 0.000001 -5.000000 -0.079433 1.546568 -1.570857
 75 0.000005 -0.000005 -3.619081 0.196495 -3.011952 -1.279118
 76 16.573921 0.000002 0.000001 -0.000000 -0.000000 -1.611348
 77 15.128183 -0.000001 -0.000000 0.214418 -0.027533 0.774389
 78 5.758666 4.244731 -0.000000 -0.000000 0.000000 1.483530
 79 4.003935 0.000000 0.000000 0.000000 0.000000 0.000000
 80 15.708955 -0.000002 0.000000 0.153371 0.002792 0.528179
 81 0.273998 0.191090 3.439763 -3.130907 -0.000437 -1.508107
 82 17.210192 0.000001 0.000000 -0.000000 0.000000 -2.138824
 83 0.000000 -0.000000 5.000000 -0.079311 1.595025 -1.570737
time 64
  0 -0.650000 0.000000 33.191761 -0.281436 0.436358 -2.443536
  1 11.368426 6.770639 -23.418962 -0.498313 0.132926 2.346876
  2 -2.276937 0.000002 -1.238186 -1.570795 -1.570451 0.000000
  3 1.796817 0.711846 0.000475 -0.148140 -0.162594 -0.077467
  4 4.119821 -0.003013 0.000451 -0.138303 0.063043 0.374985
  5 4.118939 -0.003232 0.000431 -0.131380 0.048240 0.098233
  6 4.118560 -0.003244 0.000476 -0.145713 0.009240 -0.014632
  7 4.120720 -0.002174 -0.001819 0.544882 0.122030 0.845851
  8 4.443599 -0.000001 0.000000 0.472177 -0.479627 -0.882048
  9 9.024062 0.000001 0.000000 0.000000 0.000000 0.000000
 10 -0.210922 0.894955 1.470784 0.745835 -0.761803 1.541304
 11 6.384777 -0.000001 0.000001 -0.204323 0.646050 -0.041259
 12 10.242682 -0.000000 -0.000000 0.000000 0.000000 -1.397799
 13 11.375563 0.000001 0.000001 2.935968 -0.156204 -0.293974
 14 0.728680 0.023430 -1.008292 2.381813 0.391042 1.177906
 15 2.136494 -0.000001 0.000002 0.000000 -0.000000 0.139310
 16 2.313142 0.000000 -0.000001 0.000000 0.000000 0.000000
 17 3.115506 -0.886041 -0.021431 -0.164653 -0.024844 0.364135
 18 2.011153 0.000002 -0.000000 -0.000000 0.000000 1.040404
 19 2.141380 -0.000000 0.000000 0.000000 0.000000 0.000000
 20 1.734175 0.000002 -0.000001 -0.000000 0.000000 0.519491
 21 0.000006 -4.440594 -0.000001 1.570544 -0.062990 -0.195737
 22 6.000000 -0.000002 0.000002 -3.015318 0.000000 0.000000
 23 0.000002 -4.440600 0.000000 1.569944 -0.062987 0.004053
 24 11.375563 -0.000000 0.000004 -2.461305 0.003763 -0.211060
 25 0.000001 -4.440602 -0.000001 1.570144 -0.062988 0.004040
 26 10.510128 -0.000001 -0.000000 -0.000000 -0.000000 -2.269696
 27 0.000002 -1.748400 5.000000 0.000000 0.004007 1.602291
 28 5.499998 -0.000001 0.000001 0.093836 -0.000000 0.000000
 29 -0.000005 -1.940599 5.000002 -0.044472 0.004003 -0.000180
 30 6.551489 -0.000000 0.000001 -0.164139 0.485034 0.011626
 31 0.000000 -1.940599 5.000003 -0.027189 -0.053376 0.005295
 32 6.551489 -0.000000 0.000001 -0.078976 0.237999 0.015691
 33 0.000001 -1.940599 4.999995 -0.066572 -0.152786 -0.110311
 34 0.210925 -0.887879 -1.470785 -2.914558 1.208231 -0.484730
 35 6.384776 0.000001 -0.000002 -0.466646 -0.237704 -0.605205
 36 10.242682 -0.000001 0.000000 -0.000000 0.000000 -1.691552
 37 11.375560 -0.000001 -0.000002 2.432931 0.251031 0.007270
 38 0.728681 0.023431 1.008292 -1.579583 -0.319038 0.212973
 39 2.136496 -0.000003 0.000000 -0.000000 0.000000 1.282817
 40 2.313139 -0.000001 0.000000 0.000000 0.000000 3.141593
 41 3.115507 -0.886042 0.021433 0.708959 0.171755 0.347804
 42 2.011150 0.000000 0.000000 -0.000000 0.000000 2.082010
 43 2.141381 0.000001 -0.000000 0.000000 0.000000 3.141593
 44 1.734173 -0.000002 -0.000001 -0.000000 0.000000 1.041748
 45 0.136315 -3.738192 2.525891 1.493698 2.759406 -1.474501
 46 5.613161 0.862365 3.157032 1.595152 -0.135386 0.061522
 47 11.389367 -0.000819 0.158779 1.997106 0.141491 -0.027524
 48 0.000001 -4.440599 0.000001 1.570144 -3.078602 0.004040
 49 6.000000 0.000001 -0.000002 1.997106 0.000000 0.000000
 50 0.000004 -4.440601 -0.000001 1.569944 -3.078603 0.004053
 51 10.510133 0.000003 -0.000001 -0.000000 -0.000000 -2.416572
 52 0.000001 -1.748400 -5.000000 3.141593 0.004007 -1.539299
 53 5.500001 -0.000000 0.000000 0.159063 0.000000 0.000000
 54 -0.000000 -0.000001 -5.000000 -0.044472 3.137589 -0.000177
 55 6.551491 0.000001 -0.000003 -0.159063 -0.041307 -0.236075
 56 -1.266844 -1.937439 -4.950562 -0.066572 -2.988806 -0.110308
 57 6.551491 0.000001 -0.000004 -0.159063 -0.041307 -0.236075
 58 0.699370 -1.944206 -5.006848 -0.027189 -3.088217 0.005298
 59 4.226147 -0.003202 -0.000001 0.258774 0.118099 0.412043
 60 -0.000000 4.999999 0.000000 -0.153564 0.000087 2.718702
 61 0.000003 -0.000005 -3.713581 0.095503 -3.012510 -0.750673
 62 -0.000001 0.000001 5.000000 3.053197 1.558589 -0.074927
 63 -0.000009 0.000005 3.713580 -0.334411 -2.825096 -0.524885
 64 -0.000000 -0.000000 -5.000000 -0.088726 1.558589 3.066335
 65 7.363602 1.646646 0.495662 -3.141593 -1.570796 0.000000
 66 -0.000006 0.000006 3.619082 -0.528285 -2.367383 -1.007256
 67 16.573921 -0.000000 0.000002 0.000000 -0.000000 -2.019199
 68 15.128181 0.000002 -0.000001 0.031619 0.086785 -0.033197
 69 5.758666 4.244730 0.000000 0.000000 -0.000000 2.033309
 70 3.177726 0.000001 -0.000000 0.000000 0.000000 3.141593
 71 15.708952 0.000002 -0.000001 0.016155 0.048356 -0.018185
 72 0.275149 0.189215 -3.445207 3.130898 0.000409 -1.514604
 73 17.210194 -0.000001 0.000002 0.000000 0.000000 -2.322356
 74 0.000001 0.000001 -5.000000 -0.079433 1.546568 -1.570857
 75 0.000005 -0.000005 -3.619081 0.196495 -3.011952 -1.279118
 76 16.573921 0.000002 0.000001 -0.000000 -0.000000 -1.611348
 77 15.128183 -0.000001 -0.000000 0.214418 -0.027533 0.774389
 78 5.758666 4.244731 -0.000000 -0.000000 0.000000 1.483530
 79 4.003935 0.000000 0.000000 0.000000 0.000000 0.000000
 80 15.708955 -0.000002 0.000000 0.153371 0.002792 0.528179
 81 0.273998 0.191090 3.439763 -3.130907 -0.000437 -1.508107
 82 17.210192 0.000001 0.000000 -0.000000 0.000000 -2.138824
 83 0.000000 -0.000000 5.000000 -0.079311 1.595025 -1.570737
time 65
  0 -0.650000 0.000000 33.191761 -0.281436 0.436358 -2.443536
  1 11.368426 6.770639 -23.418962 -0.498313 0.132926 2.346876
  2 -2.276937 0.000002 -1.238186 -1.570795 -1.570451 0.000000
  3 1.796637 0.711881 0.000552 -0.173571 -0.206956 -0.122367
  4 4.119770 -0.003017 0.000524 -0.160158 0.078150 0.357755
  5 4.118896 -0.003228 0.000501 -0.153756 0.063761 0.080146
  6 4.118513 -0.003234 0.000547 -0.167887 0.015651 -0.030690
  7 4.120717 -0.002178 -0.001822 0.545810 0.122846 0.844495
  8 4.443599 0.000002 0.000000 0.650554 -0.480244 -0.801264
  9 9.024062 0.000000 0.000001 0.000000 0.000000 0.000000
 10 -0.212324 0.896232 1.469810 0.764694 -0.727469 1.520670
 11 6.384778 -0.000001 -0.000002 -0.207680 0.650787 0.265398
 12 10.242684 -0.000001 0.000000 -0.000000 0.000000 -1.716622
 13 11.375562 -0.000000 0.000002 3.055588 -0.189534 -0.351291
 14 0.728680 0.023430 -1.008290 2.384477 0.365893 1.178481
 15 2.136498 -0.000000 -0.000000 0.000000 -0.000000 0.101281
 16 2.313140 -0.000000 -0.000001 0.000000 0.000000 0.000000
 17 3.115506 -0.886040 -0.021431 -0.165249 -0.020463 0.390457
 18 2.011150 -0.000000 0.000000 -0.000000 -0.000000 1.091212
 19 2.141381 -0.000001 0.000000 0.000000 0.000000 0.000000
 20 1.734173 0.000002 -0.000001 0.000000 0.000000 0.544820
 21 0.000004 -4.440595 -0.000000 1.570544 -0.062990 -0.195737
 22 6.000001 -0.000002 0.000002 -2.905121 0.000000 -0.000000
 23 0.000002 -4.440601 0.000000 1.569944 -0.062987 0.004053
 24 11.375563 -0.000002 0.000006 -2.402794 -0.007854 -0.243841
 25 0.000001 -4.440603 0.000001 1.570144 -0.062988 0.004040
 26 10.510130 -0.000002 0.000001 -0.000000 -0.000000 -2.429108
 27 0.000001 -1.748401 4.999998 -0.000000 0.004007 1.602291
 28 5.500000 -0.000001 0.000002 0.103000 -0.000000 -0.000000
 29 -0.000001 -1.940599 5.000001 -0.044472 0.004003 -0.000180
 30 6.551490 0.000001 -0.000001 -0.151381 0.487320 0.285544
 31 -0.000002 -1.940599 5.000000 -0.027189 -0.053376 0.005295
 32 6.551490 0.000001 -0.000001 -0.089321 0.231148 0.143655
 33 -0.000001 -1.940598 4.999999 -0.066572 -0.152786 -0.110311
 34 0.212328 -0.889152 -1.469809 -3.044982 1.208150 -0.628659
 35 6.384778 0.000001 -0.000003 -0.432534 -0.358909 -0.780592
 36 10.242682 0.000001 0.000001 0.000000 0.000000 -1.435766
 37 11.375561 0.000000 -0.000003 2.058314 0.419102 -0.380244
 38 0.728680 0.023429 1.008294 -1.579583 -0.319038 0.212973
 39 2.136496 -0.000001 -0.000000 -0.000000 0.000000 1.282817
 40 2.313138 -0.000001 -0.000000 0.000000 0.000000 3.141593
 41 3.115506 -0.886042 0.021432 0.708959 0.171755 0.347804
 42 2.011151 -0.000001 -0.000001 -0.000000 0.000000 2.082010
 43 2.141380 0.000000 -0.000001 0.000000 0.000000 3.141593
 44 1.734172 -0.000002 -0.000002 -0.000000 -0.000000 1.041748
 45 0.136315 -3.738194 2.525889 1.493698 2.759406 -1.474501
 46 5.613161 0.862365 3.157032 1.595152 -0.135386 0.061522
 47 11.389364 -0.000820 0.158778 1.825057 0.197029 -0.223973
 48 0.000002 -4.440598 -0.000000 1.570144 -3.078602 0.004040
 49 6.000000 0.000001 -0.000001 1.825057 0.000000 -0.000000
 50 0.000003 -4.440602 -0.000000 1.569944 -3.078603 0.004053
 51 10.510132 0.000002 0.000000 -0.000000 0.000000 -2.288679
 52 0.000001 -1.748398 -5.000001 3.141593 0.004007 -1.539299
 53 5.500000 0.000002 -0.000000 0.161468 0.000000 -0.000000
 54 0.000000 -0.000002 -4.999999 -0.044472 3.137590 -0.000177
 55 6.551492 0.000000 -0.000004 -0.161468 -0.065850 -0.259665
 56 -1.266844 -1.937443 -4.950561 -0.066572 -2.988806 -0.110308
 57 6.551492 0.000000 -0.000004 -0.161468 -0.065850 -0.259665
 58 0.699369 -1.944207 -5.006848 -0.027189 -3.088217 0.005298
 59 4.226148 -0.003202 0.000001 0.259157 0.118495 0.411369
 60 -0.000000 5.000003 0.000001 -0.153564 0.000087 2.718702
 61 0.000003 -0.000005 -3.713581 0.095503 -3.012510 -0.750673
 62 -0.000001 0.000001 5.000000 3.053197 1.558589 -0.074927
 63 -0.000009 0.000005 3.713580 -0.334411 -2.825096 -0.524885
 64 -0.000000 -0.000000 -5.000000 -0.088726 1.558589 3.066335
 65 7.363602 1.646646 0.495662 -3.141593 -1.570796 0.000000
 66 -0.000006 0.000006 3.619082 -0.528285 -2.367383 -1.007256
 67 16.573921 -0.000000 0.000002 0.000000 -0.000000 -2.019199
 68 15.128181 0.000002 -0.000001 0.031619 0.086785 -0.033197
 69 5.758666 4.244730 0.000000 0.000000 -0.000000 2.033309
 70 3.177726 0.000001 -0.000000 0.000000 0.000000 3.141593
 71 15.708952 0.000002 -0.000001 0.016155 0.048356 -0.018185
 72 0.275149 0.189215 -3.445207 3.130898 0.000409 -1.514604
 73 17.210194 -0.000001 0.000002 0.000000 0.000000 -2.322356
 74 0.000001 0.000001 -5.000000 -0.079433 1.546568 -1.570857
 75 0.000005 -0.000005 -3.619081 0.196495 -3.011952 -1.279118
 76 16.573921 0.000002 0.000001 -0.000000 -0.000000 -1.611348
 77 15.128183 -0.000001 -0.000000 0.214418 -0.027533 0.774389
 78 5.758666 4.244731 -0.000000 -0.000000 0.000000 1.483530
 79 4.003935 0.000000 0.000000 0.000000 0.000000 0.000000
 80 15.708955 -0.000002 0.000000 0.153371 0.002792 0.528179
 81 0.273998 0.191090 3.439763 -3.130907 -0.000437 -1.508107
 82 17.210192 0.000001 0.000000 -0.000000 0.000000 -2.138824
 83 0.000000 -0.000000 5.000000 -0.079311 1.595025 -1.570737
time 66
  0 -0.650000 0.000000 33.191761 -0.281436 0.436358 -2.443536
  1 11.368426 6.770639 -23.418962 -0.498313 0.132926 2.346876
  2 -2.276937 0.000002 -1.238186 -1.570795 -1.570451 0.000000
  3 1.796419 0.711936 0.000614 -0.195460 -0.254718 -0.177495
  4 4.119722 -0.003026 0.000591 -0.181429 0.092364 0.337683
  5 4.118839 -0.003220 0.000570 -0.175403 0.078850 0.059227
  6 4.118457 -0.003218 0.000616 -0.189074 0.021593 -0.049438
  7 4.120709 -0.002181 -0.001826 0.546737 0.123662 0.843140
  8 4.443599 0.000000 0.000000 0.813730 -0.486326 -0.685427
  9 9.024058 0.000001 0.000000 0.000000 0.000000 0.000000
 10 -0.213730 0.897504 1.468834 0.782207 -0.691146 1.502088
 11 6.384776 -0.000001 0.000005 0.125034 0.712605 0.831919
 12 10.242682 -0.000001 -0.000000 -0.000000 -0.000000 -2.009678
 13 11.375563 -0.000001 0.000003 -3.071350 -0.268775 -0.558856
 14 0.728680 0.023429 -1.008292 2.386992 0.341805 1.178960
 15 2.136495 0.000000 -0.000001 0.000000 -0.000000 0.064858
 16 2.313142 -0.000000 0.000001 0.000000 0.000000 0.000000
 17 3.115507 -0.886043 -0.021431 -0.165712 -0.016254 0.415662
 18 2.011149 -0.000000 0.000000 0.000000 -0.000000 1.138526
 19 2.141379 0.000000 0.000001 0.000000 0.000000 0.000000
 20 1.734172 0.000001 -0.000000 0.000000 0.000000 0.568437
 21 0.000008 -4.440594 0.000001 1.570544 -0.062990 -0.195737
 22 6.000000 -0.000002 0.000003 -2.777241 -0.000000 -0.000000
 23 0.000002 -4.440600 -0.000001 1.569944 -0.062987 0.004053
 24 11.375563 -0.000001 0.000005 -2.332705 -0.016091 -0.350990
 25 0.000002 -4.440602 0.000000 1.570144 -0.062988 0.004040
 26 10.510128 -0.000001 0.000000 0.000000 -0.000000 -2.575635
 27 0.000002 -1.748402 4.999998 -0.000000 0.004007 1.602291
 28 5.499997 -0.000001 0.000002 0.036437 -0.000000 -0.000000
 29 -0.000003 -1.940598 5.000001 -0.044472 0.004003 -0.000180
 30 6.551491 -0.000000 0.000003 -0.006132 0.495805 0.517604
 31 -0.000000 -1.940600 5.000003 -0.027189 -0.053376 0.005295
 32 6.551491 -0.000000 0.000003 -0.036025 0.235231 0.238515
 33 -0.000000 -1.940599 4.999998 -0.066572 -0.152786 -0.110311
 34 0.213732 -0.890426 -1.468832 3.127109 1.202612 -0.750868
 35 6.384776 -0.000000 0.000001 -0.439657 -0.526665 -0.861193
 36 10.242683 0.000001 0.000001 -0.000000 -0.000000 -1.262571
 37 11.375563 -0.000000 -0.000001 1.680131 0.391717 -0.729826
 38 0.728680 0.023432 1.008292 -1.579583 -0.319038 0.212973
 39 2.136497 0.000001 -0.000000 0.000000 -0.000000 1.282817
 40 2.313138 0.000000 -0.000000 0.000000 0.000000 3.141593
 41 3.115507 -0.886040 0.021430 0.708959 0.171755 0.347804
 42 2.011150 0.000001 0.000001 -0.000000 0.000000 2.082010
 43 2.141379 -0.000000 0.000001 0.000000 0.000000 3.141593
 44 1.734172 -0.000002 -0.000001 -0.000000 0.000000 1.041748
 45 0.136315 -3.738191 2.525892 1.493698 2.759406 -1.474501
 46 5.613160 0.862366 3.157032 1.595152 -0.135386 0.061522
 47 11.389368 -0.000819 0.158781 1.657305 0.189913 -0.362844
 48 0.000002 -4.440598 0.000001 1.570144 -3.078602 0.004040
 49 6.000000 0.000001 -0.000001 1.657305 -0.000000 0.000000
 50 0.000002 -4.440601 0.000000 1.569944 -3.078603 0.004053
 51 10.510132 0.000002 0.000001 -0.000000 -0.000000 -2.202082
 52 -0.000000 -1.748399 -5.000002 3.141593 0.004007 -1.539299
 53 5.499999 0.000003 0.000000 0.177677 0.000000 0.000000
 54 -0.000001 -0.000000 -5.000001 -0.044472 3.137589 -0.000177
 55 6.551492 0.000001 -0.000003 -0.177677 -0.107566 -0.268070
 56 -1.266843 -1.937442 -4.950558 -0.066572 -2.988806 -0.110308
 57 6.551492 0.000001 -0.000003 -0.177677 -0.107566 -0.268070
 58 0.699371 -1.944206 -5.006846 -0.027189 -3.088217 0.005298
 59 4.226144 -0.003202 -0.000000 0.259540 0.118891 0.410696
 60 0.000003 5.000000 0.000000 -0.153564 0.000087 2.718702
 61 0.000003 -0.000005 -3.713581 0.095503 -3.012510 -0.750673
 62 -0.000001 0.000001 5.000000 3.053197 1.558589 -0.074927
 63 -0.000009 0.000005 3.713580 -0.334411 -2.825096 -0.524885
 64 -0.000000 -0.000000 -5.000000 -0.088726 1.558589 3.066335
 65 7.363602 1.646646 0.495662 -3.141593 -1.570796 0.000000
 66 -0.000006 0.000006 3.619082 -0.528285 -2.367383 -1.007256
 67 16.573921 -0.000000 0.000002 0.000000 -0.000000 -2.019199
 68 15.128181 0.000002 -0.000001 0.031619 0.086785 -0.033197
 69 5.758666 4.244730 0.000000 0.000000 -0.000000 2.033309
 70 3.177726 0.000001 -0.000000 0.000000 0.000000 3.141593
 71 15.708952 0.000002 -0.000001 0.016155 0.048356 -0.018185
 72 0.275149 0.189215 -3.445207 3.130898 0.000409 -1.514604
 73 17.210194 -0.000001 0.000002 0.000000 0.000000 -2.322356
 74 0.000001 0.000001 -5.000000 -0.079433 1.546568 -1.570857
 75 0.000005 -0.000005 -3.619081 0.196495 -3.011952 -1.279118
 76 16.573921 0.000002 0.000001 -0.000000 -0.000000 -1.611348
 77 15.128183 -0.000001 -0.000000 0.214418 -0.027533 0.774389
 78 5.758666 4.244731 -0.000000 -0.000000 0.000000 1.483530
 79 4.003935 0.000000 0.000000 0.000000 0.000000 0.000000
 80 15.708955 -0.000002 0.000000 0.153371 0.002792 0.528179
 81 0.273998 0.191090 3.439763 -3.130907 -0.000437 -1.508107
 82 17.210192 0.000001 0.000000 -0.000000 0.000000 -2.138824
 83 0.000000 -0.000000 5.000000 -0.079311 1.595025 -1.570737
time 67
  0 -0.650000 0.000000 33.191761 -0.281436 0.436358 -2.443536
  1 11.368426 6.770639 -23.418962 -0.498313 0.132926 2.346876
  2 -2.276937 0.000002 -1.238186 -1.570795 -1.570451 0.000000
  3 1.796215 0.711994 0.000630 -0.203084 -0.300471 -0.232282
  4 4.119676 -0.003036 0.000622 -0.192060 0.102863 0.319602
  5 4.118791 -0.003218 0.000603 -0.185960 0.093385 0.040330
  6 4.118409 -0.003209 0.000647 -0.199011 0.028208 -0.066809
  7 4.120700 -0.002184 -0.001827 0.547662 0.124480 0.841786
  8 4.443600 -0.000002 0.000001 0.931972 -0.486828 -0.568261
  9 9.024062 0.000001 -0.000001 0.000000 0.000000 0.000000
 10 -0.215133 0.898767 1.467856 0.798649 -0.653631 1.485251
 11 6.384777 0.000000 -0.000000 0.481836 0.677900 1.312856
 12 10.242685 0.000000 -0.000001 -0.000000 -0.000000 -2.063662
 13 11.375563 -0.000001 0.000002 -3.053605 -0.215572 -0.722209
 14 0.728681 0.023429 -1.008292 2.389411 0.318322 1.179362
 15 2.136500 0.000000 -0.000001 -0.000000 -0.000000 0.029353
 16 2.313137 -0.000000 -0.000000 0.000000 0.000000 0.000000
 17 3.115507 -0.886043 -0.021432 -0.166061 -0.012141 0.440230
 18 2.011149 -0.000001 -0.000000 0.000000 0.000000 1.183844
 19 2.141382 0.000000 0.000000 0.000000 0.000000 0.000000
 20 1.734174 0.000002 -0.000000 -0.000000 0.000000 0.591085
 21 0.000006 -4.440594 -0.000001 1.570544 -0.062990 -0.195737
 22 6.000000 -0.000002 0.000003 -2.772744 -0.000000 -0.000000
 23 0.000002 -4.440601 0.000001 1.569944 -0.062987 0.004053
 24 11.375563 -0.000001 0.000005 -2.327941 0.041543 -0.410722
 25 0.000002 -4.440603 -0.000002 1.570144 -0.062988 0.004040
 26 10.510131 0.000001 -0.000001 0.000000 -0.000000 -2.602627
 27 0.000000 -1.748398 4.999997 0.000000 0.004007 1.602291
 28 5.500001 -0.000001 0.000001 -0.038363 -0.000000 -0.000000
 29 0.000000 -1.940599 5.000002 -0.044472 0.004003 -0.000180
 30 6.551491 0.000001 -0.000000 0.176111 0.565318 0.742388
 31 0.000001 -1.940599 5.000002 -0.027189 -0.053376 0.005295
 32 6.551491 0.000001 -0.000000 0.022058 0.272074 0.310620
 33 0.000001 -1.940598 4.999996 -0.066572 -0.152786 -0.110311
 34 0.215138 -0.891693 -1.467855 3.081713 1.198495 -0.799713
 35 6.384777 0.000001 -0.000000 -0.560449 -0.653738 -0.777900
 36 10.242682 0.000000 0.000002 0.000000 0.000000 -1.269491
 37 11.375561 -0.000000 -0.000002 1.588778 0.317816 -0.784931
 38 0.728681 0.023430 1.008293 -1.579583 -0.319038 0.212973
 39 2.136496 -0.000001 -0.000001 0.000000 0.000000 1.282817
 40 2.313140 0.000000 -0.000000 0.000000 0.000000 3.141593
 41 3.115507 -0.886042 0.021430 0.708959 0.171755 0.347804
 42 2.011151 -0.000001 0.000001 -0.000000 0.000000 2.082010
 43 2.141380 0.000000 -0.000001 0.000000 0.000000 3.141593
 44 1.734172 -0.000002 0.000001 0.000000 0.000000 1.041748
 45 0.136314 -3.738192 2.525892 1.493698 2.759406 -1.474501
 46 5.613161 0.862365 3.157030 1.595152 -0.135386 0.061522
 47 11.389364 -0.000820 0.158779 1.607990 0.160658 -0.386163
 48 0.000001 -4.440600 0.000000 1.570144 -3.078602 0.004040
 49 6.000000 0.000001 -0.000001 1.607991 0.000000 -0.000000
 50 0.000003 -4.440601 -0.000000 1.569944 -3.078603 0.004053
 51 10.510132 0.000001 0.000001 -0.000000 -0.000000 -2.205542
 52 0.000000 -1.748400 -5.000001 3.141593 0.004007 -1.539299
 53 5.499999 0.000001 0.000000 0.211180 -0.000000 -0.000000
 54 -0.000000 -0.000003 -5.000000 -0.044472 3.137589 -0.000177
 55 6.551492 0.000002 -0.000004 -0.211180 -0.138213 -0.255615
 56 -1.266844 -1.937442 -4.950557 -0.066572 -2.988806 -0.110308
 57 6.551492 0.000001 -0.000003 -0.211180 -0.138213 -0.255615
 58 0.699370 -1.944206 -5.006844 -0.027189 -3.088217 0.005298
 59 4.226144 -0.003202 -0.000001 0.259922 0.119287 0.410022
 60 -0.000001 5.000002 0.000001 -0.153564 0.000087 2.718702
 61 0.000003 -0.000005 -3.713581 0.095503 -3.012510 -0.750673
 62 -0.000001 0.000001 5.000000 3.053197 1.558589 -0.074927
 63 -0.000009 0.000005 3.713580 -0.334411 -2.825096 -0.524885
 64 -0.000000 -0.000000 -5.000000 -0.088726 1.558589 3.066335
 65 7.363602 1.646646 0.495662 -3.141593 -1.570796 0.000000
 66 -0.000006 0.000006 3.619082 -0.528285 -2.367383 -1.007256
 67 16.573921 -0.000000 0.000002 0.000000 -0.000000 -2.019199
 68 15.128181 0.000002 -0.000001 0.031619 0.086785 -0.033197
 69 5.758666 4.244730 0.000000 0.000000 -0.000000 2.033309
 70 3.177726 0.000001 -0.000000 0.000000 0.000000 3.141593
 71 15.708952 0.000002 -0.000001 0.016155 0.048356 -0.018185
 72 0.275149 0.189215 -3.445207 3.130898 0.000409 -1.514604
 73 17.210194 -0.000001 0.000002 0.000000 0.000000 -2.322356
 74 0.000001 0.000001 -5.000000 -0.079433 1.546568 -1.570857
 75 0.000005 -0.000005 -3.619081 0.196495 -3.011952 -1.279118
 76 16.573921 0.000002 0.000001 -0.000000 -0.000000 -1.611348
 77 15.128183 -0.000001 -0.000000 0.214418 -0.027533 0.774389
 78 5.758666 4.244731 -0.000000 -0.000000 0.000000 1.483530
 79 4.003935 0.000000 0.000000 0.000000 0.000000 0.000000
 80 15.708955 -0.000002 0.000000 0.153371 0.002792 0.528179
 81 0.273998 0.191090 3.439763 -3.130907 -0.000437 -1.508107
 82 17.210192 0.000001 0.000000 -0.000000 0.000000 -2.138824
 83 0.000000 -0.000000 5.000000 -0.079311 1.595025 -1.570737
time 68
  0 -0.650000 0.000000 33.191761 -0.281436 0.436358 -2.443536
  1 11.368426 6.770639 -23.418962 -0.498313 0.132926 2.346876
  2 -2.276937 0.000002 -1.238186 -1.570795 -1.570451 0.000000
  3 1.796071 0.712030 0.000573 -0.187102 -0.337552 -0.276679
  4 4.119644 -0.003054 0.000590 -0.181787 0.107244 0.308570
  5 4.118757 -0.003227 0.000567 -0.174898 0.107685 0.028630
  6 4.118372 -0.003214 0.000611 -0.187419 0.037040 -0.078597
  7 4.120701 -0.002187 -0.001831 0.548587 0.125299 0.840432
  8 4.443599 -0.000001 -0.000000 0.982617 -0.462996 -0.489293
  9 9.024063 0.000001 -0.000000 0.000000 0.000000 0.000000
 10 -0.216544 0.900033 1.466877 0.814266 -0.615704 1.469824
 11 6.384777 0.000000 0.000003 0.735734 0.606890 1.611950
 12 10.242682 0.000001 -0.000000 0.000000 0.000000 -2.077901
 13 11.375562 0.000002 0.000000 -3.045723 -0.104632 -0.826264
 14 0.728682 0.023431 -1.008292 2.391787 0.294991 1.179699
 15 2.136497 -0.000001 -0.000001 -0.000000 0.000000 -0.005923
 16 2.313141 0.000001 -0.000000 0.000000 0.000000 0.000000
 17 3.115508 -0.886042 -0.021431 -0.166307 -0.008047 0.464636
 18 2.011151 0.000001 0.000000 -0.000000 -0.000000 1.228662
 19 2.141380 0.000000 0.000000 0.000000 0.000000 0.000000
 20 1.734174 0.000002 -0.000000 0.000000 0.000000 0.613510
 21 0.000006 -4.440595 0.000001 1.570544 -0.062990 -0.195737
 22 6.000000 0.000000 0.000002 -2.767166 0.000000 -0.000000
 23 0.000001 -4.440600 0.000001 1.569944 -0.062987 0.004053
 24 11.375562 -0.000002 0.000004 -2.318176 0.115476 -0.432917
 25 0.000002 -4.440604 -0.000001 1.570144 -0.062988 0.004040
 26 10.510130 0.000000 -0.000001 0.000000 -0.000000 -2.609747
 27 0.000002 -1.748401 4.999999 0.000000 0.004007 1.602291
 28 5.500000 -0.000002 0.000001 -0.112783 -0.000000 0.000000
 29 -0.000003 -1.940598 5.000000 -0.044472 0.004003 -0.000180
 30 6.551492 0.000001 0.000002 0.406969 0.630920 1.039823
 31 -0.000001 -1.940598 5.000003 -0.027189 -0.053376 0.005295
 32 6.551492 0.000001 0.000002 0.075262 0.309984 0.378952
 33 0.000001 -1.940599 4.999997 -0.066572 -0.152786 -0.110311
 34 0.216547 -0.892960 -1.466876 2.996363 1.188709 -0.893551
 35 6.384777 -0.000001 0.000003 -0.726813 -0.777987 -0.488303
 36 10.242682 0.000001 0.000001 -0.000000 0.000000 -1.356819
 37 11.375561 -0.000001 -0.000003 1.491232 0.153531 -0.799180
 38 0.728680 0.023430 1.008291 -1.579583 -0.319038 0.212973
 39 2.136497 0.000000 0.000000 0.000000 0.000000 1.282817
 40 2.313137 -0.000000 -0.000001 0.000000 0.000000 3.141593
 41 3.115507 -0.886041 0.021430 0.708959 0.171755 0.347804
 42 2.011152 0.000000 -0.000002 -0.000000 0.000000 2.082010
 43 2.141379 0.000001 0.000000 0.000000 0.000000 3.141593
 44 1.734171 -0.000001 0.000000 -0.000000 0.000000 1.041748
 45 0.136314 -3.738194 2.525889 1.493698 2.759406 -1.474501
 46 5.613162 0.862366 3.157030 1.595152 -0.135386 0.061522
 47 11.389367 -0.000821 0.158779 1.543991 0.087909 -0.395995
 48 0.000001 -4.440600 0.000001 1.570144 -3.078602 0.004040
 49 6.000002 0.000001 -0.000001 1.543991 -0.000000 0.000000
 50 0.000002 -4.440601 0.000000 1.569944 -3.078603 0.004053
 51 10.510132 0.000001 0.000001 -0.000000 -0.000000 -2.249206
 52 0.000001 -1.748399 -5.000002 -3.141593 0.004007 -1.539299
 53 5.500000 0.000001 0.000000 0.225153 0.000000 0.000000
 54 0.000000 0.000000 -5.000000 -0.044472 3.137589 -0.000177
 55 6.551492 -0.000000 -0.000001 -0.225153 -0.210841 -0.197572
 56 -1.266843 -1.937444 -4.950557 -0.066572 -2.988806 -0.110308
 57 6.551492 -0.000000 -0.000000 -0.225153 -0.210841 -0.197572
 58 0.699371 -1.944206 -5.006846 -0.027189 -3.088217 0.005298
 59 4.226147 -0.003202 -0.000000 0.260304 0.119684 0.409348
 60 -0.000002 5.000000 -0.000000 -0.153564 0.000087 2.718702
 61 0.000003 -0.000005 -3.713581 0.095503 -3.012510 -0.750673
 62 -0.000001 0.000001 5.000000 3.053197 1.558589 -0.074927
 63 -0.000009 0.000005 3.713580 -0.334411 -2.825096 -0.524885
 64 -0.000000 -0.000000 -5.000000 -0.088726 1.558589 3.066335
 65 7.363602 1.646646 0.495662 -3.141593 -1.570796 0.000000
 66 -0.000006 0.000006 3.619082 -0.528285 -2.367383 -1.007256
 67 16.573921 -0.000000 0.000002 0.000000 -0.000000 -2.019199
 68 15.128181 0.000002 -0.000001 0.031619 0.086785 -0.033197
 69 5.758666 4.244730 0.000000 0.000000 -0.000000 2.033309
 70 3.177726 0.000001 -0.000000 0.000000 0.000000 3.141593
 71 15.708952 0.000002 -0.000001 0.016155 0.048356 -0.018185
 72 0.275149 0.189215 -3.445207 3.130898 0.000409 -1.514604
 73 17.210194 -0.000001 0.000002 0.000000 0.000000 -2.322356
 74 0.000001 0.000001 -5.000000 -0.079433 1.546568 -1.570857
 75 0.000005 -0.000005 -3.619081 0.196495 -3.011952 -1.279118
 76 16.573921 0.000002 0.000001 -0.000000 -0.000000 -1.611348
 77 15.128183 -0.000001 -0.000000 0.214418 -0.027533 0.774389
 78 5.758666 4.244731 -0.000000 -0.000000 0.000000 1.483530
 79 4.003935 0.000000 0.000000 0.000000 0.000000 0.000000
 80 15.708955 -0.000002 0.000000 0.153371 0.002792 0.528179
 81 0.273998 0.191090 3.439763 -3.130907 -0.000437 -1.508107
 82 17.210192 0.000001 0.000000 -0.000000 0.000000 -2.138824
 83 0.000000 -0.000000 5.000000 -0.079311 1.595025 -1.570737
time 69
  0 -0.650000 0.000000 33.191761 -0.281436 0.436358 -2.443536
  1 11.368426 6.770639 -23.418962 -0.498313 0.132926 2.346876
  2 -2.276937 0.000002 -1.238186 -1.570795 -1.570451 0.000000
  3 1.796101 0.711977 0.000265 -0.086808 -0.342685 -0.296105
  4 4.119657 -0.003092 0.000296 -0.090627 0.087700 0.320166
  5 4.118770 -0.003264 0.000260 -0.079287 0.120981 0.042200
  6 4.118390 -0.003259 0.000300 -0.092194 0.054324 -0.071525
  7 4.120690 -0.002189 -0.001832 0.549510 0.126120 0.839079
  8 4.443600 -0.000000 -0.000000 0.789238 -0.376532 -0.585025
  9 9.024063 0.000000 0.000000 0.000000 0.000000 0.000000
 10 -0.217952 0.901295 1.465896 0.829258 -0.578129 1.455450
 11 6.384778 -0.000000 0.000000 0.379662 0.739781 0.880692
 12 10.242685 0.000000 -0.000001 0.000000 0.000000 -2.015903
 13 11.375562 -0.000001 -0.000001 3.019408 0.084624 -0.278370
 14 0.728681 0.023429 -1.008291 2.394170 0.271355 1.179980
 15 2.136497 -0.000000 0.000001 -0.000000 -0.000000 -0.041658
 16 2.313141 0.000001 -0.000001 0.000000 0.000000 0.000000
 17 3.115506 -0.886043 -0.021431 -0.166455 -0.003895 0.489357
 18 2.011151 -0.000002 0.000000 0.000000 0.000000 1.274479
 19 2.141381 0.000001 -0.000000 0.000000 0.000000 0.000000
 20 1.734176 0.000002 -0.000001 0.000000 0.000000 0.636462
 21 0.000007 -4.440595 -0.000001 1.570544 -0.062990 -0.195737
 22 6.000000 -0.000002 0.000001 -2.934762 -0.000000 -0.000000
 23 0.000002 -4.440601 0.000001 1.569944 -0.062987 0.004053
 24 11.375562 -0.000000 0.000003 -2.413117 0.125958 -0.133524
 25 0.000001 -4.440604 -0.000001 1.570144 -0.062988 0.004040
 26 10.510132 -0.000001 -0.000000 -0.000000 -0.000000 -2.578748
 27 0.000001 -1.748404 4.999999 0.000000 0.004007 1.602291
 28 5.500000 -0.000001 0.000001 -0.026084 0.000000 -0.000000
 29 -0.000000 -1.940599 5.000001 -0.044472 0.004003 -0.000180
 30 6.551493 0.000000 -0.000000 0.111867 0.509939 0.538092
 31 0.000000 -1.940599 5.000003 -0.027189 -0.053376 0.005295
 32 6.551493 0.000000 -0.000000 0.015496 0.248860 0.239103
 33 0.000002 -1.940599 4.999998 -0.066572 -0.152786 -0.110311
 34 0.217956 -0.894217 -1.465896 2.963696 1.183619 -0.928402
 35 6.384778 0.000001 -0.000004 -0.879630 -0.797431 0.187586
 36 10.242683 0.000000 0.000002 0.000000 0.000000 -1.668983
 37 11.375562 -0.000000 -0.000001 1.579175 -0.025237 -0.559315
 38 0.728680 0.023429 1.008293 -1.579583 -0.319038 0.212973
 39 2.136497 -0.000000 -0.000001 -0.000000 0.000000 1.282817
 40 2.313139 0.000000 0.000000 0.000000 0.000000 3.141593
 41 3.115506 -0.886043 0.021433 0.708959 0.171755 0.347804
 42 2.011149 0.000000 0.000001 -0.000000 0.000000 2.082010
 43 2.141380 -0.000001 0.000000 0.000000 0.000000 3.141593
 44 1.734170 -0.000001 -0.000000 0.000000 -0.000000 1.041748
 45 0.136314 -3.738191 2.525892 1.493698 2.759406 -1.474501
 46 5.613160 0.862364 3.157032 1.595152 -0.135386 0.061522
 47 11.389367 -0.000819 0.158780 1.573601 -0.014076 -0.294244
 48 -0.000000 -4.440598 0.000002 1.570144 -3.078602 0.004040
 49 5.999999 0.000001 -0.000001 1.573601 0.000000 -0.000000
 50 0.000003 -4.440600 -0.000001 1.569944 -3.078603 0.004053
 51 10.510132 0.000003 0.000001 0.000000 0.000000 -2.405288
 52 0.000001 -1.748399 -5.000000 -3.141593 0.004007 -1.539299
 53 5.500000 0.000002 0.000001 0.247584 -0.000000 -0.000000
 54 0.000001 -0.000002 -4.999998 -0.044472 3.137590 -0.000177
 55 6.551492 0.000000 -0.000004 -0.247584 -0.294242 -0.035268
 56 -1.266843 -1.937443 -4.950561 -0.066572 -2.988806 -0.110308
 57 6.551492 0.000000 -0.000004 -0.247584 -0.294242 -0.035268
 58 0.699371 -1.944206 -5.006850 -0.027189 -3.088217 0.005298
 59 4.226144 -0.003201 0.000000 0.260686 0.120081 0.408675
 60 -0.000000 5.000003 0.000000 -0.153564 0.000087 2.718702
 61 0.000003 -0.000005 -3.713581 0.095503 -3.012510 -0.750673
 62 -0.000001 0.000001 5.000000 3.053197 1.558589 -0.074927
 63 -0.000009 0.000005 3.713580 -0.334411 -2.825096 -0.524885
 64 -0.000000 -0.000000 -5.000000 -0.088726 1.558589 3.066335
 65 7.363602 1.646646 0.495662 -3.141593 -1.570796 0.000000
 66 -0.000006 0.000006 3.619082 -0.528285 -2.367383 -1.007256
 67 16.573921 -0.000000 0.000002 0.000000 -0.000000 -2.019199
 68 15.128181 0.000002 -0.000001 0.031619 0.086785 -0.033197
 69 5.758666 4.244730 0.000000 0.000000 -0.000000 2.033309
 70 3.177726 0.000001 -0.000000 0.000000 0.000000 3.141593
 71 15.708952 0.000002 -0.000001 0.016155 0.048356 -0.018185
 72 0.275149 0.189215 -3.445207 3.130898 0.000409 -1.514604
 73 17.210194 -0.000001 0.000002 0.000000 0.000000 -2.322356
 74 0.000001 0.000001 -5.000000 -0.079433 1.546568 -1.570857
 75 0.000005 -0.000005 -3.619081 0.196495 -3.011952 -1.279118
 76 16.573921 0.000002 0.000001 -0.000000 -0.000000 -1.611348
 77 15.128183 -0.000001 -0.000000 0.214418 -0.027533 0.774389
 78 5.758666 4.244731 -0.000000 -0.000000 0.000000 1.483530
 79 4.003935 0.000000 0.000000 0.000000 0.000000 0.000000
 80 15.708955 -0.000002 0.000000 0.153371 0.002792 0.528179
 81 0.273998 0.191090 3.439763 -3.130907 -0.000437 -1.508107
 82 17.210192 0.000001 0.000000 -0.000000 0.000000 -2.138824
 83 0.000000 -0.000000 5.000000 -0.079311 1.595025 -1.570737
time 70
  0 -0.650000 0.000000 33.191761 -0.281436 0.436358 -2.443536
  1 11.368426 6.770639 -23.418962 -0.498313 0.132926 2.346876
  2 -2.276937 0.000002 -1.238186 -1.570795 -1.570451 0.000000
  3 1.796229 0.711931 -0.000186 0.059176 -0.330229 -0.302867
  4 4.119686 -0.003092 -0.000143 0.044312 0.052468 0.339634
  5 4.118806 -0.003267 -0.000207 0.063517 0.130470 0.070266
  6 4.118418 -0.003271 -0.000163 0.049761 0.074074 -0.052377
  7 4.120689 -0.002194 -0.001836 0.550433 0.126941 0.837726
  8 4.443599 0.000002 0.000001 0.473148 -0.352791 -0.829441
  9 9.024063 0.000001 -0.000000 0.000000 0.000000 0.000000
 10 -0.219366 0.902553 1.464914 0.843774 -0.541650 1.441761
 11 6.384776 -0.000001 0.000000 -0.371816 0.521784 -0.545334
 12 10.242680 -0.000001 0.000001 -0.000000 -0.000000 -1.276778
 13 11.375562 0.000003 -0.000000 2.783436 0.317894 -0.233449
 14 0.728681 0.023431 -1.008292 2.396606 0.246960 1.180207
 15 2.136499 0.000001 -0.000001 -0.000000 0.000000 -0.078540
 16 2.313141 0.000000 -0.000001 0.000000 0.000000 0.000000
 17 3.115506 -0.886041 -0.021432 -0.166499 0.000392 0.514872
 18 2.011150 -0.000000 -0.000001 -0.000000 0.000000 1.322792
 19 2.141379 -0.000000 0.000001 0.000000 0.000000 0.000000
 20 1.734175 0.000002 -0.000000 0.000000 0.000000 0.660693
 21 0.000005 -4.440594 -0.000002 1.570544 -0.062990 -0.195737
 22 6.000000 -0.000002 0.000003 3.134343 0.000000 -0.000000
 23 0.000002 -4.440601 -0.000001 1.569944 -0.062987 0.004053
 24 11.375563 -0.000000 0.000004 -2.506011 0.246573 -0.021060
 25 0.000002 -4.440602 -0.000002 1.570144 -0.062988 0.004040
 26 10.510127 -0.000002 0.000001 0.000000 -0.000000 -2.209185
 27 0.000002 -1.748401 4.999998 -0.000000 0.004007 1.602290
 28 5.499999 -0.000001 0.000000 0.109004 -0.000000 -0.000000
 29 -0.000003 -1.940599 5.000000 -0.044472 0.004003 -0.000180
 30 6.551489 -0.000001 -0.000001 -0.223333 0.348924 -0.430025
 31 0.000001 -1.940599 5.000001 -0.027189 -0.053376 0.005295
 32 6.551489 -0.000001 -0.000001 -0.087959 0.181758 -0.196418
 33 0.000002 -1.940599 4.999995 -0.066572 -0.152786 -0.110311
 34 0.219368 -0.895475 -1.464913 2.954987 1.181707 -0.936300
 35 6.384776 0.000002 0.000000 -0.756367 -0.883839 0.699677
 36 10.242682 0.000001 0.000001 0.000000 -0.000000 -1.798942
 37 11.375565 -0.000000 -0.000002 1.614452 -0.096692 -0.458178
 38 0.728680 0.023430 1.008293 -1.579583 -0.319038 0.212973
 39 2.136497 0.000002 -0.000001 -0.000000 0.000000 1.282817
 40 2.313139 -0.000001 -0.000001 0.000000 0.000000 3.141593
 41 3.115506 -0.886042 0.021433 0.708959 0.171755 0.347804
 42 2.011153 -0.000001 -0.000001 -0.000000 0.000000 2.082010
 43 2.141380 0.000000 -0.000000 0.000000 0.000000 3.141593
 44 1.734173 -0.000002 -0.000001 -0.000000 -0.000000 1.041748
 45 0.136314 -3.738193 2.525890 1.493698 2.759406 -1.474501
 46 5.613161 0.862365 3.157031 1.595152 -0.135386 0.061522
 47 11.389369 -0.000820 0.158779 1.588331 -0.054849 -0.246582
 48 -0.000000 -4.440599 0.000002 1.570144 -3.078602 0.004040
 49 6.000003 0.000001 -0.000001 1.588331 0.000000 0.000000
 50 0.000002 -4.440602 0.000001 1.569944 -3.078603 0.004053
 51 10.510131 0.000002 0.000001 0.000000 0.000000 -2.470267
 52 0.000001 -1.748398 -5.000000 3.141593 0.004007 -1.539299
 53 5.500000 -0.000000 0.000001 0.161357 -0.000000 0.000000
 54 0.000000 -0.000003 -5.000000 -0.044472 3.137589 -0.000177
 55 6.551491 0.000001 0.000000 -0.161357 -0.282918 0.131617
 56 -1.266844 -1.937444 -4.950562 -0.066572 -2.988806 -0.110308
 57 6.551491 0.000000 -0.000000 -0.161357 -0.282918 0.131617
 58 0.699370 -1.944208 -5.006850 -0.027189 -3.088217 0.005298
 59 4.226148 -0.003203 -0.000001 0.261068 0.120478 0.408000
 60 -0.000000 5.000003 0.000001 -0.153565 0.000087 2.718702
 61 0.000003 -0.000005 -3.713581 0.095503 -3.012510 -0.750673
 62 -0.000001 0.000001 5.000000 3.053197 1.558589 -0.074927
 63 -0.000009 0.000005 3.713580 -0.334411 -2.825096 -0.524885
 64 -0.000000 -0.000000 -5.000000 -0.088726 1.558589 3.066335
 65 7.363602 1.646646 0.495662 -3.141593 -1.570796 0.000000
 66 -0.000006 0.000006 3.619082 -0.528285 -2.367383 -1.007256
 67 16.573921 -0.000000 0.000002 0.000000 -0.000000 -2.019199
 68 15.128181 0.000002 -0.000001 0.031619 0.086785 -0.033197
 69 5.758666 4.244730 0.000000 0.000000 -0.000000 2.033309
 70 3.177726 0.000001 -0.000000 0.000000 0.000000 3.141593
 71 15.708952 0.000002 -0.000001 0.016155 0.048356 -0.018185
 72 0.275149 0.189215 -3.445207 3.130898 0.000409 -1.514604
 73 17.210194 -0.000001 0.000002 0.000000 0.000000 -2.322356
 74 0.000001 0.000001 -5.000000 -0.079433 1.546568 -1.570857
 75 0.000005 -0.000005 -3.619081 0.196495 -3.011952 -1.279118
 76 16.573921 0.000002 0.000001 -0.000000 -0.000000 -1.611348
 77 15.128183 -0.000001 -0.000000 0.214418 -0.027533 0.774389
 78 5.758666 4.244731 -0.000000 -0.000000 0.000000 1.483530
 79 4.003935 0.000000 0.000000 0.000000 0.000000 0.000000
 80 15.708955 -0.000002 0.000000 0.153371 0.002792 0.528179
 81 0.273998 0.191090 3.439763 -3.130907 -0.000437 -1.508107
 82 17.210192 0.000001 0.000000 -0.000000 0.000000 -2.138824
 83 0.000000 -0.000000 5.000000 -0.079311 1.595025 -1.570737
end
