version 1
nodes
  0 "Bip01"  -1
  1 "Bip01 Footsteps"   0
  2 "Bip01 Pelvis"   0
  3 "Bip01 Spine"   2
  4 "Bip01 Spine1"   3
  5 "Bip01 Spine2"   4
  6 "Bip01 Spine3"   5
  7 "Bip01 Neck"   6
  8 "Bip01 Head"   7
  9 "Dummy21"   8
 10 "Bip01 L Clavicle"   7
 11 "Bip01 L UpperArm"  10
 12 "Bip01 L Forearm"  11
 13 "Bip01 L Hand"  12
 14 "Bip01 L Finger0"  13
 15 "Bip01 L Finger01"  14
 16 "Dummy06"  15
 17 "Bip01 L Finger1"  13
 18 "Bip01 L Finger11"  17
 19 "Dummy03"  18
 20 "-- L knuckle"  17
 21 "-- L knuckle_end"  20
 22 "-- L Forearm twist"  12
 23 "-- L Forearm twist_end"  22
 24 "-- L wrist"  12
 25 "-- L wrist_end"  24
 26 "-- L Elbow"  11
 27 "--L Elbow_end"  26
 28 "-- L bicep twist"  11
 29 "-- L bicep twist_end"  28
 30 "-- L shoulder outside"  10
 31 "-- L shoulder outside_end"  30
 32 "-- L Shoulder inside"  10
 33 "-- L Shoulder inside_end"  32
 34 "Bip01 R Clavicle"   7
 35 "Bip01 R UpperArm"  34
 36 "Bip01 R Forearm"  35
 37 "Bip01 R Hand"  36
 38 "Bip01 R Finger0"  37
 39 "Bip01 R Finger01"  38
 40 "Dummy01"  39
 41 "Bip01 R Finger1"  37
 42 "Bip01 R Finger11"  41
 43 "Dummy02"  42
 44 "-- R knuckle"  41
 45 "Point06"  44
 46 "skin01"  37
 47 "-- R wrist"  36
 48 "-- R wrist_end"  47
 49 "-- R forearm twist"  36
 50 "-- R forearm twist_end"  49
 51 "-- R Elbow"  35
 52 "--R Elbow_end"  51
 53 "-- R bicep twist"  35
 54 "-- R bicep twist_end"  53
 55 "-- R Shoulder inside"  34
 56 "-- R Shoulder inside_end"  55
 57 "-- R shoulder outside"  34
 58 "-- R shoulder outside_end"  57
 59 "-- Neck smooth"   6
 60 "-- neck smooth end"  59
 61 "-- R Butt"   2
 62 "--R Butt_end"  61
 63 "-- L butt"   2
 64 "--L butt_end"  63
 65 "GIGN01"   2
 66 "Bip01 L Thigh"   2
 67 "Bip01 L Calf"  66
 68 "Bip01 L Foot"  67
 69 "Bip01 L Toe0"  68
 70 "Dummy16"  69
 71 "-- L ankle"  67
 72 "-- L ankleend"  71
 73 "-- L Knee"  66
 74 "--L Knee_end"  73
 75 "Bip01 R Thigh"   2
 76 "Bip01 R Calf"  75
 77 "Bip01 R Foot"  76
 78 "Bip01 R Toe0"  77
 79 "Dummy11"  78
 80 "-- R Ankle"  76
 81 "-- R ankleend"  80
 82 "-- R Knee"  75
 83 "--R Knee_end"  82
end
skeleton
time 0
  0 -0.650000 0.000000 33.899605 -0.025849 0.174554 -1.569172
  1 5.816420 0.852483 -32.971565 -0.174512 -0.026131 1.569196
  2 -2.276935 0.000003 -1.238188 -1.570795 -1.570451 0.000000
  3 1.796889 0.711874 0.000664 -0.204889 -0.043255 -0.070207
  4 4.119842 -0.002964 0.000654 -0.200883 0.054694 0.385643
  5 4.118701 -0.003205 0.000683 -0.209717 -0.018123 0.035277
  6 4.118592 -0.003201 0.000717 -0.220797 -0.023547 0.000518
  7 4.120192 -0.003118 -0.000513 0.160776 0.433939 0.539896
  8 4.443599 -0.000000 0.000000 0.993364 -0.412436 -0.586809
  9 9.024064 -0.000001 -0.000000 0.000000 0.000000 0.000000
 10 -0.728520 0.255205 1.551850 -0.600658 -1.194065 -2.995373
 11 6.384777 0.000000 0.000002 -1.296085 1.069939 -1.049207
 12 10.242683 -0.000001 0.000001 0.000000 0.000000 -1.931930
 13 11.375561 -0.000003 0.000000 2.745001 0.467405 0.117950
 14 0.728680 0.023429 -1.008293 1.100073 0.611404 0.551668
 15 2.136498 -0.000000 0.000000 0.000000 0.000000 -0.078540
 16 2.313140 0.000002 -0.000000 0.000000 0.000000 0.000000
 17 3.115506 -0.886041 -0.021431 -0.454479 0.000392 0.514872
 18 2.011151 0.000000 0.000001 0.000000 0.000000 1.322792
 19 2.141381 0.000001 -0.000001 0.000000 0.000000 0.000000
 20 1.734174 0.000002 0.000000 0.000000 0.000000 0.660693
 21 0.000004 -4.440594 -0.000000 1.570544 -0.062990 -0.195737
 22 6.000000 -0.000002 0.000000 3.101158 -0.000000 0.000000
 23 0.000001 -4.440601 0.000000 1.569944 -0.062987 0.004053
 24 11.375562 -0.000003 0.000003 -2.523520 0.207696 0.228373
 25 -0.000001 -4.440605 -0.000001 1.570144 -0.062988 0.004040
 26 10.510132 -0.000000 -0.000000 0.000000 -0.000000 -2.536761
 27 -0.000000 -1.748401 4.999999 -0.000000 0.004007 1.602291
 28 5.500001 -0.000000 0.000000 0.292802 0.000000 0.000000
 29 -0.000002 -1.940599 5.000000 -0.044472 0.004003 -0.000180
 30 6.551491 0.000000 0.000002 -0.665435 0.810360 -0.322144
 31 0.000001 -1.940599 5.000003 -0.027189 -0.053376 0.005295
 32 6.551491 0.000000 0.000002 -0.232690 0.379962 -0.058400
 33 -0.000000 -1.940600 4.999995 -0.066572 -0.152786 -0.110311
 34 0.728524 -0.248130 -1.551851 -1.138360 1.996012 1.316730
 35 6.384777 -0.000000 -0.000001 -0.146348 -0.346056 -1.364807
 36 10.242681 0.000001 -0.000001 -0.000000 -0.000000 -2.130731
 37 11.375562 0.000002 0.000001 2.530931 0.068238 0.191443
 38 0.728681 0.023431 1.008291 -1.579583 -0.319038 0.212973
 39 2.136496 0.000002 -0.000000 -0.000000 -0.000000 1.282817
 40 2.313137 -0.000001 -0.000000 0.000000 0.000000 3.141593
 41 3.115507 -0.886041 0.021429 0.420765 0.316066 0.167178
 42 2.011150 -0.000000 0.000001 -0.000000 0.000000 2.082010
 43 2.141378 -0.000000 -0.000000 0.000000 0.000000 3.141593
 44 1.734172 -0.000001 0.000001 0.000000 0.000000 1.041748
 45 0.136315 -3.738193 2.525891 1.493698 2.759406 -1.474501
 46 14.562625 -1.166815 -0.284477 0.258917 0.054664 1.504024
 47 11.389367 -0.000818 0.158780 2.049258 0.065985 0.099717
 48 0.000001 -4.440599 0.000003 1.570144 -3.078602 0.004040
 49 6.000000 -0.000000 -0.000003 2.049258 -0.000000 -0.000000
 50 0.000002 -4.440601 -0.000001 1.569944 -3.078603 0.004053
 51 10.510130 0.000001 -0.000001 -0.000000 -0.000000 -2.636162
 52 0.000001 -1.748401 -5.000000 -3.141593 0.004007 -1.539299
 53 5.500000 0.000001 -0.000000 0.115548 0.000000 0.000000
 54 -0.000001 0.000001 -5.000001 -0.044472 3.137590 -0.000177
 55 6.551491 -0.000000 0.000000 -0.115548 -0.072223 -0.368758
 56 -1.266844 -1.937443 -4.950562 -0.066572 -2.988806 -0.110308
 57 6.551491 -0.000000 0.000000 -0.115548 -0.072223 -0.368758
 58 0.699371 -1.944208 -5.006849 -0.027189 -3.088217 0.005298
 59 4.226144 -0.003201 -0.000000 0.057974 0.251775 0.297052
 60 -0.000003 5.000001 -0.000000 -0.153564 0.000087 2.718702
 61 0.000004 -0.000004 -3.713580 0.018865 -3.096651 -0.324845
 62 -0.000002 0.000000 5.000000 3.053198 1.558589 -0.074926
 63 -0.000007 0.000006 3.713580 -0.159276 -2.977491 -0.403653
 64 0.000001 -0.000000 -5.000000 -0.088724 1.558589 3.066337
 65 7.363602 1.646647 0.495663 3.141593 -1.570796 0.000000
 66 -0.000005 0.000007 3.619081 -0.217558 -2.796588 -0.810634
 67 16.573919 -0.000001 0.000000 0.000000 0.000000 -2.033247
 68 15.128181 0.000002 -0.000000 0.271612 0.009043 -0.097069
 69 5.758665 4.244730 0.000000 0.000000 -0.000000 1.842220
 70 3.177726 -0.000001 -0.000001 0.000000 0.000000 3.141593
 71 15.708953 0.000001 -0.000001 0.136460 0.001254 -0.052592
 72 0.275149 0.189214 -3.445208 3.130898 0.000409 -1.514604
 73 17.210194 -0.000002 0.000000 -0.000000 -0.000000 -2.328678
 74 -0.000000 0.000001 -4.999999 -0.079432 1.546568 -1.570855
 75 0.000002 -0.000003 -3.619081 0.034416 -3.071533 -0.493407
 76 16.573921 -0.000000 0.000000 0.000000 0.000000 -1.045581
 77 15.128181 0.000002 0.000000 0.002618 -0.051986 0.588317
 78 5.758665 4.244731 -0.000000 -0.000000 0.000000 1.815142
 79 4.003934 0.000000 0.000000 0.000000 0.000000 0.000000
 80 15.708955 0.000001 0.000000 0.004296 -0.037430 0.405337
 81 0.273998 0.191090 3.439762 -3.130907 -0.000437 -1.508107
 82 17.210194 0.000000 0.000000 -0.000000 -0.000000 -1.884228
 83 0.000000 -0.000001 5.000000 -0.079311 1.595025 -1.570737
time 1
  0 -0.650000 0.000000 33.899605 -0.025849 0.174554 -1.569172
  1 5.816420 0.852483 -32.971565 -0.174512 -0.026131 1.569196
  2 -2.276935 0.000003 -1.238188 -1.570795 -1.570451 0.000000
  3 1.796838 0.711874 0.000637 -0.196564 -0.048399 -0.084386
  4 4.119835 -0.002975 0.000629 -0.193373 0.051927 0.382287
  5 4.118686 -0.003211 0.000656 -0.201358 -0.017403 0.031245
  6 4.118576 -0.003205 0.000691 -0.212420 -0.023237 -0.003447
  7 4.120192 -0.003117 -0.000512 0.160776 0.433939 0.539896
  8 4.443597 -0.000001 -0.000000 0.918992 -0.511317 -0.488087
  9 9.024063 -0.000002 0.000000 0.000000 0.000000 0.000000
 10 -0.728521 0.255205 1.551851 -0.600658 -1.194066 -2.995373
 11 6.384776 0.000002 0.000003 -1.228895 1.151616 -1.018249
 12 10.242682 -0.000000 -0.000000 0.000000 -0.000000 -1.861521
 13 11.375561 -0.000002 -0.000000 2.783178 0.460022 0.117580
 14 0.728680 0.023432 -1.008291 1.100073 0.611404 0.551668
 15 2.136497 0.000000 -0.000000 0.000000 -0.000000 -0.078540
 16 2.313138 0.000001 -0.000001 0.000000 0.000000 0.000000
 17 3.115506 -0.886043 -0.021432 -0.454454 0.004917 0.524134
 18 2.011151 0.000000 0.000001 0.000000 -0.000000 1.333100
 19 2.141379 -0.000000 0.000000 0.000000 0.000000 0.000000
 20 1.734173 0.000001 0.000000 -0.000000 -0.000000 0.665866
 21 0.000003 -4.440594 -0.000001 1.570544 -0.062990 -0.195737
 22 6.000000 -0.000003 0.000000 3.138945 0.000000 0.000000
 23 0.000001 -4.440601 0.000000 1.569944 -0.062987 0.004053
 24 11.375562 -0.000001 0.000003 -2.506608 0.205262 0.220842
 25 -0.000001 -4.440605 0.000001 1.570144 -0.062988 0.004040
 26 10.510130 -0.000000 -0.000000 0.000000 -0.000000 -2.501557
 27 0.000000 -1.748401 4.999999 -0.000000 0.004007 1.602291
 28 5.500000 0.000000 -0.000000 0.256522 -0.000000 -0.000000
 29 -0.000001 -1.940598 5.000000 -0.044472 0.004003 -0.000180
 30 6.551492 0.000000 0.000002 -0.586152 0.845223 -0.270302
 31 -0.000002 -1.940598 5.000001 -0.027189 -0.053376 0.005295
 32 6.551492 0.000000 0.000002 -0.204178 0.391037 -0.042843
 33 -0.000000 -1.940598 4.999994 -0.066572 -0.152786 -0.110311
 34 0.728523 -0.248132 -1.551851 -1.126516 1.922209 1.355102
 35 6.384777 0.000000 -0.000002 -0.210654 -0.343301 -1.281511
 36 10.242681 -0.000001 0.000000 -0.000000 0.000000 -2.112079
 37 11.375560 0.000001 0.000000 2.604315 0.044882 0.206769
 38 0.728681 0.023431 1.008293 -1.579583 -0.319038 0.212973
 39 2.136496 0.000001 -0.000000 -0.000000 0.000000 1.282817
 40 2.313137 -0.000001 0.000000 0.000000 0.000000 3.141593
 41 3.115506 -0.886041 0.021429 0.420766 0.316066 0.167178
 42 2.011150 0.000000 -0.000001 -0.000000 0.000000 2.082010
 43 2.141381 0.000000 0.000001 0.000000 0.000000 3.141593
 44 1.734172 -0.000001 -0.000001 0.000000 -0.000000 1.041748
 45 0.136315 -3.738193 2.525891 1.493698 2.759406 -1.474501
 46 14.562628 -1.166815 -0.284478 0.258917 0.054664 1.504024
 47 11.389366 -0.000818 0.158781 2.086432 0.057680 0.111179
 48 0.000001 -4.440599 0.000003 1.570144 -3.078602 0.004040
 49 6.000000 0.000001 0.000000 2.086432 0.000000 0.000000
 50 0.000002 -4.440602 0.000003 1.569944 -3.078603 0.004053
 51 10.510131 0.000000 -0.000000 0.000000 0.000000 -2.626836
 52 0.000000 -1.748400 -5.000003 3.141593 0.004007 -1.539299
 53 5.499998 0.000001 -0.000002 0.131734 0.000000 0.000000
 54 -0.000002 0.000001 -5.000002 -0.044472 3.137589 -0.000177
 55 6.551491 0.000000 -0.000001 -0.131734 -0.058911 -0.345191
 56 -1.266843 -1.937443 -4.950560 -0.066572 -2.988806 -0.110308
 57 6.551491 0.000000 -0.000001 -0.131734 -0.058911 -0.345191
 58 0.699371 -1.944208 -5.006847 -0.027189 -3.088217 0.005298
 59 4.226146 -0.003201 -0.000000 0.057974 0.251775 0.297052
 60 0.000003 5.000000 0.000000 -0.153564 0.000087 2.718702
 61 0.000004 -0.000004 -3.713580 0.018865 -3.096651 -0.324845
 62 -0.000002 0.000000 5.000000 3.053198 1.558589 -0.074926
 63 -0.000007 0.000006 3.713580 -0.159276 -2.977491 -0.403653
 64 0.000001 -0.000000 -5.000000 -0.088724 1.558589 3.066337
 65 7.363602 1.646647 0.495663 3.141593 -1.570796 0.000000
 66 -0.000005 0.000007 3.619081 -0.217558 -2.796588 -0.810634
 67 16.573919 -0.000001 0.000000 0.000000 0.000000 -2.033247
 68 15.128181 0.000002 -0.000000 0.271612 0.009043 -0.097069
 69 5.758665 4.244730 0.000000 0.000000 -0.000000 1.842220
 70 3.177726 -0.000001 -0.000001 0.000000 0.000000 3.141593
 71 15.708953 0.000001 -0.000001 0.136460 0.001254 -0.052592
 72 0.275149 0.189214 -3.445208 3.130898 0.000409 -1.514604
 73 17.210194 -0.000002 0.000000 -0.000000 -0.000000 -2.328678
 74 -0.000000 0.000001 -4.999999 -0.079432 1.546568 -1.570855
 75 0.000002 -0.000003 -3.619081 0.034416 -3.071533 -0.493407
 76 16.573921 -0.000000 0.000000 0.000000 0.000000 -1.045581
 77 15.128181 0.000002 0.000000 0.002618 -0.051986 0.588317
 78 5.758665 4.244731 -0.000000 -0.000000 0.000000 1.815142
 79 4.003934 0.000000 0.000000 0.000000 0.000000 0.000000
 80 15.708955 0.000001 0.000000 0.004296 -0.037430 0.405337
 81 0.273998 0.191090 3.439762 -3.130907 -0.000437 -1.508107
 82 17.210194 0.000000 0.000000 -0.000000 -0.000000 -1.884228
 83 0.000000 -0.000001 5.000000 -0.079311 1.595025 -1.570737
time 2
  0 -0.650000 0.000000 33.899605 -0.025849 0.174554 -1.569172
  1 5.816420 0.852483 -32.971565 -0.174512 -0.026131 1.569196
  2 -2.276935 0.000003 -1.238188 -1.570795 -1.570451 0.000000
  3 1.796787 0.711874 0.000609 -0.187902 -0.053601 -0.099183
  4 4.119825 -0.002984 0.000604 -0.185625 0.049096 0.378774
  5 4.118679 -0.003218 0.000628 -0.192744 -0.016632 0.027061
  6 4.118561 -0.003211 0.000664 -0.203786 -0.022889 -0.007565
  7 4.120194 -0.003118 -0.000513 0.160776 0.433939 0.539896
  8 4.443600 -0.000001 0.000000 0.824591 -0.605724 -0.366187
  9 9.024061 0.000000 0.000000 0.000000 0.000000 0.000000
 10 -0.728518 0.255205 1.551851 -0.600658 -1.194066 -2.995373
 11 6.384776 0.000000 0.000002 -1.149183 1.216609 -0.971340
 12 10.242685 -0.000000 -0.000001 -0.000000 -0.000000 -1.779953
 13 11.375562 -0.000004 0.000001 2.820604 0.453514 0.131152
 14 0.728681 0.023430 -1.008292 1.100072 0.611404 0.551668
 15 2.136497 -0.000001 -0.000001 0.000000 0.000000 -0.078540
 16 2.313139 0.000001 -0.000000 0.000000 0.000000 0.000000
 17 3.115506 -0.886041 -0.021431 -0.454220 0.015905 0.546630
 18 2.011149 -0.000001 -0.000002 0.000000 -0.000000 1.358134
 19 2.141379 -0.000001 0.000002 0.000000 0.000000 0.000000
 20 1.734172 0.000002 0.000001 -0.000000 0.000000 0.678435
 21 0.000007 -4.440593 0.000001 1.570544 -0.062990 -0.195737
 22 5.999999 -0.000001 0.000001 -3.108276 -0.000000 -0.000000
 23 0.000001 -4.440599 -0.000000 1.569944 -0.062987 0.004053
 24 11.375561 0.000000 0.000004 -2.490762 0.198821 0.221152
 25 -0.000001 -4.440603 0.000003 1.570144 -0.062988 0.004040
 26 10.510134 -0.000000 -0.000001 -0.000000 -0.000000 -2.460773
 27 -0.000001 -1.748401 4.999999 0.000000 0.004007 1.602290
 28 5.500002 -0.000000 -0.000001 0.222587 0.000000 0.000000
 29 -0.000002 -1.940599 5.000000 -0.044472 0.004003 -0.000180
 30 6.551492 -0.000000 0.000002 -0.508718 0.868665 -0.223136
 31 0.000001 -1.940599 5.000001 -0.027189 -0.053376 0.005295
 32 6.551492 -0.000000 0.000002 -0.177511 0.398574 -0.030871
 33 -0.000000 -1.940599 5.000000 -0.066572 -0.152786 -0.110311
 34 0.728524 -0.248130 -1.551851 -1.102960 1.847703 1.406644
 35 6.384777 0.000001 0.000001 -0.272911 -0.340251 -1.195860
 36 10.242682 -0.000001 0.000003 -0.000000 -0.000000 -2.093079
 37 11.375561 0.000000 -0.000002 2.678873 0.020155 0.219105
 38 0.728680 0.023431 1.008293 -1.579583 -0.319038 0.212973
 39 2.136497 0.000000 -0.000000 -0.000000 0.000000 1.282817
 40 2.313141 0.000001 -0.000000 0.000000 0.000000 3.141593
 41 3.115507 -0.886041 0.021430 0.420766 0.316066 0.167178
 42 2.011151 0.000000 0.000001 -0.000000 -0.000000 2.082010
 43 2.141379 0.000000 0.000001 0.000000 0.000000 3.141593
 44 1.734172 -0.000001 -0.000000 -0.000000 0.000000 1.041748
 45 0.136315 -3.738194 2.525888 1.493698 2.759406 -1.474501
 46 14.562627 -1.166814 -0.284477 0.258917 0.054664 1.504024
 47 11.389367 -0.000820 0.158780 2.124274 0.048630 0.121685
 48 -0.000000 -4.440599 -0.000003 1.570144 -3.078602 0.004040
 49 6.000000 -0.000001 -0.000003 2.124274 -0.000000 -0.000000
 50 0.000002 -4.440602 0.000000 1.569944 -3.078603 0.004053
 51 10.510130 -0.000000 0.000002 -0.000000 -0.000000 -2.617336
 52 0.000000 -1.748400 -5.000003 -3.141593 0.004007 -1.539299
 53 5.500000 -0.000000 0.000001 0.145067 -0.000000 -0.000000
 54 0.000000 0.000001 -5.000000 -0.044472 3.137590 -0.000177
 55 6.551491 0.000000 0.000001 -0.145067 -0.049564 -0.326459
 56 -1.266843 -1.937443 -4.950562 -0.066572 -2.988806 -0.110308
 57 6.551492 0.000000 0.000001 -0.145067 -0.049564 -0.326459
 58 0.699370 -1.944207 -5.006848 -0.027189 -3.088217 0.005298
 59 4.226146 -0.003201 0.000000 0.057974 0.251775 0.297052
 60 -0.000000 5.000000 0.000001 -0.153564 0.000087 2.718702
 61 0.000004 -0.000004 -3.713580 0.018865 -3.096651 -0.324845
 62 -0.000002 0.000000 5.000000 3.053198 1.558589 -0.074926
 63 -0.000007 0.000006 3.713580 -0.159276 -2.977491 -0.403653
 64 0.000001 -0.000000 -5.000000 -0.088724 1.558589 3.066337
 65 7.363602 1.646647 0.495663 3.141593 -1.570796 0.000000
 66 -0.000005 0.000007 3.619081 -0.217558 -2.796588 -0.810634
 67 16.573919 -0.000001 0.000000 0.000000 0.000000 -2.033247
 68 15.128181 0.000002 -0.000000 0.271612 0.009043 -0.097069
 69 5.758665 4.244730 0.000000 0.000000 -0.000000 1.842220
 70 3.177726 -0.000001 -0.000001 0.000000 0.000000 3.141593
 71 15.708953 0.000001 -0.000001 0.136460 0.001254 -0.052592
 72 0.275149 0.189214 -3.445208 3.130898 0.000409 -1.514604
 73 17.210194 -0.000002 0.000000 -0.000000 -0.000000 -2.328678
 74 -0.000000 0.000001 -4.999999 -0.079432 1.546568 -1.570855
 75 0.000002 -0.000003 -3.619081 0.034416 -3.071533 -0.493407
 76 16.573921 -0.000000 0.000000 0.000000 0.000000 -1.045581
 77 15.128181 0.000002 0.000000 0.002618 -0.051986 0.588317
 78 5.758665 4.244731 -0.000000 -0.000000 0.000000 1.815142
 79 4.003934 0.000000 0.000000 0.000000 0.000000 0.000000
 80 15.708955 0.000001 0.000000 0.004296 -0.037430 0.405337
 81 0.273998 0.191090 3.439762 -3.130907 -0.000437 -1.508107
 82 17.210194 0.000000 0.000000 -0.000000 -0.000000 -1.884228
 83 0.000000 -0.000001 5.000000 -0.079311 1.595025 -1.570737
time 3
  0 -0.650000 0.000000 33.899605 -0.025849 0.174554 -1.569172
  1 5.816420 0.852483 -32.971565 -0.174512 -0.026131 1.569196
  2 -2.276935 0.000003 -1.238188 -1.570795 -1.570451 0.000000
  3 1.796740 0.711874 0.000581 -0.179055 -0.058741 -0.114259
  4 4.119809 -0.002994 0.000579 -0.177776 0.046256 0.375184
  5 4.118670 -0.003226 0.000600 -0.184030 -0.015816 0.022822
  6 4.118549 -0.003216 0.000635 -0.195049 -0.022502 -0.011742
  7 4.120199 -0.003120 -0.000514 0.160776 0.433939 0.539896
  8 4.443596 -0.000002 0.000000 0.708391 -0.688237 -0.219495
  9 9.024064 -0.000000 -0.000000 0.000000 0.000000 0.000000
 10 -0.728523 0.255205 1.551851 -0.600658 -1.194065 -2.995373
 11 6.384776 0.000001 -0.000002 -1.057217 1.265127 -0.909241
 12 10.242683 -0.000000 -0.000001 -0.000000 -0.000000 -1.690162
 13 11.375561 -0.000004 0.000002 2.853391 0.447689 0.153409
 14 0.728681 0.023431 -1.008292 1.100073 0.611404 0.551668
 15 2.136498 0.000001 -0.000000 -0.000000 0.000000 -0.078540
 16 2.313138 -0.000000 0.000000 0.000000 0.000000 0.000000
 17 3.115507 -0.886041 -0.021432 -0.453589 0.029465 0.574431
 18 2.011150 0.000000 -0.000000 -0.000000 -0.000000 1.389059
 19 2.141381 -0.000001 0.000001 0.000000 0.000000 0.000000
 20 1.734172 0.000000 -0.000001 -0.000000 -0.000000 0.693971
 21 0.000006 -4.440593 -0.000001 1.570544 -0.062990 -0.195737
 22 6.000000 -0.000001 0.000001 -3.077679 0.000000 0.000000
 23 0.000001 -4.440598 0.000000 1.569944 -0.062987 0.004053
 24 11.375562 -0.000000 0.000004 -2.477457 0.190075 0.226956
 25 -0.000001 -4.440603 0.000004 1.570144 -0.062988 0.004040
 26 10.510130 -0.000000 -0.000000 -0.000000 0.000000 -2.415878
 27 0.000001 -1.748402 4.999998 0.000000 0.004007 1.602291
 28 5.499999 0.000000 -0.000000 0.191553 -0.000000 -0.000000
 29 -0.000003 -1.940599 5.000000 -0.044472 0.004003 -0.000180
 30 6.551491 0.000001 -0.000001 -0.436469 0.881749 -0.184242
 31 -0.000001 -1.940599 5.000002 -0.027189 -0.053376 0.005295
 32 6.551491 0.000001 -0.000001 -0.153057 0.402981 -0.022954
 33 -0.000001 -1.940599 4.999997 -0.066572 -0.152786 -0.110311
 34 0.728520 -0.248130 -1.551851 -1.054153 1.773548 1.484746
 35 6.384777 -0.000000 -0.000002 -0.331640 -0.337014 -1.109191
 36 10.242682 -0.000000 0.000002 -0.000000 -0.000000 -2.073906
 37 11.375561 0.000000 0.000001 2.753912 -0.005558 0.228936
 38 0.728680 0.023431 1.008291 -1.579583 -0.319038 0.212973
 39 2.136497 0.000001 -0.000001 0.000000 -0.000000 1.282817
 40 2.313138 -0.000001 0.000000 0.000000 0.000000 3.141593
 41 3.115507 -0.886042 0.021429 0.420766 0.316066 0.167178
 42 2.011149 0.000002 -0.000000 -0.000000 -0.000000 2.082010
 43 2.141379 -0.000000 -0.000000 0.000000 0.000000 3.141593
 44 1.734172 -0.000001 -0.000002 0.000000 -0.000000 1.041748
 45 0.136316 -3.738193 2.525889 1.493698 2.759406 -1.474501
 46 14.562627 -1.166815 -0.284478 0.258917 0.054664 1.504024
 47 11.389366 -0.000819 0.158782 2.162387 0.039019 0.131526
 48 0.000000 -4.440599 -0.000000 1.570144 -3.078602 0.004040
 49 6.000000 0.000001 0.000002 2.162387 0.000000 -0.000000
 50 0.000002 -4.440601 0.000001 1.569944 -3.078603 0.004053
 51 10.510131 0.000001 0.000001 0.000000 0.000000 -2.607749
 52 0.000000 -1.748398 -5.000000 -3.141593 0.004007 -1.539299
 53 5.499999 0.000000 0.000000 0.156369 -0.000000 0.000000
 54 -0.000001 0.000000 -5.000002 -0.044472 3.137589 -0.000177
 55 6.551491 -0.000000 -0.000002 -0.156369 -0.043642 -0.310854
 56 -1.266843 -1.937444 -4.950560 -0.066572 -2.988806 -0.110308
 57 6.551491 -0.000000 -0.000002 -0.156369 -0.043642 -0.310854
 58 0.699371 -1.944208 -5.006846 -0.027189 -3.088217 0.005298
 59 4.226146 -0.003201 0.000001 0.057974 0.251775 0.297052
 60 0.000001 5.000002 0.000000 -0.153564 0.000087 2.718702
 61 0.000004 -0.000004 -3.713580 0.018865 -3.096651 -0.324845
 62 -0.000002 0.000000 5.000000 3.053198 1.558589 -0.074926
 63 -0.000007 0.000006 3.713580 -0.159276 -2.977491 -0.403653
 64 0.000001 -0.000000 -5.000000 -0.088724 1.558589 3.066337
 65 7.363602 1.646647 0.495663 3.141593 -1.570796 0.000000
 66 -0.000005 0.000007 3.619081 -0.217558 -2.796588 -0.810634
 67 16.573919 -0.000001 0.000000 0.000000 0.000000 -2.033247
 68 15.128181 0.000002 -0.000000 0.271612 0.009043 -0.097069
 69 5.758665 4.244730 0.000000 0.000000 -0.000000 1.842220
 70 3.177726 -0.000001 -0.000001 0.000000 0.000000 3.141593
 71 15.708953 0.000001 -0.000001 0.136460 0.001254 -0.052592
 72 0.275149 0.189214 -3.445208 3.130898 0.000409 -1.514604
 73 17.210194 -0.000002 0.000000 -0.000000 -0.000000 -2.328678
 74 -0.000000 0.000001 -4.999999 -0.079432 1.546568 -1.570855
 75 0.000002 -0.000003 -3.619081 0.034416 -3.071533 -0.493407
 76 16.573921 -0.000000 0.000000 0.000000 0.000000 -1.045581
 77 15.128181 0.000002 0.000000 0.002618 -0.051986 0.588317
 78 5.758665 4.244731 -0.000000 -0.000000 0.000000 1.815142
 79 4.003934 0.000000 0.000000 0.000000 0.000000 0.000000
 80 15.708955 0.000001 0.000000 0.004296 -0.037430 0.405337
 81 0.273998 0.191090 3.439762 -3.130907 -0.000437 -1.508107
 82 17.210194 0.000000 0.000000 -0.000000 -0.000000 -1.884228
 83 0.000000 -0.000001 5.000000 -0.079311 1.595025 -1.570737
time 4
  0 -0.650000 0.000000 33.899605 -0.025849 0.174554 -1.569172
  1 5.816420 0.852483 -32.971565 -0.174512 -0.026131 1.569196
  2 -2.276935 0.000003 -1.238188 -1.570795 -1.570451 0.000000
  3 1.796689 0.711875 0.000552 -0.170183 -0.063715 -0.129270
  4 4.119798 -0.003003 0.000554 -0.169963 0.043463 0.371600
  5 4.118654 -0.003229 0.000572 -0.175371 -0.014968 0.018621
  6 4.118542 -0.003223 0.000606 -0.186366 -0.022081 -0.015885
  7 4.120195 -0.003120 -0.000513 0.160776 0.433939 0.539896
  8 4.443597 0.000002 0.000000 0.572392 -0.751938 -0.050378
  9 9.024061 0.000000 -0.000000 0.000000 0.000000 0.000000
 10 -0.728524 0.255210 1.551850 -0.600658 -1.194066 -2.995373
 11 6.384776 -0.000000 -0.000001 -0.956719 1.298743 -0.836097
 12 10.242683 -0.000001 -0.000000 -0.000000 -0.000000 -1.595266
 13 11.375560 -0.000000 0.000000 2.878467 0.443257 0.178409
 14 0.728681 0.023431 -1.008292 1.100072 0.611404 0.551668
 15 2.136499 -0.000003 0.000002 0.000000 0.000000 -0.078540
 16 2.313138 0.000000 -0.000000 0.000000 0.000000 0.000000
 17 3.115507 -0.886042 -0.021432 -0.452693 0.041715 0.599602
 18 2.011149 0.000000 0.000001 -0.000000 -0.000000 1.417039
 19 2.141382 -0.000001 0.000001 0.000000 0.000000 0.000000
 20 1.734172 0.000000 -0.000001 0.000000 -0.000000 0.708034
 21 0.000008 -4.440593 0.000001 1.570544 -0.062990 -0.195737
 22 6.000000 0.000000 0.000001 -3.054971 0.000000 -0.000000
 23 0.000001 -4.440603 0.000000 1.569944 -0.062987 0.004053
 24 11.375560 0.000000 0.000003 -2.467716 0.181161 0.235590
 25 0.000000 -4.440603 -0.000001 1.570144 -0.062988 0.004040
 26 10.510130 -0.000000 -0.000000 0.000000 0.000000 -2.368429
 27 0.000000 -1.748401 4.999999 0.000000 0.004007 1.602290
 28 5.500000 0.000000 -0.000000 0.163567 0.000000 -0.000000
 29 -0.000002 -1.940598 5.000000 -0.044472 0.004003 -0.000180
 30 6.551491 -0.000001 -0.000002 -0.371545 0.886380 -0.155546
 31 0.000000 -1.940599 5.000001 -0.027189 -0.053376 0.005295
 32 6.551491 -0.000001 -0.000002 -0.130883 0.404810 -0.019036
 33 -0.000000 -1.940599 4.999997 -0.066572 -0.152786 -0.110311
 34 0.728521 -0.248127 -1.551851 2.203618 1.440118 -1.510244
 35 6.384776 -0.000001 0.000001 -0.385575 -0.333775 -1.022902
 36 10.242683 0.000000 0.000003 -0.000000 -0.000000 -2.054733
 37 11.375562 0.000000 -0.000001 2.828731 -0.031935 0.236821
 38 0.728681 0.023431 1.008292 -1.579583 -0.319038 0.212973
 39 2.136497 0.000003 -0.000001 0.000000 -0.000000 1.282817
 40 2.313136 -0.000000 0.000001 0.000000 0.000000 3.141593
 41 3.115507 -0.886041 0.021431 0.420766 0.316066 0.167178
 42 2.011150 0.000000 0.000002 0.000000 0.000000 2.082010
 43 2.141380 0.000001 -0.000001 0.000000 0.000000 3.141593
 44 1.734172 -0.000002 0.000001 0.000000 0.000000 1.041748
 45 0.136314 -3.738194 2.525888 1.493698 2.759406 -1.474501
 46 14.562629 -1.166815 -0.284478 0.258917 0.054664 1.504024
 47 11.389368 -0.000818 0.158782 2.200370 0.029026 0.141016
 48 0.000000 -4.440598 0.000001 1.570144 -3.078602 0.004040
 49 6.000000 -0.000000 -0.000001 2.200370 -0.000000 -0.000000
 50 0.000002 -4.440601 0.000003 1.569944 -3.078603 0.004053
 51 10.510129 0.000001 0.000002 0.000000 0.000000 -2.598163
 52 0.000000 -1.748401 -5.000000 -3.141593 0.004007 -1.539299
 53 5.500000 0.000000 0.000002 0.166035 0.000000 0.000000
 54 -0.000001 0.000000 -5.000001 -0.044472 3.137589 -0.000177
 55 6.551490 -0.000000 0.000001 -0.166035 -0.040537 -0.297232
 56 -1.266844 -1.937442 -4.950560 -0.066572 -2.988806 -0.110308
 57 6.551491 -0.000001 0.000001 -0.166035 -0.040537 -0.297232
 58 0.699370 -1.944208 -5.006845 -0.027189 -3.088217 0.005298
 59 4.226144 -0.003202 0.000000 0.057974 0.251775 0.297052
 60 0.000001 5.000002 0.000000 -0.153564 0.000087 2.718702
 61 0.000004 -0.000004 -3.713580 0.018865 -3.096651 -0.324845
 62 -0.000002 0.000000 5.000000 3.053198 1.558589 -0.074926
 63 -0.000007 0.000006 3.713580 -0.159276 -2.977491 -0.403653
 64 0.000001 -0.000000 -5.000000 -0.088724 1.558589 3.066337
 65 7.363602 1.646647 0.495663 3.141593 -1.570796 0.000000
 66 -0.000005 0.000007 3.619081 -0.217558 -2.796588 -0.810634
 67 16.573919 -0.000001 0.000000 0.000000 0.000000 -2.033247
 68 15.128181 0.000002 -0.000000 0.271612 0.009043 -0.097069
 69 5.758665 4.244730 0.000000 0.000000 -0.000000 1.842220
 70 3.177726 -0.000001 -0.000001 0.000000 0.000000 3.141593
 71 15.708953 0.000001 -0.000001 0.136460 0.001254 -0.052592
 72 0.275149 0.189214 -3.445208 3.130898 0.000409 -1.514604
 73 17.210194 -0.000002 0.000000 -0.000000 -0.000000 -2.328678
 74 -0.000000 0.000001 -4.999999 -0.079432 1.546568 -1.570855
 75 0.000002 -0.000003 -3.619081 0.034416 -3.071533 -0.493407
 76 16.573921 -0.000000 0.000000 0.000000 0.000000 -1.045581
 77 15.128181 0.000002 0.000000 0.002618 -0.051986 0.588317
 78 5.758665 4.244731 -0.000000 -0.000000 0.000000 1.815142
 79 4.003934 0.000000 0.000000 0.000000 0.000000 0.000000
 80 15.708955 0.000001 0.000000 0.004296 -0.037430 0.405337
 81 0.273998 0.191090 3.439762 -3.130907 -0.000437 -1.508107
 82 17.210194 0.000000 0.000000 -0.000000 -0.000000 -1.884228
 83 0.000000 -0.000001 5.000000 -0.079311 1.595025 -1.570737
time 5
  0 -0.650000 0.000000 33.899605 -0.025849 0.174554 -1.569172
  1 5.816420 0.852483 -32.971565 -0.174512 -0.026131 1.569196
  2 -2.276935 0.000003 -1.238188 -1.570795 -1.570451 0.000000
  3 1.796642 0.711878 0.000524 -0.161450 -0.068425 -0.143867
  4 4.119787 -0.003012 0.000530 -0.162327 0.040767 0.368106
  5 4.118641 -0.003234 0.000545 -0.166923 -0.014101 0.014554
  6 4.118528 -0.003227 0.000580 -0.177892 -0.021631 -0.019899
  7 4.120198 -0.003119 -0.000514 0.160776 0.433939 0.539896
  8 4.443598 -0.000000 -0.000000 0.424741 -0.791929 0.132365
  9 9.024060 -0.000001 0.000000 0.000000 0.000000 0.000000
 10 -0.728522 0.255207 1.551850 -0.600658 -1.194066 -2.995373
 11 6.384777 0.000001 0.000000 -0.854437 1.319855 -0.758931
 12 10.242682 0.000000 -0.000000 0.000000 0.000000 -1.498168
 13 11.375562 0.000002 -0.000000 2.893345 0.441317 0.199694
 14 0.728680 0.023433 -1.008291 1.100073 0.611404 0.551668
 15 2.136497 -0.000001 0.000001 0.000000 -0.000000 -0.078540
 16 2.313138 -0.000000 -0.000000 0.000000 0.000000 0.000000
 17 3.115507 -0.886040 -0.021432 -0.452034 0.048796 0.614187
 18 2.011152 0.000001 0.000001 -0.000000 0.000000 1.433238
 19 2.141380 0.000000 -0.000000 0.000000 0.000000 0.000000
 20 1.734172 0.000001 0.000001 0.000000 0.000000 0.716179
 21 0.000006 -4.440593 0.000000 1.570544 -0.062990 -0.195737
 22 6.000000 0.000003 -0.000000 -3.041962 0.000000 0.000000
 23 0.000001 -4.440600 0.000000 1.569944 -0.062987 0.004053
 24 11.375562 0.000003 0.000003 -2.462260 0.174396 0.244181
 25 0.000000 -4.440604 0.000001 1.570144 -0.062988 0.004040
 26 10.510132 -0.000001 -0.000002 -0.000000 -0.000000 -2.319880
 27 -0.000000 -1.748399 4.999998 -0.000000 0.004007 1.602291
 28 5.500000 -0.000001 -0.000001 0.138533 -0.000000 0.000000
 29 -0.000001 -1.940599 5.000001 -0.044472 0.004003 -0.000180
 30 6.551492 0.000000 -0.000002 -0.314764 0.884766 -0.137132
 31 -0.000001 -1.940598 5.000002 -0.027189 -0.053376 0.005295
 32 6.551492 0.000000 -0.000002 -0.110898 0.404646 -0.018643
 33 -0.000000 -1.940599 4.999998 -0.066572 -0.152786 -0.110311
 34 0.728521 -0.248128 -1.551851 2.586946 1.504188 -1.095576
 35 6.384777 0.000001 -0.000001 -0.433725 -0.330761 -0.938430
 36 10.242680 -0.000002 0.000001 -0.000000 0.000000 -2.035733
 37 11.375559 -0.000001 -0.000002 2.902609 -0.058733 0.243377
 38 0.728682 0.023430 1.008292 -1.579583 -0.319038 0.212973
 39 2.136497 0.000004 -0.000002 -0.000000 0.000000 1.282817
 40 2.313139 0.000001 0.000002 0.000000 0.000000 3.141593
 41 3.115507 -0.886042 0.021433 0.420765 0.316066 0.167178
 42 2.011149 0.000003 0.000002 0.000000 0.000000 2.082010
 43 2.141378 -0.000000 -0.000001 0.000000 0.000000 3.141593
 44 1.734174 -0.000002 -0.000001 0.000000 -0.000000 1.041748
 45 0.136316 -3.738191 2.525892 1.493698 2.759406 -1.474501
 46 14.562628 -1.166815 -0.284473 0.258917 0.054664 1.504024
 47 11.389365 -0.000819 0.158781 2.237814 0.018818 0.150493
 48 0.000001 -4.440598 -0.000001 1.570144 -3.078602 0.004040
 49 5.999999 -0.000001 -0.000001 2.237815 -0.000000 -0.000000
 50 0.000002 -4.440602 0.000001 1.569944 -3.078603 0.004053
 51 10.510130 -0.000001 -0.000001 -0.000000 0.000000 -2.588663
 52 0.000000 -1.748401 -5.000004 3.141593 0.004007 -1.539299
 53 5.500000 -0.000002 -0.000000 0.174191 -0.000000 -0.000000
 54 -0.000001 -0.000001 -4.999998 -0.044472 3.137589 -0.000177
 55 6.551491 -0.000000 0.000002 -0.174191 -0.039751 -0.284908
 56 -1.266844 -1.937443 -4.950561 -0.066572 -2.988806 -0.110308
 57 6.551492 -0.000000 0.000002 -0.174191 -0.039751 -0.284908
 58 0.699370 -1.944207 -5.006847 -0.027189 -3.088217 0.005298
 59 4.226148 -0.003201 -0.000000 0.057974 0.251775 0.297052
 60 -0.000002 5.000001 0.000000 -0.153564 0.000087 2.718702
 61 0.000004 -0.000004 -3.713580 0.018865 -3.096651 -0.324845
 62 -0.000002 0.000000 5.000000 3.053198 1.558589 -0.074926
 63 -0.000007 0.000006 3.713580 -0.159276 -2.977491 -0.403653
 64 0.000001 -0.000000 -5.000000 -0.088724 1.558589 3.066337
 65 7.363602 1.646647 0.495663 3.141593 -1.570796 0.000000
 66 -0.000005 0.000007 3.619081 -0.217558 -2.796588 -0.810634
 67 16.573919 -0.000001 0.000000 0.000000 0.000000 -2.033247
 68 15.128181 0.000002 -0.000000 0.271612 0.009043 -0.097069
 69 5.758665 4.244730 0.000000 0.000000 -0.000000 1.842220
 70 3.177726 -0.000001 -0.000001 0.000000 0.000000 3.141593
 71 15.708953 0.000001 -0.000001 0.136460 0.001254 -0.052592
 72 0.275149 0.189214 -3.445208 3.130898 0.000409 -1.514604
 73 17.210194 -0.000002 0.000000 -0.000000 -0.000000 -2.328678
 74 -0.000000 0.000001 -4.999999 -0.079432 1.546568 -1.570855
 75 0.000002 -0.000003 -3.619081 0.034416 -3.071533 -0.493407
 76 16.573921 -0.000000 0.000000 0.000000 0.000000 -1.045581
 77 15.128181 0.000002 0.000000 0.002618 -0.051986 0.588317
 78 5.758665 4.244731 -0.000000 -0.000000 0.000000 1.815142
 79 4.003934 0.000000 0.000000 0.000000 0.000000 0.000000
 80 15.708955 0.000001 0.000000 0.004296 -0.037430 0.405337
 81 0.273998 0.191090 3.439762 -3.130907 -0.000437 -1.508107
 82 17.210194 0.000000 0.000000 -0.000000 -0.000000 -1.884228
 83 0.000000 -0.000001 5.000000 -0.079311 1.595025 -1.570737
time 6
  0 -0.650000 0.000000 33.899605 -0.025849 0.174554 -1.569172
  1 5.816420 0.852483 -32.971565 -0.174512 -0.026131 1.569196
  2 -2.276935 0.000003 -1.238188 -1.570795 -1.570451 0.000000
  3 1.796599 0.711880 0.000496 -0.153028 -0.072788 -0.157700
  4 4.119775 -0.003021 0.000506 -0.155007 0.038218 0.364789
  5 4.118628 -0.003237 0.000519 -0.158839 -0.013232 0.010713
  6 4.118514 -0.003232 0.000554 -0.169782 -0.021161 -0.023693
  7 4.120196 -0.003119 -0.000513 0.160776 0.433939 0.539896
  8 4.443597 0.000000 -0.000000 0.279424 -0.807118 0.313749
  9 9.024061 -0.000000 0.000000 0.000000 0.000000 0.000000
 10 -0.728522 0.255206 1.551851 -0.600658 -1.194066 -2.995373
 11 6.384777 0.000000 0.000002 -0.757877 1.331215 -0.685364
 12 10.242685 -0.000000 0.000000 0.000000 0.000000 -1.401286
 13 11.375560 -0.000003 0.000000 2.895723 0.442766 0.210336
 14 0.728682 0.023432 -1.008293 1.100073 0.611404 0.551668
 15 2.136498 0.000000 0.000002 0.000000 0.000000 -0.078540
 16 2.313138 -0.000000 0.000001 0.000000 0.000000 0.000000
 17 3.115508 -0.886039 -0.021433 -0.452224 0.046866 0.610208
 18 2.011150 -0.000002 -0.000001 -0.000000 0.000000 1.428820
 19 2.141379 0.000001 0.000002 0.000000 0.000000 0.000000
 20 1.734172 -0.000001 -0.000001 0.000000 -0.000000 0.713958
 21 0.000004 -4.440594 -0.000001 1.570544 -0.062990 -0.195737
 22 5.999999 -0.000001 -0.000000 -3.040241 -0.000000 0.000000
 23 0.000001 -4.440601 0.000000 1.569944 -0.062987 0.004053
 24 11.375562 0.000001 0.000003 -2.461704 0.172048 0.249664
 25 -0.000002 -4.440602 -0.000002 1.570144 -0.062988 0.004040
 26 10.510134 -0.000001 -0.000001 0.000000 0.000000 -2.271439
 27 -0.000001 -1.748400 5.000000 -0.000000 0.004007 1.602291
 28 5.500002 -0.000000 -0.000000 0.116309 0.000000 0.000000
 29 -0.000003 -1.940598 5.000000 -0.044472 0.004003 -0.000180
 30 6.551491 0.000001 0.000003 -0.266046 0.879043 -0.127671
 31 0.000002 -1.940599 5.000002 -0.027189 -0.053376 0.005295
 32 6.551491 0.000001 0.000003 -0.093006 0.403056 -0.021014
 33 -0.000001 -1.940599 4.999997 -0.066572 -0.152786 -0.110311
 34 0.728521 -0.248129 -1.551851 -2.418662 1.519535 0.213992
 35 6.384777 0.000000 0.000001 -0.475407 -0.328197 -0.857233
 36 10.242682 0.000001 0.000001 -0.000000 0.000000 -2.017081
 37 11.375562 -0.000000 0.000001 2.974792 -0.085792 0.249281
 38 0.728681 0.023431 1.008291 -1.579583 -0.319038 0.212973
 39 2.136497 -0.000001 0.000000 -0.000000 0.000000 1.282817
 40 2.313141 0.000000 0.000000 0.000000 0.000000 3.141593
 41 3.115506 -0.886041 0.021431 0.420766 0.316066 0.167178
 42 2.011149 0.000001 -0.000000 -0.000000 0.000000 2.082010
 43 2.141379 -0.000000 0.000000 0.000000 0.000000 3.141593
 44 1.734173 -0.000003 -0.000001 -0.000000 0.000000 1.041748
 45 0.136314 -3.738193 2.525891 1.493698 2.759406 -1.474501
 46 14.562628 -1.166817 -0.284477 0.258917 0.054664 1.504024
 47 11.389366 -0.000820 0.158780 2.274302 0.008555 0.160316
 48 0.000001 -4.440599 0.000000 1.570144 -3.078602 0.004040
 49 6.000000 0.000001 0.000001 2.274302 0.000000 0.000000
 50 0.000002 -4.440601 -0.000000 1.569944 -3.078603 0.004053
 51 10.510132 0.000001 0.000002 0.000000 0.000000 -2.579337
 52 0.000001 -1.748401 -5.000000 -3.141593 0.004007 -1.539299
 53 5.500001 0.000000 0.000002 0.180843 -0.000000 -0.000000
 54 -0.000001 -0.000000 -5.000001 -0.044472 3.137590 -0.000177
 55 6.551491 -0.000000 0.000002 -0.180843 -0.040909 -0.273495
 56 -1.266844 -1.937443 -4.950562 -0.066572 -2.988806 -0.110308
 57 6.551491 -0.000000 0.000002 -0.180843 -0.040909 -0.273495
 58 0.699370 -1.944208 -5.006848 -0.027189 -3.088217 0.005298
 59 4.226148 -0.003201 -0.000000 0.057974 0.251775 0.297052
 60 -0.000000 5.000002 -0.000000 -0.153564 0.000087 2.718702
 61 0.000004 -0.000004 -3.713580 0.018865 -3.096651 -0.324845
 62 -0.000002 0.000000 5.000000 3.053198 1.558589 -0.074926
 63 -0.000007 0.000006 3.713580 -0.159276 -2.977491 -0.403653
 64 0.000001 -0.000000 -5.000000 -0.088724 1.558589 3.066337
 65 7.363602 1.646647 0.495663 3.141593 -1.570796 0.000000
 66 -0.000005 0.000007 3.619081 -0.217558 -2.796588 -0.810634
 67 16.573919 -0.000001 0.000000 0.000000 0.000000 -2.033247
 68 15.128181 0.000002 -0.000000 0.271612 0.009043 -0.097069
 69 5.758665 4.244730 0.000000 0.000000 -0.000000 1.842220
 70 3.177726 -0.000001 -0.000001 0.000000 0.000000 3.141593
 71 15.708953 0.000001 -0.000001 0.136460 0.001254 -0.052592
 72 0.275149 0.189214 -3.445208 3.130898 0.000409 -1.514604
 73 17.210194 -0.000002 0.000000 -0.000000 -0.000000 -2.328678
 74 -0.000000 0.000001 -4.999999 -0.079432 1.546568 -1.570855
 75 0.000002 -0.000003 -3.619081 0.034416 -3.071533 -0.493407
 76 16.573921 -0.000000 0.000000 0.000000 0.000000 -1.045581
 77 15.128181 0.000002 0.000000 0.002618 -0.051986 0.588317
 78 5.758665 4.244731 -0.000000 -0.000000 0.000000 1.815142
 79 4.003934 0.000000 0.000000 0.000000 0.000000 0.000000
 80 15.708955 0.000001 0.000000 0.004296 -0.037430 0.405337
 81 0.273998 0.191090 3.439762 -3.130907 -0.000437 -1.508107
 82 17.210194 0.000000 0.000000 -0.000000 -0.000000 -1.884228
 83 0.000000 -0.000001 5.000000 -0.079311 1.595025 -1.570737
time 7
  0 -0.650000 0.000000 33.899605 -0.025849 0.174554 -1.569172
  1 5.816420 0.852483 -32.971565 -0.174512 -0.026131 1.569196
  2 -2.276935 0.000003 -1.238188 -1.570795 -1.570451 0.000000
  3 1.796557 0.711884 0.000470 -0.145093 -0.076728 -0.170414
  4 4.119767 -0.003028 0.000484 -0.148143 0.035863 0.361735
  5 4.118619 -0.003242 0.000494 -0.151274 -0.012380 0.007191
  6 4.118500 -0.003234 0.000530 -0.162193 -0.020682 -0.027172
  7 4.120193 -0.003119 -0.000513 0.160776 0.433939 0.539896
  8 4.443598 -0.000001 0.000001 0.151710 -0.800922 0.477094
  9 9.024060 0.000001 -0.000000 0.000000 0.000000 0.000000
 10 -0.728521 0.255206 1.551851 -0.600658 -1.194066 -2.995373
 11 6.384776 -0.000000 0.000001 -0.672889 1.335520 -0.621218
 12 10.242683 -0.000000 0.000000 0.000000 0.000000 -1.306368
 13 11.375562 -0.000001 0.000001 2.883011 0.447711 0.202889
 14 0.728681 0.023428 -1.008292 1.100072 0.611404 0.551668
 15 2.136498 0.000001 -0.000002 0.000000 0.000000 -0.078540
 16 2.313138 0.000000 -0.000002 0.000000 0.000000 0.000000
 17 3.115508 -0.886044 -0.021432 -0.453426 0.032046 0.579728
 18 2.011151 -0.000000 -0.000000 -0.000000 0.000000 1.394950
 19 2.141381 0.000000 -0.000000 0.000000 0.000000 0.000000
 20 1.734173 -0.000000 -0.000001 -0.000000 -0.000000 0.696931
 21 0.000006 -4.440594 -0.000001 1.570544 -0.062990 -0.195737
 22 6.000000 -0.000002 0.000000 -3.051766 0.000000 0.000000
 23 0.000001 -4.440599 0.000000 1.569944 -0.062987 0.004053
 24 11.375562 -0.000001 0.000003 -2.466767 0.176192 0.248682
 25 -0.000001 -4.440603 0.000000 1.570144 -0.062988 0.004040
 26 10.510130 0.000000 -0.000000 0.000000 0.000000 -2.223980
 27 -0.000000 -1.748401 4.999998 0.000000 0.004007 1.602291
 28 5.500000 -0.000000 -0.000000 0.096845 -0.000000 0.000000
 29 -0.000002 -1.940598 5.000000 -0.044472 0.004003 -0.000180
 30 6.551490 -0.000001 -0.000001 -0.224971 0.871085 -0.125095
 31 0.000000 -1.940599 5.000002 -0.027189 -0.053376 0.005295
 32 6.551490 -0.000001 -0.000001 -0.077206 0.400569 -0.025261
 33 -0.000001 -1.940599 4.999998 -0.066572 -0.152786 -0.110311
 34 0.728524 -0.248131 -1.551850 -1.794173 1.467308 0.870819
 35 6.384776 0.000001 -0.000001 -0.510261 -0.326241 -0.780756
 36 10.242682 -0.000001 -0.000000 0.000000 -0.000000 -1.998950
 37 11.375561 -0.000001 -0.000001 3.044488 -0.113041 0.255259
 38 0.728681 0.023430 1.008291 -1.579583 -0.319038 0.212973
 39 2.136497 -0.000003 0.000002 0.000000 -0.000000 1.282817
 40 2.313142 0.000000 -0.000001 0.000000 0.000000 3.141593
 41 3.115507 -0.886042 0.021431 0.420766 0.316066 0.167178
 42 2.011151 0.000000 -0.000000 -0.000000 0.000000 2.082010
 43 2.141378 -0.000000 -0.000000 0.000000 0.000000 3.141593
 44 1.734173 -0.000002 -0.000001 0.000000 0.000000 1.041748
 45 0.136313 -3.738194 2.525889 1.493698 2.759406 -1.474501
 46 14.562628 -1.166815 -0.284477 0.258917 0.054664 1.504024
 47 11.389366 -0.000821 0.158780 2.309403 -0.001610 0.170855
 48 0.000000 -4.440598 -0.000001 1.570144 -3.078602 0.004040
 49 6.000000 -0.000001 -0.000000 2.309403 0.000000 0.000000
 50 0.000002 -4.440602 0.000002 1.569944 -3.078603 0.004053
 51 10.510129 -0.000001 -0.000000 -0.000000 0.000000 -2.570271
 52 0.000001 -1.748399 -5.000002 3.141593 0.004007 -1.539299
 53 5.499998 0.000000 -0.000001 0.185974 0.000000 -0.000000
 54 -0.000000 -0.000002 -5.000000 -0.044472 3.137589 -0.000177
 55 6.551490 0.000000 -0.000000 -0.185974 -0.043710 -0.262789
 56 -1.266843 -1.937443 -4.950560 -0.066572 -2.988806 -0.110308
 57 6.551490 0.000000 -0.000000 -0.185974 -0.043710 -0.262789
 58 0.699370 -1.944207 -5.006847 -0.027189 -3.088217 0.005298
 59 4.226145 -0.003201 0.000000 0.057974 0.251775 0.297052
 60 0.000002 5.000000 0.000000 -0.153564 0.000087 2.718702
 61 0.000004 -0.000004 -3.713580 0.018865 -3.096651 -0.324845
 62 -0.000002 0.000000 5.000000 3.053198 1.558589 -0.074926
 63 -0.000007 0.000006 3.713580 -0.159276 -2.977491 -0.403653
 64 0.000001 -0.000000 -5.000000 -0.088724 1.558589 3.066337
 65 7.363602 1.646647 0.495663 3.141593 -1.570796 0.000000
 66 -0.000005 0.000007 3.619081 -0.217558 -2.796588 -0.810634
 67 16.573919 -0.000001 0.000000 0.000000 0.000000 -2.033247
 68 15.128181 0.000002 -0.000000 0.271612 0.009043 -0.097069
 69 5.758665 4.244730 0.000000 0.000000 -0.000000 1.842220
 70 3.177726 -0.000001 -0.000001 0.000000 0.000000 3.141593
 71 15.708953 0.000001 -0.000001 0.136460 0.001254 -0.052592
 72 0.275149 0.189214 -3.445208 3.130898 0.000409 -1.514604
 73 17.210194 -0.000002 0.000000 -0.000000 -0.000000 -2.328678
 74 -0.000000 0.000001 -4.999999 -0.079432 1.546568 -1.570855
 75 0.000002 -0.000003 -3.619081 0.034416 -3.071533 -0.493407
 76 16.573921 -0.000000 0.000000 0.000000 0.000000 -1.045581
 77 15.128181 0.000002 0.000000 0.002618 -0.051986 0.588317
 78 5.758665 4.244731 -0.000000 -0.000000 0.000000 1.815142
 79 4.003934 0.000000 0.000000 0.000000 0.000000 0.000000
 80 15.708955 0.000001 0.000000 0.004296 -0.037430 0.405337
 81 0.273998 0.191090 3.439762 -3.130907 -0.000437 -1.508107
 82 17.210194 0.000000 0.000000 -0.000000 -0.000000 -1.884228
 83 0.000000 -0.000001 5.000000 -0.079311 1.595025 -1.570737
time 8
  0 -0.650000 0.000000 33.899605 -0.025849 0.174554 -1.569172
  1 5.816420 0.852483 -32.971565 -0.174512 -0.026131 1.569196
  2 -2.276935 0.000003 -1.238188 -1.570795 -1.570451 0.000000
  3 1.796518 0.711888 0.000447 -0.137826 -0.080177 -0.181652
  4 4.119761 -0.003034 0.000463 -0.141877 0.033750 0.359032
  5 4.118609 -0.003245 0.000472 -0.144383 -0.011566 0.004082
  6 4.118491 -0.003237 0.000508 -0.155278 -0.020208 -0.030246
  7 4.120194 -0.003118 -0.000513 0.160776 0.433940 0.539896
  8 4.443599 -0.000003 0.000000 0.052617 -0.780007 0.609536
  9 9.024060 0.000001 0.000000 0.000000 0.000000 0.000000
 10 -0.728519 0.255203 1.551851 -0.600658 -1.194066 -2.995373
 11 6.384776 -0.000001 -0.000001 -0.602876 1.335148 -0.569741
 12 10.242680 0.000000 -0.000000 0.000000 -0.000000 -1.214388
 13 11.375561 0.000001 0.000001 2.851950 0.454825 0.169371
 14 0.728682 0.023429 -1.008293 1.100073 0.611404 0.551668
 15 2.136497 0.000000 0.000000 0.000000 0.000000 -0.078540
 16 2.313138 0.000001 -0.000001 0.000000 0.000000 0.000000
 17 3.115506 -0.886043 -0.021431 -0.454479 0.000392 0.514872
 18 2.011151 -0.000000 -0.000001 -0.000000 0.000000 1.322792
 19 2.141378 0.000000 0.000001 0.000000 0.000000 0.000000
 20 1.734172 0.000001 0.000000 0.000000 0.000000 0.660693
 21 0.000006 -4.440593 -0.000000 1.570544 -0.062990 -0.195737
 22 6.000000 0.000001 0.000000 -3.079517 -0.000000 0.000000
 23 0.000001 -4.440601 0.000001 1.569944 -0.062987 0.004053
 24 11.375561 0.000001 0.000004 -2.478448 0.188658 0.237315
 25 0.000000 -4.440604 0.000001 1.570144 -0.062988 0.004040
 26 10.510133 -0.000000 -0.000001 0.000000 -0.000000 -2.177990
 27 0.000000 -1.748401 4.999997 0.000000 0.004007 1.602290
 28 5.499999 0.000000 -0.000000 0.080236 0.000000 0.000000
 29 -0.000004 -1.940598 5.000000 -0.044472 0.004003 -0.000180
 30 6.551491 -0.000001 -0.000002 -0.191194 0.862420 -0.127246
 31 -0.000001 -1.940599 5.000000 -0.027189 -0.053376 0.005295
 32 6.551491 -0.000001 -0.000002 -0.063621 0.397669 -0.030510
 33 -0.000001 -1.940598 4.999996 -0.066572 -0.152786 -0.110311
 34 0.728525 -0.248133 -1.551850 -1.632270 1.405240 1.065041
 35 6.384777 0.000001 0.000001 -0.538240 -0.324934 -0.710399
 36 10.242682 -0.000001 -0.000001 0.000000 0.000000 -1.981514
 37 11.375562 0.000002 -0.000000 3.110863 -0.140492 0.262076
 38 0.728681 0.023431 1.008291 -1.579583 -0.319038 0.212973
 39 2.136497 -0.000003 0.000001 -0.000000 -0.000000 1.282817
 40 2.313142 0.000001 -0.000002 0.000000 0.000000 3.141593
 41 3.115507 -0.886042 0.021429 0.420766 0.316066 0.167178
 42 2.011150 0.000001 0.000000 -0.000000 0.000000 2.082010
 43 2.141378 -0.000000 -0.000000 0.000000 0.000000 3.141593
 44 1.734172 -0.000002 -0.000001 -0.000000 0.000000 1.041748
 45 0.136313 -3.738193 2.525890 1.493698 2.759406 -1.474501
 46 14.562628 -1.166817 -0.284478 0.258917 0.054664 1.504024
 47 11.389366 -0.000819 0.158779 2.342682 -0.011528 0.182487
 48 0.000001 -4.440600 0.000000 1.570144 -3.078602 0.004040
 49 6.000000 0.000002 -0.000001 2.342682 0.000000 0.000000
 50 0.000001 -4.440601 0.000000 1.569944 -3.078603 0.004053
 51 10.510132 -0.000002 0.000001 0.000000 0.000000 -2.561553
 52 0.000001 -1.748400 -5.000000 -3.141593 0.004007 -1.539299
 53 5.500001 -0.000002 0.000001 0.189613 -0.000000 -0.000000
 54 -0.000001 -0.000000 -5.000001 -0.044472 3.137590 -0.000177
 55 6.551491 0.000001 0.000000 -0.189613 -0.047854 -0.252721
 56 -1.266845 -1.937442 -4.950562 -0.066572 -2.988806 -0.110308
 57 6.551491 0.000001 0.000000 -0.189613 -0.047854 -0.252721
 58 0.699370 -1.944207 -5.006847 -0.027189 -3.088217 0.005298
 59 4.226147 -0.003201 0.000000 0.057974 0.251775 0.297052
 60 -0.000001 5.000000 0.000001 -0.153564 0.000087 2.718702
 61 0.000004 -0.000004 -3.713580 0.018865 -3.096651 -0.324845
 62 -0.000002 0.000000 5.000000 3.053198 1.558589 -0.074926
 63 -0.000007 0.000006 3.713580 -0.159276 -2.977491 -0.403653
 64 0.000001 -0.000000 -5.000000 -0.088724 1.558589 3.066337
 65 7.363602 1.646647 0.495663 3.141593 -1.570796 0.000000
 66 -0.000005 0.000007 3.619081 -0.217558 -2.796588 -0.810634
 67 16.573919 -0.000001 0.000000 0.000000 0.000000 -2.033247
 68 15.128181 0.000002 -0.000000 0.271612 0.009043 -0.097069
 69 5.758665 4.244730 0.000000 0.000000 -0.000000 1.842220
 70 3.177726 -0.000001 -0.000001 0.000000 0.000000 3.141593
 71 15.708953 0.000001 -0.000001 0.136460 0.001254 -0.052592
 72 0.275149 0.189214 -3.445208 3.130898 0.000409 -1.514604
 73 17.210194 -0.000002 0.000000 -0.000000 -0.000000 -2.328678
 74 -0.000000 0.000001 -4.999999 -0.079432 1.546568 -1.570855
 75 0.000002 -0.000003 -3.619081 0.034416 -3.071533 -0.493407
 76 16.573921 -0.000000 0.000000 0.000000 0.000000 -1.045581
 77 15.128181 0.000002 0.000000 0.002618 -0.051986 0.588317
 78 5.758665 4.244731 -0.000000 -0.000000 0.000000 1.815142
 79 4.003934 0.000000 0.000000 0.000000 0.000000 0.000000
 80 15.708955 0.000001 0.000000 0.004296 -0.037430 0.405337
 81 0.273998 0.191090 3.439762 -3.130907 -0.000437 -1.508107
 82 17.210194 0.000000 0.000000 -0.000000 -0.000000 -1.884228
 83 0.000000 -0.000001 5.000000 -0.079311 1.595025 -1.570737
time 9
  0 -0.650000 0.000000 33.899605 -0.025849 0.174554 -1.569172
  1 5.816420 0.852483 -32.971565 -0.174512 -0.026131 1.569196
  2 -2.276935 0.000003 -1.238188 -1.570795 -1.570451 0.000000
  3 1.796521 0.711886 0.000441 -0.136112 -0.080465 -0.180383
  4 4.119761 -0.003035 0.000458 -0.140259 0.033370 0.359373
  5 4.118599 -0.003246 0.000466 -0.142627 -0.011667 0.001241
  6 4.118488 -0.003240 0.000500 -0.153495 -0.020416 -0.033076
  7 4.120192 -0.003118 -0.000513 0.160776 0.433939 0.539896
  8 4.443599 -0.000001 0.000001 0.003245 -0.768379 0.691274
  9 9.024061 0.000001 -0.000000 0.000000 0.000000 0.000000
 10 -0.728520 0.255205 1.551851 -0.600658 -1.194066 -2.995373
 11 6.384777 -0.000000 -0.000001 0.278442 1.411749 0.361403
 12 10.242683 -0.000000 -0.000001 0.000000 0.000000 -1.346604
 13 11.375563 0.000000 0.000001 2.719211 0.457040 0.017870
 14 0.728682 0.023429 -1.008293 1.102273 0.638582 0.562617
 15 2.136496 -0.000001 0.000002 -0.000000 0.000000 -0.077231
 16 2.313140 0.000002 -0.000001 0.000000 0.000000 0.000000
 17 3.115506 -0.886043 -0.021431 -0.407557 -0.207014 0.069739
 18 2.011150 0.000001 0.000001 -0.000000 0.000000 0.834643
 19 2.141381 0.000000 -0.000002 0.000000 0.000000 0.000000
 20 1.734172 0.000001 0.000000 -0.000000 0.000000 0.417158
 21 0.000005 -4.440593 0.000001 1.570544 -0.062990 -0.195737
 22 6.000002 -0.000000 0.000000 3.078079 -0.000000 0.000000
 23 0.000003 -4.440600 0.000000 1.569944 -0.062987 0.004053
 24 11.375564 0.000001 0.000003 -2.529968 0.235326 0.175957
 25 0.000000 -4.440604 0.000001 1.570144 -0.062988 0.004040
 26 10.510130 0.000000 -0.000001 0.000000 0.000000 -2.244098
 27 0.000000 -1.748400 4.999999 -0.000000 0.004007 1.602290
 28 5.500002 -0.000001 -0.000001 0.029976 -0.000000 -0.000000
 29 -0.000005 -1.940599 5.000000 -0.044472 0.004003 -0.000180
 30 6.551492 0.000000 0.000001 -0.019239 0.923045 0.144136
 31 0.000000 -1.940600 5.000000 -0.027189 -0.053376 0.005295
 32 6.551492 0.000001 0.000001 -0.027166 0.416577 0.059075
 33 0.000001 -1.940599 4.999995 -0.066572 -0.152786 -0.110311
 34 0.728525 -0.248132 -1.551850 -1.571513 1.344583 1.157681
 35 6.384776 -0.000000 -0.000000 -0.554239 -0.322256 -0.669333
 36 10.242683 -0.000001 -0.000000 0.000000 -0.000000 -1.964946
 37 11.375559 0.000000 -0.000000 -3.110156 -0.168226 0.270536
 38 0.728680 0.023431 1.008292 -1.579583 -0.319038 0.212973
 39 2.136497 0.000001 -0.000001 0.000000 -0.000000 1.282817
 40 2.313138 0.000000 -0.000000 0.000000 0.000000 3.141593
 41 3.115505 -0.886041 0.021432 0.420766 0.316066 0.167178
 42 2.011150 0.000001 0.000000 0.000000 0.000000 2.082010
 43 2.141377 0.000000 -0.000000 0.000000 0.000000 3.141593
 44 1.734173 -0.000003 0.000001 0.000000 0.000000 1.041748
 45 0.136314 -3.738194 2.525890 1.493698 2.759406 -1.474501
 46 14.562627 -1.166815 -0.284476 0.258917 0.054664 1.504024
 47 11.389366 -0.000818 0.158781 2.373692 -0.021059 0.195581
 48 0.000001 -4.440599 -0.000001 1.570144 -3.078602 0.004040
 49 5.999999 -0.000001 -0.000001 2.373692 -0.000000 0.000000
 50 0.000002 -4.440601 0.000002 1.569944 -3.078603 0.004053
 51 10.510131 -0.000001 -0.000000 0.000000 0.000000 -2.553269
 52 0.000001 -1.748399 -5.000001 -3.141593 0.004007 -1.539299
 53 5.500000 -0.000000 -0.000001 0.191697 -0.000000 0.000000
 54 -0.000001 0.000001 -5.000001 -0.044472 3.137589 -0.000177
 55 6.551491 -0.000001 -0.000000 -0.191697 -0.050107 -0.246726
 56 -1.266843 -1.937443 -4.950560 -0.066572 -2.988806 -0.110308
 57 6.551491 -0.000001 -0.000000 -0.191697 -0.050107 -0.246726
 58 0.699371 -1.944207 -5.006847 -0.027189 -3.088217 0.005298
 59 4.226147 -0.003201 -0.000001 0.057974 0.251775 0.297052
 60 0.000003 5.000000 0.000000 -0.153564 0.000087 2.718702
 61 0.000004 -0.000004 -3.713580 0.018865 -3.096651 -0.324845
 62 -0.000002 0.000000 5.000000 3.053198 1.558589 -0.074926
 63 -0.000007 0.000006 3.713580 -0.159276 -2.977491 -0.403653
 64 0.000001 -0.000000 -5.000000 -0.088724 1.558589 3.066337
 65 7.363602 1.646647 0.495663 3.141593 -1.570796 0.000000
 66 -0.000005 0.000007 3.619081 -0.217558 -2.796588 -0.810634
 67 16.573919 -0.000001 0.000000 0.000000 0.000000 -2.033247
 68 15.128181 0.000002 -0.000000 0.271612 0.009043 -0.097069
 69 5.758665 4.244730 0.000000 0.000000 -0.000000 1.842220
 70 3.177726 -0.000001 -0.000001 0.000000 0.000000 3.141593
 71 15.708953 0.000001 -0.000001 0.136460 0.001254 -0.052592
 72 0.275149 0.189214 -3.445208 3.130898 0.000409 -1.514604
 73 17.210194 -0.000002 0.000000 -0.000000 -0.000000 -2.328678
 74 -0.000000 0.000001 -4.999999 -0.079432 1.546568 -1.570855
 75 0.000002 -0.000003 -3.619081 0.034416 -3.071533 -0.493407
 76 16.573921 -0.000000 0.000000 0.000000 0.000000 -1.045581
 77 15.128181 0.000002 0.000000 0.002618 -0.051986 0.588317
 78 5.758665 4.244731 -0.000000 -0.000000 0.000000 1.815142
 79 4.003934 0.000000 0.000000 0.000000 0.000000 0.000000
 80 15.708955 0.000001 0.000000 0.004296 -0.037430 0.405337
 81 0.273998 0.191090 3.439762 -3.130907 -0.000437 -1.508107
 82 17.210194 0.000000 0.000000 -0.000000 -0.000000 -1.884228
 83 0.000000 -0.000001 5.000000 -0.079311 1.595025 -1.570737
time 10
  0 -0.650000 0.000000 33.899605 -0.025849 0.174554 -1.569172
  1 5.816420 0.852483 -32.971565 -0.174512 -0.026131 1.569196
  2 -2.276935 0.000003 -1.238188 -1.570795 -1.570451 0.000000
  3 1.796548 0.711882 0.000448 -0.138241 -0.078882 -0.172666
  4 4.119770 -0.003032 0.000463 -0.141932 0.034117 0.361271
  5 4.118617 -0.003245 0.000473 -0.144570 -0.011274 0.006331
  6 4.118502 -0.003238 0.000508 -0.155477 -0.019883 -0.028001
  7 4.120196 -0.003120 -0.000514 0.160776 0.433940 0.539896
  8 4.443597 0.000001 0.000001 -0.006807 -0.772180 0.722148
  9 9.024060 -0.000002 0.000000 0.000000 0.000000 0.000000
 10 -0.728522 0.255207 1.551851 -0.600658 -1.194066 -2.995373
 11 6.384777 -0.000001 -0.000002 0.925604 1.289151 1.002464
 12 10.242682 -0.000001 -0.000001 0.000000 -0.000000 -1.574523
 13 11.375562 0.000002 0.000001 2.757793 0.423265 -0.174322
 14 0.728681 0.023430 -1.008293 1.100073 0.611404 0.551668
 15 2.136497 0.000001 -0.000001 0.000000 0.000000 -0.078540
 16 2.313138 -0.000001 -0.000001 0.000000 0.000000 0.000000
 17 3.115507 -0.886040 -0.021431 -0.279986 -0.362832 -0.375830
 18 2.011149 0.000000 0.000001 -0.000000 0.000000 0.380314
 19 2.141380 -0.000002 -0.000002 0.000000 0.000000 0.000000
 20 1.734172 0.000000 -0.000001 -0.000000 -0.000000 0.190993
 21 0.000007 -4.440595 -0.000000 1.570544 -0.062990 -0.195737
 22 5.999998 0.000000 0.000001 3.118641 0.000000 0.000000
 23 0.000001 -4.440600 -0.000000 1.569944 -0.062987 0.004053
 24 11.375561 0.000003 0.000004 -2.504935 0.278769 0.052446
 25 -0.000000 -4.440603 -0.000001 1.570144 -0.062988 0.004040
 26 10.510133 -0.000002 -0.000001 0.000000 -0.000000 -2.358058
 27 0.000000 -1.748402 4.999999 0.000000 0.004007 1.602291
 28 5.500000 -0.000001 0.000000 -0.054540 -0.000000 0.000000
 29 -0.000001 -1.940599 5.000001 -0.044472 0.004003 -0.000180
 30 6.551491 0.000000 0.000001 0.204178 0.881289 0.353084
 31 -0.000001 -1.940599 5.000001 -0.027189 -0.053376 0.005295
 32 6.551491 0.000000 0.000001 0.038200 0.405214 0.117672
 33 -0.000001 -1.940599 4.999999 -0.066572 -0.152786 -0.110311
 34 0.728521 -0.248128 -1.551851 -1.585112 1.363045 1.134282
 35 6.384776 -0.000001 0.000002 -0.536596 -0.314936 -0.698181
 36 10.242681 0.000000 -0.000001 -0.000000 -0.000000 -1.969974
 37 11.375561 0.000002 0.000001 3.126709 -0.191600 0.366314
 38 0.728678 0.023432 1.008292 -1.579583 -0.319038 0.212973
 39 2.136497 -0.000002 -0.000000 -0.000000 -0.000000 1.282817
 40 2.313137 0.000000 0.000000 0.000000 0.000000 3.141593
 41 3.115507 -0.886043 0.021430 0.420766 0.316066 0.167178
 42 2.011151 -0.000001 0.000000 0.000000 0.000000 2.082010
 43 2.141382 -0.000000 0.000000 0.000000 0.000000 3.141593
 44 1.734173 -0.000002 -0.000000 -0.000000 -0.000000 1.041748
 45 0.136314 -3.738194 2.525891 1.493698 2.759406 -1.474501
 46 14.562627 -1.166817 -0.284478 0.258917 0.054664 1.504024
 47 11.389366 -0.000819 0.158781 2.352897 -0.013037 0.247764
 48 0.000001 -4.440599 -0.000001 1.570144 -3.078602 0.004040
 49 5.999999 -0.000001 -0.000002 2.352897 -0.000000 -0.000000
 50 0.000001 -4.440601 0.000000 1.569944 -3.078603 0.004053
 51 10.510131 -0.000000 0.000001 0.000000 -0.000000 -2.555783
 52 0.000000 -1.748400 -5.000000 -3.141593 0.004007 -1.539299
 53 5.500000 -0.000001 0.000001 0.187950 -0.000000 -0.000000
 54 -0.000002 0.000001 -5.000003 -0.044472 3.137589 -0.000177
 55 6.551490 -0.000001 0.000002 -0.187950 -0.046495 -0.250885
 56 -1.266843 -1.937445 -4.950560 -0.066572 -2.988806 -0.110308
 57 6.551490 -0.000001 0.000002 -0.187950 -0.046495 -0.250885
 58 0.699370 -1.944210 -5.006845 -0.027189 -3.088217 0.005298
 59 4.226149 -0.003202 -0.000000 0.057974 0.251775 0.297052
 60 -0.000001 5.000001 0.000000 -0.153564 0.000087 2.718702
 61 0.000004 -0.000004 -3.713580 0.018865 -3.096651 -0.324845
 62 -0.000002 0.000000 5.000000 3.053198 1.558589 -0.074926
 63 -0.000007 0.000006 3.713580 -0.159276 -2.977491 -0.403653
 64 0.000001 -0.000000 -5.000000 -0.088724 1.558589 3.066337
 65 7.363602 1.646647 0.495663 3.141593 -1.570796 0.000000
 66 -0.000005 0.000007 3.619081 -0.217558 -2.796588 -0.810634
 67 16.573919 -0.000001 0.000000 0.000000 0.000000 -2.033247
 68 15.128181 0.000002 -0.000000 0.271612 0.009043 -0.097069
 69 5.758665 4.244730 0.000000 0.000000 -0.000000 1.842220
 70 3.177726 -0.000001 -0.000001 0.000000 0.000000 3.141593
 71 15.708953 0.000001 -0.000001 0.136460 0.001254 -0.052592
 72 0.275149 0.189214 -3.445208 3.130898 0.000409 -1.514604
 73 17.210194 -0.000002 0.000000 -0.000000 -0.000000 -2.328678
 74 -0.000000 0.000001 -4.999999 -0.079432 1.546568 -1.570855
 75 0.000002 -0.000003 -3.619081 0.034416 -3.071533 -0.493407
 76 16.573921 -0.000000 0.000000 0.000000 0.000000 -1.045581
 77 15.128181 0.000002 0.000000 0.002618 -0.051986 0.588317
 78 5.758665 4.244731 -0.000000 -0.000000 0.000000 1.815142
 79 4.003934 0.000000 0.000000 0.000000 0.000000 0.000000
 80 15.708955 0.000001 0.000000 0.004296 -0.037430 0.405337
 81 0.273998 0.191090 3.439762 -3.130907 -0.000437 -1.508107
 82 17.210194 0.000000 0.000000 -0.000000 -0.000000 -1.884228
 83 0.000000 -0.000001 5.000000 -0.079311 1.595025 -1.570737
time 11
  0 -0.650000 0.000000 33.899605 -0.025849 0.174554 -1.569172
  1 5.816420 0.852483 -32.971565 -0.174512 -0.026131 1.569196
  2 -2.276935 0.000003 -1.238188 -1.570795 -1.570451 0.000000
  3 1.796556 0.711881 0.000452 -0.139383 -0.077678 -0.169878
  4 4.119769 -0.003030 0.000466 -0.142897 0.034327 0.361991
  5 4.118673 -0.003245 0.000476 -0.145799 -0.009332 0.022474
  6 4.118549 -0.003237 0.000513 -0.156843 -0.017611 -0.011902
  7 4.120195 -0.003119 -0.000514 0.160776 0.433939 0.539896
  8 4.443597 0.000001 0.000000 0.001985 -0.778586 0.715789
  9 9.024060 0.000003 -0.000000 0.000000 0.000000 0.000000
 10 -0.728522 0.255207 1.551850 -0.600658 -1.194066 -2.995373
 11 6.384777 -0.000000 0.000000 0.824278 1.127686 0.674442
 12 10.242684 -0.000001 -0.000000 0.000000 -0.000000 -1.744045
 13 11.375560 0.000001 0.000000 -2.980529 0.417221 -0.287520
 14 0.728681 0.023431 -1.008291 1.094479 0.442021 0.488594
 15 2.136496 -0.000001 0.000003 -0.000000 0.000000 -0.086685
 16 2.313139 0.000000 -0.000001 0.000000 0.000000 0.000000
 17 3.115506 -0.886040 -0.021431 -0.336282 -0.311737 -0.206132
 18 2.011152 0.000002 -0.000001 0.000000 0.000000 0.548362
 19 2.141379 -0.000001 -0.000001 0.000000 0.000000 0.000000
 20 1.734173 0.000003 0.000000 -0.000000 0.000000 0.274859
 21 0.000006 -4.440596 -0.000000 1.570544 -0.062990 -0.195737
 22 6.000000 0.000002 -0.000000 -2.659415 0.000000 0.000000
 23 0.000001 -4.440600 -0.000000 1.569944 -0.062987 0.004053
 24 11.375562 0.000001 0.000004 -2.240272 0.280175 -0.064068
 25 -0.000001 -4.440603 0.000001 1.570144 -0.062988 0.004040
 26 10.510131 -0.000000 -0.000000 -0.000000 -0.000000 -2.442819
 27 0.000000 -1.748402 4.999999 0.000000 0.004007 1.602291
 28 5.500000 -0.000001 0.000000 -0.198324 -0.000000 -0.000000
 29 -0.000000 -1.940599 4.999999 -0.044472 0.004003 -0.000180
 30 6.551491 0.000000 0.000001 0.419040 0.743862 0.192719
 31 -0.000000 -1.940597 5.000004 -0.027189 -0.053376 0.005295
 32 6.551491 0.000000 0.000001 0.160398 0.352977 0.041739
 33 0.000001 -1.940600 4.999997 -0.066572 -0.152786 -0.110311
 34 0.728523 -0.248129 -1.551851 -1.593358 1.372397 1.121107
 35 6.384777 -0.000000 -0.000002 -0.507110 -0.301306 -0.725684
 36 10.242681 0.000001 -0.000001 0.000000 0.000000 -1.972524
 37 11.375561 -0.000000 -0.000003 -3.129960 -0.178487 0.371334
 38 0.728681 0.023432 1.008292 -1.579583 -0.319038 0.212973
 39 2.136496 -0.000003 0.000003 -0.000000 -0.000000 1.282817
 40 2.313141 -0.000000 -0.000002 0.000000 0.000000 3.141593
 41 3.115508 -0.886041 0.021430 0.420766 0.316066 0.167178
 42 2.011150 0.000001 0.000001 -0.000000 0.000000 2.082010
 43 2.141381 0.000000 -0.000000 0.000000 0.000000 3.141593
 44 1.734171 -0.000001 -0.000000 -0.000000 0.000000 1.041748
 45 0.136315 -3.738194 2.525891 1.493698 2.759406 -1.474501
 46 14.562628 -1.166813 -0.284475 0.258917 0.054664 1.504024
 47 11.389367 -0.000820 0.158778 2.366244 -0.002680 0.248251
 48 0.000001 -4.440599 0.000002 1.570144 -3.078602 0.004040
 49 6.000000 -0.000001 -0.000003 2.366244 0.000000 0.000000
 50 0.000002 -4.440600 -0.000002 1.569944 -3.078603 0.004053
 51 10.510131 0.000001 -0.000001 -0.000000 0.000000 -2.557058
 52 -0.000000 -1.748399 -5.000002 -3.141593 0.004007 -1.539299
 53 5.500000 0.000001 -0.000001 0.179988 0.000000 0.000000
 54 -0.000001 0.000000 -5.000000 -0.044472 3.137589 -0.000177
 55 6.551492 -0.000001 -0.000001 -0.179988 -0.042994 -0.254500
 56 -1.266843 -1.937442 -4.950559 -0.066572 -2.988806 -0.110308
 57 6.551492 -0.000000 -0.000001 -0.179988 -0.042994 -0.254500
 58 0.699371 -1.944207 -5.006847 -0.027189 -3.088217 0.005298
 59 4.226146 -0.003202 -0.000000 0.057974 0.251775 0.297052
 60 0.000001 5.000001 0.000000 -0.153564 0.000087 2.718702
 61 0.000004 -0.000004 -3.713580 0.018865 -3.096651 -0.324845
 62 -0.000002 0.000000 5.000000 3.053198 1.558589 -0.074926
 63 -0.000007 0.000006 3.713580 -0.159276 -2.977491 -0.403653
 64 0.000001 -0.000000 -5.000000 -0.088724 1.558589 3.066337
 65 7.363602 1.646647 0.495663 3.141593 -1.570796 0.000000
 66 -0.000005 0.000007 3.619081 -0.217558 -2.796588 -0.810634
 67 16.573919 -0.000001 0.000000 0.000000 0.000000 -2.033247
 68 15.128181 0.000002 -0.000000 0.271612 0.009043 -0.097069
 69 5.758665 4.244730 0.000000 0.000000 -0.000000 1.842220
 70 3.177726 -0.000001 -0.000001 0.000000 0.000000 3.141593
 71 15.708953 0.000001 -0.000001 0.136460 0.001254 -0.052592
 72 0.275149 0.189214 -3.445208 3.130898 0.000409 -1.514604
 73 17.210194 -0.000002 0.000000 -0.000000 -0.000000 -2.328678
 74 -0.000000 0.000001 -4.999999 -0.079432 1.546568 -1.570855
 75 0.000002 -0.000003 -3.619081 0.034416 -3.071533 -0.493407
 76 16.573921 -0.000000 0.000000 0.000000 0.000000 -1.045581
 77 15.128181 0.000002 0.000000 0.002618 -0.051986 0.588317
 78 5.758665 4.244731 -0.000000 -0.000000 0.000000 1.815142
 79 4.003934 0.000000 0.000000 0.000000 0.000000 0.000000
 80 15.708955 0.000001 0.000000 0.004296 -0.037430 0.405337
 81 0.273998 0.191090 3.439762 -3.130907 -0.000437 -1.508107
 82 17.210194 0.000000 0.000000 -0.000000 -0.000000 -1.884228
 83 0.000000 -0.000001 5.000000 -0.079311 1.595025 -1.570737
time 12
  0 -0.650000 0.000000 33.899605 -0.025849 0.174554 -1.569172
  1 5.816420 0.852483 -32.971565 -0.174512 -0.026131 1.569196
  2 -2.276935 0.000003 -1.238188 -1.570795 -1.570451 0.000000
  3 1.796567 0.711880 0.000457 -0.140893 -0.075829 -0.166975
  4 4.119774 -0.003029 0.000471 -0.144216 0.034480 0.362773
  5 4.118736 -0.003241 0.000482 -0.147398 -0.007079 0.042713
  6 4.118623 -0.003239 0.000518 -0.158610 -0.014861 0.008272
  7 4.120192 -0.003118 -0.000513 0.160776 0.433939 0.539896
  8 4.443600 -0.000002 0.000001 0.026374 -0.788481 0.682895
  9 9.024060 0.000001 -0.000000 0.000000 0.000000 0.000000
 10 -0.728518 0.255203 1.551851 -0.600658 -1.194065 -2.995373
 11 6.384777 -0.000001 -0.000002 0.675289 0.925471 0.246969
 12 10.242680 -0.000001 -0.000001 0.000000 0.000000 -1.898005
 13 11.375561 -0.000000 0.000002 -2.259655 0.462401 -0.359437
 14 0.728680 0.023432 -1.008293 1.103733 0.224351 0.414050
 15 2.136497 -0.000000 -0.000001 -0.000000 0.000000 -0.097157
 16 2.313138 0.000001 0.000002 0.000000 0.000000 0.000000
 17 3.115506 -0.886040 -0.021433 -0.421614 -0.175024 0.143738
 18 2.011150 0.000001 -0.000001 0.000000 -0.000000 0.914023
 19 2.141380 -0.000001 -0.000000 0.000000 0.000000 0.000000
 20 1.734172 0.000001 0.000000 -0.000000 0.000000 0.456602
 21 0.000005 -4.440594 0.000000 1.570544 -0.062990 -0.195737
 22 6.000000 0.000000 0.000001 -2.077007 0.000000 -0.000000
 23 0.000001 -4.440600 0.000002 1.569944 -0.062987 0.004053
 24 11.375562 -0.000000 0.000003 -1.886150 0.270914 -0.140034
 25 -0.000001 -4.440603 -0.000002 1.570144 -0.062988 0.004040
 26 10.510131 -0.000002 -0.000001 -0.000000 -0.000000 -2.519799
 27 0.000001 -1.748399 4.999999 0.000000 0.004007 1.602290
 28 5.499998 -0.000000 -0.000000 -0.237864 -0.000000 -0.000000
 29 -0.000001 -1.940599 5.000000 -0.044472 0.004003 -0.000180
 30 6.551491 0.000000 0.000001 0.451288 0.666625 0.027663
 31 -0.000001 -1.940598 5.000003 -0.027189 -0.053376 0.005295
 32 6.551491 0.000000 0.000001 0.196423 0.312536 -0.027052
 33 0.000000 -1.940599 4.999994 -0.066572 -0.152786 -0.110311
 34 0.728524 -0.248132 -1.551850 -1.602476 1.381536 1.107193
 35 6.384776 0.000000 0.000000 -0.472463 -0.282571 -0.758932
 36 10.242682 -0.000002 0.000001 0.000000 0.000000 -1.975019
 37 11.375559 -0.000002 -0.000002 -3.100303 -0.163989 0.374213
 38 0.728682 0.023429 1.008291 -1.579583 -0.319038 0.212973
 39 2.136496 0.000000 0.000000 0.000000 0.000000 1.282817
 40 2.313141 0.000000 -0.000001 0.000000 0.000000 3.141593
 41 3.115507 -0.886042 0.021431 0.420765 0.316066 0.167178
 42 2.011151 -0.000000 -0.000000 0.000000 0.000000 2.082010
 43 2.141382 0.000000 -0.000000 0.000000 0.000000 3.141593
 44 1.734172 -0.000000 -0.000000 -0.000000 0.000000 1.041748
 45 0.136315 -3.738194 2.525891 1.493698 2.759406 -1.474501
 46 14.562628 -1.166816 -0.284474 0.258917 0.054664 1.504024
 47 11.389365 -0.000820 0.158780 2.381069 0.008286 0.247308
 48 0.000001 -4.440598 0.000001 1.570144 -3.078602 0.004040
 49 5.999999 0.000001 0.000001 2.381069 -0.000000 -0.000000
 50 0.000002 -4.440601 0.000000 1.569944 -3.078603 0.004053
 51 10.510132 -0.000001 0.000001 -0.000000 0.000000 -2.558306
 52 0.000001 -1.748401 -5.000001 -3.141593 0.004007 -1.539299
 53 5.500000 0.000000 -0.000002 0.170335 0.000000 0.000000
 54 -0.000000 -0.000001 -4.999997 -0.044472 3.137589 -0.000177
 55 6.551491 0.000000 0.000001 -0.170335 -0.038267 -0.258857
 56 -1.266843 -1.937445 -4.950559 -0.066572 -2.988806 -0.110308
 57 6.551491 0.000000 0.000001 -0.170335 -0.038267 -0.258857
 58 0.699370 -1.944208 -5.006848 -0.027189 -3.088217 0.005298
 59 4.226146 -0.003201 -0.000000 0.057974 0.251775 0.297052
 60 -0.000001 5.000001 -0.000000 -0.153564 0.000087 2.718702
 61 0.000004 -0.000004 -3.713580 0.018865 -3.096651 -0.324845
 62 -0.000002 0.000000 5.000000 3.053198 1.558589 -0.074926
 63 -0.000007 0.000006 3.713580 -0.159276 -2.977491 -0.403653
 64 0.000001 -0.000000 -5.000000 -0.088724 1.558589 3.066337
 65 7.363602 1.646647 0.495663 3.141593 -1.570796 0.000000
 66 -0.000005 0.000007 3.619081 -0.217558 -2.796588 -0.810634
 67 16.573919 -0.000001 0.000000 0.000000 0.000000 -2.033247
 68 15.128181 0.000002 -0.000000 0.271612 0.009043 -0.097069
 69 5.758665 4.244730 0.000000 0.000000 -0.000000 1.842220
 70 3.177726 -0.000001 -0.000001 0.000000 0.000000 3.141593
 71 15.708953 0.000001 -0.000001 0.136460 0.001254 -0.052592
 72 0.275149 0.189214 -3.445208 3.130898 0.000409 -1.514604
 73 17.210194 -0.000002 0.000000 -0.000000 -0.000000 -2.328678
 74 -0.000000 0.000001 -4.999999 -0.079432 1.546568 -1.570855
 75 0.000002 -0.000003 -3.619081 0.034416 -3.071533 -0.493407
 76 16.573921 -0.000000 0.000000 0.000000 0.000000 -1.045581
 77 15.128181 0.000002 0.000000 0.002618 -0.051986 0.588317
 78 5.758665 4.244731 -0.000000 -0.000000 0.000000 1.815142
 79 4.003934 0.000000 0.000000 0.000000 0.000000 0.000000
 80 15.708955 0.000001 0.000000 0.004296 -0.037430 0.405337
 81 0.273998 0.191090 3.439762 -3.130907 -0.000437 -1.508107
 82 17.210194 0.000000 0.000000 -0.000000 -0.000000 -1.884228
 83 0.000000 -0.000001 5.000000 -0.079311 1.595025 -1.570737
time 13
  0 -0.650000 0.000000 33.899605 -0.025849 0.174554 -1.569172
  1 5.816420 0.852483 -32.971565 -0.174512 -0.026131 1.569196
  2 -2.276935 0.000003 -1.238188 -1.570795 -1.570451 0.000000
  3 1.796575 0.711879 0.000462 -0.142361 -0.074320 -0.164608
  4 4.119769 -0.003028 0.000476 -0.145510 0.034684 0.363402
  5 4.118811 -0.003239 0.000486 -0.148926 -0.004539 0.063746
  6 4.118690 -0.003235 0.000524 -0.160301 -0.011864 0.029243
  7 4.120193 -0.003120 -0.000514 0.160776 0.433939 0.539896
  8 4.443598 -0.000000 0.000000 0.058295 -0.798275 0.634876
  9 9.024060 -0.000001 0.000000 0.000000 0.000000 0.000000
 10 -0.728522 0.255208 1.551851 -0.600658 -1.194066 -2.995373
 11 6.384777 0.000000 0.000001 0.580555 0.748685 -0.029744
 12 10.242681 -0.000001 0.000000 0.000000 -0.000000 -1.992721
 13 11.375562 0.000003 0.000000 -1.733846 0.500501 -0.391733
 14 0.728681 0.023431 -1.008293 1.120270 0.067850 0.360534
 15 2.136497 0.000001 0.000000 0.000000 0.000000 -0.104720
 16 2.313139 -0.000001 0.000000 0.000000 0.000000 0.000000
 17 3.115506 -0.886041 -0.021430 -0.451034 -0.057877 0.395200
 18 2.011152 -0.000000 0.000002 -0.000000 0.000000 1.189747
 19 2.141380 0.000000 -0.000002 0.000000 0.000000 0.000000
 20 1.734173 0.000001 0.000001 0.000000 -0.000000 0.594037
 21 0.000005 -4.440593 0.000001 1.570544 -0.062990 -0.195737
 22 6.000000 -0.000000 0.000001 -1.676488 0.000000 -0.000000
 23 0.000003 -4.440601 0.000000 1.569944 -0.062987 0.004053
 24 11.375562 0.000000 0.000004 -1.625401 0.265855 -0.191943
 25 -0.000001 -4.440604 -0.000001 1.570144 -0.062988 0.004040
 26 10.510130 -0.000003 -0.000001 -0.000000 0.000000 -2.567157
 27 0.000000 -1.748403 5.000000 -0.000000 0.004007 1.602291
 28 5.500000 -0.000003 -0.000001 -0.220400 -0.000000 0.000000
 29 -0.000003 -1.940597 5.000000 -0.044472 0.004003 -0.000180
 30 6.551491 -0.000001 -0.000002 0.387043 0.585397 -0.119406
 31 -0.000000 -1.940600 5.000000 -0.027189 -0.053376 0.005295
 32 6.551491 -0.000001 -0.000002 0.184796 0.271908 -0.083448
 33 -0.000001 -1.940598 4.999994 -0.066572 -0.152786 -0.110311
 34 0.728522 -0.248128 -1.551851 -1.612568 1.390480 1.092426
 35 6.384776 -0.000000 0.000001 -0.437802 -0.262927 -0.791928
 36 10.242679 -0.000000 0.000000 0.000000 0.000000 -1.977465
 37 11.375562 0.000002 0.000000 -3.068297 -0.148379 0.375458
 38 0.728681 0.023431 1.008293 -1.579583 -0.319038 0.212973
 39 2.136496 0.000000 -0.000002 0.000000 0.000000 1.282817
 40 2.313139 0.000000 0.000001 0.000000 0.000000 3.141593
 41 3.115506 -0.886040 0.021433 0.420766 0.316066 0.167178
 42 2.011149 -0.000000 -0.000000 0.000000 0.000000 2.082010
 43 2.141380 -0.000000 -0.000000 0.000000 0.000000 3.141593
 44 1.734171 -0.000002 -0.000000 -0.000000 0.000000 1.041748
 45 0.136316 -3.738192 2.525890 1.493698 2.759406 -1.474501
 46 14.562627 -1.166815 -0.284474 0.258917 0.054664 1.504024
 47 11.389367 -0.000818 0.158780 2.396991 0.019777 0.245179
 48 0.000001 -4.440598 0.000002 1.570144 -3.078602 0.004040
 49 6.000000 -0.000001 -0.000002 2.396991 -0.000000 -0.000000
 50 0.000003 -4.440601 -0.000001 1.569944 -3.078603 0.004053
 51 10.510131 -0.000001 0.000002 -0.000000 -0.000000 -2.559529
 52 0.000000 -1.748401 -5.000001 -3.141593 0.004007 -1.539299
 53 5.499999 -0.000001 0.000001 0.160287 0.000000 -0.000000
 54 -0.000001 0.000000 -5.000002 -0.044472 3.137589 -0.000177
 55 6.551490 0.000000 -0.000001 -0.160287 -0.033649 -0.263130
 56 -1.266843 -1.937443 -4.950562 -0.066572 -2.988806 -0.110308
 57 6.551491 0.000000 -0.000001 -0.160287 -0.033649 -0.263130
 58 0.699371 -1.944209 -5.006844 -0.027189 -3.088217 0.005298
 59 4.226145 -0.003202 -0.000000 0.057974 0.251775 0.297052
 60 -0.000002 5.000000 -0.000000 -0.153564 0.000087 2.718702
 61 0.000004 -0.000004 -3.713580 0.018865 -3.096651 -0.324845
 62 -0.000002 0.000000 5.000000 3.053198 1.558589 -0.074926
 63 -0.000007 0.000006 3.713580 -0.159276 -2.977491 -0.403653
 64 0.000001 -0.000000 -5.000000 -0.088724 1.558589 3.066337
 65 7.363602 1.646647 0.495663 3.141593 -1.570796 0.000000
 66 -0.000005 0.000007 3.619081 -0.217558 -2.796588 -0.810634
 67 16.573919 -0.000001 0.000000 0.000000 0.000000 -2.033247
 68 15.128181 0.000002 -0.000000 0.271612 0.009043 -0.097069
 69 5.758665 4.244730 0.000000 0.000000 -0.000000 1.842220
 70 3.177726 -0.000001 -0.000001 0.000000 0.000000 3.141593
 71 15.708953 0.000001 -0.000001 0.136460 0.001254 -0.052592
 72 0.275149 0.189214 -3.445208 3.130898 0.000409 -1.514604
 73 17.210194 -0.000002 0.000000 -0.000000 -0.000000 -2.328678
 74 -0.000000 0.000001 -4.999999 -0.079432 1.546568 -1.570855
 75 0.000002 -0.000003 -3.619081 0.034416 -3.071533 -0.493407
 76 16.573921 -0.000000 0.000000 0.000000 0.000000 -1.045581
 77 15.128181 0.000002 0.000000 0.002618 -0.051986 0.588317
 78 5.758665 4.244731 -0.000000 -0.000000 0.000000 1.815142
 79 4.003934 0.000000 0.000000 0.000000 0.000000 0.000000
 80 15.708955 0.000001 0.000000 0.004296 -0.037430 0.405337
 81 0.273998 0.191090 3.439762 -3.130907 -0.000437 -1.508107
 82 17.210194 0.000000 0.000000 -0.000000 -0.000000 -1.884228
 83 0.000000 -0.000001 5.000000 -0.079311 1.595025 -1.570737
time 14
  0 -0.650000 0.000000 33.899605 -0.025849 0.174554 -1.569172
  1 5.816420 0.852483 -32.971565 -0.174512 -0.026131 1.569196
  2 -2.276935 0.000003 -1.238188 -1.570795 -1.570451 0.000000
  3 1.796579 0.711879 0.000465 -0.143384 -0.074141 -0.163421
  4 4.119774 -0.003027 0.000478 -0.146402 0.035049 0.363665
  5 4.118866 -0.003231 0.000490 -0.149954 -0.001761 0.082271
  6 4.118755 -0.003235 0.000527 -0.161464 -0.008884 0.047738
  7 4.120192 -0.003117 -0.000512 0.160776 0.433939 0.539896
  8 4.443600 -0.000001 0.000001 0.088761 -0.804639 0.583820
  9 9.024060 -0.000001 0.000000 0.000000 0.000000 0.000000
 10 -0.728519 0.255205 1.551851 -0.600658 -1.194065 -2.995373
 11 6.384776 -0.000001 -0.000001 0.559885 0.672220 -0.101300
 12 10.242682 -0.000001 -0.000000 0.000000 -0.000000 -2.035991
 13 11.375561 0.000003 0.000001 -1.582102 0.482165 -0.457341
 14 0.728680 0.023431 -1.008293 1.091001 0.009011 0.332481
 15 2.136497 0.000001 -0.000001 0.000000 -0.000000 -0.126740
 16 2.313139 -0.000000 0.000000 0.000000 0.000000 0.000000
 17 3.115506 -0.886042 -0.021432 -0.453445 -0.031764 0.448990
 18 2.011150 0.000000 -0.000003 0.000000 -0.000000 1.249490
 19 2.141380 -0.000001 0.000003 0.000000 0.000000 0.000000
 20 1.734173 0.000001 -0.000000 0.000000 0.000000 0.623940
 21 0.000006 -4.440593 -0.000001 1.570544 -0.062990 -0.195737
 22 6.000000 -0.000001 0.000000 -1.563317 -0.000000 0.000000
 23 0.000002 -4.440601 0.000001 1.569944 -0.062987 0.004053
 24 11.375561 -0.000001 0.000004 -1.550069 0.250364 -0.233408
 25 -0.000000 -4.440604 -0.000000 1.570144 -0.062988 0.004040
 26 10.510130 0.000000 0.000000 -0.000000 -0.000000 -2.588792
 27 0.000000 -1.748402 5.000000 -0.000000 0.004007 1.602291
 28 5.500000 -0.000000 0.000000 -0.211986 -0.000000 -0.000000
 29 -0.000001 -1.940598 5.000000 -0.044472 0.004003 -0.000180
 30 6.551490 -0.000001 -0.000002 0.362841 0.540585 -0.167321
 31 -0.000001 -1.940598 5.000001 -0.027189 -0.053376 0.005295
 32 6.551490 -0.000001 -0.000002 0.178645 0.250636 -0.102187
 33 -0.000000 -1.940598 4.999997 -0.066572 -0.152786 -0.110311
 34 0.728526 -0.248132 -1.551849 -1.623760 1.399245 1.076668
 35 6.384776 0.000000 -0.000001 -0.407787 -0.247000 -0.819183
 36 10.242680 -0.000000 0.000002 -0.000000 0.000000 -1.979867
 37 11.375561 0.000001 -0.000000 -3.034716 -0.131940 0.375546
 38 0.728681 0.023432 1.008292 -1.579583 -0.319038 0.212973
 39 2.136496 -0.000003 0.000002 -0.000000 0.000000 1.282817
 40 2.313139 -0.000001 -0.000001 0.000000 0.000000 3.141593
 41 3.115508 -0.886042 0.021430 0.420766 0.316066 0.167178
 42 2.011151 -0.000001 0.000000 -0.000000 0.000000 2.082010
 43 2.141378 0.000000 -0.000000 0.000000 0.000000 3.141593
 44 1.734172 -0.000002 -0.000000 -0.000000 0.000000 1.041748
 45 0.136314 -3.738194 2.525891 1.493698 2.759406 -1.474501
 46 14.562628 -1.166816 -0.284476 0.258917 0.054664 1.504024
 47 11.389365 -0.000819 0.158781 2.413629 0.031687 0.242101
 48 0.000001 -4.440599 0.000001 1.570144 -3.078602 0.004040
 49 5.999999 0.000001 0.000001 2.413629 -0.000000 -0.000000
 50 0.000003 -4.440601 0.000001 1.569944 -3.078603 0.004053
 51 10.510131 -0.000001 0.000004 -0.000000 -0.000000 -2.560730
 52 0.000000 -1.748400 -5.000000 3.141593 0.004007 -1.539299
 53 5.500000 -0.000001 0.000003 0.151284 0.000000 -0.000000
 54 0.000000 0.000001 -5.000001 -0.044472 3.137589 -0.000177
 55 6.551489 -0.000000 -0.000001 -0.151284 -0.030368 -0.266601
 56 -1.266843 -1.937443 -4.950561 -0.066572 -2.988806 -0.110308
 57 6.551490 -0.000000 -0.000001 -0.151284 -0.030368 -0.266601
 58 0.699370 -1.944206 -5.006849 -0.027189 -3.088217 0.005298
 59 4.226145 -0.003201 0.000000 0.057974 0.251775 0.297052
 60 0.000001 4.999999 -0.000001 -0.153564 0.000087 2.718702
 61 0.000004 -0.000004 -3.713580 0.018865 -3.096651 -0.324845
 62 -0.000002 0.000000 5.000000 3.053198 1.558589 -0.074926
 63 -0.000007 0.000006 3.713580 -0.159276 -2.977491 -0.403653
 64 0.000001 -0.000000 -5.000000 -0.088724 1.558589 3.066337
 65 7.363602 1.646647 0.495663 3.141593 -1.570796 0.000000
 66 -0.000005 0.000007 3.619081 -0.217558 -2.796588 -0.810634
 67 16.573919 -0.000001 0.000000 0.000000 0.000000 -2.033247
 68 15.128181 0.000002 -0.000000 0.271612 0.009043 -0.097069
 69 5.758665 4.244730 0.000000 0.000000 -0.000000 1.842220
 70 3.177726 -0.000001 -0.000001 0.000000 0.000000 3.141593
 71 15.708953 0.000001 -0.000001 0.136460 0.001254 -0.052592
 72 0.275149 0.189214 -3.445208 3.130898 0.000409 -1.514604
 73 17.210194 -0.000002 0.000000 -0.000000 -0.000000 -2.328678
 74 -0.000000 0.000001 -4.999999 -0.079432 1.546568 -1.570855
 75 0.000002 -0.000003 -3.619081 0.034416 -3.071533 -0.493407
 76 16.573921 -0.000000 0.000000 0.000000 0.000000 -1.045581
 77 15.128181 0.000002 0.000000 0.002618 -0.051986 0.588317
 78 5.758665 4.244731 -0.000000 -0.000000 0.000000 1.815142
 79 4.003934 0.000000 0.000000 0.000000 0.000000 0.000000
 80 15.708955 0.000001 0.000000 0.004296 -0.037430 0.405337
 81 0.273998 0.191090 3.439762 -3.130907 -0.000437 -1.508107
 82 17.210194 0.000000 0.000000 -0.000000 -0.000000 -1.884228
 83 0.000000 -0.000001 5.000000 -0.079311 1.595025 -1.570737
time 15
  0 -0.650000 0.000000 33.899605 -0.025849 0.174554 -1.569172
  1 5.816420 0.852483 -32.971565 -0.174512 -0.026131 1.569196
  2 -2.276935 0.000003 -1.238188 -1.570795 -1.570451 0.000000
  3 1.796575 0.711880 0.000465 -0.143558 -0.076284 -0.164060
  4 4.119771 -0.003027 0.000479 -0.146514 0.035682 0.363346
  5 4.118912 -0.003229 0.000490 -0.150077 0.001184 0.094990
  6 4.118795 -0.003231 0.000529 -0.161680 -0.006204 0.060486
  7 4.120197 -0.003119 -0.000513 0.160776 0.433939 0.539896
  8 4.443598 0.000001 0.000000 0.107616 -0.805026 0.542624
  9 9.024059 -0.000000 0.000000 0.000000 0.000000 0.000000
 10 -0.728522 0.255210 1.551850 -0.600658 -1.194066 -2.995373
 11 6.384776 0.000000 0.000005 0.558062 0.657824 -0.099239
 12 10.242682 0.000001 -0.000001 0.000000 -0.000000 -2.040694
 13 11.375562 0.000001 0.000000 -1.639688 0.422333 -0.528076
 14 0.728681 0.023430 -1.008292 1.053176 0.009890 0.325562
 15 2.136496 -0.000001 0.000000 -0.000000 0.000000 -0.145852
 16 2.313139 0.000001 -0.000000 0.000000 0.000000 0.000000
 17 3.115506 -0.886042 -0.021431 -0.452402 -0.044978 0.421820
 18 2.011151 -0.000000 -0.000002 -0.000000 0.000000 1.219296
 19 2.141380 -0.000001 -0.000001 0.000000 0.000000 0.000000
 20 1.734173 0.000001 -0.000002 -0.000000 0.000000 0.608821
 21 0.000006 -4.440593 -0.000002 1.570544 -0.062990 -0.195737
 22 6.000000 -0.000001 0.000000 -1.606795 -0.000000 0.000000
 23 0.000002 -4.440600 -0.000002 1.569944 -0.062987 0.004053
 24 11.375561 -0.000001 0.000004 -1.578444 0.223222 -0.266117
 25 -0.000002 -4.440603 0.000000 1.570144 -0.062988 0.004040
 26 10.510131 0.000001 -0.000001 0.000000 -0.000000 -2.591143
 27 -0.000000 -1.748400 4.999998 -0.000000 0.004007 1.602291
 28 5.500000 0.000000 -0.000001 -0.211656 -0.000000 0.000000
 29 -0.000002 -1.940597 5.000000 -0.044472 0.004003 -0.000180
 30 6.551491 -0.000001 0.000001 0.362064 0.533205 -0.165846
 31 0.000001 -1.940601 5.000001 -0.027189 -0.053376 0.005295
 32 6.551491 -0.000001 0.000001 0.178402 0.247518 -0.101283
 33 -0.000000 -1.940599 4.999999 -0.066572 -0.152786 -0.110311
 34 0.728524 -0.248129 -1.551851 -1.636207 1.407844 1.059752
 35 6.384777 -0.000001 0.000003 -0.386721 -0.239704 -0.835569
 36 10.242680 -0.000000 -0.000002 0.000000 0.000000 -1.982230
 37 11.375562 0.000001 -0.000001 -3.000318 -0.114977 0.374911
 38 0.728679 0.023432 1.008293 -1.579583 -0.319038 0.212973
 39 2.136496 -0.000001 0.000001 -0.000000 -0.000000 1.282817
 40 2.313140 -0.000000 -0.000002 0.000000 0.000000 3.141593
 41 3.115507 -0.886043 0.021430 0.420765 0.316066 0.167178
 42 2.011152 -0.000001 -0.000000 -0.000000 -0.000000 2.082010
 43 2.141382 -0.000001 0.000000 0.000000 0.000000 3.141593
 44 1.734173 -0.000001 0.000000 -0.000000 -0.000000 1.041748
 45 0.136314 -3.738192 2.525891 1.493698 2.759406 -1.474501
 46 14.562627 -1.166817 -0.284477 0.258917 0.054664 1.504024
 47 11.389367 -0.000819 0.158779 2.430607 0.043884 0.238309
 48 0.000001 -4.440598 -0.000002 1.570144 -3.078602 0.004040
 49 6.000000 0.000001 -0.000002 2.430607 -0.000000 -0.000000
 50 0.000002 -4.440601 0.000002 1.569944 -3.078603 0.004053
 51 10.510130 -0.000000 -0.000001 0.000000 0.000000 -2.561911
 52 0.000000 -1.748399 -5.000002 -3.141593 0.004007 -1.539299
 53 5.500000 -0.000001 -0.000001 0.144888 -0.000000 -0.000000
 54 0.000001 -0.000001 -5.000000 -0.044472 3.137590 -0.000177
 55 6.551491 -0.000001 0.000002 -0.144888 -0.029622 -0.268598
 56 -1.266844 -1.937443 -4.950560 -0.066572 -2.988806 -0.110308
 57 6.551491 -0.000001 0.000002 -0.144888 -0.029622 -0.268598
 58 0.699369 -1.944209 -5.006845 -0.027189 -3.088217 0.005298
 59 4.226147 -0.003201 0.000001 0.057974 0.251775 0.297052
 60 0.000001 5.000000 -0.000000 -0.153564 0.000087 2.718702
 61 0.000004 -0.000004 -3.713580 0.018865 -3.096651 -0.324845
 62 -0.000002 0.000000 5.000000 3.053198 1.558589 -0.074926
 63 -0.000007 0.000006 3.713580 -0.159276 -2.977491 -0.403653
 64 0.000001 -0.000000 -5.000000 -0.088724 1.558589 3.066337
 65 7.363602 1.646647 0.495663 3.141593 -1.570796 0.000000
 66 -0.000005 0.000007 3.619081 -0.217558 -2.796588 -0.810634
 67 16.573919 -0.000001 0.000000 0.000000 0.000000 -2.033247
 68 15.128181 0.000002 -0.000000 0.271612 0.009043 -0.097069
 69 5.758665 4.244730 0.000000 0.000000 -0.000000 1.842220
 70 3.177726 -0.000001 -0.000001 0.000000 0.000000 3.141593
 71 15.708953 0.000001 -0.000001 0.136460 0.001254 -0.052592
 72 0.275149 0.189214 -3.445208 3.130898 0.000409 -1.514604
 73 17.210194 -0.000002 0.000000 -0.000000 -0.000000 -2.328678
 74 -0.000000 0.000001 -4.999999 -0.079432 1.546568 -1.570855
 75 0.000002 -0.000003 -3.619081 0.034416 -3.071533 -0.493407
 76 16.573921 -0.000000 0.000000 0.000000 0.000000 -1.045581
 77 15.128181 0.000002 0.000000 0.002618 -0.051986 0.588317
 78 5.758665 4.244731 -0.000000 -0.000000 0.000000 1.815142
 79 4.003934 0.000000 0.000000 0.000000 0.000000 0.000000
 80 15.708955 0.000001 0.000000 0.004296 -0.037430 0.405337
 81 0.273998 0.191090 3.439762 -3.130907 -0.000437 -1.508107
 82 17.210194 0.000000 0.000000 -0.000000 -0.000000 -1.884228
 83 0.000000 -0.000001 5.000000 -0.079311 1.595025 -1.570737
time 16
  0 -0.650000 0.000000 33.899605 -0.025849 0.174554 -1.569172
  1 5.816420 0.852483 -32.971565 -0.174512 -0.026131 1.569196
  2 -2.276935 0.000003 -1.238188 -1.570795 -1.570451 0.000000
  3 1.796560 0.711882 0.000460 -0.142114 -0.082937 -0.168346
  4 4.119766 -0.003029 0.000474 -0.145161 0.036845 0.361874
  5 4.118928 -0.003229 0.000485 -0.148567 0.004750 0.098651
  6 4.118807 -0.003232 0.000523 -0.160201 -0.003789 0.064286
  7 4.120191 -0.003117 -0.000512 0.160776 0.433940 0.539896
  8 4.443599 -0.000001 0.000001 0.109926 -0.799917 0.495764
  9 9.024060 0.000003 -0.000000 0.000000 0.000000 0.000000
 10 -0.728520 0.255204 1.551851 -0.600658 -1.194065 -2.995373
 11 6.384777 0.000000 -0.000002 0.508481 0.659431 -0.145299
 12 10.242682 -0.000003 -0.000002 0.000000 -0.000000 -1.992722
 13 11.375559 -0.000001 0.000002 -1.800689 0.381981 -0.526115
 14 0.728681 0.023431 -1.008290 1.120269 0.067850 0.360534
 15 2.136497 -0.000002 -0.000001 0.000000 0.000000 -0.104720
 16 2.313139 -0.000000 -0.000000 0.000000 0.000000 0.000000
 17 3.115506 -0.886041 -0.021431 -0.451034 -0.057877 0.395200
 18 2.011150 0.000000 0.000001 0.000000 -0.000000 1.189747
 19 2.141380 -0.000000 0.000003 0.000000 0.000000 0.000000
 20 1.734172 0.000000 0.000003 -0.000000 0.000000 0.594037
 21 0.000005 -4.440594 0.000004 1.570544 -0.062990 -0.195737
 22 5.999998 -0.000000 0.000001 -1.728913 0.000000 0.000000
 23 0.000003 -4.440601 0.000001 1.569944 -0.062987 0.004053
 24 11.375559 -0.000000 0.000004 -1.659714 0.212518 -0.260570
 25 0.000000 -4.440602 0.000001 1.570144 -0.062988 0.004040
 26 10.510131 -0.000004 -0.000002 -0.000000 -0.000000 -2.567157
 27 -0.000000 -1.748400 5.000000 -0.000000 0.004007 1.602290
 28 5.499999 -0.000001 -0.000001 -0.195484 -0.000000 -0.000000
 29 -0.000000 -1.940599 5.000001 -0.044472 0.004003 -0.000180
 30 6.551491 -0.000000 -0.000003 0.328050 0.525880 -0.200071
 31 -0.000000 -1.940601 5.000000 -0.027189 -0.053376 0.005295
 32 6.551491 -0.000000 -0.000003 0.165390 0.243924 -0.114646
 33 -0.000000 -1.940598 4.999996 -0.066572 -0.152786 -0.110311
 34 0.728523 -0.248131 -1.551850 -1.650097 1.416295 1.041478
 35 6.384775 0.000000 -0.000002 -0.380159 -0.246352 -0.834088
 36 10.242682 -0.000001 0.000003 -0.000000 0.000000 -1.984560
 37 11.375560 -0.000001 -0.000003 -2.965838 -0.097818 0.373939
 38 0.728680 0.023432 1.008292 -1.579583 -0.319038 0.212973
 39 2.136496 0.000000 0.000002 -0.000000 -0.000000 1.282817
 40 2.313140 -0.000001 -0.000002 0.000000 0.000000 3.141593
 41 3.115506 -0.886040 0.021432 0.420766 0.316066 0.167178
 42 2.011152 0.000000 0.000000 -0.000000 0.000000 2.082010
 43 2.141378 0.000000 -0.000000 0.000000 0.000000 3.141593
 44 1.734173 -0.000001 0.000000 -0.000000 0.000000 1.041748
 45 0.136316 -3.738190 2.525891 1.493698 2.759406 -1.474501
 46 14.562628 -1.166816 -0.284476 0.258917 0.054664 1.504024
 47 11.389367 -0.000819 0.158780 2.447554 0.056208 0.234039
 48 0.000002 -4.440599 -0.000003 1.570144 -3.078602 0.004040
 49 6.000000 0.000000 -0.000001 2.447555 0.000000 0.000000
 50 0.000002 -4.440601 0.000002 1.569944 -3.078603 0.004053
 51 10.510131 -0.000000 0.000003 0.000000 -0.000000 -2.563076
 52 -0.000001 -1.748399 -4.999999 3.141593 0.004007 -1.539299
 53 5.500000 0.000000 0.000002 0.143001 -0.000000 0.000000
 54 -0.000000 0.000000 -4.999999 -0.044472 3.137589 -0.000177
 55 6.551490 -0.000001 0.000001 -0.143001 -0.032731 -0.268177
 56 -1.266844 -1.937443 -4.950559 -0.066572 -2.988806 -0.110308
 57 6.551491 -0.000001 0.000001 -0.143001 -0.032731 -0.268177
 58 0.699370 -1.944208 -5.006846 -0.027189 -3.088217 0.005298
 59 4.226144 -0.003200 0.000000 0.057974 0.251775 0.297052
 60 -0.000002 5.000002 0.000001 -0.153564 0.000087 2.718702
 61 0.000004 -0.000004 -3.713580 0.018865 -3.096651 -0.324845
 62 -0.000002 0.000000 5.000000 3.053198 1.558589 -0.074926
 63 -0.000007 0.000006 3.713580 -0.159276 -2.977491 -0.403653
 64 0.000001 -0.000000 -5.000000 -0.088724 1.558589 3.066337
 65 7.363602 1.646647 0.495663 3.141593 -1.570796 0.000000
 66 -0.000005 0.000007 3.619081 -0.217558 -2.796588 -0.810634
 67 16.573919 -0.000001 0.000000 0.000000 0.000000 -2.033247
 68 15.128181 0.000002 -0.000000 0.271612 0.009043 -0.097069
 69 5.758665 4.244730 0.000000 0.000000 -0.000000 1.842220
 70 3.177726 -0.000001 -0.000001 0.000000 0.000000 3.141593
 71 15.708953 0.000001 -0.000001 0.136460 0.001254 -0.052592
 72 0.275149 0.189214 -3.445208 3.130898 0.000409 -1.514604
 73 17.210194 -0.000002 0.000000 -0.000000 -0.000000 -2.328678
 74 -0.000000 0.000001 -4.999999 -0.079432 1.546568 -1.570855
 75 0.000002 -0.000003 -3.619081 0.034416 -3.071533 -0.493407
 76 16.573921 -0.000000 0.000000 0.000000 0.000000 -1.045581
 77 15.128181 0.000002 0.000000 0.002618 -0.051986 0.588317
 78 5.758665 4.244731 -0.000000 -0.000000 0.000000 1.815142
 79 4.003934 0.000000 0.000000 0.000000 0.000000 0.000000
 80 15.708955 0.000001 0.000000 0.004296 -0.037430 0.405337
 81 0.273998 0.191090 3.439762 -3.130907 -0.000437 -1.508107
 82 17.210194 0.000000 0.000000 -0.000000 -0.000000 -1.884228
 83 0.000000 -0.000001 5.000000 -0.079311 1.595025 -1.570737
time 17
  0 -0.650000 0.000000 33.899605 -0.025849 0.174554 -1.569172
  1 5.816420 0.852483 -32.971565 -0.174512 -0.026131 1.569196
  2 -2.276935 0.000003 -1.238188 -1.570795 -1.570451 0.000000
  3 1.796529 0.711886 0.000451 -0.139297 -0.093319 -0.175793
  4 4.119764 -0.003033 0.000466 -0.142628 0.038458 0.359422
  5 4.118913 -0.003229 0.000476 -0.145769 0.008892 0.095196
  6 4.118802 -0.003233 0.000514 -0.157380 -0.001528 0.061059
  7 4.120193 -0.003119 -0.000514 0.160776 0.433939 0.539896
  8 4.443599 -0.000002 0.000001 0.107001 -0.789554 0.427857
  9 9.024062 -0.000001 0.000000 0.000000 0.000000 0.000000
 10 -0.728521 0.255206 1.551850 -0.600658 -1.194066 -2.995373
 11 6.384776 0.000000 0.000002 0.356473 0.658432 -0.308908
 12 10.242681 -0.000000 -0.000001 0.000000 -0.000000 -1.847726
 13 11.375560 0.000000 0.000000 -2.093474 0.419316 -0.411126
 14 0.728681 0.023431 -1.008292 1.395792 0.188548 0.491095
 15 2.136497 0.000000 -0.000000 -0.000000 -0.000000 0.045890
 16 2.313139 0.000002 0.000000 0.000000 0.000000 0.000000
 17 3.115507 -0.886041 -0.021432 -0.451118 -0.057173 0.396655
 18 2.011150 0.000000 0.000000 0.000000 -0.000000 1.191361
 19 2.141380 0.000000 -0.000001 0.000000 0.000000 0.000000
 20 1.734172 0.000001 0.000000 -0.000000 0.000000 0.594844
 21 0.000006 -4.440594 0.000000 1.570544 -0.062990 -0.195737
 22 5.999999 -0.000001 -0.000000 -1.950724 0.000000 0.000000
 23 0.000002 -4.440601 0.000000 1.569944 -0.062987 0.004053
 24 11.375561 0.000001 0.000002 -1.805567 0.243366 -0.184456
 25 -0.000001 -4.440603 0.000000 1.570144 -0.062988 0.004040
 26 10.510130 0.000000 -0.000000 0.000000 0.000000 -2.494659
 27 0.000000 -1.748403 5.000000 -0.000000 0.004007 1.602291
 28 5.499999 0.000000 0.000000 -0.148049 0.000000 0.000000
 29 -0.000001 -1.940598 5.000000 -0.044472 0.004003 -0.000180
 30 6.551490 -0.000001 0.000000 0.230406 0.495429 -0.304595
 31 0.000000 -1.940599 5.000000 -0.027189 -0.053376 0.005295
 32 6.551490 -0.000001 0.000000 0.126987 0.229869 -0.156538
 33 0.000001 -1.940600 4.999996 -0.066572 -0.152786 -0.110311
 34 0.728524 -0.248132 -1.551850 -1.665666 1.424610 1.021601
 35 6.384777 -0.000000 0.000001 -0.385675 -0.263678 -0.817969
 36 10.242682 -0.000002 0.000003 0.000000 0.000000 -1.986862
 37 11.375561 -0.000001 -0.000003 -2.931995 -0.080816 0.372971
 38 0.728680 0.023433 1.008293 -1.579583 -0.319038 0.212973
 39 2.136497 -0.000001 0.000001 -0.000000 0.000000 1.282817
 40 2.313139 0.000000 -0.000001 0.000000 0.000000 3.141593
 41 3.115507 -0.886041 0.021431 0.420765 0.316066 0.167178
 42 2.011151 0.000000 0.000000 0.000000 -0.000000 2.082010
 43 2.141378 -0.000000 -0.000000 0.000000 0.000000 3.141593
 44 1.734172 -0.000001 -0.000001 -0.000000 0.000000 1.041748
 45 0.136314 -3.738193 2.525890 1.493698 2.759406 -1.474501
 46 14.562627 -1.166814 -0.284476 0.258917 0.054664 1.504024
 47 11.389367 -0.000819 0.158779 2.464112 0.068470 0.229527
 48 -0.000000 -4.440599 -0.000001 1.570144 -3.078602 0.004040
 49 6.000000 0.000001 -0.000001 2.464112 0.000000 0.000000
 50 0.000002 -4.440601 0.000002 1.569944 -3.078603 0.004053
 51 10.510133 -0.000002 0.000003 0.000000 -0.000000 -2.564227
 52 0.000000 -1.748400 -5.000001 -3.141593 0.004007 -1.539299
 53 5.499999 -0.000000 0.000000 0.144769 0.000000 0.000000
 54 -0.000001 0.000001 -4.999999 -0.044472 3.137589 -0.000177
 55 6.551490 0.000000 0.000000 -0.144769 -0.038789 -0.265749
 56 -1.266843 -1.937445 -4.950559 -0.066572 -2.988806 -0.110308
 57 6.551491 0.000000 0.000000 -0.144769 -0.038789 -0.265749
 58 0.699370 -1.944209 -5.006847 -0.027189 -3.088217 0.005298
 59 4.226143 -0.003201 0.000000 0.057974 0.251775 0.297052
 60 -0.000000 5.000002 0.000000 -0.153564 0.000087 2.718702
 61 0.000004 -0.000004 -3.713580 0.018865 -3.096651 -0.324845
 62 -0.000002 0.000000 5.000000 3.053198 1.558589 -0.074926
 63 -0.000007 0.000006 3.713580 -0.159276 -2.977491 -0.403653
 64 0.000001 -0.000000 -5.000000 -0.088724 1.558589 3.066337
 65 7.363602 1.646647 0.495663 3.141593 -1.570796 0.000000
 66 -0.000005 0.000007 3.619081 -0.217558 -2.796588 -0.810634
 67 16.573919 -0.000001 0.000000 0.000000 0.000000 -2.033247
 68 15.128181 0.000002 -0.000000 0.271612 0.009043 -0.097069
 69 5.758665 4.244730 0.000000 0.000000 -0.000000 1.842220
 70 3.177726 -0.000001 -0.000001 0.000000 0.000000 3.141593
 71 15.708953 0.000001 -0.000001 0.136460 0.001254 -0.052592
 72 0.275149 0.189214 -3.445208 3.130898 0.000409 -1.514604
 73 17.210194 -0.000002 0.000000 -0.000000 -0.000000 -2.328678
 74 -0.000000 0.000001 -4.999999 -0.079432 1.546568 -1.570855
 75 0.000002 -0.000003 -3.619081 0.034416 -3.071533 -0.493407
 76 16.573921 -0.000000 0.000000 0.000000 0.000000 -1.045581
 77 15.128181 0.000002 0.000000 0.002618 -0.051986 0.588317
 78 5.758665 4.244731 -0.000000 -0.000000 0.000000 1.815142
 79 4.003934 0.000000 0.000000 0.000000 0.000000 0.000000
 80 15.708955 0.000001 0.000000 0.004296 -0.037430 0.405337
 81 0.273998 0.191090 3.439762 -3.130907 -0.000437 -1.508107
 82 17.210194 0.000000 0.000000 -0.000000 -0.000000 -1.884228
 83 0.000000 -0.000001 5.000000 -0.079311 1.595025 -1.570737
time 18
  0 -0.650000 0.000000 33.899605 -0.025849 0.174554 -1.569172
  1 5.816420 0.852483 -32.971565 -0.174512 -0.026131 1.569196
  2 -2.276935 0.000003 -1.238188 -1.570795 -1.570451 0.000000
  3 1.796503 0.711890 0.000441 -0.136274 -0.103979 -0.183561
  4 4.119755 -0.003037 0.000457 -0.139994 0.040107 0.356889
  5 4.118901 -0.003233 0.000467 -0.142885 0.012786 0.089117
  6 4.118780 -0.003235 0.000505 -0.154442 0.000402 0.055213
  7 4.120193 -0.003119 -0.000513 0.160776 0.433939 0.539896
  8 4.443598 0.000002 0.000001 0.112213 -0.770335 0.352545
  9 9.024062 0.000001 0.000000 0.000000 0.000000 0.000000
 10 -0.728521 0.255209 1.551851 -0.600658 -1.194066 -2.995373
 11 6.384776 0.000001 0.000004 0.159132 0.657756 -0.529893
 12 10.242682 -0.000001 -0.000001 0.000000 0.000000 -1.608760
 13 11.375561 0.000003 0.000001 -2.496022 0.540805 -0.262940
 14 0.728681 0.023430 -1.008291 1.814226 0.285737 0.724927
 15 2.136497 -0.000003 -0.000001 -0.000000 0.000000 0.256744
 16 2.313139 0.000000 0.000001 0.000000 0.000000 0.000000
 17 3.115507 -0.886040 -0.021431 -0.451233 -0.056188 0.398692
 18 2.011150 0.000001 0.000001 -0.000000 0.000000 1.193621
 19 2.141379 -0.000000 0.000000 0.000000 0.000000 0.000000
 20 1.734172 0.000002 0.000001 -0.000000 -0.000000 0.595975
 21 0.000007 -4.440594 0.000001 1.570544 -0.062990 -0.195737
 22 5.999999 0.000001 0.000000 -2.256086 -0.000000 -0.000000
 23 0.000002 -4.440601 -0.000000 1.569944 -0.062987 0.004053
 24 11.375560 0.000000 0.000004 -1.997516 0.314126 -0.060107
 25 -0.000001 -4.440603 -0.000001 1.570144 -0.062988 0.004040
 26 10.510130 -0.000000 -0.000001 0.000000 0.000000 -2.375176
 27 -0.000000 -1.748400 4.999998 -0.000000 0.004007 1.602290
 28 5.499999 -0.000000 -0.000000 -0.094872 -0.000000 0.000000
 29 -0.000002 -1.940599 5.000000 -0.044472 0.004003 -0.000180
 30 6.551491 -0.000000 0.000001 0.125932 0.464250 -0.409860
 31 0.000001 -1.940599 5.000000 -0.027189 -0.053376 0.005295
 32 6.551491 -0.000000 0.000001 0.083463 0.217186 -0.199226
 33 -0.000001 -1.940600 4.999998 -0.066572 -0.152786 -0.110311
 34 0.728524 -0.248130 -1.551850 -1.683203 1.432803 0.999818
 35 6.384777 -0.000001 0.000005 -0.395435 -0.283930 -0.797637
 36 10.242681 -0.000001 0.000003 0.000000 -0.000000 -1.989141
 37 11.375561 0.000001 -0.000002 -2.899490 -0.064347 0.372294
 38 0.728680 0.023432 1.008292 -1.579583 -0.319038 0.212973
 39 2.136496 -0.000001 0.000002 -0.000000 0.000000 1.282817
 40 2.313141 -0.000000 -0.000002 0.000000 0.000000 3.141593
 41 3.115506 -0.886041 0.021431 0.420766 0.316066 0.167178
 42 2.011150 -0.000001 -0.000000 0.000000 -0.000000 2.082010
 43 2.141381 -0.000000 -0.000000 0.000000 0.000000 3.141593
 44 1.734173 -0.000004 0.000000 0.000000 0.000000 1.041748
 45 0.136314 -3.738192 2.525890 1.493698 2.759406 -1.474501
 46 14.562626 -1.166815 -0.284477 0.258917 0.054664 1.504024
 47 11.389366 -0.000819 0.158779 2.479930 0.080460 0.225017
 48 0.000001 -4.440599 0.000001 1.570144 -3.078602 0.004040
 49 6.000000 0.000001 -0.000002 2.479930 -0.000000 0.000000
 50 0.000002 -4.440602 -0.000001 1.569944 -3.078603 0.004053
 51 10.510131 -0.000001 0.000003 0.000000 -0.000000 -2.565367
 52 -0.000000 -1.748399 -5.000000 -3.141593 0.004007 -1.539299
 53 5.500000 -0.000001 0.000002 0.147657 0.000000 0.000000
 54 0.000001 -0.000002 -4.999999 -0.044472 3.137590 -0.000177
 55 6.551490 0.000000 0.000003 -0.147657 -0.045700 -0.262705
 56 -1.266843 -1.937443 -4.950558 -0.066572 -2.988806 -0.110308
 57 6.551491 0.000000 0.000003 -0.147657 -0.045700 -0.262705
 58 0.699369 -1.944209 -5.006845 -0.027189 -3.088217 0.005298
 59 4.226146 -0.003202 0.000000 0.057974 0.251775 0.297052
 60 0.000003 4.999999 0.000001 -0.153564 0.000087 2.718702
 61 0.000004 -0.000004 -3.713580 0.018865 -3.096651 -0.324845
 62 -0.000002 0.000000 5.000000 3.053198 1.558589 -0.074926
 63 -0.000007 0.000006 3.713580 -0.159276 -2.977491 -0.403653
 64 0.000001 -0.000000 -5.000000 -0.088724 1.558589 3.066337
 65 7.363602 1.646647 0.495663 3.141593 -1.570796 0.000000
 66 -0.000005 0.000007 3.619081 -0.217558 -2.796588 -0.810634
 67 16.573919 -0.000001 0.000000 0.000000 0.000000 -2.033247
 68 15.128181 0.000002 -0.000000 0.271612 0.009043 -0.097069
 69 5.758665 4.244730 0.000000 0.000000 -0.000000 1.842220
 70 3.177726 -0.000001 -0.000001 0.000000 0.000000 3.141593
 71 15.708953 0.000001 -0.000001 0.136460 0.001254 -0.052592
 72 0.275149 0.189214 -3.445208 3.130898 0.000409 -1.514604
 73 17.210194 -0.000002 0.000000 -0.000000 -0.000000 -2.328678
 74 -0.000000 0.000001 -4.999999 -0.079432 1.546568 -1.570855
 75 0.000002 -0.000003 -3.619081 0.034416 -3.071533 -0.493407
 76 16.573921 -0.000000 0.000000 0.000000 0.000000 -1.045581
 77 15.128181 0.000002 0.000000 0.002618 -0.051986 0.588317
 78 5.758665 4.244731 -0.000000 -0.000000 0.000000 1.815142
 79 4.003934 0.000000 0.000000 0.000000 0.000000 0.000000
 80 15.708955 0.000001 0.000000 0.004296 -0.037430 0.405337
 81 0.273998 0.191090 3.439762 -3.130907 -0.000437 -1.508107
 82 17.210194 0.000000 0.000000 -0.000000 -0.000000 -1.884228
 83 0.000000 -0.000001 5.000000 -0.079311 1.595025 -1.570737
time 19
  0 -0.650000 0.000000 33.899605 -0.025849 0.174554 -1.569172
  1 5.816420 0.852483 -32.971565 -0.174512 -0.026131 1.569196
  2 -2.276935 0.000003 -1.238188 -1.570795 -1.570451 0.000000
  3 1.796484 0.711893 0.000434 -0.134321 -0.111495 -0.188761
  4 4.119751 -0.003039 0.000452 -0.138331 0.041370 0.355168
  5 4.118884 -0.003235 0.000461 -0.141077 0.015574 0.084892
  6 4.118766 -0.003236 0.000499 -0.152588 0.001794 0.051151
  7 4.120197 -0.003120 -0.000514 0.160776 0.433939 0.539896
  8 4.443596 -0.000000 0.000000 0.138968 -0.735652 0.283944
  9 9.024061 -0.000002 -0.000000 0.000000 0.000000 0.000000
 10 -0.728522 0.255206 1.551851 -0.600658 -1.194065 -2.995373
 11 6.384776 0.000001 -0.000001 -0.008084 0.644414 -0.729907
 12 10.242680 -0.000001 0.000000 0.000000 -0.000000 -1.363780
 13 11.375563 0.000004 0.000001 -2.852674 0.680601 -0.181611
 14 0.728681 0.023430 -1.008291 2.187819 0.287071 0.946051
 15 2.136496 0.000002 0.000001 0.000000 0.000000 0.437476
 16 2.313139 -0.000002 -0.000001 0.000000 0.000000 0.000000
 17 3.115505 -0.886041 -0.021431 -0.451330 -0.055344 0.400437
 18 2.011151 0.000002 -0.000000 -0.000000 -0.000000 1.195558
 19 2.141380 0.000000 0.000000 0.000000 0.000000 0.000000
 20 1.734173 0.000003 0.000000 0.000000 -0.000000 0.596943
 21 0.000006 -4.440592 -0.000000 1.570544 -0.062990 -0.195737
 22 6.000000 0.000001 -0.000000 -2.522160 0.000000 0.000000
 23 0.000003 -4.440602 0.000002 1.569944 -0.062987 0.004053
 24 11.375562 0.000002 0.000004 -2.148958 0.377541 0.036320
 25 0.000001 -4.440603 0.000001 1.570144 -0.062988 0.004040
 26 10.510129 -0.000001 0.000000 -0.000000 0.000000 -2.252686
 27 0.000000 -1.748400 5.000000 -0.000000 0.004007 1.602290
 28 5.499998 -0.000001 0.000000 -0.054228 0.000000 -0.000000
 29 -0.000001 -1.940598 4.999999 -0.044472 0.004003 -0.000180
 30 6.551491 0.000000 -0.000002 0.047576 0.446364 -0.486298
 31 0.000000 -1.940598 5.000000 -0.027189 -0.053376 0.005295
 32 6.551491 0.000000 -0.000002 0.050086 0.211273 -0.229942
 33 -0.000001 -1.940598 4.999994 -0.066572 -0.152786 -0.110311
 34 0.728521 -0.248129 -1.551851 -1.703074 1.440884 0.975755
 35 6.384776 -0.000000 -0.000001 -0.400886 -0.300125 -0.784314
 36 10.242681 0.000001 -0.000001 0.000000 -0.000000 -1.991403
 37 11.375562 0.000003 -0.000000 -2.869015 -0.048810 0.372154
 38 0.728680 0.023432 1.008291 -1.579583 -0.319038 0.212973
 39 2.136496 -0.000001 0.000003 -0.000000 0.000000 1.282817
 40 2.313139 -0.000000 -0.000002 0.000000 0.000000 3.141593
 41 3.115507 -0.886040 0.021431 0.420766 0.316066 0.167178
 42 2.011151 0.000001 0.000000 0.000000 0.000000 2.082010
 43 2.141377 0.000000 -0.000000 0.000000 0.000000 3.141593
 44 1.734173 -0.000002 0.000000 0.000000 -0.000000 1.041748
 45 0.136315 -3.738193 2.525890 1.493698 2.759406 -1.474501
 46 14.562627 -1.166815 -0.284478 0.258917 0.054664 1.504024
 47 11.389365 -0.000820 0.158779 2.494677 0.091948 0.220760
 48 0.000000 -4.440598 -0.000001 1.570144 -3.078602 0.004040
 49 6.000000 0.000001 -0.000001 2.494677 0.000000 0.000000
 50 0.000002 -4.440601 0.000001 1.569944 -3.078603 0.004053
 51 10.510129 0.000001 -0.000000 0.000000 -0.000000 -2.566498
 52 0.000000 -1.748400 -5.000001 3.141593 0.004007 -1.539299
 53 5.499999 0.000000 -0.000000 0.149247 -0.000000 -0.000000
 54 0.000001 -0.000002 -4.999999 -0.044472 3.137589 -0.000177
 55 6.551490 -0.000001 -0.000000 -0.149247 -0.051409 -0.260591
 56 -1.266843 -1.937442 -4.950561 -0.066572 -2.988806 -0.110308
 57 6.551490 -0.000001 -0.000000 -0.149247 -0.051409 -0.260591
 58 0.699370 -1.944207 -5.006847 -0.027189 -3.088217 0.005298
 59 4.226148 -0.003202 -0.000000 0.057974 0.251775 0.297052
 60 -0.000000 5.000001 -0.000000 -0.153564 0.000087 2.718701
 61 0.000004 -0.000004 -3.713580 0.018865 -3.096651 -0.324845
 62 -0.000002 0.000000 5.000000 3.053198 1.558589 -0.074926
 63 -0.000007 0.000006 3.713580 -0.159276 -2.977491 -0.403653
 64 0.000001 -0.000000 -5.000000 -0.088724 1.558589 3.066337
 65 7.363602 1.646647 0.495663 3.141593 -1.570796 0.000000
 66 -0.000005 0.000007 3.619081 -0.217558 -2.796588 -0.810634
 67 16.573919 -0.000001 0.000000 0.000000 0.000000 -2.033247
 68 15.128181 0.000002 -0.000000 0.271612 0.009043 -0.097069
 69 5.758665 4.244730 0.000000 0.000000 -0.000000 1.842220
 70 3.177726 -0.000001 -0.000001 0.000000 0.000000 3.141593
 71 15.708953 0.000001 -0.000001 0.136460 0.001254 -0.052592
 72 0.275149 0.189214 -3.445208 3.130898 0.000409 -1.514604
 73 17.210194 -0.000002 0.000000 -0.000000 -0.000000 -2.328678
 74 -0.000000 0.000001 -4.999999 -0.079432 1.546568 -1.570855
 75 0.000002 -0.000003 -3.619081 0.034416 -3.071533 -0.493407
 76 16.573921 -0.000000 0.000000 0.000000 0.000000 -1.045581
 77 15.128181 0.000002 0.000000 0.002618 -0.051986 0.588317
 78 5.758665 4.244731 -0.000000 -0.000000 0.000000 1.815142
 79 4.003934 0.000000 0.000000 0.000000 0.000000 0.000000
 80 15.708955 0.000001 0.000000 0.004296 -0.037430 0.405337
 81 0.273998 0.191090 3.439762 -3.130907 -0.000437 -1.508107
 82 17.210194 0.000000 0.000000 -0.000000 -0.000000 -1.884228
 83 0.000000 -0.000001 5.000000 -0.079311 1.595025 -1.570737
time 20
  0 -0.650000 0.000000 33.899605 -0.025849 0.174554 -1.569172
  1 5.816420 0.852483 -32.971565 -0.174512 -0.026131 1.569196
  2 -2.276935 0.000003 -1.238188 -1.570795 -1.570451 0.000000
  3 1.796484 0.711893 0.000432 -0.133664 -0.113283 -0.188633
  4 4.119750 -0.003040 0.000449 -0.137669 0.041720 0.355102
  5 4.118882 -0.003235 0.000459 -0.140391 0.016349 0.083930
  6 4.118768 -0.003238 0.000496 -0.151886 0.002191 0.050229
  7 4.120192 -0.003124 -0.000515 0.160970 0.434234 0.537893
  8 4.443599 0.000002 0.000000 0.192668 -0.677565 0.216128
  9 9.024062 -0.000002 -0.000000 0.000000 0.000000 0.000000
 10 -0.728984 0.255477 1.551590 -0.597870 -1.194217 -2.996125
 11 6.384777 0.000000 0.000002 -0.005957 0.645592 -0.730887
 12 10.242682 -0.000001 0.000001 0.000000 -0.000000 -1.363780
 13 11.375562 0.000004 -0.000000 -2.852674 0.680601 -0.181611
 14 0.728682 0.023429 -1.008291 2.187819 0.287071 0.946051
 15 2.136497 -0.000001 -0.000001 0.000000 -0.000000 0.437476
 16 2.313138 0.000001 -0.000001 0.000000 0.000000 0.000000
 17 3.115506 -0.886042 -0.021431 -0.451330 -0.055344 0.400437
 18 2.011149 0.000002 -0.000001 -0.000000 -0.000000 1.195558
 19 2.141380 0.000001 0.000001 0.000000 0.000000 0.000000
 20 1.734171 0.000003 -0.000000 0.000000 -0.000000 0.596943
 21 0.000006 -4.440592 -0.000001 1.570544 -0.062990 -0.195737
 22 6.000000 0.000002 0.000001 -2.522160 0.000000 0.000000
 23 0.000003 -4.440601 -0.000001 1.569944 -0.062987 0.004053
 24 11.375562 0.000003 0.000005 -2.148958 0.377541 0.036320
 25 0.000001 -4.440603 0.000001 1.570144 -0.062988 0.004040
 26 10.510131 -0.000001 0.000000 -0.000000 0.000000 -2.252686
 27 0.000000 -1.748400 5.000000 -0.000000 0.004007 1.602290
 28 5.500001 -0.000001 0.000001 -0.055043 -0.000000 -0.000000
 29 0.000000 -1.940598 5.000002 -0.044472 0.004003 -0.000180
 30 6.551492 -0.000000 -0.000001 0.048939 0.447109 -0.486405
 31 0.000000 -1.940598 5.000000 -0.027189 -0.053376 0.005295
 32 6.551492 -0.000000 -0.000001 0.050772 0.211516 -0.230018
 33 -0.000001 -1.940599 4.999997 -0.066572 -0.152786 -0.110311
 34 0.728985 -0.248395 -1.551590 -1.730733 1.449703 0.945826
 35 6.384776 0.000001 0.000001 -0.395671 -0.309508 -0.782633
 36 10.242682 -0.000000 0.000000 -0.000000 0.000000 -1.993653
 37 11.375561 0.000000 -0.000000 -2.841252 -0.034615 0.372753
 38 0.728682 0.023429 1.008292 -1.579583 -0.319038 0.212973
 39 2.136497 -0.000001 0.000000 -0.000000 -0.000000 1.282817
 40 2.313139 -0.000000 -0.000001 0.000000 0.000000 3.141593
 41 3.115507 -0.886041 0.021432 0.420765 0.316066 0.167178
 42 2.011150 0.000001 0.000001 0.000000 -0.000000 2.082010
 43 2.141379 0.000001 -0.000001 0.000000 0.000000 3.141593
 44 1.734172 -0.000001 -0.000000 0.000000 0.000000 1.041748
 45 0.136315 -3.738194 2.525891 1.493698 2.759406 -1.474501
 46 14.562631 -1.166817 -0.284475 0.258917 0.054664 1.504024
 47 11.389367 -0.000819 0.158780 2.508030 0.102689 0.217015
 48 0.000001 -4.440599 0.000001 1.570144 -3.078602 0.004040
 49 6.000000 0.000000 -0.000000 2.508030 -0.000000 -0.000000
 50 0.000002 -4.440600 0.000001 1.569944 -3.078603 0.004053
 51 10.510133 -0.000001 0.000002 -0.000000 -0.000000 -2.567623
 52 0.000000 -1.748401 -5.000004 -3.141593 0.004007 -1.539299
 53 5.500001 -0.000001 0.000000 0.147787 0.000000 -0.000000
 54 -0.000001 0.000001 -5.000001 -0.044472 3.137589 -0.000177
 55 6.551490 0.000000 0.000000 -0.147787 -0.055370 -0.260025
 56 -1.266844 -1.937443 -4.950562 -0.066572 -2.988806 -0.110308
 57 6.551490 0.000001 0.000000 -0.147787 -0.055370 -0.260025
 58 0.699370 -1.944208 -5.006848 -0.027189 -3.088217 0.005298
 59 4.226148 -0.003202 -0.000000 0.058178 0.251930 0.296005
 60 0.000003 5.000000 -0.000000 -0.153564 0.000087 2.718702
 61 0.000004 -0.000004 -3.713580 0.018865 -3.096651 -0.324845
 62 -0.000002 0.000000 5.000000 3.053198 1.558589 -0.074926
 63 -0.000007 0.000006 3.713580 -0.159276 -2.977491 -0.403653
 64 0.000001 -0.000000 -5.000000 -0.088724 1.558589 3.066337
 65 7.363602 1.646647 0.495663 3.141593 -1.570796 0.000000
 66 -0.000005 0.000007 3.619081 -0.217558 -2.796588 -0.810634
 67 16.573919 -0.000001 0.000000 0.000000 0.000000 -2.033247
 68 15.128181 0.000002 -0.000000 0.271612 0.009043 -0.097069
 69 5.758665 4.244730 0.000000 0.000000 -0.000000 1.842220
 70 3.177726 -0.000001 -0.000001 0.000000 0.000000 3.141593
 71 15.708953 0.000001 -0.000001 0.136460 0.001254 -0.052592
 72 0.275149 0.189214 -3.445208 3.130898 0.000409 -1.514604
 73 17.210194 -0.000002 0.000000 -0.000000 -0.000000 -2.328678
 74 -0.000000 0.000001 -4.999999 -0.079432 1.546568 -1.570855
 75 0.000002 -0.000003 -3.619081 0.034416 -3.071533 -0.493407
 76 16.573921 -0.000000 0.000000 0.000000 0.000000 -1.045581
 77 15.128181 0.000002 0.000000 0.002618 -0.051986 0.588317
 78 5.758665 4.244731 -0.000000 -0.000000 0.000000 1.815142
 79 4.003934 0.000000 0.000000 0.000000 0.000000 0.000000
 80 15.708955 0.000001 0.000000 0.004296 -0.037430 0.405337
 81 0.273998 0.191090 3.439762 -3.130907 -0.000437 -1.508107
 82 17.210194 0.000000 0.000000 -0.000000 -0.000000 -1.884228
 83 0.000000 -0.000001 5.000000 -0.079311 1.595025 -1.570737
time 21
  0 -0.650000 0.000000 33.899605 -0.025849 0.174554 -1.569172
  1 5.816420 0.852483 -32.971565 -0.174512 -0.026131 1.569196
  2 -2.276935 0.000003 -1.238188 -1.570795 -1.570451 0.000000
  3 1.796495 0.711891 0.000434 -0.134298 -0.111549 -0.185582
  4 4.119753 -0.003039 0.000451 -0.138091 0.041622 0.355943
  5 4.118882 -0.003235 0.000461 -0.140895 0.015644 0.083590
  6 4.118765 -0.003237 0.000498 -0.152383 0.001731 0.049859
  7 4.120172 -0.003129 -0.000515 0.161395 0.434882 0.533485
  8 4.443599 -0.000001 0.000000 0.258178 -0.601669 0.148499
  9 9.024060 0.000001 -0.000000 0.000000 0.000000 0.000000
 10 -0.730002 0.256057 1.551016 -0.609408 -1.192081 -2.977539
 11 6.384777 -0.000002 -0.000003 0.122321 0.563236 -0.594100
 12 10.242681 -0.000001 -0.000001 0.000000 -0.000000 -1.448544
 13 11.375561 0.000000 0.000001 -2.684076 0.636692 -0.228144
 14 0.728680 0.023432 -1.008292 1.852659 0.718588 0.560586
 15 2.136496 -0.000000 0.000000 -0.000000 0.000000 0.334038
 16 2.313139 -0.000002 -0.000001 0.000000 0.000000 0.000000
 17 3.115505 -0.886040 -0.021432 -0.443536 -0.045698 0.417446
 18 2.011149 0.000002 -0.000001 -0.000000 -0.000000 1.257617
 19 2.141380 -0.000000 0.000001 0.000000 0.000000 0.000000
 20 1.734171 0.000003 -0.000001 0.000000 0.000000 0.628012
 21 0.000005 -4.440593 -0.000000 1.570544 -0.062990 -0.195737
 22 6.000000 -0.000000 -0.000001 -2.392622 0.000000 -0.000000
 23 -0.000000 -4.440600 -0.000001 1.569944 -0.062987 0.004053
 24 11.375562 0.000001 0.000002 -2.075071 0.361246 -0.010212
 25 -0.000002 -4.440602 -0.000000 1.570144 -0.062988 0.004040
 26 10.510130 -0.000002 -0.000003 0.000000 0.000000 -2.295068
 27 -0.000000 -1.748401 4.999997 -0.000000 0.004007 1.602291
 28 5.499998 0.000001 -0.000000 -0.078124 -0.000000 -0.000000
 29 -0.000001 -1.940598 5.000000 -0.044472 0.004003 -0.000180
 30 6.551491 -0.000000 -0.000002 0.098840 0.396225 -0.444425
 31 0.000001 -1.940598 5.000000 -0.027189 -0.053376 0.005295
 32 6.551491 -0.000000 -0.000002 0.069304 0.186378 -0.215709
 33 -0.000000 -1.940600 4.999995 -0.066572 -0.152786 -0.110311
 34 0.730003 -0.248979 -1.551016 -1.769819 1.459365 0.906752
 35 6.384777 0.000001 -0.000002 -0.386956 -0.316739 -0.787777
 36 10.242683 -0.000002 0.000002 -0.000000 -0.000000 -1.995896
 37 11.375562 -0.000000 -0.000002 -2.816882 -0.022182 0.374262
 38 0.728680 0.023431 1.008292 -1.579583 -0.319038 0.212973
 39 2.136496 0.000001 0.000001 0.000000 -0.000000 1.282817
 40 2.313140 -0.000000 -0.000001 0.000000 0.000000 3.141593
 41 3.115507 -0.886041 0.021431 0.420766 0.316066 0.167178
 42 2.011151 -0.000003 -0.000000 -0.000000 0.000000 2.082010
 43 2.141381 -0.000000 -0.000000 0.000000 0.000000 3.141593
 44 1.734172 -0.000002 0.000000 0.000000 0.000000 1.041748
 45 0.136316 -3.738191 2.525890 1.493698 2.759406 -1.474501
 46 14.562627 -1.166814 -0.284477 0.258917 0.054664 1.504024
 47 11.389366 -0.000820 0.158779 2.519683 0.112428 0.214052
 48 0.000001 -4.440599 0.000000 1.570144 -3.078602 0.004040
 49 6.000000 0.000001 -0.000001 2.519682 -0.000000 -0.000000
 50 0.000002 -4.440601 -0.000002 1.569944 -3.078603 0.004053
 51 10.510132 -0.000001 0.000003 -0.000000 0.000000 -2.568744
 52 0.000001 -1.748402 -5.000002 3.141593 0.004007 -1.539299
 53 5.500000 -0.000001 0.000001 0.145556 -0.000000 -0.000000
 54 -0.000000 -0.000001 -5.000001 -0.044472 3.137589 -0.000177
 55 6.551491 0.000000 -0.000000 -0.145556 -0.058466 -0.260407
 56 -1.266844 -1.937444 -4.950560 -0.066572 -2.988806 -0.110308
 57 6.551492 0.000000 -0.000000 -0.145556 -0.058466 -0.260407
 58 0.699371 -1.944209 -5.006846 -0.027189 -3.088217 0.005298
 59 4.226145 -0.003201 -0.000000 0.058625 0.252271 0.293700
 60 -0.000002 5.000001 0.000001 -0.153564 0.000087 2.718702
 61 0.000004 -0.000004 -3.713580 0.018865 -3.096651 -0.324845
 62 -0.000002 0.000000 5.000000 3.053198 1.558589 -0.074926
 63 -0.000007 0.000006 3.713580 -0.159276 -2.977491 -0.403653
 64 0.000001 -0.000000 -5.000000 -0.088724 1.558589 3.066337
 65 7.363602 1.646647 0.495663 3.141593 -1.570796 0.000000
 66 -0.000005 0.000007 3.619081 -0.217558 -2.796588 -0.810634
 67 16.573919 -0.000001 0.000000 0.000000 0.000000 -2.033247
 68 15.128181 0.000002 -0.000000 0.271612 0.009043 -0.097069
 69 5.758665 4.244730 0.000000 0.000000 -0.000000 1.842220
 70 3.177726 -0.000001 -0.000001 0.000000 0.000000 3.141593
 71 15.708953 0.000001 -0.000001 0.136460 0.001254 -0.052592
 72 0.275149 0.189214 -3.445208 3.130898 0.000409 -1.514604
 73 17.210194 -0.000002 0.000000 -0.000000 -0.000000 -2.328678
 74 -0.000000 0.000001 -4.999999 -0.079432 1.546568 -1.570855
 75 0.000002 -0.000003 -3.619081 0.034416 -3.071533 -0.493407
 76 16.573921 -0.000000 0.000000 0.000000 0.000000 -1.045581
 77 15.128181 0.000002 0.000000 0.002618 -0.051986 0.588317
 78 5.758665 4.244731 -0.000000 -0.000000 0.000000 1.815142
 79 4.003934 0.000000 0.000000 0.000000 0.000000 0.000000
 80 15.708955 0.000001 0.000000 0.004296 -0.037430 0.405337
 81 0.273998 0.191090 3.439762 -3.130907 -0.000437 -1.508107
 82 17.210194 0.000000 0.000000 -0.000000 -0.000000 -1.884228
 83 0.000000 -0.000001 5.000000 -0.079311 1.595025 -1.570737
time 22
  0 -0.650000 0.000000 33.899605 -0.025849 0.174554 -1.569172
  1 5.816420 0.852483 -32.971565 -0.174512 -0.026131 1.569196
  2 -2.276935 0.000003 -1.238188 -1.570795 -1.570451 0.000000
  3 1.796499 0.711891 0.000443 -0.137207 -0.110078 -0.184439
  4 4.119750 -0.003037 0.000460 -0.140753 0.042138 0.356195
  5 4.118874 -0.003234 0.000470 -0.143763 0.014742 0.082275
  6 4.118762 -0.003237 0.000507 -0.155241 0.001076 0.048532
  7 4.120156 -0.003136 -0.000516 0.161817 0.435532 0.529076
  8 4.443598 0.000000 0.000000 0.323665 -0.521861 0.099477
  9 9.024062 0.000000 0.000000 0.000000 0.000000 0.000000
 10 -0.731023 0.256635 1.550441 -0.585585 -1.194874 -2.999449
 11 6.384776 0.000000 0.000000 0.189663 0.533790 -0.464222
 12 10.242681 -0.000000 0.000001 -0.000000 -0.000000 -1.545293
 13 11.375561 0.000001 0.000001 -2.706394 0.510296 -0.238707
 14 0.728680 0.023430 -1.008293 1.378835 0.812923 0.045424
 15 2.136496 0.000001 -0.000000 -0.000000 -0.000000 0.202439
 16 2.313139 -0.000002 0.000000 0.000000 0.000000 0.000000
 17 3.115505 -0.886040 -0.021432 -0.451476 -0.054051 0.403108
 18 2.011151 -0.000000 0.000000 -0.000000 0.000000 1.198521
 19 2.141380 -0.000000 0.000000 0.000000 0.000000 0.000000
 20 1.734173 0.000002 0.000001 -0.000000 0.000000 0.598426
 21 0.000006 -4.440593 0.000000 1.570544 -0.062990 -0.195737
 22 5.999999 -0.000001 0.000002 -2.424489 0.000000 -0.000000
 23 0.000002 -4.440601 0.000002 1.569944 -0.062987 0.004053
 24 11.375563 0.000001 0.000003 -2.101137 0.305806 -0.038549
 25 -0.000002 -4.440604 -0.000001 1.570144 -0.062988 0.004040
 26 10.510130 -0.000000 0.000001 -0.000000 -0.000000 -2.343443
 27 -0.000001 -1.748400 4.999997 -0.000000 0.004007 1.602290
 28 5.500000 -0.000001 0.000001 -0.091812 0.000000 -0.000000
 29 -0.000000 -1.940597 4.999999 -0.044472 0.004003 -0.000180
 30 6.551492 -0.000000 -0.000000 0.127175 0.390623 -0.397076
 31 0.000002 -1.940599 5.000001 -0.027189 -0.053376 0.005295
 32 6.551492 -0.000000 -0.000000 0.080405 0.183735 -0.195584
 33 -0.000000 -1.940599 4.999994 -0.066572 -0.152786 -0.110311
 34 0.731024 -0.249557 -1.550441 -1.802495 1.465786 0.875729
 35 6.384776 -0.000001 0.000001 -0.389042 -0.321639 -0.797320
 36 10.242683 -0.000001 0.000002 -0.000000 -0.000000 -1.997248
 37 11.375561 0.000002 -0.000000 -2.811204 -0.039594 0.366939
 38 0.728681 0.023429 1.008291 -1.579583 -0.319038 0.212973
 39 2.136497 0.000000 0.000000 0.000000 -0.000000 1.282817
 40 2.313140 0.000000 -0.000002 0.000000 0.000000 3.141593
 41 3.115507 -0.886041 0.021431 0.420765 0.316066 0.167178
 42 2.011151 -0.000002 0.000000 -0.000000 -0.000000 2.082010
 43 2.141380 -0.000000 -0.000000 0.000000 0.000000 3.141593
 44 1.734173 -0.000003 0.000000 0.000000 -0.000000 1.041748
 45 0.136315 -3.738193 2.525890 1.493698 2.759406 -1.474501
 46 14.562627 -1.166816 -0.284479 0.258917 0.054664 1.504024
 47 11.389366 -0.000820 0.158779 2.523255 0.101410 0.216005
 48 -0.000000 -4.440599 0.000004 1.570144 -3.078602 0.004040
 49 6.000000 -0.000001 -0.000003 2.523255 0.000000 0.000000
 50 0.000002 -4.440601 0.000000 1.569944 -3.078603 0.004053
 51 10.510133 -0.000002 0.000004 -0.000000 0.000000 -2.569420
 52 0.000000 -1.748400 -5.000000 -3.141593 0.004007 -1.539299
 53 5.500002 -0.000002 0.000003 0.147089 -0.000000 0.000000
 54 -0.000000 -0.000001 -5.000000 -0.044472 3.137589 -0.000177
 55 6.551490 -0.000001 -0.000001 -0.147089 -0.058725 -0.261767
 56 -1.266844 -1.937443 -4.950559 -0.066572 -2.988806 -0.110308
 57 6.551490 -0.000001 -0.000001 -0.147089 -0.058725 -0.261767
 58 0.699370 -1.944208 -5.006845 -0.027189 -3.088217 0.005298
 59 4.226145 -0.003201 -0.000001 0.059071 0.252613 0.291389
 60 -0.000001 5.000002 0.000001 -0.153565 0.000087 2.718702
 61 0.000004 -0.000004 -3.713580 0.018865 -3.096651 -0.324845
 62 -0.000002 0.000000 5.000000 3.053198 1.558589 -0.074926
 63 -0.000007 0.000006 3.713580 -0.159276 -2.977491 -0.403653
 64 0.000001 -0.000000 -5.000000 -0.088724 1.558589 3.066337
 65 7.363602 1.646647 0.495663 3.141593 -1.570796 0.000000
 66 -0.000005 0.000007 3.619081 -0.217558 -2.796588 -0.810634
 67 16.573919 -0.000001 0.000000 0.000000 0.000000 -2.033247
 68 15.128181 0.000002 -0.000000 0.271612 0.009043 -0.097069
 69 5.758665 4.244730 0.000000 0.000000 -0.000000 1.842220
 70 3.177726 -0.000001 -0.000001 0.000000 0.000000 3.141593
 71 15.708953 0.000001 -0.000001 0.136460 0.001254 -0.052592
 72 0.275149 0.189214 -3.445208 3.130898 0.000409 -1.514604
 73 17.210194 -0.000002 0.000000 -0.000000 -0.000000 -2.328678
 74 -0.000000 0.000001 -4.999999 -0.079432 1.546568 -1.570855
 75 0.000002 -0.000003 -3.619081 0.034416 -3.071533 -0.493407
 76 16.573921 -0.000000 0.000000 0.000000 0.000000 -1.045581
 77 15.128181 0.000002 0.000000 0.002618 -0.051986 0.588317
 78 5.758665 4.244731 -0.000000 -0.000000 0.000000 1.815142
 79 4.003934 0.000000 0.000000 0.000000 0.000000 0.000000
 80 15.708955 0.000001 0.000000 0.004296 -0.037430 0.405337
 81 0.273998 0.191090 3.439762 -3.130907 -0.000437 -1.508107
 82 17.210194 0.000000 0.000000 -0.000000 -0.000000 -1.884228
 83 0.000000 -0.000001 5.000000 -0.079311 1.595025 -1.570737
time 23
  0 -0.650000 0.000000 33.899605 -0.025849 0.174554 -1.569172
  1 5.816420 0.852483 -32.971565 -0.174512 -0.026131 1.569196
  2 -2.276935 0.000003 -1.238188 -1.570795 -1.570451 0.000000
  3 1.796493 0.711896 0.000469 -0.145179 -0.110370 -0.185796
  4 4.119750 -0.003034 0.000485 -0.148324 0.044461 0.355455
  5 4.118869 -0.003231 0.000496 -0.151822 0.014192 0.079508
  6 4.118753 -0.003233 0.000533 -0.163288 0.000509 0.045832
  7 4.120149 -0.003139 -0.000517 0.162007 0.435828 0.527072
  8 4.443600 -0.000001 0.000001 0.392333 -0.456948 0.073383
  9 9.024061 -0.000001 0.000001 0.000000 0.000000 0.000000
 10 -0.731486 0.256893 1.550180 -0.432314 -1.209224 3.112555
 11 6.384776 0.000000 -0.000002 0.064312 0.758014 -0.368662
 12 10.242682 -0.000001 0.000002 -0.000000 0.000000 -1.646062
 13 11.375563 0.000003 0.000000 2.819040 0.303002 0.103616
 14 0.728680 0.023432 -1.008291 1.704472 0.265881 0.354310
 15 2.136497 -0.000001 0.000002 0.000000 -0.000000 0.036345
 16 2.313139 0.000001 -0.000001 0.000000 0.000000 0.000000
 17 3.115506 -0.886041 -0.021430 -0.509533 -0.129968 0.280242
 18 2.011151 0.000001 -0.000001 0.000000 0.000000 0.714298
 19 2.141379 0.000002 0.000001 0.000000 0.000000 0.000000
 20 1.734173 0.000000 0.000000 0.000000 0.000000 0.357383
 21 0.000006 -4.440593 0.000000 1.570544 -0.062990 -0.195737
 22 6.000000 -0.000000 0.000002 -3.117486 0.000000 -0.000000
 23 0.000002 -4.440600 0.000002 1.569944 -0.062987 0.004053
 24 11.375562 0.000001 0.000005 -2.505608 0.131218 0.160918
 25 -0.000000 -4.440604 -0.000000 1.570144 -0.062988 0.004040
 26 10.510133 -0.000001 0.000001 0.000000 -0.000000 -2.393828
 27 0.000001 -1.748401 4.999999 -0.000000 0.004007 1.602291
 28 5.500002 -0.000001 0.000001 -0.070231 -0.000000 0.000000
 29 -0.000002 -1.940597 5.000000 -0.044472 0.004003 -0.000180
 30 6.551491 0.000001 0.000001 0.085209 0.528341 -0.331037
 31 0.000001 -1.940599 5.000000 -0.027189 -0.053376 0.005295
 32 6.551491 0.000001 0.000001 0.062545 0.251264 -0.159454
 33 0.000000 -1.940600 4.999996 -0.066572 -0.152786 -0.110311
 34 0.731491 -0.249819 -1.550179 -1.840244 1.472869 0.836451
 35 6.384776 0.000001 -0.000001 -0.406374 -0.327947 -0.821236
 36 10.242682 -0.000002 0.000003 0.000000 0.000000 -1.999114
 37 11.375562 0.000000 -0.000002 -2.863813 -0.040504 0.364276
 38 0.728681 0.023430 1.008292 -1.579583 -0.319038 0.212973
 39 2.136496 -0.000001 0.000002 -0.000000 -0.000000 1.282817
 40 2.313139 -0.000000 -0.000003 0.000000 0.000000 3.141593
 41 3.115507 -0.886043 0.021431 0.420765 0.316066 0.167178
 42 2.011150 -0.000002 -0.000000 -0.000000 -0.000000 2.082010
 43 2.141383 -0.000001 -0.000000 0.000000 0.000000 3.141593
 44 1.734173 -0.000003 0.000001 -0.000000 -0.000000 1.041748
 45 0.136315 -3.738192 2.525890 1.493698 2.759406 -1.474501
 46 14.562627 -1.166817 -0.284477 0.258917 0.054664 1.504024
 47 11.389367 -0.000817 0.158781 2.496915 0.094683 0.214380
 48 0.000001 -4.440598 -0.000000 1.570144 -3.078602 0.004040
 49 6.000000 0.000001 -0.000001 2.496915 -0.000000 -0.000000
 50 0.000002 -4.440601 -0.000001 1.569944 -3.078603 0.004053
 51 10.510130 -0.000000 0.000002 -0.000000 -0.000000 -2.570353
 52 0.000001 -1.748400 -5.000003 3.141593 0.004007 -1.539299
 53 5.499999 0.000000 0.000001 0.154821 -0.000000 0.000000
 54 0.000000 -0.000000 -5.000000 -0.044472 3.137589 -0.000177
 55 6.551490 -0.000000 0.000002 -0.154821 -0.055506 -0.265707
 56 -1.266842 -1.937443 -4.950559 -0.066572 -2.988806 -0.110308
 57 6.551491 -0.000000 0.000002 -0.154821 -0.055506 -0.265707
 58 0.699370 -1.944208 -5.006847 -0.027189 -3.088217 0.005298
 59 4.226146 -0.003201 -0.000000 0.059273 0.252769 0.290337
 60 0.000000 5.000000 0.000000 -0.153565 0.000087 2.718702
 61 0.000004 -0.000004 -3.713580 0.018865 -3.096651 -0.324845
 62 -0.000002 0.000000 5.000000 3.053198 1.558589 -0.074926
 63 -0.000007 0.000006 3.713580 -0.159276 -2.977491 -0.403653
 64 0.000001 -0.000000 -5.000000 -0.088724 1.558589 3.066337
 65 7.363602 1.646647 0.495663 3.141593 -1.570796 0.000000
 66 -0.000005 0.000007 3.619081 -0.217558 -2.796588 -0.810634
 67 16.573919 -0.000001 0.000000 0.000000 0.000000 -2.033247
 68 15.128181 0.000002 -0.000000 0.271612 0.009043 -0.097069
 69 5.758665 4.244730 0.000000 0.000000 -0.000000 1.842220
 70 3.177726 -0.000001 -0.000001 0.000000 0.000000 3.141593
 71 15.708953 0.000001 -0.000001 0.136460 0.001254 -0.052592
 72 0.275149 0.189214 -3.445208 3.130898 0.000409 -1.514604
 73 17.210194 -0.000002 0.000000 -0.000000 -0.000000 -2.328678
 74 -0.000000 0.000001 -4.999999 -0.079432 1.546568 -1.570855
 75 0.000002 -0.000003 -3.619081 0.034416 -3.071533 -0.493407
 76 16.573921 -0.000000 0.000000 0.000000 0.000000 -1.045581
 77 15.128181 0.000002 0.000000 0.002618 -0.051986 0.588317
 78 5.758665 4.244731 -0.000000 -0.000000 0.000000 1.815142
 79 4.003934 0.000000 0.000000 0.000000 0.000000 0.000000
 80 15.708955 0.000001 0.000000 0.004296 -0.037430 0.405337
 81 0.273998 0.191090 3.439762 -3.130907 -0.000437 -1.508107
 82 17.210194 0.000000 0.000000 -0.000000 -0.000000 -1.884228
 83 0.000000 -0.000001 5.000000 -0.079311 1.595025 -1.570737
time 24
  0 -0.650000 0.000000 33.899605 -0.025849 0.174554 -1.569172
  1 5.816420 0.852483 -32.971565 -0.174512 -0.026131 1.569196
  2 -2.276935 0.000003 -1.238188 -1.570795 -1.570451 0.000000
  3 1.796480 0.711904 0.000502 -0.155433 -0.110959 -0.189053
  4 4.119746 -0.003030 0.000516 -0.158139 0.047385 0.354097
  5 4.118856 -0.003227 0.000530 -0.162242 0.013407 0.075773
  6 4.118743 -0.003229 0.000566 -0.173694 -0.000291 0.042182
  7 4.120160 -0.003136 -0.000516 0.161740 0.435413 0.529878
  8 4.443596 0.000001 -0.000000 0.455312 -0.410601 0.066781
  9 9.024060 -0.000001 0.000000 0.000000 0.000000 0.000000
 10 -0.730841 0.256532 1.550545 -0.276116 -1.214075 2.934651
 11 6.384775 0.000001 0.000004 -0.203823 0.981820 -0.424495
 12 10.242682 -0.000000 -0.000000 0.000000 -0.000000 -1.701678
 13 11.375562 -0.000002 0.000001 2.126406 0.211760 0.461242
 14 0.728681 0.023429 -1.008292 1.914533 -0.385512 0.559621
 15 2.136496 0.000000 -0.000002 0.000000 0.000000 -0.101198
 16 2.313139 -0.000000 0.000001 0.000000 0.000000 0.000000
 17 3.115506 -0.886041 -0.021431 -0.558434 -0.212284 0.160435
 18 2.011151 -0.000000 -0.000003 -0.000000 0.000000 0.230258
 19 2.141379 0.000001 0.000002 0.000000 0.000000 0.000000
 20 1.734172 0.000000 -0.000002 -0.000000 -0.000000 0.115798
 21 0.000006 -4.440594 -0.000001 1.570544 -0.062990 -0.195737
 22 6.000000 0.000000 -0.000000 2.346362 0.000000 -0.000000
 23 0.000001 -4.440600 0.000000 1.569944 -0.062987 0.004053
 24 11.375561 -0.000001 0.000004 -2.878486 -0.175131 0.376878
 25 0.000000 -4.440603 -0.000001 1.570144 -0.062988 0.004040
 26 10.510133 -0.000001 -0.000001 -0.000000 0.000000 -2.421635
 27 0.000000 -1.748400 4.999998 -0.000000 0.004007 1.602290
 28 5.500001 -0.000001 -0.000000 -0.012821 0.000000 -0.000000
 29 -0.000002 -1.940598 5.000000 -0.044472 0.004003 -0.000180
 30 6.551491 -0.000001 -0.000000 -0.024185 0.622802 -0.309313
 31 0.000001 -1.940598 5.000001 -0.027189 -0.053376 0.005295
 32 6.551491 -0.000001 -0.000000 0.014924 0.298232 -0.137984
 33 -0.000000 -1.940598 4.999996 -0.066572 -0.152786 -0.110311
 34 0.730838 -0.249453 -1.550546 -1.928814 1.487227 0.736706
 35 6.384776 -0.000000 0.000000 -0.426875 -0.338305 -0.855922
 36 10.242682 -0.000001 0.000003 0.000000 0.000000 -2.003836
 37 11.375560 0.000000 -0.000002 -3.027827 0.071661 0.381217
 38 0.728681 0.023431 1.008291 -1.579583 -0.319038 0.212973
 39 2.136497 -0.000002 0.000002 -0.000000 -0.000000 1.282817
 40 2.313140 0.000001 -0.000001 0.000000 0.000000 3.141593
 41 3.115508 -0.886042 0.021431 0.420765 0.316066 0.167178
 42 2.011150 0.000001 -0.000001 -0.000000 0.000000 2.082010
 43 2.141377 0.000000 0.000000 0.000000 0.000000 3.141593
 44 1.734173 -0.000001 -0.000000 -0.000000 -0.000000 1.041748
 45 0.136315 -3.738191 2.525891 1.493698 2.759406 -1.474501
 46 14.562629 -1.166815 -0.284476 0.258917 0.054664 1.504024
 47 11.389367 -0.000817 0.158781 2.408674 0.143911 0.190556
 48 0.000001 -4.440599 0.000000 1.570144 -3.078602 0.004040
 49 6.000000 0.000003 -0.000001 2.408674 0.000000 0.000000
 50 0.000002 -4.440601 0.000001 1.569944 -3.078603 0.004053
 51 10.510132 -0.000001 0.000003 0.000000 0.000000 -2.572714
 52 0.000001 -1.748399 -4.999999 -3.141593 0.004007 -1.539299
 53 5.500000 -0.000000 0.000002 0.164942 -0.000000 0.000000
 54 -0.000000 -0.000001 -5.000000 -0.044472 3.137589 -0.000177
 55 6.551490 -0.000000 -0.000000 -0.164942 -0.051708 -0.271485
 56 -1.266844 -1.937442 -4.950562 -0.066572 -2.988806 -0.110308
 57 6.551490 -0.000000 -0.000000 -0.164942 -0.051708 -0.271485
 58 0.699369 -1.944206 -5.006849 -0.027189 -3.088217 0.005298
 59 4.226145 -0.003202 0.000000 0.058990 0.252551 0.291809
 60 -0.000000 5.000000 0.000000 -0.153564 0.000087 2.718702
 61 0.000004 -0.000004 -3.713580 0.018865 -3.096651 -0.324845
 62 -0.000002 0.000000 5.000000 3.053198 1.558589 -0.074926
 63 -0.000007 0.000006 3.713580 -0.159276 -2.977491 -0.403653
 64 0.000001 -0.000000 -5.000000 -0.088724 1.558589 3.066337
 65 7.363602 1.646647 0.495663 3.141593 -1.570796 0.000000
 66 -0.000005 0.000007 3.619081 -0.217558 -2.796588 -0.810634
 67 16.573919 -0.000001 0.000000 0.000000 0.000000 -2.033247
 68 15.128181 0.000002 -0.000000 0.271612 0.009043 -0.097069
 69 5.758665 4.244730 0.000000 0.000000 -0.000000 1.842220
 70 3.177726 -0.000001 -0.000001 0.000000 0.000000 3.141593
 71 15.708953 0.000001 -0.000001 0.136460 0.001254 -0.052592
 72 0.275149 0.189214 -3.445208 3.130898 0.000409 -1.514604
 73 17.210194 -0.000002 0.000000 -0.000000 -0.000000 -2.328678
 74 -0.000000 0.000001 -4.999999 -0.079432 1.546568 -1.570855
 75 0.000002 -0.000003 -3.619081 0.034416 -3.071533 -0.493407
 76 16.573921 -0.000000 0.000000 0.000000 0.000000 -1.045581
 77 15.128181 0.000002 0.000000 0.002618 -0.051986 0.588317
 78 5.758665 4.244731 -0.000000 -0.000000 0.000000 1.815142
 79 4.003934 0.000000 0.000000 0.000000 0.000000 0.000000
 80 15.708955 0.000001 0.000000 0.004296 -0.037430 0.405337
 81 0.273998 0.191090 3.439762 -3.130907 -0.000437 -1.508107
 82 17.210194 0.000000 0.000000 -0.000000 -0.000000 -1.884228
 83 0.000000 -0.000001 5.000000 -0.079311 1.595025 -1.570737
time 25
  0 -0.650000 0.000000 33.899605 -0.025849 0.174554 -1.569172
  1 5.816420 0.852483 -32.971565 -0.174512 -0.026131 1.569196
  2 -2.276935 0.000003 -1.238188 -1.570795 -1.570451 0.000000
  3 1.796451 0.711913 0.000519 -0.160622 -0.111205 -0.197265
  4 4.119742 -0.003029 0.000533 -0.163344 0.048377 0.351844
  5 4.118841 -0.003225 0.000547 -0.167705 0.011998 0.070905
  6 4.118720 -0.003224 0.000584 -0.179127 -0.001545 0.037334
  7 4.120196 -0.003119 -0.000514 0.160776 0.433939 0.539896
  8 4.443600 -0.000003 0.000001 0.487861 -0.377053 0.077154
  9 9.024061 -0.000004 0.000001 0.000000 0.000000 0.000000
 10 -0.728519 0.255203 1.551851 -0.217391 -1.215065 2.857671
 11 6.384778 -0.000002 -0.000001 -0.383445 1.011537 -0.545680
 12 10.242681 -0.000000 -0.000001 0.000000 -0.000000 -1.686518
 13 11.375561 -0.000002 -0.000001 1.918740 0.189864 0.421540
 14 0.728681 0.023432 -1.008293 1.924696 -0.471849 0.580042
 15 2.136495 0.000000 0.000002 0.000000 0.000000 -0.123567
 16 2.313139 -0.000000 0.000001 0.000000 0.000000 0.000000
 17 3.115506 -0.886040 -0.021433 -0.564326 -0.222870 0.146022
 18 2.011150 -0.000000 -0.000001 0.000000 0.000000 0.168359
 19 2.141379 0.000000 -0.000001 0.000000 0.000000 0.000000
 20 1.734172 0.000001 0.000001 -0.000000 0.000000 0.084704
 21 0.000005 -4.440594 0.000001 1.570544 -0.062990 -0.195737
 22 6.000000 -0.000002 -0.000000 2.069030 0.000000 0.000000
 23 0.000001 -4.440602 0.000001 1.569944 -0.062987 0.004053
 24 11.375561 -0.000001 0.000003 -2.986638 -0.240584 0.383400
 25 -0.000000 -4.440604 0.000002 1.570144 -0.062988 0.004040
 26 10.510129 -0.000001 -0.000002 -0.000000 0.000000 -2.414056
 27 0.000001 -1.748401 4.999998 0.000000 0.004007 1.602290
 28 5.500000 -0.000000 -0.000001 0.030847 0.000000 0.000000
 29 -0.000001 -1.940598 5.000000 -0.044472 0.004003 -0.000180
 30 6.551491 -0.000001 0.000000 -0.110227 0.630357 -0.339873
 31 0.000000 -1.940599 5.000001 -0.027189 -0.053376 0.005295
 32 6.551491 -0.000001 0.000000 -0.020903 0.304383 -0.144090
 33 -0.000000 -1.940598 4.999996 -0.066572 -0.152786 -0.110311
 34 0.728523 -0.248131 -1.551850 -2.025610 1.499699 0.621341
 35 6.384777 0.000001 -0.000002 -0.445267 -0.349137 -0.871465
 36 10.242682 -0.000000 0.000001 -0.000000 0.000000 -2.008978
 37 11.375561 0.000001 0.000001 3.090943 0.161638 0.381169
 38 0.728681 0.023431 1.008292 -1.579583 -0.319038 0.212973
 39 2.136497 -0.000002 0.000002 0.000000 0.000000 1.282817
 40 2.313139 -0.000000 -0.000001 0.000000 0.000000 3.141593
 41 3.115507 -0.886041 0.021430 0.420765 0.316066 0.167178
 42 2.011151 -0.000000 -0.000000 0.000000 0.000000 2.082010
 43 2.141379 0.000000 -0.000001 0.000000 0.000000 3.141593
 44 1.734173 -0.000001 -0.000001 -0.000000 -0.000000 1.041748
 45 0.136315 -3.738190 2.525890 1.493698 2.759406 -1.474501
 46 14.562629 -1.166814 -0.284476 0.258917 0.054664 1.504024
 47 11.389367 -0.000819 0.158782 2.319830 0.177403 0.170209
 48 0.000000 -4.440599 -0.000000 1.570144 -3.078602 0.004040
 49 6.000000 -0.000000 -0.000000 2.319830 0.000000 0.000000
 50 0.000001 -4.440601 -0.000003 1.569944 -3.078603 0.004053
 51 10.510131 -0.000000 0.000002 0.000000 0.000000 -2.575285
 52 0.000001 -1.748401 -5.000000 3.141593 0.004007 -1.539299
 53 5.500000 0.000000 -0.000000 0.173079 -0.000000 -0.000000
 54 -0.000001 0.000000 -5.000000 -0.044472 3.137589 -0.000177
 55 6.551491 0.000000 -0.000000 -0.173079 -0.050296 -0.274426
 56 -1.266843 -1.937445 -4.950560 -0.066572 -2.988806 -0.110308
 57 6.551492 0.000000 -0.000000 -0.173079 -0.050296 -0.274426
 58 0.699371 -1.944209 -5.006847 -0.027189 -3.088217 0.005298
 59 4.226147 -0.003201 -0.000000 0.057974 0.251775 0.297052
 60 0.000000 5.000001 0.000001 -0.153564 0.000087 2.718702
 61 0.000004 -0.000004 -3.713580 0.018865 -3.096651 -0.324845
 62 -0.000002 0.000000 5.000000 3.053198 1.558589 -0.074926
 63 -0.000007 0.000006 3.713580 -0.159276 -2.977491 -0.403653
 64 0.000001 -0.000000 -5.000000 -0.088724 1.558589 3.066337
 65 7.363602 1.646647 0.495663 3.141593 -1.570796 0.000000
 66 -0.000005 0.000007 3.619081 -0.217558 -2.796588 -0.810634
 67 16.573919 -0.000001 0.000000 0.000000 0.000000 -2.033247
 68 15.128181 0.000002 -0.000000 0.271612 0.009043 -0.097069
 69 5.758665 4.244730 0.000000 0.000000 -0.000000 1.842220
 70 3.177726 -0.000001 -0.000001 0.000000 0.000000 3.141593
 71 15.708953 0.000001 -0.000001 0.136460 0.001254 -0.052592
 72 0.275149 0.189214 -3.445208 3.130898 0.000409 -1.514604
 73 17.210194 -0.000002 0.000000 -0.000000 -0.000000 -2.328678
 74 -0.000000 0.000001 -4.999999 -0.079432 1.546568 -1.570855
 75 0.000002 -0.000003 -3.619081 0.034416 -3.071533 -0.493407
 76 16.573921 -0.000000 0.000000 0.000000 0.000000 -1.045581
 77 15.128181 0.000002 0.000000 0.002618 -0.051986 0.588317
 78 5.758665 4.244731 -0.000000 -0.000000 0.000000 1.815142
 79 4.003934 0.000000 0.000000 0.000000 0.000000 0.000000
 80 15.708955 0.000001 0.000000 0.004296 -0.037430 0.405337
 81 0.273998 0.191090 3.439762 -3.130907 -0.000437 -1.508107
 82 17.210194 0.000000 0.000000 -0.000000 -0.000000 -1.884228
 83 0.000000 -0.000001 5.000000 -0.079311 1.595025 -1.570737
time 26
  0 -0.650000 0.000000 33.899605 -0.025849 0.174554 -1.569172
  1 5.816420 0.852483 -32.971565 -0.174512 -0.026131 1.569196
  2 -2.276935 0.000003 -1.238188 -1.570795 -1.570451 0.000000
  3 1.796378 0.711924 0.000486 -0.150488 -0.110290 -0.221137
  4 4.119722 -0.003041 0.000504 -0.154580 0.043566 0.346769
  5 4.118810 -0.003233 0.000516 -0.158161 0.008828 0.062355
  6 4.118694 -0.003231 0.000553 -0.169508 -0.004050 0.028606
  7 4.120279 -0.003072 -0.000505 0.158083 0.429990 0.567020
  8 4.443599 -0.000002 0.000001 0.450143 -0.351311 0.130588
  9 9.024060 0.000003 -0.000001 0.000000 0.000000 0.000000
 10 -0.722305 0.251476 1.555352 -0.330841 -1.217846 2.951892
 11 6.384776 0.000000 0.000001 -0.214999 1.044539 -0.492356
 12 10.242680 0.000000 0.000001 -0.000000 -0.000000 -1.610628
 13 11.375561 -0.000001 0.000002 2.047176 0.112838 0.261137
 14 0.728679 0.023430 -1.008290 1.897833 -0.392064 0.575820
 15 2.136497 -0.000001 -0.000000 0.000000 -0.000000 -0.107827
 16 2.313140 0.000000 -0.000002 0.000000 0.000000 0.000000
 17 3.115507 -0.886042 -0.021430 -0.558865 -0.210585 0.163574
 18 2.011150 -0.000000 0.000003 -0.000000 -0.000000 0.234697
 19 2.141380 0.000001 -0.000003 0.000000 0.000000 0.000000
 20 1.734172 -0.000001 -0.000000 0.000000 0.000000 0.118026
 21 0.000005 -4.440594 0.000000 1.570544 -0.062990 -0.195737
 22 6.000000 -0.000001 0.000002 2.256754 0.000000 -0.000000
 23 0.000001 -4.440601 -0.000000 1.569944 -0.062987 0.004053
 24 11.375561 0.000000 0.000005 -2.909329 -0.141694 0.233337
 25 0.000000 -4.440604 0.000001 1.570144 -0.062988 0.004040
 26 10.510130 -0.000001 -0.000000 -0.000000 0.000000 -2.376110
 27 0.000001 -1.748402 4.999998 -0.000000 0.004007 1.602290
 28 5.499999 0.000000 0.000000 -0.033803 0.000000 0.000000
 29 -0.000004 -1.940598 5.000001 -0.044472 0.004003 -0.000180
 30 6.551491 0.000001 0.000002 0.005702 0.669839 -0.334528
 31 0.000003 -1.940599 5.000002 -0.027189 -0.053376 0.005295
 32 6.551491 0.000001 0.000002 0.032927 0.316063 -0.148747
 33 0.000001 -1.940599 4.999994 -0.066572 -0.152786 -0.110311
 34 0.722309 -0.244405 -1.555351 -1.984339 1.502342 0.630840
 35 6.384776 0.000001 -0.000001 -0.465357 -0.361561 -0.818937
 36 10.242682 -0.000000 0.000002 0.000000 -0.000000 -2.012611
 37 11.375561 -0.000001 -0.000003 3.055562 0.069791 0.383890
 38 0.728680 0.023433 1.008292 -1.579583 -0.319038 0.212973
 39 2.136497 0.000001 0.000001 -0.000000 -0.000000 1.282817
 40 2.313139 0.000000 0.000001 0.000000 0.000000 3.141593
 41 3.115507 -0.886041 0.021429 0.420765 0.316066 0.167178
 42 2.011151 -0.000002 -0.000001 0.000000 0.000000 2.082010
 43 2.141378 -0.000000 0.000001 0.000000 0.000000 3.141593
 44 1.734172 -0.000001 0.000000 0.000000 -0.000000 1.041748
 45 0.136314 -3.738195 2.525891 1.493698 2.759406 -1.474501
 46 14.562627 -1.166813 -0.284477 0.258917 0.054664 1.504024
 47 11.389367 -0.000818 0.158780 2.309322 0.126813 0.195123
 48 0.000000 -4.440599 0.000001 1.570144 -3.078602 0.004040
 49 6.000000 0.000001 -0.000002 2.309322 -0.000000 -0.000000
 50 0.000002 -4.440601 0.000002 1.569944 -3.078603 0.004053
 51 10.510131 0.000000 0.000002 0.000000 0.000000 -2.577102
 52 0.000000 -1.748399 -5.000001 3.141593 0.004007 -1.539299
 53 5.500000 0.000000 0.000001 0.175708 0.000000 -0.000000
 54 -0.000002 0.000000 -5.000002 -0.044472 3.137589 -0.000177
 55 6.551491 0.000000 0.000001 -0.175708 -0.056853 -0.266715
 56 -1.266843 -1.937444 -4.950558 -0.066572 -2.988806 -0.110308
 57 6.551491 0.000000 0.000001 -0.175708 -0.056853 -0.266715
 58 0.699370 -1.944209 -5.006844 -0.027189 -3.088217 0.005298
 59 4.226143 -0.003201 -0.000000 0.055203 0.249706 0.311138
 60 0.000000 5.000001 0.000000 -0.153564 0.000087 2.718702
 61 0.000004 -0.000004 -3.713580 0.018865 -3.096651 -0.324845
 62 -0.000002 0.000000 5.000000 3.053198 1.558589 -0.074926
 63 -0.000007 0.000006 3.713580 -0.159276 -2.977491 -0.403653
 64 0.000001 -0.000000 -5.000000 -0.088724 1.558589 3.066337
 65 7.363602 1.646647 0.495663 3.141593 -1.570796 0.000000
 66 -0.000005 0.000007 3.619081 -0.217558 -2.796588 -0.810634
 67 16.573919 -0.000001 0.000000 0.000000 0.000000 -2.033247
 68 15.128181 0.000002 -0.000000 0.271612 0.009043 -0.097069
 69 5.758665 4.244730 0.000000 0.000000 -0.000000 1.842220
 70 3.177726 -0.000001 -0.000001 0.000000 0.000000 3.141593
 71 15.708953 0.000001 -0.000001 0.136460 0.001254 -0.052592
 72 0.275149 0.189214 -3.445208 3.130898 0.000409 -1.514604
 73 17.210194 -0.000002 0.000000 -0.000000 -0.000000 -2.328678
 74 -0.000000 0.000001 -4.999999 -0.079432 1.546568 -1.570855
 75 0.000002 -0.000003 -3.619081 0.034416 -3.071533 -0.493407
 76 16.573921 -0.000000 0.000000 0.000000 0.000000 -1.045581
 77 15.128181 0.000002 0.000000 0.002618 -0.051986 0.588317
 78 5.758665 4.244731 -0.000000 -0.000000 0.000000 1.815142
 79 4.003934 0.000000 0.000000 0.000000 0.000000 0.000000
 80 15.708955 0.000001 0.000000 0.004296 -0.037430 0.405337
 81 0.273998 0.191090 3.439762 -3.130907 -0.000437 -1.508107
 82 17.210194 0.000000 0.000000 -0.000000 -0.000000 -1.884228
 83 0.000000 -0.000001 5.000000 -0.079311 1.595025 -1.570737
time 27
  0 -0.650000 0.000000 33.899605 -0.025849 0.174554 -1.569172
  1 5.816420 0.852483 -32.971565 -0.174512 -0.026131 1.569196
  2 -2.276935 0.000003 -1.238188 -1.570795 -1.570451 0.000000
  3 1.796309 0.711936 0.000447 -0.138329 -0.108628 -0.242971
  4 4.119713 -0.003052 0.000469 -0.143751 0.038224 0.342271
  5 4.118781 -0.003239 0.000479 -0.146449 0.005881 0.054717
  6 4.118670 -0.003239 0.000515 -0.157727 -0.006299 0.020776
  7 4.120421 -0.002994 -0.000493 0.153609 0.423895 0.609750
  8 4.443596 -0.000000 0.000000 0.400316 -0.354196 0.201717
  9 9.024062 -0.000001 0.000001 0.000000 0.000000 0.000000
 10 -0.712696 0.245185 1.560766 -0.790817 -1.160332 -2.860159
 11 6.384776 0.000000 0.000003 0.295309 1.055840 -0.368905
 12 10.242682 -0.000000 -0.000000 -0.000000 -0.000000 -1.582235
 13 11.375562 0.000002 0.000001 2.894413 -0.074248 0.148568
 14 0.728681 0.023431 -1.008293 1.919230 -0.396901 0.590890
 15 2.136497 0.000001 0.000003 0.000000 0.000000 -0.107742
 16 2.313139 -0.000002 -0.000002 0.000000 0.000000 0.000000
 17 3.115506 -0.886041 -0.021432 -0.562573 -0.213972 0.159995
 18 2.011151 -0.000001 -0.000001 -0.000000 0.000000 0.207706
 19 2.141379 0.000002 0.000001 0.000000 0.000000 0.000000
 20 1.734172 0.000000 -0.000000 -0.000000 -0.000000 0.104474
 21 0.000006 -4.440595 0.000001 1.570544 -0.062990 -0.195737
 22 6.000001 0.000001 0.000000 -3.051388 -0.000000 0.000000
 23 0.000001 -4.440598 -0.000000 1.569944 -0.062987 0.004053
 24 11.375562 0.000002 0.000003 -2.477479 -0.089971 0.062224
 25 -0.000000 -4.440604 0.000002 1.570144 -0.062988 0.004040
 26 10.510131 -0.000001 -0.000000 0.000000 -0.000000 -2.361914
 27 0.000001 -1.748401 4.999999 -0.000000 0.004007 1.602291
 28 5.500001 0.000000 -0.000000 -0.158972 0.000000 0.000000
 29 -0.000001 -1.940598 5.000000 -0.044472 0.004003 -0.000180
 30 6.551490 0.000000 0.000001 0.247084 0.724686 -0.296572
 31 0.000001 -1.940600 5.000000 -0.027189 -0.053376 0.005295
 32 6.551490 0.000000 0.000001 0.135583 0.326148 -0.150428
 33 0.000001 -1.940598 4.999992 -0.066572 -0.152786 -0.110311
 34 0.712696 -0.238110 -1.560766 -1.826629 1.497778 0.743426
 35 6.384776 0.000000 -0.000001 -0.480706 -0.370222 -0.760784
 36 10.242682 0.000000 -0.000000 -0.000000 -0.000000 -2.015559
 37 11.375562 0.000001 0.000001 3.043783 -0.045061 0.387327
 38 0.728681 0.023430 1.008291 -1.579583 -0.319038 0.212973
 39 2.136497 0.000001 -0.000002 0.000000 0.000000 1.282817
 40 2.313140 0.000001 -0.000000 0.000000 0.000000 3.141593
 41 3.115505 -0.886041 0.021431 0.420766 0.316066 0.167178
 42 2.011150 -0.000000 0.000001 0.000000 -0.000000 2.082010
 43 2.141381 -0.000000 0.000001 0.000000 0.000000 3.141593
 44 1.734172 -0.000001 0.000001 0.000000 0.000000 1.041748
 45 0.136315 -3.738193 2.525891 1.493698 2.759406 -1.474501
 46 14.562627 -1.166815 -0.284476 0.258917 0.054664 1.504024
 47 11.389366 -0.000820 0.158780 2.309153 0.064721 0.223585
 48 0.000000 -4.440599 0.000001 1.570144 -3.078602 0.004040
 49 6.000000 -0.000000 -0.000001 2.309154 0.000000 0.000000
 50 0.000002 -4.440600 -0.000002 1.569944 -3.078603 0.004053
 51 10.510132 0.000001 0.000001 -0.000000 -0.000000 -2.578576
 52 0.000001 -1.748400 -5.000000 -3.141593 0.004007 -1.539299
 53 5.500000 0.000000 0.000000 0.176032 0.000000 0.000000
 54 -0.000002 0.000000 -5.000000 -0.044472 3.137589 -0.000177
 55 6.551489 0.000000 -0.000002 -0.176032 -0.064338 -0.257957
 56 -1.266844 -1.937443 -4.950560 -0.066572 -2.988806 -0.110308
 57 6.551489 0.000000 -0.000002 -0.176032 -0.064338 -0.257957
 58 0.699371 -1.944208 -5.006845 -0.027189 -3.088217 0.005298
 59 4.226144 -0.003201 0.000000 0.050779 0.246545 0.333031
 60 0.000002 5.000000 -0.000000 -0.153564 0.000087 2.718702
 61 0.000004 -0.000004 -3.713580 0.018865 -3.096651 -0.324845
 62 -0.000002 0.000000 5.000000 3.053198 1.558589 -0.074926
 63 -0.000007 0.000006 3.713580 -0.159276 -2.977491 -0.403653
 64 0.000001 -0.000000 -5.000000 -0.088724 1.558589 3.066337
 65 7.363602 1.646647 0.495663 3.141593 -1.570796 0.000000
 66 -0.000005 0.000007 3.619081 -0.217558 -2.796588 -0.810634
 67 16.573919 -0.000001 0.000000 0.000000 0.000000 -2.033247
 68 15.128181 0.000002 -0.000000 0.271612 0.009043 -0.097069
 69 5.758665 4.244730 0.000000 0.000000 -0.000000 1.842220
 70 3.177726 -0.000001 -0.000001 0.000000 0.000000 3.141593
 71 15.708953 0.000001 -0.000001 0.136460 0.001254 -0.052592
 72 0.275149 0.189214 -3.445208 3.130898 0.000409 -1.514604
 73 17.210194 -0.000002 0.000000 -0.000000 -0.000000 -2.328678
 74 -0.000000 0.000001 -4.999999 -0.079432 1.546568 -1.570855
 75 0.000002 -0.000003 -3.619081 0.034416 -3.071533 -0.493407
 76 16.573921 -0.000000 0.000000 0.000000 0.000000 -1.045581
 77 15.128181 0.000002 0.000000 0.002618 -0.051986 0.588317
 78 5.758665 4.244731 -0.000000 -0.000000 0.000000 1.815142
 79 4.003934 0.000000 0.000000 0.000000 0.000000 0.000000
 80 15.708955 0.000001 0.000000 0.004296 -0.037430 0.405337
 81 0.273998 0.191090 3.439762 -3.130907 -0.000437 -1.508107
 82 17.210194 0.000000 0.000000 -0.000000 -0.000000 -1.884228
 83 0.000000 -0.000001 5.000000 -0.079311 1.595025 -1.570737
time 28
  0 -0.650000 0.000000 33.899605 -0.025849 0.174554 -1.569172
  1 5.816420 0.852483 -32.971565 -0.174512 -0.026131 1.569196
  2 -2.276935 0.000003 -1.238188 -1.570795 -1.570451 0.000000
  3 1.796306 0.711936 0.000443 -0.137168 -0.107450 -0.245680
  4 4.119704 -0.003053 0.000466 -0.142658 0.037396 0.341775
  5 4.118776 -0.003241 0.000475 -0.145270 0.004850 0.052490
  6 4.118658 -0.003239 0.000511 -0.156530 -0.007079 0.018502
  7 4.120563 -0.002909 -0.000479 0.148743 0.417836 0.653456
  8 4.443598 0.000000 0.000001 0.387106 -0.400154 0.240740
  9 9.024062 -0.000000 -0.000000 0.000000 0.000000 0.000000
 10 -0.703111 0.238225 1.566167 -1.049535 -1.056710 -2.593582
 11 6.384776 -0.000001 -0.000001 0.765188 1.022498 -0.292283
 12 10.242683 -0.000002 -0.000000 -0.000000 0.000000 -1.530007
 13 11.375563 0.000000 -0.000002 -2.269905 -0.405965 -0.192261
 14 0.728681 0.023431 -1.008292 1.851585 -0.341365 0.596576
 15 2.136497 -0.000001 -0.000000 -0.000000 -0.000000 -0.106593
 16 2.313140 0.000002 0.000001 0.000000 0.000000 0.000000
 17 3.115507 -0.886041 -0.021432 -0.555218 -0.198559 0.182012
 18 2.011152 -0.000001 0.000000 0.000000 -0.000000 0.292337
 19 2.141379 0.000000 0.000000 0.000000 0.000000 0.000000
 20 1.734173 0.000001 -0.000000 -0.000000 -0.000000 0.146941
 21 0.000006 -4.440595 0.000000 1.570544 -0.062990 -0.195737
 22 6.000000 -0.000001 -0.000001 -2.097014 -0.000000 -0.000000
 23 0.000002 -4.440601 0.000000 1.569944 -0.062987 0.004053
 24 11.375562 0.000001 0.000002 -1.919115 -0.201044 -0.142019
 25 -0.000002 -4.440604 -0.000002 1.570144 -0.062988 0.004040
 26 10.510132 -0.000002 -0.000001 0.000000 0.000000 -2.335800
 27 -0.000000 -1.748400 5.000000 -0.000000 0.004007 1.602291
 28 5.500000 -0.000002 -0.000000 -0.258025 -0.000000 0.000000
 29 -0.000002 -1.940598 5.000001 -0.044472 0.004003 -0.000180
 30 6.551491 -0.000000 0.000001 0.451036 0.703754 -0.251544
 31 -0.000000 -1.940599 5.000000 -0.027189 -0.053376 0.005295
 32 6.551491 -0.000000 0.000001 0.215596 0.306317 -0.148386
 33 -0.000000 -1.940599 4.999998 -0.066572 -0.152786 -0.110311
 34 0.703111 -0.231145 -1.566167 -1.671044 1.490841 0.853486
 35 6.384776 -0.000000 0.000000 -0.482453 -0.372011 -0.758286
 36 10.242682 -0.000001 0.000000 -0.000000 0.000000 -2.018212
 37 11.375561 -0.000001 -0.000001 2.983202 -0.084375 0.388059
 38 0.728680 0.023431 1.008292 -1.579583 -0.319038 0.212973
 39 2.136496 0.000000 -0.000001 -0.000000 0.000000 1.282817
 40 2.313139 -0.000000 -0.000001 0.000000 0.000000 3.141593
 41 3.115507 -0.886041 0.021432 0.420766 0.316066 0.167178
 42 2.011151 -0.000001 -0.000000 0.000000 -0.000000 2.082010
 43 2.141379 0.000000 -0.000000 0.000000 0.000000 3.141593
 44 1.734172 -0.000001 0.000001 -0.000000 -0.000000 1.041748
 45 0.136315 -3.738192 2.525889 1.493698 2.759406 -1.474501
 46 14.562626 -1.166814 -0.284476 0.258917 0.054664 1.504024
 47 11.389366 -0.000818 0.158782 2.280087 0.038942 0.231747
 48 0.000000 -4.440599 -0.000002 1.570144 -3.078602 0.004040
 49 5.999999 -0.000001 -0.000002 2.280087 0.000000 0.000000
 50 0.000002 -4.440601 0.000001 1.569944 -3.078603 0.004053
 51 10.510132 -0.000002 0.000002 0.000000 0.000000 -2.579902
 52 -0.000000 -1.748399 -5.000002 -3.141593 0.004007 -1.539299
 53 5.500000 -0.000001 -0.000001 0.176445 -0.000000 -0.000000
 54 -0.000000 0.000000 -4.999999 -0.044472 3.137589 -0.000177
 55 6.551490 -0.000001 0.000002 -0.176445 -0.064955 -0.257586
 56 -1.266843 -1.937443 -4.950561 -0.066572 -2.988806 -0.110308
 57 6.551491 -0.000001 0.000002 -0.176445 -0.064955 -0.257586
 58 0.699371 -1.944208 -5.006848 -0.027189 -3.088217 0.005298
 59 4.226147 -0.003202 -0.000000 0.046187 0.243441 0.355099
 60 0.000001 5.000000 -0.000001 -0.153564 0.000087 2.718702
 61 0.000004 -0.000004 -3.713580 0.018865 -3.096651 -0.324845
 62 -0.000002 0.000000 5.000000 3.053198 1.558589 -0.074926
 63 -0.000007 0.000006 3.713580 -0.159276 -2.977491 -0.403653
 64 0.000001 -0.000000 -5.000000 -0.088724 1.558589 3.066337
 65 7.363602 1.646647 0.495663 3.141593 -1.570796 0.000000
 66 -0.000005 0.000007 3.619081 -0.217558 -2.796588 -0.810634
 67 16.573919 -0.000001 0.000000 0.000000 0.000000 -2.033247
 68 15.128181 0.000002 -0.000000 0.271612 0.009043 -0.097069
 69 5.758665 4.244730 0.000000 0.000000 -0.000000 1.842220
 70 3.177726 -0.000001 -0.000001 0.000000 0.000000 3.141593
 71 15.708953 0.000001 -0.000001 0.136460 0.001254 -0.052592
 72 0.275149 0.189214 -3.445208 3.130898 0.000409 -1.514604
 73 17.210194 -0.000002 0.000000 -0.000000 -0.000000 -2.328678
 74 -0.000000 0.000001 -4.999999 -0.079432 1.546568 -1.570855
 75 0.000002 -0.000003 -3.619081 0.034416 -3.071533 -0.493407
 76 16.573921 -0.000000 0.000000 0.000000 0.000000 -1.045581
 77 15.128181 0.000002 0.000000 0.002618 -0.051986 0.588317
 78 5.758665 4.244731 -0.000000 -0.000000 0.000000 1.815142
 79 4.003934 0.000000 0.000000 0.000000 0.000000 0.000000
 80 15.708955 0.000001 0.000000 0.004296 -0.037430 0.405337
 81 0.273998 0.191090 3.439762 -3.130907 -0.000437 -1.508107
 82 17.210194 0.000000 0.000000 -0.000000 -0.000000 -1.884228
 83 0.000000 -0.000001 5.000000 -0.079311 1.595025 -1.570737
time 29
  0 -0.650000 0.000000 33.899605 -0.025849 0.174554 -1.569172
  1 5.816420 0.852483 -32.971565 -0.174512 -0.026131 1.569196
  2 -2.276935 0.000003 -1.238188 -1.570795 -1.570451 0.000000
  3 1.796317 0.711934 0.000450 -0.139222 -0.106384 -0.241647
  4 4.119712 -0.003051 0.000471 -0.144378 0.037941 0.342741
  5 4.118774 -0.003240 0.000481 -0.147151 0.004471 0.052265
  6 4.118657 -0.003238 0.000517 -0.158407 -0.007351 0.018273
  7 4.120655 -0.002845 -0.000468 0.145222 0.413763 0.683614
  8 4.443599 -0.000000 0.000000 0.387754 -0.446940 0.232361
  9 9.024060 0.000000 -0.000000 0.000000 0.000000 0.000000
 10 -0.696658 0.233123 1.569803 -0.988581 -1.106439 -2.714444
 11 6.384777 -0.000000 0.000003 0.797206 0.851155 -0.157163
 12 10.242682 0.000001 0.000001 0.000000 0.000000 -1.756326
 13 11.375561 -0.000000 0.000000 -1.877531 -0.004057 -0.430649
 14 0.728680 0.023431 -1.008295 1.490692 -0.111916 0.515652
 15 2.136497 0.000000 -0.000001 0.000000 -0.000000 -0.105579
 16 2.313139 0.000001 0.000001 0.000000 0.000000 0.000000
 17 3.115506 -0.886041 -0.021432 -0.506365 -0.124756 0.288404
 18 2.011150 0.000001 -0.000003 -0.000000 -0.000000 0.744645
 19 2.141380 -0.000000 0.000001 0.000000 0.000000 0.000000
 20 1.734172 0.000002 -0.000002 0.000000 0.000000 0.372458
 21 0.000006 -4.440593 0.000001 1.570544 -0.062990 -0.195737
 22 6.000000 0.000000 0.000000 -1.803129 -0.000000 0.000000
 23 0.000001 -4.440600 -0.000001 1.569944 -0.062987 0.004053
 24 11.375561 0.000001 0.000004 -1.724420 0.016408 -0.234895
 25 -0.000000 -4.440604 -0.000001 1.570144 -0.062988 0.004040
 26 10.510130 0.000001 0.000000 0.000000 0.000000 -2.448959
 27 0.000001 -1.748401 5.000000 0.000000 0.004007 1.602290
 28 5.500000 0.000001 0.000000 -0.267491 -0.000000 0.000000
 29 -0.000001 -1.940598 5.000001 -0.044472 0.004003 -0.000180
 30 6.551492 -0.000001 -0.000001 0.472526 0.629118 -0.189777
 31 0.000003 -1.940598 4.999999 -0.027189 -0.053376 0.005295
 32 6.551492 -0.000001 -0.000001 0.223457 0.280248 -0.122131
 33 0.000001 -1.940599 4.999993 -0.066572 -0.152786 -0.110311
 34 0.696658 -0.226043 -1.569803 -1.580499 1.487983 0.911486
 35 6.384777 -0.000000 0.000003 -0.477809 -0.371236 -0.773514
 36 10.242680 -0.000000 0.000002 0.000000 0.000000 -2.020715
 37 11.375561 0.000003 0.000002 2.909414 -0.109156 0.389306
 38 0.728680 0.023430 1.008292 -1.579583 -0.319038 0.212973
 39 2.136498 -0.000001 -0.000001 0.000000 0.000000 1.282817
 40 2.313136 -0.000000 0.000001 0.000000 0.000000 3.141593
 41 3.115507 -0.886042 0.021432 0.420766 0.316066 0.167178
 42 2.011151 -0.000001 -0.000000 0.000000 -0.000000 2.082010
 43 2.141378 -0.000000 -0.000000 0.000000 0.000000 3.141593
 44 1.734173 -0.000003 -0.000001 -0.000000 0.000000 1.041748
 45 0.136315 -3.738192 2.525890 1.493698 2.759406 -1.474501
 46 14.562628 -1.166816 -0.284475 0.258917 0.054664 1.504024
 47 11.389367 -0.000818 0.158783 2.243828 0.020445 0.236029
 48 0.000001 -4.440598 -0.000001 1.570144 -3.078602 0.004040
 49 6.000000 0.000000 0.000000 2.243828 -0.000000 -0.000000
 50 0.000002 -4.440600 -0.000001 1.569944 -3.078603 0.004053
 51 10.510132 -0.000001 0.000004 0.000000 0.000000 -2.581154
 52 -0.000000 -1.748400 -5.000003 3.141593 0.004007 -1.539299
 53 5.499999 -0.000000 0.000001 0.176204 0.000000 0.000000
 54 0.000001 0.000001 -5.000000 -0.044472 3.137589 -0.000177
 55 6.551491 0.000000 0.000000 -0.176204 -0.063485 -0.259840
 56 -1.266843 -1.937443 -4.950560 -0.066572 -2.988806 -0.110308
 57 6.551491 -0.000000 0.000000 -0.176204 -0.063485 -0.259840
 58 0.699370 -1.944208 -5.006847 -0.027189 -3.088217 0.005298
 59 4.226146 -0.003201 -0.000000 0.042984 0.241377 0.370166
 60 0.000002 5.000000 0.000000 -0.153564 0.000087 2.718702
 61 0.000004 -0.000004 -3.713580 0.018865 -3.096651 -0.324845
 62 -0.000002 0.000000 5.000000 3.053198 1.558589 -0.074926
 63 -0.000007 0.000006 3.713580 -0.159276 -2.977491 -0.403653
 64 0.000001 -0.000000 -5.000000 -0.088724 1.558589 3.066337
 65 7.363602 1.646647 0.495663 3.141593 -1.570796 0.000000
 66 -0.000005 0.000007 3.619081 -0.217558 -2.796588 -0.810634
 67 16.573919 -0.000001 0.000000 0.000000 0.000000 -2.033247
 68 15.128181 0.000002 -0.000000 0.271612 0.009043 -0.097069
 69 5.758665 4.244730 0.000000 0.000000 -0.000000 1.842220
 70 3.177726 -0.000001 -0.000001 0.000000 0.000000 3.141593
 71 15.708953 0.000001 -0.000001 0.136460 0.001254 -0.052592
 72 0.275149 0.189214 -3.445208 3.130898 0.000409 -1.514604
 73 17.210194 -0.000002 0.000000 -0.000000 -0.000000 -2.328678
 74 -0.000000 0.000001 -4.999999 -0.079432 1.546568 -1.570855
 75 0.000002 -0.000003 -3.619081 0.034416 -3.071533 -0.493407
 76 16.573921 -0.000000 0.000000 0.000000 0.000000 -1.045581
 77 15.128181 0.000002 0.000000 0.002618 -0.051986 0.588317
 78 5.758665 4.244731 -0.000000 -0.000000 0.000000 1.815142
 79 4.003934 0.000000 0.000000 0.000000 0.000000 0.000000
 80 15.708955 0.000001 0.000000 0.004296 -0.037430 0.405337
 81 0.273998 0.191090 3.439762 -3.130907 -0.000437 -1.508107
 82 17.210194 0.000000 0.000000 -0.000000 -0.000000 -1.884228
 83 0.000000 -0.000001 5.000000 -0.079311 1.595025 -1.570737
time 30
  0 -0.650000 0.000000 33.899605 -0.025849 0.174554 -1.569172
  1 5.816420 0.852483 -32.971565 -0.174512 -0.026131 1.569196
  2 -2.276935 0.000003 -1.238188 -1.570795 -1.570451 0.000000
  3 1.796336 0.711930 0.000457 -0.141197 -0.105224 -0.235586
  4 4.119717 -0.003048 0.000476 -0.145948 0.038576 0.344200
  5 4.118776 -0.003238 0.000487 -0.148894 0.004317 0.052838
  6 4.118658 -0.003237 0.000523 -0.160152 -0.007427 0.018847
  7 4.120703 -0.002809 -0.000462 0.143245 0.411582 0.700062
  8 4.443600 -0.000003 0.000001 0.397468 -0.480540 0.178426
  9 9.024062 -0.000003 -0.000000 0.000000 0.000000 0.000000
 10 -0.693192 0.230232 1.571755 -0.819576 -1.179538 -2.940142
 11 6.384777 0.000000 0.000004 0.730663 0.697555 -0.025560
 12 10.242681 -0.000001 -0.000000 0.000000 -0.000000 -1.992722
 13 11.375563 0.000004 -0.000001 -1.800689 0.381981 -0.526115
 14 0.728681 0.023431 -1.008291 1.120269 0.067850 0.360534
 15 2.136496 0.000003 0.000000 0.000000 -0.000000 -0.104720
 16 2.313139 -0.000000 -0.000000 0.000000 0.000000 0.000000
 17 3.115507 -0.886041 -0.021431 -0.451034 -0.057877 0.395200
 18 2.011150 0.000000 -0.000002 0.000000 -0.000000 1.189747
 19 2.141380 -0.000000 -0.000001 0.000000 0.000000 0.000000
 20 1.734172 0.000000 -0.000000 -0.000000 0.000000 0.594037
 21 0.000006 -4.440593 -0.000002 1.570544 -0.062990 -0.195737
 22 6.000000 0.000001 -0.000000 -1.728913 -0.000000 0.000000
 23 0.000001 -4.440600 0.000000 1.569944 -0.062987 0.004053
 24 11.375561 0.000002 0.000003 -1.659715 0.212518 -0.260570
 25 -0.000001 -4.440604 -0.000003 1.570144 -0.062988 0.004040
 26 10.510131 -0.000001 -0.000000 0.000000 -0.000000 -2.567157
 27 0.000001 -1.748401 4.999999 -0.000000 0.004007 1.602290
 28 5.500000 -0.000001 -0.000001 -0.260919 -0.000000 0.000000
 29 -0.000002 -1.940597 5.000001 -0.044472 0.004003 -0.000180
 30 6.551492 0.000000 0.000002 0.464709 0.569536 -0.106739
 31 0.000000 -1.940597 5.000003 -0.027189 -0.053376 0.005295
 32 6.551492 0.000000 0.000002 0.217962 0.262174 -0.082604
 33 0.000001 -1.940600 4.999997 -0.066572 -0.152786 -0.110311
 34 0.693198 -0.223161 -1.571754 -1.540474 1.490196 0.932053
 35 6.384777 -0.000000 0.000002 -0.469249 -0.369041 -0.790922
 36 10.242682 -0.000000 0.000002 -0.000000 0.000000 -2.023107
 37 11.375562 -0.000001 -0.000003 2.844726 -0.120739 0.389627
 38 0.728682 0.023431 1.008292 -1.579583 -0.319038 0.212973
 39 2.136496 -0.000000 -0.000001 -0.000000 -0.000000 1.282817
 40 2.313140 -0.000000 -0.000000 0.000000 0.000000 3.141593
 41 3.115506 -0.886040 0.021434 0.420766 0.316066 0.167178
 42 2.011153 -0.000002 -0.000001 0.000000 0.000000 2.082010
 43 2.141381 0.000000 0.000001 0.000000 0.000000 3.141593
 44 1.734171 0.000000 0.000001 0.000000 0.000000 1.041748
 45 0.136315 -3.738193 2.525891 1.493698 2.759406 -1.474501
 46 14.562627 -1.166814 -0.284473 0.258917 0.054664 1.504024
 47 11.389367 -0.000818 0.158780 2.211760 0.009787 0.236995
 48 0.000001 -4.440599 0.000001 1.570144 -3.078602 0.004040
 49 6.000000 -0.000000 -0.000003 2.211760 -0.000000 0.000000
 50 0.000002 -4.440600 -0.000002 1.569944 -3.078603 0.004053
 51 10.510131 0.000000 0.000002 0.000000 0.000000 -2.582350
 52 0.000000 -1.748399 -4.999998 3.141593 0.004007 -1.539299
 53 5.499999 0.000001 0.000000 0.174814 -0.000000 0.000000
 54 -0.000001 0.000001 -5.000002 -0.044472 3.137589 -0.000177
 55 6.551491 -0.000000 0.000002 -0.174814 -0.061966 -0.262315
 56 -1.266843 -1.937443 -4.950561 -0.066572 -2.988806 -0.110308
 57 6.551492 -0.000000 0.000002 -0.174814 -0.061966 -0.262315
 58 0.699370 -1.944208 -5.006844 -0.027189 -3.088217 0.005298
 59 4.226144 -0.003201 -0.000000 0.041225 0.240277 0.378337
 60 0.000000 5.000000 0.000000 -0.153564 0.000087 2.718702
 61 0.000004 -0.000004 -3.713580 0.018865 -3.096651 -0.324845
 62 -0.000002 0.000000 5.000000 3.053198 1.558589 -0.074926
 63 -0.000007 0.000006 3.713580 -0.159276 -2.977491 -0.403653
 64 0.000001 -0.000000 -5.000000 -0.088724 1.558589 3.066337
 65 7.363602 1.646647 0.495663 3.141593 -1.570796 0.000000
 66 -0.000005 0.000007 3.619081 -0.217558 -2.796588 -0.810634
 67 16.573919 -0.000001 0.000000 0.000000 0.000000 -2.033247
 68 15.128181 0.000002 -0.000000 0.271612 0.009043 -0.097069
 69 5.758665 4.244730 0.000000 0.000000 -0.000000 1.842220
 70 3.177726 -0.000001 -0.000001 0.000000 0.000000 3.141593
 71 15.708953 0.000001 -0.000001 0.136460 0.001254 -0.052592
 72 0.275149 0.189214 -3.445208 3.130898 0.000409 -1.514604
 73 17.210194 -0.000002 0.000000 -0.000000 -0.000000 -2.328678
 74 -0.000000 0.000001 -4.999999 -0.079432 1.546568 -1.570855
 75 0.000002 -0.000003 -3.619081 0.034416 -3.071533 -0.493407
 76 16.573921 -0.000000 0.000000 0.000000 0.000000 -1.045581
 77 15.128181 0.000002 0.000000 0.002618 -0.051986 0.588317
 78 5.758665 4.244731 -0.000000 -0.000000 0.000000 1.815142
 79 4.003934 0.000000 0.000000 0.000000 0.000000 0.000000
 80 15.708955 0.000001 0.000000 0.004296 -0.037430 0.405337
 81 0.273998 0.191090 3.439762 -3.130907 -0.000437 -1.508107
 82 17.210194 0.000000 0.000000 -0.000000 -0.000000 -1.884228
 83 0.000000 -0.000001 5.000000 -0.079311 1.595025 -1.570737
time 31
  0 -0.650000 0.000000 33.899605 -0.025849 0.174554 -1.569172
  1 5.816420 0.852483 -32.971565 -0.174512 -0.026131 1.569196
  2 -2.276935 0.000003 -1.238188 -1.570795 -1.570451 0.000000
  3 1.796358 0.711925 0.000459 -0.141913 -0.103932 -0.228909
  4 4.119721 -0.003046 0.000478 -0.146295 0.038866 0.345872
  5 4.118777 -0.003238 0.000488 -0.149347 0.004292 0.053932
  6 4.118664 -0.003237 0.000524 -0.160609 -0.007373 0.019931
  7 4.120744 -0.002781 -0.000458 0.141694 0.409918 0.712755
  8 4.443599 0.000001 -0.000000 0.408377 -0.509036 0.103145
  9 9.024060 -0.000003 -0.000000 0.000000 0.000000 0.000000
 10 -0.690550 0.227960 1.573244 -0.812946 -1.185282 -2.963693
 11 6.384777 0.000001 0.000002 0.736100 0.666878 0.007171
 12 10.242681 -0.000001 0.000000 0.000000 -0.000000 -2.036925
 13 11.375561 0.000000 0.000000 -1.734042 0.431086 -0.554399
 14 0.728681 0.023431 -1.008291 1.031972 0.064392 0.320334
 15 2.136496 0.000001 0.000000 0.000000 0.000000 -0.127194
 16 2.313139 -0.000002 -0.000000 0.000000 0.000000 0.000000
 17 3.115506 -0.886042 -0.021432 -0.443580 -0.049968 0.408705
 18 2.011151 0.000000 0.000000 -0.000000 0.000000 1.245593
 19 2.141379 0.000001 -0.000001 0.000000 0.000000 0.000000
 20 1.734172 0.000001 -0.000002 -0.000000 0.000000 0.621988
 21 0.000005 -4.440594 0.000002 1.570544 -0.062990 -0.195737
 22 6.000000 -0.000001 0.000000 -1.674815 -0.000000 -0.000000
 23 0.000001 -4.440601 0.000001 1.569944 -0.062987 0.004053
 24 11.375563 0.000001 0.000003 -1.621635 0.232774 -0.273110
 25 -0.000001 -4.440603 -0.000002 1.570144 -0.062988 0.004040
 26 10.510130 -0.000002 0.000000 0.000000 -0.000000 -2.589259
 27 -0.000001 -1.748401 4.999997 -0.000000 0.004007 1.602291
 28 5.499998 -0.000001 0.000001 -0.266013 -0.000000 -0.000000
 29 -0.000002 -1.940597 5.000002 -0.044472 0.004003 -0.000180
 30 6.551492 0.000001 0.000001 0.476586 0.557188 -0.079512
 31 -0.000000 -1.940597 5.000003 -0.027189 -0.053376 0.005295
 32 6.551492 0.000001 0.000001 0.221977 0.258257 -0.070560
 33 0.000000 -1.940598 4.999996 -0.066572 -0.152786 -0.110311
 34 0.690552 -0.220880 -1.573244 -1.510708 1.493719 0.946040
 35 6.384777 -0.000001 -0.000001 -0.457210 -0.365526 -0.805351
 36 10.242682 0.000001 -0.000001 0.000000 -0.000000 -2.025431
 37 11.375562 0.000001 -0.000000 2.811530 -0.120657 0.387306
 38 0.728682 0.023431 1.008292 -1.579583 -0.319038 0.212973
 39 2.136497 0.000000 0.000001 -0.000000 0.000000 1.282817
 40 2.313139 0.000000 -0.000001 0.000000 0.000000 3.141593
 41 3.115506 -0.886040 0.021433 0.420765 0.316066 0.167178
 42 2.011152 -0.000002 -0.000001 0.000000 -0.000000 2.082010
 43 2.141382 0.000001 0.000000 0.000000 0.000000 3.141593
 44 1.734173 -0.000003 -0.000002 0.000000 -0.000000 1.041748
 45 0.136315 -3.738192 2.525890 1.493698 2.759406 -1.474501
 46 14.562627 -1.166813 -0.284476 0.258917 0.054664 1.504024
 47 11.389366 -0.000820 0.158779 2.195125 0.007173 0.235121
 48 0.000000 -4.440599 0.000001 1.570144 -3.078602 0.004040
 49 6.000000 -0.000001 -0.000002 2.195125 0.000000 0.000000
 50 0.000001 -4.440602 0.000003 1.569944 -3.078603 0.004053
 51 10.510131 -0.000000 0.000000 0.000000 0.000000 -2.583512
 52 -0.000000 -1.748399 -5.000001 3.141593 0.004007 -1.539299
 53 5.499999 0.000000 -0.000001 0.171944 -0.000000 -0.000000
 54 -0.000002 0.000000 -5.000000 -0.044472 3.137589 -0.000177
 55 6.551491 -0.000001 -0.000001 -0.171944 -0.061027 -0.264212
 56 -1.266843 -1.937443 -4.950560 -0.066572 -2.988806 -0.110308
 57 6.551491 -0.000001 -0.000001 -0.171944 -0.061027 -0.264212
 58 0.699371 -1.944208 -5.006847 -0.027189 -3.088217 0.005298
 59 4.226145 -0.003201 0.000000 0.039863 0.239442 0.384624
 60 -0.000000 5.000003 -0.000000 -0.153564 0.000087 2.718702
 61 0.000004 -0.000004 -3.713580 0.018865 -3.096651 -0.324845
 62 -0.000002 0.000000 5.000000 3.053198 1.558589 -0.074926
 63 -0.000007 0.000006 3.713580 -0.159276 -2.977491 -0.403653
 64 0.000001 -0.000000 -5.000000 -0.088724 1.558589 3.066337
 65 7.363602 1.646647 0.495663 3.141593 -1.570796 0.000000
 66 -0.000005 0.000007 3.619081 -0.217558 -2.796588 -0.810634
 67 16.573919 -0.000001 0.000000 0.000000 0.000000 -2.033247
 68 15.128181 0.000002 -0.000000 0.271612 0.009043 -0.097069
 69 5.758665 4.244730 0.000000 0.000000 -0.000000 1.842220
 70 3.177726 -0.000001 -0.000001 0.000000 0.000000 3.141593
 71 15.708953 0.000001 -0.000001 0.136460 0.001254 -0.052592
 72 0.275149 0.189214 -3.445208 3.130898 0.000409 -1.514604
 73 17.210194 -0.000002 0.000000 -0.000000 -0.000000 -2.328678
 74 -0.000000 0.000001 -4.999999 -0.079432 1.546568 -1.570855
 75 0.000002 -0.000003 -3.619081 0.034416 -3.071533 -0.493407
 76 16.573921 -0.000000 0.000000 0.000000 0.000000 -1.045581
 77 15.128181 0.000002 0.000000 0.002618 -0.051986 0.588317
 78 5.758665 4.244731 -0.000000 -0.000000 0.000000 1.815142
 79 4.003934 0.000000 0.000000 0.000000 0.000000 0.000000
 80 15.708955 0.000001 0.000000 0.004296 -0.037430 0.405337
 81 0.273998 0.191090 3.439762 -3.130907 -0.000437 -1.508107
 82 17.210194 0.000000 0.000000 -0.000000 -0.000000 -1.884228
 83 0.000000 -0.000001 5.000000 -0.079311 1.595025 -1.570737
time 32
  0 -0.650000 0.000000 33.899605 -0.025849 0.174554 -1.569172
  1 5.816420 0.852483 -32.971565 -0.174512 -0.026131 1.569196
  2 -2.276935 0.000003 -1.238188 -1.570795 -1.570451 0.000000
  3 1.796384 0.711919 0.000461 -0.142510 -0.102588 -0.220690
  4 4.119726 -0.003044 0.000478 -0.146480 0.039215 0.347921
  5 4.118788 -0.003238 0.000489 -0.149645 0.004458 0.055672
  6 4.118666 -0.003236 0.000525 -0.160914 -0.007155 0.021664
  7 4.120771 -0.002760 -0.000454 0.140501 0.408666 0.722396
  8 4.443598 0.000001 0.000000 0.423923 -0.534684 0.011590
  9 9.024059 0.000002 -0.000000 0.000000 0.000000 0.000000
 10 -0.688560 0.226204 1.574365 -0.849394 -1.177159 -2.933279
 11 6.384777 -0.000001 0.000000 0.700644 0.692131 -0.038785
 12 10.242684 -0.000002 -0.000003 0.000000 0.000000 -1.992722
 13 11.375561 0.000001 -0.000001 -1.800689 0.381981 -0.526116
 14 0.728680 0.023432 -1.008291 1.120269 0.067850 0.360534
 15 2.136497 -0.000000 -0.000001 0.000000 -0.000000 -0.104720
 16 2.313139 0.000001 0.000001 0.000000 0.000000 0.000000
 17 3.115506 -0.886040 -0.021430 -0.451034 -0.057877 0.395200
 18 2.011151 0.000000 0.000001 0.000000 0.000000 1.189747
 19 2.141379 -0.000001 0.000002 0.000000 0.000000 0.000000
 20 1.734173 0.000000 0.000003 -0.000000 0.000000 0.594037
 21 0.000006 -4.440593 -0.000001 1.570544 -0.062990 -0.195737
 22 5.999999 0.000001 -0.000001 -1.728913 0.000000 0.000000
 23 0.000002 -4.440602 -0.000000 1.569944 -0.062987 0.004053
 24 11.375561 0.000002 0.000002 -1.659714 0.212518 -0.260570
 25 -0.000002 -4.440603 -0.000003 1.570144 -0.062988 0.004040
 26 10.510131 -0.000001 -0.000001 0.000000 0.000000 -2.567157
 27 -0.000000 -1.748399 5.000000 -0.000000 0.004007 1.602291
 28 5.500000 -0.000001 -0.000001 -0.252576 0.000000 0.000000
 29 -0.000001 -1.940599 4.999999 -0.044472 0.004003 -0.000180
 30 6.551491 -0.000001 -0.000002 0.446922 0.564232 -0.117297
 31 0.000001 -1.940597 5.000000 -0.027189 -0.053376 0.005295
 32 6.551491 -0.000001 -0.000002 0.211307 0.260039 -0.085883
 33 0.000000 -1.940598 4.999999 -0.066572 -0.152786 -0.110311
 34 0.688562 -0.219124 -1.574366 -1.488974 1.498191 0.955044
 35 6.384776 0.000001 -0.000001 -0.442147 -0.360807 -0.821163
 36 10.242681 -0.000000 0.000000 -0.000000 0.000000 -2.027663
 37 11.375562 0.000002 0.000001 2.810313 -0.108864 0.381993
 38 0.728680 0.023431 1.008291 -1.579583 -0.319038 0.212973
 39 2.136497 -0.000001 0.000000 -0.000000 -0.000000 1.282817
 40 2.313138 -0.000000 0.000000 0.000000 0.000000 3.141593
 41 3.115507 -0.886042 0.021430 0.420765 0.316066 0.167178
 42 2.011148 -0.000000 0.000001 0.000000 -0.000000 2.082010
 43 2.141378 -0.000001 0.000001 0.000000 0.000000 3.141593
 44 1.734171 -0.000001 0.000001 -0.000000 -0.000000 1.041748
 45 0.136315 -3.738193 2.525891 1.493698 2.759406 -1.474501
 46 14.562627 -1.166817 -0.284479 0.258917 0.054664 1.504024
 47 11.389366 -0.000820 0.158779 2.194155 0.012468 0.230437
 48 0.000002 -4.440598 0.000000 1.570144 -3.078602 0.004040
 49 6.000000 -0.000001 -0.000001 2.194155 0.000000 -0.000000
 50 0.000002 -4.440602 0.000002 1.569944 -3.078603 0.004053
 51 10.510131 -0.000000 0.000001 0.000000 -0.000000 -2.584628
 52 0.000001 -1.748400 -5.000000 -3.141593 0.004007 -1.539299
 53 5.500001 -0.000001 0.000002 0.168109 0.000000 0.000000
 54 -0.000001 0.000000 -5.000002 -0.044472 3.137589 -0.000177
 55 6.551490 0.000001 -0.000002 -0.168110 -0.060100 -0.266232
 56 -1.266844 -1.937444 -4.950562 -0.066572 -2.988806 -0.110308
 57 6.551491 0.000001 -0.000002 -0.168110 -0.060100 -0.266232
 58 0.699370 -1.944208 -5.006848 -0.027189 -3.088217 0.005298
 59 4.226143 -0.003201 0.000000 0.038826 0.238815 0.389390
 60 0.000001 5.000000 0.000000 -0.153565 0.000087 2.718702
 61 0.000004 -0.000004 -3.713580 0.018865 -3.096651 -0.324845
 62 -0.000002 0.000000 5.000000 3.053198 1.558589 -0.074926
 63 -0.000007 0.000006 3.713580 -0.159276 -2.977491 -0.403653
 64 0.000001 -0.000000 -5.000000 -0.088724 1.558589 3.066337
 65 7.363602 1.646647 0.495663 3.141593 -1.570796 0.000000
 66 -0.000005 0.000007 3.619081 -0.217558 -2.796588 -0.810634
 67 16.573919 -0.000001 0.000000 0.000000 0.000000 -2.033247
 68 15.128181 0.000002 -0.000000 0.271612 0.009043 -0.097069
 69 5.758665 4.244730 0.000000 0.000000 -0.000000 1.842220
 70 3.177726 -0.000001 -0.000001 0.000000 0.000000 3.141593
 71 15.708953 0.000001 -0.000001 0.136460 0.001254 -0.052592
 72 0.275149 0.189214 -3.445208 3.130898 0.000409 -1.514604
 73 17.210194 -0.000002 0.000000 -0.000000 -0.000000 -2.328678
 74 -0.000000 0.000001 -4.999999 -0.079432 1.546568 -1.570855
 75 0.000002 -0.000003 -3.619081 0.034416 -3.071533 -0.493407
 76 16.573921 -0.000000 0.000000 0.000000 0.000000 -1.045581
 77 15.128181 0.000002 0.000000 0.002618 -0.051986 0.588317
 78 5.758665 4.244731 -0.000000 -0.000000 0.000000 1.815142
 79 4.003934 0.000000 0.000000 0.000000 0.000000 0.000000
 80 15.708955 0.000001 0.000000 0.004296 -0.037430 0.405337
 81 0.273998 0.191090 3.439762 -3.130907 -0.000437 -1.508107
 82 17.210194 0.000000 0.000000 -0.000000 -0.000000 -1.884228
 83 0.000000 -0.000001 5.000000 -0.079311 1.595025 -1.570737
time 33
  0 -0.650000 0.000000 33.899605 -0.025849 0.174554 -1.569172
  1 5.816420 0.852483 -32.971565 -0.174512 -0.026131 1.569196
  2 -2.276935 0.000003 -1.238188 -1.570795 -1.570451 0.000000
  3 1.796414 0.711912 0.000463 -0.143184 -0.101185 -0.212135
  4 4.119731 -0.003042 0.000479 -0.146734 0.039597 0.350052
  5 4.118789 -0.003237 0.000491 -0.150020 0.004626 0.057465
  6 4.118677 -0.003236 0.000526 -0.161298 -0.006931 0.023452
  7 4.120796 -0.002743 -0.000452 0.139590 0.407725 0.729688
  8 4.443599 -0.000001 0.000000 0.442601 -0.557220 -0.086768
  9 9.024061 0.000001 0.000000 0.000000 0.000000 0.000000
 10 -0.687063 0.224857 1.575208 -0.859088 -1.176365 -2.931086
 11 6.384777 -0.000001 0.000000 0.532848 0.719761 -0.191674
 12 10.242682 -0.000002 -0.000001 -0.000000 -0.000000 -1.876338
 13 11.375560 0.000002 -0.000001 -2.025619 0.432617 -0.418451
 14 0.728680 0.023431 -1.008293 1.341660 0.155902 0.479454
 15 2.136497 -0.000001 -0.000001 -0.000000 -0.000000 -0.012105
 16 2.313139 0.000003 0.000000 0.000000 0.000000 0.000000
 17 3.115507 -0.886041 -0.021431 -0.449981 -0.066080 0.378208
 18 2.011151 0.000001 -0.000003 -0.000000 0.000000 1.170909
 19 2.141379 -0.000001 0.000002 0.000000 0.000000 0.000000
 20 1.734173 0.000000 -0.000000 0.000000 0.000000 0.584618
 21 0.000006 -4.440594 -0.000001 1.570544 -0.062990 -0.195737
 22 5.999999 -0.000001 0.000000 -1.897961 0.000000 -0.000000
 23 0.000003 -4.440599 0.000001 1.569944 -0.062987 0.004053
 24 11.375560 -0.000001 0.000003 -1.770765 0.246461 -0.191183
 25 -0.000000 -4.440602 -0.000000 1.570144 -0.062988 0.004040
 26 10.510130 -0.000001 -0.000000 -0.000000 -0.000000 -2.508965
 27 0.000000 -1.748402 4.999999 -0.000000 0.004007 1.602291
 28 5.500000 -0.000001 0.000000 -0.200972 0.000000 0.000000
 29 0.000000 -1.940599 4.999999 -0.044472 0.004003 -0.000180
 30 6.551492 -0.000001 0.000000 0.336032 0.553104 -0.226072
 31 0.000000 -1.940599 5.000003 -0.027189 -0.053376 0.005295
 32 6.551492 -0.000001 0.000000 0.170021 0.253890 -0.127273
 33 -0.000000 -1.940598 4.999998 -0.066572 -0.152786 -0.110311
 34 0.687066 -0.217781 -1.575208 -1.473473 1.503291 0.960216
 35 6.384777 -0.000000 -0.000000 -0.426767 -0.355953 -0.837201
 36 10.242681 0.000001 0.000001 -0.000000 -0.000000 -2.029794
 37 11.375562 0.000002 0.000002 2.823814 -0.087177 0.374816
 38 0.728682 0.023430 1.008292 -1.579583 -0.319038 0.212973
 39 2.136497 -0.000002 -0.000000 -0.000000 -0.000000 1.282817
 40 2.313138 -0.000000 -0.000000 0.000000 0.000000 3.141593
 41 3.115508 -0.886042 0.021432 0.420765 0.316066 0.167178
 42 2.011150 -0.000000 -0.000000 0.000000 -0.000000 2.082010
 43 2.141381 0.000000 0.000000 0.000000 0.000000 3.141593
 44 1.734171 -0.000000 -0.000000 0.000000 0.000000 1.041748
 45 0.136315 -3.738193 2.525889 1.493698 2.759406 -1.474501
 46 14.562628 -1.166816 -0.284473 0.258917 0.054664 1.504024
 47 11.389367 -0.000819 0.158781 2.200266 0.023742 0.223295
 48 0.000001 -4.440598 -0.000000 1.570144 -3.078602 0.004040
 49 6.000000 -0.000000 0.000000 2.200266 0.000000 -0.000000
 50 0.000002 -4.440601 0.000003 1.569944 -3.078603 0.004053
 51 10.510133 0.000000 0.000003 -0.000000 0.000000 -2.585693
 52 0.000000 -1.748399 -5.000000 -3.141593 0.004007 -1.539299
 53 5.500001 -0.000000 0.000003 0.164140 -0.000000 -0.000000
 54 -0.000003 0.000000 -5.000000 -0.044472 3.137589 -0.000177
 55 6.551491 0.000000 -0.000002 -0.164140 -0.059233 -0.268273
 56 -1.266844 -1.937444 -4.950560 -0.066572 -2.988806 -0.110308
 57 6.551491 -0.000000 -0.000002 -0.164140 -0.059233 -0.268273
 58 0.699369 -1.944207 -5.006850 -0.027189 -3.088217 0.005298
 59 4.226148 -0.003201 -0.000000 0.038039 0.238345 0.392989
 60 -0.000000 5.000001 -0.000000 -0.153564 0.000087 2.718702
 61 0.000004 -0.000004 -3.713580 0.018865 -3.096651 -0.324845
 62 -0.000002 0.000000 5.000000 3.053198 1.558589 -0.074926
 63 -0.000007 0.000006 3.713580 -0.159276 -2.977491 -0.403653
 64 0.000001 -0.000000 -5.000000 -0.088724 1.558589 3.066337
 65 7.363602 1.646647 0.495663 3.141593 -1.570796 0.000000
 66 -0.000005 0.000007 3.619081 -0.217558 -2.796588 -0.810634
 67 16.573919 -0.000001 0.000000 0.000000 0.000000 -2.033247
 68 15.128181 0.000002 -0.000000 0.271612 0.009043 -0.097069
 69 5.758665 4.244730 0.000000 0.000000 -0.000000 1.842220
 70 3.177726 -0.000001 -0.000001 0.000000 0.000000 3.141593
 71 15.708953 0.000001 -0.000001 0.136460 0.001254 -0.052592
 72 0.275149 0.189214 -3.445208 3.130898 0.000409 -1.514604
 73 17.210194 -0.000002 0.000000 -0.000000 -0.000000 -2.328678
 74 -0.000000 0.000001 -4.999999 -0.079432 1.546568 -1.570855
 75 0.000002 -0.000003 -3.619081 0.034416 -3.071533 -0.493407
 76 16.573921 -0.000000 0.000000 0.000000 0.000000 -1.045581
 77 15.128181 0.000002 0.000000 0.002618 -0.051986 0.588317
 78 5.758665 4.244731 -0.000000 -0.000000 0.000000 1.815142
 79 4.003934 0.000000 0.000000 0.000000 0.000000 0.000000
 80 15.708955 0.000001 0.000000 0.004296 -0.037430 0.405337
 81 0.273998 0.191090 3.439762 -3.130907 -0.000437 -1.508107
 82 17.210194 0.000000 0.000000 -0.000000 -0.000000 -1.884228
 83 0.000000 -0.000001 5.000000 -0.079311 1.595025 -1.570737
time 34
  0 -0.650000 0.000000 33.899605 -0.025849 0.174554 -1.569172
  1 5.816420 0.852483 -32.971565 -0.174512 -0.026131 1.569196
  2 -2.276935 0.000003 -1.238188 -1.570795 -1.570451 0.000000
  3 1.796433 0.711908 0.000466 -0.144136 -0.099715 -0.204449
  4 4.119743 -0.003039 0.000480 -0.147288 0.039990 0.351967
  5 4.118792 -0.003236 0.000493 -0.150707 0.004609 0.058719
  6 4.118679 -0.003236 0.000529 -0.161990 -0.006863 0.024697
  7 4.120812 -0.002730 -0.000450 0.138880 0.407001 0.735330
  8 4.443598 0.000004 -0.000000 0.462526 -0.577129 -0.182149
  9 9.024060 -0.000000 -0.000000 0.000000 0.000000 0.000000
 10 -0.685914 0.223812 1.575857 -0.866577 -1.175745 -2.929404
 11 6.384776 -0.000000 0.000000 0.330455 0.736714 -0.389230
 12 10.242682 -0.000000 -0.000000 -0.000000 -0.000000 -1.705482
 13 11.375561 0.000001 0.000000 -2.314032 0.533551 -0.296112
 14 0.728681 0.023432 -1.008293 1.645791 0.221241 0.664851
 15 2.136496 0.000003 0.000001 -0.000000 -0.000000 0.097069
 16 2.313139 0.000000 -0.000002 0.000000 0.000000 0.000000
 17 3.115507 -0.886041 -0.021431 -0.447881 -0.079918 0.349409
 18 2.011150 -0.000000 0.000001 -0.000000 -0.000000 1.139027
 19 2.141378 -0.000000 0.000002 0.000000 0.000000 0.000000
 20 1.734171 0.000000 0.000001 -0.000000 -0.000000 0.568687
 21 0.000006 -4.440593 0.000002 1.570544 -0.062990 -0.195737
 22 6.000000 0.000002 -0.000001 -2.115707 -0.000000 0.000000
 23 0.000002 -4.440601 0.000001 1.569944 -0.062987 0.004053
 24 11.375561 0.000002 0.000002 -1.909911 0.304309 -0.092284
 25 0.000000 -4.440603 0.000002 1.570144 -0.062988 0.004040
 26 10.510131 -0.000001 -0.000001 -0.000000 0.000000 -2.423537
 27 0.000001 -1.748402 5.000001 -0.000000 0.004007 1.602291
 28 5.499999 0.000001 0.000000 -0.145656 -0.000000 -0.000000
 29 -0.000001 -1.940597 5.000001 -0.044472 0.004003 -0.000180
 30 6.551491 0.000000 0.000000 0.221607 0.531051 -0.335858
 31 0.000000 -1.940599 5.000000 -0.027189 -0.053376 0.005295
 32 6.551491 0.000000 0.000000 0.125274 0.244624 -0.169612
 33 -0.000000 -1.940597 4.999998 -0.066572 -0.152786 -0.110311
 34 0.685914 -0.216728 -1.575857 -1.462831 1.508972 0.962160
 35 6.384777 -0.000000 0.000000 -0.413646 -0.352064 -0.852565
 36 10.242682 -0.000000 0.000002 -0.000000 0.000000 -2.031889
 37 11.375561 -0.000002 -0.000006 2.847748 -0.059894 0.366968
 38 0.728680 0.023432 1.008293 -1.579583 -0.319038 0.212973
 39 2.136497 0.000001 -0.000000 -0.000000 -0.000000 1.282817
 40 2.313139 0.000001 -0.000000 0.000000 0.000000 3.141593
 41 3.115507 -0.886042 0.021431 0.420766 0.316066 0.167178
 42 2.011152 -0.000002 -0.000000 -0.000000 0.000000 2.082010
 43 2.141379 -0.000000 -0.000001 0.000000 0.000000 3.141593
 44 1.734173 -0.000002 -0.000001 -0.000000 -0.000000 1.041748
 45 0.136314 -3.738193 2.525889 1.493698 2.759406 -1.474501
 46 14.562628 -1.166817 -0.284477 0.258917 0.054664 1.504024
 47 11.389365 -0.000820 0.158777 2.211397 0.038645 0.214692
 48 0.000001 -4.440599 0.000003 1.570144 -3.078602 0.004040
 49 5.999999 -0.000001 -0.000003 2.211397 0.000000 0.000000
 50 0.000003 -4.440601 -0.000001 1.569944 -3.078603 0.004053
 51 10.510133 -0.000000 0.000003 0.000000 0.000000 -2.586741
 52 0.000000 -1.748399 -5.000000 3.141593 0.004007 -1.539299
 53 5.500000 0.000000 0.000001 0.160876 0.000000 0.000000
 54 0.000001 -0.000001 -4.999998 -0.044472 3.137589 -0.000177
 55 6.551491 -0.000000 -0.000001 -0.160876 -0.058448 -0.270269
 56 -1.266844 -1.937443 -4.950558 -0.066572 -2.988806 -0.110308
 57 6.551491 -0.000000 -0.000001 -0.160876 -0.058448 -0.270269
 58 0.699370 -1.944208 -5.006847 -0.027189 -3.088217 0.005298
 59 4.226143 -0.003200 0.000001 0.037430 0.237983 0.395771
 60 0.000002 5.000000 -0.000000 -0.153564 0.000087 2.718702
 61 0.000004 -0.000004 -3.713580 0.018865 -3.096651 -0.324845
 62 -0.000002 0.000000 5.000000 3.053198 1.558589 -0.074926
 63 -0.000007 0.000006 3.713580 -0.159276 -2.977491 -0.403653
 64 0.000001 -0.000000 -5.000000 -0.088724 1.558589 3.066337
 65 7.363602 1.646647 0.495663 3.141593 -1.570796 0.000000
 66 -0.000005 0.000007 3.619081 -0.217558 -2.796588 -0.810634
 67 16.573919 -0.000001 0.000000 0.000000 0.000000 -2.033247
 68 15.128181 0.000002 -0.000000 0.271612 0.009043 -0.097069
 69 5.758665 4.244730 0.000000 0.000000 -0.000000 1.842220
 70 3.177726 -0.000001 -0.000001 0.000000 0.000000 3.141593
 71 15.708953 0.000001 -0.000001 0.136460 0.001254 -0.052592
 72 0.275149 0.189214 -3.445208 3.130898 0.000409 -1.514604
 73 17.210194 -0.000002 0.000000 -0.000000 -0.000000 -2.328678
 74 -0.000000 0.000001 -4.999999 -0.079432 1.546568 -1.570855
 75 0.000002 -0.000003 -3.619081 0.034416 -3.071533 -0.493407
 76 16.573921 -0.000000 0.000000 0.000000 0.000000 -1.045581
 77 15.128181 0.000002 0.000000 0.002618 -0.051986 0.588317
 78 5.758665 4.244731 -0.000000 -0.000000 0.000000 1.815142
 79 4.003934 0.000000 0.000000 0.000000 0.000000 0.000000
 80 15.708955 0.000001 0.000000 0.004296 -0.037430 0.405337
 81 0.273998 0.191090 3.439762 -3.130907 -0.000437 -1.508107
 82 17.210194 0.000000 0.000000 -0.000000 -0.000000 -1.884228
 83 0.000000 -0.000001 5.000000 -0.079311 1.595025 -1.570737
time 35
  0 -0.650000 0.000000 33.899605 -0.025849 0.174554 -1.569172
  1 5.816420 0.852483 -32.971565 -0.174512 -0.026131 1.569196
  2 -2.276935 0.000003 -1.238188 -1.570795 -1.570451 0.000000
  3 1.796455 0.711904 0.000468 -0.144643 -0.101524 -0.198445
  4 4.119746 -0.003037 0.000481 -0.147466 0.041089 0.353215
  5 4.118792 -0.003236 0.000493 -0.150962 0.005876 0.058195
  6 4.118679 -0.003237 0.000530 -0.162236 -0.006134 0.024255
  7 4.120825 -0.002720 -0.000448 0.138286 0.406402 0.740024
  8 4.443599 -0.000003 0.000000 0.478152 -0.594939 -0.261822
  9 9.024062 -0.000001 0.000000 0.000000 0.000000 0.000000
 10 -0.684958 0.222925 1.576394 -0.872795 -1.175225 -2.928018
 11 6.384776 -0.000000 -0.000001 0.146651 0.731883 -0.586573
 12 10.242683 -0.000001 -0.000000 -0.000000 -0.000000 -1.515765
 13 11.375561 -0.000002 0.000003 -2.610884 0.638897 -0.212454
 14 0.728680 0.023431 -1.008292 1.954924 0.249257 0.843936
 15 2.136496 0.000000 0.000001 0.000000 -0.000000 0.240898
 16 2.313139 -0.000000 -0.000001 0.000000 0.000000 0.000000
 17 3.115505 -0.886041 -0.021432 -0.447510 -0.082112 0.344824
 18 2.011150 0.000001 -0.000001 0.000000 0.000000 1.133958
 19 2.141378 -0.000002 0.000002 0.000000 0.000000 0.000000
 20 1.734173 -0.000000 0.000000 -0.000000 0.000000 0.566155
 21 0.000006 -4.440592 -0.000001 1.570544 -0.062990 -0.195737
 22 6.000000 -0.000001 0.000001 -2.335964 -0.000000 0.000000
 23 0.000000 -4.440601 -0.000001 1.569944 -0.062987 0.004053
 24 11.375561 -0.000001 0.000004 -2.042496 0.358387 -0.008624
 25 -0.000002 -4.440603 -0.000002 1.570144 -0.062988 0.004040
 26 10.510132 -0.000001 0.000001 -0.000000 -0.000000 -2.328679
 27 -0.000000 -1.748400 4.999999 -0.000000 0.004007 1.602291
 28 5.500001 -0.000001 0.000001 -0.100607 -0.000000 -0.000000
 29 -0.000002 -1.940598 5.000001 -0.044472 0.004003 -0.000180
 30 6.551491 0.000001 0.000000 0.131484 0.508191 -0.422352
 31 0.000000 -1.940599 5.000000 -0.027189 -0.053376 0.005295
 32 6.551491 0.000001 0.000000 0.088554 0.236006 -0.203472
 33 0.000000 -1.940600 4.999995 -0.066572 -0.152786 -0.110311
 34 0.684960 -0.215851 -1.576395 -1.455282 1.515181 0.961883
 35 6.384776 0.000000 -0.000002 -0.406388 -0.350518 -0.863071
 36 10.242682 -0.000001 0.000004 -0.000000 -0.000000 -2.034011
 37 11.375562 0.000001 0.000000 2.877948 -0.031372 0.359448
 38 0.728682 0.023430 1.008292 -1.579583 -0.319038 0.212973
 39 2.136496 0.000001 0.000000 0.000000 -0.000000 1.282817
 40 2.313140 0.000000 -0.000001 0.000000 0.000000 3.141593
 41 3.115506 -0.886041 0.021432 0.420765 0.316066 0.167178
 42 2.011150 0.000001 0.000001 0.000000 0.000000 2.082010
 43 2.141379 0.000000 -0.000002 0.000000 0.000000 3.141593
 44 1.734172 -0.000000 0.000001 0.000000 -0.000000 1.041748
 45 0.136316 -3.738191 2.525890 1.493698 2.759406 -1.474501
 46 14.562627 -1.166814 -0.284475 0.258917 0.054664 1.504024
 47 11.389367 -0.000817 0.158782 2.225549 0.054735 0.205673
 48 0.000001 -4.440599 -0.000000 1.570144 -3.078602 0.004040
 49 6.000000 0.000000 -0.000000 2.225549 -0.000000 -0.000000
 50 0.000002 -4.440600 0.000000 1.569944 -3.078603 0.004053
 51 10.510131 -0.000001 0.000004 -0.000000 -0.000000 -2.587802
 52 0.000001 -1.748399 -5.000000 3.141593 0.004007 -1.539299
 53 5.500000 -0.000001 0.000003 0.159258 -0.000000 0.000000
 54 0.000000 -0.000001 -5.000000 -0.044472 3.137590 -0.000177
 55 6.551490 0.000000 -0.000003 -0.159258 -0.058010 -0.271672
 56 -1.266842 -1.937444 -4.950560 -0.066572 -2.988806 -0.110308
 57 6.551490 0.000000 -0.000003 -0.159258 -0.058010 -0.271672
 58 0.699371 -1.944208 -5.006848 -0.027189 -3.088217 0.005298
 59 4.226144 -0.003201 0.000000 0.036922 0.237685 0.398084
 60 0.000001 5.000001 -0.000000 -0.153564 0.000087 2.718702
 61 0.000004 -0.000004 -3.713580 0.018865 -3.096651 -0.324845
 62 -0.000002 0.000000 5.000000 3.053198 1.558589 -0.074926
 63 -0.000007 0.000006 3.713580 -0.159276 -2.977491 -0.403653
 64 0.000001 -0.000000 -5.000000 -0.088724 1.558589 3.066337
 65 7.363602 1.646647 0.495663 3.141593 -1.570796 0.000000
 66 -0.000005 0.000007 3.619081 -0.217558 -2.796588 -0.810634
 67 16.573919 -0.000001 0.000000 0.000000 0.000000 -2.033247
 68 15.128181 0.000002 -0.000000 0.271612 0.009043 -0.097069
 69 5.758665 4.244730 0.000000 0.000000 -0.000000 1.842220
 70 3.177726 -0.000001 -0.000001 0.000000 0.000000 3.141593
 71 15.708953 0.000001 -0.000001 0.136460 0.001254 -0.052592
 72 0.275149 0.189214 -3.445208 3.130898 0.000409 -1.514604
 73 17.210194 -0.000002 0.000000 -0.000000 -0.000000 -2.328678
 74 -0.000000 0.000001 -4.999999 -0.079432 1.546568 -1.570855
 75 0.000002 -0.000003 -3.619081 0.034416 -3.071533 -0.493407
 76 16.573921 -0.000000 0.000000 0.000000 0.000000 -1.045581
 77 15.128181 0.000002 0.000000 0.002618 -0.051986 0.588317
 78 5.758665 4.244731 -0.000000 -0.000000 0.000000 1.815142
 79 4.003934 0.000000 0.000000 0.000000 0.000000 0.000000
 80 15.708955 0.000001 0.000000 0.004296 -0.037430 0.405337
 81 0.273998 0.191090 3.439762 -3.130907 -0.000437 -1.508107
 82 17.210194 0.000000 0.000000 -0.000000 -0.000000 -1.884228
 83 0.000000 -0.000001 5.000000 -0.079311 1.595025 -1.570737
time 36
  0 -0.650000 0.000000 33.899605 -0.025849 0.174554 -1.569172
  1 5.816420 0.852483 -32.971565 -0.174512 -0.026131 1.569196
  2 -2.276935 0.000003 -1.238188 -1.570795 -1.570451 0.000000
  3 1.796467 0.711903 0.000480 -0.148217 -0.096206 -0.194483
  4 4.119749 -0.003034 0.000491 -0.150646 0.040913 0.354458
  5 4.118792 -0.003235 0.000505 -0.154424 0.003277 0.057561
  6 4.118679 -0.003234 0.000540 -0.165691 -0.007810 0.023503
  7 4.120835 -0.002708 -0.000446 0.137721 0.405837 0.744466
  8 4.443599 -0.000001 0.000001 0.502045 -0.614594 -0.328483
  9 9.024062 0.000001 0.000000 0.000000 0.000000 0.000000
 10 -0.684058 0.222089 1.576901 -0.878673 -1.174730 -2.926714
 11 6.384776 -0.000001 -0.000001 0.021428 0.706589 -0.726086
 12 10.242683 -0.000001 -0.000003 0.000000 0.000000 -1.363109
 13 11.375558 -0.000001 0.000003 -2.852673 0.680600 -0.181611
 14 0.728681 0.023431 -1.008293 2.187819 0.287071 0.946051
 15 2.136498 -0.000002 -0.000001 -0.000000 -0.000000 0.437476
 16 2.313139 0.000000 0.000000 0.000000 0.000000 0.000000
 17 3.115506 -0.886040 -0.021432 -0.451330 -0.055344 0.400437
 18 2.011149 0.000002 -0.000000 -0.000000 -0.000000 1.195558
 19 2.141379 0.000000 0.000000 0.000000 0.000000 0.000000
 20 1.734172 0.000000 0.000001 -0.000000 -0.000000 0.596943
 21 0.000006 -4.440595 0.000000 1.570544 -0.062990 -0.195737
 22 5.999999 -0.000000 0.000001 -2.522159 -0.000000 0.000000
 23 0.000002 -4.440601 0.000002 1.569944 -0.062987 0.004053
 24 11.375562 0.000002 0.000003 -2.148958 0.377540 0.036320
 25 0.000000 -4.440604 0.000001 1.570144 -0.062988 0.004040
 26 10.510132 -0.000001 -0.000002 0.000000 0.000000 -2.252351
 27 0.000001 -1.748402 5.000001 -0.000000 0.004007 1.602291
 28 5.500001 -0.000001 -0.000001 -0.069896 0.000000 -0.000000
 29 -0.000001 -1.940598 5.000000 -0.044472 0.004003 -0.000180
 30 6.551491 -0.000000 -0.000001 0.072018 0.487532 -0.477574
 31 0.000000 -1.940599 5.000000 -0.027189 -0.053376 0.005295
 32 6.551491 -0.000000 -0.000001 0.063379 0.228469 -0.225320
 33 0.000000 -1.940598 4.999995 -0.066572 -0.152786 -0.110311
 34 0.684063 -0.215016 -1.576901 -1.448248 1.521869 0.961205
 35 6.384776 0.000001 0.000000 -0.401873 -0.351020 -0.881607
 36 10.242682 -0.000001 0.000002 -0.000000 -0.000000 -2.036224
 37 11.375560 0.000000 -0.000002 2.910382 -0.006059 0.352818
 38 0.728680 0.023432 1.008294 -1.579583 -0.319038 0.212973
 39 2.136497 -0.000001 0.000001 0.000000 -0.000000 1.282817
 40 2.313138 0.000002 -0.000000 0.000000 0.000000 3.141593
 41 3.115508 -0.886042 0.021432 0.420766 0.316066 0.167178
 42 2.011149 0.000001 -0.000001 -0.000000 0.000000 2.082010
 43 2.141377 -0.000000 -0.000001 0.000000 0.000000 3.141593
 44 1.734172 -0.000000 -0.000000 0.000000 -0.000000 1.041748
 45 0.136315 -3.738194 2.525890 1.493698 2.759406 -1.474501
 46 14.562627 -1.166814 -0.284475 0.258917 0.054664 1.504024
 47 11.389367 -0.000820 0.158779 2.240832 0.069422 0.197318
 48 0.000001 -4.440599 0.000004 1.570144 -3.078602 0.004040
 49 6.000000 0.000000 -0.000002 2.240832 -0.000000 -0.000000
 50 0.000002 -4.440601 0.000001 1.569944 -3.078603 0.004053
 51 10.510131 0.000000 0.000001 0.000000 0.000000 -2.588908
 52 -0.000000 -1.748399 -5.000000 -3.141593 0.004007 -1.539299
 53 5.500000 -0.000001 0.000002 0.159369 -0.000000 0.000000
 54 -0.000001 0.000000 -5.000001 -0.044472 3.137590 -0.000177
 55 6.551490 0.000000 0.000001 -0.159369 -0.056910 -0.274390
 56 -1.266844 -1.937442 -4.950561 -0.066572 -2.988806 -0.110308
 57 6.551491 0.000000 0.000001 -0.159369 -0.056910 -0.274390
 58 0.699370 -1.944207 -5.006846 -0.027189 -3.088217 0.005298
 59 4.226146 -0.003201 -0.000000 0.036441 0.237403 0.400271
 60 0.000001 5.000001 0.000001 -0.153564 0.000087 2.718702
 61 0.000004 -0.000004 -3.713580 0.018865 -3.096651 -0.324845
 62 -0.000002 0.000000 5.000000 3.053198 1.558589 -0.074926
 63 -0.000007 0.000006 3.713580 -0.159276 -2.977491 -0.403653
 64 0.000001 -0.000000 -5.000000 -0.088724 1.558589 3.066337
 65 7.363602 1.646647 0.495663 3.141593 -1.570796 0.000000
 66 -0.000005 0.000007 3.619081 -0.217558 -2.796588 -0.810634
 67 16.573919 -0.000001 0.000000 0.000000 0.000000 -2.033247
 68 15.128181 0.000002 -0.000000 0.271612 0.009043 -0.097069
 69 5.758665 4.244730 0.000000 0.000000 -0.000000 1.842220
 70 3.177726 -0.000001 -0.000001 0.000000 0.000000 3.141593
 71 15.708953 0.000001 -0.000001 0.136460 0.001254 -0.052592
 72 0.275149 0.189214 -3.445208 3.130898 0.000409 -1.514604
 73 17.210194 -0.000002 0.000000 -0.000000 -0.000000 -2.328678
 74 -0.000000 0.000001 -4.999999 -0.079432 1.546568 -1.570855
 75 0.000002 -0.000003 -3.619081 0.034416 -3.071533 -0.493407
 76 16.573921 -0.000000 0.000000 0.000000 0.000000 -1.045581
 77 15.128181 0.000002 0.000000 0.002618 -0.051986 0.588317
 78 5.758665 4.244731 -0.000000 -0.000000 0.000000 1.815142
 79 4.003934 0.000000 0.000000 0.000000 0.000000 0.000000
 80 15.708955 0.000001 0.000000 0.004296 -0.037430 0.405337
 81 0.273998 0.191090 3.439762 -3.130907 -0.000437 -1.508107
 82 17.210194 0.000000 0.000000 -0.000000 -0.000000 -1.884228
 83 0.000000 -0.000001 5.000000 -0.079311 1.595025 -1.570737
time 37
  0 -0.650000 0.000000 33.899605 -0.025849 0.174554 -1.569172
  1 5.816420 0.852483 -32.971565 -0.174512 -0.026131 1.569196
  2 -2.276935 0.000003 -1.238188 -1.570795 -1.570451 0.000000
  3 1.796485 0.711907 0.000526 -0.162113 -0.062804 -0.194351
  4 4.119749 -0.003026 0.000535 -0.163926 0.035524 0.356881
  5 4.118789 -0.003228 0.000551 -0.168737 -0.013686 0.059711
  6 4.118675 -0.003227 0.000587 -0.180014 -0.018198 0.024690
  7 4.120847 -0.002704 -0.000446 0.137452 0.405570 0.746573
  8 4.443599 0.000001 0.000001 0.557546 -0.641031 -0.385527
  9 9.024062 -0.000002 0.000000 0.000000 0.000000 0.000000
 10 -0.683634 0.221694 1.577142 -0.881459 -1.174495 -2.926098
 11 6.384776 -0.000000 -0.000000 0.194002 0.627237 -0.540972
 12 10.242681 0.000001 -0.000002 0.000000 -0.000000 -1.605822
 13 11.375561 0.000003 -0.000002 -2.655250 0.197526 -0.313615
 14 0.728681 0.023432 -1.008293 1.776119 0.658657 0.393345
 15 2.136497 0.000000 -0.000000 0.000000 0.000000 1.040197
 16 2.313138 -0.000001 -0.000001 0.000000 0.000000 0.000000
 17 3.115507 -0.886042 -0.021429 -0.421441 0.175463 0.885395
 18 2.011151 0.000002 -0.000002 -0.000000 -0.000000 1.730847
 19 2.141378 -0.000000 0.000001 0.000000 0.000000 0.000000
 20 1.734172 0.000002 -0.000001 -0.000000 0.000000 0.865926
 21 0.000007 -4.440592 -0.000001 1.570544 -0.062990 -0.195737
 22 6.000000 0.000001 -0.000002 -2.404710 -0.000000 -0.000000
 23 0.000002 -4.440601 -0.000001 1.569944 -0.062987 0.004053
 24 11.375560 0.000001 0.000002 -2.103261 0.157064 -0.141140
 25 -0.000001 -4.440603 -0.000001 1.570144 -0.062988 0.004040
 26 10.510129 0.000000 -0.000002 0.000000 -0.000000 -2.373708
 27 -0.000000 -1.748400 5.000000 0.000000 0.004007 1.602291
 28 5.500000 -0.000000 -0.000002 -0.102902 -0.000000 -0.000000
 29 -0.000002 -1.940597 5.000001 -0.044472 0.004003 -0.000180
 30 6.551491 0.000000 0.000001 0.141427 0.442890 -0.415978
 31 -0.000000 -1.940599 5.000003 -0.027189 -0.053376 0.005295
 32 6.551491 0.000000 0.000001 0.090074 0.206249 -0.203355
 33 -0.000000 -1.940598 4.999998 -0.066572 -0.152786 -0.110311
 34 0.683635 -0.214612 -1.577140 -1.457853 1.530172 0.945847
 35 6.384776 0.000001 -0.000003 -0.394648 -0.353685 -0.933768
 36 10.242682 -0.000000 0.000002 -0.000000 -0.000000 -2.038593
 37 11.375561 -0.000001 -0.000003 2.941096 0.011523 0.347140
 38 0.728680 0.023431 1.008293 -1.579583 -0.319038 0.212973
 39 2.136497 -0.000003 0.000000 -0.000000 0.000000 1.282817
 40 2.313138 0.000000 -0.000000 0.000000 0.000000 3.141593
 41 3.115507 -0.886041 0.021433 0.420766 0.316066 0.167178
 42 2.011152 -0.000000 -0.000002 0.000000 0.000000 2.082010
 43 2.141380 -0.000000 0.000001 0.000000 0.000000 3.141593
 44 1.734172 0.000000 -0.000000 -0.000000 0.000000 1.041748
 45 0.136315 -3.738192 2.525891 1.493698 2.759406 -1.474501
 46 14.562628 -1.166815 -0.284474 0.258917 0.054664 1.504024
 47 11.389367 -0.000820 0.158779 2.255475 0.079972 0.190716
 48 -0.000000 -4.440599 0.000004 1.570144 -3.078602 0.004040
 49 6.000000 -0.000000 -0.000002 2.255475 0.000000 0.000000
 50 0.000002 -4.440601 0.000001 1.569944 -3.078603 0.004053
 51 10.510132 -0.000001 0.000005 0.000000 0.000000 -2.590093
 52 0.000001 -1.748400 -5.000001 -3.141593 0.004007 -1.539299
 53 5.500000 -0.000000 0.000002 0.161834 0.000000 0.000000
 54 0.000001 0.000000 -5.000000 -0.044472 3.137589 -0.000177
 55 6.551490 0.000001 -0.000001 -0.161834 -0.053444 -0.282375
 56 -1.266844 -1.937444 -4.950561 -0.066572 -2.988806 -0.110308
 57 6.551490 0.000001 -0.000001 -0.161834 -0.053444 -0.282375
 58 0.699370 -1.944208 -5.006848 -0.027189 -3.088217 0.005298
 59 4.226149 -0.003202 -0.000001 0.036213 0.237270 0.401308
 60 0.000003 5.000000 0.000000 -0.153564 0.000087 2.718702
 61 0.000004 -0.000004 -3.713580 0.018865 -3.096651 -0.324845
 62 -0.000002 0.000000 5.000000 3.053198 1.558589 -0.074926
 63 -0.000007 0.000006 3.713580 -0.159276 -2.977491 -0.403653
 64 0.000001 -0.000000 -5.000000 -0.088724 1.558589 3.066337
 65 7.363602 1.646647 0.495663 3.141593 -1.570796 0.000000
 66 -0.000005 0.000007 3.619081 -0.217558 -2.796588 -0.810634
 67 16.573919 -0.000001 0.000000 0.000000 0.000000 -2.033247
 68 15.128181 0.000002 -0.000000 0.271612 0.009043 -0.097069
 69 5.758665 4.244730 0.000000 0.000000 -0.000000 1.842220
 70 3.177726 -0.000001 -0.000001 0.000000 0.000000 3.141593
 71 15.708953 0.000001 -0.000001 0.136460 0.001254 -0.052592
 72 0.275149 0.189214 -3.445208 3.130898 0.000409 -1.514604
 73 17.210194 -0.000002 0.000000 -0.000000 -0.000000 -2.328678
 74 -0.000000 0.000001 -4.999999 -0.079432 1.546568 -1.570855
 75 0.000002 -0.000003 -3.619081 0.034416 -3.071533 -0.493407
 76 16.573921 -0.000000 0.000000 0.000000 0.000000 -1.045581
 77 15.128181 0.000002 0.000000 0.002618 -0.051986 0.588317
 78 5.758665 4.244731 -0.000000 -0.000000 0.000000 1.815142
 79 4.003934 0.000000 0.000000 0.000000 0.000000 0.000000
 80 15.708955 0.000001 0.000000 0.004296 -0.037430 0.405337
 81 0.273998 0.191090 3.439762 -3.130907 -0.000437 -1.508107
 82 17.210194 0.000000 0.000000 -0.000000 -0.000000 -1.884228
 83 0.000000 -0.000001 5.000000 -0.079311 1.595025 -1.570737
time 38
  0 -0.650000 0.000000 33.899605 -0.025849 0.174554 -1.569172
  1 5.816420 0.852483 -32.971565 -0.174512 -0.026131 1.569196
  2 -2.276935 0.000003 -1.238188 -1.570795 -1.570451 0.000000
  3 1.796498 0.711910 0.000562 -0.173124 -0.036651 -0.194251
  4 4.119752 -0.003018 0.000569 -0.174463 0.031401 0.358897
  5 4.118788 -0.003223 0.000587 -0.180116 -0.026946 0.061423
  6 4.118667 -0.003219 0.000624 -0.191382 -0.026332 0.025585
  7 4.120835 -0.002708 -0.000445 0.137698 0.405815 0.744642
  8 4.443598 0.000001 0.000001 0.595986 -0.661396 -0.408637
  9 9.024061 -0.000002 -0.000000 0.000000 0.000000 0.000000
 10 -0.684023 0.222057 1.576921 -0.878906 -1.174710 -2.926662
 11 6.384776 -0.000001 -0.000001 0.183537 0.621616 -0.512578
 12 10.242680 -0.000001 -0.000002 0.000000 -0.000000 -1.605822
 13 11.375561 0.000003 0.000001 -2.655250 0.197526 -0.313615
 14 0.728680 0.023432 -1.008292 1.776119 0.658657 0.393345
 15 2.136497 0.000002 -0.000000 0.000000 0.000000 1.040197
 16 2.313139 -0.000002 -0.000000 0.000000 0.000000 0.000000
 17 3.115507 -0.886042 -0.021428 -0.421441 0.175463 0.885395
 18 2.011152 0.000003 -0.000002 -0.000000 -0.000000 1.730847
 19 2.141378 0.000000 0.000002 0.000000 0.000000 0.000000
 20 1.734172 0.000002 -0.000002 0.000000 -0.000000 0.865926
 21 0.000008 -4.440593 0.000000 1.570544 -0.062990 -0.195737
 22 6.000000 0.000001 0.000001 -2.404710 -0.000000 -0.000000
 23 0.000002 -4.440601 -0.000000 1.569944 -0.062987 0.004053
 24 11.375560 0.000000 0.000005 -2.103261 0.157064 -0.141140
 25 -0.000001 -4.440603 -0.000002 1.570144 -0.062988 0.004040
 26 10.510129 -0.000001 -0.000003 0.000000 -0.000000 -2.373708
 27 0.000000 -1.748400 4.999999 0.000000 0.004007 1.602291
 28 5.500000 -0.000002 -0.000003 -0.098298 0.000000 0.000000
 29 -0.000002 -1.940598 4.999999 -0.044472 0.004003 -0.000180
 30 6.551491 -0.000000 -0.000000 0.134063 0.442466 -0.406460
 31 0.000001 -1.940598 5.000002 -0.027189 -0.053376 0.005295
 32 6.551491 -0.000000 -0.000000 0.086173 0.206906 -0.198766
 33 -0.000000 -1.940598 4.999998 -0.066572 -0.152786 -0.110311
 34 0.684025 -0.214979 -1.576921 -1.530271 1.542547 0.870480
 35 6.384777 -0.000000 0.000000 -0.385689 -0.355316 -0.978500
 36 10.242682 0.000001 0.000001 0.000000 -0.000000 -2.041588
 37 11.375560 0.000001 0.000001 2.994914 -0.014537 0.343179
 38 0.728681 0.023431 1.008292 -1.579583 -0.319038 0.212973
 39 2.136497 -0.000002 0.000001 -0.000000 0.000000 1.282817
 40 2.313139 -0.000001 0.000001 0.000000 0.000000 3.141593
 41 3.115506 -0.886041 0.021431 0.420766 0.316066 0.167178
 42 2.011151 -0.000001 0.000000 -0.000000 0.000000 2.082010
 43 2.141380 0.000000 0.000001 0.000000 0.000000 3.141593
 44 1.734172 -0.000002 0.000000 -0.000000 0.000000 1.041748
 45 0.136314 -3.738194 2.525890 1.493698 2.759406 -1.474501
 46 14.562628 -1.166814 -0.284477 0.258917 0.054664 1.504024
 47 11.389366 -0.000817 0.158783 2.283414 0.068682 0.194364
 48 0.000001 -4.440599 0.000003 1.570144 -3.078602 0.004040
 49 6.000000 -0.000000 0.000000 2.283414 -0.000000 -0.000000
 50 0.000002 -4.440600 -0.000000 1.569944 -3.078603 0.004053
 51 10.510133 0.000000 0.000003 0.000000 0.000000 -2.591590
 52 -0.000000 -1.748402 -5.000003 -3.141593 0.004007 -1.539299
 53 5.500000 0.000000 0.000002 0.163240 -0.000000 -0.000000
 54 0.000001 -0.000001 -4.999998 -0.044472 3.137590 -0.000177
 55 6.551490 -0.000000 0.000001 -0.163240 -0.050949 -0.289390
 56 -1.266844 -1.937443 -4.950560 -0.066572 -2.988806 -0.110308
 57 6.551491 0.000000 0.000002 -0.163240 -0.050949 -0.289390
 58 0.699370 -1.944207 -5.006848 -0.027189 -3.088217 0.005298
 59 4.226144 -0.003201 0.000000 0.036422 0.237392 0.400358
 60 0.000000 5.000000 -0.000000 -0.153564 0.000087 2.718702
 61 0.000004 -0.000004 -3.713580 0.018865 -3.096651 -0.324845
 62 -0.000002 0.000000 5.000000 3.053198 1.558589 -0.074926
 63 -0.000007 0.000006 3.713580 -0.159276 -2.977491 -0.403653
 64 0.000001 -0.000000 -5.000000 -0.088724 1.558589 3.066337
 65 7.363602 1.646647 0.495663 3.141593 -1.570796 0.000000
 66 -0.000005 0.000007 3.619081 -0.217558 -2.796588 -0.810634
 67 16.573919 -0.000001 0.000000 0.000000 0.000000 -2.033247
 68 15.128181 0.000002 -0.000000 0.271612 0.009043 -0.097069
 69 5.758665 4.244730 0.000000 0.000000 -0.000000 1.842220
 70 3.177726 -0.000001 -0.000001 0.000000 0.000000 3.141593
 71 15.708953 0.000001 -0.000001 0.136460 0.001254 -0.052592
 72 0.275149 0.189214 -3.445208 3.130898 0.000409 -1.514604
 73 17.210194 -0.000002 0.000000 -0.000000 -0.000000 -2.328678
 74 -0.000000 0.000001 -4.999999 -0.079432 1.546568 -1.570855
 75 0.000002 -0.000003 -3.619081 0.034416 -3.071533 -0.493407
 76 16.573921 -0.000000 0.000000 0.000000 0.000000 -1.045581
 77 15.128181 0.000002 0.000000 0.002618 -0.051986 0.588317
 78 5.758665 4.244731 -0.000000 -0.000000 0.000000 1.815142
 79 4.003934 0.000000 0.000000 0.000000 0.000000 0.000000
 80 15.708955 0.000001 0.000000 0.004296 -0.037430 0.405337
 81 0.273998 0.191090 3.439762 -3.130907 -0.000437 -1.508107
 82 17.210194 0.000000 0.000000 -0.000000 -0.000000 -1.884228
 83 0.000000 -0.000001 5.000000 -0.079311 1.595025 -1.570737
time 39
  0 -0.650000 0.000000 33.899605 -0.025849 0.174554 -1.569172
  1 5.816420 0.852483 -32.971565 -0.174512 -0.026131 1.569196
  2 -2.276935 0.000003 -1.238188 -1.570795 -1.570451 0.000000
  3 1.796509 0.711909 0.000567 -0.174531 -0.035423 -0.191078
  4 4.119757 -0.003016 0.000573 -0.175729 0.031762 0.359703
  5 4.118782 -0.003220 0.000592 -0.181499 -0.027442 0.060858
  6 4.118670 -0.003219 0.000628 -0.192761 -0.026701 0.024998
  7 4.120821 -0.002719 -0.000447 0.138297 0.406413 0.739937
  8 4.443598 0.000000 0.000000 0.599479 -0.669732 -0.402979
  9 9.024058 0.000001 -0.000000 0.000000 0.000000 0.000000
 10 -0.684975 0.222943 1.576385 -0.744788 -1.207027 -3.074890
 11 6.384776 -0.000000 -0.000002 0.174120 0.806503 -0.214135
 12 10.242681 -0.000000 -0.000001 0.000000 0.000000 -1.884271
 13 11.375560 -0.000001 -0.000001 3.124044 0.134025 0.159825
 14 0.728681 0.023432 -1.008292 1.810395 0.048573 0.850240
 15 2.136497 -0.000001 -0.000002 0.000000 -0.000000 0.469499
 16 2.313139 0.000002 -0.000000 0.000000 0.000000 0.000000
 17 3.115507 -0.886041 -0.021431 -0.525495 -0.005965 0.516685
 18 2.011151 0.000001 0.000000 -0.000000 0.000000 0.980553
 19 2.141379 -0.000001 0.000001 0.000000 0.000000 0.000000
 20 1.734172 0.000001 -0.000000 -0.000000 0.000000 0.489689
 21 0.000006 -4.440594 0.000000 1.570544 -0.062990 -0.195737
 22 5.999999 0.000000 -0.000001 -2.836111 -0.000000 0.000000
 23 0.000002 -4.440602 0.000002 1.569944 -0.062987 0.004053
 24 11.375561 0.000000 0.000002 -2.365026 0.032084 0.126853
 25 -0.000001 -4.440603 -0.000001 1.570144 -0.062988 0.004040
 26 10.510129 -0.000001 -0.000003 -0.000000 -0.000000 -2.512932
 27 0.000000 -1.748401 4.999998 0.000000 0.004007 1.602291
 28 5.499997 0.000000 -0.000001 -0.103123 -0.000000 0.000000
 29 -0.000001 -1.940598 5.000001 -0.044472 0.004003 -0.000180
 30 6.551492 -0.000001 -0.000001 0.153855 0.568392 -0.240817
 31 -0.000001 -1.940597 5.000003 -0.027189 -0.053376 0.005295
 32 6.551491 -0.000000 -0.000002 0.089097 0.268995 -0.122113
 33 0.000000 -1.940600 4.999997 -0.066572 -0.152786 -0.110311
 34 0.684978 -0.215868 -1.576384 -1.866633 1.557442 0.532848
 35 6.384777 0.000001 0.000001 -0.378449 -0.354926 -0.993785
 36 10.242681 -0.000000 -0.000000 0.000000 -0.000000 -2.045175
 37 11.375561 0.000000 -0.000001 3.042848 -0.024866 0.334459
 38 0.728681 0.023431 1.008290 -1.579583 -0.319038 0.212973
 39 2.136497 0.000000 0.000001 -0.000000 -0.000000 1.282817
 40 2.313138 -0.000001 -0.000001 0.000000 0.000000 3.141593
 41 3.115506 -0.886040 0.021431 0.420766 0.316066 0.167178
 42 2.011150 0.000003 0.000001 0.000000 -0.000000 2.082010
 43 2.141379 0.000000 0.000000 0.000000 0.000000 3.141593
 44 1.734173 -0.000002 -0.000001 -0.000000 -0.000000 1.041748
 45 0.136314 -3.738193 2.525889 1.493698 2.759406 -1.474501
 46 14.562627 -1.166814 -0.284479 0.258917 0.054664 1.504024
 47 11.389365 -0.000820 0.158781 2.307734 0.064527 0.192409
 48 0.000001 -4.440599 -0.000002 1.570144 -3.078602 0.004040
 49 5.999999 -0.000000 -0.000000 2.307734 0.000000 0.000000
 50 0.000002 -4.440600 0.000001 1.569944 -3.078603 0.004053
 51 10.510130 -0.000000 0.000000 -0.000000 0.000000 -2.593384
 52 0.000001 -1.748400 -5.000002 3.141593 0.004007 -1.539299
 53 5.500000 -0.000001 0.000001 0.162233 -0.000000 -0.000000
 54 0.000000 0.000000 -5.000000 -0.044472 3.137590 -0.000177
 55 6.551490 0.000000 0.000003 -0.162233 -0.050609 -0.291684
 56 -1.266844 -1.937443 -4.950561 -0.066572 -2.988806 -0.110308
 57 6.551491 0.000000 0.000003 -0.162233 -0.050609 -0.291684
 58 0.699370 -1.944207 -5.006849 -0.027189 -3.088217 0.005298
 59 4.226143 -0.003201 0.000000 0.036932 0.237690 0.398041
 60 -0.000001 5.000001 0.000000 -0.153564 0.000087 2.718702
 61 0.000004 -0.000004 -3.713580 0.018865 -3.096651 -0.324845
 62 -0.000002 0.000000 5.000000 3.053198 1.558589 -0.074926
 63 -0.000007 0.000006 3.713580 -0.159276 -2.977491 -0.403653
 64 0.000001 -0.000000 -5.000000 -0.088724 1.558589 3.066337
 65 7.363602 1.646647 0.495663 3.141593 -1.570796 0.000000
 66 -0.000005 0.000007 3.619081 -0.217558 -2.796588 -0.810634
 67 16.573919 -0.000001 0.000000 0.000000 0.000000 -2.033247
 68 15.128181 0.000002 -0.000000 0.271612 0.009043 -0.097069
 69 5.758665 4.244730 0.000000 0.000000 -0.000000 1.842220
 70 3.177726 -0.000001 -0.000001 0.000000 0.000000 3.141593
 71 15.708953 0.000001 -0.000001 0.136460 0.001254 -0.052592
 72 0.275149 0.189214 -3.445208 3.130898 0.000409 -1.514604
 73 17.210194 -0.000002 0.000000 -0.000000 -0.000000 -2.328678
 74 -0.000000 0.000001 -4.999999 -0.079432 1.546568 -1.570855
 75 0.000002 -0.000003 -3.619081 0.034416 -3.071533 -0.493407
 76 16.573921 -0.000000 0.000000 0.000000 0.000000 -1.045581
 77 15.128181 0.000002 0.000000 0.002618 -0.051986 0.588317
 78 5.758665 4.244731 -0.000000 -0.000000 0.000000 1.815142
 79 4.003934 0.000000 0.000000 0.000000 0.000000 0.000000
 80 15.708955 0.000001 0.000000 0.004296 -0.037430 0.405337
 81 0.273998 0.191090 3.439762 -3.130907 -0.000437 -1.508107
 82 17.210194 0.000000 0.000000 -0.000000 -0.000000 -1.884228
 83 0.000000 -0.000001 5.000000 -0.079311 1.595025 -1.570737
time 40
  0 -0.650000 0.000000 33.899605 -0.025849 0.174554 -1.569172
  1 5.816420 0.852483 -32.971565 -0.174512 -0.026131 1.569196
  2 -2.276935 0.000003 -1.238188 -1.570795 -1.570451 0.000000
  3 1.796521 0.711907 0.000571 -0.175873 -0.034351 -0.187887
  4 4.119754 -0.003015 0.000577 -0.176935 0.032152 0.360500
  5 4.118780 -0.003221 0.000596 -0.182818 -0.027857 0.060278
  6 4.118666 -0.003219 0.000632 -0.194077 -0.027020 0.024402
  7 4.120805 -0.002734 -0.000450 0.139082 0.407207 0.733724
  8 4.443597 0.000002 -0.000000 0.615168 -0.667935 -0.414911
  9 9.024061 -0.000003 -0.000000 0.000000 0.000000 0.000000
 10 -0.686240 0.224108 1.575673 -0.583320 -1.230682 3.035322
 11 6.384775 0.000000 -0.000000 -0.265467 0.956161 -0.414384
 12 10.242681 -0.000000 0.000000 0.000000 -0.000000 -1.957518
 13 11.375561 0.000001 0.000001 2.646162 0.304681 0.618762
 14 0.728680 0.023433 -1.008291 1.553274 -0.510428 1.356237
 15 2.136498 0.000000 -0.000001 0.000000 0.000000 -0.101198
 16 2.313138 -0.000001 0.000002 0.000000 0.000000 0.000000
 17 3.115507 -0.886042 -0.021432 -0.558434 -0.212284 0.160435
 18 2.011151 -0.000000 -0.000001 -0.000000 -0.000000 0.230258
 19 2.141380 0.000000 -0.000000 0.000000 0.000000 0.000000
 20 1.734172 0.000001 -0.000002 0.000000 0.000000 0.115798
 21 0.000006 -4.440595 -0.000000 1.570544 -0.062990 -0.195737
 22 6.000000 -0.000001 0.000001 2.942811 0.000000 -0.000000
 23 0.000001 -4.440601 0.000000 1.569944 -0.062987 0.004053
 24 11.375562 -0.000001 0.000006 -2.621685 -0.065399 0.420671
 25 -0.000001 -4.440603 -0.000001 1.570144 -0.062988 0.004040
 26 10.510129 -0.000000 -0.000001 0.000000 -0.000000 -2.549555
 27 0.000001 -1.748400 5.000000 0.000000 0.004007 1.602290
 28 5.499997 0.000001 0.000000 0.021866 0.000000 -0.000000
 29 -0.000002 -1.940598 5.000001 -0.044472 0.004003 -0.000180
 30 6.551491 0.000000 -0.000001 -0.082608 0.598202 -0.293557
 31 0.000003 -1.940599 5.000000 -0.027189 -0.053376 0.005295
 32 6.551491 0.000000 -0.000001 -0.014328 0.290082 -0.127809
 33 0.000000 -1.940598 4.999997 -0.066572 -0.152786 -0.110311
 34 0.686240 -0.217029 -1.575673 2.558284 1.558214 -1.326773
 35 6.384776 0.000001 -0.000003 -0.369731 -0.353963 -1.009951
 36 10.242681 -0.000000 -0.000002 -0.000000 -0.000000 -2.050806
 37 11.375561 0.000002 0.000000 3.033117 0.085880 0.315217
 38 0.728681 0.023429 1.008291 -1.579583 -0.319038 0.212973
 39 2.136497 -0.000002 -0.000001 0.000000 0.000000 1.282817
 40 2.313141 0.000001 -0.000000 0.000000 0.000000 3.141593
 41 3.115506 -0.886043 0.021430 0.420765 0.316066 0.167178
 42 2.011152 -0.000003 -0.000001 0.000000 0.000000 2.082010
 43 2.141383 -0.000000 0.000002 0.000000 0.000000 3.141593
 44 1.734172 -0.000001 0.000001 0.000000 0.000000 1.041748
 45 0.136315 -3.738193 2.525891 1.493698 2.759406 -1.474501
 46 14.562627 -1.166816 -0.284477 0.258917 0.054664 1.504024
 47 11.389366 -0.000819 0.158781 2.297823 0.120111 0.156592
 48 0.000000 -4.440599 -0.000000 1.570144 -3.078602 0.004040
 49 6.000000 0.000001 -0.000000 2.297823 -0.000000 -0.000000
 50 0.000002 -4.440600 0.000002 1.569944 -3.078603 0.004053
 51 10.510130 -0.000001 0.000001 -0.000000 -0.000000 -2.596199
 52 0.000001 -1.748400 -5.000000 -3.141593 0.004007 -1.539299
 53 5.499998 -0.000000 -0.000002 0.160759 -0.000000 0.000000
 54 -0.000002 0.000000 -5.000003 -0.044472 3.137589 -0.000177
 55 6.551490 0.000000 -0.000003 -0.160759 -0.050325 -0.294104
 56 -1.266843 -1.937443 -4.950558 -0.066572 -2.988806 -0.110308
 57 6.551491 0.000000 -0.000003 -0.160759 -0.050325 -0.294104
 58 0.699370 -1.944207 -5.006846 -0.027189 -3.088217 0.005298
 59 4.226144 -0.003201 -0.000000 0.037603 0.238086 0.394979
 60 -0.000000 5.000000 0.000001 -0.153564 0.000087 2.718702
 61 0.000004 -0.000004 -3.713580 0.018865 -3.096651 -0.324845
 62 -0.000002 0.000000 5.000000 3.053198 1.558589 -0.074926
 63 -0.000007 0.000006 3.713580 -0.159276 -2.977491 -0.403653
 64 0.000001 -0.000000 -5.000000 -0.088724 1.558589 3.066337
 65 7.363602 1.646647 0.495663 3.141593 -1.570796 0.000000
 66 -0.000005 0.000007 3.619081 -0.217558 -2.796588 -0.810634
 67 16.573919 -0.000001 0.000000 0.000000 0.000000 -2.033247
 68 15.128181 0.000002 -0.000000 0.271612 0.009043 -0.097069
 69 5.758665 4.244730 0.000000 0.000000 -0.000000 1.842220
 70 3.177726 -0.000001 -0.000001 0.000000 0.000000 3.141593
 71 15.708953 0.000001 -0.000001 0.136460 0.001254 -0.052592
 72 0.275149 0.189214 -3.445208 3.130898 0.000409 -1.514604
 73 17.210194 -0.000002 0.000000 -0.000000 -0.000000 -2.328678
 74 -0.000000 0.000001 -4.999999 -0.079432 1.546568 -1.570855
 75 0.000002 -0.000003 -3.619081 0.034416 -3.071533 -0.493407
 76 16.573921 -0.000000 0.000000 0.000000 0.000000 -1.045581
 77 15.128181 0.000002 0.000000 0.002618 -0.051986 0.588317
 78 5.758665 4.244731 -0.000000 -0.000000 0.000000 1.815142
 79 4.003934 0.000000 0.000000 0.000000 0.000000 0.000000
 80 15.708955 0.000001 0.000000 0.004296 -0.037430 0.405337
 81 0.273998 0.191090 3.439762 -3.130907 -0.000437 -1.508107
 82 17.210194 0.000000 0.000000 -0.000000 -0.000000 -1.884228
 83 0.000000 -0.000001 5.000000 -0.079311 1.595025 -1.570737
time 41
  0 -0.650000 0.000000 33.899605 -0.025849 0.174554 -1.569172
  1 5.816420 0.852483 -32.971565 -0.174512 -0.026131 1.569196
  2 -2.276935 0.000003 -1.238188 -1.570795 -1.570451 0.000000
  3 1.796528 0.711906 0.000575 -0.177153 -0.033427 -0.184679
  4 4.119761 -0.003013 0.000581 -0.178083 0.032570 0.361288
  5 4.118776 -0.003218 0.000600 -0.184075 -0.028195 0.059684
  6 4.118668 -0.003219 0.000636 -0.195330 -0.027293 0.023796
  7 4.120773 -0.002759 -0.000454 0.140429 0.408591 0.722971
  8 4.443598 0.000002 -0.000000 0.653666 -0.636940 -0.464697
  9 9.024059 -0.000001 0.000000 0.000000 0.000000 0.000000
 10 -0.688442 0.226100 1.574432 -0.566608 -1.230074 3.029537
 11 6.384775 0.000000 0.000001 -0.402989 0.906950 -0.541232
 12 10.242683 -0.000001 -0.000001 -0.000000 -0.000000 -1.973225
 13 11.375560 -0.000003 0.000002 2.692678 0.332491 0.686891
 14 0.728680 0.023431 -1.008292 1.553274 -0.510428 1.356237
 15 2.136496 -0.000001 0.000001 -0.000000 -0.000000 -0.101198
 16 2.313142 -0.000000 -0.000002 0.000000 0.000000 0.000000
 17 3.115507 -0.886043 -0.021431 -0.558434 -0.212284 0.160435
 18 2.011152 -0.000001 -0.000003 -0.000000 -0.000000 0.230258
 19 2.141379 0.000003 0.000000 0.000000 0.000000 0.000000
 20 1.734172 0.000001 -0.000000 0.000000 -0.000000 0.115798
 21 0.000006 -4.440595 -0.000001 1.570544 -0.062990 -0.195737
 22 5.999999 0.000000 0.000000 2.981512 -0.000000 0.000000
 23 0.000002 -4.440599 0.000001 1.569944 -0.062987 0.004053
 24 11.375561 -0.000001 0.000005 -2.603369 -0.063615 0.453229
 25 -0.000000 -4.440606 0.000001 1.570144 -0.062988 0.004040
 26 10.510131 0.000000 -0.000000 -0.000000 0.000000 -2.557409
 27 0.000001 -1.748402 4.999999 -0.000000 0.004007 1.602290
 28 5.500002 -0.000000 -0.000000 0.062508 -0.000000 -0.000000
 29 -0.000005 -1.940598 5.000000 -0.044472 0.004003 -0.000180
 30 6.551491 -0.000000 -0.000000 -0.161378 0.564464 -0.355338
 31 -0.000000 -1.940599 5.000004 -0.027189 -0.053376 0.005295
 32 6.551491 -0.000000 -0.000000 -0.047621 0.277685 -0.151613
 33 0.000000 -1.940599 4.999994 -0.066572 -0.152786 -0.110311
 34 0.688443 -0.219018 -1.574433 -0.939245 1.600885 1.463450
 35 6.384777 -0.000001 0.000002 -0.362214 -0.353960 -1.025947
 36 10.242682 -0.000002 0.000002 0.000000 -0.000000 -2.053212
 37 11.375561 -0.000000 0.000000 3.002621 0.184444 0.296801
 38 0.728681 0.023431 1.008292 -1.579583 -0.319038 0.212973
 39 2.136497 0.000001 -0.000000 -0.000000 -0.000000 1.282817
 40 2.313138 -0.000001 -0.000000 0.000000 0.000000 3.141593
 41 3.115507 -0.886042 0.021429 0.420765 0.316066 0.167178
 42 2.011151 -0.000000 -0.000001 0.000000 0.000000 2.082010
 43 2.141381 0.000000 0.000002 0.000000 0.000000 3.141593
 44 1.734172 0.000001 0.000001 0.000000 -0.000000 1.041748
 45 0.136313 -3.738193 2.525890 1.493698 2.759406 -1.474501
 46 14.562627 -1.166815 -0.284480 0.258917 0.054664 1.504024
 47 11.389366 -0.000820 0.158783 2.276058 0.167119 0.124048
 48 0.000001 -4.440598 -0.000001 1.570144 -3.078602 0.004040
 49 6.000000 0.000000 0.000002 2.276058 -0.000000 -0.000000
 50 0.000002 -4.440601 0.000001 1.569944 -3.078603 0.004053
 51 10.510130 -0.000001 0.000001 0.000000 0.000000 -2.597402
 52 -0.000001 -1.748400 -5.000000 3.141593 0.004007 -1.539299
 53 5.499999 -0.000000 -0.000002 0.159779 -0.000000 -0.000000
 54 -0.000001 -0.000000 -4.999999 -0.044472 3.137589 -0.000177
 55 6.551491 0.000000 0.000000 -0.159779 -0.050167 -0.296579
 56 -1.266843 -1.937444 -4.950559 -0.066572 -2.988806 -0.110308
 57 6.551491 0.000000 0.000000 -0.159779 -0.050167 -0.296579
 58 0.699371 -1.944209 -5.006845 -0.027189 -3.088217 0.005298
 59 4.226144 -0.003202 -0.000000 0.038764 0.238778 0.389673
 60 -0.000000 5.000000 0.000000 -0.153564 0.000087 2.718702
 61 0.000004 -0.000004 -3.713580 0.018865 -3.096651 -0.324845
 62 -0.000002 0.000000 5.000000 3.053198 1.558589 -0.074926
 63 -0.000007 0.000006 3.713580 -0.159276 -2.977491 -0.403653
 64 0.000001 -0.000000 -5.000000 -0.088724 1.558589 3.066337
 65 7.363602 1.646647 0.495663 3.141593 -1.570796 0.000000
 66 -0.000005 0.000007 3.619081 -0.217558 -2.796588 -0.810634
 67 16.573919 -0.000001 0.000000 0.000000 0.000000 -2.033247
 68 15.128181 0.000002 -0.000000 0.271612 0.009043 -0.097069
 69 5.758665 4.244730 0.000000 0.000000 -0.000000 1.842220
 70 3.177726 -0.000001 -0.000001 0.000000 0.000000 3.141593
 71 15.708953 0.000001 -0.000001 0.136460 0.001254 -0.052592
 72 0.275149 0.189214 -3.445208 3.130898 0.000409 -1.514604
 73 17.210194 -0.000002 0.000000 -0.000000 -0.000000 -2.328678
 74 -0.000000 0.000001 -4.999999 -0.079432 1.546568 -1.570855
 75 0.000002 -0.000003 -3.619081 0.034416 -3.071533 -0.493407
 76 16.573921 -0.000000 0.000000 0.000000 0.000000 -1.045581
 77 15.128181 0.000002 0.000000 0.002618 -0.051986 0.588317
 78 5.758665 4.244731 -0.000000 -0.000000 0.000000 1.815142
 79 4.003934 0.000000 0.000000 0.000000 0.000000 0.000000
 80 15.708955 0.000001 0.000000 0.004296 -0.037430 0.405337
 81 0.273998 0.191090 3.439762 -3.130907 -0.000437 -1.508107
 82 17.210194 0.000000 0.000000 -0.000000 -0.000000 -1.884228
 83 0.000000 -0.000001 5.000000 -0.079311 1.595025 -1.570737
time 42
  0 -0.650000 0.000000 33.899605 -0.025849 0.174554 -1.569172
  1 5.816420 0.852483 -32.971565 -0.174512 -0.026131 1.569196
  2 -2.276935 0.000003 -1.238188 -1.570795 -1.570451 0.000000
  3 1.796540 0.711905 0.000579 -0.178374 -0.032646 -0.181454
  4 4.119766 -0.003011 0.000584 -0.179176 0.033016 0.362069
  5 4.118773 -0.003218 0.000604 -0.185273 -0.028459 0.059076
  6 4.118658 -0.003216 0.000640 -0.196525 -0.027521 0.023182
  7 4.120732 -0.002790 -0.000459 0.142183 0.410437 0.708780
  8 4.443598 -0.000002 0.000000 0.701565 -0.587879 -0.525573
  9 9.024063 0.000001 -0.000000 0.000000 0.000000 0.000000
 10 -0.691375 0.228674 1.572779 -0.544626 -1.229224 3.021969
 11 6.384775 0.000000 0.000000 -0.407685 0.902930 -0.536456
 12 10.242681 -0.000001 -0.000001 0.000000 -0.000000 -1.983500
 13 11.375561 0.000001 0.000001 2.707545 0.350256 0.677948
 14 0.728681 0.023432 -1.008293 1.553275 -0.510427 1.356237
 15 2.136494 0.000002 0.000001 -0.000000 -0.000000 -0.101198
 16 2.313140 0.000000 -0.000000 0.000000 0.000000 0.000000
 17 3.115506 -0.886039 -0.021431 -0.558434 -0.212284 0.160435
 18 2.011151 0.000001 0.000001 -0.000000 -0.000000 0.230258
 19 2.141379 0.000000 -0.000000 0.000000 0.000000 0.000000
 20 1.734172 0.000000 -0.000000 -0.000000 0.000000 0.115798
 21 0.000006 -4.440593 0.000000 1.570544 -0.062990 -0.195737
 22 6.000000 -0.000001 -0.000000 2.998645 -0.000000 0.000000
 23 0.000001 -4.440601 0.000001 1.569944 -0.062987 0.004053
 24 11.375562 -0.000002 0.000004 -2.595052 -0.048169 0.453000
 25 -0.000001 -4.440602 0.000001 1.570144 -0.062988 0.004040
 26 10.510130 -0.000000 -0.000001 -0.000000 0.000000 -2.562546
 27 -0.000001 -1.748399 4.999998 -0.000000 0.004007 1.602290
 28 5.500000 -0.000000 -0.000001 0.066917 -0.000000 -0.000000
 29 0.000000 -1.940599 5.000001 -0.044472 0.004003 -0.000180
 30 6.551490 0.000000 0.000001 -0.168452 0.561400 -0.351890
 31 0.000002 -1.940599 4.999999 -0.027189 -0.053376 0.005295
 32 6.551490 0.000000 0.000001 -0.051374 0.276605 -0.149762
 33 0.000000 -1.940599 4.999994 -0.066572 -0.152786 -0.110311
 34 0.691376 -0.221599 -1.572779 -0.939027 1.610147 1.475998
 35 6.384776 -0.000000 -0.000000 -0.359149 -0.354674 -1.034994
 36 10.242682 0.000000 0.000002 0.000000 -0.000000 -2.052155
 37 11.375561 -0.000000 -0.000003 2.994234 0.191280 0.294378
 38 0.728681 0.023431 1.008292 -1.579583 -0.319038 0.212973
 39 2.136497 -0.000001 0.000001 -0.000000 -0.000000 1.282817
 40 2.313139 0.000001 -0.000001 0.000000 0.000000 3.141593
 41 3.115507 -0.886041 0.021432 0.420765 0.316066 0.167178
 42 2.011150 0.000001 0.000002 0.000000 0.000000 2.082010
 43 2.141379 -0.000000 -0.000000 0.000000 0.000000 3.141593
 44 1.734173 -0.000002 0.000000 0.000000 -0.000000 1.041748
 45 0.136317 -3.738192 2.525892 1.493698 2.759406 -1.474501
 46 14.562627 -1.166814 -0.284476 0.258917 0.054664 1.504024
 47 11.389366 -0.000819 0.158780 2.271414 0.169763 0.121418
 48 0.000001 -4.440599 0.000001 1.570144 -3.078602 0.004040
 49 6.000000 0.000001 -0.000002 2.271414 0.000000 0.000000
 50 0.000001 -4.440601 0.000003 1.569944 -3.078603 0.004053
 51 10.510131 0.000001 0.000002 0.000000 -0.000000 -2.596874
 52 0.000001 -1.748400 -5.000002 -3.141593 0.004007 -1.539299
 53 5.500001 0.000000 0.000002 0.159718 -0.000000 -0.000000
 54 -0.000000 0.000000 -5.000000 -0.044472 3.137590 -0.000177
 55 6.551490 -0.000000 -0.000002 -0.159718 -0.050087 -0.298047
 56 -1.266844 -1.937442 -4.950559 -0.066572 -2.988806 -0.110308
 57 6.551490 0.000000 -0.000002 -0.159718 -0.050087 -0.298047
 58 0.699370 -1.944206 -5.006845 -0.027189 -3.088217 0.005298
 59 4.226145 -0.003201 0.000001 0.040290 0.239702 0.382657
 60 0.000001 5.000000 0.000000 -0.153564 0.000087 2.718702
 61 0.000004 -0.000004 -3.713580 0.018865 -3.096651 -0.324845
 62 -0.000002 0.000000 5.000000 3.053198 1.558589 -0.074926
 63 -0.000007 0.000006 3.713580 -0.159276 -2.977491 -0.403653
 64 0.000001 -0.000000 -5.000000 -0.088724 1.558589 3.066337
 65 7.363602 1.646647 0.495663 3.141593 -1.570796 0.000000
 66 -0.000005 0.000007 3.619081 -0.217558 -2.796588 -0.810634
 67 16.573919 -0.000001 0.000000 0.000000 0.000000 -2.033247
 68 15.128181 0.000002 -0.000000 0.271612 0.009043 -0.097069
 69 5.758665 4.244730 0.000000 0.000000 -0.000000 1.842220
 70 3.177726 -0.000001 -0.000001 0.000000 0.000000 3.141593
 71 15.708953 0.000001 -0.000001 0.136460 0.001254 -0.052592
 72 0.275149 0.189214 -3.445208 3.130898 0.000409 -1.514604
 73 17.210194 -0.000002 0.000000 -0.000000 -0.000000 -2.328678
 74 -0.000000 0.000001 -4.999999 -0.079432 1.546568 -1.570855
 75 0.000002 -0.000003 -3.619081 0.034416 -3.071533 -0.493407
 76 16.573921 -0.000000 0.000000 0.000000 0.000000 -1.045581
 77 15.128181 0.000002 0.000000 0.002618 -0.051986 0.588317
 78 5.758665 4.244731 -0.000000 -0.000000 0.000000 1.815142
 79 4.003934 0.000000 0.000000 0.000000 0.000000 0.000000
 80 15.708955 0.000001 0.000000 0.004296 -0.037430 0.405337
 81 0.273998 0.191090 3.439762 -3.130907 -0.000437 -1.508107
 82 17.210194 0.000000 0.000000 -0.000000 -0.000000 -1.884228
 83 0.000000 -0.000001 5.000000 -0.079311 1.595025 -1.570737
time 43
  0 -0.650000 0.000000 33.899605 -0.025849 0.174554 -1.569172
  1 5.816420 0.852483 -32.971565 -0.174512 -0.026131 1.569196
  2 -2.276935 0.000003 -1.238188 -1.570795 -1.570451 0.000000
  3 1.796551 0.711904 0.000583 -0.179541 -0.032000 -0.178213
  4 4.119764 -0.003010 0.000588 -0.180217 0.033486 0.362842
  5 4.118776 -0.003219 0.000608 -0.186415 -0.028652 0.058455
  6 4.118656 -0.003215 0.000644 -0.197664 -0.027706 0.022560
  7 4.120698 -0.002812 -0.000463 0.143419 0.411770 0.698632
  8 4.443599 0.000000 0.000000 0.743685 -0.563971 -0.560272
  9 9.024060 -0.000000 -0.000000 0.000000 0.000000 0.000000
 10 -0.693490 0.230486 1.571586 -0.530993 -1.228390 3.018857
 11 6.384776 0.000001 0.000001 -0.415028 0.903558 -0.515921
 12 10.242681 -0.000001 -0.000000 -0.000000 -0.000000 -1.976502
 13 11.375559 0.000001 -0.000000 2.714183 0.352978 0.663512
 14 0.728682 0.023431 -1.008293 1.553490 -0.482697 1.358649
 15 2.136498 -0.000000 -0.000002 -0.000000 -0.000000 -0.101058
 16 2.313140 0.000000 0.000000 0.000000 0.000000 0.000000
 17 3.115506 -0.886040 -0.021431 -0.560050 -0.205243 0.172415
 18 2.011151 -0.000004 -0.000002 0.000000 -0.000000 0.222982
 19 2.141380 0.000002 0.000001 0.000000 0.000000 0.000000
 20 1.734172 -0.000001 -0.000001 -0.000000 0.000000 0.112145
 21 0.000006 -4.440596 -0.000000 1.570544 -0.062990 -0.195737
 22 5.999999 0.000001 -0.000000 3.008184 0.000000 -0.000000
 23 0.000001 -4.440604 0.000000 1.569944 -0.062987 0.004053
 24 11.375561 -0.000000 0.000004 -2.590392 -0.040680 0.447030
 25 -0.000001 -4.440602 0.000001 1.570144 -0.062988 0.004040
 26 10.510131 -0.000001 -0.000001 -0.000000 0.000000 -2.559047
 27 -0.000001 -1.748399 4.999999 -0.000000 0.004007 1.602290
 28 5.500001 -0.000001 -0.000001 0.076464 -0.000000 -0.000000
 29 -0.000001 -1.940599 5.000000 -0.044472 0.004003 -0.000180
 30 6.551491 0.000001 0.000002 -0.183269 0.560364 -0.335516
 31 0.000000 -1.940598 5.000003 -0.027189 -0.053376 0.005295
 32 6.551491 0.000001 0.000002 -0.059570 0.276668 -0.141383
 33 0.000001 -1.940600 4.999994 -0.066572 -0.152786 -0.110311
 34 0.693496 -0.223410 -1.571585 -0.960869 1.619445 1.461835
 35 6.384776 -0.000000 -0.000001 -0.354828 -0.356095 -1.048735
 36 10.242682 0.000001 0.000002 -0.000000 -0.000000 -2.049072
 37 11.375562 0.000001 0.000001 2.970407 0.205641 0.288403
 38 0.728680 0.023432 1.008292 -1.579583 -0.319038 0.212973
 39 2.136497 -0.000000 -0.000000 -0.000000 0.000000 1.282817
 40 2.313141 0.000000 -0.000000 0.000000 0.000000 3.141593
 41 3.115507 -0.886041 0.021429 0.420766 0.316066 0.167178
 42 2.011152 -0.000002 0.000000 0.000000 0.000000 2.082010
 43 2.141380 -0.000000 0.000001 0.000000 0.000000 3.141593
 44 1.734173 -0.000001 0.000002 0.000000 -0.000000 1.041748
 45 0.136314 -3.738194 2.525889 1.493698 2.759406 -1.474501
 46 14.562628 -1.166813 -0.284478 0.258917 0.054664 1.504024
 47 11.389367 -0.000818 0.158784 2.258613 0.174831 0.115706
 48 -0.000000 -4.440599 -0.000002 1.570144 -3.078602 0.004040
 49 6.000000 -0.000001 0.000000 2.258613 0.000000 0.000000
 50 0.000002 -4.440601 -0.000001 1.569944 -3.078603 0.004053
 51 10.510131 0.000000 0.000004 -0.000000 0.000000 -2.595332
 52 0.000001 -1.748401 -5.000002 -3.141593 0.004007 -1.539299
 53 5.500000 0.000001 0.000001 0.159795 0.000000 0.000000
 54 -0.000001 0.000000 -5.000000 -0.044472 3.137589 -0.000177
 55 6.551490 -0.000001 0.000003 -0.159795 -0.050023 -0.300325
 56 -1.266843 -1.937443 -4.950557 -0.066572 -2.988806 -0.110308
 57 6.551491 -0.000002 0.000003 -0.159795 -0.050023 -0.300325
 58 0.699371 -1.944208 -5.006846 -0.027189 -3.088217 0.005298
 59 4.226144 -0.003201 0.000000 0.041378 0.240372 0.377628
 60 -0.000002 5.000001 -0.000000 -0.153564 0.000087 2.718702
 61 0.000004 -0.000004 -3.713580 0.018865 -3.096651 -0.324845
 62 -0.000002 0.000000 5.000000 3.053198 1.558589 -0.074926
 63 -0.000007 0.000006 3.713580 -0.159276 -2.977491 -0.403653
 64 0.000001 -0.000000 -5.000000 -0.088724 1.558589 3.066337
 65 7.363602 1.646647 0.495663 3.141593 -1.570796 0.000000
 66 -0.000005 0.000007 3.619081 -0.217558 -2.796588 -0.810634
 67 16.573919 -0.000001 0.000000 0.000000 0.000000 -2.033247
 68 15.128181 0.000002 -0.000000 0.271612 0.009043 -0.097069
 69 5.758665 4.244730 0.000000 0.000000 -0.000000 1.842220
 70 3.177726 -0.000001 -0.000001 0.000000 0.000000 3.141593
 71 15.708953 0.000001 -0.000001 0.136460 0.001254 -0.052592
 72 0.275149 0.189214 -3.445208 3.130898 0.000409 -1.514604
 73 17.210194 -0.000002 0.000000 -0.000000 -0.000000 -2.328678
 74 -0.000000 0.000001 -4.999999 -0.079432 1.546568 -1.570855
 75 0.000002 -0.000003 -3.619081 0.034416 -3.071533 -0.493407
 76 16.573921 -0.000000 0.000000 0.000000 0.000000 -1.045581
 77 15.128181 0.000002 0.000000 0.002618 -0.051986 0.588317
 78 5.758665 4.244731 -0.000000 -0.000000 0.000000 1.815142
 79 4.003934 0.000000 0.000000 0.000000 0.000000 0.000000
 80 15.708955 0.000001 0.000000 0.004296 -0.037430 0.405337
 81 0.273998 0.191090 3.439762 -3.130907 -0.000437 -1.508107
 82 17.210194 0.000000 0.000000 -0.000000 -0.000000 -1.884228
 83 0.000000 -0.000001 5.000000 -0.079311 1.595025 -1.570737
time 44
  0 -0.650000 0.000000 33.899605 -0.025849 0.174554 -1.569172
  1 5.816420 0.852483 -32.971565 -0.174512 -0.026131 1.569196
  2 -2.276935 0.000003 -1.238188 -1.570795 -1.570451 0.000000
  3 1.796559 0.711903 0.000587 -0.180655 -0.031484 -0.174956
  4 4.119771 -0.003008 0.000591 -0.181209 0.033981 0.363607
  5 4.118775 -0.003219 0.000611 -0.187504 -0.028778 0.057822
  6 4.118654 -0.003214 0.000647 -0.198749 -0.027850 0.021929
  7 4.120689 -0.002826 -0.000466 0.144047 0.412458 0.693429
  8 4.443598 -0.000001 0.000000 0.782071 -0.570712 -0.570732
  9 9.024061 -0.000002 0.000000 0.000000 0.000000 0.000000
 10 -0.694586 0.231408 1.570971 -0.527164 -1.227667 3.020757
 11 6.384776 0.000001 0.000003 -0.413396 0.917661 -0.467259
 12 10.242682 -0.000000 -0.000001 0.000000 0.000000 -1.940299
 13 11.375561 -0.000001 0.000001 2.720332 0.356780 0.634878
 14 0.728680 0.023430 -1.008291 1.554292 -0.421277 1.364930
 15 2.136496 0.000000 -0.000001 -0.000000 0.000000 -0.100770
 16 2.313138 0.000000 -0.000002 0.000000 0.000000 0.000000
 17 3.115506 -0.886042 -0.021431 -0.563219 -0.190323 0.197620
 18 2.011150 0.000002 0.000001 -0.000000 0.000000 0.202667
 19 2.141379 0.000001 -0.000001 0.000000 0.000000 0.000000
 20 1.734172 0.000003 0.000000 -0.000000 0.000000 0.101942
 21 0.000005 -4.440593 0.000001 1.570544 -0.062990 -0.195737
 22 6.000000 -0.000001 0.000000 3.019430 -0.000000 0.000000
 23 0.000002 -4.440601 -0.000000 1.569944 -0.062987 0.004053
 24 11.375561 -0.000000 0.000003 -2.584769 -0.028137 0.435429
 25 -0.000001 -4.440604 0.000002 1.570144 -0.062988 0.004040
 26 10.510130 -0.000001 -0.000001 -0.000000 0.000000 -2.540946
 27 0.000001 -1.748401 5.000000 -0.000000 0.004007 1.602290
 28 5.500000 -0.000000 -0.000000 0.088188 0.000000 0.000000
 29 -0.000002 -1.940598 5.000000 -0.044472 0.004003 -0.000180
 30 6.551492 -0.000000 -0.000000 -0.199793 0.568499 -0.295085
 31 0.000001 -1.940599 5.000000 -0.027189 -0.053376 0.005295
 32 6.551492 -0.000000 -0.000000 -0.069835 0.280598 -0.121332
 33 0.000001 -1.940600 4.999994 -0.066572 -0.152786 -0.110311
 34 0.694586 -0.224330 -1.570970 -0.978698 1.625721 1.447314
 35 6.384777 -0.000000 -0.000000 -0.350517 -0.357828 -1.063704
 36 10.242682 -0.000001 0.000003 0.000000 -0.000000 -2.044649
 37 11.375562 0.000000 -0.000001 2.938177 0.216917 0.281763
 38 0.728681 0.023431 1.008292 -1.579583 -0.319038 0.212973
 39 2.136497 -0.000002 -0.000000 -0.000000 0.000000 1.282817
 40 2.313140 0.000000 -0.000001 0.000000 0.000000 3.141593
 41 3.115507 -0.886041 0.021432 0.420765 0.316066 0.167178
 42 2.011151 0.000000 0.000002 0.000000 0.000000 2.082010
 43 2.141381 0.000000 -0.000002 0.000000 0.000000 3.141593
 44 1.734172 -0.000002 0.000000 -0.000000 -0.000000 1.041748
 45 0.136315 -3.738192 2.525890 1.493698 2.759406 -1.474501
 46 14.562627 -1.166814 -0.284475 0.258917 0.054664 1.504024
 47 11.389366 -0.000821 0.158780 2.241962 0.177782 0.110769
 48 0.000001 -4.440599 -0.000002 1.570144 -3.078602 0.004040
 49 6.000000 -0.000001 -0.000002 2.241962 0.000000 0.000000
 50 0.000002 -4.440601 0.000001 1.569944 -3.078603 0.004053
 51 10.510130 -0.000001 0.000003 -0.000000 -0.000000 -2.593121
 52 0.000000 -1.748399 -5.000000 3.141593 0.004007 -1.539299
 53 5.499998 -0.000000 0.000001 0.160072 0.000000 0.000000
 54 0.000000 0.000001 -5.000001 -0.044472 3.137589 -0.000177
 55 6.551491 -0.000000 0.000001 -0.160073 -0.049959 -0.302877
 56 -1.266844 -1.937442 -4.950561 -0.066572 -2.988806 -0.110308
 57 6.551492 -0.000000 0.000001 -0.160073 -0.049959 -0.302877
 58 0.699370 -1.944207 -5.006847 -0.027189 -3.088217 0.005298
 59 4.226148 -0.003202 0.000000 0.041935 0.240719 0.375045
 60 -0.000001 5.000001 0.000000 -0.153564 0.000087 2.718702
 61 0.000004 -0.000004 -3.713580 0.018865 -3.096651 -0.324845
 62 -0.000002 0.000000 5.000000 3.053198 1.558589 -0.074926
 63 -0.000007 0.000006 3.713580 -0.159276 -2.977491 -0.403653
 64 0.000001 -0.000000 -5.000000 -0.088724 1.558589 3.066337
 65 7.363602 1.646647 0.495663 3.141593 -1.570796 0.000000
 66 -0.000005 0.000007 3.619081 -0.217558 -2.796588 -0.810634
 67 16.573919 -0.000001 0.000000 0.000000 0.000000 -2.033247
 68 15.128181 0.000002 -0.000000 0.271612 0.009043 -0.097069
 69 5.758665 4.244730 0.000000 0.000000 -0.000000 1.842220
 70 3.177726 -0.000001 -0.000001 0.000000 0.000000 3.141593
 71 15.708953 0.000001 -0.000001 0.136460 0.001254 -0.052592
 72 0.275149 0.189214 -3.445208 3.130898 0.000409 -1.514604
 73 17.210194 -0.000002 0.000000 -0.000000 -0.000000 -2.328678
 74 -0.000000 0.000001 -4.999999 -0.079432 1.546568 -1.570855
 75 0.000002 -0.000003 -3.619081 0.034416 -3.071533 -0.493407
 76 16.573921 -0.000000 0.000000 0.000000 0.000000 -1.045581
 77 15.128181 0.000002 0.000000 0.002618 -0.051986 0.588317
 78 5.758665 4.244731 -0.000000 -0.000000 0.000000 1.815142
 79 4.003934 0.000000 0.000000 0.000000 0.000000 0.000000
 80 15.708955 0.000001 0.000000 0.004296 -0.037430 0.405337
 81 0.273998 0.191090 3.439762 -3.130907 -0.000437 -1.508107
 82 17.210194 0.000000 0.000000 -0.000000 -0.000000 -1.884228
 83 0.000000 -0.000001 5.000000 -0.079311 1.595025 -1.570737
time 45
  0 -0.650000 0.000000 33.899605 -0.025849 0.174554 -1.569172
  1 5.816420 0.852483 -32.971565 -0.174512 -0.026131 1.569196
  2 -2.276935 0.000003 -1.238188 -1.570795 -1.570451 0.000000
  3 1.796574 0.711901 0.000590 -0.181720 -0.031090 -0.171684
  4 4.119768 -0.003006 0.000594 -0.182152 0.034499 0.364366
  5 4.118774 -0.003219 0.000614 -0.188542 -0.028841 0.057177
  6 4.118649 -0.003213 0.000652 -0.199784 -0.027956 0.021291
  7 4.120672 -0.002834 -0.000467 0.144582 0.413050 0.688969
  8 4.443598 -0.000000 -0.000000 0.822828 -0.582057 -0.579125
  9 9.024065 -0.000001 0.000000 0.000000 0.000000 0.000000
 10 -0.695523 0.232187 1.570441 -0.524952 -1.226957 3.023572
 11 6.384776 0.000001 -0.000004 -0.415302 0.932726 -0.423215
 12 10.242680 -0.000000 -0.000001 0.000000 -0.000000 -1.887204
 13 11.375562 -0.000001 0.000002 2.719673 0.357535 0.600765
 14 0.728681 0.023429 -1.008291 1.555623 -0.353409 1.371658
 15 2.136495 -0.000000 0.000001 0.000000 0.000000 -0.100450
 16 2.313139 -0.000000 -0.000000 0.000000 0.000000 0.000000
 17 3.115506 -0.886040 -0.021432 -0.566272 -0.173683 0.225450
 18 2.011152 -0.000002 -0.000001 -0.000000 0.000000 0.180598
 19 2.141380 0.000002 -0.000000 0.000000 0.000000 0.000000
 20 1.734172 -0.000000 0.000001 -0.000000 -0.000000 0.090855
 21 0.000005 -4.440593 0.000001 1.570544 -0.062990 -0.195737
 22 6.000000 0.000001 0.000000 3.024107 -0.000000 0.000000
 23 0.000002 -4.440601 0.000001 1.569944 -0.062987 0.004053
 24 11.375561 -0.000000 0.000004 -2.582227 -0.016710 0.421306
 25 -0.000000 -4.440604 0.000002 1.570144 -0.062988 0.004040
 26 10.510130 -0.000001 -0.000002 -0.000000 0.000000 -2.514399
 27 -0.000000 -1.748401 4.999999 -0.000000 0.004007 1.602290
 28 5.499998 0.000000 -0.000001 0.101108 -0.000000 0.000000
 29 -0.000003 -1.940599 5.000000 -0.044472 0.004003 -0.000180
 30 6.551490 0.000000 -0.000003 -0.218340 0.579745 -0.251504
 31 -0.000001 -1.940598 5.000002 -0.027189 -0.053376 0.005295
 32 6.551490 0.000000 -0.000003 -0.081121 0.285573 -0.099380
 33 -0.000000 -1.940598 4.999997 -0.066572 -0.152786 -0.110311
 34 0.695526 -0.225112 -1.570441 -0.988719 1.630677 1.440304
 35 6.384777 -0.000001 0.000002 -0.346539 -0.359648 -1.078351
 36 10.242682 -0.000002 0.000001 -0.000000 -0.000000 -2.039650
 37 11.375561 -0.000001 -0.000001 2.904901 0.221662 0.276127
 38 0.728681 0.023432 1.008292 -1.579583 -0.319038 0.212973
 39 2.136495 0.000001 -0.000000 0.000000 0.000000 1.282817
 40 2.313138 -0.000000 0.000001 0.000000 0.000000 3.141593
 41 3.115507 -0.886042 0.021429 0.420766 0.316066 0.167178
 42 2.011150 0.000001 -0.000000 -0.000000 -0.000000 2.082010
 43 2.141380 -0.000000 -0.000000 0.000000 0.000000 3.141593
 44 1.734172 -0.000001 -0.000001 -0.000000 -0.000000 1.041748
 45 0.136314 -3.738193 2.525888 1.493698 2.759406 -1.474501
 46 14.562627 -1.166815 -0.284478 0.258917 0.054664 1.504024
 47 11.389366 -0.000819 0.158782 2.225337 0.177547 0.107966
 48 0.000000 -4.440599 0.000002 1.570144 -3.078602 0.004040
 49 6.000000 0.000000 0.000000 2.225337 -0.000000 -0.000000
 50 0.000002 -4.440602 -0.000002 1.569944 -3.078603 0.004053
 51 10.510131 -0.000001 0.000001 0.000000 0.000000 -2.590621
 52 0.000000 -1.748400 -5.000001 -3.141593 0.004007 -1.539299
 53 5.500000 -0.000001 0.000000 0.160480 -0.000000 -0.000000
 54 -0.000000 -0.000000 -4.999999 -0.044472 3.137590 -0.000177
 55 6.551490 -0.000001 0.000003 -0.160480 -0.049916 -0.305445
 56 -1.266843 -1.937442 -4.950561 -0.066572 -2.988806 -0.110308
 57 6.551491 -0.000001 0.000003 -0.160480 -0.049916 -0.305445
 58 0.699370 -1.944208 -5.006849 -0.027189 -3.088217 0.005298
 59 4.226144 -0.003201 0.000000 0.042412 0.241017 0.372830
 60 0.000000 5.000000 -0.000000 -0.153564 0.000087 2.718702
 61 0.000004 -0.000004 -3.713580 0.018865 -3.096651 -0.324845
 62 -0.000002 0.000000 5.000000 3.053198 1.558589 -0.074926
 63 -0.000007 0.000006 3.713580 -0.159276 -2.977491 -0.403653
 64 0.000001 -0.000000 -5.000000 -0.088724 1.558589 3.066337
 65 7.363602 1.646647 0.495663 3.141593 -1.570796 0.000000
 66 -0.000005 0.000007 3.619081 -0.217558 -2.796588 -0.810634
 67 16.573919 -0.000001 0.000000 0.000000 0.000000 -2.033247
 68 15.128181 0.000002 -0.000000 0.271612 0.009043 -0.097069
 69 5.758665 4.244730 0.000000 0.000000 -0.000000 1.842220
 70 3.177726 -0.000001 -0.000001 0.000000 0.000000 3.141593
 71 15.708953 0.000001 -0.000001 0.136460 0.001254 -0.052592
 72 0.275149 0.189214 -3.445208 3.130898 0.000409 -1.514604
 73 17.210194 -0.000002 0.000000 -0.000000 -0.000000 -2.328678
 74 -0.000000 0.000001 -4.999999 -0.079432 1.546568 -1.570855
 75 0.000002 -0.000003 -3.619081 0.034416 -3.071533 -0.493407
 76 16.573921 -0.000000 0.000000 0.000000 0.000000 -1.045581
 77 15.128181 0.000002 0.000000 0.002618 -0.051986 0.588317
 78 5.758665 4.244731 -0.000000 -0.000000 0.000000 1.815142
 79 4.003934 0.000000 0.000000 0.000000 0.000000 0.000000
 80 15.708955 0.000001 0.000000 0.004296 -0.037430 0.405337
 81 0.273998 0.191090 3.439762 -3.130907 -0.000437 -1.508107
 82 17.210194 0.000000 0.000000 -0.000000 -0.000000 -1.884228
 83 0.000000 -0.000001 5.000000 -0.079311 1.595025 -1.570737
time 46
  0 -0.650000 0.000000 33.899605 -0.025849 0.174554 -1.569172
  1 5.816420 0.852483 -32.971565 -0.174512 -0.026131 1.569196
  2 -2.276935 0.000003 -1.238188 -1.570795 -1.570451 0.000000
  3 1.796582 0.711900 0.000593 -0.182739 -0.030813 -0.168397
  4 4.119774 -0.003005 0.000597 -0.183051 0.035039 0.365118
  5 4.118768 -0.003217 0.000617 -0.189532 -0.028843 0.056520
  6 4.118654 -0.003214 0.000654 -0.200771 -0.028026 0.020645
  7 4.120657 -0.002841 -0.000467 0.145046 0.413566 0.685091
  8 4.443599 -0.000002 0.000000 0.865259 -0.597067 -0.586113
  9 9.024061 -0.000002 0.000000 0.000000 0.000000 0.000000
 10 -0.696340 0.232859 1.569980 -0.524423 -1.226219 3.027567
 11 6.384777 -0.000001 -0.000001 -0.432132 0.940659 -0.399674
 12 10.242683 -0.000001 -0.000000 0.000000 0.000000 -1.820194
 13 11.375561 -0.000001 -0.000000 2.712236 0.356351 0.564635
 14 0.728682 0.023430 -1.008293 1.557240 -0.282213 1.376867
 15 2.136497 0.000001 -0.000001 0.000000 -0.000000 -0.100075
 16 2.313140 -0.000000 0.000001 0.000000 0.000000 0.000000
 17 3.115507 -0.886042 -0.021431 -0.569054 -0.154816 0.256674
 18 2.011151 -0.000001 -0.000002 0.000000 0.000000 0.164901
 19 2.141379 0.000002 0.000001 0.000000 0.000000 0.000000
 20 1.734172 0.000001 -0.000001 0.000000 -0.000000 0.082966
 21 0.000006 -4.440595 -0.000000 1.570544 -0.062990 -0.195737
 22 6.000000 -0.000000 -0.000000 3.021638 0.000000 0.000000
 23 0.000002 -4.440598 0.000000 1.569944 -0.062987 0.004053
 24 11.375561 -0.000001 0.000002 -2.583059 -0.006727 0.406364
 25 -0.000001 -4.440603 0.000002 1.570144 -0.062988 0.004040
 26 10.510131 -0.000001 -0.000001 -0.000000 -0.000000 -2.480893
 27 -0.000001 -1.748399 4.999997 -0.000000 0.004007 1.602291
 28 5.500001 -0.000000 -0.000001 0.116781 0.000000 -0.000000
 29 -0.000001 -1.940599 5.000000 -0.044472 0.004003 -0.000180
 30 6.551491 0.000000 0.000001 -0.243162 0.588652 -0.218649
 31 0.000002 -1.940598 5.000000 -0.027189 -0.053376 0.005295
 32 6.551491 0.000000 0.000001 -0.094562 0.289376 -0.081885
 33 -0.000000 -1.940598 4.999998 -0.066572 -0.152786 -0.110311
 34 0.696346 -0.225789 -1.569979 -0.996908 1.635141 1.434674
 35 6.384777 0.000001 -0.000004 -0.342571 -0.361596 -1.093129
 36 10.242682 0.000000 0.000001 0.000000 0.000000 -2.034225
 37 11.375562 0.000000 0.000000 2.872945 0.220766 0.271665
 38 0.728680 0.023432 1.008294 -1.579583 -0.319038 0.212973
 39 2.136496 0.000001 -0.000001 -0.000000 -0.000000 1.282817
 40 2.313138 0.000000 0.000000 0.000000 0.000000 3.141593
 41 3.115506 -0.886040 0.021433 0.420765 0.316066 0.167178
 42 2.011150 0.000001 0.000001 0.000000 -0.000000 2.082010
 43 2.141378 -0.000000 -0.000000 0.000000 0.000000 3.141593
 44 1.734172 -0.000001 0.000000 0.000000 0.000000 1.041748
 45 0.136314 -3.738193 2.525893 1.493698 2.759406 -1.474501
 46 14.562627 -1.166814 -0.284477 0.258917 0.054664 1.504024
 47 11.389367 -0.000819 0.158782 2.209801 0.174716 0.107000
 48 0.000000 -4.440598 0.000002 1.570144 -3.078602 0.004040
 49 6.000000 0.000001 0.000002 2.209801 0.000000 0.000000
 50 0.000002 -4.440600 -0.000000 1.569944 -3.078603 0.004053
 51 10.510131 0.000001 0.000001 -0.000000 0.000000 -2.587909
 52 0.000001 -1.748400 -5.000000 -3.141593 0.004007 -1.539299
 53 5.500000 0.000001 0.000001 0.160959 -0.000000 0.000000
 54 -0.000001 0.000000 -5.000001 -0.044472 3.137590 -0.000177
 55 6.551490 -0.000000 -0.000001 -0.160959 -0.049923 -0.308105
 56 -1.266843 -1.937443 -4.950558 -0.066572 -2.988806 -0.110308
 57 6.551491 -0.000000 -0.000001 -0.160959 -0.049923 -0.308105
 58 0.699371 -1.944209 -5.006845 -0.027189 -3.088217 0.005298
 59 4.226145 -0.003201 0.000000 0.042826 0.241277 0.370901
 60 -0.000003 5.000002 -0.000000 -0.153564 0.000087 2.718702
 61 0.000004 -0.000004 -3.713580 0.018865 -3.096651 -0.324845
 62 -0.000002 0.000000 5.000000 3.053198 1.558589 -0.074926
 63 -0.000007 0.000006 3.713580 -0.159276 -2.977491 -0.403653
 64 0.000001 -0.000000 -5.000000 -0.088724 1.558589 3.066337
 65 7.363602 1.646647 0.495663 3.141593 -1.570796 0.000000
 66 -0.000005 0.000007 3.619081 -0.217558 -2.796588 -0.810634
 67 16.573919 -0.000001 0.000000 0.000000 0.000000 -2.033247
 68 15.128181 0.000002 -0.000000 0.271612 0.009043 -0.097069
 69 5.758665 4.244730 0.000000 0.000000 -0.000000 1.842220
 70 3.177726 -0.000001 -0.000001 0.000000 0.000000 3.141593
 71 15.708953 0.000001 -0.000001 0.136460 0.001254 -0.052592
 72 0.275149 0.189214 -3.445208 3.130898 0.000409 -1.514604
 73 17.210194 -0.000002 0.000000 -0.000000 -0.000000 -2.328678
 74 -0.000000 0.000001 -4.999999 -0.079432 1.546568 -1.570855
 75 0.000002 -0.000003 -3.619081 0.034416 -3.071533 -0.493407
 76 16.573921 -0.000000 0.000000 0.000000 0.000000 -1.045581
 77 15.128181 0.000002 0.000000 0.002618 -0.051986 0.588317
 78 5.758665 4.244731 -0.000000 -0.000000 0.000000 1.815142
 79 4.003934 0.000000 0.000000 0.000000 0.000000 0.000000
 80 15.708955 0.000001 0.000000 0.004296 -0.037430 0.405337
 81 0.273998 0.191090 3.439762 -3.130907 -0.000437 -1.508107
 82 17.210194 0.000000 0.000000 -0.000000 -0.000000 -1.884228
 83 0.000000 -0.000001 5.000000 -0.079311 1.595025 -1.570737
time 47
  0 -0.650000 0.000000 33.899605 -0.025849 0.174554 -1.569172
  1 5.816420 0.852483 -32.971565 -0.174512 -0.026131 1.569196
  2 -2.276935 0.000003 -1.238188 -1.570795 -1.570451 0.000000
  3 1.796593 0.711898 0.000596 -0.183716 -0.030645 -0.165096
  4 4.119775 -0.003003 0.000599 -0.183908 0.035600 0.365864
  5 4.118762 -0.003217 0.000621 -0.190477 -0.028788 0.055852
  6 4.118649 -0.003213 0.000656 -0.201712 -0.028061 0.019992
  7 4.120646 -0.002849 -0.000469 0.145457 0.414028 0.681631
  8 4.443599 -0.000001 0.000000 0.908592 -0.614774 -0.592239
  9 9.024061 0.000000 0.000000 0.000000 0.000000 0.000000
 10 -0.697074 0.233461 1.569567 -0.525732 -1.225401 3.033108
 11 6.384777 -0.000000 -0.000001 -0.467694 0.935588 -0.402231
 12 10.242681 -0.000000 -0.000001 0.000000 0.000000 -1.746181
 13 11.375562 0.000000 0.000001 2.698425 0.353955 0.528664
 14 0.728681 0.023429 -1.008291 1.558630 -0.209455 1.378765
 15 2.136495 -0.000003 0.000002 0.000000 -0.000000 -0.099617
 16 2.313139 0.000001 -0.000001 0.000000 0.000000 0.000000
 17 3.115507 -0.886041 -0.021432 -0.571363 -0.132882 0.292619
 18 2.011151 -0.000001 0.000000 -0.000000 0.000000 0.163303
 19 2.141380 -0.000000 0.000000 0.000000 0.000000 0.000000
 20 1.734173 0.000001 -0.000001 -0.000000 0.000000 0.082163
 21 0.000006 -4.440597 -0.000001 1.570544 -0.062990 -0.195737
 22 6.000000 0.000000 0.000001 3.012096 -0.000000 0.000000
 23 0.000002 -4.440601 -0.000001 1.569944 -0.062987 0.004053
 24 11.375562 0.000002 0.000004 -2.587221 0.001746 0.391643
 25 -0.000001 -4.440602 0.000000 1.570144 -0.062988 0.004040
 26 10.510127 -0.000000 -0.000002 -0.000000 -0.000000 -2.443887
 27 0.000001 -1.748400 4.999998 -0.000000 0.004007 1.602291
 28 5.499999 0.000000 -0.000002 0.135477 0.000000 0.000000
 29 -0.000001 -1.940599 5.000000 -0.044472 0.004003 -0.000180
 30 6.551491 -0.000000 0.000001 -0.275758 0.590817 -0.205602
 31 0.000001 -1.940599 5.000000 -0.027189 -0.053376 0.005295
 32 6.551491 -0.000000 0.000001 -0.110276 0.290375 -0.073163
 33 -0.000000 -1.940599 4.999997 -0.066572 -0.152786 -0.110311
 34 0.697078 -0.226386 -1.569567 -1.007054 1.639986 1.426454
 35 6.384776 -0.000001 -0.000001 -0.338252 -0.363719 -1.108587
 36 10.242680 0.000000 -0.000000 -0.000000 0.000000 -2.028483
 37 11.375561 0.000001 0.000000 2.844346 0.215276 0.268393
 38 0.728680 0.023431 1.008293 -1.579583 -0.319038 0.212973
 39 2.136497 0.000003 -0.000000 -0.000000 -0.000000 1.282817
 40 2.313138 -0.000001 -0.000001 0.000000 0.000000 3.141593
 41 3.115507 -0.886041 0.021433 0.420765 0.316066 0.167178
 42 2.011150 0.000001 0.000000 -0.000000 0.000000 2.082010
 43 2.141378 -0.000000 0.000000 0.000000 0.000000 3.141593
 44 1.734173 -0.000001 -0.000000 0.000000 -0.000000 1.041748
 45 0.136316 -3.738193 2.525890 1.493698 2.759406 -1.474501
 46 14.562629 -1.166815 -0.284477 0.258917 0.054664 1.504024
 47 11.389366 -0.000819 0.158781 2.196234 0.169890 0.107501
 48 0.000000 -4.440599 -0.000002 1.570144 -3.078602 0.004040
 49 6.000000 -0.000001 -0.000001 2.196234 -0.000000 -0.000000
 50 0.000002 -4.440601 0.000001 1.569944 -3.078603 0.004053
 51 10.510132 -0.000001 0.000003 0.000000 0.000000 -2.585038
 52 0.000001 -1.748402 -5.000004 -3.141593 0.004007 -1.539299
 53 5.499999 0.000000 -0.000001 0.161449 0.000000 0.000000
 54 0.000000 -0.000001 -5.000000 -0.044472 3.137589 -0.000177
 55 6.551490 -0.000001 0.000001 -0.161449 -0.050019 -0.310955
 56 -1.266843 -1.937443 -4.950558 -0.066572 -2.988806 -0.110308
 57 6.551491 -0.000001 0.000001 -0.161449 -0.050019 -0.310955
 58 0.699371 -1.944209 -5.006845 -0.027189 -3.088217 0.005298
 59 4.226144 -0.003202 0.000000 0.043195 0.241511 0.369179
 60 0.000001 5.000000 -0.000001 -0.153564 0.000087 2.718702
 61 0.000004 -0.000004 -3.713580 0.018865 -3.096651 -0.324845
 62 -0.000002 0.000000 5.000000 3.053198 1.558589 -0.074926
 63 -0.000007 0.000006 3.713580 -0.159276 -2.977491 -0.403653
 64 0.000001 -0.000000 -5.000000 -0.088724 1.558589 3.066337
 65 7.363602 1.646647 0.495663 3.141593 -1.570796 0.000000
 66 -0.000005 0.000007 3.619081 -0.217558 -2.796588 -0.810634
 67 16.573919 -0.000001 0.000000 0.000000 0.000000 -2.033247
 68 15.128181 0.000002 -0.000000 0.271612 0.009043 -0.097069
 69 5.758665 4.244730 0.000000 0.000000 -0.000000 1.842220
 70 3.177726 -0.000001 -0.000001 0.000000 0.000000 3.141593
 71 15.708953 0.000001 -0.000001 0.136460 0.001254 -0.052592
 72 0.275149 0.189214 -3.445208 3.130898 0.000409 -1.514604
 73 17.210194 -0.000002 0.000000 -0.000000 -0.000000 -2.328678
 74 -0.000000 0.000001 -4.999999 -0.079432 1.546568 -1.570855
 75 0.000002 -0.000003 -3.619081 0.034416 -3.071533 -0.493407
 76 16.573921 -0.000000 0.000000 0.000000 0.000000 -1.045581
 77 15.128181 0.000002 0.000000 0.002618 -0.051986 0.588317
 78 5.758665 4.244731 -0.000000 -0.000000 0.000000 1.815142
 79 4.003934 0.000000 0.000000 0.000000 0.000000 0.000000
 80 15.708955 0.000001 0.000000 0.004296 -0.037430 0.405337
 81 0.273998 0.191090 3.439762 -3.130907 -0.000437 -1.508107
 82 17.210194 0.000000 0.000000 -0.000000 -0.000000 -1.884228
 83 0.000000 -0.000001 5.000000 -0.079311 1.595025 -1.570737
time 48
  0 -0.650000 0.000000 33.899605 -0.025849 0.174554 -1.569172
  1 5.816420 0.852483 -32.971565 -0.174512 -0.026131 1.569196
  2 -2.276935 0.000003 -1.238188 -1.570795 -1.570451 0.000000
  3 1.796605 0.711897 0.000599 -0.184653 -0.030580 -0.161782
  4 4.119776 -0.003002 0.000602 -0.184724 0.036179 0.366603
  5 4.118764 -0.003216 0.000623 -0.191380 -0.028680 0.055174
  6 4.118643 -0.003210 0.000661 -0.202612 -0.028064 0.019332
  7 4.120639 -0.002857 -0.000470 0.145837 0.414457 0.678427
  8 4.443600 0.000002 0.000000 0.951979 -0.634179 -0.597906
  9 9.024061 0.000002 -0.000000 0.000000 0.000000 0.000000
 10 -0.697754 0.234016 1.569183 -0.526872 -1.224656 3.038161
 11 6.384777 -0.000000 -0.000000 -0.520891 0.922274 -0.424353
 12 10.242682 -0.000000 -0.000002 0.000000 -0.000000 -1.676856
 13 11.375562 0.000001 0.000002 2.687081 0.352126 0.499230
 14 0.728680 0.023430 -1.008292 1.560543 -0.136445 1.382577
 15 2.136497 -0.000000 -0.000002 0.000000 0.000000 -0.099197
 16 2.313140 0.000001 -0.000001 0.000000 0.000000 0.000000
 17 3.115507 -0.886044 -0.021431 -0.572879 -0.112168 0.326337
 18 2.011150 0.000000 0.000000 0.000000 0.000000 0.154057
 19 2.141379 -0.000002 -0.000002 0.000000 0.000000 0.000000
 20 1.734172 0.000001 0.000000 -0.000000 -0.000000 0.077515
 21 0.000005 -4.440592 0.000001 1.570544 -0.062990 -0.195737
 22 6.000000 0.000001 0.000001 3.004012 -0.000000 0.000000
 23 0.000001 -4.440601 0.000002 1.569944 -0.062987 0.004053
 24 11.375562 0.000002 0.000005 -2.590679 0.009036 0.379525
 25 -0.000001 -4.440603 -0.000001 1.570144 -0.062988 0.004040
 26 10.510132 -0.000000 -0.000003 0.000000 -0.000000 -2.409224
 27 0.000002 -1.748401 5.000000 0.000000 0.004007 1.602291
 28 5.500002 -0.000000 -0.000002 0.157765 0.000000 0.000000
 29 -0.000003 -1.940599 5.000000 -0.044472 0.004003 -0.000180
 30 6.551491 0.000001 0.000003 -0.316811 0.589059 -0.206863
 31 0.000001 -1.940599 5.000003 -0.027189 -0.053376 0.005295
 32 6.551491 0.000001 0.000003 -0.128770 0.289889 -0.070481
 33 0.000000 -1.940599 4.999998 -0.066572 -0.152786 -0.110311
 34 0.697760 -0.226937 -1.569183 -1.021378 1.646097 1.413249
 35 6.384777 -0.000000 -0.000001 -0.333200 -0.366061 -1.125277
 36 10.242682 -0.000002 0.000001 0.000000 -0.000000 -2.022537
 37 11.375561 0.000000 -0.000001 2.821087 0.206237 0.266200
 38 0.728681 0.023431 1.008291 -1.579583 -0.319038 0.212973
 39 2.136497 0.000001 0.000000 0.000000 0.000000 1.282817
 40 2.313139 -0.000000 0.000000 0.000000 0.000000 3.141593
 41 3.115506 -0.886041 0.021430 0.420765 0.316066 0.167178
 42 2.011152 -0.000002 -0.000001 -0.000000 0.000000 2.082010
 43 2.141379 0.000001 -0.000001 0.000000 0.000000 3.141593
 44 1.734173 -0.000002 -0.000000 -0.000000 -0.000000 1.041748
 45 0.136317 -3.738192 2.525889 1.493698 2.759406 -1.474501
 46 14.562628 -1.166815 -0.284479 0.258917 0.054664 1.504024
 47 11.389366 -0.000817 0.158782 2.185503 0.163649 0.109071
 48 0.000001 -4.440599 0.000003 1.570144 -3.078602 0.004040
 49 6.000000 -0.000000 -0.000001 2.185503 -0.000000 -0.000000
 50 0.000002 -4.440602 0.000001 1.569944 -3.078603 0.004053
 51 10.510132 -0.000001 -0.000000 -0.000000 0.000000 -2.582065
 52 0.000000 -1.748399 -5.000002 3.141593 0.004007 -1.539299
 53 5.500000 -0.000001 -0.000000 0.161891 0.000000 -0.000000
 54 -0.000000 0.000000 -4.999999 -0.044472 3.137589 -0.000177
 55 6.551491 -0.000000 -0.000000 -0.161891 -0.050253 -0.314109
 56 -1.266844 -1.937443 -4.950561 -0.066572 -2.988806 -0.110308
 57 6.551492 -0.000001 -0.000000 -0.161891 -0.050253 -0.314109
 58 0.699370 -1.944208 -5.006847 -0.027189 -3.088217 0.005298
 59 4.226146 -0.003201 0.000000 0.043536 0.241727 0.367582
 60 -0.000002 5.000002 0.000000 -0.153564 0.000087 2.718702
 61 0.000004 -0.000004 -3.713580 0.018865 -3.096651 -0.324845
 62 -0.000002 0.000000 5.000000 3.053198 1.558589 -0.074926
 63 -0.000007 0.000006 3.713580 -0.159276 -2.977491 -0.403653
 64 0.000001 -0.000000 -5.000000 -0.088724 1.558589 3.066337
 65 7.363602 1.646647 0.495663 3.141593 -1.570796 0.000000
 66 -0.000005 0.000007 3.619081 -0.217558 -2.796588 -0.810634
 67 16.573919 -0.000001 0.000000 0.000000 0.000000 -2.033247
 68 15.128181 0.000002 -0.000000 0.271612 0.009043 -0.097069
 69 5.758665 4.244730 0.000000 0.000000 -0.000000 1.842220
 70 3.177726 -0.000001 -0.000001 0.000000 0.000000 3.141593
 71 15.708953 0.000001 -0.000001 0.136460 0.001254 -0.052592
 72 0.275149 0.189214 -3.445208 3.130898 0.000409 -1.514604
 73 17.210194 -0.000002 0.000000 -0.000000 -0.000000 -2.328678
 74 -0.000000 0.000001 -4.999999 -0.079432 1.546568 -1.570855
 75 0.000002 -0.000003 -3.619081 0.034416 -3.071533 -0.493407
 76 16.573921 -0.000000 0.000000 0.000000 0.000000 -1.045581
 77 15.128181 0.000002 0.000000 0.002618 -0.051986 0.588317
 78 5.758665 4.244731 -0.000000 -0.000000 0.000000 1.815142
 79 4.003934 0.000000 0.000000 0.000000 0.000000 0.000000
 80 15.708955 0.000001 0.000000 0.004296 -0.037430 0.405337
 81 0.273998 0.191090 3.439762 -3.130907 -0.000437 -1.508107
 82 17.210194 0.000000 0.000000 -0.000000 -0.000000 -1.884228
 83 0.000000 -0.000001 5.000000 -0.079311 1.595025 -1.570737
time 49
  0 -0.650000 0.000000 33.899605 -0.025849 0.174554 -1.569172
  1 5.816420 0.852483 -32.971565 -0.174512 -0.026131 1.569196
  2 -2.276935 0.000003 -1.238188 -1.570795 -1.570451 0.000000
  3 1.796616 0.711896 0.000602 -0.185554 -0.030612 -0.158456
  4 4.119779 -0.003001 0.000605 -0.185504 0.036777 0.367338
  5 4.118759 -0.003215 0.000626 -0.192243 -0.028522 0.054486
  6 4.118644 -0.003211 0.000663 -0.203471 -0.028036 0.018667
  7 4.120631 -0.002863 -0.000471 0.146204 0.414875 0.675316
  8 4.443601 -0.000002 0.000001 0.994486 -0.654254 -0.603351
  9 9.024062 -0.000002 0.000000 0.000000 0.000000 0.000000
 10 -0.698416 0.234547 1.568811 -0.528050 -1.223929 3.043153
 11 6.384776 0.000000 -0.000001 -0.591874 0.902082 -0.461219
 12 10.242682 -0.000001 0.000001 0.000000 -0.000000 -1.603880
 13 11.375560 0.000002 -0.000001 2.685199 0.352600 0.480891
 14 0.728681 0.023429 -1.008292 1.563688 -0.054470 1.389656
 15 2.136497 -0.000000 0.000001 -0.000000 0.000000 -0.098784
 16 2.313139 -0.000000 0.000000 0.000000 0.000000 0.000000
 17 3.115506 -0.886043 -0.021431 -0.573816 -0.090854 0.360871
 18 2.011150 0.000002 0.000001 -0.000000 -0.000000 0.132522
 19 2.141379 -0.000002 -0.000001 0.000000 0.000000 0.000000
 20 1.734172 0.000002 0.000001 -0.000000 -0.000000 0.066686
 21 0.000004 -4.440592 0.000002 1.570544 -0.062990 -0.195737
 22 6.000000 -0.000002 0.000001 3.004390 -0.000000 0.000000
 23 0.000002 -4.440602 0.000001 1.569944 -0.062987 0.004053
 24 11.375562 -0.000000 0.000004 -2.590174 0.015410 0.371876
 25 -0.000000 -4.440603 0.000000 1.570144 -0.062988 0.004040
 26 10.510133 -0.000001 0.000000 0.000000 0.000000 -2.372736
 27 0.000000 -1.748402 5.000000 -0.000000 0.004007 1.602290
 28 5.500001 0.000000 0.000000 0.184670 0.000000 -0.000000
 29 -0.000002 -1.940598 5.000000 -0.044472 0.004003 -0.000180
 30 6.551491 0.000000 -0.000000 -0.367880 0.585012 -0.217966
 31 0.000000 -1.940599 5.000002 -0.027189 -0.053376 0.005295
 32 6.551491 0.000000 -0.000000 -0.150915 0.288656 -0.071557
 33 -0.000001 -1.940598 4.999999 -0.066572 -0.152786 -0.110311
 34 0.698421 -0.227472 -1.568810 -1.038917 1.653875 1.396052
 35 6.384776 0.000001 -0.000001 -0.327320 -0.368491 -1.142816
 36 10.242682 -0.000001 0.000001 -0.000000 0.000000 -2.016880
 37 11.375562 -0.000000 -0.000000 2.805868 0.195478 0.264902
 38 0.728681 0.023430 1.008291 -1.579583 -0.319038 0.212973
 39 2.136496 -0.000004 0.000001 0.000000 0.000000 1.282817
 40 2.313138 -0.000000 -0.000001 0.000000 0.000000 3.141593
 41 3.115507 -0.886041 0.021431 0.420766 0.316066 0.167178
 42 2.011151 0.000001 0.000001 0.000000 0.000000 2.082010
 43 2.141381 0.000000 0.000002 0.000000 0.000000 3.141593
 44 1.734172 0.000000 0.000002 0.000000 -0.000000 1.041748
 45 0.136314 -3.738193 2.525889 1.493698 2.759406 -1.474501
 46 14.562627 -1.166816 -0.284477 0.258917 0.054664 1.504024
 47 11.389367 -0.000818 0.158782 2.178794 0.157022 0.111133
 48 0.000001 -4.440598 0.000000 1.570144 -3.078602 0.004040
 49 6.000000 -0.000000 0.000000 2.178794 -0.000000 -0.000000
 50 0.000002 -4.440601 -0.000003 1.569944 -3.078603 0.004053
 51 10.510131 -0.000001 0.000003 -0.000000 -0.000000 -2.579236
 52 0.000000 -1.748400 -5.000001 3.141593 0.004007 -1.539299
 53 5.500000 -0.000001 0.000001 0.162193 -0.000000 -0.000000
 54 -0.000001 -0.000000 -5.000001 -0.044472 3.137589 -0.000177
 55 6.551490 0.000000 0.000002 -0.162193 -0.050650 -0.317508
 56 -1.266844 -1.937444 -4.950563 -0.066572 -2.988806 -0.110308
 57 6.551491 -0.000000 0.000002 -0.162193 -0.050650 -0.317508
 58 0.699370 -1.944209 -5.006849 -0.027189 -3.088217 0.005298
 59 4.226148 -0.003202 -0.000000 0.043868 0.241938 0.366032
 60 -0.000000 5.000001 0.000000 -0.153564 0.000087 2.718702
 61 0.000004 -0.000004 -3.713580 0.018865 -3.096651 -0.324845
 62 -0.000002 0.000000 5.000000 3.053198 1.558589 -0.074926
 63 -0.000007 0.000006 3.713580 -0.159276 -2.977491 -0.403653
 64 0.000001 -0.000000 -5.000000 -0.088724 1.558589 3.066337
 65 7.363602 1.646647 0.495663 3.141593 -1.570796 0.000000
 66 -0.000005 0.000007 3.619081 -0.217558 -2.796588 -0.810634
 67 16.573919 -0.000001 0.000000 0.000000 0.000000 -2.033247
 68 15.128181 0.000002 -0.000000 0.271612 0.009043 -0.097069
 69 5.758665 4.244730 0.000000 0.000000 -0.000000 1.842220
 70 3.177726 -0.000001 -0.000001 0.000000 0.000000 3.141593
 71 15.708953 0.000001 -0.000001 0.136460 0.001254 -0.052592
 72 0.275149 0.189214 -3.445208 3.130898 0.000409 -1.514604
 73 17.210194 -0.000002 0.000000 -0.000000 -0.000000 -2.328678
 74 -0.000000 0.000001 -4.999999 -0.079432 1.546568 -1.570855
 75 0.000002 -0.000003 -3.619081 0.034416 -3.071533 -0.493407
 76 16.573921 -0.000000 0.000000 0.000000 0.000000 -1.045581
 77 15.128181 0.000002 0.000000 0.002618 -0.051986 0.588317
 78 5.758665 4.244731 -0.000000 -0.000000 0.000000 1.815142
 79 4.003934 0.000000 0.000000 0.000000 0.000000 0.000000
 80 15.708955 0.000001 0.000000 0.004296 -0.037430 0.405337
 81 0.273998 0.191090 3.439762 -3.130907 -0.000437 -1.508107
 82 17.210194 0.000000 0.000000 -0.000000 -0.000000 -1.884228
 83 0.000000 -0.000001 5.000000 -0.079311 1.595025 -1.570737
time 50
  0 -0.650000 0.000000 33.899605 -0.025849 0.174554 -1.569172
  1 5.816420 0.852483 -32.971565 -0.174512 -0.026131 1.569196
  2 -2.276935 0.000003 -1.238188 -1.570795 -1.570451 0.000000
  3 1.796624 0.711895 0.000605 -0.186421 -0.030733 -0.155117
  4 4.119784 -0.002999 0.000607 -0.186248 0.037392 0.368067
  5 4.118759 -0.003215 0.000629 -0.193069 -0.028317 0.053789
  6 4.118643 -0.003212 0.000664 -0.204294 -0.027981 0.017995
  7 4.120620 -0.002870 -0.000472 0.146578 0.415303 0.672135
  8 4.443600 0.000000 0.000000 1.035073 -0.673954 -0.608636
  9 9.024060 0.000000 -0.000000 0.000000 0.000000 0.000000
 10 -0.699095 0.235091 1.568428 -0.530337 -1.223087 3.049462
 11 6.384776 -0.000001 -0.000004 -0.664355 0.869082 -0.505940
 12 10.242682 -0.000001 -0.000000 0.000000 -0.000000 -1.531451
 13 11.375561 0.000002 -0.000000 2.691780 0.354079 0.475247
 14 0.728680 0.023433 -1.008292 1.566044 0.025915 1.392442
 15 2.136498 0.000001 -0.000000 -0.000000 0.000000 -0.098284
 16 2.313141 0.000000 -0.000001 0.000000 0.000000 0.000000
 17 3.115507 -0.886042 -0.021431 -0.573783 -0.066717 0.399837
 18 2.011150 -0.000002 -0.000001 -0.000000 -0.000000 0.129458
 19 2.141380 0.000002 0.000001 0.000000 0.000000 0.000000
 20 1.734172 0.000001 0.000000 0.000000 -0.000000 0.065145
 21 0.000005 -4.440594 0.000001 1.570544 -0.062990 -0.195737
 22 6.000000 0.000001 0.000001 3.012088 -0.000000 0.000000
 23 0.000002 -4.440599 -0.000001 1.569944 -0.062987 0.004053
 24 11.375562 -0.000000 0.000005 -2.586367 0.019216 0.369194
 25 0.000001 -4.440603 -0.000001 1.570144 -0.062988 0.004040
 26 10.510131 -0.000000 -0.000001 -0.000000 -0.000000 -2.336521
 27 0.000002 -1.748402 5.000000 0.000000 0.004007 1.602290
 28 5.499999 -0.000001 0.000000 0.210871 0.000000 0.000000
 29 -0.000004 -1.940598 5.000002 -0.044472 0.004003 -0.000180
 30 6.551491 -0.000000 -0.000001 -0.418570 0.572688 -0.241923
 31 -0.000000 -1.940599 5.000003 -0.027189 -0.053376 0.005295
 32 6.551491 -0.000000 -0.000001 -0.172318 0.284323 -0.079141
 33 -0.000001 -1.940599 4.999998 -0.066572 -0.152786 -0.110311
 34 0.699099 -0.228014 -1.568428 -1.045796 1.658993 1.390687
 35 6.384777 0.000001 0.000000 -0.323223 -0.369698 -1.153675
 36 10.242682 -0.000002 0.000002 0.000000 0.000000 -2.014404
 37 11.375561 -0.000001 -0.000001 2.801623 0.190300 0.264484
 38 0.728680 0.023431 1.008291 -1.579583 -0.319038 0.212973
 39 2.136497 -0.000003 0.000000 -0.000000 0.000000 1.282817
 40 2.313140 0.000001 0.000000 0.000000 0.000000 3.141593
 41 3.115507 -0.886041 0.021429 0.420766 0.316066 0.167178
 42 2.011151 -0.000001 -0.000002 -0.000000 0.000000 2.082010
 43 2.141380 0.000000 0.000003 0.000000 0.000000 3.141593
 44 1.734172 -0.000001 -0.000000 -0.000000 0.000000 1.041748
 45 0.136314 -3.738193 2.525889 1.493698 2.759406 -1.474501
 46 14.562630 -1.166814 -0.284476 0.258917 0.054664 1.504024
 47 11.389368 -0.000818 0.158783 2.177065 0.154006 0.112118
 48 0.000001 -4.440599 0.000000 1.570144 -3.078602 0.004040
 49 6.000000 -0.000000 0.000000 2.177065 0.000000 0.000000
 50 0.000002 -4.440600 0.000000 1.569944 -3.078603 0.004053
 51 10.510131 -0.000001 0.000002 -0.000000 0.000000 -2.577998
 52 0.000001 -1.748400 -5.000002 3.141593 0.004007 -1.539299
 53 5.500000 -0.000002 0.000002 0.162202 -0.000000 -0.000000
 54 -0.000001 -0.000000 -5.000001 -0.044472 3.137589 -0.000177
 55 6.551491 0.000001 -0.000000 -0.162202 -0.050929 -0.319652
 56 -1.266844 -1.937443 -4.950561 -0.066572 -2.988806 -0.110308
 57 6.551492 0.000001 -0.000000 -0.162202 -0.050929 -0.319652
 58 0.699370 -1.944207 -5.006848 -0.027189 -3.088217 0.005298
 59 4.226146 -0.003201 0.000000 0.044206 0.242155 0.364444
 60 0.000003 5.000000 0.000001 -0.153564 0.000087 2.718702
 61 0.000004 -0.000004 -3.713580 0.018865 -3.096651 -0.324845
 62 -0.000002 0.000000 5.000000 3.053198 1.558589 -0.074926
 63 -0.000007 0.000006 3.713580 -0.159276 -2.977491 -0.403653
 64 0.000001 -0.000000 -5.000000 -0.088724 1.558589 3.066337
 65 7.363602 1.646647 0.495663 3.141593 -1.570796 0.000000
 66 -0.000005 0.000007 3.619081 -0.217558 -2.796588 -0.810634
 67 16.573919 -0.000001 0.000000 0.000000 0.000000 -2.033247
 68 15.128181 0.000002 -0.000000 0.271612 0.009043 -0.097069
 69 5.758665 4.244730 0.000000 0.000000 -0.000000 1.842220
 70 3.177726 -0.000001 -0.000001 0.000000 0.000000 3.141593
 71 15.708953 0.000001 -0.000001 0.136460 0.001254 -0.052592
 72 0.275149 0.189214 -3.445208 3.130898 0.000409 -1.514604
 73 17.210194 -0.000002 0.000000 -0.000000 -0.000000 -2.328678
 74 -0.000000 0.000001 -4.999999 -0.079432 1.546568 -1.570855
 75 0.000002 -0.000003 -3.619081 0.034416 -3.071533 -0.493407
 76 16.573921 -0.000000 0.000000 0.000000 0.000000 -1.045581
 77 15.128181 0.000002 0.000000 0.002618 -0.051986 0.588317
 78 5.758665 4.244731 -0.000000 -0.000000 0.000000 1.815142
 79 4.003934 0.000000 0.000000 0.000000 0.000000 0.000000
 80 15.708955 0.000001 0.000000 0.004296 -0.037430 0.405337
 81 0.273998 0.191090 3.439762 -3.130907 -0.000437 -1.508107
 82 17.210194 0.000000 0.000000 -0.000000 -0.000000 -1.884228
 83 0.000000 -0.000001 5.000000 -0.079311 1.595025 -1.570737
time 51
  0 -0.650000 0.000000 33.899605 -0.025849 0.174554 -1.569172
  1 5.816420 0.852483 -32.971565 -0.174512 -0.026131 1.569196
  2 -2.276935 0.000003 -1.238188 -1.570795 -1.570451 0.000000
  3 1.796636 0.711894 0.000608 -0.187257 -0.030937 -0.151768
  4 4.119783 -0.002998 0.000609 -0.186960 0.038022 0.368791
  5 4.118759 -0.003215 0.000631 -0.193861 -0.028070 0.053083
  6 4.118640 -0.003210 0.000668 -0.205082 -0.027899 0.017318
  7 4.120609 -0.002878 -0.000474 0.146977 0.415763 0.668721
  8 4.443599 0.000000 0.000000 1.072586 -0.692224 -0.613639
  9 9.024063 -0.000001 -0.000000 0.000000 0.000000 0.000000
 10 -0.699827 0.235672 1.568017 -0.534782 -1.221990 3.058453
 11 6.384777 -0.000000 0.000002 -0.713875 0.824833 -0.542474
 12 10.242682 0.000000 -0.000002 0.000000 -0.000000 -1.460584
 13 11.375561 -0.000001 0.000002 2.687005 0.351755 0.463043
 14 0.728681 0.023428 -1.008292 1.564361 0.094184 1.383010
 15 2.136495 0.000000 -0.000001 -0.000000 -0.000000 -0.097607
 16 2.313138 0.000000 -0.000001 0.000000 0.000000 0.000000
 17 3.115506 -0.886043 -0.021431 -0.572017 -0.037573 0.446860
 18 2.011150 0.000001 -0.000000 0.000000 -0.000000 0.175624
 19 2.141379 -0.000001 -0.000001 0.000000 0.000000 0.000000
 20 1.734172 0.000001 -0.000001 0.000000 -0.000000 0.088355
 21 0.000006 -4.440592 0.000001 1.570544 -0.062990 -0.195737
 22 6.000000 -0.000001 0.000000 3.008506 -0.000000 0.000000
 23 0.000002 -4.440602 0.000001 1.569944 -0.062987 0.004053
 24 11.375561 -0.000000 0.000004 -2.587934 0.021505 0.363636
 25 0.000000 -4.440604 0.000002 1.570144 -0.062988 0.004040
 26 10.510131 0.000000 -0.000003 -0.000000 -0.000000 -2.301089
 27 0.000000 -1.748400 4.999997 -0.000000 0.004007 1.602291
 28 5.499997 0.000001 -0.000001 0.229636 0.000000 -0.000000
 29 0.000001 -1.940598 5.000000 -0.044472 0.004003 -0.000180
 30 6.551491 -0.000001 0.000001 -0.454386 0.549775 -0.272473
 31 0.000000 -1.940598 5.000001 -0.027189 -0.053376 0.005295
 32 6.551491 -0.000001 0.000001 -0.187599 0.275758 -0.092017
 33 -0.000001 -1.940599 4.999995 -0.066572 -0.152786 -0.110311
 34 0.699830 -0.228595 -1.568017 -1.047926 1.662812 1.390862
 35 6.384777 0.000001 -0.000000 -0.319998 -0.370454 -1.162094
 36 10.242681 -0.000001 0.000002 -0.000000 -0.000000 -2.012834
 37 11.375561 0.000002 0.000002 2.800260 0.187194 0.264511
 38 0.728680 0.023431 1.008292 -1.579583 -0.319038 0.212973
 39 2.136499 -0.000003 0.000000 -0.000000 0.000000 1.282817
 40 2.313140 0.000000 0.000000 0.000000 0.000000 3.141593
 41 3.115508 -0.886042 0.021429 0.420766 0.316066 0.167178
 42 2.011149 0.000001 -0.000000 -0.000000 0.000000 2.082010
 43 2.141377 -0.000000 -0.000001 0.000000 0.000000 3.141593
 44 1.734172 -0.000001 -0.000001 -0.000000 0.000000 1.041748
 45 0.136316 -3.738191 2.525892 1.493698 2.759406 -1.474501
 46 14.562628 -1.166815 -0.284476 0.258917 0.054664 1.504024
 47 11.389365 -0.000820 0.158782 2.176602 0.152295 0.112815
 48 0.000000 -4.440600 0.000003 1.570144 -3.078602 0.004040
 49 5.999999 0.000001 0.000002 2.176602 0.000000 0.000000
 50 0.000002 -4.440602 -0.000001 1.569944 -3.078603 0.004053
 51 10.510129 0.000000 0.000001 -0.000000 -0.000000 -2.577213
 52 0.000000 -1.748399 -5.000002 -3.141593 0.004007 -1.539299
 53 5.500000 -0.000001 0.000002 0.162182 0.000000 -0.000000
 54 -0.000000 -0.000001 -5.000001 -0.044472 3.137589 -0.000177
 55 6.551491 0.000001 0.000001 -0.162182 -0.051122 -0.321347
 56 -1.266843 -1.937443 -4.950561 -0.066572 -2.988806 -0.110308
 57 6.551491 0.000001 0.000001 -0.162182 -0.051122 -0.321347
 58 0.699371 -1.944208 -5.006846 -0.027189 -3.088217 0.005298
 59 4.226143 -0.003201 0.000000 0.044569 0.242388 0.362740
 60 0.000000 5.000001 0.000000 -0.153564 0.000087 2.718702
 61 0.000004 -0.000004 -3.713580 0.018865 -3.096651 -0.324845
 62 -0.000002 0.000000 5.000000 3.053198 1.558589 -0.074926
 63 -0.000007 0.000006 3.713580 -0.159276 -2.977491 -0.403653
 64 0.000001 -0.000000 -5.000000 -0.088724 1.558589 3.066337
 65 7.363602 1.646647 0.495663 3.141593 -1.570796 0.000000
 66 -0.000005 0.000007 3.619081 -0.217558 -2.796588 -0.810634
 67 16.573919 -0.000001 0.000000 0.000000 0.000000 -2.033247
 68 15.128181 0.000002 -0.000000 0.271612 0.009043 -0.097069
 69 5.758665 4.244730 0.000000 0.000000 -0.000000 1.842220
 70 3.177726 -0.000001 -0.000001 0.000000 0.000000 3.141593
 71 15.708953 0.000001 -0.000001 0.136460 0.001254 -0.052592
 72 0.275149 0.189214 -3.445208 3.130898 0.000409 -1.514604
 73 17.210194 -0.000002 0.000000 -0.000000 -0.000000 -2.328678
 74 -0.000000 0.000001 -4.999999 -0.079432 1.546568 -1.570855
 75 0.000002 -0.000003 -3.619081 0.034416 -3.071533 -0.493407
 76 16.573921 -0.000000 0.000000 0.000000 0.000000 -1.045581
 77 15.128181 0.000002 0.000000 0.002618 -0.051986 0.588317
 78 5.758665 4.244731 -0.000000 -0.000000 0.000000 1.815142
 79 4.003934 0.000000 0.000000 0.000000 0.000000 0.000000
 80 15.708955 0.000001 0.000000 0.004296 -0.037430 0.405337
 81 0.273998 0.191090 3.439762 -3.130907 -0.000437 -1.508107
 82 17.210194 0.000000 0.000000 -0.000000 -0.000000 -1.884228
 83 0.000000 -0.000001 5.000000 -0.079311 1.595025 -1.570737
time 52
  0 -0.650000 0.000000 33.899605 -0.025849 0.174554 -1.569172
  1 5.816420 0.852483 -32.971565 -0.174512 -0.026131 1.569196
  2 -2.276935 0.000003 -1.238188 -1.570795 -1.570451 0.000000
  3 1.796643 0.711893 0.000611 -0.188065 -0.031218 -0.148408
  4 4.119791 -0.002996 0.000611 -0.187642 0.038666 0.369511
  5 4.118756 -0.003214 0.000634 -0.194622 -0.027782 0.052370
  6 4.118634 -0.003209 0.000671 -0.205839 -0.027793 0.016636
  7 4.120600 -0.002886 -0.000476 0.147421 0.416278 0.664911
  8 4.443598 -0.000001 0.000001 1.105752 -0.708006 -0.618065
  9 9.024062 0.000002 -0.000000 0.000000 0.000000 0.000000
 10 -0.700644 0.236316 1.567557 -0.542400 -1.220490 3.071459
 11 6.384776 -0.000001 -0.000003 -0.716417 0.777246 -0.552972
 12 10.242682 0.000000 -0.000002 -0.000000 -0.000000 -1.392262
 13 11.375562 -0.000002 0.000002 2.648040 0.345152 0.426902
 14 0.728681 0.023431 -1.008292 1.554791 0.139591 1.353124
 15 2.136494 -0.000001 0.000002 -0.000000 -0.000000 -0.096658
 16 2.313140 0.000001 -0.000001 0.000000 0.000000 0.000000
 17 3.115507 -0.886040 -0.021432 -0.567248 -0.001354 0.505641
 18 2.011151 0.000001 0.000000 0.000000 -0.000000 0.301781
 19 2.141379 -0.000001 -0.000000 0.000000 0.000000 0.000000
 20 1.734173 0.000002 -0.000000 0.000000 -0.000000 0.151675
 21 0.000005 -4.440593 -0.000001 1.570544 -0.062990 -0.195737
 22 6.000000 -0.000001 0.000001 2.971204 -0.000000 0.000000
 23 0.000001 -4.440600 -0.000001 1.569944 -0.062987 0.004053
 24 11.375562 -0.000001 0.000005 -2.605039 0.025133 0.349592
 25 -0.000001 -4.440602 0.000000 1.570144 -0.062988 0.004040
 26 10.510131 -0.000000 -0.000002 -0.000000 -0.000000 -2.266927
 27 0.000001 -1.748403 5.000000 0.000000 0.004007 1.602291
 28 5.500000 0.000000 -0.000002 0.233877 0.000000 0.000000
 29 -0.000001 -1.940599 5.000001 -0.044472 0.004003 -0.000180
 30 6.551491 -0.000001 -0.000002 -0.460489 0.519087 -0.298875
 31 -0.000000 -1.940599 5.000002 -0.027189 -0.053376 0.005295
 32 6.551491 -0.000001 -0.000002 -0.191133 0.263466 -0.106425
 33 0.000000 -1.940599 4.999993 -0.066572 -0.152786 -0.110311
 34 0.700644 -0.229236 -1.567556 -1.059640 1.671069 1.380107
 35 6.384777 0.000001 -0.000001 -0.314224 -0.372727 -1.181570
 36 10.242685 -0.000000 0.000002 -0.000000 -0.000000 -2.006157
 37 11.375562 -0.000001 0.000000 2.801275 0.175865 0.266829
 38 0.728680 0.023431 1.008291 -1.579583 -0.319038 0.212973
 39 2.136497 -0.000003 0.000001 -0.000000 0.000000 1.282817
 40 2.313140 0.000002 -0.000001 0.000000 0.000000 3.141593
 41 3.115506 -0.886040 0.021432 0.420766 0.316066 0.167178
 42 2.011151 0.000000 -0.000001 -0.000000 0.000000 2.082010
 43 2.141379 0.000000 -0.000001 0.000000 0.000000 3.141593
 44 1.734173 -0.000002 -0.000002 -0.000000 -0.000000 1.041748
 45 0.136316 -3.738192 2.525893 1.493698 2.759406 -1.474501
 46 14.562626 -1.166815 -0.284479 0.258917 0.054664 1.504024
 47 11.389366 -0.000820 0.158782 2.177815 0.146677 0.116349
 48 0.000001 -4.440599 -0.000002 1.570144 -3.078602 0.004040
 49 6.000000 0.000001 0.000002 2.177815 0.000000 -0.000000
 50 0.000002 -4.440601 -0.000000 1.569944 -3.078603 0.004053
 51 10.510132 -0.000000 0.000002 -0.000000 0.000000 -2.573875
 52 0.000002 -1.748402 -5.000004 3.141593 0.004007 -1.539299
 53 5.500001 -0.000001 0.000001 0.162886 0.000000 -0.000000
 54 -0.000001 -0.000001 -5.000000 -0.044472 3.137589 -0.000177
 55 6.551490 0.000000 0.000002 -0.162886 -0.051439 -0.325501
 56 -1.266844 -1.937443 -4.950558 -0.066572 -2.988806 -0.110308
 57 6.551491 -0.000000 0.000002 -0.162886 -0.051439 -0.325501
 58 0.699370 -1.944208 -5.006845 -0.027189 -3.088217 0.005298
 59 4.226145 -0.003202 -0.000000 0.044974 0.242650 0.360835
 60 0.000000 5.000001 0.000000 -0.153564 0.000087 2.718702
 61 0.000004 -0.000004 -3.713580 0.018865 -3.096651 -0.324845
 62 -0.000002 0.000000 5.000000 3.053198 1.558589 -0.074926
 63 -0.000007 0.000006 3.713580 -0.159276 -2.977491 -0.403653
 64 0.000001 -0.000000 -5.000000 -0.088724 1.558589 3.066337
 65 7.363602 1.646647 0.495663 3.141593 -1.570796 0.000000
 66 -0.000005 0.000007 3.619081 -0.217558 -2.796588 -0.810634
 67 16.573919 -0.000001 0.000000 0.000000 0.000000 -2.033247
 68 15.128181 0.000002 -0.000000 0.271612 0.009043 -0.097069
 69 5.758665 4.244730 0.000000 0.000000 -0.000000 1.842220
 70 3.177726 -0.000001 -0.000001 0.000000 0.000000 3.141593
 71 15.708953 0.000001 -0.000001 0.136460 0.001254 -0.052592
 72 0.275149 0.189214 -3.445208 3.130898 0.000409 -1.514604
 73 17.210194 -0.000002 0.000000 -0.000000 -0.000000 -2.328678
 74 -0.000000 0.000001 -4.999999 -0.079432 1.546568 -1.570855
 75 0.000002 -0.000003 -3.619081 0.034416 -3.071533 -0.493407
 76 16.573921 -0.000000 0.000000 0.000000 0.000000 -1.045581
 77 15.128181 0.000002 0.000000 0.002618 -0.051986 0.588317
 78 5.758665 4.244731 -0.000000 -0.000000 0.000000 1.815142
 79 4.003934 0.000000 0.000000 0.000000 0.000000 0.000000
 80 15.708955 0.000001 0.000000 0.004296 -0.037430 0.405337
 81 0.273998 0.191090 3.439762 -3.130907 -0.000437 -1.508107
 82 17.210194 0.000000 0.000000 -0.000000 -0.000000 -1.884228
 83 0.000000 -0.000001 5.000000 -0.079311 1.595025 -1.570737
time 53
  0 -0.650000 0.000000 33.899605 -0.025849 0.174554 -1.569172
  1 5.816420 0.852483 -32.971565 -0.174512 -0.026131 1.569196
  2 -2.276935 0.000003 -1.238188 -1.570795 -1.570451 0.000000
  3 1.796655 0.711892 0.000613 -0.188848 -0.031569 -0.145038
  4 4.119791 -0.002995 0.000613 -0.188297 0.039324 0.370227
  5 4.118752 -0.003213 0.000636 -0.195354 -0.027458 0.051649
  6 4.118639 -0.003211 0.000672 -0.206567 -0.027665 0.015949
  7 4.120582 -0.002893 -0.000475 0.147928 0.416871 0.660541
  8 4.443600 -0.000001 -0.000000 1.133193 -0.720250 -0.621481
  9 9.024063 -0.000001 -0.000000 0.000000 0.000000 0.000000
 10 -0.701579 0.237044 1.567028 -0.570003 -1.216647 3.107475
 11 6.384778 -0.000002 -0.000004 -0.525868 0.667582 -0.491296
 12 10.242684 -0.000000 -0.000000 0.000000 0.000000 -1.357432
 13 11.375562 -0.000001 -0.000000 2.438487 0.298528 0.305060
 14 0.728680 0.023432 -1.008291 1.512645 0.082587 1.221262
 15 2.136497 -0.000000 -0.000001 -0.000000 -0.000000 -0.094202
 16 2.313139 0.000000 -0.000001 0.000000 0.000000 0.000000
 17 3.115507 -0.886039 -0.021431 -0.547029 0.076024 0.634826
 18 2.011150 0.000000 -0.000001 -0.000000 0.000000 0.839248
 19 2.141379 0.000000 0.000000 0.000000 0.000000 0.000000
 20 1.734171 0.000000 -0.000000 -0.000000 0.000000 0.419446
 21 0.000007 -4.440593 0.000001 1.570544 -0.062990 -0.195737
 22 6.000000 0.000001 -0.000001 2.749138 -0.000000 0.000000
 23 0.000002 -4.440601 0.000000 1.569944 -0.062987 0.004053
 24 11.375562 0.000001 0.000002 -2.703918 0.019140 0.301398
 25 -0.000002 -4.440603 -0.000000 1.570144 -0.062988 0.004040
 26 10.510132 -0.000000 -0.000001 0.000000 0.000000 -2.249512
 27 -0.000001 -1.748401 4.999998 0.000000 0.004007 1.602291
 28 5.500001 -0.000000 -0.000001 0.171149 -0.000000 -0.000000
 29 -0.000000 -1.940598 5.000000 -0.044472 0.004003 -0.000180
 30 6.551492 -0.000001 -0.000002 -0.337436 0.436231 -0.345870
 31 -0.000001 -1.940598 5.000002 -0.027189 -0.053376 0.005295
 32 6.551492 -0.000001 -0.000002 -0.139747 0.225309 -0.144515
 33 -0.000000 -1.940599 4.999998 -0.066572 -0.152786 -0.110311
 34 0.701586 -0.229971 -1.567028 -1.076938 1.683862 1.362594
 35 6.384777 0.000000 -0.000001 -0.305760 -0.376659 -1.216017
 36 10.242681 0.000000 -0.000002 0.000000 0.000000 -1.992090
 37 11.375561 -0.000000 -0.000002 2.813121 0.153305 0.274449
 38 0.728680 0.023431 1.008293 -1.579583 -0.319038 0.212973
 39 2.136496 -0.000000 0.000000 0.000000 -0.000000 1.282817
 40 2.313140 0.000000 0.000000 0.000000 0.000000 3.141593
 41 3.115507 -0.886042 0.021429 0.420766 0.316066 0.167178
 42 2.011152 -0.000002 0.000000 0.000000 0.000000 2.082010
 43 2.141378 0.000000 0.000000 0.000000 0.000000 3.141593
 44 1.734172 -0.000003 -0.000000 0.000000 0.000000 1.041748
 45 0.136315 -3.738191 2.525891 1.493698 2.759406 -1.474501
 46 14.562628 -1.166815 -0.284477 0.258917 0.054664 1.504024
 47 11.389365 -0.000820 0.158778 2.184986 0.136417 0.124720
 48 0.000001 -4.440600 0.000001 1.570144 -3.078602 0.004040
 49 5.999999 0.000001 -0.000001 2.184986 0.000000 0.000000
 50 0.000002 -4.440601 0.000003 1.569944 -3.078603 0.004053
 51 10.510133 -0.000001 0.000001 -0.000000 -0.000000 -2.566841
 52 0.000001 -1.748400 -5.000000 -3.141593 0.004007 -1.539299
 53 5.499999 -0.000000 -0.000002 0.164976 0.000000 0.000000
 54 -0.000001 0.000001 -5.000000 -0.044472 3.137589 -0.000177
 55 6.551491 0.000000 -0.000000 -0.164976 -0.051828 -0.333483
 56 -1.266843 -1.937443 -4.950559 -0.066572 -2.988806 -0.110308
 57 6.551491 0.000000 -0.000000 -0.164976 -0.051828 -0.333483
 58 0.699371 -1.944208 -5.006846 -0.027189 -3.088217 0.005298
 59 4.226146 -0.003201 0.000000 0.045437 0.242950 0.358649
 60 -0.000001 5.000000 0.000001 -0.153564 0.000087 2.718702
 61 0.000004 -0.000004 -3.713580 0.018865 -3.096651 -0.324845
 62 -0.000002 0.000000 5.000000 3.053198 1.558589 -0.074926
 63 -0.000007 0.000006 3.713580 -0.159276 -2.977491 -0.403653
 64 0.000001 -0.000000 -5.000000 -0.088724 1.558589 3.066337
 65 7.363602 1.646647 0.495663 3.141593 -1.570796 0.000000
 66 -0.000005 0.000007 3.619081 -0.217558 -2.796588 -0.810634
 67 16.573919 -0.000001 0.000000 0.000000 0.000000 -2.033247
 68 15.128181 0.000002 -0.000000 0.271612 0.009043 -0.097069
 69 5.758665 4.244730 0.000000 0.000000 -0.000000 1.842220
 70 3.177726 -0.000001 -0.000001 0.000000 0.000000 3.141593
 71 15.708953 0.000001 -0.000001 0.136460 0.001254 -0.052592
 72 0.275149 0.189214 -3.445208 3.130898 0.000409 -1.514604
 73 17.210194 -0.000002 0.000000 -0.000000 -0.000000 -2.328678
 74 -0.000000 0.000001 -4.999999 -0.079432 1.546568 -1.570855
 75 0.000002 -0.000003 -3.619081 0.034416 -3.071533 -0.493407
 76 16.573921 -0.000000 0.000000 0.000000 0.000000 -1.045581
 77 15.128181 0.000002 0.000000 0.002618 -0.051986 0.588317
 78 5.758665 4.244731 -0.000000 -0.000000 0.000000 1.815142
 79 4.003934 0.000000 0.000000 0.000000 0.000000 0.000000
 80 15.708955 0.000001 0.000000 0.004296 -0.037430 0.405337
 81 0.273998 0.191090 3.439762 -3.130907 -0.000437 -1.508107
 82 17.210194 0.000000 0.000000 -0.000000 -0.000000 -1.884228
 83 0.000000 -0.000001 5.000000 -0.079311 1.595025 -1.570737
time 54
  0 -0.650000 0.000000 33.899605 -0.025849 0.174554 -1.569172
  1 5.816420 0.852483 -32.971565 -0.174512 -0.026131 1.569196
  2 -2.276935 0.000003 -1.238188 -1.570795 -1.570451 0.000000
  3 1.796670 0.711890 0.000615 -0.189608 -0.031983 -0.141660
  4 4.119791 -0.002993 0.000616 -0.188927 0.039993 0.370939
  5 4.118751 -0.003214 0.000638 -0.196060 -0.027101 0.050921
  6 4.118631 -0.003209 0.000675 -0.207270 -0.027517 0.015258
  7 4.120573 -0.002905 -0.000479 0.148473 0.417515 0.655808
  8 4.443597 0.000000 -0.000000 1.151140 -0.727434 -0.622907
  9 9.024060 0.000001 -0.000000 0.000000 0.000000 0.000000
 10 -0.702604 0.237837 1.566453 -0.595365 -1.212656 3.141559
 11 6.384775 0.000002 0.000000 -0.371289 0.587563 -0.453717
 12 10.242682 -0.000001 -0.000002 0.000000 -0.000000 -1.347999
 13 11.375562 0.000001 0.000002 2.271410 0.240486 0.204687
 14 0.728681 0.023430 -1.008292 1.480681 -0.008503 1.087895
 15 2.136497 -0.000001 0.000001 0.000000 -0.000000 -0.091818
 16 2.313138 0.000001 -0.000002 0.000000 0.000000 0.000000
 17 3.115506 -0.886039 -0.021432 -0.518426 0.145476 0.758277
 18 2.011150 0.000002 0.000002 -0.000000 -0.000000 1.398148
 19 2.141379 -0.000000 -0.000001 0.000000 0.000000 0.000000
 20 1.734171 -0.000001 -0.000001 -0.000000 -0.000000 0.698538
 21 0.000008 -4.440593 0.000000 1.570544 -0.062990 -0.195737
 22 6.000000 -0.000000 0.000002 2.553874 0.000000 -0.000000
 23 0.000001 -4.440600 -0.000000 1.569944 -0.062987 0.004053
 24 11.375562 0.000002 0.000004 -2.785359 0.014131 0.249655
 25 -0.000001 -4.440602 0.000001 1.570144 -0.062988 0.004040
 26 10.510130 0.000000 -0.000002 -0.000000 0.000000 -2.244796
 27 0.000002 -1.748402 4.999999 0.000000 0.004007 1.602291
 28 5.500000 -0.000000 -0.000002 0.115333 -0.000000 0.000000
 29 -0.000002 -1.940599 5.000002 -0.044472 0.004003 -0.000180
 30 6.551491 0.000001 -0.000001 -0.234384 0.391869 -0.370612
 31 -0.000000 -1.940598 5.000000 -0.027189 -0.053376 0.005295
 32 6.551491 0.000001 -0.000001 -0.093422 0.201804 -0.165621
 33 0.000000 -1.940599 4.999994 -0.066572 -0.152786 -0.110311
 34 0.702604 -0.230759 -1.566453 -1.095071 1.700386 1.343213
 35 6.384776 -0.000001 -0.000001 -0.294872 -0.381417 -1.260072
 36 10.242680 0.000000 0.000001 0.000000 0.000000 -1.973687
 37 11.375561 0.000002 0.000002 2.835929 0.120901 0.285366
 38 0.728682 0.023431 1.008293 -1.579583 -0.319038 0.212973
 39 2.136497 -0.000001 0.000000 -0.000000 0.000000 1.282817
 40 2.313138 0.000002 -0.000001 0.000000 0.000000 3.141593
 41 3.115505 -0.886040 0.021433 0.420766 0.316066 0.167178
 42 2.011152 -0.000000 0.000000 0.000000 -0.000000 2.082010
 43 2.141378 0.000000 -0.000001 0.000000 0.000000 3.141593
 44 1.734173 -0.000002 -0.000002 0.000000 -0.000000 1.041748
 45 0.136314 -3.738194 2.525888 1.493698 2.759406 -1.474501
 46 14.562627 -1.166814 -0.284474 0.258917 0.054664 1.504024
 47 11.389367 -0.000818 0.158781 2.198068 0.121958 0.136687
 48 -0.000000 -4.440598 -0.000001 1.570144 -3.078602 0.004040
 49 6.000000 0.000001 0.000001 2.198068 -0.000000 -0.000000
 50 0.000002 -4.440600 -0.000001 1.569944 -3.078603 0.004053
 51 10.510130 0.000000 0.000002 -0.000000 0.000000 -2.557640
 52 0.000001 -1.748400 -5.000002 -3.141593 0.004007 -1.539299
 53 5.499999 0.000000 0.000001 0.167919 -0.000000 -0.000000
 54 0.000001 -0.000000 -5.000000 -0.044472 3.137589 -0.000177
 55 6.551490 -0.000001 -0.000000 -0.167919 -0.052704 -0.344858
 56 -1.266843 -1.937444 -4.950558 -0.066572 -2.988806 -0.110308
 57 6.551491 -0.000001 -0.000000 -0.167919 -0.052704 -0.344858
 58 0.699371 -1.944209 -5.006844 -0.027189 -3.088217 0.005298
 59 4.226148 -0.003202 -0.000001 0.045938 0.243278 0.356278
 60 0.000002 5.000001 0.000000 -0.153564 0.000087 2.718702
 61 0.000004 -0.000004 -3.713580 0.018865 -3.096651 -0.324845
 62 -0.000002 0.000000 5.000000 3.053198 1.558589 -0.074926
 63 -0.000007 0.000006 3.713580 -0.159276 -2.977491 -0.403653
 64 0.000001 -0.000000 -5.000000 -0.088724 1.558589 3.066337
 65 7.363602 1.646647 0.495663 3.141593 -1.570796 0.000000
 66 -0.000005 0.000007 3.619081 -0.217558 -2.796588 -0.810634
 67 16.573919 -0.000001 0.000000 0.000000 0.000000 -2.033247
 68 15.128181 0.000002 -0.000000 0.271612 0.009043 -0.097069
 69 5.758665 4.244730 0.000000 0.000000 -0.000000 1.842220
 70 3.177726 -0.000001 -0.000001 0.000000 0.000000 3.141593
 71 15.708953 0.000001 -0.000001 0.136460 0.001254 -0.052592
 72 0.275149 0.189214 -3.445208 3.130898 0.000409 -1.514604
 73 17.210194 -0.000002 0.000000 -0.000000 -0.000000 -2.328678
 74 -0.000000 0.000001 -4.999999 -0.079432 1.546568 -1.570855
 75 0.000002 -0.000003 -3.619081 0.034416 -3.071533 -0.493407
 76 16.573921 -0.000000 0.000000 0.000000 0.000000 -1.045581
 77 15.128181 0.000002 0.000000 0.002618 -0.051986 0.588317
 78 5.758665 4.244731 -0.000000 -0.000000 0.000000 1.815142
 79 4.003934 0.000000 0.000000 0.000000 0.000000 0.000000
 80 15.708955 0.000001 0.000000 0.004296 -0.037430 0.405337
 81 0.273998 0.191090 3.439762 -3.130907 -0.000437 -1.508107
 82 17.210194 0.000000 0.000000 -0.000000 -0.000000 -1.884228
 83 0.000000 -0.000001 5.000000 -0.079311 1.595025 -1.570737
time 55
  0 -0.650000 0.000000 33.899605 -0.025849 0.174554 -1.569172
  1 5.816420 0.852483 -32.971565 -0.174512 -0.026131 1.569196
  2 -2.276935 0.000003 -1.238188 -1.570795 -1.570451 0.000000
  3 1.796678 0.711889 0.000618 -0.190350 -0.032454 -0.138274
  4 4.119796 -0.002992 0.000617 -0.189535 0.040674 0.371647
  5 4.118746 -0.003212 0.000641 -0.196743 -0.026715 0.050188
  6 4.118633 -0.003211 0.000676 -0.207948 -0.027352 0.014563
  7 4.120550 -0.002913 -0.000479 0.149042 0.418193 0.650843
  8 4.443600 -0.000003 0.000000 1.157653 -0.730230 -0.620897
  9 9.024061 -0.000003 0.000000 0.000000 0.000000 0.000000
 10 -0.703675 0.238654 1.565848 -0.590291 -1.212367 -3.141362
 11 6.384776 0.000000 0.000002 -0.461094 0.666651 -0.470842
 12 10.242683 0.000000 -0.000002 -0.000000 -0.000000 -1.322658
 13 11.375563 -0.000001 0.000005 2.362199 0.292251 0.216102
 14 0.728681 0.023432 -1.008292 1.479912 -0.036021 1.072608
 15 2.136498 -0.000000 0.000000 -0.000000 -0.000000 -0.091647
 16 2.313139 0.000001 -0.000001 0.000000 0.000000 0.000000
 17 3.115507 -0.886040 -0.021432 -0.513091 0.160810 0.786032
 18 2.011152 -0.000001 -0.000001 -0.000000 -0.000000 1.497077
 19 2.141379 0.000001 0.000002 0.000000 0.000000 0.000000
 20 1.734172 -0.000001 -0.000001 0.000000 -0.000000 0.748294
 21 0.000003 -4.440593 -0.000000 1.570544 -0.062990 -0.195737
 22 6.000000 0.000002 0.000002 2.665861 0.000000 -0.000000
 23 0.000001 -4.440602 -0.000000 1.569944 -0.062987 0.004053
 24 11.375563 0.000001 0.000007 -2.735854 0.048999 0.266120
 25 0.000000 -4.440604 0.000002 1.570144 -0.062988 0.004040
 26 10.510132 -0.000000 -0.000002 0.000000 0.000000 -2.232126
 27 0.000001 -1.748402 5.000000 -0.000000 0.004007 1.602291
 28 5.500000 -0.000000 -0.000002 0.144911 0.000000 0.000000
 29 -0.000001 -1.940599 5.000001 -0.044472 0.004003 -0.000180
 30 6.551492 -0.000001 -0.000001 -0.290204 0.434220 -0.347614
 31 -0.000000 -1.940599 5.000000 -0.027189 -0.053376 0.005295
 32 6.551492 -0.000001 -0.000001 -0.117904 0.223057 -0.148606
 33 -0.000000 -1.940599 4.999996 -0.066572 -0.152786 -0.110311
 34 0.703681 -0.231583 -1.565848 -1.110801 1.719345 1.325597
 35 6.384777 -0.000000 0.000001 -0.282392 -0.385729 -1.301128
 36 10.242681 -0.000001 0.000001 -0.000000 0.000000 -1.958097
 37 11.375560 0.000001 0.000000 2.861120 0.084462 0.293743
 38 0.728681 0.023431 1.008291 -1.579583 -0.319038 0.212973
 39 2.136496 0.000002 -0.000000 -0.000000 0.000000 1.282817
 40 2.313140 0.000001 -0.000000 0.000000 0.000000 3.141593
 41 3.115507 -0.886041 0.021431 0.420766 0.316066 0.167178
 42 2.011151 -0.000002 -0.000000 -0.000000 0.000000 2.082010
 43 2.141380 0.000000 0.000001 0.000000 0.000000 3.141593
 44 1.734173 -0.000003 -0.000001 0.000000 0.000000 1.041748
 45 0.136315 -3.738194 2.525890 1.493698 2.759406 -1.474501
 46 14.562628 -1.166815 -0.284477 0.258917 0.054664 1.504024
 47 11.389366 -0.000816 0.158783 2.212463 0.105026 0.148252
 48 0.000000 -4.440600 0.000002 1.570144 -3.078602 0.004040
 49 6.000000 0.000002 0.000002 2.212463 0.000000 -0.000000
 50 0.000002 -4.440600 0.000002 1.569944 -3.078603 0.004053
 51 10.510132 -0.000000 0.000002 -0.000000 0.000000 -2.549845
 52 0.000001 -1.748399 -5.000000 3.141593 0.004007 -1.539299
 53 5.500000 -0.000001 0.000001 0.169957 -0.000000 -0.000000
 54 0.000000 0.000000 -5.000000 -0.044472 3.137590 -0.000177
 55 6.551491 0.000000 -0.000002 -0.169957 -0.054497 -0.356712
 56 -1.266844 -1.937443 -4.950560 -0.066572 -2.988806 -0.110308
 57 6.551491 0.000000 -0.000002 -0.169957 -0.054497 -0.356712
 58 0.699370 -1.944208 -5.006849 -0.027189 -3.088217 0.005298
 59 4.226145 -0.003202 -0.000001 0.046463 0.243623 0.353788
 60 0.000001 5.000002 0.000000 -0.153564 0.000087 2.718702
 61 0.000004 -0.000004 -3.713580 0.018865 -3.096651 -0.324845
 62 -0.000002 0.000000 5.000000 3.053198 1.558589 -0.074926
 63 -0.000007 0.000006 3.713580 -0.159276 -2.977491 -0.403653
 64 0.000001 -0.000000 -5.000000 -0.088724 1.558589 3.066337
 65 7.363602 1.646647 0.495663 3.141593 -1.570796 0.000000
 66 -0.000005 0.000007 3.619081 -0.217558 -2.796588 -0.810634
 67 16.573919 -0.000001 0.000000 0.000000 0.000000 -2.033247
 68 15.128181 0.000002 -0.000000 0.271612 0.009043 -0.097069
 69 5.758665 4.244730 0.000000 0.000000 -0.000000 1.842220
 70 3.177726 -0.000001 -0.000001 0.000000 0.000000 3.141593
 71 15.708953 0.000001 -0.000001 0.136460 0.001254 -0.052592
 72 0.275149 0.189214 -3.445208 3.130898 0.000409 -1.514604
 73 17.210194 -0.000002 0.000000 -0.000000 -0.000000 -2.328678
 74 -0.000000 0.000001 -4.999999 -0.079432 1.546568 -1.570855
 75 0.000002 -0.000003 -3.619081 0.034416 -3.071533 -0.493407
 76 16.573921 -0.000000 0.000000 0.000000 0.000000 -1.045581
 77 15.128181 0.000002 0.000000 0.002618 -0.051986 0.588317
 78 5.758665 4.244731 -0.000000 -0.000000 0.000000 1.815142
 79 4.003934 0.000000 0.000000 0.000000 0.000000 0.000000
 80 15.708955 0.000001 0.000000 0.004296 -0.037430 0.405337
 81 0.273998 0.191090 3.439762 -3.130907 -0.000437 -1.508107
 82 17.210194 0.000000 0.000000 -0.000000 -0.000000 -1.884228
 83 0.000000 -0.000001 5.000000 -0.079311 1.595025 -1.570737
time 56
  0 -0.650000 0.000000 33.899605 -0.025849 0.174554 -1.569172
  1 5.816420 0.852483 -32.971565 -0.174512 -0.026131 1.569196
  2 -2.276935 0.000003 -1.238188 -1.570795 -1.570451 0.000000
  3 1.796685 0.711889 0.000620 -0.191074 -0.032974 -0.134880
  4 4.119802 -0.002991 0.000619 -0.190123 0.041363 0.372353
  5 4.118744 -0.003213 0.000643 -0.197406 -0.026303 0.049449
  6 4.118631 -0.003209 0.000678 -0.208607 -0.027171 0.013864
  7 4.120535 -0.002925 -0.000482 0.149664 0.418941 0.645381
  8 4.443599 -0.000002 -0.000000 1.154215 -0.730831 -0.614475
  9 9.024062 -0.000000 0.000000 0.000000 0.000000 0.000000
 10 -0.704860 0.239549 1.565180 -0.575769 -1.213143 3.132077
 11 6.384776 0.000000 -0.000002 -0.653919 0.789192 -0.530636
 12 10.242682 -0.000001 -0.000002 0.000000 0.000000 -1.313560
 13 11.375562 -0.000000 0.000002 2.548725 0.367918 0.288454
 14 0.728680 0.023431 -1.008292 1.485851 -0.042598 1.091795
 15 2.136500 -0.000001 -0.000002 0.000000 -0.000000 -0.092122
 16 2.313141 0.000001 -0.000001 0.000000 0.000000 0.000000
 17 3.115507 -0.886043 -0.021432 -0.517100 0.157629 0.779211
 18 2.011151 0.000001 0.000000 -0.000000 0.000000 1.449823
 19 2.141380 0.000001 0.000001 0.000000 0.000000 0.000000
 20 1.734172 0.000001 0.000000 -0.000000 0.000000 0.724520
 21 0.000004 -4.440594 -0.000000 1.570544 -0.062990 -0.195737
 22 6.000000 0.000001 -0.000001 2.878001 0.000000 0.000000
 23 0.000001 -4.440600 0.000000 1.569944 -0.062987 0.004053
 24 11.375561 0.000000 0.000003 -2.641736 0.079127 0.305059
 25 -0.000000 -4.440604 0.000002 1.570144 -0.062988 0.004040
 26 10.510129 -0.000001 -0.000001 -0.000000 0.000000 -2.227576
 27 0.000001 -1.748401 5.000000 0.000000 0.004007 1.602290
 28 5.499999 -0.000001 -0.000000 0.209535 0.000000 0.000000
 29 0.000001 -1.940598 4.999998 -0.044472 0.004003 -0.000180
 30 6.551490 0.000000 -0.000001 -0.414449 0.516827 -0.297574
 31 -0.000000 -1.940598 5.000002 -0.027189 -0.053376 0.005295
 32 6.551490 0.000000 -0.000001 -0.171143 0.261886 -0.109786
 33 -0.000001 -1.940598 4.999995 -0.066572 -0.152786 -0.110311
 34 0.704865 -0.232475 -1.565180 -1.123663 1.740700 1.310542
 35 6.384777 0.000000 -0.000002 -0.268807 -0.389007 -1.328884
 36 10.242682 0.000000 0.000001 -0.000000 -0.000000 -1.951400
 37 11.375561 0.000001 0.000000 2.880351 0.048428 0.294792
 38 0.728681 0.023430 1.008292 -1.579583 -0.319038 0.212973
 39 2.136498 -0.000002 0.000000 -0.000000 -0.000000 1.282817
 40 2.313140 0.000001 0.000000 0.000000 0.000000 3.141593
 41 3.115507 -0.886041 0.021432 0.420765 0.316066 0.167178
 42 2.011151 -0.000000 -0.000001 -0.000000 0.000000 2.082010
 43 2.141378 0.000000 -0.000002 0.000000 0.000000 3.141593
 44 1.734172 0.000000 -0.000001 -0.000000 0.000000 1.041748
 45 0.136315 -3.738193 2.525889 1.493698 2.759406 -1.474501
 46 14.562628 -1.166814 -0.284475 0.258917 0.054664 1.504024
 47 11.389366 -0.000819 0.158781 2.223728 0.086660 0.156088
 48 0.000001 -4.440600 0.000004 1.570144 -3.078602 0.004040
 49 6.000000 -0.000000 -0.000000 2.223729 -0.000000 0.000000
 50 0.000002 -4.440600 0.000001 1.569944 -3.078603 0.004053
 51 10.510130 0.000001 0.000001 -0.000000 0.000000 -2.546496
 52 -0.000000 -1.748399 -5.000000 3.141593 0.004007 -1.539299
 53 5.499999 0.000001 -0.000000 0.169319 -0.000000 -0.000000
 54 0.000000 -0.000000 -5.000000 -0.044472 3.137589 -0.000177
 55 6.551490 0.000001 -0.000002 -0.169319 -0.057199 -0.365217
 56 -1.266843 -1.937444 -4.950560 -0.066572 -2.988806 -0.110308
 57 6.551491 0.000000 -0.000002 -0.169319 -0.057199 -0.365217
 58 0.699371 -1.944209 -5.006846 -0.027189 -3.088217 0.005298
 59 4.226145 -0.003202 -0.000000 0.047040 0.244005 0.351044
 60 -0.000002 5.000001 -0.000000 -0.153564 0.000087 2.718702
 61 0.000004 -0.000004 -3.713580 0.018865 -3.096651 -0.324845
 62 -0.000002 0.000000 5.000000 3.053198 1.558589 -0.074926
 63 -0.000007 0.000006 3.713580 -0.159276 -2.977491 -0.403653
 64 0.000001 -0.000000 -5.000000 -0.088724 1.558589 3.066337
 65 7.363602 1.646647 0.495663 3.141593 -1.570796 0.000000
 66 -0.000005 0.000007 3.619081 -0.217558 -2.796588 -0.810634
 67 16.573919 -0.000001 0.000000 0.000000 0.000000 -2.033247
 68 15.128181 0.000002 -0.000000 0.271612 0.009043 -0.097069
 69 5.758665 4.244730 0.000000 0.000000 -0.000000 1.842220
 70 3.177726 -0.000001 -0.000001 0.000000 0.000000 3.141593
 71 15.708953 0.000001 -0.000001 0.136460 0.001254 -0.052592
 72 0.275149 0.189214 -3.445208 3.130898 0.000409 -1.514604
 73 17.210194 -0.000002 0.000000 -0.000000 -0.000000 -2.328678
 74 -0.000000 0.000001 -4.999999 -0.079432 1.546568 -1.570855
 75 0.000002 -0.000003 -3.619081 0.034416 -3.071533 -0.493407
 76 16.573921 -0.000000 0.000000 0.000000 0.000000 -1.045581
 77 15.128181 0.000002 0.000000 0.002618 -0.051986 0.588317
 78 5.758665 4.244731 -0.000000 -0.000000 0.000000 1.815142
 79 4.003934 0.000000 0.000000 0.000000 0.000000 0.000000
 80 15.708955 0.000001 0.000000 0.004296 -0.037430 0.405337
 81 0.273998 0.191090 3.439762 -3.130907 -0.000437 -1.508107
 82 17.210194 0.000000 0.000000 -0.000000 -0.000000 -1.884228
 83 0.000000 -0.000001 5.000000 -0.079311 1.595025 -1.570737
time 57
  0 -0.650000 0.000000 33.899605 -0.025849 0.174554 -1.569172
  1 5.816420 0.852483 -32.971565 -0.174512 -0.026131 1.569196
  2 -2.276935 0.000003 -1.238188 -1.570795 -1.570451 0.000000
  3 1.796700 0.711887 0.000622 -0.191784 -0.033537 -0.131481
  4 4.119800 -0.002990 0.000621 -0.190693 0.042061 0.373056
  5 4.118741 -0.003212 0.000645 -0.198051 -0.025868 0.048706
  6 4.118628 -0.003209 0.000680 -0.209247 -0.026976 0.013163
  7 4.120518 -0.002938 -0.000484 0.150367 0.419798 0.639158
  8 4.443599 0.000003 0.000001 1.142409 -0.731349 -0.602804
  9 9.024061 0.000001 -0.000000 0.000000 0.000000 0.000000
 10 -0.706216 0.240563 1.564416 -0.570655 -1.212630 3.133800
 11 6.384776 -0.000001 -0.000002 -0.813814 0.898687 -0.597168
 12 10.242682 -0.000000 0.000000 -0.000000 -0.000000 -1.380096
 13 11.375562 0.000001 0.000001 2.695759 0.411444 0.363387
 14 0.728680 0.023431 -1.008292 1.480681 -0.008503 1.087895
 15 2.136497 0.000001 -0.000002 -0.000000 -0.000000 -0.091818
 16 2.313137 0.000000 0.000001 0.000000 0.000000 0.000000
 17 3.115507 -0.886044 -0.021431 -0.518426 0.145476 0.758277
 18 2.011151 -0.000001 -0.000002 0.000000 0.000000 1.398148
 19 2.141379 0.000001 0.000001 0.000000 0.000000 0.000000
 20 1.734172 0.000001 -0.000000 -0.000000 0.000000 0.698538
 21 0.000004 -4.440594 0.000000 1.570544 -0.062990 -0.195737
 22 6.000000 -0.000000 0.000001 3.030386 0.000000 -0.000000
 23 0.000001 -4.440599 0.000001 1.569944 -0.062987 0.004053
 24 11.375561 0.000002 0.000003 -2.571769 0.090534 0.335891
 25 -0.000002 -4.440602 -0.000002 1.570144 -0.062988 0.004040
 26 10.510131 0.000000 0.000000 0.000000 0.000000 -2.260844
 27 -0.000001 -1.748401 4.999999 -0.000000 0.004007 1.602291
 28 5.499998 -0.000000 0.000001 0.250038 -0.000000 -0.000000
 29 -0.000004 -1.940598 5.000000 -0.044472 0.004003 -0.000180
 30 6.551491 0.000000 0.000001 -0.501868 0.609615 -0.249757
 31 -0.000002 -1.940599 5.000003 -0.027189 -0.053376 0.005295
 32 6.551491 0.000000 0.000001 -0.203715 0.300330 -0.071601
 33 -0.000001 -1.940599 4.999997 -0.066572 -0.152786 -0.110311
 34 0.706218 -0.233478 -1.564416 -1.133278 1.763878 1.298952
 35 6.384776 0.000001 0.000003 -0.255119 -0.391067 -1.334036
 36 10.242682 0.000000 0.000002 -0.000000 -0.000000 -1.958798
 37 11.375561 0.000000 0.000001 2.886088 0.017833 0.285206
 38 0.728680 0.023432 1.008294 -1.579583 -0.319038 0.212973
 39 2.136497 0.000002 -0.000000 -0.000000 -0.000000 1.282817
 40 2.313137 0.000000 0.000001 0.000000 0.000000 3.141593
 41 3.115507 -0.886041 0.021432 0.420766 0.316066 0.167178
 42 2.011151 -0.000001 0.000002 0.000000 -0.000000 2.082010
 43 2.141380 0.000000 0.000001 0.000000 0.000000 3.141593
 44 1.734172 -0.000001 0.000003 -0.000000 0.000000 1.041748
 45 0.136316 -3.738191 2.525890 1.493698 2.759406 -1.474501
 46 14.562628 -1.166813 -0.284473 0.258917 0.054664 1.504024
 47 11.389367 -0.000820 0.158782 2.227821 0.068454 0.157311
 48 0.000000 -4.440598 0.000001 1.570144 -3.078602 0.004040
 49 6.000000 -0.000001 0.000000 2.227821 -0.000000 -0.000000
 50 0.000002 -4.440601 0.000001 1.569944 -3.078603 0.004053
 51 10.510131 0.000001 0.000002 -0.000000 0.000000 -2.550195
 52 0.000000 -1.748400 -5.000003 -3.141593 0.004007 -1.539299
 53 5.500000 0.000000 0.000002 0.164746 -0.000000 -0.000000
 54 -0.000002 0.000001 -5.000000 -0.044472 3.137589 -0.000177
 55 6.551490 0.000001 0.000001 -0.164746 -0.060468 -0.365967
 56 -1.266844 -1.937442 -4.950559 -0.066572 -2.988806 -0.110308
 57 6.551491 0.000000 0.000001 -0.164746 -0.060468 -0.365967
 58 0.699370 -1.944207 -5.006846 -0.027189 -3.088217 0.005298
 59 4.226146 -0.003201 -0.000000 0.047696 0.244442 0.347912
 60 0.000000 5.000000 0.000000 -0.153564 0.000087 2.718702
 61 0.000004 -0.000004 -3.713580 0.018865 -3.096651 -0.324845
 62 -0.000002 0.000000 5.000000 3.053198 1.558589 -0.074926
 63 -0.000007 0.000006 3.713580 -0.159276 -2.977491 -0.403653
 64 0.000001 -0.000000 -5.000000 -0.088724 1.558589 3.066337
 65 7.363602 1.646647 0.495663 3.141593 -1.570796 0.000000
 66 -0.000005 0.000007 3.619081 -0.217558 -2.796588 -0.810634
 67 16.573919 -0.000001 0.000000 0.000000 0.000000 -2.033247
 68 15.128181 0.000002 -0.000000 0.271612 0.009043 -0.097069
 69 5.758665 4.244730 0.000000 0.000000 -0.000000 1.842220
 70 3.177726 -0.000001 -0.000001 0.000000 0.000000 3.141593
 71 15.708953 0.000001 -0.000001 0.136460 0.001254 -0.052592
 72 0.275149 0.189214 -3.445208 3.130898 0.000409 -1.514604
 73 17.210194 -0.000002 0.000000 -0.000000 -0.000000 -2.328678
 74 -0.000000 0.000001 -4.999999 -0.079432 1.546568 -1.570855
 75 0.000002 -0.000003 -3.619081 0.034416 -3.071533 -0.493407
 76 16.573921 -0.000000 0.000000 0.000000 0.000000 -1.045581
 77 15.128181 0.000002 0.000000 0.002618 -0.051986 0.588317
 78 5.758665 4.244731 -0.000000 -0.000000 0.000000 1.815142
 79 4.003934 0.000000 0.000000 0.000000 0.000000 0.000000
 80 15.708955 0.000001 0.000000 0.004296 -0.037430 0.405337
 81 0.273998 0.191090 3.439762 -3.130907 -0.000437 -1.508107
 82 17.210194 0.000000 0.000000 -0.000000 -0.000000 -1.884228
 83 0.000000 -0.000001 5.000000 -0.079311 1.595025 -1.570737
time 58
  0 -0.650000 0.000000 33.899605 -0.025849 0.174554 -1.569172
  1 5.816420 0.852483 -32.971565 -0.174512 -0.026131 1.569196
  2 -2.276935 0.000003 -1.238188 -1.570795 -1.570451 0.000000
  3 1.796708 0.711886 0.000625 -0.192483 -0.034136 -0.128075
  4 4.119800 -0.002988 0.000623 -0.191249 0.042767 0.373756
  5 4.118742 -0.003212 0.000647 -0.198681 -0.025414 0.047958
  6 4.118625 -0.003210 0.000682 -0.209872 -0.026770 0.012459
  7 4.120492 -0.002951 -0.000486 0.151178 0.420801 0.631908
  8 4.443597 0.000001 -0.000000 1.123770 -0.733817 -0.585000
  9 9.024061 -0.000001 -0.000000 0.000000 0.000000 0.000000
 10 -0.707804 0.241722 1.563523 -0.575878 -1.210733 -3.134818
 11 6.384776 -0.000000 0.000003 -0.833101 0.961785 -0.605114
 12 10.242680 -0.000000 0.000000 -0.000000 -0.000000 -1.485603
 13 11.375562 0.000003 0.000000 2.721325 0.425521 0.378156
 14 0.728681 0.023432 -1.008292 1.462211 0.052826 1.052023
 15 2.136497 -0.000001 0.000002 0.000000 0.000000 -0.090636
 16 2.313142 0.000000 -0.000002 0.000000 0.000000 0.000000
 17 3.115506 -0.886038 -0.021431 -0.514157 0.131983 0.736833
 18 2.011150 0.000001 0.000002 -0.000000 0.000000 1.391441
 19 2.141378 -0.000000 -0.000001 0.000000 0.000000 0.000000
 20 1.734172 -0.000001 -0.000001 -0.000000 -0.000000 0.695168
 21 0.000005 -4.440593 0.000001 1.570544 -0.062990 -0.195737
 22 6.000000 0.000001 0.000000 3.055861 0.000000 -0.000000
 23 0.000002 -4.440599 0.000000 1.569944 -0.062987 0.004053
 24 11.375562 -0.000000 0.000005 -2.559324 0.095819 0.343756
 25 0.000000 -4.440604 -0.000001 1.570144 -0.062988 0.004040
 26 10.510130 -0.000000 -0.000001 -0.000000 0.000000 -2.313597
 27 0.000000 -1.748401 4.999999 -0.000000 0.004007 1.602290
 28 5.500000 -0.000000 -0.000001 0.246515 -0.000000 -0.000000
 29 -0.000003 -1.940598 5.000000 -0.044472 0.004003 -0.000180
 30 6.551491 -0.000001 0.000002 -0.499465 0.653416 -0.220536
 31 -0.000002 -1.940598 5.000002 -0.027189 -0.053376 0.005295
 32 6.551491 -0.000001 0.000002 -0.200616 0.317037 -0.054429
 33 0.000001 -1.940600 4.999995 -0.066572 -0.152786 -0.110311
 34 0.707804 -0.234646 -1.563523 -1.134192 1.777624 1.300806
 35 6.384776 -0.000000 0.000002 -0.247637 -0.391718 -1.328666
 36 10.242683 -0.000002 0.000004 -0.000000 -0.000000 -1.968451
 37 11.375561 -0.000000 -0.000002 2.882478 0.005900 0.276232
 38 0.728680 0.023431 1.008292 -1.579583 -0.319038 0.212973
 39 2.136497 0.000002 -0.000001 -0.000000 0.000000 1.282817
 40 2.313138 -0.000000 0.000000 0.000000 0.000000 3.141593
 41 3.115506 -0.886041 0.021431 0.420766 0.316066 0.167178
 42 2.011152 -0.000001 -0.000001 0.000000 0.000000 2.082010
 43 2.141379 0.000000 -0.000002 0.000000 0.000000 3.141593
 44 1.734172 -0.000000 -0.000000 -0.000000 0.000000 1.041748
 45 0.136316 -3.738193 2.525891 1.493698 2.759406 -1.474501
 46 14.562627 -1.166815 -0.284476 0.258917 0.054664 1.504024
 47 11.389366 -0.000818 0.158780 2.226420 0.060011 0.154987
 48 0.000001 -4.440599 0.000002 1.570144 -3.078602 0.004040
 49 6.000000 -0.000000 -0.000002 2.226420 -0.000000 -0.000000
 50 0.000002 -4.440601 -0.000000 1.569944 -3.078603 0.004053
 51 10.510132 -0.000001 0.000003 -0.000000 -0.000000 -2.555022
 52 -0.000000 -1.748400 -5.000000 -3.141593 0.004007 -1.539299
 53 5.500000 -0.000001 0.000002 0.160814 -0.000000 0.000000
 54 -0.000001 -0.000000 -5.000001 -0.044472 3.137590 -0.000177
 55 6.551490 0.000000 0.000000 -0.160814 -0.062428 -0.363407
 56 -1.266843 -1.937443 -4.950561 -0.066572 -2.988806 -0.110308
 57 6.551491 0.000000 0.000000 -0.160814 -0.062428 -0.363407
 58 0.699371 -1.944209 -5.006845 -0.027189 -3.088217 0.005298
 59 4.226146 -0.003201 -0.000001 0.048459 0.244955 0.344257
 60 -0.000000 5.000001 0.000000 -0.153564 0.000087 2.718702
 61 0.000004 -0.000004 -3.713580 0.018865 -3.096651 -0.324845
 62 -0.000002 0.000000 5.000000 3.053198 1.558589 -0.074926
 63 -0.000007 0.000006 3.713580 -0.159276 -2.977491 -0.403653
 64 0.000001 -0.000000 -5.000000 -0.088724 1.558589 3.066337
 65 7.363602 1.646647 0.495663 3.141593 -1.570796 0.000000
 66 -0.000005 0.000007 3.619081 -0.217558 -2.796588 -0.810634
 67 16.573919 -0.000001 0.000000 0.000000 0.000000 -2.033247
 68 15.128181 0.000002 -0.000000 0.271612 0.009043 -0.097069
 69 5.758665 4.244730 0.000000 0.000000 -0.000000 1.842220
 70 3.177726 -0.000001 -0.000001 0.000000 0.000000 3.141593
 71 15.708953 0.000001 -0.000001 0.136460 0.001254 -0.052592
 72 0.275149 0.189214 -3.445208 3.130898 0.000409 -1.514604
 73 17.210194 -0.000002 0.000000 -0.000000 -0.000000 -2.328678
 74 -0.000000 0.000001 -4.999999 -0.079432 1.546568 -1.570855
 75 0.000002 -0.000003 -3.619081 0.034416 -3.071533 -0.493407
 76 16.573921 -0.000000 0.000000 0.000000 0.000000 -1.045581
 77 15.128181 0.000002 0.000000 0.002618 -0.051986 0.588317
 78 5.758665 4.244731 -0.000000 -0.000000 0.000000 1.815142
 79 4.003934 0.000000 0.000000 0.000000 0.000000 0.000000
 80 15.708955 0.000001 0.000000 0.004296 -0.037430 0.405337
 81 0.273998 0.191090 3.439762 -3.130907 -0.000437 -1.508107
 82 17.210194 0.000000 0.000000 -0.000000 -0.000000 -1.884228
 83 0.000000 -0.000001 5.000000 -0.079311 1.595025 -1.570737
time 59
  0 -0.650000 0.000000 33.899605 -0.025849 0.174554 -1.569172
  1 5.816420 0.852483 -32.971565 -0.174512 -0.026131 1.569196
  2 -2.276935 0.000003 -1.238188 -1.570795 -1.570451 0.000000
  3 1.796720 0.711885 0.000627 -0.193172 -0.034765 -0.124666
  4 4.119804 -0.002987 0.000625 -0.191793 0.043478 0.374455
  5 4.118740 -0.003213 0.000649 -0.199299 -0.024944 0.047207
  6 4.118623 -0.003208 0.000685 -0.210485 -0.026554 0.011753
  7 4.120465 -0.002969 -0.000489 0.152124 0.421988 0.623367
  8 4.443598 -0.000002 0.000000 1.099640 -0.740190 -0.559986
  9 9.024059 0.000001 -0.000001 0.000000 0.000000 0.000000
 10 -0.709681 0.243072 1.562465 -0.610894 -1.204724 -3.085038
 11 6.384776 0.000001 0.000001 -0.765435 1.086902 -0.584943
 12 10.242684 0.000000 -0.000001 0.000000 -0.000000 -1.737237
 13 11.375561 -0.000002 0.000002 2.711128 0.439043 0.350786
 14 0.728681 0.023431 -1.008292 1.391214 0.234506 0.933626
 15 2.136495 0.000001 0.000001 0.000000 0.000000 -0.087041
 16 2.313138 0.000000 0.000000 0.000000 0.000000 0.000000
 17 3.115506 -0.886040 -0.021431 -0.499439 0.091539 0.671435
 18 2.011150 -0.000002 -0.000002 0.000000 0.000000 1.371037
 19 2.141379 -0.000000 0.000002 0.000000 0.000000 0.000000
 20 1.734173 0.000001 0.000001 -0.000000 0.000000 0.684916
 21 0.000005 -4.440594 0.000000 1.570544 -0.062990 -0.195737
 22 6.000000 -0.000001 0.000001 3.048603 -0.000000 0.000000
 23 0.000002 -4.440601 -0.000000 1.569944 -0.062987 0.004053
 24 11.375560 -0.000002 0.000004 -2.560810 0.111446 0.336480
 25 -0.000000 -4.440604 -0.000001 1.570144 -0.062988 0.004040
 26 10.510134 -0.000000 -0.000002 -0.000000 -0.000000 -2.439415
 27 0.000002 -1.748403 5.000000 -0.000000 0.004007 1.602291
 28 5.500003 0.000000 -0.000001 0.204864 -0.000000 -0.000000
 29 -0.000003 -1.940599 5.000000 -0.044472 0.004003 -0.000180
 30 6.551490 0.000001 0.000001 -0.421265 0.717129 -0.168018
 31 -0.000001 -1.940598 5.000000 -0.027189 -0.053376 0.005295
 32 6.551490 0.000001 0.000001 -0.166562 0.341319 -0.033312
 33 -0.000001 -1.940598 4.999996 -0.066572 -0.152786 -0.110311
 34 0.709681 -0.235996 -1.562465 -1.134170 1.792306 1.304669
 35 6.384777 -0.000000 0.000000 -0.239920 -0.392183 -1.307377
 36 10.242683 -0.000001 0.000002 -0.000000 -0.000000 -1.987533
 37 11.375562 -0.000000 -0.000004 2.871393 -0.007054 0.262102
 38 0.728681 0.023431 1.008291 -1.579583 -0.319038 0.212973
 39 2.136497 -0.000000 0.000000 0.000000 0.000000 1.282817
 40 2.313141 0.000001 0.000000 0.000000 0.000000 3.141593
 41 3.115507 -0.886041 0.021433 0.420766 0.316066 0.167178
 42 2.011151 0.000001 -0.000002 0.000000 0.000000 2.082010
 43 2.141380 0.000000 0.000001 0.000000 0.000000 3.141593
 44 1.734174 -0.000002 -0.000003 0.000000 0.000000 1.041748
 45 0.136315 -3.738192 2.525891 1.493698 2.759406 -1.474501
 46 14.562628 -1.166816 -0.284478 0.258917 0.054664 1.504024
 47 11.389367 -0.000818 0.158780 2.221240 0.049615 0.150033
 48 0.000001 -4.440600 0.000001 1.570144 -3.078602 0.004040
 49 6.000000 0.000001 -0.000002 2.221240 0.000000 0.000000
 50 0.000002 -4.440601 0.000001 1.569944 -3.078603 0.004053
 51 10.510130 0.000000 0.000001 -0.000000 0.000000 -2.564563
 52 0.000001 -1.748400 -5.000000 3.141593 0.004007 -1.539299
 53 5.499999 0.000001 -0.000001 0.154184 -0.000000 -0.000000
 54 -0.000001 0.000000 -4.999998 -0.044472 3.137589 -0.000177
 55 6.551490 -0.000001 0.000003 -0.154184 -0.065096 -0.355416
 56 -1.266843 -1.937444 -4.950559 -0.066572 -2.988806 -0.110308
 57 6.551491 -0.000001 0.000003 -0.154184 -0.065096 -0.355416
 58 0.699370 -1.944208 -5.006848 -0.027189 -3.088217 0.005298
 59 4.226143 -0.003201 0.000000 0.049355 0.245564 0.339939
 60 -0.000000 5.000000 -0.000000 -0.153564 0.000087 2.718702
 61 0.000004 -0.000004 -3.713580 0.018865 -3.096651 -0.324845
 62 -0.000002 0.000000 5.000000 3.053198 1.558589 -0.074926
 63 -0.000007 0.000006 3.713580 -0.159276 -2.977491 -0.403653
 64 0.000001 -0.000000 -5.000000 -0.088724 1.558589 3.066337
 65 7.363602 1.646647 0.495663 3.141593 -1.570796 0.000000
 66 -0.000005 0.000007 3.619081 -0.217558 -2.796588 -0.810634
 67 16.573919 -0.000001 0.000000 0.000000 0.000000 -2.033247
 68 15.128181 0.000002 -0.000000 0.271612 0.009043 -0.097069
 69 5.758665 4.244730 0.000000 0.000000 -0.000000 1.842220
 70 3.177726 -0.000001 -0.000001 0.000000 0.000000 3.141593
 71 15.708953 0.000001 -0.000001 0.136460 0.001254 -0.052592
 72 0.275149 0.189214 -3.445208 3.130898 0.000409 -1.514604
 73 17.210194 -0.000002 0.000000 -0.000000 -0.000000 -2.328678
 74 -0.000000 0.000001 -4.999999 -0.079432 1.546568 -1.570855
 75 0.000002 -0.000003 -3.619081 0.034416 -3.071533 -0.493407
 76 16.573921 -0.000000 0.000000 0.000000 0.000000 -1.045581
 77 15.128181 0.000002 0.000000 0.002618 -0.051986 0.588317
 78 5.758665 4.244731 -0.000000 -0.000000 0.000000 1.815142
 79 4.003934 0.000000 0.000000 0.000000 0.000000 0.000000
 80 15.708955 0.000001 0.000000 0.004296 -0.037430 0.405337
 81 0.273998 0.191090 3.439762 -3.130907 -0.000437 -1.508107
 82 17.210194 0.000000 0.000000 -0.000000 -0.000000 -1.884228
 83 0.000000 -0.000001 5.000000 -0.079311 1.595025 -1.570737
time 60
  0 -0.650000 0.000000 33.899605 -0.025849 0.174554 -1.569172
  1 5.816420 0.852483 -32.971565 -0.174512 -0.026131 1.569196
  2 -2.276935 0.000003 -1.238188 -1.570795 -1.570451 0.000000
  3 1.796727 0.711885 0.000629 -0.193856 -0.035417 -0.121252
  4 4.119812 -0.002986 0.000626 -0.192326 0.044193 0.375152
  5 4.118741 -0.003212 0.000651 -0.199908 -0.024462 0.046454
  6 4.118614 -0.003204 0.000688 -0.211088 -0.026331 0.011045
  7 4.120429 -0.002992 -0.000492 0.153451 0.423691 0.611203
  8 4.443600 -0.000001 0.000000 1.050570 -0.762087 -0.507087
  9 9.024062 0.000001 -0.000000 0.000000 0.000000 0.000000
 10 -0.712369 0.244960 1.560949 -0.622151 -1.201079 -3.057549
 11 6.384776 -0.000001 -0.000002 -0.834608 1.181040 -0.772590
 12 10.242682 -0.000000 -0.000000 0.000000 -0.000000 -1.936921
 13 11.375561 -0.000001 -0.000001 2.785220 0.379726 0.400441
 14 0.728681 0.023430 -1.008293 1.333955 0.342501 0.850172
 15 2.136496 0.000001 -0.000001 0.000000 -0.000000 -0.084805
 16 2.313138 -0.000002 0.000001 0.000000 0.000000 0.000000
 17 3.115506 -0.886043 -0.021432 -0.488987 0.066908 0.630582
 18 2.011152 0.000000 0.000001 0.000000 0.000000 1.358351
 19 2.141381 -0.000000 0.000001 0.000000 0.000000 0.000000
 20 1.734173 0.000000 0.000001 0.000000 -0.000000 0.678544
 21 0.000005 -4.440594 -0.000000 1.570544 -0.062990 -0.195737
 22 6.000000 -0.000002 -0.000000 3.117447 -0.000000 -0.000000
 23 -0.000000 -4.440603 0.000001 1.569944 -0.062987 0.004053
 24 11.375561 -0.000001 0.000003 -2.533040 0.070898 0.334279
 25 -0.000001 -4.440603 -0.000000 1.570144 -0.062988 0.004040
 26 10.510131 -0.000000 -0.000001 0.000000 -0.000000 -2.539257
 27 -0.000001 -1.748401 4.999999 -0.000000 0.004007 1.602291
 28 5.500002 -0.000000 -0.000001 0.155479 0.000000 -0.000000
 29 -0.000001 -1.940598 5.000001 -0.044472 0.004003 -0.000180
 30 6.551491 -0.000000 0.000001 -0.351729 0.768335 -0.246065
 31 0.000001 -1.940599 5.000002 -0.027189 -0.053376 0.005295
 32 6.551490 0.000000 0.000001 -0.124037 0.364801 -0.069215
 33 -0.000001 -1.940599 4.999996 -0.066572 -0.152786 -0.110311
 34 0.712374 -0.237886 -1.560949 -1.141749 1.833579 1.295006
 35 6.384778 0.000000 -0.000000 -0.220092 -0.394785 -1.171193
 36 10.242682 -0.000000 0.000003 -0.000000 -0.000000 -2.083816
 37 11.375562 -0.000000 -0.000002 2.811565 -0.054516 0.198724
 38 0.728680 0.023431 1.008293 -1.579583 -0.319038 0.212973
 39 2.136497 -0.000001 0.000001 0.000000 -0.000000 1.282817
 40 2.313141 -0.000000 -0.000001 0.000000 0.000000 3.141593
 41 3.115506 -0.886041 0.021433 0.420766 0.316066 0.167178
 42 2.011151 0.000001 0.000002 0.000000 -0.000000 2.082010
 43 2.141379 0.000000 0.000000 0.000000 0.000000 3.141593
 44 1.734172 -0.000001 -0.000001 0.000000 0.000000 1.041748
 45 0.136316 -3.738192 2.525890 1.493698 2.759406 -1.474501
 46 14.562627 -1.166815 -0.284474 0.258917 0.054664 1.504024
 47 11.389367 -0.000818 0.158781 2.191850 0.008485 0.124155
 48 0.000001 -4.440598 0.000001 1.570144 -3.078602 0.004040
 49 6.000000 -0.000000 -0.000002 2.191850 0.000000 -0.000000
 50 0.000002 -4.440600 0.000001 1.569944 -3.078603 0.004053
 51 10.510131 0.000000 0.000004 -0.000000 -0.000000 -2.612704
 52 0.000000 -1.748400 -5.000000 -3.141593 0.004007 -1.539299
 53 5.500000 0.000000 0.000002 0.127153 -0.000000 -0.000000
 54 -0.000001 -0.000000 -5.000000 -0.044472 3.137589 -0.000177
 55 6.551492 -0.000000 0.000000 -0.127153 -0.078894 -0.317200
 56 -1.266844 -1.937443 -4.950560 -0.066572 -2.988806 -0.110308
 57 6.551492 0.000000 0.000000 -0.127153 -0.078894 -0.317200
 58 0.699370 -1.944208 -5.006849 -0.027189 -3.088217 0.005298
 59 4.226149 -0.003202 -0.000001 0.050627 0.246440 0.333770
 60 -0.000001 5.000000 0.000000 -0.153564 0.000087 2.718701
 61 0.000004 -0.000004 -3.713580 0.018865 -3.096651 -0.324845
 62 -0.000002 0.000000 5.000000 3.053198 1.558589 -0.074926
 63 -0.000007 0.000006 3.713580 -0.159276 -2.977491 -0.403653
 64 0.000001 -0.000000 -5.000000 -0.088724 1.558589 3.066337
 65 7.363602 1.646647 0.495663 3.141593 -1.570796 0.000000
 66 -0.000005 0.000007 3.619081 -0.217558 -2.796588 -0.810634
 67 16.573919 -0.000001 0.000000 0.000000 0.000000 -2.033247
 68 15.128181 0.000002 -0.000000 0.271612 0.009043 -0.097069
 69 5.758665 4.244730 0.000000 0.000000 -0.000000 1.842220
 70 3.177726 -0.000001 -0.000001 0.000000 0.000000 3.141593
 71 15.708953 0.000001 -0.000001 0.136460 0.001254 -0.052592
 72 0.275149 0.189214 -3.445208 3.130898 0.000409 -1.514604
 73 17.210194 -0.000002 0.000000 -0.000000 -0.000000 -2.328678
 74 -0.000000 0.000001 -4.999999 -0.079432 1.546568 -1.570855
 75 0.000002 -0.000003 -3.619081 0.034416 -3.071533 -0.493407
 76 16.573921 -0.000000 0.000000 0.000000 0.000000 -1.045581
 77 15.128181 0.000002 0.000000 0.002618 -0.051986 0.588317
 78 5.758665 4.244731 -0.000000 -0.000000 0.000000 1.815142
 79 4.003934 0.000000 0.000000 0.000000 0.000000 0.000000
 80 15.708955 0.000001 0.000000 0.004296 -0.037430 0.405337
 81 0.273998 0.191090 3.439762 -3.130907 -0.000437 -1.508107
 82 17.210194 0.000000 0.000000 -0.000000 -0.000000 -1.884228
 83 0.000000 -0.000001 5.000000 -0.079311 1.595025 -1.570737
time 61
  0 -0.650000 0.000000 33.899605 -0.025849 0.174554 -1.569172
  1 5.816420 0.852483 -32.971565 -0.174512 -0.026131 1.569196
  2 -2.276935 0.000003 -1.238188 -1.570795 -1.570451 0.000000
  3 1.796739 0.711884 0.000631 -0.194535 -0.036084 -0.117835
  4 4.119812 -0.002984 0.000628 -0.192853 0.044913 0.375847
  5 4.118732 -0.003211 0.000653 -0.200509 -0.023972 0.045698
  6 4.118621 -0.003206 0.000688 -0.211684 -0.026103 0.010336
  7 4.120377 -0.003021 -0.000496 0.155125 0.425900 0.595567
  8 4.443600 -0.000002 -0.000000 0.971842 -0.792426 -0.424654
  9 9.024061 0.000000 -0.000000 0.000000 0.000000 0.000000
 10 -0.715857 0.247328 1.558984 -0.608220 -1.200577 -3.054406
 11 6.384776 0.000001 0.000001 -1.182362 1.227837 -1.232626
 12 10.242681 -0.000000 0.000001 0.000000 0.000000 -2.052891
 13 11.375562 0.000000 0.000000 2.954050 0.325455 0.485559
 14 0.728680 0.023430 -1.008292 1.314799 0.373439 0.823663
 15 2.136497 -0.000000 0.000000 0.000000 0.000000 -0.084145
 16 2.313140 0.000000 -0.000000 0.000000 0.000000 0.000000
 17 3.115506 -0.886043 -0.021432 -0.485713 0.059721 0.618486
 18 2.011152 -0.000000 -0.000000 -0.000000 -0.000000 1.354605
 19 2.141380 -0.000001 -0.000001 0.000000 0.000000 0.000000
 20 1.734175 0.000002 0.000000 -0.000000 -0.000000 0.676663
 21 0.000005 -4.440594 0.000001 1.570544 -0.062990 -0.195737
 22 6.000001 -0.000003 -0.000000 -3.009013 0.000000 0.000000
 23 0.000002 -4.440600 -0.000000 1.569944 -0.062987 0.004053
 24 11.375562 0.000000 0.000003 -2.457165 0.035463 0.344825
 25 -0.000001 -4.440603 0.000000 1.570144 -0.062988 0.004040
 26 10.510129 -0.000000 -0.000000 0.000000 -0.000000 -2.597242
 27 0.000002 -1.748401 4.999999 0.000000 0.004007 1.602291
 28 5.499998 -0.000000 0.000000 0.109387 0.000000 0.000000
 29 0.000000 -1.940599 5.000000 -0.044472 0.004003 -0.000180
 30 6.551492 -0.000001 -0.000001 -0.347767 0.894408 -0.448384
 31 0.000004 -1.940600 5.000000 -0.027189 -0.053376 0.005295
 32 6.551492 -0.000001 -0.000001 -0.080816 0.413452 -0.135222
 33 0.000001 -1.940599 4.999996 -0.066572 -0.152786 -0.110311
 34 0.715863 -0.240257 -1.558984 -1.145431 1.881956 1.290596
 35 6.384777 0.000000 -0.000002 -0.205609 -0.399735 -0.997894
 36 10.242684 0.000001 0.000003 0.000000 -0.000000 -2.203914
 37 11.375562 -0.000001 -0.000002 2.733014 -0.088082 0.117122
 38 0.728680 0.023431 1.008292 -1.579583 -0.319038 0.212973
 39 2.136497 -0.000001 0.000000 -0.000000 0.000000 1.282817
 40 2.313138 -0.000000 -0.000000 0.000000 0.000000 3.141593
 41 3.115506 -0.886041 0.021431 0.420766 0.316066 0.167178
 42 2.011150 0.000001 -0.000001 -0.000000 0.000000 2.082010
 43 2.141378 0.000000 -0.000001 0.000000 0.000000 3.141593
 44 1.734172 -0.000000 -0.000001 -0.000000 -0.000000 1.041748
 45 0.136315 -3.738192 2.525889 1.493698 2.759406 -1.474501
 46 14.562627 -1.166814 -0.284480 0.258917 0.054664 1.504024
 47 11.389366 -0.000818 0.158782 2.151871 -0.028177 0.083045
 48 0.000000 -4.440599 -0.000000 1.570144 -3.078602 0.004040
 49 6.000000 0.000001 -0.000000 2.151871 0.000000 -0.000000
 50 0.000001 -4.440601 0.000001 1.569944 -3.078603 0.004053
 51 10.510132 0.000001 0.000002 -0.000000 -0.000000 -2.672753
 52 -0.000000 -1.748399 -5.000002 -3.141593 0.004007 -1.539299
 53 5.500000 0.000001 0.000002 0.105337 0.000000 -0.000000
 54 -0.000000 0.000001 -5.000000 -0.044472 3.137589 -0.000177
 55 6.551491 0.000000 -0.000001 -0.105337 -0.096597 -0.284502
 56 -1.266843 -1.937443 -4.950560 -0.066572 -2.988806 -0.110308
 57 6.551491 0.000000 -0.000001 -0.105337 -0.096597 -0.284502
 58 0.699370 -1.944208 -5.006845 -0.027189 -3.088217 0.005298
 59 4.226147 -0.003202 -0.000000 0.052255 0.247580 0.325802
 60 0.000002 5.000000 -0.000000 -0.153564 0.000087 2.718702
 61 0.000004 -0.000004 -3.713580 0.018865 -3.096651 -0.324845
 62 -0.000002 0.000000 5.000000 3.053198 1.558589 -0.074926
 63 -0.000007 0.000006 3.713580 -0.159276 -2.977491 -0.403653
 64 0.000001 -0.000000 -5.000000 -0.088724 1.558589 3.066337
 65 7.363602 1.646647 0.495663 3.141593 -1.570796 0.000000
 66 -0.000005 0.000007 3.619081 -0.217558 -2.796588 -0.810634
 67 16.573919 -0.000001 0.000000 0.000000 0.000000 -2.033247
 68 15.128181 0.000002 -0.000000 0.271612 0.009043 -0.097069
 69 5.758665 4.244730 0.000000 0.000000 -0.000000 1.842220
 70 3.177726 -0.000001 -0.000001 0.000000 0.000000 3.141593
 71 15.708953 0.000001 -0.000001 0.136460 0.001254 -0.052592
 72 0.275149 0.189214 -3.445208 3.130898 0.000409 -1.514604
 73 17.210194 -0.000002 0.000000 -0.000000 -0.000000 -2.328678
 74 -0.000000 0.000001 -4.999999 -0.079432 1.546568 -1.570855
 75 0.000002 -0.000003 -3.619081 0.034416 -3.071533 -0.493407
 76 16.573921 -0.000000 0.000000 0.000000 0.000000 -1.045581
 77 15.128181 0.000002 0.000000 0.002618 -0.051986 0.588317
 78 5.758665 4.244731 -0.000000 -0.000000 0.000000 1.815142
 79 4.003934 0.000000 0.000000 0.000000 0.000000 0.000000
 80 15.708955 0.000001 0.000000 0.004296 -0.037430 0.405337
 81 0.273998 0.191090 3.439762 -3.130907 -0.000437 -1.508107
 82 17.210194 0.000000 0.000000 -0.000000 -0.000000 -1.884228
 83 0.000000 -0.000001 5.000000 -0.079311 1.595025 -1.570737
time 62
  0 -0.650000 0.000000 33.899605 -0.025849 0.174554 -1.569172
  1 5.816420 0.852483 -32.971565 -0.174512 -0.026131 1.569196
  2 -2.276935 0.000003 -1.238188 -1.570795 -1.570451 0.000000
  3 1.796750 0.711882 0.000633 -0.195212 -0.036761 -0.114417
  4 4.119811 -0.002983 0.000630 -0.193375 0.045634 0.376542
  5 4.118731 -0.003212 0.000655 -0.201107 -0.023476 0.044941
  6 4.118617 -0.003207 0.000690 -0.212276 -0.025871 0.009626
  7 4.120326 -0.003050 -0.000502 0.156762 0.428132 0.579924
  8 4.443600 0.000001 -0.000000 0.893665 -0.808357 -0.346999
  9 9.024059 -0.000001 -0.000000 0.000000 0.000000 0.000000
 10 -0.719378 0.249634 1.557000 -0.585314 -1.201333 -3.061459
 11 6.384777 0.000001 0.000002 -1.565419 1.187059 -1.629496
 12 10.242682 -0.000000 0.000000 0.000000 -0.000000 -2.095581
 13 11.375561 -0.000003 0.000000 3.129548 0.349206 0.574390
 14 0.728681 0.023431 -1.008292 1.316036 0.371508 0.825358
 15 2.136496 0.000002 -0.000002 0.000000 0.000000 -0.084187
 16 2.313140 -0.000001 0.000001 0.000000 0.000000 0.000000
 17 3.115506 -0.886043 -0.021431 -0.485922 0.060172 0.619247
 18 2.011152 0.000001 -0.000001 0.000000 -0.000000 1.354841
 19 2.141379 -0.000001 -0.000000 0.000000 0.000000 0.000000
 20 1.734173 0.000000 -0.000001 -0.000000 0.000000 0.676782
 21 0.000006 -4.440594 0.000000 1.570544 -0.062990 -0.195737
 22 5.999999 -0.000001 0.000000 -2.853820 0.000000 -0.000000
 23 0.000001 -4.440599 -0.000001 1.569944 -0.062987 0.004053
 24 11.375561 -0.000003 0.000003 -2.375100 0.045881 0.377897
 25 -0.000001 -4.440606 0.000001 1.570144 -0.062988 0.004040
 26 10.510130 -0.000000 -0.000000 0.000000 -0.000000 -2.618587
 27 0.000003 -1.748401 4.999999 0.000000 0.004007 1.602290
 28 5.500002 0.000000 0.000001 0.133391 -0.000000 0.000000
 29 0.000001 -1.940598 5.000000 -0.044472 0.004003 -0.000180
 30 6.551492 -0.000001 -0.000001 -0.554592 1.027738 -0.689839
 31 0.000003 -1.940600 5.000002 -0.027189 -0.053376 0.005295
 32 6.551492 -0.000000 -0.000002 -0.093305 0.460040 -0.165133
 33 -0.000000 -1.940598 4.999997 -0.066572 -0.152786 -0.110311
 34 0.719384 -0.242557 -1.557001 -1.143132 1.911262 1.299192
 35 6.384777 0.000001 0.000004 -0.206331 -0.399219 -0.937254
 36 10.242681 -0.000000 0.000001 0.000000 0.000000 -2.252031
 37 11.375562 0.000001 0.000001 2.688540 -0.049756 0.065782
 38 0.728680 0.023431 1.008294 -1.579583 -0.319038 0.212973
 39 2.136496 0.000002 -0.000000 -0.000000 0.000000 1.282817
 40 2.313139 -0.000000 0.000000 0.000000 0.000000 3.141593
 41 3.115506 -0.886040 0.021434 0.420766 0.316066 0.167178
 42 2.011152 -0.000001 0.000001 -0.000000 0.000000 2.082010
 43 2.141381 0.000001 0.000001 0.000000 0.000000 3.141593
 44 1.734172 -0.000002 0.000001 -0.000000 -0.000000 1.041748
 45 0.136315 -3.738194 2.525890 1.493698 2.759406 -1.474501
 46 14.562628 -1.166815 -0.284474 0.258917 0.054664 1.504024
 47 11.389367 -0.000819 0.158781 2.129455 -0.016644 0.046554
 48 0.000000 -4.440599 -0.000001 1.570144 -3.078602 0.004040
 49 6.000000 -0.000001 -0.000001 2.129455 0.000000 0.000000
 50 0.000002 -4.440600 -0.000002 1.569944 -3.078603 0.004053
 51 10.510130 0.000001 -0.000000 0.000000 0.000000 -2.696812
 52 0.000000 -1.748399 -5.000001 -3.141593 0.004007 -1.539299
 53 5.500000 -0.000000 0.000002 0.101008 -0.000000 0.000000
 54 -0.000000 -0.000001 -5.000000 -0.044472 3.137589 -0.000177
 55 6.551491 0.000001 0.000001 -0.101008 -0.100858 -0.275209
 56 -1.266844 -1.937444 -4.950559 -0.066572 -2.988806 -0.110308
 57 6.551492 0.000001 0.000001 -0.101008 -0.100858 -0.275209
 58 0.699370 -1.944208 -5.006845 -0.027189 -3.088217 0.005298
 59 4.226144 -0.003201 0.000000 0.053874 0.248739 0.317786
 60 -0.000001 5.000001 0.000000 -0.153564 0.000087 2.718702
 61 0.000004 -0.000004 -3.713580 0.018865 -3.096651 -0.324845
 62 -0.000002 0.000000 5.000000 3.053198 1.558589 -0.074926
 63 -0.000007 0.000006 3.713580 -0.159276 -2.977491 -0.403653
 64 0.000001 -0.000000 -5.000000 -0.088724 1.558589 3.066337
 65 7.363602 1.646647 0.495663 3.141593 -1.570796 0.000000
 66 -0.000005 0.000007 3.619081 -0.217558 -2.796588 -0.810634
 67 16.573919 -0.000001 0.000000 0.000000 0.000000 -2.033247
 68 15.128181 0.000002 -0.000000 0.271612 0.009043 -0.097069
 69 5.758665 4.244730 0.000000 0.000000 -0.000000 1.842220
 70 3.177726 -0.000001 -0.000001 0.000000 0.000000 3.141593
 71 15.708953 0.000001 -0.000001 0.136460 0.001254 -0.052592
 72 0.275149 0.189214 -3.445208 3.130898 0.000409 -1.514604
 73 17.210194 -0.000002 0.000000 -0.000000 -0.000000 -2.328678
 74 -0.000000 0.000001 -4.999999 -0.079432 1.546568 -1.570855
 75 0.000002 -0.000003 -3.619081 0.034416 -3.071533 -0.493407
 76 16.573921 -0.000000 0.000000 0.000000 0.000000 -1.045581
 77 15.128181 0.000002 0.000000 0.002618 -0.051986 0.588317
 78 5.758665 4.244731 -0.000000 -0.000000 0.000000 1.815142
 79 4.003934 0.000000 0.000000 0.000000 0.000000 0.000000
 80 15.708955 0.000001 0.000000 0.004296 -0.037430 0.405337
 81 0.273998 0.191090 3.439762 -3.130907 -0.000437 -1.508107
 82 17.210194 0.000000 0.000000 -0.000000 -0.000000 -1.884228
 83 0.000000 -0.000001 5.000000 -0.079311 1.595025 -1.570737
time 63
  0 -0.650000 0.000000 33.899605 -0.025849 0.174554 -1.569172
  1 5.816420 0.852483 -32.971565 -0.174512 -0.026131 1.569196
  2 -2.276935 0.000003 -1.238188 -1.570795 -1.570451 0.000000
  3 1.796762 0.711881 0.000635 -0.195891 -0.037440 -0.110997
  4 4.119812 -0.002981 0.000631 -0.193895 0.046357 0.377236
  5 4.118731 -0.003212 0.000657 -0.201703 -0.022978 0.044183
  6 4.118613 -0.003205 0.000693 -0.212866 -0.025639 0.008916
  7 4.120284 -0.003072 -0.000506 0.158010 0.429884 0.567749
  8 4.443598 0.000001 0.000001 0.855098 -0.793317 -0.317490
  9 9.024058 0.000001 -0.000000 0.000000 0.000000 0.000000
 10 -0.722140 0.251376 1.555445 -0.568938 -1.201699 -3.065307
 11 6.384775 0.000000 0.000001 1.417733 1.984897 1.351120
 12 10.242682 0.000000 0.000000 0.000000 0.000000 -2.108844
 13 11.375561 -0.000001 0.000000 -3.071666 0.357088 0.613558
 14 0.728681 0.023431 -1.008291 1.313604 0.375297 0.822027
 15 2.136497 -0.000000 0.000001 -0.000000 0.000000 -0.084106
 16 2.313140 0.000001 0.000000 0.000000 0.000000 0.000000
 17 3.115507 -0.886042 -0.021432 -0.485512 0.059287 0.617753
 18 2.011151 -0.000000 0.000002 0.000000 -0.000000 1.354379
 19 2.141377 0.000000 -0.000001 0.000000 0.000000 0.000000
 20 1.734173 0.000000 0.000001 0.000000 -0.000000 0.676549
 21 0.000006 -4.440594 0.000000 1.570544 -0.062990 -0.195737
 22 6.000000 -0.000001 -0.000001 -2.784016 -0.000000 0.000000
 23 0.000002 -4.440600 -0.000001 1.569944 -0.062987 0.004053
 24 11.375562 -0.000001 0.000003 -2.337001 0.050572 0.391594
 25 -0.000001 -4.440602 -0.000001 1.570144 -0.062988 0.004040
 26 10.510132 0.000000 -0.000000 -0.000000 -0.000000 -2.625218
 27 -0.000001 -1.748401 4.999998 -0.000000 0.004007 1.602291
 28 5.500000 0.000000 -0.000000 0.147409 0.000000 -0.000000
 29 -0.000001 -1.940599 5.000001 -0.044472 0.004003 -0.000180
 30 6.551490 0.000000 0.000003 -0.712081 1.085277 -0.854100
 31 -0.000000 -1.940599 5.000001 -0.027189 -0.053376 0.005295
 32 6.551490 0.000000 0.000003 -0.100183 0.478830 -0.175191
 33 -0.000001 -1.940599 4.999997 -0.066572 -0.152786 -0.110311
 34 0.722140 -0.244295 -1.555445 -1.140225 1.927733 1.309288
 35 6.384776 0.000001 0.000002 -0.204282 -0.400964 -0.904651
 36 10.242683 0.000000 -0.000000 0.000000 -0.000000 -2.277424
 37 11.375562 -0.000001 -0.000001 2.669949 -0.045331 0.042564
 38 0.728680 0.023431 1.008293 -1.579583 -0.319038 0.212973
 39 2.136496 0.000002 -0.000000 0.000000 -0.000000 1.282817
 40 2.313138 0.000000 0.000000 0.000000 0.000000 3.141593
 41 3.115507 -0.886041 0.021431 0.420765 0.316066 0.167178
 42 2.011151 -0.000001 -0.000001 -0.000000 0.000000 2.082010
 43 2.141380 0.000000 -0.000001 0.000000 0.000000 3.141593
 44 1.734173 -0.000002 -0.000001 -0.000000 0.000000 1.041748
 45 0.136316 -3.738194 2.525891 1.493698 2.759406 -1.474501
 46 14.562627 -1.166814 -0.284474 0.258917 0.054664 1.504024
 47 11.389367 -0.000820 0.158780 2.120073 -0.018412 0.032218
 48 -0.000000 -4.440599 0.000002 1.570144 -3.078602 0.004040
 49 6.000000 -0.000000 -0.000000 2.120073 -0.000000 -0.000000
 50 0.000002 -4.440602 0.000002 1.569944 -3.078603 0.004053
 51 10.510131 0.000000 0.000001 -0.000000 0.000000 -2.709508
 52 -0.000001 -1.748398 -5.000000 -3.141593 0.004007 -1.539299
 53 5.500000 0.000000 -0.000000 0.098223 0.000000 0.000000
 54 -0.000000 0.000001 -5.000000 -0.044472 3.137589 -0.000177
 55 6.551490 0.000001 0.000000 -0.098223 -0.104212 -0.270279
 56 -1.266843 -1.937443 -4.950561 -0.066572 -2.988806 -0.110308
 57 6.551490 0.000001 0.000000 -0.098223 -0.104212 -0.270279
 58 0.699371 -1.944208 -5.006849 -0.027189 -3.088217 0.005298
 59 4.226146 -0.003203 -0.000001 0.055128 0.249651 0.311514
 60 0.000001 4.999999 0.000001 -0.153564 0.000087 2.718702
 61 0.000004 -0.000004 -3.713580 0.018865 -3.096651 -0.324845
 62 -0.000002 0.000000 5.000000 3.053198 1.558589 -0.074926
 63 -0.000007 0.000006 3.713580 -0.159276 -2.977491 -0.403653
 64 0.000001 -0.000000 -5.000000 -0.088724 1.558589 3.066337
 65 7.363602 1.646647 0.495663 3.141593 -1.570796 0.000000
 66 -0.000005 0.000007 3.619081 -0.217558 -2.796588 -0.810634
 67 16.573919 -0.000001 0.000000 0.000000 0.000000 -2.033247
 68 15.128181 0.000002 -0.000000 0.271612 0.009043 -0.097069
 69 5.758665 4.244730 0.000000 0.000000 -0.000000 1.842220
 70 3.177726 -0.000001 -0.000001 0.000000 0.000000 3.141593
 71 15.708953 0.000001 -0.000001 0.136460 0.001254 -0.052592
 72 0.275149 0.189214 -3.445208 3.130898 0.000409 -1.514604
 73 17.210194 -0.000002 0.000000 -0.000000 -0.000000 -2.328678
 74 -0.000000 0.000001 -4.999999 -0.079432 1.546568 -1.570855
 75 0.000002 -0.000003 -3.619081 0.034416 -3.071533 -0.493407
 76 16.573921 -0.000000 0.000000 0.000000 0.000000 -1.045581
 77 15.128181 0.000002 0.000000 0.002618 -0.051986 0.588317
 78 5.758665 4.244731 -0.000000 -0.000000 0.000000 1.815142
 79 4.003934 0.000000 0.000000 0.000000 0.000000 0.000000
 80 15.708955 0.000001 0.000000 0.004296 -0.037430 0.405337
 81 0.273998 0.191090 3.439762 -3.130907 -0.000437 -1.508107
 82 17.210194 0.000000 0.000000 -0.000000 -0.000000 -1.884228
 83 0.000000 -0.000001 5.000000 -0.079311 1.595025 -1.570737
time 64
  0 -0.650000 0.000000 33.899605 -0.025849 0.174554 -1.569172
  1 5.816420 0.852483 -32.971565 -0.174512 -0.026131 1.569196
  2 -2.276935 0.000003 -1.238188 -1.570795 -1.570451 0.000000
  3 1.796773 0.711881 0.000638 -0.196572 -0.038114 -0.107577
  4 4.119816 -0.002980 0.000633 -0.194415 0.047080 0.377930
  5 4.118727 -0.003211 0.000658 -0.202300 -0.022482 0.043425
  6 4.118609 -0.003205 0.000695 -0.213457 -0.025408 0.008205
  7 4.120261 -0.003085 -0.000508 0.158811 0.431035 0.559804
  8 4.443596 0.000001 -0.000001 0.864231 -0.745266 -0.345849
  9 9.024060 -0.000002 0.000000 0.000000 0.000000 0.000000
 10 -0.723952 0.252491 1.554425 -0.563101 -1.201358 -3.062321
 11 6.384777 0.000000 -0.000002 1.430551 2.035894 1.345798
 12 10.242683 0.000000 0.000000 -0.000000 -0.000000 -2.128608
 13 11.375561 0.000000 0.000002 -3.027768 0.354844 0.653643
 14 0.728681 0.023434 -1.008293 1.300627 0.394946 0.804401
 15 2.136497 0.000001 -0.000001 -0.000000 -0.000000 -0.083681
 16 2.313140 -0.000001 0.000000 0.000000 0.000000 0.000000
 17 3.115507 -0.886038 -0.021432 -0.483355 0.054680 0.609951
 18 2.011149 -0.000001 0.000000 0.000000 0.000000 1.351967
 19 2.141380 0.000002 0.000001 0.000000 0.000000 0.000000
 20 1.734170 -0.000001 -0.000000 -0.000000 -0.000000 0.675338
 21 0.000005 -4.440594 0.000000 1.570544 -0.062990 -0.195737
 22 6.000000 -0.000001 0.000001 -2.748938 -0.000000 -0.000000
 23 -0.000001 -4.440603 -0.000001 1.569944 -0.062987 0.004053
 24 11.375561 -0.000000 0.000004 -2.317612 0.046247 0.406029
 25 0.000001 -4.440604 0.000001 1.570144 -0.062988 0.004040
 26 10.510135 0.000001 -0.000000 0.000000 0.000000 -2.635100
 27 0.000003 -1.748400 4.999999 -0.000000 0.004007 1.602290
 28 5.500003 0.000000 0.000000 0.157740 -0.000000 0.000000
 29 -0.000004 -1.940599 5.000000 -0.044472 0.004003 -0.000180
 30 6.551491 0.000001 0.000002 -0.766325 1.065499 -0.939745
 31 -0.000001 -1.940598 5.000002 -0.027189 -0.053376 0.005295
 32 6.551491 0.000001 0.000002 -0.106186 0.475424 -0.196261
 33 -0.000001 -1.940598 4.999999 -0.066572 -0.152786 -0.110311
 34 0.723951 -0.245413 -1.554426 -1.138949 1.941423 1.314200
 35 6.384777 -0.000000 0.000001 -0.207220 -0.400675 -0.883899
 36 10.242682 0.000001 -0.000001 0.000000 -0.000000 -2.295757
 37 11.375561 0.000001 -0.000001 2.650065 -0.008329 0.010625
 38 0.728680 0.023432 1.008294 -1.579583 -0.319038 0.212973
 39 2.136497 -0.000003 -0.000001 0.000000 0.000000 1.282817
 40 2.313140 -0.000000 0.000000 0.000000 0.000000 3.141593
 41 3.115506 -0.886041 0.021431 0.420765 0.316066 0.167178
 42 2.011151 -0.000001 0.000001 -0.000000 0.000000 2.082010
 43 2.141381 0.000000 0.000002 0.000000 0.000000 3.141593
 44 1.734172 -0.000001 0.000001 0.000000 0.000000 1.041748
 45 0.136315 -3.738193 2.525891 1.493698 2.759406 -1.474501
 46 14.562628 -1.166814 -0.284473 0.258917 0.054664 1.504024
 47 11.389366 -0.000821 0.158778 2.110162 -0.002940 0.007531
 48 0.000000 -4.440599 -0.000001 1.570144 -3.078602 0.004040
 49 6.000000 0.000000 -0.000001 2.110162 0.000000 0.000000
 50 0.000002 -4.440600 0.000001 1.569944 -3.078603 0.004053
 51 10.510130 0.000001 -0.000002 0.000000 0.000000 -2.718675
 52 0.000000 -1.748399 -5.000000 3.141593 0.004007 -1.539299
 53 5.500000 -0.000000 -0.000001 0.097781 -0.000000 -0.000000
 54 -0.000001 0.000001 -5.000003 -0.044472 3.137589 -0.000177
 55 6.551491 -0.000000 0.000000 -0.097781 -0.105209 -0.267346
 56 -1.266843 -1.937444 -4.950560 -0.066572 -2.988806 -0.110308
 57 6.551491 -0.000000 0.000000 -0.097781 -0.105209 -0.267346
 58 0.699371 -1.944209 -5.006846 -0.027189 -3.088217 0.005298
 59 4.226147 -0.003201 -0.000000 0.055943 0.250252 0.307405
 60 -0.000002 5.000000 0.000000 -0.153564 0.000087 2.718702
 61 0.000004 -0.000004 -3.713580 0.018865 -3.096651 -0.324845
 62 -0.000002 0.000000 5.000000 3.053198 1.558589 -0.074926
 63 -0.000007 0.000006 3.713580 -0.159276 -2.977491 -0.403653
 64 0.000001 -0.000000 -5.000000 -0.088724 1.558589 3.066337
 65 7.363602 1.646647 0.495663 3.141593 -1.570796 0.000000
 66 -0.000005 0.000007 3.619081 -0.217558 -2.796588 -0.810634
 67 16.573919 -0.000001 0.000000 0.000000 0.000000 -2.033247
 68 15.128181 0.000002 -0.000000 0.271612 0.009043 -0.097069
 69 5.758665 4.244730 0.000000 0.000000 -0.000000 1.842220
 70 3.177726 -0.000001 -0.000001 0.000000 0.000000 3.141593
 71 15.708953 0.000001 -0.000001 0.136460 0.001254 -0.052592
 72 0.275149 0.189214 -3.445208 3.130898 0.000409 -1.514604
 73 17.210194 -0.000002 0.000000 -0.000000 -0.000000 -2.328678
 74 -0.000000 0.000001 -4.999999 -0.079432 1.546568 -1.570855
 75 0.000002 -0.000003 -3.619081 0.034416 -3.071533 -0.493407
 76 16.573921 -0.000000 0.000000 0.000000 0.000000 -1.045581
 77 15.128181 0.000002 0.000000 0.002618 -0.051986 0.588317
 78 5.758665 4.244731 -0.000000 -0.000000 0.000000 1.815142
 79 4.003934 0.000000 0.000000 0.000000 0.000000 0.000000
 80 15.708955 0.000001 0.000000 0.004296 -0.037430 0.405337
 81 0.273998 0.191090 3.439762 -3.130907 -0.000437 -1.508107
 82 17.210194 0.000000 0.000000 -0.000000 -0.000000 -1.884228
 83 0.000000 -0.000001 5.000000 -0.079311 1.595025 -1.570737
time 65
  0 -0.650000 0.000000 33.899605 -0.025849 0.174554 -1.569172
  1 5.816420 0.852483 -32.971565 -0.174512 -0.026131 1.569196
  2 -2.276935 0.000003 -1.238188 -1.570795 -1.570451 0.000000
  3 1.796785 0.711879 0.000640 -0.197259 -0.038777 -0.104158
  4 4.119818 -0.002978 0.000635 -0.194938 0.047801 0.378624
  5 4.118723 -0.003209 0.000661 -0.202901 -0.021991 0.042668
  6 4.118615 -0.003208 0.000695 -0.214052 -0.025180 0.007496
  7 4.120239 -0.003095 -0.000510 0.159397 0.431887 0.553937
  8 4.443598 -0.000000 0.000000 0.892281 -0.676300 -0.400389
  9 9.024064 -0.000002 0.000000 0.000000 0.000000 0.000000
 10 -0.725293 0.253302 1.553670 -0.560426 -1.200932 -3.058262
 11 6.384776 -0.000000 -0.000000 1.465943 2.104466 1.374941
 12 10.242684 0.000001 0.000001 -0.000000 0.000000 -2.140635
 13 11.375563 -0.000003 0.000000 -2.982886 0.361702 0.708278
 14 0.728680 0.023428 -1.008291 1.286730 0.414989 0.785771
 15 2.136498 -0.000000 -0.000001 -0.000000 -0.000000 -0.083242
 16 2.313139 -0.000001 0.000001 0.000000 0.000000 0.000000
 17 3.115506 -0.886041 -0.021431 -0.481092 0.049945 0.601893
 18 2.011149 -0.000001 0.000001 0.000000 -0.000000 1.349478
 19 2.141379 -0.000000 0.000000 0.000000 0.000000 0.000000
 20 1.734171 0.000001 0.000000 0.000000 -0.000000 0.674088
 21 0.000007 -4.440593 0.000000 1.570544 -0.062990 -0.195737
 22 6.000000 -0.000001 0.000000 -2.715120 0.000000 -0.000000
 23 0.000000 -4.440602 -0.000001 1.569944 -0.062987 0.004053
 24 11.375561 -0.000001 0.000004 -2.298806 0.044571 0.428234
 25 -0.000001 -4.440605 0.000000 1.570144 -0.062988 0.004040
 26 10.510132 0.000001 0.000000 -0.000000 0.000000 -2.641114
 27 -0.000001 -1.748400 4.999998 0.000000 0.004007 1.602290
 28 5.500001 0.000000 0.000000 0.181232 0.000000 -0.000000
 29 -0.000000 -1.940599 5.000001 -0.044472 0.004003 -0.000180
 30 6.551492 -0.000000 -0.000001 -0.818977 1.023523 -1.001442
 31 0.000003 -1.940599 5.000001 -0.027189 -0.053376 0.005295
 32 6.551492 -0.000000 -0.000001 -0.122969 0.466982 -0.217319
 33 0.000000 -1.940599 4.999995 -0.066572 -0.152786 -0.110311
 34 0.725294 -0.246224 -1.553669 -1.137846 1.950403 1.318393
 35 6.384777 0.000000 -0.000003 -0.213563 -0.398259 -0.885931
 36 10.242681 -0.000001 -0.000001 0.000000 -0.000000 -2.299823
 37 11.375561 0.000001 -0.000000 2.633317 0.052480 -0.020312
 38 0.728681 0.023431 1.008291 -1.579583 -0.319038 0.212973
 39 2.136496 -0.000001 -0.000000 -0.000000 0.000000 1.282817
 40 2.313140 -0.000001 0.000000 0.000000 0.000000 3.141593
 41 3.115506 -0.886041 0.021432 0.420765 0.316066 0.167178
 42 2.011151 -0.000000 -0.000001 -0.000000 0.000000 2.082010
 43 2.141380 0.000000 -0.000000 0.000000 0.000000 3.141593
 44 1.734173 -0.000002 -0.000003 -0.000000 0.000000 1.041748
 45 0.136315 -3.738192 2.525890 1.493698 2.759406 -1.474501
 46 14.562629 -1.166815 -0.284477 0.258917 0.054664 1.504024
 47 11.389366 -0.000818 0.158781 2.101628 0.026505 -0.020146
 48 0.000000 -4.440598 -0.000001 1.570144 -3.078602 0.004040
 49 6.000000 0.000000 -0.000002 2.101628 0.000000 -0.000000
 50 0.000002 -4.440602 0.000000 1.569944 -3.078603 0.004053
 51 10.510130 -0.000000 -0.000002 -0.000000 -0.000000 -2.720708
 52 0.000000 -1.748400 -5.000002 -3.141593 0.004007 -1.539299
 53 5.499999 -0.000001 -0.000001 0.099784 0.000000 0.000000
 54 -0.000001 0.000002 -5.000003 -0.044472 3.137589 -0.000177
 55 6.551491 0.000000 -0.000001 -0.099784 -0.103259 -0.267876
 56 -1.266843 -1.937444 -4.950559 -0.066572 -2.988806 -0.110308
 57 6.551492 0.000000 -0.000001 -0.099784 -0.103259 -0.267876
 58 0.699370 -1.944209 -5.006846 -0.027189 -3.088217 0.005298
 59 4.226143 -0.003201 0.000000 0.056544 0.250698 0.304363
 60 0.000001 5.000000 0.000000 -0.153564 0.000087 2.718702
 61 0.000004 -0.000004 -3.713580 0.018865 -3.096651 -0.324845
 62 -0.000002 0.000000 5.000000 3.053198 1.558589 -0.074926
 63 -0.000007 0.000006 3.713580 -0.159276 -2.977491 -0.403653
 64 0.000001 -0.000000 -5.000000 -0.088724 1.558589 3.066337
 65 7.363602 1.646647 0.495663 3.141593 -1.570796 0.000000
 66 -0.000005 0.000007 3.619081 -0.217558 -2.796588 -0.810634
 67 16.573919 -0.000001 0.000000 0.000000 0.000000 -2.033247
 68 15.128181 0.000002 -0.000000 0.271612 0.009043 -0.097069
 69 5.758665 4.244730 0.000000 0.000000 -0.000000 1.842220
 70 3.177726 -0.000001 -0.000001 0.000000 0.000000 3.141593
 71 15.708953 0.000001 -0.000001 0.136460 0.001254 -0.052592
 72 0.275149 0.189214 -3.445208 3.130898 0.000409 -1.514604
 73 17.210194 -0.000002 0.000000 -0.000000 -0.000000 -2.328678
 74 -0.000000 0.000001 -4.999999 -0.079432 1.546568 -1.570855
 75 0.000002 -0.000003 -3.619081 0.034416 -3.071533 -0.493407
 76 16.573921 -0.000000 0.000000 0.000000 0.000000 -1.045581
 77 15.128181 0.000002 0.000000 0.002618 -0.051986 0.588317
 78 5.758665 4.244731 -0.000000 -0.000000 0.000000 1.815142
 79 4.003934 0.000000 0.000000 0.000000 0.000000 0.000000
 80 15.708955 0.000001 0.000000 0.004296 -0.037430 0.405337
 81 0.273998 0.191090 3.439762 -3.130907 -0.000437 -1.508107
 82 17.210194 0.000000 0.000000 -0.000000 -0.000000 -1.884228
 83 0.000000 -0.000001 5.000000 -0.079311 1.595025 -1.570737
time 66
  0 -0.650000 0.000000 33.899605 -0.025849 0.174554 -1.569172
  1 5.816420 0.852483 -32.971565 -0.174512 -0.026131 1.569196
  2 -2.276935 0.000003 -1.238188 -1.570795 -1.570451 0.000000
  3 1.796793 0.711879 0.000642 -0.197953 -0.039421 -0.100740
  4 4.119822 -0.002978 0.000636 -0.195466 0.048520 0.379319
  5 4.118723 -0.003209 0.000663 -0.203509 -0.021508 0.041912
  6 4.118608 -0.003205 0.000698 -0.214653 -0.024957 0.006787
  7 4.120223 -0.003103 -0.000510 0.159860 0.432570 0.549258
  8 4.443597 -0.000002 -0.000000 0.924352 -0.593811 -0.463904
  9 9.024060 0.000001 -0.000000 0.000000 0.000000 0.000000
 10 -0.726367 0.253941 1.553064 -0.559604 -1.200452 -3.053536
 11 6.384776 0.000001 -0.000001 1.509204 2.180870 1.420664
 12 10.242681 -0.000000 0.000001 -0.000000 -0.000000 -2.143986
 13 11.375560 0.000001 0.000001 -2.944711 0.374332 0.764470
 14 0.728681 0.023432 -1.008292 1.271912 0.435304 0.766159
 15 2.136495 -0.000001 0.000001 -0.000000 -0.000000 -0.082792
 16 2.313139 0.000001 0.000000 0.000000 0.000000 0.000000
 17 3.115507 -0.886039 -0.021432 -0.478731 0.045104 0.593615
 18 2.011151 -0.000001 0.000000 -0.000000 0.000000 1.346924
 19 2.141380 0.000001 -0.000001 0.000000 0.000000 0.000000
 20 1.734172 0.000001 -0.000001 -0.000000 0.000000 0.672806
 21 0.000005 -4.440593 -0.000000 1.570544 -0.062990 -0.195737
 22 5.999998 0.000002 0.000001 -2.688070 -0.000000 -0.000000
 23 0.000002 -4.440601 -0.000000 1.569944 -0.062987 0.004053
 24 11.375560 0.000000 0.000004 -2.283776 0.045522 0.452296
 25 -0.000001 -4.440603 0.000000 1.570144 -0.062988 0.004040
 26 10.510130 0.000000 -0.000000 -0.000000 -0.000000 -2.642789
 27 0.000003 -1.748401 4.999999 -0.000000 0.004007 1.602291
 28 5.500000 0.000001 0.000000 0.209959 0.000000 -0.000000
 29 -0.000000 -1.940599 5.000000 -0.044472 0.004003 -0.000180
 30 6.551491 0.000000 -0.000002 -0.854143 0.968456 -1.030499
 31 -0.000001 -1.940598 5.000002 -0.027189 -0.053376 0.005295
 32 6.551491 0.000000 -0.000002 -0.144778 0.454494 -0.236101
 33 -0.000001 -1.940598 4.999998 -0.066572 -0.152786 -0.110311
 34 0.726370 -0.246871 -1.553064 -1.136809 1.956386 1.322317
 35 6.384777 -0.000001 0.000001 -0.221084 -0.394526 -0.905102
 36 10.242682 0.000001 0.000000 0.000000 -0.000000 -2.293712
 37 11.375563 0.000001 0.000001 2.617740 0.124154 -0.047854
 38 0.728680 0.023430 1.008291 -1.579583 -0.319038 0.212973
 39 2.136496 0.000004 -0.000000 -0.000000 0.000000 1.282817
 40 2.313139 -0.000001 0.000000 0.000000 0.000000 3.141593
 41 3.115505 -0.886041 0.021432 0.420766 0.316066 0.167178
 42 2.011150 0.000001 0.000000 -0.000000 0.000000 2.082010
 43 2.141379 -0.000000 -0.000000 0.000000 0.000000 3.141593
 44 1.734172 -0.000001 -0.000001 0.000000 0.000000 1.041748
 45 0.136314 -3.738192 2.525890 1.493698 2.759406 -1.474501
 46 14.562627 -1.166814 -0.284477 0.258917 0.054664 1.504024
 47 11.389366 -0.000818 0.158782 2.093126 0.062555 -0.046924
 48 -0.000000 -4.440599 -0.000001 1.570144 -3.078602 0.004040
 49 6.000000 -0.000001 -0.000001 2.093126 0.000000 0.000000
 50 0.000002 -4.440600 -0.000001 1.569944 -3.078603 0.004053
 51 10.510133 0.000001 0.000002 -0.000000 0.000000 -2.717652
 52 -0.000000 -1.748399 -4.999999 -3.141593 0.004007 -1.539299
 53 5.500000 0.000001 -0.000000 0.103265 0.000000 0.000000
 54 -0.000001 0.000001 -5.000000 -0.044472 3.137589 -0.000177
 55 6.551491 -0.000000 -0.000000 -0.103265 -0.099321 -0.270995
 56 -1.266843 -1.937443 -4.950559 -0.066572 -2.988806 -0.110308
 57 6.551491 -0.000001 0.000000 -0.103265 -0.099321 -0.270995
 58 0.699371 -1.944209 -5.006846 -0.027189 -3.088217 0.005298
 59 4.226145 -0.003201 0.000000 0.057021 0.251056 0.301931
 60 -0.000003 5.000000 0.000000 -0.153564 0.000087 2.718702
 61 0.000004 -0.000004 -3.713580 0.018865 -3.096651 -0.324845
 62 -0.000002 0.000000 5.000000 3.053198 1.558589 -0.074926
 63 -0.000007 0.000006 3.713580 -0.159276 -2.977491 -0.403653
 64 0.000001 -0.000000 -5.000000 -0.088724 1.558589 3.066337
 65 7.363602 1.646647 0.495663 3.141593 -1.570796 0.000000
 66 -0.000005 0.000007 3.619081 -0.217558 -2.796588 -0.810634
 67 16.573919 -0.000001 0.000000 0.000000 0.000000 -2.033247
 68 15.128181 0.000002 -0.000000 0.271612 0.009043 -0.097069
 69 5.758665 4.244730 0.000000 0.000000 -0.000000 1.842220
 70 3.177726 -0.000001 -0.000001 0.000000 0.000000 3.141593
 71 15.708953 0.000001 -0.000001 0.136460 0.001254 -0.052592
 72 0.275149 0.189214 -3.445208 3.130898 0.000409 -1.514604
 73 17.210194 -0.000002 0.000000 -0.000000 -0.000000 -2.328678
 74 -0.000000 0.000001 -4.999999 -0.079432 1.546568 -1.570855
 75 0.000002 -0.000003 -3.619081 0.034416 -3.071533 -0.493407
 76 16.573921 -0.000000 0.000000 0.000000 0.000000 -1.045581
 77 15.128181 0.000002 0.000000 0.002618 -0.051986 0.588317
 78 5.758665 4.244731 -0.000000 -0.000000 0.000000 1.815142
 79 4.003934 0.000000 0.000000 0.000000 0.000000 0.000000
 80 15.708955 0.000001 0.000000 0.004296 -0.037430 0.405337
 81 0.273998 0.191090 3.439762 -3.130907 -0.000437 -1.508107
 82 17.210194 0.000000 0.000000 -0.000000 -0.000000 -1.884228
 83 0.000000 -0.000001 5.000000 -0.079311 1.595025 -1.570737
time 67
  0 -0.650000 0.000000 33.899605 -0.025849 0.174554 -1.569172
  1 5.816420 0.852483 -32.971565 -0.174512 -0.026131 1.569196
  2 -2.276935 0.000003 -1.238188 -1.570795 -1.570451 0.000000
  3 1.796804 0.711878 0.000644 -0.198658 -0.040040 -0.097325
  4 4.119824 -0.002976 0.000638 -0.196002 0.049236 0.380014
  5 4.118723 -0.003210 0.000665 -0.204126 -0.021038 0.041158
  6 4.118606 -0.003203 0.000700 -0.215264 -0.024742 0.006079
  7 4.120210 -0.003111 -0.000512 0.160290 0.433210 0.544875
  8 4.443599 -0.000001 0.000000 0.950641 -0.506551 -0.524141
  9 9.024064 -0.000001 0.000000 0.000000 0.000000 0.000000
 10 -0.727373 0.254537 1.552497 -0.559330 -1.199958 -3.048544
 11 6.384776 0.000001 -0.000002 1.551280 2.252731 1.473286
 12 10.242681 0.000000 0.000000 0.000000 -0.000000 -2.140285
 13 11.375561 0.000000 0.000001 -2.920937 0.391549 0.808590
 14 0.728680 0.023429 -1.008292 1.256175 0.455771 0.745588
 15 2.136496 -0.000001 0.000002 0.000000 -0.000000 -0.082332
 16 2.313141 0.000000 -0.000001 0.000000 0.000000 0.000000
 17 3.115505 -0.886042 -0.021431 -0.476278 0.040181 0.585149
 18 2.011149 -0.000001 -0.000000 0.000000 -0.000000 1.344315
 19 2.141380 -0.000003 0.000001 0.000000 0.000000 0.000000
 20 1.734173 0.000002 0.000001 -0.000000 0.000000 0.671496
 21 0.000007 -4.440594 0.000000 1.570544 -0.062990 -0.195737
 22 6.000000 -0.000000 0.000000 -2.672956 0.000000 -0.000000
 23 0.000001 -4.440602 -0.000000 1.569944 -0.062987 0.004053
 24 11.375561 -0.000000 0.000003 -2.275562 0.049657 0.472569
 25 -0.000001 -4.440603 0.000001 1.570144 -0.062988 0.004040
 26 10.510130 0.000000 0.000000 -0.000000 0.000000 -2.640939
 27 0.000001 -1.748401 4.999999 0.000000 0.004007 1.602291
 28 5.500000 0.000001 0.000000 0.238464 -0.000000 0.000000
 29 -0.000003 -1.940598 5.000000 -0.044472 0.004003 -0.000180
 30 6.551491 -0.000000 -0.000003 -0.866183 0.909159 -1.021754
 31 0.000002 -1.940599 5.000002 -0.027189 -0.053376 0.005295
 32 6.551491 -0.000000 -0.000003 -0.167825 0.439110 -0.249064
 33 -0.000000 -1.940599 4.999997 -0.066572 -0.152786 -0.110311
 34 0.727376 -0.247460 -1.552497 -1.135731 1.961087 1.326422
 35 6.384776 0.000000 0.000001 -0.227693 -0.390279 -0.935687
 36 10.242680 0.000001 -0.000001 0.000000 0.000000 -2.281515
 37 11.375561 0.000001 -0.000001 2.602517 0.193728 -0.069324
 38 0.728680 0.023431 1.008290 -1.579583 -0.319038 0.212973
 39 2.136497 0.000001 -0.000000 0.000000 0.000000 1.282817
 40 2.313137 -0.000001 0.000000 0.000000 0.000000 3.141593
 41 3.115506 -0.886041 0.021433 0.420766 0.316066 0.167178
 42 2.011151 -0.000001 -0.000001 -0.000000 0.000000 2.082010
 43 2.141381 0.000001 0.000001 0.000000 0.000000 3.141593
 44 1.734172 -0.000001 0.000001 -0.000000 -0.000000 1.041748
 45 0.136316 -3.738193 2.525892 1.493698 2.759406 -1.474501
 46 14.562627 -1.166815 -0.284475 0.258917 0.054664 1.504024
 47 11.389367 -0.000818 0.158781 2.084293 0.097879 -0.068945
 48 0.000000 -4.440599 0.000001 1.570144 -3.078602 0.004040
 49 6.000000 0.000002 0.000000 2.084293 0.000000 0.000000
 50 0.000001 -4.440601 0.000001 1.569944 -3.078603 0.004053
 51 10.510132 0.000000 0.000003 0.000000 -0.000000 -2.711554
 52 -0.000000 -1.748402 -5.000005 -3.141593 0.004007 -1.539299
 53 5.499999 0.000001 -0.000000 0.107346 0.000000 0.000000
 54 -0.000001 0.000001 -5.000002 -0.044472 3.137589 -0.000177
 55 6.551490 -0.000000 0.000002 -0.107346 -0.094383 -0.275874
 56 -1.266843 -1.937443 -4.950561 -0.066572 -2.988806 -0.110308
 57 6.551491 -0.000000 0.000002 -0.107346 -0.094383 -0.275874
 58 0.699370 -1.944207 -5.006847 -0.027189 -3.088217 0.005298
 59 4.226146 -0.003203 -0.000001 0.057468 0.251392 0.299649
 60 -0.000002 5.000001 0.000000 -0.153564 0.000087 2.718702
 61 0.000004 -0.000004 -3.713580 0.018865 -3.096651 -0.324845
 62 -0.000002 0.000000 5.000000 3.053198 1.558589 -0.074926
 63 -0.000007 0.000006 3.713580 -0.159276 -2.977491 -0.403653
 64 0.000001 -0.000000 -5.000000 -0.088724 1.558589 3.066337
 65 7.363602 1.646647 0.495663 3.141593 -1.570796 0.000000
 66 -0.000005 0.000007 3.619081 -0.217558 -2.796588 -0.810634
 67 16.573919 -0.000001 0.000000 0.000000 0.000000 -2.033247
 68 15.128181 0.000002 -0.000000 0.271612 0.009043 -0.097069
 69 5.758665 4.244730 0.000000 0.000000 -0.000000 1.842220
 70 3.177726 -0.000001 -0.000001 0.000000 0.000000 3.141593
 71 15.708953 0.000001 -0.000001 0.136460 0.001254 -0.052592
 72 0.275149 0.189214 -3.445208 3.130898 0.000409 -1.514604
 73 17.210194 -0.000002 0.000000 -0.000000 -0.000000 -2.328678
 74 -0.000000 0.000001 -4.999999 -0.079432 1.546568 -1.570855
 75 0.000002 -0.000003 -3.619081 0.034416 -3.071533 -0.493407
 76 16.573921 -0.000000 0.000000 0.000000 0.000000 -1.045581
 77 15.128181 0.000002 0.000000 0.002618 -0.051986 0.588317
 78 5.758665 4.244731 -0.000000 -0.000000 0.000000 1.815142
 79 4.003934 0.000000 0.000000 0.000000 0.000000 0.000000
 80 15.708955 0.000001 0.000000 0.004296 -0.037430 0.405337
 81 0.273998 0.191090 3.439762 -3.130907 -0.000437 -1.508107
 82 17.210194 0.000000 0.000000 -0.000000 -0.000000 -1.884228
 83 0.000000 -0.000001 5.000000 -0.079311 1.595025 -1.570737
time 68
  0 -0.650000 0.000000 33.899605 -0.025849 0.174554 -1.569172
  1 5.816420 0.852483 -32.971565 -0.174512 -0.026131 1.569196
  2 -2.276935 0.000003 -1.238188 -1.570795 -1.570451 0.000000
  3 1.796816 0.711878 0.000647 -0.199374 -0.040627 -0.093913
  4 4.119827 -0.002975 0.000640 -0.196549 0.049947 0.380710
  5 4.118715 -0.003208 0.000667 -0.204755 -0.020582 0.040407
  6 4.118608 -0.003205 0.000701 -0.215886 -0.024536 0.005373
  7 4.120193 -0.003119 -0.000512 0.160776 0.433939 0.539896
  8 4.443598 0.000002 0.000000 0.965868 -0.424576 -0.572990
  9 9.024064 -0.000001 -0.000000 0.000000 0.000000 0.000000
 10 -0.728521 0.255208 1.551851 -0.558311 -1.199494 -3.043675
 11 6.384777 0.000001 0.000001 -1.553730 0.834778 -1.611949
 12 10.242686 -0.000000 0.000001 0.000000 0.000000 -2.133339
 13 11.375564 -0.000002 -0.000000 -2.919226 0.412704 0.828136
 14 0.728681 0.023430 -1.008293 1.239527 0.476273 0.724088
 15 2.136496 -0.000000 0.000001 -0.000000 -0.000000 -0.081865
 16 2.313141 0.000001 -0.000002 0.000000 0.000000 0.000000
 17 3.115507 -0.886041 -0.021431 -0.473742 0.035196 0.576532
 18 2.011152 -0.000000 0.000000 -0.000000 0.000000 1.341663
 19 2.141379 -0.000003 -0.000000 0.000000 0.000000 0.000000
 20 1.734174 0.000000 -0.000001 -0.000000 -0.000000 0.670165
 21 0.000007 -4.440592 0.000001 1.570544 -0.062990 -0.195737
 22 6.000001 -0.000000 0.000000 -2.674819 0.000000 -0.000000
 23 0.000001 -4.440600 -0.000000 1.569944 -0.062987 0.004053
 24 11.375564 -0.000002 0.000002 -2.277025 0.057317 0.484036
 25 -0.000000 -4.440606 0.000002 1.570144 -0.062988 0.004040
 26 10.510134 0.000000 -0.000000 0.000000 0.000000 -2.637466
 27 -0.000002 -1.748400 4.999999 -0.000000 0.004007 1.602291
 28 5.500002 -0.000000 0.000000 0.263965 -0.000000 0.000000
 29 -0.000001 -1.940598 5.000000 -0.044472 0.004003 -0.000180
 30 6.551492 -0.000001 -0.000001 -0.857699 0.852902 -0.973891
 31 0.000001 -1.940598 5.000001 -0.027189 -0.053376 0.005295
 32 6.551492 -0.000001 -0.000001 -0.190162 0.422156 -0.252329
 33 0.000001 -1.940599 4.999995 -0.066572 -0.152786 -0.110311
 34 0.728523 -0.248128 -1.551851 -1.134516 1.966223 1.331149
 35 6.384776 -0.000001 0.000002 -0.231272 -0.386155 -0.971945
 36 10.242682 0.000000 0.000003 0.000000 0.000000 -2.267324
 37 11.375562 0.000001 -0.000001 2.587850 0.248258 -0.081582
 38 0.728681 0.023431 1.008294 -1.579583 -0.319038 0.212973
 39 2.136497 0.000001 -0.000001 0.000000 -0.000000 1.282817
 40 2.313141 0.000001 -0.000000 0.000000 0.000000 3.141593
 41 3.115507 -0.886041 0.021433 0.420766 0.316066 0.167178
 42 2.011151 -0.000001 -0.000003 0.000000 0.000000 2.082010
 43 2.141380 -0.000000 0.000002 0.000000 0.000000 3.141593
 44 1.734173 -0.000002 -0.000003 0.000000 0.000000 1.041748
 45 0.136316 -3.738192 2.525892 1.493698 2.759406 -1.474501
 46 14.562626 -1.166815 -0.284477 0.258917 0.054664 1.504024
 47 11.389366 -0.000819 0.158780 2.075650 0.125822 -0.082786
 48 0.000001 -4.440598 0.000001 1.570144 -3.078602 0.004040
 49 6.000000 0.000000 -0.000001 2.075650 0.000000 0.000000
 50 0.000002 -4.440601 0.000001 1.569944 -3.078603 0.004053
 51 10.510131 0.000000 0.000003 0.000000 0.000000 -2.704458
 52 0.000000 -1.748401 -5.000002 -3.141593 0.004007 -1.539299
 53 5.500000 -0.000000 0.000002 0.111051 -0.000000 -0.000000
 54 -0.000001 -0.000000 -4.999999 -0.044472 3.137589 -0.000177
 55 6.551490 -0.000000 0.000001 -0.111051 -0.089494 -0.281674
 56 -1.266843 -1.937443 -4.950559 -0.066572 -2.988806 -0.110308
 57 6.551491 -0.000000 0.000001 -0.111051 -0.089494 -0.281674
 58 0.699371 -1.944208 -5.006847 -0.027189 -3.088217 0.005298
 59 4.226146 -0.003202 0.000000 0.057974 0.251775 0.297052
 60 0.000000 5.000000 -0.000000 -0.153564 0.000087 2.718702
 61 0.000004 -0.000004 -3.713580 0.018865 -3.096651 -0.324845
 62 -0.000002 0.000000 5.000000 3.053198 1.558589 -0.074926
 63 -0.000007 0.000006 3.713580 -0.159276 -2.977491 -0.403653
 64 0.000001 -0.000000 -5.000000 -0.088724 1.558589 3.066337
 65 7.363602 1.646647 0.495663 3.141593 -1.570796 0.000000
 66 -0.000005 0.000007 3.619081 -0.217558 -2.796588 -0.810634
 67 16.573919 -0.000001 0.000000 0.000000 0.000000 -2.033247
 68 15.128181 0.000002 -0.000000 0.271612 0.009043 -0.097069
 69 5.758665 4.244730 0.000000 0.000000 -0.000000 1.842220
 70 3.177726 -0.000001 -0.000001 0.000000 0.000000 3.141593
 71 15.708953 0.000001 -0.000001 0.136460 0.001254 -0.052592
 72 0.275149 0.189214 -3.445208 3.130898 0.000409 -1.514604
 73 17.210194 -0.000002 0.000000 -0.000000 -0.000000 -2.328678
 74 -0.000000 0.000001 -4.999999 -0.079432 1.546568 -1.570855
 75 0.000002 -0.000003 -3.619081 0.034416 -3.071533 -0.493407
 76 16.573921 -0.000000 0.000000 0.000000 0.000000 -1.045581
 77 15.128181 0.000002 0.000000 0.002618 -0.051986 0.588317
 78 5.758665 4.244731 -0.000000 -0.000000 0.000000 1.815142
 79 4.003934 0.000000 0.000000 0.000000 0.000000 0.000000
 80 15.708955 0.000001 0.000000 0.004296 -0.037430 0.405337
 81 0.273998 0.191090 3.439762 -3.130907 -0.000437 -1.508107
 82 17.210194 0.000000 0.000000 -0.000000 -0.000000 -1.884228
 83 0.000000 -0.000001 5.000000 -0.079311 1.595025 -1.570737
time 69
  0 -0.650000 0.000000 33.899605 -0.025849 0.174554 -1.569172
  1 5.816420 0.852483 -32.971565 -0.174512 -0.026131 1.569196
  2 -2.276935 0.000003 -1.238188 -1.570795 -1.570451 0.000000
  3 1.796824 0.711877 0.000649 -0.200104 -0.041175 -0.090506
  4 4.119827 -0.002973 0.000642 -0.197109 0.050652 0.381408
  5 4.118718 -0.003208 0.000669 -0.205399 -0.020146 0.039658
  6 4.118602 -0.003205 0.000703 -0.216523 -0.024343 0.004669
  7 4.120194 -0.003120 -0.000514 0.160776 0.433939 0.539896
  8 4.443598 0.000002 0.000000 0.969611 -0.422925 -0.574930
  9 9.024063 0.000000 -0.000000 0.000000 0.000000 0.000000
 10 -0.728522 0.255210 1.551850 -0.564422 -1.198767 -3.036723
 11 6.384776 0.000000 0.000001 -1.523448 0.811163 -1.551649
 12 10.242686 0.000001 0.000001 -0.000000 0.000000 -2.127205
 13 11.375563 -0.000001 -0.000001 -2.947808 0.435578 0.811403
 14 0.728680 0.023432 -1.008291 1.221983 0.496692 0.701693
 15 2.136496 -0.000001 0.000001 0.000000 -0.000000 -0.081392
 16 2.313138 0.000001 0.000000 0.000000 0.000000 0.000000
 17 3.115506 -0.886038 -0.021430 -0.471132 0.030173 0.567796
 18 2.011152 0.000002 0.000001 -0.000000 0.000000 1.338978
 19 2.141379 0.000001 -0.000001 0.000000 0.000000 0.000000
 20 1.734174 0.000003 -0.000000 -0.000000 0.000000 0.668817
 21 0.000006 -4.440594 0.000001 1.570544 -0.062990 -0.195737
 22 6.000000 0.000000 -0.000000 -2.699086 -0.000000 0.000000
 23 0.000000 -4.440601 0.000000 1.569944 -0.062987 0.004053
 24 11.375565 -0.000001 0.000003 -2.290951 0.068115 0.482035
 25 -0.000001 -4.440604 -0.000001 1.570144 -0.062988 0.004040
 26 10.510132 0.000002 0.000000 -0.000000 0.000000 -2.634399
 27 0.000002 -1.748400 4.999999 0.000000 0.004007 1.602290
 28 5.500000 0.000001 -0.000000 0.284784 -0.000000 0.000000
 29 -0.000002 -1.940598 5.000000 -0.044472 0.004003 -0.000180
 30 6.551490 -0.000000 0.000001 -0.835470 0.806457 -0.890482
 31 0.000000 -1.940598 5.000001 -0.027189 -0.053376 0.005295
 32 6.551490 -0.000000 0.000001 -0.210227 0.405463 -0.242427
 33 -0.000002 -1.940598 4.999999 -0.066572 -0.152786 -0.110311
 34 0.728523 -0.248128 -1.551850 -1.135101 1.970261 1.329120
 35 6.384775 -0.000000 0.000003 -0.229613 -0.382605 -1.008142
 36 10.242682 0.000000 -0.000001 -0.000000 -0.000000 -2.255229
 37 11.375562 0.000001 0.000000 2.574444 0.274837 -0.081002
 38 0.728680 0.023431 1.008291 -1.579583 -0.319038 0.212973
 39 2.136498 -0.000003 -0.000000 0.000000 -0.000000 1.282817
 40 2.313141 0.000000 -0.000000 0.000000 0.000000 3.141593
 41 3.115506 -0.886041 0.021429 0.420765 0.316066 0.167178
 42 2.011151 -0.000001 -0.000001 0.000000 0.000000 2.082010
 43 2.141380 -0.000000 -0.000000 0.000000 0.000000 3.141593
 44 1.734172 -0.000001 0.000001 0.000000 0.000000 1.041748
 45 0.136315 -3.738192 2.525890 1.493698 2.759406 -1.474501
 46 14.562625 -1.166815 -0.284479 0.258917 0.054664 1.504024
 47 11.389366 -0.000818 0.158781 2.068092 0.140427 -0.085379
 48 0.000000 -4.440600 -0.000001 1.570144 -3.078602 0.004040
 49 6.000000 0.000001 0.000000 2.068092 0.000000 0.000000
 50 0.000001 -4.440603 0.000004 1.569944 -3.078603 0.004053
 51 10.510132 -0.000000 0.000002 0.000000 0.000000 -2.698411
 52 0.000000 -1.748400 -5.000002 -3.141593 0.004007 -1.539299
 53 5.500000 -0.000001 0.000001 0.113202 0.000000 0.000000
 54 0.000000 -0.000000 -5.000000 -0.044472 3.137590 -0.000177
 55 6.551490 0.000000 -0.000000 -0.113202 -0.085766 -0.287485
 56 -1.266844 -1.937443 -4.950560 -0.066572 -2.988806 -0.110308
 57 6.551490 0.000000 -0.000000 -0.113202 -0.085766 -0.287485
 58 0.699370 -1.944208 -5.006847 -0.027189 -3.088217 0.005298
 59 4.226146 -0.003202 -0.000001 0.057974 0.251775 0.297052
 60 0.000002 5.000001 0.000000 -0.153565 0.000087 2.718702
 61 0.000004 -0.000004 -3.713580 0.018865 -3.096651 -0.324845
 62 -0.000002 0.000000 5.000000 3.053198 1.558589 -0.074926
 63 -0.000007 0.000006 3.713580 -0.159276 -2.977491 -0.403653
 64 0.000001 -0.000000 -5.000000 -0.088724 1.558589 3.066337
 65 7.363602 1.646647 0.495663 3.141593 -1.570796 0.000000
 66 -0.000005 0.000007 3.619081 -0.217558 -2.796588 -0.810634
 67 16.573919 -0.000001 0.000000 0.000000 0.000000 -2.033247
 68 15.128181 0.000002 -0.000000 0.271612 0.009043 -0.097069
 69 5.758665 4.244730 0.000000 0.000000 -0.000000 1.842220
 70 3.177726 -0.000001 -0.000001 0.000000 0.000000 3.141593
 71 15.708953 0.000001 -0.000001 0.136460 0.001254 -0.052592
 72 0.275149 0.189214 -3.445208 3.130898 0.000409 -1.514604
 73 17.210194 -0.000002 0.000000 -0.000000 -0.000000 -2.328678
 74 -0.000000 0.000001 -4.999999 -0.079432 1.546568 -1.570855
 75 0.000002 -0.000003 -3.619081 0.034416 -3.071533 -0.493407
 76 16.573921 -0.000000 0.000000 0.000000 0.000000 -1.045581
 77 15.128181 0.000002 0.000000 0.002618 -0.051986 0.588317
 78 5.758665 4.244731 -0.000000 -0.000000 0.000000 1.815142
 79 4.003934 0.000000 0.000000 0.000000 0.000000 0.000000
 80 15.708955 0.000001 0.000000 0.004296 -0.037430 0.405337
 81 0.273998 0.191090 3.439762 -3.130907 -0.000437 -1.508107
 82 17.210194 0.000000 0.000000 -0.000000 -0.000000 -1.884228
 83 0.000000 -0.000001 5.000000 -0.079311 1.595025 -1.570737
time 70
  0 -0.650000 0.000000 33.899605 -0.025849 0.174554 -1.569172
  1 5.816420 0.852483 -32.971565 -0.174512 -0.026131 1.569196
  2 -2.276935 0.000003 -1.238188 -1.570795 -1.570451 0.000000
  3 1.796835 0.711877 0.000651 -0.200850 -0.041677 -0.087104
  4 4.119832 -0.002972 0.000644 -0.197684 0.051350 0.382108
  5 4.118712 -0.003207 0.000671 -0.206060 -0.019733 0.038914
  6 4.118603 -0.003203 0.000706 -0.217177 -0.024163 0.003968
  7 4.120193 -0.003118 -0.000513 0.160776 0.433939 0.539896
  8 4.443599 0.000000 -0.000000 0.973403 -0.421250 -0.576876
  9 9.024060 -0.000001 -0.000000 0.000000 0.000000 0.000000
 10 -0.728522 0.255209 1.551851 -0.570554 -1.198018 -3.029740
 11 6.384777 0.000000 0.000001 -1.499663 0.826394 -1.482538
 12 10.242684 0.000001 0.000000 -0.000000 -0.000000 -2.119669
 13 11.375566 -0.000002 0.000000 -3.011000 0.460406 0.749927
 14 0.728681 0.023432 -1.008294 1.203569 0.516915 0.678447
 15 2.136497 -0.000000 0.000000 0.000000 0.000000 -0.080915
 16 2.313140 -0.000001 0.000000 0.000000 0.000000 0.000000
 17 3.115507 -0.886041 -0.021432 -0.468456 0.025132 0.558978
 18 2.011152 -0.000000 -0.000000 0.000000 0.000000 1.336271
 19 2.141380 -0.000002 -0.000001 0.000000 0.000000 0.000000
 20 1.734173 0.000000 0.000000 -0.000000 0.000000 0.667458
 21 0.000007 -4.440594 0.000000 1.570544 -0.062990 -0.195737
 22 6.000002 -0.000001 0.000000 -2.748500 0.000000 -0.000000
 23 0.000003 -4.440600 0.000000 1.569944 -0.062987 0.004053
 24 11.375563 -0.000000 0.000004 -2.318224 0.083889 0.463935
 25 0.000000 -4.440605 0.000001 1.570144 -0.062988 0.004040
 26 10.510133 0.000001 0.000000 -0.000000 -0.000000 -2.630631
 27 -0.000002 -1.748400 4.999999 -0.000000 0.004007 1.602291
 28 5.500000 -0.000000 -0.000000 0.302061 -0.000000 -0.000000
 29 -0.000001 -1.940598 5.000000 -0.044472 0.004003 -0.000180
 30 6.551492 -0.000001 -0.000002 -0.811566 0.776939 -0.777203
 31 0.000002 -1.940598 5.000002 -0.027189 -0.053376 0.005295
 32 6.551492 -0.000001 -0.000002 -0.228242 0.391724 -0.215818
 33 -0.000001 -1.940599 4.999999 -0.066572 -0.152786 -0.110311
 34 0.728524 -0.248129 -1.551850 -1.135765 1.975027 1.326757
 35 6.384776 -0.000000 0.000001 -0.221808 -0.379237 -1.049430
 36 10.242682 0.000001 0.000001 -0.000000 -0.000000 -2.242410
 37 11.375562 0.000001 0.000002 2.565168 0.269749 -0.061454
 38 0.728681 0.023431 1.008292 -1.579583 -0.319038 0.212973
 39 2.136497 0.000000 -0.000001 0.000000 0.000000 1.282817
 40 2.313142 0.000002 0.000001 0.000000 0.000000 3.141593
 41 3.115506 -0.886041 0.021432 0.420766 0.316066 0.167178
 42 2.011151 0.000000 0.000000 0.000000 -0.000000 2.082010
 43 2.141379 -0.000000 0.000001 0.000000 0.000000 3.141593
 44 1.734172 -0.000001 -0.000000 -0.000000 0.000000 1.041748
 45 0.136316 -3.738191 2.525892 1.493698 2.759406 -1.474501
 46 14.562627 -1.166814 -0.284474 0.258917 0.054664 1.504024
 47 11.389366 -0.000818 0.158783 2.063171 0.140975 -0.073467
 48 0.000000 -4.440600 0.000001 1.570144 -3.078602 0.004040
 49 6.000000 -0.000001 -0.000001 2.063171 0.000000 0.000000
 50 0.000001 -4.440601 -0.000002 1.569944 -3.078603 0.004053
 51 10.510130 0.000001 0.000001 0.000000 0.000000 -2.692001
 52 0.000001 -1.748400 -5.000003 -3.141593 0.004007 -1.539299
 53 5.499999 0.000000 0.000001 0.113809 -0.000000 0.000000
 54 -0.000000 0.000000 -5.000001 -0.044472 3.137589 -0.000177
 55 6.551490 -0.000000 -0.000001 -0.113809 -0.082990 -0.294169
 56 -1.266843 -1.937443 -4.950560 -0.066572 -2.988806 -0.110308
 57 6.551491 -0.000000 -0.000001 -0.113809 -0.082990 -0.294169
 58 0.699371 -1.944207 -5.006849 -0.027189 -3.088217 0.005298
 59 4.226147 -0.003202 -0.000001 0.057974 0.251775 0.297052
 60 0.000001 5.000002 0.000000 -0.153564 0.000087 2.718702
 61 0.000004 -0.000004 -3.713580 0.018865 -3.096651 -0.324845
 62 -0.000002 0.000000 5.000000 3.053198 1.558589 -0.074926
 63 -0.000007 0.000006 3.713580 -0.159276 -2.977491 -0.403653
 64 0.000001 -0.000000 -5.000000 -0.088724 1.558589 3.066337
 65 7.363602 1.646647 0.495663 3.141593 -1.570796 0.000000
 66 -0.000005 0.000007 3.619081 -0.217558 -2.796588 -0.810634
 67 16.573919 -0.000001 0.000000 0.000000 0.000000 -2.033247
 68 15.128181 0.000002 -0.000000 0.271612 0.009043 -0.097069
 69 5.758665 4.244730 0.000000 0.000000 -0.000000 1.842220
 70 3.177726 -0.000001 -0.000001 0.000000 0.000000 3.141593
 71 15.708953 0.000001 -0.000001 0.136460 0.001254 -0.052592
 72 0.275149 0.189214 -3.445208 3.130898 0.000409 -1.514604
 73 17.210194 -0.000002 0.000000 -0.000000 -0.000000 -2.328678
 74 -0.000000 0.000001 -4.999999 -0.079432 1.546568 -1.570855
 75 0.000002 -0.000003 -3.619081 0.034416 -3.071533 -0.493407
 76 16.573921 -0.000000 0.000000 0.000000 0.000000 -1.045581
 77 15.128181 0.000002 0.000000 0.002618 -0.051986 0.588317
 78 5.758665 4.244731 -0.000000 -0.000000 0.000000 1.815142
 79 4.003934 0.000000 0.000000 0.000000 0.000000 0.000000
 80 15.708955 0.000001 0.000000 0.004296 -0.037430 0.405337
 81 0.273998 0.191090 3.439762 -3.130907 -0.000437 -1.508107
 82 17.210194 0.000000 0.000000 -0.000000 -0.000000 -1.884228
 83 0.000000 -0.000001 5.000000 -0.079311 1.595025 -1.570737
time 71
  0 -0.650000 0.000000 33.899605 -0.025849 0.174554 -1.569172
  1 5.816420 0.852483 -32.971565 -0.174512 -0.026131 1.569196
  2 -2.276935 0.000003 -1.238188 -1.570795 -1.570451 0.000000
  3 1.796847 0.711876 0.000654 -0.201614 -0.042127 -0.083708
  4 4.119833 -0.002970 0.000645 -0.198278 0.052039 0.382809
  5 4.118712 -0.003209 0.000673 -0.206741 -0.019345 0.038175
  6 4.118597 -0.003202 0.000708 -0.217850 -0.023999 0.003270
  7 4.120190 -0.003118 -0.000512 0.160776 0.433939 0.539896
  8 4.443601 -0.000002 -0.000000 0.977251 -0.419550 -0.578832
  9 9.024062 -0.000000 0.000000 0.000000 0.000000 0.000000
 10 -0.728519 0.255206 1.551851 -0.576683 -1.197252 -3.022756
 11 6.384776 0.000001 -0.000000 -1.476662 0.871883 -1.400691
 12 10.242685 0.000001 0.000001 -0.000000 -0.000000 -2.103885
 13 11.375562 -0.000002 -0.000001 -3.103651 0.485046 0.647394
 14 0.728680 0.023429 -1.008291 1.184318 0.536831 0.654402
 15 2.136496 -0.000000 0.000000 0.000000 -0.000000 -0.080436
 16 2.313138 -0.000001 0.000000 0.000000 0.000000 0.000000
 17 3.115506 -0.886043 -0.021432 -0.465726 0.020095 0.550112
 18 2.011151 0.000001 -0.000001 0.000000 0.000000 1.333553
 19 2.141381 -0.000001 0.000001 0.000000 0.000000 0.000000
 20 1.734173 0.000002 0.000001 0.000000 0.000000 0.666094
 21 0.000006 -4.440593 0.000001 1.570544 -0.062990 -0.195737
 22 6.000000 -0.000001 -0.000000 -2.819296 0.000000 0.000000
 23 0.000002 -4.440602 -0.000000 1.569944 -0.062987 0.004053
 24 11.375563 -0.000001 0.000003 -2.355622 0.105883 0.431553
 25 -0.000002 -4.440601 -0.000001 1.570144 -0.062988 0.004040
 26 10.510133 0.000002 0.000000 0.000000 -0.000000 -2.622739
 27 0.000000 -1.748401 4.999999 -0.000000 0.004007 1.602291
 28 5.500002 0.000001 0.000000 0.314597 0.000000 -0.000000
 29 -0.000002 -1.940598 5.000000 -0.044472 0.004003 -0.000180
 30 6.551491 -0.000000 -0.000001 -0.791630 0.767891 -0.653562
 31 -0.000002 -1.940599 5.000003 -0.027189 -0.053376 0.005295
 32 6.551491 -0.000000 -0.000001 -0.242198 0.383092 -0.176891
 33 0.000002 -1.940599 4.999994 -0.066572 -0.152786 -0.110311
 34 0.728526 -0.248131 -1.551851 -1.136355 1.979450 1.324593
 35 6.384776 -0.000001 0.000002 -0.209351 -0.374904 -1.103973
 36 10.242682 -0.000000 0.000001 0.000000 -0.000000 -2.223880
 37 11.375561 0.000001 0.000000 2.559897 0.243294 -0.023023
 38 0.728681 0.023431 1.008295 -1.579583 -0.319038 0.212973
 39 2.136496 0.000001 -0.000000 -0.000000 -0.000000 1.282817
 40 2.313140 0.000000 -0.000000 0.000000 0.000000 3.141593
 41 3.115507 -0.886041 0.021434 0.420765 0.316066 0.167178
 42 2.011150 0.000000 0.000004 0.000000 0.000000 2.082010
 43 2.141378 -0.000000 -0.000002 0.000000 0.000000 3.141593
 44 1.734173 -0.000002 0.000001 0.000000 -0.000000 1.041748
 45 0.136315 -3.738193 2.525887 1.493698 2.759406 -1.474501
 46 14.562627 -1.166814 -0.284475 0.258917 0.054664 1.504024
 47 11.389366 -0.000819 0.158783 2.060631 0.132768 -0.048219
 48 0.000000 -4.440599 0.000000 1.570144 -3.078602 0.004040
 49 6.000000 0.000001 0.000001 2.060631 0.000000 0.000000
 50 0.000001 -4.440599 -0.000002 1.569944 -3.078603 0.004053
 51 10.510131 -0.000001 0.000003 -0.000000 -0.000000 -2.682736
 52 0.000001 -1.748399 -4.999999 -3.141593 0.004007 -1.539299
 53 5.499999 -0.000000 0.000001 0.114038 -0.000000 -0.000000
 54 -0.000001 0.000001 -4.999998 -0.044472 3.137589 -0.000177
 55 6.551490 -0.000001 0.000000 -0.114038 -0.080110 -0.303496
 56 -1.266843 -1.937443 -4.950558 -0.066572 -2.988806 -0.110308
 57 6.551491 -0.000001 0.000000 -0.114038 -0.080110 -0.303496
 58 0.699371 -1.944209 -5.006843 -0.027189 -3.088217 0.005298
 59 4.226144 -0.003201 0.000000 0.057974 0.251775 0.297052
 60 -0.000001 5.000001 0.000000 -0.153564 0.000087 2.718702
 61 0.000004 -0.000004 -3.713580 0.018865 -3.096651 -0.324845
 62 -0.000002 0.000000 5.000000 3.053198 1.558589 -0.074926
 63 -0.000007 0.000006 3.713580 -0.159276 -2.977491 -0.403653
 64 0.000001 -0.000000 -5.000000 -0.088724 1.558589 3.066337
 65 7.363602 1.646647 0.495663 3.141593 -1.570796 0.000000
 66 -0.000005 0.000007 3.619081 -0.217558 -2.796588 -0.810634
 67 16.573919 -0.000001 0.000000 0.000000 0.000000 -2.033247
 68 15.128181 0.000002 -0.000000 0.271612 0.009043 -0.097069
 69 5.758665 4.244730 0.000000 0.000000 -0.000000 1.842220
 70 3.177726 -0.000001 -0.000001 0.000000 0.000000 3.141593
 71 15.708953 0.000001 -0.000001 0.136460 0.001254 -0.052592
 72 0.275149 0.189214 -3.445208 3.130898 0.000409 -1.514604
 73 17.210194 -0.000002 0.000000 -0.000000 -0.000000 -2.328678
 74 -0.000000 0.000001 -4.999999 -0.079432 1.546568 -1.570855
 75 0.000002 -0.000003 -3.619081 0.034416 -3.071533 -0.493407
 76 16.573921 -0.000000 0.000000 0.000000 0.000000 -1.045581
 77 15.128181 0.000002 0.000000 0.002618 -0.051986 0.588317
 78 5.758665 4.244731 -0.000000 -0.000000 0.000000 1.815142
 79 4.003934 0.000000 0.000000 0.000000 0.000000 0.000000
 80 15.708955 0.000001 0.000000 0.004296 -0.037430 0.405337
 81 0.273998 0.191090 3.439762 -3.130907 -0.000437 -1.508107
 82 17.210194 0.000000 0.000000 -0.000000 -0.000000 -1.884228
 83 0.000000 -0.000001 5.000000 -0.079311 1.595025 -1.570737
time 72
  0 -0.650000 0.000000 33.899605 -0.025849 0.174554 -1.569172
  1 5.816420 0.852483 -32.971565 -0.174512 -0.026131 1.569196
  2 -2.276935 0.000003 -1.238188 -1.570795 -1.570451 0.000000
  3 1.796854 0.711876 0.000656 -0.202398 -0.042516 -0.080319
  4 4.119842 -0.002970 0.000647 -0.198892 0.052720 0.383513
  5 4.118704 -0.003206 0.000676 -0.207445 -0.018987 0.037440
  6 4.118594 -0.003204 0.000711 -0.218547 -0.023853 0.002576
  7 4.120196 -0.003120 -0.000513 0.160776 0.433939 0.539896
  8 4.443600 0.000001 0.000000 0.981163 -0.417821 -0.580800
  9 9.024062 -0.000000 0.000000 0.000000 0.000000 0.000000
 10 -0.728519 0.255206 1.551850 -0.582781 -1.196470 -3.015800
 11 6.384776 -0.000001 -0.000001 -1.443909 0.932062 -1.308854
 12 10.242682 0.000000 0.000001 -0.000000 -0.000000 -2.075875
 13 11.375563 -0.000002 0.000001 3.066538 0.499804 0.515649
 14 0.728680 0.023432 -1.008291 1.164276 0.556335 0.629619
 15 2.136499 -0.000000 -0.000001 -0.000000 0.000000 -0.079957
 16 2.313141 0.000001 0.000000 0.000000 0.000000 0.000000
 17 3.115507 -0.886036 -0.021431 -0.462951 0.015082 0.541233
 18 2.011147 -0.000004 -0.000002 0.000000 -0.000000 1.330836
 19 2.141379 0.000001 0.000000 0.000000 0.000000 0.000000
 20 1.734172 0.000000 -0.000001 -0.000000 0.000000 0.664730
 21 0.000005 -4.440593 0.000000 1.570544 -0.062990 -0.195737
 22 6.000000 -0.000000 0.000001 -2.906208 0.000000 -0.000000
 23 0.000001 -4.440601 0.000000 1.569944 -0.062987 0.004053
 24 11.375563 -0.000002 0.000004 -2.399149 0.131197 0.387576
 25 -0.000001 -4.440601 0.000000 1.570144 -0.062988 0.004040
 26 10.510129 0.000001 0.000000 0.000000 -0.000000 -2.608734
 27 -0.000003 -1.748400 5.000000 -0.000000 0.004007 1.602291
 28 5.499997 -0.000000 0.000001 0.316854 0.000000 -0.000000
 29 -0.000002 -1.940599 5.000000 -0.044472 0.004003 -0.000180
 30 6.551491 -0.000001 0.000001 -0.765538 0.776234 -0.541336
 31 0.000001 -1.940598 5.000000 -0.027189 -0.053376 0.005295
 32 6.551491 -0.000001 0.000001 -0.247024 0.379994 -0.136887
 33 0.000000 -1.940599 4.999998 -0.066572 -0.152786 -0.110311
 34 0.728522 -0.248127 -1.551851 -1.136893 1.983646 1.322566
 35 6.384777 0.000001 -0.000004 -0.193926 -0.369335 -1.167255
 36 10.242682 -0.000001 0.000003 -0.000000 0.000000 -2.201544
 37 11.375562 0.000000 -0.000002 2.555680 0.202631 0.027690
 38 0.728681 0.023431 1.008293 -1.579583 -0.319038 0.212973
 39 2.136498 -0.000003 -0.000001 -0.000000 -0.000000 1.282817
 40 2.313142 0.000002 -0.000000 0.000000 0.000000 3.141593
 41 3.115507 -0.886041 0.021431 0.420765 0.316066 0.167178
 42 2.011151 -0.000000 0.000001 -0.000000 0.000000 2.082010
 43 2.141380 0.000000 0.000001 0.000000 0.000000 3.141593
 44 1.734172 -0.000001 0.000001 0.000000 -0.000000 1.041748
 45 0.136315 -3.738193 2.525890 1.493698 2.759406 -1.474501
 46 14.562629 -1.166815 -0.284475 0.258917 0.054664 1.504024
 47 11.389367 -0.000817 0.158781 2.059065 0.118240 -0.013661
 48 0.000001 -4.440598 0.000001 1.570144 -3.078602 0.004040
 49 6.000000 0.000001 -0.000001 2.059065 -0.000000 -0.000000
 50 0.000002 -4.440601 0.000002 1.569944 -3.078603 0.004053
 51 10.510131 -0.000000 0.000002 0.000000 -0.000000 -2.671568
 52 0.000000 -1.748400 -5.000000 -3.141593 0.004007 -1.539299
 53 5.499999 -0.000000 0.000000 0.114146 0.000000 0.000000
 54 -0.000001 0.000000 -5.000000 -0.044472 3.137589 -0.000177
 55 6.551490 0.000000 -0.000002 -0.114146 -0.077356 -0.315443
 56 -1.266843 -1.937443 -4.950561 -0.066572 -2.988806 -0.110308
 57 6.551491 0.000000 -0.000001 -0.114146 -0.077356 -0.315443
 58 0.699371 -1.944208 -5.006846 -0.027189 -3.088217 0.005298
 59 4.226146 -0.003202 0.000001 0.057974 0.251775 0.297052
 60 -0.000001 5.000002 0.000000 -0.153564 0.000087 2.718701
 61 0.000004 -0.000004 -3.713580 0.018865 -3.096651 -0.324845
 62 -0.000002 0.000000 5.000000 3.053198 1.558589 -0.074926
 63 -0.000007 0.000006 3.713580 -0.159276 -2.977491 -0.403653
 64 0.000001 -0.000000 -5.000000 -0.088724 1.558589 3.066337
 65 7.363602 1.646647 0.495663 3.141593 -1.570796 0.000000
 66 -0.000005 0.000007 3.619081 -0.217558 -2.796588 -0.810634
 67 16.573919 -0.000001 0.000000 0.000000 0.000000 -2.033247
 68 15.128181 0.000002 -0.000000 0.271612 0.009043 -0.097069
 69 5.758665 4.244730 0.000000 0.000000 -0.000000 1.842220
 70 3.177726 -0.000001 -0.000001 0.000000 0.000000 3.141593
 71 15.708953 0.000001 -0.000001 0.136460 0.001254 -0.052592
 72 0.275149 0.189214 -3.445208 3.130898 0.000409 -1.514604
 73 17.210194 -0.000002 0.000000 -0.000000 -0.000000 -2.328678
 74 -0.000000 0.000001 -4.999999 -0.079432 1.546568 -1.570855
 75 0.000002 -0.000003 -3.619081 0.034416 -3.071533 -0.493407
 76 16.573921 -0.000000 0.000000 0.000000 0.000000 -1.045581
 77 15.128181 0.000002 0.000000 0.002618 -0.051986 0.588317
 78 5.758665 4.244731 -0.000000 -0.000000 0.000000 1.815142
 79 4.003934 0.000000 0.000000 0.000000 0.000000 0.000000
 80 15.708955 0.000001 0.000000 0.004296 -0.037430 0.405337
 81 0.273998 0.191090 3.439762 -3.130907 -0.000437 -1.508107
 82 17.210194 0.000000 0.000000 -0.000000 -0.000000 -1.884228
 83 0.000000 -0.000001 5.000000 -0.079311 1.595025 -1.570737
time 73
  0 -0.650000 0.000000 33.899605 -0.025849 0.174554 -1.569172
  1 5.816420 0.852483 -32.971565 -0.174512 -0.026131 1.569196
  2 -2.276935 0.000003 -1.238188 -1.570795 -1.570451 0.000000
  3 1.796866 0.711876 0.000659 -0.203204 -0.042838 -0.076939
  4 4.119842 -0.002968 0.000649 -0.199529 0.053390 0.384220
  5 4.118711 -0.003207 0.000678 -0.208173 -0.018661 0.036712
  6 4.118591 -0.003200 0.000714 -0.219268 -0.023728 0.001885
  7 4.120194 -0.003119 -0.000513 0.160776 0.433939 0.539896
  8 4.443600 -0.000003 -0.000000 0.985148 -0.416060 -0.582784
  9 9.024062 -0.000001 0.000000 0.000000 0.000000 0.000000
 10 -0.728521 0.255204 1.551850 -0.588826 -1.195675 -3.008898
 11 6.384777 0.000001 -0.000001 -1.397627 0.991626 -1.212950
 12 10.242683 0.000001 0.000001 -0.000000 -0.000000 -2.034799
 13 11.375562 -0.000000 0.000001 2.947136 0.499528 0.371901
 14 0.728682 0.023432 -1.008293 1.143504 0.575327 0.604175
 15 2.136499 0.000000 -0.000001 -0.000000 0.000000 -0.079480
 16 2.313137 -0.000001 -0.000000 0.000000 0.000000 0.000000
 17 3.115507 -0.886040 -0.021432 -0.460143 0.010114 0.532376
 18 2.011153 0.000001 -0.000000 0.000000 -0.000000 1.328129
 19 2.141377 -0.000000 0.000000 0.000000 0.000000 0.000000
 20 1.734173 0.000001 0.000001 -0.000000 -0.000000 0.663371
 21 0.000005 -4.440593 0.000000 1.570544 -0.062990 -0.195737
 22 6.000001 -0.000001 0.000001 -3.001911 -0.000000 -0.000000
 23 0.000001 -4.440602 -0.000000 1.569944 -0.062987 0.004053
 24 11.375562 -0.000000 0.000005 -2.444445 0.157630 0.335556
 25 -0.000001 -4.440605 0.000001 1.570144 -0.062988 0.004040
 26 10.510132 0.000001 0.000001 0.000000 0.000000 -2.588196
 27 -0.000001 -1.748400 4.999999 -0.000000 0.004007 1.602291
 28 5.500000 0.000000 0.000000 0.310439 0.000000 -0.000000
 29 -0.000002 -1.940598 5.000000 -0.044472 0.004003 -0.000180
 30 6.551492 0.000001 0.000001 -0.730521 0.790942 -0.447136
 31 -0.000001 -1.940598 5.000001 -0.027189 -0.053376 0.005295
 32 6.551491 0.000002 0.000000 -0.244113 0.379834 -0.102513
 33 0.000000 -1.940599 4.999996 -0.066572 -0.152786 -0.110311
 34 0.728524 -0.248132 -1.551851 -1.137396 1.987728 1.320617
 35 6.384776 -0.000001 0.000000 -0.177218 -0.362463 -1.234776
 36 10.242683 0.000000 0.000001 -0.000000 0.000000 -2.177305
 37 11.375562 0.000000 0.000001 2.550067 0.155001 0.084308
 38 0.728681 0.023430 1.008293 -1.579583 -0.319038 0.212973
 39 2.136497 0.000000 0.000000 -0.000000 -0.000000 1.282817
 40 2.313139 0.000001 0.000000 0.000000 0.000000 3.141593
 41 3.115507 -0.886041 0.021432 0.420765 0.316066 0.167178
 42 2.011151 -0.000000 0.000001 0.000000 -0.000000 2.082010
 43 2.141379 -0.000000 -0.000000 0.000000 0.000000 3.141593
 44 1.734172 -0.000001 0.000001 -0.000000 0.000000 1.041748
 45 0.136316 -3.738192 2.525893 1.493698 2.759406 -1.474501
 46 14.562628 -1.166815 -0.284476 0.258917 0.054664 1.504024
 47 11.389367 -0.000820 0.158781 2.057115 0.100084 0.025778
 48 0.000000 -4.440599 -0.000001 1.570144 -3.078602 0.004040
 49 6.000000 -0.000000 0.000000 2.057115 0.000000 -0.000000
 50 0.000002 -4.440600 -0.000003 1.569944 -3.078603 0.004053
 51 10.510132 0.000000 0.000002 0.000000 0.000000 -2.659449
 52 0.000000 -1.748399 -4.999998 -3.141593 0.004007 -1.539299
 53 5.500000 -0.000000 0.000001 0.114363 -0.000000 -0.000000
 54 -0.000001 0.000000 -5.000001 -0.044472 3.137590 -0.000177
 55 6.551490 -0.000001 -0.000001 -0.114363 -0.074978 -0.330196
 56 -1.266843 -1.937443 -4.950560 -0.066572 -2.988806 -0.110308
 57 6.551491 -0.000001 -0.000001 -0.114363 -0.074978 -0.330196
 58 0.699371 -1.944208 -5.006846 -0.027189 -3.088217 0.005298
 59 4.226148 -0.003202 -0.000001 0.057974 0.251775 0.297052
 60 -0.000001 5.000001 -0.000001 -0.153565 0.000087 2.718701
 61 0.000004 -0.000004 -3.713580 0.018865 -3.096651 -0.324845
 62 -0.000002 0.000000 5.000000 3.053198 1.558589 -0.074926
 63 -0.000007 0.000006 3.713580 -0.159276 -2.977491 -0.403653
 64 0.000001 -0.000000 -5.000000 -0.088724 1.558589 3.066337
 65 7.363602 1.646647 0.495663 3.141593 -1.570796 0.000000
 66 -0.000005 0.000007 3.619081 -0.217558 -2.796588 -0.810634
 67 16.573919 -0.000001 0.000000 0.000000 0.000000 -2.033247
 68 15.128181 0.000002 -0.000000 0.271612 0.009043 -0.097069
 69 5.758665 4.244730 0.000000 0.000000 -0.000000 1.842220
 70 3.177726 -0.000001 -0.000001 0.000000 0.000000 3.141593
 71 15.708953 0.000001 -0.000001 0.136460 0.001254 -0.052592
 72 0.275149 0.189214 -3.445208 3.130898 0.000409 -1.514604
 73 17.210194 -0.000002 0.000000 -0.000000 -0.000000 -2.328678
 74 -0.000000 0.000001 -4.999999 -0.079432 1.546568 -1.570855
 75 0.000002 -0.000003 -3.619081 0.034416 -3.071533 -0.493407
 76 16.573921 -0.000000 0.000000 0.000000 0.000000 -1.045581
 77 15.128181 0.000002 0.000000 0.002618 -0.051986 0.588317
 78 5.758665 4.244731 -0.000000 -0.000000 0.000000 1.815142
 79 4.003934 0.000000 0.000000 0.000000 0.000000 0.000000
 80 15.708955 0.000001 0.000000 0.004296 -0.037430 0.405337
 81 0.273998 0.191090 3.439762 -3.130907 -0.000437 -1.508107
 82 17.210194 0.000000 0.000000 -0.000000 -0.000000 -1.884228
 83 0.000000 -0.000001 5.000000 -0.079311 1.595025 -1.570737
time 74
  0 -0.650000 0.000000 33.899605 -0.025849 0.174554 -1.569172
  1 5.816420 0.852483 -32.971565 -0.174512 -0.026131 1.569196
  2 -2.276935 0.000003 -1.238188 -1.570795 -1.570451 0.000000
  3 1.796878 0.711875 0.000661 -0.204034 -0.043087 -0.073568
  4 4.119844 -0.002966 0.000651 -0.200192 0.054048 0.384930
  5 4.118705 -0.003205 0.000680 -0.208930 -0.018372 0.035991
  6 4.118587 -0.003200 0.000715 -0.220017 -0.023625 0.001199
  7 4.120198 -0.003120 -0.000515 0.160776 0.433940 0.539896
  8 4.443599 -0.000002 0.000001 0.989212 -0.414267 -0.584786
  9 9.024062 -0.000002 -0.000000 0.000000 0.000000 0.000000
 10 -0.728519 0.255205 1.551850 -0.594793 -1.194873 -3.002080
 11 6.384776 -0.000002 -0.000004 -1.344117 1.039351 -1.122860
 12 10.242682 -0.000000 0.000001 -0.000000 0.000000 -1.984329
 13 11.375561 -0.000002 -0.000001 2.836385 0.486289 0.234619
 14 0.728682 0.023430 -1.008293 1.122073 0.593712 0.578157
 15 2.136499 0.000002 -0.000001 0.000000 -0.000000 -0.079007
 16 2.313138 -0.000000 0.000002 0.000000 0.000000 0.000000
 17 3.115507 -0.886042 -0.021432 -0.457315 0.005211 0.523577
 18 2.011150 0.000000 0.000002 0.000000 -0.000000 1.325444
 19 2.141378 0.000001 -0.000001 0.000000 0.000000 0.000000
 20 1.734172 0.000001 0.000001 -0.000000 0.000000 0.662024
 21 0.000007 -4.440594 0.000001 1.570544 -0.062990 -0.195737
 22 5.999999 -0.000001 -0.000000 -3.097097 -0.000000 0.000000
 23 -0.000000 -4.440601 0.000001 1.569944 -0.062987 0.004053
 24 11.375561 -0.000001 0.000003 -2.487149 0.183614 0.280383
 25 -0.000002 -4.440604 0.000001 1.570144 -0.062988 0.004040
 26 10.510132 0.000000 -0.000000 0.000000 0.000000 -2.562961
 27 0.000001 -1.748401 4.999999 0.000000 0.004007 1.602291
 28 5.500001 0.000001 0.000000 0.300755 -0.000000 0.000000
 29 -0.000002 -1.940598 5.000000 -0.044472 0.004003 -0.000180
 30 6.551490 -0.000001 -0.000001 -0.693960 0.803369 -0.373540
 31 0.000002 -1.940598 5.000000 -0.027189 -0.053376 0.005295
 32 6.551490 -0.000000 -0.000002 -0.237970 0.380180 -0.076260
 33 -0.000001 -1.940599 4.999998 -0.066572 -0.152786 -0.110311
 34 0.728522 -0.248128 -1.551851 -1.137881 1.991811 1.318690
 35 6.384776 0.000001 0.000001 -0.160856 -0.354519 -1.302083
 36 10.242680 0.000000 0.000001 0.000000 0.000000 -2.153067
 37 11.375561 -0.000001 0.000000 2.541793 0.107756 0.140837
 38 0.728680 0.023431 1.008291 -1.579583 -0.319038 0.212973
 39 2.136497 -0.000000 -0.000000 -0.000000 0.000000 1.282817
 40 2.313140 -0.000000 -0.000001 0.000000 0.000000 3.141593
 41 3.115506 -0.886041 0.021431 0.420765 0.316066 0.167178
 42 2.011150 -0.000000 0.000000 -0.000000 0.000000 2.082010
 43 2.141380 -0.000000 0.000001 0.000000 0.000000 3.141593
 44 1.734172 -0.000002 0.000000 -0.000000 -0.000000 1.041748
 45 0.136315 -3.738193 2.525888 1.493698 2.759406 -1.474501
 46 14.562628 -1.166815 -0.284477 0.258917 0.054664 1.504024
 47 11.389367 -0.000819 0.158783 2.053900 0.081496 0.065212
 48 0.000000 -4.440598 -0.000002 1.570144 -3.078602 0.004040
 49 6.000000 -0.000000 0.000001 2.053900 -0.000000 0.000000
 50 0.000002 -4.440600 -0.000001 1.569944 -3.078603 0.004053
 51 10.510130 0.000001 0.000002 -0.000000 -0.000000 -2.647330
 52 0.000000 -1.748400 -5.000004 -3.141593 0.004007 -1.539299
 53 5.499998 0.000001 0.000001 0.114837 0.000000 0.000000
 54 -0.000000 0.000001 -5.000001 -0.044472 3.137589 -0.000177
 55 6.551490 0.000000 0.000001 -0.114837 -0.073223 -0.348015
 56 -1.266844 -1.937442 -4.950563 -0.066572 -2.988806 -0.110308
 57 6.551490 0.000000 0.000001 -0.114837 -0.073223 -0.348015
 58 0.699370 -1.944207 -5.006849 -0.027189 -3.088217 0.005298
 59 4.226144 -0.003201 -0.000000 0.057974 0.251775 0.297052
 60 -0.000001 5.000000 0.000000 -0.153564 0.000087 2.718702
 61 0.000004 -0.000004 -3.713580 0.018865 -3.096651 -0.324845
 62 -0.000002 0.000000 5.000000 3.053198 1.558589 -0.074926
 63 -0.000007 0.000006 3.713580 -0.159276 -2.977491 -0.403653
 64 0.000001 -0.000000 -5.000000 -0.088724 1.558589 3.066337
 65 7.363602 1.646647 0.495663 3.141593 -1.570796 0.000000
 66 -0.000005 0.000007 3.619081 -0.217558 -2.796588 -0.810634
 67 16.573919 -0.000001 0.000000 0.000000 0.000000 -2.033247
 68 15.128181 0.000002 -0.000000 0.271612 0.009043 -0.097069
 69 5.758665 4.244730 0.000000 0.000000 -0.000000 1.842220
 70 3.177726 -0.000001 -0.000001 0.000000 0.000000 3.141593
 71 15.708953 0.000001 -0.000001 0.136460 0.001254 -0.052592
 72 0.275149 0.189214 -3.445208 3.130898 0.000409 -1.514604
 73 17.210194 -0.000002 0.000000 -0.000000 -0.000000 -2.328678
 74 -0.000000 0.000001 -4.999999 -0.079432 1.546568 -1.570855
 75 0.000002 -0.000003 -3.619081 0.034416 -3.071533 -0.493407
 76 16.573921 -0.000000 0.000000 0.000000 0.000000 -1.045581
 77 15.128181 0.000002 0.000000 0.002618 -0.051986 0.588317
 78 5.758665 4.244731 -0.000000 -0.000000 0.000000 1.815142
 79 4.003934 0.000000 0.000000 0.000000 0.000000 0.000000
 80 15.708955 0.000001 0.000000 0.004296 -0.037430 0.405337
 81 0.273998 0.191090 3.439762 -3.130907 -0.000437 -1.508107
 82 17.210194 0.000000 0.000000 -0.000000 -0.000000 -1.884228
 83 0.000000 -0.000001 5.000000 -0.079311 1.595025 -1.570737
time 75
  0 -0.650000 0.000000 33.899605 -0.025849 0.174554 -1.569172
  1 5.816420 0.852483 -32.971565 -0.174512 -0.026131 1.569196
  2 -2.276935 0.000003 -1.238188 -1.570795 -1.570451 0.000000
  3 1.796889 0.711874 0.000664 -0.204889 -0.043255 -0.070207
  4 4.119842 -0.002964 0.000654 -0.200883 0.054694 0.385643
  5 4.118701 -0.003206 0.000683 -0.209717 -0.018123 0.035277
  6 4.118592 -0.003201 0.000717 -0.220797 -0.023547 0.000518
  7 4.120194 -0.003119 -0.000513 0.160776 0.433939 0.539896
  8 4.443598 -0.000001 0.000000 0.993364 -0.412436 -0.586809
  9 9.024064 -0.000000 0.000000 0.000000 0.000000 0.000000
 10 -0.728521 0.255205 1.551850 -0.600658 -1.194066 -2.995373
 11 6.384777 0.000000 0.000003 -1.296085 1.069939 -1.049207
 12 10.242682 0.000000 -0.000000 0.000000 -0.000000 -1.931930
 13 11.375562 -0.000001 0.000000 2.745001 0.467405 0.117950
 14 0.728681 0.023428 -1.008293 1.100072 0.611404 0.551668
 15 2.136497 -0.000001 -0.000000 -0.000000 -0.000000 -0.078540
 16 2.313139 0.000001 -0.000001 0.000000 0.000000 0.000000
 17 3.115507 -0.886041 -0.021431 -0.454479 0.000392 0.514872
 18 2.011153 0.000001 0.000001 0.000000 0.000000 1.322792
 19 2.141379 -0.000001 -0.000001 0.000000 0.000000 0.000000
 20 1.734174 0.000001 0.000001 0.000000 0.000000 0.660693
 21 0.000005 -4.440593 0.000001 1.570544 -0.062990 -0.195737
 22 6.000000 -0.000001 -0.000000 3.101158 -0.000000 0.000000
 23 0.000001 -4.440601 0.000000 1.569944 -0.062987 0.004053
 24 11.375562 -0.000000 0.000003 -2.523520 0.207696 0.228373
 25 -0.000001 -4.440603 0.000001 1.570144 -0.062988 0.004040
 26 10.510130 0.000001 -0.000001 0.000000 -0.000000 -2.536761
 27 0.000000 -1.748401 5.000000 0.000000 0.004007 1.602291
 28 5.500000 0.000001 -0.000001 0.292802 0.000000 0.000000
 29 -0.000000 -1.940599 5.000000 -0.044472 0.004003 -0.000180
 30 6.551492 0.000001 0.000002 -0.665435 0.810360 -0.322143
 31 -0.000000 -1.940599 5.000004 -0.027189 -0.053376 0.005295
 32 6.551492 0.000001 0.000002 -0.232690 0.379962 -0.058400
 33 0.000001 -1.940600 4.999997 -0.066572 -0.152786 -0.110311
 34 0.728523 -0.248130 -1.551851 -1.138360 1.996012 1.316730
 35 6.384777 -0.000001 -0.000001 -0.146348 -0.346056 -1.364807
 36 10.242681 0.000001 -0.000001 -0.000000 -0.000000 -2.130731
 37 11.375562 0.000002 0.000001 2.530931 0.068238 0.191443
 38 0.728681 0.023431 1.008291 -1.579583 -0.319038 0.212973
 39 2.136496 0.000002 -0.000000 -0.000000 -0.000000 1.282817
 40 2.313137 -0.000001 -0.000000 0.000000 0.000000 3.141593
 41 3.115507 -0.886041 0.021429 0.420765 0.316066 0.167178
 42 2.011150 -0.000000 0.000001 -0.000000 0.000000 2.082010
 43 2.141378 -0.000000 -0.000000 0.000000 0.000000 3.141593
 44 1.734172 -0.000001 0.000001 0.000000 0.000000 1.041748
 45 0.136315 -3.738193 2.525891 1.493698 2.759406 -1.474501
 46 14.562625 -1.166815 -0.284477 0.258917 0.054664 1.504024
 47 11.389367 -0.000818 0.158780 2.049258 0.065985 0.099717
 48 0.000001 -4.440599 0.000003 1.570144 -3.078602 0.004040
 49 6.000000 -0.000000 -0.000003 2.049258 -0.000000 -0.000000
 50 0.000002 -4.440601 -0.000001 1.569944 -3.078603 0.004053
 51 10.510129 0.000001 -0.000000 -0.000000 -0.000000 -2.636162
 52 0.000001 -1.748401 -5.000000 -3.141593 0.004007 -1.539299
 53 5.500000 0.000001 -0.000000 0.115548 0.000000 -0.000000
 54 -0.000001 0.000000 -5.000001 -0.044472 3.137590 -0.000177
 55 6.551491 -0.000001 0.000000 -0.115548 -0.072223 -0.368758
 56 -1.266843 -1.937443 -4.950562 -0.066572 -2.988806 -0.110308
 57 6.551491 -0.000001 0.000001 -0.115548 -0.072223 -0.368758
 58 0.699370 -1.944208 -5.006848 -0.027189 -3.088217 0.005298
 59 4.226147 -0.003201 0.000000 0.057974 0.251775 0.297052
 60 -0.000002 5.000001 0.000000 -0.153564 0.000087 2.718702
 61 0.000004 -0.000004 -3.713580 0.018865 -3.096651 -0.324845
 62 -0.000002 0.000000 5.000000 3.053198 1.558589 -0.074926
 63 -0.000007 0.000006 3.713580 -0.159276 -2.977491 -0.403653
 64 0.000001 -0.000000 -5.000000 -0.088724 1.558589 3.066337
 65 7.363602 1.646647 0.495663 3.141593 -1.570796 0.000000
 66 -0.000005 0.000007 3.619081 -0.217558 -2.796588 -0.810634
 67 16.573919 -0.000001 0.000000 0.000000 0.000000 -2.033247
 68 15.128181 0.000002 -0.000000 0.271612 0.009043 -0.097069
 69 5.758665 4.244730 0.000000 0.000000 -0.000000 1.842220
 70 3.177726 -0.000001 -0.000001 0.000000 0.000000 3.141593
 71 15.708953 0.000001 -0.000001 0.136460 0.001254 -0.052592
 72 0.275149 0.189214 -3.445208 3.130898 0.000409 -1.514604
 73 17.210194 -0.000002 0.000000 -0.000000 -0.000000 -2.328678
 74 -0.000000 0.000001 -4.999999 -0.079432 1.546568 -1.570855
 75 0.000002 -0.000003 -3.619081 0.034416 -3.071533 -0.493407
 76 16.573921 -0.000000 0.000000 0.000000 0.000000 -1.045581
 77 15.128181 0.000002 0.000000 0.002618 -0.051986 0.588317
 78 5.758665 4.244731 -0.000000 -0.000000 0.000000 1.815142
 79 4.003934 0.000000 0.000000 0.000000 0.000000 0.000000
 80 15.708955 0.000001 0.000000 0.004296 -0.037430 0.405337
 81 0.273998 0.191090 3.439762 -3.130907 -0.000437 -1.508107
 82 17.210194 0.000000 0.000000 -0.000000 -0.000000 -1.884228
 83 0.000000 -0.000001 5.000000 -0.079311 1.595025 -1.570737
end
