version 1
nodes
  0 "Bip01"  -1
  1 "Bip01 Footsteps"   0
  2 "Bip01 Pelvis"   0
  3 "Bip01 Spine"   2
  4 "Bip01 Spine1"   3
  5 "Bip01 Spine2"   4
  6 "Bip01 Spine3"   5
  7 "Bip01 Neck"   6
  8 "Bip01 Head"   7
  9 "Dummy21"   8
 10 "Bip01 L Clavicle"   7
 11 "Bip01 L UpperArm"  10
 12 "Bip01 L Forearm"  11
 13 "Bip01 L Hand"  12
 14 "Bip01 L Finger0"  13
 15 "Bip01 L Finger01"  14
 16 "Dummy06"  15
 17 "Bip01 L Finger1"  13
 18 "Bip01 L Finger11"  17
 19 "Dummy03"  18
 20 "-- L knuckle"  17
 21 "-- L knuckle_end"  20
 22 "Line02"  13
 23 "-- L Forearm twist"  12
 24 "-- L Forearm twist_end"  23
 25 "-- L wrist"  12
 26 "-- L wrist_end"  25
 27 "-- L Elbow"  11
 28 "--L Elbow_end"  27
 29 "-- L bicep twist"  11
 30 "-- L bicep twist_end"  29
 31 "-- L shoulder outside"  10
 32 "-- L shoulder outside_end"  31
 33 "-- L Shoulder inside"  10
 34 "-- L Shoulder inside_end"  33
 35 "Bip01 R Clavicle"   7
 36 "Bip01 R UpperArm"  35
 37 "Bip01 R Forearm"  36
 38 "Bip01 R Hand"  37
 39 "Bip01 R Finger0"  38
 40 "Bip01 R Finger01"  39
 41 "Dummy01"  40
 42 "Bip01 R Finger1"  38
 43 "Bip01 R Finger11"  42
 44 "Dummy02"  43
 45 "-- R knuckle"  42
 46 "Point06"  45
 47 "Line01"  38
 48 "-- R wrist"  37
 49 "-- R wrist_end"  48
 50 "-- R forearm twist"  37
 51 "-- R forearm twist_end"  50
 52 "-- R Elbow"  36
 53 "--R Elbow_end"  52
 54 "-- R bicep twist"  36
 55 "-- R bicep twist_end"  54
 56 "-- R Shoulder inside"  35
 57 "-- R Shoulder inside_end"  56
 58 "-- R shoulder outside"  35
 59 "-- R shoulder outside_end"  58
 60 "-- Neck smooth"   6
 61 "-- neck smooth end"  60
 62 "-- R Butt"   2
 63 "--R Butt_end"  62
 64 "-- L butt"   2
 65 "--L butt_end"  64
 66 "GIGN01"   2
 67 "Bip01 L Thigh"   2
 68 "Bip01 L Calf"  67
 69 "Bip01 L Foot"  68
 70 "Bip01 L Toe0"  69
 71 "Dummy16"  70
 72 "-- L ankle"  68
 73 "-- L ankleend"  72
 74 "-- L Knee"  67
 75 "--L Knee_end"  74
 76 "Bip01 R Thigh"   2
 77 "Bip01 R Calf"  76
 78 "Bip01 R Foot"  77
 79 "Bip01 R Toe0"  78
 80 "Dummy11"  79
 81 "-- R Ankle"  77
 82 "-- R ankleend"  81
 83 "-- R Knee"  76
 84 "--R Knee_end"  83
end
skeleton
time 0
  0 0.000000 0.000000 32.947224 -0.243067 0.535714 -2.432935
  1 13.773752 5.584524 -22.520977 -0.544290 0.221328 2.303921
  2 -2.276935 0.000003 -1.238186 -1.570795 -1.570451 0.000000
  3 1.796670 0.711980 -0.000977 0.309865 -0.220383 -0.222130
  4 4.119366 -0.003190 -0.000097 0.029289 0.052684 0.235929
  5 4.119008 -0.003254 -0.000075 0.023198 0.110430 0.126535
  6 4.118815 -0.003263 -0.000242 0.073885 0.067451 0.070477
  7 4.119139 -0.003457 -0.000535 0.153488 -0.146967 0.130965
  8 4.443598 0.000000 0.000000 0.166144 -0.176036 -0.372446
  9 9.024061 0.000000 0.000000 0.000000 0.000000 0.000000
 10 0.253738 0.265587 1.693892 -1.074350 -1.312069 -2.264065
 11 6.384777 -0.000001 0.000000 -0.665934 0.031294 -0.920146
 12 10.242681 -0.000000 0.000001 0.000000 0.000000 -1.581931
 13 11.375562 0.000001 -0.000001 -2.229056 -0.389130 0.789556
 14 0.728680 0.023431 -1.008293 1.627471 0.842372 0.191441
 15 2.136497 -0.000000 0.000000 0.000000 0.000000 0.898845
 16 2.313138 0.000002 0.000000 0.000000 0.000000 0.000000
 17 3.115506 -0.886040 -0.021429 -0.523248 -0.008991 0.590544
 18 2.011151 0.000001 -0.000000 -0.000000 0.000000 1.951110
 19 2.141379 -0.000001 0.000001 0.000000 0.000000 0.000000
 20 1.734173 0.000001 0.000002 0.000000 -0.000000 0.976392
 21 0.000006 -4.440594 0.000002 1.570544 -0.062990 -0.195737
 22 4.112854 -0.572203 -1.309456 -1.644301 0.094718 0.119721
 23 6.000000 -0.000000 0.000002 -2.039330 0.000000 -0.000000
 24 0.000002 -4.440602 -0.000001 1.569944 -0.062987 0.004053
 25 11.375561 -0.000001 0.000003 -1.850251 -0.253923 0.357710
 26 -0.000001 -4.440603 -0.000000 1.570144 -0.062988 0.004040
 27 10.510131 -0.000000 -0.000001 -0.000000 0.000000 -2.361762
 28 0.000001 -1.748402 4.999999 -0.000000 0.004007 1.602291
 29 5.500000 -0.000001 0.000001 0.254211 -0.000000 -0.000000
 30 -0.000002 -1.940598 4.999999 -0.044472 0.004003 -0.000180
 31 6.551491 0.000001 0.000002 -0.458350 0.087885 -0.598416
 32 -0.000000 -1.940598 5.000002 -0.027189 -0.053376 0.005295
 33 6.551491 0.000001 0.000002 -0.210012 0.075735 -0.277463
 34 -0.000000 -1.940598 4.999999 -0.066572 -0.152786 -0.110311
 35 -0.253736 -0.258508 -1.693892 1.090365 1.416429 -2.192841
 36 6.384776 -0.000001 0.000000 0.554603 0.289789 -1.025387
 37 10.242681 0.000000 -0.000001 0.000000 -0.000000 -1.446185
 38 11.375562 0.000001 0.000000 1.871081 0.587892 0.030074
 39 0.728681 0.023431 1.008293 -1.627471 -0.842372 0.191441
 40 2.136494 0.000002 0.000002 -0.000000 0.000000 0.898844
 41 2.313138 -0.000001 -0.000003 0.000000 0.000000 3.141593
 42 3.115506 -0.886040 0.021430 0.523248 0.008991 0.590544
 43 2.011151 0.000000 -0.000002 -0.000000 0.000000 1.951110
 44 2.141381 0.000000 -0.000002 0.000000 0.000000 3.141593
 45 1.734172 -0.000001 -0.000000 0.000000 0.000000 0.976392
 46 0.136316 -3.738193 2.525892 1.493698 2.759406 -1.474501
 47 3.771409 0.416401 1.053532 1.765650 0.074575 0.195753
 48 11.389367 -0.000819 0.158781 1.713059 0.306775 -0.012255
 49 0.000001 -4.440601 0.000001 1.570144 -3.078602 0.004040
 50 5.999999 0.000000 0.000000 1.713059 -0.000000 -0.000000
 51 0.000001 -4.440603 0.000001 1.569944 -3.078603 0.004053
 52 10.510133 0.000000 0.000001 0.000000 0.000000 -2.293889
 53 0.000002 -1.748400 -5.000002 -3.141593 0.004007 -1.539299
 54 5.500000 0.000000 -0.000001 -0.219190 0.000000 0.000000
 55 -0.000001 0.000001 -5.000000 -0.044472 3.137589 -0.000177
 56 6.551490 -0.000000 0.000001 0.219190 0.004320 -0.304148
 57 -1.266843 -1.937442 -4.950562 -0.066572 -2.988806 -0.110308
 58 6.551491 -0.000000 0.000001 0.219190 0.004320 -0.304148
 59 0.699371 -1.944207 -5.006847 -0.027189 -3.088217 0.005298
 60 4.226148 -0.003202 0.000000 0.079606 -0.076193 0.079030
 61 -0.000001 5.000000 -0.000000 -0.153564 0.000087 2.718701
 62 0.000005 -0.000004 -3.713579 0.119535 -2.936655 -0.885276
 63 -0.000001 0.000001 5.000000 3.053195 1.558589 -0.074929
 64 -0.000004 0.000005 3.713579 -0.311487 -2.845558 -0.582080
 65 -0.000001 0.000000 -5.000000 -0.088726 1.558589 3.066335
 66 7.363605 1.646646 0.495663 -3.141593 -1.570796 0.000000
 67 -0.000003 0.000005 3.619081 -0.441735 -2.434423 -1.159240
 68 16.573919 -0.000001 0.000001 -0.000000 -0.000000 -2.011748
 69 15.128181 0.000001 0.000001 0.026832 0.026147 -0.175154
 70 5.758666 4.244731 0.000000 0.000000 -0.000000 2.033309
 71 3.177726 0.000000 0.000000 0.000000 0.000000 3.141593
 72 15.708952 0.000002 0.000001 0.013957 0.013894 -0.093781
 73 0.275148 0.189215 -3.445207 3.130898 0.000409 -1.514604
 74 17.210194 -0.000002 0.000002 -0.000000 0.000000 -2.319003
 75 0.000000 -0.000000 -5.000000 -0.079433 1.546568 -1.570857
 76 0.000005 -0.000003 -3.619079 0.260448 -2.945758 -1.468642
 77 16.573919 -0.000000 0.000001 0.000000 0.000000 -1.562392
 78 15.128181 0.000001 0.000001 0.265624 -0.173430 0.666428
 79 5.758665 4.244731 0.000000 -0.000000 0.000000 1.483530
 80 4.003935 0.000000 0.000000 0.000000 0.000000 0.000000
 81 15.708953 0.000000 0.000001 0.195074 -0.100553 0.460486
 82 0.273998 0.191090 3.439762 -3.130907 -0.000437 -1.508107
 83 17.210196 -0.000001 0.000000 -0.000000 0.000000 -2.116793
 84 0.000000 -0.000000 5.000000 -0.079311 1.595025 -1.570737
time 1
  0 0.000000 0.000000 32.947224 -0.243067 0.535714 -2.432935
  1 13.773752 5.584524 -22.520977 -0.544290 0.221328 2.303921
  2 -2.276935 0.000003 -1.238186 -1.570795 -1.570451 0.000000
  3 1.796670 0.711980 -0.000977 0.309865 -0.220383 -0.222130
  4 4.119366 -0.003189 -0.000101 0.030810 0.052683 0.236358
  5 4.119012 -0.003255 -0.000085 0.025931 0.109256 0.126879
  6 4.118815 -0.003263 -0.000241 0.073885 0.067451 0.070477
  7 4.119198 -0.003448 -0.000526 0.150951 -0.149607 0.148087
  8 4.443598 -0.000001 -0.000000 0.164152 -0.160111 -0.413131
  9 9.024062 0.000001 -0.000000 0.000000 0.000000 0.000000
 10 0.258262 0.261185 1.693883 -1.074492 -1.312091 -2.281066
 11 6.384777 -0.000001 -0.000001 -0.664358 0.029825 -0.927160
 12 10.242682 0.000000 -0.000002 0.000000 -0.000000 -1.581523
 13 11.375562 -0.000001 0.000003 -2.229012 -0.389601 0.788867
 14 0.728679 0.023431 -1.008294 1.627471 0.842372 0.191441
 15 2.136497 0.000002 0.000000 -0.000000 0.000000 0.898845
 16 2.313138 0.000002 0.000001 0.000000 0.000000 0.000000
 17 3.115505 -0.886040 -0.021433 -0.523248 -0.008990 0.590544
 18 2.011151 -0.000001 -0.000003 -0.000000 0.000000 1.951110
 19 2.141380 0.000000 0.000001 0.000000 0.000000 0.000000
 20 1.734172 0.000000 -0.000000 -0.000000 -0.000000 0.976392
 21 0.000006 -4.440595 0.000003 1.570544 -0.062990 -0.195737
 22 4.112853 -0.572203 -1.309458 -1.644301 0.094718 0.119721
 23 5.999999 -0.000000 0.000002 -2.039261 -0.000000 0.000000
 24 0.000002 -4.440602 -0.000000 1.569944 -0.062987 0.004053
 25 11.375561 0.000001 0.000004 -1.850202 -0.254096 0.357338
 26 -0.000001 -4.440604 0.000000 1.570144 -0.062988 0.004040
 27 10.510129 -0.000001 -0.000000 0.000000 0.000000 -2.361558
 28 0.000001 -1.748401 5.000000 -0.000000 0.004007 1.602291
 29 5.499999 0.000000 0.000001 0.253767 0.000000 -0.000000
 30 -0.000002 -1.940598 4.999999 -0.044472 0.004003 -0.000180
 31 6.551491 0.000001 -0.000000 -0.457668 0.087533 -0.601042
 32 -0.000000 -1.940598 5.000002 -0.027189 -0.053376 0.005295
 33 6.551491 0.000001 -0.000000 -0.209617 0.075646 -0.278637
 34 -0.000000 -1.940599 4.999997 -0.066572 -0.152786 -0.110311
 35 -0.258260 -0.254109 -1.693883 1.181141 1.436126 -2.119035
 36 6.384776 -0.000001 0.000002 0.563982 0.285850 -1.023845
 37 10.242682 0.000000 0.000000 -0.000000 -0.000000 -1.439526
 38 11.375561 0.000001 -0.000000 1.901474 0.573722 0.101809
 39 0.728679 0.023432 1.008291 -1.627471 -0.842372 0.191441
 40 2.136496 -0.000001 0.000002 -0.000000 -0.000000 0.898844
 41 2.313141 0.000000 0.000002 0.000000 0.000000 3.141593
 42 3.115505 -0.886041 0.021430 0.523248 0.008991 0.590544
 43 2.011151 -0.000000 0.000002 0.000000 0.000000 1.951110
 44 2.141380 -0.000000 0.000001 0.000000 0.000000 3.141593
 45 1.734172 -0.000001 0.000001 0.000000 -0.000000 0.976392
 46 0.136314 -3.738194 2.525892 1.493698 2.759406 -1.474501
 47 3.771409 0.416400 1.053532 1.765650 0.074575 0.195753
 48 11.389365 -0.000821 0.158782 1.722909 0.302244 0.023390
 49 0.000000 -4.440599 0.000001 1.570144 -3.078602 0.004040
 50 6.000000 -0.000000 -0.000001 1.722909 -0.000000 0.000000
 51 0.000002 -4.440602 -0.000001 1.569944 -3.078603 0.004053
 52 10.510132 0.000001 0.000003 0.000000 -0.000000 -2.290560
 53 0.000000 -1.748399 -5.000001 -3.141593 0.004007 -1.539299
 54 5.499999 -0.000000 -0.000001 -0.221602 0.000000 0.000000
 55 -0.000000 -0.000000 -5.000001 -0.044472 3.137589 -0.000177
 56 6.551490 -0.000001 0.000001 0.221602 0.002383 -0.304099
 57 -1.266843 -1.937442 -4.950561 -0.066572 -2.988806 -0.110308
 58 6.551490 -0.000001 0.000001 0.221602 0.002383 -0.304099
 59 0.699371 -1.944208 -5.006846 -0.027189 -3.088217 0.005298
 60 4.226146 -0.003201 -0.000000 0.078574 -0.077223 0.088682
 61 0.000000 5.000001 -0.000000 -0.153564 0.000087 2.718702
 62 0.000005 -0.000004 -3.713579 0.119535 -2.936655 -0.885276
 63 -0.000001 0.000001 5.000000 3.053195 1.558589 -0.074929
 64 -0.000004 0.000005 3.713579 -0.311487 -2.845558 -0.582080
 65 -0.000001 0.000000 -5.000000 -0.088726 1.558589 3.066335
 66 7.363605 1.646646 0.495663 -3.141593 -1.570796 0.000000
 67 -0.000003 0.000005 3.619081 -0.441735 -2.434423 -1.159240
 68 16.573919 -0.000001 0.000001 -0.000000 -0.000000 -2.011748
 69 15.128181 0.000001 0.000001 0.026832 0.026147 -0.175154
 70 5.758666 4.244731 0.000000 0.000000 -0.000000 2.033309
 71 3.177726 0.000000 0.000000 0.000000 0.000000 3.141593
 72 15.708952 0.000002 0.000001 0.013957 0.013894 -0.093781
 73 0.275148 0.189215 -3.445207 3.130898 0.000409 -1.514604
 74 17.210194 -0.000002 0.000002 -0.000000 0.000000 -2.319003
 75 0.000000 -0.000000 -5.000000 -0.079433 1.546568 -1.570857
 76 0.000005 -0.000003 -3.619079 0.260448 -2.945758 -1.468642
 77 16.573919 -0.000000 0.000001 0.000000 0.000000 -1.562392
 78 15.128181 0.000001 0.000001 0.265624 -0.173430 0.666428
 79 5.758665 4.244731 0.000000 -0.000000 0.000000 1.483530
 80 4.003935 0.000000 0.000000 0.000000 0.000000 0.000000
 81 15.708953 0.000000 0.000001 0.195074 -0.100553 0.460486
 82 0.273998 0.191090 3.439762 -3.130907 -0.000437 -1.508107
 83 17.210196 -0.000001 0.000000 -0.000000 0.000000 -2.116793
 84 0.000000 -0.000000 5.000000 -0.079311 1.595025 -1.570737
time 2
  0 0.000000 0.000000 32.947224 -0.243067 0.535714 -2.432935
  1 13.773752 5.584524 -22.520977 -0.544290 0.221328 2.303921
  2 -2.276935 0.000003 -1.238186 -1.570795 -1.570451 0.000000
  3 1.796670 0.711980 -0.000977 0.309865 -0.220383 -0.222130
  4 4.119369 -0.003187 -0.000119 0.036316 0.052673 0.237910
  5 4.119008 -0.003252 -0.000116 0.035741 0.105071 0.128103
  6 4.118817 -0.003266 -0.000242 0.073885 0.067451 0.070477
  7 4.119260 -0.003439 -0.000517 0.148114 -0.152454 0.166886
  8 4.443598 -0.000001 -0.000000 0.150669 -0.142561 -0.458988
  9 9.024062 -0.000000 0.000000 0.000000 0.000000 0.000000
 10 0.263140 0.256267 1.693873 -1.074650 -1.312115 -2.299714
 11 6.384777 -0.000002 -0.000001 -0.659688 0.025353 -0.949477
 12 10.242681 -0.000000 -0.000001 0.000000 0.000000 -1.579908
 13 11.375562 -0.000001 0.000000 -2.228932 -0.391257 0.785779
 14 0.728680 0.023431 -1.008292 1.627471 0.842372 0.191441
 15 2.136497 0.000001 0.000001 -0.000000 0.000000 0.898844
 16 2.313139 0.000002 0.000000 0.000000 0.000000 0.000000
 17 3.115505 -0.886041 -0.021431 -0.523248 -0.008991 0.590544
 18 2.011150 0.000000 0.000000 0.000000 0.000000 1.951110
 19 2.141380 0.000000 -0.000000 0.000000 0.000000 0.000000
 20 1.734171 0.000001 -0.000000 -0.000000 -0.000000 0.976392
 21 0.000005 -4.440591 0.000001 1.570544 -0.062990 -0.195737
 22 4.112854 -0.572205 -1.309458 -1.644301 0.094718 0.119721
 23 5.999999 -0.000001 -0.000001 -2.039106 -0.000000 -0.000000
 24 0.000001 -4.440603 -0.000001 1.569944 -0.062987 0.004053
 25 11.375561 -0.000000 0.000001 -1.850111 -0.254671 0.355724
 26 -0.000001 -4.440603 0.000001 1.570144 -0.062988 0.004040
 27 10.510131 -0.000001 -0.000000 0.000000 0.000000 -2.360750
 28 -0.000000 -1.748401 4.999998 -0.000000 0.004007 1.602290
 29 5.500000 -0.000000 0.000000 0.252517 0.000000 0.000000
 30 -0.000001 -1.940598 4.999999 -0.044472 0.004003 -0.000180
 31 6.551492 0.000001 0.000001 -0.455824 0.086569 -0.609503
 32 0.000000 -1.940598 4.999998 -0.027189 -0.053376 0.005295
 33 6.551492 0.000001 0.000001 -0.208490 0.075462 -0.282386
 34 0.000000 -1.940598 4.999997 -0.066572 -0.152786 -0.110311
 35 -0.263135 -0.249195 -1.693873 1.337276 1.458464 -1.981840
 36 6.384777 0.000001 -0.000002 0.582906 0.278800 -1.004532
 37 10.242682 0.000000 0.000003 -0.000000 -0.000000 -1.443487
 38 11.375561 -0.000000 -0.000001 1.939419 0.552331 0.197022
 39 0.728681 0.023429 1.008292 -1.627471 -0.842372 0.191441
 40 2.136497 -0.000000 -0.000002 0.000000 0.000000 0.898845
 41 2.313137 0.000001 -0.000001 0.000000 0.000000 3.141593
 42 3.115508 -0.886042 0.021432 0.523248 0.008991 0.590544
 43 2.011150 0.000003 -0.000002 -0.000000 0.000000 1.951110
 44 2.141380 -0.000001 -0.000003 0.000000 0.000000 3.141593
 45 1.734171 0.000001 -0.000002 0.000000 -0.000000 0.976392
 46 0.136315 -3.738192 2.525888 1.493698 2.759406 -1.474501
 47 3.771411 0.416400 1.053531 1.765650 0.074575 0.195753
 48 11.389366 -0.000820 0.158779 1.735296 0.295069 0.071630
 49 0.000002 -4.440601 0.000001 1.570144 -3.078602 0.004040
 50 6.000000 0.000001 -0.000000 1.735296 -0.000000 -0.000000
 51 0.000003 -4.440601 -0.000000 1.569944 -3.078603 0.004053
 52 10.510132 0.000000 0.000004 -0.000000 0.000000 -2.292540
 53 0.000000 -1.748399 -5.000000 -3.141593 0.004007 -1.539299
 54 5.500000 0.000000 0.000003 -0.225126 0.000000 0.000000
 55 0.000000 -0.000001 -5.000000 -0.044472 3.137589 -0.000177
 56 6.551491 -0.000001 -0.000000 0.225126 -0.000086 -0.301079
 57 -1.266843 -1.937443 -4.950558 -0.066572 -2.988806 -0.110308
 58 6.551491 -0.000001 -0.000000 0.225126 -0.000086 -0.301079
 59 0.699370 -1.944210 -5.006844 -0.027189 -3.088217 0.005298
 60 4.226143 -0.003201 -0.000000 0.077426 -0.078323 0.099189
 61 -0.000003 5.000000 0.000000 -0.153564 0.000087 2.718702
 62 0.000005 -0.000004 -3.713579 0.119535 -2.936655 -0.885276
 63 -0.000001 0.000001 5.000000 3.053195 1.558589 -0.074929
 64 -0.000004 0.000005 3.713579 -0.311487 -2.845558 -0.582080
 65 -0.000001 0.000000 -5.000000 -0.088726 1.558589 3.066335
 66 7.363605 1.646646 0.495663 -3.141593 -1.570796 0.000000
 67 -0.000003 0.000005 3.619081 -0.441735 -2.434423 -1.159240
 68 16.573919 -0.000001 0.000001 -0.000000 -0.000000 -2.011748
 69 15.128181 0.000001 0.000001 0.026832 0.026147 -0.175154
 70 5.758666 4.244731 0.000000 0.000000 -0.000000 2.033309
 71 3.177726 0.000000 0.000000 0.000000 0.000000 3.141593
 72 15.708952 0.000002 0.000001 0.013957 0.013894 -0.093781
 73 0.275148 0.189215 -3.445207 3.130898 0.000409 -1.514604
 74 17.210194 -0.000002 0.000002 -0.000000 0.000000 -2.319003
 75 0.000000 -0.000000 -5.000000 -0.079433 1.546568 -1.570857
 76 0.000005 -0.000003 -3.619079 0.260448 -2.945758 -1.468642
 77 16.573919 -0.000000 0.000001 0.000000 0.000000 -1.562392
 78 15.128181 0.000001 0.000001 0.265624 -0.173430 0.666428
 79 5.758665 4.244731 0.000000 -0.000000 0.000000 1.483530
 80 4.003935 0.000000 0.000000 0.000000 0.000000 0.000000
 81 15.708953 0.000000 0.000001 0.195074 -0.100553 0.460486
 82 0.273998 0.191090 3.439762 -3.130907 -0.000437 -1.508107
 83 17.210196 -0.000001 0.000000 -0.000000 0.000000 -2.116793
 84 0.000000 -0.000000 5.000000 -0.079311 1.595025 -1.570737
time 3
  0 0.000000 0.000000 32.947224 -0.243067 0.535714 -2.432935
  1 13.773752 5.584524 -22.520977 -0.544290 0.221328 2.303921
  2 -2.276935 0.000003 -1.238186 -1.570795 -1.570451 0.000000
  3 1.796670 0.711980 -0.000977 0.309865 -0.220383 -0.222130
  4 4.119378 -0.003186 -0.000148 0.044740 0.052643 0.240284
  5 4.119010 -0.003249 -0.000164 0.050555 0.098822 0.129910
  6 4.118816 -0.003265 -0.000242 0.073885 0.067451 0.070477
  7 4.119329 -0.003425 -0.000505 0.145091 -0.155369 0.186532
  8 4.443599 -0.000003 -0.000000 0.128802 -0.125232 -0.508257
  9 9.024063 -0.000001 0.000000 0.000000 0.000000 0.000000
 10 0.268130 0.251038 1.693863 -1.074815 -1.312140 -2.319187
 11 6.384778 0.000001 0.000004 -0.653471 0.019093 -0.981194
 12 10.242681 -0.000000 0.000002 0.000000 0.000000 -1.576551
 13 11.375561 0.000001 -0.000003 -2.228820 -0.393698 0.780414
 14 0.728680 0.023432 -1.008290 1.627471 0.842372 0.191441
 15 2.136498 -0.000000 -0.000000 -0.000000 0.000000 0.898844
 16 2.313138 -0.000001 -0.000001 0.000000 0.000000 0.000000
 17 3.115506 -0.886041 -0.021431 -0.523248 -0.008991 0.590544
 18 2.011150 0.000000 -0.000001 0.000000 0.000000 1.951110
 19 2.141380 -0.000000 -0.000001 0.000000 0.000000 0.000000
 20 1.734172 0.000001 0.000000 0.000000 0.000000 0.976392
 21 0.000006 -4.440594 -0.000001 1.570544 -0.062990 -0.195737
 22 4.112853 -0.572204 -1.309457 -1.644301 0.094718 0.119721
 23 5.999999 -0.000000 -0.000001 -2.038923 0.000000 -0.000000
 24 0.000001 -4.440599 -0.000001 1.569944 -0.062987 0.004053
 25 11.375562 0.000000 0.000001 -1.850038 -0.255472 0.352978
 26 -0.000002 -4.440602 0.000001 1.570144 -0.062988 0.004040
 27 10.510130 0.000000 0.000001 0.000000 0.000000 -2.359072
 28 0.000000 -1.748401 5.000000 0.000000 0.004007 1.602290
 29 5.500000 0.000001 0.000001 0.251055 -0.000000 -0.000000
 30 -0.000002 -1.940597 5.000000 -0.044472 0.004003 -0.000180
 31 6.551491 -0.000001 0.000001 -0.453823 0.085335 -0.621858
 32 0.000002 -1.940599 5.000000 -0.027189 -0.053376 0.005295
 33 6.551491 -0.000001 0.000001 -0.207136 0.075319 -0.287788
 34 0.000000 -1.940600 4.999997 -0.066572 -0.152786 -0.110311
 35 -0.268127 -0.243964 -1.693863 1.546586 1.475844 -1.792644
 36 6.384777 -0.000002 0.000002 0.606792 0.269445 -0.970782
 37 10.242682 0.000000 -0.000002 -0.000000 0.000000 -1.458438
 38 11.375563 -0.000000 0.000002 1.974456 0.528163 0.291047
 39 0.728680 0.023431 1.008293 -1.627471 -0.842372 0.191441
 40 2.136496 -0.000001 -0.000001 0.000000 -0.000000 0.898844
 41 2.313138 0.000000 0.000000 0.000000 0.000000 3.141593
 42 3.115506 -0.886041 0.021434 0.523248 0.008991 0.590544
 43 2.011151 -0.000001 0.000000 0.000000 0.000000 1.951110
 44 2.141378 0.000001 0.000001 0.000000 0.000000 3.141593
 45 1.734173 -0.000002 0.000001 0.000000 -0.000000 0.976392
 46 0.136317 -3.738192 2.525891 1.493698 2.759406 -1.474501
 47 3.771410 0.416401 1.053533 1.765650 0.074575 0.195753
 48 11.389366 -0.000819 0.158783 1.746916 0.286650 0.119796
 49 0.000002 -4.440598 0.000000 1.570144 -3.078602 0.004040
 50 6.000000 -0.000000 -0.000001 1.746916 0.000000 0.000000
 51 0.000002 -4.440600 -0.000001 1.569944 -3.078603 0.004053
 52 10.510132 0.000000 0.000001 -0.000000 -0.000000 -2.300015
 53 0.000001 -1.748399 -5.000001 -3.141593 0.004007 -1.539299
 54 5.499999 0.000000 -0.000002 -0.228872 0.000000 -0.000000
 55 -0.000001 0.000000 -5.000001 -0.044472 3.137589 -0.000177
 56 6.551491 -0.000000 0.000002 0.228872 -0.002521 -0.295692
 57 -1.266843 -1.937443 -4.950559 -0.066572 -2.988806 -0.110308
 58 6.551492 -0.000000 0.000002 0.228872 -0.002521 -0.295692
 59 0.699370 -1.944208 -5.006846 -0.027189 -3.088217 0.005298
 60 4.226144 -0.003200 0.000000 0.076212 -0.079439 0.110064
 61 0.000001 4.999997 0.000000 -0.153564 0.000087 2.718702
 62 0.000005 -0.000004 -3.713579 0.119535 -2.936655 -0.885276
 63 -0.000001 0.000001 5.000000 3.053195 1.558589 -0.074929
 64 -0.000004 0.000005 3.713579 -0.311487 -2.845558 -0.582080
 65 -0.000001 0.000000 -5.000000 -0.088726 1.558589 3.066335
 66 7.363605 1.646646 0.495663 -3.141593 -1.570796 0.000000
 67 -0.000003 0.000005 3.619081 -0.441735 -2.434423 -1.159240
 68 16.573919 -0.000001 0.000001 -0.000000 -0.000000 -2.011748
 69 15.128181 0.000001 0.000001 0.026832 0.026147 -0.175154
 70 5.758666 4.244731 0.000000 0.000000 -0.000000 2.033309
 71 3.177726 0.000000 0.000000 0.000000 0.000000 3.141593
 72 15.708952 0.000002 0.000001 0.013957 0.013894 -0.093781
 73 0.275148 0.189215 -3.445207 3.130898 0.000409 -1.514604
 74 17.210194 -0.000002 0.000002 -0.000000 0.000000 -2.319003
 75 0.000000 -0.000000 -5.000000 -0.079433 1.546568 -1.570857
 76 0.000005 -0.000003 -3.619079 0.260448 -2.945758 -1.468642
 77 16.573919 -0.000000 0.000001 0.000000 0.000000 -1.562392
 78 15.128181 0.000001 0.000001 0.265624 -0.173430 0.666428
 79 5.758665 4.244731 0.000000 -0.000000 0.000000 1.483530
 80 4.003935 0.000000 0.000000 0.000000 0.000000 0.000000
 81 15.708953 0.000000 0.000001 0.195074 -0.100553 0.460486
 82 0.273998 0.191090 3.439762 -3.130907 -0.000437 -1.508107
 83 17.210196 -0.000001 0.000000 -0.000000 0.000000 -2.116793
 84 0.000000 -0.000000 5.000000 -0.079311 1.595025 -1.570737
time 4
  0 0.000000 0.000000 32.947224 -0.243067 0.535714 -2.432935
  1 13.773752 5.584524 -22.520977 -0.544290 0.221328 2.303921
  2 -2.276935 0.000003 -1.238186 -1.570795 -1.570451 0.000000
  3 1.796670 0.711980 -0.000977 0.309865 -0.220383 -0.222130
  4 4.119383 -0.003181 -0.000180 0.054913 0.052579 0.243151
  5 4.119013 -0.003245 -0.000222 0.068128 0.091533 0.131997
  6 4.118819 -0.003266 -0.000242 0.073885 0.067451 0.070477
  7 4.119397 -0.003412 -0.000495 0.142009 -0.158226 0.206197
  8 4.443599 -0.000001 -0.000000 0.102030 -0.109630 -0.558868
  9 9.024060 0.000000 0.000000 0.000000 0.000000 0.000000
 10 0.273020 0.245707 1.693853 -1.074983 -1.312165 -2.338657
 11 6.384777 0.000002 0.000003 -0.646594 0.011770 -1.018207
 12 10.242682 -0.000001 -0.000001 -0.000000 0.000000 -1.571065
 13 11.375563 -0.000000 -0.000000 -2.228637 -0.396506 0.773376
 14 0.728680 0.023430 -1.008291 1.627471 0.842372 0.191441
 15 2.136497 0.000000 0.000000 -0.000000 0.000000 0.898845
 16 2.313140 -0.000001 0.000001 0.000000 0.000000 0.000000
 17 3.115506 -0.886042 -0.021430 -0.523248 -0.008990 0.590544
 18 2.011150 0.000000 0.000001 -0.000000 0.000000 1.951110
 19 2.141378 -0.000001 -0.000000 0.000000 0.000000 0.000000
 20 1.734172 0.000000 0.000002 0.000000 0.000000 0.976392
 21 0.000006 -4.440595 0.000001 1.570544 -0.062990 -0.195737
 22 4.112853 -0.572204 -1.309455 -1.644301 0.094718 0.119721
 23 6.000000 -0.000000 -0.000003 -2.038717 0.000000 -0.000000
 24 0.000002 -4.440601 0.000000 1.569944 -0.062987 0.004053
 25 11.375562 0.000001 0.000000 -1.849993 -0.256343 0.349428
 26 -0.000001 -4.440605 -0.000001 1.570144 -0.062988 0.004040
 27 10.510130 -0.000000 -0.000001 -0.000000 0.000000 -2.356329
 28 0.000001 -1.748401 5.000003 -0.000000 0.004007 1.602290
 29 5.500000 -0.000000 0.000000 0.249762 -0.000000 -0.000000
 30 -0.000002 -1.940598 5.000003 -0.044472 0.004003 -0.000180
 31 6.551491 -0.000000 0.000001 -0.452301 0.083960 -0.636875
 32 -0.000001 -1.940598 5.000004 -0.027189 -0.053376 0.005295
 33 6.551491 -0.000000 0.000001 -0.205882 0.075262 -0.294257
 34 -0.000000 -1.940598 4.999995 -0.066572 -0.152786 -0.110311
 35 -0.273016 -0.238632 -1.693852 1.808372 1.486856 -1.551242
 36 6.384776 -0.000004 0.000001 0.632974 0.258012 -0.928298
 37 10.242683 0.000000 -0.000001 0.000000 0.000000 -1.480531
 38 11.375561 -0.000002 -0.000005 2.005773 0.502069 0.380585
 39 0.728681 0.023430 1.008292 -1.627471 -0.842372 0.191441
 40 2.136498 0.000000 0.000000 -0.000000 -0.000000 0.898844
 41 2.313139 -0.000000 0.000001 0.000000 0.000000 3.141593
 42 3.115507 -0.886041 0.021429 0.523248 0.008991 0.590544
 43 2.011150 0.000001 -0.000001 0.000000 -0.000000 1.951110
 44 2.141378 -0.000000 -0.000002 0.000000 0.000000 3.141593
 45 1.734172 -0.000001 0.000001 -0.000000 -0.000000 0.976392
 46 0.136315 -3.738194 2.525892 1.493698 2.759406 -1.474501
 47 3.771410 0.416398 1.053532 1.765650 0.074575 0.195753
 48 11.389367 -0.000820 0.158778 1.757610 0.277401 0.165664
 49 0.000002 -4.440601 0.000001 1.570144 -3.078602 0.004040
 50 6.000000 -0.000000 -0.000003 1.757610 0.000000 0.000000
 51 0.000002 -4.440599 -0.000001 1.569944 -3.078603 0.004053
 52 10.510132 0.000001 -0.000003 0.000000 0.000000 -2.311062
 53 0.000000 -1.748399 -5.000001 3.141593 0.004007 -1.539299
 54 5.500000 0.000001 -0.000003 -0.232716 -0.000000 -0.000000
 55 -0.000000 0.000000 -5.000000 -0.044472 3.137589 -0.000177
 56 6.551491 -0.000002 0.000001 0.232716 -0.004912 -0.289005
 57 -1.266844 -1.937443 -4.950558 -0.066572 -2.988806 -0.110308
 58 6.551491 -0.000002 0.000001 0.232716 -0.004912 -0.289005
 59 0.699370 -1.944208 -5.006845 -0.027189 -3.088217 0.005298
 60 4.226146 -0.003202 -0.000000 0.074983 -0.080523 0.120833
 61 -0.000001 5.000002 -0.000000 -0.153564 0.000087 2.718702
 62 0.000005 -0.000004 -3.713579 0.119535 -2.936655 -0.885276
 63 -0.000001 0.000001 5.000000 3.053195 1.558589 -0.074929
 64 -0.000004 0.000005 3.713579 -0.311487 -2.845558 -0.582080
 65 -0.000001 0.000000 -5.000000 -0.088726 1.558589 3.066335
 66 7.363605 1.646646 0.495663 -3.141593 -1.570796 0.000000
 67 -0.000003 0.000005 3.619081 -0.441735 -2.434423 -1.159240
 68 16.573919 -0.000001 0.000001 -0.000000 -0.000000 -2.011748
 69 15.128181 0.000001 0.000001 0.026832 0.026147 -0.175154
 70 5.758666 4.244731 0.000000 0.000000 -0.000000 2.033309
 71 3.177726 0.000000 0.000000 0.000000 0.000000 3.141593
 72 15.708952 0.000002 0.000001 0.013957 0.013894 -0.093781
 73 0.275148 0.189215 -3.445207 3.130898 0.000409 -1.514604
 74 17.210194 -0.000002 0.000002 -0.000000 0.000000 -2.319003
 75 0.000000 -0.000000 -5.000000 -0.079433 1.546568 -1.570857
 76 0.000005 -0.000003 -3.619079 0.260448 -2.945758 -1.468642
 77 16.573919 -0.000000 0.000001 0.000000 0.000000 -1.562392
 78 15.128181 0.000001 0.000001 0.265624 -0.173430 0.666428
 79 5.758665 4.244731 0.000000 -0.000000 0.000000 1.483530
 80 4.003935 0.000000 0.000000 0.000000 0.000000 0.000000
 81 15.708953 0.000000 0.000001 0.195074 -0.100553 0.460486
 82 0.273998 0.191090 3.439762 -3.130907 -0.000437 -1.508107
 83 17.210196 -0.000001 0.000000 -0.000000 0.000000 -2.116793
 84 0.000000 -0.000000 5.000000 -0.079311 1.595025 -1.570737
time 5
  0 0.000000 0.000000 32.947224 -0.243067 0.535714 -2.432935
  1 13.773752 5.584524 -22.520977 -0.544290 0.221328 2.303921
  2 -2.276935 0.000003 -1.238186 -1.570795 -1.570451 0.000000
  3 1.796670 0.711980 -0.000977 0.309865 -0.220383 -0.222130
  4 4.119390 -0.003178 -0.000216 0.065669 0.052480 0.246182
  5 4.119018 -0.003243 -0.000281 0.086224 0.084241 0.134117
  6 4.118814 -0.003261 -0.000241 0.073885 0.067451 0.070477
  7 4.119463 -0.003400 -0.000484 0.139003 -0.160905 0.225046
  8 4.443599 0.000002 -0.000000 0.073902 -0.096748 -0.608443
  9 9.024060 -0.000001 0.000000 0.000000 0.000000 0.000000
 10 0.277602 0.240514 1.693842 -1.075145 -1.312189 -2.357302
 11 6.384778 0.000001 0.000002 -0.639867 0.004139 -1.056583
 12 10.242681 -0.000001 0.000000 -0.000000 0.000000 -1.563595
 13 11.375561 0.000001 0.000002 -2.228382 -0.399296 0.765474
 14 0.728681 0.023430 -1.008291 1.627471 0.842372 0.191441
 15 2.136499 -0.000001 0.000001 -0.000000 0.000000 0.898844
 16 2.313139 0.000001 -0.000001 0.000000 0.000000 0.000000
 17 3.115507 -0.886042 -0.021431 -0.523248 -0.008990 0.590544
 18 2.011152 0.000000 0.000001 -0.000000 0.000000 1.951110
 19 2.141380 0.000000 -0.000001 0.000000 0.000000 0.000000
 20 1.734172 0.000002 -0.000001 -0.000000 0.000000 0.976392
 21 0.000006 -4.440593 -0.000000 1.570544 -0.062990 -0.195737
 22 4.112853 -0.572203 -1.309455 -1.644301 0.094718 0.119721
 23 6.000000 0.000001 -0.000000 -2.038508 -0.000000 -0.000000
 24 0.000001 -4.440600 -0.000000 1.569944 -0.062987 0.004053
 25 11.375561 0.000001 0.000002 -1.849983 -0.257155 0.345491
 26 -0.000002 -4.440602 -0.000001 1.570144 -0.062988 0.004040
 27 10.510131 0.000000 -0.000002 0.000000 0.000000 -2.352594
 28 -0.000000 -1.748400 4.999999 -0.000000 0.004007 1.602291
 29 5.500000 0.000000 -0.000002 0.248900 -0.000000 -0.000000
 30 -0.000000 -1.940599 5.000001 -0.044472 0.004003 -0.000180
 31 6.551492 -0.000001 -0.000000 -0.451671 0.082524 -0.653298
 32 0.000001 -1.940599 4.999998 -0.027189 -0.053376 0.005295
 33 6.551492 -0.000001 -0.000000 -0.204957 0.075303 -0.301217
 34 0.000000 -1.940598 4.999997 -0.066572 -0.152786 -0.110311
 35 -0.277599 -0.233433 -1.693843 2.093941 1.490739 -1.285423
 36 6.384777 -0.000001 -0.000001 0.658964 0.245280 -0.882817
 37 10.242681 -0.000000 0.000001 0.000000 -0.000000 -1.505947
 38 11.375560 0.000000 0.000001 2.032884 0.475210 0.462725
 39 0.728682 0.023431 1.008292 -1.627471 -0.842372 0.191441
 40 2.136497 -0.000000 -0.000000 -0.000000 -0.000000 0.898844
 41 2.313139 0.000001 0.000000 0.000000 0.000000 3.141593
 42 3.115508 -0.886043 0.021433 0.523248 0.008991 0.590544
 43 2.011149 0.000002 -0.000001 0.000000 -0.000000 1.951110
 44 2.141378 -0.000001 -0.000001 0.000000 0.000000 3.141593
 45 1.734171 -0.000001 0.000002 0.000000 0.000000 0.976392
 46 0.136315 -3.738194 2.525891 1.493698 2.759406 -1.474501
 47 3.771410 0.416400 1.053530 1.765650 0.074575 0.195753
 48 11.389366 -0.000819 0.158782 1.767307 0.267893 0.207434
 49 0.000001 -4.440598 -0.000000 1.570144 -3.078602 0.004040
 50 5.999999 0.000000 0.000001 1.767308 0.000000 0.000000
 51 0.000002 -4.440601 0.000000 1.569944 -3.078603 0.004053
 52 10.510131 0.000001 0.000001 -0.000000 0.000000 -2.323770
 53 0.000000 -1.748400 -5.000002 -3.141593 0.004007 -1.539299
 54 5.499999 -0.000000 0.000002 -0.236536 -0.000000 -0.000000
 55 0.000000 -0.000000 -4.999998 -0.044472 3.137589 -0.000177
 56 6.551492 0.000001 -0.000002 0.236536 -0.007219 -0.281967
 57 -1.266843 -1.937444 -4.950560 -0.066572 -2.988806 -0.110308
 58 6.551492 0.000001 -0.000002 0.236536 -0.007219 -0.281967
 59 0.699371 -1.944208 -5.006846 -0.027189 -3.088217 0.005298
 60 4.226147 -0.003202 -0.000000 0.073795 -0.081532 0.131042
 61 0.000001 5.000000 -0.000000 -0.153564 0.000087 2.718702
 62 0.000005 -0.000004 -3.713579 0.119535 -2.936655 -0.885276
 63 -0.000001 0.000001 5.000000 3.053195 1.558589 -0.074929
 64 -0.000004 0.000005 3.713579 -0.311487 -2.845558 -0.582080
 65 -0.000001 0.000000 -5.000000 -0.088726 1.558589 3.066335
 66 7.363605 1.646646 0.495663 -3.141593 -1.570796 0.000000
 67 -0.000003 0.000005 3.619081 -0.441735 -2.434423 -1.159240
 68 16.573919 -0.000001 0.000001 -0.000000 -0.000000 -2.011748
 69 15.128181 0.000001 0.000001 0.026832 0.026147 -0.175154
 70 5.758666 4.244731 0.000000 0.000000 -0.000000 2.033309
 71 3.177726 0.000000 0.000000 0.000000 0.000000 3.141593
 72 15.708952 0.000002 0.000001 0.013957 0.013894 -0.093781
 73 0.275148 0.189215 -3.445207 3.130898 0.000409 -1.514604
 74 17.210194 -0.000002 0.000002 -0.000000 0.000000 -2.319003
 75 0.000000 -0.000000 -5.000000 -0.079433 1.546568 -1.570857
 76 0.000005 -0.000003 -3.619079 0.260448 -2.945758 -1.468642
 77 16.573919 -0.000000 0.000001 0.000000 0.000000 -1.562392
 78 15.128181 0.000001 0.000001 0.265624 -0.173430 0.666428
 79 5.758665 4.244731 0.000000 -0.000000 0.000000 1.483530
 80 4.003935 0.000000 0.000000 0.000000 0.000000 0.000000
 81 15.708953 0.000000 0.000001 0.195074 -0.100553 0.460486
 82 0.273998 0.191090 3.439762 -3.130907 -0.000437 -1.508107
 83 17.210196 -0.000001 0.000000 -0.000000 0.000000 -2.116793
 84 0.000000 -0.000000 5.000000 -0.079311 1.595025 -1.570737
time 6
  0 0.000000 0.000000 32.947224 -0.243067 0.535714 -2.432935
  1 13.773752 5.584524 -22.520977 -0.544290 0.221328 2.303921
  2 -2.276935 0.000003 -1.238186 -1.570795 -1.570451 0.000000
  3 1.796670 0.711980 -0.000977 0.309865 -0.220383 -0.222130
  4 4.119399 -0.003174 -0.000249 0.075842 0.052357 0.249047
  5 4.119017 -0.003236 -0.000335 0.102624 0.078003 0.136088
  6 4.118817 -0.003264 -0.000241 0.073885 0.067451 0.070477
  7 4.119519 -0.003384 -0.000474 0.136216 -0.163299 0.242243
  8 4.443598 -0.000001 -0.000000 0.048007 -0.087005 -0.654342
  9 9.024060 -0.000000 0.000000 0.000000 0.000000 0.000000
 10 0.281695 0.235697 1.693833 -1.075293 -1.312212 -2.374297
 11 6.384777 -0.000000 -0.000002 -0.634205 -0.003176 -1.092440
 12 10.242680 0.000000 0.000002 0.000000 -0.000000 -1.554428
 13 11.375562 0.000000 0.000002 -2.228111 -0.401721 0.757742
 14 0.728682 0.023431 -1.008291 1.627471 0.842372 0.191441
 15 2.136498 -0.000000 0.000002 -0.000000 -0.000000 0.898844
 16 2.313139 -0.000001 0.000000 0.000000 0.000000 0.000000
 17 3.115508 -0.886040 -0.021428 -0.523248 -0.008991 0.590544
 18 2.011151 -0.000001 -0.000002 0.000000 -0.000000 1.951110
 19 2.141379 -0.000000 0.000002 0.000000 0.000000 0.000000
 20 1.734173 -0.000000 0.000002 0.000000 0.000000 0.976392
 21 0.000005 -4.440594 0.000002 1.570544 -0.062990 -0.195737
 22 4.112854 -0.572204 -1.309456 -1.644301 0.094718 0.119721
 23 6.000001 -0.000001 0.000003 -2.038340 0.000000 0.000000
 24 0.000001 -4.440601 -0.000002 1.569944 -0.062987 0.004053
 25 11.375561 -0.000001 0.000006 -1.850016 -0.257814 0.341677
 26 -0.000000 -4.440605 -0.000001 1.570144 -0.062988 0.004040
 27 10.510130 0.000000 0.000001 0.000000 0.000000 -2.348010
 28 -0.000000 -1.748401 4.999999 0.000000 0.004007 1.602290
 29 5.500000 -0.000000 0.000000 0.248669 0.000000 0.000000
 30 -0.000001 -1.940598 5.000000 -0.044472 0.004003 -0.000180
 31 6.551491 0.000001 -0.000001 -0.452196 0.081017 -0.669645
 32 -0.000000 -1.940598 5.000001 -0.027189 -0.053376 0.005295
 33 6.551491 0.000001 -0.000001 -0.204544 0.075394 -0.308025
 34 -0.000000 -1.940599 4.999997 -0.066572 -0.152786 -0.110311
 35 -0.281694 -0.228621 -1.693833 2.355728 1.488366 -1.041844
 36 6.384777 0.000000 0.000000 0.682475 0.232606 -0.840040
 37 10.242682 -0.000001 -0.000000 0.000000 -0.000000 -1.531077
 38 11.375560 -0.000002 -0.000004 2.055629 0.449035 0.535075
 39 0.728683 0.023431 1.008291 -1.627471 -0.842372 0.191441
 40 2.136497 0.000000 -0.000001 0.000000 -0.000000 0.898845
 41 2.313140 0.000001 -0.000000 0.000000 0.000000 3.141593
 42 3.115509 -0.886041 0.021430 0.523248 0.008991 0.590544
 43 2.011150 -0.000001 0.000002 -0.000000 -0.000000 1.951110
 44 2.141379 -0.000001 0.000001 0.000000 0.000000 3.141593
 45 1.734172 -0.000001 -0.000002 0.000000 0.000000 0.976391
 46 0.136316 -3.738192 2.525891 1.493698 2.759406 -1.474501
 47 3.771411 0.416400 1.053531 1.765650 0.074575 0.195753
 48 11.389366 -0.000819 0.158779 1.775966 0.258743 0.243844
 49 0.000001 -4.440597 -0.000001 1.570144 -3.078602 0.004040
 50 6.000000 0.000000 0.000000 1.775966 -0.000000 0.000000
 51 0.000003 -4.440603 0.000000 1.569944 -3.078603 0.004053
 52 10.510132 0.000000 -0.000000 0.000000 0.000000 -2.336335
 53 0.000000 -1.748400 -5.000003 3.141593 0.004007 -1.539299
 54 5.500000 -0.000000 -0.000002 -0.240143 0.000000 -0.000000
 55 0.000001 -0.000000 -4.999998 -0.044472 3.137589 -0.000177
 56 6.551490 -0.000001 0.000001 0.240143 -0.009357 -0.275419
 57 -1.266844 -1.937444 -4.950561 -0.066572 -2.988806 -0.110308
 58 6.551490 -0.000001 0.000001 0.240143 -0.009357 -0.275419
 59 0.699371 -1.944208 -5.006848 -0.027189 -3.088217 0.005298
 60 4.226145 -0.003200 -0.000000 0.072701 -0.082427 0.140256
 61 0.000002 4.999998 -0.000000 -0.153564 0.000087 2.718702
 62 0.000005 -0.000004 -3.713579 0.119535 -2.936655 -0.885276
 63 -0.000001 0.000001 5.000000 3.053195 1.558589 -0.074929
 64 -0.000004 0.000005 3.713579 -0.311487 -2.845558 -0.582080
 65 -0.000001 0.000000 -5.000000 -0.088726 1.558589 3.066335
 66 7.363605 1.646646 0.495663 -3.141593 -1.570796 0.000000
 67 -0.000003 0.000005 3.619081 -0.441735 -2.434423 -1.159240
 68 16.573919 -0.000001 0.000001 -0.000000 -0.000000 -2.011748
 69 15.128181 0.000001 0.000001 0.026832 0.026147 -0.175154
 70 5.758666 4.244731 0.000000 0.000000 -0.000000 2.033309
 71 3.177726 0.000000 0.000000 0.000000 0.000000 3.141593
 72 15.708952 0.000002 0.000001 0.013957 0.013894 -0.093781
 73 0.275148 0.189215 -3.445207 3.130898 0.000409 -1.514604
 74 17.210194 -0.000002 0.000002 -0.000000 0.000000 -2.319003
 75 0.000000 -0.000000 -5.000000 -0.079433 1.546568 -1.570857
 76 0.000005 -0.000003 -3.619079 0.260448 -2.945758 -1.468642
 77 16.573919 -0.000000 0.000001 0.000000 0.000000 -1.562392
 78 15.128181 0.000001 0.000001 0.265624 -0.173430 0.666428
 79 5.758665 4.244731 0.000000 -0.000000 0.000000 1.483530
 80 4.003935 0.000000 0.000000 0.000000 0.000000 0.000000
 81 15.708953 0.000000 0.000001 0.195074 -0.100553 0.460486
 82 0.273998 0.191090 3.439762 -3.130907 -0.000437 -1.508107
 83 17.210196 -0.000001 0.000000 -0.000000 0.000000 -2.116793
 84 0.000000 -0.000000 5.000000 -0.079311 1.595025 -1.570737
time 7
  0 0.000000 0.000000 32.947224 -0.243067 0.535714 -2.432935
  1 13.773752 5.584524 -22.520977 -0.544290 0.221328 2.303921
  2 -2.276935 0.000003 -1.238186 -1.570795 -1.570451 0.000000
  3 1.796670 0.711980 -0.000977 0.309865 -0.220383 -0.222130
  4 4.119404 -0.003171 -0.000277 0.084264 0.052233 0.251418
  5 4.119021 -0.003229 -0.000374 0.115118 0.073885 0.137789
  6 4.118818 -0.003267 -0.000242 0.073885 0.067451 0.070477
  7 4.119569 -0.003372 -0.000466 0.133800 -0.165306 0.256948
  8 4.443597 0.000000 -0.000000 0.027920 -0.080292 -0.693762
  9 9.024060 0.000000 -0.000000 0.000000 0.000000 0.000000
 10 0.285126 0.231531 1.693825 -1.075422 -1.312231 -2.388819
 11 6.384778 0.000000 0.000001 -0.630603 -0.009676 -1.121958
 12 10.242682 -0.000000 -0.000002 0.000000 -0.000000 -1.543945
 13 11.375559 -0.000001 0.000004 -2.227918 -0.403489 0.751412
 14 0.728681 0.023430 -1.008295 1.627471 0.842372 0.191441
 15 2.136495 -0.000001 0.000002 -0.000000 -0.000000 0.898844
 16 2.313140 0.000001 -0.000000 0.000000 0.000000 0.000000
 17 3.115507 -0.886041 -0.021433 -0.523248 -0.008991 0.590544
 18 2.011151 0.000000 -0.000002 -0.000000 0.000000 1.951110
 19 2.141379 0.000000 0.000003 0.000000 0.000000 0.000000
 20 1.734172 0.000000 -0.000001 -0.000000 0.000000 0.976392
 21 0.000006 -4.440595 -0.000001 1.570544 -0.062990 -0.195737
 22 4.112853 -0.572204 -1.309459 -1.644301 0.094718 0.119721
 23 5.999999 -0.000001 0.000003 -2.038260 -0.000000 -0.000000
 24 0.000002 -4.440602 -0.000002 1.569944 -0.062987 0.004053
 25 11.375561 0.000000 0.000004 -1.850096 -0.258260 0.338580
 26 -0.000001 -4.440606 -0.000002 1.570144 -0.062988 0.004040
 27 10.510130 -0.000000 -0.000001 0.000000 -0.000000 -2.342769
 28 -0.000000 -1.748400 4.999998 0.000000 0.004007 1.602291
 29 5.500000 -0.000000 -0.000002 0.249188 -0.000000 -0.000000
 30 -0.000002 -1.940597 5.000001 -0.044472 0.004003 -0.000180
 31 6.551492 0.000000 0.000000 -0.453960 0.079400 -0.684049
 32 0.000001 -1.940598 5.000001 -0.027189 -0.053376 0.005295
 33 6.551492 0.000000 0.000000 -0.204767 0.075446 -0.313917
 34 -0.000000 -1.940599 4.999996 -0.066572 -0.152786 -0.110311
 35 -0.285124 -0.224454 -1.693825 2.563102 1.481962 -0.850227
 36 6.384777 0.000000 -0.000000 0.701427 0.221823 -0.805596
 37 10.242682 0.000001 -0.000001 -0.000000 0.000000 -1.552584
 38 11.375561 -0.000001 -0.000002 2.074140 0.425220 0.595750
 39 0.728681 0.023428 1.008291 -1.627471 -0.842372 0.191441
 40 2.136497 -0.000000 0.000000 0.000000 -0.000000 0.898844
 41 2.313139 -0.000002 -0.000001 0.000000 0.000000 3.141593
 42 3.115507 -0.886042 0.021430 0.523248 0.008990 0.590544
 43 2.011150 0.000002 0.000001 -0.000000 -0.000000 1.951110
 44 2.141378 -0.000001 0.000001 0.000000 0.000000 3.141593
 45 1.734173 -0.000000 0.000001 -0.000000 0.000000 0.976392
 46 0.136315 -3.738191 2.525892 1.493698 2.759406 -1.474501
 47 3.771410 0.416399 1.053531 1.765650 0.074575 0.195753
 48 11.389366 -0.000820 0.158778 1.783530 0.250579 0.274061
 49 0.000001 -4.440601 0.000001 1.570144 -3.078602 0.004040
 50 6.000000 -0.000001 -0.000002 1.783530 -0.000000 -0.000000
 51 0.000002 -4.440601 0.000000 1.569944 -3.078603 0.004053
 52 10.510131 0.000001 0.000000 0.000000 0.000000 -2.347088
 53 0.000001 -1.748400 -5.000002 3.141593 0.004007 -1.539299
 54 5.500000 0.000000 -0.000001 -0.243264 0.000000 -0.000000
 55 -0.000000 0.000000 -5.000001 -0.044472 3.137589 -0.000177
 56 6.551490 0.000002 -0.000000 0.243264 -0.011168 -0.270165
 57 -1.266843 -1.937444 -4.950560 -0.066572 -2.988806 -0.110308
 58 6.551491 0.000002 -0.000000 0.243264 -0.011168 -0.270165
 59 0.699371 -1.944208 -5.006846 -0.027189 -3.088217 0.005298
 60 4.226146 -0.003201 -0.000000 0.071761 -0.083173 0.148059
 61 0.000001 5.000001 -0.000000 -0.153564 0.000087 2.718702
 62 0.000005 -0.000004 -3.713579 0.119535 -2.936655 -0.885276
 63 -0.000001 0.000001 5.000000 3.053195 1.558589 -0.074929
 64 -0.000004 0.000005 3.713579 -0.311487 -2.845558 -0.582080
 65 -0.000001 0.000000 -5.000000 -0.088726 1.558589 3.066335
 66 7.363605 1.646646 0.495663 -3.141593 -1.570796 0.000000
 67 -0.000003 0.000005 3.619081 -0.441735 -2.434423 -1.159240
 68 16.573919 -0.000001 0.000001 -0.000000 -0.000000 -2.011748
 69 15.128181 0.000001 0.000001 0.026832 0.026147 -0.175154
 70 5.758666 4.244731 0.000000 0.000000 -0.000000 2.033309
 71 3.177726 0.000000 0.000000 0.000000 0.000000 3.141593
 72 15.708952 0.000002 0.000001 0.013957 0.013894 -0.093781
 73 0.275148 0.189215 -3.445207 3.130898 0.000409 -1.514604
 74 17.210194 -0.000002 0.000002 -0.000000 0.000000 -2.319003
 75 0.000000 -0.000000 -5.000000 -0.079433 1.546568 -1.570857
 76 0.000005 -0.000003 -3.619079 0.260448 -2.945758 -1.468642
 77 16.573919 -0.000000 0.000001 0.000000 0.000000 -1.562392
 78 15.128181 0.000001 0.000001 0.265624 -0.173430 0.666428
 79 5.758665 4.244731 0.000000 -0.000000 0.000000 1.483530
 80 4.003935 0.000000 0.000000 0.000000 0.000000 0.000000
 81 15.708953 0.000000 0.000001 0.195074 -0.100553 0.460486
 82 0.273998 0.191090 3.439762 -3.130907 -0.000437 -1.508107
 83 17.210196 -0.000001 0.000000 -0.000000 0.000000 -2.116793
 84 0.000000 -0.000000 5.000000 -0.079311 1.595025 -1.570737
time 8
  0 0.000000 0.000000 32.947224 -0.243067 0.535714 -2.432935
  1 13.773752 5.584524 -22.520977 -0.544290 0.221328 2.303921
  2 -2.276935 0.000003 -1.238186 -1.570795 -1.570451 0.000000
  3 1.796670 0.711980 -0.000977 0.309865 -0.220383 -0.222130
  4 4.119405 -0.003167 -0.000294 0.089769 0.052141 0.252968
  5 4.119026 -0.003228 -0.000396 0.121499 0.072965 0.139126
  6 4.118819 -0.003265 -0.000242 0.073885 0.067451 0.070477
  7 4.119607 -0.003361 -0.000459 0.131912 -0.166834 0.268322
  8 4.443599 -0.000000 0.000000 0.017166 -0.076143 -0.723837
  9 9.024059 -0.000002 -0.000000 0.000000 0.000000 0.000000
 10 0.287738 0.228274 1.693819 -1.075522 -1.312246 -2.400043
 11 6.384777 -0.000001 0.000003 -0.630091 -0.014944 -1.141367
 12 10.242681 0.000000 -0.000000 0.000000 0.000000 -1.532543
 13 11.375561 0.000002 -0.000002 -2.227900 -0.404349 0.747802
 14 0.728681 0.023430 -1.008290 1.627471 0.842372 0.191441
 15 2.136495 -0.000001 0.000000 -0.000000 -0.000000 0.898844
 16 2.313139 0.000000 -0.000000 0.000000 0.000000 0.000000
 17 3.115508 -0.886043 -0.021431 -0.523248 -0.008990 0.590544
 18 2.011150 0.000001 -0.000001 0.000000 0.000000 1.951110
 19 2.141379 -0.000001 0.000000 0.000000 0.000000 0.000000
 20 1.734172 0.000001 -0.000001 -0.000000 -0.000000 0.976392
 21 0.000006 -4.440594 0.000000 1.570544 -0.062990 -0.195737
 22 4.112854 -0.572205 -1.309455 -1.644301 0.094718 0.119721
 23 6.000000 0.000001 -0.000001 -2.038306 -0.000000 0.000000
 24 0.000002 -4.440602 -0.000001 1.569944 -0.062987 0.004053
 25 11.375562 0.000001 0.000002 -1.850209 -0.258455 0.336826
 26 -0.000001 -4.440605 -0.000001 1.570144 -0.062988 0.004040
 27 10.510132 -0.000000 -0.000002 0.000000 -0.000000 -2.337068
 28 0.000000 -1.748400 4.999998 -0.000000 0.004007 1.602291
 29 5.500000 -0.000000 -0.000000 0.250505 -0.000000 -0.000000
 30 -0.000002 -1.940597 5.000002 -0.044472 0.004003 -0.000180
 31 6.551491 -0.000001 0.000001 -0.456881 0.077682 -0.694218
 32 -0.000000 -1.940598 5.000002 -0.027189 -0.053376 0.005295
 33 6.551491 -0.000001 0.000001 -0.205704 0.075359 -0.317992
 34 0.000000 -1.940599 4.999994 -0.066572 -0.152786 -0.110311
 35 -0.287735 -0.221194 -1.693819 2.691137 1.475316 -0.734406
 36 6.384778 0.000001 -0.000002 0.712930 0.216057 -0.785455
 37 10.242682 0.000001 -0.000001 0.000000 0.000000 -1.566857
 38 11.375561 -0.000002 -0.000004 2.086537 0.408055 0.636935
 39 0.728684 0.023430 1.008293 -1.627471 -0.842372 0.191441
 40 2.136495 -0.000002 0.000003 0.000000 -0.000000 0.898845
 41 2.313139 0.000000 -0.000002 0.000000 0.000000 3.141593
 42 3.115507 -0.886042 0.021432 0.523248 0.008990 0.590544
 43 2.011150 0.000000 -0.000001 0.000000 -0.000000 1.951110
 44 2.141379 -0.000001 -0.000001 0.000000 0.000000 3.141593
 45 1.734172 -0.000001 0.000001 -0.000000 -0.000000 0.976392
 46 0.136315 -3.738191 2.525892 1.493698 2.759406 -1.474501
 47 3.771410 0.416400 1.053531 1.765650 0.074575 0.195753
 48 11.389365 -0.000820 0.158778 1.788925 0.244806 0.294414
 49 0.000000 -4.440599 0.000001 1.570144 -3.078602 0.004040
 50 6.000000 0.000000 -0.000001 1.788925 -0.000000 -0.000000
 51 0.000003 -4.440600 0.000000 1.569944 -3.078603 0.004053
 52 10.510131 0.000001 -0.000002 0.000000 -0.000000 -2.354225
 53 0.000001 -1.748400 -5.000004 -3.141593 0.004007 -1.539299
 54 5.500000 0.000000 -0.000002 -0.245360 -0.000000 0.000000
 55 -0.000001 0.000000 -5.000001 -0.044472 3.137589 -0.000177
 56 6.551491 0.000001 -0.000002 0.245360 -0.012117 -0.267117
 57 -1.266844 -1.937443 -4.950559 -0.066572 -2.988806 -0.110308
 58 6.551491 0.000001 -0.000002 0.245360 -0.012117 -0.267117
 59 0.699370 -1.944206 -5.006848 -0.027189 -3.088217 0.005298
 60 4.226147 -0.003203 0.000000 0.071030 -0.083740 0.154045
 61 -0.000001 5.000003 0.000000 -0.153564 0.000087 2.718702
 62 0.000005 -0.000004 -3.713579 0.119535 -2.936655 -0.885276
 63 -0.000001 0.000001 5.000000 3.053195 1.558589 -0.074929
 64 -0.000004 0.000005 3.713579 -0.311487 -2.845558 -0.582080
 65 -0.000001 0.000000 -5.000000 -0.088726 1.558589 3.066335
 66 7.363605 1.646646 0.495663 -3.141593 -1.570796 0.000000
 67 -0.000003 0.000005 3.619081 -0.441735 -2.434423 -1.159240
 68 16.573919 -0.000001 0.000001 -0.000000 -0.000000 -2.011748
 69 15.128181 0.000001 0.000001 0.026832 0.026147 -0.175154
 70 5.758666 4.244731 0.000000 0.000000 -0.000000 2.033309
 71 3.177726 0.000000 0.000000 0.000000 0.000000 3.141593
 72 15.708952 0.000002 0.000001 0.013957 0.013894 -0.093781
 73 0.275148 0.189215 -3.445207 3.130898 0.000409 -1.514604
 74 17.210194 -0.000002 0.000002 -0.000000 0.000000 -2.319003
 75 0.000000 -0.000000 -5.000000 -0.079433 1.546568 -1.570857
 76 0.000005 -0.000003 -3.619079 0.260448 -2.945758 -1.468642
 77 16.573919 -0.000000 0.000001 0.000000 0.000000 -1.562392
 78 15.128181 0.000001 0.000001 0.265624 -0.173430 0.666428
 79 5.758665 4.244731 0.000000 -0.000000 0.000000 1.483530
 80 4.003935 0.000000 0.000000 0.000000 0.000000 0.000000
 81 15.708953 0.000000 0.000001 0.195074 -0.100553 0.460486
 82 0.273998 0.191090 3.439762 -3.130907 -0.000437 -1.508107
 83 17.210196 -0.000001 0.000000 -0.000000 0.000000 -2.116793
 84 0.000000 -0.000000 5.000000 -0.079311 1.595025 -1.570737
time 9
  0 0.000000 0.000000 32.947224 -0.243067 0.535714 -2.432935
  1 13.773752 5.584524 -22.520977 -0.544290 0.221328 2.303921
  2 -2.276935 0.000003 -1.238186 -1.570795 -1.570451 0.000000
  3 1.796670 0.711980 -0.000977 0.309865 -0.220383 -0.222130
  4 4.119407 -0.003167 -0.000299 0.091290 0.052114 0.253395
  5 4.119030 -0.003229 -0.000394 0.120702 0.075275 0.139856
  6 4.118813 -0.003261 -0.000242 0.073885 0.067451 0.070477
  7 4.119629 -0.003354 -0.000455 0.130707 -0.167790 0.275523
  8 4.443598 0.000000 -0.000000 0.017658 -0.073566 -0.741857
  9 9.024061 0.000000 -0.000000 0.000000 0.000000 0.000000
 10 0.289372 0.226194 1.693816 -1.075585 -1.312256 -2.407146
 11 6.384776 -0.000002 -0.000001 -0.632767 -0.019249 -1.148480
 12 10.242682 -0.000001 -0.000002 -0.000000 0.000000 -1.520501
 13 11.375560 -0.000001 -0.000002 -2.228091 -0.404165 0.747937
 14 0.728680 0.023432 -1.008291 1.627471 0.842372 0.191441
 15 2.136496 -0.000000 -0.000001 -0.000000 0.000000 0.898844
 16 2.313139 -0.000001 -0.000001 0.000000 0.000000 0.000000
 17 3.115507 -0.886040 -0.021430 -0.523248 -0.008991 0.590544
 18 2.011150 -0.000001 0.000001 -0.000000 0.000000 1.951110
 19 2.141379 -0.000001 0.000001 0.000000 0.000000 0.000000
 20 1.734172 0.000001 -0.000001 -0.000000 -0.000000 0.976392
 21 0.000005 -4.440595 0.000001 1.570544 -0.062990 -0.195737
 22 4.112853 -0.572204 -1.309458 -1.644301 0.094718 0.119721
 23 6.000000 0.000001 -0.000002 -2.038471 0.000000 0.000000
 24 0.000001 -4.440601 -0.000002 1.569944 -0.062987 0.004053
 25 11.375561 0.000001 -0.000001 -1.850320 -0.258392 0.336902
 26 -0.000000 -4.440607 -0.000002 1.570144 -0.062988 0.004040
 27 10.510130 0.000000 -0.000002 0.000000 0.000000 -2.331047
 28 0.000000 -1.748401 5.000002 0.000000 0.004007 1.602291
 29 5.500000 -0.000000 -0.000003 0.252515 -0.000000 -0.000000
 30 -0.000001 -1.940598 5.000001 -0.044472 0.004003 -0.000180
 31 6.551491 -0.000002 -0.000001 -0.460595 0.075650 -0.698438
 32 -0.000001 -1.940598 5.000002 -0.027189 -0.053376 0.005295
 33 6.551491 -0.000002 -0.000001 -0.207302 0.074923 -0.319625
 34 0.000000 -1.940599 4.999997 -0.066572 -0.152786 -0.110311
 35 -0.289369 -0.219118 -1.693815 2.795066 1.467817 -0.638559
 36 6.384776 -0.000000 -0.000001 0.715488 0.215963 -0.786287
 37 10.242682 -0.000000 0.000001 -0.000000 -0.000000 -1.563798
 38 11.375562 -0.000000 -0.000000 2.097444 0.394688 0.668686
 39 0.728681 0.023431 1.008292 -1.627471 -0.842372 0.191441
 40 2.136495 -0.000000 0.000003 0.000000 -0.000000 0.898845
 41 2.313140 -0.000001 -0.000002 0.000000 0.000000 3.141593
 42 3.115506 -0.886042 0.021431 0.523248 0.008990 0.590544
 43 2.011151 0.000001 -0.000001 -0.000000 -0.000000 1.951110
 44 2.141378 0.000000 -0.000001 0.000000 0.000000 3.141593
 45 1.734172 0.000000 -0.000001 0.000000 -0.000000 0.976392
 46 0.136314 -3.738192 2.525890 1.493698 2.759406 -1.474501
 47 3.771409 0.416400 1.053532 1.765650 0.074575 0.195753
 48 11.389367 -0.000819 0.158783 1.793888 0.240533 0.309903
 49 0.000001 -4.440602 0.000001 1.570144 -3.078602 0.004040
 50 6.000000 0.000000 0.000001 1.793888 -0.000000 -0.000000
 51 0.000001 -4.440599 -0.000001 1.569944 -3.078603 0.004053
 52 10.510132 0.000000 0.000002 -0.000000 -0.000000 -2.352695
 53 0.000001 -1.748400 -5.000001 3.141593 0.004007 -1.539299
 54 5.500000 -0.000000 0.000001 -0.246182 -0.000000 -0.000000
 55 0.000001 -0.000000 -4.999998 -0.044472 3.137589 -0.000177
 56 6.551490 0.000000 -0.000001 0.246182 -0.012465 -0.267272
 57 -1.266844 -1.937443 -4.950562 -0.066572 -2.988806 -0.110308
 58 6.551490 0.000000 -0.000001 0.246182 -0.012465 -0.267272
 59 0.699371 -1.944209 -5.006847 -0.027189 -3.088217 0.005298
 60 4.226145 -0.003201 -0.000000 0.070565 -0.084093 0.157813
 61 0.000001 4.999999 -0.000000 -0.153564 0.000087 2.718701
 62 0.000005 -0.000004 -3.713579 0.119535 -2.936655 -0.885276
 63 -0.000001 0.000001 5.000000 3.053195 1.558589 -0.074929
 64 -0.000004 0.000005 3.713579 -0.311487 -2.845558 -0.582080
 65 -0.000001 0.000000 -5.000000 -0.088726 1.558589 3.066335
 66 7.363605 1.646646 0.495663 -3.141593 -1.570796 0.000000
 67 -0.000003 0.000005 3.619081 -0.441735 -2.434423 -1.159240
 68 16.573919 -0.000001 0.000001 -0.000000 -0.000000 -2.011748
 69 15.128181 0.000001 0.000001 0.026832 0.026147 -0.175154
 70 5.758666 4.244731 0.000000 0.000000 -0.000000 2.033309
 71 3.177726 0.000000 0.000000 0.000000 0.000000 3.141593
 72 15.708952 0.000002 0.000001 0.013957 0.013894 -0.093781
 73 0.275148 0.189215 -3.445207 3.130898 0.000409 -1.514604
 74 17.210194 -0.000002 0.000002 -0.000000 0.000000 -2.319003
 75 0.000000 -0.000000 -5.000000 -0.079433 1.546568 -1.570857
 76 0.000005 -0.000003 -3.619079 0.260448 -2.945758 -1.468642
 77 16.573919 -0.000000 0.000001 0.000000 0.000000 -1.562392
 78 15.128181 0.000001 0.000001 0.265624 -0.173430 0.666428
 79 5.758665 4.244731 0.000000 -0.000000 0.000000 1.483530
 80 4.003935 0.000000 0.000000 0.000000 0.000000 0.000000
 81 15.708953 0.000000 0.000001 0.195074 -0.100553 0.460486
 82 0.273998 0.191090 3.439762 -3.130907 -0.000437 -1.508107
 83 17.210196 -0.000001 0.000000 -0.000000 0.000000 -2.116793
 84 0.000000 -0.000000 5.000000 -0.079311 1.595025 -1.570737
time 10
  0 0.000000 0.000000 32.947224 -0.243067 0.535714 -2.432935
  1 13.773752 5.584524 -22.520977 -0.544290 0.221328 2.303921
  2 -2.276935 0.000003 -1.238186 -1.570795 -1.570451 0.000000
  3 1.796670 0.711980 -0.000977 0.309865 -0.220383 -0.222130
  4 4.119406 -0.003165 -0.000305 0.093206 0.052079 0.253935
  5 4.119028 -0.003226 -0.000403 0.123629 0.074245 0.140222
  6 4.118817 -0.003265 -0.000242 0.073885 0.067451 0.070477
  7 4.119645 -0.003351 -0.000452 0.129970 -0.168368 0.279908
  8 4.443598 0.000001 -0.000000 0.012994 -0.071593 -0.753476
  9 9.024063 -0.000001 0.000000 0.000000 0.000000 0.000000
 10 0.290358 0.224927 1.693813 -1.075624 -1.312262 -2.411470
 11 6.384778 0.000001 0.000003 -0.632906 -0.025400 -1.159505
 12 10.242681 -0.000000 0.000001 -0.000000 -0.000000 -1.508668
 13 11.375561 0.000001 -0.000000 -2.228260 -0.404321 0.747132
 14 0.728679 0.023430 -1.008293 1.627471 0.842372 0.191441
 15 2.136495 0.000000 0.000001 -0.000000 0.000000 0.898844
 16 2.313140 -0.000003 0.000001 0.000000 0.000000 0.000000
 17 3.115507 -0.886041 -0.021433 -0.523248 -0.008991 0.590544
 18 2.011151 0.000000 0.000000 0.000000 0.000000 1.951110
 19 2.141378 -0.000000 0.000001 0.000000 0.000000 0.000000
 20 1.734173 0.000000 0.000000 0.000000 0.000000 0.976392
 21 0.000006 -4.440593 0.000002 1.570544 -0.062990 -0.195737
 22 4.112853 -0.572204 -1.309457 -1.644301 0.094718 0.119721
 23 5.999999 -0.000001 0.000002 -2.038617 0.000000 -0.000000
 24 0.000000 -4.440600 0.000000 1.569944 -0.062987 0.004053
 25 11.375562 0.000001 0.000004 -1.850434 -0.258433 0.336506
 26 -0.000001 -4.440605 -0.000001 1.570144 -0.062988 0.004040
 27 10.510130 -0.000000 -0.000000 0.000000 0.000000 -2.325130
 28 0.000000 -1.748401 4.999999 0.000000 0.004007 1.602291
 29 5.500000 0.000000 0.000000 0.254182 -0.000000 0.000000
 30 -0.000002 -1.940597 5.000001 -0.044472 0.004003 -0.000180
 31 6.551492 -0.000001 -0.000000 -0.463693 0.072702 -0.704769
 32 -0.000000 -1.940597 5.000004 -0.027189 -0.053376 0.005295
 33 6.551492 -0.000001 -0.000000 -0.208600 0.074116 -0.322179
 34 -0.000000 -1.940596 4.999997 -0.066572 -0.152786 -0.110311
 35 -0.290355 -0.217849 -1.693813 2.883270 1.459450 -0.555695
 36 6.384777 -0.000001 -0.000001 0.722782 0.209050 -0.776170
 37 10.242682 0.000001 0.000002 0.000000 0.000000 -1.571972
 38 11.375562 -0.000001 0.000000 2.107912 0.380705 0.701310
 39 0.728682 0.023432 1.008292 -1.627471 -0.842372 0.191441
 40 2.136495 0.000002 0.000001 -0.000000 -0.000000 0.898845
 41 2.313138 -0.000000 0.000000 0.000000 0.000000 3.141593
 42 3.115506 -0.886043 0.021433 0.523248 0.008990 0.590544
 43 2.011150 -0.000000 0.000003 0.000000 -0.000000 1.951110
 44 2.141381 0.000000 -0.000003 0.000000 0.000000 3.141593
 45 1.734172 -0.000001 -0.000001 0.000000 0.000000 0.976391
 46 0.136316 -3.738193 2.525890 1.493698 2.759406 -1.474501
 47 3.771411 0.416401 1.053531 1.765650 0.074575 0.195753
 48 11.389366 -0.000820 0.158781 1.798791 0.236122 0.325781
 49 0.000000 -4.440598 0.000001 1.570144 -3.078602 0.004040
 50 6.000000 -0.000001 -0.000001 1.798791 0.000000 -0.000000
 51 0.000003 -4.440600 0.000001 1.569944 -3.078603 0.004053
 52 10.510131 -0.000001 0.000002 -0.000000 -0.000000 -2.356782
 53 -0.000000 -1.748398 -5.000002 3.141593 0.004007 -1.539299
 54 5.499999 0.000000 0.000001 -0.247463 0.000000 0.000000
 55 0.000000 0.000000 -4.999999 -0.044472 3.137589 -0.000177
 56 6.551491 0.000001 -0.000002 0.247463 -0.014097 -0.265616
 57 -1.266844 -1.937445 -4.950559 -0.066572 -2.988806 -0.110308
 58 6.551491 0.000001 -0.000002 0.247463 -0.014097 -0.265616
 59 0.699370 -1.944209 -5.006847 -0.027189 -3.088217 0.005298
 60 4.226146 -0.003203 0.000000 0.070282 -0.084306 0.160099
 61 -0.000000 5.000000 -0.000000 -0.153564 0.000087 2.718702
 62 0.000005 -0.000004 -3.713579 0.119535 -2.936655 -0.885276
 63 -0.000001 0.000001 5.000000 3.053195 1.558589 -0.074929
 64 -0.000004 0.000005 3.713579 -0.311487 -2.845558 -0.582080
 65 -0.000001 0.000000 -5.000000 -0.088726 1.558589 3.066335
 66 7.363605 1.646646 0.495663 -3.141593 -1.570796 0.000000
 67 -0.000003 0.000005 3.619081 -0.441735 -2.434423 -1.159240
 68 16.573919 -0.000001 0.000001 -0.000000 -0.000000 -2.011748
 69 15.128181 0.000001 0.000001 0.026832 0.026147 -0.175154
 70 5.758666 4.244731 0.000000 0.000000 -0.000000 2.033309
 71 3.177726 0.000000 0.000000 0.000000 0.000000 3.141593
 72 15.708952 0.000002 0.000001 0.013957 0.013894 -0.093781
 73 0.275148 0.189215 -3.445207 3.130898 0.000409 -1.514604
 74 17.210194 -0.000002 0.000002 -0.000000 0.000000 -2.319003
 75 0.000000 -0.000000 -5.000000 -0.079433 1.546568 -1.570857
 76 0.000005 -0.000003 -3.619079 0.260448 -2.945758 -1.468642
 77 16.573919 -0.000000 0.000001 0.000000 0.000000 -1.562392
 78 15.128181 0.000001 0.000001 0.265624 -0.173430 0.666428
 79 5.758665 4.244731 0.000000 -0.000000 0.000000 1.483530
 80 4.003935 0.000000 0.000000 0.000000 0.000000 0.000000
 81 15.708953 0.000000 0.000001 0.195074 -0.100553 0.460486
 82 0.273998 0.191090 3.439762 -3.130907 -0.000437 -1.508107
 83 17.210196 -0.000001 0.000000 -0.000000 0.000000 -2.116793
 84 0.000000 -0.000000 5.000000 -0.079311 1.595025 -1.570737
time 11
  0 0.000000 0.000000 32.947224 -0.243067 0.535714 -2.432935
  1 13.773752 5.584524 -22.520977 -0.544290 0.221328 2.303921
  2 -2.276935 0.000003 -1.238186 -1.570795 -1.570451 0.000000
  3 1.796670 0.711980 -0.000977 0.309865 -0.220383 -0.222130
  4 4.119409 -0.003163 -0.000314 0.096159 0.052023 0.254765
  5 4.119028 -0.003224 -0.000416 0.127750 0.073044 0.140838
  6 4.118820 -0.003268 -0.000242 0.073885 0.067451 0.070477
  7 4.119660 -0.003349 -0.000450 0.129374 -0.168831 0.283439
  8 4.443598 0.000001 -0.000001 0.006275 -0.071088 -0.763471
  9 9.024058 0.000000 0.000000 0.000000 0.000000 0.000000
 10 0.291148 0.223901 1.693810 -1.075656 -1.312266 -2.414951
 11 6.384777 0.000001 0.000001 -0.632521 -0.030496 -1.172120
 12 10.242681 -0.000000 0.000002 0.000000 0.000000 -1.498706
 13 11.375562 0.000001 0.000000 -2.228356 -0.404723 0.745255
 14 0.728682 0.023432 -1.008293 1.627471 0.842372 0.191441
 15 2.136497 0.000000 0.000000 -0.000000 0.000000 0.898844
 16 2.313139 0.000001 -0.000001 0.000000 0.000000 0.000000
 17 3.115507 -0.886041 -0.021434 -0.523248 -0.008990 0.590544
 18 2.011150 0.000001 -0.000001 0.000000 0.000000 1.951110
 19 2.141380 0.000001 -0.000002 0.000000 0.000000 0.000000
 20 1.734173 0.000000 0.000001 -0.000000 0.000000 0.976392
 21 0.000006 -4.440593 -0.000001 1.570544 -0.062990 -0.195737
 22 4.112854 -0.572202 -1.309457 -1.644301 0.094718 0.119721
 23 5.999999 -0.000000 0.000000 -2.038729 -0.000000 0.000000
 24 0.000001 -4.440599 0.000001 1.569944 -0.062987 0.004053
 25 11.375561 -0.000000 0.000004 -1.850551 -0.258523 0.335593
 26 -0.000000 -4.440602 0.000002 1.570144 -0.062988 0.004040
 27 10.510129 0.000000 -0.000001 -0.000000 0.000000 -2.320149
 28 0.000001 -1.748401 4.999998 -0.000000 0.004007 1.602290
 29 5.500000 -0.000000 -0.000001 0.255525 0.000000 -0.000000
 30 0.000000 -1.940599 5.000000 -0.044472 0.004003 -0.000180
 31 6.551492 0.000001 0.000001 -0.466373 0.070398 -0.712054
 32 -0.000001 -1.940598 5.000004 -0.027189 -0.053376 0.005295
 33 6.551492 0.000001 0.000001 -0.209606 0.073624 -0.325082
 34 -0.000000 -1.940599 4.999995 -0.066572 -0.152786 -0.110311
 35 -0.291147 -0.216820 -1.693812 2.922903 1.454927 -0.520095
 36 6.384777 0.000002 -0.000002 0.730390 0.202558 -0.760540
 37 10.242683 0.000000 -0.000001 0.000000 -0.000000 -1.588209
 38 11.375561 -0.000001 -0.000001 2.113124 0.371896 0.720726
 39 0.728680 0.023430 1.008293 -1.627471 -0.842372 0.191441
 40 2.136497 -0.000000 -0.000000 -0.000000 -0.000000 0.898844
 41 2.313138 0.000001 0.000001 0.000000 0.000000 3.141593
 42 3.115507 -0.886041 0.021433 0.523248 0.008991 0.590544
 43 2.011151 -0.000000 0.000001 -0.000000 0.000000 1.951110
 44 2.141380 -0.000000 0.000002 0.000000 0.000000 3.141593
 45 1.734174 -0.000001 0.000001 0.000000 -0.000000 0.976392
 46 0.136316 -3.738192 2.525892 1.493698 2.759406 -1.474501
 47 3.771410 0.416401 1.053533 1.765650 0.074575 0.195753
 48 11.389367 -0.000819 0.158781 1.801350 0.233266 0.335293
 49 0.000001 -4.440598 0.000001 1.570144 -3.078602 0.004040
 50 5.999999 -0.000001 -0.000001 1.801350 -0.000000 -0.000000
 51 0.000001 -4.440602 -0.000000 1.569944 -3.078603 0.004053
 52 10.510131 0.000000 -0.000002 0.000000 0.000000 -2.364901
 53 0.000000 -1.748399 -4.999998 -3.141593 0.004007 -1.539299
 54 5.500000 -0.000000 -0.000002 -0.248647 0.000000 0.000000
 55 0.000001 0.000000 -5.000000 -0.044472 3.137589 -0.000177
 56 6.551491 -0.000002 0.000000 0.248646 -0.015207 -0.263146
 57 -1.266843 -1.937444 -4.950561 -0.066572 -2.988806 -0.110308
 58 6.551492 -0.000002 0.000000 0.248646 -0.015207 -0.263146
 59 0.699371 -1.944208 -5.006849 -0.027189 -3.088217 0.005298
 60 4.226146 -0.003199 -0.000000 0.070053 -0.084477 0.161935
 61 -0.000001 5.000000 -0.000000 -0.153564 0.000087 2.718702
 62 0.000005 -0.000004 -3.713579 0.119535 -2.936655 -0.885276
 63 -0.000001 0.000001 5.000000 3.053195 1.558589 -0.074929
 64 -0.000004 0.000005 3.713579 -0.311487 -2.845558 -0.582080
 65 -0.000001 0.000000 -5.000000 -0.088726 1.558589 3.066335
 66 7.363605 1.646646 0.495663 -3.141593 -1.570796 0.000000
 67 -0.000003 0.000005 3.619081 -0.441735 -2.434423 -1.159240
 68 16.573919 -0.000001 0.000001 -0.000000 -0.000000 -2.011748
 69 15.128181 0.000001 0.000001 0.026832 0.026147 -0.175154
 70 5.758666 4.244731 0.000000 0.000000 -0.000000 2.033309
 71 3.177726 0.000000 0.000000 0.000000 0.000000 3.141593
 72 15.708952 0.000002 0.000001 0.013957 0.013894 -0.093781
 73 0.275148 0.189215 -3.445207 3.130898 0.000409 -1.514604
 74 17.210194 -0.000002 0.000002 -0.000000 0.000000 -2.319003
 75 0.000000 -0.000000 -5.000000 -0.079433 1.546568 -1.570857
 76 0.000005 -0.000003 -3.619079 0.260448 -2.945758 -1.468642
 77 16.573919 -0.000000 0.000001 0.000000 0.000000 -1.562392
 78 15.128181 0.000001 0.000001 0.265624 -0.173430 0.666428
 79 5.758665 4.244731 0.000000 -0.000000 0.000000 1.483530
 80 4.003935 0.000000 0.000000 0.000000 0.000000 0.000000
 81 15.708953 0.000000 0.000001 0.195074 -0.100553 0.460486
 82 0.273998 0.191090 3.439762 -3.130907 -0.000437 -1.508107
 83 17.210196 -0.000001 0.000000 -0.000000 0.000000 -2.116793
 84 0.000000 -0.000000 5.000000 -0.079311 1.595025 -1.570737
time 12
  0 0.000000 0.000000 32.947224 -0.243067 0.535714 -2.432935
  1 13.773752 5.584524 -22.520977 -0.544290 0.221328 2.303921
  2 -2.276935 0.000003 -1.238186 -1.570795 -1.570451 0.000000
  3 1.796670 0.711980 -0.000977 0.309865 -0.220383 -0.222130
  4 4.119411 -0.003163 -0.000322 0.098473 0.051978 0.255416
  5 4.119030 -0.003223 -0.000425 0.130435 0.072646 0.141396
  6 4.118818 -0.003265 -0.000242 0.073885 0.067451 0.070477
  7 4.119666 -0.003346 -0.000449 0.128911 -0.169189 0.286181
  8 4.443600 -0.000001 0.000000 0.001740 -0.071036 -0.771200
  9 9.024061 -0.000001 0.000000 0.000000 0.000000 0.000000
 10 0.291762 0.223102 1.693809 -1.075680 -1.312270 -2.417654
 11 6.384777 0.000001 -0.000000 -0.633568 -0.040034 -1.187353
 12 10.242682 -0.000000 -0.000002 0.000000 -0.000000 -1.479140
 13 11.375560 -0.000000 0.000002 -2.228644 -0.404718 0.744739
 14 0.728680 0.023430 -1.008292 1.627471 0.842372 0.191441
 15 2.136496 -0.000001 0.000000 -0.000000 0.000000 0.898844
 16 2.313138 -0.000001 0.000001 0.000000 0.000000 0.000000
 17 3.115506 -0.886042 -0.021431 -0.523248 -0.008991 0.590544
 18 2.011150 0.000000 -0.000003 0.000000 0.000000 1.951110
 19 2.141380 0.000000 0.000003 0.000000 0.000000 0.000000
 20 1.734172 0.000001 -0.000001 -0.000000 0.000000 0.976392
 21 0.000005 -4.440595 -0.000001 1.570544 -0.062990 -0.195737
 22 4.112853 -0.572204 -1.309456 -1.644301 0.094718 0.119721
 23 6.000000 0.000001 0.000002 -2.038975 -0.000000 0.000000
 24 0.000000 -4.440600 -0.000001 1.569944 -0.062987 0.004053
 25 11.375559 -0.000002 0.000005 -1.850728 -0.258514 0.335343
 26 -0.000000 -4.440604 -0.000000 1.570144 -0.062988 0.004040
 27 10.510129 -0.000000 -0.000003 -0.000000 0.000000 -2.310367
 28 -0.000000 -1.748400 5.000001 -0.000000 0.004007 1.602291
 29 5.499999 -0.000000 -0.000001 0.258506 -0.000000 0.000000
 30 -0.000002 -1.940598 5.000001 -0.044472 0.004003 -0.000180
 31 6.551491 -0.000001 -0.000001 -0.471849 0.065439 -0.721548
 32 0.000001 -1.940598 5.000000 -0.027189 -0.053376 0.005295
 33 6.551491 -0.000001 -0.000001 -0.211943 0.072264 -0.328846
 34 0.000000 -1.940599 4.999994 -0.066572 -0.152786 -0.110311
 35 -0.291757 -0.216025 -1.693809 2.930784 1.453966 -0.515052
 36 6.384778 0.000000 -0.000001 0.735738 0.198215 -0.747411
 37 10.242682 -0.000000 -0.000001 -0.000000 -0.000000 -1.605357
 38 11.375561 0.000001 -0.000001 2.114272 0.368643 0.727187
 39 0.728680 0.023429 1.008293 -1.627471 -0.842372 0.191441
 40 2.136498 -0.000000 -0.000000 0.000000 -0.000000 0.898845
 41 2.313140 0.000002 0.000001 0.000000 0.000000 3.141593
 42 3.115507 -0.886043 0.021433 0.523248 0.008991 0.590544
 43 2.011150 -0.000000 0.000001 -0.000000 0.000000 1.951110
 44 2.141379 0.000001 0.000003 0.000000 0.000000 3.141593
 45 1.734171 -0.000001 0.000001 0.000000 0.000000 0.976392
 46 0.136315 -3.738195 2.525892 1.493698 2.759406 -1.474501
 47 3.771410 0.416399 1.053533 1.765650 0.074575 0.195753
 48 11.389365 -0.000820 0.158780 1.801976 0.232133 0.338518
 49 0.000001 -4.440598 0.000000 1.570144 -3.078602 0.004040
 50 6.000000 -0.000000 -0.000003 1.801976 -0.000000 0.000000
 51 0.000002 -4.440599 -0.000001 1.569944 -3.078603 0.004053
 52 10.510133 0.000001 0.000001 -0.000000 0.000000 -2.373475
 53 0.000001 -1.748400 -5.000001 3.141593 0.004007 -1.539299
 54 5.499999 -0.000000 -0.000002 -0.249430 -0.000000 0.000000
 55 -0.000001 0.000000 -5.000000 -0.044472 3.137589 -0.000177
 56 6.551491 0.000001 -0.000001 0.249429 -0.015757 -0.261094
 57 -1.266844 -1.937443 -4.950559 -0.066572 -2.988806 -0.110308
 58 6.551491 0.000001 -0.000001 0.249429 -0.015757 -0.261094
 59 0.699370 -1.944207 -5.006846 -0.027189 -3.088217 0.005298
 60 4.226145 -0.003202 -0.000000 0.069876 -0.084609 0.163358
 61 -0.000001 5.000003 -0.000000 -0.153564 0.000087 2.718702
 62 0.000005 -0.000004 -3.713579 0.119535 -2.936655 -0.885276
 63 -0.000001 0.000001 5.000000 3.053195 1.558589 -0.074929
 64 -0.000004 0.000005 3.713579 -0.311487 -2.845558 -0.582080
 65 -0.000001 0.000000 -5.000000 -0.088726 1.558589 3.066335
 66 7.363605 1.646646 0.495663 -3.141593 -1.570796 0.000000
 67 -0.000003 0.000005 3.619081 -0.441735 -2.434423 -1.159240
 68 16.573919 -0.000001 0.000001 -0.000000 -0.000000 -2.011748
 69 15.128181 0.000001 0.000001 0.026832 0.026147 -0.175154
 70 5.758666 4.244731 0.000000 0.000000 -0.000000 2.033309
 71 3.177726 0.000000 0.000000 0.000000 0.000000 3.141593
 72 15.708952 0.000002 0.000001 0.013957 0.013894 -0.093781
 73 0.275148 0.189215 -3.445207 3.130898 0.000409 -1.514604
 74 17.210194 -0.000002 0.000002 -0.000000 0.000000 -2.319003
 75 0.000000 -0.000000 -5.000000 -0.079433 1.546568 -1.570857
 76 0.000005 -0.000003 -3.619079 0.260448 -2.945758 -1.468642
 77 16.573919 -0.000000 0.000001 0.000000 0.000000 -1.562392
 78 15.128181 0.000001 0.000001 0.265624 -0.173430 0.666428
 79 5.758665 4.244731 0.000000 -0.000000 0.000000 1.483530
 80 4.003935 0.000000 0.000000 0.000000 0.000000 0.000000
 81 15.708953 0.000000 0.000001 0.195074 -0.100553 0.460486
 82 0.273998 0.191090 3.439762 -3.130907 -0.000437 -1.508107
 83 17.210196 -0.000001 0.000000 -0.000000 0.000000 -2.116793
 84 0.000000 -0.000000 5.000000 -0.079311 1.595025 -1.570737
time 13
  0 0.000000 0.000000 32.947224 -0.243067 0.535714 -2.432935
  1 13.773752 5.584524 -22.520977 -0.544290 0.221328 2.303921
  2 -2.276935 0.000003 -1.238186 -1.570795 -1.570451 0.000000
  3 1.796670 0.711980 -0.000977 0.309865 -0.220383 -0.222130
  4 4.119413 -0.003162 -0.000328 0.100190 0.051943 0.255899
  5 4.119029 -0.003222 -0.000430 0.131803 0.072979 0.141902
  6 4.118816 -0.003263 -0.000241 0.073885 0.067451 0.070477
  7 4.119675 -0.003346 -0.000447 0.128569 -0.169451 0.288199
  8 4.443598 0.000003 -0.000000 -0.000784 -0.071343 -0.776837
  9 9.024059 -0.000001 -0.000000 0.000000 0.000000 0.000000
 10 0.292209 0.222517 1.693808 -1.075698 -1.312273 -2.419643
 11 6.384778 -0.000000 0.000004 -0.636114 -0.051250 -1.201294
 12 10.242682 -0.000000 -0.000001 0.000000 0.000000 -1.454900
 13 11.375562 0.000001 0.000000 -2.229021 -0.404508 0.744941
 14 0.728680 0.023430 -1.008290 1.627471 0.842372 0.191441
 15 2.136497 -0.000000 0.000001 -0.000000 0.000000 0.898844
 16 2.313138 0.000001 0.000000 0.000000 0.000000 0.000000
 17 3.115507 -0.886042 -0.021432 -0.523248 -0.008990 0.590544
 18 2.011151 -0.000000 -0.000001 -0.000000 0.000000 1.951110
 19 2.141379 0.000000 -0.000000 0.000000 0.000000 0.000000
 20 1.734173 0.000001 0.000003 -0.000000 0.000000 0.976392
 21 0.000006 -4.440593 -0.000001 1.570544 -0.062990 -0.195737
 22 4.112854 -0.572205 -1.309457 -1.644301 0.094718 0.119721
 23 5.999999 0.000000 -0.000002 -2.039281 0.000000 0.000000
 24 0.000001 -4.440600 -0.000001 1.569944 -0.062987 0.004053
 25 11.375562 0.000001 0.000001 -1.850926 -0.258458 0.335441
 26 -0.000001 -4.440603 -0.000000 1.570144 -0.062988 0.004040
 27 10.510130 -0.000001 0.000001 -0.000000 0.000000 -2.298246
 28 -0.000000 -1.748401 5.000000 0.000000 0.004007 1.602291
 29 5.500000 0.000000 -0.000001 0.262428 0.000000 0.000000
 30 -0.000001 -1.940598 5.000002 -0.044472 0.004003 -0.000180
 31 6.551492 -0.000000 0.000004 -0.478880 0.059183 -0.730936
 32 0.000001 -1.940598 4.999999 -0.027189 -0.053376 0.005295
 33 6.551492 -0.000000 0.000004 -0.215056 0.070463 -0.332522
 34 0.000000 -1.940598 4.999998 -0.066572 -0.152786 -0.110311
 35 -0.292206 -0.215434 -1.693809 2.915648 1.455806 -0.531984
 36 6.384777 0.000001 -0.000000 0.739221 0.195975 -0.736948
 37 10.242682 0.000000 0.000001 -0.000000 -0.000000 -1.622280
 38 11.375561 -0.000000 0.000000 2.112394 0.369734 0.723574
 39 0.728680 0.023432 1.008292 -1.627471 -0.842372 0.191441
 40 2.136497 0.000000 0.000000 0.000000 0.000000 0.898844
 41 2.313139 0.000000 0.000001 0.000000 0.000000 3.141593
 42 3.115506 -0.886040 0.021432 0.523248 0.008991 0.590544
 43 2.011153 -0.000001 -0.000003 -0.000000 0.000000 1.951110
 44 2.141379 0.000001 0.000002 0.000000 0.000000 3.141593
 45 1.734173 -0.000002 -0.000003 0.000000 0.000000 0.976392
 46 0.136315 -3.738193 2.525890 1.493698 2.759406 -1.474501
 47 3.771409 0.416400 1.053533 1.765650 0.074575 0.195753
 48 11.389366 -0.000820 0.158781 1.801130 0.232333 0.336863
 49 -0.000001 -4.440600 0.000000 1.570144 -3.078602 0.004040
 50 6.000000 -0.000001 -0.000001 1.801130 -0.000000 -0.000000
 51 0.000002 -4.440600 0.000000 1.569944 -3.078603 0.004053
 52 10.510132 -0.000000 0.000002 -0.000000 -0.000000 -2.381937
 53 -0.000000 -1.748400 -5.000001 3.141593 0.004007 -1.539299
 54 5.500000 0.000001 0.000002 -0.249908 -0.000000 -0.000000
 55 0.000001 -0.000001 -4.999999 -0.044472 3.137589 -0.000177
 56 6.551491 0.000001 -0.000001 0.249908 -0.015806 -0.259493
 57 -1.266843 -1.937444 -4.950558 -0.066572 -2.988806 -0.110308
 58 6.551491 0.000001 -0.000001 0.249908 -0.015806 -0.259493
 59 0.699370 -1.944209 -5.006844 -0.027189 -3.088217 0.005298
 60 4.226146 -0.003202 0.000000 0.069745 -0.084706 0.164404
 61 0.000001 4.999997 0.000001 -0.153564 0.000087 2.718702
 62 0.000005 -0.000004 -3.713579 0.119535 -2.936655 -0.885276
 63 -0.000001 0.000001 5.000000 3.053195 1.558589 -0.074929
 64 -0.000004 0.000005 3.713579 -0.311487 -2.845558 -0.582080
 65 -0.000001 0.000000 -5.000000 -0.088726 1.558589 3.066335
 66 7.363605 1.646646 0.495663 -3.141593 -1.570796 0.000000
 67 -0.000003 0.000005 3.619081 -0.441735 -2.434423 -1.159240
 68 16.573919 -0.000001 0.000001 -0.000000 -0.000000 -2.011748
 69 15.128181 0.000001 0.000001 0.026832 0.026147 -0.175154
 70 5.758666 4.244731 0.000000 0.000000 -0.000000 2.033309
 71 3.177726 0.000000 0.000000 0.000000 0.000000 3.141593
 72 15.708952 0.000002 0.000001 0.013957 0.013894 -0.093781
 73 0.275148 0.189215 -3.445207 3.130898 0.000409 -1.514604
 74 17.210194 -0.000002 0.000002 -0.000000 0.000000 -2.319003
 75 0.000000 -0.000000 -5.000000 -0.079433 1.546568 -1.570857
 76 0.000005 -0.000003 -3.619079 0.260448 -2.945758 -1.468642
 77 16.573919 -0.000000 0.000001 0.000000 0.000000 -1.562392
 78 15.128181 0.000001 0.000001 0.265624 -0.173430 0.666428
 79 5.758665 4.244731 0.000000 -0.000000 0.000000 1.483530
 80 4.003935 0.000000 0.000000 0.000000 0.000000 0.000000
 81 15.708953 0.000000 0.000001 0.195074 -0.100553 0.460486
 82 0.273998 0.191090 3.439762 -3.130907 -0.000437 -1.508107
 83 17.210196 -0.000001 0.000000 -0.000000 0.000000 -2.116793
 84 0.000000 -0.000000 5.000000 -0.079311 1.595025 -1.570737
time 14
  0 0.000000 0.000000 32.947224 -0.243067 0.535714 -2.432935
  1 13.773752 5.584524 -22.520977 -0.544290 0.221328 2.303921
  2 -2.276935 0.000003 -1.238186 -1.570795 -1.570451 0.000000
  3 1.796670 0.711980 -0.000977 0.309865 -0.220383 -0.222130
  4 4.119412 -0.003161 -0.000332 0.101365 0.051919 0.256229
  5 4.119034 -0.003225 -0.000431 0.131989 0.073958 0.142358
  6 4.118816 -0.003264 -0.000241 0.073885 0.067451 0.070477
  7 4.119677 -0.003342 -0.000447 0.128338 -0.169628 0.289560
  8 4.443598 -0.000002 0.000001 -0.001505 -0.071943 -0.780571
  9 9.024061 0.000001 0.000000 0.000000 0.000000 0.000000
 10 0.292510 0.222114 1.693808 -1.075710 -1.312274 -2.420984
 11 6.384777 -0.000000 0.000000 -0.639738 -0.062907 -1.213076
 12 10.242682 -0.000001 0.000002 -0.000000 0.000000 -1.428515
 13 11.375560 -0.000002 -0.000001 -2.229343 -0.404237 0.745488
 14 0.728680 0.023431 -1.008291 1.627471 0.842372 0.191441
 15 2.136497 -0.000001 0.000001 -0.000000 0.000000 0.898845
 16 2.313138 0.000001 -0.000001 0.000000 0.000000 0.000000
 17 3.115506 -0.886041 -0.021429 -0.523248 -0.008990 0.590544
 18 2.011152 -0.000001 -0.000000 -0.000000 -0.000000 1.951110
 19 2.141380 0.000000 -0.000001 0.000000 0.000000 0.000000
 20 1.734172 0.000000 -0.000000 -0.000000 -0.000000 0.976392
 21 0.000006 -4.440594 -0.000000 1.570544 -0.062990 -0.195737
 22 4.112852 -0.572204 -1.309454 -1.644301 0.094718 0.119721
 23 6.000000 0.000001 -0.000003 -2.039535 -0.000000 0.000000
 24 0.000002 -4.440601 -0.000000 1.569944 -0.062987 0.004053
 25 11.375560 0.000000 0.000000 -1.851084 -0.258388 0.335707
 26 -0.000001 -4.440605 -0.000000 1.570144 -0.062988 0.004040
 27 10.510128 0.000000 0.000000 -0.000000 0.000000 -2.285054
 28 0.000001 -1.748400 5.000001 0.000000 0.004007 1.602290
 29 5.499999 -0.000000 0.000001 0.266807 0.000000 0.000000
 30 -0.000001 -1.940598 4.999999 -0.044472 0.004003 -0.000180
 31 6.551492 0.000001 0.000001 -0.486639 0.052345 -0.739505
 32 0.000000 -1.940599 5.000000 -0.027189 -0.053376 0.005295
 33 6.551492 0.000001 0.000001 -0.218553 0.068449 -0.335833
 34 0.000000 -1.940600 4.999994 -0.066572 -0.152786 -0.110311
 35 -0.292509 -0.215039 -1.693807 2.882918 1.459506 -0.565639
 36 6.384777 0.000000 0.000001 0.741197 0.195726 -0.729255
 37 10.242682 0.000000 -0.000000 0.000000 0.000000 -1.637891
 38 11.375561 -0.000001 -0.000001 2.108400 0.373884 0.712687
 39 0.728681 0.023431 1.008292 -1.627471 -0.842372 0.191441
 40 2.136498 0.000002 0.000001 -0.000000 -0.000000 0.898845
 41 2.313138 -0.000002 0.000001 0.000000 0.000000 3.141593
 42 3.115506 -0.886040 0.021430 0.523248 0.008991 0.590544
 43 2.011150 -0.000001 0.000002 -0.000000 -0.000000 1.951110
 44 2.141379 -0.000000 0.000000 0.000000 0.000000 3.141593
 45 1.734172 -0.000001 0.000003 -0.000000 -0.000000 0.976392
 46 0.136315 -3.738193 2.525888 1.493698 2.759406 -1.474501
 47 3.771410 0.416400 1.053532 1.765650 0.074575 0.195753
 48 11.389366 -0.000820 0.158780 1.799274 0.233478 0.331685
 49 0.000000 -4.440601 0.000000 1.570144 -3.078602 0.004040
 50 5.999999 -0.000000 -0.000001 1.799274 -0.000000 -0.000000
 51 0.000002 -4.440598 -0.000001 1.569944 -3.078603 0.004053
 52 10.510133 -0.000000 0.000001 0.000000 -0.000000 -2.389742
 53 0.000001 -1.748399 -5.000001 -3.141593 0.004007 -1.539299
 54 5.499999 0.000000 -0.000002 -0.250165 0.000000 -0.000000
 55 0.000001 0.000000 -4.999997 -0.044472 3.137589 -0.000177
 56 6.551491 -0.000001 0.000002 0.250165 -0.015422 -0.258360
 57 -1.266843 -1.937443 -4.950559 -0.066572 -2.988806 -0.110308
 58 6.551491 -0.000001 0.000002 0.250165 -0.015422 -0.258360
 59 0.699370 -1.944206 -5.006848 -0.027189 -3.088217 0.005298
 60 4.226146 -0.003203 -0.000000 0.069657 -0.084771 0.165108
 61 -0.000002 5.000001 0.000000 -0.153564 0.000087 2.718702
 62 0.000005 -0.000004 -3.713579 0.119535 -2.936655 -0.885276
 63 -0.000001 0.000001 5.000000 3.053195 1.558589 -0.074929
 64 -0.000004 0.000005 3.713579 -0.311487 -2.845558 -0.582080
 65 -0.000001 0.000000 -5.000000 -0.088726 1.558589 3.066335
 66 7.363605 1.646646 0.495663 -3.141593 -1.570796 0.000000
 67 -0.000003 0.000005 3.619081 -0.441735 -2.434423 -1.159240
 68 16.573919 -0.000001 0.000001 -0.000000 -0.000000 -2.011748
 69 15.128181 0.000001 0.000001 0.026832 0.026147 -0.175154
 70 5.758666 4.244731 0.000000 0.000000 -0.000000 2.033309
 71 3.177726 0.000000 0.000000 0.000000 0.000000 3.141593
 72 15.708952 0.000002 0.000001 0.013957 0.013894 -0.093781
 73 0.275148 0.189215 -3.445207 3.130898 0.000409 -1.514604
 74 17.210194 -0.000002 0.000002 -0.000000 0.000000 -2.319003
 75 0.000000 -0.000000 -5.000000 -0.079433 1.546568 -1.570857
 76 0.000005 -0.000003 -3.619079 0.260448 -2.945758 -1.468642
 77 16.573919 -0.000000 0.000001 0.000000 0.000000 -1.562392
 78 15.128181 0.000001 0.000001 0.265624 -0.173430 0.666428
 79 5.758665 4.244731 0.000000 -0.000000 0.000000 1.483530
 80 4.003935 0.000000 0.000000 0.000000 0.000000 0.000000
 81 15.708953 0.000000 0.000001 0.195074 -0.100553 0.460486
 82 0.273998 0.191090 3.439762 -3.130907 -0.000437 -1.508107
 83 17.210196 -0.000001 0.000000 -0.000000 0.000000 -2.116793
 84 0.000000 -0.000000 5.000000 -0.079311 1.595025 -1.570737
time 15
  0 0.000000 0.000000 32.947224 -0.243067 0.535714 -2.432935
  1 13.773752 5.584524 -22.520977 -0.544290 0.221328 2.303921
  2 -2.276935 0.000003 -1.238186 -1.570795 -1.570451 0.000000
  3 1.796670 0.711980 -0.000977 0.309865 -0.220383 -0.222130
  4 4.119415 -0.003162 -0.000335 0.102052 0.051905 0.256422
  5 4.119030 -0.003219 -0.000426 0.131132 0.075503 0.142766
  6 4.118817 -0.003265 -0.000242 0.073885 0.067451 0.070477
  7 4.119678 -0.003340 -0.000446 0.128208 -0.169728 0.290328
  8 4.443600 -0.000002 0.000001 -0.000634 -0.072785 -0.782592
  9 9.024063 -0.000001 0.000000 0.000000 0.000000 0.000000
 10 0.292682 0.221891 1.693807 -1.075717 -1.312276 -2.421741
 11 6.384777 -0.000001 -0.000000 -0.644103 -0.074559 -1.222775
 12 10.242682 -0.000001 -0.000001 -0.000000 0.000000 -1.401028
 13 11.375560 -0.000000 -0.000001 -2.229515 -0.403990 0.746165
 14 0.728680 0.023432 -1.008293 1.627471 0.842372 0.191441
 15 2.136497 -0.000001 0.000002 -0.000000 0.000000 0.898844
 16 2.313138 -0.000001 0.000000 0.000000 0.000000 0.000000
 17 3.115506 -0.886041 -0.021434 -0.523248 -0.008990 0.590544
 18 2.011150 0.000001 -0.000001 0.000000 0.000000 1.951110
 19 2.141378 -0.000001 -0.000000 0.000000 0.000000 0.000000
 20 1.734173 0.000001 -0.000002 0.000000 0.000000 0.976392
 21 0.000006 -4.440594 -0.000003 1.570544 -0.062990 -0.195737
 22 4.112853 -0.572203 -1.309458 -1.644301 0.094718 0.119721
 23 5.999999 0.000000 -0.000003 -2.039667 0.000000 0.000000
 24 0.000001 -4.440601 -0.000001 1.569944 -0.062987 0.004053
 25 11.375561 0.000001 0.000000 -1.851157 -0.258325 0.336038
 26 0.000000 -4.440603 -0.000001 1.570144 -0.062988 0.004040
 27 10.510132 0.000000 -0.000001 0.000000 0.000000 -2.271311
 28 0.000002 -1.748402 5.000001 -0.000000 0.004007 1.602291
 29 5.500000 0.000000 -0.000001 0.271398 -0.000000 0.000000
 30 -0.000002 -1.940598 5.000002 -0.044472 0.004003 -0.000180
 31 6.551491 -0.000003 -0.000002 -0.494711 0.045239 -0.747125
 32 0.000001 -1.940598 5.000001 -0.027189 -0.053376 0.005295
 33 6.551491 -0.000003 -0.000002 -0.222232 0.066324 -0.338736
 34 0.000000 -1.940598 4.999998 -0.066572 -0.152786 -0.110311
 35 -0.292677 -0.214816 -1.693807 2.837463 1.464085 -0.611327
 36 6.384777 0.000000 0.000002 0.741959 0.197320 -0.724453
 37 10.242682 -0.000000 -0.000000 0.000000 0.000000 -1.651126
 38 11.375561 0.000001 -0.000002 2.103165 0.379827 0.697333
 39 0.728680 0.023430 1.008294 -1.627471 -0.842372 0.191441
 40 2.136497 -0.000000 -0.000001 -0.000000 -0.000000 0.898844
 41 2.313141 -0.000001 -0.000002 0.000000 0.000000 3.141593
 42 3.115507 -0.886041 0.021432 0.523248 0.008991 0.590544
 43 2.011149 0.000001 0.000001 0.000000 -0.000000 1.951110
 44 2.141378 -0.000001 -0.000000 0.000000 0.000000 3.141593
 45 1.734172 -0.000001 0.000002 -0.000000 -0.000000 0.976392
 46 0.136314 -3.738193 2.525894 1.493698 2.759406 -1.474501
 47 3.771411 0.416401 1.053533 1.765650 0.074575 0.195753
 48 11.389366 -0.000819 0.158780 1.796858 0.235193 0.324339
 49 0.000001 -4.440599 0.000001 1.570144 -3.078602 0.004040
 50 5.999999 -0.000000 0.000000 1.796858 -0.000000 -0.000000
 51 0.000002 -4.440602 -0.000001 1.569944 -3.078603 0.004053
 52 10.510132 0.000000 -0.000002 0.000000 -0.000000 -2.396359
 53 0.000001 -1.748400 -5.000002 -3.141593 0.004007 -1.539299
 54 5.500000 0.000000 -0.000001 -0.250275 0.000000 -0.000000
 55 0.000000 -0.000000 -5.000000 -0.044472 3.137589 -0.000177
 56 6.551491 0.000001 0.000001 0.250275 -0.014679 -0.257713
 57 -1.266844 -1.937443 -4.950559 -0.066572 -2.988806 -0.110308
 58 6.551491 0.000001 0.000001 0.250275 -0.014679 -0.257713
 59 0.699370 -1.944206 -5.006847 -0.027189 -3.088217 0.005298
 60 4.226145 -0.003201 0.000000 0.069607 -0.084808 0.165505
 61 -0.000001 4.999999 0.000000 -0.153564 0.000087 2.718702
 62 0.000005 -0.000004 -3.713579 0.119535 -2.936655 -0.885276
 63 -0.000001 0.000001 5.000000 3.053195 1.558589 -0.074929
 64 -0.000004 0.000005 3.713579 -0.311487 -2.845558 -0.582080
 65 -0.000001 0.000000 -5.000000 -0.088726 1.558589 3.066335
 66 7.363605 1.646646 0.495663 -3.141593 -1.570796 0.000000
 67 -0.000003 0.000005 3.619081 -0.441735 -2.434423 -1.159240
 68 16.573919 -0.000001 0.000001 -0.000000 -0.000000 -2.011748
 69 15.128181 0.000001 0.000001 0.026832 0.026147 -0.175154
 70 5.758666 4.244731 0.000000 0.000000 -0.000000 2.033309
 71 3.177726 0.000000 0.000000 0.000000 0.000000 3.141593
 72 15.708952 0.000002 0.000001 0.013957 0.013894 -0.093781
 73 0.275148 0.189215 -3.445207 3.130898 0.000409 -1.514604
 74 17.210194 -0.000002 0.000002 -0.000000 0.000000 -2.319003
 75 0.000000 -0.000000 -5.000000 -0.079433 1.546568 -1.570857
 76 0.000005 -0.000003 -3.619079 0.260448 -2.945758 -1.468642
 77 16.573919 -0.000000 0.000001 0.000000 0.000000 -1.562392
 78 15.128181 0.000001 0.000001 0.265624 -0.173430 0.666428
 79 5.758665 4.244731 0.000000 -0.000000 0.000000 1.483530
 80 4.003935 0.000000 0.000000 0.000000 0.000000 0.000000
 81 15.708953 0.000000 0.000001 0.195074 -0.100553 0.460486
 82 0.273998 0.191090 3.439762 -3.130907 -0.000437 -1.508107
 83 17.210196 -0.000001 0.000000 -0.000000 0.000000 -2.116793
 84 0.000000 -0.000000 5.000000 -0.079311 1.595025 -1.570737
time 16
  0 0.000000 0.000000 32.947224 -0.243067 0.535714 -2.432935
  1 13.773752 5.584524 -22.520977 -0.544290 0.221328 2.303921
  2 -2.276935 0.000003 -1.238186 -1.570795 -1.570451 0.000000
  3 1.796670 0.711980 -0.000977 0.309865 -0.220383 -0.222130
  4 4.119415 -0.003162 -0.000335 0.102306 0.051899 0.256494
  5 4.119033 -0.003223 -0.000422 0.129369 0.077530 0.143126
  6 4.118816 -0.003264 -0.000242 0.073885 0.067451 0.070477
  7 4.119681 -0.003340 -0.000446 0.128167 -0.169759 0.290569
  8 4.443598 0.000001 0.000000 0.001622 -0.073830 -0.783094
  9 9.024062 -0.000002 0.000000 0.000000 0.000000 0.000000
 10 0.292734 0.221821 1.693807 -1.075719 -1.312276 -2.421978
 11 6.384777 0.000000 0.000001 -0.648899 -0.085744 -1.230426
 12 10.242682 -0.000000 -0.000001 -0.000000 0.000000 -1.373554
 13 11.375562 0.000001 -0.000001 -2.229487 -0.403821 0.746807
 14 0.728682 0.023430 -1.008291 1.627471 0.842372 0.191441
 15 2.136497 -0.000001 0.000002 0.000000 -0.000000 0.898844
 16 2.313139 0.000002 -0.000001 0.000000 0.000000 0.000000
 17 3.115506 -0.886042 -0.021432 -0.523248 -0.008991 0.590544
 18 2.011150 0.000000 -0.000004 -0.000000 -0.000000 1.951110
 19 2.141379 -0.000001 0.000000 0.000000 0.000000 0.000000
 20 1.734172 0.000001 -0.000002 0.000000 0.000000 0.976392
 21 0.000007 -4.440595 -0.000001 1.570544 -0.062990 -0.195737
 22 4.112854 -0.572204 -1.309456 -1.644301 0.094718 0.119721
 23 6.000000 0.000001 -0.000002 -2.039636 -0.000000 0.000000
 24 0.000001 -4.440601 -0.000002 1.569944 -0.062987 0.004053
 25 11.375561 -0.000000 0.000003 -1.851124 -0.258280 0.336355
 26 -0.000000 -4.440604 -0.000001 1.570144 -0.062988 0.004040
 27 10.510131 0.000001 -0.000002 -0.000000 0.000000 -2.257573
 28 -0.000001 -1.748401 4.999998 0.000000 0.004007 1.602290
 29 5.500000 -0.000000 0.000000 0.275963 0.000000 0.000000
 30 -0.000002 -1.940599 5.000001 -0.044472 0.004003 -0.000180
 31 6.551492 0.000001 0.000001 -0.502695 0.038210 -0.753641
 32 0.000000 -1.940597 5.000000 -0.027189 -0.053376 0.005295
 33 6.551492 0.000001 0.000001 -0.225898 0.064198 -0.341184
 34 -0.000000 -1.940597 4.999998 -0.066572 -0.152786 -0.110311
 35 -0.292732 -0.214743 -1.693806 2.785525 1.468629 -0.662970
 36 6.384777 -0.000000 -0.000002 0.741751 0.200594 -0.722694
 37 10.242682 0.000001 -0.000001 0.000000 0.000000 -1.660954
 38 11.375561 -0.000000 -0.000000 2.097584 0.386349 0.680397
 39 0.728682 0.023431 1.008293 -1.627471 -0.842372 0.191441
 40 2.136497 -0.000001 -0.000000 -0.000000 -0.000000 0.898844
 41 2.313138 0.000002 -0.000000 0.000000 0.000000 3.141593
 42 3.115507 -0.886041 0.021431 0.523248 0.008991 0.590544
 43 2.011151 -0.000000 0.000002 -0.000000 0.000000 1.951110
 44 2.141381 -0.000001 -0.000002 0.000000 0.000000 3.141593
 45 1.734172 -0.000001 0.000001 -0.000000 0.000000 0.976392
 46 0.136315 -3.738192 2.525891 1.493698 2.759406 -1.474501
 47 3.771411 0.416401 1.053532 1.765650 0.074575 0.195753
 48 11.389367 -0.000819 0.158780 1.794323 0.237123 0.316207
 49 0.000000 -4.440599 0.000000 1.570144 -3.078602 0.004040
 50 5.999999 -0.000001 -0.000002 1.794323 0.000000 0.000000
 51 0.000003 -4.440600 0.000001 1.569944 -3.078603 0.004053
 52 10.510132 0.000000 -0.000001 -0.000000 -0.000000 -2.401273
 53 0.000001 -1.748400 -5.000002 3.141593 0.004007 -1.539299
 54 5.500001 -0.000000 -0.000000 -0.250304 -0.000000 0.000000
 55 -0.000002 0.000000 -5.000000 -0.044472 3.137589 -0.000177
 56 6.551491 -0.000001 -0.000002 0.250304 -0.013659 -0.257569
 57 -1.266843 -1.937443 -4.950557 -0.066572 -2.988806 -0.110308
 58 6.551492 -0.000001 -0.000002 0.250304 -0.013659 -0.257569
 59 0.699370 -1.944208 -5.006846 -0.027189 -3.088217 0.005298
 60 4.226144 -0.003200 -0.000000 0.069592 -0.084819 0.165630
 61 -0.000002 5.000003 -0.000000 -0.153564 0.000087 2.718701
 62 0.000005 -0.000004 -3.713579 0.119535 -2.936655 -0.885276
 63 -0.000001 0.000001 5.000000 3.053195 1.558589 -0.074929
 64 -0.000004 0.000005 3.713579 -0.311487 -2.845558 -0.582080
 65 -0.000001 0.000000 -5.000000 -0.088726 1.558589 3.066335
 66 7.363605 1.646646 0.495663 -3.141593 -1.570796 0.000000
 67 -0.000003 0.000005 3.619081 -0.441735 -2.434423 -1.159240
 68 16.573919 -0.000001 0.000001 -0.000000 -0.000000 -2.011748
 69 15.128181 0.000001 0.000001 0.026832 0.026147 -0.175154
 70 5.758666 4.244731 0.000000 0.000000 -0.000000 2.033309
 71 3.177726 0.000000 0.000000 0.000000 0.000000 3.141593
 72 15.708952 0.000002 0.000001 0.013957 0.013894 -0.093781
 73 0.275148 0.189215 -3.445207 3.130898 0.000409 -1.514604
 74 17.210194 -0.000002 0.000002 -0.000000 0.000000 -2.319003
 75 0.000000 -0.000000 -5.000000 -0.079433 1.546568 -1.570857
 76 0.000005 -0.000003 -3.619079 0.260448 -2.945758 -1.468642
 77 16.573919 -0.000000 0.000001 0.000000 0.000000 -1.562392
 78 15.128181 0.000001 0.000001 0.265624 -0.173430 0.666428
 79 5.758665 4.244731 0.000000 -0.000000 0.000000 1.483530
 80 4.003935 0.000000 0.000000 0.000000 0.000000 0.000000
 81 15.708953 0.000000 0.000001 0.195074 -0.100553 0.460486
 82 0.273998 0.191090 3.439762 -3.130907 -0.000437 -1.508107
 83 17.210196 -0.000001 0.000000 -0.000000 0.000000 -2.116793
 84 0.000000 -0.000000 5.000000 -0.079311 1.595025 -1.570737
time 17
  0 0.000000 0.000000 32.947224 -0.243067 0.535714 -2.432935
  1 13.773752 5.584524 -22.520977 -0.544290 0.221328 2.303921
  2 -2.276935 0.000003 -1.238186 -1.570795 -1.570451 0.000000
  3 1.796670 0.711980 -0.000977 0.309865 -0.220383 -0.222130
  4 4.119415 -0.003162 -0.000335 0.102184 0.051902 0.256460
  5 4.119034 -0.003223 -0.000413 0.126837 0.079955 0.143436
  6 4.118816 -0.003263 -0.000241 0.073885 0.067451 0.070477
  7 4.119682 -0.003345 -0.000446 0.128204 -0.169730 0.290350
  8 4.443598 0.000001 -0.000000 0.005055 -0.075047 -0.782272
  9 9.024062 0.000001 0.000000 0.000000 0.000000 0.000000
 10 0.292684 0.221887 1.693807 -1.075717 -1.312276 -2.421762
 11 6.384777 -0.000001 0.000001 -0.653846 -0.095979 -1.236021
 12 10.242680 0.000000 -0.000001 -0.000000 -0.000000 -1.347299
 13 11.375562 0.000001 -0.000001 -2.229254 -0.403751 0.747304
 14 0.728681 0.023431 -1.008291 1.627471 0.842372 0.191441
 15 2.136497 -0.000001 0.000001 -0.000000 0.000000 0.898845
 16 2.313139 0.000002 -0.000001 0.000000 0.000000 0.000000
 17 3.115506 -0.886040 -0.021429 -0.523248 -0.008990 0.590544
 18 2.011150 0.000001 -0.000002 0.000000 0.000000 1.951110
 19 2.141379 -0.000001 0.000003 0.000000 0.000000 0.000000
 20 1.734172 0.000001 -0.000000 0.000000 0.000000 0.976392
 21 0.000007 -4.440594 -0.000001 1.570544 -0.062990 -0.195737
 22 4.112853 -0.572204 -1.309457 -1.644301 0.094718 0.119721
 23 6.000000 0.000000 -0.000001 -2.039444 0.000000 0.000000
 24 0.000001 -4.440601 -0.000001 1.569944 -0.062987 0.004053
 25 11.375561 -0.000000 0.000002 -1.850987 -0.258257 0.336603
 26 -0.000001 -4.440603 0.000001 1.570144 -0.062988 0.004040
 27 10.510129 -0.000001 -0.000001 -0.000000 -0.000000 -2.244446
 28 0.000000 -1.748402 5.000001 -0.000000 0.004007 1.602291
 29 5.499999 -0.000000 -0.000000 0.280271 -0.000000 -0.000000
 30 -0.000002 -1.940598 5.000000 -0.044472 0.004003 -0.000180
 31 6.551491 -0.000000 0.000001 -0.510199 0.031633 -0.758872
 32 0.000000 -1.940597 5.000000 -0.027189 -0.053376 0.005295
 33 6.551491 -0.000000 0.000001 -0.229365 0.062191 -0.343116
 34 -0.000000 -1.940599 4.999996 -0.066572 -0.152786 -0.110311
 35 -0.292684 -0.214806 -1.693807 2.735986 1.472380 -0.711837
 36 6.384778 0.000000 -0.000000 0.740781 0.205386 -0.724156
 37 10.242682 0.000001 0.000002 0.000000 0.000000 -1.666369
 38 11.375560 -0.000001 0.000000 2.092600 0.392307 0.664860
 39 0.728683 0.023429 1.008292 -1.627471 -0.842372 0.191441
 40 2.136500 -0.000001 -0.000002 -0.000000 -0.000000 0.898844
 41 2.313140 0.000001 -0.000001 0.000000 0.000000 3.141593
 42 3.115508 -0.886041 0.021430 0.523248 0.008990 0.590544
 43 2.011151 -0.000001 -0.000001 -0.000000 -0.000000 1.951110
 44 2.141380 -0.000000 -0.000001 0.000000 0.000000 3.141593
 45 1.734172 -0.000001 -0.000001 0.000000 0.000000 0.976392
 46 0.136315 -3.738194 2.525889 1.493698 2.759406 -1.474501
 47 3.771410 0.416400 1.053530 1.765650 0.074575 0.195753
 48 11.389366 -0.000819 0.158782 1.792094 0.238926 0.308717
 49 0.000001 -4.440601 0.000001 1.570144 -3.078602 0.004040
 50 6.000000 -0.000000 0.000001 1.792094 -0.000000 0.000000
 51 0.000001 -4.440602 0.000001 1.569944 -3.078603 0.004053
 52 10.510130 0.000000 0.000003 0.000000 0.000000 -2.403981
 53 0.000001 -1.748399 -5.000002 3.141593 0.004007 -1.539299
 54 5.499999 0.000000 0.000000 -0.250321 -0.000000 0.000000
 55 -0.000000 0.000000 -5.000003 -0.044472 3.137589 -0.000177
 56 6.551492 -0.000000 0.000001 0.250321 -0.012444 -0.257948
 57 -1.266844 -1.937444 -4.950560 -0.066572 -2.988806 -0.110308
 58 6.551492 -0.000000 0.000001 0.250321 -0.012444 -0.257948
 59 0.699371 -1.944209 -5.006847 -0.027189 -3.088217 0.005298
 60 4.226144 -0.003202 -0.000001 0.069606 -0.084809 0.165517
 61 -0.000001 5.000004 -0.000000 -0.153564 0.000087 2.718702
 62 0.000005 -0.000004 -3.713579 0.119535 -2.936655 -0.885276
 63 -0.000001 0.000001 5.000000 3.053195 1.558589 -0.074929
 64 -0.000004 0.000005 3.713579 -0.311487 -2.845558 -0.582080
 65 -0.000001 0.000000 -5.000000 -0.088726 1.558589 3.066335
 66 7.363605 1.646646 0.495663 -3.141593 -1.570796 0.000000
 67 -0.000003 0.000005 3.619081 -0.441735 -2.434423 -1.159240
 68 16.573919 -0.000001 0.000001 -0.000000 -0.000000 -2.011748
 69 15.128181 0.000001 0.000001 0.026832 0.026147 -0.175154
 70 5.758666 4.244731 0.000000 0.000000 -0.000000 2.033309
 71 3.177726 0.000000 0.000000 0.000000 0.000000 3.141593
 72 15.708952 0.000002 0.000001 0.013957 0.013894 -0.093781
 73 0.275148 0.189215 -3.445207 3.130898 0.000409 -1.514604
 74 17.210194 -0.000002 0.000002 -0.000000 0.000000 -2.319003
 75 0.000000 -0.000000 -5.000000 -0.079433 1.546568 -1.570857
 76 0.000005 -0.000003 -3.619079 0.260448 -2.945758 -1.468642
 77 16.573919 -0.000000 0.000001 0.000000 0.000000 -1.562392
 78 15.128181 0.000001 0.000001 0.265624 -0.173430 0.666428
 79 5.758665 4.244731 0.000000 -0.000000 0.000000 1.483530
 80 4.003935 0.000000 0.000000 0.000000 0.000000 0.000000
 81 15.708953 0.000000 0.000001 0.195074 -0.100553 0.460486
 82 0.273998 0.191090 3.439762 -3.130907 -0.000437 -1.508107
 83 17.210196 -0.000001 0.000000 -0.000000 0.000000 -2.116793
 84 0.000000 -0.000000 5.000000 -0.079311 1.595025 -1.570737
time 18
  0 0.000000 0.000000 32.947224 -0.243067 0.535714 -2.432935
  1 13.773752 5.584524 -22.520977 -0.544290 0.221328 2.303921
  2 -2.276935 0.000003 -1.238186 -1.570795 -1.570451 0.000000
  3 1.796670 0.711980 -0.000977 0.309865 -0.220383 -0.222130
  4 4.119412 -0.003160 -0.000333 0.101739 0.051911 0.256335
  5 4.119036 -0.003225 -0.000403 0.123673 0.082697 0.143696
  6 4.118819 -0.003266 -0.000242 0.073885 0.067451 0.070477
  7 4.119678 -0.003342 -0.000447 0.128309 -0.169651 0.289735
  8 4.443598 0.000001 0.000000 0.009457 -0.076409 -0.780322
  9 9.024061 -0.000001 0.000000 0.000000 0.000000 0.000000
 10 0.292549 0.222065 1.693807 -1.075712 -1.312275 -2.421157
 11 6.384778 -0.000001 0.000000 -0.658686 -0.104755 -1.239500
 12 10.242682 -0.000001 -0.000001 0.000000 -0.000000 -1.323571
 13 11.375561 -0.000000 -0.000001 -2.228860 -0.403769 0.747602
 14 0.728681 0.023430 -1.008293 1.627471 0.842372 0.191441
 15 2.136495 -0.000000 0.000000 -0.000000 0.000000 0.898845
 16 2.313140 -0.000000 0.000000 0.000000 0.000000 0.000000
 17 3.115506 -0.886041 -0.021430 -0.523248 -0.008990 0.590544
 18 2.011150 0.000000 -0.000000 -0.000000 0.000000 1.951110
 19 2.141378 -0.000001 0.000000 0.000000 0.000000 0.000000
 20 1.734172 0.000000 -0.000001 0.000000 -0.000000 0.976392
 21 0.000006 -4.440594 -0.000001 1.570544 -0.062990 -0.195737
 22 4.112853 -0.572204 -1.309457 -1.644301 0.094718 0.119721
 23 6.000000 0.000001 -0.000002 -2.039126 0.000000 -0.000000
 24 0.000002 -4.440602 0.000000 1.569944 -0.062987 0.004053
 25 11.375562 -0.000001 0.000003 -1.850774 -0.258251 0.336760
 26 -0.000002 -4.440605 -0.000000 1.570144 -0.062988 0.004040
 27 10.510128 0.000000 -0.000001 -0.000000 0.000000 -2.232582
 28 0.000000 -1.748402 5.000000 0.000000 0.004007 1.602290
 29 5.499999 0.000000 -0.000001 0.284099 -0.000000 0.000000
 30 -0.000002 -1.940598 4.999999 -0.044472 0.004003 -0.000180
 31 6.551492 -0.000001 -0.000001 -0.516842 0.025907 -0.762610
 32 -0.000000 -1.940598 5.000001 -0.027189 -0.053376 0.005295
 33 6.551492 -0.000001 -0.000001 -0.232456 0.060427 -0.344466
 34 0.000001 -1.940600 4.999995 -0.066572 -0.152786 -0.110311
 35 -0.292547 -0.214987 -1.693808 2.700498 1.474762 -0.746419
 36 6.384777 0.000001 0.000001 0.739230 0.211544 -0.729041
 37 10.242681 -0.000001 -0.000001 0.000000 -0.000000 -1.666370
 38 11.375560 -0.000000 -0.000003 2.089200 0.396617 0.653772
 39 0.728681 0.023432 1.008292 -1.627471 -0.842372 0.191441
 40 2.136498 0.000000 0.000001 -0.000000 -0.000000 0.898844
 41 2.313139 0.000000 0.000001 0.000000 0.000000 3.141593
 42 3.115506 -0.886041 0.021433 0.523248 0.008991 0.590544
 43 2.011150 -0.000000 0.000005 -0.000000 -0.000000 1.951110
 44 2.141380 -0.000000 -0.000000 0.000000 0.000000 3.141593
 45 1.734172 -0.000001 0.000001 0.000000 0.000000 0.976392
 46 0.136316 -3.738191 2.525892 1.493698 2.759406 -1.474501
 47 3.771409 0.416401 1.053532 1.765650 0.074575 0.195753
 48 11.389366 -0.000819 0.158781 1.790588 0.240271 0.303341
 49 0.000001 -4.440600 0.000000 1.570144 -3.078602 0.004040
 50 6.000000 0.000001 -0.000001 1.790588 -0.000000 0.000000
 51 0.000001 -4.440600 -0.000000 1.569944 -3.078603 0.004053
 52 10.510132 -0.000000 0.000000 0.000000 -0.000000 -2.403981
 53 0.000000 -1.748399 -5.000001 -3.141593 0.004007 -1.539299
 54 5.500000 0.000000 0.000000 -0.250395 -0.000000 0.000000
 55 0.000001 -0.000001 -4.999998 -0.044472 3.137590 -0.000177
 56 6.551491 -0.000000 0.000002 0.250395 -0.011118 -0.258876
 57 -1.266844 -1.937441 -4.950562 -0.066572 -2.988806 -0.110308
 58 6.551491 -0.000000 0.000002 0.250395 -0.011118 -0.258876
 59 0.699370 -1.944207 -5.006848 -0.027189 -3.088217 0.005298
 60 4.226146 -0.003201 -0.000000 0.069646 -0.084779 0.165199
 61 0.000001 5.000001 -0.000000 -0.153564 0.000087 2.718702
 62 0.000005 -0.000004 -3.713579 0.119535 -2.936655 -0.885276
 63 -0.000001 0.000001 5.000000 3.053195 1.558589 -0.074929
 64 -0.000004 0.000005 3.713579 -0.311487 -2.845558 -0.582080
 65 -0.000001 0.000000 -5.000000 -0.088726 1.558589 3.066335
 66 7.363605 1.646646 0.495663 -3.141593 -1.570796 0.000000
 67 -0.000003 0.000005 3.619081 -0.441735 -2.434423 -1.159240
 68 16.573919 -0.000001 0.000001 -0.000000 -0.000000 -2.011748
 69 15.128181 0.000001 0.000001 0.026832 0.026147 -0.175154
 70 5.758666 4.244731 0.000000 0.000000 -0.000000 2.033309
 71 3.177726 0.000000 0.000000 0.000000 0.000000 3.141593
 72 15.708952 0.000002 0.000001 0.013957 0.013894 -0.093781
 73 0.275148 0.189215 -3.445207 3.130898 0.000409 -1.514604
 74 17.210194 -0.000002 0.000002 -0.000000 0.000000 -2.319003
 75 0.000000 -0.000000 -5.000000 -0.079433 1.546568 -1.570857
 76 0.000005 -0.000003 -3.619079 0.260448 -2.945758 -1.468642
 77 16.573919 -0.000000 0.000001 0.000000 0.000000 -1.562392
 78 15.128181 0.000001 0.000001 0.265624 -0.173430 0.666428
 79 5.758665 4.244731 0.000000 -0.000000 0.000000 1.483530
 80 4.003935 0.000000 0.000000 0.000000 0.000000 0.000000
 81 15.708953 0.000000 0.000001 0.195074 -0.100553 0.460486
 82 0.273998 0.191090 3.439762 -3.130907 -0.000437 -1.508107
 83 17.210196 -0.000001 0.000000 -0.000000 0.000000 -2.116793
 84 0.000000 -0.000000 5.000000 -0.079311 1.595025 -1.570737
time 19
  0 0.000000 0.000000 32.947224 -0.243067 0.535714 -2.432935
  1 13.773752 5.584524 -22.520977 -0.544290 0.221328 2.303921
  2 -2.276935 0.000003 -1.238186 -1.570795 -1.570451 0.000000
  3 1.796670 0.711980 -0.000977 0.309865 -0.220383 -0.222130
  4 4.119413 -0.003161 -0.000331 0.101028 0.051926 0.256134
  5 4.119037 -0.003227 -0.000391 0.120013 0.085672 0.143905
  6 4.118816 -0.003263 -0.000242 0.073885 0.067451 0.070477
  7 4.119677 -0.003344 -0.000447 0.128469 -0.169528 0.288792
  8 4.443598 -0.000001 0.000000 0.014621 -0.077888 -0.777438
  9 9.024065 -0.000000 0.000000 0.000000 0.000000 0.000000
 10 0.292339 0.222343 1.693807 -1.075703 -1.312274 -2.420227
 11 6.384778 0.000002 0.000004 -0.663179 -0.111535 -1.240757
 12 10.242682 -0.000001 0.000001 0.000000 0.000000 -1.303776
 13 11.375562 -0.000000 0.000003 -2.228386 -0.403832 0.747705
 14 0.728682 0.023431 -1.008294 1.627471 0.842372 0.191441
 15 2.136495 0.000000 -0.000000 0.000000 0.000000 0.898844
 16 2.313139 0.000001 0.000000 0.000000 0.000000 0.000000
 17 3.115507 -0.886040 -0.021433 -0.523248 -0.008990 0.590544
 18 2.011149 0.000000 0.000001 -0.000000 0.000000 1.951110
 19 2.141379 -0.000001 0.000000 0.000000 0.000000 0.000000
 20 1.734172 0.000000 0.000002 -0.000000 -0.000000 0.976392
 21 0.000006 -4.440596 -0.000001 1.570544 -0.062990 -0.195737
 22 4.112854 -0.572203 -1.309457 -1.644301 0.094718 0.119721
 23 6.000000 0.000000 0.000001 -2.038751 -0.000000 0.000000
 24 0.000002 -4.440601 -0.000001 1.569944 -0.062987 0.004053
 25 11.375562 0.000000 0.000003 -1.850529 -0.258249 0.336827
 26 -0.000001 -4.440603 0.000002 1.570144 -0.062988 0.004040
 27 10.510129 0.000000 -0.000001 -0.000000 -0.000000 -2.222684
 28 0.000000 -1.748400 4.999999 0.000000 0.004007 1.602291
 29 5.499998 -0.000001 0.000002 0.287231 0.000000 -0.000000
 30 -0.000001 -1.940598 4.999999 -0.044472 0.004003 -0.000180
 31 6.551492 0.000000 0.000002 -0.522247 0.021448 -0.764629
 32 0.000000 -1.940598 5.000004 -0.027189 -0.053376 0.005295
 33 6.551492 0.000001 0.000002 -0.234995 0.059036 -0.345159
 34 -0.000000 -1.940598 4.999998 -0.066572 -0.152786 -0.110311
 35 -0.292337 -0.215263 -1.693808 2.690898 1.475365 -0.755005
 36 6.384777 0.000000 0.000002 0.736740 0.218265 -0.737443
 37 10.242682 0.000000 -0.000002 -0.000000 -0.000000 -1.660406
 38 11.375561 -0.000001 -0.000002 2.088263 0.398368 0.649729
 39 0.728680 0.023432 1.008292 -1.627471 -0.842372 0.191441
 40 2.136496 0.000000 -0.000000 -0.000000 -0.000000 0.898845
 41 2.313140 -0.000001 -0.000001 0.000000 0.000000 3.141593
 42 3.115504 -0.886042 0.021433 0.523248 0.008990 0.590544
 43 2.011151 0.000000 -0.000001 -0.000000 -0.000000 1.951110
 44 2.141379 -0.000000 -0.000002 0.000000 0.000000 3.141593
 45 1.734172 -0.000001 0.000001 -0.000000 -0.000000 0.976392
 46 0.136315 -3.738194 2.525891 1.493698 2.759406 -1.474501
 47 3.771409 0.416400 1.053534 1.765650 0.074575 0.195753
 48 11.389367 -0.000820 0.158778 1.790166 0.240870 0.301339
 49 -0.000000 -4.440600 0.000001 1.570144 -3.078602 0.004040
 50 6.000000 0.000000 -0.000001 1.790166 -0.000000 -0.000000
 51 0.000003 -4.440601 0.000001 1.569944 -3.078603 0.004053
 52 10.510133 0.000001 0.000001 0.000000 -0.000000 -2.401000
 53 -0.000000 -1.748399 -5.000000 -3.141593 0.004007 -1.539299
 54 5.500000 0.000000 -0.000002 -0.250400 0.000000 0.000000
 55 -0.000000 -0.000000 -4.999998 -0.044472 3.137589 -0.000177
 56 6.551492 0.000001 0.000002 0.250400 -0.009868 -0.260331
 57 -1.266843 -1.937444 -4.950560 -0.066572 -2.988806 -0.110308
 58 6.551492 0.000001 0.000002 0.250400 -0.009868 -0.260331
 59 0.699371 -1.944210 -5.006845 -0.027189 -3.088217 0.005298
 60 4.226145 -0.003201 -0.000001 0.069707 -0.084734 0.164711
 61 0.000001 5.000001 -0.000000 -0.153564 0.000087 2.718702
 62 0.000005 -0.000004 -3.713579 0.119535 -2.936655 -0.885276
 63 -0.000001 0.000001 5.000000 3.053195 1.558589 -0.074929
 64 -0.000004 0.000005 3.713579 -0.311487 -2.845558 -0.582080
 65 -0.000001 0.000000 -5.000000 -0.088726 1.558589 3.066335
 66 7.363605 1.646646 0.495663 -3.141593 -1.570796 0.000000
 67 -0.000003 0.000005 3.619081 -0.441735 -2.434423 -1.159240
 68 16.573919 -0.000001 0.000001 -0.000000 -0.000000 -2.011748
 69 15.128181 0.000001 0.000001 0.026832 0.026147 -0.175154
 70 5.758666 4.244731 0.000000 0.000000 -0.000000 2.033309
 71 3.177726 0.000000 0.000000 0.000000 0.000000 3.141593
 72 15.708952 0.000002 0.000001 0.013957 0.013894 -0.093781
 73 0.275148 0.189215 -3.445207 3.130898 0.000409 -1.514604
 74 17.210194 -0.000002 0.000002 -0.000000 0.000000 -2.319003
 75 0.000000 -0.000000 -5.000000 -0.079433 1.546568 -1.570857
 76 0.000005 -0.000003 -3.619079 0.260448 -2.945758 -1.468642
 77 16.573919 -0.000000 0.000001 0.000000 0.000000 -1.562392
 78 15.128181 0.000001 0.000001 0.265624 -0.173430 0.666428
 79 5.758665 4.244731 0.000000 -0.000000 0.000000 1.483530
 80 4.003935 0.000000 0.000000 0.000000 0.000000 0.000000
 81 15.708953 0.000000 0.000001 0.195074 -0.100553 0.460486
 82 0.273998 0.191090 3.439762 -3.130907 -0.000437 -1.508107
 83 17.210196 -0.000001 0.000000 -0.000000 0.000000 -2.116793
 84 0.000000 -0.000000 5.000000 -0.079311 1.595025 -1.570737
time 20
  0 0.000000 0.000000 32.947224 -0.243067 0.535714 -2.432935
  1 13.773752 5.584524 -22.520977 -0.544290 0.221328 2.303921
  2 -2.276935 0.000003 -1.238186 -1.570795 -1.570451 0.000000
  3 1.796670 0.711980 -0.000977 0.309865 -0.220383 -0.222130
  4 4.119413 -0.003162 -0.000328 0.100104 0.051945 0.255875
  5 4.119035 -0.003227 -0.000377 0.115996 0.088796 0.144065
  6 4.118820 -0.003267 -0.000242 0.073885 0.067451 0.070477
  7 4.119671 -0.003344 -0.000448 0.128673 -0.169372 0.287585
  8 4.443599 -0.000001 -0.000000 0.020341 -0.079459 -0.773817
  9 9.024065 -0.000001 0.000000 0.000000 0.000000 0.000000
 10 0.292072 0.222696 1.693808 -1.075693 -1.312272 -2.419038
 11 6.384778 0.000001 0.000003 -0.667021 -0.115088 -1.239036
 12 10.242680 -0.000000 0.000002 -0.000000 0.000000 -1.290975
 13 11.375561 0.000001 0.000001 -2.227969 -0.403840 0.747784
 14 0.728681 0.023429 -1.008294 1.627471 0.842372 0.191441
 15 2.136497 0.000000 0.000001 -0.000000 0.000000 0.898845
 16 2.313139 0.000002 0.000000 0.000000 0.000000 0.000000
 17 3.115506 -0.886042 -0.021433 -0.523248 -0.008991 0.590544
 18 2.011151 0.000000 -0.000003 -0.000000 0.000000 1.951110
 19 2.141380 0.000000 0.000002 0.000000 0.000000 0.000000
 20 1.734173 0.000001 -0.000001 -0.000000 0.000000 0.976392
 21 0.000006 -4.440595 -0.000002 1.570544 -0.062990 -0.195737
 22 4.112854 -0.572204 -1.309458 -1.644301 0.094718 0.119721
 23 5.999999 -0.000000 0.000002 -2.038428 0.000000 -0.000000
 24 0.000001 -4.440603 -0.000002 1.569944 -0.062987 0.004053
 25 11.375561 -0.000001 0.000004 -1.850321 -0.258224 0.336887
 26 -0.000001 -4.440607 -0.000001 1.570144 -0.062988 0.004040
 27 10.510129 0.000000 -0.000000 -0.000000 -0.000000 -2.216284
 28 0.000000 -1.748401 5.000000 -0.000000 0.004007 1.602290
 29 5.499999 -0.000000 0.000000 0.289238 0.000000 0.000000
 30 -0.000001 -1.940598 4.999998 -0.044472 0.004003 -0.000180
 31 6.551492 -0.000002 0.000001 -0.525666 0.019126 -0.764204
 32 0.000000 -1.940599 5.000001 -0.027189 -0.053376 0.005295
 33 6.551492 -0.000002 0.000001 -0.236647 0.058288 -0.344927
 34 -0.000000 -1.940598 4.999998 -0.066572 -0.152786 -0.110311
 35 -0.292070 -0.215616 -1.693808 2.690912 1.475363 -0.753791
 36 6.384778 -0.000002 0.000001 0.733941 0.224114 -0.746327
 37 10.242681 -0.000000 -0.000001 0.000000 0.000000 -1.654848
 38 11.375560 0.000001 0.000001 2.088234 0.399298 0.647819
 39 0.728681 0.023430 1.008293 -1.627471 -0.842372 0.191441
 40 2.136500 -0.000000 -0.000000 -0.000000 -0.000000 0.898845
 41 2.313139 -0.000000 -0.000000 0.000000 0.000000 3.141593
 42 3.115508 -0.886041 0.021432 0.523248 0.008990 0.590544
 43 2.011151 0.000000 0.000000 -0.000000 0.000000 1.951110
 44 2.141379 0.000000 -0.000001 0.000000 0.000000 3.141593
 45 1.734172 -0.000001 0.000002 0.000000 0.000000 0.976392
 46 0.136315 -3.738192 2.525887 1.493698 2.759406 -1.474501
 47 3.771410 0.416401 1.053530 1.765650 0.074575 0.195753
 48 11.389367 -0.000819 0.158779 1.790154 0.241230 0.300357
 49 0.000001 -4.440601 0.000001 1.570144 -3.078602 0.004040
 50 6.000000 -0.000000 -0.000002 1.790154 0.000000 -0.000000
 51 0.000002 -4.440602 -0.000000 1.569944 -3.078603 0.004053
 52 10.510133 0.000001 0.000001 0.000000 0.000000 -2.398220
 53 0.000001 -1.748400 -5.000001 3.141593 0.004007 -1.539299
 54 5.500000 0.000000 0.000000 -0.250315 0.000000 0.000000
 55 0.000000 -0.000000 -5.000000 -0.044472 3.137589 -0.000177
 56 6.551492 0.000001 0.000000 0.250315 -0.008862 -0.261821
 57 -1.266844 -1.937442 -4.950559 -0.066572 -2.988806 -0.110308
 58 6.551492 0.000001 0.000000 0.250315 -0.008862 -0.261821
 59 0.699370 -1.944206 -5.006846 -0.027189 -3.088217 0.005298
 60 4.226146 -0.003203 -0.000000 0.069785 -0.084676 0.164086
 61 -0.000001 4.999999 0.000000 -0.153564 0.000087 2.718702
 62 0.000005 -0.000004 -3.713579 0.119535 -2.936655 -0.885276
 63 -0.000001 0.000001 5.000000 3.053195 1.558589 -0.074929
 64 -0.000004 0.000005 3.713579 -0.311487 -2.845558 -0.582080
 65 -0.000001 0.000000 -5.000000 -0.088726 1.558589 3.066335
 66 7.363605 1.646646 0.495663 -3.141593 -1.570796 0.000000
 67 -0.000003 0.000005 3.619081 -0.441735 -2.434423 -1.159240
 68 16.573919 -0.000001 0.000001 -0.000000 -0.000000 -2.011748
 69 15.128181 0.000001 0.000001 0.026832 0.026147 -0.175154
 70 5.758666 4.244731 0.000000 0.000000 -0.000000 2.033309
 71 3.177726 0.000000 0.000000 0.000000 0.000000 3.141593
 72 15.708952 0.000002 0.000001 0.013957 0.013894 -0.093781
 73 0.275148 0.189215 -3.445207 3.130898 0.000409 -1.514604
 74 17.210194 -0.000002 0.000002 -0.000000 0.000000 -2.319003
 75 0.000000 -0.000000 -5.000000 -0.079433 1.546568 -1.570857
 76 0.000005 -0.000003 -3.619079 0.260448 -2.945758 -1.468642
 77 16.573919 -0.000000 0.000001 0.000000 0.000000 -1.562392
 78 15.128181 0.000001 0.000001 0.265624 -0.173430 0.666428
 79 5.758665 4.244731 0.000000 -0.000000 0.000000 1.483530
 80 4.003935 0.000000 0.000000 0.000000 0.000000 0.000000
 81 15.708953 0.000000 0.000001 0.195074 -0.100553 0.460486
 82 0.273998 0.191090 3.439762 -3.130907 -0.000437 -1.508107
 83 17.210196 -0.000001 0.000000 -0.000000 0.000000 -2.116793
 84 0.000000 -0.000000 5.000000 -0.079311 1.595025 -1.570737
time 21
  0 0.000000 0.000000 32.947224 -0.243067 0.535714 -2.432935
  1 13.773752 5.584524 -22.520977 -0.544290 0.221328 2.303921
  2 -2.276935 0.000003 -1.238186 -1.570795 -1.570451 0.000000
  3 1.796670 0.711980 -0.000977 0.309865 -0.220383 -0.222130
  4 4.119411 -0.003162 -0.000324 0.099023 0.051967 0.255571
  5 4.119038 -0.003228 -0.000364 0.111757 0.091985 0.144178
  6 4.118819 -0.003267 -0.000241 0.073885 0.067451 0.070477
  7 4.119668 -0.003346 -0.000449 0.128911 -0.169189 0.286181
  8 4.443598 -0.000000 0.000000 0.026411 -0.081091 -0.769653
  9 9.024062 -0.000001 0.000000 0.000000 0.000000 0.000000
 10 0.291760 0.223103 1.693809 -1.075680 -1.312270 -2.417654
 11 6.384777 -0.000002 0.000001 -0.670105 -0.113373 -1.232445
 12 10.242681 0.000000 0.000000 -0.000000 0.000000 -1.290280
 13 11.375563 0.000000 -0.000001 -2.227784 -0.403593 0.748586
 14 0.728680 0.023431 -1.008291 1.627471 0.842372 0.191441
 15 2.136494 0.000000 0.000001 -0.000000 0.000000 0.898844
 16 2.313139 0.000001 0.000001 0.000000 0.000000 0.000000
 17 3.115505 -0.886043 -0.021434 -0.523248 -0.008991 0.590544
 18 2.011152 -0.000000 -0.000001 -0.000000 -0.000000 1.951110
 19 2.141380 -0.000000 -0.000000 0.000000 0.000000 0.000000
 20 1.734173 0.000001 -0.000000 -0.000000 0.000000 0.976392
 21 0.000005 -4.440592 -0.000002 1.570544 -0.062990 -0.195737
 22 4.112852 -0.572204 -1.309456 -1.644301 0.094718 0.119721
 23 6.000001 -0.000001 0.000001 -2.038280 0.000000 -0.000000
 24 0.000001 -4.440602 -0.000003 1.569944 -0.062987 0.004053
 25 11.375562 -0.000001 0.000003 -1.850213 -0.258140 0.337297
 26 -0.000001 -4.440603 -0.000001 1.570144 -0.062988 0.004040
 27 10.510130 0.000000 -0.000001 -0.000000 0.000000 -2.215936
 28 0.000000 -1.748401 5.000001 -0.000000 0.004007 1.602290
 29 5.500000 0.000000 -0.000000 0.289526 0.000000 -0.000000
 30 -0.000002 -1.940598 5.000002 -0.044472 0.004003 -0.000180
 31 6.551491 -0.000002 0.000000 -0.526046 0.020300 -0.759838
 32 -0.000000 -1.940598 5.000001 -0.027189 -0.053376 0.005295
 33 6.551491 -0.000002 0.000000 -0.236944 0.058606 -0.343197
 34 0.000000 -1.940596 4.999998 -0.066572 -0.152786 -0.110311
 35 -0.291757 -0.216027 -1.693809 2.690928 1.475360 -0.752379
 36 6.384778 -0.000003 0.000000 0.730921 0.231028 -0.756686
 37 10.242683 0.000001 0.000001 0.000000 0.000000 -1.646832
 38 11.375561 -0.000001 0.000001 2.088169 0.400364 0.645763
 39 0.728681 0.023431 1.008293 -1.627471 -0.842372 0.191441
 40 2.136493 0.000001 0.000002 -0.000000 -0.000000 0.898845
 41 2.313141 -0.000001 -0.000003 0.000000 0.000000 3.141593
 42 3.115508 -0.886041 0.021431 0.523248 0.008990 0.590544
 43 2.011151 -0.000001 -0.000002 -0.000000 0.000000 1.951110
 44 2.141380 0.000001 -0.000000 0.000000 0.000000 3.141593
 45 1.734173 -0.000002 -0.000002 0.000000 0.000000 0.976392
 46 0.136315 -3.738191 2.525893 1.493698 2.759406 -1.474501
 47 3.771410 0.416401 1.053530 1.765650 0.074575 0.195753
 48 11.389367 -0.000819 0.158782 1.790118 0.241646 0.299293
 49 0.000002 -4.440599 0.000001 1.570144 -3.078602 0.004040
 50 5.999999 -0.000001 0.000000 1.790118 0.000000 -0.000000
 51 0.000001 -4.440600 0.000001 1.569944 -3.078603 0.004053
 52 10.510133 -0.000000 0.000001 -0.000000 -0.000000 -2.394212
 53 0.000001 -1.748400 -5.000003 -3.141593 0.004007 -1.539299
 54 5.500001 0.000000 0.000002 -0.250330 -0.000000 0.000000
 55 -0.000000 -0.000000 -5.000000 -0.044472 3.137589 -0.000177
 56 6.551491 -0.000001 -0.000000 0.250330 -0.007697 -0.263560
 57 -1.266843 -1.937444 -4.950559 -0.066572 -2.988806 -0.110308
 58 6.551492 -0.000001 -0.000000 0.250330 -0.007697 -0.263560
 59 0.699369 -1.944207 -5.006848 -0.027189 -3.088217 0.005298
 60 4.226147 -0.003203 0.000000 0.069876 -0.084609 0.163358
 61 0.000000 4.999998 0.000000 -0.153564 0.000087 2.718702
 62 0.000005 -0.000004 -3.713579 0.119535 -2.936655 -0.885276
 63 -0.000001 0.000001 5.000000 3.053195 1.558589 -0.074929
 64 -0.000004 0.000005 3.713579 -0.311487 -2.845558 -0.582080
 65 -0.000001 0.000000 -5.000000 -0.088726 1.558589 3.066335
 66 7.363605 1.646646 0.495663 -3.141593 -1.570796 0.000000
 67 -0.000003 0.000005 3.619081 -0.441735 -2.434423 -1.159240
 68 16.573919 -0.000001 0.000001 -0.000000 -0.000000 -2.011748
 69 15.128181 0.000001 0.000001 0.026832 0.026147 -0.175154
 70 5.758666 4.244731 0.000000 0.000000 -0.000000 2.033309
 71 3.177726 0.000000 0.000000 0.000000 0.000000 3.141593
 72 15.708952 0.000002 0.000001 0.013957 0.013894 -0.093781
 73 0.275148 0.189215 -3.445207 3.130898 0.000409 -1.514604
 74 17.210194 -0.000002 0.000002 -0.000000 0.000000 -2.319003
 75 0.000000 -0.000000 -5.000000 -0.079433 1.546568 -1.570857
 76 0.000005 -0.000003 -3.619079 0.260448 -2.945758 -1.468642
 77 16.573919 -0.000000 0.000001 0.000000 0.000000 -1.562392
 78 15.128181 0.000001 0.000001 0.265624 -0.173430 0.666428
 79 5.758665 4.244731 0.000000 -0.000000 0.000000 1.483530
 80 4.003935 0.000000 0.000000 0.000000 0.000000 0.000000
 81 15.708953 0.000000 0.000001 0.195074 -0.100553 0.460486
 82 0.273998 0.191090 3.439762 -3.130907 -0.000437 -1.508107
 83 17.210196 -0.000001 0.000000 -0.000000 0.000000 -2.116793
 84 0.000000 -0.000000 5.000000 -0.079311 1.595025 -1.570737
time 22
  0 0.000000 0.000000 32.947224 -0.243067 0.535714 -2.432935
  1 13.773752 5.584524 -22.520977 -0.544290 0.221328 2.303921
  2 -2.276935 0.000003 -1.238186 -1.570795 -1.570451 0.000000
  3 1.796670 0.711980 -0.000977 0.309865 -0.220383 -0.222130
  4 4.119408 -0.003162 -0.000319 0.097841 0.051990 0.255238
  5 4.119041 -0.003234 -0.000351 0.107435 0.095157 0.144246
  6 4.118814 -0.003263 -0.000242 0.073885 0.067451 0.070477
  7 4.119662 -0.003350 -0.000450 0.129170 -0.168988 0.284646
  8 4.443599 0.000003 -0.000000 0.032627 -0.082753 -0.765139
  9 9.024060 -0.000002 0.000000 0.000000 0.000000 0.000000
 10 0.291419 0.223552 1.693810 -1.075666 -1.312268 -2.416141
 11 6.384777 -0.000001 0.000001 -0.673405 -0.113850 -1.227698
 12 10.242682 0.000000 -0.000002 -0.000000 -0.000000 -1.284751
 13 11.375562 0.000001 0.000000 -2.227485 -0.403395 0.749310
 14 0.728681 0.023431 -1.008291 1.627471 0.842372 0.191441
 15 2.136497 0.000001 0.000001 -0.000000 -0.000000 0.898844
 16 2.313138 -0.000001 0.000001 0.000000 0.000000 0.000000
 17 3.115507 -0.886041 -0.021431 -0.523248 -0.008990 0.590544
 18 2.011151 -0.000000 -0.000004 0.000000 0.000000 1.951110
 19 2.141379 0.000001 0.000001 0.000000 0.000000 0.000000
 20 1.734171 0.000001 -0.000002 0.000000 0.000000 0.976391
 21 0.000006 -4.440595 0.000001 1.570544 -0.062990 -0.195737
 22 4.112853 -0.572205 -1.309458 -1.644301 0.094718 0.119721
 23 5.999999 0.000001 -0.000003 -2.038043 -0.000000 0.000000
 24 0.000002 -4.440600 0.000000 1.569944 -0.062987 0.004053
 25 11.375561 0.000001 0.000001 -1.850048 -0.258065 0.337671
 26 0.000001 -4.440604 -0.000001 1.570144 -0.062988 0.004040
 27 10.510130 -0.000000 0.000000 -0.000000 0.000000 -2.213172
 28 0.000000 -1.748400 4.999999 -0.000000 0.004007 1.602291
 29 5.500000 0.000000 -0.000002 0.290494 0.000000 0.000000
 30 -0.000000 -1.940598 5.000000 -0.044472 0.004003 -0.000180
 31 6.551492 -0.000000 0.000001 -0.527617 0.020018 -0.757026
 32 0.000000 -1.940598 5.000003 -0.027189 -0.053376 0.005295
 33 6.551492 -0.000000 0.000001 -0.237778 0.058467 -0.342060
 34 0.000000 -1.940599 4.999995 -0.066572 -0.152786 -0.110311
 35 -0.291416 -0.216469 -1.693810 2.690947 1.475355 -0.750834
 36 6.384778 0.000000 -0.000003 0.726976 0.238572 -0.768766
 37 10.242683 0.000000 0.000002 0.000000 0.000000 -1.635551
 38 11.375561 -0.000003 -0.000006 2.088016 0.401575 0.643505
 39 0.728683 0.023432 1.008293 -1.627471 -0.842372 0.191441
 40 2.136497 0.000000 0.000002 -0.000000 -0.000000 0.898844
 41 2.313138 -0.000002 0.000001 0.000000 0.000000 3.141593
 42 3.115510 -0.886040 0.021432 0.523248 0.008990 0.590544
 43 2.011148 0.000001 0.000003 0.000000 0.000000 1.951110
 44 2.141379 -0.000001 -0.000002 0.000000 0.000000 3.141593
 45 1.734172 -0.000001 0.000001 0.000000 0.000000 0.976392
 46 0.136316 -3.738193 2.525892 1.493698 2.759406 -1.474501
 47 3.771411 0.416401 1.053531 1.765650 0.074575 0.195753
 48 11.389366 -0.000821 0.158779 1.790034 0.242116 0.298123
 49 -0.000000 -4.440598 0.000001 1.570144 -3.078602 0.004040
 50 6.000000 -0.000001 -0.000002 1.790034 0.000000 -0.000000
 51 0.000002 -4.440601 -0.000000 1.569944 -3.078603 0.004053
 52 10.510132 0.000000 0.000002 -0.000000 0.000000 -2.388572
 53 -0.000001 -1.748399 -5.000000 3.141593 0.004007 -1.539299
 54 5.500000 -0.000000 0.000002 -0.250234 0.000000 0.000000
 55 0.000001 -0.000000 -5.000001 -0.044472 3.137589 -0.000177
 56 6.551491 -0.000001 -0.000002 0.250234 -0.006438 -0.265560
 57 -1.266844 -1.937444 -4.950557 -0.066572 -2.988806 -0.110308
 58 6.551491 -0.000001 -0.000002 0.250234 -0.006438 -0.265560
 59 0.699371 -1.944208 -5.006844 -0.027189 -3.088217 0.005298
 60 4.226145 -0.003201 -0.000000 0.069975 -0.084535 0.162562
 61 0.000001 5.000000 -0.000000 -0.153564 0.000087 2.718702
 62 0.000005 -0.000004 -3.713579 0.119535 -2.936655 -0.885276
 63 -0.000001 0.000001 5.000000 3.053195 1.558589 -0.074929
 64 -0.000004 0.000005 3.713579 -0.311487 -2.845558 -0.582080
 65 -0.000001 0.000000 -5.000000 -0.088726 1.558589 3.066335
 66 7.363605 1.646646 0.495663 -3.141593 -1.570796 0.000000
 67 -0.000003 0.000005 3.619081 -0.441735 -2.434423 -1.159240
 68 16.573919 -0.000001 0.000001 -0.000000 -0.000000 -2.011748
 69 15.128181 0.000001 0.000001 0.026832 0.026147 -0.175154
 70 5.758666 4.244731 0.000000 0.000000 -0.000000 2.033309
 71 3.177726 0.000000 0.000000 0.000000 0.000000 3.141593
 72 15.708952 0.000002 0.000001 0.013957 0.013894 -0.093781
 73 0.275148 0.189215 -3.445207 3.130898 0.000409 -1.514604
 74 17.210194 -0.000002 0.000002 -0.000000 0.000000 -2.319003
 75 0.000000 -0.000000 -5.000000 -0.079433 1.546568 -1.570857
 76 0.000005 -0.000003 -3.619079 0.260448 -2.945758 -1.468642
 77 16.573919 -0.000000 0.000001 0.000000 0.000000 -1.562392
 78 15.128181 0.000001 0.000001 0.265624 -0.173430 0.666428
 79 5.758665 4.244731 0.000000 -0.000000 0.000000 1.483530
 80 4.003935 0.000000 0.000000 0.000000 0.000000 0.000000
 81 15.708953 0.000000 0.000001 0.195074 -0.100553 0.460486
 82 0.273998 0.191090 3.439762 -3.130907 -0.000437 -1.508107
 83 17.210196 -0.000001 0.000000 -0.000000 0.000000 -2.116793
 84 0.000000 -0.000000 5.000000 -0.079311 1.595025 -1.570737
time 23
  0 0.000000 0.000000 32.947224 -0.243067 0.535714 -2.432935
  1 13.773752 5.584524 -22.520977 -0.544290 0.221328 2.303921
  2 -2.276935 0.000003 -1.238186 -1.570795 -1.570451 0.000000
  3 1.796670 0.711980 -0.000977 0.309865 -0.220383 -0.222130
  4 4.119411 -0.003165 -0.000317 0.096612 0.052014 0.254893
  5 4.119038 -0.003232 -0.000335 0.103165 0.098228 0.144275
  6 4.118817 -0.003263 -0.000242 0.073885 0.067451 0.070477
  7 4.119657 -0.003349 -0.000450 0.129441 -0.168779 0.283045
  8 4.443599 -0.000003 0.000000 0.038783 -0.084406 -0.760466
  9 9.024059 -0.000001 0.000000 0.000000 0.000000 0.000000
 10 0.291060 0.224013 1.693811 -1.075652 -1.312266 -2.414562
 11 6.384778 0.000001 0.000003 -0.676561 -0.115258 -1.223951
 12 10.242681 -0.000000 0.000001 0.000000 0.000000 -1.276899
 13 11.375560 -0.000001 0.000001 -2.227121 -0.403314 0.749493
 14 0.728682 0.023432 -1.008293 1.627471 0.842372 0.191441
 15 2.136496 -0.000001 0.000000 -0.000000 0.000000 0.898844
 16 2.313139 -0.000001 0.000000 0.000000 0.000000 0.000000
 17 3.115508 -0.886041 -0.021433 -0.523248 -0.008991 0.590544
 18 2.011151 0.000001 0.000001 -0.000000 -0.000000 1.951110
 19 2.141379 -0.000001 0.000002 0.000000 0.000000 0.000000
 20 1.734173 0.000001 0.000001 0.000000 -0.000000 0.976392
 21 0.000006 -4.440595 0.000003 1.570544 -0.062990 -0.195737
 22 4.112854 -0.572203 -1.309458 -1.644301 0.094718 0.119721
 23 5.999999 0.000001 -0.000001 -2.037767 -0.000000 0.000000
 24 0.000001 -4.440601 0.000001 1.569944 -0.062987 0.004053
 25 11.375561 0.000001 0.000002 -1.849872 -0.258009 0.337787
 26 -0.000001 -4.440604 -0.000000 1.570144 -0.062988 0.004040
 27 10.510130 0.000000 0.000001 0.000000 0.000000 -2.209246
 28 -0.000000 -1.748400 5.000000 -0.000000 0.004007 1.602291
 29 5.500001 0.000001 -0.000001 0.291683 0.000000 0.000000
 30 -0.000002 -1.940598 5.000001 -0.044472 0.004003 -0.000180
 31 6.551492 0.000000 0.000001 -0.529576 0.019128 -0.754994
 32 -0.000000 -1.940597 5.000001 -0.027189 -0.053376 0.005295
 33 6.551492 0.000000 0.000001 -0.238783 0.058132 -0.341227
 34 -0.000000 -1.940597 4.999996 -0.066572 -0.152786 -0.110311
 35 -0.291057 -0.216940 -1.693811 2.690965 1.475351 -0.749223
 36 6.384777 0.000001 0.000001 0.722398 0.246506 -0.781994
 37 10.242682 0.000000 -0.000001 0.000000 0.000000 -1.621735
 38 11.375561 -0.000000 -0.000002 2.087802 0.402857 0.641127
 39 0.728680 0.023431 1.008293 -1.627471 -0.842372 0.191441
 40 2.136494 -0.000001 0.000002 -0.000000 -0.000000 0.898845
 41 2.313140 -0.000000 -0.000003 0.000000 0.000000 3.141593
 42 3.115505 -0.886041 0.021431 0.523248 0.008990 0.590544
 43 2.011152 0.000000 0.000001 -0.000000 -0.000000 1.951110
 44 2.141380 0.000000 0.000002 0.000000 0.000000 3.141593
 45 1.734173 -0.000001 0.000003 0.000000 0.000000 0.976392
 46 0.136314 -3.738193 2.525893 1.493698 2.759406 -1.474501
 47 3.771410 0.416401 1.053531 1.765650 0.074575 0.195753
 48 11.389367 -0.000820 0.158778 1.789920 0.242612 0.296892
 49 0.000002 -4.440602 0.000001 1.570144 -3.078602 0.004040
 50 6.000000 0.000000 -0.000001 1.789920 -0.000000 -0.000000
 51 0.000002 -4.440604 0.000000 1.569944 -3.078603 0.004053
 52 10.510133 0.000001 0.000003 0.000000 0.000000 -2.381664
 53 0.000000 -1.748399 -5.000003 -3.141593 0.004007 -1.539299
 54 5.500000 -0.000000 -0.000001 -0.250084 -0.000000 -0.000000
 55 -0.000000 -0.000001 -5.000000 -0.044472 3.137589 -0.000177
 56 6.551491 -0.000001 0.000002 0.250084 -0.005124 -0.267733
 57 -1.266844 -1.937443 -4.950560 -0.066572 -2.988806 -0.110308
 58 6.551491 -0.000001 0.000002 0.250084 -0.005124 -0.267733
 59 0.699371 -1.944209 -5.006846 -0.027189 -3.088217 0.005298
 60 4.226147 -0.003202 0.000000 0.070079 -0.084458 0.161730
 61 0.000001 5.000000 0.000000 -0.153564 0.000087 2.718702
 62 0.000005 -0.000004 -3.713579 0.119535 -2.936655 -0.885276
 63 -0.000001 0.000001 5.000000 3.053195 1.558589 -0.074929
 64 -0.000004 0.000005 3.713579 -0.311487 -2.845558 -0.582080
 65 -0.000001 0.000000 -5.000000 -0.088726 1.558589 3.066335
 66 7.363605 1.646646 0.495663 -3.141593 -1.570796 0.000000
 67 -0.000003 0.000005 3.619081 -0.441735 -2.434423 -1.159240
 68 16.573919 -0.000001 0.000001 -0.000000 -0.000000 -2.011748
 69 15.128181 0.000001 0.000001 0.026832 0.026147 -0.175154
 70 5.758666 4.244731 0.000000 0.000000 -0.000000 2.033309
 71 3.177726 0.000000 0.000000 0.000000 0.000000 3.141593
 72 15.708952 0.000002 0.000001 0.013957 0.013894 -0.093781
 73 0.275148 0.189215 -3.445207 3.130898 0.000409 -1.514604
 74 17.210194 -0.000002 0.000002 -0.000000 0.000000 -2.319003
 75 0.000000 -0.000000 -5.000000 -0.079433 1.546568 -1.570857
 76 0.000005 -0.000003 -3.619079 0.260448 -2.945758 -1.468642
 77 16.573919 -0.000000 0.000001 0.000000 0.000000 -1.562392
 78 15.128181 0.000001 0.000001 0.265624 -0.173430 0.666428
 79 5.758665 4.244731 0.000000 -0.000000 0.000000 1.483530
 80 4.003935 0.000000 0.000000 0.000000 0.000000 0.000000
 81 15.708953 0.000000 0.000001 0.195074 -0.100553 0.460486
 82 0.273998 0.191090 3.439762 -3.130907 -0.000437 -1.508107
 83 17.210196 -0.000001 0.000000 -0.000000 0.000000 -2.116793
 84 0.000000 -0.000000 5.000000 -0.079311 1.595025 -1.570737
time 24
  0 0.000000 0.000000 32.947224 -0.243067 0.535714 -2.432935
  1 13.773752 5.584524 -22.520977 -0.544290 0.221328 2.303921
  2 -2.276935 0.000003 -1.238186 -1.570795 -1.570451 0.000000
  3 1.796670 0.711980 -0.000977 0.309865 -0.220383 -0.222130
  4 4.119409 -0.003164 -0.000312 0.095392 0.052038 0.254549
  5 4.119038 -0.003234 -0.000322 0.099086 0.101113 0.144272
  6 4.118816 -0.003265 -0.000241 0.073885 0.067451 0.070477
  7 4.119653 -0.003352 -0.000451 0.129711 -0.168569 0.281443
  8 4.443599 -0.000001 0.000000 0.044675 -0.086006 -0.755825
  9 9.024061 -0.000000 0.000000 0.000000 0.000000 0.000000
 10 0.290702 0.224479 1.693812 -1.075638 -1.312264 -2.412984
 11 6.384777 -0.000000 0.000001 -0.678840 -0.111522 -1.215819
 12 10.242681 -0.000001 -0.000002 0.000000 0.000000 -1.280640
 13 11.375561 -0.000001 0.000002 -2.227034 -0.403065 0.749914
 14 0.728680 0.023430 -1.008292 1.627471 0.842372 0.191441
 15 2.136497 0.000001 -0.000001 -0.000000 -0.000000 0.898844
 16 2.313139 -0.000000 -0.000000 0.000000 0.000000 0.000000
 17 3.115505 -0.886042 -0.021432 -0.523248 -0.008990 0.590544
 18 2.011149 -0.000000 -0.000002 -0.000000 0.000000 1.951110
 19 2.141379 -0.000001 0.000002 0.000000 0.000000 0.000000
 20 1.734172 0.000001 -0.000001 0.000000 0.000000 0.976392
 21 0.000006 -4.440593 -0.000002 1.570544 -0.062990 -0.195737
 22 4.112852 -0.572205 -1.309459 -1.644301 0.094718 0.119721
 23 6.000000 0.000001 0.000001 -2.037714 -0.000000 0.000000
 24 0.000001 -4.440601 0.000000 1.569944 -0.062987 0.004053
 25 11.375562 0.000001 0.000003 -1.849838 -0.257911 0.338018
 26 0.000000 -4.440602 0.000002 1.570144 -0.062988 0.004040
 27 10.510129 0.000000 -0.000002 -0.000000 0.000000 -2.211116
 28 -0.000000 -1.748400 5.000000 0.000000 0.004007 1.602290
 29 5.499999 0.000000 -0.000000 0.291194 0.000000 0.000000
 30 -0.000002 -1.940599 5.000002 -0.044472 0.004003 -0.000180
 31 6.551492 -0.000000 0.000001 -0.528583 0.021561 -0.749512
 32 0.000000 -1.940598 4.999998 -0.027189 -0.053376 0.005295
 33 6.551492 -0.000000 0.000001 -0.238461 0.058824 -0.339070
 34 0.000000 -1.940599 4.999997 -0.066572 -0.152786 -0.110311
 35 -0.290701 -0.217402 -1.693812 2.690984 1.475348 -0.747612
 36 6.384778 0.000002 0.000001 0.717481 0.254605 -0.795790
 37 10.242681 0.000000 -0.000002 0.000000 -0.000000 -1.606119
 38 11.375562 -0.000000 -0.000000 2.087554 0.404141 0.638726
 39 0.728680 0.023431 1.008292 -1.627471 -0.842372 0.191441
 40 2.136496 0.000000 -0.000001 -0.000000 -0.000000 0.898845
 41 2.313139 -0.000002 -0.000002 0.000000 0.000000 3.141593
 42 3.115504 -0.886041 0.021432 0.523248 0.008991 0.590544
 43 2.011150 -0.000001 0.000003 -0.000000 -0.000000 1.951110
 44 2.141379 -0.000001 -0.000002 0.000000 0.000000 3.141593
 45 1.734172 -0.000002 0.000001 0.000000 0.000000 0.976392
 46 0.136314 -3.738190 2.525890 1.493698 2.759406 -1.474501
 47 3.771407 0.416402 1.053531 1.765650 0.074575 0.195753
 48 11.389365 -0.000819 0.158784 1.789792 0.243105 0.295651
 49 0.000001 -4.440599 -0.000000 1.570144 -3.078602 0.004040
 50 5.999999 0.000001 0.000002 1.789792 -0.000000 -0.000000
 51 0.000001 -4.440599 -0.000000 1.569944 -3.078603 0.004053
 52 10.510131 0.000001 -0.000002 0.000000 0.000000 -2.373856
 53 0.000000 -1.748400 -5.000000 3.141593 0.004007 -1.539299
 54 5.500000 0.000000 -0.000002 -0.249932 0.000000 0.000000
 55 -0.000001 0.000000 -5.000002 -0.044472 3.137589 -0.000177
 56 6.551492 0.000002 0.000002 0.249932 -0.003789 -0.269990
 57 -1.266844 -1.937441 -4.950562 -0.066572 -2.988806 -0.110308
 58 6.551492 0.000002 0.000002 0.249932 -0.003789 -0.269990
 59 0.699370 -1.944207 -5.006847 -0.027189 -3.088217 0.005298
 60 4.226146 -0.003201 0.000000 0.070183 -0.084381 0.160898
 61 0.000000 5.000001 0.000000 -0.153564 0.000087 2.718702
 62 0.000005 -0.000004 -3.713579 0.119535 -2.936655 -0.885276
 63 -0.000001 0.000001 5.000000 3.053195 1.558589 -0.074929
 64 -0.000004 0.000005 3.713579 -0.311487 -2.845558 -0.582080
 65 -0.000001 0.000000 -5.000000 -0.088726 1.558589 3.066335
 66 7.363605 1.646646 0.495663 -3.141593 -1.570796 0.000000
 67 -0.000003 0.000005 3.619081 -0.441735 -2.434423 -1.159240
 68 16.573919 -0.000001 0.000001 -0.000000 -0.000000 -2.011748
 69 15.128181 0.000001 0.000001 0.026832 0.026147 -0.175154
 70 5.758666 4.244731 0.000000 0.000000 -0.000000 2.033309
 71 3.177726 0.000000 0.000000 0.000000 0.000000 3.141593
 72 15.708952 0.000002 0.000001 0.013957 0.013894 -0.093781
 73 0.275148 0.189215 -3.445207 3.130898 0.000409 -1.514604
 74 17.210194 -0.000002 0.000002 -0.000000 0.000000 -2.319003
 75 0.000000 -0.000000 -5.000000 -0.079433 1.546568 -1.570857
 76 0.000005 -0.000003 -3.619079 0.260448 -2.945758 -1.468642
 77 16.573919 -0.000000 0.000001 0.000000 0.000000 -1.562392
 78 15.128181 0.000001 0.000001 0.265624 -0.173430 0.666428
 79 5.758665 4.244731 0.000000 -0.000000 0.000000 1.483530
 80 4.003935 0.000000 0.000000 0.000000 0.000000 0.000000
 81 15.708953 0.000000 0.000001 0.195074 -0.100553 0.460486
 82 0.273998 0.191090 3.439762 -3.130907 -0.000437 -1.508107
 83 17.210196 -0.000001 0.000000 -0.000000 0.000000 -2.116793
 84 0.000000 -0.000000 5.000000 -0.079311 1.595025 -1.570737
time 25
  0 0.000000 0.000000 32.947224 -0.243067 0.535714 -2.432935
  1 13.773752 5.584524 -22.520977 -0.544290 0.221328 2.303921
  2 -2.276935 0.000003 -1.238186 -1.570795 -1.570451 0.000000
  3 1.796670 0.711980 -0.000977 0.309865 -0.220383 -0.222130
  4 4.119409 -0.003166 -0.000309 0.094234 0.052060 0.254224
  5 4.119037 -0.003232 -0.000310 0.095335 0.103731 0.144245
  6 4.118819 -0.003267 -0.000242 0.073885 0.067451 0.070477
  7 4.119646 -0.003352 -0.000452 0.129970 -0.168368 0.279908
  8 4.443598 -0.000001 -0.000000 0.050101 -0.087506 -0.751404
  9 9.024061 -0.000001 0.000000 0.000000 0.000000 0.000000
 10 0.290357 0.224926 1.693813 -1.075624 -1.312262 -2.411470
 11 6.384777 0.000002 0.000002 -0.680263 -0.103855 -1.204615
 12 10.242681 -0.000001 0.000001 0.000000 0.000000 -1.293332
 13 11.375561 -0.000001 0.000000 -2.227174 -0.402705 0.750424
 14 0.728680 0.023430 -1.008292 1.627471 0.842372 0.191441
 15 2.136497 0.000000 -0.000001 -0.000000 0.000000 0.898844
 16 2.313139 0.000001 0.000001 0.000000 0.000000 0.000000
 17 3.115506 -0.886043 -0.021432 -0.523248 -0.008990 0.590544
 18 2.011152 0.000000 0.000002 0.000000 0.000000 1.951110
 19 2.141379 -0.000000 0.000003 0.000000 0.000000 0.000000
 20 1.734172 0.000001 0.000003 0.000000 0.000000 0.976392
 21 0.000006 -4.440596 0.000001 1.570544 -0.062990 -0.195737
 22 4.112853 -0.572204 -1.309456 -1.644301 0.094718 0.119721
 23 6.000000 -0.000001 0.000002 -2.037843 0.000000 -0.000000
 24 0.000002 -4.440601 -0.000002 1.569944 -0.062987 0.004053
 25 11.375562 -0.000001 0.000005 -1.849925 -0.257783 0.338292
 26 -0.000002 -4.440606 -0.000001 1.570144 -0.062988 0.004040
 27 10.510130 -0.000001 -0.000002 -0.000000 -0.000000 -2.217462
 28 0.000001 -1.748401 5.000000 0.000000 0.004007 1.602291
 29 5.500000 -0.000001 -0.000001 0.289410 -0.000000 0.000000
 30 -0.000003 -1.940598 5.000004 -0.044472 0.004003 -0.000180
 31 6.551492 0.000002 0.000001 -0.525323 0.026409 -0.741746
 32 -0.000000 -1.940598 5.000001 -0.027189 -0.053376 0.005295
 33 6.551492 0.000002 0.000001 -0.237105 0.060275 -0.336020
 34 -0.000001 -1.940598 4.999996 -0.066572 -0.152786 -0.110311
 35 -0.290356 -0.217852 -1.693813 2.691002 1.475345 -0.746067
 36 6.384777 0.000000 -0.000001 0.712532 0.262654 -0.809566
 37 10.242682 0.000000 0.000001 -0.000000 -0.000000 -1.589454
 38 11.375561 0.000001 0.000002 2.087298 0.405360 0.636412
 39 0.728680 0.023430 1.008293 -1.627471 -0.842372 0.191441
 40 2.136496 -0.000000 -0.000001 -0.000000 -0.000000 0.898844
 41 2.313139 -0.000001 -0.000001 0.000000 0.000000 3.141593
 42 3.115506 -0.886042 0.021431 0.523248 0.008990 0.590544
 43 2.011150 0.000001 -0.000002 0.000000 -0.000000 1.951110
 44 2.141378 -0.000000 0.000002 0.000000 0.000000 3.141593
 45 1.734172 -0.000001 -0.000000 0.000000 -0.000000 0.976392
 46 0.136315 -3.738193 2.525890 1.493698 2.759406 -1.474501
 47 3.771410 0.416399 1.053532 1.765650 0.074575 0.195753
 48 11.389365 -0.000819 0.158783 1.789663 0.243572 0.294458
 49 0.000001 -4.440599 0.000003 1.570144 -3.078602 0.004040
 50 6.000000 0.000000 0.000001 1.789663 -0.000000 0.000000
 51 0.000003 -4.440603 0.000000 1.569944 -3.078603 0.004053
 52 10.510133 0.000001 0.000003 -0.000000 -0.000000 -2.365523
 53 0.000001 -1.748400 -5.000001 3.141593 0.004007 -1.539299
 54 5.500000 0.000000 0.000001 -0.249827 0.000000 -0.000000
 55 -0.000000 -0.000000 -4.999997 -0.044472 3.137589 -0.000177
 56 6.551491 0.000000 -0.000000 0.249827 -0.002467 -0.272244
 57 -1.266844 -1.937442 -4.950560 -0.066572 -2.988806 -0.110308
 58 6.551492 0.000000 -0.000000 0.249827 -0.002467 -0.272244
 59 0.699372 -1.944210 -5.006845 -0.027189 -3.088217 0.005298
 60 4.226145 -0.003202 -0.000000 0.070282 -0.084306 0.160099
 61 0.000001 5.000000 -0.000000 -0.153564 0.000087 2.718702
 62 0.000005 -0.000004 -3.713579 0.119535 -2.936655 -0.885276
 63 -0.000001 0.000001 5.000000 3.053195 1.558589 -0.074929
 64 -0.000004 0.000005 3.713579 -0.311487 -2.845558 -0.582080
 65 -0.000001 0.000000 -5.000000 -0.088726 1.558589 3.066335
 66 7.363605 1.646646 0.495663 -3.141593 -1.570796 0.000000
 67 -0.000003 0.000005 3.619081 -0.441735 -2.434423 -1.159240
 68 16.573919 -0.000001 0.000001 -0.000000 -0.000000 -2.011748
 69 15.128181 0.000001 0.000001 0.026832 0.026147 -0.175154
 70 5.758666 4.244731 0.000000 0.000000 -0.000000 2.033309
 71 3.177726 0.000000 0.000000 0.000000 0.000000 3.141593
 72 15.708952 0.000002 0.000001 0.013957 0.013894 -0.093781
 73 0.275148 0.189215 -3.445207 3.130898 0.000409 -1.514604
 74 17.210194 -0.000002 0.000002 -0.000000 0.000000 -2.319003
 75 0.000000 -0.000000 -5.000000 -0.079433 1.546568 -1.570857
 76 0.000005 -0.000003 -3.619079 0.260448 -2.945758 -1.468642
 77 16.573919 -0.000000 0.000001 0.000000 0.000000 -1.562392
 78 15.128181 0.000001 0.000001 0.265624 -0.173430 0.666428
 79 5.758665 4.244731 0.000000 -0.000000 0.000000 1.483530
 80 4.003935 0.000000 0.000000 0.000000 0.000000 0.000000
 81 15.708953 0.000000 0.000001 0.195074 -0.100553 0.460486
 82 0.273998 0.191090 3.439762 -3.130907 -0.000437 -1.508107
 83 17.210196 -0.000001 0.000000 -0.000000 0.000000 -2.116793
 84 0.000000 -0.000000 5.000000 -0.079311 1.595025 -1.570737
time 26
  0 0.000000 0.000000 32.947224 -0.243067 0.535714 -2.432935
  1 13.773752 5.584524 -22.520977 -0.544290 0.221328 2.303921
  2 -2.276935 0.000003 -1.238186 -1.570795 -1.570451 0.000000
  3 1.796670 0.711980 -0.000977 0.309865 -0.220383 -0.222130
  4 4.119410 -0.003166 -0.000306 0.093196 0.052079 0.253932
  5 4.119039 -0.003235 -0.000299 0.092050 0.105996 0.144204
  6 4.118816 -0.003264 -0.000241 0.073885 0.067451 0.070477
  7 4.119639 -0.003351 -0.000454 0.130206 -0.168183 0.278505
  8 4.443600 -0.000001 0.000001 0.054857 -0.088853 -0.747389
  9 9.024061 -0.000000 -0.000000 0.000000 0.000000 0.000000
 10 0.290044 0.225333 1.693814 -1.075612 -1.312260 -2.410086
 11 6.384779 0.000003 0.000002 -0.680870 -0.093840 -1.191992
 12 10.242682 -0.000000 -0.000001 -0.000000 0.000000 -1.311462
 13 11.375561 -0.000000 0.000001 -2.227439 -0.402332 0.750763
 14 0.728681 0.023430 -1.008293 1.627471 0.842372 0.191441
 15 2.136498 -0.000001 0.000001 -0.000000 0.000000 0.898844
 16 2.313139 -0.000000 -0.000001 0.000000 0.000000 0.000000
 17 3.115506 -0.886042 -0.021432 -0.523248 -0.008990 0.590544
 18 2.011150 0.000001 0.000001 0.000000 0.000000 1.951110
 19 2.141380 0.000001 -0.000000 0.000000 0.000000 0.000000
 20 1.734172 0.000001 0.000002 -0.000000 -0.000000 0.976392
 21 0.000006 -4.440597 0.000001 1.570544 -0.062990 -0.195737
 22 4.112853 -0.572205 -1.309459 -1.644301 0.094718 0.119721
 23 6.000000 0.000001 -0.000002 -2.038079 -0.000000 0.000000
 24 0.000001 -4.440601 -0.000001 1.569944 -0.062987 0.004053
 25 11.375561 -0.000000 0.000001 -1.850085 -0.257651 0.338482
 26 -0.000001 -4.440605 -0.000000 1.570144 -0.062988 0.004040
 27 10.510131 0.000001 -0.000001 -0.000000 -0.000000 -2.226527
 28 0.000000 -1.748401 4.999997 0.000000 0.004007 1.602290
 29 5.500000 0.000001 -0.000002 0.286810 0.000000 0.000000
 30 -0.000002 -1.940598 5.000000 -0.044472 0.004003 -0.000180
 31 6.551493 0.000001 -0.000000 -0.520658 0.032549 -0.733066
 32 0.000001 -1.940598 5.000001 -0.027189 -0.053376 0.005295
 33 6.551493 0.000001 -0.000000 -0.235088 0.062150 -0.332596
 34 0.000000 -1.940598 4.999996 -0.066572 -0.152786 -0.110311
 35 -0.290039 -0.218259 -1.693813 2.691019 1.475341 -0.744655
 36 6.384778 0.000000 0.000001 0.707869 0.270447 -0.822714
 37 10.242682 0.000001 0.000002 -0.000000 0.000000 -1.572516
 38 11.375561 -0.000001 0.000000 2.087053 0.406454 0.634310
 39 0.728679 0.023432 1.008292 -1.627471 -0.842372 0.191441
 40 2.136500 -0.000001 0.000000 -0.000000 -0.000000 0.898844
 41 2.313139 0.000001 0.000000 0.000000 0.000000 3.141593
 42 3.115506 -0.886041 0.021432 0.523248 0.008991 0.590544
 43 2.011152 -0.000002 -0.000001 0.000000 0.000000 1.951110
 44 2.141380 -0.000000 -0.000001 0.000000 0.000000 3.141593
 45 1.734172 -0.000001 -0.000001 0.000000 -0.000000 0.976392
 46 0.136315 -3.738194 2.525889 1.493698 2.759406 -1.474501
 47 3.771408 0.416401 1.053530 1.765650 0.074575 0.195753
 48 11.389367 -0.000821 0.158781 1.789543 0.243989 0.293375
 49 0.000001 -4.440600 -0.000001 1.570144 -3.078602 0.004040
 50 6.000000 -0.000000 0.000002 1.789543 0.000000 -0.000000
 51 0.000002 -4.440603 -0.000000 1.569944 -3.078603 0.004053
 52 10.510131 0.000000 -0.000001 -0.000000 -0.000000 -2.357054
 53 -0.000001 -1.748399 -5.000001 3.141593 0.004007 -1.539299
 54 5.500000 -0.000000 -0.000001 -0.249811 0.000000 0.000000
 55 -0.000000 -0.000000 -5.000000 -0.044472 3.137589 -0.000177
 56 6.551492 0.000000 0.000003 0.249811 -0.001186 -0.274405
 57 -1.266844 -1.937442 -4.950561 -0.066572 -2.988806 -0.110308
 58 6.551492 0.000000 0.000003 0.249811 -0.001186 -0.274405
 59 0.699370 -1.944208 -5.006847 -0.027189 -3.088217 0.005298
 60 4.226145 -0.003202 -0.000000 0.070373 -0.084238 0.159368
 61 -0.000000 5.000002 0.000000 -0.153564 0.000087 2.718701
 62 0.000005 -0.000004 -3.713579 0.119535 -2.936655 -0.885276
 63 -0.000001 0.000001 5.000000 3.053195 1.558589 -0.074929
 64 -0.000004 0.000005 3.713579 -0.311487 -2.845558 -0.582080
 65 -0.000001 0.000000 -5.000000 -0.088726 1.558589 3.066335
 66 7.363605 1.646646 0.495663 -3.141593 -1.570796 0.000000
 67 -0.000003 0.000005 3.619081 -0.441735 -2.434423 -1.159240
 68 16.573919 -0.000001 0.000001 -0.000000 -0.000000 -2.011748
 69 15.128181 0.000001 0.000001 0.026832 0.026147 -0.175154
 70 5.758666 4.244731 0.000000 0.000000 -0.000000 2.033309
 71 3.177726 0.000000 0.000000 0.000000 0.000000 3.141593
 72 15.708952 0.000002 0.000001 0.013957 0.013894 -0.093781
 73 0.275148 0.189215 -3.445207 3.130898 0.000409 -1.514604
 74 17.210194 -0.000002 0.000002 -0.000000 0.000000 -2.319003
 75 0.000000 -0.000000 -5.000000 -0.079433 1.546568 -1.570857
 76 0.000005 -0.000003 -3.619079 0.260448 -2.945758 -1.468642
 77 16.573919 -0.000000 0.000001 0.000000 0.000000 -1.562392
 78 15.128181 0.000001 0.000001 0.265624 -0.173430 0.666428
 79 5.758665 4.244731 0.000000 -0.000000 0.000000 1.483530
 80 4.003935 0.000000 0.000000 0.000000 0.000000 0.000000
 81 15.708953 0.000000 0.000001 0.195074 -0.100553 0.460486
 82 0.273998 0.191090 3.439762 -3.130907 -0.000437 -1.508107
 83 17.210196 -0.000001 0.000000 -0.000000 0.000000 -2.116793
 84 0.000000 -0.000000 5.000000 -0.079311 1.595025 -1.570737
time 27
  0 0.000000 0.000000 32.947224 -0.243067 0.535714 -2.432935
  1 13.773752 5.584524 -22.520977 -0.544290 0.221328 2.303921
  2 -2.276935 0.000003 -1.238186 -1.570795 -1.570451 0.000000
  3 1.796670 0.711980 -0.000977 0.309865 -0.220383 -0.222130
  4 4.119407 -0.003166 -0.000302 0.092331 0.052095 0.253688
  5 4.119040 -0.003237 -0.000291 0.089369 0.107827 0.144157
  6 4.118814 -0.003262 -0.000242 0.073885 0.067451 0.070477
  7 4.119638 -0.003355 -0.000454 0.130408 -0.168024 0.277299
  8 4.443598 0.000001 0.000000 0.058740 -0.089993 -0.743967
  9 9.024065 -0.000001 0.000001 0.000000 0.000000 0.000000
 10 0.289770 0.225685 1.693814 -1.075601 -1.312258 -2.408897
 11 6.384778 0.000001 0.000001 -0.680746 -0.083056 -1.179558
 12 10.242682 -0.000000 0.000001 -0.000000 -0.000000 -1.331599
 13 11.375560 -0.000001 0.000002 -2.227730 -0.402041 0.750717
 14 0.728681 0.023431 -1.008292 1.627471 0.842372 0.191441
 15 2.136497 0.000001 0.000001 -0.000000 0.000000 0.898844
 16 2.313139 0.000002 0.000001 0.000000 0.000000 0.000000
 17 3.115507 -0.886041 -0.021430 -0.523248 -0.008990 0.590544
 18 2.011149 0.000001 -0.000002 -0.000000 0.000000 1.951110
 19 2.141380 -0.000000 0.000002 0.000000 0.000000 0.000000
 20 1.734173 0.000001 0.000000 -0.000000 0.000000 0.976392
 21 0.000005 -4.440594 0.000001 1.570544 -0.062990 -0.195737
 22 4.112854 -0.572204 -1.309458 -1.644301 0.094718 0.119721
 23 6.000000 -0.000001 0.000003 -2.038342 -0.000000 0.000000
 24 0.000002 -4.440600 0.000001 1.569944 -0.062987 0.004053
 25 11.375561 0.000001 0.000003 -1.850272 -0.257536 0.338484
 26 -0.000001 -4.440603 -0.000001 1.570144 -0.062988 0.004040
 27 10.510129 0.000001 0.000000 -0.000000 0.000000 -2.236596
 28 -0.000001 -1.748400 4.999999 -0.000000 0.004007 1.602291
 29 5.499999 0.000000 0.000001 0.283866 -0.000000 -0.000000
 30 -0.000002 -1.940598 5.000000 -0.044472 0.004003 -0.000180
 31 6.551492 0.000000 0.000001 -0.515427 0.038959 -0.724667
 32 -0.000001 -1.940597 5.000002 -0.027189 -0.053376 0.005295
 33 6.551492 0.000001 0.000000 -0.232778 0.064134 -0.329261
 34 -0.000000 -1.940596 4.999999 -0.066572 -0.152786 -0.110311
 35 -0.289768 -0.218606 -1.693814 2.691032 1.475338 -0.743442
 36 6.384778 -0.000003 0.000002 0.703815 0.277780 -0.834617
 37 10.242682 0.000000 0.000002 0.000000 0.000000 -1.556106
 38 11.375561 -0.000000 0.000001 2.086834 0.407371 0.632561
 39 0.728680 0.023431 1.008293 -1.627471 -0.842372 0.191441
 40 2.136496 -0.000000 -0.000001 -0.000000 -0.000000 0.898844
 41 2.313140 -0.000000 -0.000002 0.000000 0.000000 3.141593
 42 3.115508 -0.886040 0.021431 0.523248 0.008991 0.590544
 43 2.011150 -0.000000 0.000001 -0.000000 0.000000 1.951110
 44 2.141379 0.000000 0.000002 0.000000 0.000000 3.141593
 45 1.734172 -0.000001 0.000001 -0.000000 -0.000000 0.976392
 46 0.136314 -3.738193 2.525892 1.493698 2.759406 -1.474501
 47 3.771409 0.416400 1.053532 1.765650 0.074575 0.195753
 48 11.389366 -0.000820 0.158780 1.789435 0.244339 0.292473
 49 0.000000 -4.440600 0.000000 1.570144 -3.078602 0.004040
 50 6.000000 -0.000001 -0.000001 1.789435 -0.000000 -0.000000
 51 0.000002 -4.440602 0.000000 1.569944 -3.078603 0.004053
 52 10.510133 0.000002 0.000003 -0.000000 0.000000 -2.348849
 53 0.000000 -1.748399 -5.000003 3.141593 0.004007 -1.539299
 54 5.499999 0.000000 0.000001 -0.249919 -0.000000 -0.000000
 55 -0.000000 -0.000000 -5.000002 -0.044472 3.137589 -0.000177
 56 6.551491 -0.000001 0.000002 0.249919 0.000023 -0.276379
 57 -1.266844 -1.937442 -4.950560 -0.066572 -2.988806 -0.110308
 58 6.551491 -0.000001 0.000002 0.249919 0.000023 -0.276379
 59 0.699370 -1.944207 -5.006846 -0.027189 -3.088217 0.005298
 60 4.226145 -0.003201 -0.000001 0.070450 -0.084180 0.158739
 61 -0.000001 4.999999 -0.000000 -0.153564 0.000087 2.718702
 62 0.000005 -0.000004 -3.713579 0.119535 -2.936655 -0.885276
 63 -0.000001 0.000001 5.000000 3.053195 1.558589 -0.074929
 64 -0.000004 0.000005 3.713579 -0.311487 -2.845558 -0.582080
 65 -0.000001 0.000000 -5.000000 -0.088726 1.558589 3.066335
 66 7.363605 1.646646 0.495663 -3.141593 -1.570796 0.000000
 67 -0.000003 0.000005 3.619081 -0.441735 -2.434423 -1.159240
 68 16.573919 -0.000001 0.000001 -0.000000 -0.000000 -2.011748
 69 15.128181 0.000001 0.000001 0.026832 0.026147 -0.175154
 70 5.758666 4.244731 0.000000 0.000000 -0.000000 2.033309
 71 3.177726 0.000000 0.000000 0.000000 0.000000 3.141593
 72 15.708952 0.000002 0.000001 0.013957 0.013894 -0.093781
 73 0.275148 0.189215 -3.445207 3.130898 0.000409 -1.514604
 74 17.210194 -0.000002 0.000002 -0.000000 0.000000 -2.319003
 75 0.000000 -0.000000 -5.000000 -0.079433 1.546568 -1.570857
 76 0.000005 -0.000003 -3.619079 0.260448 -2.945758 -1.468642
 77 16.573919 -0.000000 0.000001 0.000000 0.000000 -1.562392
 78 15.128181 0.000001 0.000001 0.265624 -0.173430 0.666428
 79 5.758665 4.244731 0.000000 -0.000000 0.000000 1.483530
 80 4.003935 0.000000 0.000000 0.000000 0.000000 0.000000
 81 15.708953 0.000000 0.000001 0.195074 -0.100553 0.460486
 82 0.273998 0.191090 3.439762 -3.130907 -0.000437 -1.508107
 83 17.210196 -0.000001 0.000000 -0.000000 0.000000 -2.116793
 84 0.000000 -0.000000 5.000000 -0.079311 1.595025 -1.570737
time 28
  0 0.000000 0.000000 32.947224 -0.243067 0.535714 -2.432935
  1 13.773752 5.584524 -22.520977 -0.544290 0.221328 2.303921
  2 -2.276935 0.000003 -1.238186 -1.570795 -1.570451 0.000000
  3 1.796670 0.711980 -0.000977 0.309865 -0.220383 -0.222130
  4 4.119407 -0.003166 -0.000300 0.091695 0.052106 0.253509
  5 4.119040 -0.003237 -0.000284 0.087431 0.109140 0.144116
  6 4.118816 -0.003264 -0.000242 0.073885 0.067451 0.070477
  7 4.119636 -0.003356 -0.000455 0.130567 -0.167900 0.276356
  8 4.443598 0.000002 0.000000 0.061548 -0.090866 -0.741321
  9 9.024062 -0.000002 -0.000000 0.000000 0.000000 0.000000
 10 0.289559 0.225958 1.693815 -1.075593 -1.312257 -2.407967
 11 6.384777 0.000001 0.000003 -0.680052 -0.073060 -1.168843
 12 10.242682 -0.000001 0.000000 -0.000000 -0.000000 -1.350478
 13 11.375559 -0.000000 -0.000001 -2.227971 -0.401895 0.750178
 14 0.728681 0.023431 -1.008291 1.627471 0.842372 0.191441
 15 2.136497 -0.000000 0.000002 -0.000000 -0.000000 0.898844
 16 2.313139 0.000000 -0.000001 0.000000 0.000000 0.000000
 17 3.115508 -0.886040 -0.021430 -0.523248 -0.008990 0.590544
 18 2.011150 0.000000 0.000000 -0.000000 0.000000 1.951110
 19 2.141380 0.000000 -0.000000 0.000000 0.000000 0.000000
 20 1.734173 0.000001 -0.000001 0.000000 -0.000000 0.976392
 21 0.000006 -4.440595 0.000002 1.570544 -0.062990 -0.195737
 22 4.112854 -0.572203 -1.309456 -1.644301 0.094718 0.119721
 23 6.000000 -0.000000 -0.000000 -2.038570 0.000000 -0.000000
 24 0.000001 -4.440603 0.000000 1.569944 -0.062987 0.004053
 25 11.375562 0.000000 0.000004 -1.850448 -0.257458 0.338247
 26 -0.000001 -4.440603 -0.000001 1.570144 -0.062988 0.004040
 27 10.510130 0.000000 -0.000002 -0.000000 -0.000000 -2.246035
 28 -0.000001 -1.748400 4.999999 0.000000 0.004007 1.602290
 29 5.500000 0.000000 -0.000001 0.281033 -0.000000 -0.000000
 30 -0.000001 -1.940599 4.999999 -0.044472 0.004003 -0.000180
 31 6.551491 -0.000001 -0.000000 -0.510427 0.044746 -0.717553
 32 0.000000 -1.940598 5.000001 -0.027189 -0.053376 0.005295
 33 6.551491 -0.000001 -0.000000 -0.230537 0.065947 -0.326419
 34 0.000000 -1.940599 4.999993 -0.066572 -0.152786 -0.110311
 35 -0.289557 -0.218875 -1.693815 2.691043 1.475336 -0.742493
 36 6.384778 -0.000001 -0.000002 0.700708 0.284451 -0.844638
 37 10.242682 -0.000000 -0.000001 0.000000 0.000000 -1.541051
 38 11.375560 0.000002 -0.000001 2.086646 0.408062 0.631316
 39 0.728682 0.023431 1.008293 -1.627471 -0.842372 0.191441
 40 2.136500 -0.000001 -0.000002 -0.000000 -0.000000 0.898845
 41 2.313139 0.000001 -0.000001 0.000000 0.000000 3.141593
 42 3.115506 -0.886040 0.021431 0.523248 0.008991 0.590544
 43 2.011151 0.000000 -0.000002 0.000000 -0.000000 1.951110
 44 2.141379 -0.000000 0.000002 0.000000 0.000000 3.141593
 45 1.734173 -0.000000 -0.000002 -0.000000 0.000000 0.976392
 46 0.136316 -3.738195 2.525891 1.493698 2.759406 -1.474501
 47 3.771409 0.416402 1.053531 1.765650 0.074575 0.195753
 48 11.389366 -0.000818 0.158780 1.789338 0.244604 0.291828
 49 0.000001 -4.440600 0.000000 1.570144 -3.078602 0.004040
 50 6.000000 0.000000 -0.000002 1.789338 -0.000000 0.000000
 51 0.000003 -4.440601 0.000000 1.569944 -3.078603 0.004053
 52 10.510132 -0.000000 0.000001 -0.000000 0.000000 -2.341322
 53 0.000000 -1.748399 -4.999999 3.141593 0.004007 -1.539299
 54 5.500000 -0.000000 -0.000001 -0.250182 -0.000000 -0.000000
 55 0.000000 -0.000000 -5.000001 -0.044472 3.137589 -0.000177
 56 6.551491 -0.000001 -0.000001 0.250182 0.001131 -0.278069
 57 -1.266843 -1.937444 -4.950560 -0.066572 -2.988806 -0.110308
 58 6.551491 -0.000001 -0.000001 0.250182 0.001131 -0.278069
 59 0.699370 -1.944207 -5.006849 -0.027189 -3.088217 0.005298
 60 4.226147 -0.003202 0.000000 0.070511 -0.084134 0.158248
 61 0.000000 4.999999 0.000000 -0.153564 0.000087 2.718702
 62 0.000005 -0.000004 -3.713579 0.119535 -2.936655 -0.885276
 63 -0.000001 0.000001 5.000000 3.053195 1.558589 -0.074929
 64 -0.000004 0.000005 3.713579 -0.311487 -2.845558 -0.582080
 65 -0.000001 0.000000 -5.000000 -0.088726 1.558589 3.066335
 66 7.363605 1.646646 0.495663 -3.141593 -1.570796 0.000000
 67 -0.000003 0.000005 3.619081 -0.441735 -2.434423 -1.159240
 68 16.573919 -0.000001 0.000001 -0.000000 -0.000000 -2.011748
 69 15.128181 0.000001 0.000001 0.026832 0.026147 -0.175154
 70 5.758666 4.244731 0.000000 0.000000 -0.000000 2.033309
 71 3.177726 0.000000 0.000000 0.000000 0.000000 3.141593
 72 15.708952 0.000002 0.000001 0.013957 0.013894 -0.093781
 73 0.275148 0.189215 -3.445207 3.130898 0.000409 -1.514604
 74 17.210194 -0.000002 0.000002 -0.000000 0.000000 -2.319003
 75 0.000000 -0.000000 -5.000000 -0.079433 1.546568 -1.570857
 76 0.000005 -0.000003 -3.619079 0.260448 -2.945758 -1.468642
 77 16.573919 -0.000000 0.000001 0.000000 0.000000 -1.562392
 78 15.128181 0.000001 0.000001 0.265624 -0.173430 0.666428
 79 5.758665 4.244731 0.000000 -0.000000 0.000000 1.483530
 80 4.003935 0.000000 0.000000 0.000000 0.000000 0.000000
 81 15.708953 0.000000 0.000001 0.195074 -0.100553 0.460486
 82 0.273998 0.191090 3.439762 -3.130907 -0.000437 -1.508107
 83 17.210196 -0.000001 0.000000 -0.000000 0.000000 -2.116793
 84 0.000000 -0.000000 5.000000 -0.079311 1.595025 -1.570737
time 29
  0 0.000000 0.000000 32.947224 -0.243067 0.535714 -2.432935
  1 13.773752 5.584524 -22.520977 -0.544290 0.221328 2.303921
  2 -2.276935 0.000003 -1.238186 -1.570795 -1.570451 0.000000
  3 1.796670 0.711980 -0.000977 0.309865 -0.220383 -0.222130
  4 4.119407 -0.003167 -0.000299 0.091344 0.052113 0.253411
  5 4.119042 -0.003239 -0.000281 0.086375 0.109850 0.144091
  6 4.118817 -0.003264 -0.000241 0.073885 0.067451 0.070477
  7 4.119632 -0.003356 -0.000455 0.130670 -0.167819 0.275742
  8 4.443598 0.000003 -0.000000 0.063075 -0.091416 -0.739637
  9 9.024061 -0.000002 -0.000000 0.000000 0.000000 0.000000
 10 0.289420 0.226137 1.693815 -1.075587 -1.312256 -2.407362
 11 6.384778 0.000001 0.000001 -0.679071 -0.065580 -1.161477
 12 10.242682 -0.000001 0.000000 -0.000000 0.000000 -1.364593
 13 11.375560 -0.000001 0.000001 -2.228118 -0.401922 0.749201
 14 0.728681 0.023431 -1.008295 1.627471 0.842372 0.191441
 15 2.136495 0.000001 -0.000000 -0.000000 -0.000000 0.898844
 16 2.313141 0.000002 -0.000001 0.000000 0.000000 0.000000
 17 3.115506 -0.886041 -0.021433 -0.523248 -0.008990 0.590544
 18 2.011153 -0.000001 -0.000000 0.000000 0.000000 1.951110
 19 2.141380 0.000000 -0.000001 0.000000 0.000000 0.000000
 20 1.734172 0.000001 -0.000002 0.000000 0.000000 0.976392
 21 0.000006 -4.440593 0.000003 1.570544 -0.062990 -0.195737
 22 4.112854 -0.572202 -1.309457 -1.644301 0.094718 0.119721
 23 6.000000 0.000001 -0.000001 -2.038726 -0.000000 0.000000
 24 0.000001 -4.440599 0.000000 1.569944 -0.062987 0.004053
 25 11.375561 0.000000 0.000002 -1.850582 -0.257427 0.337793
 26 -0.000002 -4.440607 -0.000001 1.570144 -0.062988 0.004040
 27 10.510131 0.000000 -0.000002 -0.000000 0.000000 -2.253093
 28 -0.000000 -1.748401 5.000000 -0.000000 0.004007 1.602290
 29 5.499999 -0.000000 0.000001 0.278815 -0.000000 0.000000
 30 -0.000002 -1.940597 5.000003 -0.044472 0.004003 -0.000180
 31 6.551492 -0.000001 -0.000001 -0.506536 0.049000 -0.712694
 32 -0.000000 -1.940598 5.000000 -0.027189 -0.053376 0.005295
 33 6.551492 -0.000001 -0.000001 -0.228770 0.067293 -0.324471
 34 -0.000000 -1.940598 4.999997 -0.066572 -0.152786 -0.110311
 35 -0.289418 -0.219054 -1.693815 2.691051 1.475335 -0.741875
 36 6.384777 -0.000001 -0.000001 0.698897 0.290253 -0.852118
 37 10.242682 -0.000000 0.000001 0.000000 0.000000 -1.528208
 38 11.375560 -0.000001 -0.000002 2.086487 0.408480 0.630738
 39 0.728678 0.023431 1.008293 -1.627471 -0.842372 0.191441
 40 2.136498 -0.000002 -0.000002 -0.000000 -0.000000 0.898845
 41 2.313138 0.000002 -0.000002 0.000000 0.000000 3.141593
 42 3.115504 -0.886040 0.021431 0.523248 0.008991 0.590544
 43 2.011150 -0.000000 0.000003 -0.000000 -0.000000 1.951110
 44 2.141380 -0.000001 -0.000002 0.000000 0.000000 3.141593
 45 1.734172 -0.000000 -0.000000 0.000000 -0.000000 0.976392
 46 0.136314 -3.738195 2.525892 1.493698 2.759406 -1.474501
 47 3.771408 0.416402 1.053532 1.765650 0.074575 0.195753
 48 11.389366 -0.000821 0.158781 1.789247 0.244768 0.291522
 49 0.000001 -4.440600 0.000002 1.570144 -3.078602 0.004040
 50 6.000000 -0.000002 -0.000000 1.789247 -0.000000 0.000000
 51 0.000002 -4.440603 0.000001 1.569944 -3.078603 0.004053
 52 10.510131 -0.000001 0.000002 -0.000000 0.000000 -2.334900
 53 0.000001 -1.748399 -5.000003 3.141593 0.004007 -1.539299
 54 5.500000 0.000000 0.000001 -0.250626 -0.000000 -0.000000
 55 -0.000000 0.000000 -5.000002 -0.044472 3.137590 -0.000177
 56 6.551492 -0.000001 -0.000001 0.250626 0.002105 -0.279373
 57 -1.266843 -1.937445 -4.950560 -0.066572 -2.988806 -0.110308
 58 6.551492 -0.000001 -0.000001 0.250626 0.002105 -0.279373
 59 0.699371 -1.944209 -5.006846 -0.027189 -3.088217 0.005298
 60 4.226144 -0.003200 -0.000000 0.070551 -0.084104 0.157927
 61 0.000001 5.000001 0.000000 -0.153564 0.000087 2.718702
 62 0.000005 -0.000004 -3.713579 0.119535 -2.936655 -0.885276
 63 -0.000001 0.000001 5.000000 3.053195 1.558589 -0.074929
 64 -0.000004 0.000005 3.713579 -0.311487 -2.845558 -0.582080
 65 -0.000001 0.000000 -5.000000 -0.088726 1.558589 3.066335
 66 7.363605 1.646646 0.495663 -3.141593 -1.570796 0.000000
 67 -0.000003 0.000005 3.619081 -0.441735 -2.434423 -1.159240
 68 16.573919 -0.000001 0.000001 -0.000000 -0.000000 -2.011748
 69 15.128181 0.000001 0.000001 0.026832 0.026147 -0.175154
 70 5.758666 4.244731 0.000000 0.000000 -0.000000 2.033309
 71 3.177726 0.000000 0.000000 0.000000 0.000000 3.141593
 72 15.708952 0.000002 0.000001 0.013957 0.013894 -0.093781
 73 0.275148 0.189215 -3.445207 3.130898 0.000409 -1.514604
 74 17.210194 -0.000002 0.000002 -0.000000 0.000000 -2.319003
 75 0.000000 -0.000000 -5.000000 -0.079433 1.546568 -1.570857
 76 0.000005 -0.000003 -3.619079 0.260448 -2.945758 -1.468642
 77 16.573919 -0.000000 0.000001 0.000000 0.000000 -1.562392
 78 15.128181 0.000001 0.000001 0.265624 -0.173430 0.666428
 79 5.758665 4.244731 0.000000 -0.000000 0.000000 1.483530
 80 4.003935 0.000000 0.000000 0.000000 0.000000 0.000000
 81 15.708953 0.000000 0.000001 0.195074 -0.100553 0.460486
 82 0.273998 0.191090 3.439762 -3.130907 -0.000437 -1.508107
 83 17.210196 -0.000001 0.000000 -0.000000 0.000000 -2.116793
 84 0.000000 -0.000000 5.000000 -0.079311 1.595025 -1.570737
time 30
  0 0.000000 0.000000 32.947224 -0.243067 0.535714 -2.432935
  1 13.773752 5.584524 -22.520977 -0.544290 0.221328 2.303921
  2 -2.276935 0.000003 -1.238186 -1.570795 -1.570451 0.000000
  3 1.796670 0.711980 -0.000977 0.309865 -0.220383 -0.222130
  4 4.119407 -0.003167 -0.000299 0.091290 0.052114 0.253395
  5 4.119042 -0.003238 -0.000281 0.086215 0.109957 0.144087
  6 4.118818 -0.003265 -0.000242 0.073885 0.067451 0.070477
  7 4.119630 -0.003354 -0.000455 0.130707 -0.167790 0.275523
  8 4.443599 -0.000003 -0.000000 0.063300 -0.091595 -0.739078
  9 9.024061 0.000001 -0.000000 0.000000 0.000000 0.000000
 10 0.289372 0.226194 1.693815 -1.075586 -1.312256 -2.407145
 11 6.384778 0.000001 0.000000 -0.678568 -0.063228 -1.159454
 12 10.242682 -0.000001 0.000000 0.000000 -0.000000 -1.369005
 13 11.375561 -0.000001 -0.000000 -2.228154 -0.401994 0.748604
 14 0.728681 0.023429 -1.008294 1.627471 0.842372 0.191441
 15 2.136496 0.000001 -0.000001 -0.000000 0.000000 0.898845
 16 2.313139 0.000000 -0.000001 0.000000 0.000000 0.000000
 17 3.115507 -0.886042 -0.021431 -0.523248 -0.008990 0.590544
 18 2.011151 -0.000001 -0.000002 -0.000000 0.000000 1.951110
 19 2.141380 0.000000 0.000003 0.000000 0.000000 0.000000
 20 1.734173 0.000000 -0.000002 -0.000000 -0.000000 0.976392
 21 0.000005 -4.440593 -0.000001 1.570544 -0.062990 -0.195737
 22 4.112854 -0.572204 -1.309456 -1.644301 0.094718 0.119721
 23 6.000000 0.000001 -0.000001 -2.038773 -0.000000 -0.000000
 24 0.000002 -4.440599 -0.000001 1.569944 -0.062987 0.004053
 25 11.375562 -0.000001 0.000004 -1.850631 -0.257429 0.337511
 26 0.000000 -4.440602 -0.000001 1.570144 -0.062988 0.004040
 27 10.510130 -0.000001 0.000000 0.000000 0.000000 -2.255298
 28 0.000000 -1.748402 4.999999 0.000000 0.004007 1.602290
 29 5.500000 -0.000000 -0.000002 0.278066 0.000000 -0.000000
 30 -0.000002 -1.940598 5.000003 -0.044472 0.004003 -0.000180
 31 6.551492 -0.000000 -0.000000 -0.505231 0.050333 -0.711333
 32 0.000001 -1.940598 5.000000 -0.027189 -0.053376 0.005295
 33 6.551492 -0.000000 -0.000000 -0.228169 0.067718 -0.323927
 34 -0.000000 -1.940598 4.999997 -0.066572 -0.152786 -0.110311
 35 -0.289368 -0.219123 -1.693815 2.691054 1.475334 -0.741654
 36 6.384777 -0.000001 0.000001 0.698566 0.293984 -0.855787
 37 10.242682 -0.000000 -0.000000 -0.000000 0.000000 -1.520387
 38 11.375561 0.000000 -0.000000 2.086381 0.408597 0.630820
 39 0.728679 0.023431 1.008290 -1.627471 -0.842372 0.191441
 40 2.136497 -0.000001 0.000001 -0.000000 -0.000000 0.898844
 41 2.313139 0.000000 -0.000001 0.000000 0.000000 3.141593
 42 3.115506 -0.886041 0.021431 0.523248 0.008990 0.590544
 43 2.011151 -0.000001 -0.000001 0.000000 -0.000000 1.951110
 44 2.141380 0.000000 -0.000001 0.000000 0.000000 3.141593
 45 1.734173 -0.000001 -0.000000 0.000000 0.000000 0.976392
 46 0.136315 -3.738191 2.525892 1.493698 2.759406 -1.474501
 47 3.771408 0.416401 1.053531 1.765650 0.074575 0.195753
 48 11.389366 -0.000819 0.158780 1.789176 0.244819 0.291551
 49 -0.000000 -4.440599 -0.000000 1.570144 -3.078602 0.004040
 50 5.999999 0.000000 -0.000001 1.789176 -0.000000 -0.000000
 51 0.000002 -4.440603 -0.000000 1.569944 -3.078603 0.004053
 52 10.510131 -0.000000 -0.000000 -0.000000 -0.000000 -2.330990
 53 -0.000000 -1.748399 -5.000000 3.141593 0.004007 -1.539299
 54 5.500000 -0.000000 0.000000 -0.251098 0.000000 -0.000000
 55 0.000001 -0.000001 -5.000000 -0.044472 3.137589 -0.000177
 56 6.551491 -0.000001 0.000001 0.251098 0.002740 -0.280055
 57 -1.266843 -1.937442 -4.950560 -0.066572 -2.988806 -0.110308
 58 6.551491 -0.000001 0.000001 0.251098 0.002740 -0.280055
 59 0.699371 -1.944207 -5.006847 -0.027189 -3.088217 0.005298
 60 4.226144 -0.003201 -0.000000 0.070565 -0.084093 0.157813
 61 -0.000000 5.000002 -0.000000 -0.153564 0.000087 2.718702
 62 0.000005 -0.000004 -3.713579 0.119535 -2.936655 -0.885276
 63 -0.000001 0.000001 5.000000 3.053195 1.558589 -0.074929
 64 -0.000004 0.000005 3.713579 -0.311487 -2.845558 -0.582080
 65 -0.000001 0.000000 -5.000000 -0.088726 1.558589 3.066335
 66 7.363605 1.646646 0.495663 -3.141593 -1.570796 0.000000
 67 -0.000003 0.000005 3.619081 -0.441735 -2.434423 -1.159240
 68 16.573919 -0.000001 0.000001 -0.000000 -0.000000 -2.011748
 69 15.128181 0.000001 0.000001 0.026832 0.026147 -0.175154
 70 5.758666 4.244731 0.000000 0.000000 -0.000000 2.033309
 71 3.177726 0.000000 0.000000 0.000000 0.000000 3.141593
 72 15.708952 0.000002 0.000001 0.013957 0.013894 -0.093781
 73 0.275148 0.189215 -3.445207 3.130898 0.000409 -1.514604
 74 17.210194 -0.000002 0.000002 -0.000000 0.000000 -2.319003
 75 0.000000 -0.000000 -5.000000 -0.079433 1.546568 -1.570857
 76 0.000005 -0.000003 -3.619079 0.260448 -2.945758 -1.468642
 77 16.573919 -0.000000 0.000001 0.000000 0.000000 -1.562392
 78 15.128181 0.000001 0.000001 0.265624 -0.173430 0.666428
 79 5.758665 4.244731 0.000000 -0.000000 0.000000 1.483530
 80 4.003935 0.000000 0.000000 0.000000 0.000000 0.000000
 81 15.708953 0.000000 0.000001 0.195074 -0.100553 0.460486
 82 0.273998 0.191090 3.439762 -3.130907 -0.000437 -1.508107
 83 17.210196 -0.000001 0.000000 -0.000000 0.000000 -2.116793
 84 0.000000 -0.000000 5.000000 -0.079311 1.595025 -1.570737
end
