version 1
nodes
  0 "Bip01"  -1
  1 "Bip01 Footsteps"   0
  2 "Bip01 Pelvis"   0
  3 "Bip01 Spine"   2
  4 "Bip01 Spine1"   3
  5 "Bip01 Spine2"   4
  6 "Bip01 Spine3"   5
  7 "Bip01 Neck"   6
  8 "Bip01 Head"   7
  9 "Dummy21"   8
 10 "Bip01 L Clavicle"   7
 11 "Bip01 L UpperArm"  10
 12 "Bip01 L Forearm"  11
 13 "Bip01 L Hand"  12
 14 "Bip01 L Finger0"  13
 15 "Bip01 L Finger01"  14
 16 "Dummy06"  15
 17 "Bip01 L Finger1"  13
 18 "Bip01 L Finger11"  17
 19 "Dummy03"  18
 20 "-- L knuckle"  17
 21 "-- L knuckle_end"  20
 22 "Line02"  13
 23 "-- L Forearm twist"  12
 24 "-- L Forearm twist_end"  23
 25 "-- L wrist"  12
 26 "-- L wrist_end"  25
 27 "-- L Elbow"  11
 28 "--L Elbow_end"  27
 29 "-- L bicep twist"  11
 30 "-- L bicep twist_end"  29
 31 "-- L shoulder outside"  10
 32 "-- L shoulder outside_end"  31
 33 "-- L Shoulder inside"  10
 34 "-- L Shoulder inside_end"  33
 35 "Bip01 R Clavicle"   7
 36 "Bip01 R UpperArm"  35
 37 "Bip01 R Forearm"  36
 38 "Bip01 R Hand"  37
 39 "Bip01 R Finger0"  38
 40 "Bip01 R Finger01"  39
 41 "Dummy01"  40
 42 "Bip01 R Finger1"  38
 43 "Bip01 R Finger11"  42
 44 "Dummy02"  43
 45 "-- R knuckle"  42
 46 "Point06"  45
 47 "Line01"  38
 48 "-- R wrist"  37
 49 "-- R wrist_end"  48
 50 "-- R forearm twist"  37
 51 "-- R forearm twist_end"  50
 52 "-- R Elbow"  36
 53 "--R Elbow_end"  52
 54 "-- R bicep twist"  36
 55 "-- R bicep twist_end"  54
 56 "-- R Shoulder inside"  35
 57 "-- R Shoulder inside_end"  56
 58 "-- R shoulder outside"  35
 59 "-- R shoulder outside_end"  58
 60 "-- Neck smooth"   6
 61 "-- neck smooth end"  60
 62 "-- R Butt"   2
 63 "--R Butt_end"  62
 64 "-- L butt"   2
 65 "--L butt_end"  64
 66 "GIGN01"   2
 67 "Bip01 L Thigh"   2
 68 "Bip01 L Calf"  67
 69 "Bip01 L Foot"  68
 70 "Bip01 L Toe0"  69
 71 "Dummy16"  70
 72 "-- L ankle"  68
 73 "-- L ankleend"  72
 74 "-- L Knee"  67
 75 "--L Knee_end"  74
 76 "Bip01 R Thigh"   2
 77 "Bip01 R Calf"  76
 78 "Bip01 R Foot"  77
 79 "Bip01 R Toe0"  78
 80 "Dummy11"  79
 81 "-- R Ankle"  77
 82 "-- R ankleend"  81
 83 "-- R Knee"  76
 84 "--R Knee_end"  83
end
skeleton
time 0
  0 -0.650000 0.000000 33.899605 -0.025849 0.174554 -1.569172
  1 5.685105 0.833237 -32.227173 -0.174512 -0.026131 1.569196
  2 -2.276935 0.000003 -1.238188 -1.570795 -1.570451 0.000000
  3 1.796898 0.711821 0.000316 -0.097456 0.061762 -0.079930
  4 4.118780 -0.003259 0.000319 -0.097446 -0.015360 0.055319
  5 4.118780 -0.003260 0.000319 -0.097486 -0.029131 0.056710
  6 4.118357 -0.003270 -0.000059 0.017960 -0.014241 -0.075621
  7 4.118097 -0.003470 -0.000471 0.134000 0.083928 -0.133394
  8 4.443600 0.000000 -0.000000 0.138585 -0.018917 -0.189557
  9 9.024057 -0.000000 0.000000 0.000000 0.000000 0.000000
 10 -0.145250 0.234210 1.711144 1.732084 -0.983005 1.478223
 11 6.384776 -0.000000 0.000000 -1.497494 -0.407119 -0.654654
 12 10.242684 -0.000002 -0.000000 0.000000 -0.000000 -1.179791
 13 11.375563 -0.000001 0.000001 -1.481595 -0.164385 0.820514
 14 0.728681 0.023430 -1.008293 1.627471 0.842372 0.191441
 15 2.136492 0.000000 0.000001 0.000000 -0.000000 0.898844
 16 2.313138 0.000003 -0.000001 0.000000 0.000000 0.000000
 17 3.115505 -0.886040 -0.021429 -0.523248 -0.008991 0.590544
 18 2.011149 -0.000001 -0.000000 0.000000 -0.000000 1.951110
 19 2.141380 0.000002 0.000002 0.000000 0.000000 0.000000
 20 1.734173 -0.000001 -0.000004 0.000000 -0.000000 0.976392
 21 0.000007 -4.440596 -0.000000 1.570544 -0.062990 -0.195737
 22 4.112851 -0.572203 -1.309454 -1.644301 0.094718 0.119721
 23 6.000000 -0.000000 0.000000 -1.491770 -0.000000 0.000000
 24 0.000002 -4.440602 -0.000000 1.569944 -0.062987 0.004053
 25 11.375562 -0.000000 0.000004 -1.510533 -0.073600 0.407407
 26 -0.000000 -4.440602 -0.000000 1.570144 -0.062988 0.004040
 27 10.510130 0.000000 -0.000001 -0.000000 0.000000 -2.160692
 28 0.000001 -1.748400 5.000000 -0.000000 0.004007 1.602290
 29 5.500000 -0.000001 -0.000000 0.561669 0.000000 0.000000
 30 -0.000002 -1.940598 5.000001 -0.044472 0.004003 -0.000180
 31 6.551491 0.000000 0.000001 -1.090447 -0.190853 -0.606768
 32 0.000001 -1.940599 5.000000 -0.027189 -0.053376 0.005295
 33 6.551491 0.000000 0.000001 -0.445828 0.012298 -0.262816
 34 -0.000001 -1.940599 4.999996 -0.066572 -0.152786 -0.110311
 35 0.145255 -0.227133 -1.711144 -2.255847 1.316954 1.025500
 36 6.384777 0.000001 -0.000002 1.334119 0.307858 -1.289546
 37 10.242682 -0.000003 -0.000001 0.000000 -0.000000 -1.194484
 38 11.375564 0.000000 -0.000001 1.560251 0.410737 0.103077
 39 0.728681 0.023431 1.008294 -1.627471 -0.842372 0.191441
 40 2.136497 0.000003 0.000000 -0.000000 0.000000 0.898844
 41 2.313138 -0.000000 -0.000000 0.000000 0.000000 3.141593
 42 3.115507 -0.886041 0.021432 0.523248 0.008990 0.590544
 43 2.011148 0.000000 -0.000002 -0.000000 -0.000000 1.951110
 44 2.141381 -0.000002 0.000001 0.000000 0.000000 3.141593
 45 1.734174 -0.000002 0.000000 -0.000000 -0.000000 0.976392
 46 0.136315 -3.738193 2.525891 1.493698 2.759406 -1.474501
 47 3.771405 0.416400 1.053531 1.765650 0.074575 0.195753
 48 11.389367 -0.000819 0.158781 1.560920 0.220229 0.057601
 49 0.000001 -4.440599 0.000001 1.570144 -3.078602 0.004040
 50 6.000002 -0.000001 -0.000001 1.560920 0.000000 0.000000
 51 -0.000001 -4.440601 -0.000000 1.569944 -3.078603 0.004053
 52 10.510131 -0.000000 0.000001 -0.000000 0.000000 -2.168038
 53 0.000000 -1.748402 -5.000000 -3.141593 0.004007 -1.539299
 54 5.500000 -0.000002 -0.000000 -0.401884 0.000000 -0.000000
 55 -0.000000 0.000001 -4.999998 -0.044472 3.137590 -0.000177
 56 6.551490 0.000000 0.000001 0.401884 -0.062923 -0.341596
 57 -1.266843 -1.937443 -4.950558 -0.066572 -2.988806 -0.110308
 58 6.551490 -0.000000 0.000001 0.401884 -0.062923 -0.341596
 59 0.699371 -1.944208 -5.006846 -0.027189 -3.088217 0.005298
 60 4.226146 -0.003202 -0.000000 0.069075 0.042823 -0.079098
 61 -0.000002 5.000000 -0.000000 -0.153564 0.000087 2.718702
 62 0.000004 -0.000005 -3.713580 0.365818 2.880119 -0.191589
 63 0.000003 -0.000000 5.000000 3.053196 1.558589 -0.074928
 64 -0.000007 0.000005 3.713580 -0.001619 -3.122277 -0.475127
 65 0.000001 -0.000000 -5.000000 -0.088725 1.558589 3.066336
 66 7.363602 1.646647 0.495663 3.141593 -1.570796 0.000000
 67 -0.000005 0.000006 3.619081 0.008255 -3.110080 -0.985231
 68 16.573919 0.000001 0.000000 0.000000 0.000000 -1.065827
 69 15.128181 0.000001 -0.000000 -0.102296 0.010178 0.114297
 70 5.758665 4.244731 -0.000000 0.000000 -0.000000 1.667687
 71 3.177726 0.000000 0.000000 0.000000 0.000000 3.141593
 72 15.708952 0.000001 0.000000 -0.051525 0.003996 0.061523
 73 0.275148 0.189215 -3.445208 3.130898 0.000409 -1.514604
 74 17.210192 0.000001 0.000000 0.000000 0.000000 -1.893339
 75 -0.000000 0.000000 -4.999999 -0.079430 1.546568 -1.570855
 76 0.000002 -0.000003 -3.619081 0.577895 2.675801 -0.242118
 77 16.573923 -0.000000 -0.000001 0.000000 -0.000000 -1.163030
 78 15.128182 -0.000000 0.000002 0.089479 0.309197 0.659208
 79 5.758665 4.244730 0.000000 -0.000000 0.000000 1.815142
 80 4.003934 -0.000000 0.000000 0.000000 0.000000 0.000000
 81 15.708954 0.000000 0.000002 0.042277 0.226871 0.443133
 82 0.273998 0.191089 3.439762 -3.130907 -0.000437 -1.508107
 83 17.210196 -0.000001 -0.000002 0.000000 -0.000000 -1.937080
 84 0.000001 -0.000001 5.000000 -0.079314 1.595025 -1.570739
time 1
  0 -0.650000 0.000000 33.899605 -0.025849 0.174554 -1.569172
  1 5.685105 0.833237 -32.227173 -0.174512 -0.026131 1.569196
  2 -2.276935 0.000003 -1.238188 -1.570795 -1.570451 0.000000
  3 1.796902 0.711820 0.000315 -0.097135 0.061950 -0.079510
  4 4.118783 -0.003260 0.000318 -0.097121 -0.015407 0.055420
  5 4.118777 -0.003259 0.000318 -0.097161 -0.029204 0.056809
  6 4.118355 -0.003269 -0.000060 0.018284 -0.014257 -0.075524
  7 4.118093 -0.003470 -0.000471 0.134000 0.083928 -0.133394
  8 4.443599 0.000000 0.000000 0.137800 -0.016173 -0.213367
  9 9.024064 0.000001 -0.000000 0.000000 0.000000 0.000000
 10 -0.145253 0.234210 1.711144 1.732084 -0.983005 1.478223
 11 6.384777 0.000001 0.000003 -1.498351 -0.386778 -0.654115
 12 10.242682 0.000002 0.000001 -0.000000 0.000000 -1.222140
 13 11.375564 -0.000000 0.000001 -1.482182 -0.164192 0.821702
 14 0.728680 0.023431 -1.008291 1.627471 0.842372 0.191441
 15 2.136501 -0.000000 0.000001 -0.000000 0.000000 0.898845
 16 2.313140 0.000001 -0.000001 0.000000 0.000000 0.000000
 17 3.115509 -0.886041 -0.021432 -0.523248 -0.008990 0.590544
 18 2.011148 -0.000000 0.000001 0.000000 -0.000000 1.951110
 19 2.141378 -0.000002 -0.000000 0.000000 0.000000 0.000000
 20 1.734173 -0.000000 -0.000002 -0.000000 -0.000000 0.976392
 21 0.000007 -4.440596 -0.000001 1.570544 -0.062990 -0.195737
 22 4.112854 -0.572204 -1.309457 -1.644301 0.094718 0.119721
 23 6.000000 0.000000 -0.000000 -1.492205 0.000000 -0.000000
 24 0.000001 -4.440601 0.000001 1.569944 -0.062987 0.004053
 25 11.375564 0.000000 0.000003 -1.510818 -0.073546 0.407907
 26 -0.000007 -4.440602 0.000000 1.570144 -0.062988 0.004040
 27 10.510132 -0.000000 0.000001 -0.000000 -0.000000 -2.181866
 28 -0.000000 -1.748400 4.999999 0.000000 0.004007 1.602290
 29 5.500000 0.000000 0.000001 0.561729 0.000000 0.000000
 30 -0.000001 -1.940597 4.999999 -0.044472 0.004003 -0.000180
 31 6.551491 0.000001 0.000002 -1.089748 -0.175371 -0.603681
 32 -0.000000 -1.940598 5.000001 -0.027189 -0.053376 0.005295
 33 6.551491 0.000001 0.000002 -0.446130 0.017702 -0.260422
 34 0.000000 -1.940599 4.999997 -0.066572 -0.152786 -0.110311
 35 0.145256 -0.227133 -1.711144 -2.258708 1.293338 1.020634
 36 6.384778 -0.000000 0.000002 1.348187 0.316091 -1.269682
 37 10.242682 -0.000000 0.000001 -0.000000 -0.000000 -1.166035
 38 11.375562 0.000000 0.000002 1.571474 0.411713 0.133614
 39 0.728679 0.023431 1.008293 -1.627471 -0.842372 0.191441
 40 2.136501 0.000000 -0.000000 0.000000 0.000000 0.898844
 41 2.313141 0.000000 -0.000001 0.000000 0.000000 3.141593
 42 3.115506 -0.886041 0.021432 0.523248 0.008990 0.590544
 43 2.011156 -0.000002 0.000002 0.000000 0.000000 1.951110
 44 2.141383 0.000002 -0.000001 0.000000 0.000000 3.141593
 45 1.734175 -0.000003 0.000002 -0.000000 -0.000000 0.976392
 46 0.136314 -3.738192 2.525889 1.493698 2.759406 -1.474501
 47 3.771405 0.416401 1.053531 1.765650 0.074575 0.195753
 48 11.389367 -0.000819 0.158783 1.565008 0.220564 0.073536
 49 -0.000006 -4.440598 -0.000000 1.570144 -3.078602 0.004040
 50 6.000002 -0.000001 0.000000 1.565008 -0.000000 -0.000000
 51 -0.000000 -4.440601 -0.000001 1.569944 -3.078603 0.004053
 52 10.510132 0.000001 0.000002 -0.000000 0.000000 -2.153814
 53 -0.000000 -1.748402 -5.000000 3.141593 0.004007 -1.539299
 54 5.500000 -0.000000 0.000001 -0.406558 0.000000 -0.000000
 55 0.000001 0.000001 -4.999999 -0.044472 3.137589 -0.000177
 56 6.551492 0.000000 -0.000001 0.406558 -0.061600 -0.336820
 57 -1.266843 -1.937443 -4.950561 -0.066572 -2.988806 -0.110308
 58 6.551492 0.000000 -0.000001 0.406558 -0.061600 -0.336820
 59 0.699371 -1.944208 -5.006847 -0.027189 -3.088217 0.005298
 60 4.226144 -0.003201 0.000000 0.069075 0.042823 -0.079098
 61 -0.000002 5.000000 -0.000000 -0.153564 0.000087 2.718702
 62 0.000004 -0.000005 -3.713580 0.365818 2.880119 -0.191589
 63 0.000003 -0.000000 5.000000 3.053196 1.558589 -0.074928
 64 -0.000007 0.000005 3.713580 -0.001619 -3.122277 -0.475127
 65 0.000001 -0.000000 -5.000000 -0.088725 1.558589 3.066336
 66 7.363602 1.646647 0.495663 3.141593 -1.570796 0.000000
 67 -0.000005 0.000006 3.619081 0.008255 -3.110080 -0.985231
 68 16.573919 0.000001 0.000000 0.000000 0.000000 -1.065827
 69 15.128181 0.000001 -0.000000 -0.102296 0.010178 0.114297
 70 5.758665 4.244731 -0.000000 0.000000 -0.000000 1.667687
 71 3.177726 0.000000 0.000000 0.000000 0.000000 3.141593
 72 15.708952 0.000001 0.000000 -0.051525 0.003996 0.061523
 73 0.275148 0.189215 -3.445208 3.130898 0.000409 -1.514604
 74 17.210192 0.000001 0.000000 0.000000 0.000000 -1.893339
 75 -0.000000 0.000000 -4.999999 -0.079430 1.546568 -1.570855
 76 0.000002 -0.000003 -3.619081 0.577895 2.675801 -0.242118
 77 16.573923 -0.000000 -0.000001 0.000000 -0.000000 -1.163030
 78 15.128182 -0.000000 0.000002 0.089479 0.309197 0.659208
 79 5.758665 4.244730 0.000000 -0.000000 0.000000 1.815142
 80 4.003934 -0.000000 0.000000 0.000000 0.000000 0.000000
 81 15.708954 0.000000 0.000002 0.042277 0.226871 0.443133
 82 0.273998 0.191089 3.439762 -3.130907 -0.000437 -1.508107
 83 17.210196 -0.000001 -0.000002 0.000000 -0.000000 -1.937080
 84 0.000001 -0.000001 5.000000 -0.079314 1.595025 -1.570739
time 2
  0 -0.650000 0.000000 33.899605 -0.025849 0.174554 -1.569172
  1 5.685105 0.833237 -32.227173 -0.174512 -0.026131 1.569196
  2 -2.276935 0.000003 -1.238188 -1.570795 -1.570451 0.000000
  3 1.796909 0.711819 0.000311 -0.095845 0.062674 -0.077855
  4 4.118776 -0.003260 0.000314 -0.095819 -0.015590 0.055816
  5 4.118782 -0.003260 0.000314 -0.095859 -0.029485 0.057196
  6 4.118355 -0.003270 -0.000064 0.019584 -0.014317 -0.075141
  7 4.118099 -0.003470 -0.000471 0.134000 0.083928 -0.133394
  8 4.443599 -0.000000 0.000000 0.133444 -0.014997 -0.239410
  9 9.024059 -0.000000 -0.000000 0.000000 0.000000 0.000000
 10 -0.145251 0.234210 1.711144 1.732084 -0.983005 1.478223
 11 6.384777 -0.000001 0.000001 -1.500504 -0.363622 -0.656540
 12 10.242682 0.000001 -0.000000 -0.000000 -0.000000 -1.277925
 13 11.375560 -0.000001 0.000000 -1.483023 -0.164428 0.822572
 14 0.728684 0.023430 -1.008296 1.627471 0.842372 0.191441
 15 2.136500 0.000000 0.000001 0.000000 0.000000 0.898845
 16 2.313138 0.000000 0.000000 0.000000 0.000000 0.000000
 17 3.115510 -0.886041 -0.021434 -0.523248 -0.008991 0.590544
 18 2.011151 -0.000000 -0.000003 -0.000000 0.000000 1.951110
 19 2.141376 -0.000003 -0.000001 0.000000 0.000000 0.000000
 20 1.734173 -0.000000 -0.000002 -0.000000 -0.000000 0.976392
 21 0.000005 -4.440595 0.000001 1.570544 -0.062990 -0.195737
 22 4.112855 -0.572204 -1.309460 -1.644301 0.094718 0.119721
 23 6.000000 -0.000001 -0.000000 -1.492825 0.000000 -0.000000
 24 0.000003 -4.440601 0.000001 1.569944 -0.062987 0.004053
 25 11.375560 -0.000000 0.000003 -1.511202 -0.073750 0.408260
 26 -0.000002 -4.440603 -0.000000 1.570144 -0.062988 0.004040
 27 10.510131 0.000001 -0.000000 -0.000000 -0.000000 -2.209759
 28 0.000000 -1.748399 4.999999 0.000000 0.004007 1.602291
 29 5.500000 0.000001 -0.000000 0.562160 0.000000 0.000000
 30 -0.000001 -1.940599 5.000000 -0.044472 0.004003 -0.000180
 31 6.551492 -0.000000 0.000001 -1.090332 -0.157488 -0.601228
 32 -0.000000 -1.940600 5.000002 -0.027189 -0.053376 0.005295
 33 6.551492 -0.000000 0.000001 -0.446645 0.024314 -0.257858
 34 0.000000 -1.940599 4.999998 -0.066572 -0.152786 -0.110311
 35 0.145258 -0.227133 -1.711144 -2.260978 1.266653 1.015749
 36 6.384777 0.000000 0.000001 1.364703 0.324638 -1.241854
 37 10.242682 -0.000001 -0.000002 -0.000000 -0.000000 -1.142047
 38 11.375562 0.000001 0.000001 1.584506 0.411355 0.172723
 39 0.728675 0.023431 1.008291 -1.627471 -0.842372 0.191441
 40 2.136498 0.000002 -0.000000 0.000000 -0.000000 0.898844
 41 2.313140 0.000000 0.000000 0.000000 0.000000 3.141593
 42 3.115507 -0.886041 0.021432 0.523248 0.008991 0.590544
 43 2.011151 0.000001 -0.000001 -0.000000 -0.000000 1.951110
 44 2.141382 0.000002 -0.000002 0.000000 0.000000 3.141593
 45 1.734175 -0.000001 0.000000 -0.000000 0.000000 0.976392
 46 0.136314 -3.738189 2.525889 1.493698 2.759406 -1.474501
 47 3.771406 0.416401 1.053531 1.765650 0.074575 0.195753
 48 11.389372 -0.000820 0.158780 1.569597 0.220199 0.093854
 49 0.000003 -4.440600 0.000001 1.570144 -3.078602 0.004040
 50 6.000000 0.000000 0.000001 1.569597 0.000000 0.000000
 51 0.000001 -4.440601 -0.000000 1.569944 -3.078603 0.004053
 52 10.510133 0.000001 -0.000000 -0.000000 -0.000000 -2.141819
 53 0.000000 -1.748400 -5.000001 -3.141593 0.004007 -1.539299
 54 5.500000 0.000002 -0.000000 -0.411998 -0.000000 -0.000000
 55 0.000001 -0.000000 -5.000000 -0.044472 3.137590 -0.000177
 56 6.551492 0.000000 0.000000 0.411998 -0.060089 -0.330656
 57 -1.266843 -1.937444 -4.950561 -0.066572 -2.988806 -0.110308
 58 6.551492 0.000000 0.000000 0.411998 -0.060089 -0.330656
 59 0.699371 -1.944208 -5.006846 -0.027189 -3.088217 0.005298
 60 4.226146 -0.003201 -0.000000 0.069075 0.042823 -0.079098
 61 0.000002 5.000001 0.000000 -0.153564 0.000087 2.718702
 62 0.000004 -0.000005 -3.713580 0.365818 2.880119 -0.191589
 63 0.000003 -0.000000 5.000000 3.053196 1.558589 -0.074928
 64 -0.000007 0.000005 3.713580 -0.001619 -3.122277 -0.475127
 65 0.000001 -0.000000 -5.000000 -0.088725 1.558589 3.066336
 66 7.363602 1.646647 0.495663 3.141593 -1.570796 0.000000
 67 -0.000005 0.000006 3.619081 0.008255 -3.110080 -0.985231
 68 16.573919 0.000001 0.000000 0.000000 0.000000 -1.065827
 69 15.128181 0.000001 -0.000000 -0.102296 0.010178 0.114297
 70 5.758665 4.244731 -0.000000 0.000000 -0.000000 1.667687
 71 3.177726 0.000000 0.000000 0.000000 0.000000 3.141593
 72 15.708952 0.000001 0.000000 -0.051525 0.003996 0.061523
 73 0.275148 0.189215 -3.445208 3.130898 0.000409 -1.514604
 74 17.210192 0.000001 0.000000 0.000000 0.000000 -1.893339
 75 -0.000000 0.000000 -4.999999 -0.079430 1.546568 -1.570855
 76 0.000002 -0.000003 -3.619081 0.577895 2.675801 -0.242118
 77 16.573923 -0.000000 -0.000001 0.000000 -0.000000 -1.163030
 78 15.128182 -0.000000 0.000002 0.089479 0.309197 0.659208
 79 5.758665 4.244730 0.000000 -0.000000 0.000000 1.815142
 80 4.003934 -0.000000 0.000000 0.000000 0.000000 0.000000
 81 15.708954 0.000000 0.000002 0.042277 0.226871 0.443133
 82 0.273998 0.191089 3.439762 -3.130907 -0.000437 -1.508107
 83 17.210196 -0.000001 -0.000002 0.000000 -0.000000 -1.937080
 84 0.000001 -0.000001 5.000000 -0.079314 1.595025 -1.570739
time 3
  0 -0.650000 0.000000 33.899605 -0.025849 0.174554 -1.569172
  1 5.685105 0.833237 -32.227173 -0.174512 -0.026131 1.569196
  2 -2.276935 0.000003 -1.238188 -1.570795 -1.570451 0.000000
  3 1.796913 0.711819 0.000304 -0.093773 0.063769 -0.075262
  4 4.118786 -0.003261 0.000307 -0.093731 -0.015869 0.056433
  5 4.118778 -0.003260 0.000307 -0.093772 -0.029910 0.057796
  6 4.118361 -0.003270 -0.000071 0.021668 -0.014396 -0.074544
  7 4.118099 -0.003470 -0.000471 0.134000 0.083928 -0.133394
  8 4.443597 0.000000 -0.000000 0.126318 -0.015358 -0.267147
  9 9.024062 -0.000000 0.000000 0.000000 0.000000 0.000000
 10 -0.145253 0.234210 1.711144 1.732084 -0.983005 1.478223
 11 6.384776 0.000001 0.000003 -1.503286 -0.345890 -0.662174
 12 10.242683 -0.000003 0.000001 0.000000 -0.000000 -1.328517
 13 11.375560 -0.000000 -0.000000 -1.483873 -0.165212 0.822642
 14 0.728682 0.023431 -1.008292 1.627471 0.842372 0.191441
 15 2.136493 -0.000001 -0.000000 0.000000 0.000000 0.898844
 16 2.313142 -0.000004 0.000000 0.000000 0.000000 0.000000
 17 3.115509 -0.886040 -0.021430 -0.523248 -0.008991 0.590544
 18 2.011148 0.000001 -0.000001 0.000000 -0.000000 1.951110
 19 2.141380 -0.000001 -0.000002 0.000000 0.000000 0.000000
 20 1.734172 0.000001 -0.000002 0.000000 -0.000000 0.976392
 21 0.000006 -4.440593 -0.000000 1.570544 -0.062990 -0.195737
 22 4.112854 -0.572203 -1.309455 -1.644301 0.094718 0.119721
 23 6.000001 -0.000001 0.000000 -1.493446 -0.000000 0.000000
 24 0.000001 -4.440601 -0.000001 1.569944 -0.062987 0.004053
 25 11.375560 -0.000001 0.000003 -1.511563 -0.074253 0.408262
 26 -0.000007 -4.440603 0.000001 1.570144 -0.062988 0.004040
 27 10.510132 -0.000002 -0.000000 0.000000 0.000000 -2.235055
 28 0.000001 -1.748398 5.000000 -0.000000 0.004007 1.602291
 29 5.500001 -0.000003 0.000000 0.562869 -0.000000 -0.000000
 30 -0.000000 -1.940599 5.000001 -0.044472 0.004003 -0.000180
 31 6.551491 0.000001 0.000002 -1.092189 -0.143432 -0.600639
 32 0.000001 -1.940601 5.000002 -0.027189 -0.053376 0.005295
 33 6.551491 0.000001 0.000002 -0.447222 0.029886 -0.256134
 34 0.000000 -1.940599 4.999996 -0.066572 -0.152786 -0.110311
 35 0.145251 -0.227133 -1.711144 -2.262319 1.242332 1.011698
 36 6.384777 0.000000 -0.000001 1.380253 0.332522 -1.211475
 37 10.242681 0.000002 -0.000000 -0.000000 -0.000000 -1.125507
 38 11.375563 0.000001 0.000000 1.596661 0.409578 0.212844
 39 0.728685 0.023431 1.008293 -1.627471 -0.842372 0.191441
 40 2.136495 0.000000 -0.000000 0.000000 -0.000000 0.898844
 41 2.313134 0.000001 0.000000 0.000000 0.000000 3.141593
 42 3.115507 -0.886042 0.021432 0.523248 0.008991 0.590544
 43 2.011154 -0.000000 0.000000 0.000000 0.000000 1.951110
 44 2.141380 0.000002 -0.000001 0.000000 0.000000 3.141593
 45 1.734174 -0.000001 -0.000001 0.000000 -0.000000 0.976392
 46 0.136314 -3.738191 2.525889 1.493698 2.759406 -1.474501
 47 3.771415 0.416401 1.053533 1.765650 0.074575 0.195753
 48 11.389369 -0.000819 0.158781 1.573738 0.219127 0.114539
 49 -0.000004 -4.440599 -0.000000 1.570144 -3.078602 0.004040
 50 6.000002 -0.000000 -0.000001 1.573738 0.000000 -0.000000
 51 0.000002 -4.440602 -0.000000 1.569944 -3.078603 0.004053
 52 10.510131 0.000002 0.000001 0.000000 0.000000 -2.133550
 53 0.000002 -1.748399 -5.000002 -3.141593 0.004007 -1.539299
 54 5.500000 0.000002 -0.000000 -0.417005 0.000000 -0.000000
 55 -0.000001 -0.000003 -5.000000 -0.044472 3.137589 -0.000177
 56 6.551491 0.000000 0.000000 0.417005 -0.058479 -0.324573
 57 -1.266843 -1.937444 -4.950561 -0.066572 -2.988806 -0.110308
 58 6.551492 0.000000 0.000000 0.417005 -0.058479 -0.324573
 59 0.699370 -1.944209 -5.006850 -0.027189 -3.088217 0.005298
 60 4.226148 -0.003201 0.000000 0.069075 0.042823 -0.079098
 61 0.000001 5.000000 -0.000000 -0.153564 0.000087 2.718702
 62 0.000004 -0.000005 -3.713580 0.365818 2.880119 -0.191589
 63 0.000003 -0.000000 5.000000 3.053196 1.558589 -0.074928
 64 -0.000007 0.000005 3.713580 -0.001619 -3.122277 -0.475127
 65 0.000001 -0.000000 -5.000000 -0.088725 1.558589 3.066336
 66 7.363602 1.646647 0.495663 3.141593 -1.570796 0.000000
 67 -0.000005 0.000006 3.619081 0.008255 -3.110080 -0.985231
 68 16.573919 0.000001 0.000000 0.000000 0.000000 -1.065827
 69 15.128181 0.000001 -0.000000 -0.102296 0.010178 0.114297
 70 5.758665 4.244731 -0.000000 0.000000 -0.000000 1.667687
 71 3.177726 0.000000 0.000000 0.000000 0.000000 3.141593
 72 15.708952 0.000001 0.000000 -0.051525 0.003996 0.061523
 73 0.275148 0.189215 -3.445208 3.130898 0.000409 -1.514604
 74 17.210192 0.000001 0.000000 0.000000 0.000000 -1.893339
 75 -0.000000 0.000000 -4.999999 -0.079430 1.546568 -1.570855
 76 0.000002 -0.000003 -3.619081 0.577895 2.675801 -0.242118
 77 16.573923 -0.000000 -0.000001 0.000000 -0.000000 -1.163030
 78 15.128182 -0.000000 0.000002 0.089479 0.309197 0.659208
 79 5.758665 4.244730 0.000000 -0.000000 0.000000 1.815142
 80 4.003934 -0.000000 0.000000 0.000000 0.000000 0.000000
 81 15.708954 0.000000 0.000002 0.042277 0.226871 0.443133
 82 0.273998 0.191089 3.439762 -3.130907 -0.000437 -1.508107
 83 17.210196 -0.000001 -0.000002 0.000000 -0.000000 -1.937080
 84 0.000001 -0.000001 5.000000 -0.079314 1.595025 -1.570739
time 4
  0 -0.650000 0.000000 33.899605 -0.025849 0.174554 -1.569172
  1 5.685105 0.833237 -32.227173 -0.174512 -0.026131 1.569196
  2 -2.276935 0.000003 -1.238188 -1.570795 -1.570451 0.000000
  3 1.796924 0.711817 0.000296 -0.091138 0.065049 -0.072070
  4 4.118789 -0.003261 0.000298 -0.091081 -0.016200 0.057186
  5 4.118786 -0.003261 0.000298 -0.091122 -0.030407 0.058525
  6 4.118363 -0.003269 -0.000080 0.024314 -0.014470 -0.073813
  7 4.118098 -0.003470 -0.000471 0.134000 0.083928 -0.133394
  8 4.443598 0.000000 0.000000 0.117335 -0.017099 -0.295939
  9 9.024059 -0.000000 0.000000 0.000000 0.000000 0.000000
 10 -0.145254 0.234210 1.711144 1.732084 -0.983005 1.478223
 11 6.384777 -0.000000 0.000000 -1.506181 -0.332323 -0.670391
 12 10.242682 -0.000001 0.000000 0.000000 -0.000000 -1.373301
 13 11.375564 -0.000000 0.000001 -1.484702 -0.166499 0.822014
 14 0.728683 0.023430 -1.008295 1.627471 0.842372 0.191441
 15 2.136497 -0.000000 -0.000000 0.000000 0.000000 0.898845
 16 2.313139 -0.000000 0.000001 0.000000 0.000000 0.000000
 17 3.115504 -0.886041 -0.021429 -0.523248 -0.008991 0.590544
 18 2.011153 0.000000 -0.000006 0.000000 -0.000000 1.951110
 19 2.141378 0.000001 0.000003 0.000000 0.000000 0.000000
 20 1.734173 0.000001 -0.000001 -0.000000 0.000000 0.976392
 21 0.000005 -4.440596 0.000002 1.570544 -0.062990 -0.195737
 22 4.112854 -0.572204 -1.309458 -1.644301 0.094718 0.119721
 23 5.999997 -0.000001 0.000000 -1.494044 -0.000000 0.000000
 24 0.000003 -4.440601 -0.000000 1.569944 -0.062987 0.004053
 25 11.375563 0.000000 0.000004 -1.511887 -0.075026 0.407957
 26 -0.000002 -4.440604 -0.000000 1.570144 -0.062988 0.004040
 27 10.510130 0.000001 -0.000000 -0.000000 -0.000000 -2.257447
 28 -0.000000 -1.748400 4.999999 -0.000000 0.004007 1.602290
 29 5.499999 -0.000000 0.000000 0.563699 -0.000000 0.000000
 30 -0.000002 -1.940599 5.000001 -0.044472 0.004003 -0.000180
 31 6.551491 0.000000 0.000003 -1.094714 -0.132290 -0.601490
 32 0.000000 -1.940597 5.000002 -0.027189 -0.053376 0.005295
 33 6.551491 0.000000 0.000003 -0.447790 0.034617 -0.255099
 34 -0.000000 -1.940599 4.999997 -0.066572 -0.152786 -0.110311
 35 0.145253 -0.227133 -1.711144 -2.263021 1.220648 1.008314
 36 6.384777 -0.000000 0.000001 1.394461 0.341034 -1.180254
 37 10.242683 0.000000 0.000001 -0.000000 0.000000 -1.111742
 38 11.375564 -0.000000 -0.000000 1.607682 0.406668 0.252417
 39 0.728680 0.023431 1.008293 -1.627471 -0.842372 0.191441
 40 2.136500 0.000003 -0.000000 0.000000 0.000000 0.898844
 41 2.313134 0.000001 -0.000000 0.000000 0.000000 3.141593
 42 3.115504 -0.886041 0.021431 0.523248 0.008991 0.590544
 43 2.011152 -0.000001 -0.000001 -0.000000 0.000000 1.951110
 44 2.141378 -0.000001 0.000002 0.000000 0.000000 3.141593
 45 1.734171 -0.000001 -0.000002 -0.000000 -0.000000 0.976392
 46 0.136314 -3.738189 2.525889 1.493698 2.759406 -1.474501
 47 3.771410 0.416400 1.053533 1.765650 0.074575 0.195753
 48 11.389373 -0.000820 0.158780 1.577391 0.217503 0.134742
 49 0.000004 -4.440600 0.000001 1.570144 -3.078602 0.004040
 50 6.000002 0.000000 0.000000 1.577391 -0.000000 0.000000
 51 -0.000001 -4.440601 -0.000000 1.569944 -3.078603 0.004053
 52 10.510132 0.000001 0.000002 0.000000 -0.000000 -2.126667
 53 0.000001 -1.748401 -5.000000 3.141593 0.004007 -1.539299
 54 5.500000 0.000000 -0.000000 -0.421455 -0.000000 0.000000
 55 0.000000 0.000001 -5.000000 -0.044472 3.137589 -0.000177
 56 6.551492 0.000000 0.000002 0.421455 -0.056475 -0.319030
 57 -1.266843 -1.937444 -4.950563 -0.066572 -2.988806 -0.110308
 58 6.551492 -0.000000 0.000002 0.421455 -0.056475 -0.319030
 59 0.699370 -1.944208 -5.006848 -0.027189 -3.088217 0.005298
 60 4.226146 -0.003201 -0.000000 0.069075 0.042823 -0.079098
 61 -0.000000 5.000000 -0.000000 -0.153564 0.000087 2.718702
 62 0.000004 -0.000005 -3.713580 0.365818 2.880119 -0.191589
 63 0.000003 -0.000000 5.000000 3.053196 1.558589 -0.074928
 64 -0.000007 0.000005 3.713580 -0.001619 -3.122277 -0.475127
 65 0.000001 -0.000000 -5.000000 -0.088725 1.558589 3.066336
 66 7.363602 1.646647 0.495663 3.141593 -1.570796 0.000000
 67 -0.000005 0.000006 3.619081 0.008255 -3.110080 -0.985231
 68 16.573919 0.000001 0.000000 0.000000 0.000000 -1.065827
 69 15.128181 0.000001 -0.000000 -0.102296 0.010178 0.114297
 70 5.758665 4.244731 -0.000000 0.000000 -0.000000 1.667687
 71 3.177726 0.000000 0.000000 0.000000 0.000000 3.141593
 72 15.708952 0.000001 0.000000 -0.051525 0.003996 0.061523
 73 0.275148 0.189215 -3.445208 3.130898 0.000409 -1.514604
 74 17.210192 0.000001 0.000000 0.000000 0.000000 -1.893339
 75 -0.000000 0.000000 -4.999999 -0.079430 1.546568 -1.570855
 76 0.000002 -0.000003 -3.619081 0.577895 2.675801 -0.242118
 77 16.573923 -0.000000 -0.000001 0.000000 -0.000000 -1.163030
 78 15.128182 -0.000000 0.000002 0.089479 0.309197 0.659208
 79 5.758665 4.244730 0.000000 -0.000000 0.000000 1.815142
 80 4.003934 -0.000000 0.000000 0.000000 0.000000 0.000000
 81 15.708954 0.000000 0.000002 0.042277 0.226871 0.443133
 82 0.273998 0.191089 3.439762 -3.130907 -0.000437 -1.508107
 83 17.210196 -0.000001 -0.000002 0.000000 -0.000000 -1.937080
 84 0.000001 -0.000001 5.000000 -0.079314 1.595025 -1.570739
time 5
  0 -0.650000 0.000000 33.899605 -0.025849 0.174554 -1.569172
  1 5.685105 0.833237 -32.227173 -0.174512 -0.026131 1.569196
  2 -2.276935 0.000003 -1.238188 -1.570795 -1.570451 0.000000
  3 1.796939 0.711815 0.000286 -0.088164 0.066330 -0.068622
  4 4.118785 -0.003262 0.000288 -0.088094 -0.016536 0.057988
  5 4.118783 -0.003261 0.000289 -0.088136 -0.030905 0.059298
  6 4.118370 -0.003271 -0.000090 0.027296 -0.014513 -0.073030
  7 4.118095 -0.003470 -0.000471 0.134000 0.083928 -0.133394
  8 4.443602 -0.000000 0.000000 0.107373 -0.019964 -0.325141
  9 9.024059 -0.000001 0.000000 0.000000 0.000000 0.000000
 10 -0.145249 0.234210 1.711144 1.732084 -0.983005 1.478223
 11 6.384777 -0.000001 0.000002 -1.508694 -0.321575 -0.680546
 12 10.242682 -0.000000 -0.000000 0.000000 0.000000 -1.411689
 13 11.375566 0.000001 0.000000 -1.485458 -0.168253 0.820727
 14 0.728681 0.023431 -1.008291 1.627471 0.842372 0.191441
 15 2.136495 -0.000001 -0.000001 -0.000000 0.000000 0.898844
 16 2.313139 -0.000000 -0.000000 0.000000 0.000000 0.000000
 17 3.115509 -0.886041 -0.021432 -0.523248 -0.008990 0.590544
 18 2.011155 -0.000001 -0.000002 0.000000 0.000000 1.951110
 19 2.141378 0.000002 -0.000002 0.000000 0.000000 0.000000
 20 1.734172 0.000001 0.000004 -0.000000 0.000000 0.976392
 21 0.000005 -4.440592 0.000001 1.570544 -0.062990 -0.195737
 22 4.112854 -0.572203 -1.309456 -1.644301 0.094718 0.119721
 23 6.000000 0.000001 -0.000001 -1.494580 0.000000 -0.000000
 24 0.000002 -4.440601 -0.000000 1.569944 -0.062987 0.004053
 25 11.375565 0.000002 0.000003 -1.512150 -0.076044 0.407364
 26 -0.000000 -4.440604 -0.000000 1.570144 -0.062988 0.004040
 27 10.510131 -0.000002 -0.000000 -0.000000 -0.000000 -2.276641
 28 0.000002 -1.748400 4.999999 -0.000000 0.004007 1.602291
 29 5.500000 -0.000000 -0.000000 0.564482 -0.000000 0.000000
 30 -0.000002 -1.940598 5.000002 -0.044472 0.004003 -0.000180
 31 6.551492 -0.000001 0.000000 -1.097332 -0.123103 -0.603339
 32 0.000000 -1.940596 5.000002 -0.027189 -0.053376 0.005295
 33 6.551492 -0.000001 0.000000 -0.448271 0.038740 -0.254569
 34 -0.000000 -1.940599 4.999998 -0.066572 -0.152786 -0.110311
 35 0.145256 -0.227133 -1.711144 -2.263300 1.201871 1.005508
 36 6.384777 -0.000000 -0.000000 1.406973 0.351665 -1.149895
 37 10.242682 -0.000003 0.000000 -0.000000 -0.000000 -1.095896
 38 11.375557 0.000000 0.000000 1.617327 0.402939 0.289800
 39 0.728684 0.023431 1.008292 -1.627471 -0.842372 0.191441
 40 2.136490 -0.000002 0.000001 0.000000 -0.000000 0.898844
 41 2.313138 -0.000001 -0.000000 0.000000 0.000000 3.141593
 42 3.115509 -0.886040 0.021429 0.523248 0.008991 0.590544
 43 2.011148 0.000000 -0.000003 -0.000000 0.000000 1.951110
 44 2.141378 -0.000000 0.000001 0.000000 0.000000 3.141593
 45 1.734172 -0.000001 0.000002 -0.000000 0.000000 0.976392
 46 0.136316 -3.738195 2.525893 1.493698 2.759406 -1.474501
 47 3.771415 0.416401 1.053532 1.765650 0.074575 0.195753
 48 11.389367 -0.000819 0.158781 1.580517 0.215494 0.153617
 49 -0.000004 -4.440599 -0.000000 1.570144 -3.078602 0.004040
 50 6.000000 -0.000000 -0.000000 1.580517 0.000000 -0.000000
 51 0.000001 -4.440600 0.000001 1.569944 -3.078603 0.004053
 52 10.510131 -0.000002 0.000001 0.000000 -0.000000 -2.118744
 53 -0.000000 -1.748400 -5.000000 3.141593 0.004007 -1.539299
 54 5.499999 -0.000001 -0.000000 -0.425273 0.000000 -0.000000
 55 0.000000 0.000001 -4.999998 -0.044472 3.137589 -0.000177
 56 6.551492 0.000000 0.000000 0.425273 -0.053738 -0.314414
 57 -1.266843 -1.937443 -4.950561 -0.066572 -2.988806 -0.110308
 58 6.551492 -0.000000 0.000000 0.425273 -0.053738 -0.314414
 59 0.699370 -1.944208 -5.006847 -0.027189 -3.088217 0.005298
 60 4.226147 -0.003202 -0.000000 0.069075 0.042823 -0.079098
 61 -0.000002 5.000002 0.000000 -0.153564 0.000087 2.718702
 62 0.000004 -0.000005 -3.713580 0.365818 2.880119 -0.191589
 63 0.000003 -0.000000 5.000000 3.053196 1.558589 -0.074928
 64 -0.000007 0.000005 3.713580 -0.001619 -3.122277 -0.475127
 65 0.000001 -0.000000 -5.000000 -0.088725 1.558589 3.066336
 66 7.363602 1.646647 0.495663 3.141593 -1.570796 0.000000
 67 -0.000005 0.000006 3.619081 0.008255 -3.110080 -0.985231
 68 16.573919 0.000001 0.000000 0.000000 0.000000 -1.065827
 69 15.128181 0.000001 -0.000000 -0.102296 0.010178 0.114297
 70 5.758665 4.244731 -0.000000 0.000000 -0.000000 1.667687
 71 3.177726 0.000000 0.000000 0.000000 0.000000 3.141593
 72 15.708952 0.000001 0.000000 -0.051525 0.003996 0.061523
 73 0.275148 0.189215 -3.445208 3.130898 0.000409 -1.514604
 74 17.210192 0.000001 0.000000 0.000000 0.000000 -1.893339
 75 -0.000000 0.000000 -4.999999 -0.079430 1.546568 -1.570855
 76 0.000002 -0.000003 -3.619081 0.577895 2.675801 -0.242118
 77 16.573923 -0.000000 -0.000001 0.000000 -0.000000 -1.163030
 78 15.128182 -0.000000 0.000002 0.089479 0.309197 0.659208
 79 5.758665 4.244730 0.000000 -0.000000 0.000000 1.815142
 80 4.003934 -0.000000 0.000000 0.000000 0.000000 0.000000
 81 15.708954 0.000000 0.000002 0.042277 0.226871 0.443133
 82 0.273998 0.191089 3.439762 -3.130907 -0.000437 -1.508107
 83 17.210196 -0.000001 -0.000002 0.000000 -0.000000 -1.937080
 84 0.000001 -0.000001 5.000000 -0.079314 1.595025 -1.570739
time 6
  0 -0.650000 0.000000 33.899605 -0.025849 0.174554 -1.569172
  1 5.685105 0.833237 -32.227173 -0.174512 -0.026131 1.569196
  2 -2.276935 0.000003 -1.238188 -1.570795 -1.570451 0.000000
  3 1.796950 0.711813 0.000276 -0.085073 0.067432 -0.065262
  4 4.118788 -0.003262 0.000278 -0.084995 -0.016834 0.058754
  5 4.118787 -0.003262 0.000278 -0.085037 -0.031329 0.060031
  6 4.118371 -0.003270 -0.000100 0.030390 -0.014498 -0.072275
  7 4.118096 -0.003470 -0.000471 0.134000 0.083928 -0.133394
  8 4.443601 -0.000000 0.000000 0.097271 -0.023599 -0.354116
  9 9.024060 -0.000002 0.000000 0.000000 0.000000 0.000000
 10 -0.145248 0.234210 1.711144 1.732084 -0.983005 1.478223
 11 6.384777 -0.000000 -0.000001 -1.510351 -0.312248 -0.691988
 12 10.242682 0.000001 -0.000000 -0.000000 -0.000000 -1.443097
 13 11.375560 -0.000000 0.000000 -1.486078 -0.170435 0.818771
 14 0.728682 0.023431 -1.008292 1.627471 0.842372 0.191441
 15 2.136494 -0.000002 -0.000001 0.000000 -0.000000 0.898844
 16 2.313139 0.000002 -0.000001 0.000000 0.000000 0.000000
 17 3.115505 -0.886041 -0.021429 -0.523248 -0.008990 0.590544
 18 2.011151 0.000001 0.000001 0.000000 0.000000 1.951110
 19 2.141380 -0.000000 0.000001 0.000000 0.000000 0.000000
 20 1.734177 0.000001 -0.000004 -0.000000 0.000000 0.976392
 21 0.000006 -4.440594 -0.000002 1.570544 -0.062990 -0.195737
 22 4.112854 -0.572204 -1.309457 -1.644301 0.094718 0.119721
 23 5.999999 -0.000001 0.000000 -1.495005 0.000000 -0.000000
 24 0.000001 -4.440600 -0.000000 1.569944 -0.062987 0.004053
 25 11.375559 -0.000000 0.000003 -1.512325 -0.077279 0.406479
 26 -0.000002 -4.440603 -0.000000 1.570144 -0.062988 0.004040
 27 10.510131 0.000001 -0.000001 0.000000 0.000000 -2.292345
 28 -0.000000 -1.748401 4.999999 -0.000000 0.004007 1.602290
 29 5.500000 0.000000 -0.000000 0.565053 0.000000 -0.000000
 30 -0.000001 -1.940599 5.000002 -0.044472 0.004003 -0.000180
 31 6.551491 -0.000000 -0.000000 -1.099504 -0.114880 -0.605735
 32 -0.000000 -1.940598 5.000001 -0.027189 -0.053376 0.005295
 33 6.551491 -0.000000 -0.000000 -0.448581 0.042517 -0.254350
 34 -0.000000 -1.940599 4.999998 -0.066572 -0.152786 -0.110311
 35 0.145256 -0.227133 -1.711144 -2.263327 1.188121 1.003508
 36 6.384777 0.000000 -0.000001 1.416442 0.364160 -1.123489
 37 10.242682 0.000001 -0.000000 0.000000 -0.000000 -1.078653
 38 11.375561 -0.000001 -0.000002 1.624490 0.398938 0.321155
 39 0.728679 0.023431 1.008291 -1.627471 -0.842372 0.191441
 40 2.136496 0.000002 0.000000 0.000000 -0.000000 0.898844
 41 2.313143 0.000001 0.000000 0.000000 0.000000 3.141593
 42 3.115506 -0.886040 0.021429 0.523248 0.008991 0.590544
 43 2.011145 0.000002 -0.000003 0.000000 0.000000 1.951110
 44 2.141377 -0.000002 0.000002 0.000000 0.000000 3.141593
 45 1.734173 -0.000001 0.000001 0.000000 -0.000000 0.976392
 46 0.136314 -3.738189 2.525890 1.493698 2.759406 -1.474501
 47 3.771408 0.416401 1.053529 1.765650 0.074575 0.195753
 48 11.389365 -0.000819 0.158782 1.582744 0.213377 0.169307
 49 0.000005 -4.440599 0.000001 1.570144 -3.078602 0.004040
 50 6.000001 -0.000000 -0.000001 1.582744 0.000000 -0.000000
 51 0.000001 -4.440601 0.000000 1.569944 -3.078603 0.004053
 52 10.510131 0.000001 0.000000 0.000000 0.000000 -2.110123
 53 -0.000000 -1.748401 -5.000001 3.141593 0.004007 -1.539299
 54 5.500000 0.000001 -0.000001 -0.428159 0.000000 -0.000000
 55 0.000000 -0.000001 -5.000001 -0.044472 3.137589 -0.000177
 56 6.551490 -0.000000 0.000002 0.428159 -0.050323 -0.311152
 57 -1.266844 -1.937444 -4.950561 -0.066572 -2.988806 -0.110308
 58 6.551491 -0.000000 0.000002 0.428159 -0.050323 -0.311152
 59 0.699370 -1.944209 -5.006848 -0.027189 -3.088217 0.005298
 60 4.226148 -0.003201 0.000000 0.069075 0.042823 -0.079098
 61 0.000002 5.000001 -0.000000 -0.153564 0.000087 2.718702
 62 0.000004 -0.000005 -3.713580 0.365818 2.880119 -0.191589
 63 0.000003 -0.000000 5.000000 3.053196 1.558589 -0.074928
 64 -0.000007 0.000005 3.713580 -0.001619 -3.122277 -0.475127
 65 0.000001 -0.000000 -5.000000 -0.088725 1.558589 3.066336
 66 7.363602 1.646647 0.495663 3.141593 -1.570796 0.000000
 67 -0.000005 0.000006 3.619081 0.008255 -3.110080 -0.985231
 68 16.573919 0.000001 0.000000 0.000000 0.000000 -1.065827
 69 15.128181 0.000001 -0.000000 -0.102296 0.010178 0.114297
 70 5.758665 4.244731 -0.000000 0.000000 -0.000000 1.667687
 71 3.177726 0.000000 0.000000 0.000000 0.000000 3.141593
 72 15.708952 0.000001 0.000000 -0.051525 0.003996 0.061523
 73 0.275148 0.189215 -3.445208 3.130898 0.000409 -1.514604
 74 17.210192 0.000001 0.000000 0.000000 0.000000 -1.893339
 75 -0.000000 0.000000 -4.999999 -0.079430 1.546568 -1.570855
 76 0.000002 -0.000003 -3.619081 0.577895 2.675801 -0.242118
 77 16.573923 -0.000000 -0.000001 0.000000 -0.000000 -1.163030
 78 15.128182 -0.000000 0.000002 0.089479 0.309197 0.659208
 79 5.758665 4.244730 0.000000 -0.000000 0.000000 1.815142
 80 4.003934 -0.000000 0.000000 0.000000 0.000000 0.000000
 81 15.708954 0.000000 0.000002 0.042277 0.226871 0.443133
 82 0.273998 0.191089 3.439762 -3.130907 -0.000437 -1.508107
 83 17.210196 -0.000001 -0.000002 0.000000 -0.000000 -1.937080
 84 0.000001 -0.000001 5.000000 -0.079314 1.595025 -1.570739
time 7
  0 -0.650000 0.000000 33.899605 -0.025849 0.174554 -1.569172
  1 5.685105 0.833237 -32.227173 -0.174512 -0.026131 1.569196
  2 -2.276935 0.000003 -1.238188 -1.570795 -1.570451 0.000000
  3 1.796957 0.711812 0.000266 -0.082092 0.068176 -0.062334
  4 4.118790 -0.003263 0.000269 -0.082009 -0.017045 0.059402
  5 4.118793 -0.003263 0.000269 -0.082051 -0.031606 0.060641
  6 4.118368 -0.003269 -0.000109 0.033372 -0.014398 -0.071628
  7 4.118100 -0.003470 -0.000471 0.134000 0.083928 -0.133394
  8 4.443600 -0.000000 0.000000 0.087151 -0.029574 -0.359045
  9 9.024059 -0.000000 0.000000 0.000000 0.000000 0.000000
 10 -0.145253 0.234210 1.711144 1.732084 -0.983005 1.478223
 11 6.384777 -0.000001 0.000004 -1.510707 -0.302951 -0.704062
 12 10.242684 -0.000001 -0.000000 0.000000 0.000000 -1.466877
 13 11.375561 0.000002 -0.000000 -1.486499 -0.173000 0.816090
 14 0.728678 0.023431 -1.008291 1.627471 0.842372 0.191441
 15 2.136497 -0.000001 -0.000000 0.000000 -0.000000 0.898844
 16 2.313142 -0.000001 -0.000000 0.000000 0.000000 0.000000
 17 3.115505 -0.886041 -0.021429 -0.523248 -0.008991 0.590544
 18 2.011156 -0.000001 -0.000006 0.000000 -0.000000 1.951110
 19 2.141382 0.000002 0.000003 0.000000 0.000000 0.000000
 20 1.734173 0.000002 -0.000002 0.000000 0.000000 0.976392
 21 0.000006 -4.440590 0.000002 1.570544 -0.062990 -0.195737
 22 4.112853 -0.572203 -1.309456 -1.644301 0.094718 0.119721
 23 5.999998 -0.000000 -0.000001 -1.495277 0.000000 0.000000
 24 0.000000 -4.440601 -0.000001 1.569944 -0.062987 0.004053
 25 11.375561 0.000001 0.000002 -1.512384 -0.078702 0.405280
 26 0.000005 -4.440604 -0.000001 1.570144 -0.062988 0.004040
 27 10.510133 0.000002 -0.000001 -0.000000 0.000000 -2.304235
 28 0.000001 -1.748399 5.000000 -0.000000 0.004007 1.602291
 29 5.500001 0.000001 -0.000000 0.565252 -0.000000 -0.000000
 30 -0.000002 -1.940598 4.999999 -0.044472 0.004003 -0.000180
 31 6.551491 -0.000001 0.000002 -1.100717 -0.106637 -0.608227
 32 0.000000 -1.940600 5.000001 -0.027189 -0.053376 0.005295
 33 6.551491 -0.000001 0.000002 -0.448639 0.046211 -0.254239
 34 0.000000 -1.940600 4.999998 -0.066572 -0.152786 -0.110311
 35 0.145256 -0.227133 -1.711144 -2.263231 1.175511 1.001704
 36 6.384777 -0.000001 -0.000001 1.425059 0.374737 -1.098478
 37 10.242683 0.000001 0.000001 0.000000 -0.000000 -1.062280
 38 11.375560 0.000000 -0.000000 1.630840 0.394754 0.349375
 39 0.728681 0.023431 1.008292 -1.627471 -0.842372 0.191441
 40 2.136500 0.000001 -0.000001 0.000000 -0.000000 0.898845
 41 2.313133 0.000002 0.000001 0.000000 0.000000 3.141593
 42 3.115508 -0.886041 0.021431 0.523248 0.008991 0.590544
 43 2.011147 0.000002 -0.000005 -0.000000 0.000000 1.951110
 44 2.141378 -0.000003 0.000002 0.000000 0.000000 3.141593
 45 1.734173 -0.000001 -0.000001 0.000000 0.000000 0.976392
 46 0.136315 -3.738191 2.525889 1.493698 2.759406 -1.474501
 47 3.771411 0.416400 1.053532 1.765649 0.074575 0.195753
 48 11.389367 -0.000819 0.158781 1.584749 0.211204 0.183277
 49 -0.000005 -4.440599 -0.000000 1.570144 -3.078602 0.004040
 50 6.000001 -0.000000 -0.000002 1.584749 0.000000 -0.000000
 51 0.000002 -4.440603 0.000000 1.569944 -3.078603 0.004053
 52 10.510132 0.000001 0.000001 0.000000 -0.000000 -2.101937
 53 0.000001 -1.748399 -5.000002 3.141593 0.004007 -1.539299
 54 5.500000 -0.000000 -0.000000 -0.430605 -0.000000 0.000000
 55 0.000001 -0.000001 -5.000002 -0.044472 3.137590 -0.000177
 56 6.551490 -0.000001 0.000001 0.430606 -0.047302 -0.308208
 57 -1.266844 -1.937443 -4.950561 -0.066572 -2.988806 -0.110308
 58 6.551491 -0.000001 -0.000003 0.430606 -0.047302 -0.308208
 59 0.699371 -1.944208 -5.006849 -0.027189 -3.088217 0.005298
 60 4.226147 -0.003201 0.000000 0.069075 0.042823 -0.079098
 61 -0.000000 5.000001 0.000000 -0.153564 0.000087 2.718702
 62 0.000004 -0.000005 -3.713580 0.365818 2.880119 -0.191589
 63 0.000003 -0.000000 5.000000 3.053196 1.558589 -0.074928
 64 -0.000007 0.000005 3.713580 -0.001619 -3.122277 -0.475127
 65 0.000001 -0.000000 -5.000000 -0.088725 1.558589 3.066336
 66 7.363602 1.646647 0.495663 3.141593 -1.570796 0.000000
 67 -0.000005 0.000006 3.619081 0.008255 -3.110080 -0.985231
 68 16.573919 0.000001 0.000000 0.000000 0.000000 -1.065827
 69 15.128181 0.000001 -0.000000 -0.102296 0.010178 0.114297
 70 5.758665 4.244731 -0.000000 0.000000 -0.000000 1.667687
 71 3.177726 0.000000 0.000000 0.000000 0.000000 3.141593
 72 15.708952 0.000001 0.000000 -0.051525 0.003996 0.061523
 73 0.275148 0.189215 -3.445208 3.130898 0.000409 -1.514604
 74 17.210192 0.000001 0.000000 0.000000 0.000000 -1.893339
 75 -0.000000 0.000000 -4.999999 -0.079430 1.546568 -1.570855
 76 0.000002 -0.000003 -3.619081 0.577895 2.675801 -0.242118
 77 16.573923 -0.000000 -0.000001 0.000000 -0.000000 -1.163030
 78 15.128182 -0.000000 0.000002 0.089479 0.309197 0.659208
 79 5.758665 4.244730 0.000000 -0.000000 0.000000 1.815142
 80 4.003934 -0.000000 0.000000 0.000000 0.000000 0.000000
 81 15.708954 0.000000 0.000002 0.042277 0.226871 0.443133
 82 0.273998 0.191089 3.439762 -3.130907 -0.000437 -1.508107
 83 17.210196 -0.000001 -0.000002 0.000000 -0.000000 -1.937080
 84 0.000001 -0.000001 5.000000 -0.079314 1.595025 -1.570739
time 8
  0 -0.650000 0.000000 33.899605 -0.025849 0.174554 -1.569172
  1 5.685105 0.833237 -32.227173 -0.174512 -0.026131 1.569196
  2 -2.276935 0.000003 -1.238188 -1.570795 -1.570451 0.000000
  3 1.796961 0.711811 0.000258 -0.079448 0.068390 -0.060188
  4 4.118797 -0.003264 0.000260 -0.079359 -0.017123 0.059846
  5 4.118789 -0.003263 0.000260 -0.079401 -0.031662 0.061045
  6 4.118372 -0.003269 -0.000118 0.036017 -0.014186 -0.071171
  7 4.118100 -0.003470 -0.000471 0.134000 0.083928 -0.133394
  8 4.443601 -0.000000 0.000000 0.078189 -0.034907 -0.362466
  9 9.024060 -0.000001 0.000000 0.000000 0.000000 0.000000
 10 -0.145251 0.234210 1.711144 1.732084 -0.983005 1.478223
 11 6.384777 -0.000001 -0.000001 -1.509900 -0.296841 -0.715772
 12 10.242682 0.000001 0.000000 -0.000000 -0.000000 -1.477889
 13 11.375565 0.000002 0.000001 -1.486758 -0.175818 0.813141
 14 0.728681 0.023431 -1.008293 1.627471 0.842372 0.191441
 15 2.136494 -0.000001 0.000000 -0.000000 -0.000000 0.898844
 16 2.313138 0.000001 -0.000000 0.000000 0.000000 0.000000
 17 3.115507 -0.886041 -0.021433 -0.523248 -0.008991 0.590544
 18 2.011153 -0.000002 0.000002 0.000000 0.000000 1.951110
 19 2.141382 0.000001 0.000003 0.000000 0.000000 0.000000
 20 1.734173 -0.000000 -0.000001 0.000000 0.000000 0.976392
 21 0.000007 -4.440597 -0.000003 1.570544 -0.062990 -0.195737
 22 4.112850 -0.572203 -1.309455 -1.644301 0.094718 0.119721
 23 6.000001 0.000000 0.000000 -1.495416 0.000000 0.000000
 24 0.000002 -4.440601 0.000000 1.569944 -0.062987 0.004053
 25 11.375565 0.000001 0.000003 -1.512348 -0.080242 0.403965
 26 0.000003 -4.440604 -0.000001 1.570144 -0.062988 0.004040
 27 10.510131 0.000000 0.000000 -0.000000 0.000000 -2.309741
 28 -0.000000 -1.748400 4.999998 0.000000 0.004007 1.602291
 29 5.500000 -0.000001 0.000001 0.565154 0.000000 -0.000000
 30 -0.000001 -1.940600 5.000004 -0.044472 0.004003 -0.000180
 31 6.551491 0.000000 0.000002 -1.101124 -0.100928 -0.611010
 32 0.000000 -1.940600 5.000002 -0.027189 -0.053376 0.005295
 33 6.551491 0.000000 0.000002 -0.448478 0.048874 -0.254556
 34 -0.000000 -1.940600 4.999997 -0.066572 -0.152786 -0.110311
 35 0.145257 -0.227133 -1.711144 -2.263103 1.166973 1.000495
 36 6.384777 -0.000001 0.000002 1.430718 0.386501 -1.079369
 37 10.242683 0.000000 0.000001 -0.000000 0.000000 -1.040702
 38 11.375563 -0.000001 0.000000 1.635122 0.391066 0.370031
 39 0.728684 0.023431 1.008292 -1.627471 -0.842372 0.191441
 40 2.136496 -0.000001 -0.000001 0.000000 -0.000000 0.898844
 41 2.313139 0.000000 0.000000 0.000000 0.000000 3.141593
 42 3.115511 -0.886041 0.021433 0.523248 0.008991 0.590544
 43 2.011147 0.000002 -0.000003 -0.000000 0.000000 1.951110
 44 2.141378 0.000000 0.000002 0.000000 0.000000 3.141593
 45 1.734171 0.000000 -0.000001 -0.000000 -0.000000 0.976392
 46 0.136315 -3.738193 2.525893 1.493698 2.759406 -1.474501
 47 3.771411 0.416400 1.053531 1.765650 0.074575 0.195753
 48 11.389369 -0.000820 0.158781 1.586086 0.209308 0.193440
 49 -0.000001 -4.440600 0.000000 1.570144 -3.078602 0.004040
 50 6.000003 -0.000000 -0.000000 1.586086 0.000000 -0.000000
 51 0.000001 -4.440601 0.000000 1.569944 -3.078603 0.004053
 52 10.510133 0.000002 0.000001 0.000000 -0.000000 -2.091147
 53 0.000001 -1.748398 -5.000002 -3.141593 0.004007 -1.539299
 54 5.500000 0.000001 0.000001 -0.432236 -0.000000 0.000000
 55 0.000000 -0.000000 -4.999999 -0.044472 3.137589 -0.000177
 56 6.551491 -0.000000 0.000002 0.432236 -0.043927 -0.306540
 57 -1.266843 -1.937444 -4.950561 -0.066572 -2.988806 -0.110308
 58 6.551491 -0.000001 0.000002 0.432236 -0.043927 -0.306540
 59 0.699371 -1.944208 -5.006848 -0.027189 -3.088217 0.005298
 60 4.226148 -0.003201 -0.000000 0.069075 0.042823 -0.079098
 61 -0.000001 5.000001 0.000000 -0.153564 0.000087 2.718702
 62 0.000004 -0.000005 -3.713580 0.365818 2.880119 -0.191589
 63 0.000003 -0.000000 5.000000 3.053196 1.558589 -0.074928
 64 -0.000007 0.000005 3.713580 -0.001619 -3.122277 -0.475127
 65 0.000001 -0.000000 -5.000000 -0.088725 1.558589 3.066336
 66 7.363602 1.646647 0.495663 3.141593 -1.570796 0.000000
 67 -0.000005 0.000006 3.619081 0.008255 -3.110080 -0.985231
 68 16.573919 0.000001 0.000000 0.000000 0.000000 -1.065827
 69 15.128181 0.000001 -0.000000 -0.102296 0.010178 0.114297
 70 5.758665 4.244731 -0.000000 0.000000 -0.000000 1.667687
 71 3.177726 0.000000 0.000000 0.000000 0.000000 3.141593
 72 15.708952 0.000001 0.000000 -0.051525 0.003996 0.061523
 73 0.275148 0.189215 -3.445208 3.130898 0.000409 -1.514604
 74 17.210192 0.000001 0.000000 0.000000 0.000000 -1.893339
 75 -0.000000 0.000000 -4.999999 -0.079430 1.546568 -1.570855
 76 0.000002 -0.000003 -3.619081 0.577895 2.675801 -0.242118
 77 16.573923 -0.000000 -0.000001 0.000000 -0.000000 -1.163030
 78 15.128182 -0.000000 0.000002 0.089479 0.309197 0.659208
 79 5.758665 4.244730 0.000000 -0.000000 0.000000 1.815142
 80 4.003934 -0.000000 0.000000 0.000000 0.000000 0.000000
 81 15.708954 0.000000 0.000002 0.042277 0.226871 0.443133
 82 0.273998 0.191089 3.439762 -3.130907 -0.000437 -1.508107
 83 17.210196 -0.000001 -0.000002 0.000000 -0.000000 -1.937080
 84 0.000001 -0.000001 5.000000 -0.079314 1.595025 -1.570739
time 9
  0 -0.650000 0.000000 33.899605 -0.025849 0.174554 -1.569172
  1 5.685105 0.833237 -32.227173 -0.174512 -0.026131 1.569196
  2 -2.276935 0.000003 -1.238188 -1.570795 -1.570451 0.000000
  3 1.796964 0.711811 0.000251 -0.077367 0.067900 -0.059168
  4 4.118798 -0.003265 0.000253 -0.077271 -0.017019 0.060002
  5 4.118792 -0.003264 0.000253 -0.077311 -0.031421 0.061161
  6 4.118374 -0.003269 -0.000125 0.038103 -0.013832 -0.070983
  7 4.118101 -0.003470 -0.000471 0.134000 0.083928 -0.133394
  8 4.443597 0.000000 0.000000 0.071120 -0.039097 -0.363795
  9 9.024062 -0.000001 0.000000 0.000000 0.000000 0.000000
 10 -0.145254 0.234210 1.711144 1.732084 -0.983005 1.478223
 11 6.384776 -0.000001 0.000000 -1.507543 -0.283997 -0.726058
 12 10.242682 0.000002 -0.000000 0.000000 0.000000 -1.492519
 13 11.375566 0.000001 0.000001 -1.486914 -0.178826 0.808870
 14 0.728682 0.023431 -1.008292 1.627471 0.842372 0.191441
 15 2.136498 0.000001 0.000000 0.000000 -0.000000 0.898844
 16 2.313135 0.000002 -0.000000 0.000000 0.000000 0.000000
 17 3.115508 -0.886041 -0.021432 -0.523248 -0.008991 0.590544
 18 2.011153 -0.000001 0.000002 0.000000 -0.000000 1.951110
 19 2.141383 0.000004 0.000001 0.000000 0.000000 0.000000
 20 1.734176 0.000000 -0.000001 0.000000 0.000000 0.976392
 21 0.000006 -4.440596 -0.000002 1.570544 -0.062990 -0.195737
 22 4.112854 -0.572203 -1.309455 -1.644301 0.094718 0.119721
 23 6.000000 -0.000000 0.000000 -1.495509 0.000000 0.000000
 24 0.000002 -4.440602 0.000000 1.569944 -0.062987 0.004053
 25 11.375565 0.000001 0.000004 -1.512282 -0.081896 0.402081
 26 -0.000005 -4.440604 0.000000 1.570144 -0.062988 0.004040
 27 10.510132 0.000000 -0.000000 -0.000000 -0.000000 -2.317056
 28 0.000001 -1.748400 5.000000 -0.000000 0.004007 1.602290
 29 5.500000 -0.000000 0.000000 0.564424 0.000000 -0.000000
 30 -0.000000 -1.940600 5.000001 -0.044472 0.004003 -0.000180
 31 6.551491 -0.000001 0.000002 -1.099731 -0.090210 -0.612135
 32 0.000000 -1.940599 5.000002 -0.027189 -0.053376 0.005295
 33 6.551491 -0.000001 0.000002 -0.447979 0.053071 -0.253959
 34 0.000000 -1.940600 4.999999 -0.066572 -0.152786 -0.110311
 35 0.145250 -0.227133 -1.711144 -2.263074 1.165402 1.000274
 36 6.384777 0.000000 -0.000003 1.431829 0.396117 -1.069652
 37 10.242683 -0.000000 0.000001 -0.000000 0.000000 -1.022731
 38 11.375559 -0.000000 0.000001 1.636119 0.388715 0.378796
 39 0.728677 0.023431 1.008293 -1.627471 -0.842372 0.191441
 40 2.136503 0.000000 -0.000001 -0.000000 -0.000000 0.898844
 41 2.313135 0.000004 0.000001 0.000000 0.000000 3.141593
 42 3.115505 -0.886040 0.021432 0.523248 0.008991 0.590544
 43 2.011152 -0.000000 0.000001 -0.000000 0.000000 1.951110
 44 2.141381 0.000001 -0.000001 0.000000 0.000000 3.141593
 45 1.734172 -0.000000 0.000001 0.000000 0.000000 0.976392
 46 0.136315 -3.738191 2.525891 1.493698 2.759406 -1.474501
 47 3.771407 0.416400 1.053533 1.765650 0.074575 0.195753
 48 11.389367 -0.000820 0.158782 1.586304 0.208085 0.197801
 49 0.000000 -4.440599 0.000002 1.570144 -3.078602 0.004040
 50 5.999999 -0.000000 0.000001 1.586304 0.000000 -0.000000
 51 0.000002 -4.440602 0.000001 1.569944 -3.078603 0.004053
 52 10.510131 0.000001 0.000002 0.000000 0.000000 -2.082162
 53 -0.000001 -1.748402 -5.000000 -3.141593 0.004007 -1.539299
 54 5.500000 -0.000000 0.000000 -0.432756 0.000000 -0.000000
 55 0.000000 -0.000001 -5.000001 -0.044472 3.137589 -0.000177
 56 6.551490 0.000000 -0.000002 0.432756 -0.041073 -0.306242
 57 -1.266844 -1.937443 -4.950558 -0.066572 -2.988806 -0.110308
 58 6.551491 0.000001 -0.000002 0.432756 -0.041073 -0.306242
 59 0.699370 -1.944208 -5.006846 -0.027189 -3.088217 0.005298
 60 4.226144 -0.003201 0.000000 0.069075 0.042823 -0.079098
 61 0.000003 5.000001 0.000000 -0.153564 0.000087 2.718702
 62 0.000004 -0.000005 -3.713580 0.365818 2.880119 -0.191589
 63 0.000003 -0.000000 5.000000 3.053196 1.558589 -0.074928
 64 -0.000007 0.000005 3.713580 -0.001619 -3.122277 -0.475127
 65 0.000001 -0.000000 -5.000000 -0.088725 1.558589 3.066336
 66 7.363602 1.646647 0.495663 3.141593 -1.570796 0.000000
 67 -0.000005 0.000006 3.619081 0.008255 -3.110080 -0.985231
 68 16.573919 0.000001 0.000000 0.000000 0.000000 -1.065827
 69 15.128181 0.000001 -0.000000 -0.102296 0.010178 0.114297
 70 5.758665 4.244731 -0.000000 0.000000 -0.000000 1.667687
 71 3.177726 0.000000 0.000000 0.000000 0.000000 3.141593
 72 15.708952 0.000001 0.000000 -0.051525 0.003996 0.061523
 73 0.275148 0.189215 -3.445208 3.130898 0.000409 -1.514604
 74 17.210192 0.000001 0.000000 0.000000 0.000000 -1.893339
 75 -0.000000 0.000000 -4.999999 -0.079430 1.546568 -1.570855
 76 0.000002 -0.000003 -3.619081 0.577895 2.675801 -0.242118
 77 16.573923 -0.000000 -0.000001 0.000000 -0.000000 -1.163030
 78 15.128182 -0.000000 0.000002 0.089479 0.309197 0.659208
 79 5.758665 4.244730 0.000000 -0.000000 0.000000 1.815142
 80 4.003934 -0.000000 0.000000 0.000000 0.000000 0.000000
 81 15.708954 0.000000 0.000002 0.042277 0.226871 0.443133
 82 0.273998 0.191089 3.439762 -3.130907 -0.000437 -1.508107
 83 17.210196 -0.000001 -0.000002 0.000000 -0.000000 -1.937080
 84 0.000001 -0.000001 5.000000 -0.079314 1.595025 -1.570739
time 10
  0 -0.650000 0.000000 33.899605 -0.025849 0.174554 -1.569172
  1 5.685105 0.833237 -32.227173 -0.174512 -0.026131 1.569196
  2 -2.276935 0.000003 -1.238188 -1.570795 -1.570451 0.000000
  3 1.796960 0.711811 0.000247 -0.076077 0.066536 -0.059624
  4 4.118797 -0.003265 0.000249 -0.075969 -0.016686 0.059786
  5 4.118790 -0.003264 0.000249 -0.076006 -0.030808 0.060906
  6 4.118371 -0.003269 -0.000129 0.039403 -0.013309 -0.071145
  7 4.118098 -0.003470 -0.000471 0.134000 0.083928 -0.133394
  8 4.443595 -0.000000 -0.000000 0.066672 -0.041642 -0.362450
  9 9.024060 -0.000000 0.000000 0.000000 0.000000 0.000000
 10 -0.145253 0.234210 1.711144 1.732084 -0.983005 1.478223
 11 6.384777 -0.000001 0.000001 -1.502819 -0.278272 -0.735184
 12 10.242682 0.000001 0.000000 0.000000 -0.000000 -1.476687
 13 11.375559 0.000000 0.000000 -1.487028 -0.181838 0.805063
 14 0.728682 0.023431 -1.008293 1.627471 0.842372 0.191441
 15 2.136494 -0.000000 -0.000001 0.000000 -0.000000 0.898844
 16 2.313139 -0.000002 -0.000000 0.000000 0.000000 0.000000
 17 3.115509 -0.886040 -0.021432 -0.523248 -0.008991 0.590544
 18 2.011149 0.000001 0.000003 -0.000000 0.000000 1.951110
 19 2.141381 0.000002 -0.000004 0.000000 0.000000 0.000000
 20 1.734171 0.000002 -0.000000 -0.000000 0.000000 0.976392
 21 0.000005 -4.440590 0.000001 1.570544 -0.062990 -0.195737
 22 4.112853 -0.572203 -1.309455 -1.644301 0.094718 0.119721
 23 5.999997 0.000000 0.000000 -1.495554 -0.000000 0.000000
 24 0.000003 -4.440602 -0.000000 1.569944 -0.062987 0.004053
 25 11.375558 0.000000 0.000003 -1.512183 -0.083538 0.400396
 26 0.000002 -4.440604 -0.000001 1.570144 -0.062988 0.004040
 27 10.510132 0.000001 -0.000000 0.000000 -0.000000 -2.309140
 28 0.000001 -1.748401 5.000000 -0.000000 0.004007 1.602290
 29 5.500001 0.000002 -0.000000 0.563140 -0.000000 0.000000
 30 -0.000001 -1.940600 5.000000 -0.044472 0.004003 -0.000180
 31 6.551491 0.000000 0.000002 -1.096740 -0.085170 -0.613899
 32 -0.000000 -1.940597 5.000002 -0.027189 -0.053376 0.005295
 33 6.551491 0.000000 0.000002 -0.447074 0.054984 -0.254320
 34 -0.000001 -1.940599 4.999998 -0.066572 -0.152786 -0.110311
 35 0.145253 -0.227133 -1.711144 -2.263132 1.168680 1.000736
 36 6.384777 -0.000000 0.000001 1.429518 0.402813 -1.068632
 37 10.242684 -0.000002 0.000000 0.000000 0.000000 -1.006524
 38 11.375562 0.000001 0.000001 1.634858 0.387834 0.376859
 39 0.728681 0.023430 1.008293 -1.627471 -0.842372 0.191441
 40 2.136494 0.000002 0.000001 -0.000000 -0.000000 0.898844
 41 2.313137 0.000000 -0.000000 0.000000 0.000000 3.141593
 42 3.115510 -0.886041 0.021435 0.523248 0.008991 0.590544
 43 2.011153 -0.000000 0.000003 -0.000000 0.000000 1.951110
 44 2.141380 0.000004 -0.000004 0.000000 0.000000 3.141593
 45 1.734171 -0.000000 0.000000 -0.000000 0.000000 0.976392
 46 0.136317 -3.738194 2.525892 1.493698 2.759406 -1.474501
 47 3.771411 0.416401 1.053532 1.765650 0.074575 0.195753
 48 11.389366 -0.000819 0.158783 1.585830 0.207619 0.196954
 49 0.000000 -4.440600 0.000002 1.570144 -3.078602 0.004040
 50 6.000001 -0.000000 -0.000000 1.585830 0.000000 -0.000000
 51 0.000003 -4.440601 0.000000 1.569944 -3.078603 0.004053
 52 10.510133 -0.000001 0.000001 0.000000 0.000000 -2.074058
 53 0.000001 -1.748399 -5.000000 -3.141593 0.004007 -1.539299
 54 5.500000 0.000001 0.000001 -0.432448 0.000000 0.000000
 55 0.000000 -0.000001 -4.999998 -0.044472 3.137590 -0.000177
 56 6.551490 -0.000001 0.000001 0.432448 -0.039063 -0.306971
 57 -1.266844 -1.937442 -4.950559 -0.066572 -2.988806 -0.110308
 58 6.551490 -0.000001 0.000000 0.432448 -0.039063 -0.306971
 59 0.699371 -1.944207 -5.006845 -0.027189 -3.088217 0.005298
 60 4.226147 -0.003202 -0.000000 0.069075 0.042823 -0.079098
 61 0.000003 5.000001 -0.000000 -0.153564 0.000087 2.718702
 62 0.000004 -0.000005 -3.713580 0.365818 2.880119 -0.191589
 63 0.000003 -0.000000 5.000000 3.053196 1.558589 -0.074928
 64 -0.000007 0.000005 3.713580 -0.001619 -3.122277 -0.475127
 65 0.000001 -0.000000 -5.000000 -0.088725 1.558589 3.066336
 66 7.363602 1.646647 0.495663 3.141593 -1.570796 0.000000
 67 -0.000005 0.000006 3.619081 0.008255 -3.110080 -0.985231
 68 16.573919 0.000001 0.000000 0.000000 0.000000 -1.065827
 69 15.128181 0.000001 -0.000000 -0.102296 0.010178 0.114297
 70 5.758665 4.244731 -0.000000 0.000000 -0.000000 1.667687
 71 3.177726 0.000000 0.000000 0.000000 0.000000 3.141593
 72 15.708952 0.000001 0.000000 -0.051525 0.003996 0.061523
 73 0.275148 0.189215 -3.445208 3.130898 0.000409 -1.514604
 74 17.210192 0.000001 0.000000 0.000000 0.000000 -1.893339
 75 -0.000000 0.000000 -4.999999 -0.079430 1.546568 -1.570855
 76 0.000002 -0.000003 -3.619081 0.577895 2.675801 -0.242118
 77 16.573923 -0.000000 -0.000001 0.000000 -0.000000 -1.163030
 78 15.128182 -0.000000 0.000002 0.089479 0.309197 0.659208
 79 5.758665 4.244730 0.000000 -0.000000 0.000000 1.815142
 80 4.003934 -0.000000 0.000000 0.000000 0.000000 0.000000
 81 15.708954 0.000000 0.000002 0.042277 0.226871 0.443133
 82 0.273998 0.191089 3.439762 -3.130907 -0.000437 -1.508107
 83 17.210196 -0.000001 -0.000002 0.000000 -0.000000 -1.937080
 84 0.000001 -0.000001 5.000000 -0.079314 1.595025 -1.570739
time 11
  0 -0.650000 0.000000 33.899605 -0.025849 0.174554 -1.569172
  1 5.685105 0.833237 -32.227173 -0.174512 -0.026131 1.569196
  2 -2.276935 0.000003 -1.238188 -1.570795 -1.570451 0.000000
  3 1.796956 0.711811 0.000245 -0.075760 0.064807 -0.061169
  4 4.118792 -0.003265 0.000248 -0.075644 -0.016250 0.059321
  5 4.118793 -0.003265 0.000248 -0.075678 -0.030048 0.060412
  6 4.118370 -0.003268 -0.000130 0.039728 -0.012780 -0.071553
  7 4.118097 -0.003470 -0.000471 0.134000 0.083928 -0.133394
  8 4.443600 -0.000000 0.000000 0.065498 -0.042180 -0.359276
  9 9.024063 -0.000000 0.000000 0.000000 0.000000 0.000000
 10 -0.145253 0.234210 1.711144 1.732084 -0.983005 1.478223
 11 6.384777 -0.000000 0.000002 -1.497537 -0.281076 -0.740976
 12 10.242682 0.000001 -0.000000 -0.000000 -0.000000 -1.438882
 13 11.375559 0.000000 0.000000 -1.487333 -0.183892 0.802650
 14 0.728680 0.023431 -1.008292 1.627471 0.842372 0.191441
 15 2.136499 0.000001 0.000000 0.000000 0.000000 0.898844
 16 2.313138 -0.000002 0.000001 0.000000 0.000000 0.000000
 17 3.115508 -0.886041 -0.021432 -0.523248 -0.008990 0.590544
 18 2.011149 -0.000000 0.000006 0.000000 0.000000 1.951110
 19 2.141380 -0.000002 -0.000003 0.000000 0.000000 0.000000
 20 1.734171 0.000000 0.000003 -0.000000 -0.000000 0.976392
 21 0.000005 -4.440594 0.000003 1.570544 -0.062990 -0.195737
 22 4.112853 -0.572203 -1.309456 -1.644301 0.094718 0.119721
 23 5.999999 0.000001 -0.000000 -1.495758 0.000000 0.000000
 24 0.000000 -4.440601 0.000001 1.569944 -0.062987 0.004053
 25 11.375559 0.000001 0.000003 -1.512228 -0.084682 0.399320
 26 -0.000004 -4.440604 -0.000000 1.570144 -0.062988 0.004040
 27 10.510130 0.000000 0.000000 0.000000 -0.000000 -2.290237
 28 0.000001 -1.748400 4.999999 -0.000000 0.004007 1.602291
 29 5.500000 0.000001 0.000000 0.561848 -0.000000 -0.000000
 30 -0.000001 -1.940599 5.000002 -0.044472 0.004003 -0.000180
 31 6.551491 -0.000000 -0.000000 -1.093471 -0.086984 -0.615964
 32 0.000000 -1.940596 5.000003 -0.027189 -0.053376 0.005295
 33 6.551491 -0.000000 -0.000000 -0.446142 0.054227 -0.255525
 34 -0.000000 -1.940600 4.999995 -0.066572 -0.152786 -0.110311
 35 0.145257 -0.227133 -1.711144 -2.263221 1.174697 1.001588
 36 6.384776 -0.000000 -0.000001 1.425146 0.407350 -1.074916
 37 10.242682 0.000002 0.000001 0.000000 0.000000 -0.991610
 38 11.375564 0.000001 -0.000001 1.632282 0.388332 0.367078
 39 0.728679 0.023431 1.008292 -1.627471 -0.842372 0.191441
 40 2.136498 0.000001 -0.000000 -0.000000 -0.000000 0.898844
 41 2.313136 0.000002 -0.000000 0.000000 0.000000 3.141593
 42 3.115506 -0.886042 0.021431 0.523248 0.008991 0.590544
 43 2.011149 0.000001 0.000001 -0.000000 -0.000000 1.951110
 44 2.141378 -0.000000 0.000002 0.000000 0.000000 3.141593
 45 1.734170 -0.000000 -0.000002 -0.000000 -0.000000 0.976392
 46 0.136315 -3.738192 2.525889 1.493698 2.759406 -1.474501
 47 3.771411 0.416400 1.053532 1.765650 0.074575 0.195753
 48 11.389366 -0.000819 0.158781 1.584993 0.207875 0.192252
 49 0.000004 -4.440600 0.000002 1.570144 -3.078602 0.004040
 50 6.000001 0.000000 -0.000002 1.584993 0.000000 0.000000
 51 -0.000000 -4.440602 0.000000 1.569944 -3.078603 0.004053
 52 10.510133 0.000001 0.000001 0.000000 -0.000000 -2.066602
 53 0.000001 -1.748402 -5.000001 3.141593 0.004007 -1.539299
 54 5.500000 -0.000001 -0.000000 -0.431595 0.000000 -0.000000
 55 0.000000 -0.000001 -5.000000 -0.044472 3.137590 -0.000177
 56 6.551491 -0.000000 -0.000000 0.431595 -0.037795 -0.308512
 57 -1.266843 -1.937443 -4.950558 -0.066572 -2.988806 -0.110308
 58 6.551491 -0.000000 -0.000000 0.431595 -0.037795 -0.308512
 59 0.699371 -1.944208 -5.006846 -0.027189 -3.088217 0.005298
 60 4.226147 -0.003201 0.000000 0.069075 0.042823 -0.079098
 61 0.000002 5.000001 -0.000000 -0.153564 0.000087 2.718702
 62 0.000004 -0.000005 -3.713580 0.365818 2.880119 -0.191589
 63 0.000003 -0.000000 5.000000 3.053196 1.558589 -0.074928
 64 -0.000007 0.000005 3.713580 -0.001619 -3.122277 -0.475127
 65 0.000001 -0.000000 -5.000000 -0.088725 1.558589 3.066336
 66 7.363602 1.646647 0.495663 3.141593 -1.570796 0.000000
 67 -0.000005 0.000006 3.619081 0.008255 -3.110080 -0.985231
 68 16.573919 0.000001 0.000000 0.000000 0.000000 -1.065827
 69 15.128181 0.000001 -0.000000 -0.102296 0.010178 0.114297
 70 5.758665 4.244731 -0.000000 0.000000 -0.000000 1.667687
 71 3.177726 0.000000 0.000000 0.000000 0.000000 3.141593
 72 15.708952 0.000001 0.000000 -0.051525 0.003996 0.061523
 73 0.275148 0.189215 -3.445208 3.130898 0.000409 -1.514604
 74 17.210192 0.000001 0.000000 0.000000 0.000000 -1.893339
 75 -0.000000 0.000000 -4.999999 -0.079430 1.546568 -1.570855
 76 0.000002 -0.000003 -3.619081 0.577895 2.675801 -0.242118
 77 16.573923 -0.000000 -0.000001 0.000000 -0.000000 -1.163030
 78 15.128182 -0.000000 0.000002 0.089479 0.309197 0.659208
 79 5.758665 4.244730 0.000000 -0.000000 0.000000 1.815142
 80 4.003934 -0.000000 0.000000 0.000000 0.000000 0.000000
 81 15.708954 0.000000 0.000002 0.042277 0.226871 0.443133
 82 0.273998 0.191089 3.439762 -3.130907 -0.000437 -1.508107
 83 17.210196 -0.000001 -0.000002 0.000000 -0.000000 -1.937080
 84 0.000001 -0.000001 5.000000 -0.079314 1.595025 -1.570739
time 12
  0 -0.650000 0.000000 33.899605 -0.025849 0.174554 -1.569172
  1 5.685105 0.833237 -32.227173 -0.174512 -0.026131 1.569196
  2 -2.276935 0.000003 -1.238188 -1.570795 -1.570451 0.000000
  3 1.796960 0.711810 0.000238 -0.073525 0.064313 -0.060243
  4 4.118794 -0.003265 0.000240 -0.073397 -0.016155 0.059451
  5 4.118795 -0.003265 0.000240 -0.073429 -0.029814 0.060500
  6 4.118367 -0.003268 -0.000138 0.041972 -0.012412 -0.071390
  7 4.118094 -0.003470 -0.000471 0.134000 0.083928 -0.133394
  8 4.443599 -0.000000 -0.000000 0.057862 -0.046667 -0.360396
  9 9.024061 -0.000001 0.000000 0.000000 0.000000 0.000000
 10 -0.145251 0.234210 1.711144 1.732084 -0.983005 1.478223
 11 6.384777 0.000001 0.000001 -1.494496 -0.296153 -0.753705
 12 10.242682 -0.000000 0.000000 -0.000000 -0.000000 -1.393372
 13 11.375559 -0.000000 0.000000 -1.488028 -0.186534 0.800720
 14 0.728683 0.023430 -1.008293 1.627471 0.842372 0.191441
 15 2.136492 -0.000001 0.000001 -0.000000 0.000000 0.898844
 16 2.313141 0.000000 0.000001 0.000000 0.000000 0.000000
 17 3.115507 -0.886041 -0.021429 -0.523248 -0.008991 0.590544
 18 2.011148 0.000001 0.000002 -0.000000 0.000000 1.951110
 19 2.141379 -0.000001 -0.000001 0.000000 0.000000 0.000000
 20 1.734172 0.000001 -0.000001 -0.000000 0.000000 0.976392
 21 0.000006 -4.440592 -0.000002 1.570544 -0.062990 -0.195737
 22 4.112857 -0.572204 -1.309458 -1.644301 0.094718 0.119721
 23 6.000001 0.000001 0.000001 -1.496220 -0.000000 0.000000
 24 0.000004 -4.440601 -0.000001 1.569944 -0.062987 0.004053
 25 11.375566 0.000001 0.000005 -1.512406 -0.086161 0.398432
 26 -0.000002 -4.440603 0.000000 1.570144 -0.062988 0.004040
 27 10.510130 0.000002 -0.000000 0.000000 -0.000000 -2.267483
 28 0.000002 -1.748401 4.999999 -0.000000 0.004007 1.602291
 29 5.499999 0.000002 -0.000000 0.561638 -0.000000 -0.000000
 30 -0.000001 -1.940599 5.000002 -0.044472 0.004003 -0.000180
 31 6.551492 0.000001 0.000002 -1.093564 -0.097682 -0.622414
 32 0.000001 -1.940601 5.000004 -0.027189 -0.053376 0.005295
 33 6.551492 0.000001 0.000002 -0.445728 0.050956 -0.258801
 34 -0.000000 -1.940599 4.999997 -0.066572 -0.152786 -0.110311
 35 0.145258 -0.227133 -1.711144 -2.263289 1.181340 1.002535
 36 6.384778 0.000000 -0.000001 1.422164 0.411921 -1.071026
 37 10.242683 0.000001 -0.000000 0.000000 0.000000 -0.994157
 38 11.375563 0.000001 -0.000001 1.629624 0.386960 0.367278
 39 0.728682 0.023430 1.008295 -1.627471 -0.842372 0.191441
 40 2.136497 0.000002 -0.000000 0.000000 -0.000000 0.898844
 41 2.313134 0.000002 0.000001 0.000000 0.000000 3.141593
 42 3.115509 -0.886041 0.021433 0.523248 0.008991 0.590544
 43 2.011150 0.000000 -0.000002 0.000000 0.000000 1.951110
 44 2.141380 0.000001 -0.000002 0.000000 0.000000 3.141593
 45 1.734172 -0.000001 -0.000000 0.000000 -0.000000 0.976392
 46 0.136315 -3.738195 2.525892 1.493698 2.759406 -1.474501
 47 3.771409 0.416400 1.053532 1.765650 0.074575 0.195753
 48 11.389366 -0.000820 0.158781 1.583766 0.207088 0.192543
 49 -0.000003 -4.440599 -0.000001 1.570144 -3.078602 0.004040
 50 5.999999 0.000001 -0.000001 1.583766 0.000000 0.000000
 51 0.000003 -4.440600 0.000000 1.569944 -3.078603 0.004053
 52 10.510133 0.000002 0.000000 0.000000 0.000000 -2.067874
 53 0.000001 -1.748402 -5.000002 3.141593 0.004007 -1.539299
 54 5.500000 0.000002 -0.000001 -0.431245 0.000000 0.000000
 55 0.000001 -0.000001 -5.000001 -0.044472 3.137589 -0.000177
 56 6.551492 0.000000 -0.000001 0.431245 -0.036051 -0.308740
 57 -1.266843 -1.937444 -4.950561 -0.066572 -2.988806 -0.110308
 58 6.551493 0.000000 -0.000001 0.431245 -0.036051 -0.308740
 59 0.699371 -1.944208 -5.006848 -0.027189 -3.088217 0.005298
 60 4.226144 -0.003201 0.000000 0.069075 0.042823 -0.079098
 61 -0.000000 5.000000 0.000000 -0.153564 0.000087 2.718702
 62 0.000004 -0.000005 -3.713580 0.365818 2.880119 -0.191589
 63 0.000003 -0.000000 5.000000 3.053196 1.558589 -0.074928
 64 -0.000007 0.000005 3.713580 -0.001619 -3.122277 -0.475127
 65 0.000001 -0.000000 -5.000000 -0.088725 1.558589 3.066336
 66 7.363602 1.646647 0.495663 3.141593 -1.570796 0.000000
 67 -0.000005 0.000006 3.619081 0.008255 -3.110080 -0.985231
 68 16.573919 0.000001 0.000000 0.000000 0.000000 -1.065827
 69 15.128181 0.000001 -0.000000 -0.102296 0.010178 0.114297
 70 5.758665 4.244731 -0.000000 0.000000 -0.000000 1.667687
 71 3.177726 0.000000 0.000000 0.000000 0.000000 3.141593
 72 15.708952 0.000001 0.000000 -0.051525 0.003996 0.061523
 73 0.275148 0.189215 -3.445208 3.130898 0.000409 -1.514604
 74 17.210192 0.000001 0.000000 0.000000 0.000000 -1.893339
 75 -0.000000 0.000000 -4.999999 -0.079430 1.546568 -1.570855
 76 0.000002 -0.000003 -3.619081 0.577895 2.675801 -0.242118
 77 16.573923 -0.000000 -0.000001 0.000000 -0.000000 -1.163030
 78 15.128182 -0.000000 0.000002 0.089479 0.309197 0.659208
 79 5.758665 4.244730 0.000000 -0.000000 0.000000 1.815142
 80 4.003934 -0.000000 0.000000 0.000000 0.000000 0.000000
 81 15.708954 0.000000 0.000002 0.042277 0.226871 0.443133
 82 0.273998 0.191089 3.439762 -3.130907 -0.000437 -1.508107
 83 17.210196 -0.000001 -0.000002 0.000000 -0.000000 -1.937080
 84 0.000001 -0.000001 5.000000 -0.079314 1.595025 -1.570739
time 13
  0 -0.650000 0.000000 33.899605 -0.025849 0.174554 -1.569172
  1 5.685105 0.833237 -32.227173 -0.174512 -0.026131 1.569196
  2 -2.276935 0.000003 -1.238188 -1.570795 -1.570451 0.000000
  3 1.796952 0.711810 0.000234 -0.072168 0.061804 -0.062473
  4 4.118788 -0.003266 0.000236 -0.072025 -0.015555 0.058751
  5 4.118791 -0.003266 0.000236 -0.072053 -0.028732 0.059745
  6 4.118369 -0.003267 -0.000142 0.043342 -0.011559 -0.072002
  7 4.118097 -0.003471 -0.000471 0.134000 0.083928 -0.133394
  8 4.443599 -0.000000 0.000000 0.052994 -0.049174 -0.355675
  9 9.024061 0.000000 0.000000 0.000000 0.000000 0.000000
 10 -0.145253 0.234210 1.711144 1.732084 -0.983005 1.478223
 11 6.384776 -0.000001 -0.000000 -1.489349 -0.301095 -0.764087
 12 10.242681 -0.000001 0.000001 -0.000000 -0.000000 -1.359518
 13 11.375562 0.000001 -0.000000 -1.488968 -0.190407 0.794733
 14 0.728681 0.023430 -1.008294 1.627471 0.842372 0.191441
 15 2.136496 0.000001 -0.000001 0.000000 0.000000 0.898844
 16 2.313140 -0.000000 0.000001 0.000000 0.000000 0.000000
 17 3.115509 -0.886040 -0.021432 -0.523248 -0.008991 0.590544
 18 2.011148 0.000001 0.000005 0.000000 -0.000000 1.951110
 19 2.141380 0.000000 -0.000000 0.000000 0.000000 0.000000
 20 1.734172 0.000000 -0.000000 0.000000 -0.000000 0.976392
 21 0.000006 -4.440593 0.000000 1.570544 -0.062990 -0.195737
 22 4.112852 -0.572203 -1.309455 -1.644301 0.094718 0.119721
 23 6.000000 0.000000 -0.000000 -1.496939 0.000000 -0.000000
 24 0.000001 -4.440600 -0.000001 1.569944 -0.062987 0.004053
 25 11.375561 0.000000 0.000003 -1.512721 -0.088391 0.395777
 26 0.000001 -4.440604 -0.000002 1.570144 -0.062988 0.004040
 27 10.510130 -0.000001 0.000000 -0.000000 0.000000 -2.250555
 28 0.000000 -1.748402 5.000000 -0.000000 0.004007 1.602291
 29 5.499999 -0.000001 0.000000 0.560548 0.000000 0.000000
 30 -0.000001 -1.940597 5.000002 -0.044472 0.004003 -0.000180
 31 6.551490 -0.000000 0.000002 -1.091140 -0.100846 -0.626352
 32 0.000001 -1.940601 5.000004 -0.027189 -0.053376 0.005295
 33 6.551491 -0.000000 0.000002 -0.444848 0.050017 -0.260680
 34 0.000000 -1.940598 4.999995 -0.066572 -0.152786 -0.110311
 35 0.145254 -0.227133 -1.711144 -2.263321 1.186493 1.003274
 36 6.384777 -0.000000 -0.000001 1.419048 0.408772 -1.071016
 37 10.242682 0.000001 0.000001 -0.000000 -0.000000 -0.992755
 38 11.375561 0.000002 0.000002 1.627466 0.386566 0.359643
 39 0.728685 0.023431 1.008295 -1.627471 -0.842372 0.191441
 40 2.136501 -0.000001 -0.000000 0.000000 -0.000000 0.898844
 41 2.313139 0.000002 0.000000 0.000000 0.000000 3.141593
 42 3.115510 -0.886040 0.021433 0.523248 0.008991 0.590544
 43 2.011154 -0.000001 0.000001 -0.000000 0.000000 1.951110
 44 2.141382 0.000002 0.000001 0.000000 0.000000 3.141593
 45 1.734172 -0.000001 -0.000003 -0.000000 -0.000000 0.976392
 46 0.136316 -3.738192 2.525889 1.493698 2.759406 -1.474501
 47 3.771415 0.416401 1.053533 1.765650 0.074575 0.195753
 48 11.389366 -0.000820 0.158783 1.583082 0.206900 0.188900
 49 0.000002 -4.440599 0.000001 1.570144 -3.078602 0.004040
 50 6.000000 -0.000000 0.000001 1.583082 -0.000000 0.000000
 51 0.000001 -4.440601 0.000000 1.569944 -3.078603 0.004053
 52 10.510132 -0.000000 0.000000 0.000000 -0.000000 -2.067173
 53 -0.000001 -1.748401 -5.000000 3.141593 0.004007 -1.539299
 54 5.500000 0.000000 0.000000 -0.430729 -0.000000 0.000000
 55 -0.000001 -0.000001 -5.000001 -0.044472 3.137590 -0.000177
 56 6.551491 -0.000000 -0.000001 0.430729 -0.036435 -0.308696
 57 -1.266843 -1.937443 -4.950562 -0.066572 -2.988806 -0.110308
 58 6.551492 -0.000000 -0.000001 0.430729 -0.036435 -0.308696
 59 0.699371 -1.944207 -5.006847 -0.027189 -3.088217 0.005298
 60 4.226145 -0.003202 0.000000 0.069075 0.042823 -0.079098
 61 -0.000000 5.000001 -0.000000 -0.153564 0.000087 2.718702
 62 0.000004 -0.000005 -3.713580 0.365818 2.880119 -0.191589
 63 0.000003 -0.000000 5.000000 3.053196 1.558589 -0.074928
 64 -0.000007 0.000005 3.713580 -0.001619 -3.122277 -0.475127
 65 0.000001 -0.000000 -5.000000 -0.088725 1.558589 3.066336
 66 7.363602 1.646647 0.495663 3.141593 -1.570796 0.000000
 67 -0.000005 0.000006 3.619081 0.008255 -3.110080 -0.985231
 68 16.573919 0.000001 0.000000 0.000000 0.000000 -1.065827
 69 15.128181 0.000001 -0.000000 -0.102296 0.010178 0.114297
 70 5.758665 4.244731 -0.000000 0.000000 -0.000000 1.667687
 71 3.177726 0.000000 0.000000 0.000000 0.000000 3.141593
 72 15.708952 0.000001 0.000000 -0.051525 0.003996 0.061523
 73 0.275148 0.189215 -3.445208 3.130898 0.000409 -1.514604
 74 17.210192 0.000001 0.000000 0.000000 0.000000 -1.893339
 75 -0.000000 0.000000 -4.999999 -0.079430 1.546568 -1.570855
 76 0.000002 -0.000003 -3.619081 0.577895 2.675801 -0.242118
 77 16.573923 -0.000000 -0.000001 0.000000 -0.000000 -1.163030
 78 15.128182 -0.000000 0.000002 0.089479 0.309197 0.659208
 79 5.758665 4.244730 0.000000 -0.000000 0.000000 1.815142
 80 4.003934 -0.000000 0.000000 0.000000 0.000000 0.000000
 81 15.708954 0.000000 0.000002 0.042277 0.226871 0.443133
 82 0.273998 0.191089 3.439762 -3.130907 -0.000437 -1.508107
 83 17.210196 -0.000001 -0.000002 0.000000 -0.000000 -1.937080
 84 0.000001 -0.000001 5.000000 -0.079314 1.595025 -1.570739
time 14
  0 -0.650000 0.000000 33.899605 -0.025849 0.174554 -1.569172
  1 5.685105 0.833237 -32.227173 -0.174512 -0.026131 1.569196
  2 -2.276935 0.000003 -1.238188 -1.570795 -1.570451 0.000000
  3 1.796933 0.711811 0.000233 -0.071943 0.057864 -0.067209
  4 4.118791 -0.003266 0.000235 -0.071801 -0.014585 0.057414
  5 4.118787 -0.003266 0.000235 -0.071824 -0.027045 0.058352
  6 4.118363 -0.003268 -0.000143 0.043566 -0.010412 -0.073216
  7 4.118095 -0.003470 -0.000471 0.134000 0.083928 -0.133394
  8 4.443598 -0.000000 0.000000 0.051858 -0.049212 -0.346455
  9 9.024060 -0.000002 0.000000 0.000000 0.000000 0.000000
 10 -0.145251 0.234210 1.711144 1.732084 -0.983005 1.478223
 11 6.384776 -0.000000 0.000002 -1.483235 -0.297160 -0.770178
 12 10.242681 -0.000001 0.000001 -0.000000 -0.000000 -1.339087
 13 11.375560 0.000000 -0.000000 -1.489834 -0.194693 0.786468
 14 0.728682 0.023431 -1.008292 1.627471 0.842372 0.191441
 15 2.136495 -0.000001 0.000001 0.000000 0.000000 0.898845
 16 2.313139 0.000001 -0.000000 0.000000 0.000000 0.000000
 17 3.115505 -0.886041 -0.021428 -0.523248 -0.008991 0.590544
 18 2.011154 0.000000 -0.000004 -0.000000 0.000000 1.951110
 19 2.141378 0.000000 0.000001 0.000000 0.000000 0.000000
 20 1.734173 0.000002 0.000002 0.000000 0.000000 0.976392
 21 0.000006 -4.440595 -0.000000 1.570544 -0.062990 -0.195737
 22 4.112855 -0.572204 -1.309457 -1.644301 0.094718 0.119721
 23 5.999999 0.000000 -0.000001 -1.497655 -0.000000 0.000000
 24 0.000000 -4.440601 0.000001 1.569944 -0.062987 0.004053
 25 11.375560 -0.000000 0.000002 -1.513036 -0.090877 0.392139
 26 -0.000001 -4.440603 0.000000 1.570144 -0.062988 0.004040
 27 10.510130 -0.000002 0.000001 -0.000000 0.000000 -2.240340
 28 -0.000001 -1.748399 4.999997 -0.000000 0.004007 1.602291
 29 5.499999 -0.000000 0.000001 0.558865 0.000000 -0.000000
 30 -0.000001 -1.940598 5.000000 -0.044472 0.004003 -0.000180
 31 6.551491 0.000000 0.000003 -1.086846 -0.097554 -0.627390
 32 -0.000000 -1.940599 5.000000 -0.027189 -0.053376 0.005295
 33 6.551490 0.000001 0.000003 -0.443708 0.050993 -0.261111
 34 0.000000 -1.940599 4.999998 -0.066572 -0.152786 -0.110311
 35 0.145254 -0.227133 -1.711144 -2.263327 1.188121 1.003508
 36 6.384776 -0.000001 -0.000001 1.417048 0.399444 -1.073857
 37 10.242682 0.000001 0.000001 0.000000 -0.000000 -0.986045
 38 11.375565 -0.000001 -0.000002 1.626655 0.387069 0.347157
 39 0.728683 0.023431 1.008294 -1.627471 -0.842372 0.191441
 40 2.136496 -0.000002 -0.000000 0.000000 0.000000 0.898844
 41 2.313145 -0.000001 0.000000 0.000000 0.000000 3.141593
 42 3.115503 -0.886041 0.021430 0.523248 0.008991 0.590544
 43 2.011156 -0.000001 0.000004 0.000000 0.000000 1.951110
 44 2.141381 0.000002 -0.000001 0.000000 0.000000 3.141593
 45 1.734172 -0.000001 -0.000000 -0.000000 0.000000 0.976392
 46 0.136316 -3.738196 2.525891 1.493698 2.759406 -1.474501
 47 3.771411 0.416400 1.053534 1.765650 0.074575 0.195753
 48 11.389371 -0.000819 0.158780 1.583222 0.207269 0.182725
 49 0.000006 -4.440599 0.000002 1.570144 -3.078602 0.004040
 50 6.000002 0.000000 -0.000001 1.583222 -0.000000 0.000000
 51 0.000000 -4.440601 0.000000 1.569944 -3.078603 0.004053
 52 10.510134 -0.000001 0.000001 0.000000 -0.000000 -2.063819
 53 -0.000000 -1.748400 -5.000001 -3.141593 0.004007 -1.539299
 54 5.500001 -0.000001 0.000000 -0.430261 0.000000 -0.000000
 55 0.000001 -0.000002 -5.000000 -0.044472 3.137590 -0.000177
 56 6.551489 -0.000001 -0.000001 0.430261 -0.038652 -0.308305
 57 -1.266843 -1.937443 -4.950558 -0.066572 -2.988806 -0.110308
 58 6.551490 -0.000001 -0.000000 0.430261 -0.038652 -0.308305
 59 0.699370 -1.944208 -5.006845 -0.027189 -3.088217 0.005298
 60 4.226146 -0.003202 -0.000000 0.069075 0.042823 -0.079098
 61 0.000003 5.000000 -0.000000 -0.153564 0.000087 2.718702
 62 0.000004 -0.000005 -3.713580 0.365818 2.880119 -0.191589
 63 0.000003 -0.000000 5.000000 3.053196 1.558589 -0.074928
 64 -0.000007 0.000005 3.713580 -0.001619 -3.122277 -0.475127
 65 0.000001 -0.000000 -5.000000 -0.088725 1.558589 3.066336
 66 7.363602 1.646647 0.495663 3.141593 -1.570796 0.000000
 67 -0.000005 0.000006 3.619081 0.008255 -3.110080 -0.985231
 68 16.573919 0.000001 0.000000 0.000000 0.000000 -1.065827
 69 15.128181 0.000001 -0.000000 -0.102296 0.010178 0.114297
 70 5.758665 4.244731 -0.000000 0.000000 -0.000000 1.667687
 71 3.177726 0.000000 0.000000 0.000000 0.000000 3.141593
 72 15.708952 0.000001 0.000000 -0.051525 0.003996 0.061523
 73 0.275148 0.189215 -3.445208 3.130898 0.000409 -1.514604
 74 17.210192 0.000001 0.000000 0.000000 0.000000 -1.893339
 75 -0.000000 0.000000 -4.999999 -0.079430 1.546568 -1.570855
 76 0.000002 -0.000003 -3.619081 0.577895 2.675801 -0.242118
 77 16.573923 -0.000000 -0.000001 0.000000 -0.000000 -1.163030
 78 15.128182 -0.000000 0.000002 0.089479 0.309197 0.659208
 79 5.758665 4.244730 0.000000 -0.000000 0.000000 1.815142
 80 4.003934 -0.000000 0.000000 0.000000 0.000000 0.000000
 81 15.708954 0.000000 0.000002 0.042277 0.226871 0.443133
 82 0.273998 0.191089 3.439762 -3.130907 -0.000437 -1.508107
 83 17.210196 -0.000001 -0.000002 0.000000 -0.000000 -1.937080
 84 0.000001 -0.000001 5.000000 -0.079314 1.595025 -1.570739
time 15
  0 -0.650000 0.000000 33.899605 -0.025849 0.174554 -1.569172
  1 5.685105 0.833237 -32.227173 -0.174512 -0.026131 1.569196
  2 -2.276935 0.000003 -1.238188 -1.570795 -1.570451 0.000000
  3 1.796914 0.711813 0.000235 -0.072485 0.053190 -0.073206
  4 4.118786 -0.003267 0.000237 -0.072377 -0.013418 0.055762
  5 4.118783 -0.003266 0.000237 -0.072396 -0.025044 0.056646
  6 4.118362 -0.003268 -0.000141 0.042991 -0.009137 -0.074729
  7 4.118097 -0.003470 -0.000471 0.134000 0.083928 -0.133394
  8 4.443598 0.000000 0.000000 0.053361 -0.047630 -0.334984
  9 9.024060 -0.000002 0.000000 0.000000 0.000000 0.000000
 10 -0.145255 0.234210 1.711144 1.732084 -0.983005 1.478223
 11 6.384777 -0.000000 0.000002 -1.476808 -0.292192 -0.773265
 12 10.242681 -0.000002 -0.000000 -0.000000 -0.000000 -1.319240
 13 11.375562 0.000001 0.000000 -1.490660 -0.198855 0.777656
 14 0.728680 0.023431 -1.008289 1.627471 0.842372 0.191441
 15 2.136499 0.000001 0.000001 0.000000 0.000000 0.898844
 16 2.313141 0.000000 0.000000 0.000000 0.000000 0.000000
 17 3.115506 -0.886040 -0.021427 -0.523248 -0.008991 0.590544
 18 2.011151 0.000001 0.000001 0.000000 -0.000000 1.951110
 19 2.141379 -0.000002 -0.000001 0.000000 0.000000 0.000000
 20 1.734174 0.000001 0.000001 -0.000000 0.000000 0.976392
 21 0.000007 -4.440596 -0.000002 1.570544 -0.062990 -0.195737
 22 4.112854 -0.572204 -1.309456 -1.644301 0.094718 0.119721
 23 6.000003 0.000000 0.000001 -1.498367 0.000000 -0.000000
 24 0.000000 -4.440601 -0.000001 1.569944 -0.062987 0.004053
 25 11.375562 0.000000 0.000003 -1.513365 -0.093309 0.388268
 26 0.000004 -4.440604 -0.000001 1.570144 -0.062988 0.004040
 27 10.510131 -0.000002 -0.000000 -0.000000 0.000000 -2.230416
 28 -0.000001 -1.748401 5.000000 -0.000000 0.004007 1.602290
 29 5.500000 -0.000002 -0.000000 0.556990 -0.000000 0.000000
 30 -0.000001 -1.940599 5.000002 -0.044472 0.004003 -0.000180
 31 6.551491 -0.000001 -0.000001 -1.081884 -0.093696 -0.627262
 32 0.000000 -1.940601 5.000003 -0.027189 -0.053376 0.005295
 33 6.551491 -0.000001 -0.000001 -0.442483 0.051963 -0.261155
 34 -0.000000 -1.940599 4.999995 -0.066572 -0.152786 -0.110311
 35 0.145255 -0.227133 -1.711144 -2.263327 1.188121 1.003508
 36 6.384777 -0.000001 0.000000 1.415149 0.390158 -1.079911
 37 10.242682 -0.000001 -0.000000 0.000000 0.000000 -0.968807
 38 11.375561 0.000000 -0.000000 1.626424 0.388163 0.331128
 39 0.728679 0.023431 1.008290 -1.627471 -0.842372 0.191441
 40 2.136495 0.000002 -0.000000 0.000000 -0.000000 0.898844
 41 2.313140 0.000000 -0.000000 0.000000 0.000000 3.141593
 42 3.115511 -0.886041 0.021431 0.523248 0.008991 0.590544
 43 2.011151 -0.000000 0.000000 -0.000000 0.000000 1.951110
 44 2.141379 -0.000003 0.000003 0.000000 0.000000 3.141593
 45 1.734175 -0.000002 0.000001 0.000000 -0.000000 0.976392
 46 0.136315 -3.738192 2.525890 1.493698 2.759406 -1.474501
 47 3.771412 0.416400 1.053532 1.765650 0.074575 0.195753
 48 11.389363 -0.000819 0.158782 1.583774 0.207994 0.174680
 49 0.000003 -4.440599 0.000002 1.570144 -3.078602 0.004040
 50 6.000000 0.000000 -0.000001 1.583774 0.000000 0.000000
 51 0.000001 -4.440600 -0.000000 1.569944 -3.078603 0.004053
 52 10.510131 -0.000001 0.000000 0.000000 0.000000 -2.055200
 53 -0.000000 -1.748401 -5.000000 -3.141593 0.004007 -1.539299
 54 5.500000 -0.000001 -0.000001 -0.429691 -0.000000 0.000000
 55 -0.000000 -0.000001 -5.000000 -0.044472 3.137589 -0.000177
 56 6.551491 -0.000001 -0.000001 0.429691 -0.041068 -0.308295
 57 -1.266843 -1.937444 -4.950561 -0.066572 -2.988806 -0.110308
 58 6.551491 -0.000001 -0.000001 0.429691 -0.041068 -0.308295
 59 0.699370 -1.944208 -5.006845 -0.027189 -3.088217 0.005298
 60 4.226144 -0.003201 0.000000 0.069075 0.042823 -0.079098
 61 0.000000 5.000001 -0.000000 -0.153564 0.000087 2.718702
 62 0.000004 -0.000005 -3.713580 0.365818 2.880119 -0.191589
 63 0.000003 -0.000000 5.000000 3.053196 1.558589 -0.074928
 64 -0.000007 0.000005 3.713580 -0.001619 -3.122277 -0.475127
 65 0.000001 -0.000000 -5.000000 -0.088725 1.558589 3.066336
 66 7.363602 1.646647 0.495663 3.141593 -1.570796 0.000000
 67 -0.000005 0.000006 3.619081 0.008255 -3.110080 -0.985231
 68 16.573919 0.000001 0.000000 0.000000 0.000000 -1.065827
 69 15.128181 0.000001 -0.000000 -0.102296 0.010178 0.114297
 70 5.758665 4.244731 -0.000000 0.000000 -0.000000 1.667687
 71 3.177726 0.000000 0.000000 0.000000 0.000000 3.141593
 72 15.708952 0.000001 0.000000 -0.051525 0.003996 0.061523
 73 0.275148 0.189215 -3.445208 3.130898 0.000409 -1.514604
 74 17.210192 0.000001 0.000000 0.000000 0.000000 -1.893339
 75 -0.000000 0.000000 -4.999999 -0.079430 1.546568 -1.570855
 76 0.000002 -0.000003 -3.619081 0.577895 2.675801 -0.242118
 77 16.573923 -0.000000 -0.000001 0.000000 -0.000000 -1.163030
 78 15.128182 -0.000000 0.000002 0.089479 0.309197 0.659208
 79 5.758665 4.244730 0.000000 -0.000000 0.000000 1.815142
 80 4.003934 -0.000000 0.000000 0.000000 0.000000 0.000000
 81 15.708954 0.000000 0.000002 0.042277 0.226871 0.443133
 82 0.273998 0.191089 3.439762 -3.130907 -0.000437 -1.508107
 83 17.210196 -0.000001 -0.000002 0.000000 -0.000000 -1.937080
 84 0.000001 -0.000001 5.000000 -0.079314 1.595025 -1.570739
time 16
  0 -0.650000 0.000000 33.899605 -0.025849 0.174554 -1.569172
  1 5.685105 0.833237 -32.227173 -0.174512 -0.026131 1.569196
  2 -2.276935 0.000003 -1.238188 -1.570795 -1.570451 0.000000
  3 1.796891 0.711815 0.000238 -0.073441 0.048477 -0.079224
  4 4.118778 -0.003267 0.000240 -0.073402 -0.012227 0.054116
  5 4.118778 -0.003266 0.000240 -0.073419 -0.023019 0.054951
  6 4.118354 -0.003267 -0.000138 0.041967 -0.007896 -0.076238
  7 4.118097 -0.003470 -0.000471 0.134000 0.083928 -0.133394
  8 4.443599 -0.000000 -0.000000 0.056419 -0.045257 -0.323505
  9 9.024059 -0.000000 0.000000 0.000000 0.000000 0.000000
 10 -0.145253 0.234210 1.711144 1.732084 -0.983005 1.478223
 11 6.384777 0.000000 0.000003 -1.471067 -0.288432 -0.774040
 12 10.242682 0.000000 0.000000 0.000000 0.000000 -1.300972
 13 11.375561 0.000001 0.000001 -1.491372 -0.202471 0.769634
 14 0.728679 0.023431 -1.008290 1.627471 0.842372 0.191441
 15 2.136497 -0.000000 0.000002 0.000000 0.000000 0.898845
 16 2.313139 0.000001 -0.000001 0.000000 0.000000 0.000000
 17 3.115506 -0.886041 -0.021429 -0.523248 -0.008991 0.590544
 18 2.011155 -0.000001 -0.000002 0.000000 0.000000 1.951110
 19 2.141379 -0.000001 0.000000 0.000000 0.000000 0.000000
 20 1.734174 0.000000 -0.000001 0.000000 0.000000 0.976392
 21 0.000006 -4.440595 -0.000002 1.570544 -0.062990 -0.195737
 22 4.112852 -0.572203 -1.309454 -1.644301 0.094718 0.119721
 23 6.000000 0.000000 0.000001 -1.498996 -0.000000 -0.000000
 24 0.000002 -4.440601 0.000000 1.569944 -0.062987 0.004053
 25 11.375561 0.000000 0.000003 -1.513663 -0.095432 0.384746
 26 -0.000001 -4.440603 -0.000001 1.570144 -0.062988 0.004040
 27 10.510130 0.000001 -0.000000 0.000000 0.000000 -2.221282
 28 0.000002 -1.748402 4.999998 -0.000000 0.004007 1.602291
 29 5.500000 -0.000000 0.000001 0.555283 0.000000 -0.000000
 30 -0.000002 -1.940598 4.999999 -0.044472 0.004003 -0.000180
 31 6.551492 -0.000000 0.000000 -1.077279 -0.090897 -0.626614
 32 0.000001 -1.940599 5.000001 -0.027189 -0.053376 0.005295
 33 6.551492 -0.000000 0.000000 -0.441382 0.052492 -0.261092
 34 -0.000000 -1.940599 4.999997 -0.066572 -0.152786 -0.110311
 35 0.145256 -0.227133 -1.711144 -2.263327 1.188121 1.003508
 36 6.384777 -0.000001 0.000004 1.413682 0.379764 -1.087296
 37 10.242683 -0.000001 0.000001 0.000000 -0.000000 -0.955485
 38 11.375564 -0.000001 -0.000003 1.626109 0.389528 0.313766
 39 0.728682 0.023431 1.008294 -1.627471 -0.842372 0.191441
 40 2.136500 0.000002 -0.000001 0.000000 -0.000000 0.898845
 41 2.313142 0.000001 0.000001 0.000000 0.000000 3.141593
 42 3.115507 -0.886041 0.021430 0.523248 0.008991 0.590544
 43 2.011156 -0.000002 0.000003 -0.000000 0.000000 1.951110
 44 2.141381 0.000000 -0.000000 0.000000 0.000000 3.141593
 45 1.734174 -0.000002 0.000001 0.000000 0.000000 0.976392
 46 0.136314 -3.738192 2.525889 1.493698 2.759406 -1.474501
 47 3.771411 0.416400 1.053533 1.765650 0.074575 0.195753
 48 11.389367 -0.000820 0.158780 1.584334 0.208861 0.165887
 49 0.000001 -4.440600 0.000002 1.570144 -3.078602 0.004040
 50 6.000000 -0.000000 -0.000002 1.584334 0.000000 0.000000
 51 0.000003 -4.440603 0.000001 1.569944 -3.078603 0.004053
 52 10.510131 0.000001 0.000003 -0.000000 0.000000 -2.048539
 53 -0.000001 -1.748399 -5.000001 -3.141593 0.004007 -1.539299
 54 5.500000 0.000000 0.000001 -0.429106 -0.000000 0.000000
 55 -0.000001 0.000001 -4.999998 -0.044472 3.137589 -0.000177
 56 6.551491 -0.000000 0.000001 0.429106 -0.043889 -0.308314
 57 -1.266844 -1.937443 -4.950558 -0.066572 -2.988806 -0.110308
 58 6.551491 -0.000000 0.000001 0.429106 -0.043889 -0.308314
 59 0.699370 -1.944207 -5.006846 -0.027189 -3.088217 0.005298
 60 4.226143 -0.003201 -0.000000 0.069075 0.042823 -0.079098
 61 -0.000001 5.000001 0.000000 -0.153564 0.000087 2.718702
 62 0.000004 -0.000005 -3.713580 0.365818 2.880119 -0.191589
 63 0.000003 -0.000000 5.000000 3.053196 1.558589 -0.074928
 64 -0.000007 0.000005 3.713580 -0.001619 -3.122277 -0.475127
 65 0.000001 -0.000000 -5.000000 -0.088725 1.558589 3.066336
 66 7.363602 1.646647 0.495663 3.141593 -1.570796 0.000000
 67 -0.000005 0.000006 3.619081 0.008255 -3.110080 -0.985231
 68 16.573919 0.000001 0.000000 0.000000 0.000000 -1.065827
 69 15.128181 0.000001 -0.000000 -0.102296 0.010178 0.114297
 70 5.758665 4.244731 -0.000000 0.000000 -0.000000 1.667687
 71 3.177726 0.000000 0.000000 0.000000 0.000000 3.141593
 72 15.708952 0.000001 0.000000 -0.051525 0.003996 0.061523
 73 0.275148 0.189215 -3.445208 3.130898 0.000409 -1.514604
 74 17.210192 0.000001 0.000000 0.000000 0.000000 -1.893339
 75 -0.000000 0.000000 -4.999999 -0.079430 1.546568 -1.570855
 76 0.000002 -0.000003 -3.619081 0.577895 2.675801 -0.242118
 77 16.573923 -0.000000 -0.000001 0.000000 -0.000000 -1.163030
 78 15.128182 -0.000000 0.000002 0.089479 0.309197 0.659208
 79 5.758665 4.244730 0.000000 -0.000000 0.000000 1.815142
 80 4.003934 -0.000000 0.000000 0.000000 0.000000 0.000000
 81 15.708954 0.000000 0.000002 0.042277 0.226871 0.443133
 82 0.273998 0.191089 3.439762 -3.130907 -0.000437 -1.508107
 83 17.210196 -0.000001 -0.000002 0.000000 -0.000000 -1.937080
 84 0.000001 -0.000001 5.000000 -0.079314 1.595025 -1.570739
time 17
  0 -0.650000 0.000000 33.899605 -0.025849 0.174554 -1.569172
  1 5.685105 0.833237 -32.227173 -0.174512 -0.026131 1.569196
  2 -2.276935 0.000003 -1.238188 -1.570795 -1.570451 0.000000
  3 1.796880 0.711815 0.000242 -0.074479 0.044427 -0.084027
  4 4.118772 -0.003266 0.000244 -0.074523 -0.011185 0.052798
  5 4.118773 -0.003266 0.000244 -0.074540 -0.021258 0.053592
  6 4.118350 -0.003266 -0.000134 0.040848 -0.006852 -0.077439
  7 4.118101 -0.003470 -0.000471 0.134000 0.083928 -0.133394
  8 4.443598 -0.000000 0.000000 0.059945 -0.042865 -0.314278
  9 9.024060 -0.000001 0.000000 0.000000 0.000000 0.000000
 10 -0.145255 0.234210 1.711144 1.732084 -0.983005 1.478223
 11 6.384777 -0.000000 0.000001 -1.467003 -0.288049 -0.773152
 12 10.242682 -0.000003 0.000001 0.000000 -0.000000 -1.285449
 13 11.375557 0.000001 -0.000001 -1.491893 -0.205104 0.763815
 14 0.728679 0.023431 -1.008291 1.627471 0.842372 0.191441
 15 2.136494 0.000000 0.000001 0.000000 0.000000 0.898844
 16 2.313138 0.000002 0.000001 0.000000 0.000000 0.000000
 17 3.115509 -0.886041 -0.021432 -0.523248 -0.008991 0.590544
 18 2.011152 -0.000001 0.000000 0.000000 0.000000 1.951110
 19 2.141379 -0.000001 -0.000000 0.000000 0.000000 0.000000
 20 1.734172 0.000000 -0.000001 0.000000 -0.000000 0.976392
 21 0.000006 -4.440591 -0.000001 1.570544 -0.062990 -0.195737
 22 4.112853 -0.572204 -1.309456 -1.644301 0.094718 0.119721
 23 6.000000 0.000001 -0.000000 -1.499455 -0.000000 0.000000
 24 0.000002 -4.440602 -0.000001 1.569944 -0.062987 0.004053
 25 11.375564 0.000001 0.000004 -1.513884 -0.096978 0.382189
 26 0.000000 -4.440603 0.000001 1.570144 -0.062988 0.004040
 27 10.510132 -0.000000 0.000000 -0.000000 -0.000000 -2.213521
 28 0.000001 -1.748403 4.999998 -0.000000 0.004007 1.602290
 29 5.500000 -0.000002 0.000001 0.554118 -0.000000 0.000000
 30 -0.000001 -1.940598 4.999998 -0.044472 0.004003 -0.000180
 31 6.551491 -0.000000 -0.000002 -1.074049 -0.090722 -0.626069
 32 0.000001 -1.940599 5.000004 -0.027189 -0.053376 0.005295
 33 6.551491 -0.000000 -0.000002 -0.440631 0.052149 -0.261194
 34 0.000000 -1.940598 4.999994 -0.066572 -0.152786 -0.110311
 35 0.145254 -0.227133 -1.711144 -2.263327 1.188121 1.003508
 36 6.384777 -0.000001 -0.000001 1.412975 0.369065 -1.093720
 37 10.242683 -0.000001 0.000000 0.000000 0.000000 -0.950945
 38 11.375558 0.000000 0.000002 1.625824 0.390702 0.299087
 39 0.728682 0.023431 1.008291 -1.627471 -0.842372 0.191441
 40 2.136501 0.000004 -0.000001 0.000000 -0.000000 0.898845
 41 2.313134 0.000002 0.000000 0.000000 0.000000 3.141593
 42 3.115510 -0.886041 0.021432 0.523248 0.008991 0.590544
 43 2.011150 -0.000001 -0.000001 -0.000000 0.000000 1.951110
 44 2.141379 0.000000 -0.000002 0.000000 0.000000 3.141593
 45 1.734170 -0.000001 -0.000004 -0.000000 0.000000 0.976392
 46 0.136316 -3.738195 2.525890 1.493698 2.759406 -1.474501
 47 3.771414 0.416400 1.053532 1.765650 0.074575 0.195753
 48 11.389370 -0.000820 0.158780 1.584800 0.209600 0.158393
 49 0.000002 -4.440598 -0.000001 1.570144 -3.078602 0.004040
 50 6.000002 -0.000000 -0.000001 1.584800 0.000000 -0.000000
 51 -0.000001 -4.440601 0.000000 1.569944 -3.078603 0.004053
 52 10.510131 -0.000000 0.000001 -0.000000 0.000000 -2.046268
 53 -0.000002 -1.748401 -5.000001 -3.141593 0.004007 -1.539299
 54 5.500000 -0.000000 0.000000 -0.428634 0.000000 0.000000
 55 0.000000 -0.000000 -5.000001 -0.044472 3.137590 -0.000177
 56 6.551491 -0.000000 -0.000003 0.428634 -0.046822 -0.308129
 57 -1.266844 -1.937443 -4.950560 -0.066572 -2.988806 -0.110308
 58 6.551491 -0.000000 -0.000003 0.428634 -0.046822 -0.308129
 59 0.699371 -1.944209 -5.006847 -0.027189 -3.088217 0.005298
 60 4.226149 -0.003201 -0.000000 0.069075 0.042823 -0.079098
 61 0.000001 5.000001 -0.000000 -0.153564 0.000087 2.718702
 62 0.000004 -0.000005 -3.713580 0.365818 2.880119 -0.191589
 63 0.000003 -0.000000 5.000000 3.053196 1.558589 -0.074928
 64 -0.000007 0.000005 3.713580 -0.001619 -3.122277 -0.475127
 65 0.000001 -0.000000 -5.000000 -0.088725 1.558589 3.066336
 66 7.363602 1.646647 0.495663 3.141593 -1.570796 0.000000
 67 -0.000005 0.000006 3.619081 0.008255 -3.110080 -0.985231
 68 16.573919 0.000001 0.000000 0.000000 0.000000 -1.065827
 69 15.128181 0.000001 -0.000000 -0.102296 0.010178 0.114297
 70 5.758665 4.244731 -0.000000 0.000000 -0.000000 1.667687
 71 3.177726 0.000000 0.000000 0.000000 0.000000 3.141593
 72 15.708952 0.000001 0.000000 -0.051525 0.003996 0.061523
 73 0.275148 0.189215 -3.445208 3.130898 0.000409 -1.514604
 74 17.210192 0.000001 0.000000 0.000000 0.000000 -1.893339
 75 -0.000000 0.000000 -4.999999 -0.079430 1.546568 -1.570855
 76 0.000002 -0.000003 -3.619081 0.577895 2.675801 -0.242118
 77 16.573923 -0.000000 -0.000001 0.000000 -0.000000 -1.163030
 78 15.128182 -0.000000 0.000002 0.089479 0.309197 0.659208
 79 5.758665 4.244730 0.000000 -0.000000 0.000000 1.815142
 80 4.003934 -0.000000 0.000000 0.000000 0.000000 0.000000
 81 15.708954 0.000000 0.000002 0.042277 0.226871 0.443133
 82 0.273998 0.191089 3.439762 -3.130907 -0.000437 -1.508107
 83 17.210196 -0.000001 -0.000002 0.000000 -0.000000 -1.937080
 84 0.000001 -0.000001 5.000000 -0.079314 1.595025 -1.570739
time 18
  0 -0.650000 0.000000 33.899605 -0.025849 0.174554 -1.569172
  1 5.685105 0.833237 -32.227173 -0.174512 -0.026131 1.569196
  2 -2.276935 0.000003 -1.238188 -1.570795 -1.570451 0.000000
  3 1.796868 0.711817 0.000244 -0.075282 0.041750 -0.086384
  4 4.118772 -0.003266 0.000247 -0.075389 -0.010459 0.052131
  5 4.118773 -0.003266 0.000247 -0.075406 -0.020048 0.052899
  6 4.118348 -0.003267 -0.000131 0.039983 -0.006165 -0.078027
  7 4.118096 -0.003470 -0.000471 0.134000 0.083928 -0.133394
  8 4.443602 -0.000000 0.000000 0.062843 -0.041164 -0.309589
  9 9.024060 -0.000001 -0.000000 0.000000 0.000000 0.000000
 10 -0.145251 0.234210 1.711144 1.732084 -0.983005 1.478223
 11 6.384777 -0.000001 0.000001 -1.465641 -0.293210 -0.771195
 12 10.242682 0.000000 0.000001 -0.000000 0.000000 -1.273903
 13 11.375563 -0.000000 0.000000 -1.492144 -0.206293 0.761662
 14 0.728681 0.023430 -1.008291 1.627471 0.842372 0.191441
 15 2.136493 -0.000002 -0.000001 0.000000 0.000000 0.898844
 16 2.313143 -0.000001 0.000001 0.000000 0.000000 0.000000
 17 3.115510 -0.886041 -0.021432 -0.523248 -0.008991 0.590544
 18 2.011151 0.000000 0.000000 -0.000000 0.000000 1.951110
 19 2.141379 0.000000 0.000002 0.000000 0.000000 0.000000
 20 1.734172 0.000001 0.000002 0.000000 0.000000 0.976392
 21 0.000005 -4.440595 0.000001 1.570544 -0.062990 -0.195737
 22 4.112852 -0.572203 -1.309453 -1.644301 0.094718 0.119721
 23 6.000000 0.000001 0.000001 -1.499660 -0.000000 -0.000000
 24 0.000002 -4.440601 0.000001 1.569944 -0.062987 0.004053
 25 11.375562 0.000001 0.000004 -1.513978 -0.097667 0.381237
 26 -0.000003 -4.440603 0.000001 1.570144 -0.062988 0.004040
 27 10.510131 0.000002 -0.000000 -0.000000 0.000000 -2.207748
 28 -0.000000 -1.748400 5.000000 -0.000000 0.004007 1.602291
 29 5.500000 0.000000 0.000000 0.553876 0.000000 -0.000000
 30 -0.000002 -1.940598 4.999997 -0.044472 0.004003 -0.000180
 31 6.551491 -0.000000 0.000001 -1.073226 -0.094747 -0.626233
 32 0.000000 -1.940598 5.000000 -0.027189 -0.053376 0.005295
 33 6.551491 -0.000000 0.000001 -0.440461 0.050500 -0.261727
 34 -0.000000 -1.940598 4.999996 -0.066572 -0.152786 -0.110311
 35 0.145258 -0.227133 -1.711144 -2.263327 1.188121 1.003508
 36 6.384776 -0.000001 0.000002 1.413361 0.360194 -1.097032
 37 10.242682 0.000000 0.000001 -0.000000 0.000000 -0.958108
 38 11.375561 0.000000 0.000001 1.625665 0.391282 0.291107
 39 0.728678 0.023431 1.008290 -1.627471 -0.842372 0.191441
 40 2.136496 0.000001 0.000000 0.000000 -0.000000 0.898844
 41 2.313140 -0.000000 0.000000 0.000000 0.000000 3.141593
 42 3.115509 -0.886040 0.021432 0.523248 0.008991 0.590544
 43 2.011151 0.000001 0.000001 -0.000000 0.000000 1.951110
 44 2.141379 -0.000001 0.000001 0.000000 0.000000 3.141593
 45 1.734171 -0.000000 -0.000000 0.000000 0.000000 0.976392
 46 0.136316 -3.738194 2.525892 1.493698 2.759406 -1.474501
 47 3.771408 0.416401 1.053530 1.765650 0.074575 0.195753
 48 11.389372 -0.000820 0.158780 1.585055 0.209971 0.154299
 49 -0.000002 -4.440599 0.000000 1.570144 -3.078602 0.004040
 50 6.000001 0.000000 0.000000 1.585055 0.000000 -0.000000
 51 0.000003 -4.440602 -0.000000 1.569944 -3.078603 0.004053
 52 10.510132 0.000001 0.000002 0.000000 -0.000000 -2.049850
 53 0.000000 -1.748401 -5.000001 -3.141593 0.004007 -1.539299
 54 5.500000 0.000000 0.000001 -0.428444 -0.000000 0.000000
 55 0.000001 -0.000001 -5.000000 -0.044472 3.137589 -0.000177
 56 6.551490 -0.000000 -0.000001 0.428444 -0.049258 -0.307638
 57 -1.266844 -1.937443 -4.950558 -0.066572 -2.988806 -0.110308
 58 6.551491 -0.000000 -0.000000 0.428444 -0.049258 -0.307638
 59 0.699370 -1.944208 -5.006847 -0.027189 -3.088217 0.005298
 60 4.226144 -0.003201 0.000000 0.069075 0.042823 -0.079098
 61 -0.000001 5.000001 -0.000000 -0.153564 0.000087 2.718702
 62 0.000004 -0.000005 -3.713580 0.365818 2.880119 -0.191589
 63 0.000003 -0.000000 5.000000 3.053196 1.558589 -0.074928
 64 -0.000007 0.000005 3.713580 -0.001619 -3.122277 -0.475127
 65 0.000001 -0.000000 -5.000000 -0.088725 1.558589 3.066336
 66 7.363602 1.646647 0.495663 3.141593 -1.570796 0.000000
 67 -0.000005 0.000006 3.619081 0.008255 -3.110080 -0.985231
 68 16.573919 0.000001 0.000000 0.000000 0.000000 -1.065827
 69 15.128181 0.000001 -0.000000 -0.102296 0.010178 0.114297
 70 5.758665 4.244731 -0.000000 0.000000 -0.000000 1.667687
 71 3.177726 0.000000 0.000000 0.000000 0.000000 3.141593
 72 15.708952 0.000001 0.000000 -0.051525 0.003996 0.061523
 73 0.275148 0.189215 -3.445208 3.130898 0.000409 -1.514604
 74 17.210192 0.000001 0.000000 0.000000 0.000000 -1.893339
 75 -0.000000 0.000000 -4.999999 -0.079430 1.546568 -1.570855
 76 0.000002 -0.000003 -3.619081 0.577895 2.675801 -0.242118
 77 16.573923 -0.000000 -0.000001 0.000000 -0.000000 -1.163030
 78 15.128182 -0.000000 0.000002 0.089479 0.309197 0.659208
 79 5.758665 4.244730 0.000000 -0.000000 0.000000 1.815142
 80 4.003934 -0.000000 0.000000 0.000000 0.000000 0.000000
 81 15.708954 0.000000 0.000002 0.042277 0.226871 0.443133
 82 0.273998 0.191089 3.439762 -3.130907 -0.000437 -1.508107
 83 17.210196 -0.000001 -0.000002 0.000000 -0.000000 -1.937080
 84 0.000001 -0.000001 5.000000 -0.079314 1.595025 -1.570739
time 19
  0 -0.650000 0.000000 33.899605 -0.025849 0.174554 -1.569172
  1 5.685105 0.833237 -32.227173 -0.174512 -0.026131 1.569196
  2 -2.276935 0.000003 -1.238188 -1.570795 -1.570451 0.000000
  3 1.796872 0.711816 0.000245 -0.075544 0.041078 -0.085614
  4 4.118772 -0.003266 0.000248 -0.075660 -0.010219 0.052301
  5 4.118767 -0.003265 0.000248 -0.075677 -0.019666 0.053062
  6 4.118354 -0.003268 -0.000130 0.039712 -0.005981 -0.077833
  7 4.118098 -0.003470 -0.000471 0.134000 0.083928 -0.133394
  8 4.443602 0.000000 0.000000 0.063978 -0.040765 -0.310769
  9 9.024060 -0.000001 0.000000 0.000000 0.000000 0.000000
 10 -0.145247 0.234210 1.711144 1.732084 -0.983005 1.478223
 11 6.384776 -0.000000 -0.000001 -1.467543 -0.304830 -0.769074
 12 10.242683 -0.000002 0.000000 -0.000000 0.000000 -1.266906
 13 11.375561 -0.000001 -0.000000 -1.492083 -0.205851 0.763680
 14 0.728680 0.023431 -1.008292 1.627471 0.842372 0.191441
 15 2.136495 -0.000001 0.000000 0.000000 0.000000 0.898845
 16 2.313143 -0.000001 0.000000 0.000000 0.000000 0.000000
 17 3.115508 -0.886040 -0.021431 -0.523248 -0.008991 0.590544
 18 2.011146 0.000002 0.000005 0.000000 0.000000 1.951110
 19 2.141380 -0.000002 -0.000001 0.000000 0.000000 0.000000
 20 1.734173 0.000001 0.000002 -0.000000 -0.000000 0.976392
 21 0.000006 -4.440594 -0.000003 1.570544 -0.062990 -0.195737
 22 4.112854 -0.572203 -1.309458 -1.644301 0.094718 0.119721
 23 6.000001 -0.000000 0.000001 -1.499569 -0.000000 0.000000
 24 0.000003 -4.440600 -0.000000 1.569944 -0.062987 0.004053
 25 11.375567 -0.000000 0.000005 -1.513922 -0.097386 0.382112
 26 0.000000 -4.440603 -0.000000 1.570144 -0.062988 0.004040
 27 10.510131 -0.000000 -0.000001 -0.000000 0.000000 -2.204249
 28 0.000001 -1.748400 4.999999 0.000000 0.004007 1.602291
 29 5.500000 0.000001 -0.000001 0.554743 -0.000000 0.000000
 30 -0.000002 -1.940597 5.000000 -0.044472 0.004003 -0.000180
 31 6.551491 0.000000 0.000001 -1.075397 -0.103631 -0.627572
 32 0.000000 -1.940600 5.000003 -0.027189 -0.053376 0.005295
 33 6.551491 0.000001 0.000001 -0.440970 0.047422 -0.262854
 34 0.000000 -1.940600 4.999996 -0.066572 -0.152786 -0.110311
 35 0.145256 -0.227133 -1.711144 -2.263327 1.188121 1.003508
 36 6.384777 0.000000 -0.000001 1.414944 0.354685 -1.095585
 37 10.242682 -0.000001 0.000002 0.000000 0.000000 -0.978112
 38 11.375562 -0.000000 -0.000001 1.625703 0.391035 0.292410
 39 0.728685 0.023431 1.008294 -1.627471 -0.842372 0.191441
 40 2.136493 -0.000002 0.000001 0.000000 -0.000000 0.898844
 41 2.313143 -0.000001 -0.000001 0.000000 0.000000 3.141593
 42 3.115508 -0.886040 0.021429 0.523248 0.008991 0.590544
 43 2.011151 -0.000001 0.000002 -0.000000 -0.000000 1.951110
 44 2.141379 -0.000000 -0.000001 0.000000 0.000000 3.141593
 45 1.734174 -0.000002 0.000003 0.000000 0.000000 0.976392
 46 0.136315 -3.738192 2.525889 1.493698 2.759406 -1.474501
 47 3.771409 0.416400 1.053530 1.765650 0.074575 0.195753
 48 11.389366 -0.000819 0.158781 1.585026 0.209836 0.154974
 49 -0.000001 -4.440598 -0.000000 1.570144 -3.078602 0.004040
 50 6.000000 0.000000 -0.000001 1.585026 -0.000000 0.000000
 51 0.000003 -4.440602 0.000000 1.569944 -3.078603 0.004053
 52 10.510132 -0.000003 0.000002 -0.000000 0.000000 -2.059852
 53 0.000001 -1.748400 -5.000000 -3.141593 0.004007 -1.539299
 54 5.500000 -0.000003 0.000001 -0.428657 -0.000000 0.000000
 55 0.000001 -0.000002 -5.000000 -0.044472 3.137589 -0.000177
 56 6.551491 0.000000 0.000001 0.428657 -0.050734 -0.306768
 57 -1.266843 -1.937444 -4.950562 -0.066572 -2.988806 -0.110308
 58 6.551491 0.000000 0.000001 0.428657 -0.050734 -0.306768
 59 0.699371 -1.944207 -5.006846 -0.027189 -3.088217 0.005298
 60 4.226147 -0.003201 -0.000000 0.069075 0.042823 -0.079098
 61 -0.000002 5.000000 -0.000000 -0.153564 0.000087 2.718702
 62 0.000004 -0.000005 -3.713580 0.365818 2.880119 -0.191589
 63 0.000003 -0.000000 5.000000 3.053196 1.558589 -0.074928
 64 -0.000007 0.000005 3.713580 -0.001619 -3.122277 -0.475127
 65 0.000001 -0.000000 -5.000000 -0.088725 1.558589 3.066336
 66 7.363602 1.646647 0.495663 3.141593 -1.570796 0.000000
 67 -0.000005 0.000006 3.619081 0.008255 -3.110080 -0.985231
 68 16.573919 0.000001 0.000000 0.000000 0.000000 -1.065827
 69 15.128181 0.000001 -0.000000 -0.102296 0.010178 0.114297
 70 5.758665 4.244731 -0.000000 0.000000 -0.000000 1.667687
 71 3.177726 0.000000 0.000000 0.000000 0.000000 3.141593
 72 15.708952 0.000001 0.000000 -0.051525 0.003996 0.061523
 73 0.275148 0.189215 -3.445208 3.130898 0.000409 -1.514604
 74 17.210192 0.000001 0.000000 0.000000 0.000000 -1.893339
 75 -0.000000 0.000000 -4.999999 -0.079430 1.546568 -1.570855
 76 0.000002 -0.000003 -3.619081 0.577895 2.675801 -0.242118
 77 16.573923 -0.000000 -0.000001 0.000000 -0.000000 -1.163030
 78 15.128182 -0.000000 0.000002 0.089479 0.309197 0.659208
 79 5.758665 4.244730 0.000000 -0.000000 0.000000 1.815142
 80 4.003934 -0.000000 0.000000 0.000000 0.000000 0.000000
 81 15.708954 0.000000 0.000002 0.042277 0.226871 0.443133
 82 0.273998 0.191089 3.439762 -3.130907 -0.000437 -1.508107
 83 17.210196 -0.000001 -0.000002 0.000000 -0.000000 -1.937080
 84 0.000001 -0.000001 5.000000 -0.079314 1.595025 -1.570739
time 20
  0 -0.650000 0.000000 33.899605 -0.025849 0.174554 -1.569172
  1 5.685105 0.833237 -32.227173 -0.174512 -0.026131 1.569196
  2 -2.276935 0.000003 -1.238188 -1.570795 -1.570451 0.000000
  3 1.796865 0.711817 0.000245 -0.075507 0.039327 -0.087179
  4 4.118773 -0.003266 0.000248 -0.075663 -0.009764 0.051842
  5 4.118773 -0.003266 0.000248 -0.075680 -0.018887 0.052578
  6 4.118346 -0.003266 -0.000130 0.039709 -0.005476 -0.078236
  7 4.118094 -0.003470 -0.000471 0.134000 0.083928 -0.133394
  8 4.443602 0.000000 0.000000 0.063869 -0.040699 -0.307602
  9 9.024064 0.000001 0.000000 0.000000 0.000000 0.000000
 10 -0.145248 0.234210 1.711144 1.732084 -0.983005 1.478223
 11 6.384777 0.000001 0.000001 -1.466438 -0.307766 -0.770400
 12 10.242682 -0.000002 -0.000000 -0.000000 -0.000000 -1.259992
 13 11.375559 -0.000001 -0.000000 -1.492351 -0.207388 0.760987
 14 0.728680 0.023431 -1.008290 1.627471 0.842372 0.191441
 15 2.136498 0.000002 0.000001 -0.000000 0.000000 0.898844
 16 2.313139 -0.000000 -0.000001 0.000000 0.000000 0.000000
 17 3.115507 -0.886040 -0.021428 -0.523248 -0.008991 0.590544
 18 2.011149 0.000001 0.000004 -0.000000 0.000000 1.951110
 19 2.141380 0.000001 0.000001 0.000000 0.000000 0.000000
 20 1.734172 0.000001 0.000001 0.000000 0.000000 0.976392
 21 0.000007 -4.440595 -0.000004 1.570544 -0.062990 -0.195737
 22 4.112856 -0.572204 -1.309455 -1.644301 0.094718 0.119721
 23 6.000000 -0.000001 0.000000 -1.499787 0.000000 -0.000000
 24 0.000003 -4.440601 -0.000001 1.569944 -0.062987 0.004053
 25 11.375559 -0.000000 0.000003 -1.514012 -0.098268 0.380921
 26 0.000000 -4.440603 -0.000002 1.570144 -0.062988 0.004040
 27 10.510130 -0.000002 -0.000000 0.000000 0.000000 -2.200793
 28 0.000000 -1.748398 4.999999 0.000000 0.004007 1.602291
 29 5.499999 -0.000001 -0.000001 0.554555 -0.000000 0.000000
 30 -0.000001 -1.940599 5.000001 -0.044472 0.004003 -0.000180
 31 6.551492 0.000000 0.000001 -1.074952 -0.105786 -0.628443
 32 0.000001 -1.940597 5.000002 -0.027189 -0.053376 0.005295
 33 6.551492 0.000000 0.000001 -0.440808 0.046649 -0.263401
 34 -0.000000 -1.940599 4.999996 -0.066572 -0.152786 -0.110311
 35 0.145256 -0.227133 -1.711144 -2.263327 1.188121 1.003508
 36 6.384778 0.000001 -0.000003 1.415683 0.343924 -1.094297
 37 10.242683 -0.000000 0.000000 0.000000 0.000000 -0.994664
 38 11.375560 -0.000000 -0.000000 1.625710 0.391017 0.288842
 39 0.728675 0.023431 1.008291 -1.627471 -0.842372 0.191441
 40 2.136495 0.000002 -0.000001 0.000000 -0.000000 0.898844
 41 2.313139 -0.000001 0.000000 0.000000 0.000000 3.141593
 42 3.115505 -0.886040 0.021431 0.523248 0.008991 0.590544
 43 2.011153 -0.000001 0.000001 -0.000000 -0.000000 1.951110
 44 2.141381 0.000002 0.000000 0.000000 0.000000 3.141593
 45 1.734174 -0.000002 0.000001 -0.000000 0.000000 0.976392
 46 0.136316 -3.738194 2.525894 1.493698 2.759406 -1.474501
 47 3.771406 0.416400 1.053532 1.765650 0.074575 0.195753
 48 11.389363 -0.000819 0.158782 1.585191 0.209866 0.153146
 49 0.000005 -4.440600 0.000002 1.570144 -3.078602 0.004040
 50 5.999999 0.000000 -0.000001 1.585191 0.000000 -0.000000
 51 -0.000000 -4.440600 -0.000000 1.569944 -3.078603 0.004053
 52 10.510133 -0.000001 -0.000000 0.000000 0.000000 -2.068128
 53 0.000000 -1.748401 -5.000001 -3.141593 0.004007 -1.539299
 54 5.500001 -0.000002 -0.000001 -0.428604 0.000000 0.000000
 55 -0.000001 -0.000002 -4.999999 -0.044472 3.137589 -0.000177
 56 6.551492 0.000001 -0.000001 0.428604 -0.053411 -0.305458
 57 -1.266843 -1.937443 -4.950561 -0.066572 -2.988806 -0.110308
 58 6.551492 0.000000 -0.000001 0.428604 -0.053411 -0.305458
 59 0.699371 -1.944208 -5.006847 -0.027189 -3.088217 0.005298
 60 4.226143 -0.003201 0.000000 0.069075 0.042823 -0.079098
 61 0.000000 5.000001 0.000000 -0.153564 0.000087 2.718702
 62 0.000004 -0.000005 -3.713580 0.365818 2.880119 -0.191589
 63 0.000003 -0.000000 5.000000 3.053196 1.558589 -0.074928
 64 -0.000007 0.000005 3.713580 -0.001619 -3.122277 -0.475127
 65 0.000001 -0.000000 -5.000000 -0.088725 1.558589 3.066336
 66 7.363602 1.646647 0.495663 3.141593 -1.570796 0.000000
 67 -0.000005 0.000006 3.619081 0.008255 -3.110080 -0.985231
 68 16.573919 0.000001 0.000000 0.000000 0.000000 -1.065827
 69 15.128181 0.000001 -0.000000 -0.102296 0.010178 0.114297
 70 5.758665 4.244731 -0.000000 0.000000 -0.000000 1.667687
 71 3.177726 0.000000 0.000000 0.000000 0.000000 3.141593
 72 15.708952 0.000001 0.000000 -0.051525 0.003996 0.061523
 73 0.275148 0.189215 -3.445208 3.130898 0.000409 -1.514604
 74 17.210192 0.000001 0.000000 0.000000 0.000000 -1.893339
 75 -0.000000 0.000000 -4.999999 -0.079430 1.546568 -1.570855
 76 0.000002 -0.000003 -3.619081 0.577895 2.675801 -0.242118
 77 16.573923 -0.000000 -0.000001 0.000000 -0.000000 -1.163030
 78 15.128182 -0.000000 0.000002 0.089479 0.309197 0.659208
 79 5.758665 4.244730 0.000000 -0.000000 0.000000 1.815142
 80 4.003934 -0.000000 0.000000 0.000000 0.000000 0.000000
 81 15.708954 0.000000 0.000002 0.042277 0.226871 0.443133
 82 0.273998 0.191089 3.439762 -3.130907 -0.000437 -1.508107
 83 17.210196 -0.000001 -0.000002 0.000000 -0.000000 -1.937080
 84 0.000001 -0.000001 5.000000 -0.079314 1.595025 -1.570739
time 21
  0 -0.650000 0.000000 33.899605 -0.025849 0.174554 -1.569172
  1 5.685105 0.833237 -32.227173 -0.174512 -0.026131 1.569196
  2 -2.276935 0.000003 -1.238188 -1.570795 -1.570451 0.000000
  3 1.796865 0.711817 0.000245 -0.075479 0.037873 -0.087718
  4 4.118768 -0.003266 0.000248 -0.075664 -0.009355 0.051648
  5 4.118773 -0.003266 0.000248 -0.075681 -0.018196 0.052363
  6 4.118342 -0.003266 -0.000130 0.039707 -0.005047 -0.078382
  7 4.118099 -0.003470 -0.000471 0.134000 0.083928 -0.133394
  8 4.443599 0.000000 0.000000 0.063896 -0.040716 -0.306286
  9 9.024062 -0.000001 0.000000 0.000000 0.000000 0.000000
 10 -0.145252 0.234210 1.711144 1.732084 -0.983005 1.478223
 11 6.384777 -0.000000 0.000003 -1.466200 -0.310843 -0.770864
 12 10.242684 -0.000002 0.000001 0.000000 -0.000000 -1.257063
 13 11.375566 -0.000000 0.000001 -1.492499 -0.208304 0.760102
 14 0.728677 0.023431 -1.008289 1.627471 0.842372 0.191441
 15 2.136497 0.000000 0.000000 -0.000000 0.000000 0.898845
 16 2.313138 0.000003 -0.000000 0.000000 0.000000 0.000000
 17 3.115504 -0.886041 -0.021428 -0.523248 -0.008991 0.590544
 18 2.011149 0.000001 0.000001 -0.000000 0.000000 1.951110
 19 2.141380 -0.000002 -0.000002 0.000000 0.000000 0.000000
 20 1.734171 0.000001 0.000001 -0.000000 -0.000000 0.976392
 21 0.000006 -4.440594 0.000000 1.570544 -0.062990 -0.195737
 22 4.112854 -0.572204 -1.309458 -1.644301 0.094718 0.119721
 23 6.000002 0.000000 0.000000 -1.499883 -0.000000 0.000000
 24 0.000003 -4.440601 -0.000000 1.569944 -0.062987 0.004053
 25 11.375565 0.000001 0.000003 -1.514038 -0.098775 0.380519
 26 -0.000002 -4.440603 -0.000000 1.570144 -0.062988 0.004040
 27 10.510133 -0.000002 0.000001 0.000000 0.000000 -2.199328
 28 -0.000001 -1.748404 4.999998 -0.000000 0.004007 1.602291
 29 5.500001 -0.000003 0.000001 0.554595 -0.000000 -0.000000
 30 0.000000 -1.940598 5.000002 -0.044472 0.004003 -0.000180
 31 6.551491 -0.000000 0.000001 -1.075081 -0.108090 -0.629096
 32 -0.000000 -1.940602 5.000003 -0.027189 -0.053376 0.005295
 33 6.551491 0.000000 0.000001 -0.440804 0.045850 -0.263833
 34 -0.000000 -1.940600 4.999997 -0.066572 -0.152786 -0.110311
 35 0.145257 -0.227133 -1.711144 -2.263327 1.188121 1.003508
 36 6.384776 -0.000000 0.000003 1.416730 0.335072 -1.092462
 37 10.242682 -0.000001 -0.000000 -0.000000 -0.000000 -1.012992
 38 11.375560 -0.000000 -0.000000 1.625792 0.390744 0.287480
 39 0.728680 0.023431 1.008293 -1.627471 -0.842372 0.191441
 40 2.136500 0.000001 -0.000001 -0.000000 -0.000000 0.898845
 41 2.313141 0.000001 0.000000 0.000000 0.000000 3.141593
 42 3.115506 -0.886041 0.021432 0.523248 0.008991 0.590544
 43 2.011147 0.000002 -0.000001 0.000000 0.000000 1.951110
 44 2.141381 -0.000002 -0.000000 0.000000 0.000000 3.141593
 45 1.734172 -0.000000 0.000003 -0.000000 -0.000000 0.976392
 46 0.136315 -3.738193 2.525891 1.493698 2.759406 -1.474501
 47 3.771410 0.416401 1.053532 1.765650 0.074575 0.195753
 48 11.389364 -0.000819 0.158782 1.585305 0.209748 0.152454
 49 0.000001 -4.440599 -0.000001 1.570144 -3.078602 0.004040
 50 5.999998 0.000001 -0.000000 1.585305 0.000000 -0.000000
 51 0.000003 -4.440602 0.000000 1.569944 -3.078603 0.004053
 52 10.510134 -0.000001 0.000001 0.000000 0.000000 -2.077292
 53 -0.000001 -1.748400 -5.000000 -3.141593 0.004007 -1.539299
 54 5.500000 0.000001 0.000000 -0.428642 0.000000 -0.000000
 55 0.000001 -0.000002 -5.000000 -0.044472 3.137589 -0.000177
 56 6.551491 0.000000 0.000000 0.428642 -0.055628 -0.304231
 57 -1.266843 -1.937444 -4.950561 -0.066572 -2.988806 -0.110308
 58 6.551491 0.000000 0.000000 0.428642 -0.055628 -0.304231
 59 0.699370 -1.944208 -5.006845 -0.027189 -3.088217 0.005298
 60 4.226146 -0.003201 -0.000000 0.069075 0.042823 -0.079098
 61 0.000003 5.000001 0.000000 -0.153564 0.000087 2.718702
 62 0.000004 -0.000005 -3.713580 0.365818 2.880119 -0.191589
 63 0.000003 -0.000000 5.000000 3.053196 1.558589 -0.074928
 64 -0.000007 0.000005 3.713580 -0.001619 -3.122277 -0.475127
 65 0.000001 -0.000000 -5.000000 -0.088725 1.558589 3.066336
 66 7.363602 1.646647 0.495663 3.141593 -1.570796 0.000000
 67 -0.000005 0.000006 3.619081 0.008255 -3.110080 -0.985231
 68 16.573919 0.000001 0.000000 0.000000 0.000000 -1.065827
 69 15.128181 0.000001 -0.000000 -0.102296 0.010178 0.114297
 70 5.758665 4.244731 -0.000000 0.000000 -0.000000 1.667687
 71 3.177726 0.000000 0.000000 0.000000 0.000000 3.141593
 72 15.708952 0.000001 0.000000 -0.051525 0.003996 0.061523
 73 0.275148 0.189215 -3.445208 3.130898 0.000409 -1.514604
 74 17.210192 0.000001 0.000000 0.000000 0.000000 -1.893339
 75 -0.000000 0.000000 -4.999999 -0.079430 1.546568 -1.570855
 76 0.000002 -0.000003 -3.619081 0.577895 2.675801 -0.242118
 77 16.573923 -0.000000 -0.000001 0.000000 -0.000000 -1.163030
 78 15.128182 -0.000000 0.000002 0.089479 0.309197 0.659208
 79 5.758665 4.244730 0.000000 -0.000000 0.000000 1.815142
 80 4.003934 -0.000000 0.000000 0.000000 0.000000 0.000000
 81 15.708954 0.000000 0.000002 0.042277 0.226871 0.443133
 82 0.273998 0.191089 3.439762 -3.130907 -0.000437 -1.508107
 83 17.210196 -0.000001 -0.000002 0.000000 -0.000000 -1.937080
 84 0.000001 -0.000001 5.000000 -0.079314 1.595025 -1.570739
time 22
  0 -0.650000 0.000000 33.899605 -0.025849 0.174554 -1.569172
  1 5.685105 0.833237 -32.227173 -0.174512 -0.026131 1.569196
  2 -2.276935 0.000003 -1.238188 -1.570795 -1.570451 0.000000
  3 1.796868 0.711816 0.000245 -0.075474 0.037238 -0.086836
  4 4.118769 -0.003266 0.000248 -0.075664 -0.009129 0.051840
  5 4.118768 -0.003265 0.000248 -0.075681 -0.017832 0.052544
  6 4.118350 -0.003267 -0.000130 0.039707 -0.004846 -0.078166
  7 4.118096 -0.003470 -0.000471 0.134000 0.083928 -0.133394
  8 4.443596 -0.000000 0.000000 0.064084 -0.040826 -0.307644
  9 9.024065 0.000001 -0.000000 0.000000 0.000000 0.000000
 10 -0.145258 0.234210 1.711144 1.732084 -0.983005 1.478223
 11 6.384777 -0.000001 0.000003 -1.467571 -0.316355 -0.769915
 12 10.242683 -0.000002 0.000001 0.000000 -0.000000 -1.257690
 13 11.375562 -0.000000 0.000002 -1.492441 -0.208181 0.761730
 14 0.728682 0.023431 -1.008293 1.627471 0.842372 0.191441
 15 2.136498 -0.000000 0.000001 -0.000000 0.000000 0.898844
 16 2.313139 0.000001 0.000000 0.000000 0.000000 0.000000
 17 3.115506 -0.886041 -0.021431 -0.523248 -0.008991 0.590544
 18 2.011153 -0.000000 -0.000004 0.000000 -0.000000 1.951110
 19 2.141380 0.000000 0.000002 0.000000 0.000000 0.000000
 20 1.734170 0.000001 0.000004 0.000000 -0.000000 0.976392
 21 0.000006 -4.440594 0.000002 1.570544 -0.062990 -0.195737
 22 4.112856 -0.572204 -1.309457 -1.644301 0.094718 0.119721
 23 6.000000 0.000001 0.000001 -1.499791 -0.000000 -0.000000
 24 0.000003 -4.440601 0.000001 1.569944 -0.062987 0.004053
 25 11.375561 0.000000 0.000004 -1.513969 -0.098668 0.381220
 26 -0.000004 -4.440603 0.000001 1.570144 -0.062988 0.004040
 27 10.510132 -0.000003 0.000000 0.000000 -0.000000 -2.199641
 28 0.000000 -1.748399 4.999999 -0.000000 0.004007 1.602291
 29 5.500001 -0.000003 0.000001 0.555122 -0.000000 -0.000000
 30 -0.000001 -1.940599 5.000000 -0.044472 0.004003 -0.000180
 31 6.551491 -0.000001 -0.000000 -1.076468 -0.112309 -0.629763
 32 0.000001 -1.940599 5.000000 -0.027189 -0.053376 0.005295
 33 6.551491 -0.000001 -0.000000 -0.441116 0.044439 -0.264338
 34 -0.000001 -1.940598 4.999995 -0.066572 -0.152786 -0.110311
 35 0.145252 -0.227133 -1.711144 -2.263327 1.188121 1.003508
 36 6.384776 -0.000000 0.000001 1.418126 0.329733 -1.090067
 37 10.242682 -0.000000 -0.000001 0.000000 -0.000000 -1.032313
 38 11.375559 0.000000 -0.000000 1.625936 0.390248 0.289319
 39 0.728683 0.023431 1.008293 -1.627471 -0.842372 0.191441
 40 2.136490 -0.000004 0.000001 0.000000 -0.000000 0.898844
 41 2.313145 -0.000001 -0.000001 0.000000 0.000000 3.141593
 42 3.115503 -0.886041 0.021429 0.523248 0.008991 0.590544
 43 2.011149 -0.000001 -0.000001 -0.000000 0.000000 1.951110
 44 2.141380 -0.000001 -0.000000 0.000000 0.000000 3.141593
 45 1.734171 -0.000002 0.000001 0.000000 0.000000 0.976392
 46 0.136315 -3.738189 2.525888 1.493698 2.759406 -1.474501
 47 3.771409 0.416401 1.053531 1.765650 0.074575 0.195753
 48 11.389364 -0.000819 0.158781 1.585315 0.209487 0.153409
 49 -0.000006 -4.440598 -0.000001 1.570144 -3.078602 0.004040
 50 5.999997 0.000001 -0.000001 1.585315 0.000000 0.000000
 51 0.000003 -4.440601 0.000000 1.569944 -3.078603 0.004053
 52 10.510132 0.000002 0.000001 -0.000000 0.000000 -2.086952
 53 0.000001 -1.748399 -5.000003 -3.141593 0.004007 -1.539299
 54 5.500000 -0.000000 -0.000001 -0.428831 -0.000000 0.000000
 55 0.000001 0.000000 -4.999999 -0.044472 3.137589 -0.000177
 56 6.551490 -0.000001 0.000002 0.428831 -0.056989 -0.303253
 57 -1.266843 -1.937443 -4.950559 -0.066572 -2.988806 -0.110308
 58 6.551490 -0.000001 0.000002 0.428831 -0.056989 -0.303253
 59 0.699371 -1.944208 -5.006846 -0.027189 -3.088217 0.005298
 60 4.226145 -0.003202 -0.000000 0.069075 0.042823 -0.079098
 61 0.000002 5.000000 0.000000 -0.153564 0.000087 2.718702
 62 0.000004 -0.000005 -3.713580 0.365818 2.880119 -0.191589
 63 0.000003 -0.000000 5.000000 3.053196 1.558589 -0.074928
 64 -0.000007 0.000005 3.713580 -0.001619 -3.122277 -0.475127
 65 0.000001 -0.000000 -5.000000 -0.088725 1.558589 3.066336
 66 7.363602 1.646647 0.495663 3.141593 -1.570796 0.000000
 67 -0.000005 0.000006 3.619081 0.008255 -3.110080 -0.985231
 68 16.573919 0.000001 0.000000 0.000000 0.000000 -1.065827
 69 15.128181 0.000001 -0.000000 -0.102296 0.010178 0.114297
 70 5.758665 4.244731 -0.000000 0.000000 -0.000000 1.667687
 71 3.177726 0.000000 0.000000 0.000000 0.000000 3.141593
 72 15.708952 0.000001 0.000000 -0.051525 0.003996 0.061523
 73 0.275148 0.189215 -3.445208 3.130898 0.000409 -1.514604
 74 17.210192 0.000001 0.000000 0.000000 0.000000 -1.893339
 75 -0.000000 0.000000 -4.999999 -0.079430 1.546568 -1.570855
 76 0.000002 -0.000003 -3.619081 0.577895 2.675801 -0.242118
 77 16.573923 -0.000000 -0.000001 0.000000 -0.000000 -1.163030
 78 15.128182 -0.000000 0.000002 0.089479 0.309197 0.659208
 79 5.758665 4.244730 0.000000 -0.000000 0.000000 1.815142
 80 4.003934 -0.000000 0.000000 0.000000 0.000000 0.000000
 81 15.708954 0.000000 0.000002 0.042277 0.226871 0.443133
 82 0.273998 0.191089 3.439762 -3.130907 -0.000437 -1.508107
 83 17.210196 -0.000001 -0.000002 0.000000 -0.000000 -1.937080
 84 0.000001 -0.000001 5.000000 -0.079314 1.595025 -1.570739
time 23
  0 -0.650000 0.000000 33.899605 -0.025849 0.174554 -1.569172
  1 5.685105 0.833237 -32.227173 -0.174512 -0.026131 1.569196
  2 -2.276935 0.000003 -1.238188 -1.570795 -1.570451 0.000000
  3 1.796876 0.711816 0.000245 -0.075489 0.037260 -0.084863
  4 4.118770 -0.003266 0.000248 -0.075661 -0.009054 0.052328
  5 4.118772 -0.003266 0.000248 -0.075678 -0.017731 0.053030
  6 4.118351 -0.003267 -0.000130 0.039709 -0.004827 -0.077672
  7 4.118094 -0.003470 -0.000471 0.134000 0.083928 -0.133394
  8 4.443601 -0.000000 0.000000 0.064396 -0.041004 -0.311062
  9 9.024062 -0.000001 0.000000 0.000000 0.000000 0.000000
 10 -0.145248 0.234210 1.711144 1.732084 -0.983005 1.478223
 11 6.384778 0.000000 0.000002 -1.470207 -0.323732 -0.767850
 12 10.242683 0.000000 -0.000001 -0.000000 -0.000000 -1.261080
 13 11.375567 -0.000000 0.000001 -1.492224 -0.207243 0.765265
 14 0.728681 0.023430 -1.008294 1.627471 0.842372 0.191441
 15 2.136497 -0.000001 0.000000 0.000000 0.000000 0.898844
 16 2.313141 -0.000000 0.000000 0.000000 0.000000 0.000000
 17 3.115507 -0.886041 -0.021433 -0.523248 -0.008991 0.590544
 18 2.011152 -0.000000 0.000000 -0.000000 -0.000000 1.951110
 19 2.141379 -0.000000 -0.000000 0.000000 0.000000 0.000000
 20 1.734172 0.000000 0.000003 -0.000000 -0.000000 0.976392
 21 0.000005 -4.440594 0.000003 1.570544 -0.062990 -0.195737
 22 4.112854 -0.572204 -1.309459 -1.644301 0.094718 0.119721
 23 6.000003 0.000000 -0.000000 -1.499553 0.000000 -0.000000
 24 0.000002 -4.440601 0.000000 1.569944 -0.062987 0.004053
 25 11.375566 0.000000 0.000003 -1.513827 -0.098079 0.382758
 26 -0.000005 -4.440602 0.000001 1.570144 -0.062988 0.004040
 27 10.510132 -0.000001 -0.000001 0.000000 -0.000000 -2.201337
 28 0.000001 -1.748400 4.999999 0.000000 0.004007 1.602290
 29 5.500000 0.000000 -0.000000 0.556017 0.000000 0.000000
 30 -0.000001 -1.940599 5.000003 -0.044472 0.004003 -0.000180
 31 6.551493 0.000000 0.000003 -1.078827 -0.118012 -0.630427
 32 0.000001 -1.940601 5.000000 -0.027189 -0.053376 0.005295
 33 6.551493 0.000000 0.000003 -0.441664 0.042559 -0.264891
 34 -0.000001 -1.940599 4.999999 -0.066572 -0.152786 -0.110311
 35 0.145257 -0.227133 -1.711144 -2.263327 1.188121 1.003508
 36 6.384777 -0.000000 0.000000 1.419704 0.328001 -1.087463
 37 10.242683 -0.000002 -0.000001 0.000000 0.000000 -1.050176
 38 11.375562 -0.000001 -0.000000 1.626118 0.389587 0.293567
 39 0.728679 0.023431 1.008293 -1.627471 -0.842372 0.191441
 40 2.136501 0.000002 -0.000001 0.000000 -0.000000 0.898844
 41 2.313135 0.000001 -0.000000 0.000000 0.000000 3.141593
 42 3.115508 -0.886040 0.021433 0.523248 0.008991 0.590544
 43 2.011152 -0.000001 0.000000 -0.000000 -0.000000 1.951110
 44 2.141379 0.000001 0.000000 0.000000 0.000000 3.141593
 45 1.734174 -0.000002 0.000000 -0.000000 0.000000 0.976392
 46 0.136315 -3.738193 2.525892 1.493698 2.759406 -1.474501
 47 3.771408 0.416401 1.053532 1.765650 0.074575 0.195753
 48 11.389365 -0.000819 0.158782 1.585243 0.209118 0.155602
 49 0.000001 -4.440600 0.000001 1.570144 -3.078602 0.004040
 50 5.999998 0.000001 0.000001 1.585243 -0.000000 0.000000
 51 -0.000000 -4.440600 -0.000000 1.569944 -3.078603 0.004053
 52 10.510132 -0.000000 0.000001 0.000000 -0.000000 -2.095885
 53 0.000001 -1.748398 -5.000001 -3.141593 0.004007 -1.539299
 54 5.500000 -0.000000 -0.000001 -0.429145 0.000000 -0.000000
 55 0.000000 -0.000001 -5.000000 -0.044472 3.137589 -0.000177
 56 6.551491 -0.000000 0.000000 0.429145 -0.057468 -0.302603
 57 -1.266844 -1.937443 -4.950562 -0.066572 -2.988806 -0.110308
 58 6.551492 0.000000 0.000001 0.429145 -0.057468 -0.302603
 59 0.699370 -1.944207 -5.006845 -0.027189 -3.088217 0.005298
 60 4.226145 -0.003201 0.000000 0.069075 0.042823 -0.079098
 61 -0.000001 5.000001 0.000000 -0.153564 0.000087 2.718702
 62 0.000004 -0.000005 -3.713580 0.365818 2.880119 -0.191589
 63 0.000003 -0.000000 5.000000 3.053196 1.558589 -0.074928
 64 -0.000007 0.000005 3.713580 -0.001619 -3.122277 -0.475127
 65 0.000001 -0.000000 -5.000000 -0.088725 1.558589 3.066336
 66 7.363602 1.646647 0.495663 3.141593 -1.570796 0.000000
 67 -0.000005 0.000006 3.619081 0.008255 -3.110080 -0.985231
 68 16.573919 0.000001 0.000000 0.000000 0.000000 -1.065827
 69 15.128181 0.000001 -0.000000 -0.102296 0.010178 0.114297
 70 5.758665 4.244731 -0.000000 0.000000 -0.000000 1.667687
 71 3.177726 0.000000 0.000000 0.000000 0.000000 3.141593
 72 15.708952 0.000001 0.000000 -0.051525 0.003996 0.061523
 73 0.275148 0.189215 -3.445208 3.130898 0.000409 -1.514604
 74 17.210192 0.000001 0.000000 0.000000 0.000000 -1.893339
 75 -0.000000 0.000000 -4.999999 -0.079430 1.546568 -1.570855
 76 0.000002 -0.000003 -3.619081 0.577895 2.675801 -0.242118
 77 16.573923 -0.000000 -0.000001 0.000000 -0.000000 -1.163030
 78 15.128182 -0.000000 0.000002 0.089479 0.309197 0.659208
 79 5.758665 4.244730 0.000000 -0.000000 0.000000 1.815142
 80 4.003934 -0.000000 0.000000 0.000000 0.000000 0.000000
 81 15.708954 0.000000 0.000002 0.042277 0.226871 0.443133
 82 0.273998 0.191089 3.439762 -3.130907 -0.000437 -1.508107
 83 17.210196 -0.000001 -0.000002 0.000000 -0.000000 -1.937080
 84 0.000001 -0.000001 5.000000 -0.079314 1.595025 -1.570739
time 24
  0 -0.650000 0.000000 33.899605 -0.025849 0.174554 -1.569172
  1 5.685105 0.833237 -32.227173 -0.174512 -0.026131 1.569196
  2 -2.276935 0.000003 -1.238188 -1.570795 -1.570451 0.000000
  3 1.796884 0.711815 0.000245 -0.075516 0.037780 -0.082129
  4 4.118773 -0.003266 0.000248 -0.075658 -0.009096 0.053025
  5 4.118774 -0.003266 0.000248 -0.075675 -0.017835 0.053732
  6 4.118352 -0.003268 -0.000130 0.039712 -0.004948 -0.076985
  7 4.118097 -0.003470 -0.000471 0.134000 0.083928 -0.133394
  8 4.443598 0.000000 0.000000 0.064792 -0.041228 -0.315928
  9 9.024061 -0.000001 0.000000 0.000000 0.000000 0.000000
 10 -0.145251 0.234210 1.711144 1.732084 -0.983005 1.478223
 11 6.384776 -0.000000 0.000003 -1.473772 -0.332417 -0.764969
 12 10.242683 -0.000001 0.000000 0.000000 -0.000000 -1.266417
 13 11.375562 -0.000001 0.000001 -1.491893 -0.205711 0.770094
 14 0.728681 0.023431 -1.008292 1.627471 0.842372 0.191441
 15 2.136497 -0.000000 0.000001 0.000000 -0.000000 0.898844
 16 2.313141 0.000003 -0.000001 0.000000 0.000000 0.000000
 17 3.115508 -0.886041 -0.021429 -0.523248 -0.008991 0.590544
 18 2.011155 -0.000002 -0.000002 -0.000000 -0.000000 1.951110
 19 2.141380 -0.000000 0.000001 0.000000 0.000000 0.000000
 20 1.734174 -0.000001 0.000003 -0.000000 -0.000000 0.976392
 21 0.000006 -4.440594 0.000001 1.570544 -0.062990 -0.195737
 22 4.112856 -0.572204 -1.309458 -1.644301 0.094718 0.119721
 23 6.000000 -0.000000 0.000001 -1.499215 0.000000 -0.000000
 24 0.000003 -4.440600 0.000000 1.569944 -0.062987 0.004053
 25 11.375561 -0.000000 0.000004 -1.513639 -0.097143 0.384865
 26 0.000000 -4.440603 -0.000000 1.570144 -0.062988 0.004040
 27 10.510132 -0.000003 0.000000 -0.000000 -0.000000 -2.204005
 28 -0.000001 -1.748404 4.999999 -0.000000 0.004007 1.602290
 29 5.500000 -0.000003 0.000001 0.557163 -0.000000 -0.000000
 30 -0.000002 -1.940598 5.000001 -0.044472 0.004003 -0.000180
 31 6.551491 -0.000000 0.000002 -1.081879 -0.124778 -0.631073
 32 0.000000 -1.940600 5.000000 -0.027189 -0.053376 0.005295
 33 6.551491 -0.000000 0.000002 -0.442368 0.040349 -0.265471
 34 -0.000000 -1.940599 4.999998 -0.066572 -0.152786 -0.110311
 35 0.145254 -0.227133 -1.711144 -2.263327 1.188121 1.003508
 36 6.384777 -0.000001 0.000002 1.421289 0.329874 -1.084969
 37 10.242683 -0.000003 -0.000000 0.000000 0.000000 -1.064288
 38 11.375562 -0.000001 -0.000001 1.626311 0.388820 0.299485
 39 0.728680 0.023431 1.008292 -1.627471 -0.842372 0.191441
 40 2.136492 -0.000001 -0.000000 0.000000 -0.000000 0.898844
 41 2.313142 -0.000001 -0.000001 0.000000 0.000000 3.141593
 42 3.115507 -0.886041 0.021431 0.523248 0.008991 0.590544
 43 2.011148 0.000001 -0.000002 0.000000 0.000000 1.951110
 44 2.141378 0.000001 -0.000002 0.000000 0.000000 3.141593
 45 1.734168 0.000001 -0.000002 -0.000000 -0.000000 0.976392
 46 0.136315 -3.738193 2.525892 1.493698 2.759406 -1.474501
 47 3.771407 0.416401 1.053529 1.765650 0.074575 0.195753
 48 11.389370 -0.000820 0.158780 1.585107 0.208678 0.158647
 49 0.000004 -4.440599 0.000001 1.570144 -3.078602 0.004040
 50 6.000002 -0.000001 -0.000001 1.585107 0.000000 -0.000000
 51 -0.000001 -4.440600 -0.000001 1.569944 -3.078603 0.004053
 52 10.510132 -0.000000 0.000001 0.000000 -0.000000 -2.102940
 53 -0.000001 -1.748399 -5.000001 -3.141593 0.004007 -1.539299
 54 5.500000 -0.000001 -0.000000 -0.429543 -0.000000 0.000000
 55 -0.000001 0.000001 -4.999998 -0.044472 3.137589 -0.000177
 56 6.551491 -0.000000 0.000002 0.429543 -0.057059 -0.302341
 57 -1.266843 -1.937443 -4.950558 -0.066572 -2.988806 -0.110308
 58 6.551491 -0.000000 0.000002 0.429543 -0.057059 -0.302341
 59 0.699371 -1.944209 -5.006847 -0.027189 -3.088217 0.005298
 60 4.226148 -0.003202 0.000000 0.069075 0.042823 -0.079098
 61 0.000001 5.000001 0.000000 -0.153564 0.000087 2.718702
 62 0.000004 -0.000005 -3.713580 0.365818 2.880119 -0.191589
 63 0.000003 -0.000000 5.000000 3.053196 1.558589 -0.074928
 64 -0.000007 0.000005 3.713580 -0.001619 -3.122277 -0.475127
 65 0.000001 -0.000000 -5.000000 -0.088725 1.558589 3.066336
 66 7.363602 1.646647 0.495663 3.141593 -1.570796 0.000000
 67 -0.000005 0.000006 3.619081 0.008255 -3.110080 -0.985231
 68 16.573919 0.000001 0.000000 0.000000 0.000000 -1.065827
 69 15.128181 0.000001 -0.000000 -0.102296 0.010178 0.114297
 70 5.758665 4.244731 -0.000000 0.000000 -0.000000 1.667687
 71 3.177726 0.000000 0.000000 0.000000 0.000000 3.141593
 72 15.708952 0.000001 0.000000 -0.051525 0.003996 0.061523
 73 0.275148 0.189215 -3.445208 3.130898 0.000409 -1.514604
 74 17.210192 0.000001 0.000000 0.000000 0.000000 -1.893339
 75 -0.000000 0.000000 -4.999999 -0.079430 1.546568 -1.570855
 76 0.000002 -0.000003 -3.619081 0.577895 2.675801 -0.242118
 77 16.573923 -0.000000 -0.000001 0.000000 -0.000000 -1.163030
 78 15.128182 -0.000000 0.000002 0.089479 0.309197 0.659208
 79 5.758665 4.244730 0.000000 -0.000000 0.000000 1.815142
 80 4.003934 -0.000000 0.000000 0.000000 0.000000 0.000000
 81 15.708954 0.000000 0.000002 0.042277 0.226871 0.443133
 82 0.273998 0.191089 3.439762 -3.130907 -0.000437 -1.508107
 83 17.210196 -0.000001 -0.000002 0.000000 -0.000000 -1.937080
 84 0.000001 -0.000001 5.000000 -0.079314 1.595025 -1.570739
time 25
  0 -0.650000 0.000000 33.899605 -0.025849 0.174554 -1.569172
  1 5.685105 0.833237 -32.227173 -0.174512 -0.026131 1.569196
  2 -2.276935 0.000003 -1.238188 -1.570795 -1.570451 0.000000
  3 1.796895 0.711814 0.000245 -0.075549 0.038638 -0.078966
  4 4.118774 -0.003266 0.000248 -0.075654 -0.009219 0.053841
  5 4.118775 -0.003265 0.000248 -0.075671 -0.018081 0.054558
  6 4.118358 -0.003268 -0.000130 0.039715 -0.005165 -0.076188
  7 4.118094 -0.003470 -0.000471 0.134000 0.083928 -0.133394
  8 4.443600 -0.000000 0.000000 0.065229 -0.041475 -0.321626
  9 9.024060 -0.000001 -0.000000 0.000000 0.000000 0.000000
 10 -0.145250 0.234210 1.711144 1.732084 -0.983005 1.478223
 11 6.384777 -0.000002 0.000001 -1.477920 -0.341829 -0.761582
 12 10.242682 0.000001 -0.000001 -0.000000 0.000000 -1.272917
 13 11.375565 0.000001 0.000001 -1.491495 -0.203809 0.775612
 14 0.728681 0.023431 -1.008293 1.627471 0.842372 0.191441
 15 2.136496 -0.000001 -0.000001 -0.000000 0.000000 0.898844
 16 2.313142 -0.000000 0.000000 0.000000 0.000000 0.000000
 17 3.115509 -0.886041 -0.021432 -0.523248 -0.008990 0.590544
 18 2.011155 -0.000000 -0.000002 -0.000000 0.000000 1.951110
 19 2.141380 0.000003 0.000002 0.000000 0.000000 0.000000
 20 1.734174 0.000001 0.000000 0.000000 0.000000 0.976392
 21 0.000006 -4.440594 -0.000004 1.570544 -0.062990 -0.195737
 22 4.112852 -0.572204 -1.309456 -1.644301 0.094718 0.119721
 23 6.000001 0.000001 0.000000 -1.498822 0.000000 -0.000000
 24 0.000003 -4.440600 -0.000001 1.569944 -0.062987 0.004053
 25 11.375565 0.000001 0.000004 -1.513429 -0.095994 0.387275
 26 -0.000002 -4.440604 0.000000 1.570144 -0.062988 0.004040
 27 10.510130 -0.000001 -0.000000 -0.000000 -0.000000 -2.207255
 28 -0.000000 -1.748400 4.999999 -0.000000 0.004007 1.602290
 29 5.500000 -0.000001 -0.000000 0.558444 0.000000 0.000000
 30 -0.000002 -1.940599 5.000002 -0.044472 0.004003 -0.000180
 31 6.551492 -0.000001 0.000002 -1.085341 -0.132163 -0.631686
 32 0.000000 -1.940601 5.000002 -0.027189 -0.053376 0.005295
 33 6.551491 -0.000001 -0.000002 -0.443152 0.037952 -0.266057
 34 -0.000000 -1.940600 4.999999 -0.066572 -0.152786 -0.110311
 35 0.145255 -0.227133 -1.711144 -2.263327 1.188121 1.003508
 36 6.384776 -0.000001 0.000001 1.422570 0.334917 -1.082983
 37 10.242683 -0.000000 0.000001 -0.000000 -0.000000 -1.072403
 38 11.375563 -0.000000 0.000000 1.626489 0.388009 0.306358
 39 0.728681 0.023431 1.008293 -1.627471 -0.842372 0.191441
 40 2.136492 -0.000003 0.000001 0.000000 -0.000000 0.898844
 41 2.313144 -0.000002 -0.000000 0.000000 0.000000 3.141593
 42 3.115505 -0.886040 0.021430 0.523248 0.008991 0.590544
 43 2.011150 -0.000000 -0.000001 -0.000000 -0.000000 1.951110
 44 2.141378 -0.000003 0.000001 0.000000 0.000000 3.141593
 45 1.734172 -0.000001 -0.000001 -0.000000 -0.000000 0.976392
 46 0.136316 -3.738194 2.525890 1.493698 2.759406 -1.474501
 47 3.771410 0.416400 1.053532 1.765650 0.074575 0.195753
 48 11.389367 -0.000819 0.158782 1.584924 0.208205 0.162172
 49 0.000002 -4.440599 0.000001 1.570144 -3.078602 0.004040
 50 6.000000 -0.000000 0.000001 1.584924 0.000000 0.000000
 51 -0.000000 -4.440600 -0.000001 1.569944 -3.078603 0.004053
 52 10.510132 0.000001 0.000002 0.000000 -0.000000 -2.106998
 53 -0.000000 -1.748401 -5.000001 3.141593 0.004007 -1.539299
 54 5.500000 0.000002 0.000001 -0.429943 0.000000 -0.000000
 55 -0.000000 0.000001 -4.999999 -0.044472 3.137589 -0.000177
 56 6.551490 -0.000001 0.000002 0.429943 -0.055853 -0.302501
 57 -1.266843 -1.937443 -4.950560 -0.066572 -2.988806 -0.110308
 58 6.551490 -0.000001 0.000002 0.429943 -0.055853 -0.302501
 59 0.699371 -1.944208 -5.006848 -0.027189 -3.088217 0.005298
 60 4.226145 -0.003202 -0.000000 0.069075 0.042823 -0.079098
 61 -0.000000 5.000001 0.000000 -0.153564 0.000087 2.718702
 62 0.000004 -0.000005 -3.713580 0.365818 2.880119 -0.191589
 63 0.000003 -0.000000 5.000000 3.053196 1.558589 -0.074928
 64 -0.000007 0.000005 3.713580 -0.001619 -3.122277 -0.475127
 65 0.000001 -0.000000 -5.000000 -0.088725 1.558589 3.066336
 66 7.363602 1.646647 0.495663 3.141593 -1.570796 0.000000
 67 -0.000005 0.000006 3.619081 0.008255 -3.110080 -0.985231
 68 16.573919 0.000001 0.000000 0.000000 0.000000 -1.065827
 69 15.128181 0.000001 -0.000000 -0.102296 0.010178 0.114297
 70 5.758665 4.244731 -0.000000 0.000000 -0.000000 1.667687
 71 3.177726 0.000000 0.000000 0.000000 0.000000 3.141593
 72 15.708952 0.000001 0.000000 -0.051525 0.003996 0.061523
 73 0.275148 0.189215 -3.445208 3.130898 0.000409 -1.514604
 74 17.210192 0.000001 0.000000 0.000000 0.000000 -1.893339
 75 -0.000000 0.000000 -4.999999 -0.079430 1.546568 -1.570855
 76 0.000002 -0.000003 -3.619081 0.577895 2.675801 -0.242118
 77 16.573923 -0.000000 -0.000001 0.000000 -0.000000 -1.163030
 78 15.128182 -0.000000 0.000002 0.089479 0.309197 0.659208
 79 5.758665 4.244730 0.000000 -0.000000 0.000000 1.815142
 80 4.003934 -0.000000 0.000000 0.000000 0.000000 0.000000
 81 15.708954 0.000000 0.000002 0.042277 0.226871 0.443133
 82 0.273998 0.191089 3.439762 -3.130907 -0.000437 -1.508107
 83 17.210196 -0.000001 -0.000002 0.000000 -0.000000 -1.937080
 84 0.000001 -0.000001 5.000000 -0.079314 1.595025 -1.570739
time 26
  0 -0.650000 0.000000 33.899605 -0.025849 0.174554 -1.569172
  1 5.685105 0.833237 -32.227173 -0.174512 -0.026131 1.569196
  2 -2.276935 0.000003 -1.238188 -1.570795 -1.570451 0.000000
  3 1.796907 0.711814 0.000245 -0.075581 0.039673 -0.075702
  4 4.118777 -0.003265 0.000248 -0.075650 -0.009391 0.054690
  5 4.118782 -0.003265 0.000248 -0.075667 -0.018410 0.055418
  6 4.118356 -0.003268 -0.000130 0.039718 -0.005434 -0.075364
  7 4.118095 -0.003470 -0.000471 0.134000 0.083928 -0.133394
  8 4.443601 0.000000 0.000000 0.065666 -0.041723 -0.327544
  9 9.024060 -0.000001 0.000000 0.000000 0.000000 0.000000
 10 -0.145252 0.234210 1.711144 1.732084 -0.983005 1.478223
 11 6.384777 0.000000 0.000000 -1.482290 -0.351350 -0.758005
 12 10.242682 -0.000001 -0.000001 -0.000000 0.000000 -1.279855
 13 11.375558 -0.000000 0.000001 -1.491077 -0.201764 0.781230
 14 0.728678 0.023431 -1.008292 1.627471 0.842372 0.191441
 15 2.136495 -0.000000 -0.000000 -0.000000 0.000000 0.898844
 16 2.313138 -0.000000 -0.000000 0.000000 0.000000 0.000000
 17 3.115506 -0.886041 -0.021432 -0.523248 -0.008991 0.590544
 18 2.011150 0.000001 0.000002 0.000000 -0.000000 1.951110
 19 2.141382 0.000003 0.000002 0.000000 0.000000 0.000000
 20 1.734172 0.000002 -0.000001 -0.000000 -0.000000 0.976392
 21 0.000006 -4.440594 0.000000 1.570544 -0.062990 -0.195737
 22 4.112855 -0.572203 -1.309459 -1.644301 0.094718 0.119721
 23 5.999996 0.000000 -0.000000 -1.498418 0.000000 -0.000000
 24 0.000002 -4.440600 0.000000 1.569944 -0.062987 0.004053
 25 11.375557 0.000000 0.000003 -1.513219 -0.094767 0.389730
 26 -0.000005 -4.440603 -0.000000 1.570144 -0.062988 0.004040
 27 10.510130 -0.000002 -0.000000 0.000000 -0.000000 -2.210724
 28 0.000000 -1.748399 4.999998 -0.000000 0.004007 1.602290
 29 5.500000 -0.000001 -0.000001 0.559748 0.000000 -0.000000
 30 -0.000001 -1.940599 5.000000 -0.044472 0.004003 -0.000180
 31 6.551491 -0.000000 -0.000003 -1.088923 -0.139684 -0.632250
 32 -0.000000 -1.940600 5.000001 -0.027189 -0.053376 0.005295
 33 6.551491 -0.000000 -0.000003 -0.443943 0.035526 -0.266622
 34 0.000000 -1.940600 4.999997 -0.066572 -0.152786 -0.110311
 35 0.145255 -0.227133 -1.711144 -2.263327 1.188121 1.003508
 36 6.384778 -0.000000 -0.000001 1.423389 0.341787 -1.081632
 37 10.242683 -0.000002 0.000000 0.000000 0.000000 -1.074945
 38 11.375559 -0.000000 0.000000 1.626637 0.387217 0.313468
 39 0.728682 0.023431 1.008293 -1.627471 -0.842372 0.191441
 40 2.136499 0.000001 -0.000000 -0.000000 -0.000000 0.898845
 41 2.313140 0.000002 0.000000 0.000000 0.000000 3.141593
 42 3.115509 -0.886041 0.021432 0.523248 0.008991 0.590544
 43 2.011153 -0.000001 -0.000001 0.000000 -0.000000 1.951110
 44 2.141379 -0.000003 0.000001 0.000000 0.000000 3.141593
 45 1.734172 -0.000001 -0.000002 -0.000000 -0.000000 0.976392
 46 0.136314 -3.738191 2.525889 1.493698 2.759406 -1.474501
 47 3.771409 0.416401 1.053531 1.765650 0.074575 0.195753
 48 11.389367 -0.000820 0.158780 1.584716 0.207736 0.165805
 49 0.000003 -4.440599 0.000000 1.570144 -3.078602 0.004040
 50 5.999998 0.000000 0.000001 1.584716 -0.000000 0.000000
 51 0.000004 -4.440602 0.000000 1.569944 -3.078603 0.004053
 52 10.510133 -0.000001 0.000001 0.000000 -0.000000 -2.108269
 53 -0.000001 -1.748401 -5.000000 -3.141593 0.004007 -1.539299
 54 5.500000 -0.000002 -0.000000 -0.430273 0.000000 0.000000
 55 0.000001 -0.000002 -5.000000 -0.044472 3.137589 -0.000177
 56 6.551491 0.000000 -0.000002 0.430273 -0.054172 -0.302968
 57 -1.266843 -1.937444 -4.950563 -0.066572 -2.988806 -0.110308
 58 6.551492 0.000000 -0.000001 0.430273 -0.054172 -0.302968
 59 0.699371 -1.944208 -5.006849 -0.027189 -3.088217 0.005298
 60 4.226145 -0.003201 0.000000 0.069075 0.042823 -0.079098
 61 -0.000000 5.000001 0.000000 -0.153564 0.000087 2.718702
 62 0.000004 -0.000005 -3.713580 0.365818 2.880119 -0.191589
 63 0.000003 -0.000000 5.000000 3.053196 1.558589 -0.074928
 64 -0.000007 0.000005 3.713580 -0.001619 -3.122277 -0.475127
 65 0.000001 -0.000000 -5.000000 -0.088725 1.558589 3.066336
 66 7.363602 1.646647 0.495663 3.141593 -1.570796 0.000000
 67 -0.000005 0.000006 3.619081 0.008255 -3.110080 -0.985231
 68 16.573919 0.000001 0.000000 0.000000 0.000000 -1.065827
 69 15.128181 0.000001 -0.000000 -0.102296 0.010178 0.114297
 70 5.758665 4.244731 -0.000000 0.000000 -0.000000 1.667687
 71 3.177726 0.000000 0.000000 0.000000 0.000000 3.141593
 72 15.708952 0.000001 0.000000 -0.051525 0.003996 0.061523
 73 0.275148 0.189215 -3.445208 3.130898 0.000409 -1.514604
 74 17.210192 0.000001 0.000000 0.000000 0.000000 -1.893339
 75 -0.000000 0.000000 -4.999999 -0.079430 1.546568 -1.570855
 76 0.000002 -0.000003 -3.619081 0.577895 2.675801 -0.242118
 77 16.573923 -0.000000 -0.000001 0.000000 -0.000000 -1.163030
 78 15.128182 -0.000000 0.000002 0.089479 0.309197 0.659208
 79 5.758665 4.244730 0.000000 -0.000000 0.000000 1.815142
 80 4.003934 -0.000000 0.000000 0.000000 0.000000 0.000000
 81 15.708954 0.000000 0.000002 0.042277 0.226871 0.443133
 82 0.273998 0.191089 3.439762 -3.130907 -0.000437 -1.508107
 83 17.210196 -0.000001 -0.000002 0.000000 -0.000000 -1.937080
 84 0.000001 -0.000001 5.000000 -0.079314 1.595025 -1.570739
time 27
  0 -0.650000 0.000000 33.899605 -0.025849 0.174554 -1.569172
  1 5.685105 0.833237 -32.227173 -0.174512 -0.026131 1.569196
  2 -2.276935 0.000003 -1.238188 -1.570795 -1.570451 0.000000
  3 1.796914 0.711813 0.000245 -0.075609 0.040725 -0.072669
  4 4.118780 -0.003265 0.000248 -0.075647 -0.009578 0.055483
  5 4.118781 -0.003265 0.000248 -0.075663 -0.018760 0.056223
  6 4.118365 -0.003268 -0.000130 0.039721 -0.005710 -0.074599
  7 4.118099 -0.003470 -0.000471 0.134000 0.083928 -0.133394
  8 4.443601 -0.000000 0.000000 0.066062 -0.041949 -0.333068
  9 9.024062 -0.000001 0.000000 0.000000 0.000000 0.000000
 10 -0.145252 0.234210 1.711144 1.732084 -0.983005 1.478223
 11 6.384776 -0.000000 -0.000002 -1.486496 -0.360314 -0.754561
 12 10.242683 -0.000000 -0.000001 0.000000 -0.000000 -1.286588
 13 11.375564 -0.000000 0.000001 -1.490687 -0.199809 0.786388
 14 0.728679 0.023430 -1.008293 1.627471 0.842372 0.191441
 15 2.136501 0.000002 0.000002 0.000000 0.000000 0.898844
 16 2.313137 0.000003 -0.000001 0.000000 0.000000 0.000000
 17 3.115504 -0.886040 -0.021429 -0.523248 -0.008991 0.590544
 18 2.011153 -0.000000 -0.000003 0.000000 0.000000 1.951110
 19 2.141381 0.000003 0.000004 0.000000 0.000000 0.000000
 20 1.734174 0.000000 0.000001 0.000000 -0.000000 0.976392
 21 0.000005 -4.440592 0.000004 1.570544 -0.062990 -0.195737
 22 4.112852 -0.572203 -1.309455 -1.644301 0.094718 0.119721
 23 5.999999 0.000001 0.000000 -1.498047 -0.000000 -0.000000
 24 -0.000001 -4.440601 -0.000000 1.569944 -0.062987 0.004053
 25 11.375564 0.000001 0.000004 -1.513030 -0.093602 0.391986
 26 0.000003 -4.440605 -0.000001 1.570144 -0.062988 0.004040
 27 10.510132 -0.000001 -0.000001 -0.000000 -0.000000 -2.214090
 28 0.000001 -1.748400 5.000000 -0.000000 0.004007 1.602290
 29 5.500000 -0.000002 -0.000000 0.560966 0.000000 0.000000
 30 -0.000001 -1.940598 5.000002 -0.044472 0.004003 -0.000180
 31 6.551490 -0.000000 -0.000003 -1.092326 -0.146807 -0.632748
 32 0.000000 -1.940601 5.000003 -0.027189 -0.053376 0.005295
 33 6.551490 -0.000000 -0.000003 -0.444673 0.033239 -0.267139
 34 -0.000000 -1.940599 4.999994 -0.066572 -0.152786 -0.110311
 35 0.145257 -0.227133 -1.711144 -2.263327 1.188121 1.003508
 36 6.384776 -0.000000 -0.000002 1.423770 0.349264 -1.080874
 37 10.242683 -0.000003 -0.000002 0.000000 0.000000 -1.073204
 38 11.375560 -0.000000 0.000001 1.626749 0.386506 0.320084
 39 0.728682 0.023431 1.008294 -1.627471 -0.842372 0.191441
 40 2.136494 -0.000000 0.000000 -0.000000 -0.000000 0.898845
 41 2.313135 -0.000000 0.000000 0.000000 0.000000 3.141593
 42 3.115505 -0.886040 0.021430 0.523248 0.008991 0.590544
 43 2.011147 0.000001 -0.000002 -0.000000 0.000000 1.951110
 44 2.141381 0.000000 -0.000002 0.000000 0.000000 3.141593
 45 1.734169 -0.000001 -0.000003 0.000000 -0.000000 0.976392
 46 0.136314 -3.738191 2.525889 1.493698 2.759406 -1.474501
 47 3.771411 0.416401 1.053533 1.765650 0.074575 0.195753
 48 11.389366 -0.000819 0.158782 1.584510 0.207311 0.169175
 49 -0.000004 -4.440599 -0.000000 1.570144 -3.078602 0.004040
 50 6.000000 0.000000 -0.000000 1.584510 0.000000 -0.000000
 51 0.000001 -4.440602 0.000000 1.569944 -3.078603 0.004053
 52 10.510132 -0.000001 -0.000000 0.000000 -0.000000 -2.107398
 53 -0.000001 -1.748403 -5.000001 -3.141593 0.004007 -1.539299
 54 5.500000 -0.000002 -0.000001 -0.430508 0.000000 -0.000000
 55 0.000000 -0.000002 -4.999999 -0.044472 3.137590 -0.000177
 56 6.551490 -0.000000 -0.000001 0.430508 -0.052321 -0.303606
 57 -1.266844 -1.937443 -4.950557 -0.066572 -2.988806 -0.110308
 58 6.551490 -0.000000 -0.000001 0.430508 -0.052321 -0.303606
 59 0.699370 -1.944209 -5.006847 -0.027189 -3.088217 0.005298
 60 4.226149 -0.003202 -0.000000 0.069075 0.042823 -0.079098
 61 -0.000001 5.000001 -0.000000 -0.153564 0.000087 2.718702
 62 0.000004 -0.000005 -3.713580 0.365818 2.880119 -0.191589
 63 0.000003 -0.000000 5.000000 3.053196 1.558589 -0.074928
 64 -0.000007 0.000005 3.713580 -0.001619 -3.122277 -0.475127
 65 0.000001 -0.000000 -5.000000 -0.088725 1.558589 3.066336
 66 7.363602 1.646647 0.495663 3.141593 -1.570796 0.000000
 67 -0.000005 0.000006 3.619081 0.008255 -3.110080 -0.985231
 68 16.573919 0.000001 0.000000 0.000000 0.000000 -1.065827
 69 15.128181 0.000001 -0.000000 -0.102296 0.010178 0.114297
 70 5.758665 4.244731 -0.000000 0.000000 -0.000000 1.667687
 71 3.177726 0.000000 0.000000 0.000000 0.000000 3.141593
 72 15.708952 0.000001 0.000000 -0.051525 0.003996 0.061523
 73 0.275148 0.189215 -3.445208 3.130898 0.000409 -1.514604
 74 17.210192 0.000001 0.000000 0.000000 0.000000 -1.893339
 75 -0.000000 0.000000 -4.999999 -0.079430 1.546568 -1.570855
 76 0.000002 -0.000003 -3.619081 0.577895 2.675801 -0.242118
 77 16.573923 -0.000000 -0.000001 0.000000 -0.000000 -1.163030
 78 15.128182 -0.000000 0.000002 0.089479 0.309197 0.659208
 79 5.758665 4.244730 0.000000 -0.000000 0.000000 1.815142
 80 4.003934 -0.000000 0.000000 0.000000 0.000000 0.000000
 81 15.708954 0.000000 0.000002 0.042277 0.226871 0.443133
 82 0.273998 0.191089 3.439762 -3.130907 -0.000437 -1.508107
 83 17.210196 -0.000001 -0.000002 0.000000 -0.000000 -1.937080
 84 0.000001 -0.000001 5.000000 -0.079314 1.595025 -1.570739
time 28
  0 -0.650000 0.000000 33.899605 -0.025849 0.174554 -1.569172
  1 5.685105 0.833237 -32.227173 -0.174512 -0.026131 1.569196
  2 -2.276935 0.000003 -1.238188 -1.570795 -1.570451 0.000000
  3 1.796922 0.711813 0.000245 -0.075630 0.041633 -0.070197
  4 4.118787 -0.003265 0.000248 -0.075644 -0.009745 0.056131
  5 4.118784 -0.003265 0.000248 -0.075660 -0.019071 0.056882
  6 4.118362 -0.003268 -0.000130 0.039723 -0.005951 -0.073974
  7 4.118095 -0.003470 -0.000471 0.134000 0.083928 -0.133394
  8 4.443598 0.000000 0.000000 0.066379 -0.042131 -0.337583
  9 9.024060 -0.000000 -0.000000 0.000000 0.000000 0.000000
 10 -0.145252 0.234210 1.711144 1.732084 -0.983005 1.478223
 11 6.384777 -0.000000 -0.000001 -1.490132 -0.368006 -0.751586
 12 10.242684 -0.000000 -0.000000 -0.000000 -0.000000 -1.292545
 13 11.375562 -0.000000 -0.000000 -1.490371 -0.198183 0.790545
 14 0.728682 0.023431 -1.008292 1.627471 0.842372 0.191441
 15 2.136502 -0.000000 0.000001 0.000000 0.000000 0.898845
 16 2.313135 0.000001 0.000000 0.000000 0.000000 0.000000
 17 3.115510 -0.886041 -0.021432 -0.523248 -0.008991 0.590544
 18 2.011148 0.000000 0.000002 -0.000000 0.000000 1.951110
 19 2.141379 -0.000001 0.000001 0.000000 0.000000 0.000000
 20 1.734171 0.000000 0.000000 0.000000 0.000000 0.976392
 21 0.000006 -4.440595 -0.000000 1.570544 -0.062990 -0.195737
 22 4.112853 -0.572203 -1.309455 -1.644301 0.094718 0.119721
 23 6.000001 0.000000 -0.000000 -1.497750 0.000000 -0.000000
 24 0.000004 -4.440601 -0.000001 1.569944 -0.062987 0.004053
 25 11.375561 0.000000 0.000003 -1.512884 -0.092636 0.393805
 26 -0.000002 -4.440604 -0.000001 1.570144 -0.062988 0.004040
 27 10.510131 0.000002 -0.000001 0.000000 -0.000000 -2.217069
 28 0.000000 -1.748399 5.000000 -0.000000 0.004007 1.602291
 29 5.500000 0.000001 -0.000001 0.561992 -0.000000 -0.000000
 30 -0.000001 -1.940599 5.000000 -0.044472 0.004003 -0.000180
 31 6.551491 -0.000000 0.000001 -1.095241 -0.152949 -0.633159
 32 0.000001 -1.940600 5.000002 -0.027189 -0.053376 0.005295
 33 6.551491 -0.000000 0.000001 -0.445281 0.031274 -0.267578
 34 -0.000000 -1.940600 4.999996 -0.066572 -0.152786 -0.110311
 35 0.145255 -0.227133 -1.711144 -2.263327 1.188121 1.003508
 36 6.384776 -0.000000 0.000001 1.423739 0.356160 -1.080683
 37 10.242682 0.000003 -0.000000 0.000000 -0.000000 -1.068421
 38 11.375565 -0.000001 -0.000001 1.626826 0.385940 0.325465
 39 0.728682 0.023431 1.008291 -1.627471 -0.842372 0.191441
 40 2.136497 -0.000001 -0.000000 0.000000 -0.000000 0.898845
 41 2.313139 -0.000002 -0.000000 0.000000 0.000000 3.141593
 42 3.115510 -0.886041 0.021431 0.523248 0.008991 0.590544
 43 2.011148 0.000000 -0.000004 -0.000000 0.000000 1.951110
 44 2.141381 -0.000000 -0.000001 0.000000 0.000000 3.141593
 45 1.734172 -0.000001 0.000000 -0.000000 -0.000000 0.976392
 46 0.136315 -3.738192 2.525890 1.493698 2.759406 -1.474501
 47 3.771411 0.416400 1.053530 1.765650 0.074575 0.195753
 48 11.389365 -0.000819 0.158781 1.584335 0.206971 0.171908
 49 -0.000001 -4.440599 0.000000 1.570144 -3.078602 0.004040
 50 5.999999 0.000001 -0.000001 1.584335 0.000000 0.000000
 51 0.000000 -4.440602 0.000000 1.569944 -3.078603 0.004053
 52 10.510131 0.000000 -0.000000 -0.000000 0.000000 -2.105007
 53 0.000001 -1.748401 -5.000002 -3.141593 0.004007 -1.539299
 54 5.500000 0.000001 -0.000001 -0.430633 0.000000 -0.000000
 55 -0.000000 -0.000000 -5.000002 -0.044472 3.137589 -0.000177
 56 6.551491 -0.000000 -0.000000 0.430633 -0.050598 -0.304286
 57 -1.266843 -1.937444 -4.950561 -0.066572 -2.988806 -0.110308
 58 6.551491 -0.000000 -0.000000 0.430633 -0.050598 -0.304286
 59 0.699371 -1.944209 -5.006847 -0.027189 -3.088217 0.005298
 60 4.226144 -0.003201 -0.000000 0.069075 0.042823 -0.079098
 61 0.000000 5.000000 -0.000000 -0.153564 0.000087 2.718702
 62 0.000004 -0.000005 -3.713580 0.365818 2.880119 -0.191589
 63 0.000003 -0.000000 5.000000 3.053196 1.558589 -0.074928
 64 -0.000007 0.000005 3.713580 -0.001619 -3.122277 -0.475127
 65 0.000001 -0.000000 -5.000000 -0.088725 1.558589 3.066336
 66 7.363602 1.646647 0.495663 3.141593 -1.570796 0.000000
 67 -0.000005 0.000006 3.619081 0.008255 -3.110080 -0.985231
 68 16.573919 0.000001 0.000000 0.000000 0.000000 -1.065827
 69 15.128181 0.000001 -0.000000 -0.102296 0.010178 0.114297
 70 5.758665 4.244731 -0.000000 0.000000 -0.000000 1.667687
 71 3.177726 0.000000 0.000000 0.000000 0.000000 3.141593
 72 15.708952 0.000001 0.000000 -0.051525 0.003996 0.061523
 73 0.275148 0.189215 -3.445208 3.130898 0.000409 -1.514604
 74 17.210192 0.000001 0.000000 0.000000 0.000000 -1.893339
 75 -0.000000 0.000000 -4.999999 -0.079430 1.546568 -1.570855
 76 0.000002 -0.000003 -3.619081 0.577895 2.675801 -0.242118
 77 16.573923 -0.000000 -0.000001 0.000000 -0.000000 -1.163030
 78 15.128182 -0.000000 0.000002 0.089479 0.309197 0.659208
 79 5.758665 4.244730 0.000000 -0.000000 0.000000 1.815142
 80 4.003934 -0.000000 0.000000 0.000000 0.000000 0.000000
 81 15.708954 0.000000 0.000002 0.042277 0.226871 0.443133
 82 0.273998 0.191089 3.439762 -3.130907 -0.000437 -1.508107
 83 17.210196 -0.000001 -0.000002 0.000000 -0.000000 -1.937080
 84 0.000001 -0.000001 5.000000 -0.079314 1.595025 -1.570739
time 29
  0 -0.650000 0.000000 33.899605 -0.025849 0.174554 -1.569172
  1 5.685105 0.833237 -32.227173 -0.174512 -0.026131 1.569196
  2 -2.276935 0.000003 -1.238188 -1.570795 -1.570451 0.000000
  3 1.796930 0.711812 0.000245 -0.075643 0.042238 -0.068617
  4 4.118783 -0.003265 0.000248 -0.075642 -0.009859 0.056546
  5 4.118786 -0.003265 0.000248 -0.075659 -0.019281 0.057305
  6 4.118363 -0.003268 -0.000130 0.039724 -0.006112 -0.073575
  7 4.118099 -0.003470 -0.000471 0.134000 0.083928 -0.133394
  8 4.443598 -0.000000 0.000000 0.066578 -0.042246 -0.340476
  9 9.024060 -0.000001 0.000000 0.000000 0.000000 0.000000
 10 -0.145252 0.234210 1.711144 1.732084 -0.983005 1.478223
 11 6.384776 -0.000001 0.000001 -1.492775 -0.373674 -0.749426
 12 10.242682 0.000002 -0.000000 -0.000000 0.000000 -1.297216
 13 11.375565 0.000000 0.000000 -1.490175 -0.197127 0.793182
 14 0.728683 0.023430 -1.008294 1.627471 0.842372 0.191441
 15 2.136499 0.000001 0.000001 0.000000 0.000000 0.898844
 16 2.313139 -0.000000 -0.000001 0.000000 0.000000 0.000000
 17 3.115504 -0.886041 -0.021430 -0.523248 -0.008990 0.590544
 18 2.011150 0.000000 0.000003 0.000000 0.000000 1.951110
 19 2.141379 0.000001 -0.000001 0.000000 0.000000 0.000000
 20 1.734172 0.000001 -0.000001 -0.000000 -0.000000 0.976392
 21 0.000006 -4.440597 -0.000000 1.570544 -0.062990 -0.195737
 22 4.112854 -0.572203 -1.309457 -1.644301 0.094718 0.119721
 23 6.000002 0.000001 -0.000000 -1.497567 0.000000 0.000000
 24 -0.000001 -4.440601 0.000001 1.569944 -0.062987 0.004053
 25 11.375565 0.000001 0.000003 -1.512796 -0.092013 0.394959
 26 -0.000001 -4.440603 0.000001 1.570144 -0.062988 0.004040
 27 10.510131 -0.000001 -0.000000 0.000000 0.000000 -2.219404
 28 0.000000 -1.748399 4.999998 -0.000000 0.004007 1.602290
 29 5.500000 -0.000001 0.000000 0.562724 -0.000000 0.000000
 30 -0.000001 -1.940600 5.000001 -0.044472 0.004003 -0.000180
 31 6.551491 -0.000001 0.000001 -1.097352 -0.157491 -0.633465
 32 -0.000000 -1.940599 5.000002 -0.027189 -0.053376 0.005295
 33 6.551491 -0.000001 0.000001 -0.445708 0.029823 -0.267904
 34 -0.000000 -1.940599 4.999996 -0.066572 -0.152786 -0.110311
 35 0.145251 -0.227133 -1.711144 -2.263327 1.188121 1.003508
 36 6.384777 -0.000001 -0.000003 1.423325 0.361294 -1.081034
 37 10.242682 -0.000002 -0.000000 0.000000 -0.000000 -1.061833
 38 11.375559 -0.000000 0.000000 1.626865 0.385582 0.328872
 39 0.728680 0.023431 1.008293 -1.627471 -0.842372 0.191441
 40 2.136495 0.000001 -0.000001 0.000000 -0.000000 0.898845
 41 2.313136 0.000001 0.000001 0.000000 0.000000 3.141593
 42 3.115507 -0.886040 0.021431 0.523248 0.008991 0.590544
 43 2.011150 0.000001 0.000001 -0.000000 0.000000 1.951110
 44 2.141382 0.000001 -0.000001 0.000000 0.000000 3.141593
 45 1.734170 0.000000 -0.000001 -0.000000 0.000000 0.976392
 46 0.136316 -3.738193 2.525890 1.493698 2.759406 -1.474501
 47 3.771411 0.416401 1.053533 1.765650 0.074575 0.195753
 48 11.389366 -0.000819 0.158781 1.584220 0.206755 0.173635
 49 -0.000001 -4.440598 -0.000001 1.570144 -3.078602 0.004040
 50 6.000000 0.000000 -0.000001 1.584220 0.000000 -0.000000
 51 0.000002 -4.440601 0.000001 1.569944 -3.078603 0.004053
 52 10.510131 0.000001 0.000002 0.000000 0.000000 -2.101713
 53 0.000002 -1.748399 -5.000001 -3.141593 0.004007 -1.539299
 54 5.499999 0.000000 0.000001 -0.430639 -0.000000 0.000000
 55 -0.000001 -0.000000 -4.999998 -0.044472 3.137589 -0.000177
 56 6.551490 -0.000001 -0.000001 0.430639 -0.049296 -0.304883
 57 -1.266843 -1.937443 -4.950557 -0.066572 -2.988806 -0.110308
 58 6.551491 -0.000001 -0.000001 0.430639 -0.049296 -0.304883
 59 0.699371 -1.944208 -5.006844 -0.027189 -3.088217 0.005298
 60 4.226145 -0.003201 0.000000 0.069075 0.042823 -0.079098
 61 -0.000002 5.000001 -0.000000 -0.153564 0.000087 2.718702
 62 0.000004 -0.000005 -3.713580 0.365818 2.880119 -0.191589
 63 0.000003 -0.000000 5.000000 3.053196 1.558589 -0.074928
 64 -0.000007 0.000005 3.713580 -0.001619 -3.122277 -0.475127
 65 0.000001 -0.000000 -5.000000 -0.088725 1.558589 3.066336
 66 7.363602 1.646647 0.495663 3.141593 -1.570796 0.000000
 67 -0.000005 0.000006 3.619081 0.008255 -3.110080 -0.985231
 68 16.573919 0.000001 0.000000 0.000000 0.000000 -1.065827
 69 15.128181 0.000001 -0.000000 -0.102296 0.010178 0.114297
 70 5.758665 4.244731 -0.000000 0.000000 -0.000000 1.667687
 71 3.177726 0.000000 0.000000 0.000000 0.000000 3.141593
 72 15.708952 0.000001 0.000000 -0.051525 0.003996 0.061523
 73 0.275148 0.189215 -3.445208 3.130898 0.000409 -1.514604
 74 17.210192 0.000001 0.000000 0.000000 0.000000 -1.893339
 75 -0.000000 0.000000 -4.999999 -0.079430 1.546568 -1.570855
 76 0.000002 -0.000003 -3.619081 0.577895 2.675801 -0.242118
 77 16.573923 -0.000000 -0.000001 0.000000 -0.000000 -1.163030
 78 15.128182 -0.000000 0.000002 0.089479 0.309197 0.659208
 79 5.758665 4.244730 0.000000 -0.000000 0.000000 1.815142
 80 4.003934 -0.000000 0.000000 0.000000 0.000000 0.000000
 81 15.708954 0.000000 0.000002 0.042277 0.226871 0.443133
 82 0.273998 0.191089 3.439762 -3.130907 -0.000437 -1.508107
 83 17.210196 -0.000001 -0.000002 0.000000 -0.000000 -1.937080
 84 0.000001 -0.000001 5.000000 -0.079314 1.595025 -1.570739
time 30
  0 -0.650000 0.000000 33.899605 -0.025849 0.174554 -1.569172
  1 5.685105 0.833237 -32.227173 -0.174512 -0.026131 1.569196
  2 -2.276935 0.000003 -1.238188 -1.570795 -1.570451 0.000000
  3 1.796930 0.711812 0.000245 -0.075646 0.042395 -0.068216
  4 4.118790 -0.003265 0.000248 -0.075642 -0.009889 0.056652
  5 4.118785 -0.003265 0.000248 -0.075658 -0.019337 0.057412
  6 4.118361 -0.003268 -0.000130 0.039725 -0.006154 -0.073473
  7 4.118095 -0.003470 -0.000471 0.134000 0.083928 -0.133394
  8 4.443597 -0.000000 0.000000 0.066628 -0.042276 -0.341212
  9 9.024062 -0.000001 0.000000 0.000000 0.000000 0.000000
 10 -0.145252 0.234210 1.711144 1.732084 -0.983005 1.478223
 11 6.384776 -0.000001 0.000001 -1.494046 -0.376673 -0.748389
 12 10.242683 0.000002 0.000000 -0.000000 -0.000000 -1.300140
 13 11.375561 -0.000000 0.000001 -1.490134 -0.196858 0.793851
 14 0.728681 0.023431 -1.008294 1.627471 0.842372 0.191441
 15 2.136491 -0.000000 -0.000001 -0.000000 0.000000 0.898844
 16 2.313141 -0.000002 0.000000 0.000000 0.000000 0.000000
 17 3.115508 -0.886041 -0.021432 -0.523248 -0.008990 0.590544
 18 2.011150 0.000000 -0.000003 0.000000 0.000000 1.951110
 19 2.141379 0.000002 0.000003 0.000000 0.000000 0.000000
 20 1.734168 0.000002 0.000003 -0.000000 0.000000 0.976392
 21 0.000006 -4.440591 0.000002 1.570544 -0.062990 -0.195737
 22 4.112853 -0.572204 -1.309457 -1.644301 0.094718 0.119721
 23 5.999998 -0.000000 -0.000000 -1.497527 -0.000000 0.000000
 24 0.000002 -4.440601 0.000000 1.569944 -0.062987 0.004053
 25 11.375561 -0.000000 0.000004 -1.512778 -0.091854 0.395252
 26 0.000003 -4.440604 -0.000001 1.570144 -0.062988 0.004040
 27 10.510132 0.000000 -0.000000 -0.000000 -0.000000 -2.220866
 28 0.000001 -1.748400 5.000000 0.000000 0.004007 1.602291
 29 5.500000 0.000002 -0.000000 0.563075 0.000000 -0.000000
 30 -0.000003 -1.940597 5.000000 -0.044472 0.004003 -0.000180
 31 6.551490 -0.000001 -0.000002 -1.098384 -0.159890 -0.633654
 32 -0.000001 -1.940596 5.000000 -0.027189 -0.053376 0.005295
 33 6.551490 -0.000001 -0.000002 -0.445909 0.029053 -0.268093
 34 -0.000000 -1.940599 4.999995 -0.066572 -0.152786 -0.110311
 35 0.145255 -0.227133 -1.711144 -2.263327 1.188121 1.003508
 36 6.384776 -0.000001 -0.000001 1.422586 0.363574 -1.081881
 37 10.242683 -0.000001 -0.000000 0.000000 0.000000 -1.054763
 38 11.375560 0.000000 -0.000000 1.626865 0.385489 0.329661
 39 0.728678 0.023431 1.008293 -1.627471 -0.842372 0.191441
 40 2.136491 -0.000000 0.000000 0.000000 -0.000000 0.898844
 41 2.313142 -0.000001 0.000000 0.000000 0.000000 3.141593
 42 3.115507 -0.886041 0.021432 0.523248 0.008991 0.590544
 43 2.011154 -0.000002 0.000005 0.000000 -0.000000 1.951110
 44 2.141383 0.000003 -0.000001 0.000000 0.000000 3.141593
 45 1.734170 -0.000001 0.000000 -0.000000 -0.000000 0.976392
 46 0.136316 -3.738195 2.525893 1.493698 2.759406 -1.474501
 47 3.771409 0.416400 1.053533 1.765650 0.074575 0.195753
 48 11.389365 -0.000820 0.158781 1.584189 0.206699 0.174035
 49 0.000000 -4.440599 0.000000 1.570144 -3.078602 0.004040
 50 6.000000 -0.000001 -0.000001 1.584189 -0.000000 0.000000
 51 0.000001 -4.440600 0.000000 1.569944 -3.078603 0.004053
 52 10.510133 0.000001 0.000001 0.000000 0.000000 -2.098178
 53 -0.000001 -1.748400 -5.000000 -3.141593 0.004007 -1.539299
 54 5.500001 -0.000000 -0.000001 -0.430525 0.000000 0.000000
 55 -0.000000 -0.000001 -4.999999 -0.044472 3.137589 -0.000177
 56 6.551490 -0.000001 -0.000002 0.430525 -0.048689 -0.305280
 57 -1.266843 -1.937443 -4.950562 -0.066572 -2.988806 -0.110308
 58 6.551491 -0.000001 -0.000002 0.430525 -0.048689 -0.305280
 59 0.699371 -1.944208 -5.006847 -0.027189 -3.088217 0.005298
 60 4.226146 -0.003201 -0.000000 0.069075 0.042823 -0.079098
 61 0.000002 5.000001 0.000000 -0.153564 0.000087 2.718702
 62 0.000004 -0.000005 -3.713580 0.365818 2.880119 -0.191589
 63 0.000003 -0.000000 5.000000 3.053196 1.558589 -0.074928
 64 -0.000007 0.000005 3.713580 -0.001619 -3.122277 -0.475127
 65 0.000001 -0.000000 -5.000000 -0.088725 1.558589 3.066336
 66 7.363602 1.646647 0.495663 3.141593 -1.570796 0.000000
 67 -0.000005 0.000006 3.619081 0.008255 -3.110080 -0.985231
 68 16.573919 0.000001 0.000000 0.000000 0.000000 -1.065827
 69 15.128181 0.000001 -0.000000 -0.102296 0.010178 0.114297
 70 5.758665 4.244731 -0.000000 0.000000 -0.000000 1.667687
 71 3.177726 0.000000 0.000000 0.000000 0.000000 3.141593
 72 15.708952 0.000001 0.000000 -0.051525 0.003996 0.061523
 73 0.275148 0.189215 -3.445208 3.130898 0.000409 -1.514604
 74 17.210192 0.000001 0.000000 0.000000 0.000000 -1.893339
 75 -0.000000 0.000000 -4.999999 -0.079430 1.546568 -1.570855
 76 0.000002 -0.000003 -3.619081 0.577895 2.675801 -0.242118
 77 16.573923 -0.000000 -0.000001 0.000000 -0.000000 -1.163030
 78 15.128182 -0.000000 0.000002 0.089479 0.309197 0.659208
 79 5.758665 4.244730 0.000000 -0.000000 0.000000 1.815142
 80 4.003934 -0.000000 0.000000 0.000000 0.000000 0.000000
 81 15.708954 0.000000 0.000002 0.042277 0.226871 0.443133
 82 0.273998 0.191089 3.439762 -3.130907 -0.000437 -1.508107
 83 17.210196 -0.000001 -0.000002 0.000000 -0.000000 -1.937080
 84 0.000001 -0.000001 5.000000 -0.079314 1.595025 -1.570739
end
