version 1
nodes
  0 "Object02"  -1
  1 "Bip01"  -1
  2 "Bip01 Footsteps"   1
  3 "Bip01 Pelvis"   1
  4 "Bip01 Spine"   3
  5 "Bip01 Spine1"   4
  6 "Bip01 Spine2"   5
  7 "Bip01 Spine3"   6
  8 "Bip01 Neck"   7
  9 "Bip01 Head"   8
 10 "Dummy21"   9
 11 "Bip01 L Clavicle"   8
 12 "Bip01 L UpperArm"  11
 13 "Bip01 L Forearm"  12
 14 "Bip01 L Hand"  13
 15 "Bip01 L Finger0"  14
 16 "Bip01 L Finger01"  15
 17 "Dummy06"  16
 18 "Bip01 L Finger1"  14
 19 "Bip01 L Finger11"  18
 20 "Dummy03"  19
 21 "-- L knuckle"  18
 22 "-- L knuckle_end"  21
 23 "-- L Forearm twist"  13
 24 "-- L Forearm twist_end"  23
 25 "-- L wrist"  13
 26 "-- L wrist_end"  25
 27 "-- L Elbow"  12
 28 "--L Elbow_end"  27
 29 "-- L bicep twist"  12
 30 "-- L bicep twist_end"  29
 31 "-- L shoulder outside"  11
 32 "-- L shoulder outside_end"  31
 33 "-- L Shoulder inside"  11
 34 "-- L Shoulder inside_end"  33
 35 "Bip01 R Clavicle"   8
 36 "Bip01 R UpperArm"  35
 37 "Bip01 R Forearm"  36
 38 "Bip01 R Hand"  37
 39 "Bip01 R Finger0"  38
 40 "Bip01 R Finger01"  39
 41 "Dummy01"  40
 42 "Bip01 R Finger1"  38
 43 "Bip01 R Finger11"  42
 44 "Dummy02"  43
 45 "-- R knuckle"  42
 46 "Point06"  45
 47 "skin01"  38
 48 "-- R wrist"  37
 49 "-- R wrist_end"  48
 50 "-- R forearm twist"  37
 51 "-- R forearm twist_end"  50
 52 "-- R Elbow"  36
 53 "--R Elbow_end"  52
 54 "-- R bicep twist"  36
 55 "-- R bicep twist_end"  54
 56 "-- R Shoulder inside"  35
 57 "-- R Shoulder inside_end"  56
 58 "-- R shoulder outside"  35
 59 "-- R shoulder outside_end"  58
 60 "-- Neck smooth"   7
 61 "-- neck smooth end"  60
 62 "-- R Butt"   3
 63 "--R Butt_end"  62
 64 "-- L butt"   3
 65 "--L butt_end"  64
 66 "GIGN"   3
 67 "Bip01 L Thigh"   3
 68 "Bip01 L Calf"  67
 69 "Bip01 L Foot"  68
 70 "Bip01 L Toe0"  69
 71 "Dummy16"  70
 72 "-- L ankle"  68
 73 "-- L ankleend"  72
 74 "-- L Knee"  67
 75 "--L Knee_end"  74
 76 "Bip01 R Thigh"   3
 77 "Bip01 R Calf"  76
 78 "Bip01 R Foot"  77
 79 "Bip01 R Toe0"  78
 80 "Dummy11"  79
 81 "-- R Ankle"  77
 82 "-- R ankleend"  81
 83 "-- R Knee"  76
 84 "--R Knee_end"  83
end
skeleton
time 0
  0 -0.271423 -1.497488 42.807060 -0.000000 -3.141593 -0.000000
  1 0.500000 0.000000 26.454893 -0.351209 0.711176 -2.497827
  2 16.680788 6.660761 -18.178970 -0.734998 0.287666 2.254827
  3 -2.276932 0.000003 -1.238185 -1.570795 -1.570451 0.000000
  4 1.797520 0.711835 -0.000370 0.112710 -0.012900 0.113400
  5 4.118973 -0.003236 -0.000369 0.112713 -0.012909 0.112789
  6 4.118977 -0.003241 -0.000369 0.112713 -0.012911 0.112815
  7 4.118974 -0.003236 -0.000369 0.112713 -0.012904 0.112701
  8 4.119240 -0.003479 -0.000001 0.000251 0.305432 0.181315
  9 4.443600 -0.000002 0.000000 0.789077 -0.361312 -1.046478
 10 9.024059 -0.000000 0.000001 0.000000 0.000000 0.000000
 11 -0.521036 0.003944 1.652526 -0.116317 -1.084728 3.070686
 12 6.384777 -0.000000 -0.000001 -1.304087 -0.558442 -1.526126
 13 10.242684 0.000001 -0.000001 0.000000 0.000000 -0.913815
 14 11.375562 -0.000003 0.000000 2.839200 0.907781 0.134918
 15 0.728682 0.023430 -1.008296 1.705251 0.347372 0.567022
 16 2.136496 0.000001 -0.000001 -0.000000 0.000000 0.287979
 17 2.313139 0.000003 -0.000002 0.000000 0.000000 0.000000
 18 3.115507 -0.886042 -0.021435 -0.000782 0.000152 0.191986
 19 2.011152 -0.000001 0.000001 0.000000 0.000000 0.659566
 20 2.141383 0.000001 -0.000002 0.000000 0.000000 0.000000
 21 1.734175 0.000002 -0.000002 0.000000 -0.000000 0.330185
 22 0.000005 -4.440594 -0.000002 1.570544 -0.062990 -0.195737
 23 6.000001 0.000001 -0.000001 -3.045504 -0.000000 0.000000
 24 0.000002 -4.440601 -0.000001 1.569944 -0.062987 0.004053
 25 11.375564 0.000002 0.000001 -2.408766 0.403371 0.351701
 26 -0.000002 -4.440603 -0.000000 1.570144 -0.062988 0.004040
 27 10.510131 -0.000001 0.000001 0.000000 -0.000000 -2.027704
 28 0.000001 -1.748399 5.000000 -0.000000 0.004007 1.602291
 29 5.499999 -0.000000 0.000000 0.484766 -0.000000 0.000000
 30 -0.000002 -1.940596 5.000000 -0.044472 0.004003 -0.000180
 31 6.551492 -0.000001 0.000002 -0.995970 -0.331397 -1.147274
 32 0.000001 -1.940597 4.999999 -0.027189 -0.053376 0.005295
 33 6.551492 -0.000001 0.000002 -0.365167 0.022652 -0.404807
 34 -0.000000 -1.940599 4.999996 -0.066572 -0.152786 -0.110311
 35 0.521041 0.003125 -1.652525 -0.407353 1.433521 2.563815
 36 6.384777 -0.000000 -0.000001 0.381168 0.096481 -1.334779
 37 10.242682 -0.000001 -0.000000 -0.000000 0.000000 -1.878227
 38 11.375561 0.000000 -0.000000 1.896685 0.172868 0.457392
 39 0.728682 0.023430 1.008292 -1.705251 -0.347372 0.567022
 40 2.136496 -0.000001 0.000001 -0.000000 -0.000000 0.287979
 41 2.313140 0.000000 -0.000002 0.000000 0.000000 3.141593
 42 3.115508 -0.886041 0.021430 0.000782 -0.000152 0.191986
 43 2.011150 0.000001 -0.000001 0.000000 0.000000 0.659566
 44 2.141380 -0.000000 0.000000 0.000000 0.000000 3.141593
 45 1.734174 -0.000001 0.000001 -0.000000 -0.000000 0.330185
 46 0.136318 -3.738192 2.525891 1.493698 2.759406 -1.474501
 47 12.525928 0.224067 4.354239 -0.008394 0.022031 -1.617272
 48 11.389367 -0.000821 0.158781 1.724820 0.111981 0.239111
 49 0.000004 -4.440600 0.000001 1.570144 -3.078602 0.004040
 50 6.000001 -0.000003 -0.000003 1.724820 0.000000 -0.000000
 51 0.000003 -4.440602 0.000001 1.569944 -3.078603 0.004053
 52 10.510134 -0.000003 0.000002 -0.000000 0.000000 -2.509910
 53 -0.000000 -1.748401 -5.000000 -3.141593 0.004007 -1.539299
 54 5.500002 -0.000004 0.000001 -0.159200 0.000000 0.000000
 55 -0.000001 0.000000 -5.000000 -0.044472 3.137589 -0.000177
 56 6.551492 -0.000002 0.000000 0.159200 -0.043561 -0.366272
 57 -1.266844 -1.937444 -4.950559 -0.066572 -2.988806 -0.110308
 58 6.551492 -0.000002 0.000000 0.159200 -0.043561 -0.366272
 59 0.699369 -1.944207 -5.006847 -0.027189 -3.088217 0.005298
 60 4.226144 -0.003202 0.000001 -0.000000 -0.000000 0.000000
 61 -0.000000 5.000001 0.000000 -0.153564 0.000087 2.718701
 62 0.000004 -0.000006 -3.713580 0.099027 -3.078764 -0.825828
 63 0.000001 0.000000 5.000000 3.053194 1.558589 -0.074931
 64 -0.000007 0.000005 3.713580 -0.343103 -2.897872 -0.554251
 65 0.000000 -0.000000 -4.999999 -0.088723 1.558589 3.066337
 66 -3.366039 4.537251 -0.068619 3.141593 1.570796 0.000000
 67 -0.000005 0.000005 3.619081 -0.543413 -2.525159 -1.083104
 68 16.573923 0.000002 0.000002 -0.000000 0.000000 -1.913367
 69 15.128184 -0.000001 -0.000000 0.033599 0.012459 0.095444
 70 5.758666 4.244731 0.000000 0.000000 -0.000000 2.033309
 71 3.177726 0.000000 0.000000 0.000000 0.000000 3.141593
 72 15.708955 0.000002 -0.000001 0.016765 0.007436 0.051237
 73 0.275148 0.189215 -3.445208 3.130898 0.000409 -1.514604
 74 17.210194 0.000002 0.000003 0.000000 -0.000000 -2.274732
 75 0.000001 0.000000 -4.999999 -0.079429 1.546568 -1.570854
 76 0.000005 -0.000005 -3.619081 0.170580 -3.096941 -1.379542
 77 16.573921 0.000000 -0.000001 0.000000 -0.000000 -1.574977
 78 15.128181 -0.000001 0.000001 0.199069 0.074863 0.903585
 79 5.758665 4.244730 0.000000 -0.000000 0.000000 1.483530
 80 4.003935 0.000000 0.000000 0.000000 0.000000 0.000000
 81 15.708957 -0.000001 0.000002 0.136412 0.076919 0.610231
 82 0.273998 0.191090 3.439761 -3.130907 -0.000437 -1.508106
 83 17.210192 0.000000 -0.000001 -0.000000 0.000000 -2.122457
 84 0.000000 0.000002 4.999998 -0.079311 1.595025 -1.570737
time 1
  0 -0.271423 -1.497488 42.807060 -0.000000 -3.141593 -0.000000
  1 0.583843 0.000000 26.605158 -0.348166 0.706446 -2.492983
  2 17.198338 6.875856 -18.944263 -0.730462 0.283978 2.254272
  3 -2.276933 0.000003 -1.238186 -1.570795 -1.570451 0.000000
  4 1.797519 0.711835 -0.000371 0.112710 -0.012900 0.113400
  5 4.118975 -0.003238 -0.000369 0.112713 -0.012909 0.112789
  6 4.118975 -0.003236 -0.000368 0.112713 -0.012911 0.112815
  7 4.118975 -0.003238 -0.000369 0.112713 -0.012904 0.112701
  8 4.119241 -0.003481 -0.000000 0.000251 0.305432 0.181315
  9 4.443601 0.000001 0.000000 0.789077 -0.361312 -1.046478
 10 9.024062 -0.000000 0.000001 0.000000 0.000000 0.000000
 11 -0.521036 0.003949 1.652525 -0.116317 -1.084728 3.070686
 12 6.384778 0.000002 0.000001 -1.304087 -0.558442 -1.526126
 13 10.242684 -0.000000 -0.000001 0.000000 0.000000 -0.913815
 14 11.375561 0.000001 -0.000002 2.839200 0.907781 0.134918
 15 0.728681 0.023432 -1.008293 1.705251 0.347372 0.567022
 16 2.136497 -0.000000 0.000001 -0.000000 0.000000 0.287979
 17 2.313140 -0.000002 -0.000000 0.000000 0.000000 0.000000
 18 3.115507 -0.886043 -0.021434 -0.000782 0.000152 0.191986
 19 2.011151 0.000002 0.000001 0.000000 -0.000000 0.659566
 20 2.141381 0.000001 -0.000003 0.000000 0.000000 0.000000
 21 1.734175 0.000001 -0.000000 0.000000 -0.000000 0.330185
 22 0.000006 -4.440595 -0.000001 1.570544 -0.062990 -0.195737
 23 6.000002 0.000002 -0.000002 -3.045504 -0.000000 -0.000000
 24 0.000002 -4.440603 0.000001 1.569944 -0.062987 0.004053
 25 11.375564 0.000002 0.000000 -2.408766 0.403371 0.351701
 26 -0.000000 -4.440604 -0.000001 1.570144 -0.062988 0.004040
 27 10.510131 -0.000003 0.000002 0.000000 0.000000 -2.027704
 28 0.000000 -1.748399 5.000001 -0.000000 0.004007 1.602290
 29 5.499998 -0.000001 0.000000 0.484766 0.000000 0.000000
 30 -0.000001 -1.940598 5.000000 -0.044472 0.004003 -0.000180
 31 6.551492 -0.000001 0.000003 -0.995970 -0.331397 -1.147274
 32 -0.000000 -1.940598 5.000000 -0.027189 -0.053376 0.005295
 33 6.551492 -0.000001 0.000003 -0.365167 0.022652 -0.404807
 34 -0.000001 -1.940599 4.999996 -0.066572 -0.152786 -0.110311
 35 0.521042 0.003128 -1.652526 -0.407353 1.433521 2.563815
 36 6.384777 -0.000001 -0.000000 0.381168 0.096481 -1.334779
 37 10.242682 -0.000000 -0.000001 0.000000 0.000000 -1.878227
 38 11.375561 -0.000002 -0.000002 1.896685 0.172868 0.457392
 39 0.728681 0.023431 1.008292 -1.705251 -0.347372 0.567022
 40 2.136497 -0.000001 -0.000000 0.000000 0.000000 0.287979
 41 2.313141 0.000001 -0.000001 0.000000 0.000000 3.141593
 42 3.115509 -0.886042 0.021431 0.000782 -0.000152 0.191986
 43 2.011151 -0.000001 0.000001 0.000000 0.000000 0.659566
 44 2.141380 0.000001 0.000001 0.000000 0.000000 3.141593
 45 1.734172 -0.000002 0.000002 0.000000 -0.000000 0.330185
 46 0.136317 -3.738192 2.525889 1.493698 2.759406 -1.474501
 47 12.525929 0.224067 4.354242 -0.008394 0.022031 -1.617272
 48 11.389367 -0.000822 0.158780 1.724820 0.111981 0.239111
 49 0.000004 -4.440600 0.000000 1.570144 -3.078602 0.004040
 50 6.000001 -0.000002 -0.000003 1.724820 -0.000000 0.000000
 51 0.000002 -4.440603 -0.000000 1.569944 -3.078603 0.004053
 52 10.510132 -0.000003 0.000002 0.000000 0.000000 -2.509910
 53 0.000000 -1.748401 -5.000001 -3.141593 0.004007 -1.539299
 54 5.500001 -0.000003 0.000001 -0.159200 -0.000000 0.000000
 55 -0.000002 -0.000000 -5.000000 -0.044472 3.137590 -0.000177
 56 6.551491 -0.000001 0.000001 0.159200 -0.043561 -0.366272
 57 -1.266843 -1.937444 -4.950558 -0.066572 -2.988806 -0.110308
 58 6.551491 -0.000001 0.000001 0.159200 -0.043561 -0.366272
 59 0.699369 -1.944207 -5.006846 -0.027189 -3.088217 0.005298
 60 4.226145 -0.003204 0.000001 -0.000000 -0.000000 0.000000
 61 0.000000 5.000000 -0.000000 -0.153564 0.000087 2.718702
 62 0.000002 -0.000005 -3.713580 0.078806 -3.095643 -0.809056
 63 0.000002 0.000001 5.000000 3.053197 1.558589 -0.074927
 64 -0.000007 0.000004 3.713580 -0.291569 -2.804713 -0.730245
 65 -0.000001 -0.000001 -5.000000 -0.088725 1.558589 3.066335
 66 -3.366039 4.537251 -0.068619 3.141593 1.570796 0.000000
 67 -0.000005 0.000005 3.619082 -0.290315 -2.390198 -1.506581
 68 16.573923 0.000002 0.000002 0.000000 0.000000 -1.981014
 69 15.128183 0.000001 -0.000000 0.021989 0.021467 0.116727
 70 5.758665 4.244730 0.000001 0.000000 -0.000000 2.025084
 71 3.177726 -0.000000 -0.000000 0.000000 0.000000 3.141593
 72 15.708954 0.000002 -0.000001 0.010798 0.012374 0.062601
 73 0.275148 0.189215 -3.445208 3.130898 0.000409 -1.514604
 74 17.210194 0.000002 0.000002 0.000000 -0.000000 -2.305173
 75 0.000001 -0.000000 -4.999999 -0.079433 1.546568 -1.570859
 76 0.000005 -0.000005 -3.619081 0.134312 -3.109778 -1.356560
 77 16.573925 0.000001 0.000001 -0.000000 -0.000000 -1.557142
 78 15.128183 -0.000001 0.000001 0.136996 0.106113 0.841610
 79 5.758666 4.244731 0.000000 -0.000000 0.000000 1.556616
 80 4.003935 -0.000000 -0.000001 0.000000 0.000000 0.000000
 81 15.708959 -0.000000 0.000001 0.089227 0.090845 0.568115
 82 0.273998 0.191090 3.439761 -3.130907 -0.000437 -1.508107
 83 17.210196 -0.000001 0.000000 0.000000 0.000000 -2.114431
 84 0.000000 0.000003 4.999997 -0.079311 1.595025 -1.570737
time 2
  0 -0.271423 -1.497488 42.807060 -0.000000 -3.141593 -0.000000
  1 0.814606 0.000000 26.920033 -0.342696 0.699436 -2.482692
  2 17.219866 6.877662 -19.277422 -0.723760 0.277227 2.251114
  3 -2.276932 0.000003 -1.238187 -1.570795 -1.570451 0.000000
  4 1.797518 0.711836 -0.000370 0.112710 -0.012900 0.113400
  5 4.118975 -0.003238 -0.000368 0.112713 -0.012909 0.112789
  6 4.118975 -0.003237 -0.000369 0.112712 -0.012911 0.112815
  7 4.118974 -0.003238 -0.000369 0.112713 -0.012904 0.112701
  8 4.119242 -0.003479 0.000000 0.000251 0.305432 0.181315
  9 4.443599 0.000002 0.000000 0.789077 -0.361312 -1.046478
 10 9.024060 0.000001 0.000001 0.000000 0.000000 0.000000
 11 -0.521037 0.003950 1.652525 -0.116317 -1.084728 3.070686
 12 6.384777 0.000001 -0.000001 -1.304087 -0.558443 -1.526126
 13 10.242684 -0.000000 0.000000 0.000000 0.000000 -0.913815
 14 11.375560 0.000002 -0.000001 2.839200 0.907781 0.134918
 15 0.728681 0.023428 -1.008292 1.705251 0.347372 0.567022
 16 2.136496 0.000000 0.000002 0.000000 0.000000 0.287979
 17 2.313137 0.000006 -0.000001 0.000000 0.000000 0.000000
 18 3.115507 -0.886044 -0.021430 -0.000782 0.000152 0.191986
 19 2.011151 -0.000000 -0.000003 0.000000 0.000000 0.659566
 20 2.141380 0.000001 -0.000003 0.000000 0.000000 0.000000
 21 1.734174 0.000003 -0.000000 0.000000 0.000000 0.330185
 22 0.000007 -4.440596 -0.000003 1.570544 -0.062990 -0.195737
 23 6.000000 0.000001 -0.000001 -3.045504 0.000000 0.000000
 24 0.000005 -4.440601 -0.000000 1.569944 -0.062987 0.004053
 25 11.375563 0.000004 0.000001 -2.408766 0.403371 0.351701
 26 -0.000000 -4.440603 -0.000001 1.570144 -0.062988 0.004040
 27 10.510132 -0.000002 0.000002 0.000000 0.000000 -2.027704
 28 0.000001 -1.748399 4.999999 0.000000 0.004007 1.602291
 29 5.499997 -0.000002 0.000001 0.484766 -0.000000 0.000000
 30 -0.000002 -1.940597 5.000003 -0.044472 0.004003 -0.000180
 31 6.551492 -0.000002 0.000001 -0.995970 -0.331397 -1.147274
 32 0.000000 -1.940598 5.000002 -0.027189 -0.053376 0.005295
 33 6.551492 -0.000002 0.000001 -0.365167 0.022652 -0.404807
 34 0.000000 -1.940601 4.999994 -0.066572 -0.152786 -0.110311
 35 0.521040 0.003131 -1.652526 -0.407353 1.433521 2.563815
 36 6.384777 0.000001 -0.000000 0.381168 0.096481 -1.334779
 37 10.242682 -0.000001 -0.000002 -0.000000 0.000000 -1.878227
 38 11.375562 0.000000 -0.000001 1.896685 0.172868 0.457392
 39 0.728683 0.023430 1.008292 -1.705251 -0.347372 0.567022
 40 2.136499 0.000000 0.000000 0.000000 0.000000 0.287979
 41 2.313139 -0.000000 -0.000000 0.000000 0.000000 3.141593
 42 3.115509 -0.886042 0.021432 0.000782 -0.000152 0.191986
 43 2.011151 -0.000000 -0.000001 0.000000 0.000000 0.659566
 44 2.141380 -0.000001 -0.000002 0.000000 0.000000 3.141593
 45 1.734172 -0.000002 0.000003 -0.000000 -0.000000 0.330185
 46 0.136318 -3.738192 2.525890 1.493698 2.759406 -1.474501
 47 12.525928 0.224068 4.354241 -0.008394 0.022031 -1.617272
 48 11.389367 -0.000820 0.158782 1.724820 0.111981 0.239111
 49 0.000003 -4.440600 0.000001 1.570144 -3.078602 0.004040
 50 6.000001 -0.000002 -0.000002 1.724820 -0.000000 -0.000000
 51 0.000002 -4.440601 -0.000000 1.569944 -3.078603 0.004053
 52 10.510134 -0.000004 0.000000 0.000000 0.000000 -2.509910
 53 -0.000000 -1.748401 -5.000000 3.141593 0.004007 -1.539299
 54 5.500001 -0.000004 -0.000000 -0.159200 0.000000 0.000000
 55 -0.000002 -0.000001 -5.000001 -0.044472 3.137589 -0.000177
 56 6.551491 0.000000 0.000001 0.159200 -0.043561 -0.366272
 57 -1.266843 -1.937442 -4.950561 -0.066572 -2.988806 -0.110308
 58 6.551491 0.000000 0.000001 0.159200 -0.043561 -0.366272
 59 0.699371 -1.944207 -5.006847 -0.027189 -3.088217 0.005298
 60 4.226145 -0.003201 0.000001 0.000000 -0.000000 -0.000000
 61 0.000001 5.000000 -0.000000 -0.153564 0.000087 2.718702
 62 0.000004 -0.000006 -3.713581 0.046611 -3.139496 -0.757893
 63 0.000001 -0.000001 5.000000 3.053195 1.558589 -0.074928
 64 -0.000007 0.000004 3.713581 -0.246479 -2.758268 -0.845543
 65 0.000001 -0.000000 -5.000000 -0.088726 1.558589 3.066334
 66 -3.366038 4.537250 -0.068619 3.141593 1.570796 0.000000
 67 -0.000004 0.000005 3.619082 3.039064 -0.781960 1.326527
 68 16.573925 0.000001 0.000002 -0.000000 0.000000 -1.901584
 69 15.128182 -0.000002 0.000000 0.015130 0.046315 0.132081
 70 5.758664 4.244730 0.000000 0.000000 -0.000000 2.002613
 71 3.177726 0.000000 0.000000 0.000000 0.000000 3.141593
 72 15.708953 -0.000000 -0.000000 0.006984 0.026151 0.070724
 73 0.275148 0.189215 -3.445208 3.130898 0.000409 -1.514604
 74 17.210196 0.000002 0.000003 -0.000000 0.000000 -2.269429
 75 0.000000 -0.000001 -4.999999 -0.079430 1.546568 -1.570856
 76 0.000006 -0.000005 -3.619081 0.068995 3.132803 -1.284340
 77 16.573923 0.000003 -0.000000 -0.000000 -0.000000 -1.509079
 78 15.128182 -0.000002 0.000002 0.071518 0.179711 0.778012
 79 5.758665 4.244732 0.000000 -0.000000 -0.000000 1.702787
 80 4.003935 -0.000001 -0.000000 0.000000 0.000000 0.000000
 81 15.708958 -0.000001 0.000002 0.037563 0.135280 0.524871
 82 0.273998 0.191089 3.439761 -3.130907 -0.000437 -1.508107
 83 17.210192 0.000003 -0.000000 -0.000000 -0.000000 -2.092802
 84 0.000001 0.000001 4.999998 -0.079314 1.595025 -1.570739
time 3
  0 -0.271423 -1.497488 42.807060 -0.000000 -3.141593 -0.000000
  1 1.118956 0.000000 27.305799 -0.336911 0.691821 -2.471642
  2 17.177149 6.854525 -19.569546 -0.716515 0.269936 2.247612
  3 -2.276933 0.000003 -1.238185 -1.570795 -1.570796 0.000000
  4 1.797517 0.711839 -0.000370 0.112710 -0.012900 0.113400
  5 4.118975 -0.003237 -0.000369 0.112713 -0.012909 0.112789
  6 4.118977 -0.003237 -0.000369 0.112713 -0.012911 0.112815
  7 4.118975 -0.003239 -0.000369 0.112713 -0.012904 0.112701
  8 4.119240 -0.003481 -0.000001 0.000251 0.305432 0.181315
  9 4.443601 -0.000001 0.000001 0.789077 -0.361312 -1.046478
 10 9.024064 0.000002 0.000000 0.000000 0.000000 0.000000
 11 -0.521037 0.003947 1.652526 -0.116317 -1.084729 3.070686
 12 6.384778 0.000002 0.000000 -1.304087 -0.558442 -1.526126
 13 10.242686 -0.000002 -0.000001 0.000000 0.000000 -0.913815
 14 11.375563 -0.000000 -0.000001 2.839200 0.907781 0.134918
 15 0.728680 0.023430 -1.008290 1.705251 0.347372 0.567022
 16 2.136498 -0.000000 0.000002 0.000000 0.000000 0.287979
 17 2.313139 -0.000001 0.000000 0.000000 0.000000 0.000000
 18 3.115506 -0.886039 -0.021429 -0.000782 0.000152 0.191986
 19 2.011150 0.000003 0.000001 0.000000 0.000000 0.659566
 20 2.141381 -0.000001 -0.000001 0.000000 0.000000 0.000000
 21 1.734175 0.000002 -0.000003 0.000000 0.000000 0.330185
 22 0.000006 -4.440593 0.000000 1.570544 -0.062990 -0.195737
 23 6.000001 0.000004 -0.000003 -3.045504 0.000000 0.000000
 24 0.000002 -4.440602 0.000001 1.569944 -0.062987 0.004053
 25 11.375562 0.000003 -0.000002 -2.408766 0.403371 0.351701
 26 -0.000001 -4.440604 -0.000002 1.570144 -0.062988 0.004040
 27 10.510131 -0.000004 0.000001 0.000000 -0.000000 -2.027704
 28 0.000000 -1.748400 5.000000 0.000000 0.004007 1.602291
 29 5.499998 -0.000003 -0.000000 0.484766 0.000000 -0.000000
 30 -0.000001 -1.940598 5.000000 -0.044472 0.004003 -0.000180
 31 6.551492 0.000001 0.000002 -0.995970 -0.331397 -1.147274
 32 0.000002 -1.940598 4.999999 -0.027189 -0.053376 0.005295
 33 6.551492 0.000001 0.000002 -0.365167 0.022652 -0.404807
 34 -0.000001 -1.940597 4.999996 -0.066572 -0.152786 -0.110311
 35 0.521041 0.003126 -1.652525 -0.407353 1.433521 2.563815
 36 6.384777 0.000001 -0.000001 0.381168 0.096481 -1.334779
 37 10.242682 0.000000 -0.000002 -0.000000 0.000000 -1.878227
 38 11.375564 0.000001 -0.000002 1.896685 0.172868 0.457392
 39 0.728682 0.023431 1.008293 -1.705251 -0.347372 0.567022
 40 2.136497 0.000000 -0.000000 -0.000000 0.000000 0.287979
 41 2.313139 0.000001 -0.000001 0.000000 0.000000 3.141593
 42 3.115508 -0.886041 0.021431 0.000782 -0.000152 0.191986
 43 2.011150 0.000000 -0.000002 -0.000000 0.000000 0.659566
 44 2.141379 0.000001 0.000000 0.000000 0.000000 3.141593
 45 1.734172 -0.000001 0.000001 -0.000000 -0.000000 0.330185
 46 0.136317 -3.738193 2.525887 1.493698 2.759406 -1.474501
 47 12.525930 0.224067 4.354242 -0.008394 0.022031 -1.617272
 48 11.389368 -0.000820 0.158781 1.724820 0.111981 0.239111
 49 0.000003 -4.440600 -0.000001 1.570144 -3.078602 0.004040
 50 6.000002 -0.000003 -0.000003 1.724820 -0.000000 0.000000
 51 0.000003 -4.440602 -0.000001 1.569944 -3.078603 0.004053
 52 10.510133 -0.000003 0.000000 0.000000 -0.000000 -2.509910
 53 -0.000000 -1.748401 -5.000000 3.141593 0.004007 -1.539299
 54 5.500001 -0.000003 0.000000 -0.159200 -0.000000 0.000000
 55 -0.000000 -0.000000 -4.999999 -0.044472 3.137589 -0.000177
 56 6.551491 0.000001 0.000000 0.159200 -0.043561 -0.366272
 57 -1.266843 -1.937444 -4.950560 -0.066572 -2.988806 -0.110308
 58 6.551491 0.000001 0.000000 0.159200 -0.043561 -0.366272
 59 0.699371 -1.944208 -5.006847 -0.027189 -3.088217 0.005298
 60 4.226144 -0.003203 0.000001 -0.000000 0.000000 0.000000
 61 -0.000000 5.000000 0.000000 -0.153564 0.000087 2.718702
 62 0.000004 -0.000005 -3.713580 0.016832 3.093334 -0.715614
 63 0.000003 -0.000001 5.000000 3.053196 1.558589 -0.074928
 64 -0.000006 0.000005 3.713580 -0.221001 -2.740797 -0.908306
 65 0.000001 -0.000000 -5.000000 -0.088725 1.558589 3.066335
 66 -3.366038 4.537251 -0.068619 3.141593 1.570796 0.000000
 67 -0.000004 0.000005 3.619082 3.127918 -0.773480 1.158930
 68 16.573921 0.000002 0.000001 0.000000 0.000000 -1.736613
 69 15.128182 -0.000000 0.000001 0.021206 0.075098 0.166042
 70 5.758666 4.244730 -0.000001 0.000000 -0.000000 1.971917
 71 3.177726 -0.000000 -0.000000 0.000000 0.000000 3.141593
 72 15.708954 -0.000000 0.000000 0.009383 0.042323 0.088550
 73 0.275148 0.189214 -3.445208 3.130898 0.000409 -1.514604
 74 17.210194 0.000001 0.000002 0.000000 -0.000000 -2.195192
 75 0.000000 0.000000 -5.000000 -0.079430 1.546568 -1.570856
 76 0.000007 -0.000004 -3.619080 0.003690 3.079592 -1.221427
 77 16.573919 0.000003 0.000002 0.000000 0.000000 -1.463270
 78 15.128181 -0.000003 0.000001 0.001396 0.247575 0.649304
 79 5.758665 4.244731 0.000000 -0.000000 -0.000000 1.775873
 80 4.003935 -0.000000 0.000000 0.000000 0.000000 0.000000
 81 15.708958 -0.000003 0.000000 -0.013348 0.177034 0.440907
 82 0.273998 0.191090 3.439761 -3.130907 -0.000437 -1.508106
 83 17.210192 0.000003 0.000001 0.000000 0.000000 -2.072188
 84 -0.000000 0.000002 4.999999 -0.079314 1.595025 -1.570739
time 4
  0 -0.271423 -1.497488 42.807060 -0.000000 -3.141593 -0.000000
  1 1.444376 0.000000 27.671734 -0.332277 0.684166 -2.463882
  2 16.920923 6.767671 -19.612375 -0.709268 0.263950 2.246375
  3 -2.276932 0.000003 -1.238186 -1.570795 -1.570451 0.000000
  4 1.797519 0.711837 -0.000371 0.112710 -0.012900 0.113400
  5 4.118976 -0.003239 -0.000369 0.112713 -0.012909 0.112789
  6 4.118973 -0.003236 -0.000369 0.112712 -0.012911 0.112815
  7 4.118975 -0.003234 -0.000368 0.112713 -0.012904 0.112701
  8 4.119241 -0.003482 0.000000 0.000251 0.305432 0.181315
  9 4.443597 0.000002 -0.000001 0.789077 -0.361312 -1.046478
 10 9.024061 0.000000 0.000000 0.000000 0.000000 0.000000
 11 -0.521040 0.003951 1.652523 -0.116317 -1.084729 3.070686
 12 6.384777 0.000003 0.000002 -1.304087 -0.558442 -1.526126
 13 10.242685 -0.000000 -0.000001 0.000000 0.000000 -0.913815
 14 11.375563 -0.000001 0.000001 2.839200 0.907781 0.134918
 15 0.728681 0.023432 -1.008293 1.705251 0.347372 0.567022
 16 2.136497 -0.000002 0.000000 0.000000 -0.000000 0.287979
 17 2.313138 0.000003 -0.000001 0.000000 0.000000 0.000000
 18 3.115507 -0.886041 -0.021432 -0.000782 0.000152 0.191986
 19 2.011151 0.000001 -0.000000 0.000000 0.000000 0.659566
 20 2.141381 -0.000001 -0.000001 0.000000 0.000000 0.000000
 21 1.734174 0.000001 0.000001 0.000000 0.000000 0.330185
 22 0.000005 -4.440596 -0.000001 1.570544 -0.062990 -0.195737
 23 6.000001 0.000001 -0.000000 -3.045504 -0.000000 0.000000
 24 0.000002 -4.440600 0.000001 1.569944 -0.062987 0.004053
 25 11.375563 -0.000001 0.000001 -2.408766 0.403371 0.351701
 26 -0.000002 -4.440603 -0.000000 1.570144 -0.062988 0.004040
 27 10.510130 -0.000005 0.000002 -0.000000 -0.000000 -2.027704
 28 0.000002 -1.748400 4.999999 0.000000 0.004007 1.602290
 29 5.499997 -0.000003 0.000000 0.484766 0.000000 0.000000
 30 -0.000001 -1.940597 5.000002 -0.044472 0.004003 -0.000180
 31 6.551491 0.000000 0.000003 -0.995970 -0.331397 -1.147274
 32 -0.000001 -1.940599 5.000000 -0.027189 -0.053376 0.005295
 33 6.551491 0.000000 0.000003 -0.365167 0.022652 -0.404807
 34 -0.000001 -1.940598 4.999995 -0.066572 -0.152786 -0.110311
 35 0.521039 0.003128 -1.652526 -0.407353 1.433521 2.563815
 36 6.384776 -0.000000 0.000001 0.381168 0.096481 -1.334779
 37 10.242682 -0.000000 -0.000000 0.000000 0.000000 -1.878227
 38 11.375562 -0.000002 -0.000002 1.896685 0.172868 0.457392
 39 0.728680 0.023431 1.008290 -1.705251 -0.347372 0.567022
 40 2.136496 0.000002 0.000001 0.000000 0.000000 0.287979
 41 2.313139 -0.000001 -0.000002 0.000000 0.000000 3.141593
 42 3.115506 -0.886041 0.021428 0.000782 -0.000152 0.191986
 43 2.011152 0.000000 -0.000000 -0.000000 -0.000000 0.659566
 44 2.141379 -0.000000 0.000000 0.000000 0.000000 3.141593
 45 1.734172 -0.000000 0.000002 -0.000000 -0.000000 0.330185
 46 0.136317 -3.738191 2.525890 1.493698 2.759406 -1.474501
 47 12.525928 0.224066 4.354241 -0.008394 0.022031 -1.617272
 48 11.389368 -0.000821 0.158779 1.724820 0.111981 0.239111
 49 0.000003 -4.440598 0.000000 1.570144 -3.078602 0.004040
 50 6.000001 -0.000003 -0.000004 1.724820 0.000000 -0.000000
 51 0.000004 -4.440602 0.000001 1.569944 -3.078603 0.004053
 52 10.510133 -0.000003 0.000002 0.000000 0.000000 -2.509910
 53 0.000001 -1.748401 -5.000000 -3.141593 0.004007 -1.539299
 54 5.500001 -0.000004 0.000001 -0.159200 -0.000000 0.000000
 55 -0.000004 -0.000000 -5.000001 -0.044472 3.137589 -0.000177
 56 6.551491 -0.000001 0.000002 0.159200 -0.043561 -0.366272
 57 -1.266845 -1.937443 -4.950561 -0.066572 -2.988806 -0.110308
 58 6.551491 -0.000001 0.000002 0.159200 -0.043561 -0.366272
 59 0.699370 -1.944208 -5.006847 -0.027189 -3.088217 0.005298
 60 4.226143 -0.003200 0.000001 0.000000 0.000000 -0.000000
 61 -0.000000 5.000000 0.000000 -0.153564 0.000087 2.718702
 62 0.000005 -0.000006 -3.713580 -0.005397 3.045514 -0.652806
 63 0.000002 -0.000000 5.000000 3.053198 1.558589 -0.074926
 64 -0.000006 0.000005 3.713579 -0.215773 -2.740824 -0.932501
 65 -0.000001 -0.000000 -5.000000 -0.088723 1.558589 3.066338
 66 -3.366039 4.537250 -0.068618 3.141593 1.570796 0.000000
 67 -0.000003 0.000005 3.619081 -3.141204 -0.759376 1.102662
 68 16.573919 0.000002 0.000001 0.000000 0.000000 -1.510131
 69 15.128181 -0.000000 -0.000001 0.040937 0.097542 0.203595
 70 5.758665 4.244730 -0.000000 0.000000 -0.000000 1.941222
 71 3.177727 -0.000000 0.000000 0.000000 0.000000 3.141593
 72 15.708953 0.000001 -0.000001 0.018521 0.055317 0.107917
 73 0.275149 0.189215 -3.445208 3.130898 0.000409 -1.514604
 74 17.210190 0.000001 0.000002 -0.000000 -0.000000 -2.093275
 75 0.000001 0.000000 -4.999999 -0.079429 1.546565 -1.570853
 76 0.000006 -0.000005 -3.619080 -0.048901 3.020657 -1.120758
 77 16.573919 -0.000000 -0.000000 -0.000000 0.000000 -1.331814
 78 15.128183 -0.000001 0.000001 -0.075840 0.313096 0.539286
 79 5.758665 4.244730 -0.000001 -0.000000 0.000000 1.885502
 80 4.003934 0.000000 0.000001 0.000000 0.000000 0.000000
 81 15.708959 -0.000001 0.000001 -0.066578 0.219015 0.369876
 82 0.273997 0.191090 3.439760 -3.130907 -0.000437 -1.508106
 83 17.210190 -0.000001 -0.000000 0.000000 -0.000000 -2.013033
 84 0.000000 0.000002 4.999997 -0.079314 1.595025 -1.570739
time 5
  0 -0.271423 -1.497488 42.807060 -0.000000 -3.141593 -0.000000
  1 1.783273 0.000000 27.926674 -0.330149 0.677079 -2.463372
  2 16.981390 6.848481 -19.984421 -0.702583 0.261077 2.250039
  3 -2.276933 0.000003 -1.238186 -1.570795 -1.570796 0.000000
  4 1.797520 0.711836 -0.000370 0.112710 -0.012900 0.113400
  5 4.118972 -0.003236 -0.000368 0.112713 -0.012909 0.112789
  6 4.118976 -0.003238 -0.000369 0.112713 -0.012911 0.112815
  7 4.118973 -0.003237 -0.000368 0.112713 -0.012904 0.112701
  8 4.119240 -0.003481 -0.000001 0.000251 0.305432 0.181315
  9 4.443599 -0.000002 0.000000 0.789077 -0.361312 -1.046478
 10 9.024064 -0.000001 0.000000 0.000000 0.000000 0.000000
 11 -0.521038 0.003946 1.652525 -0.116317 -1.084729 3.070686
 12 6.384777 0.000001 -0.000001 -1.304087 -0.558442 -1.526126
 13 10.242682 -0.000002 0.000001 0.000000 0.000000 -0.913815
 14 11.375561 0.000002 -0.000000 2.839200 0.907781 0.134918
 15 0.728680 0.023432 -1.008290 1.705251 0.347372 0.567022
 16 2.136495 -0.000000 0.000003 0.000000 0.000000 0.287979
 17 2.313140 0.000001 0.000000 0.000000 0.000000 0.000000
 18 3.115506 -0.886041 -0.021430 -0.000782 0.000152 0.191986
 19 2.011151 0.000004 0.000001 0.000000 0.000000 0.659566
 20 2.141381 -0.000001 -0.000002 0.000000 0.000000 0.000000
 21 1.734174 0.000004 -0.000000 -0.000000 -0.000000 0.330185
 22 0.000006 -4.440594 -0.000001 1.570544 -0.062990 -0.195737
 23 6.000000 0.000003 -0.000001 -3.045504 -0.000000 -0.000000
 24 0.000003 -4.440601 0.000001 1.569944 -0.062987 0.004053
 25 11.375564 0.000003 0.000002 -2.408766 0.403371 0.351701
 26 -0.000001 -4.440604 0.000003 1.570144 -0.062988 0.004040
 27 10.510129 -0.000003 0.000003 0.000000 0.000000 -2.027704
 28 -0.000000 -1.748398 5.000000 -0.000000 0.004007 1.602291
 29 5.499998 -0.000002 0.000002 0.484766 0.000000 0.000000
 30 -0.000001 -1.940596 4.999998 -0.044472 0.004003 -0.000180
 31 6.551492 -0.000002 0.000001 -0.995970 -0.331397 -1.147274
 32 0.000001 -1.940598 5.000000 -0.027189 -0.053376 0.005295
 33 6.551492 -0.000002 0.000001 -0.365167 0.022652 -0.404807
 34 0.000000 -1.940599 4.999995 -0.066572 -0.152786 -0.110311
 35 0.521041 0.003123 -1.652524 -0.407353 1.433521 2.563815
 36 6.384776 -0.000002 -0.000000 0.381168 0.096481 -1.334779
 37 10.242683 0.000000 0.000000 -0.000000 0.000000 -1.878227
 38 11.375561 0.000002 -0.000001 1.896684 0.172868 0.457392
 39 0.728682 0.023431 1.008295 -1.705251 -0.347372 0.567022
 40 2.136496 -0.000001 0.000001 0.000000 0.000000 0.287979
 41 2.313139 0.000001 -0.000000 0.000000 0.000000 3.141593
 42 3.115508 -0.886041 0.021432 0.000782 -0.000152 0.191986
 43 2.011152 0.000000 0.000002 -0.000000 0.000000 0.659566
 44 2.141380 0.000000 -0.000001 0.000000 0.000000 3.141593
 45 1.734174 -0.000001 0.000004 -0.000000 -0.000000 0.330185
 46 0.136318 -3.738192 2.525889 1.493698 2.759406 -1.474501
 47 12.525928 0.224067 4.354241 -0.008394 0.022031 -1.617272
 48 11.389367 -0.000821 0.158781 1.724820 0.111981 0.239111
 49 0.000003 -4.440599 -0.000001 1.570144 -3.078602 0.004040
 50 6.000001 -0.000004 -0.000003 1.724820 0.000000 0.000000
 51 0.000003 -4.440601 0.000001 1.569944 -3.078603 0.004053
 52 10.510134 -0.000002 0.000002 -0.000000 0.000000 -2.509910
 53 -0.000000 -1.748401 -4.999999 -3.141593 0.004007 -1.539299
 54 5.500002 -0.000003 0.000001 -0.159200 0.000000 0.000000
 55 -0.000002 -0.000001 -4.999999 -0.044472 3.137589 -0.000177
 56 6.551490 0.000000 -0.000000 0.159200 -0.043561 -0.366272
 57 -1.266845 -1.937443 -4.950559 -0.066572 -2.988806 -0.110308
 58 6.551491 -0.000003 0.000001 0.159200 -0.043561 -0.366272
 59 0.699369 -1.944206 -5.006846 -0.027189 -3.088217 0.005298
 60 4.226145 -0.003202 0.000001 -0.000000 0.000000 -0.000000
 61 -0.000001 5.000001 0.000000 -0.153564 0.000087 2.718702
 62 0.000004 -0.000006 -3.713580 -0.023817 3.002781 -0.633346
 63 0.000000 0.000000 5.000000 3.053198 1.558589 -0.074926
 64 -0.000006 0.000005 3.713580 -0.227516 -2.752688 -0.926830
 65 0.000000 -0.000000 -5.000000 -0.088724 1.558589 3.066336
 66 -3.366039 4.537251 -0.068618 3.141593 1.570796 0.000000
 67 -0.000004 0.000006 3.619082 3.103873 -0.748198 1.130441
 68 16.573919 0.000000 0.000002 -0.000000 0.000000 -1.240108
 69 15.128183 0.000001 0.000000 0.067418 0.109025 0.232438
 70 5.758666 4.244732 0.000000 0.000000 -0.000000 1.918751
 71 3.177727 -0.000001 -0.000000 0.000000 0.000000 3.141593
 72 15.708953 0.000002 -0.000000 0.031236 0.062561 0.122504
 73 0.275148 0.189215 -3.445207 3.130898 0.000409 -1.514604
 74 17.210194 -0.000000 0.000003 0.000000 -0.000000 -1.971765
 75 -0.000000 -0.000000 -4.999999 -0.079429 1.546568 -1.570852
 76 0.000006 -0.000005 -3.619080 -0.093537 2.966110 -1.088953
 77 16.573919 0.000000 -0.000001 -0.000000 0.000000 -1.276309
 78 15.128181 0.000000 0.000001 -0.150207 0.326344 0.328031
 79 5.758665 4.244732 -0.000000 -0.000000 -0.000000 1.995130
 80 4.003934 -0.000001 -0.000000 0.000000 0.000000 0.000000
 81 15.708956 -0.000001 0.000001 -0.109743 0.230114 0.232848
 82 0.273997 0.191090 3.439761 -3.130907 -0.000437 -1.508106
 83 17.210192 -0.000000 -0.000001 -0.000000 -0.000000 -1.988056
 84 0.000000 0.000002 4.999999 -0.079311 1.595025 -1.570735
time 6
  0 -0.271423 -1.497488 42.807060 -0.000000 -3.141593 -0.000000
  1 2.129386 0.000000 27.993633 -0.331801 0.671148 -2.474004
  2 16.942211 6.949623 -20.170816 -0.696985 0.263097 2.261273
  3 -2.276932 0.000003 -1.238187 -1.570795 -1.570451 0.000000
  4 1.797516 0.711837 -0.000370 0.112710 -0.012900 0.113400
  5 4.118975 -0.003239 -0.000369 0.112713 -0.012909 0.112789
  6 4.118974 -0.003235 -0.000368 0.112713 -0.012911 0.112815
  7 4.118975 -0.003239 -0.000369 0.112713 -0.012904 0.112701
  8 4.119239 -0.003481 -0.000001 0.000251 0.305432 0.181315
  9 4.443600 -0.000004 0.000000 0.789077 -0.361312 -1.046478
 10 9.024060 -0.000001 0.000000 0.000000 0.000000 0.000000
 11 -0.521037 0.003945 1.652525 -0.116317 -1.084728 3.070686
 12 6.384776 -0.000000 0.000001 -1.304087 -0.558442 -1.526126
 13 10.242682 -0.000000 -0.000001 0.000000 0.000000 -0.913815
 14 11.375558 -0.000001 -0.000003 2.839200 0.907781 0.134918
 15 0.728681 0.023429 -1.008292 1.705251 0.347372 0.567022
 16 2.136497 0.000000 0.000001 0.000000 -0.000000 0.287979
 17 2.313141 -0.000002 -0.000002 0.000000 0.000000 0.000000
 18 3.115506 -0.886040 -0.021432 -0.000782 0.000152 0.191986
 19 2.011152 0.000001 -0.000002 0.000000 0.000000 0.659566
 20 2.141378 -0.000000 0.000001 0.000000 0.000000 0.000000
 21 1.734175 0.000001 -0.000001 0.000000 -0.000000 0.330185
 22 0.000005 -4.440594 0.000002 1.570544 -0.062990 -0.195737
 23 6.000001 0.000001 -0.000002 -3.045504 -0.000000 0.000000
 24 0.000003 -4.440602 0.000001 1.569944 -0.062987 0.004053
 25 11.375562 0.000001 -0.000001 -2.408766 0.403371 0.351701
 26 0.000001 -4.440604 -0.000001 1.570144 -0.062988 0.004040
 27 10.510131 -0.000002 0.000002 -0.000000 -0.000000 -2.027704
 28 0.000001 -1.748400 5.000001 0.000000 0.004007 1.602291
 29 5.499996 -0.000004 0.000002 0.484766 -0.000000 0.000000
 30 -0.000001 -1.940596 4.999998 -0.044472 0.004003 -0.000180
 31 6.551491 -0.000003 0.000002 -0.995970 -0.331397 -1.147274
 32 0.000001 -1.940599 5.000000 -0.027189 -0.053376 0.005295
 33 6.551491 -0.000003 0.000002 -0.365167 0.022652 -0.404807
 34 -0.000001 -1.940597 4.999996 -0.066572 -0.152786 -0.110311
 35 0.521041 0.003128 -1.652524 -0.407353 1.433521 2.563815
 36 6.384776 0.000002 0.000000 0.381168 0.096481 -1.334779
 37 10.242682 -0.000001 -0.000000 -0.000000 0.000000 -1.878227
 38 11.375559 0.000001 -0.000000 1.896685 0.172868 0.457392
 39 0.728683 0.023431 1.008295 -1.705251 -0.347372 0.567022
 40 2.136494 0.000000 0.000002 -0.000000 -0.000000 0.287979
 41 2.313140 -0.000000 -0.000002 0.000000 0.000000 3.141593
 42 3.115509 -0.886041 0.021431 0.000782 -0.000152 0.191986
 43 2.011152 -0.000000 -0.000000 -0.000000 0.000000 0.659566
 44 2.141377 0.000003 0.000001 0.000000 0.000000 3.141593
 45 1.734172 -0.000001 -0.000000 -0.000000 -0.000000 0.330185
 46 0.136316 -3.738193 2.525890 1.493698 2.759406 -1.474501
 47 12.525928 0.224067 4.354239 -0.008394 0.022031 -1.617272
 48 11.389367 -0.000821 0.158780 1.724820 0.111981 0.239111
 49 0.000001 -4.440598 -0.000001 1.570144 -3.078602 0.004040
 50 6.000001 -0.000003 -0.000003 1.724820 0.000000 0.000000
 51 0.000003 -4.440602 -0.000002 1.569944 -3.078603 0.004053
 52 10.510133 -0.000002 0.000003 0.000000 -0.000000 -2.509910
 53 0.000001 -1.748400 -4.999998 -3.141593 0.004007 -1.539299
 54 5.500001 -0.000003 0.000001 -0.159200 0.000000 0.000000
 55 -0.000002 -0.000000 -4.999998 -0.044472 3.137589 -0.000177
 56 6.551491 -0.000003 0.000002 0.159200 -0.043561 -0.366272
 57 -1.266842 -1.937443 -4.950558 -0.066572 -2.988806 -0.110308
 58 6.551491 -0.000003 0.000002 0.159200 -0.043561 -0.366272
 59 0.699370 -1.944207 -5.006846 -0.027189 -3.088217 0.005298
 60 4.226144 -0.003203 0.000001 -0.000000 -0.000000 0.000000
 61 -0.000000 5.000000 0.000000 -0.153564 0.000087 2.718702
 62 0.000003 -0.000006 -3.713580 -0.020894 2.956295 -0.573779
 63 0.000001 0.000000 5.000001 3.053195 1.558589 -0.074930
 64 -0.000007 0.000005 3.713579 -0.250312 -2.771624 -0.899478
 65 0.000001 0.000000 -4.999999 -0.088723 1.558589 3.066337
 66 -3.366040 4.537251 -0.068618 3.141593 1.570796 0.000000
 67 -0.000005 0.000006 3.619081 3.032501 -0.739042 1.216478
 68 16.573921 -0.000003 0.000001 -0.000000 0.000000 -0.937883
 69 15.128179 0.000000 0.000000 0.091712 0.111129 0.233071
 70 5.758665 4.244730 0.000000 0.000000 -0.000000 1.910526
 71 3.177727 0.000000 0.000000 0.000000 0.000000 3.141593
 72 15.708954 0.000002 -0.000000 0.043362 0.064510 0.122482
 73 0.275148 0.189215 -3.445207 3.130898 0.000409 -1.514604
 74 17.210192 -0.000002 0.000002 0.000000 0.000000 -1.835764
 75 0.000000 0.000001 -4.999999 -0.079429 1.546568 -1.570852
 76 0.000005 -0.000005 -3.619080 -0.104189 2.890783 -0.981940
 77 16.573921 -0.000000 -0.000002 0.000000 -0.000000 -1.137916
 78 15.128181 -0.000001 0.000000 -0.210843 0.373046 0.245857
 79 5.758666 4.244730 0.000001 -0.000000 0.000000 2.068215
 80 4.003935 0.000000 -0.000001 0.000000 0.000000 0.000000
 81 15.708957 -0.000001 -0.000001 -0.148366 0.263168 0.179478
 82 0.273997 0.191090 3.439759 -3.130907 -0.000437 -1.508107
 83 17.210192 -0.000001 -0.000002 0.000000 0.000000 -1.925779
 84 0.000000 0.000002 4.999997 -0.079311 1.595025 -1.570737
time 7
  0 -0.271423 -1.497488 42.807060 -0.000000 -3.141593 -0.000000
  1 2.476458 0.000000 28.004990 -0.336585 0.667330 -2.492373
  2 17.213715 7.215334 -20.621210 -0.693467 0.268881 2.277059
  3 -2.276933 0.000003 -1.238186 -1.570795 -1.570451 0.000000
  4 1.797519 0.711836 -0.000371 0.112710 -0.012900 0.113400
  5 4.118973 -0.003236 -0.000369 0.112713 -0.012909 0.112789
  6 4.118976 -0.003237 -0.000368 0.112713 -0.012911 0.112815
  7 4.118975 -0.003241 -0.000369 0.112713 -0.012904 0.112701
  8 4.119240 -0.003479 -0.000001 0.000251 0.305432 0.181315
  9 4.443600 -0.000003 0.000001 0.789077 -0.361312 -1.046478
 10 9.024061 -0.000000 -0.000000 0.000000 0.000000 0.000000
 11 -0.521037 0.003946 1.652526 -0.116317 -1.084729 3.070686
 12 6.384776 -0.000001 -0.000000 -1.304087 -0.558442 -1.526126
 13 10.242682 0.000003 -0.000001 0.000000 0.000000 -0.913815
 14 11.375563 -0.000000 0.000001 2.839200 0.907781 0.134918
 15 0.728681 0.023430 -1.008290 1.705251 0.347372 0.567022
 16 2.136495 -0.000001 0.000002 0.000000 0.000000 0.287979
 17 2.313138 0.000003 0.000001 0.000000 0.000000 0.000000
 18 3.115507 -0.886040 -0.021432 -0.000782 0.000152 0.191986
 19 2.011150 0.000001 0.000002 -0.000000 -0.000000 0.659566
 20 2.141376 -0.000004 -0.000002 0.000000 0.000000 0.000000
 21 1.734174 0.000003 0.000000 0.000000 -0.000000 0.330185
 22 0.000005 -4.440595 -0.000002 1.570544 -0.062990 -0.195737
 23 6.000000 -0.000001 -0.000001 -3.045504 0.000000 -0.000000
 24 0.000000 -4.440602 0.000001 1.569944 -0.062987 0.004053
 25 11.375563 -0.000000 0.000001 -2.408766 0.403371 0.351701
 26 -0.000002 -4.440603 -0.000003 1.570144 -0.062988 0.004040
 27 10.510131 -0.000001 0.000002 -0.000000 0.000000 -2.027704
 28 -0.000001 -1.748399 4.999999 0.000000 0.004007 1.602291
 29 5.499996 -0.000003 0.000002 0.484766 0.000000 0.000000
 30 -0.000002 -1.940599 5.000001 -0.044472 0.004003 -0.000180
 31 6.551491 -0.000000 0.000002 -0.995970 -0.331397 -1.147274
 32 0.000001 -1.940598 5.000000 -0.027189 -0.053376 0.005295
 33 6.551491 -0.000000 0.000002 -0.365167 0.022652 -0.404807
 34 -0.000000 -1.940598 4.999994 -0.066572 -0.152786 -0.110311
 35 0.521042 0.003126 -1.652523 -0.407352 1.433521 2.563815
 36 6.384777 -0.000000 0.000001 0.381168 0.096481 -1.334779
 37 10.242682 -0.000001 0.000000 -0.000000 0.000000 -1.878227
 38 11.375560 0.000002 -0.000001 1.896685 0.172868 0.457392
 39 0.728680 0.023431 1.008293 -1.705251 -0.347372 0.567022
 40 2.136497 -0.000000 -0.000001 0.000000 -0.000000 0.287979
 41 2.313138 -0.000001 0.000000 0.000000 0.000000 3.141593
 42 3.115506 -0.886041 0.021433 0.000782 -0.000152 0.191986
 43 2.011148 0.000001 -0.000002 0.000000 -0.000000 0.659566
 44 2.141378 -0.000000 0.000001 0.000000 0.000000 3.141593
 45 1.734173 -0.000001 0.000001 -0.000000 -0.000000 0.330185
 46 0.136317 -3.738192 2.525891 1.493698 2.759406 -1.474501
 47 12.525927 0.224067 4.354239 -0.008394 0.022031 -1.617272
 48 11.389366 -0.000822 0.158781 1.724820 0.111981 0.239111
 49 0.000004 -4.440599 -0.000001 1.570144 -3.078602 0.004040
 50 6.000000 -0.000003 -0.000003 1.724820 0.000000 0.000000
 51 0.000002 -4.440602 0.000000 1.569944 -3.078603 0.004053
 52 10.510134 -0.000003 0.000003 -0.000000 -0.000000 -2.509910
 53 0.000001 -1.748401 -4.999999 -3.141593 0.004007 -1.539299
 54 5.500002 -0.000004 0.000001 -0.159200 0.000000 0.000000
 55 -0.000000 -0.000000 -4.999999 -0.044472 3.137589 -0.000177
 56 6.551490 0.000001 0.000001 0.159200 -0.043561 -0.366272
 57 -1.266843 -1.937442 -4.950561 -0.066572 -2.988806 -0.110308
 58 6.551490 0.000001 0.000001 0.159200 -0.043561 -0.366272
 59 0.699370 -1.944206 -5.006847 -0.027189 -3.088217 0.005298
 60 4.226145 -0.003203 0.000000 0.000000 -0.000000 -0.000000
 61 -0.000001 5.000000 0.000000 -0.153564 0.000087 2.718702
 62 0.000004 -0.000005 -3.713580 0.003899 2.917434 -0.513496
 63 0.000000 -0.000000 5.000000 3.053195 1.558589 -0.074930
 64 -0.000007 0.000006 3.713580 -0.252184 -2.769217 -0.905818
 65 0.000000 -0.000000 -4.999999 -0.088727 1.558589 3.066334
 66 -3.366039 4.537252 -0.068618 3.141593 1.570796 0.000000
 67 -0.000005 0.000006 3.619081 3.034835 -0.743089 1.198560
 68 16.573919 -0.000002 0.000001 -0.000000 -0.000000 -1.096319
 69 15.128181 0.000002 0.000001 0.048058 0.147321 0.080771
 70 5.758665 4.244731 -0.000000 0.000000 -0.000000 1.855708
 71 3.177726 0.000001 0.000000 0.000000 0.000000 3.141593
 72 15.708953 0.000001 0.000000 0.022821 0.082421 0.042251
 73 0.275148 0.189215 -3.445207 3.130898 0.000409 -1.514604
 74 17.210192 -0.000001 0.000002 -0.000000 -0.000000 -1.907060
 75 0.000001 0.000001 -5.000000 -0.079430 1.546568 -1.570856
 76 0.000007 -0.000004 -3.619080 -0.074282 2.816148 -0.865353
 77 16.573921 -0.000001 -0.000002 0.000000 0.000000 -0.971067
 78 15.128183 -0.000000 -0.000000 -0.447273 0.116680 0.089612
 79 5.758665 4.244731 -0.000001 -0.000000 0.000000 2.138737
 80 4.003934 0.000000 -0.000000 0.000000 0.000000 0.000000
 81 15.708957 -0.000000 -0.000001 -0.302112 0.082098 0.070995
 82 0.273997 0.191090 3.439761 -3.130907 -0.000437 -1.508106
 83 17.210192 -0.000001 -0.000003 0.000000 -0.000000 -1.850697
 84 0.000001 0.000002 4.999996 -0.079311 1.595025 -1.570736
time 8
  0 -0.271423 -1.497488 42.807060 -0.000000 -3.141593 -0.000000
  1 2.818231 0.000000 27.954411 -0.342700 0.665810 -2.512035
  2 17.209703 7.362609 -20.636383 -0.692274 0.275879 2.292457
  3 -2.276933 0.000003 -1.238185 -1.570795 -1.570451 0.000000
  4 1.797520 0.711837 -0.000371 0.112710 -0.012900 0.113400
  5 4.118975 -0.003236 -0.000368 0.112713 -0.012909 0.112789
  6 4.118978 -0.003238 -0.000368 0.112712 -0.012911 0.112815
  7 4.118973 -0.003234 -0.000369 0.112713 -0.012904 0.112701
  8 4.119241 -0.003480 -0.000001 0.000251 0.305432 0.181315
  9 4.443600 -0.000002 -0.000000 0.789077 -0.361312 -1.046478
 10 9.024061 0.000000 0.000001 0.000000 0.000000 0.000000
 11 -0.521037 0.003949 1.652525 -0.116317 -1.084728 3.070686
 12 6.384778 0.000002 0.000002 -1.304087 -0.558442 -1.526126
 13 10.242680 -0.000002 -0.000001 0.000000 0.000000 -0.913815
 14 11.375563 0.000006 -0.000001 2.839200 0.907781 0.134918
 15 0.728681 0.023430 -1.008291 1.705251 0.347372 0.567022
 16 2.136496 -0.000002 0.000001 -0.000000 0.000000 0.287979
 17 2.313138 0.000001 0.000001 0.000000 0.000000 0.000000
 18 3.115506 -0.886040 -0.021430 -0.000782 0.000152 0.191986
 19 2.011151 -0.000003 0.000001 -0.000000 -0.000000 0.659566
 20 2.141379 0.000000 0.000000 0.000000 0.000000 0.000000
 21 1.734175 -0.000000 -0.000001 -0.000000 -0.000000 0.330185
 22 0.000006 -4.440595 -0.000001 1.570544 -0.062990 -0.195737
 23 6.000002 0.000002 -0.000001 -3.045504 -0.000000 -0.000000
 24 0.000002 -4.440603 0.000000 1.569944 -0.062987 0.004053
 25 11.375564 0.000003 0.000001 -2.408766 0.403371 0.351701
 26 0.000000 -4.440605 -0.000001 1.570144 -0.062988 0.004040
 27 10.510131 -0.000006 0.000002 0.000000 -0.000000 -2.027704
 28 0.000003 -1.748401 5.000002 0.000000 0.004007 1.602291
 29 5.499997 -0.000005 0.000002 0.484766 -0.000000 0.000000
 30 -0.000003 -1.940597 5.000002 -0.044472 0.004003 -0.000180
 31 6.551493 -0.000001 0.000002 -0.995970 -0.331397 -1.147274
 32 0.000000 -1.940596 4.999999 -0.027189 -0.053376 0.005295
 33 6.551493 -0.000001 0.000002 -0.365167 0.022652 -0.404807
 34 0.000000 -1.940600 4.999995 -0.066572 -0.152786 -0.110311
 35 0.521042 0.003127 -1.652525 -0.407353 1.433521 2.563815
 36 6.384778 0.000001 -0.000000 0.381168 0.096481 -1.334779
 37 10.242684 -0.000002 -0.000002 -0.000000 0.000000 -1.878227
 38 11.375562 0.000004 0.000002 1.896685 0.172868 0.457392
 39 0.728683 0.023431 1.008293 -1.705251 -0.347372 0.567022
 40 2.136494 -0.000003 0.000003 0.000000 0.000000 0.287979
 41 2.313138 -0.000000 0.000001 0.000000 0.000000 3.141593
 42 3.115504 -0.886041 0.021432 0.000782 -0.000152 0.191986
 43 2.011154 -0.000001 -0.000001 -0.000000 -0.000000 0.659566
 44 2.141378 0.000002 -0.000002 0.000000 0.000000 3.141593
 45 1.734173 -0.000001 -0.000000 -0.000000 -0.000000 0.330185
 46 0.136316 -3.738192 2.525890 1.493698 2.759406 -1.474501
 47 12.525929 0.224068 4.354241 -0.008394 0.022031 -1.617272
 48 11.389367 -0.000820 0.158782 1.724820 0.111981 0.239111
 49 0.000003 -4.440601 0.000000 1.570144 -3.078602 0.004040
 50 6.000001 -0.000003 -0.000003 1.724820 0.000000 -0.000000
 51 0.000002 -4.440602 0.000000 1.569944 -3.078603 0.004053
 52 10.510136 -0.000004 0.000001 -0.000000 -0.000000 -2.509910
 53 -0.000001 -1.748401 -5.000000 3.141593 0.004007 -1.539299
 54 5.500003 -0.000004 0.000000 -0.159200 0.000000 -0.000000
 55 -0.000003 -0.000001 -5.000002 -0.044472 3.137589 -0.000177
 56 6.551492 0.000000 0.000000 0.159200 -0.043561 -0.366272
 57 -1.266842 -1.937443 -4.950561 -0.066572 -2.988806 -0.110308
 58 6.551492 0.000000 0.000000 0.159200 -0.043561 -0.366272
 59 0.699372 -1.944207 -5.006847 -0.027189 -3.088217 0.005298
 60 4.226144 -0.003200 0.000000 0.000000 -0.000000 -0.000000
 61 0.000001 5.000002 0.000000 -0.153564 0.000087 2.718701
 62 0.000004 -0.000005 -3.713580 -0.013233 2.912367 -0.554596
 63 0.000002 -0.000000 5.000000 3.053199 1.558589 -0.074925
 64 -0.000006 0.000006 3.713581 -0.257511 -2.770294 -0.902770
 65 -0.000001 0.000000 -5.000000 -0.088725 1.558589 3.066336
 66 -3.366039 4.537252 -0.068618 3.141593 1.570796 0.000000
 67 -0.000004 0.000007 3.619082 3.023835 -0.746202 1.206781
 68 16.573923 -0.000002 0.000000 0.000000 -0.000000 -1.250978
 69 15.128181 0.000002 0.000002 0.025031 0.105409 0.159122
 70 5.758666 4.244732 0.000000 0.000000 -0.000000 1.675312
 71 3.177725 -0.000000 -0.000000 0.000000 0.000000 3.141593
 72 15.708954 0.000002 0.000002 0.010842 0.059180 0.084627
 73 0.275148 0.189215 -3.445208 3.130898 0.000409 -1.514604
 74 17.210194 -0.000000 0.000001 0.000000 -0.000000 -1.976656
 75 0.000000 0.000000 -5.000000 -0.079429 1.546568 -1.570852
 76 0.000006 -0.000004 -3.619081 -0.107555 2.820848 -0.947170
 77 16.573923 0.000002 0.000001 0.000000 0.000000 -1.068970
 78 15.128181 -0.000001 0.000004 -0.466382 -0.263651 -0.111975
 79 5.758664 4.244731 0.000001 -0.000000 0.000000 2.209259
 80 4.003935 -0.000000 0.000000 0.000000 0.000000 0.000000
 81 15.708958 -0.000002 0.000004 -0.314914 -0.187962 -0.094316
 82 0.273997 0.191090 3.439760 -3.130907 -0.000437 -1.508107
 83 17.210194 0.000003 0.000001 -0.000000 0.000000 -1.894753
 84 0.000001 0.000003 4.999998 -0.079314 1.595025 -1.570739
time 9
  0 -0.271423 -1.497488 42.807060 -0.000000 -3.141593 -0.000000
  1 3.148445 0.000000 27.823492 -0.349673 0.665968 -2.532311
  2 17.219231 7.508019 -20.589214 -0.692739 0.283724 2.307273
  3 -2.276933 0.000003 -1.238187 -1.570795 -1.570451 0.000000
  4 1.797519 0.711837 -0.000370 0.112710 -0.012900 0.113400
  5 4.118973 -0.003236 -0.000369 0.112713 -0.012909 0.112789
  6 4.118976 -0.003238 -0.000369 0.112712 -0.012911 0.112815
  7 4.118973 -0.003239 -0.000370 0.112713 -0.012904 0.112701
  8 4.119240 -0.003477 -0.000001 0.000251 0.305432 0.181315
  9 4.443599 -0.000001 -0.000001 0.789077 -0.361312 -1.046478
 10 9.024060 0.000001 0.000000 0.000000 0.000000 0.000000
 11 -0.521038 0.003945 1.652525 -0.116317 -1.084728 3.070686
 12 6.384778 -0.000002 0.000001 -1.304087 -0.558443 -1.526126
 13 10.242683 0.000001 -0.000001 0.000000 0.000000 -0.913815
 14 11.375560 0.000002 -0.000003 2.839200 0.907781 0.134918
 15 0.728681 0.023431 -1.008290 1.705251 0.347372 0.567022
 16 2.136494 0.000003 0.000001 0.000000 -0.000000 0.287979
 17 2.313139 -0.000001 0.000000 0.000000 0.000000 0.000000
 18 3.115506 -0.886039 -0.021430 -0.000782 0.000152 0.191986
 19 2.011151 0.000001 -0.000001 -0.000000 0.000000 0.659566
 20 2.141378 -0.000002 0.000000 0.000000 0.000000 0.000000
 21 1.734175 -0.000000 -0.000000 0.000000 -0.000000 0.330185
 22 0.000006 -4.440594 -0.000002 1.570544 -0.062990 -0.195737
 23 6.000001 0.000002 -0.000002 -3.045504 -0.000000 -0.000000
 24 0.000002 -4.440602 -0.000000 1.569944 -0.062987 0.004053
 25 11.375563 0.000003 -0.000001 -2.408766 0.403371 0.351701
 26 -0.000001 -4.440604 -0.000002 1.570144 -0.062988 0.004040
 27 10.510132 -0.000002 0.000002 0.000000 -0.000000 -2.027704
 28 0.000002 -1.748399 5.000000 0.000000 0.004007 1.602291
 29 5.499998 -0.000001 0.000002 0.484766 0.000000 0.000000
 30 -0.000002 -1.940599 5.000002 -0.044472 0.004003 -0.000180
 31 6.551492 -0.000001 0.000003 -0.995970 -0.331397 -1.147274
 32 0.000001 -1.940597 4.999998 -0.027189 -0.053376 0.005295
 33 6.551492 -0.000001 0.000003 -0.365167 0.022652 -0.404807
 34 -0.000000 -1.940598 4.999995 -0.066572 -0.152786 -0.110311
 35 0.521040 0.003125 -1.652525 -0.407353 1.433521 2.563815
 36 6.384778 -0.000001 -0.000001 0.381168 0.096481 -1.334779
 37 10.242685 -0.000001 -0.000000 -0.000000 0.000000 -1.878227
 38 11.375559 -0.000003 -0.000001 1.896684 0.172868 0.457392
 39 0.728681 0.023431 1.008295 -1.705251 -0.347372 0.567022
 40 2.136497 0.000003 0.000001 0.000000 0.000000 0.287979
 41 2.313140 -0.000001 0.000001 0.000000 0.000000 3.141593
 42 3.115505 -0.886041 0.021431 0.000782 -0.000152 0.191986
 43 2.011148 0.000001 0.000002 0.000000 -0.000000 0.659566
 44 2.141381 -0.000002 0.000001 0.000000 0.000000 3.141593
 45 1.734173 -0.000001 0.000003 -0.000000 -0.000000 0.330185
 46 0.136317 -3.738192 2.525891 1.493698 2.759406 -1.474501
 47 12.525927 0.224067 4.354239 -0.008394 0.022031 -1.617272
 48 11.389368 -0.000821 0.158781 1.724820 0.111981 0.239111
 49 0.000003 -4.440599 -0.000002 1.570144 -3.078602 0.004040
 50 6.000001 -0.000004 -0.000003 1.724820 -0.000000 0.000000
 51 0.000002 -4.440601 -0.000002 1.569944 -3.078603 0.004053
 52 10.510133 -0.000003 0.000002 0.000000 -0.000000 -2.509910
 53 -0.000000 -1.748401 -5.000000 -3.141593 0.004007 -1.539299
 54 5.500000 -0.000003 0.000000 -0.159200 0.000000 0.000000
 55 0.000001 0.000000 -4.999999 -0.044472 3.137589 -0.000177
 56 6.551491 0.000001 -0.000001 0.159200 -0.043561 -0.366272
 57 -1.266841 -1.937445 -4.950559 -0.066572 -2.988806 -0.110308
 58 6.551491 0.000001 -0.000001 0.159200 -0.043561 -0.366272
 59 0.699371 -1.944209 -5.006847 -0.027189 -3.088217 0.005298
 60 4.226145 -0.003203 0.000000 -0.000000 -0.000000 0.000000
 61 0.000001 5.000002 0.000000 -0.153564 0.000087 2.718702
 62 0.000004 -0.000005 -3.713580 -0.092243 2.950468 -0.574638
 63 -0.000000 -0.000000 5.000001 3.053199 1.558589 -0.074925
 64 -0.000006 0.000005 3.713580 -0.267527 -2.776184 -0.892628
 65 0.000001 -0.000000 -4.999999 -0.088725 1.558589 3.066335
 66 -3.366038 4.537251 -0.068619 3.141593 1.570796 0.000000
 67 -0.000005 0.000005 3.619081 2.996170 -0.745799 1.237284
 68 16.573921 -0.000002 0.000002 -0.000000 -0.000000 -1.387748
 69 15.128181 0.000001 0.000002 0.009574 0.072044 0.284142
 70 5.758666 4.244734 0.000001 0.000000 0.000000 1.494916
 71 3.177726 -0.000000 -0.000000 0.000000 0.000000 3.141593
 72 15.708954 0.000004 0.000001 0.002714 0.040188 0.150288
 73 0.275148 0.189214 -3.445208 3.130898 0.000409 -1.514604
 74 17.210194 -0.000001 0.000003 -0.000000 0.000000 -2.038203
 75 0.000002 0.000000 -5.000000 -0.079430 1.546568 -1.570856
 76 0.000006 -0.000005 -3.619080 -0.211659 2.896159 -0.987830
 77 16.573919 0.000003 -0.000000 -0.000000 0.000000 -1.099265
 78 15.128181 -0.000000 -0.000000 -0.466530 -0.016807 0.159149
 79 5.758666 4.244730 0.000001 -0.000000 0.000000 2.159343
 80 4.003936 -0.000000 0.000000 0.000000 0.000000 0.000000
 81 15.708958 -0.000001 0.000001 -0.314828 -0.021995 0.114785
 82 0.273998 0.191090 3.439760 -3.130907 -0.000437 -1.508107
 83 17.210192 0.000002 -0.000001 0.000000 -0.000000 -1.908386
 84 0.000001 0.000002 4.999998 -0.079314 1.595025 -1.570739
time 10
  0 -0.271423 -1.497488 42.807060 -0.000000 -3.141593 -0.000000
  1 3.460844 0.000000 27.640736 -0.357000 0.667211 -2.552502
  2 17.184422 7.623669 -20.439827 -0.694208 0.292026 2.321315
  3 -2.276932 0.000003 -1.238186 -1.570795 -1.570451 0.000000
  4 1.797519 0.711838 -0.000370 0.112710 -0.012900 0.113400
  5 4.118976 -0.003237 -0.000369 0.112713 -0.012909 0.112789
  6 4.118974 -0.003237 -0.000369 0.112713 -0.012911 0.112815
  7 4.118973 -0.003237 -0.000370 0.112713 -0.012904 0.112701
  8 4.119242 -0.003482 -0.000001 0.000251 0.305432 0.181315
  9 4.443598 -0.000001 -0.000000 0.789077 -0.361312 -1.046478
 10 9.024062 0.000001 -0.000000 0.000000 0.000000 0.000000
 11 -0.521038 0.003950 1.652526 -0.116317 -1.084728 3.070686
 12 6.384776 0.000002 -0.000002 -1.304087 -0.558442 -1.526126
 13 10.242682 0.000001 -0.000001 0.000000 0.000000 -0.913815
 14 11.375562 0.000001 -0.000000 2.839200 0.907781 0.134918
 15 0.728680 0.023431 -1.008291 1.705251 0.347372 0.567022
 16 2.136497 -0.000001 0.000002 -0.000000 0.000000 0.287979
 17 2.313141 -0.000006 0.000001 0.000000 0.000000 0.000000
 18 3.115507 -0.886041 -0.021433 -0.000782 0.000152 0.191986
 19 2.011153 -0.000000 -0.000005 -0.000000 0.000000 0.659566
 20 2.141378 -0.000000 0.000002 0.000000 0.000000 0.000000
 21 1.734175 -0.000000 0.000000 0.000000 -0.000000 0.330185
 22 0.000005 -4.440593 -0.000000 1.570544 -0.062990 -0.195737
 23 6.000001 0.000002 -0.000001 -3.045504 0.000000 0.000000
 24 0.000001 -4.440601 -0.000000 1.569944 -0.062987 0.004053
 25 11.375562 0.000001 0.000000 -2.408766 0.403371 0.351701
 26 -0.000001 -4.440604 -0.000001 1.570144 -0.062988 0.004040
 27 10.510129 -0.000004 0.000002 -0.000000 0.000000 -2.027704
 28 -0.000000 -1.748399 5.000001 0.000000 0.004007 1.602291
 29 5.499995 -0.000004 0.000002 0.484766 -0.000000 0.000000
 30 -0.000001 -1.940598 4.999999 -0.044472 0.004003 -0.000180
 31 6.551491 -0.000003 0.000002 -0.995970 -0.331397 -1.147274
 32 0.000003 -1.940597 5.000000 -0.027189 -0.053376 0.005295
 33 6.551491 -0.000003 0.000002 -0.365167 0.022652 -0.404807
 34 -0.000001 -1.940596 4.999996 -0.066572 -0.152786 -0.110311
 35 0.521041 0.003127 -1.652524 -0.407353 1.433521 2.563815
 36 6.384778 -0.000003 0.000000 0.381168 0.096481 -1.334779
 37 10.242683 -0.000001 0.000001 -0.000000 0.000000 -1.878227
 38 11.375557 -0.000001 -0.000001 1.896685 0.172868 0.457392
 39 0.728681 0.023431 1.008294 -1.705251 -0.347372 0.567022
 40 2.136498 -0.000000 0.000000 -0.000000 -0.000000 0.287979
 41 2.313138 0.000000 0.000001 0.000000 0.000000 3.141593
 42 3.115508 -0.886041 0.021432 0.000782 -0.000152 0.191986
 43 2.011149 0.000001 -0.000001 0.000000 -0.000000 0.659566
 44 2.141380 -0.000001 0.000002 0.000000 0.000000 3.141593
 45 1.734172 -0.000001 0.000001 -0.000000 -0.000000 0.330185
 46 0.136318 -3.738192 2.525887 1.493698 2.759406 -1.474501
 47 12.525928 0.224068 4.354243 -0.008394 0.022031 -1.617272
 48 11.389368 -0.000822 0.158779 1.724820 0.111981 0.239111
 49 0.000001 -4.440598 -0.000001 1.570144 -3.078602 0.004040
 50 6.000001 -0.000004 -0.000004 1.724820 0.000000 -0.000000
 51 0.000002 -4.440601 0.000001 1.569944 -3.078603 0.004053
 52 10.510133 -0.000003 0.000003 -0.000000 -0.000000 -2.509910
 53 -0.000001 -1.748401 -5.000000 -3.141593 0.004007 -1.539299
 54 5.500001 -0.000003 0.000001 -0.159200 0.000000 0.000000
 55 -0.000001 -0.000000 -4.999999 -0.044472 3.137589 -0.000177
 56 6.551491 0.000000 -0.000001 0.159200 -0.043561 -0.366272
 57 -1.266844 -1.937443 -4.950558 -0.066572 -2.988806 -0.110308
 58 6.551491 0.000000 -0.000001 0.159200 -0.043561 -0.366272
 59 0.699369 -1.944207 -5.006845 -0.027189 -3.088217 0.005298
 60 4.226145 -0.003204 0.000001 0.000000 -0.000000 0.000000
 61 -0.000001 5.000001 0.000000 -0.153564 0.000087 2.718702
 62 0.000004 -0.000004 -3.713580 -0.198201 3.052443 -0.659182
 63 0.000002 0.000000 4.999999 3.053200 1.558589 -0.074924
 64 -0.000006 0.000005 3.713580 -0.278837 -2.783010 -0.882525
 65 0.000001 -0.000001 -4.999999 -0.088724 1.558589 3.066336
 66 -3.366038 4.537251 -0.068619 3.141593 1.570796 0.000000
 67 -0.000002 0.000006 3.619082 2.964996 -0.744248 1.268634
 68 16.573921 -0.000004 0.000001 0.000000 -0.000000 -1.517503
 69 15.128180 0.000000 -0.000001 -0.003818 0.084828 0.376527
 70 5.758665 4.244730 -0.000000 0.000000 0.000000 1.539771
 71 3.177726 0.000000 -0.000000 0.000000 0.000000 3.141593
 72 15.708953 0.000002 -0.000000 -0.005259 0.046229 0.197168
 73 0.275148 0.189215 -3.445208 3.130898 0.000409 -1.514604
 74 17.210192 -0.000002 0.000001 0.000000 -0.000000 -2.096593
 75 0.000001 0.000001 -5.000000 -0.079433 1.546568 -1.570859
 76 0.000006 -0.000003 -3.619080 -0.330312 3.071787 -1.137545
 77 16.573921 0.000001 -0.000001 0.000000 0.000000 -1.267474
 78 15.128183 -0.000001 -0.000001 -0.269998 0.189616 0.395944
 79 5.758665 4.244731 0.000000 -0.000000 0.000000 2.059514
 80 4.003934 0.000000 -0.000000 0.000000 0.000000 0.000000
 81 15.708957 -0.000001 -0.000001 -0.189306 0.124569 0.282806
 82 0.273997 0.191090 3.439760 -3.130907 -0.000437 -1.508107
 83 17.210192 -0.000000 0.000000 0.000000 -0.000000 -1.984080
 84 0.000000 0.000002 4.999997 -0.079311 1.595025 -1.570737
time 11
  0 -0.271423 -1.497488 42.807060 -0.000000 -3.141593 -0.000000
  1 3.749167 0.000000 27.433981 -0.364141 0.668966 -2.571881
  2 16.963800 7.642062 -20.050657 -0.696043 0.300375 2.334395
  3 -2.276933 0.000003 -1.238186 -1.570795 -1.570451 0.000000
  4 1.797520 0.711837 -0.000370 0.112710 -0.012900 0.113400
  5 4.118975 -0.003236 -0.000369 0.112713 -0.012909 0.112789
  6 4.118974 -0.003238 -0.000369 0.112712 -0.012911 0.112815
  7 4.118972 -0.003237 -0.000369 0.112713 -0.012904 0.112701
  8 4.119241 -0.003484 -0.000001 0.000251 0.305432 0.181315
  9 4.443599 -0.000002 0.000000 0.789077 -0.361312 -1.046478
 10 9.024059 -0.000000 0.000000 0.000000 0.000000 0.000000
 11 -0.521038 0.003947 1.652525 -0.116317 -1.084728 3.070686
 12 6.384777 -0.000001 -0.000002 -1.304087 -0.558442 -1.526126
 13 10.242685 0.000003 -0.000001 0.000000 0.000000 -0.913815
 14 11.375562 0.000004 -0.000002 2.839200 0.907781 0.134918
 15 0.728681 0.023432 -1.008293 1.705251 0.347372 0.567022
 16 2.136495 0.000002 0.000001 0.000000 -0.000000 0.287979
 17 2.313139 -0.000001 -0.000000 0.000000 0.000000 0.000000
 18 3.115507 -0.886042 -0.021430 -0.000782 0.000152 0.191986
 19 2.011151 -0.000002 0.000001 0.000000 0.000000 0.659566
 20 2.141378 0.000000 0.000002 0.000000 0.000000 0.000000
 21 1.734175 -0.000001 -0.000001 0.000000 0.000000 0.330185
 22 0.000005 -4.440592 0.000001 1.570544 -0.062990 -0.195737
 23 6.000001 0.000002 -0.000003 -3.045505 -0.000000 0.000000
 24 0.000002 -4.440601 0.000000 1.569944 -0.062987 0.004053
 25 11.375563 0.000000 -0.000001 -2.408766 0.403371 0.351701
 26 -0.000002 -4.440603 0.000001 1.570144 -0.062988 0.004040
 27 10.510131 -0.000001 0.000002 -0.000000 -0.000000 -2.027704
 28 -0.000001 -1.748399 5.000001 0.000000 0.004007 1.602290
 29 5.499997 -0.000001 0.000001 0.484766 0.000000 -0.000000
 30 -0.000002 -1.940598 5.000001 -0.044472 0.004003 -0.000180
 31 6.551492 -0.000002 0.000001 -0.995970 -0.331397 -1.147274
 32 -0.000000 -1.940600 5.000001 -0.027189 -0.053376 0.005295
 33 6.551492 -0.000002 0.000001 -0.365167 0.022652 -0.404807
 34 -0.000002 -1.940598 4.999998 -0.066572 -0.152786 -0.110311
 35 0.521038 0.003128 -1.652527 -0.407353 1.433521 2.563815
 36 6.384773 -0.000001 -0.000003 0.381168 0.096481 -1.334779
 37 10.242683 -0.000000 -0.000000 -0.000000 0.000000 -1.878227
 38 11.375558 -0.000000 -0.000000 1.896684 0.172868 0.457392
 39 0.728681 0.023431 1.008293 -1.705251 -0.347372 0.567022
 40 2.136498 0.000001 -0.000001 0.000000 -0.000000 0.287979
 41 2.313138 -0.000001 0.000001 0.000000 0.000000 3.141593
 42 3.115508 -0.886041 0.021430 0.000782 -0.000152 0.191986
 43 2.011152 0.000000 0.000002 -0.000000 0.000000 0.659566
 44 2.141380 -0.000001 -0.000000 0.000000 0.000000 3.141593
 45 1.734173 -0.000001 0.000002 -0.000000 -0.000000 0.330185
 46 0.136316 -3.738192 2.525889 1.493698 2.759406 -1.474501
 47 12.525928 0.224067 4.354242 -0.008394 0.022031 -1.617272
 48 11.389367 -0.000822 0.158780 1.724820 0.111981 0.239111
 49 0.000003 -4.440599 0.000001 1.570144 -3.078602 0.004040
 50 6.000000 -0.000003 -0.000003 1.724820 -0.000000 -0.000000
 51 0.000003 -4.440600 -0.000000 1.569944 -3.078603 0.004053
 52 10.510133 -0.000003 0.000003 -0.000000 0.000000 -2.509910
 53 0.000000 -1.748401 -5.000000 3.141593 0.004007 -1.539299
 54 5.500000 -0.000003 0.000001 -0.159200 0.000000 0.000000
 55 -0.000002 -0.000000 -5.000000 -0.044472 3.137590 -0.000177
 56 6.551491 -0.000003 0.000001 0.159200 -0.043561 -0.366272
 57 -1.266844 -1.937442 -4.950561 -0.066572 -2.988806 -0.110308
 58 6.551491 -0.000003 0.000001 0.159200 -0.043561 -0.366272
 59 0.699371 -1.944207 -5.006847 -0.027189 -3.088217 0.005298
 60 4.226146 -0.003204 0.000001 0.000000 0.000000 -0.000000
 61 0.000001 5.000000 0.000000 -0.153564 0.000087 2.718702
 62 0.000004 -0.000005 -3.713580 -0.244619 -3.133762 -0.758615
 63 0.000001 0.000000 5.000000 3.053196 1.558589 -0.074928
 64 -0.000006 0.000006 3.713580 -0.300877 -2.802784 -0.853848
 65 0.000001 0.000000 -5.000000 -0.088726 1.558589 3.066335
 66 -3.366039 4.537252 -0.068618 3.141593 1.570796 0.000000
 67 -0.000004 0.000007 3.619082 2.892596 -0.729408 1.356575
 68 16.573923 -0.000001 0.000000 0.000000 0.000000 -1.607424
 69 15.128182 0.000001 0.000000 -0.020534 0.121168 0.519423
 70 5.758665 4.244732 0.000000 0.000000 -0.000000 1.629481
 71 3.177727 -0.000000 -0.000000 0.000000 0.000000 3.141593
 72 15.708955 0.000002 -0.000001 -0.017163 0.063694 0.267012
 73 0.275148 0.189214 -3.445207 3.130898 0.000409 -1.514604
 74 17.210194 -0.000000 0.000001 0.000000 -0.000000 -2.137057
 75 0.000000 0.000002 -5.000000 -0.079432 1.546568 -1.570857
 76 0.000007 -0.000004 -3.619080 -0.357637 -3.069104 -1.282335
 77 16.573923 -0.000001 0.000000 0.000000 -0.000000 -1.410785
 78 15.128181 0.000000 -0.000000 -0.084805 0.295028 0.560491
 79 5.758666 4.244730 0.000000 -0.000000 0.000000 2.009599
 80 4.003935 -0.000000 0.000000 0.000000 0.000000 0.000000
 81 15.708957 -0.000001 0.000000 -0.072489 0.205270 0.384373
 82 0.273998 0.191090 3.439761 -3.130907 -0.000437 -1.508106
 83 17.210194 0.000001 -0.000000 -0.000000 -0.000000 -2.048570
 84 0.000000 0.000001 4.999998 -0.079311 1.595025 -1.570736
time 12
  0 -0.271423 -1.497488 42.807060 -0.000000 -3.141593 -0.000000
  1 4.007157 0.000000 27.231014 -0.370517 0.670688 -2.589689
  2 16.899200 7.712820 -19.854950 -0.697614 0.308343 2.346334
  3 -2.276932 0.000004 -1.238187 -1.570795 -1.570451 0.000000
  4 1.797517 0.711839 -0.000369 0.112710 -0.012900 0.113400
  5 4.118976 -0.003236 -0.000369 0.112713 -0.012909 0.112789
  6 4.118977 -0.003237 -0.000368 0.112712 -0.012911 0.112815
  7 4.118972 -0.003243 -0.000371 0.112713 -0.012904 0.112701
  8 4.119238 -0.003478 -0.000001 0.000251 0.305432 0.181315
  9 4.443600 0.000000 0.000001 0.789077 -0.361312 -1.046478
 10 9.024063 0.000000 -0.000001 0.000000 0.000000 0.000000
 11 -0.521036 0.003949 1.652527 -0.116317 -1.084728 3.070686
 12 6.384777 0.000000 -0.000000 -1.304087 -0.558442 -1.526126
 13 10.242683 0.000003 -0.000002 0.000000 0.000000 -0.913815
 14 11.375563 0.000005 -0.000001 2.839200 0.907781 0.134918
 15 0.728681 0.023431 -1.008293 1.705251 0.347372 0.567022
 16 2.136497 0.000001 0.000000 -0.000000 0.000000 0.287979
 17 2.313142 -0.000004 0.000000 0.000000 0.000000 0.000000
 18 3.115508 -0.886041 -0.021437 -0.000782 0.000152 0.191986
 19 2.011149 0.000001 0.000005 0.000000 0.000000 0.659566
 20 2.141378 0.000000 -0.000001 0.000000 0.000000 0.000000
 21 1.734174 0.000004 0.000000 0.000000 0.000000 0.330185
 22 0.000004 -4.440594 -0.000001 1.570544 -0.062990 -0.195737
 23 6.000001 0.000004 -0.000002 -3.045504 0.000000 0.000000
 24 0.000002 -4.440601 -0.000001 1.569944 -0.062987 0.004053
 25 11.375563 0.000001 0.000000 -2.408766 0.403371 0.351701
 26 0.000001 -4.440603 0.000002 1.570144 -0.062988 0.004040
 27 10.510131 -0.000002 0.000002 -0.000000 -0.000000 -2.027704
 28 0.000002 -1.748400 5.000001 -0.000000 0.004007 1.602291
 29 5.499997 -0.000001 0.000000 0.484766 0.000000 0.000000
 30 -0.000002 -1.940597 5.000001 -0.044472 0.004003 -0.000180
 31 6.551492 -0.000004 0.000002 -0.995969 -0.331397 -1.147274
 32 0.000001 -1.940598 5.000000 -0.027189 -0.053376 0.005295
 33 6.551492 -0.000004 0.000002 -0.365167 0.022652 -0.404807
 34 -0.000001 -1.940600 4.999997 -0.066572 -0.152786 -0.110311
 35 0.521043 0.003127 -1.652522 -0.407353 1.433521 2.563815
 36 6.384776 -0.000003 0.000000 0.381168 0.096481 -1.334779
 37 10.242683 0.000001 -0.000001 0.000000 0.000000 -1.878227
 38 11.375560 0.000000 -0.000001 1.896685 0.172868 0.457392
 39 0.728683 0.023431 1.008291 -1.705251 -0.347372 0.567022
 40 2.136497 0.000002 0.000000 -0.000000 -0.000000 0.287979
 41 2.313139 -0.000000 0.000001 0.000000 0.000000 3.141593
 42 3.115508 -0.886042 0.021431 0.000782 -0.000152 0.191986
 43 2.011151 -0.000000 0.000001 -0.000000 0.000000 0.659566
 44 2.141379 0.000000 -0.000000 0.000000 0.000000 3.141593
 45 1.734172 -0.000001 0.000002 -0.000000 -0.000000 0.330185
 46 0.136317 -3.738192 2.525888 1.493698 2.759406 -1.474501
 47 12.525929 0.224066 4.354240 -0.008394 0.022031 -1.617272
 48 11.389367 -0.000820 0.158780 1.724820 0.111981 0.239111
 49 0.000003 -4.440600 0.000001 1.570144 -3.078602 0.004040
 50 6.000000 -0.000003 -0.000004 1.724820 -0.000000 -0.000000
 51 0.000003 -4.440601 0.000000 1.569944 -3.078603 0.004053
 52 10.510132 -0.000004 0.000000 0.000000 -0.000000 -2.509910
 53 0.000000 -1.748401 -4.999999 -3.141593 0.004007 -1.539299
 54 5.500001 -0.000004 -0.000000 -0.159200 0.000000 0.000000
 55 -0.000002 -0.000001 -5.000001 -0.044472 3.137590 -0.000177
 56 6.551491 -0.000001 0.000002 0.159200 -0.043561 -0.366272
 57 -1.266844 -1.937443 -4.950560 -0.066572 -2.988806 -0.110308
 58 6.551491 -0.000001 0.000001 0.159200 -0.043561 -0.366272
 59 0.699370 -1.944209 -5.006847 -0.027189 -3.088217 0.005298
 60 4.226145 -0.003202 0.000001 -0.000000 0.000000 0.000000
 61 0.000001 5.000000 0.000000 -0.153564 0.000087 2.718702
 62 0.000004 -0.000005 -3.713580 -0.204041 -3.082563 -0.855051
 63 0.000002 -0.000000 5.000000 3.053199 1.558589 -0.074925
 64 -0.000005 0.000005 3.713580 -0.324141 -2.827662 -0.819985
 65 0.000001 -0.000000 -5.000000 -0.088722 1.558589 3.066339
 66 -3.366038 4.537252 -0.068618 3.141593 1.570796 0.000000
 67 -0.000005 0.000008 3.619083 2.811450 -0.703695 1.457146
 68 16.573921 -0.000001 0.000002 -0.000000 0.000000 -1.676411
 69 15.128180 0.000000 -0.000001 -0.041283 0.151370 0.627714
 70 5.758665 4.244733 -0.000000 0.000000 -0.000000 1.674335
 71 3.177727 -0.000000 -0.000000 0.000000 0.000000 3.141593
 72 15.708953 0.000001 -0.000002 -0.031473 0.076696 0.318313
 73 0.275149 0.189215 -3.445208 3.130898 0.000409 -1.514604
 74 17.210194 0.000001 0.000003 -0.000000 0.000000 -2.168102
 75 0.000000 -0.000000 -4.999999 -0.079430 1.546568 -1.570855
 76 0.000008 -0.000005 -3.619080 -0.271972 -3.018548 -1.411116
 77 16.573923 0.000000 -0.000002 0.000000 0.000000 -1.486786
 78 15.128179 -0.000003 -0.000001 -0.020622 0.300320 0.546253
 79 5.758665 4.244732 0.000000 -0.000000 0.000000 1.963623
 80 4.003935 -0.000000 -0.000000 0.000000 0.000000 0.000000
 81 15.708956 -0.000002 -0.000001 -0.028581 0.213626 0.373221
 82 0.273997 0.191090 3.439760 -3.130907 -0.000437 -1.508106
 83 17.210192 0.000002 -0.000002 -0.000000 -0.000000 -2.082771
 84 0.000000 0.000001 4.999997 -0.079311 1.595025 -1.570737
time 13
  0 -0.271423 -1.497488 42.807060 -0.000000 -3.141593 -0.000000
  1 4.228556 0.000000 27.059595 -0.375513 0.671855 -2.605137
  2 16.755924 7.727156 -19.601160 -0.698303 0.315487 2.356962
  3 -2.276933 0.000003 -1.238185 -1.570795 -1.570796 0.000000
  4 1.797517 0.711837 -0.000370 0.112710 -0.012900 0.113400
  5 4.118975 -0.003238 -0.000369 0.112713 -0.012909 0.112789
  6 4.118976 -0.003241 -0.000370 0.112712 -0.012911 0.112815
  7 4.118973 -0.003236 -0.000369 0.112713 -0.012904 0.112701
  8 4.119241 -0.003478 0.000001 0.000251 0.305432 0.181315
  9 4.443598 -0.000001 -0.000001 0.789077 -0.361312 -1.046478
 10 9.024062 0.000001 0.000000 0.000000 0.000000 0.000000
 11 -0.521037 0.003948 1.652526 -0.116317 -1.084728 3.070686
 12 6.384776 0.000002 -0.000000 -1.304087 -0.558442 -1.526126
 13 10.242685 -0.000001 -0.000000 0.000000 0.000000 -0.913815
 14 11.375560 0.000001 -0.000001 2.839200 0.907781 0.134918
 15 0.728681 0.023429 -1.008292 1.705251 0.347372 0.567022
 16 2.136497 -0.000000 -0.000000 0.000000 0.000000 0.287979
 17 2.313138 0.000002 0.000001 0.000000 0.000000 0.000000
 18 3.115507 -0.886043 -0.021432 -0.000782 0.000152 0.191986
 19 2.011151 0.000002 -0.000002 0.000000 0.000000 0.659566
 20 2.141380 -0.000001 0.000001 0.000000 0.000000 0.000000
 21 1.734175 0.000003 0.000000 0.000000 0.000000 0.330185
 22 0.000005 -4.440595 0.000002 1.570544 -0.062990 -0.195737
 23 6.000002 0.000002 -0.000001 -3.045504 0.000000 -0.000000
 24 0.000002 -4.440602 -0.000000 1.569944 -0.062987 0.004053
 25 11.375563 0.000002 0.000001 -2.408766 0.403371 0.351701
 26 -0.000000 -4.440603 -0.000001 1.570144 -0.062988 0.004040
 27 10.510129 -0.000006 0.000003 0.000000 -0.000000 -2.027704
 28 -0.000001 -1.748398 5.000000 -0.000000 0.004007 1.602290
 29 5.499996 -0.000006 0.000002 0.484766 -0.000000 -0.000000
 30 0.000000 -1.940598 4.999998 -0.044472 0.004003 -0.000180
 31 6.551492 -0.000001 0.000004 -0.995970 -0.331397 -1.147274
 32 0.000002 -1.940598 5.000002 -0.027189 -0.053376 0.005295
 33 6.551492 -0.000001 0.000004 -0.365167 0.022652 -0.404807
 34 0.000000 -1.940600 4.999993 -0.066572 -0.152786 -0.110311
 35 0.521039 0.003124 -1.652527 -0.407353 1.433521 2.563815
 36 6.384775 -0.000000 -0.000001 0.381168 0.096481 -1.334779
 37 10.242685 -0.000001 -0.000000 -0.000000 0.000000 -1.878227
 38 11.375563 0.000000 -0.000002 1.896684 0.172868 0.457392
 39 0.728682 0.023431 1.008293 -1.705251 -0.347372 0.567022
 40 2.136497 0.000002 0.000001 0.000000 -0.000000 0.287979
 41 2.313138 0.000000 -0.000001 0.000000 0.000000 3.141593
 42 3.115506 -0.886041 0.021432 0.000782 -0.000152 0.191986
 43 2.011150 -0.000000 -0.000000 -0.000000 -0.000000 0.659566
 44 2.141381 -0.000002 -0.000001 0.000000 0.000000 3.141593
 45 1.734172 -0.000001 0.000002 0.000000 0.000000 0.330185
 46 0.136317 -3.738192 2.525890 1.493698 2.759406 -1.474501
 47 12.525928 0.224067 4.354242 -0.008394 0.022031 -1.617272
 48 11.389368 -0.000822 0.158780 1.724820 0.111981 0.239111
 49 0.000003 -4.440599 -0.000002 1.570144 -3.078602 0.004040
 50 6.000002 -0.000003 -0.000004 1.724820 -0.000000 -0.000000
 51 0.000002 -4.440601 0.000000 1.569944 -3.078603 0.004053
 52 10.510133 -0.000003 0.000001 0.000000 -0.000000 -2.509910
 53 0.000001 -1.748401 -4.999999 3.141593 0.004007 -1.539299
 54 5.500001 -0.000003 0.000000 -0.159200 -0.000000 0.000000
 55 -0.000002 -0.000001 -5.000000 -0.044472 3.137590 -0.000177
 56 6.551492 0.000000 0.000001 0.159200 -0.043561 -0.366272
 57 -1.266844 -1.937446 -4.950559 -0.066572 -2.988806 -0.110308
 58 6.551492 0.000000 0.000001 0.159200 -0.043561 -0.366272
 59 0.699368 -1.944207 -5.006847 -0.027189 -3.088217 0.005298
 60 4.226144 -0.003202 0.000001 -0.000000 -0.000000 -0.000000
 61 0.000001 4.999999 -0.000000 -0.153564 0.000087 2.718702
 62 0.000003 -0.000006 -3.713580 -0.110889 -3.045282 -0.973537
 63 0.000003 -0.000001 5.000000 3.053198 1.558589 -0.074926
 64 -0.000006 0.000004 3.713580 -0.345714 -2.855589 -0.785666
 65 -0.000000 0.000000 -4.999999 -0.088723 1.558589 3.066338
 66 -3.366039 4.537251 -0.068618 3.141593 1.570796 0.000000
 67 -0.000004 0.000006 3.619083 2.732886 -0.667889 1.554144
 68 16.573921 0.000001 0.000001 0.000000 -0.000000 -1.734318
 69 15.128181 -0.000002 0.000001 -0.072766 0.156653 0.672010
 70 5.758665 4.244730 0.000000 0.000000 -0.000000 1.769681
 71 3.177727 0.000000 -0.000000 0.000000 0.000000 3.141593
 72 15.708953 0.000000 0.000001 -0.048875 0.075752 0.339547
 73 0.275148 0.189215 -3.445208 3.130898 0.000409 -1.514604
 74 17.210194 0.000000 0.000002 -0.000000 -0.000000 -2.194160
 75 0.000001 0.000000 -4.999999 -0.079433 1.546568 -1.570857
 76 0.000004 -0.000004 -3.619080 -0.119277 -3.006247 -1.560330
 77 16.573919 -0.000001 0.000001 -0.000000 -0.000000 -1.563059
 78 15.128180 -0.000001 0.000000 0.020936 0.228338 0.392021
 79 5.758665 4.244731 0.000000 -0.000000 -0.000000 1.852626
 80 4.003934 -0.000000 0.000000 0.000000 0.000000 0.000000
 81 15.708958 -0.000001 0.000001 0.006924 0.167205 0.272785
 82 0.273998 0.191090 3.439761 -3.130907 -0.000437 -1.508107
 83 17.210192 0.000000 -0.000000 0.000000 0.000000 -2.117093
 84 -0.000000 0.000003 4.999998 -0.079314 1.595025 -1.570739
time 14
  0 -0.271423 -1.497488 42.807060 -0.000000 -3.141593 -0.000000
  1 4.407104 0.000000 26.952320 -0.378489 0.671957 -2.617417
  2 16.473543 7.652650 -19.244097 -0.697500 0.321353 2.366112
  3 -2.276932 0.000003 -1.238187 -1.570795 -1.570451 0.000000
  4 1.797517 0.711840 -0.000369 0.112710 -0.012900 0.113400
  5 4.118974 -0.003236 -0.000370 0.112713 -0.012909 0.112789
  6 4.118976 -0.003241 -0.000370 0.112713 -0.012911 0.112815
  7 4.118974 -0.003237 -0.000369 0.112713 -0.012904 0.112701
  8 4.119241 -0.003483 -0.000001 0.000251 0.305432 0.181315
  9 4.443597 0.000004 -0.000001 0.789077 -0.361312 -1.046478
 10 9.024060 0.000001 -0.000000 0.000000 0.000000 0.000000
 11 -0.521038 0.003950 1.652525 -0.116317 -1.084728 3.070686
 12 6.384777 -0.000003 -0.000002 -1.304087 -0.558442 -1.526126
 13 10.242682 -0.000002 -0.000001 0.000000 0.000000 -0.913815
 14 11.375562 0.000005 -0.000002 2.839200 0.907781 0.134918
 15 0.728682 0.023428 -1.008294 1.705251 0.347372 0.567022
 16 2.136498 -0.000001 -0.000000 0.000000 0.000000 0.287979
 17 2.313138 0.000004 0.000001 0.000000 0.000000 0.000000
 18 3.115507 -0.886043 -0.021431 -0.000782 0.000152 0.191986
 19 2.011151 -0.000001 0.000001 0.000000 -0.000000 0.659566
 20 2.141381 0.000000 -0.000002 0.000000 0.000000 0.000000
 21 1.734175 -0.000001 0.000000 0.000000 0.000000 0.330185
 22 0.000005 -4.440594 -0.000001 1.570544 -0.062990 -0.195737
 23 6.000002 0.000003 -0.000002 -3.045504 -0.000000 -0.000000
 24 0.000002 -4.440601 -0.000000 1.569944 -0.062987 0.004053
 25 11.375564 0.000002 -0.000000 -2.408766 0.403371 0.351701
 26 0.000001 -4.440605 -0.000000 1.570144 -0.062988 0.004040
 27 10.510132 -0.000003 0.000002 -0.000000 0.000000 -2.027704
 28 -0.000000 -1.748398 5.000000 0.000000 0.004007 1.602291
 29 5.499999 -0.000003 0.000001 0.484766 -0.000000 -0.000000
 30 -0.000001 -1.940596 5.000000 -0.044472 0.004003 -0.000180
 31 6.551492 -0.000000 0.000003 -0.995970 -0.331397 -1.147274
 32 0.000002 -1.940598 5.000001 -0.027189 -0.053376 0.005295
 33 6.551492 -0.000000 0.000003 -0.365167 0.022652 -0.404807
 34 -0.000001 -1.940598 4.999998 -0.066572 -0.152786 -0.110311
 35 0.521040 0.003126 -1.652526 -0.407353 1.433521 2.563815
 36 6.384776 -0.000003 0.000001 0.381168 0.096481 -1.334779
 37 10.242683 -0.000003 -0.000000 0.000000 0.000000 -1.878227
 38 11.375562 0.000002 -0.000001 1.896685 0.172868 0.457392
 39 0.728680 0.023431 1.008294 -1.705251 -0.347372 0.567022
 40 2.136496 0.000002 0.000001 -0.000000 -0.000000 0.287979
 41 2.313139 0.000002 -0.000001 0.000000 0.000000 3.141593
 42 3.115508 -0.886041 0.021431 0.000782 -0.000152 0.191986
 43 2.011153 -0.000000 -0.000001 -0.000000 -0.000000 0.659566
 44 2.141380 -0.000001 -0.000000 0.000000 0.000000 3.141593
 45 1.734173 -0.000001 0.000003 -0.000000 -0.000000 0.330185
 46 0.136317 -3.738193 2.525888 1.493698 2.759406 -1.474501
 47 12.525928 0.224068 4.354241 -0.008394 0.022031 -1.617272
 48 11.389368 -0.000820 0.158781 1.724820 0.111981 0.239111
 49 0.000004 -4.440600 0.000001 1.570144 -3.078602 0.004040
 50 6.000002 -0.000001 -0.000003 1.724820 -0.000000 0.000000
 51 0.000004 -4.440601 -0.000001 1.569944 -3.078603 0.004053
 52 10.510133 -0.000004 0.000002 -0.000000 0.000000 -2.509910
 53 0.000000 -1.748401 -5.000001 -3.141593 0.004007 -1.539299
 54 5.500002 -0.000004 0.000000 -0.159200 0.000000 0.000000
 55 -0.000003 -0.000001 -5.000001 -0.044472 3.137589 -0.000177
 56 6.551492 -0.000000 0.000002 0.159200 -0.043561 -0.366272
 57 -1.266845 -1.937442 -4.950560 -0.066572 -2.988806 -0.110308
 58 6.551492 -0.000000 0.000002 0.159200 -0.043561 -0.366272
 59 0.699371 -1.944208 -5.006846 -0.027189 -3.088217 0.005298
 60 4.226147 -0.003204 0.000001 -0.000000 0.000000 0.000000
 61 0.000001 4.999999 0.000001 -0.153564 0.000087 2.718702
 62 0.000005 -0.000006 -3.713580 0.004197 -3.019481 -1.088335
 63 -0.000000 0.000000 5.000000 3.053194 1.558589 -0.074930
 64 -0.000005 0.000005 3.713580 -0.366090 -2.888730 -0.744649
 65 0.000001 -0.000001 -5.000000 -0.088727 1.558589 3.066334
 66 -3.366037 4.537251 -0.068618 3.141593 1.570796 0.000000
 67 -0.000004 0.000007 3.619083 -0.488277 -2.521931 -1.482035
 68 16.573919 0.000001 0.000001 -0.000000 -0.000000 -1.767004
 69 15.128181 -0.000001 0.000001 -0.104986 0.151125 0.686941
 70 5.758666 4.244730 0.000000 0.000000 -0.000000 1.865025
 71 3.177727 -0.000000 0.000000 0.000000 0.000000 3.141593
 72 15.708953 0.000001 0.000001 -0.065321 0.069309 0.347206
 73 0.275148 0.189215 -3.445208 3.130898 0.000409 -1.514604
 74 17.210192 0.000002 0.000003 0.000000 -0.000000 -2.208868
 75 0.000001 0.000000 -5.000001 -0.079433 1.546568 -1.570857
 76 0.000005 -0.000002 -3.619079 -3.091965 -0.124928 1.443778
 77 16.573921 0.000001 -0.000001 -0.000000 -0.000000 -1.608129
 78 15.128181 -0.000003 0.000001 0.093468 0.128832 0.220170
 79 5.758665 4.244732 -0.000001 -0.000000 -0.000000 1.741630
 80 4.003935 -0.000000 0.000001 0.000000 0.000000 0.000000
 81 15.708959 -0.000002 0.000001 0.060944 0.098264 0.155744
 82 0.273998 0.191090 3.439760 -3.130907 -0.000437 -1.508106
 83 17.210192 0.000001 -0.000001 0.000000 0.000000 -2.137375
 84 0.000000 0.000001 4.999998 -0.079314 1.595025 -1.570739
time 15
  0 -0.271423 -1.497488 42.807060 -0.000000 -3.141593 -0.000000
  1 4.500000 0.000000 26.928669 -0.379031 0.671173 -2.623491
  2 16.196043 7.546123 -18.946302 -0.695814 0.324350 2.371354
  3 -2.276933 0.000003 -1.238186 -1.570795 -1.570451 0.000000
  4 1.797517 0.711839 -0.000370 0.112710 -0.012900 0.113400
  5 4.118977 -0.003238 -0.000368 0.112713 -0.012909 0.112789
  6 4.118972 -0.003239 -0.000371 0.112713 -0.012911 0.112815
  7 4.118975 -0.003239 -0.000369 0.112713 -0.012904 0.112701
  8 4.119240 -0.003476 -0.000001 0.000251 0.305432 0.181315
  9 4.443599 0.000003 0.000000 0.789077 -0.361312 -1.046478
 10 9.024058 0.000001 0.000000 0.000000 0.000000 0.000000
 11 -0.521036 0.003951 1.652527 -0.116317 -1.084728 3.070686
 12 6.384776 0.000000 -0.000002 -1.304087 -0.558442 -1.526126
 13 10.242681 -0.000003 -0.000000 0.000000 0.000000 -0.913815
 14 11.375559 0.000002 -0.000002 2.839200 0.907781 0.134918
 15 0.728680 0.023432 -1.008291 1.705251 0.347372 0.567022
 16 2.136495 0.000002 0.000003 0.000000 0.000000 0.287979
 17 2.313140 -0.000003 0.000001 0.000000 0.000000 0.000000
 18 3.115507 -0.886040 -0.021435 -0.000782 0.000152 0.191986
 19 2.011150 -0.000001 0.000001 -0.000000 0.000000 0.659566
 20 2.141377 0.000001 0.000004 0.000000 0.000000 0.000000
 21 1.734174 -0.000001 -0.000001 0.000000 0.000000 0.330185
 22 0.000005 -4.440593 -0.000002 1.570544 -0.062990 -0.195737
 23 5.999999 0.000003 -0.000003 -3.045504 -0.000000 -0.000000
 24 0.000002 -4.440601 -0.000000 1.569944 -0.062987 0.004053
 25 11.375561 -0.000001 0.000000 -2.408766 0.403371 0.351701
 26 -0.000001 -4.440603 -0.000002 1.570144 -0.062988 0.004040
 27 10.510130 -0.000004 0.000001 0.000000 -0.000000 -2.027704
 28 0.000001 -1.748399 5.000000 -0.000000 0.004007 1.602290
 29 5.499997 -0.000003 0.000000 0.484766 0.000000 -0.000000
 30 -0.000004 -1.940599 5.000000 -0.044472 0.004003 -0.000180
 31 6.551492 -0.000001 0.000003 -0.995970 -0.331397 -1.147274
 32 -0.000000 -1.940598 5.000001 -0.027189 -0.053376 0.005295
 33 6.551492 -0.000001 0.000003 -0.365167 0.022652 -0.404807
 34 -0.000000 -1.940598 4.999996 -0.066572 -0.152786 -0.110311
 35 0.521040 0.003125 -1.652525 -0.407353 1.433521 2.563815
 36 6.384774 -0.000003 -0.000003 0.381168 0.096481 -1.334779
 37 10.242684 0.000001 0.000002 -0.000000 0.000000 -1.878227
 38 11.375562 0.000000 -0.000001 1.896684 0.172868 0.457392
 39 0.728680 0.023431 1.008294 -1.705251 -0.347372 0.567022
 40 2.136494 0.000001 0.000002 0.000000 0.000000 0.287979
 41 2.313139 0.000002 -0.000000 0.000000 0.000000 3.141593
 42 3.115505 -0.886041 0.021431 0.000782 -0.000152 0.191986
 43 2.011151 -0.000001 -0.000001 -0.000000 0.000000 0.659566
 44 2.141379 0.000001 -0.000000 0.000000 0.000000 3.141593
 45 1.734172 -0.000002 0.000002 -0.000000 -0.000000 0.330185
 46 0.136316 -3.738191 2.525888 1.493698 2.759406 -1.474501
 47 12.525927 0.224068 4.354243 -0.008394 0.022031 -1.617272
 48 11.389366 -0.000821 0.158781 1.724820 0.111981 0.239111
 49 0.000002 -4.440598 0.000002 1.570144 -3.078602 0.004040
 50 6.000000 -0.000002 -0.000002 1.724820 0.000000 -0.000000
 51 0.000002 -4.440601 -0.000000 1.569944 -3.078603 0.004053
 52 10.510132 -0.000003 0.000003 -0.000000 0.000000 -2.509910
 53 -0.000000 -1.748401 -4.999999 -3.141593 0.004007 -1.539299
 54 5.500001 -0.000003 0.000002 -0.159200 -0.000000 0.000000
 55 0.000000 -0.000001 -4.999998 -0.044472 3.137589 -0.000177
 56 6.551491 0.000000 -0.000001 0.159200 -0.043561 -0.366272
 57 -1.266843 -1.937441 -4.950560 -0.066572 -2.988806 -0.110308
 58 6.551491 0.000000 -0.000001 0.159200 -0.043561 -0.366272
 59 0.699371 -1.944206 -5.006847 -0.027189 -3.088217 0.005298
 60 4.226145 -0.003202 0.000000 -0.000000 0.000000 -0.000000
 61 -0.000001 5.000000 0.000000 -0.153564 0.000087 2.718702
 62 0.000003 -0.000004 -3.713580 0.105813 -2.980494 -1.177300
 63 0.000001 0.000001 5.000000 3.053193 1.558589 -0.074931
 64 -0.000007 0.000006 3.713580 -0.376929 -2.908717 -0.717814
 65 0.000001 -0.000000 -4.999999 -0.088726 1.558589 3.066334
 66 -3.366040 4.537252 -0.068618 3.141593 1.570796 0.000000
 67 -0.000006 0.000007 3.619082 -0.532511 -2.552111 -1.418781
 68 16.573923 0.000000 0.000001 -0.000000 0.000000 -1.775093
 69 15.128181 -0.000000 -0.000001 -0.127076 0.140696 0.650544
 70 5.758666 4.244731 0.000000 0.000000 -0.000000 1.971264
 71 3.177725 -0.000000 0.000000 0.000000 0.000000 3.141593
 72 15.708952 0.000002 -0.000001 -0.075061 0.062551 0.330705
 73 0.275148 0.189214 -3.445208 3.130898 0.000409 -1.514604
 74 17.210192 -0.000001 0.000002 -0.000000 0.000000 -2.212508
 75 0.000001 0.000000 -4.999999 -0.079433 1.546568 -1.570859
 76 0.000004 -0.000002 -3.619078 -2.945493 -0.131659 1.337476
 77 16.573919 -0.000002 0.000002 -0.000000 0.000000 -1.594306
 78 15.128180 0.000001 -0.000001 0.196155 0.066074 0.137206
 79 5.758665 4.244731 -0.000000 -0.000000 0.000000 1.695654
 80 4.003934 -0.000000 0.000001 0.000000 0.000000 0.000000
 81 15.708957 0.000001 -0.000000 0.131524 0.052903 0.097385
 82 0.273998 0.191090 3.439761 -3.130907 -0.000437 -1.508107
 83 17.210192 -0.000002 0.000000 0.000000 -0.000000 -2.131154
 84 -0.000001 0.000002 4.999998 -0.079309 1.595025 -1.570733
time 16
  0 -0.271423 -1.497488 42.807060 -0.000000 -3.141593 -0.000000
  1 4.496572 0.000000 26.935278 -0.376699 0.668162 -2.628837
  2 15.988428 7.451719 -18.836952 -0.690602 0.327369 2.378030
  3 -2.276934 0.000002 -1.238185 -1.570795 -1.570451 0.000000
  4 1.797515 0.711837 -0.000373 0.112710 -0.012900 0.113400
  5 4.118974 -0.003238 -0.000369 0.112713 -0.012909 0.112789
  6 4.118978 -0.003238 -0.000367 0.112713 -0.012911 0.112815
  7 4.118976 -0.003239 -0.000369 0.112713 -0.012904 0.112701
  8 4.119239 -0.003475 -0.000000 0.000251 0.305432 0.181315
  9 4.443600 -0.000003 -0.000000 0.789077 -0.361312 -1.046478
 10 9.024065 0.000001 0.000001 0.000000 0.000000 0.000000
 11 -0.521039 0.003946 1.652523 -0.116317 -1.084728 3.070686
 12 6.384778 0.000002 0.000002 -1.304087 -0.558442 -1.526126
 13 10.242682 -0.000004 0.000001 0.000000 0.000000 -0.913815
 14 11.375562 0.000004 0.000001 2.839200 0.907781 0.134918
 15 0.728681 0.023431 -1.008293 1.705251 0.347372 0.567022
 16 2.136496 0.000002 -0.000003 0.000000 0.000000 0.287979
 17 2.313138 -0.000000 0.000000 0.000000 0.000000 0.000000
 18 3.115506 -0.886041 -0.021429 -0.000782 0.000152 0.191986
 19 2.011151 -0.000002 -0.000003 0.000000 0.000000 0.659566
 20 2.141377 -0.000001 -0.000002 0.000000 0.000000 0.000000
 21 1.734175 0.000001 -0.000003 -0.000000 -0.000000 0.330185
 22 0.000005 -4.440592 0.000000 1.570544 -0.062990 -0.195737
 23 6.000000 0.000004 -0.000001 -3.045504 0.000000 0.000000
 24 0.000002 -4.440602 -0.000000 1.569944 -0.062987 0.004053
 25 11.375562 0.000004 0.000001 -2.408766 0.403371 0.351701
 26 0.000001 -4.440605 -0.000001 1.570144 -0.062988 0.004040
 27 10.510130 -0.000003 0.000002 -0.000000 -0.000000 -2.027704
 28 -0.000001 -1.748399 5.000000 -0.000000 0.004007 1.602290
 29 5.499996 -0.000005 0.000002 0.484766 -0.000000 -0.000000
 30 -0.000003 -1.940598 5.000002 -0.044472 0.004003 -0.000180
 31 6.551492 -0.000002 0.000001 -0.995969 -0.331397 -1.147274
 32 0.000000 -1.940598 5.000000 -0.027189 -0.053376 0.005295
 33 6.551492 -0.000002 0.000001 -0.365167 0.022652 -0.404807
 34 -0.000001 -1.940597 4.999995 -0.066572 -0.152786 -0.110311
 35 0.521042 0.003122 -1.652525 -0.407353 1.433521 2.563815
 36 6.384777 0.000000 -0.000001 0.381168 0.096481 -1.334779
 37 10.242683 0.000000 0.000001 0.000000 0.000000 -1.878227
 38 11.375561 0.000001 -0.000000 1.896685 0.172868 0.457392
 39 0.728682 0.023432 1.008291 -1.705251 -0.347372 0.567022
 40 2.136498 -0.000001 -0.000002 0.000000 0.000000 0.287979
 41 2.313138 0.000001 0.000001 0.000000 0.000000 3.141593
 42 3.115508 -0.886041 0.021432 0.000782 -0.000152 0.191986
 43 2.011152 -0.000000 -0.000000 -0.000000 0.000000 0.659566
 44 2.141378 0.000002 -0.000000 0.000000 0.000000 3.141593
 45 1.734171 -0.000001 0.000003 -0.000000 -0.000000 0.330185
 46 0.136317 -3.738193 2.525892 1.493698 2.759406 -1.474501
 47 12.525929 0.224068 4.354240 -0.008394 0.022031 -1.617272
 48 11.389367 -0.000821 0.158781 1.724820 0.111981 0.239111
 49 0.000003 -4.440598 -0.000000 1.570144 -3.078602 0.004040
 50 6.000000 -0.000003 -0.000002 1.724820 -0.000000 0.000000
 51 0.000001 -4.440601 -0.000001 1.569944 -3.078603 0.004053
 52 10.510133 -0.000004 0.000002 -0.000000 -0.000000 -2.509910
 53 -0.000001 -1.748400 -5.000000 -3.141593 0.004007 -1.539299
 54 5.500001 -0.000004 0.000001 -0.159200 -0.000000 0.000000
 55 -0.000004 0.000000 -5.000001 -0.044472 3.137590 -0.000177
 56 6.551491 -0.000000 -0.000000 0.159200 -0.043561 -0.366272
 57 -1.266844 -1.937442 -4.950560 -0.066572 -2.988806 -0.110308
 58 6.551491 -0.000000 -0.000000 0.159200 -0.043561 -0.366272
 59 0.699370 -1.944207 -5.006847 -0.027189 -3.088217 0.005298
 60 4.226143 -0.003201 0.000001 0.000000 -0.000000 -0.000000
 61 0.000001 5.000001 0.000001 -0.153564 0.000087 2.718702
 62 0.000004 -0.000006 -3.713580 0.180144 -2.916076 -1.237856
 63 0.000001 -0.000000 5.000000 3.053195 1.558589 -0.074929
 64 -0.000006 0.000005 3.713580 -0.380847 -2.911074 -0.712495
 65 -0.000000 -0.000000 -4.999998 -0.088725 1.558589 3.066336
 66 -3.366038 4.537251 -0.068618 3.141593 1.570796 0.000000
 67 -0.000005 0.000007 3.619083 -0.543680 -2.553484 -1.405882
 68 16.573923 0.000002 0.000003 -0.000000 0.000000 -1.784685
 69 15.128181 -0.000000 -0.000002 -0.137071 0.134372 0.580582
 70 5.758664 4.244732 0.000001 0.000000 -0.000000 2.077503
 71 3.177725 -0.000000 -0.000000 0.000000 0.000000 3.141593
 72 15.708950 0.000002 -0.000002 -0.078251 0.060209 0.297957
 73 0.275149 0.189215 -3.445207 3.130898 0.000409 -1.514604
 74 17.210192 0.000000 0.000003 0.000000 0.000000 -2.216825
 75 0.000001 0.000000 -4.999999 -0.079433 1.546568 -1.570859
 76 0.000005 -0.000003 -3.619079 -2.827600 -0.176237 1.258645
 77 16.573919 -0.000001 0.000002 0.000000 0.000000 -1.488442
 78 15.128180 0.000003 -0.000002 0.292483 0.071951 0.161565
 79 5.758666 4.244731 0.000001 -0.000000 0.000000 1.664589
 80 4.003934 -0.000000 0.000001 0.000000 0.000000 0.000000
 81 15.708958 0.000000 -0.000000 0.196320 0.059780 0.114173
 82 0.273998 0.191090 3.439761 -3.130907 -0.000437 -1.508106
 83 17.210192 -0.000001 -0.000000 0.000000 0.000000 -2.083515
 84 -0.000000 0.000003 4.999997 -0.079316 1.595025 -1.570740
time 17
  0 -0.271423 -1.497488 42.807060 -0.000000 -3.141593 -0.000000
  1 4.456944 0.000000 27.041952 -0.368686 0.660918 -2.633565
  2 15.811131 7.328118 -18.967461 -0.678300 0.330974 2.388111
  3 -2.276932 0.000004 -1.238185 -1.570795 -1.570451 0.000000
  4 1.797516 0.711838 -0.000370 0.112710 -0.012900 0.113400
  5 4.118975 -0.003239 -0.000370 0.112713 -0.012909 0.112789
  6 4.118978 -0.003240 -0.000368 0.112712 -0.012911 0.112815
  7 4.118971 -0.003239 -0.000371 0.112713 -0.012904 0.112701
  8 4.119241 -0.003476 -0.000001 0.000251 0.305432 0.181315
  9 4.443601 0.000002 0.000001 0.789077 -0.361312 -1.046478
 10 9.024061 0.000000 0.000001 0.000000 0.000000 0.000000
 11 -0.521038 0.003953 1.652526 -0.116317 -1.084728 3.070686
 12 6.384778 0.000001 0.000000 -1.304087 -0.558442 -1.526126
 13 10.242682 -0.000001 0.000000 0.000000 -0.000000 -0.913815
 14 11.375564 0.000004 -0.000000 2.839200 0.907781 0.134918
 15 0.728681 0.023431 -1.008293 1.705251 0.347372 0.567022
 16 2.136496 0.000001 0.000004 0.000000 0.000000 0.287979
 17 2.313139 0.000003 -0.000001 0.000000 0.000000 0.000000
 18 3.115507 -0.886041 -0.021427 -0.000782 0.000152 0.191986
 19 2.011152 0.000000 -0.000003 0.000000 0.000000 0.659566
 20 2.141379 0.000001 0.000000 0.000000 0.000000 0.000000
 21 1.734175 0.000004 -0.000000 0.000000 -0.000000 0.330185
 22 0.000005 -4.440594 -0.000001 1.570544 -0.062990 -0.195737
 23 6.000002 0.000003 -0.000001 -3.045504 -0.000000 -0.000000
 24 0.000001 -4.440602 -0.000000 1.569944 -0.062987 0.004053
 25 11.375564 0.000005 0.000000 -2.408766 0.403371 0.351701
 26 0.000001 -4.440605 -0.000002 1.570144 -0.062988 0.004040
 27 10.510132 -0.000002 0.000003 -0.000000 -0.000000 -2.027704
 28 -0.000001 -1.748399 5.000000 -0.000000 0.004007 1.602291
 29 5.499998 -0.000001 0.000002 0.484766 0.000000 -0.000000
 30 -0.000001 -1.940597 5.000002 -0.044472 0.004003 -0.000180
 31 6.551493 -0.000000 0.000002 -0.995970 -0.331397 -1.147274
 32 0.000001 -1.940596 4.999998 -0.027189 -0.053376 0.005295
 33 6.551493 -0.000000 0.000002 -0.365167 0.022652 -0.404807
 34 0.000001 -1.940601 4.999995 -0.066572 -0.152786 -0.110311
 35 0.521040 0.003129 -1.652526 -0.407353 1.433521 2.563815
 36 6.384776 0.000003 -0.000003 0.381168 0.096481 -1.334779
 37 10.242685 -0.000000 -0.000001 -0.000000 0.000000 -1.878227
 38 11.375563 0.000001 0.000002 1.896685 0.172868 0.457392
 39 0.728680 0.023431 1.008294 -1.705251 -0.347372 0.567022
 40 2.136498 0.000004 0.000000 0.000000 -0.000000 0.287979
 41 2.313138 -0.000000 0.000001 0.000000 0.000000 3.141593
 42 3.115507 -0.886041 0.021430 0.000782 -0.000152 0.191986
 43 2.011151 0.000001 -0.000001 0.000000 0.000000 0.659566
 44 2.141379 0.000000 0.000000 0.000000 0.000000 3.141593
 45 1.734174 -0.000001 0.000003 -0.000000 -0.000000 0.330185
 46 0.136317 -3.738191 2.525890 1.493698 2.759406 -1.474501
 47 12.525928 0.224069 4.354239 -0.008394 0.022031 -1.617272
 48 11.389369 -0.000820 0.158784 1.724820 0.111981 0.239111
 49 0.000002 -4.440599 0.000000 1.570144 -3.078602 0.004040
 50 6.000002 -0.000002 -0.000001 1.724820 0.000000 0.000000
 51 0.000002 -4.440603 0.000000 1.569944 -3.078603 0.004053
 52 10.510133 -0.000004 -0.000000 -0.000000 -0.000000 -2.509910
 53 -0.000001 -1.748402 -5.000000 -3.141593 0.004007 -1.539299
 54 5.500001 -0.000004 -0.000000 -0.159200 0.000000 0.000000
 55 -0.000002 0.000000 -5.000000 -0.044472 3.137589 -0.000177
 56 6.551492 0.000001 0.000000 0.159200 -0.043561 -0.366272
 57 -1.266843 -1.937444 -4.950560 -0.066572 -2.988806 -0.110308
 58 6.551492 0.000001 0.000000 0.159200 -0.043561 -0.366272
 59 0.699371 -1.944208 -5.006848 -0.027189 -3.088217 0.005298
 60 4.226145 -0.003200 0.000000 0.000000 0.000000 -0.000000
 61 0.000001 5.000000 -0.000000 -0.153564 0.000087 2.718702
 62 0.000004 -0.000006 -3.713581 0.225411 -2.852085 -1.251594
 63 0.000001 -0.000000 5.000001 3.053198 1.558589 -0.074926
 64 -0.000005 0.000005 3.713581 -0.395283 -2.947126 -0.659401
 65 0.000001 0.000000 -5.000001 -0.088725 1.558589 3.066336
 66 -3.366038 4.537252 -0.068619 3.141593 1.570796 0.000000
 67 -0.000006 0.000006 3.619081 -0.612731 -2.611007 -1.291411
 68 16.573921 0.000003 0.000001 -0.000000 -0.000000 -1.751469
 69 15.128181 -0.000002 0.000003 -0.129143 0.155520 0.608723
 70 5.758664 4.244732 0.000001 0.000000 -0.000000 2.083414
 71 3.177726 -0.000000 -0.000000 0.000000 0.000000 3.141593
 72 15.708955 -0.000001 0.000003 -0.076162 0.071350 0.311010
 73 0.275148 0.189214 -3.445208 3.130898 0.000409 -1.514604
 74 17.210192 0.000003 0.000003 -0.000000 -0.000000 -2.201878
 75 0.000000 -0.000000 -5.000000 -0.079433 1.546568 -1.570859
 76 0.000004 -0.000002 -3.619079 -2.739228 -0.235252 1.228634
 77 16.573921 0.000000 0.000000 0.000000 -0.000000 -1.325702
 78 15.128181 0.000002 0.000000 0.352734 0.102406 0.293618
 79 5.758666 4.244733 -0.000001 -0.000000 -0.000000 1.589592
 80 4.003935 -0.000001 0.000001 0.000000 0.000000 0.000000
 81 15.708958 0.000002 -0.000000 0.236061 0.088704 0.206065
 82 0.273997 0.191090 3.439762 -3.130907 -0.000437 -1.508107
 83 17.210194 0.000000 -0.000001 0.000000 -0.000000 -2.010283
 84 -0.000000 0.000002 4.999999 -0.079309 1.595025 -1.570733
time 18
  0 -0.271423 -1.497488 42.807060 -0.000000 -3.141593 -0.000000
  1 4.352454 0.000000 27.216211 -0.357412 0.652192 -2.635166
  2 15.683647 7.184979 -19.239389 -0.663257 0.333670 2.397303
  3 -2.276933 0.000003 -1.238187 -1.570795 -1.570796 0.000000
  4 1.797515 0.711836 -0.000373 0.112710 -0.012900 0.113400
  5 4.118977 -0.003237 -0.000367 0.112713 -0.012909 0.112789
  6 4.118977 -0.003237 -0.000368 0.112713 -0.012911 0.112815
  7 4.118973 -0.003237 -0.000370 0.112713 -0.012904 0.112701
  8 4.119240 -0.003476 0.000000 0.000251 0.305432 0.181315
  9 4.443598 -0.000002 -0.000001 0.789077 -0.361312 -1.046478
 10 9.024062 0.000002 -0.000001 0.000000 0.000000 0.000000
 11 -0.521038 0.003947 1.652524 -0.116317 -1.084728 3.070686
 12 6.384776 0.000003 0.000000 -1.304087 -0.558442 -1.526126
 13 10.242682 -0.000000 0.000001 0.000000 -0.000000 -0.913815
 14 11.375564 0.000003 0.000000 2.839200 0.907781 0.134918
 15 0.728681 0.023430 -1.008292 1.705251 0.347372 0.567022
 16 2.136494 0.000005 -0.000001 0.000000 0.000000 0.287979
 17 2.313140 -0.000003 0.000000 0.000000 0.000000 0.000000
 18 3.115506 -0.886043 -0.021431 -0.000782 0.000152 0.191986
 19 2.011152 0.000002 -0.000004 0.000000 -0.000000 0.659566
 20 2.141380 0.000000 0.000003 0.000000 0.000000 0.000000
 21 1.734175 0.000002 -0.000000 0.000000 0.000000 0.330185
 22 0.000004 -4.440592 -0.000001 1.570544 -0.062990 -0.195737
 23 6.000001 0.000002 -0.000002 -3.045504 -0.000000 0.000000
 24 0.000001 -4.440600 -0.000001 1.569944 -0.062987 0.004053
 25 11.375563 -0.000001 0.000000 -2.408766 0.403371 0.351701
 26 -0.000000 -4.440603 -0.000000 1.570144 -0.062988 0.004040
 27 10.510129 -0.000001 0.000003 0.000000 0.000000 -2.027704
 28 -0.000001 -1.748399 4.999999 -0.000000 0.004007 1.602290
 29 5.499997 -0.000001 0.000002 0.484766 0.000000 0.000000
 30 -0.000003 -1.940599 5.000003 -0.044472 0.004003 -0.000180
 31 6.551491 -0.000000 0.000002 -0.995970 -0.331397 -1.147274
 32 0.000001 -1.940598 5.000000 -0.027189 -0.053376 0.005295
 33 6.551491 -0.000000 0.000002 -0.365167 0.022652 -0.404807
 34 -0.000001 -1.940597 4.999995 -0.066572 -0.152786 -0.110311
 35 0.521039 0.003124 -1.652526 -0.407353 1.433521 2.563815
 36 6.384774 0.000001 -0.000002 0.381168 0.096481 -1.334779
 37 10.242684 -0.000002 0.000001 0.000000 0.000000 -1.878227
 38 11.375558 -0.000001 -0.000001 1.896684 0.172868 0.457392
 39 0.728679 0.023431 1.008290 -1.705251 -0.347372 0.567022
 40 2.136498 -0.000002 -0.000001 0.000000 -0.000000 0.287979
 41 2.313139 -0.000001 -0.000000 0.000000 0.000000 3.141593
 42 3.115505 -0.886041 0.021431 0.000782 -0.000152 0.191986
 43 2.011154 -0.000000 -0.000000 -0.000000 -0.000000 0.659566
 44 2.141378 0.000000 -0.000000 0.000000 0.000000 3.141593
 45 1.734174 -0.000001 0.000002 0.000000 0.000000 0.330185
 46 0.136317 -3.738193 2.525892 1.493698 2.759406 -1.474501
 47 12.525927 0.224065 4.354240 -0.008394 0.022031 -1.617272
 48 11.389367 -0.000822 0.158779 1.724820 0.111981 0.239111
 49 0.000003 -4.440599 0.000001 1.570144 -3.078602 0.004040
 50 6.000000 -0.000002 -0.000003 1.724820 0.000000 0.000000
 51 0.000002 -4.440602 0.000001 1.569944 -3.078603 0.004053
 52 10.510132 -0.000003 0.000002 -0.000000 0.000000 -2.509910
 53 0.000001 -1.748401 -5.000000 3.141593 0.004007 -1.539299
 54 5.500001 -0.000003 0.000000 -0.159200 0.000000 0.000000
 55 -0.000001 -0.000000 -5.000000 -0.044472 3.137589 -0.000177
 56 6.551490 -0.000001 0.000000 0.159200 -0.043561 -0.366272
 57 -1.266845 -1.937442 -4.950561 -0.066572 -2.988806 -0.110308
 58 6.551490 -0.000001 0.000000 0.159200 -0.043561 -0.366272
 59 0.699369 -1.944206 -5.006847 -0.027189 -3.088217 0.005298
 60 4.226144 -0.003203 0.000001 -0.000000 0.000000 0.000000
 61 0.000000 4.999999 0.000001 -0.153564 0.000087 2.718702
 62 0.000004 -0.000006 -3.713580 0.243239 -2.798449 -1.229852
 63 0.000001 -0.000000 5.000000 3.053200 1.558589 -0.074924
 64 -0.000007 0.000005 3.713579 -0.407022 -2.995739 -0.590481
 65 -0.000000 0.000000 -4.999999 -0.088723 1.558589 3.066338
 66 -3.366040 4.537251 -0.068618 3.141593 1.570796 0.000000
 67 -0.000007 0.000007 3.619082 -0.685007 -2.693877 -1.155313
 68 16.573921 0.000001 -0.000001 0.000000 0.000000 -1.684059
 69 15.128180 0.000001 -0.000002 -0.112224 0.184026 0.645155
 70 5.758666 4.244730 -0.000000 0.000000 -0.000000 2.095236
 71 3.177726 0.000000 0.000000 0.000000 0.000000 3.141593
 72 15.708953 0.000003 -0.000003 -0.070362 0.086967 0.327485
 73 0.275149 0.189215 -3.445208 3.130898 0.000409 -1.514604
 74 17.210190 -0.000001 0.000000 0.000000 -0.000000 -2.171543
 75 0.000001 0.000002 -5.000000 -0.079430 1.546568 -1.570856
 76 0.000002 -0.000004 -3.619081 -2.682295 -0.296238 1.235639
 77 16.573919 -0.000000 -0.000002 0.000000 -0.000000 -1.146642
 78 15.128181 -0.000000 -0.000001 0.367678 0.127261 0.422172
 79 5.758665 4.244731 -0.000001 -0.000000 0.000000 1.514594
 80 4.003933 0.000002 0.000001 0.000000 0.000000 0.000000
 81 15.708958 -0.000001 0.000000 0.245030 0.112137 0.293333
 82 0.273998 0.191089 3.439760 -3.130907 -0.000437 -1.508107
 83 17.210190 -0.000000 -0.000003 0.000000 -0.000000 -1.929706
 84 0.000001 0.000002 4.999997 -0.079311 1.595025 -1.570737
time 19
  0 -0.271423 -1.497488 42.807060 -0.000000 -3.141593 -0.000000
  1 4.190899 0.000000 27.390968 -0.345448 0.644448 -2.632766
  2 15.591633 7.025610 -19.522165 -0.649379 0.334925 2.402726
  3 -2.276932 0.000003 -1.238186 -1.570795 -1.570451 0.000000
  4 1.797517 0.711838 -0.000371 0.112710 -0.012900 0.113400
  5 4.118976 -0.003238 -0.000370 0.112713 -0.012909 0.112789
  6 4.118975 -0.003232 -0.000366 0.112713 -0.012911 0.112815
  7 4.118972 -0.003238 -0.000371 0.112713 -0.012904 0.112701
  8 4.119241 -0.003481 -0.000001 0.000251 0.305432 0.181315
  9 4.443599 -0.000001 -0.000001 0.789077 -0.361312 -1.046478
 10 9.024059 -0.000000 -0.000000 0.000000 0.000000 0.000000
 11 -0.521038 0.003947 1.652524 -0.116317 -1.084728 3.070686
 12 6.384777 -0.000000 0.000001 -1.304087 -0.558442 -1.526126
 13 10.242681 -0.000002 -0.000000 0.000000 0.000000 -0.913815
 14 11.375564 0.000004 0.000000 2.839200 0.907781 0.134918
 15 0.728681 0.023429 -1.008294 1.705251 0.347372 0.567022
 16 2.136498 -0.000000 0.000003 0.000000 0.000000 0.287979
 17 2.313140 -0.000002 -0.000000 0.000000 0.000000 0.000000
 18 3.115506 -0.886043 -0.021430 -0.000782 0.000152 0.191986
 19 2.011152 0.000000 0.000001 0.000000 0.000000 0.659566
 20 2.141380 0.000001 0.000001 0.000000 0.000000 0.000000
 21 1.734175 0.000004 0.000000 0.000000 -0.000000 0.330185
 22 0.000004 -4.440594 -0.000000 1.570544 -0.062990 -0.195737
 23 6.000000 0.000001 -0.000002 -3.045504 0.000000 -0.000000
 24 0.000002 -4.440602 -0.000000 1.569944 -0.062987 0.004053
 25 11.375561 -0.000001 -0.000000 -2.408766 0.403371 0.351701
 26 -0.000001 -4.440603 -0.000001 1.570144 -0.062988 0.004040
 27 10.510131 -0.000003 0.000003 -0.000000 -0.000000 -2.027704
 28 0.000001 -1.748399 5.000000 -0.000000 0.004007 1.602291
 29 5.499996 -0.000003 0.000002 0.484766 0.000000 -0.000000
 30 -0.000001 -1.940596 5.000000 -0.044472 0.004003 -0.000180
 31 6.551491 -0.000003 0.000001 -0.995970 -0.331397 -1.147274
 32 0.000001 -1.940598 5.000003 -0.027189 -0.053376 0.005295
 33 6.551491 -0.000003 0.000001 -0.365167 0.022652 -0.404807
 34 -0.000001 -1.940598 4.999997 -0.066572 -0.152786 -0.110311
 35 0.521041 0.003127 -1.652525 -0.407353 1.433521 2.563815
 36 6.384777 0.000001 0.000000 0.381168 0.096481 -1.334779
 37 10.242680 -0.000001 0.000001 -0.000000 0.000000 -1.878227
 38 11.375560 -0.000002 -0.000002 1.896685 0.172868 0.457392
 39 0.728682 0.023431 1.008290 -1.705251 -0.347372 0.567022
 40 2.136498 0.000000 -0.000001 -0.000000 -0.000000 0.287979
 41 2.313137 0.000002 0.000001 0.000000 0.000000 3.141593
 42 3.115507 -0.886041 0.021430 0.000782 -0.000152 0.191986
 43 2.011151 0.000000 -0.000002 0.000000 -0.000000 0.659566
 44 2.141380 -0.000000 -0.000000 0.000000 0.000000 3.141593
 45 1.734171 -0.000001 0.000004 -0.000000 -0.000000 0.330185
 46 0.136317 -3.738192 2.525888 1.493698 2.759406 -1.474501
 47 12.525927 0.224066 4.354239 -0.008394 0.022031 -1.617272
 48 11.389367 -0.000822 0.158780 1.724820 0.111981 0.239111
 49 0.000004 -4.440598 0.000001 1.570144 -3.078602 0.004040
 50 6.000001 -0.000004 -0.000003 1.724820 -0.000000 -0.000000
 51 0.000003 -4.440602 -0.000001 1.569944 -3.078603 0.004053
 52 10.510132 -0.000003 0.000003 0.000000 0.000000 -2.509910
 53 0.000000 -1.748401 -4.999999 -3.141593 0.004007 -1.539299
 54 5.500000 -0.000004 0.000002 -0.159200 -0.000000 0.000000
 55 -0.000003 -0.000000 -5.000000 -0.044472 3.137589 -0.000177
 56 6.551491 -0.000003 0.000001 0.159200 -0.043561 -0.366272
 57 -1.266846 -1.937442 -4.950559 -0.066572 -2.988806 -0.110308
 58 6.551491 -0.000003 0.000001 0.159200 -0.043561 -0.366272
 59 0.699369 -1.944208 -5.006845 -0.027189 -3.088217 0.005298
 60 4.226144 -0.003202 0.000000 0.000000 -0.000000 0.000000
 61 -0.000000 5.000000 0.000000 -0.153564 0.000087 2.718702
 62 0.000005 -0.000005 -3.713580 0.236916 -2.759302 -1.178494
 63 -0.000000 0.000001 4.999999 3.053200 1.558589 -0.074924
 64 -0.000007 0.000006 3.713580 -0.411798 -3.032503 -0.537754
 65 0.000002 0.000000 -4.999999 -0.088724 1.558589 3.066337
 66 -3.366038 4.537251 -0.068618 3.141593 1.570796 0.000000
 67 -0.000007 0.000006 3.619080 -0.728851 -2.760099 -1.055842
 68 16.573921 0.000001 0.000001 -0.000000 -0.000000 -1.624171
 69 15.128179 -0.000001 -0.000001 -0.102031 0.189140 0.594071
 70 5.758666 4.244730 -0.000000 0.000000 -0.000000 2.101146
 71 3.177726 -0.000000 0.000000 0.000000 0.000000 3.141593
 72 15.708951 0.000001 -0.000001 -0.064158 0.091908 0.303184
 73 0.275148 0.189215 -3.445207 3.130898 0.000409 -1.514604
 74 17.210192 -0.000000 0.000001 -0.000000 -0.000000 -2.144594
 75 0.000001 0.000000 -5.000000 -0.079436 1.546565 -1.570860
 76 0.000004 -0.000003 -3.619079 -2.658695 -0.351907 1.277008
 77 16.573919 0.000001 0.000003 -0.000000 0.000000 -0.982016
 78 15.128182 -0.000000 0.000000 0.350629 0.115298 0.454596
 79 5.758665 4.244730 0.000000 -0.000000 -0.000000 1.483530
 80 4.003934 0.000001 0.000001 0.000000 0.000000 0.000000
 81 15.708957 -0.000000 0.000001 0.234124 0.103950 0.315890
 82 0.273998 0.191089 3.439761 -3.130907 -0.000437 -1.508106
 83 17.210192 -0.000001 0.000002 0.000000 0.000000 -1.855624
 84 -0.000000 0.000001 4.999996 -0.079314 1.595025 -1.570739
time 20
  0 -0.271423 -1.497488 42.807060 -0.000000 -3.141593 -0.000000
  1 3.978574 0.000000 27.499214 -0.335290 0.640130 -2.625370
  2 15.489550 6.843589 -19.640282 -0.640584 0.334316 2.401473
  3 -2.276931 0.000004 -1.238185 -1.570795 -1.570451 0.000000
  4 1.797516 0.711839 -0.000368 0.112710 -0.012900 0.113400
  5 4.118975 -0.003242 -0.000372 0.112713 -0.012909 0.112789
  6 4.118970 -0.003233 -0.000369 0.112712 -0.012911 0.112815
  7 4.118974 -0.003241 -0.000370 0.112713 -0.012904 0.112701
  8 4.119241 -0.003479 0.000000 0.000251 0.305432 0.181315
  9 4.443598 -0.000002 -0.000001 0.789077 -0.361312 -1.046478
 10 9.024064 -0.000001 -0.000000 0.000000 0.000000 0.000000
 11 -0.521039 0.003945 1.652523 -0.116317 -1.084728 3.070686
 12 6.384777 -0.000001 0.000001 -1.304087 -0.558442 -1.526126
 13 10.242683 -0.000002 0.000002 0.000000 0.000000 -0.913815
 14 11.375556 -0.000002 -0.000003 2.839200 0.907781 0.134918
 15 0.728680 0.023428 -1.008289 1.705251 0.347372 0.567022
 16 2.136495 0.000003 -0.000002 -0.000000 0.000000 0.287979
 17 2.313139 -0.000005 0.000002 0.000000 0.000000 0.000000
 18 3.115506 -0.886041 -0.021428 -0.000782 0.000152 0.191986
 19 2.011152 0.000003 0.000001 -0.000000 -0.000000 0.659566
 20 2.141379 -0.000001 -0.000000 0.000000 0.000000 0.000000
 21 1.734175 -0.000000 -0.000000 0.000000 -0.000000 0.330185
 22 0.000004 -4.440594 0.000000 1.570544 -0.062990 -0.195737
 23 5.999999 0.000002 -0.000002 -3.045504 0.000000 -0.000000
 24 0.000001 -4.440600 -0.000001 1.569944 -0.062987 0.004053
 25 11.375562 0.000001 0.000001 -2.408766 0.403371 0.351701
 26 -0.000001 -4.440604 0.000000 1.570144 -0.062988 0.004040
 27 10.510130 -0.000003 0.000003 -0.000000 0.000000 -2.027704
 28 -0.000001 -1.748399 4.999998 -0.000000 0.004007 1.602290
 29 5.499995 -0.000005 0.000002 0.484766 -0.000000 -0.000000
 30 -0.000002 -1.940598 5.000000 -0.044472 0.004003 -0.000180
 31 6.551491 -0.000002 0.000003 -0.995969 -0.331397 -1.147274
 32 0.000000 -1.940599 5.000003 -0.027189 -0.053376 0.005295
 33 6.551491 -0.000002 0.000003 -0.365167 0.022652 -0.404807
 34 -0.000002 -1.940597 4.999994 -0.066572 -0.152786 -0.110311
 35 0.521039 0.003127 -1.652527 -0.407353 1.433521 2.563815
 36 6.384778 -0.000000 0.000001 0.381168 0.096481 -1.334779
 37 10.242682 -0.000000 0.000001 -0.000000 0.000000 -1.878227
 38 11.375563 -0.000002 -0.000002 1.896684 0.172868 0.457392
 39 0.728680 0.023431 1.008289 -1.705251 -0.347372 0.567022
 40 2.136497 0.000001 -0.000000 -0.000000 -0.000000 0.287979
 41 2.313140 -0.000001 -0.000001 0.000000 0.000000 3.141593
 42 3.115506 -0.886041 0.021429 0.000782 -0.000152 0.191986
 43 2.011149 0.000001 -0.000002 -0.000000 -0.000000 0.659566
 44 2.141381 -0.000002 0.000001 0.000000 0.000000 3.141593
 45 1.734172 -0.000001 0.000001 -0.000000 -0.000000 0.330185
 46 0.136318 -3.738192 2.525892 1.493698 2.759406 -1.474501
 47 12.525928 0.224067 4.354244 -0.008394 0.022031 -1.617272
 48 11.389367 -0.000822 0.158781 1.724820 0.111981 0.239111
 49 0.000002 -4.440598 0.000001 1.570144 -3.078602 0.004040
 50 6.000001 -0.000003 -0.000002 1.724820 0.000000 -0.000000
 51 0.000003 -4.440599 0.000000 1.569944 -3.078603 0.004053
 52 10.510134 -0.000002 0.000004 0.000000 -0.000000 -2.509910
 53 0.000000 -1.748401 -5.000000 3.141593 0.004007 -1.539299
 54 5.500002 -0.000003 0.000002 -0.159200 0.000000 0.000000
 55 -0.000003 0.000000 -5.000000 -0.044472 3.137589 -0.000177
 56 6.551492 -0.000002 0.000002 0.159200 -0.043561 -0.366272
 57 -1.266843 -1.937443 -4.950559 -0.066572 -2.988806 -0.110308
 58 6.551492 -0.000002 0.000002 0.159200 -0.043561 -0.366272
 59 0.699370 -1.944206 -5.006846 -0.027189 -3.088217 0.005298
 60 4.226144 -0.003203 0.000001 -0.000000 0.000000 -0.000000
 61 -0.000002 5.000000 0.000000 -0.153564 0.000087 2.718701
 62 0.000004 -0.000006 -3.713580 0.222409 -2.750624 -1.137604
 63 0.000002 0.000000 5.000000 3.053193 1.558589 -0.074931
 64 -0.000007 0.000004 3.713579 -0.412970 -3.063327 -0.494359
 65 0.000001 0.000001 -4.999999 -0.088725 1.558589 3.066336
 66 -3.366041 4.537251 -0.068618 3.141593 1.570796 0.000000
 67 -0.000007 0.000006 3.619081 -0.757209 -2.819298 -0.975318
 68 16.573921 0.000001 -0.000001 0.000000 -0.000000 -1.548988
 69 15.128181 0.000002 -0.000001 -0.117838 0.170215 0.466567
 70 5.758664 4.244733 -0.000000 0.000000 -0.000000 2.238989
 71 3.177725 0.000000 -0.000000 0.000000 0.000000 3.141593
 72 15.708952 0.000003 -0.000001 -0.068006 0.083956 0.242748
 73 0.275148 0.189215 -3.445208 3.130898 0.000409 -1.514604
 74 17.210192 -0.000001 -0.000000 0.000000 0.000000 -2.110761
 75 0.000001 0.000001 -5.000000 -0.079429 1.546565 -1.570853
 76 0.000003 -0.000004 -3.619080 -2.666806 -0.371586 1.319427
 77 16.573919 -0.000000 0.000001 0.000000 -0.000000 -0.946996
 78 15.128180 -0.000001 0.000001 0.314883 0.047216 0.409214
 79 5.758664 4.244729 0.000001 -0.000000 -0.000000 1.483530
 80 4.003934 0.000001 0.000001 0.000000 0.000000 0.000000
 81 15.708956 -0.000001 0.000001 0.212747 0.051342 0.287965
 82 0.273998 0.191090 3.439760 -3.130907 -0.000437 -1.508107
 83 17.210190 -0.000001 0.000000 0.000000 0.000000 -1.839865
 84 0.000000 0.000001 4.999997 -0.079314 1.595025 -1.570739
time 21
  0 -0.271423 -1.497488 42.807060 -0.000000 -3.141593 -0.000000
  1 3.721434 0.000000 27.502592 -0.329310 0.641703 -2.611862
  2 15.727467 6.806946 -19.917671 -0.640747 0.331391 2.390672
  3 -2.276932 0.000003 -1.238185 -1.570795 -1.570451 0.000000
  4 1.797514 0.711838 -0.000372 0.112710 -0.012900 0.113400
  5 4.118976 -0.003236 -0.000367 0.112713 -0.012909 0.112789
  6 4.118974 -0.003237 -0.000370 0.112712 -0.012911 0.112815
  7 4.118975 -0.003237 -0.000368 0.112713 -0.012904 0.112701
  8 4.119242 -0.003482 -0.000001 0.000251 0.305432 0.181315
  9 4.443598 0.000001 -0.000001 0.789077 -0.361312 -1.046478
 10 9.024062 -0.000000 -0.000000 0.000000 0.000000 0.000000
 11 -0.521039 0.003950 1.652524 -0.116317 -1.084729 3.070686
 12 6.384778 -0.000000 0.000001 -1.304087 -0.558442 -1.526126
 13 10.242684 -0.000001 -0.000001 0.000000 0.000000 -0.913815
 14 11.375565 0.000002 0.000000 2.839200 0.907781 0.134918
 15 0.728680 0.023433 -1.008288 1.705251 0.347372 0.567022
 16 2.136497 -0.000003 0.000003 -0.000000 0.000000 0.287979
 17 2.313139 -0.000000 -0.000001 0.000000 0.000000 0.000000
 18 3.115506 -0.886041 -0.021433 -0.000782 0.000152 0.191986
 19 2.011152 0.000002 -0.000001 0.000000 -0.000000 0.659566
 20 2.141380 -0.000001 -0.000003 0.000000 0.000000 0.000000
 21 1.734174 0.000001 0.000000 0.000000 -0.000000 0.330185
 22 0.000004 -4.440594 0.000001 1.570544 -0.062990 -0.195737
 23 6.000000 0.000001 -0.000002 -3.045504 0.000000 -0.000000
 24 0.000001 -4.440602 0.000001 1.569944 -0.062987 0.004053
 25 11.375563 0.000002 -0.000000 -2.408766 0.403371 0.351701
 26 -0.000001 -4.440602 0.000000 1.570144 -0.062988 0.004040
 27 10.510132 -0.000004 0.000002 -0.000000 0.000000 -2.027704
 28 0.000001 -1.748399 5.000000 -0.000000 0.004007 1.602290
 29 5.499998 -0.000004 0.000002 0.484766 -0.000000 -0.000000
 30 -0.000002 -1.940598 4.999999 -0.044472 0.004003 -0.000180
 31 6.551492 -0.000002 0.000003 -0.995970 -0.331397 -1.147274
 32 0.000001 -1.940599 5.000001 -0.027189 -0.053376 0.005295
 33 6.551492 -0.000002 0.000003 -0.365167 0.022652 -0.404807
 34 -0.000000 -1.940598 4.999997 -0.066572 -0.152786 -0.110311
 35 0.521040 0.003131 -1.652525 -0.407353 1.433521 2.563815
 36 6.384778 0.000001 0.000002 0.381168 0.096481 -1.334779
 37 10.242682 -0.000001 -0.000002 0.000000 0.000000 -1.878227
 38 11.375560 -0.000002 -0.000002 1.896684 0.172868 0.457392
 39 0.728678 0.023431 1.008291 -1.705251 -0.347372 0.567022
 40 2.136498 0.000004 -0.000002 0.000000 0.000000 0.287979
 41 2.313137 -0.000002 0.000000 0.000000 0.000000 3.141593
 42 3.115507 -0.886041 0.021429 0.000782 -0.000152 0.191986
 43 2.011147 0.000001 0.000001 -0.000000 -0.000000 0.659566
 44 2.141382 -0.000003 0.000000 0.000000 0.000000 3.141593
 45 1.734172 -0.000001 0.000003 -0.000000 -0.000000 0.330185
 46 0.136317 -3.738193 2.525890 1.493698 2.759406 -1.474501
 47 12.525928 0.224067 4.354242 -0.008394 0.022031 -1.617272
 48 11.389366 -0.000822 0.158780 1.724820 0.111981 0.239111
 49 0.000002 -4.440600 0.000003 1.570144 -3.078602 0.004040
 50 6.000001 -0.000003 -0.000003 1.724820 0.000000 0.000000
 51 0.000004 -4.440602 -0.000000 1.569944 -3.078603 0.004053
 52 10.510134 -0.000003 0.000001 -0.000000 -0.000000 -2.509910
 53 -0.000000 -1.748400 -4.999999 3.141593 0.004007 -1.539299
 54 5.500001 -0.000003 0.000000 -0.159200 0.000000 0.000000
 55 0.000001 -0.000000 -4.999998 -0.044472 3.137589 -0.000177
 56 6.551492 -0.000001 0.000003 0.159200 -0.043561 -0.366272
 57 -1.266845 -1.937445 -4.950561 -0.066572 -2.988806 -0.110308
 58 6.551492 -0.000001 0.000003 0.159200 -0.043561 -0.366272
 59 0.699369 -1.944208 -5.006847 -0.027189 -3.088217 0.005298
 60 4.226145 -0.003201 0.000000 -0.000000 -0.000000 -0.000000
 61 0.000001 4.999999 0.000000 -0.153564 0.000087 2.718702
 62 0.000003 -0.000005 -3.713580 0.205300 -2.742248 -1.108013
 63 0.000000 0.000001 5.000000 3.053198 1.558589 -0.074926
 64 -0.000007 0.000006 3.713580 -0.410557 -3.063027 -0.485255
 65 0.000002 -0.000000 -5.000000 -0.088727 1.558589 3.066334
 66 -3.366039 4.537251 -0.068619 3.141593 1.570796 0.000000
 67 -0.000007 0.000006 3.619081 -0.755719 -2.820592 -0.956258
 68 16.573919 -0.000001 -0.000000 0.000000 -0.000000 -1.553538
 69 15.128180 0.000000 -0.000000 -0.125626 0.118879 0.254399
 70 5.758663 4.244732 0.000000 0.000000 -0.000000 2.376831
 71 3.177726 -0.000000 0.000000 0.000000 0.000000 3.141593
 72 15.708954 0.000001 -0.000001 -0.066239 0.061036 0.136590
 73 0.275148 0.189215 -3.445207 3.130898 0.000409 -1.514604
 74 17.210192 -0.000000 0.000001 0.000000 0.000000 -2.112809
 75 0.000001 0.000001 -5.000000 -0.079430 1.546568 -1.570856
 76 0.000003 -0.000003 -3.619080 -2.680787 -0.392229 1.349016
 77 16.573919 0.000003 -0.000000 -0.000000 0.000000 -0.913695
 78 15.128181 0.000001 0.000000 0.290203 -0.093482 0.242497
 79 5.758665 4.244732 0.000001 -0.000000 -0.000000 1.483530
 80 4.003934 0.000000 0.000001 0.000000 0.000000 0.000000
 81 15.708958 -0.000000 0.000001 0.197773 -0.060221 0.176508
 82 0.273998 0.191090 3.439760 -3.130907 -0.000437 -1.508107
 83 17.210192 0.000002 -0.000000 -0.000000 -0.000000 -1.824879
 84 0.000001 0.000002 4.999998 -0.079311 1.595025 -1.570737
time 22
  0 -0.271423 -1.497488 42.807060 -0.000000 -3.141593 -0.000000
  1 3.425431 0.000000 27.473598 -0.327503 0.647761 -2.595473
  2 16.078764 6.835419 -20.119724 -0.648009 0.326950 2.373972
  3 -2.276932 0.000003 -1.238186 -1.570795 -1.570451 0.000000
  4 1.797514 0.711837 -0.000373 0.112710 -0.012900 0.113400
  5 4.118977 -0.003235 -0.000367 0.112713 -0.012909 0.112789
  6 4.118973 -0.003237 -0.000369 0.112713 -0.012911 0.112815
  7 4.118977 -0.003238 -0.000367 0.112713 -0.012904 0.112701
  8 4.119240 -0.003486 -0.000002 0.000251 0.305432 0.181315
  9 4.443600 0.000002 0.000000 0.789077 -0.361312 -1.046478
 10 9.024064 -0.000001 0.000000 0.000000 0.000000 0.000000
 11 -0.521036 0.003952 1.652527 -0.116317 -1.084728 3.070686
 12 6.384777 -0.000001 -0.000001 -1.304087 -0.558442 -1.526126
 13 10.242682 -0.000002 -0.000001 0.000000 -0.000000 -0.913815
 14 11.375560 0.000003 -0.000003 2.839200 0.907781 0.134918
 15 0.728681 0.023430 -1.008291 1.705251 0.347372 0.567022
 16 2.136499 -0.000001 0.000001 0.000000 0.000000 0.287979
 17 2.313138 -0.000000 0.000000 0.000000 0.000000 0.000000
 18 3.115507 -0.886043 -0.021429 -0.000782 0.000152 0.191986
 19 2.011152 0.000001 -0.000005 0.000000 -0.000000 0.659566
 20 2.141379 0.000001 0.000003 0.000000 0.000000 0.000000
 21 1.734175 0.000004 0.000000 0.000000 -0.000000 0.330185
 22 0.000006 -4.440594 -0.000001 1.570544 -0.062990 -0.195737
 23 6.000001 0.000003 -0.000002 -3.045504 0.000000 0.000000
 24 0.000001 -4.440602 0.000001 1.569944 -0.062987 0.004053
 25 11.375563 0.000005 -0.000000 -2.408766 0.403371 0.351701
 26 -0.000000 -4.440605 -0.000000 1.570144 -0.062988 0.004040
 27 10.510133 -0.000004 0.000002 -0.000000 0.000000 -2.027704
 28 0.000001 -1.748399 5.000000 -0.000000 0.004007 1.602291
 29 5.499997 -0.000005 0.000002 0.484766 0.000000 -0.000000
 30 -0.000002 -1.940596 4.999999 -0.044472 0.004003 -0.000180
 31 6.551492 -0.000003 0.000003 -0.995970 -0.331397 -1.147274
 32 0.000003 -1.940598 5.000000 -0.027189 -0.053376 0.005295
 33 6.551492 -0.000003 0.000003 -0.365167 0.022652 -0.404807
 34 0.000000 -1.940600 4.999997 -0.066572 -0.152786 -0.110311
 35 0.521042 0.003133 -1.652524 -0.407353 1.433521 2.563815
 36 6.384777 -0.000001 -0.000000 0.381168 0.096481 -1.334779
 37 10.242681 -0.000002 -0.000002 0.000000 0.000000 -1.878227
 38 11.375561 -0.000000 -0.000000 1.896685 0.172868 0.457392
 39 0.728679 0.023431 1.008289 -1.705251 -0.347372 0.567022
 40 2.136497 -0.000004 -0.000000 0.000000 -0.000000 0.287979
 41 2.313138 0.000001 0.000000 0.000000 0.000000 3.141593
 42 3.115504 -0.886041 0.021427 0.000782 -0.000152 0.191986
 43 2.011150 0.000000 -0.000000 -0.000000 -0.000000 0.659566
 44 2.141380 -0.000001 0.000001 0.000000 0.000000 3.141593
 45 1.734172 -0.000001 0.000001 -0.000000 -0.000000 0.330185
 46 0.136316 -3.738192 2.525888 1.493698 2.759406 -1.474501
 47 12.525928 0.224068 4.354238 -0.008394 0.022031 -1.617272
 48 11.389368 -0.000821 0.158782 1.724820 0.111981 0.239111
 49 0.000004 -4.440599 0.000002 1.570144 -3.078602 0.004040
 50 6.000002 -0.000003 -0.000003 1.724820 0.000000 -0.000000
 51 0.000003 -4.440601 -0.000001 1.569944 -3.078603 0.004053
 52 10.510132 -0.000004 0.000001 0.000000 -0.000000 -2.509910
 53 0.000001 -1.748401 -4.999999 -3.141593 0.004007 -1.539299
 54 5.500001 -0.000003 0.000000 -0.159200 -0.000000 0.000000
 55 0.000001 -0.000001 -4.999999 -0.044472 3.137590 -0.000177
 56 6.551492 -0.000001 0.000002 0.159200 -0.043561 -0.366272
 57 -1.266845 -1.937443 -4.950561 -0.066572 -2.988806 -0.110308
 58 6.551492 -0.000001 0.000002 0.159200 -0.043561 -0.366272
 59 0.699370 -1.944209 -5.006847 -0.027189 -3.088217 0.005298
 60 4.226146 -0.003204 0.000001 0.000000 -0.000000 -0.000000
 61 0.000000 5.000000 -0.000000 -0.153564 0.000087 2.718702
 62 0.000004 -0.000005 -3.713580 0.189431 -2.736820 -1.088294
 63 0.000000 -0.000000 5.000001 3.053200 1.558589 -0.074924
 64 -0.000007 0.000006 3.713581 -0.406650 -3.050818 -0.490442
 65 0.000000 0.000000 -5.000000 -0.088724 1.558589 3.066337
 66 -3.366039 4.537252 -0.068618 3.141593 1.570796 0.000000
 67 -0.000007 0.000007 3.619081 -0.742699 -2.798967 -0.963721
 68 16.573921 0.000001 0.000001 0.000000 -0.000000 -1.612879
 69 15.128183 -0.000002 0.000002 -0.129502 0.084725 0.091445
 70 5.758664 4.244730 0.000000 0.000000 -0.000000 2.267863
 71 3.177727 0.000001 -0.000000 0.000000 0.000000 3.141593
 72 15.708954 0.000000 0.000001 -0.065771 0.045578 0.050479
 73 0.275148 0.189214 -3.445208 3.130898 0.000409 -1.514604
 74 17.210192 0.000001 0.000002 -0.000000 -0.000000 -2.139512
 75 0.000001 0.000000 -5.000000 -0.079433 1.546568 -1.570857
 76 0.000004 -0.000003 -3.619080 -2.696630 -0.408209 1.368907
 77 16.573921 0.000002 -0.000001 0.000000 -0.000000 -0.893644
 78 15.128182 0.000003 -0.000001 0.303267 -0.249204 0.038779
 79 5.758666 4.244733 -0.000003 -0.000000 0.000000 1.483530
 80 4.003934 -0.000000 0.000001 0.000000 0.000000 0.000000
 81 15.708957 0.000001 -0.000000 0.203553 -0.182421 0.036377
 82 0.273998 0.191090 3.439761 -3.130907 -0.000437 -1.508107
 83 17.210194 0.000001 -0.000002 -0.000000 0.000000 -1.815856
 84 -0.000000 0.000001 4.999999 -0.079311 1.595025 -1.570737
time 23
  0 -0.271423 -1.497488 42.807060 -0.000000 -3.141593 -0.000000
  1 3.096523 0.000000 27.401838 -0.328001 0.655031 -2.580156
  2 16.421484 6.886722 -20.237659 -0.657565 0.322210 2.357052
  3 -2.276934 0.000001 -1.238186 -1.570795 -1.570451 0.000000
  4 1.797518 0.711838 -0.000369 0.112710 -0.012900 0.113400
  5 4.118976 -0.003238 -0.000369 0.112713 -0.012909 0.112789
  6 4.118970 -0.003234 -0.000370 0.112712 -0.012911 0.112815
  7 4.118976 -0.003237 -0.000368 0.112713 -0.012904 0.112701
  8 4.119242 -0.003478 0.000002 0.000251 0.305432 0.181315
  9 4.443598 -0.000003 -0.000000 0.789077 -0.361312 -1.046478
 10 9.024061 0.000001 0.000000 0.000000 0.000000 0.000000
 11 -0.521038 0.003944 1.652524 -0.116317 -1.084728 3.070686
 12 6.384776 -0.000000 -0.000000 -1.304087 -0.558442 -1.526126
 13 10.242685 -0.000003 0.000002 0.000000 0.000000 -0.913815
 14 11.375558 -0.000002 -0.000001 2.839200 0.907781 0.134918
 15 0.728681 0.023432 -1.008290 1.705251 0.347372 0.567022
 16 2.136498 -0.000000 -0.000000 0.000000 0.000000 0.287979
 17 2.313138 0.000000 0.000001 0.000000 0.000000 0.000000
 18 3.115507 -0.886042 -0.021429 -0.000782 0.000152 0.191986
 19 2.011151 0.000005 -0.000005 0.000000 -0.000000 0.659566
 20 2.141380 -0.000002 0.000003 0.000000 0.000000 0.000000
 21 1.734175 0.000002 -0.000000 0.000000 0.000000 0.330185
 22 0.000005 -4.440594 0.000000 1.570544 -0.062990 -0.195737
 23 6.000000 0.000004 -0.000002 -3.045504 -0.000000 0.000000
 24 0.000002 -4.440600 0.000000 1.569944 -0.062987 0.004053
 25 11.375562 0.000003 0.000000 -2.408766 0.403371 0.351701
 26 0.000001 -4.440604 -0.000002 1.570144 -0.062988 0.004040
 27 10.510131 -0.000004 0.000002 0.000000 0.000000 -2.027704
 28 0.000001 -1.748397 5.000001 0.000000 0.004007 1.602291
 29 5.499997 -0.000004 0.000002 0.484766 -0.000000 -0.000000
 30 0.000000 -1.940597 5.000000 -0.044472 0.004003 -0.000180
 31 6.551491 -0.000001 0.000004 -0.995970 -0.331397 -1.147274
 32 0.000000 -1.940598 5.000000 -0.027189 -0.053376 0.005295
 33 6.551491 -0.000001 0.000004 -0.365167 0.022652 -0.404807
 34 -0.000000 -1.940599 4.999995 -0.066572 -0.152786 -0.110311
 35 0.521037 0.003123 -1.652528 -0.407353 1.433521 2.563815
 36 6.384776 -0.000003 0.000000 0.381168 0.096481 -1.334779
 37 10.242682 0.000000 0.000001 -0.000000 0.000000 -1.878227
 38 11.375562 0.000001 -0.000000 1.896685 0.172868 0.457392
 39 0.728681 0.023431 1.008290 -1.705251 -0.347372 0.567022
 40 2.136496 0.000001 -0.000000 0.000000 -0.000000 0.287979
 41 2.313137 -0.000001 0.000001 0.000000 0.000000 3.141593
 42 3.115507 -0.886041 0.021429 0.000782 -0.000152 0.191986
 43 2.011147 0.000001 0.000000 -0.000000 -0.000000 0.659566
 44 2.141382 -0.000003 0.000002 0.000000 0.000000 3.141593
 45 1.734173 -0.000001 0.000001 -0.000000 -0.000000 0.330185
 46 0.136318 -3.738193 2.525890 1.493698 2.759406 -1.474501
 47 12.525928 0.224067 4.354240 -0.008394 0.022031 -1.617272
 48 11.389368 -0.000821 0.158782 1.724820 0.111981 0.239111
 49 0.000002 -4.440598 0.000001 1.570144 -3.078602 0.004040
 50 6.000001 -0.000002 -0.000002 1.724820 -0.000000 -0.000000
 51 0.000003 -4.440600 -0.000000 1.569944 -3.078603 0.004053
 52 10.510133 -0.000002 0.000003 -0.000000 0.000000 -2.509910
 53 0.000000 -1.748402 -5.000001 -3.141593 0.004007 -1.539299
 54 5.500001 -0.000003 0.000002 -0.159200 0.000000 0.000000
 55 -0.000002 0.000000 -5.000000 -0.044472 3.137589 -0.000177
 56 6.551491 -0.000001 0.000002 0.159200 -0.043561 -0.366272
 57 -1.266843 -1.937443 -4.950560 -0.066572 -2.988806 -0.110308
 58 6.551491 -0.000001 0.000002 0.159200 -0.043561 -0.366272
 59 0.699370 -1.944206 -5.006847 -0.027189 -3.088217 0.005298
 60 4.226145 -0.003205 0.000002 0.000000 -0.000000 0.000000
 61 0.000000 5.000000 -0.000000 -0.153564 0.000087 2.718702
 62 0.000005 -0.000006 -3.713580 0.179989 -2.736450 -1.080415
 63 0.000000 -0.000000 5.000000 3.053198 1.558589 -0.074926
 64 -0.000006 0.000006 3.713581 -0.401332 -3.032682 -0.501486
 65 0.000001 -0.000000 -5.000000 -0.088724 1.558589 3.066337
 66 -3.366038 4.537251 -0.068618 3.141593 1.570796 0.000000
 67 -0.000007 0.000007 3.619081 -0.722928 -2.766293 -0.982233
 68 16.573923 0.000002 0.000001 -0.000000 0.000000 -1.695446
 69 15.128182 -0.000001 -0.000001 -0.127825 0.050887 -0.077006
 70 5.758665 4.244731 0.000000 0.000000 -0.000000 2.004793
 71 3.177726 -0.000001 -0.000000 0.000000 0.000000 3.141593
 72 15.708953 0.000001 -0.000001 -0.063785 0.029867 -0.040564
 73 0.275149 0.189215 -3.445208 3.130898 0.000409 -1.514604
 74 17.210192 -0.000000 0.000002 0.000000 0.000000 -2.176668
 75 0.000000 -0.000001 -4.999999 -0.079432 1.546568 -1.570856
 76 0.000005 -0.000004 -3.619080 -2.708544 -0.413529 1.377839
 77 16.573921 -0.000001 -0.000000 0.000000 -0.000000 -0.908877
 78 15.128181 0.000000 0.000001 0.339582 -0.364460 -0.109513
 79 5.758665 4.244730 0.000001 -0.000000 0.000000 1.483530
 80 4.003933 -0.000000 0.000001 0.000000 0.000000 0.000000
 81 15.708958 0.000001 0.000001 0.221643 -0.267981 -0.062089
 82 0.273998 0.191090 3.439761 -3.130907 -0.000437 -1.508107
 83 17.210194 -0.000001 -0.000002 -0.000000 -0.000000 -1.822711
 84 0.000000 0.000001 4.999997 -0.079316 1.595025 -1.570740
time 24
  0 -0.271423 -1.497488 42.807060 -0.000000 -3.141593 -0.000000
  1 2.740662 0.000000 27.296940 -0.330267 0.663216 -2.565813
  2 16.737196 6.947382 -20.265244 -0.668796 0.317201 2.340146
  3 -2.276932 0.000003 -1.238187 -1.570795 -1.570796 0.000000
  4 1.797515 0.711836 -0.000372 0.112710 -0.012900 0.113400
  5 4.118975 -0.003239 -0.000369 0.112713 -0.012909 0.112789
  6 4.118973 -0.003235 -0.000368 0.112712 -0.012911 0.112815
  7 4.118977 -0.003239 -0.000368 0.112713 -0.012904 0.112701
  8 4.119243 -0.003478 0.000001 0.000251 0.305432 0.181315
  9 4.443598 -0.000003 -0.000001 0.789077 -0.361312 -1.046478
 10 9.024062 0.000001 0.000001 0.000000 0.000000 0.000000
 11 -0.521040 0.003946 1.652523 -0.116317 -1.084728 3.070686
 12 6.384777 0.000001 0.000002 -1.304087 -0.558443 -1.526126
 13 10.242684 -0.000002 -0.000000 0.000000 0.000000 -0.913815
 14 11.375563 0.000001 -0.000000 2.839200 0.907781 0.134918
 15 0.728681 0.023428 -1.008294 1.705251 0.347372 0.567022
 16 2.136497 -0.000000 -0.000002 0.000000 0.000000 0.287979
 17 2.313139 -0.000002 0.000001 0.000000 0.000000 0.000000
 18 3.115506 -0.886044 -0.021428 -0.000782 0.000152 0.191986
 19 2.011150 -0.000002 0.000001 0.000000 -0.000000 0.659566
 20 2.141379 0.000001 -0.000000 0.000000 0.000000 0.000000
 21 1.734175 -0.000001 -0.000001 0.000000 -0.000000 0.330185
 22 0.000006 -4.440594 -0.000000 1.570544 -0.062990 -0.195737
 23 6.000000 0.000002 -0.000002 -3.045504 -0.000000 -0.000000
 24 0.000001 -4.440602 0.000001 1.569944 -0.062987 0.004053
 25 11.375563 0.000001 0.000000 -2.408766 0.403371 0.351701
 26 -0.000000 -4.440604 0.000000 1.570144 -0.062988 0.004040
 27 10.510130 -0.000004 0.000001 0.000000 -0.000000 -2.027704
 28 -0.000001 -1.748399 5.000000 -0.000000 0.004007 1.602291
 29 5.499998 -0.000003 0.000001 0.484766 0.000000 -0.000000
 30 -0.000001 -1.940597 4.999999 -0.044472 0.004003 -0.000180
 31 6.551492 -0.000001 0.000004 -0.995970 -0.331397 -1.147274
 32 0.000002 -1.940597 4.999999 -0.027189 -0.053376 0.005295
 33 6.551492 -0.000001 0.000004 -0.365167 0.022652 -0.404807
 34 -0.000000 -1.940598 4.999995 -0.066572 -0.152786 -0.110311
 35 0.521037 0.003127 -1.652529 -0.407352 1.433521 2.563815
 36 6.384778 -0.000000 -0.000000 0.381168 0.096481 -1.334779
 37 10.242682 -0.000002 -0.000000 -0.000000 0.000000 -1.878227
 38 11.375561 0.000001 -0.000001 1.896685 0.172868 0.457392
 39 0.728684 0.023431 1.008290 -1.705251 -0.347372 0.567022
 40 2.136495 -0.000002 0.000001 0.000000 0.000000 0.287979
 41 2.313139 -0.000000 -0.000001 0.000000 0.000000 3.141593
 42 3.115508 -0.886041 0.021431 0.000782 -0.000152 0.191986
 43 2.011150 0.000001 0.000001 -0.000000 -0.000000 0.659566
 44 2.141378 0.000002 0.000002 0.000000 0.000000 3.141593
 45 1.734172 -0.000001 0.000003 -0.000000 -0.000000 0.330185
 46 0.136317 -3.738192 2.525891 1.493698 2.759406 -1.474501
 47 12.525928 0.224067 4.354242 -0.008394 0.022031 -1.617272
 48 11.389368 -0.000821 0.158780 1.724820 0.111981 0.239111
 49 0.000001 -4.440598 -0.000002 1.570144 -3.078602 0.004040
 50 6.000001 -0.000002 -0.000003 1.724820 0.000000 -0.000000
 51 0.000003 -4.440601 -0.000001 1.569944 -3.078603 0.004053
 52 10.510134 -0.000003 0.000003 0.000000 0.000000 -2.509910
 53 0.000000 -1.748401 -5.000000 3.141593 0.004007 -1.539299
 54 5.500003 -0.000003 0.000002 -0.159200 -0.000000 0.000000
 55 -0.000001 -0.000001 -4.999999 -0.044472 3.137589 -0.000177
 56 6.551492 -0.000003 0.000001 0.159200 -0.043561 -0.366272
 57 -1.266847 -1.937442 -4.950560 -0.066572 -2.988806 -0.110308
 58 6.551492 -0.000003 0.000001 0.159200 -0.043561 -0.366272
 59 0.699368 -1.944207 -5.006846 -0.027189 -3.088217 0.005298
 60 4.226145 -0.003203 0.000001 -0.000000 0.000000 0.000000
 61 0.000001 4.999999 0.000000 -0.153564 0.000087 2.718702
 62 0.000003 -0.000005 -3.713580 0.186866 -2.772852 -1.117218
 63 0.000001 -0.000000 5.000001 3.053194 1.558589 -0.074930
 64 -0.000006 0.000005 3.713580 -0.394528 -3.011711 -0.513958
 65 0.000001 0.000000 -4.999999 -0.088724 1.558589 3.066336
 66 -3.366039 4.537251 -0.068619 3.141593 1.570796 0.000000
 67 -0.000006 0.000007 3.619083 -0.698595 -2.728730 -1.003784
 68 16.573921 0.000001 0.000002 0.000000 0.000000 -1.777350
 69 15.128184 -0.000000 -0.000002 -0.116912 0.026585 -0.213333
 70 5.758665 4.244731 0.000000 0.000000 -0.000000 1.741723
 71 3.177726 -0.000001 -0.000000 0.000000 0.000000 3.141593
 72 15.708956 0.000002 -0.000002 -0.058232 0.018386 -0.113450
 73 0.275149 0.189214 -3.445208 3.130898 0.000409 -1.514604
 74 17.210192 0.000000 0.000003 -0.000000 0.000000 -2.213524
 75 0.000001 0.000001 -5.000000 -0.079433 1.546568 -1.570857
 76 0.000003 -0.000005 -3.619082 -2.726891 -0.357163 1.352833
 77 16.573921 0.000001 0.000001 0.000000 0.000000 -1.108596
 78 15.128183 0.000002 0.000001 0.329974 -0.319805 0.061650
 79 5.758666 4.244732 -0.000000 -0.000000 -0.000000 1.483530
 80 4.003934 -0.000000 0.000000 0.000000 0.000000 0.000000
 81 15.708960 0.000001 0.000001 0.221410 -0.231325 0.055956
 82 0.273998 0.191090 3.439761 -3.130907 -0.000437 -1.508107
 83 17.210192 -0.000000 0.000001 0.000000 -0.000000 -1.912585
 84 0.000001 0.000002 4.999998 -0.079314 1.595025 -1.570739
time 25
  0 -0.271423 -1.497488 42.807060 -0.000000 -3.141593 -0.000000
  1 2.363804 0.000000 27.169031 -0.333774 0.672005 -2.552346
  2 16.845215 6.937164 -20.006420 -0.681088 0.311977 2.323479
  3 -2.276932 0.000002 -1.238187 -1.570795 -1.570451 0.000000
  4 1.797517 0.711839 -0.000369 0.112710 -0.012900 0.113400
  5 4.118975 -0.003241 -0.000370 0.112713 -0.012909 0.112789
  6 4.118973 -0.003237 -0.000369 0.112712 -0.012911 0.112815
  7 4.118970 -0.003242 -0.000372 0.112713 -0.012904 0.112701
  8 4.119245 -0.003480 0.000002 0.000251 0.305432 0.181315
  9 4.443599 -0.000000 -0.000001 0.789077 -0.361312 -1.046478
 10 9.024063 -0.000001 0.000000 0.000000 0.000000 0.000000
 11 -0.521042 0.003949 1.652520 -0.116317 -1.084728 3.070686
 12 6.384778 -0.000002 0.000003 -1.304087 -0.558442 -1.526126
 13 10.242681 0.000000 -0.000002 0.000000 -0.000000 -0.913815
 14 11.375566 0.000003 0.000002 2.839200 0.907781 0.134918
 15 0.728681 0.023432 -1.008293 1.705251 0.347372 0.567022
 16 2.136495 0.000002 -0.000001 -0.000000 0.000000 0.287979
 17 2.313140 -0.000002 0.000001 0.000000 0.000000 0.000000
 18 3.115507 -0.886041 -0.021432 -0.000782 0.000152 0.191986
 19 2.011152 0.000002 -0.000003 0.000000 0.000000 0.659566
 20 2.141378 -0.000001 0.000002 0.000000 0.000000 0.000000
 21 1.734175 0.000001 -0.000002 0.000000 0.000000 0.330185
 22 0.000005 -4.440593 -0.000001 1.570544 -0.062990 -0.195737
 23 6.000000 0.000002 -0.000002 -3.045504 -0.000000 -0.000000
 24 0.000002 -4.440602 0.000000 1.569944 -0.062987 0.004053
 25 11.375562 0.000001 0.000000 -2.408766 0.403371 0.351701
 26 -0.000001 -4.440603 -0.000002 1.570144 -0.062988 0.004040
 27 10.510130 -0.000004 0.000002 -0.000000 0.000000 -2.027704
 28 0.000000 -1.748398 5.000001 0.000000 0.004007 1.602291
 29 5.499998 -0.000003 0.000001 0.484766 -0.000000 -0.000000
 30 -0.000001 -1.940597 4.999999 -0.044472 0.004003 -0.000180
 31 6.551490 -0.000003 0.000001 -0.995970 -0.331397 -1.147274
 32 0.000000 -1.940598 5.000001 -0.027189 -0.053376 0.005295
 33 6.551490 -0.000003 0.000001 -0.365167 0.022652 -0.404807
 34 -0.000001 -1.940597 4.999996 -0.066572 -0.152786 -0.110311
 35 0.521041 0.003129 -1.652525 -0.407353 1.433521 2.563815
 36 6.384780 -0.000000 0.000003 0.381168 0.096481 -1.334779
 37 10.242680 -0.000001 -0.000000 0.000000 0.000000 -1.878227
 38 11.375559 -0.000001 -0.000001 1.896684 0.172868 0.457392
 39 0.728681 0.023431 1.008290 -1.705251 -0.347372 0.567022
 40 2.136497 -0.000001 -0.000001 0.000000 0.000000 0.287979
 41 2.313136 0.000000 0.000002 0.000000 0.000000 3.141593
 42 3.115509 -0.886042 0.021431 0.000782 -0.000152 0.191986
 43 2.011147 0.000001 -0.000000 0.000000 0.000000 0.659566
 44 2.141380 -0.000002 0.000001 0.000000 0.000000 3.141593
 45 1.734173 -0.000002 0.000003 -0.000000 -0.000000 0.330185
 46 0.136317 -3.738192 2.525890 1.493698 2.759406 -1.474501
 47 12.525928 0.224066 4.354241 -0.008394 0.022031 -1.617272
 48 11.389366 -0.000823 0.158780 1.724820 0.111981 0.239111
 49 0.000004 -4.440598 0.000000 1.570144 -3.078602 0.004040
 50 6.000001 -0.000003 -0.000003 1.724820 0.000000 -0.000000
 51 0.000004 -4.440601 0.000001 1.569944 -3.078603 0.004053
 52 10.510132 -0.000003 0.000003 -0.000000 0.000000 -2.509910
 53 -0.000001 -1.748401 -5.000001 -3.141593 0.004007 -1.539299
 54 5.500000 -0.000003 0.000001 -0.159200 0.000000 0.000000
 55 -0.000002 -0.000002 -5.000000 -0.044472 3.137590 -0.000177
 56 6.551491 -0.000002 0.000002 0.159200 -0.043561 -0.366272
 57 -1.266845 -1.937441 -4.950560 -0.066572 -2.988806 -0.110308
 58 6.551491 -0.000002 0.000002 0.159200 -0.043561 -0.366272
 59 0.699368 -1.944204 -5.006847 -0.027189 -3.088217 0.005298
 60 4.226144 -0.003204 0.000001 -0.000000 -0.000000 -0.000000
 61 0.000000 4.999999 -0.000000 -0.153564 0.000087 2.718702
 62 0.000005 -0.000006 -3.713580 0.191811 -2.817064 -1.135081
 63 0.000002 0.000000 5.000000 3.053194 1.558589 -0.074930
 64 -0.000007 0.000005 3.713580 -0.386529 -2.990531 -0.524360
 65 0.000001 0.000000 -5.000000 -0.088725 1.558589 3.066335
 66 -3.366038 4.537251 -0.068618 3.141593 1.570796 0.000000
 67 -0.000005 0.000007 3.619082 -0.672391 -2.691117 -1.021958
 68 16.573921 -0.000003 0.000001 -0.000000 -0.000000 -1.837553
 69 15.128179 -0.000001 -0.000000 -0.098108 0.018252 -0.278875
 70 5.758667 4.244732 -0.000001 0.000000 0.000000 1.632757
 71 3.177726 -0.000001 0.000000 0.000000 0.000000 3.141593
 72 15.708953 0.000002 -0.000001 -0.048902 0.014068 -0.147693
 73 0.275149 0.189215 -3.445207 3.130898 0.000409 -1.514604
 74 17.210190 -0.000001 0.000002 -0.000000 -0.000000 -2.240615
 75 0.000001 0.000001 -5.000000 -0.079429 1.546568 -1.570852
 76 0.000004 -0.000005 -3.619081 -2.748045 -0.295730 1.350324
 77 16.573921 0.000000 0.000001 0.000000 -0.000000 -1.282384
 78 15.128181 0.000002 -0.000000 0.298689 -0.261227 0.215438
 79 5.758665 4.244731 -0.000001 -0.000000 -0.000000 1.483530
 80 4.003934 0.000000 -0.000001 0.000000 0.000000 0.000000
 81 15.708959 0.000000 0.000002 0.204838 -0.183675 0.160975
 82 0.273998 0.191089 3.439760 -3.130907 -0.000437 -1.508107
 83 17.210192 -0.000001 0.000000 0.000000 -0.000000 -1.990790
 84 0.000001 0.000003 4.999997 -0.079314 1.595025 -1.570737
time 26
  0 -0.271423 -1.497488 42.807060 -0.000000 -3.141593 -0.000000
  1 1.971902 0.000000 27.025667 -0.338000 0.681072 -2.539656
  2 16.859581 6.898331 -19.626040 -0.693838 0.306616 2.307267
  3 -2.276933 0.000002 -1.238186 -1.570795 -1.570796 0.000000
  4 1.797513 0.711837 -0.000372 0.112710 -0.012900 0.113400
  5 4.118976 -0.003239 -0.000370 0.112713 -0.012909 0.112789
  6 4.118979 -0.003234 -0.000365 0.112713 -0.012911 0.112815
  7 4.118968 -0.003239 -0.000372 0.112713 -0.012904 0.112701
  8 4.119241 -0.003478 -0.000001 0.000251 0.305432 0.181315
  9 4.443599 -0.000000 0.000000 0.789077 -0.361312 -1.046478
 10 9.024064 -0.000001 0.000000 0.000000 0.000000 0.000000
 11 -0.521037 0.003951 1.652526 -0.116317 -1.084728 3.070686
 12 6.384776 0.000003 -0.000004 -1.304087 -0.558442 -1.526126
 13 10.242683 -0.000001 -0.000000 0.000000 -0.000000 -0.913815
 14 11.375564 0.000001 0.000001 2.839200 0.907781 0.134918
 15 0.728680 0.023432 -1.008290 1.705251 0.347372 0.567022
 16 2.136497 0.000003 -0.000000 -0.000000 -0.000000 0.287979
 17 2.313139 -0.000001 0.000001 0.000000 0.000000 0.000000
 18 3.115505 -0.886041 -0.021429 -0.000782 0.000152 0.191986
 19 2.011152 0.000002 -0.000002 0.000000 0.000000 0.659566
 20 2.141378 -0.000001 0.000000 0.000000 0.000000 0.000000
 21 1.734174 -0.000000 -0.000002 0.000000 -0.000000 0.330185
 22 0.000005 -4.440596 0.000000 1.570544 -0.062990 -0.195737
 23 6.000002 0.000001 -0.000001 -3.045504 0.000000 -0.000000
 24 0.000002 -4.440602 -0.000001 1.569944 -0.062987 0.004053
 25 11.375564 0.000001 0.000001 -2.408766 0.403371 0.351701
 26 -0.000001 -4.440604 0.000001 1.570144 -0.062988 0.004040
 27 10.510130 -0.000004 0.000002 -0.000000 -0.000000 -2.027704
 28 0.000002 -1.748399 5.000000 0.000000 0.004007 1.602291
 29 5.499998 -0.000003 0.000001 0.484766 0.000000 0.000000
 30 -0.000001 -1.940597 4.999999 -0.044472 0.004003 -0.000180
 31 6.551492 -0.000002 0.000002 -0.995970 -0.331397 -1.147274
 32 0.000001 -1.940597 5.000000 -0.027189 -0.053376 0.005295
 33 6.551492 -0.000002 0.000002 -0.365167 0.022652 -0.404807
 34 -0.000001 -1.940597 4.999999 -0.066572 -0.152786 -0.110311
 35 0.521039 0.003127 -1.652526 -0.407353 1.433521 2.563815
 36 6.384777 -0.000001 -0.000000 0.381168 0.096481 -1.334779
 37 10.242683 0.000002 0.000001 -0.000000 0.000000 -1.878227
 38 11.375563 0.000001 -0.000002 1.896684 0.172868 0.457392
 39 0.728678 0.023431 1.008293 -1.705251 -0.347372 0.567022
 40 2.136496 -0.000001 0.000001 0.000000 -0.000000 0.287979
 41 2.313139 -0.000000 -0.000002 0.000000 0.000000 3.141593
 42 3.115510 -0.886041 0.021431 0.000782 -0.000152 0.191986
 43 2.011155 -0.000001 -0.000001 0.000000 -0.000000 0.659566
 44 2.141378 0.000001 -0.000001 0.000000 0.000000 3.141593
 45 1.734173 -0.000002 0.000001 0.000000 -0.000000 0.330185
 46 0.136317 -3.738191 2.525887 1.493698 2.759406 -1.474501
 47 12.525929 0.224067 4.354239 -0.008394 0.022031 -1.617272
 48 11.389367 -0.000820 0.158782 1.724820 0.111981 0.239111
 49 0.000003 -4.440599 0.000002 1.570144 -3.078602 0.004040
 50 6.000001 -0.000002 -0.000002 1.724820 -0.000000 -0.000000
 51 0.000002 -4.440602 0.000001 1.569944 -3.078603 0.004053
 52 10.510133 -0.000003 0.000002 -0.000000 0.000000 -2.509910
 53 0.000000 -1.748401 -4.999999 -3.141593 0.004007 -1.539299
 54 5.500002 -0.000003 0.000000 -0.159200 -0.000000 0.000000
 55 -0.000002 -0.000001 -5.000000 -0.044472 3.137589 -0.000177
 56 6.551491 -0.000002 0.000001 0.159200 -0.043561 -0.366272
 57 -1.266846 -1.937443 -4.950560 -0.066572 -2.988806 -0.110308
 58 6.551491 -0.000002 0.000001 0.159200 -0.043561 -0.366272
 59 0.699369 -1.944208 -5.006846 -0.027189 -3.088217 0.005298
 60 4.226145 -0.003204 0.000001 -0.000000 0.000000 0.000000
 61 -0.000001 5.000001 0.000000 -0.153564 0.000087 2.718702
 62 0.000003 -0.000006 -3.713580 0.184646 -2.862007 -1.119930
 63 -0.000000 -0.000000 5.000001 3.053196 1.558589 -0.074928
 64 -0.000007 0.000006 3.713580 -0.377820 -2.970094 -0.532099
 65 -0.000000 -0.000000 -5.000000 -0.088725 1.558589 3.066336
 66 -3.366039 4.537251 -0.068619 3.141593 1.570796 0.000000
 67 -0.000007 0.000005 3.619080 -0.645866 -2.654899 -1.035733
 68 16.573921 0.000001 0.000000 -0.000000 -0.000000 -1.871585
 69 15.128182 0.000000 -0.000001 -0.074014 0.022244 -0.262152
 70 5.758667 4.244732 0.000000 0.000000 -0.000000 1.671006
 71 3.177726 -0.000001 -0.000000 0.000000 0.000000 3.141593
 72 15.708954 0.000001 -0.000001 -0.036678 0.015140 -0.139042
 73 0.275149 0.189215 -3.445208 3.130898 0.000409 -1.514604
 74 17.210192 0.000001 0.000001 -0.000000 0.000000 -2.255930
 75 0.000001 0.000001 -5.000000 -0.079433 1.546565 -1.570858
 76 0.000003 -0.000003 -3.619079 -2.779113 -0.243063 1.382093
 77 16.573921 0.000000 0.000000 0.000000 -0.000000 -1.413914
 78 15.128182 0.000002 -0.000000 0.271526 -0.209367 0.369902
 79 5.758666 4.244731 -0.000000 -0.000000 0.000000 1.483530
 80 4.003935 -0.000000 -0.000001 0.000000 0.000000 0.000000
 81 15.708957 -0.000001 0.000001 0.190087 -0.140021 0.265402
 82 0.273998 0.191090 3.439761 -3.130907 -0.000437 -1.508107
 83 17.210194 -0.000001 -0.000001 -0.000000 0.000000 -2.049978
 84 0.000000 0.000002 4.999998 -0.079311 1.595025 -1.570737
time 27
  0 -0.271423 -1.497488 42.807060 -0.000000 -3.141593 -0.000000
  1 1.570913 0.000000 26.874441 -0.342425 0.690079 -2.527633
  2 16.923203 6.883768 -19.311069 -0.706448 0.301223 2.291715
  3 -2.276933 0.000003 -1.238186 -1.570795 -1.570451 0.000000
  4 1.797518 0.711839 -0.000369 0.112710 -0.012900 0.113400
  5 4.118970 -0.003239 -0.000372 0.112713 -0.012909 0.112789
  6 4.118976 -0.003236 -0.000368 0.112712 -0.012911 0.112815
  7 4.118977 -0.003232 -0.000366 0.112713 -0.012904 0.112701
  8 4.119239 -0.003484 -0.000003 0.000251 0.305432 0.181315
  9 4.443601 0.000003 0.000002 0.789077 -0.361312 -1.046478
 10 9.024060 0.000001 0.000001 0.000000 0.000000 0.000000
 11 -0.521036 0.003953 1.652526 -0.116317 -1.084728 3.070686
 12 6.384778 -0.000001 0.000005 -1.304087 -0.558442 -1.526126
 13 10.242684 -0.000001 0.000000 0.000000 0.000000 -0.913815
 14 11.375561 0.000001 -0.000001 2.839200 0.907781 0.134918
 15 0.728681 0.023430 -1.008294 1.705251 0.347372 0.567022
 16 2.136498 0.000001 -0.000001 0.000000 0.000000 0.287979
 17 2.313139 0.000001 -0.000001 0.000000 0.000000 0.000000
 18 3.115507 -0.886043 -0.021432 -0.000782 0.000152 0.191986
 19 2.011151 0.000002 -0.000001 -0.000000 -0.000000 0.659566
 20 2.141377 -0.000002 0.000002 0.000000 0.000000 0.000000
 21 1.734174 0.000002 0.000000 0.000000 -0.000000 0.330185
 22 0.000005 -4.440593 -0.000000 1.570544 -0.062990 -0.195737
 23 6.000000 -0.000000 -0.000001 -3.045504 0.000000 0.000000
 24 0.000001 -4.440602 0.000001 1.569944 -0.062987 0.004053
 25 11.375561 0.000001 -0.000000 -2.408766 0.403371 0.351701
 26 -0.000001 -4.440604 -0.000001 1.570144 -0.062988 0.004040
 27 10.510130 -0.000003 0.000002 0.000000 0.000000 -2.027704
 28 -0.000001 -1.748400 5.000000 0.000000 0.004007 1.602291
 29 5.499997 -0.000001 0.000001 0.484766 0.000000 -0.000000
 30 -0.000002 -1.940597 4.999999 -0.044472 0.004003 -0.000180
 31 6.551492 -0.000002 0.000002 -0.995969 -0.331397 -1.147274
 32 0.000002 -1.940598 5.000003 -0.027189 -0.053376 0.005295
 33 6.551492 -0.000002 0.000002 -0.365167 0.022652 -0.404807
 34 -0.000001 -1.940598 4.999995 -0.066572 -0.152786 -0.110311
 35 0.521046 0.003131 -1.652520 -0.407353 1.433521 2.563815
 36 6.384778 0.000001 0.000001 0.381168 0.096481 -1.334779
 37 10.242682 0.000001 -0.000000 0.000000 0.000000 -1.878227
 38 11.375566 0.000004 -0.000001 1.896685 0.172868 0.457392
 39 0.728684 0.023431 1.008292 -1.705251 -0.347372 0.567022
 40 2.136497 0.000001 -0.000000 0.000000 0.000000 0.287979
 41 2.313139 -0.000001 -0.000000 0.000000 0.000000 3.141593
 42 3.115511 -0.886041 0.021431 0.000782 -0.000152 0.191986
 43 2.011153 -0.000001 0.000000 0.000000 0.000000 0.659566
 44 2.141378 0.000002 0.000001 0.000000 0.000000 3.141593
 45 1.734173 -0.000002 0.000003 -0.000000 -0.000000 0.330185
 46 0.136316 -3.738193 2.525889 1.493698 2.759406 -1.474501
 47 12.525928 0.224068 4.354239 -0.008394 0.022031 -1.617272
 48 11.389368 -0.000822 0.158780 1.724820 0.111981 0.239111
 49 0.000002 -4.440599 -0.000000 1.570144 -3.078602 0.004040
 50 6.000001 -0.000003 -0.000003 1.724820 0.000000 0.000000
 51 0.000002 -4.440601 -0.000000 1.569944 -3.078603 0.004053
 52 10.510134 -0.000003 0.000002 0.000000 -0.000000 -2.509910
 53 0.000000 -1.748402 -5.000000 3.141593 0.004007 -1.539299
 54 5.500002 -0.000004 0.000002 -0.159200 -0.000000 0.000000
 55 -0.000001 -0.000001 -5.000000 -0.044472 3.137589 -0.000177
 56 6.551491 -0.000001 0.000001 0.159200 -0.043561 -0.366272
 57 -1.266843 -1.937444 -4.950559 -0.066572 -2.988806 -0.110308
 58 6.551491 -0.000001 0.000001 0.159200 -0.043561 -0.366272
 59 0.699370 -1.944208 -5.006846 -0.027189 -3.088217 0.005298
 60 4.226146 -0.003204 0.000001 -0.000000 -0.000000 0.000000
 61 -0.000000 5.000000 0.000000 -0.153564 0.000087 2.718702
 62 0.000005 -0.000005 -3.713580 0.164749 -2.907212 -1.064586
 63 0.000001 0.000000 5.000000 3.053198 1.558589 -0.074926
 64 -0.000007 0.000006 3.713580 -0.368876 -2.950868 -0.537412
 65 0.000000 -0.000000 -5.000000 -0.088724 1.558589 3.066337
 66 -3.366038 4.537251 -0.068618 3.141593 1.570796 0.000000
 67 -0.000006 0.000008 3.619082 -0.620064 -2.620705 -1.045565
 68 16.573921 -0.000000 0.000000 -0.000000 -0.000000 -1.889534
 69 15.128180 -0.000002 0.000000 -0.046256 0.028295 -0.192131
 70 5.758666 4.244732 -0.000000 0.000000 -0.000000 1.771145
 71 3.177726 0.000000 -0.000000 0.000000 0.000000 3.141593
 72 15.708954 0.000000 -0.000001 -0.022714 0.017043 -0.102487
 73 0.275148 0.189215 -3.445208 3.130898 0.000409 -1.514604
 74 17.210194 0.000001 0.000001 -0.000000 0.000000 -2.264007
 75 0.000000 0.000001 -4.999999 -0.079430 1.546568 -1.570855
 76 0.000004 -0.000004 -3.619081 -2.820913 -0.199520 1.456143
 77 16.573923 0.000000 0.000000 -0.000000 -0.000000 -1.497571
 78 15.128181 0.000001 -0.000002 0.248600 -0.162726 0.543233
 79 5.758665 4.244733 -0.000003 -0.000000 -0.000000 1.483530
 80 4.003935 -0.000000 0.000001 0.000000 0.000000 0.000000
 81 15.708959 -0.000000 0.000000 0.178262 -0.099703 0.379775
 82 0.273998 0.191090 3.439761 -3.130907 -0.000437 -1.508106
 83 17.210192 0.000002 -0.000001 0.000000 0.000000 -2.087624
 84 -0.000001 0.000001 4.999998 -0.079314 1.595025 -1.570739
time 28
  0 -0.271423 -1.497488 42.807060 -0.000000 -3.141593 -0.000000
  1 1.166788 0.000000 26.722952 -0.346523 0.698679 -2.516159
  2 17.117044 6.920517 -19.165447 -0.718331 0.295922 2.277016
  3 -2.276931 0.000004 -1.238185 -1.570795 -1.570451 0.000000
  4 1.797517 0.711837 -0.000370 0.112710 -0.012900 0.113400
  5 4.118975 -0.003234 -0.000366 0.112713 -0.012909 0.112789
  6 4.118970 -0.003240 -0.000372 0.112712 -0.012911 0.112815
  7 4.118972 -0.003240 -0.000370 0.112713 -0.012904 0.112701
  8 4.119248 -0.003478 0.000003 0.000251 0.305432 0.181315
  9 4.443597 -0.000001 -0.000002 0.789077 -0.361312 -1.046478
 10 9.024062 0.000004 -0.000000 0.000000 0.000000 0.000000
 11 -0.521042 0.003947 1.652520 -0.116317 -1.084728 3.070686
 12 6.384777 0.000000 -0.000001 -1.304087 -0.558442 -1.526126
 13 10.242685 -0.000004 0.000000 0.000000 0.000000 -0.913815
 14 11.375563 -0.000001 0.000000 2.839200 0.907781 0.134918
 15 0.728680 0.023432 -1.008289 1.705251 0.347372 0.567022
 16 2.136494 0.000002 0.000002 -0.000000 0.000000 0.287979
 17 2.313140 -0.000004 -0.000001 0.000000 0.000000 0.000000
 18 3.115506 -0.886041 -0.021430 -0.000782 0.000152 0.191986
 19 2.011152 0.000001 -0.000005 0.000000 0.000000 0.659566
 20 2.141379 -0.000001 0.000001 0.000000 0.000000 0.000000
 21 1.734175 0.000003 -0.000001 -0.000000 -0.000000 0.330185
 22 0.000005 -4.440594 -0.000000 1.570544 -0.062990 -0.195737
 23 6.000002 0.000002 -0.000001 -3.045504 -0.000000 -0.000000
 24 0.000002 -4.440602 -0.000001 1.569944 -0.062987 0.004053
 25 11.375563 -0.000001 0.000001 -2.408766 0.403371 0.351701
 26 0.000001 -4.440605 -0.000001 1.570144 -0.062988 0.004040
 27 10.510129 -0.000006 0.000002 -0.000000 0.000000 -2.027704
 28 0.000002 -1.748399 5.000001 0.000000 0.004007 1.602290
 29 5.499997 -0.000004 0.000001 0.484766 -0.000000 0.000000
 30 -0.000002 -1.940598 4.999999 -0.044472 0.004003 -0.000180
 31 6.551491 -0.000000 0.000003 -0.995970 -0.331397 -1.147274
 32 -0.000000 -1.940598 5.000000 -0.027189 -0.053376 0.005295
 33 6.551491 -0.000000 0.000003 -0.365167 0.022652 -0.404807
 34 -0.000001 -1.940596 4.999997 -0.066572 -0.152786 -0.110311
 35 0.521036 0.003129 -1.652530 -0.407353 1.433521 2.563815
 36 6.384777 -0.000000 -0.000001 0.381168 0.096481 -1.334779
 37 10.242682 -0.000000 0.000000 -0.000000 0.000000 -1.878227
 38 11.375560 -0.000001 -0.000001 1.896685 0.172868 0.457392
 39 0.728678 0.023431 1.008292 -1.705251 -0.347372 0.567022
 40 2.136497 -0.000000 -0.000000 0.000000 0.000000 0.287979
 41 2.313140 0.000000 -0.000001 0.000000 0.000000 3.141593
 42 3.115505 -0.886042 0.021432 0.000782 -0.000152 0.191986
 43 2.011151 -0.000000 -0.000001 -0.000000 0.000000 0.659566
 44 2.141381 -0.000001 -0.000001 0.000000 0.000000 3.141593
 45 1.734171 -0.000001 0.000002 -0.000000 -0.000000 0.330185
 46 0.136316 -3.738192 2.525892 1.493698 2.759406 -1.474501
 47 12.525928 0.224066 4.354240 -0.008394 0.022031 -1.617272
 48 11.389367 -0.000822 0.158780 1.724820 0.111981 0.239111
 49 0.000002 -4.440598 0.000002 1.570144 -3.078602 0.004040
 50 6.000001 -0.000002 -0.000003 1.724820 0.000000 -0.000000
 51 0.000004 -4.440601 -0.000000 1.569944 -3.078603 0.004053
 52 10.510131 -0.000003 0.000002 -0.000000 0.000000 -2.509910
 53 0.000001 -1.748401 -5.000001 3.141593 0.004007 -1.539299
 54 5.500000 -0.000003 0.000001 -0.159200 -0.000000 0.000000
 55 -0.000001 -0.000001 -5.000000 -0.044472 3.137589 -0.000177
 56 6.551491 -0.000001 -0.000000 0.159200 -0.043561 -0.366272
 57 -1.266845 -1.937442 -4.950561 -0.066572 -2.988806 -0.110308
 58 6.551491 -0.000001 -0.000000 0.159200 -0.043561 -0.366272
 59 0.699371 -1.944209 -5.006846 -0.027189 -3.088217 0.005298
 60 4.226144 -0.003202 0.000000 -0.000000 0.000000 0.000000
 61 -0.000000 5.000000 0.000000 -0.153564 0.000087 2.718702
 62 0.000004 -0.000005 -3.713580 0.140073 -2.964801 -0.995118
 63 0.000001 0.000000 5.000000 3.053195 1.558589 -0.074929
 64 -0.000007 0.000005 3.713580 -0.360599 -2.934644 -0.538315
 65 0.000001 0.000000 -5.000000 -0.088725 1.558589 3.066336
 66 -3.366039 4.537251 -0.068618 3.141593 1.570796 0.000000
 67 -0.000006 0.000006 3.619081 -0.598422 -2.591629 -1.047013
 68 16.573923 0.000004 -0.000000 0.000000 -0.000000 -1.893785
 69 15.128185 0.000001 -0.000001 -0.015853 0.029987 -0.089559
 70 5.758666 4.244730 -0.000000 0.000000 -0.000000 1.894922
 71 3.177725 -0.000000 0.000000 0.000000 0.000000 3.141593
 72 15.708953 0.000001 -0.000001 -0.007694 0.016984 -0.048066
 73 0.275148 0.189215 -3.445207 3.130898 0.000409 -1.514604
 74 17.210192 0.000001 0.000001 0.000000 -0.000000 -2.265920
 75 0.000000 0.000001 -4.999999 -0.079433 1.546568 -1.570857
 76 0.000003 -0.000004 -3.619080 -2.873579 -0.146839 1.545666
 77 16.573921 -0.000000 0.000000 -0.000000 0.000000 -1.563169
 78 15.128181 -0.000000 -0.000001 0.224324 -0.084581 0.689553
 79 5.758665 4.244729 0.000004 -0.000000 0.000000 1.483530
 80 4.003934 -0.000000 -0.000000 0.000000 0.000000 0.000000
 81 15.708958 -0.000002 0.000000 0.161897 -0.039713 0.474019
 82 0.273998 0.191089 3.439761 -3.130907 -0.000437 -1.508107
 83 17.210192 0.000000 -0.000001 -0.000000 -0.000000 -2.117143
 84 0.000000 0.000002 4.999997 -0.079311 1.595025 -1.570737
time 29
  0 -0.271423 -1.497488 42.807060 -0.000000 -3.141593 -0.000000
  1 0.765486 0.000000 26.578817 -0.349769 0.706514 -2.505102
  2 17.174278 6.895603 -18.904127 -0.728905 0.290859 2.263352
  3 -2.276932 0.000004 -1.238186 -1.570795 -1.570451 0.000000
  4 1.797518 0.711842 -0.000366 0.112710 -0.012900 0.113400
  5 4.118975 -0.003240 -0.000371 0.112713 -0.012909 0.112789
  6 4.118975 -0.003235 -0.000368 0.112712 -0.012911 0.112815
  7 4.118966 -0.003241 -0.000374 0.112713 -0.012904 0.112701
  8 4.119242 -0.003482 0.000000 0.000251 0.305432 0.181315
  9 4.443602 0.000003 0.000002 0.789077 -0.361312 -1.046478
 10 9.024061 -0.000001 0.000000 0.000000 0.000000 0.000000
 11 -0.521034 0.003953 1.652527 -0.116317 -1.084729 3.070686
 12 6.384776 0.000001 -0.000003 -1.304087 -0.558442 -1.526126
 13 10.242682 -0.000001 -0.000001 0.000000 0.000000 -0.913815
 14 11.375560 0.000001 -0.000001 2.839200 0.907781 0.134918
 15 0.728680 0.023431 -1.008290 1.705251 0.347372 0.567022
 16 2.136501 -0.000005 0.000002 -0.000000 0.000000 0.287979
 17 2.313138 0.000003 -0.000002 0.000000 0.000000 0.000000
 18 3.115507 -0.886040 -0.021434 -0.000782 0.000152 0.191986
 19 2.011150 -0.000000 0.000002 -0.000000 0.000000 0.659566
 20 2.141381 -0.000001 -0.000002 0.000000 0.000000 0.000000
 21 1.734174 0.000000 0.000001 -0.000000 -0.000000 0.330185
 22 0.000005 -4.440594 0.000001 1.570544 -0.062990 -0.195737
 23 6.000001 0.000002 -0.000001 -3.045504 0.000000 0.000000
 24 0.000003 -4.440602 -0.000001 1.569944 -0.062987 0.004053
 25 11.375563 0.000002 0.000001 -2.408766 0.403371 0.351701
 26 -0.000003 -4.440602 -0.000001 1.570144 -0.062988 0.004040
 27 10.510131 -0.000005 0.000002 0.000000 0.000000 -2.027704
 28 0.000001 -1.748400 4.999999 0.000000 0.004007 1.602290
 29 5.499996 -0.000004 0.000001 0.484766 -0.000000 -0.000000
 30 -0.000002 -1.940598 5.000000 -0.044472 0.004003 -0.000180
 31 6.551491 -0.000000 0.000003 -0.995970 -0.331397 -1.147274
 32 0.000000 -1.940599 5.000000 -0.027189 -0.053376 0.005295
 33 6.551491 -0.000000 0.000003 -0.365167 0.022652 -0.404807
 34 -0.000001 -1.940596 4.999996 -0.066572 -0.152786 -0.110311
 35 0.521040 0.003132 -1.652526 -0.407353 1.433521 2.563815
 36 6.384775 -0.000003 -0.000001 0.381168 0.096481 -1.334779
 37 10.242682 0.000002 0.000001 0.000000 0.000000 -1.878227
 38 11.375566 0.000002 -0.000004 1.896685 0.172868 0.457392
 39 0.728681 0.023431 1.008293 -1.705251 -0.347372 0.567022
 40 2.136497 -0.000002 0.000000 0.000000 -0.000000 0.287979
 41 2.313141 0.000002 -0.000001 0.000000 0.000000 3.141593
 42 3.115509 -0.886041 0.021432 0.000782 -0.000152 0.191986
 43 2.011149 0.000001 0.000001 -0.000000 0.000000 0.659566
 44 2.141380 -0.000001 -0.000001 0.000000 0.000000 3.141593
 45 1.734171 -0.000001 0.000004 -0.000000 -0.000000 0.330185
 46 0.136318 -3.738192 2.525890 1.493698 2.759406 -1.474501
 47 12.525928 0.224067 4.354244 -0.008394 0.022031 -1.617272
 48 11.389367 -0.000821 0.158779 1.724820 0.111981 0.239111
 49 0.000003 -4.440600 0.000001 1.570144 -3.078602 0.004040
 50 6.000001 -0.000003 -0.000005 1.724820 0.000000 0.000000
 51 0.000002 -4.440602 -0.000000 1.569944 -3.078603 0.004053
 52 10.510132 -0.000003 0.000003 0.000000 -0.000000 -2.509910
 53 -0.000000 -1.748401 -5.000000 -3.141593 0.004007 -1.539299
 54 5.500000 -0.000003 0.000001 -0.159200 0.000000 0.000000
 55 -0.000002 -0.000001 -5.000000 -0.044472 3.137589 -0.000177
 56 6.551491 0.000000 0.000000 0.159200 -0.043561 -0.366272
 57 -1.266845 -1.937443 -4.950560 -0.066572 -2.988806 -0.110308
 58 6.551491 0.000000 0.000000 0.159200 -0.043561 -0.366272
 59 0.699369 -1.944207 -5.006847 -0.027189 -3.088217 0.005298
 60 4.226144 -0.003202 0.000001 -0.000000 0.000000 -0.000000
 61 0.000000 5.000000 -0.000000 -0.153564 0.000087 2.718702
 62 0.000003 -0.000005 -3.713580 0.111386 -3.028378 -0.895686
 63 0.000002 0.000000 5.000000 3.053198 1.558589 -0.074926
 64 -0.000008 0.000006 3.713580 -0.353962 -2.922942 -0.532702
 65 0.000002 -0.000001 -5.000000 -0.088723 1.558589 3.066337
 66 -3.366040 4.537251 -0.068618 3.141593 1.570796 0.000000
 67 -0.000008 0.000008 3.619081 -0.584725 -2.570296 -1.034839
 68 16.573917 -0.000002 0.000002 -0.000000 0.000000 -1.886775
 69 15.128180 0.000001 -0.000002 0.014814 0.024137 0.024453
 70 5.758666 4.244731 -0.000000 0.000000 -0.000000 1.995059
 71 3.177727 0.000001 -0.000000 0.000000 0.000000 3.141593
 72 15.708953 0.000003 -0.000003 0.007382 0.013577 0.013116
 73 0.275149 0.189216 -3.445207 3.130898 0.000409 -1.514604
 74 17.210190 -0.000001 0.000002 -0.000000 0.000000 -2.262765
 75 0.000001 0.000000 -4.999998 -0.079432 1.546568 -1.570856
 76 0.000003 -0.000003 -3.619080 0.207204 -3.049141 -1.471217
 77 16.573923 0.000002 -0.000003 0.000000 -0.000000 -1.579443
 78 15.128183 -0.000002 0.000004 0.209521 0.004422 0.830925
 79 5.758665 4.244730 -0.000000 -0.000000 0.000000 1.483530
 80 4.003935 0.000000 -0.000001 0.000000 0.000000 0.000000
 81 15.708956 -0.000001 0.000001 0.148721 0.026559 0.564353
 82 0.273998 0.191090 3.439760 -3.130907 -0.000437 -1.508107
 83 17.210194 0.000001 -0.000001 0.000000 0.000000 -2.124466
 84 0.000001 0.000003 4.999998 -0.079314 1.595025 -1.570739
time 30
  0 -0.271423 -1.497488 42.807060 -0.000000 -3.141593 -0.000000
  1 0.500000 0.000000 26.454893 -0.351209 0.711176 -2.497827
  2 17.235659 6.882327 -18.783682 -0.734998 0.287666 2.254827
  3 -2.276933 0.000003 -1.238186 -1.570795 -1.570451 0.000000
  4 1.797517 0.711840 -0.000368 0.112710 -0.012900 0.113400
  5 4.118972 -0.003238 -0.000370 0.112713 -0.012909 0.112789
  6 4.118974 -0.003242 -0.000371 0.112713 -0.012911 0.112815
  7 4.118973 -0.003237 -0.000369 0.112713 -0.012904 0.112701
  8 4.119242 -0.003482 -0.000000 0.000251 0.305432 0.181315
  9 4.443600 -0.000003 0.000002 0.789077 -0.361312 -1.046478
 10 9.024061 -0.000002 0.000000 0.000000 0.000000 0.000000
 11 -0.521040 0.003946 1.652523 -0.116317 -1.084728 3.070686
 12 6.384778 -0.000003 0.000007 -1.304087 -0.558443 -1.526126
 13 10.242682 0.000001 -0.000002 0.000000 0.000000 -0.913815
 14 11.375564 0.000001 0.000001 2.839200 0.907781 0.134918
 15 0.728682 0.023429 -1.008295 1.705251 0.347372 0.567022
 16 2.136498 0.000001 0.000001 -0.000000 -0.000000 0.287979
 17 2.313138 0.000002 -0.000001 0.000000 0.000000 0.000000
 18 3.115507 -0.886041 -0.021430 -0.000782 0.000152 0.191986
 19 2.011152 0.000000 -0.000004 -0.000000 -0.000000 0.659566
 20 2.141377 -0.000000 0.000002 0.000000 0.000000 0.000000
 21 1.734176 0.000003 -0.000002 0.000000 -0.000000 0.330185
 22 0.000005 -4.440593 -0.000001 1.570544 -0.062990 -0.195737
 23 6.000000 0.000001 -0.000002 -3.045504 0.000000 0.000000
 24 0.000002 -4.440601 0.000000 1.569944 -0.062987 0.004053
 25 11.375560 -0.000000 0.000000 -2.408766 0.403371 0.351701
 26 -0.000001 -4.440603 0.000000 1.570144 -0.062988 0.004040
 27 10.510130 -0.000003 0.000001 -0.000000 0.000000 -2.027704
 28 -0.000001 -1.748398 5.000000 -0.000000 0.004007 1.602291
 29 5.499996 -0.000004 0.000001 0.484766 -0.000000 -0.000000
 30 -0.000001 -1.940598 5.000000 -0.044472 0.004003 -0.000180
 31 6.551490 -0.000001 0.000003 -0.995970 -0.331397 -1.147274
 32 0.000001 -1.940598 5.000000 -0.027189 -0.053376 0.005295
 33 6.551490 -0.000001 0.000003 -0.365167 0.022652 -0.404807
 34 -0.000000 -1.940599 4.999994 -0.066572 -0.152786 -0.110311
 35 0.521043 0.003129 -1.652522 -0.407353 1.433521 2.563815
 36 6.384777 -0.000001 0.000002 0.381168 0.096481 -1.334779
 37 10.242682 -0.000004 -0.000001 0.000000 0.000000 -1.878227
 38 11.375562 -0.000001 -0.000004 1.896685 0.172868 0.457392
 39 0.728684 0.023430 1.008293 -1.705251 -0.347372 0.567022
 40 2.136501 0.000002 -0.000002 0.000000 0.000000 0.287979
 41 2.313139 0.000001 -0.000001 0.000000 0.000000 3.141593
 42 3.115509 -0.886041 0.021433 0.000782 -0.000152 0.191986
 43 2.011148 -0.000001 0.000001 0.000000 0.000000 0.659566
 44 2.141381 -0.000003 0.000001 0.000000 0.000000 3.141593
 45 1.734172 -0.000002 0.000002 -0.000000 0.000000 0.330185
 46 0.136318 -3.738194 2.525890 1.493698 2.759406 -1.474501
 47 12.525928 0.224066 4.354242 -0.008394 0.022031 -1.617272
 48 11.389366 -0.000820 0.158779 1.724820 0.111981 0.239111
 49 0.000002 -4.440598 0.000001 1.570144 -3.078602 0.004040
 50 6.000001 -0.000003 -0.000004 1.724820 -0.000000 -0.000000
 51 0.000002 -4.440601 0.000001 1.569944 -3.078603 0.004053
 52 10.510133 -0.000003 0.000002 0.000000 -0.000000 -2.509910
 53 0.000000 -1.748401 -5.000000 -3.141593 0.004007 -1.539299
 54 5.500001 -0.000003 0.000001 -0.159200 -0.000000 0.000000
 55 -0.000002 -0.000001 -4.999998 -0.044472 3.137589 -0.000177
 56 6.551491 -0.000003 0.000002 0.159200 -0.043561 -0.366272
 57 -1.266846 -1.937442 -4.950561 -0.066572 -2.988806 -0.110308
 58 6.551491 -0.000003 0.000002 0.159200 -0.043561 -0.366272
 59 0.699368 -1.944207 -5.006846 -0.027189 -3.088217 0.005298
 60 4.226143 -0.003202 0.000001 0.000000 -0.000000 0.000000
 61 -0.000001 5.000001 -0.000000 -0.153564 0.000087 2.718701
 62 0.000004 -0.000007 -3.713579 0.099300 -3.078957 -0.825796
 63 0.000002 -0.000000 5.000000 3.053197 1.558589 -0.074927
 64 -0.000007 0.000005 3.713580 -0.343743 -2.897598 -0.554123
 65 0.000002 -0.000000 -4.999999 -0.088724 1.558589 3.066337
 66 -3.366040 4.537250 -0.068618 3.141593 1.570796 0.000000
 67 -0.000007 0.000008 3.619083 -0.544828 -2.524128 -1.082338
 68 16.573919 0.000001 0.000001 0.000000 0.000000 -1.913367
 69 15.128182 0.000001 -0.000001 0.034530 0.013697 0.095456
 70 5.758667 4.244730 -0.000000 0.000000 -0.000000 2.033309
 71 3.177726 0.000000 -0.000000 0.000000 0.000000 3.141593
 72 15.708952 0.000003 -0.000002 0.017220 0.008141 0.051236
 73 0.275149 0.189215 -3.445208 3.130898 0.000409 -1.514604
 74 17.210190 -0.000000 0.000001 0.000000 -0.000000 -2.274732
 75 0.000001 0.000000 -4.999999 -0.079433 1.546568 -1.570859
 76 0.000002 -0.000006 -3.619081 0.170894 -3.097227 -1.379492
 77 16.573921 -0.000001 -0.000003 -0.000000 0.000000 -1.574977
 78 15.128181 0.000000 0.000003 0.198639 0.074893 0.903553
 79 5.758665 4.244729 -0.000000 -0.000000 -0.000000 1.483530
 80 4.003934 0.000000 0.000001 0.000000 0.000000 0.000000
 81 15.708957 0.000001 0.000002 0.136104 0.076891 0.610203
 82 0.273998 0.191090 3.439761 -3.130907 -0.000437 -1.508106
 83 17.210192 -0.000002 -0.000001 -0.000000 0.000000 -2.122456
 84 0.000001 0.000002 4.999997 -0.079311 1.595025 -1.570737
end
