version 1
nodes
  0 "Bip01"  -1
  1 "Bip01 Footsteps"   0
  2 "Bip01 Pelvis"   0
  3 "Bip01 Spine"   2
  4 "Bip01 Spine1"   3
  5 "Bip01 Spine2"   4
  6 "Bip01 Spine3"   5
  7 "Bip01 Neck"   6
  8 "Bip01 Head"   7
  9 "Dummy21"   8
 10 "Bip01 L Clavicle"   7
 11 "Bip01 L UpperArm"  10
 12 "Bip01 L Forearm"  11
 13 "Bip01 L Hand"  12
 14 "Bip01 L Finger0"  13
 15 "Bip01 L Finger01"  14
 16 "Dummy06"  15
 17 "Bip01 L Finger1"  13
 18 "Bip01 L Finger11"  17
 19 "Dummy03"  18
 20 "-- L knuckle"  17
 21 "-- L knuckle_end"  20
 22 "-- L Forearm twist"  12
 23 "-- L Forearm twist_end"  22
 24 "-- L wrist"  12
 25 "-- L wrist_end"  24
 26 "-- L Elbow"  11
 27 "--L Elbow_end"  26
 28 "-- L bicep twist"  11
 29 "-- L bicep twist_end"  28
 30 "-- L shoulder outside"  10
 31 "-- L shoulder outside_end"  30
 32 "-- L Shoulder inside"  10
 33 "-- L Shoulder inside_end"  32
 34 "Bip01 R Clavicle"   7
 35 "Bip01 R UpperArm"  34
 36 "Bip01 R Forearm"  35
 37 "Bip01 R Hand"  36
 38 "Bip01 R Finger0"  37
 39 "Bip01 R Finger01"  38
 40 "Dummy01"  39
 41 "Bip01 R Finger1"  37
 42 "Bip01 R Finger11"  41
 43 "Dummy02"  42
 44 "-- R knuckle"  41
 45 "Point06"  44
 46 "-- R wrist"  36
 47 "-- R wrist_end"  46
 48 "-- R forearm twist"  36
 49 "-- R forearm twist_end"  48
 50 "-- R Elbow"  35
 51 "--R Elbow_end"  50
 52 "-- R bicep twist"  35
 53 "-- R bicep twist_end"  52
 54 "-- R Shoulder inside"  34
 55 "-- R Shoulder inside_end"  54
 56 "-- R shoulder outside"  34
 57 "-- R shoulder outside_end"  56
 58 "-- Neck smooth"   6
 59 "-- neck smooth end"  58
 60 "-- R Butt"   2
 61 "--R Butt_end"  60
 62 "-- L butt"   2
 63 "--L butt_end"  62
 64 "Bip01 L Thigh"   2
 65 "Bip01 L Calf"  64
 66 "Bip01 L Foot"  65
 67 "Bip01 L Toe0"  66
 68 "Dummy16"  67
 69 "-- L ankle"  65
 70 "-- L ankleend"  69
 71 "-- L Knee"  64
 72 "--L Knee_end"  71
 73 "Bip01 R Thigh"   2
 74 "Bip01 R Calf"  73
 75 "Bip01 R Foot"  74
 76 "Bip01 R Toe0"  75
 77 "Dummy11"  76
 78 "-- R Ankle"  74
 79 "-- R ankleend"  78
 80 "-- R Knee"  73
 81 "--R Knee_end"  80
 82 "Guerilla"   2
end
skeleton
time 0
  0 0.233849 -2.251687 38.192150 0.000000 0.000000 -1.570795
  1 0.000000 -0.000000 -38.285538 0.000000 0.000000 1.570795
  2 -2.276933 0.000003 -1.238186 -1.570795 -1.570451 0.000000
  3 1.797145 0.711796 -0.000002 -0.000004 -0.000001 0.000739
  4 4.118605 -0.003279 -0.000000 -0.000000 -0.000000 0.000035
  5 4.118601 -0.003280 -0.000000 0.000000 -0.000000 0.000049
  6 4.118600 -0.003280 -0.000000 -0.000000 0.000000 -0.000009
  7 4.118531 -0.003538 -0.000000 -0.000000 0.000000 -0.019437
  8 4.443601 0.000000 0.000000 -0.000000 -0.000001 0.201740
  9 9.024063 -0.000001 0.000000 0.000000 0.000000 0.000000
 10 0.000004 0.003534 1.732721 -0.000040 -1.501696 -3.122911
 11 6.384776 -0.000000 0.000001 0.025648 -0.046980 0.004099
 12 10.242682 -0.000000 -0.000002 0.000000 -0.000000 -0.008014
 13 11.375562 0.000000 0.000005 -1.580468 -0.132234 0.009455
 14 0.728679 0.023429 -1.008292 1.705251 0.347372 0.567022
 15 2.136497 -0.000000 0.000001 0.000000 0.000000 0.287979
 16 2.313140 0.000000 -0.000000 0.000000 0.000000 0.000000
 17 3.115505 -0.886041 -0.021431 -0.000782 0.000152 0.191986
 18 2.011151 -0.000000 -0.000000 0.000000 0.000000 0.659566
 19 2.141380 0.000003 0.000000 0.000000 0.000000 0.000000
 20 1.734173 0.000003 -0.000000 0.000000 0.000000 0.330185
 21 0.000007 -4.440596 0.000000 1.570544 -0.062990 -0.195737
 22 6.000001 -0.000000 0.000000 -1.578050 0.000000 -0.000000
 23 0.000001 -4.440600 -0.000000 1.569944 -0.062987 0.004053
 24 11.375562 0.000000 0.000005 -1.575523 -0.074433 0.005312
 25 -0.000001 -4.440606 0.000000 1.570144 -0.062988 0.004040
 26 10.510129 0.000000 0.000000 -0.000000 0.000000 -1.574800
 27 0.000000 -1.748401 5.000000 0.000000 0.004007 1.602291
 28 5.500000 -0.000000 -0.000001 -0.011814 -0.000000 -0.000000
 29 -0.000002 -1.940598 4.999999 -0.044472 0.004003 -0.000180
 30 6.551491 0.000000 -0.000001 0.019708 -0.055281 0.008457
 31 0.000001 -1.940598 5.000001 -0.027189 -0.053376 0.005295
 32 6.551491 0.000000 -0.000001 0.010051 -0.028020 0.004425
 33 -0.000000 -1.940599 4.999999 -0.066572 -0.152786 -0.110311
 34 0.000004 0.003543 -1.732721 -0.000040 1.501696 -3.122992
 35 6.384777 -0.000000 -0.000001 -0.025648 0.046980 0.004099
 36 10.242681 -0.000000 0.000002 0.000000 0.000000 -0.008014
 37 11.375562 0.000000 -0.000002 1.580468 0.132234 0.009455
 38 0.728679 0.023429 1.008292 -1.705251 -0.347372 0.567022
 39 2.136496 -0.000001 0.000000 0.000000 -0.000000 0.287979
 40 2.313141 0.000000 0.000001 0.000000 0.000000 3.141593
 41 3.115505 -0.886040 0.021431 0.000782 -0.000152 0.191986
 42 2.011151 -0.000000 0.000000 0.000000 -0.000000 0.659566
 43 2.141380 -0.000002 -0.000000 0.000000 0.000000 3.141593
 44 1.734173 -0.000001 -0.000000 -0.000000 -0.000000 0.330185
 45 0.136314 -3.738190 2.525890 1.493698 2.759406 -1.474501
 46 11.389366 -0.000819 0.158785 1.575523 0.074433 0.005312
 47 0.000000 -4.440601 0.000000 1.570144 -3.078602 0.004040
 48 6.000001 -0.000000 0.000003 1.575523 0.000000 -0.000000
 49 0.000001 -4.440599 -0.000000 1.569944 -3.078603 0.004053
 50 10.510130 0.000000 -0.000001 -0.000000 -0.000000 -1.574800
 51 -0.000000 -1.748399 -5.000000 3.141593 0.004007 -1.539299
 52 5.499999 -0.000000 0.000001 0.010051 -0.000000 0.000000
 53 -0.000000 0.000000 -5.000000 -0.044472 3.137589 -0.000177
 54 6.551491 -0.000000 0.000001 -0.010051 0.028020 0.004424
 55 -1.266843 -1.937443 -4.950561 -0.066572 -2.988806 -0.110308
 56 6.551491 -0.000000 0.000001 -0.010051 0.028020 0.004424
 57 0.699371 -1.944208 -5.006848 -0.027189 -3.088217 0.005298
 58 4.226144 -0.003201 -0.000000 -0.000000 0.000000 -0.011425
 59 -0.000000 5.000000 -0.000000 -0.153564 0.000087 2.718702
 60 0.000005 -0.000005 -3.713579 -0.006814 3.056983 -0.063787
 61 0.000003 -0.000000 5.000000 3.053198 1.558589 -0.074927
 62 -0.000005 0.000005 3.713579 0.005299 -3.071082 -0.053070
 63 -0.000003 0.000000 -5.000000 -0.088725 1.558589 3.066335
 64 -0.000005 0.000007 3.619081 0.011132 -3.002289 -0.086533
 65 16.573919 -0.000000 0.000000 0.000000 0.000000 -0.162458
 66 15.128179 0.000000 0.000001 0.000920 -0.139743 0.076637
 67 5.758665 4.244730 0.000000 0.000000 0.000000 1.570796
 68 3.177725 -0.000000 0.000001 0.000000 0.000000 3.141593
 69 15.708952 0.000001 -0.000000 0.001562 -0.077726 0.040998
 70 0.275148 0.189215 -3.445207 3.130898 0.000409 -1.514604
 71 17.210194 -0.000000 0.000001 -0.000000 0.000000 -1.486823
 72 0.000000 -0.000001 -5.000000 -0.079429 1.546568 -1.570852
 73 0.000005 -0.000003 -3.619081 -0.011130 3.002286 -0.086533
 74 16.573919 0.000000 0.000000 -0.000000 -0.000000 -0.162458
 75 15.128179 0.000000 0.000000 -0.000920 0.139743 0.076637
 76 5.758665 4.244731 -0.000000 -0.000000 -0.000000 1.570796
 77 4.003934 -0.000000 0.000000 0.000000 0.000000 0.000000
 78 15.708952 -0.000000 -0.000000 -0.001364 0.104219 0.055002
 79 0.273997 0.191090 3.439762 -3.130907 -0.000437 -1.508107
 80 17.210192 -0.000000 0.000000 0.000000 -0.000000 -1.486823
 81 0.000000 -0.000000 5.000000 -0.079311 1.595025 -1.570737
 82 8.042446 1.884766 0.021003 -3.141592 -1.570796 0.000000
end
triangles
GUERILLA_Working1.BMP
 34  -6.0292   4.2048  56.6370  -0.2527   0.7770   0.5766   0.2214   0.8963
  6   0.2621   4.7820  56.5153   0.0022   0.8730   0.4878   0.1303   0.8909
  6   0.2647   5.6525  51.5022   0.0063   0.9991   0.0429   0.1292   0.8112
GUERILLA_Working1.BMP
  6  -6.7590   4.4996  51.3000  -0.7784   0.6217  -0.0870   0.2377   0.8115
 34  -6.0292   4.2048  56.6370  -0.2527   0.7770   0.5766   0.2214   0.8963
  6   0.2647   5.6525  51.5022   0.0063   0.9991   0.0429   0.1292   0.8112
GUERILLA_Working1.BMP
 58   1.3472  -3.3699  57.1457   0.3293  -0.8356   0.4397   0.8274   0.6654
 58  -0.9028  -3.3699  57.1457  -0.3264  -0.8393   0.4348   0.7614   0.6658
  6  -2.3577  -5.5848  52.8918  -0.0356  -0.8948   0.4451   0.7433   0.5881
GUERILLA_Working1.BMP
  3   3.6144   4.0751  39.6064   0.3659   0.9026  -0.2267   0.0500   0.6115
  3  -2.9385   4.0751  39.6064  -0.3547   0.9018  -0.2469   0.2247   0.6084
  3   0.2601   4.4787  41.1802   0.0022   0.9987  -0.0505   0.1293   0.6481
GUERILLA_Working1.BMP
  3  -4.8638   3.2504  41.2621  -0.6830   0.6724  -0.2852   0.2234   0.6478
  3   0.2601   4.4787  41.1802   0.0022   0.9987  -0.0505   0.1293   0.6481
  3  -2.9385   4.0751  39.6064  -0.3547   0.9018  -0.2469   0.2247   0.6084
GUERILLA_Working1.BMP
  3  -2.9385   4.0751  39.6064  -0.3547   0.9018  -0.2469   0.2247   0.6084
  3  -6.1081  -0.3293  40.2792  -0.7136   0.2281  -0.6624   0.3307   0.6062
  3  -4.8638   3.2504  41.2621  -0.6830   0.6724  -0.2852   0.2234   0.6478
GUERILLA_Working1.BMP
  3  -6.8038  -0.4544  40.9818  -0.8005   0.1687  -0.5751   0.3298   0.6444
  3  -4.8638   3.2504  41.2621  -0.6830   0.6724  -0.2852   0.2234   0.6478
  3  -6.1081  -0.3293  40.2792  -0.7136   0.2281  -0.6624   0.3307   0.6062
GUERILLA_Working1.BMP
  2  -3.2182  -5.0122  38.4562  -0.6280  -0.3006  -0.7178   0.4542   0.6081
  3  -6.8038  -0.4544  40.9818  -0.8005   0.1687  -0.5751   0.3298   0.6444
  3  -6.1081  -0.3293  40.2792  -0.7136   0.2281  -0.6624   0.3307   0.6062
GUERILLA_Working1.BMP
  3  -6.8038  -0.4544  40.9818  -0.8005   0.1687  -0.5751   0.3298   0.6444
  2  -3.2182  -5.0122  38.4562  -0.6280  -0.3006  -0.7178   0.4542   0.6081
  3  -5.7048  -3.6047  39.6613  -0.8625  -0.4083  -0.2990   0.4025   0.6431
GUERILLA_Working1.BMP
  3  -6.1081  -0.3293  40.2792  -0.9518  -0.0255   0.3055   0.1956   0.4964
  3  -2.9385   4.0751  39.6064  -0.3247   0.8998   0.2914   0.1220   0.4953
 60  -4.6959   4.3704  35.5967  -0.5596   0.8273   0.0493   0.1332   0.4307
GUERILLA_Working1.BMP
  2   0.1885   5.1667  36.1474   0.0005   0.9998   0.0213   0.0673   0.4478
 60  -4.6959   4.3704  35.5967  -0.5596   0.8273   0.0493   0.1332   0.4307
  3  -2.9385   4.0751  39.6064  -0.3247   0.8998   0.2914   0.1220   0.4953
GUERILLA_Working1.BMP
  3   3.6144   4.0751  39.6064   0.3378   0.9019   0.2693   0.5046   0.4958
  2   0.1885   5.1667  36.1474   0.0005   0.9998   0.0213   0.5704   0.4495
  3  -2.9385   4.0751  39.6064  -0.3247   0.8998   0.2914   0.5847   0.4981
GUERILLA_Working1.BMP
 60  -3.8907  -5.1054  36.8211  -0.3947  -0.9060   0.1527   0.2535   0.4451
  3  -6.1081  -0.3293  40.2792  -0.9518  -0.0255   0.3055   0.1956   0.4964
 60  -6.8642  -0.3612  36.2751  -0.9843  -0.0120   0.1759   0.1918   0.4366
GUERILLA_Working1.BMP
 60  -4.6959   4.3704  35.5967  -0.5596   0.8273   0.0493   0.1332   0.4307
 60  -6.8642  -0.3612  36.2751  -0.9843  -0.0120   0.1759   0.1918   0.4366
  3  -6.1081  -0.3293  40.2792  -0.9518  -0.0255   0.3055   0.1956   0.4964
GUERILLA_Working1.BMP
 60  -4.7012   3.8088  31.7928  -0.4458   0.8803  -0.1622   0.1261   0.3721
 60  -6.8642  -0.3612  36.2751  -0.9843  -0.0120   0.1759   0.1918   0.4366
 60  -4.6959   4.3704  35.5967  -0.5596   0.8273   0.0493   0.1332   0.4307
GUERILLA_Working1.BMP
 60  -4.6959   4.3704  35.5967  -0.5596   0.8273   0.0493   0.1332   0.4307
  2   0.1885   5.1667  36.1474   0.0005   0.9998   0.0213   0.0673   0.4478
 60   0.1629   4.5253  33.2365   0.3259   0.8482  -0.4175   0.0622   0.4029
GUERILLA_Working1.BMP
 60  -4.6959   4.3704  35.5967  -0.5596   0.8273   0.0493   0.1332   0.4307
 60   0.1629   4.5253  33.2365   0.3259   0.8482  -0.4175   0.0622   0.4029
 60  -4.7012   3.8088  31.7928  -0.4458   0.8803  -0.1622   0.1261   0.3721
GUERILLA_Working1.BMP
 60   0.1629   4.5253  33.2365   0.3259   0.8482  -0.4175   0.0622   0.4029
 60   0.0924   1.8337  31.5796   0.8520   0.4169  -0.3166   0.0644   0.3766
 60  -4.7012   3.8088  31.7928  -0.4458   0.8803  -0.1622   0.1261   0.3721
GUERILLA_Working1.BMP
  6   0.2647   5.6525  51.5022   0.0063   0.9991   0.0429   0.1292   0.8112
  3   0.2601   4.4787  41.1802   0.0022   0.9987  -0.0505   0.1293   0.6481
  6  -6.7590   4.4996  51.3000  -0.7784   0.6217  -0.0870   0.2377   0.8115
GUERILLA_Working1.BMP
  3   0.2601   4.4787  41.1802   0.0022   0.9987  -0.0505   0.1293   0.6481
  3  -4.8638   3.2504  41.2621  -0.6830   0.6724  -0.2852   0.2234   0.6478
  6  -6.7590   4.4996  51.3000  -0.7784   0.6217  -0.0870   0.2377   0.8115
GUERILLA_Working1.BMP
 34  -6.0292   4.2048  56.6370  -0.2527   0.7770   0.5766   0.2214   0.8963
 58  -1.8185   2.7870  58.6013  -0.1151   0.6372   0.7621   0.1642   0.9489
  6   0.2621   4.7820  56.5153   0.0022   0.8730   0.4878   0.1303   0.8909
GUERILLA_Working1.BMP
  3  -6.1081  -0.3293  40.2792  -0.9518  -0.0255   0.3055   0.1956   0.4964
 60  -3.8907  -5.1054  36.8211  -0.3947  -0.9060   0.1527   0.2535   0.4451
  2  -3.2182  -5.0122  38.4562  -0.2080  -0.9764   0.0585   0.2656   0.4928
GUERILLA_Working1.BMP
 58  -1.8185   2.7870  58.6013  -0.4213   0.7220   0.5489   0.5970   0.7513
  6  -3.4386  -0.2956  58.2253  -0.3367  -0.2437   0.9095   0.6657   0.7079
 58  -2.2657  -0.8907  58.5000  -0.7732  -0.2629   0.5771   0.6859   0.7330
GUERILLA_Working1.BMP
 34  -3.3017  -3.3037  56.4790  -0.2807  -0.6464   0.7095   0.7049   0.6745
  6  -2.3577  -5.5848  52.8918  -0.0356  -0.8948   0.4451   0.7433   0.5881
 58  -0.9028  -3.3699  57.1457  -0.3264  -0.8393   0.4348   0.7614   0.6658
GUERILLA_Working1.BMP
 58  -2.2657  -0.8907  58.5000  -0.7732  -0.2629   0.5771   0.6859   0.7330
 34  -3.3017  -3.3037  56.4790  -0.2807  -0.6464   0.7095   0.7049   0.6745
 58  -0.9028  -3.3699  57.1457  -0.3264  -0.8393   0.4348   0.7614   0.6658
GUERILLA_Working1.BMP
  6  -3.4386  -0.2956  58.2253  -0.3367  -0.2437   0.9095   0.6657   0.7079
 34  -3.3017  -3.3037  56.4790  -0.2807  -0.6464   0.7095   0.7049   0.6745
 58  -2.2657  -0.8907  58.5000  -0.7732  -0.2629   0.5771   0.6859   0.7330
GUERILLA_Working1.BMP
 34  -3.3017  -3.3037  56.4790   0.8650  -0.1768   0.4695   0.4684   0.9188
  6  -3.4386  -0.2956  58.2253   0.6675  -0.3836   0.6381   0.4582   0.9784
 34  -4.3435  -0.2956  59.1719   0.7737  -0.2734   0.5714   0.4382   0.9846
GUERILLA_Working1.BMP
 34  -3.7457  -3.8415  57.4862   0.5487  -0.6375   0.5409   0.4520   0.9232
 34  -3.3017  -3.3037  56.4790   0.8650  -0.1768   0.4695   0.4684   0.9188
 34  -4.3435  -0.2956  59.1719   0.7737  -0.2734   0.5714   0.4382   0.9846
GUERILLA_Working1.BMP
  6  -2.3577  -5.5848  52.8918   0.9233  -0.1367   0.3588   0.4819   0.8480
 34  -3.3017  -3.3037  56.4790   0.8650  -0.1768   0.4695   0.4684   0.9188
 34  -3.7457  -3.8415  57.4862   0.5487  -0.6375   0.5409   0.4520   0.9232
GUERILLA_Working1.BMP
  6  -2.4629  -6.2388  52.9155   0.5501  -0.7810   0.2955   0.4741   0.8425
  6  -2.3577  -5.5848  52.8918   0.9233  -0.1367   0.3588   0.4819   0.8480
 34  -3.7457  -3.8415  57.4862   0.5487  -0.6375   0.5409   0.4520   0.9232
GUERILLA_Working1.BMP
  5  -1.3255  -6.7381  50.2256   0.9315  -0.3055   0.1972   0.4949   0.8004
  6  -2.3577  -5.5848  52.8918   0.9233  -0.1367   0.3588   0.4819   0.8480
  6  -2.4629  -6.2388  52.9155   0.5501  -0.7810   0.2955   0.4741   0.8425
GUERILLA_Working1.BMP
  3  -1.3920  -6.2421  39.6509   0.6685  -0.5352  -0.5163   0.4911   0.6321
  3  -1.0274  -5.5172  39.3715   0.6685  -0.5352  -0.5163   0.5042   0.6279
  5  -1.3255  -6.7381  50.2256   0.9315  -0.3055   0.1972   0.4949   0.8004
GUERILLA_Working1.BMP
  6  -3.4386  -0.2956  58.2253   0.6675  -0.3836   0.6381   0.1801   0.9847
 58  -1.8185   2.7870  58.6013   0.6556  -0.4211   0.6268   0.1642   0.9489
 34  -4.3435  -0.2956  59.1719   0.7737  -0.2734   0.5714   0.2040   0.9822
GUERILLA_Working1.BMP
 58  -1.8185   2.7870  58.6013  -0.1151   0.6372   0.7621   0.1642   0.9489
 34  -6.0292   4.2048  56.6370  -0.2527   0.7770   0.5766   0.2214   0.8963
 34  -4.3435  -0.2956  59.1719  -0.2420  -0.0265   0.9699   0.2040   0.9822
GUERILLA_Working1.BMP
 34  -7.3994  -0.2956  58.5026  -0.7083   0.0490   0.7042   0.2441   0.9770
 34  -4.3435  -0.2956  59.1719  -0.2420  -0.0265   0.9699   0.2040   0.9822
 34  -6.0292   4.2048  56.6370  -0.2527   0.7770   0.5766   0.2214   0.8963
GUERILLA_Working1.BMP
 34  -7.3994  -0.2956  58.5026  -0.7083   0.0490   0.7042   0.3751   0.9756
 34  -6.8551  -3.5789  56.8667  -0.6129  -0.6369   0.4676   0.3833   0.9082
 34  -4.3435  -0.2956  59.1719  -0.2420  -0.0265   0.9699   0.4382   0.9846
GUERILLA_Working1.BMP
 34  -3.7457  -3.8415  57.4862   0.5487  -0.6375   0.5409   0.4520   0.9232
 34  -4.3435  -0.2956  59.1719  -0.2420  -0.0265   0.9699   0.4382   0.9846
 34  -6.8551  -3.5789  56.8667  -0.6129  -0.6369   0.4676   0.3833   0.9082
GUERILLA_Working1.BMP
  5  -1.3255  -6.7381  50.2256  -0.1312  -0.9904   0.0427   0.4949   0.8004
  6  -2.4629  -6.2388  52.9155   0.5501  -0.7810   0.2955   0.4741   0.8425
  6  -6.3168  -5.5049  51.1976  -0.7091  -0.7039   0.0405   0.4080   0.8149
GUERILLA_Working1.BMP
  3  -1.0274  -5.5172  39.3715   0.6685  -0.5352  -0.5163   0.5042   0.6279
  3  -1.3920  -6.2421  39.6509   0.6685  -0.5352  -0.5163   0.4911   0.6321
  2  -3.2182  -5.0122  38.4562   0.2517  -0.4557  -0.8538   0.4542   0.6081
GUERILLA_Working1.BMP
  2  -3.2182  -5.0122  38.4562  -0.6280  -0.3006  -0.7178   0.4542   0.6081
  3  -1.3920  -6.2421  39.6509  -0.4121  -0.8886  -0.2015   0.4911   0.6321
  3  -5.7048  -3.6047  39.6613  -0.8625  -0.4083  -0.2990   0.4025   0.6431
GUERILLA_Working1.BMP
  3  -6.8038  -0.4544  40.9818  -0.8005   0.1687  -0.5751   0.3298   0.6444
  3  -5.7048  -3.6047  39.6613  -0.8625  -0.4083  -0.2990   0.4025   0.6431
  5  -7.6445  -0.3922  46.6980  -0.9938   0.0295  -0.1074   0.3282   0.7419
GUERILLA_Working1.BMP
  5  -7.6445  -0.3922  46.6980  -0.9938   0.0295  -0.1074   0.3282   0.7419
  3  -5.7048  -3.6047  39.6613  -0.8625  -0.4083  -0.2990   0.4025   0.6431
  6  -6.3168  -5.5049  51.1976  -0.7091  -0.7039   0.0405   0.4080   0.8149
GUERILLA_Working1.BMP
  3  -4.8638   3.2504  41.2621  -0.6830   0.6724  -0.2852   0.2234   0.6478
  5  -7.6445  -0.3922  46.6980  -0.9938   0.0295  -0.1074   0.3282   0.7419
  6  -6.7590   4.4996  51.3000  -0.7784   0.6217  -0.0870   0.2377   0.8115
GUERILLA_Working1.BMP
  3  -4.8638   3.2504  41.2621  -0.6830   0.6724  -0.2852   0.2234   0.6478
  3  -6.8038  -0.4544  40.9818  -0.8005   0.1687  -0.5751   0.3298   0.6444
  5  -7.6445  -0.3922  46.6980  -0.9938   0.0295  -0.1074   0.3282   0.7419
GUERILLA_Working1.BMP
  6  -6.3168  -5.5049  51.1976  -0.7091  -0.7039   0.0405   0.4080   0.8149
 54  -7.0402  -3.0730  55.7502  -0.6116  -0.6717   0.4180   0.3706   0.8854
 54  -7.0152  -3.0812  52.5957  -0.4720  -0.8350  -0.2829   0.3707   0.8355
GUERILLA_Working1.BMP
  6  -6.3168  -5.5049  51.1976  -0.7091  -0.7039   0.0405   0.4080   0.8149
 34  -6.8551  -3.5789  56.8667  -0.6129  -0.6369   0.4676   0.3833   0.9082
 54  -7.0402  -3.0730  55.7502  -0.6116  -0.6717   0.4180   0.3706   0.8854
GUERILLA_Working1.BMP
 54  -7.0402  -3.0730  55.7502  -0.6116  -0.6717   0.4180   0.3706   0.8854
 34  -6.8551  -3.5789  56.8667  -0.6129  -0.6369   0.4676   0.3833   0.9082
 54  -7.4514  -0.3741  57.4533  -0.9505  -0.1589   0.2670   0.3220   0.9119
GUERILLA_Working1.BMP
 34  -7.3994  -0.2956  58.5026  -0.7083   0.0490   0.7042   0.3230   0.9359
 54  -7.4514  -0.3741  57.4533  -0.9505  -0.1589   0.2670   0.3220   0.9119
 34  -6.8551  -3.5789  56.8667  -0.6129  -0.6369   0.4676   0.3833   0.9082
GUERILLA_Working1.BMP
 54  -7.4514  -0.3741  57.4533  -0.9505  -0.1589   0.2670   0.3220   0.9119
 34  -7.3994  -0.2956  58.5026  -0.7083   0.0490   0.7042   0.3230   0.9359
 34  -7.6151   3.4120  56.4038  -0.9802   0.1916   0.0507   0.2540   0.9003
GUERILLA_Working1.BMP
 34  -7.3994  -0.2956  58.5026  -0.7083   0.0490   0.7042   0.2441   0.9770
 34  -6.0292   4.2048  56.6370  -0.2527   0.7770   0.5766   0.2214   0.8963
 34  -7.6151   3.4120  56.4038  -0.9802   0.1916   0.0507   0.2540   0.9003
GUERILLA_Working1.BMP
  6  -6.7590   4.4996  51.3000  -0.7784   0.6217  -0.0870   0.2377   0.8115
 34  -7.6151   3.4120  56.4038  -0.9802   0.1916   0.0507   0.2540   0.9003
 34  -6.0292   4.2048  56.6370  -0.2527   0.7770   0.5766   0.2214   0.8963
GUERILLA_Working1.BMP
 54  -7.2286   3.1099  52.3466  -0.6537   0.7389  -0.1638   0.2722   0.8330
  6  -6.7590   4.4996  51.3000  -0.7784   0.6217  -0.0870   0.2377   0.8115
  6  -7.6809  -0.2397  50.8318  -0.8286  -0.1194  -0.5469   0.3258   0.8076
GUERILLA_Working1.BMP
  5  -7.6445  -0.3922  46.6980  -0.9938   0.0295  -0.1074   0.3282   0.7419
  6  -7.6809  -0.2397  50.8318  -0.8286  -0.1194  -0.5469   0.3258   0.8076
  6  -6.7590   4.4996  51.3000  -0.7784   0.6217  -0.0870   0.2377   0.8115
GUERILLA_Working1.BMP
  5  -7.6445  -0.3922  46.6980  -0.9938   0.0295  -0.1074   0.3282   0.7419
  6  -6.3168  -5.5049  51.1976  -0.7091  -0.7039   0.0405   0.4080   0.8149
  6  -7.6809  -0.2397  50.8318  -0.8286  -0.1194  -0.5469   0.3258   0.8076
GUERILLA_Working1.BMP
  6  -7.6809  -0.2397  50.8318  -0.8286  -0.1194  -0.5469   0.3258   0.8076
  6  -6.3168  -5.5049  51.1976  -0.7091  -0.7039   0.0405   0.4080   0.8149
 54  -7.0152  -3.0812  52.5957  -0.4720  -0.8350  -0.2829   0.3707   0.8355
GUERILLA_Working1.BMP
 75  -9.8764   2.7574   0.0288   0.0298  -0.0112  -0.9995   0.3354   0.5722
 75  -6.6972   2.9459   0.1214   0.0173   0.0064  -0.9998   0.3334   0.5238
 75 -10.6748   0.1148   0.0347   0.0098   0.0064  -0.9999   0.3753   0.5850
GUERILLA_Working1.BMP
 75  -6.6972   2.9459   0.1214   0.0173   0.0064  -0.9998   0.3334   0.5238
 75  -5.7933   0.5057   0.0673   0.0053   0.0176  -0.9998   0.3707   0.5108
 75 -10.6748   0.1148   0.0347   0.0098   0.0064  -0.9999   0.3753   0.5850
GUERILLA_Working1.BMP
 76 -10.1143  -8.0091   0.1032  -0.3935  -0.8921   0.2220   0.7033   0.3425
 76  -6.7828  -7.9732   0.1341   0.6194  -0.7762   0.1173   0.7497   0.3419
 76  -6.8825  -7.7304   2.2673   0.4607  -0.7223   0.5158   0.7439   0.3671
GUERILLA_Working1.BMP
 76  -9.5480  -7.7538   2.0896  -0.5618  -0.5396   0.6271   0.7104   0.3670
 76 -10.1143  -8.0091   0.1032  -0.3935  -0.8921   0.2220   0.7033   0.3425
 76  -6.8825  -7.7304   2.2673   0.4607  -0.7223   0.5158   0.7439   0.3671
GUERILLA_Working1.BMP
 75 -10.6748   0.1148   0.0347   0.0098   0.0064  -0.9999   0.3753   0.5850
 75  -5.7933   0.5057   0.0673   0.0053   0.0176  -0.9998   0.3707   0.5108
 75  -5.6619  -3.3554   0.0242   0.0033  -0.0073  -1.0000   0.4292   0.5098
GUERILLA_Working1.BMP
 75 -10.8185  -3.3965   0.0296  -0.0010  -0.0073  -1.0000   0.4285   0.5881
 75 -10.6748   0.1148   0.0347   0.0098   0.0064  -0.9999   0.3753   0.5850
 75  -5.6619  -3.3554   0.0242   0.0033  -0.0073  -1.0000   0.4292   0.5098
GUERILLA_Working1.BMP
 75  -5.6619  -3.3554   0.0242   0.9718  -0.1158   0.2054   0.7963   0.3821
 75  -5.7933   0.5057   0.0673   0.9890   0.0683   0.1310   0.8193   0.4134
 75  -6.7243  -4.2076   3.6325   0.6051  -0.3137   0.7317   0.7654   0.4106
GUERILLA_Working1.BMP
 75  -6.7243  -4.2076   3.6325   0.6051  -0.3137   0.7317   0.7654   0.4106
 75  -9.6169  -4.1945   3.3876  -0.6396  -0.2638   0.7220   0.6946   0.4116
 76  -8.0618  -6.3596   3.0536  -0.0560  -0.3669   0.9286   0.7265   0.3888
GUERILLA_Working1.BMP
 76  -9.5480  -7.7538   2.0896  -0.5618  -0.5396   0.6271   0.7104   0.3670
 76  -6.8825  -7.7304   2.2673   0.4607  -0.7223   0.5158   0.7439   0.3671
 76  -8.0618  -6.3596   3.0536  -0.0560  -0.3669   0.9286   0.7265   0.3888
GUERILLA_Working1.BMP
 75  -9.6169  -4.1945   3.3876  -0.6396  -0.2638   0.7220   0.6946   0.4116
 75 -10.6748   0.1148   0.0347  -0.9646   0.0808   0.2509   0.6429   0.4127
 75 -10.8185  -3.3965   0.0296  -0.9462  -0.0777   0.3142   0.6613   0.3843
GUERILLA_Working1.BMP
 76  -6.7828  -7.9732   0.1341   0.0095  -0.0261  -0.9996   0.5009   0.5248
 76 -10.1143  -8.0091   0.1032   0.0043  -0.0211  -0.9998   0.5006   0.5830
 75  -5.6619  -3.3554   0.0242   0.0033  -0.0073  -1.0000   0.4292   0.5098
GUERILLA_Working1.BMP
 75 -10.8185  -3.3965   0.0296  -0.0010  -0.0073  -1.0000   0.4285   0.5881
 75  -5.6619  -3.3554   0.0242   0.0033  -0.0073  -1.0000   0.4292   0.5098
 76 -10.1143  -8.0091   0.1032   0.0043  -0.0211  -0.9998   0.5006   0.5830
GUERILLA_Working1.BMP
 75  -9.6169  -4.1945   3.3876  -0.6396  -0.2638   0.7220   0.6946   0.4116
 76  -9.5480  -7.7538   2.0896  -0.5618  -0.5396   0.6271   0.7104   0.3670
 76  -8.0618  -6.3596   3.0536  -0.0560  -0.3669   0.9286   0.7265   0.3888
GUERILLA_Working1.BMP
 76  -6.7828  -7.9732   0.1341   0.6194  -0.7762   0.1173   0.7497   0.3419
 75  -5.6619  -3.3554   0.0242   0.9718  -0.1158   0.2054   0.7963   0.3821
 76  -6.8825  -7.7304   2.2673   0.4607  -0.7223   0.5158   0.7439   0.3671
GUERILLA_Working1.BMP
 75  -5.6619  -3.3554   0.0242   0.9718  -0.1158   0.2054   0.7963   0.3821
 75  -6.7243  -4.2076   3.6325   0.6051  -0.3137   0.7317   0.7654   0.4106
 76  -6.8825  -7.7304   2.2673   0.4607  -0.7223   0.5158   0.7439   0.3671
GUERILLA_Working1.BMP
 75  -6.7243  -4.2076   3.6325   0.6051  -0.3137   0.7317   0.7654   0.4106
 76  -8.0618  -6.3596   3.0536  -0.0560  -0.3669   0.9286   0.7265   0.3888
 76  -6.8825  -7.7304   2.2673   0.4607  -0.7223   0.5158   0.7439   0.3671
GUERILLA_Working1.BMP
 75  -6.7243  -4.2076   3.6325   0.6051  -0.3137   0.7317   0.7654   0.4106
 78  -8.1063  -1.9176   5.2011  -0.0824  -0.7342   0.6739   0.7284   0.4583
 75  -9.6169  -4.1945   3.3876  -0.6396  -0.2638   0.7220   0.6946   0.4116
GUERILLA_Working1.BMP
 75 -10.6748   0.1148   0.0347  -0.9646   0.0808   0.2509   0.6429   0.4127
 78  -9.6934   0.0842   4.7812  -0.9627  -0.0079   0.2706   0.6974   0.4629
 75  -9.8764   2.7574   0.0288  -0.6489   0.7143   0.2620   0.6301   0.4654
GUERILLA_Working1.BMP
 78  -7.8395   2.2913   4.7100   0.0108   0.9957   0.0923   0.6697   0.4842
 75  -9.8764   2.7574   0.0288  -0.6489   0.7143   0.2620   0.6301   0.4654
 78  -9.6934   0.0842   4.7812  -0.9627  -0.0079   0.2706   0.6974   0.4629
GUERILLA_Working1.BMP
 75  -9.8764   2.7574   0.0288  -0.6489   0.7143   0.2620   0.8391   0.4817
 78  -7.8395   2.2913   4.7100   0.0108   0.9957   0.0923   0.7957   0.4842
 75  -6.6972   2.9459   0.1214   0.6223   0.7617   0.1803   0.8327   0.4413
GUERILLA_Working1.BMP
 78  -7.8395   2.2913   4.7100   0.0108   0.9957   0.0923   0.7957   0.4842
 78  -5.9843   0.0986   4.7900   0.9854  -0.0507   0.1623   0.7643   0.4622
 75  -6.6972   2.9459   0.1214   0.6223   0.7617   0.1803   0.8327   0.4413
GUERILLA_Working1.BMP
 75  -6.6972   2.9459   0.1214   0.6223   0.7617   0.1803   0.8327   0.4413
 78  -5.9843   0.0986   4.7900   0.9854  -0.0507   0.1623   0.7643   0.4622
 75  -5.7933   0.5057   0.0673   0.9890   0.0683   0.1310   0.8193   0.4134
GUERILLA_Working1.BMP
 75  -9.6169  -4.1945   3.3876  -0.6396  -0.2638   0.7220   0.6946   0.4116
 75 -10.8185  -3.3965   0.0296  -0.9462  -0.0777   0.3142   0.6613   0.3843
 76  -9.5480  -7.7538   2.0896  -0.5618  -0.5396   0.6271   0.7104   0.3670
GUERILLA_Working1.BMP
 76 -10.1143  -8.0091   0.1032  -0.3935  -0.8921   0.2220   0.7033   0.3425
 76  -9.5480  -7.7538   2.0896  -0.5618  -0.5396   0.6271   0.7104   0.3670
 75 -10.8185  -3.3965   0.0296  -0.9462  -0.0777   0.3142   0.6613   0.3843
GUERILLA_Working1.BMP
 78  -8.1063  -1.9176   5.2011  -0.0824  -0.7342   0.6739   0.7284   0.4583
 78  -9.6934   0.0842   4.7812  -0.9627  -0.0079   0.2706   0.6974   0.4629
 75  -9.6169  -4.1945   3.3876  -0.6396  -0.2638   0.7220   0.6946   0.4116
GUERILLA_Working1.BMP
 75  -9.6169  -4.1945   3.3876  -0.6396  -0.2638   0.7220   0.6946   0.4116
 78  -9.6934   0.0842   4.7812  -0.9627  -0.0079   0.2706   0.6974   0.4629
 75 -10.6748   0.1148   0.0347  -0.9646   0.0808   0.2509   0.6429   0.4127
GUERILLA_Working1.BMP
 75  -6.7243  -4.2076   3.6325   0.6051  -0.3137   0.7317   0.7654   0.4106
 75  -5.7933   0.5057   0.0673   0.9890   0.0683   0.1310   0.8193   0.4134
 78  -5.9843   0.0986   4.7900   0.9854  -0.0507   0.1623   0.7643   0.4622
GUERILLA_Working1.BMP
 78  -8.1063  -1.9176   5.2011  -0.0824  -0.7342   0.6739   0.7284   0.4583
 75  -6.7243  -4.2076   3.6325   0.6051  -0.3137   0.7317   0.7654   0.4106
 78  -5.9843   0.0986   4.7900   0.9854  -0.0507   0.1623   0.7643   0.4622
GUERILLA_Working1.BMP
 80  -6.8579  -3.5376  18.8614  -0.5680  -0.8206  -0.0633   0.2311   0.1664
 74  -6.5457  -2.8088  14.7747   0.0237  -0.9952  -0.0947   0.2441   0.1041
 80  -4.9040  -3.5380  18.6573   0.4764  -0.8528  -0.2139   0.2615   0.1672
GUERILLA_Working1.BMP
 80  -4.9040  -3.5380  18.6573   0.4764  -0.8528  -0.2139   0.2615   0.1672
 80  -6.7292  -3.6019  21.7522  -0.3937  -0.9165  -0.0713   0.2272   0.2111
 80  -6.8579  -3.5376  18.8614  -0.5680  -0.8206  -0.0633   0.2311   0.1664
GUERILLA_Working1.BMP
 73  -5.5776   2.8904  22.1249  -0.0258   0.9976  -0.0650   0.1296   0.2208
 74  -5.8995   2.9420  18.7263   0.0581   0.9914   0.1177   0.1281   0.1678
 74  -9.1714  -0.0979  19.0014  -0.9934   0.0773   0.0845   0.1830   0.1692
GUERILLA_Working1.BMP
 73  -9.0649   0.0598  22.2635  -0.9931  -0.1138   0.0290   0.1828   0.2196
 73  -5.5776   2.8904  22.1249  -0.0258   0.9976  -0.0650   0.1296   0.2208
 74  -9.1714  -0.0979  19.0014  -0.9934   0.0773   0.0845   0.1830   0.1692
GUERILLA_Working1.BMP
 74  -9.1714  -0.0979  19.0014  -0.9934   0.0773   0.0845   0.1830   0.1692
 74  -5.8995   2.9420  18.7263   0.0581   0.9914   0.1177   0.1281   0.1678
 74 -10.1914   0.0760  15.9288  -0.9374  -0.2404   0.2520   0.1832   0.1199
GUERILLA_Working1.BMP
 74  -5.8995   2.9420  18.7263   0.0581   0.9914   0.1177   0.1281   0.1678
 74  -6.9941   4.5852  10.4467   0.0603   0.8984  -0.4350   0.1370   0.0391
 74 -11.0929   0.9304  10.8233  -0.9104   0.2837  -0.3011   0.1911   0.0351
GUERILLA_Working1.BMP
 74 -10.1914   0.0760  15.9288  -0.9374  -0.2404   0.2520   0.1832   0.1199
 74  -5.8995   2.9420  18.7263   0.0581   0.9914   0.1177   0.1281   0.1678
 74 -11.0929   0.9304  10.8233  -0.9104   0.2837  -0.3011   0.1911   0.0351
GUERILLA_Working1.BMP
 74 -10.1914   0.0760  15.9288  -0.9374  -0.2404   0.2520   0.1832   0.1199
 74 -11.0929   0.9304  10.8233  -0.9104   0.2837  -0.3011   0.1911   0.0351
 74  -7.3148  -3.2599  10.7293  -0.0292  -0.9549  -0.2953   0.2475   0.0394
GUERILLA_Working1.BMP
 74  -7.3148  -3.2599  10.7293  -0.0292  -0.9549  -0.2953   0.2475   0.0394
 74  -6.5457  -2.8088  14.7747   0.0237  -0.9952  -0.0947   0.2441   0.1041
 74 -10.1914   0.0760  15.9288  -0.9374  -0.2404   0.2520   0.1832   0.1199
GUERILLA_Working1.BMP
 74  -9.1714  -0.0979  19.0014  -0.9934   0.0773   0.0845   0.1830   0.1692
 74 -10.1914   0.0760  15.9288  -0.9374  -0.2404   0.2520   0.1832   0.1199
 74  -6.5457  -2.8088  14.7747   0.0237  -0.9952  -0.0947   0.2441   0.1041
GUERILLA_Working1.BMP
 74  -6.5457  -2.8088  14.7747   0.0237  -0.9952  -0.0947   0.2441   0.1041
 80  -6.8579  -3.5376  18.8614  -0.5680  -0.8206  -0.0633   0.2311   0.1664
 74  -9.1714  -0.0979  19.0014  -0.9934   0.0773   0.0845   0.1830   0.1692
GUERILLA_Working1.BMP
 73  -9.0649   0.0598  22.2635  -0.9931  -0.1138   0.0290   0.1828   0.2196
 74  -9.1714  -0.0979  19.0014  -0.9934   0.0773   0.0845   0.1830   0.1692
 80  -6.8579  -3.5376  18.8614  -0.5680  -0.8206  -0.0633   0.2311   0.1664
GUERILLA_Working1.BMP
 74  -3.0470   0.0755  18.5719   0.9631   0.1297  -0.2359   0.0839   0.1708
 73  -5.5776   2.8904  22.1249  -0.0258   0.9976  -0.0650   0.1296   0.2208
 73  -2.0957   0.0612  21.1999   0.9584  -0.0639  -0.2783   0.0742   0.2131
GUERILLA_Working1.BMP
 74  -5.8995   2.9420  18.7263   0.0581   0.9914   0.1177   0.1281   0.1678
 73  -5.5776   2.8904  22.1249  -0.0258   0.9976  -0.0650   0.1296   0.2208
 74  -3.0470   0.0755  18.5719   0.9631   0.1297  -0.2359   0.0839   0.1708
GUERILLA_Working1.BMP
 74  -3.2013   0.0760  15.2458   0.9746  -0.1949  -0.1101   0.0800   0.1193
 74  -5.8995   2.9420  18.7263   0.0581   0.9914   0.1177   0.1281   0.1678
 74  -3.0470   0.0755  18.5719   0.9631   0.1297  -0.2359   0.0839   0.1708
GUERILLA_Working1.BMP
 74  -4.3261   0.8245   9.8513   0.8557   0.2139  -0.4712   0.0820   0.0378
 74  -5.8995   2.9420  18.7263   0.0581   0.9914   0.1177   0.1281   0.1678
 74  -3.2013   0.0760  15.2458   0.9746  -0.1949  -0.1101   0.0800   0.1193
GUERILLA_Working1.BMP
 74  -4.3261   0.8245   9.8513   0.8557   0.2139  -0.4712   0.0820   0.0378
 74  -6.9941   4.5852  10.4467   0.0603   0.8984  -0.4350   0.1370   0.0391
 74  -5.8995   2.9420  18.7263   0.0581   0.9914   0.1177   0.1281   0.1678
GUERILLA_Working1.BMP
 74  -3.0470   0.0755  18.5719   0.9631   0.1297  -0.2359   0.3027   0.1696
 73  -2.0957   0.0612  21.1999   0.9584  -0.0639  -0.2783   0.3065   0.2112
 80  -4.9040  -3.5380  18.6573   0.4764  -0.8528  -0.2139   0.2615   0.1672
GUERILLA_Working1.BMP
 74  -6.5457  -2.8088  14.7747   0.0237  -0.9952  -0.0947   0.2441   0.1041
 74  -3.0470   0.0755  18.5719   0.9631   0.1297  -0.2359   0.3027   0.1696
 80  -4.9040  -3.5380  18.6573   0.4764  -0.8528  -0.2139   0.2615   0.1672
GUERILLA_Working1.BMP
 74  -3.2013   0.0760  15.2458   0.9746  -0.1949  -0.1101   0.3015   0.1173
 74  -3.0470   0.0755  18.5719   0.9631   0.1297  -0.2359   0.3027   0.1696
 74  -6.5457  -2.8088  14.7747   0.0237  -0.9952  -0.0947   0.2441   0.1041
GUERILLA_Working1.BMP
 74  -7.3148  -3.2599  10.7293  -0.0292  -0.9549  -0.2953   0.2475   0.0394
 74  -3.2013   0.0760  15.2458   0.9746  -0.1949  -0.1101   0.3015   0.1173
 74  -6.5457  -2.8088  14.7747   0.0237  -0.9952  -0.0947   0.2441   0.1041
GUERILLA_Working1.BMP
 74  -4.3261   0.8245   9.8513   0.8557   0.2139  -0.4712   0.2952   0.0392
 74  -3.2013   0.0760  15.2458   0.9746  -0.1949  -0.1101   0.3015   0.1173
 74  -7.3148  -3.2599  10.7293  -0.0292  -0.9549  -0.2953   0.2475   0.0394
GUERILLA_Working1.BMP
 73  -0.6880  -0.6055  27.5106   0.9188   0.2620  -0.2952   0.0645   0.3130
 73  -5.5776   2.8904  22.1249  -0.0258   0.9976  -0.0650   0.1296   0.2208
 73  -5.2296   4.0309  27.7710   0.0203   0.9847  -0.1730   0.1266   0.3091
GUERILLA_Working1.BMP
 73  -0.6880  -0.6055  27.5106   0.9188   0.2620  -0.2952   0.0645   0.3130
 73  -2.0957   0.0612  21.1999   0.9584  -0.0639  -0.2783   0.0742   0.2131
 73  -5.5776   2.8904  22.1249  -0.0258   0.9976  -0.0650   0.1296   0.2208
GUERILLA_Working1.BMP
  2   0.2691  -4.2078  33.4959  -0.0062  -0.9781  -0.2082   0.0092   0.3699
 73  -0.6880  -0.6055  27.5106   0.9188   0.2620  -0.2952   0.0645   0.3130
 60   0.0924   1.8337  31.5796   0.8520   0.4169  -0.3166   0.0644   0.3766
GUERILLA_Working1.BMP
 73  -2.5917  -5.1633  27.5838   0.5314  -0.8177  -0.2214   0.2860   0.2986
 73  -0.6880  -0.6055  27.5106   0.9188   0.2620  -0.2952   0.3154   0.3013
  2   0.2691  -4.2078  33.4959  -0.0062  -0.9781  -0.2082   0.3180   0.3935
GUERILLA_Working1.BMP
 73  -2.5917  -5.1633  27.5838   0.5314  -0.8177  -0.2214   0.2860   0.2986
  2   0.2691  -4.2078  33.4959  -0.0062  -0.9781  -0.2082   0.3180   0.3935
 60  -3.8907  -5.1054  36.8211  -0.3947  -0.9060   0.1527   0.2535   0.4451
GUERILLA_Working1.BMP
 73  -5.2296   4.0309  27.7710   0.0203   0.9847  -0.1730   0.1266   0.3091
 60  -4.7012   3.8088  31.7928  -0.4458   0.8803  -0.1622   0.1261   0.3721
 60   0.0924   1.8337  31.5796   0.8520   0.4169  -0.3166   0.0644   0.3766
GUERILLA_Working1.BMP
 73  -5.2296   4.0309  27.7710   0.0203   0.9847  -0.1730   0.1266   0.3091
 60   0.0924   1.8337  31.5796   0.8520   0.4169  -0.3166   0.0644   0.3766
 73  -0.6880  -0.6055  27.5106   0.9188   0.2620  -0.2952   0.0645   0.3130
GUERILLA_Working1.BMP
 73  -5.2296   4.0309  27.7710   0.0203   0.9847  -0.1730   0.1266   0.3091
 73  -8.5400  -0.7141  29.5609  -0.9420   0.3123   0.1227   0.1865   0.3217
 60  -4.7012   3.8088  31.7928  -0.4458   0.8803  -0.1622   0.1261   0.3721
GUERILLA_Working1.BMP
 73  -5.2296   4.0309  27.7710   0.0203   0.9847  -0.1730   0.1266   0.3091
 73  -5.5776   2.8904  22.1249  -0.0258   0.9976  -0.0650   0.1296   0.2208
 73  -8.5400  -0.7141  29.5609  -0.9420   0.3123   0.1227   0.1865   0.3217
GUERILLA_Working1.BMP
 73  -9.0649   0.0598  22.2635  -0.9931  -0.1138   0.0290   0.1828   0.2196
 73  -8.5400  -0.7141  29.5609  -0.9420   0.3123   0.1227   0.1865   0.3217
 73  -5.5776   2.8904  22.1249  -0.0258   0.9976  -0.0650   0.1296   0.2208
GUERILLA_Working1.BMP
 73  -6.2915  -5.1694  28.4210  -0.5808  -0.8140  -0.0036   0.2275   0.3040
 60  -6.8642  -0.3612  36.2751  -0.9843  -0.0120   0.1759   0.1918   0.4366
 73  -8.5400  -0.7141  29.5609  -0.9420   0.3123   0.1227   0.1865   0.3217
GUERILLA_Working1.BMP
 60  -6.8642  -0.3612  36.2751  -0.9843  -0.0120   0.1759   0.1918   0.4366
 60  -4.7012   3.8088  31.7928  -0.4458   0.8803  -0.1622   0.1261   0.3721
 73  -8.5400  -0.7141  29.5609  -0.9420   0.3123   0.1227   0.1865   0.3217
GUERILLA_Working1.BMP
 60  -6.8642  -0.3612  36.2751  -0.9843  -0.0120   0.1759   0.1918   0.4366
 73  -6.2915  -5.1694  28.4210  -0.5808  -0.8140  -0.0036   0.2275   0.3040
 60  -3.8907  -5.1054  36.8211  -0.3947  -0.9060   0.1527   0.2535   0.4451
GUERILLA_Working1.BMP
 73  -6.2915  -5.1694  28.4210  -0.5808  -0.8140  -0.0036   0.2275   0.3040
 73  -2.5917  -5.1633  27.5838   0.5314  -0.8177  -0.2214   0.2860   0.2986
 60  -3.8907  -5.1054  36.8211  -0.3947  -0.9060   0.1527   0.2535   0.4451
GUERILLA_Working1.BMP
 78  -9.6934   0.0842   4.7812  -0.9627  -0.0079   0.2706   0.6974   0.4629
 74  -9.7253   0.2641   9.3757  -0.9493   0.3142   0.0056   0.7044   0.5211
 78  -7.8395   2.2913   4.7100   0.0108   0.9957   0.0923   0.6697   0.4842
GUERILLA_Working1.BMP
 74  -9.7253   0.2641   9.3757  -0.9493   0.3142   0.0056   0.7044   0.5211
 74  -7.1725   2.7900   9.1167   0.0749   0.9895  -0.1233   0.6768   0.5225
 78  -7.8395   2.2913   4.7100   0.0108   0.9957   0.0923   0.6697   0.4842
GUERILLA_Working1.BMP
 74  -7.7420  -2.3432   9.4272  -0.0656  -0.9955  -0.0689   0.7328   0.5219
 74  -9.7253   0.2641   9.3757  -0.9493   0.3142   0.0056   0.7044   0.5211
 78  -9.6934   0.0842   4.7812  -0.9627  -0.0079   0.2706   0.6974   0.4629
GUERILLA_Working1.BMP
 78  -9.6934   0.0842   4.7812  -0.9627  -0.0079   0.2706   0.6974   0.4629
 78  -8.1063  -1.9176   5.2011  -0.0824  -0.7342   0.6739   0.7284   0.4583
 74  -7.7420  -2.3432   9.4272  -0.0656  -0.9955  -0.0689   0.7328   0.5219
GUERILLA_Working1.BMP
 78  -5.9843   0.0986   4.7900   0.9854  -0.0507   0.1623   0.7643   0.4622
 74  -7.7420  -2.3432   9.4272  -0.0656  -0.9955  -0.0689   0.7328   0.5219
 78  -8.1063  -1.9176   5.2011  -0.0824  -0.7342   0.6739   0.7284   0.4583
GUERILLA_Working1.BMP
 74  -5.4277   0.2640   8.8419   0.9605   0.2253  -0.1631   0.7611   0.5211
 74  -7.7420  -2.3432   9.4272  -0.0656  -0.9955  -0.0689   0.7328   0.5219
 78  -5.9843   0.0986   4.7900   0.9854  -0.0507   0.1623   0.7643   0.4622
GUERILLA_Working1.BMP
 78  -5.9843   0.0986   4.7900   0.9854  -0.0507   0.1623   0.7643   0.4622
 78  -7.8395   2.2913   4.7100   0.0108   0.9957   0.0923   0.7957   0.4842
 74  -5.4277   0.2640   8.8419   0.9605   0.2253  -0.1631   0.7611   0.5211
GUERILLA_Working1.BMP
 74  -5.4277   0.2640   8.8419   0.9605   0.2253  -0.1631   0.7611   0.5211
 78  -7.8395   2.2913   4.7100   0.0108   0.9957   0.0923   0.7957   0.4842
 74  -7.1725   2.7900   9.1167   0.0749   0.9895  -0.1233   0.7847   0.5217
GUERILLA_Working1.BMP
 74  -5.4277   0.2640   8.8419   0.6587  -0.3002  -0.6900   0.0821   0.0182
 74  -7.1725   2.7900   9.1167  -0.0191   0.5546  -0.8319   0.1373   0.0182
 74  -4.3261   0.8245   9.8513   0.8557   0.2139  -0.4712   0.0820   0.0378
GUERILLA_Working1.BMP
 74  -4.3261   0.8245   9.8513   0.8557   0.2139  -0.4712   0.0820   0.0378
 74  -7.1725   2.7900   9.1167  -0.0191   0.5546  -0.8319   0.1373   0.0182
 74  -6.9941   4.5852  10.4467   0.0603   0.8984  -0.4350   0.1370   0.0391
GUERILLA_Working1.BMP
 74  -4.3261   0.8245   9.8513   0.8557   0.2139  -0.4712   0.2952   0.0392
 74  -7.3148  -3.2599  10.7293  -0.0292  -0.9549  -0.2953   0.2475   0.0394
 74  -5.4277   0.2640   8.8419   0.6587  -0.3002  -0.6900   0.2956   0.0181
GUERILLA_Working1.BMP
 74  -5.4277   0.2640   8.8419   0.6587  -0.3002  -0.6900   0.2956   0.0181
 74  -7.3148  -3.2599  10.7293  -0.0292  -0.9549  -0.2953   0.2475   0.0394
 74  -7.7420  -2.3432   9.4272  -0.1765  -0.8312  -0.5273   0.2435   0.0182
GUERILLA_Working1.BMP
 74  -7.7420  -2.3432   9.4272  -0.1765  -0.8312  -0.5273   0.2435   0.0182
 74  -7.3148  -3.2599  10.7293  -0.0292  -0.9549  -0.2953   0.2475   0.0394
 74  -9.7253   0.2641   9.3757  -0.8088  -0.3043  -0.5033   0.1912   0.0180
GUERILLA_Working1.BMP
 74 -11.0929   0.9304  10.8233  -0.9104   0.2837  -0.3011   0.1911   0.0351
 74  -9.7253   0.2641   9.3757  -0.8088  -0.3043  -0.5033   0.1912   0.0180
 74  -7.3148  -3.2599  10.7293  -0.0292  -0.9549  -0.2953   0.2475   0.0394
GUERILLA_Working1.BMP
 74  -9.7253   0.2641   9.3757  -0.8088  -0.3043  -0.5033   0.1912   0.0180
 74 -11.0929   0.9304  10.8233  -0.9104   0.2837  -0.3011   0.1911   0.0351
 74  -7.1725   2.7900   9.1167  -0.0191   0.5546  -0.8319   0.1373   0.0182
GUERILLA_Working1.BMP
 74 -11.0929   0.9304  10.8233  -0.9104   0.2837  -0.3011   0.1911   0.0351
 74  -6.9941   4.5852  10.4467   0.0603   0.8984  -0.4350   0.1370   0.0391
 74  -7.1725   2.7900   9.1167  -0.0191   0.5546  -0.8319   0.1373   0.0182
GUERILLA_Working1.BMP
 73  -0.6880  -0.6055  27.5106   0.9188   0.2620  -0.2952   0.3154   0.3013
 73  -2.5917  -5.1633  27.5838   0.5314  -0.8177  -0.2214   0.2860   0.2986
 73  -2.0957   0.0612  21.1999   0.9584  -0.0639  -0.2783   0.3065   0.2112
GUERILLA_Working1.BMP
 73  -6.2915  -5.1694  28.4210  -0.5808  -0.8140  -0.0036   0.2275   0.3040
 73  -8.5400  -0.7141  29.5609  -0.9420   0.3123   0.1227   0.1865   0.3217
 73  -9.0649   0.0598  22.2635  -0.9931  -0.1138   0.0290   0.1828   0.2196
GUERILLA_Working1.BMP
 80  -4.9040  -3.5380  18.6573   0.4764  -0.8528  -0.2139   0.2615   0.1672
 80  -4.4595  -3.6003  21.3075   0.3443  -0.9115  -0.2251   0.2630   0.2089
 80  -6.7292  -3.6019  21.7522  -0.3937  -0.9165  -0.0713   0.2272   0.2111
GUERILLA_Working1.BMP
 73  -6.2915  -5.1694  28.4210  -0.5808  -0.8140  -0.0036   0.2275   0.3040
 80  -6.7292  -3.6019  21.7522  -0.3937  -0.9165  -0.0713   0.2272   0.2111
 80  -4.4595  -3.6003  21.3075   0.3443  -0.9115  -0.2251   0.2630   0.2089
GUERILLA_Working1.BMP
 73  -2.5917  -5.1633  27.5838   0.5314  -0.8177  -0.2214   0.2860   0.2986
 73  -6.2915  -5.1694  28.4210  -0.5808  -0.8140  -0.0036   0.2275   0.3040
 80  -4.4595  -3.6003  21.3075   0.3443  -0.9115  -0.2251   0.2630   0.2089
GUERILLA_Working1.BMP
 73  -2.5917  -5.1633  27.5838   0.5314  -0.8177  -0.2214   0.2860   0.2986
 80  -4.4595  -3.6003  21.3075   0.3443  -0.9115  -0.2251   0.2630   0.2089
 73  -2.0957   0.0612  21.1999   0.9584  -0.0639  -0.2783   0.3065   0.2112
GUERILLA_Working1.BMP
 73  -2.0957   0.0612  21.1999   0.9584  -0.0639  -0.2783   0.3065   0.2112
 80  -4.4595  -3.6003  21.3075   0.3443  -0.9115  -0.2251   0.2630   0.2089
 80  -4.9040  -3.5380  18.6573   0.4764  -0.8528  -0.2139   0.2615   0.1672
GUERILLA_Working1.BMP
 73  -9.0649   0.0598  22.2635  -0.9931  -0.1138   0.0290   0.1828   0.2196
 80  -6.7292  -3.6019  21.7522  -0.3937  -0.9165  -0.0713   0.2272   0.2111
 73  -6.2915  -5.1694  28.4210  -0.5808  -0.8140  -0.0036   0.2275   0.3040
GUERILLA_Working1.BMP
 80  -6.8579  -3.5376  18.8614  -0.5680  -0.8206  -0.0633   0.2311   0.1664
 80  -6.7292  -3.6019  21.7522  -0.3937  -0.9165  -0.0713   0.2272   0.2111
 73  -9.0649   0.0598  22.2635  -0.9931  -0.1138   0.0290   0.1828   0.2196
GUERILLA_Working1.BMP
 35 -17.9942  -0.5768  56.7269  -0.0582   0.1433   0.9880   0.7939   0.2003
 35 -17.6456  -2.9698  55.5224  -0.0425  -0.8976   0.4389   0.7566   0.1333
 35 -13.8927  -3.2955  55.6943  -0.0721  -0.6779   0.7316   0.8526   0.1530
GUERILLA_Working1.BMP
 35 -15.4306  -0.2327  56.8528  -0.0400   0.2625   0.9641   0.8364   0.1940
 35 -17.9942  -0.5768  56.7269  -0.0582   0.1433   0.9880   0.7939   0.2003
 35 -13.8927  -3.2955  55.6943  -0.0721  -0.6779   0.7316   0.8526   0.1530
GUERILLA_Working1.BMP
 35 -13.8927  -3.2955  55.6943  -0.0721  -0.6779   0.7316   0.8526   0.1530
 35 -17.6456  -2.9698  55.5224  -0.0425  -0.8976   0.4389   0.7566   0.1333
 35 -13.9555  -3.4750  53.4361  -0.0787  -0.8933  -0.4426   0.8512   0.0703
GUERILLA_Working1.BMP
 35 -17.6456  -2.9698  55.5224  -0.0425  -0.8976   0.4389   0.7566   0.1333
 35 -17.6646  -3.0014  53.9209  -0.0502  -0.8609  -0.5064   0.7742   0.0896
 35 -13.9555  -3.4750  53.4361  -0.0787  -0.8933  -0.4426   0.8512   0.0703
GUERILLA_Working1.BMP
 35 -13.9555  -3.4750  53.4361  -0.0787  -0.8933  -0.4426   0.8512   0.0703
 52 -11.2603  -3.5173  55.7872   0.0097  -0.8383   0.5452   0.9049   0.1492
 35 -13.8927  -3.2955  55.6943  -0.0721  -0.6779   0.7316   0.8526   0.1530
GUERILLA_Working1.BMP
 52 -10.0862  -3.2188  53.0395  -0.0808  -0.8190  -0.5681   0.9260   0.0718
 35 -13.9555  -3.4750  53.4361  -0.0787  -0.8933  -0.4426   0.8512   0.0703
 52 -10.6277   1.0157  51.3783  -0.1684   0.0970  -0.9809   0.9151   0.0103
GUERILLA_Working1.BMP
 35 -15.4269   1.9293  55.1841  -0.1402   0.8933   0.4271   0.8267   0.2431
 35 -17.9942  -0.5768  56.7269  -0.0582   0.1433   0.9880   0.7939   0.2003
 35 -15.4306  -0.2327  56.8528  -0.0400   0.2625   0.9641   0.8364   0.1940
GUERILLA_Working1.BMP
 35 -17.9942  -0.5768  56.7269  -0.0582   0.1433   0.9880   0.7939   0.2003
 35 -15.4269   1.9293  55.1841  -0.1402   0.8933   0.4271   0.8267   0.2431
 35 -17.4455   1.5001  54.8126  -0.1152   0.9306   0.3475   0.7772   0.2460
GUERILLA_Working1.BMP
 52 -14.7273  -0.3175  51.9050  -0.2033   0.1144  -0.9724   0.8471   0.0362
 35 -13.9555  -3.4750  53.4361  -0.0787  -0.8933  -0.4426   0.8512   0.0703
 35 -17.6646  -3.0014  53.9209  -0.0502  -0.8609  -0.5064   0.7742   0.0896
GUERILLA_Working1.BMP
 35 -17.6646  -3.0014  53.9209  -0.0502  -0.8609  -0.5064   0.7742   0.0896
 35 -17.9187  -0.5610  52.6671  -0.1189   0.1534  -0.9810   0.7938   0.0487
 52 -14.7273  -0.3175  51.9050  -0.2033   0.1144  -0.9724   0.8471   0.0362
GUERILLA_Working1.BMP
 35 -17.4233   1.6107  53.8812  -0.1985   0.8205  -0.5361   0.7766   0.2741
 35 -17.4455   1.5001  54.8126  -0.1152   0.9306   0.3475   0.7772   0.2460
 35 -15.4785   1.8919  53.3016  -0.1987   0.9053  -0.3754   0.8246   0.2815
GUERILLA_Working1.BMP
 35 -15.4785   1.8919  53.3016  -0.1987   0.9053  -0.3754   0.8246   0.2815
 35 -17.4455   1.5001  54.8126  -0.1152   0.9306   0.3475   0.7772   0.2460
 35 -15.4269   1.9293  55.1841  -0.1402   0.8933   0.4271   0.8267   0.2431
GUERILLA_Working1.BMP
 52 -13.0308   2.2676  53.3128  -0.1541   0.9387  -0.3084   0.8659   0.2821
 54  -7.2286   3.1099  52.3466  -0.6537   0.7389  -0.1638   0.9747   0.2987
 52 -10.6277   1.0157  51.3783  -0.1684   0.0970  -0.9809   0.9117   0.3277
GUERILLA_Working1.BMP
 54  -7.4514  -0.3741  57.4533  -0.9505  -0.1589   0.2670   0.9703   0.1852
 56  -7.7102   2.2810  55.6809  -0.4155   0.6946   0.5873   0.9705   0.2388
 56  -8.1528  -0.7924  57.2507  -0.1963  -0.0320   0.9800   0.9583   0.1801
GUERILLA_Working1.BMP
 56  -8.4234  -3.5069  55.3682   0.0186  -0.8879   0.4597   0.9436   0.1261
 54  -7.0402  -3.0730  55.7502  -0.6116  -0.6717   0.4180   0.9772   0.1299
 56  -8.1528  -0.7924  57.2507  -0.1963  -0.0320   0.9800   0.9583   0.1801
GUERILLA_Working1.BMP
 54  -7.4514  -0.3741  57.4533  -0.9505  -0.1589   0.2670   0.9703   0.1852
 56  -8.1528  -0.7924  57.2507  -0.1963  -0.0320   0.9800   0.9583   0.1801
 54  -7.0402  -3.0730  55.7502  -0.6116  -0.6717   0.4180   0.9772   0.1299
GUERILLA_Working1.BMP
 52  -9.8755  -0.2040  56.9815  -0.0236  -0.0397   0.9989   0.9405   0.1827
 56  -8.7648   2.2530  55.3691  -0.0868   0.7975   0.5971   0.9575   0.2440
 52 -12.6842  -0.2643  57.0122  -0.0464   0.1445   0.9884   0.8825   0.1946
GUERILLA_Working1.BMP
 35 -17.9187  -0.5610  52.6671  -0.1189   0.1534  -0.9810   0.7881   0.3243
 35 -17.4233   1.6107  53.8812  -0.1985   0.8205  -0.5361   0.7766   0.2741
 52 -14.7273  -0.3175  51.9050  -0.2033   0.1144  -0.9724   0.8409   0.3339
GUERILLA_Working1.BMP
 52 -14.7273  -0.3175  51.9050  -0.2033   0.1144  -0.9724   0.8409   0.3339
 35 -17.4233   1.6107  53.8812  -0.1985   0.8205  -0.5361   0.7766   0.2741
 35 -15.4785   1.8919  53.3016  -0.1987   0.9053  -0.3754   0.8246   0.2815
GUERILLA_Working1.BMP
 35 -17.6456  -2.9698  55.5224  -0.0425  -0.8976   0.4389   0.7566   0.1333
 36 -20.0222  -3.2273  55.4011   0.0683  -0.8447   0.5309   0.7105   0.1330
 35 -17.6646  -3.0014  53.9209  -0.0502  -0.8609  -0.5064   0.7742   0.0896
GUERILLA_Working1.BMP
 36 -20.0222  -3.2273  55.4011   0.0683  -0.8447   0.5309   0.7105   0.1330
 36 -20.0588  -3.2589  54.0555   0.0579  -0.7934  -0.6059   0.7193   0.1028
 35 -17.6646  -3.0014  53.9209  -0.0502  -0.8609  -0.5064   0.7742   0.0896
GUERILLA_Working1.BMP
 35 -17.9942  -0.5768  56.7269  -0.0582   0.1433   0.9880   0.7939   0.2003
 36 -20.0222  -3.2273  55.4011   0.0683  -0.8447   0.5309   0.7105   0.1330
 35 -17.6456  -2.9698  55.5224  -0.0425  -0.8976   0.4389   0.7566   0.1333
GUERILLA_Working1.BMP
 36 -20.0222  -3.2273  55.4011   0.0683  -0.8447   0.5309   0.7105   0.1330
 35 -17.9942  -0.5768  56.7269  -0.0582   0.1433   0.9880   0.7939   0.2003
 50 -19.4712  -0.5847  56.8744   0.0066   0.3005   0.9538   0.7596   0.2011
GUERILLA_Working1.BMP
 35 -17.9942  -0.5768  56.7269  -0.0582   0.1433   0.9880   0.7939   0.2003
 35 -17.4455   1.5001  54.8126  -0.1152   0.9306   0.3475   0.7772   0.2460
 50 -18.8895   1.7137  54.4727  -0.0709   0.9869   0.1453   0.7535   0.2589
GUERILLA_Working1.BMP
 50 -18.8895   1.7137  54.4727  -0.0709   0.9869   0.1453   0.7535   0.2589
 50 -19.4712  -0.5847  56.8744   0.0066   0.3005   0.9538   0.7596   0.2011
 35 -17.9942  -0.5768  56.7269  -0.0582   0.1433   0.9880   0.7939   0.2003
GUERILLA_Working1.BMP
 50 -20.4449   1.5633  54.4839  -0.0456   0.9772  -0.2074   0.7287   0.2588
 50 -19.4712  -0.5847  56.8744   0.0066   0.3005   0.9538   0.7596   0.2011
 50 -18.8895   1.7137  54.4727  -0.0709   0.9869   0.1453   0.7535   0.2589
GUERILLA_Working1.BMP
 35 -17.4233   1.6107  53.8812  -0.1985   0.8205  -0.5361   0.7766   0.2741
 50 -18.8895   1.7137  54.4727  -0.0709   0.9869   0.1453   0.7535   0.2589
 35 -17.4455   1.5001  54.8126  -0.1152   0.9306   0.3475   0.7772   0.2460
GUERILLA_Working1.BMP
 50 -18.8895   1.7137  54.4727  -0.0709   0.9869   0.1453   0.7535   0.2589
 35 -17.4233   1.6107  53.8812  -0.1985   0.8205  -0.5361   0.7766   0.2741
 35 -17.9187  -0.5610  52.6671  -0.1189   0.1534  -0.9810   0.7881   0.3243
GUERILLA_Working1.BMP
 50 -20.4449   1.5633  54.4839  -0.0456   0.9772  -0.2074   0.7287   0.2588
 35 -17.9187  -0.5610  52.6671  -0.1189   0.1534  -0.9810   0.7881   0.3243
 50 -19.4629  -0.5532  52.6123   0.0203  -0.0102  -0.9997   0.7624   0.3204
GUERILLA_Working1.BMP
 35 -17.9187  -0.5610  52.6671  -0.1189   0.1534  -0.9810   0.7881   0.3243
 50 -20.4449   1.5633  54.4839  -0.0456   0.9772  -0.2074   0.7287   0.2588
 50 -18.8895   1.7137  54.4727  -0.0709   0.9869   0.1453   0.7535   0.2589
GUERILLA_Working1.BMP
 35 -17.6646  -3.0014  53.9209  -0.0502  -0.8609  -0.5064   0.7742   0.0896
 36 -20.0588  -3.2589  54.0555   0.0579  -0.7934  -0.6059   0.7193   0.1028
 35 -17.9187  -0.5610  52.6671  -0.1189   0.1534  -0.9810   0.7938   0.0487
GUERILLA_Working1.BMP
 35 -17.9187  -0.5610  52.6671  -0.1189   0.1534  -0.9810   0.7938   0.0487
 36 -20.0588  -3.2589  54.0555   0.0579  -0.7934  -0.6059   0.7193   0.1028
 50 -19.4629  -0.5532  52.6123   0.0203  -0.0102  -0.9997   0.7679   0.0490
GUERILLA_Working1.BMP
 48 -23.3273  -0.6514  56.7293  -0.0180   0.1984   0.9799   0.6498   0.1974
 50 -20.4449   1.5633  54.4839  -0.0456   0.9772  -0.2074   0.7287   0.2588
 36 -23.7211   1.4761  54.5490  -0.1056   0.9878   0.1143   0.6651   0.2588
GUERILLA_Working1.BMP
 50 -20.4449   1.5633  54.4839  -0.0456   0.9772  -0.2074   0.7287   0.2588
 48 -23.3273  -0.6514  56.7293  -0.0180   0.1984   0.9799   0.6498   0.1974
 50 -19.4712  -0.5847  56.8744   0.0066   0.3005   0.9538   0.7596   0.2011
GUERILLA_Working1.BMP
 50 -19.4712  -0.5847  56.8744   0.0066   0.3005   0.9538   0.7596   0.2011
 48 -23.3273  -0.6514  56.7293  -0.0180   0.1984   0.9799   0.6498   0.1974
 36 -20.0222  -3.2273  55.4011   0.0683  -0.8447   0.5309   0.7105   0.1330
GUERILLA_Working1.BMP
 48 -23.3273  -0.6514  56.7293  -0.0180   0.1984   0.9799   0.6498   0.1974
 48 -24.1007  -3.4277  55.7037  -0.0447  -0.7817   0.6221   0.6629   0.1400
 36 -20.0222  -3.2273  55.4011   0.0683  -0.8447   0.5309   0.7105   0.1330
GUERILLA_Working1.BMP
 48 -23.3273  -0.6514  56.7293  -0.0180   0.1984   0.9799   0.6498   0.1974
 36 -23.7211   1.4761  54.5490  -0.1056   0.9878   0.1143   0.6651   0.2588
 46 -29.6061  -0.8046  56.3550   0.0585   0.2740   0.9600   0.5981   0.1972
GUERILLA_Working1.BMP
 46 -29.2145   0.4269  54.5861  -0.0200   0.8771  -0.4799   0.6054   0.2548
 46 -29.6061  -0.8046  56.3550   0.0585   0.2740   0.9600   0.5981   0.1972
 36 -23.7211   1.4761  54.5490  -0.1056   0.9878   0.1143   0.6651   0.2588
GUERILLA_Working1.BMP
 46 -29.6061  -0.8046  56.3550   0.0585   0.2740   0.9600   0.5981   0.1972
 48 -24.1007  -3.4277  55.7037  -0.0447  -0.7817   0.6221   0.6629   0.1400
 48 -23.3273  -0.6514  56.7293  -0.0180   0.1984   0.9799   0.6498   0.1974
GUERILLA_Working1.BMP
 48 -24.1007  -3.4277  55.7037  -0.0447  -0.7817   0.6221   0.6629   0.1400
 46 -29.6061  -0.8046  56.3550   0.0585   0.2740   0.9600   0.5981   0.1972
 46 -29.6054  -2.2900  56.0580   0.1493  -0.8385   0.5241   0.5985   0.1528
GUERILLA_Working1.BMP
 36 -20.0588  -3.2589  54.0555   0.0579  -0.7934  -0.6059   0.7193   0.1028
 36 -20.0222  -3.2273  55.4011   0.0683  -0.8447   0.5309   0.7105   0.1330
 48 -24.1241  -3.4593  53.8669  -0.0506  -0.7645  -0.6427   0.6671   0.1074
GUERILLA_Working1.BMP
 48 -24.1007  -3.4277  55.7037  -0.0447  -0.7817   0.6221   0.6629   0.1400
 48 -24.1241  -3.4593  53.8669  -0.0506  -0.7645  -0.6427   0.6671   0.1074
 36 -20.0222  -3.2273  55.4011   0.0683  -0.8447   0.5309   0.7105   0.1330
GUERILLA_Working1.BMP
 48 -24.1241  -3.4593  53.8669  -0.0506  -0.7645  -0.6427   0.6671   0.1074
 48 -24.1007  -3.4277  55.7037  -0.0447  -0.7817   0.6221   0.6629   0.1400
 46 -29.0889  -2.7295  54.2441   0.1268  -0.8450  -0.5195   0.6072   0.1068
GUERILLA_Working1.BMP
 46 -29.6054  -2.2900  56.0580   0.1493  -0.8385   0.5241   0.5985   0.1528
 46 -29.0889  -2.7295  54.2441   0.1268  -0.8450  -0.5195   0.6072   0.1068
 48 -24.1007  -3.4277  55.7037  -0.0447  -0.7817   0.6221   0.6629   0.1400
GUERILLA_Working1.BMP
 46 -29.0889  -2.7295  54.2441   0.1268  -0.8450  -0.5195   0.6072   0.1068
 46 -29.1174  -0.7414  54.0469  -0.0452   0.1181  -0.9920   0.6062   0.0708
 48 -24.1241  -3.4593  53.8669  -0.0506  -0.7645  -0.6427   0.6671   0.1074
GUERILLA_Working1.BMP
 48 -23.4527  -0.7620  52.6728  -0.1197   0.2948  -0.9480   0.7010   0.0548
 48 -24.1241  -3.4593  53.8669  -0.0506  -0.7645  -0.6427   0.6671   0.1074
 46 -29.1174  -0.7414  54.0469  -0.0452   0.1181  -0.9920   0.6062   0.0708
GUERILLA_Working1.BMP
 48 -24.1241  -3.4593  53.8669  -0.0506  -0.7645  -0.6427   0.6671   0.1074
 48 -23.4527  -0.7620  52.6728  -0.1197   0.2948  -0.9480   0.7010   0.0548
 50 -19.4629  -0.5532  52.6123   0.0203  -0.0102  -0.9997   0.7679   0.0490
GUERILLA_Working1.BMP
 50 -19.4629  -0.5532  52.6123   0.0203  -0.0102  -0.9997   0.7679   0.0490
 36 -20.0588  -3.2589  54.0555   0.0579  -0.7934  -0.6059   0.7193   0.1028
 48 -24.1241  -3.4593  53.8669  -0.0506  -0.7645  -0.6427   0.6671   0.1074
GUERILLA_Working1.BMP
 50 -19.4629  -0.5532  52.6123   0.0203  -0.0102  -0.9997   0.7624   0.3204
 48 -23.4527  -0.7620  52.6728  -0.1197   0.2948  -0.9480   0.6958   0.3128
 50 -20.4449   1.5633  54.4839  -0.0456   0.9772  -0.2074   0.7287   0.2588
GUERILLA_Working1.BMP
 36 -23.7211   1.4761  54.5490  -0.1056   0.9878   0.1143   0.6651   0.2588
 50 -20.4449   1.5633  54.4839  -0.0456   0.9772  -0.2074   0.7287   0.2588
 48 -23.4527  -0.7620  52.6728  -0.1197   0.2948  -0.9480   0.6958   0.3128
GUERILLA_Working1.BMP
 48 -23.4527  -0.7620  52.6728  -0.1197   0.2948  -0.9480   0.6958   0.3128
 46 -29.1174  -0.7414  54.0469  -0.0452   0.1181  -0.9920   0.6031   0.2886
 46 -29.2145   0.4269  54.5861  -0.0200   0.8771  -0.4799   0.6054   0.2548
GUERILLA_Working1.BMP
 46 -29.2145   0.4269  54.5861  -0.0200   0.8771  -0.4799   0.6054   0.2548
 36 -23.7211   1.4761  54.5490  -0.1056   0.9878   0.1143   0.6651   0.2588
 48 -23.4527  -0.7620  52.6728  -0.1197   0.2948  -0.9480   0.6958   0.3128
GUERILLA_Working1.BMP
 35 -13.8927  -3.2955  55.6943  -0.0721  -0.6779   0.7316   0.8526   0.1530
 52 -12.6842  -0.2643  57.0122  -0.0464   0.1445   0.9884   0.8825   0.1946
 35 -15.4306  -0.2327  56.8528  -0.0400   0.2625   0.9641   0.8364   0.1940
GUERILLA_Working1.BMP
 52 -11.2603  -3.5173  55.7872   0.0097  -0.8383   0.5452   0.9049   0.1492
 52 -12.6842  -0.2643  57.0122  -0.0464   0.1445   0.9884   0.8825   0.1946
 35 -13.8927  -3.2955  55.6943  -0.0721  -0.6779   0.7316   0.8526   0.1530
GUERILLA_Working1.BMP
 52  -9.8755  -0.2040  56.9815  -0.0236  -0.0397   0.9989   0.9405   0.1827
 52 -12.6842  -0.2643  57.0122  -0.0464   0.1445   0.9884   0.8825   0.1946
 52 -11.2603  -3.5173  55.7872   0.0097  -0.8383   0.5452   0.9049   0.1492
GUERILLA_Working1.BMP
 35 -15.4269   1.9293  55.1841  -0.1402   0.8933   0.4271   0.8267   0.2431
 52 -13.0308   2.2676  53.3128  -0.1541   0.9387  -0.3084   0.8659   0.2821
 35 -15.4785   1.8919  53.3016  -0.1987   0.9053  -0.3754   0.8246   0.2815
GUERILLA_Working1.BMP
 52 -13.1226   2.0839  54.9513  -0.0430   0.8391   0.5424   0.8655   0.2466
 52 -13.0308   2.2676  53.3128  -0.1541   0.9387  -0.3084   0.8659   0.2821
 35 -15.4269   1.9293  55.1841  -0.1402   0.8933   0.4271   0.8267   0.2431
GUERILLA_Working1.BMP
 56  -8.7648   2.2530  55.3691  -0.0868   0.7975   0.5971   0.9575   0.2440
 52 -13.1226   2.0839  54.9513  -0.0430   0.8391   0.5424   0.8655   0.2466
 52 -12.6842  -0.2643  57.0122  -0.0464   0.1445   0.9884   0.8825   0.1946
GUERILLA_Working1.BMP
 52 -12.6842  -0.2643  57.0122  -0.0464   0.1445   0.9884   0.8825   0.1946
 52 -13.1226   2.0839  54.9513  -0.0430   0.8391   0.5424   0.8655   0.2466
 35 -15.4306  -0.2327  56.8528  -0.0400   0.2625   0.9641   0.8364   0.1940
GUERILLA_Working1.BMP
 35 -15.4306  -0.2327  56.8528  -0.0400   0.2625   0.9641   0.8364   0.1940
 52 -13.1226   2.0839  54.9513  -0.0430   0.8391   0.5424   0.8655   0.2466
 35 -15.4269   1.9293  55.1841  -0.1402   0.8933   0.4271   0.8267   0.2431
GUERILLA_Working1.BMP
 56  -8.7648   2.2530  55.3691  -0.0868   0.7975   0.5971   0.9575   0.2440
 54  -7.2286   3.1099  52.3466  -0.6537   0.7389  -0.1638   0.9747   0.2987
 52 -13.0308   2.2676  53.3128  -0.1541   0.9387  -0.3084   0.8659   0.2821
GUERILLA_Working1.BMP
 56  -8.7648   2.2530  55.3691  -0.0868   0.7975   0.5971   0.9575   0.2440
 52 -13.0308   2.2676  53.3128  -0.1541   0.9387  -0.3084   0.8659   0.2821
 52 -13.1226   2.0839  54.9513  -0.0430   0.8391   0.5424   0.8655   0.2466
GUERILLA_Working1.BMP
 52 -10.6277   1.0157  51.3783  -0.1684   0.0970  -0.9809   0.9117   0.3277
 52 -14.7273  -0.3175  51.9050  -0.2033   0.1144  -0.9724   0.8409   0.3339
 52 -13.0308   2.2676  53.3128  -0.1541   0.9387  -0.3084   0.8659   0.2821
GUERILLA_Working1.BMP
 35 -15.4785   1.8919  53.3016  -0.1987   0.9053  -0.3754   0.8246   0.2815
 52 -13.0308   2.2676  53.3128  -0.1541   0.9387  -0.3084   0.8659   0.2821
 52 -14.7273  -0.3175  51.9050  -0.2033   0.1144  -0.9724   0.8409   0.3339
GUERILLA_Working1.BMP
 44 -34.6842  -2.8680  55.8577  -0.4423  -0.5863   0.6787   0.8782   0.4353
 44 -34.2888  -2.8657  55.0587   0.1892  -0.7167  -0.6712   0.8802   0.4165
 37 -32.3963  -3.2090  54.8782  -0.5328  -0.7127  -0.4562   0.9123   0.4014
GUERILLA_Working1.BMP
 37 -32.3535  -3.1404  56.5128   0.0287  -0.5400   0.8412   0.9234   0.4327
 44 -34.6842  -2.8680  55.8577  -0.4423  -0.5863   0.6787   0.8782   0.4353
 37 -32.3963  -3.2090  54.8782  -0.5328  -0.7127  -0.4562   0.9123   0.4014
GUERILLA_Working1.BMP
 44 -34.6530   0.5930  55.8577  -0.3702   0.7241   0.5819   0.8790   0.4956
 37 -32.1217   0.8149  56.1081  -0.0096   0.7761   0.6305   0.9230   0.4932
 44 -34.2576   0.5953  55.0587   0.0120   0.7794  -0.6264   0.8784   0.5126
GUERILLA_Working1.BMP
 44 -34.2576   0.5953  55.0587   0.0120   0.7794  -0.6264   0.8784   0.5126
 37 -32.1217   0.8149  56.1081  -0.0096   0.7761   0.6305   0.9230   0.4932
 37 -32.2196   0.6089  54.8675  -0.2998   0.6977  -0.6507   0.9213   0.5147
GUERILLA_Working1.BMP
 37 -32.1217   0.8149  56.1081  -0.0096   0.7761   0.6305   0.9230   0.4932
 44 -34.6530   0.5930  55.8577  -0.3702   0.7241   0.5819   0.8790   0.4956
 44 -34.6842  -2.8680  55.8577  -0.4423  -0.5863   0.6787   0.8782   0.4353
GUERILLA_Working1.BMP
 44 -34.6842  -2.8680  55.8577  -0.4423  -0.5863   0.6787   0.8782   0.4353
 37 -32.3535  -3.1404  56.5128   0.0287  -0.5400   0.8412   0.9234   0.4327
 37 -32.1217   0.8149  56.1081  -0.0096   0.7761   0.6305   0.9230   0.4932
GUERILLA_Working1.BMP
 37 -32.2196   0.6089  54.8675  -0.2998   0.6977  -0.6507   0.9213   0.5147
 37 -32.1242  -0.4660  54.1863  -0.5761   0.3123  -0.7554   0.9317   0.5368
 37 -32.3963  -3.2090  54.8782  -0.5328  -0.7127  -0.4562   0.9145   0.5842
GUERILLA_Working1.BMP
 44 -34.2576   0.5953  55.0587   0.0120   0.7794  -0.6264   0.8784   0.5126
 37 -32.2196   0.6089  54.8675  -0.2998   0.6977  -0.6507   0.9213   0.5147
 37 -32.3963  -3.2090  54.8782  -0.5328  -0.7127  -0.4562   0.9145   0.5842
GUERILLA_Working1.BMP
 44 -34.2888  -2.8657  55.0587   0.1892  -0.7167  -0.6712   0.8785   0.5777
 44 -34.2576   0.5953  55.0587   0.0120   0.7794  -0.6264   0.8784   0.5126
 37 -32.3963  -3.2090  54.8782  -0.5328  -0.7127  -0.4562   0.9145   0.5842
GUERILLA_Working1.BMP
 39 -34.0107  -2.5869  52.6169  -0.4813   0.4352  -0.7609   0.8619   0.3684
 39 -34.1453  -3.3978  52.9624  -0.7677  -0.5882   0.2543   0.8712   0.3786
 39 -34.1705  -2.6390  53.0204  -0.6546   0.7097   0.2605   0.8623   0.3777
GUERILLA_Working1.BMP
 39 -33.9855  -3.3457  52.5588  -0.3900  -0.4875  -0.7812   0.8717   0.3680
 39 -34.1453  -3.3978  52.9624  -0.7677  -0.5882   0.2543   0.8712   0.3786
 39 -34.0107  -2.5869  52.6169  -0.4813   0.4352  -0.7609   0.8619   0.3684
GUERILLA_Working1.BMP
 39 -33.9855  -3.3457  52.5588  -0.3900  -0.4875  -0.7812   0.8717   0.3680
 39 -34.0107  -2.5869  52.6169  -0.4813   0.4352  -0.7609   0.8709   0.3561
 38 -31.7685  -3.3128  52.9305   0.2778  -0.5838  -0.7629   0.9146   0.3632
GUERILLA_Working1.BMP
 38 -31.6813  -2.2519  53.4280  -0.0472   0.6059  -0.7941   0.9143   0.3459
 38 -31.7685  -3.3128  52.9305   0.2778  -0.5838  -0.7629   0.9146   0.3632
 39 -34.0107  -2.5869  52.6169  -0.4813   0.4352  -0.7609   0.8709   0.3561
GUERILLA_Working1.BMP
 39 -34.0107  -2.5869  52.6169  -0.4813   0.4352  -0.7609   0.8619   0.3684
 39 -34.1705  -2.6390  53.0204  -0.6546   0.7097   0.2605   0.8623   0.3777
 38 -31.6813  -2.2519  53.4280  -0.0472   0.6059  -0.7941   0.8311   0.3645
GUERILLA_Working1.BMP
 39 -34.1705  -2.6390  53.0204  -0.6546   0.7097   0.2605   0.8623   0.3777
 38 -32.2215  -2.4228  54.0771  -0.9546   0.2258   0.1945   0.8305   0.3824
 38 -31.6813  -2.2519  53.4280  -0.0472   0.6059  -0.7941   0.8311   0.3645
GUERILLA_Working1.BMP
 39 -34.1705  -2.6390  53.0204  -0.6546   0.7097   0.2605   0.8703   0.3898
 39 -34.1453  -3.3978  52.9624  -0.7677  -0.5882   0.2543   0.8712   0.3786
 38 -32.2215  -2.4228  54.0771  -0.9546   0.2258   0.1945   0.9123   0.4014
GUERILLA_Working1.BMP
 39 -34.1453  -3.3978  52.9624  -0.7677  -0.5882   0.2543   0.8712   0.3786
 38 -32.1408  -3.3128  54.0965  -0.1949  -0.9444   0.2648   0.9141   0.3854
 38 -32.2215  -2.4228  54.0771  -0.9546   0.2258   0.1945   0.9123   0.4014
GUERILLA_Working1.BMP
 39 -34.1453  -3.3978  52.9624  -0.7677  -0.5882   0.2543   0.8712   0.3786
 39 -33.9855  -3.3457  52.5588  -0.3900  -0.4875  -0.7812   0.8717   0.3680
 38 -31.7685  -3.3128  52.9305   0.2778  -0.5838  -0.7629   0.9146   0.3632
GUERILLA_Working1.BMP
 38 -32.1408  -3.3128  54.0965  -0.1949  -0.9444   0.2648   0.9141   0.3854
 39 -34.1453  -3.3978  52.9624  -0.7677  -0.5882   0.2543   0.8712   0.3786
 38 -31.7685  -3.3128  52.9305   0.2778  -0.5838  -0.7629   0.9146   0.3632
GUERILLA_Working1.BMP
 37 -32.3535  -3.1404  56.5128   0.0287  -0.5400   0.8412   0.9234   0.4327
 37 -32.3963  -3.2090  54.8782  -0.5328  -0.7127  -0.4562   0.9123   0.4014
 46 -29.6054  -2.2900  56.0580   0.1493  -0.8385   0.5241   0.9733   0.4307
GUERILLA_Working1.BMP
 38 -31.6813  -2.2519  53.4280  -0.0472   0.6059  -0.7941   0.9389   0.5656
 46 -29.0889  -2.7295  54.2441   0.1268  -0.8450  -0.5195   0.9774   0.5748
 38 -31.7685  -3.3128  52.9305   0.2778  -0.5838  -0.7629   0.9416   0.5856
GUERILLA_Working1.BMP
 44 -34.6530   0.5930  55.8577  -0.3702   0.7241   0.5819   0.8790   0.4956
 42 -36.3073   0.2787  54.1964  -0.7467   0.6466   0.1560   0.8481   0.4962
 44 -34.6842  -2.8680  55.8577  -0.4423  -0.5863   0.6787   0.8782   0.4353
GUERILLA_Working1.BMP
 42 -36.3397  -2.7283  54.1964  -0.7017  -0.6510  -0.2894   0.8444   0.4367
 44 -34.6842  -2.8680  55.8577  -0.4423  -0.5863   0.6787   0.8782   0.4353
 42 -36.3073   0.2787  54.1964  -0.7467   0.6466   0.1560   0.8481   0.4962
GUERILLA_Working1.BMP
 44 -34.2888  -2.8657  55.0587   0.1892  -0.7167  -0.6712   0.8802   0.4165
 44 -34.6842  -2.8680  55.8577  -0.4423  -0.5863   0.6787   0.8782   0.4353
 42 -36.3397  -2.7283  54.1964  -0.7017  -0.6510  -0.2894   0.8444   0.4367
GUERILLA_Working1.BMP
 42 -35.9559  -2.7283  53.8592  -0.0639  -0.5243  -0.8492   0.8445   0.4224
 44 -34.2888  -2.8657  55.0587   0.1892  -0.7167  -0.6712   0.8802   0.4165
 42 -36.3397  -2.7283  54.1964  -0.7017  -0.6510  -0.2894   0.8444   0.4367
GUERILLA_Working1.BMP
 44 -34.2576   0.5953  55.0587   0.0120   0.7794  -0.6264   0.8784   0.5126
 42 -36.3073   0.2787  54.1964  -0.7467   0.6466   0.1560   0.8481   0.4962
 44 -34.6530   0.5930  55.8577  -0.3702   0.7241   0.5819   0.8790   0.4956
GUERILLA_Working1.BMP
 42 -35.9235   0.2787  53.8592  -0.0749   0.2913  -0.9537   0.8480   0.5109
 42 -36.3073   0.2787  54.1964  -0.7467   0.6466   0.1560   0.8481   0.4962
 44 -34.2576   0.5953  55.0587   0.0120   0.7794  -0.6264   0.8784   0.5126
GUERILLA_Working1.BMP
 44 -34.2576   0.5953  55.0587   0.0120   0.7794  -0.6264   0.8784   0.5126
 44 -34.2888  -2.8657  55.0587   0.1892  -0.7167  -0.6712   0.8785   0.5777
 42 -35.9235   0.2787  53.8592  -0.0749   0.2913  -0.9537   0.8480   0.5109
GUERILLA_Working1.BMP
 42 -35.9559  -2.7283  53.8592  -0.0639  -0.5243  -0.8492   0.8476   0.5710
 42 -35.9235   0.2787  53.8592  -0.0749   0.2913  -0.9537   0.8480   0.5109
 44 -34.2888  -2.8657  55.0587   0.1892  -0.7167  -0.6712   0.8785   0.5777
GUERILLA_Working1.BMP
 42 -36.3397  -2.7283  54.1964  -0.7017  -0.6510  -0.2894   0.8368   0.5693
 42 -35.9235   0.2787  53.8592  -0.0749   0.2913  -0.9537   0.8480   0.5109
 42 -35.9559  -2.7283  53.8592  -0.0639  -0.5243  -0.8492   0.8476   0.5710
GUERILLA_Working1.BMP
 42 -35.9235   0.2787  53.8592  -0.0749   0.2913  -0.9537   0.8480   0.5109
 42 -36.3397  -2.7283  54.1964  -0.7017  -0.6510  -0.2894   0.8368   0.5693
 42 -36.3073   0.2787  54.1964  -0.7467   0.6466   0.1560   0.8391   0.5132
GUERILLA_Working1.BMP
 38 -31.6813  -2.2519  53.4280  -0.0472   0.6059  -0.7941   0.9389   0.5656
 38 -32.2215  -2.4228  54.0771  -0.9546   0.2258   0.1945   0.9286   0.5690
 37 -32.1242  -0.4660  54.1863  -0.5761   0.3123  -0.7554   0.9317   0.5368
GUERILLA_Working1.BMP
 37 -32.1242  -0.4660  54.1863  -0.5761   0.3123  -0.7554   0.9317   0.5368
 38 -32.2215  -2.4228  54.0771  -0.9546   0.2258   0.1945   0.9286   0.5690
 37 -32.3963  -3.2090  54.8782  -0.5328  -0.7127  -0.4562   0.9145   0.5842
GUERILLA_Working1.BMP
 38 -32.1408  -3.3128  54.0965  -0.1949  -0.9444   0.2648   0.9257   0.5856
 37 -32.3963  -3.2090  54.8782  -0.5328  -0.7127  -0.4562   0.9145   0.5842
 38 -32.2215  -2.4228  54.0771  -0.9546   0.2258   0.1945   0.9286   0.5690
GUERILLA_Working1.BMP
 38 -32.1408  -3.3128  54.0965  -0.1949  -0.9444   0.2648   0.9141   0.3854
 38 -31.7685  -3.3128  52.9305   0.2778  -0.5838  -0.7629   0.9146   0.3632
 46 -29.0889  -2.7295  54.2441   0.1268  -0.8450  -0.5195   0.9713   0.3731
GUERILLA_Working1.BMP
 38 -32.1408  -3.3128  54.0965  -0.1949  -0.9444   0.2648   0.9141   0.3854
 46 -29.6054  -2.2900  56.0580   0.1493  -0.8385   0.5241   0.9733   0.4307
 37 -32.3963  -3.2090  54.8782  -0.5328  -0.7127  -0.4562   0.9123   0.4014
GUERILLA_Working1.BMP
 46 -29.6054  -2.2900  56.0580   0.1493  -0.8385   0.5241   0.9733   0.4307
 38 -32.1408  -3.3128  54.0965  -0.1949  -0.9444   0.2648   0.9141   0.3854
 46 -29.0889  -2.7295  54.2441   0.1268  -0.8450  -0.5195   0.9713   0.3731
GUERILLA_Working1.BMP
 46 -29.6054  -2.2900  56.0580   0.1493  -0.8385   0.5241   0.9733   0.4307
 46 -29.6061  -0.8046  56.3550   0.0585   0.2740   0.9600   0.9740   0.4828
 37 -32.3535  -3.1404  56.5128   0.0287  -0.5400   0.8412   0.9234   0.4327
GUERILLA_Working1.BMP
 37 -32.3535  -3.1404  56.5128   0.0287  -0.5400   0.8412   0.9234   0.4327
 46 -29.6061  -0.8046  56.3550   0.0585   0.2740   0.9600   0.9740   0.4828
 37 -32.1217   0.8149  56.1081  -0.0096   0.7761   0.6305   0.9230   0.4932
GUERILLA_Working1.BMP
 46 -29.6061  -0.8046  56.3550   0.0585   0.2740   0.9600   0.9740   0.4828
 46 -29.2145   0.4269  54.5861  -0.0200   0.8771  -0.4799   0.9785   0.5263
 37 -32.1217   0.8149  56.1081  -0.0096   0.7761   0.6305   0.9230   0.4932
GUERILLA_Working1.BMP
 37 -32.1217   0.8149  56.1081  -0.0096   0.7761   0.6305   0.9230   0.4932
 46 -29.2145   0.4269  54.5861  -0.0200   0.8771  -0.4799   0.9785   0.5263
 37 -32.2196   0.6089  54.8675  -0.2998   0.6977  -0.6507   0.9213   0.5147
GUERILLA_Working1.BMP
 37 -32.2196   0.6089  54.8675  -0.2998   0.6977  -0.6507   0.9213   0.5147
 46 -29.2145   0.4269  54.5861  -0.0200   0.8771  -0.4799   0.9785   0.5263
 37 -32.1242  -0.4660  54.1863  -0.5761   0.3123  -0.7554   0.9317   0.5368
GUERILLA_Working1.BMP
 46 -29.1174  -0.7414  54.0469  -0.0452   0.1181  -0.9920   0.9780   0.5419
 37 -32.1242  -0.4660  54.1863  -0.5761   0.3123  -0.7554   0.9317   0.5368
 46 -29.2145   0.4269  54.5861  -0.0200   0.8771  -0.4799   0.9785   0.5263
GUERILLA_Working1.BMP
 37 -32.1242  -0.4660  54.1863  -0.5761   0.3123  -0.7554   0.9317   0.5368
 46 -29.1174  -0.7414  54.0469  -0.0452   0.1181  -0.9920   0.9780   0.5419
 38 -31.6813  -2.2519  53.4280  -0.0472   0.6059  -0.7941   0.9389   0.5656
GUERILLA_Working1.BMP
 38 -31.6813  -2.2519  53.4280  -0.0472   0.6059  -0.7941   0.9389   0.5656
 46 -29.1174  -0.7414  54.0469  -0.0452   0.1181  -0.9920   0.9780   0.5419
 46 -29.0889  -2.7295  54.2441   0.1268  -0.8450  -0.5195   0.9774   0.5748
GUERILLA_Working1.BMP
 56  -7.7102   2.2810  55.6809  -0.4155   0.6946   0.5873   0.9705   0.2388
 54  -7.4514  -0.3741  57.4533  -0.9505  -0.1589   0.2670   0.9703   0.1852
 54  -7.0952   2.6084  55.9487  -0.9615   0.2723   0.0361   0.9782   0.2379
GUERILLA_Working1.BMP
 34  -7.6151   3.4120  56.4038  -0.9802   0.1916   0.0507   0.2540   0.9003
 54  -7.0952   2.6084  55.9487  -0.9615   0.2723   0.0361   0.2727   0.8885
 54  -7.4514  -0.3741  57.4533  -0.9505  -0.1589   0.2670   0.3220   0.9119
GUERILLA_Working1.BMP
 52 -10.6277   1.0157  51.3783  -0.1684   0.0970  -0.9809   0.9117   0.3277
 54  -7.2286   3.1099  52.3466  -0.6537   0.7389  -0.1638   0.9747   0.2987
  6  -7.6809  -0.2397  50.8318  -0.8286  -0.1194  -0.5469   0.9570   0.3583
GUERILLA_Working1.BMP
 54  -7.0402  -3.0730  55.7502  -0.6116  -0.6717   0.4180   0.9772   0.1299
 56  -8.4234  -3.5069  55.3682   0.0186  -0.8879   0.4597   0.9436   0.1261
 54  -7.0152  -3.0812  52.5957  -0.4720  -0.8350  -0.2829   0.9666   0.0764
GUERILLA_Working1.BMP
  6  -7.6809  -0.2397  50.8318  -0.8286  -0.1194  -0.5469   0.9604   0.0217
 54  -7.0152  -3.0812  52.5957  -0.4720  -0.8350  -0.2829   0.9666   0.0764
 52 -10.0862  -3.2188  53.0395  -0.0808  -0.8190  -0.5681   0.9260   0.0718
GUERILLA_Working1.BMP
 52 -11.2603  -3.5173  55.7872   0.0097  -0.8383   0.5452   0.9049   0.1492
 35 -13.9555  -3.4750  53.4361  -0.0787  -0.8933  -0.4426   0.8512   0.0703
 52 -10.0862  -3.2188  53.0395  -0.0808  -0.8190  -0.5681   0.9260   0.0718
GUERILLA_Working1.BMP
 52 -10.6277   1.0157  51.3783  -0.1684   0.0970  -0.9809   0.9151   0.0103
 35 -13.9555  -3.4750  53.4361  -0.0787  -0.8933  -0.4426   0.8512   0.0703
 52 -14.7273  -0.3175  51.9050  -0.2033   0.1144  -0.9724   0.8471   0.0362
GUERILLA_Working1.BMP
 52 -10.0862  -3.2188  53.0395  -0.0808  -0.8190  -0.5681   0.9260   0.0718
 52 -10.6277   1.0157  51.3783  -0.1684   0.0970  -0.9809   0.9151   0.0103
  6  -7.6809  -0.2397  50.8318  -0.8286  -0.1194  -0.5469   0.9604   0.0217
GUERILLA_Working1.BMP
 56  -8.4234  -3.5069  55.3682   0.0186  -0.8879   0.4597   0.9436   0.1261
 52 -10.0862  -3.2188  53.0395  -0.0808  -0.8190  -0.5681   0.9260   0.0718
 54  -7.0152  -3.0812  52.5957  -0.4720  -0.8350  -0.2829   0.9666   0.0764
GUERILLA_Working1.BMP
 52 -10.0862  -3.2188  53.0395  -0.0808  -0.8190  -0.5681   0.9260   0.0718
 56  -8.4234  -3.5069  55.3682   0.0186  -0.8879   0.4597   0.9436   0.1261
 52 -11.2603  -3.5173  55.7872   0.0097  -0.8383   0.5452   0.9049   0.1492
GUERILLA_Working1.BMP
 52 -11.2603  -3.5173  55.7872   0.0097  -0.8383   0.5452   0.9049   0.1492
 56  -8.4234  -3.5069  55.3682   0.0186  -0.8879   0.4597   0.9436   0.1261
 52  -9.8755  -0.2040  56.9815  -0.0236  -0.0397   0.9989   0.9405   0.1827
GUERILLA_Working1.BMP
 56  -8.4234  -3.5069  55.3682   0.0186  -0.8879   0.4597   0.9436   0.1261
 56  -8.1528  -0.7924  57.2507  -0.1963  -0.0320   0.9800   0.9583   0.1801
 52  -9.8755  -0.2040  56.9815  -0.0236  -0.0397   0.9989   0.9405   0.1827
GUERILLA_Working1.BMP
 56  -8.1528  -0.7924  57.2507  -0.1963  -0.0320   0.9800   0.9583   0.1801
 56  -8.7648   2.2530  55.3691  -0.0868   0.7975   0.5971   0.9575   0.2440
 52  -9.8755  -0.2040  56.9815  -0.0236  -0.0397   0.9989   0.9405   0.1827
GUERILLA_Working1.BMP
 34  -7.6151   3.4120  56.4038  -0.9802   0.1916   0.0507   0.2540   0.9003
  6  -6.7590   4.4996  51.3000  -0.7784   0.6217  -0.0870   0.2377   0.8115
 54  -7.0952   2.6084  55.9487  -0.9615   0.2723   0.0361   0.2727   0.8885
GUERILLA_Working1.BMP
 54  -7.2286   3.1099  52.3466  -0.6537   0.7389  -0.1638   0.2722   0.8330
 54  -7.0952   2.6084  55.9487  -0.9615   0.2723   0.0361   0.2727   0.8885
  6  -6.7590   4.4996  51.3000  -0.7784   0.6217  -0.0870   0.2377   0.8115
GUERILLA_Working1.BMP
 56  -7.7102   2.2810  55.6809  -0.4155   0.6946   0.5873   0.9705   0.2388
 56  -8.7648   2.2530  55.3691  -0.0868   0.7975   0.5971   0.9575   0.2440
 56  -8.1528  -0.7924  57.2507  -0.1963  -0.0320   0.9800   0.9583   0.1801
GUERILLA_Working1.BMP
 56  -7.7102   2.2810  55.6809  -0.4155   0.6946   0.5873   0.9705   0.2388
 54  -7.2286   3.1099  52.3466  -0.6537   0.7389  -0.1638   0.9747   0.2987
 56  -8.7648   2.2530  55.3691  -0.0868   0.7975   0.5971   0.9575   0.2440
GUERILLA_Working1.BMP
 56  -7.7102   2.2810  55.6809  -0.4155   0.6946   0.5873   0.9705   0.2388
 54  -7.0952   2.6084  55.9487  -0.9615   0.2723   0.0361   0.9782   0.2379
 54  -7.2286   3.1099  52.3466  -0.6537   0.7389  -0.1638   0.9747   0.2987
GUERILLA_Working1.BMP
  2   0.1885   5.1667  36.1474   0.0005   0.9998   0.0213   0.0673   0.4478
 60   0.0924   1.8337  31.5796   0.8520   0.4169  -0.3166   0.0092   0.3699
 60   0.1629   4.5253  33.2365   0.3259   0.8482  -0.4175   0.0622   0.4029
GUERILLA_Working1.BMP
  2   0.1885   5.1667  36.1474   0.0005   0.9998   0.0213   0.0622   0.4029
  2   0.2691  -4.2078  33.4959  -0.0062  -0.9781  -0.2082   0.0092   0.3699
 60   0.0924   1.8337  31.5796   0.8520   0.4169  -0.3166   0.0644   0.3766
GUERILLA_Working1.BMP
 10   6.4775   4.2048  56.5574   0.2683   0.7735   0.5742   0.0321   0.8954
  6   0.2647   5.6525  51.5022   0.0063   0.9991   0.0429   0.1292   0.8112
  6   0.2621   4.7820  56.5153   0.0022   0.8730   0.4878   0.1303   0.8909
GUERILLA_Working1.BMP
  6   7.1227   4.4008  51.2205   0.7580   0.6456  -0.0930   0.0209   0.8067
  6   0.2647   5.6525  51.5022   0.0063   0.9991   0.0429   0.1292   0.8112
 10   6.4775   4.2048  56.5574   0.2683   0.7735   0.5742   0.0321   0.8954
GUERILLA_Working1.BMP
  3   5.3879   3.2504  41.2621   0.6825   0.6780  -0.2729   0.0411   0.6503
  3   3.6144   4.0751  39.6064   0.3659   0.9026  -0.2267   0.0500   0.6115
  3   0.2601   4.4787  41.1802   0.0022   0.9987  -0.0505   0.1293   0.6481
GUERILLA_Working1.BMP
  3   3.6144   4.0751  39.6064   0.3659   0.9026  -0.2267   0.2247   0.6084
  3   5.3879   3.2504  41.2621   0.6825   0.6780  -0.2729   0.2234   0.6478
  3   6.6322  -0.3293  40.2792   0.7241   0.2236  -0.6524   0.3307   0.6062
GUERILLA_Working1.BMP
  3   7.3279  -0.4544  40.9818   0.8080   0.1560  -0.5682   0.3298   0.6444
  3   6.6322  -0.3293  40.2792   0.7241   0.2236  -0.6524   0.3307   0.6062
  3   5.3879   3.2504  41.2621   0.6825   0.6780  -0.2729   0.2234   0.6478
GUERILLA_Working1.BMP
  2   3.6249  -5.0122  38.4562   0.6268  -0.3323  -0.7048   0.4542   0.6081
  3   6.6322  -0.3293  40.2792   0.7241   0.2236  -0.6524   0.3307   0.6062
  3   7.3279  -0.4544  40.9818   0.8080   0.1560  -0.5682   0.3298   0.6444
GUERILLA_Working1.BMP
  3   7.3279  -0.4544  40.9818   0.8080   0.1560  -0.5682   0.3298   0.6444
  3   6.5268  -3.6047  39.9961   0.7952  -0.5216  -0.3092   0.4025   0.6431
  2   3.6249  -5.0122  38.4562   0.6268  -0.3323  -0.7048   0.4542   0.6081
GUERILLA_Working1.BMP
  3   6.6322  -0.3293  40.2792   0.9694  -0.0353   0.2431   0.4328   0.4962
 62   4.9868   4.3766  35.6751   0.5634   0.8257   0.0277   0.4931   0.4350
  3   3.6144   4.0751  39.6064   0.3378   0.9019   0.2693   0.5046   0.4958
GUERILLA_Working1.BMP
  2   0.1885   5.1667  36.1474   0.0005   0.9998   0.0213   0.5704   0.4495
  3   3.6144   4.0751  39.6064   0.3378   0.9019   0.2693   0.5046   0.4958
 62   4.9868   4.3766  35.6751   0.5634   0.8257   0.0277   0.4931   0.4350
GUERILLA_Working1.BMP
 62   4.1096  -5.1054  36.6614   0.3852  -0.9130   0.1342   0.3776   0.4426
 64   7.2318  -0.3612  36.4079   0.9847  -0.0135   0.1737   0.4356   0.4381
  3   6.6322  -0.3293  40.2792   0.9694  -0.0353   0.2431   0.4328   0.4962
GUERILLA_Working1.BMP
 62   4.9868   4.3766  35.6751   0.5634   0.8257   0.0277   0.4931   0.4350
  3   6.6322  -0.3293  40.2792   0.9694  -0.0353   0.2431   0.4328   0.4962
 64   7.2318  -0.3612  36.4079   0.9847  -0.0135   0.1737   0.4356   0.4381
GUERILLA_Working1.BMP
 62   4.9174   3.8027  31.7145   0.4285   0.8899  -0.1562   0.4974   0.3737
 62   4.9868   4.3766  35.6751   0.5634   0.8257   0.0277   0.4931   0.4350
 64   7.2318  -0.3612  36.4079   0.9847  -0.0135   0.1737   0.4356   0.4381
GUERILLA_Working1.BMP
 62   4.9868   4.3766  35.6751   0.5634   0.8257   0.0277   0.4931   0.4350
 62   0.2118   4.5253  33.2365  -0.3301   0.8473  -0.4161   0.5647   0.4044
  2   0.1885   5.1667  36.1474   0.0005   0.9998   0.0213   0.5704   0.4495
GUERILLA_Working1.BMP
 62   4.9868   4.3766  35.6751   0.5634   0.8257   0.0277   0.4931   0.4350
 62   4.9174   3.8027  31.7145   0.4285   0.8899  -0.1562   0.4974   0.3737
 62   0.2118   4.5253  33.2365  -0.3301   0.8473  -0.4161   0.5647   0.4044
GUERILLA_Working1.BMP
 62   0.2118   4.5253  33.2365  -0.3301   0.8473  -0.4161   0.5647   0.4044
 62   4.9174   3.8027  31.7145   0.4285   0.8899  -0.1562   0.4974   0.3737
 62   0.2827   1.8337  31.5796  -0.8560   0.4069  -0.3188   0.5762   0.3751
GUERILLA_Working1.BMP
  6   0.2647   5.6525  51.5022   0.0063   0.9991   0.0429   0.1292   0.8112
  6   7.1227   4.4008  51.2205   0.7580   0.6456  -0.0930   0.0209   0.8067
  3   0.2601   4.4787  41.1802   0.0022   0.9987  -0.0505   0.1293   0.6481
GUERILLA_Working1.BMP
  3   0.2601   4.4787  41.1802   0.0022   0.9987  -0.0505   0.1293   0.6481
  6   7.1227   4.4008  51.2205   0.7580   0.6456  -0.0930   0.0209   0.8067
  3   5.3879   3.2504  41.2621   0.6825   0.6780  -0.2729   0.0411   0.6503
GUERILLA_Working1.BMP
 10   6.4775   4.2048  56.5574   0.2683   0.7735   0.5742   0.0321   0.8954
  6   0.2621   4.7820  56.5153   0.0022   0.8730   0.4878   0.1303   0.8909
 58   2.4074   2.7790  58.6247   0.1300   0.6352   0.7613   0.0974   0.9492
GUERILLA_Working1.BMP
  3   6.6322  -0.3293  40.2792   0.9694  -0.0353   0.2431   0.4328   0.4962
  2   3.6249  -5.0122  38.4562   0.2112  -0.9771   0.0269   0.3717   0.4928
 62   4.1096  -5.1054  36.6614   0.3852  -0.9130   0.1342   0.3776   0.4426
GUERILLA_Working1.BMP
 58   2.4074   2.7790  58.6247   0.6093   0.4968   0.6180   0.9834   0.7504
 58   2.8226  -0.8915  58.4274   0.7767  -0.2535   0.5766   0.9250   0.7430
 58   3.9284  -0.2644  58.0768   0.4010  -0.2085   0.8920   0.9389   0.7149
GUERILLA_Working1.BMP
 58   1.3472  -3.3699  57.1457   0.3293  -0.8356   0.4397   0.8274   0.6654
  6  -2.3577  -5.5848  52.8918  -0.0356  -0.8948   0.4451   0.7433   0.5881
  6   3.0246  -5.5848  52.9514   0.0401  -0.8887   0.4567   0.8616   0.5866
GUERILLA_Working1.BMP
 10   3.8694  -3.3037  56.6088   0.2748  -0.6197   0.7351   0.8910   0.6788
 58   1.3472  -3.3699  57.1457   0.3293  -0.8356   0.4397   0.8274   0.6654
  6   3.0246  -5.5848  52.9514   0.0401  -0.8887   0.4567   0.8616   0.5866
GUERILLA_Working1.BMP
 58   2.8226  -0.8915  58.4274   0.7767  -0.2535   0.5766   0.9250   0.7430
 58   1.3472  -3.3699  57.1457   0.3293  -0.8356   0.4397   0.8274   0.6654
 10   3.8694  -3.3037  56.6088   0.2748  -0.6197   0.7351   0.8910   0.6788
GUERILLA_Working1.BMP
 58   3.9284  -0.2644  58.0768   0.4010  -0.2085   0.8920   0.9389   0.7149
 58   2.8226  -0.8915  58.4274   0.7767  -0.2535   0.5766   0.9250   0.7430
 10   3.8694  -3.3037  56.6088   0.2748  -0.6197   0.7351   0.8910   0.6788
GUERILLA_Working1.BMP
  6   3.0246  -5.5848  52.9514   0.0401  -0.8887   0.4567   0.2814   0.5009
  6  -2.3577  -5.5848  52.8918  -0.0356  -0.8948   0.4451   0.2788   0.5940
  5   2.0681  -6.7381  50.2759  -0.0030  -0.9722   0.2340   0.2349   0.5166
GUERILLA_Working1.BMP
 10   3.8694  -3.3037  56.6088  -0.8549  -0.1844   0.4850   0.4684   0.9188
 10   4.8714  -0.2956  59.0327  -0.7634  -0.2695   0.5870   0.4382   0.9846
 58   3.9284  -0.2644  58.0768  -0.6667  -0.3725   0.6456   0.4582   0.9784
GUERILLA_Working1.BMP
 10   4.2356  -3.8415  57.3232  -0.9280  -0.1118   0.3555   0.4520   0.9232
 10   4.8714  -0.2956  59.0327  -0.7634  -0.2695   0.5870   0.4382   0.9846
 10   3.8694  -3.3037  56.6088  -0.8549  -0.1844   0.4850   0.4684   0.9188
GUERILLA_Working1.BMP
  6   3.0246  -5.5848  52.9514  -0.9330  -0.1293   0.3358   0.4819   0.8480
 10   4.2356  -3.8415  57.3232  -0.9280  -0.1118   0.3555   0.4520   0.9232
 10   3.8694  -3.3037  56.6088  -0.8549  -0.1844   0.4850   0.4684   0.9188
GUERILLA_Working1.BMP
  6   3.0938  -6.2388  52.9514  -0.9361  -0.0991   0.3376   0.4741   0.8425
 10   4.2356  -3.8415  57.3232  -0.9280  -0.1118   0.3555   0.4520   0.9232
  6   3.0246  -5.5848  52.9514  -0.9330  -0.1293   0.3358   0.4819   0.8480
GUERILLA_Working1.BMP
  5   2.0681  -6.7381  50.2759  -0.9269  -0.3245   0.1885   0.4949   0.8004
  6   3.0938  -6.2388  52.9514  -0.9361  -0.0991   0.3376   0.4741   0.8425
  6   3.0246  -5.5848  52.9514  -0.9330  -0.1293   0.3358   0.4819   0.8480
GUERILLA_Working1.BMP
  3   1.9022  -6.2421  39.6638  -0.6272  -0.6028  -0.4932   0.4911   0.6321
  5   2.0681  -6.7381  50.2759  -0.9269  -0.3245   0.1885   0.4949   0.8004
  3   1.4608  -5.5172  39.3393  -0.6272  -0.6028  -0.4932   0.5042   0.6279
GUERILLA_Working1.BMP
 58   3.9284  -0.2644  58.0768  -0.6667  -0.3725   0.6456   0.0760   0.9896
 10   4.8714  -0.2956  59.0327  -0.7634  -0.2695   0.5870   0.0585   0.9811
 58   2.4074   2.7790  58.6247  -0.6477  -0.4361   0.6247   0.0974   0.9492
GUERILLA_Working1.BMP
 58   2.4074   2.7790  58.6247   0.1300   0.6352   0.7613   0.0974   0.9492
 10   4.8714  -0.2956  59.0327   0.2469  -0.0184   0.9689   0.0585   0.9811
 10   6.4775   4.2048  56.5574   0.2683   0.7735   0.5742   0.0321   0.8954
GUERILLA_Working1.BMP
 10   7.8515  -0.2956  58.2837   0.6979   0.0574   0.7139   0.0115   0.9753
 10   6.4775   4.2048  56.5574   0.2683   0.7735   0.5742   0.0321   0.8954
 10   4.8714  -0.2956  59.0327   0.2469  -0.0184   0.9689   0.0585   0.9811
GUERILLA_Working1.BMP
 10   7.8515  -0.2956  58.2837   0.6979   0.0574   0.7139   0.3751   0.9756
 10   4.8714  -0.2956  59.0327   0.2469  -0.0184   0.9689   0.4382   0.9846
 10   7.3012  -3.5789  56.9748   0.5823  -0.6448   0.4951   0.3833   0.9082
GUERILLA_Working1.BMP
 10   4.2356  -3.8415  57.3232   0.0791  -0.7834   0.6165   0.4520   0.9232
 10   7.3012  -3.5789  56.9748   0.5823  -0.6448   0.4951   0.3833   0.9082
 10   4.8714  -0.2956  59.0327   0.2469  -0.0184   0.9689   0.4382   0.9846
GUERILLA_Working1.BMP
  5   2.0681  -6.7381  50.2759   0.1225  -0.9922   0.0249   0.4949   0.8004
  6   6.7748  -5.6625  51.1882   0.6852  -0.7268   0.0482   0.4080   0.8149
  6   3.0938  -6.2388  52.9514   0.1782  -0.9616   0.2087   0.4741   0.8425
GUERILLA_Working1.BMP
  3   1.4608  -5.5172  39.3393  -0.6272  -0.6028  -0.4932   0.5042   0.6279
  2   3.6249  -5.0122  38.4562  -0.2213  -0.5076  -0.8327   0.4542   0.6081
  3   1.9022  -6.2421  39.6638  -0.6272  -0.6028  -0.4932   0.4911   0.6321
GUERILLA_Working1.BMP
  2   3.6249  -5.0122  38.4562   0.6268  -0.3323  -0.7048   0.4542   0.6081
  3   6.5268  -3.6047  39.9961   0.7952  -0.5216  -0.3092   0.4025   0.6431
  3   1.9022  -6.2421  39.6638   0.4065  -0.8893  -0.2097   0.4911   0.6321
GUERILLA_Working1.BMP
  3   1.4608  -5.5172  39.3393  -0.0022  -0.9686  -0.2487   0.0458   0.5238
  3  -1.0274  -5.5172  39.3715  -0.0027  -0.9271  -0.3747   0.0456   0.5669
  2   3.6249  -5.0122  38.4562   0.2112  -0.9771   0.0269   0.0312   0.4861
GUERILLA_Working1.BMP
  3   7.3279  -0.4544  40.9818   0.8080   0.1560  -0.5682   0.3298   0.6444
  5   8.2673  -0.3922  46.5385   0.9933   0.0562  -0.1013   0.3282   0.7419
  3   6.5268  -3.6047  39.9961   0.7952  -0.5216  -0.3092   0.4025   0.6431
GUERILLA_Working1.BMP
  5   8.2673  -0.3922  46.5385   0.9933   0.0562  -0.1013   0.3282   0.7419
  6   6.7748  -5.6625  51.1882   0.6852  -0.7268   0.0482   0.4080   0.8149
  3   6.5268  -3.6047  39.9961   0.7952  -0.5216  -0.3092   0.4025   0.6431
GUERILLA_Working1.BMP
  3   5.3879   3.2504  41.2621   0.6825   0.6780  -0.2729   0.2234   0.6478
  6   7.1227   4.4008  51.2205   0.7580   0.6456  -0.0930   0.2377   0.8115
  5   8.2673  -0.3922  46.5385   0.9933   0.0562  -0.1013   0.3282   0.7419
GUERILLA_Working1.BMP
  3   5.3879   3.2504  41.2621   0.6825   0.6780  -0.2729   0.2234   0.6478
  5   8.2673  -0.3922  46.5385   0.9933   0.0562  -0.1013   0.3282   0.7419
  3   7.3279  -0.4544  40.9818   0.8080   0.1560  -0.5682   0.3298   0.6444
GUERILLA_Working1.BMP
  6   6.7748  -5.6625  51.1882   0.6852  -0.7268   0.0482   0.4080   0.8149
 32   7.5465  -3.0796  52.5201   0.4698  -0.8366  -0.2817   0.3707   0.8355
 32   7.5278  -3.0714  55.6745   0.7022  -0.6533   0.2831   0.3706   0.8854
GUERILLA_Working1.BMP
  6   6.7748  -5.6625  51.1882   0.6852  -0.7268   0.0482   0.4080   0.8149
 32   7.5278  -3.0714  55.6745   0.7022  -0.6533   0.2831   0.3706   0.8854
 10   7.3012  -3.5789  56.9748   0.5823  -0.6448   0.4951   0.3833   0.9082
GUERILLA_Working1.BMP
 32   7.5278  -3.0714  55.6745   0.7022  -0.6533   0.2831   0.3706   0.8854
 32   7.9408  -0.3724  57.3079   0.9407  -0.1515   0.3034   0.3220   0.9119
 10   7.3012  -3.5789  56.9748   0.5823  -0.6448   0.4951   0.3833   0.9082
GUERILLA_Working1.BMP
 10   7.8515  -0.2956  58.2837   0.6979   0.0574   0.7139   0.3230   0.9359
 10   7.3012  -3.5789  56.9748   0.5823  -0.6448   0.4951   0.3833   0.9082
 32   7.9408  -0.3724  57.3079   0.9407  -0.1515   0.3034   0.3220   0.9119
GUERILLA_Working1.BMP
 32   7.9408  -0.3724  57.3079   0.9407  -0.1515   0.3034   0.3220   0.9119
 10   8.0635   3.4120  56.3242   0.9766   0.2059   0.0619   0.2540   0.9003
 10   7.8515  -0.2956  58.2837   0.6979   0.0574   0.7139   0.3230   0.9359
GUERILLA_Working1.BMP
 10   7.8515  -0.2956  58.2837   0.6979   0.0574   0.7139   0.0115   0.9753
 10   8.0635   3.4120  56.3242   0.9766   0.2059   0.0619   0.0071   0.8982
 10   6.4775   4.2048  56.5574   0.2683   0.7735   0.5742   0.0321   0.8954
GUERILLA_Working1.BMP
  6   7.1227   4.4008  51.2205   0.7580   0.6456  -0.0930   0.0209   0.8067
 10   6.4775   4.2048  56.5574   0.2683   0.7735   0.5742   0.0321   0.8954
 10   8.0635   3.4120  56.3242   0.9766   0.2059   0.0619   0.0071   0.8982
GUERILLA_Working1.BMP
 32   7.7162   3.1115  52.2709   0.6164   0.7676  -0.1759   0.2722   0.8330
  6   8.2103  -0.2381  50.7562   0.8245  -0.1069  -0.5556   0.3258   0.8076
  6   7.1227   4.4008  51.2205   0.7580   0.6456  -0.0930   0.2377   0.8115
GUERILLA_Working1.BMP
  5   8.2673  -0.3922  46.5385   0.9933   0.0562  -0.1013   0.3282   0.7419
  6   7.1227   4.4008  51.2205   0.7580   0.6456  -0.0930   0.2377   0.8115
  6   8.2103  -0.2381  50.7562   0.8245  -0.1069  -0.5556   0.3258   0.8076
GUERILLA_Working1.BMP
  5   8.2673  -0.3922  46.5385   0.9933   0.0562  -0.1013   0.3282   0.7419
  6   8.2103  -0.2381  50.7562   0.8245  -0.1069  -0.5556   0.3258   0.8076
  6   6.7748  -5.6625  51.1882   0.6852  -0.7268   0.0482   0.4080   0.8149
GUERILLA_Working1.BMP
  6   8.2103  -0.2381  50.7562   0.8245  -0.1069  -0.5556   0.3258   0.8076
 32   7.5465  -3.0796  52.5201   0.4698  -0.8366  -0.2817   0.3707   0.8355
  6   6.7748  -5.6625  51.1882   0.6852  -0.7268   0.0482   0.4080   0.8149
GUERILLA_Working1.BMP
 71   7.5493  -3.5376  18.9545   0.5934  -0.8013  -0.0767   0.4034   0.1685
 71   5.6297  -3.5380  18.7503  -0.4407  -0.8658  -0.2371   0.3708   0.1678
 65   6.9971  -2.8088  15.6290   0.0038  -0.9902  -0.1398   0.3887   0.1177
GUERILLA_Working1.BMP
 71   5.6297  -3.5380  18.7503  -0.4407  -0.8658  -0.2371   0.3708   0.1678
 71   7.5493  -3.5376  18.9545   0.5934  -0.8013  -0.0767   0.4034   0.1685
 71   7.2348  -3.6019  21.7522   0.4008  -0.9143  -0.0582   0.4028   0.2122
GUERILLA_Working1.BMP
 64   6.1034   2.8903  22.1249   0.0505   0.9966  -0.0645   0.5047   0.2234
 64   9.4502   0.0598  22.2608   0.9943  -0.0996   0.0383   0.4490   0.2169
 65   9.5791  -0.0979  19.4270   0.9927   0.1050   0.0601   0.4468   0.1729
GUERILLA_Working1.BMP
 64   6.1034   2.8903  22.1249   0.0505   0.9966  -0.0645   0.5047   0.2234
 65   9.5791  -0.0979  19.4270   0.9927   0.1050   0.0601   0.4468   0.1729
 65   6.4197   2.9420  18.7263  -0.0360   0.9922   0.1189   0.5048   0.1705
GUERILLA_Working1.BMP
 65   9.5791  -0.0979  19.4270   0.9927   0.1050   0.0601   0.4468   0.1729
 65  10.6299   0.0760  15.9261   0.9492  -0.2149   0.2298   0.4480   0.1179
 65   6.4197   2.9420  18.7263  -0.0360   0.9922   0.1189   0.5048   0.1705
GUERILLA_Working1.BMP
 65   6.4197   2.9420  18.7263  -0.0360   0.9922   0.1189   0.5048   0.1705
 65  10.6299   0.0760  15.9261   0.9492  -0.2149   0.2298   0.4480   0.1179
 65  11.4282   0.9304  10.7278   0.9131   0.2848  -0.2917   0.4486   0.0394
GUERILLA_Working1.BMP
 65   6.4197   2.9420  18.7263  -0.0360   0.9922   0.1189   0.5048   0.1705
 65  11.4282   0.9304  10.7278   0.9131   0.2848  -0.2917   0.4486   0.0394
 65   7.5183   4.5852  10.4467  -0.0038   0.9067  -0.4217   0.5032   0.0415
GUERILLA_Working1.BMP
 65  10.6299   0.0760  15.9261   0.9492  -0.2149   0.2298   0.4480   0.1179
 65   7.9253  -3.2599  10.7293   0.0552  -0.9493  -0.3095   0.3861   0.0412
 65  11.4282   0.9304  10.7278   0.9131   0.2848  -0.2917   0.4486   0.0394
GUERILLA_Working1.BMP
 65   7.9253  -3.2599  10.7293   0.0552  -0.9493  -0.3095   0.3861   0.0412
 65  10.6299   0.0760  15.9261   0.9492  -0.2149   0.2298   0.4480   0.1179
 65   6.9971  -2.8088  15.6290   0.0038  -0.9902  -0.1398   0.3887   0.1177
GUERILLA_Working1.BMP
 65   9.5791  -0.0979  19.4270   0.9927   0.1050   0.0601   0.4468   0.1729
 65   6.9971  -2.8088  15.6290   0.0038  -0.9902  -0.1398   0.3887   0.1177
 65  10.6299   0.0760  15.9261   0.9492  -0.2149   0.2298   0.4480   0.1179
GUERILLA_Working1.BMP
 65   6.9971  -2.8088  15.6290   0.0038  -0.9902  -0.1398   0.3887   0.1177
 65   9.5791  -0.0979  19.4270   0.9927   0.1050   0.0601   0.4468   0.1729
 71   7.5493  -3.5376  18.9545   0.5934  -0.8013  -0.0767   0.4034   0.1685
GUERILLA_Working1.BMP
 64   9.4502   0.0598  22.2608   0.9943  -0.0996   0.0383   0.4490   0.2169
 71   7.5493  -3.5376  18.9545   0.5934  -0.8013  -0.0767   0.4034   0.1685
 65   9.5791  -0.0979  19.4270   0.9927   0.1050   0.0601   0.4468   0.1729
GUERILLA_Working1.BMP
 65   6.4197   2.9420  18.7263  -0.0360   0.9922   0.1189   0.5048   0.1705
 65   3.2943   0.0755  18.8465  -0.9527   0.1241  -0.2775   0.5543   0.1800
 64   6.1034   2.8903  22.1249   0.0505   0.9966  -0.0645   0.5047   0.2234
GUERILLA_Working1.BMP
 64   6.1034   2.8903  22.1249   0.0505   0.9966  -0.0645   0.5047   0.2234
 65   3.2943   0.0755  18.8465  -0.9527   0.1241  -0.2775   0.5543   0.1800
 64   2.3202   0.0612  21.2224  -0.9496  -0.0951  -0.2986   0.5646   0.2177
GUERILLA_Working1.BMP
 65   3.6808   0.0760  15.4486  -0.9704  -0.2221  -0.0950   0.5530   0.1270
 65   3.2943   0.0755  18.8465  -0.9527   0.1241  -0.2775   0.5543   0.1800
 65   6.4197   2.9420  18.7263  -0.0360   0.9922   0.1189   0.5048   0.1705
GUERILLA_Working1.BMP
 65   7.5183   4.5852  10.4467  -0.0038   0.9067  -0.4217   0.5032   0.0415
 65   4.1683   0.8245   9.9796  -0.8337   0.2106  -0.5104   0.5538   0.0407
 65   6.4197   2.9420  18.7263  -0.0360   0.9922   0.1189   0.5048   0.1705
GUERILLA_Working1.BMP
 65   4.1683   0.8245   9.9796  -0.8337   0.2106  -0.5104   0.5538   0.0407
 65   3.6808   0.0760  15.4486  -0.9704  -0.2221  -0.0950   0.5530   0.1270
 65   6.4197   2.9420  18.7263  -0.0360   0.9922   0.1189   0.5048   0.1705
GUERILLA_Working1.BMP
 65   3.2943   0.0755  18.8465  -0.9527   0.1241  -0.2775   0.3201   0.1721
 71   5.6297  -3.5380  18.7503  -0.4407  -0.8658  -0.2371   0.3708   0.1678
 64   2.3202   0.0612  21.2224  -0.9496  -0.0951  -0.2986   0.3171   0.2105
GUERILLA_Working1.BMP
 65   6.9971  -2.8088  15.6290   0.0038  -0.9902  -0.1398   0.3887   0.1177
 71   5.6297  -3.5380  18.7503  -0.4407  -0.8658  -0.2371   0.3708   0.1678
 65   3.2943   0.0755  18.8465  -0.9527   0.1241  -0.2775   0.3201   0.1721
GUERILLA_Working1.BMP
 65   3.6808   0.0760  15.4486  -0.9704  -0.2221  -0.0950   0.3237   0.1199
 65   6.9971  -2.8088  15.6290   0.0038  -0.9902  -0.1398   0.3887   0.1177
 65   3.2943   0.0755  18.8465  -0.9527   0.1241  -0.2775   0.3201   0.1721
GUERILLA_Working1.BMP
 65   7.9253  -3.2599  10.7293   0.0552  -0.9493  -0.3095   0.3861   0.0412
 65   6.9971  -2.8088  15.6290   0.0038  -0.9902  -0.1398   0.3887   0.1177
 65   3.6808   0.0760  15.4486  -0.9704  -0.2221  -0.0950   0.3237   0.1199
GUERILLA_Working1.BMP
 65   4.1683   0.8245   9.9796  -0.8337   0.2106  -0.5104   0.3195   0.0359
 65   7.9253  -3.2599  10.7293   0.0552  -0.9493  -0.3095   0.3861   0.0412
 65   3.6808   0.0760  15.4486  -0.9704  -0.2221  -0.0950   0.3237   0.1199
GUERILLA_Working1.BMP
 64   2.3202   0.0612  21.2224  -0.9496  -0.0951  -0.2986   0.5646   0.2177
 64   1.0548  -0.6055  27.5931  -0.9214   0.2599  -0.2888   0.5845   0.3186
 64   6.1034   2.8903  22.1249   0.0505   0.9966  -0.0645   0.5047   0.2234
GUERILLA_Working1.BMP
 64   1.0548  -0.6055  27.5931  -0.9214   0.2599  -0.2888   0.5845   0.3186
 64   5.7934   4.0309  27.7317  -0.0216   0.9858  -0.1664   0.5040   0.3106
 64   6.1034   2.8903  22.1249   0.0505   0.9966  -0.0645   0.5047   0.2234
GUERILLA_Working1.BMP
  2   0.2691  -4.2078  33.4959  -0.0062  -0.9781  -0.2082   0.6398   0.3899
 62   0.2827   1.8337  31.5796  -0.8560   0.4069  -0.3188   0.5762   0.3751
 64   1.0548  -0.6055  27.5931  -0.9214   0.2599  -0.2888   0.5845   0.3186
GUERILLA_Working1.BMP
 64   3.1196  -5.1632  27.5838  -0.5203  -0.8263  -0.2156   0.3622   0.3017
  2   0.2691  -4.2078  33.4959  -0.0062  -0.9781  -0.2082   0.3180   0.3935
 64   1.0548  -0.6055  27.5931  -0.9214   0.2599  -0.2888   0.3207   0.3011
GUERILLA_Working1.BMP
 64   3.1196  -5.1632  27.5838  -0.5203  -0.8263  -0.2156   0.3622   0.3017
 62   4.1096  -5.1054  36.6614   0.3852  -0.9130   0.1342   0.3776   0.4426
  2   0.2691  -4.2078  33.4959  -0.0062  -0.9781  -0.2082   0.3180   0.3935
GUERILLA_Working1.BMP
 64   5.7934   4.0309  27.7317  -0.0216   0.9858  -0.1664   0.5040   0.3106
 62   0.2827   1.8337  31.5796  -0.8560   0.4069  -0.3188   0.5762   0.3751
 62   4.9174   3.8027  31.7145   0.4285   0.8899  -0.1562   0.4974   0.3737
GUERILLA_Working1.BMP
 64   5.7934   4.0309  27.7317  -0.0216   0.9858  -0.1664   0.5040   0.3106
 64   1.0548  -0.6055  27.5931  -0.9214   0.2599  -0.2888   0.5845   0.3186
 62   0.2827   1.8337  31.5796  -0.8560   0.4069  -0.3188   0.5762   0.3751
GUERILLA_Working1.BMP
 64   9.0709  -0.7141  29.6273   0.9386   0.3178   0.1341   0.4514   0.3242
 62   4.9174   3.8027  31.7145   0.4285   0.8899  -0.1562   0.4974   0.3737
 64   7.2318  -0.3612  36.4079   0.9847  -0.0135   0.1737   0.4356   0.4381
GUERILLA_Working1.BMP
 64   5.7934   4.0309  27.7317  -0.0216   0.9858  -0.1664   0.5040   0.3106
 64   9.0709  -0.7141  29.6273   0.9386   0.3178   0.1341   0.4514   0.3242
 64   6.1034   2.8903  22.1249   0.0505   0.9966  -0.0645   0.5047   0.2234
GUERILLA_Working1.BMP
 64   9.4502   0.0598  22.2608   0.9943  -0.0996   0.0383   0.4490   0.2169
 64   6.1034   2.8903  22.1249   0.0505   0.9966  -0.0645   0.5047   0.2234
 64   9.0709  -0.7141  29.6273   0.9386   0.3178   0.1341   0.4514   0.3242
GUERILLA_Working1.BMP
 64   6.8194  -5.1694  28.4210   0.5786  -0.8156   0.0014   0.4081   0.3081
 64   9.0709  -0.7141  29.6273   0.9386   0.3178   0.1341   0.4514   0.3242
 64   7.2318  -0.3612  36.4079   0.9847  -0.0135   0.1737   0.4356   0.4381
GUERILLA_Working1.BMP
 62   4.9174   3.8027  31.7145   0.4285   0.8899  -0.1562   0.4974   0.3737
 64   9.0709  -0.7141  29.6273   0.9386   0.3178   0.1341   0.4514   0.3242
 64   5.7934   4.0309  27.7317  -0.0216   0.9858  -0.1664   0.5040   0.3106
GUERILLA_Working1.BMP
 64   7.2318  -0.3612  36.4079   0.9847  -0.0135   0.1737   0.4356   0.4381
 62   4.1096  -5.1054  36.6614   0.3852  -0.9130   0.1342   0.3776   0.4426
 64   6.8194  -5.1694  28.4210   0.5786  -0.8156   0.0014   0.4081   0.3081
GUERILLA_Working1.BMP
 64   6.8194  -5.1694  28.4210   0.5786  -0.8156   0.0014   0.4081   0.3081
 62   4.1096  -5.1054  36.6614   0.3852  -0.9130   0.1342   0.3776   0.4426
 64   3.1196  -5.1632  27.5838  -0.5203  -0.8263  -0.2156   0.3622   0.3017
GUERILLA_Working1.BMP
 65   5.9345   0.2640   8.8437  -0.6027  -0.3263  -0.7282   0.5451   0.0183
 65   4.1683   0.8245   9.9796  -0.8337   0.2106  -0.5104   0.5538   0.0407
 65   7.6793   2.7900   9.1185   0.0584   0.5398  -0.8397   0.4999   0.0184
GUERILLA_Working1.BMP
 65   4.1683   0.8245   9.9796  -0.8337   0.2106  -0.5104   0.5538   0.0407
 65   7.5183   4.5852  10.4467  -0.0038   0.9067  -0.4217   0.5032   0.0415
 65   7.6793   2.7900   9.1185   0.0584   0.5398  -0.8397   0.4999   0.0184
GUERILLA_Working1.BMP
 65   4.1683   0.8245   9.9796  -0.8337   0.2106  -0.5104   0.3195   0.0359
 65   5.9345   0.2640   8.8437  -0.6027  -0.3263  -0.7282   0.3192   0.0182
 65   7.9253  -3.2599  10.7293   0.0552  -0.9493  -0.3095   0.3861   0.0412
GUERILLA_Working1.BMP
 65   5.9345   0.2640   8.8437  -0.6027  -0.3263  -0.7282   0.3192   0.0182
 65   8.1271  -2.3432   9.3877   0.0949  -0.8285  -0.5519   0.3855   0.0183
 65   7.9253  -3.2599  10.7293   0.0552  -0.9493  -0.3095   0.3861   0.0412
GUERILLA_Working1.BMP
 65   8.1271  -2.3432   9.3877   0.0949  -0.8285  -0.5519   0.3855   0.0183
 65  10.2321   0.2641   9.3775   0.7935  -0.2921  -0.5339   0.4493   0.0181
 65   7.9253  -3.2599  10.7293   0.0552  -0.9493  -0.3095   0.3861   0.0412
GUERILLA_Working1.BMP
 65  11.4282   0.9304  10.7278   0.9131   0.2848  -0.2917   0.4486   0.0394
 65   7.9253  -3.2599  10.7293   0.0552  -0.9493  -0.3095   0.3861   0.0412
 65  10.2321   0.2641   9.3775   0.7935  -0.2921  -0.5339   0.4493   0.0181
GUERILLA_Working1.BMP
 65  10.2321   0.2641   9.3775   0.7935  -0.2921  -0.5339   0.4493   0.0181
 65   7.6793   2.7900   9.1185   0.0584   0.5398  -0.8397   0.4999   0.0184
 65  11.4282   0.9304  10.7278   0.9131   0.2848  -0.2917   0.4486   0.0394
GUERILLA_Working1.BMP
 65  11.4282   0.9304  10.7278   0.9131   0.2848  -0.2917   0.4486   0.0394
 65   7.6793   2.7900   9.1185   0.0584   0.5398  -0.8397   0.4999   0.0184
 65   7.5183   4.5852  10.4467  -0.0038   0.9067  -0.4217   0.5032   0.0415
GUERILLA_Working1.BMP
 64   1.0548  -0.6055  27.5931  -0.9214   0.2599  -0.2888   0.3207   0.3011
 64   2.3202   0.0612  21.2224  -0.9496  -0.0951  -0.2986   0.3171   0.2105
 64   3.1196  -5.1632  27.5838  -0.5203  -0.8263  -0.2156   0.3622   0.3017
GUERILLA_Working1.BMP
 64   6.8194  -5.1694  28.4210   0.5786  -0.8156   0.0014   0.4081   0.3081
 64   9.4502   0.0598  22.2608   0.9943  -0.0996   0.0383   0.4490   0.2169
 64   9.0709  -0.7141  29.6273   0.9386   0.3178   0.1341   0.4514   0.3242
GUERILLA_Working1.BMP
 71   5.6297  -3.5380  18.7503  -0.4407  -0.8658  -0.2371   0.3708   0.1678
 71   7.2348  -3.6019  21.7522   0.4008  -0.9143  -0.0582   0.4028   0.2122
 71   5.0049  -3.6003  21.3075  -0.3225  -0.9170  -0.2349   0.3664   0.2080
GUERILLA_Working1.BMP
 64   6.8194  -5.1694  28.4210   0.5786  -0.8156   0.0014   0.4081   0.3081
 71   5.0049  -3.6003  21.3075  -0.3225  -0.9170  -0.2349   0.3664   0.2080
 71   7.2348  -3.6019  21.7522   0.4008  -0.9143  -0.0582   0.4028   0.2122
GUERILLA_Working1.BMP
 64   3.1196  -5.1632  27.5838  -0.5203  -0.8263  -0.2156   0.3622   0.3017
 71   5.0049  -3.6003  21.3075  -0.3225  -0.9170  -0.2349   0.3664   0.2080
 64   6.8194  -5.1694  28.4210   0.5786  -0.8156   0.0014   0.4081   0.3081
GUERILLA_Working1.BMP
 64   3.1196  -5.1632  27.5838  -0.5203  -0.8263  -0.2156   0.3622   0.3017
 64   2.3202   0.0612  21.2224  -0.9496  -0.0951  -0.2986   0.3171   0.2105
 71   5.0049  -3.6003  21.3075  -0.3225  -0.9170  -0.2349   0.3664   0.2080
GUERILLA_Working1.BMP
 64   2.3202   0.0612  21.2224  -0.9496  -0.0951  -0.2986   0.3171   0.2105
 71   5.6297  -3.5380  18.7503  -0.4407  -0.8658  -0.2371   0.3708   0.1678
 71   5.0049  -3.6003  21.3075  -0.3225  -0.9170  -0.2349   0.3664   0.2080
GUERILLA_Working1.BMP
 64   9.4502   0.0598  22.2608   0.9943  -0.0996   0.0383   0.4490   0.2169
 64   6.8194  -5.1694  28.4210   0.5786  -0.8156   0.0014   0.4081   0.3081
 71   7.2348  -3.6019  21.7522   0.4008  -0.9143  -0.0582   0.4028   0.2122
GUERILLA_Working1.BMP
 71   7.5493  -3.5376  18.9545   0.5934  -0.8013  -0.0767   0.4034   0.1685
 64   9.4502   0.0598  22.2608   0.9943  -0.0996   0.0383   0.4490   0.2169
 71   7.2348  -3.6019  21.7522   0.4008  -0.9143  -0.0582   0.4028   0.2122
GUERILLA_Working1.BMP
 58   2.4074   2.7790  58.6247   0.1300   0.6352   0.7613   0.0974   0.9492
  6   0.2621   4.7820  56.5153   0.0022   0.8730   0.4878   0.1303   0.8909
 58  -1.8185   2.7870  58.6013  -0.1151   0.6372   0.7621   0.1642   0.9489
GUERILLA_Working1.BMP
 10   8.0635   3.4120  56.3242   0.9766   0.2059   0.0619   0.2540   0.9003
 32   7.9408  -0.3724  57.3079   0.9407  -0.1515   0.3034   0.3220   0.9119
 32   7.5828   2.6100  55.8730   0.9467   0.3183   0.0496   0.2727   0.8885
GUERILLA_Working1.BMP
  6   7.1227   4.4008  51.2205   0.7580   0.6456  -0.0930   0.2377   0.8115
 32   7.5828   2.6100  55.8730   0.9467   0.3183   0.0496   0.2727   0.8885
 32   7.7162   3.1115  52.2709   0.6164   0.7676  -0.1759   0.2722   0.8330
GUERILLA_Working1.BMP
 32   7.5828   2.6100  55.8730   0.9467   0.3183   0.0496   0.2727   0.8885
  6   7.1227   4.4008  51.2205   0.7580   0.6456  -0.0930   0.2377   0.8115
 10   8.0635   3.4120  56.3242   0.9766   0.2059   0.0619   0.2540   0.9003
GUERILLA_Working1.BMP
  2   0.1885   5.1667  36.1474   0.0005   0.9998   0.0213   0.6398   0.3899
 62   0.2118   4.5253  33.2365  -0.3301   0.8473  -0.4161   0.5647   0.4044
 62   0.2827   1.8337  31.5796  -0.8560   0.4069  -0.3188   0.5762   0.3751
GUERILLA_Working1.BMP
  2   0.1885   5.1667  36.1474   0.0005   0.9998   0.0213   0.5704   0.4495
 62   0.2827   1.8337  31.5796  -0.8560   0.4069  -0.3188   0.5647   0.4044
  2   0.2691  -4.2078  33.4959  -0.0062  -0.9781  -0.2082   0.6398   0.3899
GUERILLA_Working1.BMP
  5   2.0681  -6.7381  50.2759  -0.0030  -0.9722   0.2340   0.2349   0.5166
  5  -1.3255  -6.7381  50.2256  -0.0019  -0.9982   0.0592   0.2330   0.5753
  3   1.4608  -5.5172  39.3393  -0.0022  -0.9686  -0.2487   0.0458   0.5238
GUERILLA_Working1.BMP
  5   2.0681  -6.7381  50.2759  -0.0030  -0.9722   0.2340   0.2349   0.5166
  6  -2.3577  -5.5848  52.8918  -0.0356  -0.8948   0.4451   0.2788   0.5940
  5  -1.3255  -6.7381  50.2256  -0.0019  -0.9982   0.0592   0.2330   0.5753
GUERILLA_Working1.BMP
  3   1.4608  -5.5172  39.3393  -0.0022  -0.9686  -0.2487   0.0458   0.5238
  5  -1.3255  -6.7381  50.2256  -0.0019  -0.9982   0.0592   0.2330   0.5753
  3  -1.0274  -5.5172  39.3715  -0.0027  -0.9271  -0.3747   0.0456   0.5669
GUERILLA_Working1.BMP
  2   0.2691  -4.2078  33.4959  -0.0062  -0.9781  -0.2082   0.3180   0.3935
  2  -3.2182  -5.0122  38.4562  -0.2080  -0.9764   0.0585   0.2656   0.4928
 60  -3.8907  -5.1054  36.8211  -0.3947  -0.9060   0.1527   0.2535   0.4451
GUERILLA_Working1.BMP
  2   0.2691  -4.2078  33.4959  -0.0062  -0.9781  -0.2082   0.3180   0.3935
 62   4.1096  -5.1054  36.6614   0.3852  -0.9130   0.1342   0.3776   0.4426
  2   3.6249  -5.0122  38.4562   0.2112  -0.9771   0.0269   0.3717   0.4928
GUERILLA_Working1.BMP
  2  -3.2182  -5.0122  38.4562  -0.2080  -0.9764   0.0585   0.0291   0.6045
  2   3.6249  -5.0122  38.4562   0.2112  -0.9771   0.0269   0.0312   0.4861
  3  -1.0274  -5.5172  39.3715  -0.0027  -0.9271  -0.3747   0.0456   0.5669
GUERILLA_Working1.BMP
  2   0.2691  -4.2078  33.4959  -0.0062  -0.9781  -0.2082   0.3180   0.3935
  2   3.6249  -5.0122  38.4562   0.2112  -0.9771   0.0269   0.3717   0.4928
  2  -3.2182  -5.0122  38.4562  -0.2080  -0.9764   0.0585   0.2656   0.4928
GUERILLA_Working1.BMP
  8   2.4563  -4.2956  60.8630   0.8441  -0.4984  -0.1979   0.8575   0.8137
  8   3.0590  -1.6236  61.7116   0.9588  -0.0612  -0.2775   0.8936   0.8363
  8   3.1330  -1.7942  63.7399   0.9235  -0.3788   0.0606   0.8897   0.8854
GUERILLA_Working1.BMP
  8   2.9227  -3.7858  63.7068   0.9269  -0.3662  -0.0825   0.8660   0.8877
  8   1.8479  -4.9852  63.3477   0.5496  -0.8066  -0.2177   0.8364   0.8821
  8   2.4563  -4.2956  60.8630   0.8441  -0.4984  -0.1979   0.8575   0.8137
GUERILLA_Working1.BMP
  8  -1.7514  -4.1723  60.9147  -0.8365  -0.5086  -0.2038   0.7303   0.8145
  8  -1.1648  -4.8343  63.4088  -0.5831  -0.7762  -0.2398   0.7538   0.8828
  8  -2.3323  -3.7017  63.7316  -0.9029  -0.4149  -0.1124   0.7164   0.8887
GUERILLA_Working1.BMP
  8   2.9227  -3.7858  63.7068   0.9269  -0.3662  -0.0825   0.8660   0.8877
  8   1.7371  -5.6449  64.0770   0.4147  -0.8915  -0.1823   0.8334   0.9010
  8   1.8479  -4.9852  63.3477   0.5496  -0.8066  -0.2177   0.8364   0.8821
GUERILLA_Working1.BMP
  8  -2.3323  -3.7017  63.7316  -0.9029  -0.4149  -0.1124   0.7164   0.8887
  8  -1.1648  -4.8343  63.4088  -0.5831  -0.7762  -0.2398   0.7538   0.8828
  8  -1.0053  -5.6252  64.0797  -0.4270  -0.8760  -0.2242   0.7576   0.9019
GUERILLA_Working1.BMP
  8   1.7371  -5.6449  64.0770   0.4147  -0.8915  -0.1823   0.8334   0.9010
  8   2.9642  -3.1568  65.9186   0.9235  -0.3713   0.0963   0.8741   0.9446
  8   1.4499  -5.5052  65.8296   0.3661  -0.9112   0.1889   0.8226   0.9438
GUERILLA_Working1.BMP
  8   1.7371  -5.6449  64.0770   0.4147  -0.8915  -0.1823   0.8334   0.9010
  8   2.9227  -3.7858  63.7068   0.9269  -0.3662  -0.0825   0.8660   0.8877
  8   2.9642  -3.1568  65.9186   0.9235  -0.3713   0.0963   0.8741   0.9446
GUERILLA_Working1.BMP
  8  -1.0053  -5.6252  64.0797  -0.4270  -0.8760  -0.2242   0.7576   0.9019
  8  -0.8355  -5.5199  65.8104  -0.4405  -0.8693   0.2241   0.7685   0.9438
  8  -2.4850  -3.1654  65.9231  -0.9178  -0.3926   0.0587   0.7086   0.9462
GUERILLA_Working1.BMP
  8  -1.0053  -5.6252  64.0797  -0.4270  -0.8760  -0.2242   0.7576   0.9019
  8  -2.4850  -3.1654  65.9231  -0.9178  -0.3926   0.0587   0.7086   0.9462
  8  -2.3323  -3.7017  63.7316  -0.9029  -0.4149  -0.1124   0.7164   0.8887
GUERILLA_Working1.BMP
  8   0.5282  -6.1761  61.3857   0.4755  -0.8618  -0.1763   0.8016   0.8266
  8   0.5720  -6.2844  62.0330   0.3450  -0.9355   0.0769   0.8028   0.8436
  8   0.0440  -6.1771  61.4025  -0.3145  -0.9297  -0.1917   0.7890   0.8271
GUERILLA_Working1.BMP
  8   0.0440  -6.1771  61.4025  -0.3145  -0.9297  -0.1917   0.7890   0.8271
  8  -0.0288  -6.2806  62.0239  -0.5414  -0.8397   0.0420   0.7871   0.8433
  8  -0.4128  -5.4409  61.4044  -0.6171  -0.7834  -0.0744   0.7766   0.8295
GUERILLA_Working1.BMP
  8   0.5282  -6.1761  61.3857   0.4755  -0.8618  -0.1763   0.8016   0.8266
  8   1.0032  -5.4239  61.4031   0.6341  -0.7721  -0.0419   0.8136   0.8295
  8   0.5720  -6.2844  62.0330   0.3450  -0.9355   0.0769   0.8028   0.8436
GUERILLA_Working1.BMP
  8   0.0440  -6.1771  61.4025  -0.0347  -0.0191  -0.9992   0.7890   0.8271
  8  -0.4128  -5.4409  61.4044  -0.0179   0.0024  -0.9998   0.7766   0.8295
  8   0.5282  -6.1761  61.3857  -0.0179   0.0024  -0.9998   0.8016   0.8266
GUERILLA_Working1.BMP
  8   1.0032  -5.4239  61.4031  -0.0011   0.0239  -0.9997   0.8136   0.8295
  8   0.5282  -6.1761  61.3857  -0.0179   0.0024  -0.9998   0.8016   0.8266
  8  -0.4128  -5.4409  61.4044  -0.0179   0.0024  -0.9998   0.7766   0.8295
GUERILLA_Working1.BMP
  8   1.7371  -5.6449  64.0770   0.4147  -0.8915  -0.1823   0.8334   0.9010
  8  -1.0053  -5.6252  64.0797  -0.4270  -0.8760  -0.2242   0.7576   0.9019
  8  -0.0153  -5.6519  63.6812  -0.3879  -0.9198   0.0589   0.7859   0.8912
GUERILLA_Working1.BMP
  8   0.5459  -5.6522  63.6840   0.4970  -0.8678  -0.0043   0.8006   0.8913
  8   1.7371  -5.6449  64.0770   0.4147  -0.8915  -0.1823   0.8334   0.9010
  8  -0.0153  -5.6519  63.6812  -0.3879  -0.9198   0.0589   0.7859   0.8912
GUERILLA_Working1.BMP
  8   0.5459  -5.6522  63.6840   0.4970  -0.8678  -0.0043   0.8006   0.8913
  8   0.8171  -5.2649  63.3633   0.4431  -0.8400  -0.3130   0.8077   0.8829
  8   1.7371  -5.6449  64.0770   0.4147  -0.8915  -0.1823   0.8334   0.9010
GUERILLA_Working1.BMP
  8   1.0032  -5.4239  61.4031   0.6341  -0.7721  -0.0419   0.8136   0.8295
  8   0.8171  -5.2649  63.3633   0.4431  -0.8400  -0.3130   0.8077   0.8829
  8   0.5459  -5.6522  63.6840   0.4970  -0.8678  -0.0043   0.8006   0.8913
GUERILLA_Working1.BMP
  8   1.7371  -5.6449  64.0770   0.4147  -0.8915  -0.1823   0.8334   0.9010
  8   0.8171  -5.2649  63.3633   0.4431  -0.8400  -0.3130   0.8077   0.8829
  8   1.8479  -4.9852  63.3477   0.5496  -0.8066  -0.2177   0.8364   0.8821
GUERILLA_Working1.BMP
  8   1.0032  -5.4239  61.4031   0.6341  -0.7721  -0.0419   0.8136   0.8295
  8   1.8479  -4.9852  63.3477   0.5496  -0.8066  -0.2177   0.8364   0.8821
  8   0.8171  -5.2649  63.3633   0.4431  -0.8400  -0.3130   0.8077   0.8829
GUERILLA_Working1.BMP
  8   2.4563  -4.2956  60.8630   0.8441  -0.4984  -0.1979   0.8575   0.8137
  8   1.8479  -4.9852  63.3477   0.5496  -0.8066  -0.2177   0.8364   0.8821
  8   1.0032  -5.4239  61.4031   0.6341  -0.7721  -0.0419   0.8136   0.8295
GUERILLA_Working1.BMP
  8  -1.1648  -4.8343  63.4088  -0.5831  -0.7762  -0.2398   0.7538   0.8828
  8  -1.7514  -4.1723  60.9147  -0.8365  -0.5086  -0.2038   0.7303   0.8145
  8  -0.4128  -5.4409  61.4044  -0.6171  -0.7834  -0.0744   0.7766   0.8295
GUERILLA_Working1.BMP
  8  -0.0153  -5.6519  63.6812  -0.3879  -0.9198   0.0589   0.7859   0.8912
  8  -0.2343  -5.1936  63.3675  -0.5533  -0.7615  -0.3377   0.7802   0.8830
  8  -0.4128  -5.4409  61.4044  -0.6171  -0.7834  -0.0744   0.7766   0.8295
GUERILLA_Working1.BMP
  8  -1.0053  -5.6252  64.0797  -0.4270  -0.8760  -0.2242   0.7576   0.9019
  8  -0.2343  -5.1936  63.3675  -0.5533  -0.7615  -0.3377   0.7802   0.8830
  8  -0.0153  -5.6519  63.6812  -0.3879  -0.9198   0.0589   0.7859   0.8912
GUERILLA_Working1.BMP
  8  -0.2343  -5.1936  63.3675  -0.5533  -0.7615  -0.3377   0.7802   0.8830
  8  -1.0053  -5.6252  64.0797  -0.4270  -0.8760  -0.2242   0.7576   0.9019
  8  -1.1648  -4.8343  63.4088  -0.5831  -0.7762  -0.2398   0.7538   0.8828
GUERILLA_Working1.BMP
  8  -0.4128  -5.4409  61.4044  -0.6171  -0.7834  -0.0744   0.7766   0.8295
  8  -0.2343  -5.1936  63.3675  -0.5533  -0.7615  -0.3377   0.7802   0.8830
  8  -1.1648  -4.8343  63.4088  -0.5831  -0.7762  -0.2398   0.7538   0.8828
GUERILLA_Working1.BMP
  8  -1.1293  -2.5274  59.1642  -0.5105  -0.2401  -0.8257   0.7730   0.7376
  8   1.2411  -4.2885  58.4596   0.4408  -0.0302  -0.8971   0.8199   0.7509
  8  -0.5611  -4.2759  58.4467  -0.4605  -0.2461  -0.8529   0.7752   0.7506
GUERILLA_Working1.BMP
  8   2.6878  -0.9783  60.0100   0.9584  -0.1164  -0.2608   0.8875   0.7895
  8   3.0590  -1.6236  61.7116   0.9588  -0.0612  -0.2775   0.8936   0.8363
  8   2.4563  -4.2956  60.8630   0.8441  -0.4984  -0.1979   0.8575   0.8137
GUERILLA_Working1.BMP
  8   2.9642  -3.1568  65.9186   0.9235  -0.3713   0.0963   0.8741   0.9446
  8   2.2027  -4.6410  66.4651   0.5865  -0.7154   0.3798   0.8410   0.9597
  8   1.4499  -5.5052  65.8296   0.3661  -0.9112   0.1889   0.8226   0.9438
GUERILLA_Working1.BMP
  8   0.2658  -5.3324  66.4719  -0.0187  -0.8527   0.5221   0.7940   0.9587
  8   1.4499  -5.5052  65.8296   0.3661  -0.9112   0.1889   0.8226   0.9438
  8   2.2027  -4.6410  66.4651   0.5865  -0.7154   0.3798   0.8410   0.9597
GUERILLA_Working1.BMP
  8   0.2658  -5.3324  66.4719  -0.0187  -0.8527   0.5221   0.7940   0.9587
  8  -1.6125  -4.5598  66.4183  -0.5872  -0.7485   0.3080   0.7482   0.9597
  8  -0.8355  -5.5199  65.8104  -0.4405  -0.8693   0.2241   0.7685   0.9438
GUERILLA_Working1.BMP
  8  -2.4850  -3.1654  65.9231  -0.9178  -0.3926   0.0587   0.7086   0.9462
  8  -0.8355  -5.5199  65.8104  -0.4405  -0.8693   0.2241   0.7685   0.9438
  8  -1.6125  -4.5598  66.4183  -0.5872  -0.7485   0.3080   0.7482   0.9597
GUERILLA_Working1.BMP
  8   2.2027  -4.6410  66.4651   0.5865  -0.7154   0.3798   0.8410   0.9597
  8   0.2581  -5.1025  66.9233  -0.0167  -0.8047   0.5935   0.7938   0.9703
  8   0.2658  -5.3324  66.4719  -0.0187  -0.8527   0.5221   0.7940   0.9587
GUERILLA_Working1.BMP
  8   0.2581  -5.1025  66.9233  -0.0167  -0.8047   0.5935   0.7938   0.9703
  8   2.2027  -4.6410  66.4651   0.5865  -0.7154   0.3798   0.8410   0.9597
  8   2.3341  -3.9399  67.1795   0.6138  -0.4911   0.6181   0.8456   0.9869
GUERILLA_Working1.BMP
  8   2.9642  -3.1568  65.9186   0.9235  -0.3713   0.0963   0.8741   0.9446
  8   2.3341  -3.9399  67.1795   0.6138  -0.4911   0.6181   0.8456   0.9869
  8   2.2027  -4.6410  66.4651   0.5865  -0.7154   0.3798   0.8410   0.9597
GUERILLA_Working1.BMP
  8   2.3341  -3.9399  67.1795   0.6138  -0.4911   0.6181   0.8456   0.9869
  8   2.9642  -3.1568  65.9186   0.9235  -0.3713   0.0963   0.8741   0.9446
  8   3.0789  -1.2350  67.4686   0.8602  -0.0892   0.5021   0.9030   0.9759
GUERILLA_Working1.BMP
  8   3.3660  -0.7739  65.0300   0.9990  -0.0260   0.0369   0.9145   0.9167
  8   3.0789  -1.2350  67.4686   0.8602  -0.0892   0.5021   0.9030   0.9759
  8   2.9642  -3.1568  65.9186   0.9235  -0.3713   0.0963   0.8741   0.9446
GUERILLA_Working1.BMP
  8   1.7247   2.5485  66.8039   0.3616   0.7606   0.5392   0.9929   0.9597
  8   3.2082   0.4830  67.1538   0.8683   0.3096   0.3875   0.9447   0.9681
  8   2.4631   2.6645  63.7895   0.6385   0.7696  -0.0047   0.9860   0.8867
GUERILLA_Working1.BMP
  8  -1.6125  -4.5598  66.4183  -0.5872  -0.7485   0.3080   0.7482   0.9597
  8   0.2658  -5.3324  66.4719  -0.0187  -0.8527   0.5221   0.7940   0.9587
  8   0.2581  -5.1025  66.9233  -0.0167  -0.8047   0.5935   0.7938   0.9703
GUERILLA_Working1.BMP
  8  -2.0625  -3.9272  67.0879  -0.6492  -0.5161   0.5588   0.7346   0.9874
  8  -1.6125  -4.5598  66.4183  -0.5872  -0.7485   0.3080   0.7482   0.9597
  8   0.2581  -5.1025  66.9233  -0.0167  -0.8047   0.5935   0.7938   0.9703
GUERILLA_Working1.BMP
  8  -2.8863  -0.7676  65.0421  -0.9961  -0.0029   0.0884   0.6683   0.9177
  8  -2.5080   0.5097  67.2356  -0.8403   0.3129   0.4426   0.6374   0.9710
  8  -1.9574   2.6420  63.8582  -0.6348   0.7725  -0.0186   0.5914   0.8899
GUERILLA_Working1.BMP
  8  -1.1134   2.5504  66.8330  -0.3056   0.8261   0.4735   0.5938   0.9619
  8  -1.9574   2.6420  63.8582  -0.6348   0.7725  -0.0186   0.5914   0.8899
  8  -2.5080   0.5097  67.2356  -0.8403   0.3129   0.4426   0.6374   0.9710
GUERILLA_Working1.BMP
  8  -1.9574   2.6420  63.8582  -0.6348   0.7725  -0.0186   0.5786   0.9087
  8  -1.1134   2.5504  66.8330  -0.3056   0.8261   0.4735   0.5729   0.9801
  8   2.4631   2.6645  63.7895   0.6385   0.7696  -0.0047   0.5026   0.9072
GUERILLA_Working1.BMP
  8   1.7247   2.5485  66.8039   0.3616   0.7606   0.5392   0.5095   0.9803
  8   2.4631   2.6645  63.7895   0.6385   0.7696  -0.0047   0.5026   0.9072
  8  -1.1134   2.5504  66.8330  -0.3056   0.8261   0.4735   0.5729   0.9801
GUERILLA_Working1.BMP
  8  -2.0625  -3.9272  67.0879  -0.6492  -0.5161   0.5588   0.7346   0.9874
  8  -2.4850  -3.1654  65.9231  -0.9178  -0.3926   0.0587   0.7086   0.9462
  8  -1.6125  -4.5598  66.4183  -0.5872  -0.7485   0.3080   0.7482   0.9597
GUERILLA_Working1.BMP
  8  -2.0625  -3.9272  67.0879  -0.6492  -0.5161   0.5588   0.7346   0.9874
  8  -2.3788  -1.2077  67.5171  -0.8524  -0.0356   0.5217   0.6790   0.9778
  8  -2.4850  -3.1654  65.9231  -0.9178  -0.3926   0.0587   0.7086   0.9462
GUERILLA_Working1.BMP
  8  -2.3788  -1.2077  67.5171  -0.8524  -0.0356   0.5217   0.6790   0.9778
  8  -2.8863  -0.7676  65.0421  -0.9961  -0.0029   0.0884   0.6683   0.9177
  8  -2.4850  -3.1654  65.9231  -0.9178  -0.3926   0.0587   0.7086   0.9462
GUERILLA_Working1.BMP
  8   0.2581  -5.1025  66.9233  -0.0167  -0.8047   0.5935   0.7938   0.9703
  8   0.2725  -4.3935  67.6338  -0.0014  -0.4863   0.8738   0.7941   0.9858
  8  -2.0625  -3.9272  67.0879  -0.6492  -0.5161   0.5588   0.7346   0.9874
GUERILLA_Working1.BMP
  8  -1.4324   0.8046  67.8493  -0.4575   0.3122   0.8326   0.5522   0.6530
  8   0.2725   1.3004  68.1588  -0.0144   0.3747   0.9270   0.6025   0.6676
  8  -1.1134   2.5504  66.8330  -0.3056   0.8261   0.4735   0.5616   0.7049
GUERILLA_Working1.BMP
  8  -1.1134   2.5504  66.8330  -0.3056   0.8261   0.4735   0.5616   0.7049
  8   0.2725   1.3004  68.1588  -0.0144   0.3747   0.9270   0.6025   0.6676
  8   1.7247   2.5485  66.8039   0.3616   0.7606   0.5392   0.6453   0.7048
GUERILLA_Working1.BMP
  8   2.0129   0.6723  67.9929   0.4527   0.3015   0.8391   0.6539   0.6491
  8   1.7247   2.5485  66.8039   0.3616   0.7606   0.5392   0.6453   0.7048
  8   0.2725   1.3004  68.1588  -0.0144   0.3747   0.9270   0.6025   0.6676
GUERILLA_Working1.BMP
  8   3.0789  -1.2350  67.4686   0.8602  -0.0892   0.5021   0.6853   0.5928
  8   3.2082   0.4830  67.1538   0.8683   0.3096   0.3875   0.6891   0.6437
  8   2.0129   0.6723  67.9929   0.4527   0.3015   0.8391   0.6539   0.6491
GUERILLA_Working1.BMP
  8   2.0129   0.6723  67.9929   0.4527   0.3015   0.8391   0.6539   0.6491
  8   2.0296  -1.4996  68.3437   0.3558  -0.0919   0.9300   0.6543   0.5848
  8   3.0789  -1.2350  67.4686   0.8602  -0.0892   0.5021   0.6853   0.5928
GUERILLA_Working1.BMP
  8   2.3341  -3.9399  67.1795   0.6138  -0.4911   0.6181   0.6652   0.5152
  8   2.0296  -1.4996  68.3437   0.3558  -0.0919   0.9300   0.6543   0.5848
  8   0.2725  -4.3935  67.6338  -0.0014  -0.4863   0.8738   0.6025   0.5139
GUERILLA_Working1.BMP
  8   2.3341  -3.9399  67.1795   0.6138  -0.4911   0.6181   0.8456   0.9869
  8   0.2725  -4.3935  67.6338  -0.0014  -0.4863   0.8738   0.7941   0.9858
  8   0.2581  -5.1025  66.9233  -0.0167  -0.8047   0.5935   0.7938   0.9703
GUERILLA_Working1.BMP
  8   2.0296  -1.4996  68.3437   0.3558  -0.0919   0.9300   0.6543   0.5848
  8   2.3341  -3.9399  67.1795   0.6138  -0.4911   0.6181   0.6652   0.5152
  8   3.0789  -1.2350  67.4686   0.8602  -0.0892   0.5021   0.6853   0.5928
GUERILLA_Working1.BMP
  8  -1.0053  -5.6252  64.0797  -0.4270  -0.8760  -0.2242   0.7576   0.9019
  8   1.7371  -5.6449  64.0770   0.4147  -0.8915  -0.1823   0.8334   0.9010
  8   1.4499  -5.5052  65.8296   0.3661  -0.9112   0.1889   0.8226   0.9438
GUERILLA_Working1.BMP
  8  -0.8355  -5.5199  65.8104  -0.4405  -0.8693   0.2241   0.7685   0.9438
  8  -1.0053  -5.6252  64.0797  -0.4270  -0.8760  -0.2242   0.7576   0.9019
  8   1.4499  -5.5052  65.8296   0.3661  -0.9112   0.1889   0.8226   0.9438
GUERILLA_Working1.BMP
  8  -0.8355  -5.5199  65.8104  -0.4405  -0.8693   0.2241   0.7685   0.9438
  8   1.4499  -5.5052  65.8296   0.3661  -0.9112   0.1889   0.8226   0.9438
  8   0.2658  -5.3324  66.4719  -0.0187  -0.8527   0.5221   0.7940   0.9587
GUERILLA_Working1.BMP
 58  -0.9028  -3.3699  57.1457  -0.3264  -0.8393   0.4348   0.7614   0.6658
  8  -1.1293  -2.5274  59.1642  -0.5105  -0.2401  -0.8257   0.7730   0.7376
  8  -2.1472  -0.9649  60.1405  -0.9571  -0.1298  -0.2592   0.6997   0.7911
GUERILLA_Working1.BMP
 58  -0.9028  -3.3699  57.1457  -0.3264  -0.8393   0.4348   0.7614   0.6658
  8  -2.1472  -0.9649  60.1405  -0.9571  -0.1298  -0.2592   0.6997   0.7911
 58  -2.2657  -0.8907  58.5000  -0.7732  -0.2629   0.5771   0.6859   0.7330
GUERILLA_Working1.BMP
  8  -2.1472  -0.9649  60.1405  -0.9571  -0.1298  -0.2592   0.6997   0.7911
  8  -1.6064   2.2406  60.9197  -0.8083   0.5879  -0.0315   0.6039   0.8187
 58  -2.2657  -0.8907  58.5000  -0.7732  -0.2629   0.5771   0.6859   0.7330
GUERILLA_Working1.BMP
 58  -2.2657  -0.8907  58.5000  -0.7732  -0.2629   0.5771   0.6859   0.7330
  8  -1.6064   2.2406  60.9197  -0.8083   0.5879  -0.0315   0.6039   0.8187
 58  -1.8185   2.7870  58.6013  -0.4213   0.7220   0.5489   0.5970   0.7513
GUERILLA_Working1.BMP
  8  -1.6064   2.2406  60.9197  -0.8083   0.5879  -0.0315   0.9827   0.6794
  8   2.1949   2.2063  60.8780   0.6377   0.7703   0.0012   0.9166   0.6813
 58  -1.8185   2.7870  58.6013  -0.4213   0.7220   0.5489   0.9742   0.6099
GUERILLA_Working1.BMP
 58  -1.8185   2.7870  58.6013  -0.4213   0.7220   0.5489   0.9742   0.6099
  8   2.1949   2.2063  60.8780   0.6377   0.7703   0.0012   0.9166   0.6813
 58   2.4074   2.7790  58.6247   0.6093   0.4968   0.6180   0.9088   0.6134
GUERILLA_Working1.BMP
 58   2.8226  -0.8915  58.4274   0.7767  -0.2535   0.5766   0.9250   0.7430
 58   2.4074   2.7790  58.6247   0.6093   0.4968   0.6180   0.9834   0.7504
  8   2.1949   2.2063  60.8780   0.6377   0.7703   0.0012   0.9763   0.8161
GUERILLA_Working1.BMP
  8   2.1949   2.2063  60.8780   0.6377   0.7703   0.0012   0.9763   0.8161
  8   2.6878  -0.9783  60.0100   0.9584  -0.1164  -0.2608   0.8875   0.7895
 58   2.8226  -0.8915  58.4274   0.7767  -0.2535   0.5766   0.9250   0.7430
GUERILLA_Working1.BMP
  8   2.6878  -0.9783  60.0100   0.9584  -0.1164  -0.2608   0.8875   0.7895
  8   1.7777  -2.5499  59.1511   0.5421  -0.7338  -0.4094   0.8200   0.7386
 58   1.3472  -3.3699  57.1457   0.3293  -0.8356   0.4397   0.8274   0.6654
GUERILLA_Working1.BMP
 58   2.8226  -0.8915  58.4274   0.7767  -0.2535   0.5766   0.9250   0.7430
  8   2.6878  -0.9783  60.0100   0.9584  -0.1164  -0.2608   0.8875   0.7895
 58   1.3472  -3.3699  57.1457   0.3293  -0.8356   0.4397   0.8274   0.6654
GUERILLA_Working1.BMP
 58   1.3472  -3.3699  57.1457   0.3293  -0.8356   0.4397   0.8274   0.6654
  8   1.7777  -2.5499  59.1511   0.5421  -0.7338  -0.4094   0.8200   0.7386
 58  -0.9028  -3.3699  57.1457  -0.3264  -0.8393   0.4348   0.7614   0.6658
GUERILLA_Working1.BMP
  8  -1.1293  -2.5274  59.1642  -0.5105  -0.2401  -0.8257   0.7730   0.7376
 58  -0.9028  -3.3699  57.1457  -0.3264  -0.8393   0.4348   0.7614   0.6658
  8   1.7777  -2.5499  59.1511   0.5421  -0.7338  -0.4094   0.8200   0.7386
GUERILLA_Working1.BMP
  8  -1.6064   2.2406  60.9197  -0.8083   0.5879  -0.0315   0.6039   0.8187
  8  -2.1472  -0.9649  60.1405  -0.9571  -0.1298  -0.2592   0.6997   0.7911
  8  -2.9496  -0.5930  63.0860  -0.9604   0.2517  -0.1198   0.6597   0.8708
GUERILLA_Working1.BMP
  8   2.6878  -0.9783  60.0100   0.9584  -0.1164  -0.2608   0.8875   0.7895
  8   2.1949   2.2063  60.8780   0.6377   0.7703   0.0012   0.9763   0.8161
  8   3.3915  -0.5308  62.9995   0.9769   0.1833  -0.1097   0.9204   0.8675
GUERILLA_Working1.BMP
  8   1.1029  -4.9838  58.8749   0.2430  -0.8495  -0.4683   0.8129   0.7618
  8   0.9899  -5.1499  60.2219   0.2176  -0.9589  -0.1821   0.8132   0.7971
  8  -0.3755  -5.1192  60.2363  -0.2731  -0.9458  -0.1759   0.7796   0.7979
GUERILLA_Working1.BMP
  8  -0.4128  -5.4409  61.4044  -0.6171  -0.7834  -0.0744   0.7766   0.8295
  8  -0.3755  -5.1192  60.2363  -0.2731  -0.9458  -0.1759   0.7796   0.7979
  8   0.9899  -5.1499  60.2219   0.2176  -0.9589  -0.1821   0.8132   0.7971
GUERILLA_Working1.BMP
  8   2.4563  -4.2956  60.8630   0.8441  -0.4984  -0.1979   0.8575   0.8137
  8   0.9899  -5.1499  60.2219   0.2176  -0.9589  -0.1821   0.8132   0.7971
  8   1.1029  -4.9838  58.8749   0.2430  -0.8495  -0.4683   0.8129   0.7618
GUERILLA_Working1.BMP
  8   2.4563  -4.2956  60.8630   0.8441  -0.4984  -0.1979   0.8575   0.8137
  8   1.2411  -4.2885  58.4596   0.4408  -0.0302  -0.8971   0.8199   0.7509
  8   2.6878  -0.9783  60.0100   0.9584  -0.1164  -0.2608   0.8875   0.7895
GUERILLA_Working1.BMP
  8   1.1029  -4.9838  58.8749   0.2430  -0.8495  -0.4683   0.8129   0.7618
  8  -0.4152  -4.9450  58.9272  -0.4249  -0.8111  -0.4019   0.7792   0.7632
  8  -0.5611  -4.2759  58.4467  -0.4605  -0.2461  -0.8529   0.7752   0.7506
GUERILLA_Working1.BMP
  8  -0.5611  -4.2759  58.4467  -0.4605  -0.2461  -0.8529   0.7752   0.7506
  8  -2.1472  -0.9649  60.1405  -0.9571  -0.1298  -0.2592   0.6997   0.7911
  8  -1.1293  -2.5274  59.1642  -0.5105  -0.2401  -0.8257   0.7730   0.7376
GUERILLA_Working1.BMP
  8  -1.7514  -4.1723  60.9147  -0.8365  -0.5086  -0.2038   0.7303   0.8145
  8  -0.5611  -4.2759  58.4467  -0.4605  -0.2461  -0.8529   0.7752   0.7506
  8  -0.4152  -4.9450  58.9272  -0.4249  -0.8111  -0.4019   0.7792   0.7632
GUERILLA_Working1.BMP
  8  -0.3755  -5.1192  60.2363  -0.2731  -0.9458  -0.1759   0.7796   0.7979
  8  -0.4128  -5.4409  61.4044  -0.6171  -0.7834  -0.0744   0.7766   0.8295
  8  -1.7514  -4.1723  60.9147  -0.8365  -0.5086  -0.2038   0.7303   0.8145
GUERILLA_Working1.BMP
  8  -0.5611  -4.2759  58.4467  -0.4605  -0.2461  -0.8529   0.7752   0.7506
  8  -1.7514  -4.1723  60.9147  -0.8365  -0.5086  -0.2038   0.7303   0.8145
  8  -2.1472  -0.9649  60.1405  -0.9571  -0.1298  -0.2592   0.6997   0.7911
GUERILLA_Working1.BMP
  8   1.7777  -2.5499  59.1511   0.5421  -0.7338  -0.4094   0.8200   0.7386
  8   2.6878  -0.9783  60.0100   0.9584  -0.1164  -0.2608   0.8875   0.7895
  8   1.2411  -4.2885  58.4596   0.4408  -0.0302  -0.8971   0.8199   0.7509
GUERILLA_Working1.BMP
  8  -2.9496  -0.5930  63.0860  -0.9604   0.2517  -0.1198   0.6597   0.8708
  8  -1.9574   2.6420  63.8582  -0.6348   0.7725  -0.0186   0.5914   0.8899
  8  -1.6064   2.2406  60.9197  -0.8083   0.5879  -0.0315   0.6039   0.8187
GUERILLA_Working1.BMP
  8   3.3915  -0.5308  62.9995   0.9769   0.1833  -0.1097   0.9204   0.8675
  8   2.4631   2.6645  63.7895   0.6385   0.7696  -0.0047   0.9860   0.8867
  8   3.3660  -0.7739  65.0300   0.9990  -0.0260   0.0369   0.9145   0.9167
GUERILLA_Working1.BMP
  8   3.2082   0.4830  67.1538   0.8683   0.3096   0.3875   0.9447   0.9681
  8   3.0789  -1.2350  67.4686   0.8602  -0.0892   0.5021   0.9030   0.9759
  8   3.3660  -0.7739  65.0300   0.9990  -0.0260   0.0369   0.9145   0.9167
GUERILLA_Working1.BMP
  8   2.4631   2.6645  63.7895   0.6385   0.7696  -0.0047   0.9860   0.8867
  8   3.2082   0.4830  67.1538   0.8683   0.3096   0.3875   0.9447   0.9681
  8   3.3660  -0.7739  65.0300   0.9990  -0.0260   0.0369   0.9145   0.9167
GUERILLA_Working1.BMP
  8   3.3915  -0.5308  62.9995   0.9769   0.1833  -0.1097   0.9204   0.8675
  8   2.1949   2.2063  60.8780   0.6377   0.7703   0.0012   0.9763   0.8161
  8   2.4631   2.6645  63.7895   0.6385   0.7696  -0.0047   0.9860   0.8867
GUERILLA_Working1.BMP
  8  -2.9496  -0.5930  63.0860  -0.9604   0.2517  -0.1198   0.6597   0.8708
  8  -2.8863  -0.7676  65.0421  -0.9961  -0.0029   0.0884   0.6683   0.9177
  8  -1.9574   2.6420  63.8582  -0.6348   0.7725  -0.0186   0.5914   0.8899
GUERILLA_Working1.BMP
  8   2.1949   2.2063  60.8780   0.6377   0.7703   0.0012   0.4930   0.8366
  8  -1.6064   2.2406  60.9197  -0.8083   0.5879  -0.0315   0.5829   0.8367
  8  -1.9574   2.6420  63.8582  -0.6348   0.7725  -0.0186   0.5786   0.9087
GUERILLA_Working1.BMP
  8  -1.9574   2.6420  63.8582  -0.6348   0.7725  -0.0186   0.5786   0.9087
  8   2.4631   2.6645  63.7895   0.6385   0.7696  -0.0047   0.5026   0.9072
  8   2.1949   2.2063  60.8780   0.6377   0.7703   0.0012   0.4930   0.8366
GUERILLA_Working1.BMP
  8   2.9642  -3.1568  65.9186   0.9235  -0.3713   0.0963   0.8741   0.9446
  8   2.9227  -3.7858  63.7068   0.9269  -0.3662  -0.0825   0.8660   0.8877
  8   3.3660  -0.7739  65.0300   0.9990  -0.0260   0.0369   0.9145   0.9167
GUERILLA_Working1.BMP
  8  -2.5080   0.5097  67.2356  -0.8403   0.3129   0.4426   0.6374   0.9710
  8  -2.8863  -0.7676  65.0421  -0.9961  -0.0029   0.0884   0.6683   0.9177
  8  -2.3788  -1.2077  67.5171  -0.8524  -0.0356   0.5217   0.6790   0.9778
GUERILLA_Working1.BMP
  8  -0.0288  -6.2806  62.0239  -0.5414  -0.8397   0.0420   0.7871   0.8433
  8  -0.0153  -5.6519  63.6812  -0.3879  -0.9198   0.0589   0.7859   0.8912
  8  -0.4128  -5.4409  61.4044  -0.6171  -0.7834  -0.0744   0.7766   0.8295
GUERILLA_Working1.BMP
  8   0.5720  -6.2844  62.0330   0.3450  -0.9355   0.0769   0.8028   0.8436
  8  -0.0153  -5.6519  63.6812  -0.3879  -0.9198   0.0589   0.7859   0.8912
  8  -0.0288  -6.2806  62.0239  -0.5414  -0.8397   0.0420   0.7871   0.8433
GUERILLA_Working1.BMP
  8   0.5720  -6.2844  62.0330   0.3450  -0.9355   0.0769   0.8028   0.8436
  8  -0.0288  -6.2806  62.0239  -0.5414  -0.8397   0.0420   0.7871   0.8433
  8   0.0440  -6.1771  61.4025  -0.3145  -0.9297  -0.1917   0.7890   0.8271
GUERILLA_Working1.BMP
  8  -0.0153  -5.6519  63.6812  -0.3879  -0.9198   0.0589   0.7859   0.8912
  8   0.5720  -6.2844  62.0330   0.3450  -0.9355   0.0769   0.8028   0.8436
  8   0.5459  -5.6522  63.6840   0.4970  -0.8678  -0.0043   0.8006   0.8913
GUERILLA_Working1.BMP
  8   0.5720  -6.2844  62.0330   0.3450  -0.9355   0.0769   0.8028   0.8436
  8   1.0032  -5.4239  61.4031   0.6341  -0.7721  -0.0419   0.8136   0.8295
  8   0.5459  -5.6522  63.6840   0.4970  -0.8678  -0.0043   0.8006   0.8913
GUERILLA_Working1.BMP
  8  -1.1293  -2.5274  59.1642  -0.5105  -0.2401  -0.8257   0.7730   0.7376
  8   1.7777  -2.5499  59.1511   0.5421  -0.7338  -0.4094   0.8200   0.7386
  8   1.2411  -4.2885  58.4596   0.4408  -0.0302  -0.8971   0.8199   0.7509
GUERILLA_Working1.BMP
  8  -0.5611  -4.2759  58.4467  -0.4605  -0.2461  -0.8529   0.7752   0.7506
  8   1.2411  -4.2885  58.4596   0.4408  -0.0302  -0.8971   0.8199   0.7509
  8   1.1029  -4.9838  58.8749   0.2430  -0.8495  -0.4683   0.8129   0.7618
GUERILLA_Working1.BMP
  8   1.2411  -4.2885  58.4596   0.4408  -0.0302  -0.8971   0.8199   0.7509
  8   2.4563  -4.2956  60.8630   0.8441  -0.4984  -0.1979   0.8575   0.8137
  8   1.1029  -4.9838  58.8749   0.2430  -0.8495  -0.4683   0.8129   0.7618
GUERILLA_Working1.BMP
  3   2.5772  -6.2023  40.7055   0.1922  -0.9724  -0.1324   0.4794   0.6473
  5   2.4725  -6.7214  49.6287   0.1331  -0.9535   0.2704   0.4809   0.7882
  5   2.0681  -6.7381  50.2759   0.1225  -0.9922   0.0249   0.4949   0.8004
GUERILLA_Working1.BMP
  5   2.0681  -6.7381  50.2759   0.1225  -0.9922   0.0249   0.4949   0.8004
  3   1.9022  -6.2421  39.6638   0.4065  -0.8893  -0.2097   0.4911   0.6321
  3   2.5772  -6.2023  40.7055   0.1922  -0.9724  -0.1324   0.4794   0.6473
GUERILLA_Working1.BMP
  5   2.4725  -6.7214  49.6287   0.1331  -0.9535   0.2704   0.4809   0.7882
  5   6.4695  -5.7427  49.7224   0.7493  -0.6409   0.1669   0.4233   0.7915
  6   6.7748  -5.6625  51.1882   0.6852  -0.7268   0.0482   0.4080   0.8149
GUERILLA_Working1.BMP
  6   6.7748  -5.6625  51.1882   0.6852  -0.7268   0.0482   0.4080   0.8149
  5   2.0681  -6.7381  50.2759   0.1225  -0.9922   0.0249   0.4949   0.8004
  5   2.4725  -6.7214  49.6287   0.1331  -0.9535   0.2704   0.4809   0.7882
GUERILLA_Working1.BMP
  3   6.2471  -4.2339  41.0998   0.6049  -0.7557  -0.2511   0.4225   0.6531
  3   2.5772  -6.2023  40.7055   0.1922  -0.9724  -0.1324   0.4794   0.6473
  3   1.9022  -6.2421  39.6638   0.4065  -0.8893  -0.2097   0.4911   0.6321
GUERILLA_Working1.BMP
  3   1.9022  -6.2421  39.6638   0.4065  -0.8893  -0.2097   0.4911   0.6321
  3   6.5268  -3.6047  39.9961   0.7952  -0.5216  -0.3092   0.4025   0.6431
  3   6.2471  -4.2339  41.0998   0.6049  -0.7557  -0.2511   0.4225   0.6531
GUERILLA_Working1.BMP
  5   6.4695  -5.7427  49.7224   0.7493  -0.6409   0.1669   0.4233   0.7915
  3   6.2471  -4.2339  41.0998   0.6049  -0.7557  -0.2511   0.4225   0.6531
  3   6.5268  -3.6047  39.9961   0.7952  -0.5216  -0.3092   0.4025   0.6431
GUERILLA_Working1.BMP
  3   6.5268  -3.6047  39.9961   0.7952  -0.5216  -0.3092   0.4025   0.6431
  6   6.7748  -5.6625  51.1882   0.6852  -0.7268   0.0482   0.4080   0.8149
  5   6.4695  -5.7427  49.7224   0.7493  -0.6409   0.1669   0.4233   0.7915
GUERILLA_Working1.BMP
  3   3.0130  -6.9846  41.0124  -0.2317  -0.9012  -0.3663   0.4718   0.6554
  5   2.9385  -7.5125  49.2236  -0.1516  -0.8025   0.5771   0.4736   0.7818
  5   2.4725  -6.7214  49.6287   0.1331  -0.9535   0.2704   0.4809   0.7882
GUERILLA_Working1.BMP
  5   2.4725  -6.7214  49.6287   0.1331  -0.9535   0.2704   0.4809   0.7882
  3   2.5772  -6.2023  40.7055  -0.1717  -0.4613  -0.8704   0.4794   0.6473
  3   3.0130  -6.9846  41.0124  -0.2317  -0.9012  -0.3663   0.4718   0.6554
GUERILLA_Working1.BMP
  5   2.9385  -7.5125  49.2236  -0.1516  -0.8025   0.5771   0.4736   0.7818
  5   6.5390  -6.6308  49.2441   0.7817  -0.5989   0.1742   0.4314   0.7834
  5   6.4695  -5.7427  49.7224   0.7493  -0.6409   0.1669   0.4233   0.7915
GUERILLA_Working1.BMP
  5   6.4695  -5.7427  49.7224   0.7493  -0.6409   0.1669   0.4233   0.7915
  5   2.4725  -6.7214  49.6287   0.1331  -0.9535   0.2704   0.4809   0.7882
  5   2.9385  -7.5125  49.2236  -0.1516  -0.8025   0.5771   0.4736   0.7818
GUERILLA_Working1.BMP
  3   6.3191  -5.2712  41.4303   0.6263  -0.4213  -0.6559   0.4312   0.6591
  3   3.0130  -6.9846  41.0124  -0.2317  -0.9012  -0.3663   0.4718   0.6554
  3   2.5772  -6.2023  40.7055  -0.1717  -0.4613  -0.8704   0.4794   0.6473
GUERILLA_Working1.BMP
  3   2.5772  -6.2023  40.7055  -0.1717  -0.4613  -0.8704   0.4794   0.6473
  3   6.2471  -4.2339  41.0998   0.9187  -0.0535  -0.3914   0.4225   0.6531
  3   6.3191  -5.2712  41.4303   0.6263  -0.4213  -0.6559   0.4312   0.6591
GUERILLA_Working1.BMP
  5   6.5390  -6.6308  49.2441   0.7817  -0.5989   0.1742   0.4314   0.7834
  3   6.3191  -5.2712  41.4303   0.6263  -0.4213  -0.6559   0.4312   0.6591
  3   6.2471  -4.2339  41.0998   0.9187  -0.0535  -0.3914   0.4225   0.6531
GUERILLA_Working1.BMP
  3   6.2471  -4.2339  41.0998   0.9187  -0.0535  -0.3914   0.4225   0.6531
  5   6.4695  -5.7427  49.7224   0.7493  -0.6409   0.1669   0.4233   0.7915
  5   6.5390  -6.6308  49.2441   0.7817  -0.5989   0.1742   0.4314   0.7834
GUERILLA_Working1.BMP
  3   3.0130  -6.9846  41.0124  -0.2317  -0.9012  -0.3663   0.4718   0.6554
  3   6.3191  -5.2712  41.4303   0.6263  -0.4213  -0.6559   0.4312   0.6591
  5   6.5390  -6.6308  49.2441   0.7817  -0.5989   0.1742   0.4314   0.7834
GUERILLA_Working1.BMP
  3   3.0130  -6.9846  41.0124  -0.2317  -0.9012  -0.3663   0.4718   0.6554
  5   6.5390  -6.6308  49.2441   0.7817  -0.5989   0.1742   0.4314   0.7834
  5   2.9385  -7.5125  49.2236  -0.1516  -0.8025   0.5771   0.4736   0.7818
GUERILLA_Working1.BMP
  3  -2.0847  -6.2023  40.6797  -0.2366  -0.8939  -0.3809   0.4794   0.6473
  5  -1.3255  -6.7381  50.2256  -0.1312  -0.9904   0.0427   0.4949   0.8004
  5  -1.9854  -6.7214  49.6028  -0.1343  -0.9382   0.3188   0.4809   0.7882
GUERILLA_Working1.BMP
  5  -1.3255  -6.7381  50.2256  -0.1312  -0.9904   0.0427   0.4949   0.8004
  3  -2.0847  -6.2023  40.6797  -0.2366  -0.8939  -0.3809   0.4794   0.6473
  3  -1.3920  -6.2421  39.6509  -0.4121  -0.8886  -0.2015   0.4911   0.6321
GUERILLA_Working1.BMP
  5  -1.9854  -6.7214  49.6028  -0.1343  -0.9382   0.3188   0.4809   0.7882
  6  -6.3168  -5.5049  51.1976  -0.7091  -0.7039   0.0405   0.4080   0.8149
  5  -5.9825  -5.7427  49.7287  -0.8552  -0.4644   0.2301   0.4233   0.7915
GUERILLA_Working1.BMP
  6  -6.3168  -5.5049  51.1976  -0.7091  -0.7039   0.0405   0.4080   0.8149
  5  -1.9854  -6.7214  49.6028  -0.1343  -0.9382   0.3188   0.4809   0.7882
  5  -1.3255  -6.7381  50.2256  -0.1312  -0.9904   0.0427   0.4949   0.8004
GUERILLA_Working1.BMP
  3  -5.7584  -4.2339  41.0739  -0.8716  -0.3544  -0.3388   0.4225   0.6531
  3  -1.3920  -6.2421  39.6509  -0.4121  -0.8886  -0.2015   0.4911   0.6321
  3  -2.0847  -6.2023  40.6797  -0.2366  -0.8939  -0.3809   0.4794   0.6473
GUERILLA_Working1.BMP
  3  -1.3920  -6.2421  39.6509  -0.4121  -0.8886  -0.2015   0.4911   0.6321
  3  -5.7584  -4.2339  41.0739  -0.8716  -0.3544  -0.3388   0.4225   0.6531
  3  -5.7048  -3.6047  39.6613  -0.8625  -0.4083  -0.2990   0.4025   0.6431
GUERILLA_Working1.BMP
  5  -5.9825  -5.7427  49.7287  -0.8552  -0.4644   0.2301   0.4233   0.7915
  3  -5.7048  -3.6047  39.6613  -0.8625  -0.4083  -0.2990   0.4025   0.6431
  3  -5.7584  -4.2339  41.0739  -0.8716  -0.3544  -0.3388   0.4225   0.6531
GUERILLA_Working1.BMP
  3  -5.7048  -3.6047  39.6613  -0.8625  -0.4083  -0.2990   0.4025   0.6431
  5  -5.9825  -5.7427  49.7287  -0.8552  -0.4644   0.2301   0.4233   0.7915
  6  -6.3168  -5.5049  51.1976  -0.7091  -0.7039   0.0405   0.4080   0.8149
GUERILLA_Working1.BMP
  3  -2.5205  -6.9846  40.9866   0.2317  -0.9013  -0.3659   0.4718   0.6554
  5  -1.9854  -6.7214  49.6028  -0.1343  -0.9382   0.3188   0.4809   0.7882
  5  -2.4514  -7.5125  49.1977   0.1559  -0.8024   0.5760   0.4736   0.7818
GUERILLA_Working1.BMP
  5  -1.9854  -6.7214  49.6028  -0.1343  -0.9382   0.3188   0.4809   0.7882
  3  -2.5205  -6.9846  40.9866   0.2317  -0.9013  -0.3659   0.4718   0.6554
  3  -2.0847  -6.2023  40.6797  -0.2366  -0.8939  -0.3809   0.4794   0.6473
GUERILLA_Working1.BMP
  5  -2.4514  -7.5125  49.1977   0.1559  -0.8024   0.5760   0.4736   0.7818
  5  -5.9825  -5.7427  49.7287  -0.8552  -0.4644   0.2301   0.4233   0.7915
  5  -6.0519  -6.6308  49.2505  -0.7807  -0.6000   0.1746   0.4314   0.7834
GUERILLA_Working1.BMP
  5  -5.9825  -5.7427  49.7287  -0.8552  -0.4644   0.2301   0.4233   0.7915
  5  -2.4514  -7.5125  49.1977   0.1559  -0.8024   0.5760   0.4736   0.7818
  5  -1.9854  -6.7214  49.6028  -0.1343  -0.9382   0.3188   0.4809   0.7882
GUERILLA_Working1.BMP
  3  -5.8303  -5.2712  41.4044  -0.6262  -0.4215  -0.6559   0.4312   0.6591
  3  -2.0847  -6.2023  40.6797  -0.2366  -0.8939  -0.3809   0.4794   0.6473
  3  -2.5205  -6.9846  40.9866   0.2317  -0.9013  -0.3659   0.4718   0.6554
GUERILLA_Working1.BMP
  3  -2.0847  -6.2023  40.6797  -0.2366  -0.8939  -0.3809   0.4794   0.6473
  3  -5.8303  -5.2712  41.4044  -0.6262  -0.4215  -0.6559   0.4312   0.6591
  3  -5.7584  -4.2339  41.0739  -0.8716  -0.3544  -0.3388   0.4225   0.6531
GUERILLA_Working1.BMP
  5  -6.0519  -6.6308  49.2505  -0.7807  -0.6000   0.1746   0.4314   0.7834
  3  -5.7584  -4.2339  41.0739  -0.8716  -0.3544  -0.3388   0.4225   0.6531
  3  -5.8303  -5.2712  41.4044  -0.6262  -0.4215  -0.6559   0.4312   0.6591
GUERILLA_Working1.BMP
  3  -5.7584  -4.2339  41.0739  -0.8716  -0.3544  -0.3388   0.4225   0.6531
  5  -6.0519  -6.6308  49.2505  -0.7807  -0.6000   0.1746   0.4314   0.7834
  5  -5.9825  -5.7427  49.7287  -0.8552  -0.4644   0.2301   0.4233   0.7915
GUERILLA_Working1.BMP
  3  -2.5205  -6.9846  40.9866   0.2317  -0.9013  -0.3659   0.4718   0.6554
  5  -6.0519  -6.6308  49.2505  -0.7807  -0.6000   0.1746   0.4314   0.7834
  3  -5.8303  -5.2712  41.4044  -0.6262  -0.4215  -0.6559   0.4312   0.6591
GUERILLA_Working1.BMP
  3  -2.5205  -6.9846  40.9866   0.2317  -0.9013  -0.3659   0.4718   0.6554
  5  -2.4514  -7.5125  49.1977   0.1559  -0.8024   0.5760   0.4736   0.7818
  5  -6.0519  -6.6308  49.2505  -0.7807  -0.6000   0.1746   0.4314   0.7834
GUERILLA_Working1.BMP
  6   3.9568  -6.0177  53.0651  -0.1780  -0.9567   0.2303   0.4557   0.8468
 10   4.6214  -4.2077  56.7372  -0.1024  -0.7315   0.6741   0.4350   0.9094
 10   4.2356  -3.8415  57.3232   0.0791  -0.7834   0.6165   0.4520   0.9232
GUERILLA_Working1.BMP
 10   4.2356  -3.8415  57.3232   0.0791  -0.7834   0.6165   0.4520   0.9232
  6   3.0938  -6.2388  52.9514   0.1782  -0.9616   0.2087   0.4741   0.8425
  6   3.9568  -6.0177  53.0651  -0.1780  -0.9567   0.2303   0.4557   0.8468
GUERILLA_Working1.BMP
 10   4.6214  -4.2077  56.7372  -0.1024  -0.7315   0.6741   0.4350   0.9094
 10   6.8496  -3.9506  56.2210   0.5818  -0.6755   0.4531   0.4008   0.8992
 10   7.3012  -3.5789  56.9748   0.5823  -0.6448   0.4951   0.3833   0.9082
GUERILLA_Working1.BMP
 10   7.3012  -3.5789  56.9748   0.5823  -0.6448   0.4951   0.3833   0.9082
 10   4.2356  -3.8415  57.3232   0.0791  -0.7834   0.6165   0.4520   0.9232
 10   4.6214  -4.2077  56.7372  -0.1024  -0.7315   0.6741   0.4350   0.9094
GUERILLA_Working1.BMP
  6   6.1903  -5.7945  52.3496   0.6033  -0.7943  -0.0719   0.4218   0.8336
  6   3.9568  -6.0177  53.0651  -0.1780  -0.9567   0.2303   0.4557   0.8468
  6   3.0938  -6.2388  52.9514   0.1782  -0.9616   0.2087   0.4741   0.8425
GUERILLA_Working1.BMP
  6   3.0938  -6.2388  52.9514   0.1782  -0.9616   0.2087   0.4741   0.8425
  6   6.7748  -5.6625  51.1882   0.6852  -0.7268   0.0482   0.4080   0.8149
  6   6.1903  -5.7945  52.3496   0.6033  -0.7943  -0.0719   0.4218   0.8336
GUERILLA_Working1.BMP
 10   6.8496  -3.9506  56.2210   0.5818  -0.6755   0.4531   0.4008   0.8992
  6   6.1903  -5.7945  52.3496   0.6033  -0.7943  -0.0719   0.4218   0.8336
  6   6.7748  -5.6625  51.1882   0.6852  -0.7268   0.0482   0.4080   0.8149
GUERILLA_Working1.BMP
  6   6.7748  -5.6625  51.1882   0.6852  -0.7268   0.0482   0.4080   0.8149
 10   7.3012  -3.5789  56.9748   0.5823  -0.6448   0.4951   0.3833   0.9082
 10   6.8496  -3.9506  56.2210   0.5818  -0.6755   0.4531   0.4008   0.8992
GUERILLA_Working1.BMP
  6   4.2977  -6.3654  53.3921  -0.1785  -0.9705   0.1623   0.4465   0.8514
 10   4.8994  -4.7423  56.7218  -0.1887  -0.5736   0.7971   0.4295   0.9020
 10   4.6214  -4.2077  56.7372  -0.8226  -0.4382   0.3622   0.4350   0.9094
GUERILLA_Working1.BMP
 10   4.6214  -4.2077  56.7372  -0.1024  -0.7315   0.6741   0.4350   0.9094
  6   3.9568  -6.0177  53.0651  -0.1780  -0.9567   0.2303   0.4557   0.8468
  6   4.2977  -6.3654  53.3921  -0.8131  -0.4502   0.3690   0.4465   0.8514
GUERILLA_Working1.BMP
 10   4.8994  -4.7423  56.7218  -0.1887  -0.5736   0.7971   0.4295   0.9020
 10   6.7718  -4.5263  56.2880   0.7141  -0.5516   0.4310   0.4080   0.8956
 10   6.8496  -3.9506  56.2210   0.5818  -0.6755   0.4531   0.4008   0.8992
GUERILLA_Working1.BMP
 10   6.8496  -3.9506  56.2210   0.5818  -0.6755   0.4531   0.4008   0.8992
 10   4.6214  -4.2077  56.7372  -0.1024  -0.7315   0.6741   0.4350   0.9094
 10   4.8994  -4.7423  56.7218   0.2157   0.0841   0.9728   0.4295   0.9020
GUERILLA_Working1.BMP
  6   6.1746  -6.1778  52.7909   0.3214  -0.8794  -0.3513   0.4255   0.8400
  6   4.2977  -6.3654  53.3921  -0.1785  -0.9705   0.1623   0.4465   0.8514
  6   3.9568  -6.0177  53.0651  -0.1780  -0.9567   0.2303   0.4557   0.8468
GUERILLA_Working1.BMP
  6   3.9568  -6.0177  53.0651  -0.1780  -0.9567   0.2303   0.4557   0.8468
  6   6.1903  -5.7945  52.3496   0.6033  -0.7943  -0.0719   0.4218   0.8336
  6   6.1746  -6.1778  52.7909   0.3214  -0.8794  -0.3513   0.4255   0.8400
GUERILLA_Working1.BMP
 10   6.7718  -4.5263  56.2880   0.7141  -0.5516   0.4310   0.4080   0.8956
  6   6.1746  -6.1778  52.7909   0.3214  -0.8794  -0.3513   0.4255   0.8400
  6   6.1903  -5.7945  52.3496   0.6033  -0.7943  -0.0719   0.4218   0.8336
GUERILLA_Working1.BMP
  6   6.1903  -5.7945  52.3496   0.6033  -0.7943  -0.0719   0.4218   0.8336
 10   6.8496  -3.9506  56.2210   0.5818  -0.6755   0.4531   0.4008   0.8992
 10   6.7718  -4.5263  56.2880   0.7141  -0.5516   0.4310   0.4080   0.8956
GUERILLA_Working1.BMP
  6   4.2977  -6.3654  53.3921  -0.1785  -0.9705   0.1623   0.4465   0.8514
  6   6.1746  -6.1778  52.7909   0.3214  -0.8794  -0.3513   0.4255   0.8400
 10   6.7718  -4.5263  56.2880   0.7141  -0.5516   0.4310   0.4080   0.8956
GUERILLA_Working1.BMP
  6   4.2977  -6.3654  53.3921  -0.1785  -0.9705   0.1623   0.4465   0.8514
 10   6.7718  -4.5263  56.2880   0.7141  -0.5516   0.4310   0.4080   0.8956
 10   4.8994  -4.7423  56.7218  -0.1887  -0.5736   0.7971   0.4295   0.9020
GUERILLA_Working1.BMP
  6  -3.3549  -6.0177  53.1126   0.1713  -0.9840   0.0481   0.4557   0.8468
 34  -3.7457  -3.8415  57.4862   0.5487  -0.6375   0.5409   0.4520   0.9232
 34  -4.1733  -4.2077  56.7847   0.0631  -0.7298   0.6808   0.4350   0.9094
GUERILLA_Working1.BMP
 34  -3.7457  -3.8415  57.4862   0.5487  -0.6375   0.5409   0.4520   0.9232
  6  -3.3549  -6.0177  53.1126   0.1713  -0.9840   0.0481   0.4557   0.8468
  6  -2.4629  -6.2388  52.9155   0.5501  -0.7810   0.2955   0.4741   0.8425
GUERILLA_Working1.BMP
 34  -4.1733  -4.2077  56.7847   0.0631  -0.7298   0.6808   0.4350   0.9094
 34  -6.8551  -3.5789  56.8667  -0.6129  -0.6369   0.4676   0.3833   0.9082
 34  -6.4016  -3.9506  56.2685  -0.6142  -0.6561   0.4385   0.4008   0.8992
GUERILLA_Working1.BMP
 34  -6.8551  -3.5789  56.8667  -0.6129  -0.6369   0.4676   0.3833   0.9082
 34  -4.1733  -4.2077  56.7847   0.0631  -0.7298   0.6808   0.4350   0.9094
 34  -3.7457  -3.8415  57.4862   0.5487  -0.6375   0.5409   0.4520   0.9232
GUERILLA_Working1.BMP
  6  -5.5883  -5.7945  52.3971  -0.4441  -0.8878  -0.1206   0.4218   0.8336
  6  -2.4629  -6.2388  52.9155   0.5501  -0.7810   0.2955   0.4741   0.8425
  6  -3.3549  -6.0177  53.1126   0.1713  -0.9840   0.0481   0.4557   0.8468
GUERILLA_Working1.BMP
  6  -2.4629  -6.2388  52.9155   0.5501  -0.7810   0.2955   0.4741   0.8425
  6  -5.5883  -5.7945  52.3971  -0.4441  -0.8878  -0.1206   0.4218   0.8336
  6  -6.3168  -5.5049  51.1976  -0.7091  -0.7039   0.0405   0.4080   0.8149
GUERILLA_Working1.BMP
 34  -6.4016  -3.9506  56.2685  -0.6142  -0.6561   0.4385   0.4008   0.8992
  6  -6.3168  -5.5049  51.1976  -0.7091  -0.7039   0.0405   0.4080   0.8149
  6  -5.5883  -5.7945  52.3971  -0.4441  -0.8878  -0.1206   0.4218   0.8336
GUERILLA_Working1.BMP
  6  -6.3168  -5.5049  51.1976  -0.7091  -0.7039   0.0405   0.4080   0.8149
 34  -6.4016  -3.9506  56.2685  -0.6142  -0.6561   0.4385   0.4008   0.8992
 34  -6.8551  -3.5789  56.8667  -0.6129  -0.6369   0.4676   0.3833   0.9082
GUERILLA_Working1.BMP
  6  -3.6958  -6.3654  53.4396   0.3581  -0.9021   0.2406   0.4465   0.8514
 34  -4.1733  -4.2077  56.7847   0.0631  -0.7298   0.6808   0.4350   0.9094
 34  -4.4513  -4.7423  56.7693   0.0619  -0.3906   0.9185   0.4295   0.9020
GUERILLA_Working1.BMP
 34  -4.1733  -4.2077  56.7847   0.0631  -0.7298   0.6808   0.4350   0.9094
  6  -3.6958  -6.3654  53.4396   0.3581  -0.9021   0.2406   0.4465   0.8514
  6  -3.3549  -6.0177  53.1126   0.1713  -0.9840   0.0481   0.4557   0.8468
GUERILLA_Working1.BMP
 34  -4.4513  -4.7423  56.7693   0.0619  -0.3906   0.9185   0.4295   0.9020
 34  -6.4016  -3.9506  56.2685  -0.6142  -0.6561   0.4385   0.4008   0.8992
 34  -6.3238  -4.5263  56.3356  -0.5391  -0.6400   0.5475   0.4080   0.8956
GUERILLA_Working1.BMP
 34  -6.4016  -3.9506  56.2685  -0.6142  -0.6561   0.4385   0.4008   0.8992
 34  -4.4513  -4.7423  56.7693   0.0619  -0.3906   0.9185   0.4295   0.9020
 34  -4.1733  -4.2077  56.7847   0.0631  -0.7298   0.6808   0.4350   0.9094
GUERILLA_Working1.BMP
  6  -5.5726  -6.1778  52.8384  -0.3137  -0.8793  -0.3583   0.4255   0.8400
  6  -3.3549  -6.0177  53.1126   0.1713  -0.9840   0.0481   0.4557   0.8468
  6  -3.6958  -6.3654  53.4396   0.3581  -0.9021   0.2406   0.4465   0.8514
GUERILLA_Working1.BMP
  6  -3.3549  -6.0177  53.1126   0.1713  -0.9840   0.0481   0.4557   0.8468
  6  -5.5726  -6.1778  52.8384  -0.3137  -0.8793  -0.3583   0.4255   0.8400
  6  -5.5883  -5.7945  52.3971  -0.4441  -0.8878  -0.1206   0.4218   0.8336
GUERILLA_Working1.BMP
 34  -6.3238  -4.5263  56.3356  -0.5391  -0.6400   0.5475   0.4080   0.8956
  6  -5.5883  -5.7945  52.3971  -0.9755  -0.1821  -0.1235   0.4218   0.8336
  6  -5.5726  -6.1778  52.8384  -0.3137  -0.8793  -0.3583   0.4255   0.8400
GUERILLA_Working1.BMP
  6  -5.5883  -5.7945  52.3971  -0.4441  -0.8878  -0.1206   0.4218   0.8336
 34  -6.3238  -4.5263  56.3356  -0.9797  -0.1481  -0.1352   0.4080   0.8956
 34  -6.4016  -3.9506  56.2685  -0.6142  -0.6561   0.4385   0.4008   0.8992
GUERILLA_Working1.BMP
  6  -3.6958  -6.3654  53.4396   0.3581  -0.9021   0.2406   0.4465   0.8514
 34  -6.3238  -4.5263  56.3356  -0.5391  -0.6400   0.5475   0.4080   0.8956
  6  -5.5726  -6.1778  52.8384  -0.3137  -0.8793  -0.3583   0.4255   0.8400
GUERILLA_Working1.BMP
  6  -3.6958  -6.3654  53.4396   0.3581  -0.9021   0.2406   0.4465   0.8514
 34  -4.4513  -4.7423  56.7693   0.0619  -0.3906   0.9185   0.4295   0.9020
 34  -6.3238  -4.5263  56.3356  -0.5391  -0.6400   0.5475   0.4080   0.8956
GUERILLA_Working1.BMP
  8   0.2725   1.3004  68.1588  -0.0144   0.3747   0.9270   0.6025   0.6676
  8   0.2725  -1.5566  68.6224  -0.0007  -0.0868   0.9962   0.6025   0.5830
  8   2.0296  -1.4996  68.3437   0.3558  -0.0919   0.9300   0.6543   0.5848
GUERILLA_Working1.BMP
  8   2.0296  -1.4996  68.3437   0.3558  -0.0919   0.9300   0.6543   0.5848
  8   0.2725  -1.5566  68.6224  -0.0007  -0.0868   0.9962   0.6025   0.5830
  8   0.2725  -4.3935  67.6338  -0.0014  -0.4863   0.8738   0.6025   0.5139
GUERILLA_Working1.BMP
  8   2.0129   0.6723  67.9929   0.4527   0.3015   0.8391   0.6539   0.6491
  8   3.2082   0.4830  67.1538   0.8683   0.3096   0.3875   0.6891   0.6437
  8   1.7247   2.5485  66.8039   0.3616   0.7606   0.5392   0.6453   0.7048
GUERILLA_Working1.BMP
  8   0.2725   1.3004  68.1588  -0.0144   0.3747   0.9270   0.6025   0.6676
  8   2.0296  -1.4996  68.3437   0.3558  -0.0919   0.9300   0.6543   0.5848
  8   2.0129   0.6723  67.9929   0.4527   0.3015   0.8391   0.6539   0.6491
GUERILLA_Working1.BMP
  8  -2.3788  -1.2077  67.5171  -0.8524  -0.0356   0.5217   0.5242   0.5936
  8  -1.4324   0.8046  67.8493  -0.4575   0.3122   0.8326   0.5522   0.6530
  8  -2.5080   0.5097  67.2356  -0.8403   0.3129   0.4426   0.5204   0.6445
GUERILLA_Working1.BMP
  8  -1.4324   0.8046  67.8493  -0.4575   0.3122   0.8326   0.5522   0.6530
  8  -2.3788  -1.2077  67.5171  -0.8524  -0.0356   0.5217   0.5242   0.5936
  8  -1.4845  -1.4450  68.3460  -0.3850  -0.0610   0.9209   0.5506   0.5864
GUERILLA_Working1.BMP
  8  -2.0625  -3.9272  67.0879  -0.6492  -0.5161   0.5588   0.5298   0.5159
  8   0.2725  -4.3935  67.6338  -0.0014  -0.4863   0.8738   0.6025   0.5139
  8  -1.4845  -1.4450  68.3460  -0.3850  -0.0610   0.9209   0.5506   0.5864
GUERILLA_Working1.BMP
  8  -1.4845  -1.4450  68.3460  -0.3850  -0.0610   0.9209   0.5506   0.5864
  8  -2.3788  -1.2077  67.5171  -0.8524  -0.0356   0.5217   0.5242   0.5936
  8  -2.0625  -3.9272  67.0879  -0.6492  -0.5161   0.5588   0.5298   0.5159
GUERILLA_Working1.BMP
  8   0.2725   1.3004  68.1588  -0.0144   0.3747   0.9270   0.6025   0.6676
  8  -1.4845  -1.4450  68.3460  -0.3850  -0.0610   0.9209   0.5506   0.5864
  8   0.2725  -1.5566  68.6224  -0.0007  -0.0868   0.9962   0.6025   0.5830
GUERILLA_Working1.BMP
  8  -1.4845  -1.4450  68.3460  -0.3850  -0.0610   0.9209   0.5506   0.5864
  8   0.2725  -4.3935  67.6338  -0.0014  -0.4863   0.8738   0.6025   0.5139
  8   0.2725  -1.5566  68.6224  -0.0007  -0.0868   0.9962   0.6025   0.5830
GUERILLA_Working1.BMP
  8   0.2725   1.3004  68.1588  -0.0144   0.3747   0.9270   0.6025   0.6676
  8  -1.4324   0.8046  67.8493  -0.4575   0.3122   0.8326   0.5522   0.6530
  8  -1.4845  -1.4450  68.3460  -0.3850  -0.0610   0.9209   0.5506   0.5864
GUERILLA_Working1.BMP
  8  -2.5080   0.5097  67.2356  -0.8403   0.3129   0.4426   0.5204   0.6445
  8  -1.4324   0.8046  67.8493  -0.4575   0.3122   0.8326   0.5522   0.6530
  8  -1.1134   2.5504  66.8330  -0.3056   0.8261   0.4735   0.5616   0.7049
GUERILLA_Working1.BMP
  8   2.4563  -4.2956  60.8630   0.8441  -0.4984  -0.1979   0.8575   0.8137
  8   1.0032  -5.4239  61.4031   0.6341  -0.7721  -0.0419   0.8136   0.8295
  8   0.9899  -5.1499  60.2219   0.2176  -0.9589  -0.1821   0.8132   0.7971
GUERILLA_Working1.BMP
  8  -0.4128  -5.4409  61.4044  -0.6171  -0.7834  -0.0744   0.7766   0.8295
  8   0.9899  -5.1499  60.2219   0.2176  -0.9589  -0.1821   0.8132   0.7971
  8   1.0032  -5.4239  61.4031   0.6341  -0.7721  -0.0419   0.8136   0.8295
GUERILLA_Working1.BMP
  8  -0.4152  -4.9450  58.9272  -0.4249  -0.8111  -0.4019   0.7792   0.7632
  8  -0.3755  -5.1192  60.2363  -0.2731  -0.9458  -0.1759   0.7796   0.7979
  8  -1.7514  -4.1723  60.9147  -0.8365  -0.5086  -0.2038   0.7303   0.8145
GUERILLA_Working1.BMP
  8   1.1029  -4.9838  58.8749   0.2430  -0.8495  -0.4683   0.8129   0.7618
  8  -0.3755  -5.1192  60.2363  -0.2731  -0.9458  -0.1759   0.7796   0.7979
  8  -0.4152  -4.9450  58.9272  -0.4249  -0.8111  -0.4019   0.7792   0.7632
GUERILLA_Working1.BMP
  8   3.1330  -1.7942  63.7399   0.9235  -0.3788   0.0606   0.8897   0.8854
  8   3.0590  -1.6236  61.7116   0.9588  -0.0612  -0.2775   0.8936   0.8363
  8   3.6675  -0.7461  63.0207   0.9659   0.1178  -0.2304   0.9188   0.8678
GUERILLA_Working1.BMP
  8   3.1330  -1.7942  63.7399   0.9235  -0.3788   0.0606   0.8897   0.8854
  8   3.6675  -0.7461  63.0207   0.9659   0.1178  -0.2304   0.9188   0.8678
  8   3.6903  -1.0343  64.0831   0.8954  -0.1679   0.4125   0.9095   0.8962
GUERILLA_Working1.BMP
  8   3.0590  -1.6236  61.7116   0.9588  -0.0612  -0.2775   0.8936   0.8363
  8   3.3915  -0.5308  62.9995   0.5614   0.8258  -0.0537   0.9204   0.8675
  8   3.6675  -0.7461  63.0207   0.9659   0.1178  -0.2304   0.9188   0.8678
GUERILLA_Working1.BMP
  8   3.3915  -0.5308  62.9995   0.5614   0.8258  -0.0537   0.9204   0.8675
  8   3.4159  -0.9577  64.2516   0.5548   0.2240   0.8013   0.9102   0.8978
  8   3.6903  -1.0343  64.0831   0.8954  -0.1679   0.4125   0.9095   0.8962
GUERILLA_Working1.BMP
  8   3.6903  -1.0343  64.0831   0.8954  -0.1679   0.4125   0.9095   0.8962
  8   3.6675  -0.7461  63.0207   0.9659   0.1178  -0.2304   0.9188   0.8678
  8   3.3915  -0.5308  62.9995   0.5614   0.8258  -0.0537   0.9204   0.8675
GUERILLA_Working1.BMP
  8   3.1330  -1.7942  63.7399   0.9235  -0.3788   0.0606   0.8897   0.8854
  8   3.6903  -1.0343  64.0831   0.8954  -0.1679   0.4125   0.9095   0.8962
  8   3.4159  -0.9577  64.2516   0.5548   0.2240   0.8013   0.9102   0.8978
GUERILLA_Working1.BMP
  8   3.1330  -1.7942  63.7399   0.9235  -0.3788   0.0606   0.8897   0.8854
  8   2.9227  -3.7858  63.7068   0.9269  -0.3662  -0.0825   0.8660   0.8877
  8   2.4563  -4.2956  60.8630   0.8441  -0.4984  -0.1979   0.8575   0.8137
GUERILLA_Working1.BMP
  8   3.3915  -0.5308  62.9995   0.9769   0.1833  -0.1097   0.9204   0.8675
  8   3.0590  -1.6236  61.7116   0.9588  -0.0612  -0.2775   0.8936   0.8363
  8   2.6878  -0.9783  60.0100   0.9584  -0.1164  -0.2608   0.8875   0.7895
GUERILLA_Working1.BMP
  8   3.3660  -0.7739  65.0300   0.9990  -0.0260   0.0369   0.9145   0.9167
  8   3.4159  -0.9577  64.2516   0.9866  -0.1331   0.0947   0.9102   0.8978
  8   3.3915  -0.5308  62.9995   0.9769   0.1833  -0.1097   0.9204   0.8675
GUERILLA_Working1.BMP
  8   3.1330  -1.7942  63.7399   0.9235  -0.3788   0.0606   0.8897   0.8854
  8   3.3660  -0.7739  65.0300   0.9990  -0.0260   0.0369   0.9145   0.9167
  8   2.9227  -3.7858  63.7068   0.9269  -0.3662  -0.0825   0.8660   0.8877
GUERILLA_Working1.BMP
  8   3.1330  -1.7942  63.7399   0.9235  -0.3788   0.0606   0.8897   0.8854
  8   3.4159  -0.9577  64.2516   0.9866  -0.1331   0.0947   0.9102   0.8978
  8   3.3660  -0.7739  65.0300   0.9990  -0.0260   0.0369   0.9145   0.9167
GUERILLA_Working1.BMP
  8  -1.7514  -4.1723  60.9147  -0.8365  -0.5086  -0.2038   0.7303   0.8145
  8  -2.3323  -3.7017  63.7316  -0.9029  -0.4149  -0.1124   0.7164   0.8887
  8  -2.6904  -1.7814  63.7501  -0.9044  -0.4223   0.0602   0.6928   0.8864
GUERILLA_Working1.BMP
  8  -2.1472  -0.9649  60.1405  -0.9571  -0.1298  -0.2592   0.6997   0.7911
  8  -1.7514  -4.1723  60.9147  -0.8365  -0.5086  -0.2038   0.7303   0.8145
  8  -2.6385  -1.6108  61.7855  -0.9433  -0.0515  -0.3278   0.6877   0.8312
GUERILLA_Working1.BMP
  8  -2.4850  -3.1654  65.9231  -0.9178  -0.3926   0.0587   0.7086   0.9462
  8  -2.8863  -0.7676  65.0421  -0.9961  -0.0029   0.0884   0.6683   0.9177
  8  -2.3323  -3.7017  63.7316  -0.9029  -0.4149  -0.1124   0.7164   0.8887
GUERILLA_Working1.BMP
  8  -2.6904  -1.7814  63.7501  -0.9044  -0.4223   0.0602   0.6928   0.8864
  8  -3.2257  -0.7333  63.0308  -0.9376   0.2116  -0.2758   0.6611   0.8711
  8  -2.6385  -1.6108  61.7855  -0.9433  -0.0515  -0.3278   0.6877   0.8312
GUERILLA_Working1.BMP
  8  -2.6904  -1.7814  63.7501  -0.9044  -0.4223   0.0602   0.6928   0.8864
  8  -3.2964  -1.0214  64.0312  -0.9141  -0.1578   0.3734   0.6723   0.8978
  8  -3.2257  -0.7333  63.0308  -0.9376   0.2116  -0.2758   0.6611   0.8711
GUERILLA_Working1.BMP
  8  -2.6385  -1.6108  61.7855  -0.9433  -0.0515  -0.3278   0.6877   0.8312
  8  -3.2257  -0.7333  63.0308  -0.9376   0.2116  -0.2758   0.6611   0.8711
  8  -2.9496  -0.5930  63.0860  -0.4467   0.8910  -0.0808   0.6597   0.8708
GUERILLA_Working1.BMP
  8  -2.9496  -0.5930  63.0860  -0.4467   0.8910  -0.0808   0.6597   0.8708
  8  -3.2964  -1.0214  64.0312  -0.9141  -0.1578   0.3734   0.6723   0.8978
  8  -2.9884  -0.9066  64.3112  -0.6987   0.1973   0.6876   0.6716   0.9000
GUERILLA_Working1.BMP
  8  -3.2964  -1.0214  64.0312  -0.9141  -0.1578   0.3734   0.6723   0.8978
  8  -2.9496  -0.5930  63.0860  -0.4467   0.8910  -0.0808   0.6597   0.8708
  8  -3.2257  -0.7333  63.0308  -0.9376   0.2116  -0.2758   0.6611   0.8711
GUERILLA_Working1.BMP
  8  -2.6904  -1.7814  63.7501  -0.9044  -0.4223   0.0602   0.6928   0.8864
  8  -2.9884  -0.9066  64.3112  -0.6987   0.1973   0.6876   0.6716   0.9000
  8  -3.2964  -1.0214  64.0312  -0.9141  -0.1578   0.3734   0.6723   0.8978
GUERILLA_Working1.BMP
  8  -2.6904  -1.7814  63.7501  -0.9044  -0.4223   0.0602   0.6928   0.8864
  8  -2.6385  -1.6108  61.7855  -0.9433  -0.0515  -0.3278   0.6877   0.8312
  8  -1.7514  -4.1723  60.9147  -0.8365  -0.5086  -0.2038   0.7303   0.8145
GUERILLA_Working1.BMP
  8  -2.9496  -0.5930  63.0860  -0.9604   0.2517  -0.1198   0.6597   0.8708
  8  -2.1472  -0.9649  60.1405  -0.9571  -0.1298  -0.2592   0.6997   0.7911
  8  -2.6385  -1.6108  61.7855  -0.9433  -0.0515  -0.3278   0.6877   0.8312
GUERILLA_Working1.BMP
  8  -2.8863  -0.7676  65.0421  -0.9961  -0.0029   0.0884   0.6683   0.9177
  8  -2.9496  -0.5930  63.0860  -0.9604   0.2517  -0.1198   0.6597   0.8708
  8  -2.9884  -0.9066  64.3112  -0.9885  -0.0399   0.1456   0.6716   0.9000
GUERILLA_Working1.BMP
  8  -2.6904  -1.7814  63.7501  -0.9044  -0.4223   0.0602   0.6928   0.8864
  8  -2.3323  -3.7017  63.7316  -0.9029  -0.4149  -0.1124   0.7164   0.8887
  8  -2.8863  -0.7676  65.0421  -0.9961  -0.0029   0.0884   0.6683   0.9177
GUERILLA_Working1.BMP
  8  -2.6904  -1.7814  63.7501  -0.9044  -0.4223   0.0602   0.6928   0.8864
  8  -2.8863  -0.7676  65.0421  -0.9961  -0.0029   0.0884   0.6683   0.9177
  8  -2.9884  -0.9066  64.3112  -0.9885  -0.0399   0.1456   0.6716   0.9000
GUERILLA_Working1.BMP
 66  10.3658   2.7574   0.0324  -0.0298  -0.0112  -0.9995   0.3354   0.5722
 66  11.1642   0.1147   0.0382  -0.0098   0.0064  -0.9999   0.3753   0.5850
 66   7.1866   2.9459   0.1249  -0.0173   0.0064  -0.9998   0.3334   0.5238
GUERILLA_Working1.BMP
 66   7.1866   2.9459   0.1249  -0.0173   0.0064  -0.9998   0.3334   0.5238
 66  11.1642   0.1147   0.0382  -0.0098   0.0064  -0.9999   0.3753   0.5850
 66   6.2827   0.5057   0.0708  -0.0053   0.0176  -0.9998   0.3707   0.5108
GUERILLA_Working1.BMP
 67  10.6037  -8.0091   0.1067   0.3935  -0.8921   0.2220   0.7033   0.3425
 67   7.3719  -7.7304   2.2709  -0.4607  -0.7223   0.5158   0.7439   0.3671
 67   7.2722  -7.9732   0.1376  -0.6194  -0.7762   0.1173   0.7497   0.3419
GUERILLA_Working1.BMP
 67  10.0375  -7.7538   2.0931   0.5618  -0.5396   0.6271   0.7104   0.3670
 67   7.3719  -7.7304   2.2709  -0.4607  -0.7223   0.5158   0.7439   0.3671
 67  10.6037  -8.0091   0.1067   0.3935  -0.8921   0.2220   0.7033   0.3425
GUERILLA_Working1.BMP
 66  11.1642   0.1147   0.0382  -0.0098   0.0064  -0.9999   0.3753   0.5850
 66   6.1513  -3.3554   0.0278  -0.0033  -0.0073  -1.0000   0.4292   0.5098
 66   6.2827   0.5057   0.0708  -0.0053   0.0176  -0.9998   0.3707   0.5108
GUERILLA_Working1.BMP
 66  11.3080  -3.3965   0.0332   0.0010  -0.0073  -1.0000   0.4285   0.5881
 66   6.1513  -3.3554   0.0278  -0.0033  -0.0073  -1.0000   0.4292   0.5098
 66  11.1642   0.1147   0.0382  -0.0098   0.0064  -0.9999   0.3753   0.5850
GUERILLA_Working1.BMP
 66   6.1513  -3.3554   0.0278  -0.9718  -0.1158   0.2054   0.7963   0.3821
 66   7.2138  -4.2076   3.6360  -0.6051  -0.3137   0.7317   0.7654   0.4106
 66   6.2827   0.5057   0.0708  -0.9890   0.0683   0.1310   0.8193   0.4134
GUERILLA_Working1.BMP
 66   7.2138  -4.2076   3.6360  -0.6051  -0.3137   0.7317   0.7654   0.4106
 67   8.5513  -6.3596   3.0572   0.0560  -0.3669   0.9286   0.7265   0.3888
 66  10.1063  -4.1945   3.3912   0.6396  -0.2638   0.7220   0.6946   0.4116
GUERILLA_Working1.BMP
 67  10.0375  -7.7538   2.0931   0.5618  -0.5396   0.6271   0.7104   0.3670
 67   8.5513  -6.3596   3.0572   0.0560  -0.3669   0.9286   0.7265   0.3888
 67   7.3719  -7.7304   2.2709  -0.4607  -0.7223   0.5158   0.7439   0.3671
GUERILLA_Working1.BMP
 66  10.1063  -4.1945   3.3912   0.6396  -0.2638   0.7220   0.6946   0.4116
 66  11.3080  -3.3965   0.0332   0.9462  -0.0777   0.3142   0.6613   0.3843
 66  11.1642   0.1147   0.0382   0.9646   0.0808   0.2509   0.6429   0.4127
GUERILLA_Working1.BMP
 67   7.2722  -7.9732   0.1376  -0.0095  -0.0261  -0.9996   0.5009   0.5248
 66   6.1513  -3.3554   0.0278  -0.0033  -0.0073  -1.0000   0.4292   0.5098
 67  10.6037  -8.0091   0.1067  -0.0043  -0.0211  -0.9998   0.5006   0.5830
GUERILLA_Working1.BMP
 66  11.3080  -3.3965   0.0332   0.0010  -0.0073  -1.0000   0.4285   0.5881
 67  10.6037  -8.0091   0.1067  -0.0043  -0.0211  -0.9998   0.5006   0.5830
 66   6.1513  -3.3554   0.0278  -0.0033  -0.0073  -1.0000   0.4292   0.5098
GUERILLA_Working1.BMP
 66  10.1063  -4.1945   3.3912   0.6396  -0.2638   0.7220   0.6946   0.4116
 67   8.5513  -6.3596   3.0572   0.0560  -0.3669   0.9286   0.7265   0.3888
 67  10.0375  -7.7538   2.0931   0.5618  -0.5396   0.6271   0.7104   0.3670
GUERILLA_Working1.BMP
 67   7.2722  -7.9732   0.1376  -0.6194  -0.7762   0.1173   0.7497   0.3419
 67   7.3719  -7.7304   2.2709  -0.4607  -0.7223   0.5158   0.7439   0.3671
 66   6.1513  -3.3554   0.0278  -0.9718  -0.1158   0.2054   0.7963   0.3821
GUERILLA_Working1.BMP
 66   6.1513  -3.3554   0.0278  -0.9718  -0.1158   0.2054   0.7963   0.3821
 67   7.3719  -7.7304   2.2709  -0.4607  -0.7223   0.5158   0.7439   0.3671
 66   7.2138  -4.2076   3.6360  -0.6051  -0.3137   0.7317   0.7654   0.4106
GUERILLA_Working1.BMP
 66   7.2138  -4.2076   3.6360  -0.6051  -0.3137   0.7317   0.7654   0.4106
 67   7.3719  -7.7304   2.2709  -0.4607  -0.7223   0.5158   0.7439   0.3671
 67   8.5513  -6.3596   3.0572   0.0560  -0.3669   0.9286   0.7265   0.3888
GUERILLA_Working1.BMP
 66   7.2138  -4.2076   3.6360  -0.6051  -0.3137   0.7317   0.7654   0.4106
 66  10.1063  -4.1945   3.3912   0.6396  -0.2638   0.7220   0.6946   0.4116
 69   8.5957  -1.9176   5.2046   0.0840  -0.7334   0.6746   0.7284   0.4583
GUERILLA_Working1.BMP
 66  11.1642   0.1147   0.0382   0.9646   0.0808   0.2509   0.6429   0.4127
 66  10.3658   2.7574   0.0324   0.6489   0.7143   0.2620   0.6301   0.4654
 69  10.1828   0.0842   4.7848   0.9617  -0.0115   0.2738   0.6974   0.4629
GUERILLA_Working1.BMP
 69   8.3289   2.2913   4.7136  -0.0109   0.9957   0.0924   0.6697   0.4842
 69  10.1828   0.0842   4.7848   0.9617  -0.0115   0.2738   0.6974   0.4629
 66  10.3658   2.7574   0.0324   0.6489   0.7143   0.2620   0.6301   0.4654
GUERILLA_Working1.BMP
 66  10.3658   2.7574   0.0324   0.6489   0.7143   0.2620   0.8391   0.4817
 66   7.1866   2.9459   0.1249  -0.6223   0.7617   0.1803   0.8327   0.4413
 69   8.3289   2.2913   4.7136  -0.0109   0.9957   0.0924   0.7957   0.4842
GUERILLA_Working1.BMP
 69   8.3289   2.2913   4.7136  -0.0109   0.9957   0.0924   0.7957   0.4842
 66   7.1866   2.9459   0.1249  -0.6223   0.7617   0.1803   0.8327   0.4413
 69   6.4737   0.0986   4.7935  -0.9861  -0.0467   0.1593   0.7643   0.4622
GUERILLA_Working1.BMP
 66   7.1866   2.9459   0.1249  -0.6223   0.7617   0.1803   0.8327   0.4413
 66   6.2827   0.5057   0.0708  -0.9890   0.0683   0.1310   0.8193   0.4134
 69   6.4737   0.0986   4.7935  -0.9861  -0.0467   0.1593   0.7643   0.4622
GUERILLA_Working1.BMP
 66  10.1063  -4.1945   3.3912   0.6396  -0.2638   0.7220   0.6946   0.4116
 67  10.0375  -7.7538   2.0931   0.5618  -0.5396   0.6271   0.7104   0.3670
 66  11.3080  -3.3965   0.0332   0.9462  -0.0777   0.3142   0.6613   0.3843
GUERILLA_Working1.BMP
 67  10.6037  -8.0091   0.1067   0.3935  -0.8921   0.2220   0.7033   0.3425
 66  11.3080  -3.3965   0.0332   0.9462  -0.0777   0.3142   0.6613   0.3843
 67  10.0375  -7.7538   2.0931   0.5618  -0.5396   0.6271   0.7104   0.3670
GUERILLA_Working1.BMP
 69   8.5957  -1.9176   5.2046   0.0840  -0.7334   0.6746   0.7284   0.4583
 66  10.1063  -4.1945   3.3912   0.6396  -0.2638   0.7220   0.6946   0.4116
 69  10.1828   0.0842   4.7848   0.9617  -0.0115   0.2738   0.6974   0.4629
GUERILLA_Working1.BMP
 66  10.1063  -4.1945   3.3912   0.6396  -0.2638   0.7220   0.6946   0.4116
 66  11.1642   0.1147   0.0382   0.9646   0.0808   0.2509   0.6429   0.4127
 69  10.1828   0.0842   4.7848   0.9617  -0.0115   0.2738   0.6974   0.4629
GUERILLA_Working1.BMP
 66   7.2138  -4.2076   3.6360  -0.6051  -0.3137   0.7317   0.7654   0.4106
 69   6.4737   0.0986   4.7935  -0.9861  -0.0467   0.1593   0.7643   0.4622
 66   6.2827   0.5057   0.0708  -0.9890   0.0683   0.1310   0.8193   0.4134
GUERILLA_Working1.BMP
 69   8.5957  -1.9176   5.2046   0.0840  -0.7334   0.6746   0.7284   0.4583
 69   6.4737   0.0986   4.7935  -0.9861  -0.0467   0.1593   0.7643   0.4622
 66   7.2138  -4.2076   3.6360  -0.6051  -0.3137   0.7317   0.7654   0.4106
GUERILLA_Working1.BMP
 69  10.1828   0.0842   4.7848   0.9617  -0.0115   0.2738   0.6974   0.4629
 69   8.3289   2.2913   4.7136  -0.0109   0.9957   0.0924   0.6697   0.4842
 65  10.2321   0.2641   9.3775   0.9515   0.3076   0.0025   0.7044   0.5211
GUERILLA_Working1.BMP
 65  10.2321   0.2641   9.3775   0.9515   0.3076   0.0025   0.7044   0.5211
 69   8.3289   2.2913   4.7136  -0.0109   0.9957   0.0924   0.6697   0.4842
 65   7.6793   2.7900   9.1185  -0.0752   0.9895  -0.1231   0.6768   0.5225
GUERILLA_Working1.BMP
 65   8.1271  -2.3432   9.3877   0.0540  -0.9962  -0.0688   0.7328   0.5219
 69  10.1828   0.0842   4.7848   0.9617  -0.0115   0.2738   0.6974   0.4629
 65  10.2321   0.2641   9.3775   0.9515   0.3076   0.0025   0.7044   0.5211
GUERILLA_Working1.BMP
 69  10.1828   0.0842   4.7848   0.9617  -0.0115   0.2738   0.6974   0.4629
 65   8.1271  -2.3432   9.3877   0.0540  -0.9962  -0.0688   0.7328   0.5219
 69   8.5957  -1.9176   5.2046   0.0840  -0.7334   0.6746   0.7284   0.4583
GUERILLA_Working1.BMP
 69   6.4737   0.0986   4.7935  -0.9861  -0.0467   0.1593   0.7643   0.4622
 69   8.5957  -1.9176   5.2046   0.0840  -0.7334   0.6746   0.7284   0.4583
 65   8.1271  -2.3432   9.3877   0.0540  -0.9962  -0.0688   0.7328   0.5219
GUERILLA_Working1.BMP
 65   5.9345   0.2640   8.8437  -0.9596   0.2319  -0.1591   0.7611   0.5211
 69   6.4737   0.0986   4.7935  -0.9861  -0.0467   0.1593   0.7643   0.4622
 65   8.1271  -2.3432   9.3877   0.0540  -0.9962  -0.0688   0.7328   0.5219
GUERILLA_Working1.BMP
 69   6.4737   0.0986   4.7935  -0.9861  -0.0467   0.1593   0.7643   0.4622
 65   5.9345   0.2640   8.8437  -0.9596   0.2319  -0.1591   0.7611   0.5211
 69   8.3289   2.2913   4.7136  -0.0109   0.9957   0.0924   0.7957   0.4842
GUERILLA_Working1.BMP
 65   5.9345   0.2640   8.8437  -0.9596   0.2319  -0.1591   0.7611   0.5211
 65   7.6793   2.7900   9.1185  -0.0752   0.9895  -0.1231   0.7847   0.5217
 69   8.3289   2.2913   4.7136  -0.0109   0.9957   0.0924   0.7957   0.4842
GUERILLA_Working1.BMP
 26  18.5211  -0.5736  56.6551   0.0582   0.1433   0.9880   0.7939   0.2003
 11  14.4195  -3.2923  55.6225   0.0721  -0.6779   0.7316   0.8526   0.1530
 11  18.1725  -2.9666  55.4506   0.0425  -0.8976   0.4389   0.7566   0.1333
GUERILLA_Working1.BMP
 11  15.9575  -0.2295  56.7810   0.0400   0.2625   0.9641   0.8364   0.1940
 11  14.4195  -3.2923  55.6225   0.0721  -0.6779   0.7316   0.8526   0.1530
 26  18.5211  -0.5736  56.6551   0.0582   0.1433   0.9880   0.7939   0.2003
GUERILLA_Working1.BMP
 11  14.4195  -3.2923  55.6225   0.0721  -0.6779   0.7316   0.8526   0.1530
 28  14.4824  -3.4718  53.3643   0.0787  -0.8933  -0.4426   0.8512   0.0703
 11  18.1725  -2.9666  55.4506   0.0425  -0.8976   0.4389   0.7566   0.1333
GUERILLA_Working1.BMP
 11  18.1725  -2.9666  55.4506   0.0425  -0.8976   0.4389   0.7566   0.1333
 28  14.4824  -3.4718  53.3643   0.0787  -0.8933  -0.4426   0.8512   0.0703
 11  18.1915  -2.9982  53.8491   0.0502  -0.8609  -0.5064   0.7742   0.0896
GUERILLA_Working1.BMP
 28  14.4824  -3.4718  53.3643   0.0787  -0.8933  -0.4426   0.8512   0.0703
 11  14.4195  -3.2923  55.6225   0.0721  -0.6779   0.7316   0.8526   0.1530
 28  11.7872  -3.5141  55.7154  -0.0097  -0.8383   0.5452   0.9049   0.1492
GUERILLA_Working1.BMP
 28  10.6130  -3.2155  52.9677   0.0815  -0.8190  -0.5679   0.9260   0.0718
 28  11.1546   1.0189  51.3065   0.1687   0.0972  -0.9809   0.9151   0.0103
 28  14.4824  -3.4718  53.3643   0.0787  -0.8933  -0.4426   0.8512   0.0703
GUERILLA_Working1.BMP
 11  15.9538   1.9325  55.1124   0.1402   0.8933   0.4271   0.8267   0.2431
 11  15.9575  -0.2295  56.7810   0.0400   0.2625   0.9641   0.8364   0.1940
 26  18.5211  -0.5736  56.6551   0.0582   0.1433   0.9880   0.7939   0.2003
GUERILLA_Working1.BMP
 26  18.5211  -0.5736  56.6551   0.0582   0.1433   0.9880   0.7939   0.2003
 11  17.9723   1.5033  54.7408   0.1152   0.9306   0.3475   0.7772   0.2460
 11  15.9538   1.9325  55.1124   0.1402   0.8933   0.4271   0.8267   0.2431
GUERILLA_Working1.BMP
 28  15.2541  -0.3143  51.8332   0.2033   0.1144  -0.9724   0.8471   0.0362
 11  18.1915  -2.9982  53.8491   0.0502  -0.8609  -0.5064   0.7742   0.0896
 28  14.4824  -3.4718  53.3643   0.0787  -0.8933  -0.4426   0.8512   0.0703
GUERILLA_Working1.BMP
 11  18.1915  -2.9982  53.8491   0.0502  -0.8609  -0.5064   0.7742   0.0896
 28  15.2541  -0.3143  51.8332   0.2033   0.1144  -0.9724   0.8471   0.0362
 26  18.4455  -0.5578  52.5953   0.1189   0.1534  -0.9810   0.7938   0.0487
GUERILLA_Working1.BMP
 11  17.9502   1.6139  53.8094   0.1985   0.8205  -0.5361   0.7766   0.2741
 11  16.0053   1.8951  53.2298   0.1987   0.9053  -0.3754   0.8246   0.2815
 11  17.9723   1.5033  54.7408   0.1152   0.9306   0.3475   0.7772   0.2460
GUERILLA_Working1.BMP
 11  16.0053   1.8951  53.2298   0.1987   0.9053  -0.3754   0.8246   0.2815
 11  15.9538   1.9325  55.1124   0.1402   0.8933   0.4271   0.8267   0.2431
 11  17.9723   1.5033  54.7408   0.1152   0.9306   0.3475   0.7772   0.2460
GUERILLA_Working1.BMP
 28  13.5576   2.2708  53.2410   0.1538   0.9387  -0.3085   0.8659   0.2821
 28  11.1546   1.0189  51.3065   0.1687   0.0972  -0.9809   0.9117   0.3277
 32   7.7162   3.1115  52.2709   0.6164   0.7676  -0.1759   0.9747   0.2987
GUERILLA_Working1.BMP
 32   7.9408  -0.3724  57.3079   0.9407  -0.1515   0.3034   0.9703   0.1852
 30   8.6797  -0.7891  57.1790   0.1649  -0.0247   0.9860   0.9583   0.1801
 32   8.2371   2.2842  55.6091   0.3842   0.6990   0.6031   0.9705   0.2388
GUERILLA_Working1.BMP
 30   8.9502  -3.5037  55.2964  -0.0176  -0.8883   0.4589   0.9436   0.1261
 30   8.6797  -0.7891  57.1790   0.1649  -0.0247   0.9860   0.9583   0.1801
 32   7.5278  -3.0714  55.6745   0.7022  -0.6533   0.2831   0.9772   0.1299
GUERILLA_Working1.BMP
 32   7.9408  -0.3724  57.3079   0.9407  -0.1515   0.3034   0.9703   0.1852
 32   7.5278  -3.0714  55.6745   0.7022  -0.6533   0.2831   0.9772   0.1299
 30   8.6797  -0.7891  57.1790   0.1649  -0.0247   0.9860   0.9583   0.1801
GUERILLA_Working1.BMP
 28  10.4023  -0.2008  56.9098   0.0236  -0.0397   0.9989   0.9405   0.1827
 28  13.2111  -0.2611  56.9405   0.0464   0.1445   0.9884   0.8825   0.1946
 30   9.2917   2.2562  55.2973   0.0866   0.7978   0.5967   0.9575   0.2440
GUERILLA_Working1.BMP
 26  18.4455  -0.5578  52.5953   0.1189   0.1534  -0.9810   0.7881   0.3243
 28  15.2541  -0.3143  51.8332   0.2033   0.1144  -0.9724   0.8409   0.3339
 11  17.9502   1.6139  53.8094   0.1985   0.8205  -0.5361   0.7766   0.2741
GUERILLA_Working1.BMP
 28  15.2541  -0.3143  51.8332   0.2033   0.1144  -0.9724   0.8409   0.3339
 11  16.0053   1.8951  53.2298   0.1987   0.9053  -0.3754   0.8246   0.2815
 11  17.9502   1.6139  53.8094   0.1985   0.8205  -0.5361   0.7766   0.2741
GUERILLA_Working1.BMP
 11  18.1725  -2.9666  55.4506   0.0425  -0.8976   0.4389   0.7566   0.1333
 11  18.1915  -2.9982  53.8491   0.0502  -0.8609  -0.5064   0.7742   0.0896
 12  20.5491  -3.2241  55.3294  -0.0683  -0.8447   0.5309   0.7105   0.1330
GUERILLA_Working1.BMP
 12  20.5491  -3.2241  55.3294  -0.0683  -0.8447   0.5309   0.7105   0.1330
 11  18.1915  -2.9982  53.8491   0.0502  -0.8609  -0.5064   0.7742   0.0896
 12  20.5857  -3.2557  53.9837  -0.0579  -0.7934  -0.6059   0.7193   0.1028
GUERILLA_Working1.BMP
 26  18.5211  -0.5736  56.6551   0.0582   0.1433   0.9880   0.7939   0.2003
 11  18.1725  -2.9666  55.4506   0.0425  -0.8976   0.4389   0.7566   0.1333
 12  20.5491  -3.2241  55.3294  -0.0683  -0.8447   0.5309   0.7105   0.1330
GUERILLA_Working1.BMP
 12  20.5491  -3.2241  55.3294  -0.0683  -0.8447   0.5309   0.7105   0.1330
 12  19.9981  -0.5815  56.8026  -0.0066   0.3005   0.9538   0.7596   0.2011
 26  18.5211  -0.5736  56.6551   0.0582   0.1433   0.9880   0.7939   0.2003
GUERILLA_Working1.BMP
 26  18.5211  -0.5736  56.6551   0.0582   0.1433   0.9880   0.7939   0.2003
 26  19.4164   1.7170  54.4009   0.0709   0.9869   0.1453   0.7535   0.2589
 11  17.9723   1.5033  54.7408   0.1152   0.9306   0.3475   0.7772   0.2460
GUERILLA_Working1.BMP
 26  19.4164   1.7170  54.4009   0.0709   0.9869   0.1453   0.7535   0.2589
 26  18.5211  -0.5736  56.6551   0.0582   0.1433   0.9880   0.7939   0.2003
 12  19.9981  -0.5815  56.8026  -0.0066   0.3005   0.9538   0.7596   0.2011
GUERILLA_Working1.BMP
 26  20.9718   1.5665  54.4122   0.0456   0.9772  -0.2074   0.7287   0.2588
 26  19.4164   1.7170  54.4009   0.0709   0.9869   0.1453   0.7535   0.2589
 12  19.9981  -0.5815  56.8026  -0.0066   0.3005   0.9538   0.7596   0.2011
GUERILLA_Working1.BMP
 11  17.9502   1.6139  53.8094   0.1985   0.8205  -0.5361   0.7766   0.2741
 11  17.9723   1.5033  54.7408   0.1152   0.9306   0.3475   0.7772   0.2460
 26  19.4164   1.7170  54.4009   0.0709   0.9869   0.1453   0.7535   0.2589
GUERILLA_Working1.BMP
 26  19.4164   1.7170  54.4009   0.0709   0.9869   0.1453   0.7535   0.2589
 26  18.4455  -0.5578  52.5953   0.1189   0.1534  -0.9810   0.7881   0.3243
 11  17.9502   1.6139  53.8094   0.1985   0.8205  -0.5361   0.7766   0.2741
GUERILLA_Working1.BMP
 26  20.9718   1.5665  54.4122   0.0456   0.9772  -0.2074   0.7287   0.2588
 12  19.9898  -0.5499  52.5405  -0.0203  -0.0102  -0.9997   0.7624   0.3204
 26  18.4455  -0.5578  52.5953   0.1189   0.1534  -0.9810   0.7881   0.3243
GUERILLA_Working1.BMP
 26  18.4455  -0.5578  52.5953   0.1189   0.1534  -0.9810   0.7881   0.3243
 26  19.4164   1.7170  54.4009   0.0709   0.9869   0.1453   0.7535   0.2589
 26  20.9718   1.5665  54.4122   0.0456   0.9772  -0.2074   0.7287   0.2588
GUERILLA_Working1.BMP
 11  18.1915  -2.9982  53.8491   0.0502  -0.8609  -0.5064   0.7742   0.0896
 26  18.4455  -0.5578  52.5953   0.1189   0.1534  -0.9810   0.7938   0.0487
 12  20.5857  -3.2557  53.9837  -0.0579  -0.7934  -0.6059   0.7193   0.1028
GUERILLA_Working1.BMP
 26  18.4455  -0.5578  52.5953   0.1189   0.1534  -0.9810   0.7938   0.0487
 12  19.9898  -0.5499  52.5405  -0.0203  -0.0102  -0.9997   0.7679   0.0490
 12  20.5857  -3.2557  53.9837  -0.0579  -0.7934  -0.6059   0.7193   0.1028
GUERILLA_Working1.BMP
 22  23.8541  -0.6482  56.6575   0.0180   0.1984   0.9799   0.6498   0.1974
 12  24.2479   1.4793  54.4772   0.1056   0.9878   0.1143   0.6651   0.2588
 26  20.9718   1.5665  54.4122   0.0456   0.9772  -0.2074   0.7287   0.2588
GUERILLA_Working1.BMP
 26  20.9718   1.5665  54.4122   0.0456   0.9772  -0.2074   0.7287   0.2588
 12  19.9981  -0.5815  56.8026  -0.0066   0.3005   0.9538   0.7596   0.2011
 22  23.8541  -0.6482  56.6575   0.0180   0.1984   0.9799   0.6498   0.1974
GUERILLA_Working1.BMP
 12  19.9981  -0.5815  56.8026  -0.0066   0.3005   0.9538   0.7596   0.2011
 12  20.5491  -3.2241  55.3294  -0.0683  -0.8447   0.5309   0.7105   0.1330
 22  23.8541  -0.6482  56.6575   0.0180   0.1984   0.9799   0.6498   0.1974
GUERILLA_Working1.BMP
 22  23.8541  -0.6482  56.6575   0.0180   0.1984   0.9799   0.6498   0.1974
 12  20.5491  -3.2241  55.3294  -0.0683  -0.8447   0.5309   0.7105   0.1330
 22  24.6276  -3.4245  55.6319   0.0447  -0.7817   0.6221   0.6629   0.1400
GUERILLA_Working1.BMP
 22  23.8541  -0.6482  56.6575   0.0180   0.1984   0.9799   0.6498   0.1974
 24  30.1330  -0.8014  56.2832  -0.0585   0.2740   0.9600   0.5981   0.1972
 12  24.2479   1.4793  54.4772   0.1056   0.9878   0.1143   0.6651   0.2588
GUERILLA_Working1.BMP
 24  29.7413   0.4301  54.5143   0.0200   0.8771  -0.4799   0.6054   0.2548
 12  24.2479   1.4793  54.4772   0.1056   0.9878   0.1143   0.6651   0.2588
 24  30.1330  -0.8014  56.2832  -0.0585   0.2740   0.9600   0.5981   0.1972
GUERILLA_Working1.BMP
 24  30.1330  -0.8014  56.2832  -0.0585   0.2740   0.9600   0.5981   0.1972
 22  23.8541  -0.6482  56.6575   0.0180   0.1984   0.9799   0.6498   0.1974
 22  24.6276  -3.4245  55.6319   0.0447  -0.7817   0.6221   0.6629   0.1400
GUERILLA_Working1.BMP
 22  24.6276  -3.4245  55.6319   0.0447  -0.7817   0.6221   0.6629   0.1400
 24  30.1322  -2.2868  55.9862  -0.1493  -0.8385   0.5241   0.5985   0.1528
 24  30.1330  -0.8014  56.2832  -0.0585   0.2740   0.9600   0.5981   0.1972
GUERILLA_Working1.BMP
 12  20.5857  -3.2557  53.9837  -0.0579  -0.7934  -0.6059   0.7193   0.1028
 22  24.6510  -3.4561  53.7952   0.0506  -0.7645  -0.6427   0.6671   0.1074
 12  20.5491  -3.2241  55.3294  -0.0683  -0.8447   0.5309   0.7105   0.1330
GUERILLA_Working1.BMP
 22  24.6276  -3.4245  55.6319   0.0447  -0.7817   0.6221   0.6629   0.1400
 12  20.5491  -3.2241  55.3294  -0.0683  -0.8447   0.5309   0.7105   0.1330
 22  24.6510  -3.4561  53.7952   0.0506  -0.7645  -0.6427   0.6671   0.1074
GUERILLA_Working1.BMP
 22  24.6510  -3.4561  53.7952   0.0506  -0.7645  -0.6427   0.6671   0.1074
 24  29.6158  -2.7263  54.1723  -0.1268  -0.8450  -0.5195   0.6072   0.1068
 22  24.6276  -3.4245  55.6319   0.0447  -0.7817   0.6221   0.6629   0.1400
GUERILLA_Working1.BMP
 24  30.1322  -2.2868  55.9862  -0.1493  -0.8385   0.5241   0.5985   0.1528
 22  24.6276  -3.4245  55.6319   0.0447  -0.7817   0.6221   0.6629   0.1400
 24  29.6158  -2.7263  54.1723  -0.1268  -0.8450  -0.5195   0.6072   0.1068
GUERILLA_Working1.BMP
 24  29.6158  -2.7263  54.1723  -0.1268  -0.8450  -0.5195   0.6072   0.1068
 22  24.6510  -3.4561  53.7952   0.0506  -0.7645  -0.6427   0.6671   0.1074
 24  29.6443  -0.7382  53.9751   0.0452   0.1181  -0.9920   0.6062   0.0708
GUERILLA_Working1.BMP
 22  23.9796  -0.7588  52.6011   0.1197   0.2948  -0.9480   0.7010   0.0548
 24  29.6443  -0.7382  53.9751   0.0452   0.1181  -0.9920   0.6062   0.0708
 22  24.6510  -3.4561  53.7952   0.0506  -0.7645  -0.6427   0.6671   0.1074
GUERILLA_Working1.BMP
 22  24.6510  -3.4561  53.7952   0.0506  -0.7645  -0.6427   0.6671   0.1074
 12  19.9898  -0.5499  52.5405  -0.0203  -0.0102  -0.9997   0.7679   0.0490
 22  23.9796  -0.7588  52.6011   0.1197   0.2948  -0.9480   0.7010   0.0548
GUERILLA_Working1.BMP
 12  19.9898  -0.5499  52.5405  -0.0203  -0.0102  -0.9997   0.7679   0.0490
 22  24.6510  -3.4561  53.7952   0.0506  -0.7645  -0.6427   0.6671   0.1074
 12  20.5857  -3.2557  53.9837  -0.0579  -0.7934  -0.6059   0.7193   0.1028
GUERILLA_Working1.BMP
 12  19.9898  -0.5499  52.5405  -0.0203  -0.0102  -0.9997   0.7624   0.3204
 26  20.9718   1.5665  54.4122   0.0456   0.9772  -0.2074   0.7287   0.2588
 22  23.9796  -0.7588  52.6011   0.1197   0.2948  -0.9480   0.6958   0.3128
GUERILLA_Working1.BMP
 12  24.2479   1.4793  54.4772   0.1056   0.9878   0.1143   0.6651   0.2588
 22  23.9796  -0.7588  52.6011   0.1197   0.2948  -0.9480   0.6958   0.3128
 26  20.9718   1.5665  54.4122   0.0456   0.9772  -0.2074   0.7287   0.2588
GUERILLA_Working1.BMP
 22  23.9796  -0.7588  52.6011   0.1197   0.2948  -0.9480   0.6958   0.3128
 24  29.7413   0.4301  54.5143   0.0200   0.8771  -0.4799   0.6054   0.2548
 24  29.6443  -0.7382  53.9751   0.0452   0.1181  -0.9920   0.6031   0.2886
GUERILLA_Working1.BMP
 24  29.7413   0.4301  54.5143   0.0200   0.8771  -0.4799   0.6054   0.2548
 22  23.9796  -0.7588  52.6011   0.1197   0.2948  -0.9480   0.6958   0.3128
 12  24.2479   1.4793  54.4772   0.1056   0.9878   0.1143   0.6651   0.2588
GUERILLA_Working1.BMP
 11  14.4195  -3.2923  55.6225   0.0721  -0.6779   0.7316   0.8526   0.1530
 11  15.9575  -0.2295  56.7810   0.0400   0.2625   0.9641   0.8364   0.1940
 28  13.2111  -0.2611  56.9405   0.0464   0.1445   0.9884   0.8825   0.1946
GUERILLA_Working1.BMP
 28  11.7872  -3.5141  55.7154  -0.0097  -0.8383   0.5452   0.9049   0.1492
 11  14.4195  -3.2923  55.6225   0.0721  -0.6779   0.7316   0.8526   0.1530
 28  13.2111  -0.2611  56.9405   0.0464   0.1445   0.9884   0.8825   0.1946
GUERILLA_Working1.BMP
 28  10.4023  -0.2008  56.9098   0.0236  -0.0397   0.9989   0.9405   0.1827
 28  11.7872  -3.5141  55.7154  -0.0097  -0.8383   0.5452   0.9049   0.1492
 28  13.2111  -0.2611  56.9405   0.0464   0.1445   0.9884   0.8825   0.1946
GUERILLA_Working1.BMP
 11  15.9538   1.9325  55.1124   0.1402   0.8933   0.4271   0.8267   0.2431
 11  16.0053   1.8951  53.2298   0.1987   0.9053  -0.3754   0.8246   0.2815
 28  13.5576   2.2708  53.2410   0.1538   0.9387  -0.3085   0.8659   0.2821
GUERILLA_Working1.BMP
 28  13.6495   2.0871  54.8795   0.0430   0.8391   0.5424   0.8655   0.2466
 11  15.9538   1.9325  55.1124   0.1402   0.8933   0.4271   0.8267   0.2431
 28  13.5576   2.2708  53.2410   0.1538   0.9387  -0.3085   0.8659   0.2821
GUERILLA_Working1.BMP
 30   9.2917   2.2562  55.2973   0.0866   0.7978   0.5967   0.9575   0.2440
 28  13.2111  -0.2611  56.9405   0.0464   0.1445   0.9884   0.8825   0.1946
 28  13.6495   2.0871  54.8795   0.0430   0.8391   0.5424   0.8655   0.2466
GUERILLA_Working1.BMP
 28  13.2111  -0.2611  56.9405   0.0464   0.1445   0.9884   0.8825   0.1946
 11  15.9575  -0.2295  56.7810   0.0400   0.2625   0.9641   0.8364   0.1940
 28  13.6495   2.0871  54.8795   0.0430   0.8391   0.5424   0.8655   0.2466
GUERILLA_Working1.BMP
 11  15.9575  -0.2295  56.7810   0.0400   0.2625   0.9641   0.8364   0.1940
 11  15.9538   1.9325  55.1124   0.1402   0.8933   0.4271   0.8267   0.2431
 28  13.6495   2.0871  54.8795   0.0430   0.8391   0.5424   0.8655   0.2466
GUERILLA_Working1.BMP
 30   9.2917   2.2562  55.2973   0.0866   0.7978   0.5967   0.9575   0.2440
 28  13.5576   2.2708  53.2410   0.1538   0.9387  -0.3085   0.8659   0.2821
 32   7.7162   3.1115  52.2709   0.6164   0.7676  -0.1759   0.9747   0.2987
GUERILLA_Working1.BMP
 30   9.2917   2.2562  55.2973   0.0866   0.7978   0.5967   0.9575   0.2440
 28  13.6495   2.0871  54.8795   0.0430   0.8391   0.5424   0.8655   0.2466
 28  13.5576   2.2708  53.2410   0.1538   0.9387  -0.3085   0.8659   0.2821
GUERILLA_Working1.BMP
 28  11.1546   1.0189  51.3065   0.1687   0.0972  -0.9809   0.9117   0.3277
 28  13.5576   2.2708  53.2410   0.1538   0.9387  -0.3085   0.8659   0.2821
 28  15.2541  -0.3143  51.8332   0.2033   0.1144  -0.9724   0.8409   0.3339
GUERILLA_Working1.BMP
 11  16.0053   1.8951  53.2298   0.1987   0.9053  -0.3754   0.8246   0.2815
 28  15.2541  -0.3143  51.8332   0.2033   0.1144  -0.9724   0.8409   0.3339
 28  13.5576   2.2708  53.2410   0.1538   0.9387  -0.3085   0.8659   0.2821
GUERILLA_Working1.BMP
 20  35.2111  -2.8648  55.7859   0.4423  -0.5863   0.6787   0.8782   0.4353
 13  32.9232  -3.2058  54.8065   0.5328  -0.7127  -0.4562   0.9123   0.4014
 20  34.8157  -2.8624  54.9869  -0.1892  -0.7167  -0.6712   0.8802   0.4165
GUERILLA_Working1.BMP
 13  32.8804  -3.1371  56.4410  -0.0287  -0.5400   0.8412   0.9234   0.4327
 13  32.9232  -3.2058  54.8065   0.5328  -0.7127  -0.4562   0.9123   0.4014
 20  35.2111  -2.8648  55.7859   0.4423  -0.5863   0.6787   0.8782   0.4353
GUERILLA_Working1.BMP
 20  35.1798   0.5962  55.7860   0.3702   0.7241   0.5819   0.8790   0.4956
 20  34.7845   0.5986  54.9869  -0.0120   0.7794  -0.6264   0.8784   0.5126
 13  32.6486   0.8181  56.0363   0.0096   0.7761   0.6305   0.9230   0.4932
GUERILLA_Working1.BMP
 20  34.7845   0.5986  54.9869  -0.0120   0.7794  -0.6264   0.8784   0.5126
 13  32.7465   0.6121  54.7957   0.2998   0.6977  -0.6507   0.9213   0.5147
 13  32.6486   0.8181  56.0363   0.0096   0.7761   0.6305   0.9230   0.4932
GUERILLA_Working1.BMP
 13  32.6486   0.8181  56.0363   0.0096   0.7761   0.6305   0.9230   0.4932
 20  35.2111  -2.8648  55.7859   0.4423  -0.5863   0.6787   0.8782   0.4353
 20  35.1798   0.5962  55.7860   0.3702   0.7241   0.5819   0.8790   0.4956
GUERILLA_Working1.BMP
 20  35.2111  -2.8648  55.7859   0.4423  -0.5863   0.6787   0.8782   0.4353
 13  32.6486   0.8181  56.0363   0.0096   0.7761   0.6305   0.9230   0.4932
 13  32.8804  -3.1371  56.4410  -0.0287  -0.5400   0.8412   0.9234   0.4327
GUERILLA_Working1.BMP
 13  32.7465   0.6121  54.7957   0.2998   0.6977  -0.6507   0.9213   0.5147
 13  32.9232  -3.2058  54.8065   0.5328  -0.7127  -0.4562   0.9145   0.5842
 13  32.6511  -0.4628  54.1146   0.5761   0.3123  -0.7554   0.9317   0.5368
GUERILLA_Working1.BMP
 20  34.7845   0.5986  54.9869  -0.0120   0.7794  -0.6264   0.8784   0.5126
 13  32.9232  -3.2058  54.8065   0.5328  -0.7127  -0.4562   0.9145   0.5842
 13  32.7465   0.6121  54.7957   0.2998   0.6977  -0.6507   0.9213   0.5147
GUERILLA_Working1.BMP
 20  34.8157  -2.8624  54.9869  -0.1892  -0.7167  -0.6712   0.8785   0.5777
 13  32.9232  -3.2058  54.8065   0.5328  -0.7127  -0.4562   0.9145   0.5842
 20  34.7845   0.5986  54.9869  -0.0120   0.7794  -0.6264   0.8784   0.5126
GUERILLA_Working1.BMP
 15  34.5376  -2.5837  52.5451   0.4813   0.4352  -0.7609   0.8619   0.3684
 15  34.6974  -2.6358  52.9487   0.6546   0.7097   0.2605   0.8623   0.3777
 15  34.6722  -3.3945  52.8907   0.7677  -0.5882   0.2543   0.8712   0.3786
GUERILLA_Working1.BMP
 15  34.5124  -3.3425  52.4871   0.3900  -0.4875  -0.7812   0.8717   0.3680
 15  34.5376  -2.5837  52.5451   0.4813   0.4352  -0.7609   0.8619   0.3684
 15  34.6722  -3.3945  52.8907   0.7677  -0.5882   0.2543   0.8712   0.3786
GUERILLA_Working1.BMP
 15  34.5124  -3.3425  52.4871   0.3900  -0.4875  -0.7812   0.8717   0.3680
 14  32.2954  -3.3095  52.8587  -0.2778  -0.5838  -0.7629   0.9146   0.3632
 15  34.5376  -2.5837  52.5451   0.4813   0.4352  -0.7609   0.8709   0.3561
GUERILLA_Working1.BMP
 14  32.2081  -2.2487  53.3563   0.0472   0.6059  -0.7941   0.9143   0.3459
 15  34.5376  -2.5837  52.5451   0.4813   0.4352  -0.7609   0.8709   0.3561
 14  32.2954  -3.3095  52.8587  -0.2778  -0.5838  -0.7629   0.9146   0.3632
GUERILLA_Working1.BMP
 15  34.5376  -2.5837  52.5451   0.4813   0.4352  -0.7609   0.8619   0.3684
 14  32.2081  -2.2487  53.3563   0.0472   0.6059  -0.7941   0.8311   0.3645
 15  34.6974  -2.6358  52.9487   0.6546   0.7097   0.2605   0.8623   0.3777
GUERILLA_Working1.BMP
 15  34.6974  -2.6358  52.9487   0.6546   0.7097   0.2605   0.8623   0.3777
 14  32.2081  -2.2487  53.3563   0.0472   0.6059  -0.7941   0.8311   0.3645
 14  32.7483  -2.4195  54.0054   0.9546   0.2258   0.1945   0.8305   0.3824
GUERILLA_Working1.BMP
 15  34.6974  -2.6358  52.9487   0.6546   0.7097   0.2605   0.8703   0.3898
 14  32.7483  -2.4195  54.0054   0.9546   0.2258   0.1945   0.9123   0.4014
 15  34.6722  -3.3945  52.8907   0.7677  -0.5882   0.2543   0.8712   0.3786
GUERILLA_Working1.BMP
 15  34.6722  -3.3945  52.8907   0.7677  -0.5882   0.2543   0.8712   0.3786
 14  32.7483  -2.4195  54.0054   0.9546   0.2258   0.1945   0.9123   0.4014
 14  32.6677  -3.3095  54.0247   0.1949  -0.9444   0.2648   0.9141   0.3854
GUERILLA_Working1.BMP
 15  34.6722  -3.3945  52.8907   0.7677  -0.5882   0.2543   0.8712   0.3786
 14  32.2954  -3.3095  52.8587  -0.2778  -0.5838  -0.7629   0.9146   0.3632
 15  34.5124  -3.3425  52.4871   0.3900  -0.4875  -0.7812   0.8717   0.3680
GUERILLA_Working1.BMP
 14  32.6677  -3.3095  54.0247   0.1949  -0.9444   0.2648   0.9141   0.3854
 14  32.2954  -3.3095  52.8587  -0.2778  -0.5838  -0.7629   0.9146   0.3632
 15  34.6722  -3.3945  52.8907   0.7677  -0.5882   0.2543   0.8712   0.3786
GUERILLA_Working1.BMP
 13  32.8804  -3.1371  56.4410  -0.0287  -0.5400   0.8412   0.9234   0.4327
 24  30.1322  -2.2868  55.9862  -0.1493  -0.8385   0.5241   0.9733   0.4307
 13  32.9232  -3.2058  54.8065   0.5328  -0.7127  -0.4562   0.9123   0.4014
GUERILLA_Working1.BMP
 14  32.2081  -2.2487  53.3563   0.0472   0.6059  -0.7941   0.9389   0.5656
 14  32.2954  -3.3095  52.8587  -0.2778  -0.5838  -0.7629   0.9416   0.5856
 24  29.6158  -2.7263  54.1723  -0.1268  -0.8450  -0.5195   0.9774   0.5748
GUERILLA_Working1.BMP
 20  35.1798   0.5962  55.7860   0.3702   0.7241   0.5819   0.8790   0.4956
 20  35.2111  -2.8648  55.7859   0.4423  -0.5863   0.6787   0.8782   0.4353
 18  36.8341   0.2819  54.1246   0.7467   0.6466   0.1560   0.8481   0.4962
GUERILLA_Working1.BMP
 18  36.8665  -2.7251  54.1246   0.7017  -0.6510  -0.2894   0.8444   0.4367
 18  36.8341   0.2819  54.1246   0.7467   0.6466   0.1560   0.8481   0.4962
 20  35.2111  -2.8648  55.7859   0.4423  -0.5863   0.6787   0.8782   0.4353
GUERILLA_Working1.BMP
 20  34.8157  -2.8624  54.9869  -0.1892  -0.7167  -0.6712   0.8802   0.4165
 18  36.8665  -2.7251  54.1246   0.7017  -0.6510  -0.2894   0.8444   0.4367
 20  35.2111  -2.8648  55.7859   0.4423  -0.5863   0.6787   0.8782   0.4353
GUERILLA_Working1.BMP
 18  36.4828  -2.7251  53.7874   0.0639  -0.5243  -0.8492   0.8445   0.4224
 18  36.8665  -2.7251  54.1246   0.7017  -0.6510  -0.2894   0.8444   0.4367
 20  34.8157  -2.8624  54.9869  -0.1892  -0.7167  -0.6712   0.8802   0.4165
GUERILLA_Working1.BMP
 20  34.7845   0.5986  54.9869  -0.0120   0.7794  -0.6264   0.8784   0.5126
 20  35.1798   0.5962  55.7860   0.3702   0.7241   0.5819   0.8790   0.4956
 18  36.8341   0.2819  54.1246   0.7467   0.6466   0.1560   0.8481   0.4962
GUERILLA_Working1.BMP
 18  36.4504   0.2819  53.7874   0.0749   0.2913  -0.9537   0.8480   0.5109
 20  34.7845   0.5986  54.9869  -0.0120   0.7794  -0.6264   0.8784   0.5126
 18  36.8341   0.2819  54.1246   0.7467   0.6466   0.1560   0.8481   0.4962
GUERILLA_Working1.BMP
 20  34.7845   0.5986  54.9869  -0.0120   0.7794  -0.6264   0.8784   0.5126
 18  36.4504   0.2819  53.7874   0.0749   0.2913  -0.9537   0.8480   0.5109
 20  34.8157  -2.8624  54.9869  -0.1892  -0.7167  -0.6712   0.8785   0.5777
GUERILLA_Working1.BMP
 18  36.4828  -2.7251  53.7874   0.0639  -0.5243  -0.8492   0.8476   0.5710
 20  34.8157  -2.8624  54.9869  -0.1892  -0.7167  -0.6712   0.8785   0.5777
 18  36.4504   0.2819  53.7874   0.0749   0.2913  -0.9537   0.8480   0.5109
GUERILLA_Working1.BMP
 18  36.8665  -2.7251  54.1246   0.7017  -0.6510  -0.2894   0.8368   0.5693
 18  36.4828  -2.7251  53.7874   0.0639  -0.5243  -0.8492   0.8476   0.5710
 18  36.4504   0.2819  53.7874   0.0749   0.2913  -0.9537   0.8480   0.5109
GUERILLA_Working1.BMP
 18  36.4504   0.2819  53.7874   0.0749   0.2913  -0.9537   0.8480   0.5109
 18  36.8341   0.2819  54.1246   0.7467   0.6466   0.1560   0.8391   0.5132
 18  36.8665  -2.7251  54.1246   0.7017  -0.6510  -0.2894   0.8368   0.5693
GUERILLA_Working1.BMP
 14  32.2081  -2.2487  53.3563   0.0472   0.6059  -0.7941   0.9389   0.5656
 13  32.6511  -0.4628  54.1146   0.5761   0.3123  -0.7554   0.9317   0.5368
 14  32.7483  -2.4195  54.0054   0.9546   0.2258   0.1945   0.9286   0.5690
GUERILLA_Working1.BMP
 13  32.6511  -0.4628  54.1146   0.5761   0.3123  -0.7554   0.9317   0.5368
 13  32.9232  -3.2058  54.8065   0.5328  -0.7127  -0.4562   0.9145   0.5842
 14  32.7483  -2.4195  54.0054   0.9546   0.2258   0.1945   0.9286   0.5690
GUERILLA_Working1.BMP
 14  32.6677  -3.3095  54.0247   0.1949  -0.9444   0.2648   0.9257   0.5856
 14  32.7483  -2.4195  54.0054   0.9546   0.2258   0.1945   0.9286   0.5690
 13  32.9232  -3.2058  54.8065   0.5328  -0.7127  -0.4562   0.9145   0.5842
GUERILLA_Working1.BMP
 14  32.6677  -3.3095  54.0247   0.1949  -0.9444   0.2648   0.9141   0.3854
 24  29.6158  -2.7263  54.1723  -0.1268  -0.8450  -0.5195   0.9713   0.3731
 14  32.2954  -3.3095  52.8587  -0.2778  -0.5838  -0.7629   0.9146   0.3632
GUERILLA_Working1.BMP
 14  32.6677  -3.3095  54.0247   0.1949  -0.9444   0.2648   0.9141   0.3854
 13  32.9232  -3.2058  54.8065   0.5328  -0.7127  -0.4562   0.9123   0.4014
 24  30.1322  -2.2868  55.9862  -0.1493  -0.8385   0.5241   0.9733   0.4307
GUERILLA_Working1.BMP
 24  30.1322  -2.2868  55.9862  -0.1493  -0.8385   0.5241   0.9733   0.4307
 24  29.6158  -2.7263  54.1723  -0.1268  -0.8450  -0.5195   0.9713   0.3731
 14  32.6677  -3.3095  54.0247   0.1949  -0.9444   0.2648   0.9141   0.3854
GUERILLA_Working1.BMP
 24  30.1322  -2.2868  55.9862  -0.1493  -0.8385   0.5241   0.9733   0.4307
 13  32.8804  -3.1371  56.4410  -0.0287  -0.5400   0.8412   0.9234   0.4327
 24  30.1330  -0.8014  56.2832  -0.0585   0.2740   0.9600   0.9740   0.4828
GUERILLA_Working1.BMP
 13  32.8804  -3.1371  56.4410  -0.0287  -0.5400   0.8412   0.9234   0.4327
 13  32.6486   0.8181  56.0363   0.0096   0.7761   0.6305   0.9230   0.4932
 24  30.1330  -0.8014  56.2832  -0.0585   0.2740   0.9600   0.9740   0.4828
GUERILLA_Working1.BMP
 24  30.1330  -0.8014  56.2832  -0.0585   0.2740   0.9600   0.9740   0.4828
 13  32.6486   0.8181  56.0363   0.0096   0.7761   0.6305   0.9230   0.4932
 24  29.7413   0.4301  54.5143   0.0200   0.8771  -0.4799   0.9785   0.5263
GUERILLA_Working1.BMP
 13  32.6486   0.8181  56.0363   0.0096   0.7761   0.6305   0.9230   0.4932
 13  32.7465   0.6121  54.7957   0.2998   0.6977  -0.6507   0.9213   0.5147
 24  29.7413   0.4301  54.5143   0.0200   0.8771  -0.4799   0.9785   0.5263
GUERILLA_Working1.BMP
 13  32.7465   0.6121  54.7957   0.2998   0.6977  -0.6507   0.9213   0.5147
 13  32.6511  -0.4628  54.1146   0.5761   0.3123  -0.7554   0.9317   0.5368
 24  29.7413   0.4301  54.5143   0.0200   0.8771  -0.4799   0.9785   0.5263
GUERILLA_Working1.BMP
 24  29.6443  -0.7382  53.9751   0.0452   0.1181  -0.9920   0.9780   0.5419
 24  29.7413   0.4301  54.5143   0.0200   0.8771  -0.4799   0.9785   0.5263
 13  32.6511  -0.4628  54.1146   0.5761   0.3123  -0.7554   0.9317   0.5368
GUERILLA_Working1.BMP
 13  32.6511  -0.4628  54.1146   0.5761   0.3123  -0.7554   0.9317   0.5368
 14  32.2081  -2.2487  53.3563   0.0472   0.6059  -0.7941   0.9389   0.5656
 24  29.6443  -0.7382  53.9751   0.0452   0.1181  -0.9920   0.9780   0.5419
GUERILLA_Working1.BMP
 14  32.2081  -2.2487  53.3563   0.0472   0.6059  -0.7941   0.9389   0.5656
 24  29.6158  -2.7263  54.1723  -0.1268  -0.8450  -0.5195   0.9774   0.5748
 24  29.6443  -0.7382  53.9751   0.0452   0.1181  -0.9920   0.9780   0.5419
GUERILLA_Working1.BMP
 32   8.2371   2.2842  55.6091   0.3842   0.6990   0.6031   0.9705   0.2388
 32   7.5828   2.6100  55.8730   0.9467   0.3183   0.0496   0.9782   0.2379
 32   7.9408  -0.3724  57.3079   0.9407  -0.1515   0.3034   0.9703   0.1852
GUERILLA_Working1.BMP
 28  11.1546   1.0189  51.3065   0.1687   0.0972  -0.9809   0.9117   0.3277
  6   8.2103  -0.2381  50.7562   0.8245  -0.1069  -0.5556   0.9570   0.3583
 32   7.7162   3.1115  52.2709   0.6164   0.7676  -0.1759   0.9747   0.2987
GUERILLA_Working1.BMP
 32   7.5278  -3.0714  55.6745   0.7022  -0.6533   0.2831   0.9772   0.1299
 32   7.5465  -3.0796  52.5201   0.4698  -0.8366  -0.2817   0.9666   0.0764
 30   8.9502  -3.5037  55.2964  -0.0176  -0.8883   0.4589   0.9436   0.1261
GUERILLA_Working1.BMP
  6   8.2103  -0.2381  50.7562   0.8245  -0.1069  -0.5556   0.9604   0.0217
 28  10.6130  -3.2155  52.9677   0.0815  -0.8190  -0.5679   0.9260   0.0718
 32   7.5465  -3.0796  52.5201   0.4698  -0.8366  -0.2817   0.9666   0.0764
GUERILLA_Working1.BMP
 28  11.7872  -3.5141  55.7154  -0.0097  -0.8383   0.5452   0.9049   0.1492
 28  10.6130  -3.2155  52.9677   0.0815  -0.8190  -0.5679   0.9260   0.0718
 28  14.4824  -3.4718  53.3643   0.0787  -0.8933  -0.4426   0.8512   0.0703
GUERILLA_Working1.BMP
 28  11.1546   1.0189  51.3065   0.1687   0.0972  -0.9809   0.9151   0.0103
 28  15.2541  -0.3143  51.8332   0.2033   0.1144  -0.9724   0.8471   0.0362
 28  14.4824  -3.4718  53.3643   0.0787  -0.8933  -0.4426   0.8512   0.0703
GUERILLA_Working1.BMP
 28  10.6130  -3.2155  52.9677   0.0815  -0.8190  -0.5679   0.9260   0.0718
  6   8.2103  -0.2381  50.7562   0.8245  -0.1069  -0.5556   0.9604   0.0217
 28  11.1546   1.0189  51.3065   0.1687   0.0972  -0.9809   0.9151   0.0103
GUERILLA_Working1.BMP
 30   8.9502  -3.5037  55.2964  -0.0176  -0.8883   0.4589   0.9436   0.1261
 32   7.5465  -3.0796  52.5201   0.4698  -0.8366  -0.2817   0.9666   0.0764
 28  10.6130  -3.2155  52.9677   0.0815  -0.8190  -0.5679   0.9260   0.0718
GUERILLA_Working1.BMP
 28  10.6130  -3.2155  52.9677   0.0815  -0.8190  -0.5679   0.9260   0.0718
 28  11.7872  -3.5141  55.7154  -0.0097  -0.8383   0.5452   0.9049   0.1492
 30   8.9502  -3.5037  55.2964  -0.0176  -0.8883   0.4589   0.9436   0.1261
GUERILLA_Working1.BMP
 28  11.7872  -3.5141  55.7154  -0.0097  -0.8383   0.5452   0.9049   0.1492
 28  10.4023  -0.2008  56.9098   0.0236  -0.0397   0.9989   0.9405   0.1827
 30   8.9502  -3.5037  55.2964  -0.0176  -0.8883   0.4589   0.9436   0.1261
GUERILLA_Working1.BMP
 30   8.9502  -3.5037  55.2964  -0.0176  -0.8883   0.4589   0.9436   0.1261
 28  10.4023  -0.2008  56.9098   0.0236  -0.0397   0.9989   0.9405   0.1827
 30   8.6797  -0.7891  57.1790   0.1649  -0.0247   0.9860   0.9583   0.1801
GUERILLA_Working1.BMP
 30   8.6797  -0.7891  57.1790   0.1649  -0.0247   0.9860   0.9583   0.1801
 28  10.4023  -0.2008  56.9098   0.0236  -0.0397   0.9989   0.9405   0.1827
 30   9.2917   2.2562  55.2973   0.0866   0.7978   0.5967   0.9575   0.2440
GUERILLA_Working1.BMP
 32   8.2371   2.2842  55.6091   0.3842   0.6990   0.6031   0.9705   0.2388
 30   8.6797  -0.7891  57.1790   0.1649  -0.0247   0.9860   0.9583   0.1801
 30   9.2917   2.2562  55.2973   0.0866   0.7978   0.5967   0.9575   0.2440
GUERILLA_Working1.BMP
 32   8.2371   2.2842  55.6091   0.3842   0.6990   0.6031   0.9705   0.2388
 30   9.2917   2.2562  55.2973   0.0866   0.7978   0.5967   0.9575   0.2440
 32   7.7162   3.1115  52.2709   0.6164   0.7676  -0.1759   0.9747   0.2987
GUERILLA_Working1.BMP
 32   8.2371   2.2842  55.6091   0.3842   0.6990   0.6031   0.9705   0.2388
 32   7.7162   3.1115  52.2709   0.6164   0.7676  -0.1759   0.9747   0.2987
 32   7.5828   2.6100  55.8730   0.9467   0.3183   0.0496   0.9782   0.2379
end
