version 1
nodes
  0 "Bip01"  -1
  1 "Bip01 Footsteps"   0
  2 "Bip01 Pelvis"   0
  3 "Bip01 Spine"   2
  4 "Bip01 Spine1"   3
  5 "Bip01 Spine2"   4
  6 "Bip01 Spine3"   5
  7 "Bip01 Neck"   6
  8 "Bip01 Head"   7
  9 "Dummy21"   8
 10 "Bip01 L Clavicle"   7
 11 "Bip01 L UpperArm"  10
 12 "Bip01 L Forearm"  11
 13 "Bip01 L Hand"  12
 14 "Bip01 L Finger0"  13
 15 "Bip01 L Finger01"  14
 16 "Dummy06"  15
 17 "Bip01 L Finger1"  13
 18 "Bip01 L Finger11"  17
 19 "Dummy03"  18
 20 "-- L knuckle"  17
 21 "-- L knuckle_end"  20
 22 "Line02"  13
 23 "-- L Forearm twist"  12
 24 "-- L Forearm twist_end"  23
 25 "-- L wrist"  12
 26 "-- L wrist_end"  25
 27 "-- L Elbow"  11
 28 "--L Elbow_end"  27
 29 "-- L bicep twist"  11
 30 "-- L bicep twist_end"  29
 31 "-- L shoulder outside"  10
 32 "-- L shoulder outside_end"  31
 33 "-- L Shoulder inside"  10
 34 "-- L Shoulder inside_end"  33
 35 "Bip01 R Clavicle"   7
 36 "Bip01 R UpperArm"  35
 37 "Bip01 R Forearm"  36
 38 "Bip01 R Hand"  37
 39 "Bip01 R Finger0"  38
 40 "Bip01 R Finger01"  39
 41 "Dummy01"  40
 42 "Bip01 R Finger1"  38
 43 "Bip01 R Finger11"  42
 44 "Dummy02"  43
 45 "-- R knuckle"  42
 46 "Point06"  45
 47 "Line01"  38
 48 "-- R wrist"  37
 49 "-- R wrist_end"  48
 50 "-- R forearm twist"  37
 51 "-- R forearm twist_end"  50
 52 "-- R Elbow"  36
 53 "--R Elbow_end"  52
 54 "-- R bicep twist"  36
 55 "-- R bicep twist_end"  54
 56 "-- R Shoulder inside"  35
 57 "-- R Shoulder inside_end"  56
 58 "-- R shoulder outside"  35
 59 "-- R shoulder outside_end"  58
 60 "-- Neck smooth"   6
 61 "-- neck smooth end"  60
 62 "-- R Butt"   2
 63 "--R Butt_end"  62
 64 "-- L butt"   2
 65 "--L butt_end"  64
 66 "GIGN01"   2
 67 "Bip01 L Thigh"   2
 68 "Bip01 L Calf"  67
 69 "Bip01 L Foot"  68
 70 "Bip01 L Toe0"  69
 71 "Dummy16"  70
 72 "-- L ankle"  68
 73 "-- L ankleend"  72
 74 "-- L Knee"  67
 75 "--L Knee_end"  74
 76 "Bip01 R Thigh"   2
 77 "Bip01 R Calf"  76
 78 "Bip01 R Foot"  77
 79 "Bip01 R Toe0"  78
 80 "Dummy11"  79
 81 "-- R Ankle"  77
 82 "-- R ankleend"  81
 83 "-- R Knee"  76
 84 "--R Knee_end"  83
end
skeleton
time 0
  0 0.000000 0.000000 32.947224 -0.243067 0.535714 -2.432935
  1 13.773752 5.584524 -22.520977 -0.544290 0.221328 2.303921
  2 -2.276935 0.000003 -1.238186 -1.570795 -1.570451 0.000000
  3 1.796670 0.711980 -0.000977 0.309865 -0.220383 -0.222130
  4 4.119407 -0.003167 -0.000299 0.091290 0.052114 0.253395
  5 4.118920 -0.003243 -0.000357 0.109427 0.077195 0.106123
  6 4.118817 -0.003265 -0.000242 0.073885 0.067451 0.070477
  7 4.119271 -0.003436 -0.000515 0.146173 0.045605 0.199643
  8 4.443600 -0.000002 0.000000 0.107595 -0.315474 -0.467729
  9 9.024062 -0.000002 0.000000 0.000000 0.000000 0.000000
 10 -0.078991 0.255646 1.712461 -0.977587 -1.096994 -2.381355
 11 6.384777 -0.000002 -0.000001 -0.578641 0.188848 -1.119521
 12 10.242683 -0.000000 0.000000 -0.000000 -0.000000 -1.812083
 13 11.375560 0.000001 0.000001 -1.918460 -0.735248 0.317500
 14 0.728682 0.023431 -1.008293 1.627471 0.842372 0.191441
 15 2.136497 0.000000 -0.000000 -0.000000 0.000000 0.898845
 16 2.313140 0.000000 0.000000 0.000000 0.000000 0.000000
 17 3.115509 -0.886042 -0.021433 -0.523248 -0.008991 0.590544
 18 2.011151 -0.000001 0.000001 -0.000000 -0.000000 1.951110
 19 2.141381 -0.000000 0.000003 0.000000 0.000000 0.000000
 20 1.734172 0.000001 -0.000000 0.000000 -0.000000 0.976392
 21 0.000006 -4.440592 -0.000001 1.570544 -0.062990 -0.195737
 22 4.112856 -0.572204 -1.309458 -1.644301 0.094718 0.119721
 23 5.999999 0.000001 -0.000001 -1.798402 -0.000000 -0.000000
 24 0.000001 -4.440601 0.000000 1.569944 -0.062987 0.004053
 25 11.375561 0.000000 0.000005 -1.700529 -0.378621 0.116442
 26 -0.000001 -4.440605 0.000000 1.570144 -0.062988 0.004040
 27 10.510131 0.000001 0.000001 0.000000 0.000000 -2.476838
 28 0.000001 -1.748401 5.000001 0.000000 0.004007 1.602291
 29 5.500002 -0.000000 -0.000001 0.187698 -0.000000 0.000000
 30 -0.000002 -1.940597 5.000000 -0.044472 0.004003 -0.000180
 31 6.551492 -0.000002 -0.000001 -0.360258 0.195926 -0.670152
 32 0.000001 -1.940599 5.000002 -0.027189 -0.053376 0.005295
 33 6.551492 -0.000002 -0.000001 -0.152661 0.121998 -0.305518
 34 0.000000 -1.940600 4.999995 -0.066572 -0.152786 -0.110311
 35 0.078997 -0.248570 -1.712461 3.128683 1.287356 -0.204821
 36 6.384778 0.000001 -0.000001 0.643128 0.086743 -0.752903
 37 10.242682 0.000001 -0.000001 0.000000 -0.000000 -1.679601
 38 11.375562 -0.000001 0.000000 2.082977 0.422292 0.611878
 39 0.728681 0.023431 1.008292 -1.627471 -0.842372 0.191441
 40 2.136495 -0.000000 -0.000000 -0.000000 -0.000000 0.898844
 41 2.313138 -0.000001 -0.000001 0.000000 0.000000 3.141593
 42 3.115507 -0.886040 0.021431 0.523248 0.008991 0.590544
 43 2.011149 -0.000001 0.000002 0.000000 0.000000 1.951110
 44 2.141381 -0.000001 -0.000003 0.000000 0.000000 3.141593
 45 1.734172 -0.000002 0.000001 0.000000 -0.000000 0.976392
 46 0.136315 -3.738194 2.525891 1.493698 2.759406 -1.474501
 47 3.771410 0.416399 1.053534 1.765650 0.074575 0.195753
 48 11.389366 -0.000821 0.158779 1.787083 0.250326 0.281347
 49 -0.000000 -4.440599 0.000002 1.570144 -3.078602 0.004040
 50 5.999999 -0.000001 -0.000002 1.787083 0.000000 0.000000
 51 0.000002 -4.440600 0.000002 1.569944 -3.078603 0.004053
 52 10.510131 0.000000 0.000001 -0.000000 0.000000 -2.410597
 53 0.000001 -1.748400 -5.000003 3.141593 0.004007 -1.539299
 54 5.499999 0.000000 0.000000 -0.214286 0.000000 -0.000000
 55 0.000001 -0.000001 -4.999997 -0.044472 3.137589 -0.000177
 56 6.551492 0.000002 -0.000000 0.214285 -0.036078 -0.257651
 57 -1.266844 -1.937444 -4.950561 -0.066572 -2.988806 -0.110308
 58 6.551492 0.000002 -0.000000 0.214285 -0.036078 -0.257651
 59 0.699371 -1.944209 -5.006845 -0.027189 -3.088217 0.005298
 60 4.226144 -0.003202 -0.000000 0.073220 0.027892 0.113814
 61 0.000001 5.000001 0.000000 -0.153564 0.000087 2.718702
 62 0.000005 -0.000004 -3.713579 0.119535 -2.936655 -0.885276
 63 -0.000001 0.000001 5.000000 3.053195 1.558589 -0.074929
 64 -0.000004 0.000005 3.713579 -0.311487 -2.845558 -0.582080
 65 -0.000001 0.000000 -5.000000 -0.088726 1.558589 3.066335
 66 7.363605 1.646646 0.495663 -3.141593 -1.570796 0.000000
 67 -0.000003 0.000005 3.619081 -0.441735 -2.434423 -1.159240
 68 16.573919 -0.000001 0.000001 -0.000000 -0.000000 -2.011748
 69 15.128181 0.000001 0.000001 0.026832 0.026147 -0.175154
 70 5.758666 4.244731 0.000000 0.000000 -0.000000 2.033309
 71 3.177726 0.000000 0.000000 0.000000 0.000000 3.141593
 72 15.708952 0.000002 0.000001 0.013957 0.013894 -0.093781
 73 0.275148 0.189215 -3.445207 3.130898 0.000409 -1.514604
 74 17.210194 -0.000002 0.000002 -0.000000 0.000000 -2.319003
 75 0.000000 -0.000000 -5.000000 -0.079433 1.546568 -1.570857
 76 0.000005 -0.000003 -3.619079 0.260448 -2.945758 -1.468642
 77 16.573919 -0.000000 0.000001 0.000000 0.000000 -1.562392
 78 15.128181 0.000001 0.000001 0.265624 -0.173430 0.666428
 79 5.758665 4.244731 0.000000 -0.000000 0.000000 1.483530
 80 4.003935 0.000000 0.000000 0.000000 0.000000 0.000000
 81 15.708953 0.000000 0.000001 0.195074 -0.100553 0.460486
 82 0.273998 0.191090 3.439762 -3.130907 -0.000437 -1.508107
 83 17.210196 -0.000001 0.000000 -0.000000 0.000000 -2.116793
 84 0.000000 -0.000000 5.000000 -0.079311 1.595025 -1.570737
time 1
  0 0.000000 0.000000 32.947224 -0.243067 0.535714 -2.432935
  1 13.773752 5.584524 -22.520977 -0.544290 0.221328 2.303921
  2 -2.276935 0.000003 -1.238186 -1.570795 -1.570451 0.000000
  3 1.796670 0.711980 -0.000977 0.309865 -0.220383 -0.222130
  4 4.119407 -0.003167 -0.000299 0.091290 0.052114 0.253395
  5 4.118923 -0.003245 -0.000357 0.109504 0.077148 0.106221
  6 4.118817 -0.003265 -0.000242 0.073885 0.067451 0.070477
  7 4.119319 -0.003427 -0.000512 0.145192 0.020224 0.208481
  8 4.443600 -0.000000 0.000000 0.101612 -0.283382 -0.495920
  9 9.024059 0.000001 0.000000 0.000000 0.000000 0.000000
 10 -0.035040 0.254180 1.714139 -1.001810 -1.117629 -2.373746
 11 6.384777 -0.000000 0.000001 -0.578400 0.183902 -1.113020
 12 10.242682 -0.000000 -0.000001 -0.000000 -0.000000 -1.807206
 13 11.375561 0.000000 -0.000001 -1.945414 -0.719611 0.351034
 14 0.728679 0.023430 -1.008293 1.627471 0.842372 0.191441
 15 2.136498 0.000001 0.000000 0.000000 0.000000 0.898844
 16 2.313139 0.000001 -0.000000 0.000000 0.000000 0.000000
 17 3.115504 -0.886041 -0.021432 -0.523248 -0.008991 0.590544
 18 2.011151 0.000000 -0.000003 0.000000 -0.000000 1.951110
 19 2.141380 0.000000 0.000003 0.000000 0.000000 0.000000
 20 1.734172 0.000001 -0.000002 0.000000 0.000000 0.976392
 21 0.000006 -4.440594 0.000001 1.570544 -0.062990 -0.195737
 22 4.112851 -0.572204 -1.309457 -1.644301 0.094718 0.119721
 23 6.000000 0.000002 -0.000002 -1.816748 0.000000 -0.000000
 24 0.000001 -4.440601 -0.000000 1.569944 -0.062987 0.004053
 25 11.375561 -0.000001 0.000003 -1.710950 -0.373156 0.131386
 26 0.000001 -4.440602 -0.000001 1.570144 -0.062988 0.004040
 27 10.510129 -0.000000 -0.000000 0.000000 -0.000000 -2.474399
 28 -0.000001 -1.748400 4.999998 -0.000000 0.004007 1.602291
 29 5.500001 -0.000001 -0.000003 0.188990 0.000000 -0.000000
 30 -0.000000 -1.940598 5.000000 -0.044472 0.004003 -0.000180
 31 6.551491 -0.000001 -0.000000 -0.361650 0.191931 -0.667302
 32 0.000001 -1.940599 5.000002 -0.027189 -0.053376 0.005295
 33 6.551491 -0.000001 -0.000000 -0.153835 0.120160 -0.304536
 34 0.000000 -1.940601 4.999996 -0.066572 -0.152786 -0.110311
 35 0.035044 -0.247100 -1.714139 3.114100 1.310897 -0.231295
 36 6.384777 -0.000001 0.000002 0.647688 0.086709 -0.747888
 37 10.242683 0.000000 0.000002 0.000000 0.000000 -1.689781
 38 11.375561 -0.000001 -0.000005 2.082473 0.422580 0.611778
 39 0.728680 0.023430 1.008294 -1.627471 -0.842372 0.191441
 40 2.136498 0.000003 0.000003 -0.000000 -0.000000 0.898845
 41 2.313139 -0.000001 -0.000002 0.000000 0.000000 3.141593
 42 3.115507 -0.886041 0.021431 0.523248 0.008991 0.590544
 43 2.011150 0.000000 0.000001 0.000000 -0.000000 1.951110
 44 2.141381 -0.000000 -0.000001 0.000000 0.000000 3.141593
 45 1.734172 -0.000000 0.000001 -0.000000 -0.000000 0.976392
 46 0.136314 -3.738194 2.525893 1.493698 2.759406 -1.474501
 47 3.771409 0.416400 1.053531 1.765650 0.074575 0.195753
 48 11.389366 -0.000819 0.158780 1.786811 0.250425 0.281297
 49 0.000002 -4.440598 -0.000000 1.570144 -3.078602 0.004040
 50 5.999999 0.000001 -0.000001 1.786811 -0.000000 0.000000
 51 0.000001 -4.440599 -0.000001 1.569944 -3.078603 0.004053
 52 10.510131 0.000001 0.000001 0.000000 0.000000 -2.415687
 53 0.000002 -1.748400 -5.000001 -3.141593 0.004007 -1.539299
 54 5.500000 0.000001 0.000001 -0.215613 -0.000000 0.000000
 55 -0.000001 0.000000 -5.000000 -0.044472 3.137590 -0.000177
 56 6.551491 0.000000 0.000002 0.215613 -0.036175 -0.256908
 57 -1.266844 -1.937442 -4.950560 -0.066572 -2.988806 -0.110308
 58 6.551492 0.000000 0.000002 0.215613 -0.036175 -0.256908
 59 0.699370 -1.944207 -5.006846 -0.027189 -3.088217 0.005298
 60 4.226147 -0.003201 -0.000000 0.073183 0.014489 0.119295
 61 0.000001 5.000000 0.000000 -0.153564 0.000087 2.718702
 62 0.000005 -0.000004 -3.713579 0.119535 -2.936655 -0.885276
 63 -0.000001 0.000001 5.000000 3.053195 1.558589 -0.074929
 64 -0.000004 0.000005 3.713579 -0.311487 -2.845558 -0.582080
 65 -0.000001 0.000000 -5.000000 -0.088726 1.558589 3.066335
 66 7.363605 1.646646 0.495663 -3.141593 -1.570796 0.000000
 67 -0.000003 0.000005 3.619081 -0.441735 -2.434423 -1.159240
 68 16.573919 -0.000001 0.000001 -0.000000 -0.000000 -2.011748
 69 15.128181 0.000001 0.000001 0.026832 0.026147 -0.175154
 70 5.758666 4.244731 0.000000 0.000000 -0.000000 2.033309
 71 3.177726 0.000000 0.000000 0.000000 0.000000 3.141593
 72 15.708952 0.000002 0.000001 0.013957 0.013894 -0.093781
 73 0.275148 0.189215 -3.445207 3.130898 0.000409 -1.514604
 74 17.210194 -0.000002 0.000002 -0.000000 0.000000 -2.319003
 75 0.000000 -0.000000 -5.000000 -0.079433 1.546568 -1.570857
 76 0.000005 -0.000003 -3.619079 0.260448 -2.945758 -1.468642
 77 16.573919 -0.000000 0.000001 0.000000 0.000000 -1.562392
 78 15.128181 0.000001 0.000001 0.265624 -0.173430 0.666428
 79 5.758665 4.244731 0.000000 -0.000000 0.000000 1.483530
 80 4.003935 0.000000 0.000000 0.000000 0.000000 0.000000
 81 15.708953 0.000000 0.000001 0.195074 -0.100553 0.460486
 82 0.273998 0.191090 3.439762 -3.130907 -0.000437 -1.508107
 83 17.210196 -0.000001 0.000000 -0.000000 0.000000 -2.116793
 84 0.000000 -0.000000 5.000000 -0.079311 1.595025 -1.570737
time 2
  0 0.000000 0.000000 32.947224 -0.243067 0.535714 -2.432935
  1 13.773752 5.584524 -22.520977 -0.544290 0.221328 2.303921
  2 -2.276935 0.000003 -1.238186 -1.570795 -1.570451 0.000000
  3 1.796670 0.711980 -0.000977 0.309865 -0.220383 -0.222130
  4 4.119407 -0.003167 -0.000299 0.091290 0.052114 0.253395
  5 4.118924 -0.003243 -0.000359 0.109963 0.076874 0.106811
  6 4.118815 -0.003263 -0.000241 0.073885 0.067451 0.070477
  7 4.119364 -0.003418 -0.000507 0.143856 -0.007614 0.218202
  8 4.443599 0.000000 0.000001 0.093442 -0.248653 -0.527418
  9 9.024062 -0.000002 0.000000 0.000000 0.000000 0.000000
 10 0.013194 0.251930 1.714774 -1.012684 -1.145291 -2.380644
 11 6.384777 -0.000000 -0.000001 -0.578262 0.172916 -1.098308
 12 10.242682 -0.000000 -0.000001 0.000000 -0.000000 -1.796747
 13 11.375561 -0.000001 0.000000 -2.000906 -0.682569 0.421346
 14 0.728681 0.023431 -1.008291 1.627471 0.842372 0.191441
 15 2.136493 0.000001 -0.000000 -0.000000 0.000000 0.898844
 16 2.313139 -0.000001 0.000000 0.000000 0.000000 0.000000
 17 3.115508 -0.886042 -0.021431 -0.523248 -0.008991 0.590544
 18 2.011151 0.000000 -0.000000 -0.000000 0.000000 1.951110
 19 2.141380 0.000000 -0.000000 0.000000 0.000000 0.000000
 20 1.734172 0.000001 -0.000001 0.000000 0.000000 0.976391
 21 0.000006 -4.440594 -0.000001 1.570544 -0.062990 -0.195737
 22 4.112854 -0.572204 -1.309456 -1.644301 0.094718 0.119721
 23 5.999999 -0.000000 -0.000001 -1.855569 0.000000 -0.000000
 24 0.000001 -4.440602 -0.000001 1.569944 -0.062987 0.004053
 25 11.375562 0.000001 0.000002 -1.733418 -0.360174 0.163809
 26 0.000000 -4.440603 0.000000 1.570144 -0.062988 0.004040
 27 10.510130 -0.000001 -0.000002 -0.000000 0.000000 -2.469170
 28 -0.000000 -1.748400 4.999996 -0.000000 0.004007 1.602291
 29 5.499999 0.000001 -0.000001 0.191949 -0.000000 -0.000000
 30 -0.000003 -1.940597 5.000002 -0.044472 0.004003 -0.000180
 31 6.551490 -0.000002 -0.000002 -0.364953 0.183165 -0.660986
 32 0.000000 -1.940600 5.000000 -0.027189 -0.053376 0.005295
 33 6.551490 -0.000002 -0.000002 -0.156512 0.116133 -0.302330
 34 0.000000 -1.940599 4.999998 -0.066572 -0.152786 -0.110311
 35 -0.013192 -0.244851 -1.714774 3.093376 1.336588 -0.265023
 36 6.384777 0.000002 -0.000001 0.654770 0.086459 -0.739652
 37 10.242682 -0.000000 0.000000 -0.000000 -0.000000 -1.705688
 38 11.375561 -0.000001 0.000000 2.081867 0.422727 0.611999
 39 0.728681 0.023431 1.008292 -1.627471 -0.842372 0.191441
 40 2.136496 0.000001 0.000003 0.000000 -0.000000 0.898844
 41 2.313138 -0.000001 -0.000002 0.000000 0.000000 3.141593
 42 3.115506 -0.886040 0.021429 0.523248 0.008991 0.590544
 43 2.011151 0.000001 -0.000001 -0.000000 -0.000000 1.951110
 44 2.141379 -0.000001 -0.000000 0.000000 0.000000 3.141593
 45 1.734172 -0.000001 0.000001 -0.000000 0.000000 0.976392
 46 0.136316 -3.738193 2.525893 1.493698 2.759406 -1.474501
 47 3.771410 0.416401 1.053530 1.765650 0.074575 0.195753
 48 11.389366 -0.000819 0.158782 1.786485 0.250463 0.281418
 49 0.000000 -4.440600 0.000002 1.570144 -3.078602 0.004040
 50 6.000000 -0.000001 -0.000002 1.786485 -0.000000 -0.000000
 51 0.000002 -4.440601 0.000001 1.569944 -3.078603 0.004053
 52 10.510131 0.000001 -0.000000 -0.000000 0.000000 -2.423640
 53 0.000001 -1.748400 -5.000002 3.141593 0.004007 -1.539299
 54 5.499999 0.000000 0.000001 -0.217655 0.000000 0.000000
 55 -0.000000 -0.000000 -4.999999 -0.044472 3.137589 -0.000177
 56 6.551490 0.000002 0.000001 0.217655 -0.036349 -0.255677
 57 -1.266844 -1.937443 -4.950559 -0.066572 -2.988806 -0.110308
 58 6.551491 0.000002 0.000001 0.217655 -0.036349 -0.255677
 59 0.699370 -1.944208 -5.006845 -0.027189 -3.088217 0.005298
 60 4.226145 -0.003202 0.000000 0.073049 -0.000206 0.125230
 61 -0.000001 5.000000 -0.000000 -0.153564 0.000087 2.718702
 62 0.000005 -0.000004 -3.713579 0.119535 -2.936655 -0.885276
 63 -0.000001 0.000001 5.000000 3.053195 1.558589 -0.074929
 64 -0.000004 0.000005 3.713579 -0.311487 -2.845558 -0.582080
 65 -0.000001 0.000000 -5.000000 -0.088726 1.558589 3.066335
 66 7.363605 1.646646 0.495663 -3.141593 -1.570796 0.000000
 67 -0.000003 0.000005 3.619081 -0.441735 -2.434423 -1.159240
 68 16.573919 -0.000001 0.000001 -0.000000 -0.000000 -2.011748
 69 15.128181 0.000001 0.000001 0.026832 0.026147 -0.175154
 70 5.758666 4.244731 0.000000 0.000000 -0.000000 2.033309
 71 3.177726 0.000000 0.000000 0.000000 0.000000 3.141593
 72 15.708952 0.000002 0.000001 0.013957 0.013894 -0.093781
 73 0.275148 0.189215 -3.445207 3.130898 0.000409 -1.514604
 74 17.210194 -0.000002 0.000002 -0.000000 0.000000 -2.319003
 75 0.000000 -0.000000 -5.000000 -0.079433 1.546568 -1.570857
 76 0.000005 -0.000003 -3.619079 0.260448 -2.945758 -1.468642
 77 16.573919 -0.000000 0.000001 0.000000 0.000000 -1.562392
 78 15.128181 0.000001 0.000001 0.265624 -0.173430 0.666428
 79 5.758665 4.244731 0.000000 -0.000000 0.000000 1.483530
 80 4.003935 0.000000 0.000000 0.000000 0.000000 0.000000
 81 15.708953 0.000000 0.000001 0.195074 -0.100553 0.460486
 82 0.273998 0.191090 3.439762 -3.130907 -0.000437 -1.508107
 83 17.210196 -0.000001 0.000000 -0.000000 0.000000 -2.116793
 84 0.000000 -0.000000 5.000000 -0.079311 1.595025 -1.570737
time 3
  0 0.000000 0.000000 32.947224 -0.243067 0.535714 -2.432935
  1 13.773752 5.584524 -22.520977 -0.544290 0.221328 2.303921
  2 -2.276935 0.000003 -1.238186 -1.570795 -1.570451 0.000000
  3 1.796670 0.711980 -0.000977 0.309865 -0.220383 -0.222130
  4 4.119407 -0.003167 -0.000299 0.091290 0.052114 0.253395
  5 4.118925 -0.003241 -0.000361 0.110780 0.076389 0.107883
  6 4.118817 -0.003264 -0.000242 0.073885 0.067451 0.070477
  7 4.119415 -0.003409 -0.000501 0.142170 -0.036675 0.228398
  8 4.443600 -0.000003 0.000000 0.083183 -0.213020 -0.560955
  9 9.024061 0.000000 0.000000 0.000000 0.000000 0.000000
 10 0.063534 0.248878 1.714087 -1.025657 -1.174136 -2.385560
 11 6.384777 -0.000000 0.000002 -0.578656 0.161652 -1.083107
 12 10.242682 -0.000001 -0.000002 0.000000 0.000000 -1.786499
 13 11.375560 -0.000000 -0.000001 -2.051461 -0.641892 0.487400
 14 0.728681 0.023431 -1.008291 1.627471 0.842372 0.191441
 15 2.136496 0.000000 0.000001 0.000000 0.000000 0.898845
 16 2.313138 -0.000001 0.000001 0.000000 0.000000 0.000000
 17 3.115508 -0.886042 -0.021432 -0.523248 -0.008991 0.590544
 18 2.011152 -0.000000 0.000003 0.000000 0.000000 1.951110
 19 2.141381 0.000000 -0.000001 0.000000 0.000000 0.000000
 20 1.734172 0.000002 -0.000001 -0.000000 0.000000 0.976392
 21 0.000006 -4.440593 -0.000001 1.570544 -0.062990 -0.195737
 22 4.112855 -0.572205 -1.309458 -1.644301 0.094718 0.119721
 23 6.000000 -0.000000 0.000000 -1.892369 0.000000 -0.000000
 24 -0.000000 -4.440601 -0.000001 1.569944 -0.062987 0.004053
 25 11.375561 0.000001 0.000000 -1.755308 -0.345802 0.195713
 26 -0.000001 -4.440603 0.000001 1.570144 -0.062988 0.004040
 27 10.510129 0.000000 -0.000001 0.000000 0.000000 -2.464046
 28 0.000000 -1.748401 4.999999 -0.000000 0.004007 1.602291
 29 5.500000 -0.000001 -0.000002 0.195089 -0.000000 -0.000000
 30 -0.000001 -1.940598 4.999998 -0.044472 0.004003 -0.000180
 31 6.551491 -0.000001 -0.000001 -0.368612 0.174368 -0.654650
 32 0.000001 -1.940599 5.000000 -0.027189 -0.053376 0.005295
 33 6.551491 -0.000001 -0.000001 -0.159335 0.112101 -0.300083
 34 0.000000 -1.940601 4.999996 -0.066572 -0.152786 -0.110311
 35 -0.063528 -0.241807 -1.714086 3.064584 1.363203 -0.307349
 36 6.384777 -0.000001 0.000001 0.662238 0.086124 -0.730663
 37 10.242682 0.000000 0.000003 -0.000000 -0.000000 -1.722252
 38 11.375562 0.000000 -0.000000 2.081450 0.422551 0.612624
 39 0.728679 0.023430 1.008293 -1.627471 -0.842372 0.191441
 40 2.136496 0.000001 0.000001 -0.000000 0.000000 0.898845
 41 2.313139 0.000001 0.000001 0.000000 0.000000 3.141593
 42 3.115507 -0.886041 0.021431 0.523248 0.008991 0.590544
 43 2.011151 -0.000001 0.000001 0.000000 -0.000000 1.951110
 44 2.141379 0.000000 0.000001 0.000000 0.000000 3.141593
 45 1.734173 -0.000002 0.000002 -0.000000 0.000000 0.976392
 46 0.136314 -3.738193 2.525892 1.493698 2.759406 -1.474501
 47 3.771410 0.416399 1.053533 1.765650 0.074575 0.195753
 48 11.389366 -0.000821 0.158782 1.786263 0.250377 0.281755
 49 -0.000000 -4.440601 0.000001 1.570144 -3.078602 0.004040
 50 5.999999 -0.000001 -0.000001 1.786263 -0.000000 -0.000000
 51 0.000001 -4.440600 0.000001 1.569944 -3.078603 0.004053
 52 10.510132 0.000001 0.000003 0.000000 0.000000 -2.431922
 53 0.000001 -1.748400 -5.000002 -3.141593 0.004007 -1.539299
 54 5.499999 0.000000 0.000001 -0.219801 0.000000 0.000000
 55 -0.000000 0.000000 -4.999999 -0.044472 3.137589 -0.000177
 56 6.551491 0.000000 0.000001 0.219802 -0.036530 -0.254326
 57 -1.266844 -1.937443 -4.950559 -0.066572 -2.988806 -0.110308
 58 6.551491 0.000000 0.000001 0.219802 -0.036530 -0.254326
 59 0.699370 -1.944207 -5.006846 -0.027189 -3.088217 0.005298
 60 4.226146 -0.003202 -0.000000 0.072809 -0.015528 0.131337
 61 -0.000002 5.000000 -0.000000 -0.153564 0.000087 2.718702
 62 0.000005 -0.000004 -3.713579 0.119535 -2.936655 -0.885276
 63 -0.000001 0.000001 5.000000 3.053195 1.558589 -0.074929
 64 -0.000004 0.000005 3.713579 -0.311487 -2.845558 -0.582080
 65 -0.000001 0.000000 -5.000000 -0.088726 1.558589 3.066335
 66 7.363605 1.646646 0.495663 -3.141593 -1.570796 0.000000
 67 -0.000003 0.000005 3.619081 -0.441735 -2.434423 -1.159240
 68 16.573919 -0.000001 0.000001 -0.000000 -0.000000 -2.011748
 69 15.128181 0.000001 0.000001 0.026832 0.026147 -0.175154
 70 5.758666 4.244731 0.000000 0.000000 -0.000000 2.033309
 71 3.177726 0.000000 0.000000 0.000000 0.000000 3.141593
 72 15.708952 0.000002 0.000001 0.013957 0.013894 -0.093781
 73 0.275148 0.189215 -3.445207 3.130898 0.000409 -1.514604
 74 17.210194 -0.000002 0.000002 -0.000000 0.000000 -2.319003
 75 0.000000 -0.000000 -5.000000 -0.079433 1.546568 -1.570857
 76 0.000005 -0.000003 -3.619079 0.260448 -2.945758 -1.468642
 77 16.573919 -0.000000 0.000001 0.000000 0.000000 -1.562392
 78 15.128181 0.000001 0.000001 0.265624 -0.173430 0.666428
 79 5.758665 4.244731 0.000000 -0.000000 0.000000 1.483530
 80 4.003935 0.000000 0.000000 0.000000 0.000000 0.000000
 81 15.708953 0.000000 0.000001 0.195074 -0.100553 0.460486
 82 0.273998 0.191090 3.439762 -3.130907 -0.000437 -1.508107
 83 17.210196 -0.000001 0.000000 -0.000000 0.000000 -2.116793
 84 0.000000 -0.000000 5.000000 -0.079311 1.595025 -1.570737
time 4
  0 0.000000 0.000000 32.947224 -0.243067 0.535714 -2.432935
  1 13.773752 5.584524 -22.520977 -0.544290 0.221328 2.303921
  2 -2.276935 0.000003 -1.238186 -1.570795 -1.570451 0.000000
  3 1.796670 0.711980 -0.000977 0.309865 -0.220383 -0.222130
  4 4.119407 -0.003167 -0.000299 0.091290 0.052114 0.253395
  5 4.118930 -0.003240 -0.000365 0.111889 0.075738 0.109374
  6 4.118817 -0.003265 -0.000242 0.073885 0.067451 0.070477
  7 4.119463 -0.003397 -0.000493 0.140181 -0.065725 0.238658
  8 4.443598 -0.000000 -0.000000 0.071203 -0.178135 -0.595197
  9 9.024061 -0.000001 0.000000 0.000000 0.000000 0.000000
 10 0.113801 0.245111 1.712020 -1.041778 -1.202646 -2.386713
 11 6.384776 -0.000001 -0.000001 -0.579549 0.150745 -1.068829
 12 10.242682 -0.000000 -0.000001 0.000000 -0.000000 -1.777054
 13 11.375560 -0.000001 -0.000000 -2.094104 -0.600957 0.545242
 14 0.728679 0.023432 -1.008291 1.627471 0.842372 0.191441
 15 2.136496 0.000001 0.000001 -0.000000 0.000000 0.898844
 16 2.313138 -0.000001 0.000001 0.000000 0.000000 0.000000
 17 3.115507 -0.886041 -0.021432 -0.523248 -0.008991 0.590544
 18 2.011152 -0.000000 0.000000 -0.000000 0.000000 1.951110
 19 2.141380 0.000000 0.000000 0.000000 0.000000 0.000000
 20 1.734173 0.000000 0.000002 0.000000 -0.000000 0.976392
 21 0.000006 -4.440594 -0.000000 1.570544 -0.062990 -0.195737
 22 4.112853 -0.572203 -1.309456 -1.644301 0.094718 0.119721
 23 6.000000 -0.000001 -0.000000 -1.924692 0.000000 -0.000000
 24 0.000000 -4.440601 -0.000001 1.569944 -0.062987 0.004053
 25 11.375561 0.000000 0.000001 -1.775090 -0.331182 0.224876
 26 -0.000001 -4.440601 0.000001 1.570144 -0.062988 0.004040
 27 10.510132 0.000000 -0.000002 -0.000000 -0.000000 -2.459323
 28 -0.000001 -1.748400 4.999996 -0.000000 0.004007 1.602291
 29 5.500000 -0.000000 -0.000001 0.198207 -0.000000 -0.000000
 30 -0.000001 -1.940598 5.000000 -0.044472 0.004003 -0.000180
 31 6.551491 -0.000000 -0.000000 -0.372402 0.166104 -0.648880
 32 -0.000000 -1.940599 5.000003 -0.027189 -0.053376 0.005295
 33 6.551491 -0.000000 -0.000000 -0.162121 0.108329 -0.298015
 34 0.000000 -1.940598 4.999997 -0.066572 -0.152786 -0.110311
 35 -0.113799 -0.238034 -1.712021 3.025432 1.389499 -0.360001
 36 6.384777 0.000001 -0.000001 0.670016 0.085874 -0.721240
 37 10.242682 -0.000000 0.000000 0.000000 0.000000 -1.738958
 38 11.375559 -0.000000 -0.000000 2.081243 0.422068 0.613615
 39 0.728680 0.023431 1.008293 -1.627471 -0.842372 0.191441
 40 2.136497 0.000000 -0.000001 -0.000000 -0.000000 0.898844
 41 2.313139 -0.000001 -0.000002 0.000000 0.000000 3.141593
 42 3.115505 -0.886041 0.021431 0.523248 0.008991 0.590544
 43 2.011150 0.000001 0.000002 -0.000000 -0.000000 1.951110
 44 2.141378 -0.000001 0.000003 0.000000 0.000000 3.141593
 45 1.734172 0.000000 -0.000001 0.000000 0.000000 0.976392
 46 0.136315 -3.738193 2.525889 1.493698 2.759406 -1.474501
 47 3.771410 0.416401 1.053532 1.765650 0.074575 0.195753
 48 11.389367 -0.000820 0.158780 1.786156 0.250172 0.282285
 49 0.000001 -4.440601 0.000001 1.570144 -3.078602 0.004040
 50 6.000000 -0.000001 -0.000001 1.786156 -0.000000 -0.000000
 51 0.000002 -4.440605 0.000002 1.569944 -3.078603 0.004053
 52 10.510132 0.000001 0.000002 -0.000000 -0.000000 -2.440275
 53 0.000001 -1.748400 -5.000003 3.141593 0.004007 -1.539299
 54 5.500000 0.000001 0.000002 -0.222044 0.000000 0.000000
 55 0.000001 0.000000 -5.000000 -0.044472 3.137589 -0.000177
 56 6.551492 0.000001 -0.000000 0.222044 -0.036687 -0.252907
 57 -1.266844 -1.937442 -4.950562 -0.066572 -2.988806 -0.110308
 58 6.551492 0.000001 -0.000000 0.222044 -0.036687 -0.252907
 59 0.699370 -1.944208 -5.006848 -0.027189 -3.088217 0.005298
 60 4.226147 -0.003201 0.000000 0.072470 -0.030812 0.137353
 61 0.000001 5.000000 0.000000 -0.153564 0.000087 2.718702
 62 0.000005 -0.000004 -3.713579 0.119535 -2.936655 -0.885276
 63 -0.000001 0.000001 5.000000 3.053195 1.558589 -0.074929
 64 -0.000004 0.000005 3.713579 -0.311487 -2.845558 -0.582080
 65 -0.000001 0.000000 -5.000000 -0.088726 1.558589 3.066335
 66 7.363605 1.646646 0.495663 -3.141593 -1.570796 0.000000
 67 -0.000003 0.000005 3.619081 -0.441735 -2.434423 -1.159240
 68 16.573919 -0.000001 0.000001 -0.000000 -0.000000 -2.011748
 69 15.128181 0.000001 0.000001 0.026832 0.026147 -0.175154
 70 5.758666 4.244731 0.000000 0.000000 -0.000000 2.033309
 71 3.177726 0.000000 0.000000 0.000000 0.000000 3.141593
 72 15.708952 0.000002 0.000001 0.013957 0.013894 -0.093781
 73 0.275148 0.189215 -3.445207 3.130898 0.000409 -1.514604
 74 17.210194 -0.000002 0.000002 -0.000000 0.000000 -2.319003
 75 0.000000 -0.000000 -5.000000 -0.079433 1.546568 -1.570857
 76 0.000005 -0.000003 -3.619079 0.260448 -2.945758 -1.468642
 77 16.573919 -0.000000 0.000001 0.000000 0.000000 -1.562392
 78 15.128181 0.000001 0.000001 0.265624 -0.173430 0.666428
 79 5.758665 4.244731 0.000000 -0.000000 0.000000 1.483530
 80 4.003935 0.000000 0.000000 0.000000 0.000000 0.000000
 81 15.708953 0.000000 0.000001 0.195074 -0.100553 0.460486
 82 0.273998 0.191090 3.439762 -3.130907 -0.000437 -1.508107
 83 17.210196 -0.000001 0.000000 -0.000000 0.000000 -2.116793
 84 0.000000 -0.000000 5.000000 -0.079311 1.595025 -1.570737
time 5
  0 0.000000 0.000000 32.947224 -0.243067 0.535714 -2.432935
  1 13.773752 5.584524 -22.520977 -0.544290 0.221328 2.303921
  2 -2.276935 0.000003 -1.238186 -1.570795 -1.570451 0.000000
  3 1.796670 0.711980 -0.000977 0.309865 -0.220383 -0.222130
  4 4.119407 -0.003167 -0.000299 0.091290 0.052114 0.253395
  5 4.118938 -0.003241 -0.000369 0.113224 0.074965 0.111221
  6 4.118815 -0.003262 -0.000241 0.073885 0.067451 0.070477
  7 4.119510 -0.003386 -0.000485 0.137990 -0.093531 0.248559
  8 4.443597 -0.000001 -0.000000 0.058117 -0.145534 -0.628756
  9 9.024065 -0.000001 0.000000 0.000000 0.000000 0.000000
 10 0.161826 0.240831 1.708749 -1.059410 -1.229953 -2.385063
 11 6.384777 -0.000000 0.000001 -0.580842 0.140100 -1.055842
 12 10.242682 0.000000 -0.000001 -0.000000 -0.000000 -1.768273
 13 11.375562 0.000001 -0.000001 -2.129894 -0.560540 0.595914
 14 0.728681 0.023432 -1.008292 1.627471 0.842372 0.191441
 15 2.136495 -0.000001 0.000000 0.000000 0.000000 0.898845
 16 2.313140 0.000002 0.000000 0.000000 0.000000 0.000000
 17 3.115507 -0.886041 -0.021433 -0.523248 -0.008990 0.590544
 18 2.011150 0.000001 0.000002 0.000000 -0.000000 1.951110
 19 2.141380 -0.000000 -0.000003 0.000000 0.000000 0.000000
 20 1.734172 0.000001 0.000001 -0.000000 0.000000 0.976392
 21 0.000006 -4.440595 0.000002 1.570544 -0.062990 -0.195737
 22 4.112853 -0.572203 -1.309458 -1.644301 0.094718 0.119721
 23 6.000000 -0.000000 -0.000001 -1.952927 0.000000 -0.000000
 24 0.000001 -4.440598 0.000000 1.569944 -0.062987 0.004053
 25 11.375561 -0.000001 0.000003 -1.792858 -0.316583 0.251394
 26 0.000001 -4.440604 -0.000001 1.570144 -0.062988 0.004040
 27 10.510131 0.000000 -0.000003 0.000000 -0.000000 -2.454933
 28 0.000000 -1.748402 5.000001 0.000000 0.004007 1.602290
 29 5.500001 -0.000000 -0.000002 0.201287 0.000000 -0.000000
 30 -0.000001 -1.940598 5.000000 -0.044472 0.004003 -0.000180
 31 6.551491 -0.000002 -0.000001 -0.376287 0.158324 -0.643793
 32 -0.000000 -1.940598 5.000003 -0.027189 -0.053376 0.005295
 33 6.551491 -0.000002 -0.000001 -0.164855 0.104800 -0.296186
 34 0.000000 -1.940599 4.999997 -0.066572 -0.152786 -0.110311
 35 -0.161825 -0.233758 -1.708749 2.973628 1.414224 -0.424702
 36 6.384777 -0.000000 0.000000 0.678026 0.085878 -0.711694
 37 10.242682 0.000001 -0.000001 0.000000 -0.000000 -1.755304
 38 11.375562 -0.000001 -0.000001 2.081253 0.421297 0.614933
 39 0.728679 0.023431 1.008293 -1.627471 -0.842372 0.191441
 40 2.136496 0.000000 -0.000002 0.000000 -0.000000 0.898845
 41 2.313139 -0.000001 0.000001 0.000000 0.000000 3.141593
 42 3.115506 -0.886042 0.021433 0.523248 0.008991 0.590544
 43 2.011152 0.000000 -0.000002 -0.000000 -0.000000 1.951110
 44 2.141380 0.000000 -0.000003 0.000000 0.000000 3.141593
 45 1.734172 -0.000001 -0.000002 -0.000000 0.000000 0.976392
 46 0.136315 -3.738193 2.525890 1.493698 2.759406 -1.474501
 47 3.771410 0.416400 1.053531 1.765650 0.074575 0.195753
 48 11.389366 -0.000819 0.158782 1.786168 0.249859 0.282988
 49 0.000001 -4.440600 0.000001 1.570144 -3.078602 0.004040
 50 6.000000 0.000000 -0.000000 1.786168 -0.000000 -0.000000
 51 0.000001 -4.440603 0.000001 1.569944 -3.078603 0.004053
 52 10.510133 0.000000 0.000000 0.000000 0.000000 -2.448448
 53 -0.000001 -1.748399 -5.000000 3.141593 0.004007 -1.539299
 54 5.500000 -0.000000 -0.000001 -0.224372 0.000000 0.000000
 55 -0.000000 0.000000 -5.000001 -0.044472 3.137589 -0.000177
 56 6.551491 -0.000001 0.000001 0.224372 -0.036789 -0.251471
 57 -1.266844 -1.937443 -4.950559 -0.066572 -2.988806 -0.110308
 58 6.551491 -0.000001 0.000001 0.224372 -0.036789 -0.251471
 59 0.699371 -1.944207 -5.006846 -0.027189 -3.088217 0.005298
 60 4.226147 -0.003202 -0.000000 0.072058 -0.045400 0.143030
 61 -0.000002 5.000000 0.000000 -0.153564 0.000087 2.718702
 62 0.000005 -0.000004 -3.713579 0.119535 -2.936655 -0.885276
 63 -0.000001 0.000001 5.000000 3.053195 1.558589 -0.074929
 64 -0.000004 0.000005 3.713579 -0.311487 -2.845558 -0.582080
 65 -0.000001 0.000000 -5.000000 -0.088726 1.558589 3.066335
 66 7.363605 1.646646 0.495663 -3.141593 -1.570796 0.000000
 67 -0.000003 0.000005 3.619081 -0.441735 -2.434423 -1.159240
 68 16.573919 -0.000001 0.000001 -0.000000 -0.000000 -2.011748
 69 15.128181 0.000001 0.000001 0.026832 0.026147 -0.175154
 70 5.758666 4.244731 0.000000 0.000000 -0.000000 2.033309
 71 3.177726 0.000000 0.000000 0.000000 0.000000 3.141593
 72 15.708952 0.000002 0.000001 0.013957 0.013894 -0.093781
 73 0.275148 0.189215 -3.445207 3.130898 0.000409 -1.514604
 74 17.210194 -0.000002 0.000002 -0.000000 0.000000 -2.319003
 75 0.000000 -0.000000 -5.000000 -0.079433 1.546568 -1.570857
 76 0.000005 -0.000003 -3.619079 0.260448 -2.945758 -1.468642
 77 16.573919 -0.000000 0.000001 0.000000 0.000000 -1.562392
 78 15.128181 0.000001 0.000001 0.265624 -0.173430 0.666428
 79 5.758665 4.244731 0.000000 -0.000000 0.000000 1.483530
 80 4.003935 0.000000 0.000000 0.000000 0.000000 0.000000
 81 15.708953 0.000000 0.000001 0.195074 -0.100553 0.460486
 82 0.273998 0.191090 3.439762 -3.130907 -0.000437 -1.508107
 83 17.210196 -0.000001 0.000000 -0.000000 0.000000 -2.116793
 84 0.000000 -0.000000 5.000000 -0.079311 1.595025 -1.570737
time 6
  0 0.000000 0.000000 32.947224 -0.243067 0.535714 -2.432935
  1 13.773752 5.584524 -22.520977 -0.544290 0.221328 2.303921
  2 -2.276935 0.000003 -1.238186 -1.570795 -1.570451 0.000000
  3 1.796670 0.711980 -0.000977 0.309865 -0.220383 -0.222130
  4 4.119407 -0.003167 -0.000299 0.091290 0.052114 0.253395
  5 4.118944 -0.003239 -0.000374 0.114721 0.074112 0.113362
  6 4.118815 -0.003263 -0.000242 0.073885 0.067451 0.070477
  7 4.119549 -0.003376 -0.000476 0.135743 -0.118865 0.257664
  8 4.443599 -0.000004 0.000000 0.044775 -0.116614 -0.660158
  9 9.024063 -0.000002 0.000000 0.000000 0.000000 0.000000
 10 0.205478 0.236358 1.704669 -1.076299 -1.255191 -2.382230
 11 6.384777 -0.000001 -0.000001 -0.582425 0.129625 -1.044497
 12 10.242680 -0.000000 -0.000002 0.000000 0.000000 -1.760028
 13 11.375561 -0.000001 -0.000001 -2.159810 -0.521281 0.640340
 14 0.728681 0.023430 -1.008294 1.627471 0.842372 0.191441
 15 2.136495 0.000001 -0.000000 0.000000 -0.000000 0.898844
 16 2.313138 0.000000 0.000000 0.000000 0.000000 0.000000
 17 3.115507 -0.886042 -0.021435 -0.523248 -0.008991 0.590544
 18 2.011151 -0.000000 -0.000000 0.000000 -0.000000 1.951110
 19 2.141380 -0.000000 0.000000 0.000000 0.000000 0.000000
 20 1.734172 0.000000 0.000001 0.000000 -0.000000 0.976392
 21 0.000006 -4.440594 0.000001 1.570544 -0.062990 -0.195737
 22 4.112854 -0.572204 -1.309458 -1.644301 0.094718 0.119721
 23 6.000000 0.000000 -0.000003 -1.977486 0.000000 -0.000000
 24 0.000002 -4.440601 0.000002 1.569944 -0.062987 0.004053
 25 11.375562 0.000000 0.000000 -1.808733 -0.302247 0.275393
 26 -0.000001 -4.440604 -0.000001 1.570144 -0.062988 0.004040
 27 10.510130 -0.000000 -0.000003 -0.000000 -0.000000 -2.450810
 28 0.000001 -1.748402 4.999998 0.000000 0.004007 1.602290
 29 5.499998 0.000000 0.000001 0.204306 0.000000 0.000000
 30 -0.000003 -1.940597 5.000000 -0.044472 0.004003 -0.000180
 31 6.551491 -0.000000 0.000000 -0.380221 0.150982 -0.639496
 32 0.000001 -1.940599 5.000003 -0.027189 -0.053376 0.005295
 33 6.551491 -0.000000 0.000000 -0.167519 0.101494 -0.294651
 34 0.000000 -1.940597 4.999996 -0.066572 -0.152786 -0.110311
 35 -0.205472 -0.229289 -1.704668 2.908013 1.436154 -0.502054
 36 6.384777 0.000000 -0.000002 0.686187 0.086300 -0.702331
 37 10.242682 0.000000 0.000002 0.000000 -0.000000 -1.770799
 38 11.375560 0.000000 0.000001 2.081477 0.420264 0.616542
 39 0.728681 0.023430 1.008293 -1.627471 -0.842372 0.191441
 40 2.136497 -0.000001 0.000002 0.000000 -0.000000 0.898845
 41 2.313139 -0.000001 -0.000002 0.000000 0.000000 3.141593
 42 3.115506 -0.886042 0.021433 0.523248 0.008991 0.590544
 43 2.011150 -0.000000 0.000001 0.000000 0.000000 1.951110
 44 2.141378 -0.000000 0.000000 0.000000 0.000000 3.141593
 45 1.734172 -0.000001 0.000001 -0.000000 -0.000000 0.976392
 46 0.136315 -3.738193 2.525892 1.493698 2.759406 -1.474501
 47 3.771410 0.416399 1.053532 1.765650 0.074575 0.195753
 48 11.389366 -0.000820 0.158781 1.786296 0.249447 0.283844
 49 0.000000 -4.440598 0.000001 1.570144 -3.078602 0.004040
 50 6.000000 0.000000 0.000001 1.786296 -0.000000 -0.000000
 51 0.000002 -4.440604 0.000001 1.569944 -3.078603 0.004053
 52 10.510131 0.000001 0.000004 0.000000 0.000000 -2.456196
 53 0.000000 -1.748399 -5.000000 3.141593 0.004007 -1.539299
 54 5.499999 0.000001 0.000001 -0.226770 -0.000000 -0.000000
 55 -0.000001 -0.000001 -5.000000 -0.044472 3.137590 -0.000177
 56 6.551491 0.000000 -0.000001 0.226770 -0.036803 -0.250071
 57 -1.266844 -1.937443 -4.950562 -0.066572 -2.988806 -0.110308
 58 6.551491 0.000000 -0.000001 0.226770 -0.036803 -0.250071
 59 0.699371 -1.944208 -5.006847 -0.027189 -3.088217 0.005298
 60 4.226146 -0.003202 0.000000 0.071610 -0.058647 0.148133
 61 -0.000001 5.000001 -0.000000 -0.153564 0.000087 2.718702
 62 0.000005 -0.000004 -3.713579 0.119535 -2.936655 -0.885276
 63 -0.000001 0.000001 5.000000 3.053195 1.558589 -0.074929
 64 -0.000004 0.000005 3.713579 -0.311487 -2.845558 -0.582080
 65 -0.000001 0.000000 -5.000000 -0.088726 1.558589 3.066335
 66 7.363605 1.646646 0.495663 -3.141593 -1.570796 0.000000
 67 -0.000003 0.000005 3.619081 -0.441735 -2.434423 -1.159240
 68 16.573919 -0.000001 0.000001 -0.000000 -0.000000 -2.011748
 69 15.128181 0.000001 0.000001 0.026832 0.026147 -0.175154
 70 5.758666 4.244731 0.000000 0.000000 -0.000000 2.033309
 71 3.177726 0.000000 0.000000 0.000000 0.000000 3.141593
 72 15.708952 0.000002 0.000001 0.013957 0.013894 -0.093781
 73 0.275148 0.189215 -3.445207 3.130898 0.000409 -1.514604
 74 17.210194 -0.000002 0.000002 -0.000000 0.000000 -2.319003
 75 0.000000 -0.000000 -5.000000 -0.079433 1.546568 -1.570857
 76 0.000005 -0.000003 -3.619079 0.260448 -2.945758 -1.468642
 77 16.573919 -0.000000 0.000001 0.000000 0.000000 -1.562392
 78 15.128181 0.000001 0.000001 0.265624 -0.173430 0.666428
 79 5.758665 4.244731 0.000000 -0.000000 0.000000 1.483530
 80 4.003935 0.000000 0.000000 0.000000 0.000000 0.000000
 81 15.708953 0.000000 0.000001 0.195074 -0.100553 0.460486
 82 0.273998 0.191090 3.439762 -3.130907 -0.000437 -1.508107
 83 17.210196 -0.000001 0.000000 -0.000000 0.000000 -2.116793
 84 0.000000 -0.000000 5.000000 -0.079311 1.595025 -1.570737
time 7
  0 0.000000 0.000000 32.947224 -0.243067 0.535714 -2.432935
  1 13.773752 5.584524 -22.520977 -0.544290 0.221328 2.303921
  2 -2.276935 0.000003 -1.238186 -1.570795 -1.570451 0.000000
  3 1.796670 0.711980 -0.000977 0.309865 -0.220383 -0.222130
  4 4.119407 -0.003167 -0.000299 0.091290 0.052114 0.253395
  5 4.118953 -0.003239 -0.000380 0.116315 0.073223 0.115734
  6 4.118815 -0.003263 -0.000242 0.073885 0.067451 0.070477
  7 4.119587 -0.003367 -0.000467 0.133631 -0.140501 0.265512
  8 4.443601 -0.000004 0.000000 0.032221 -0.092621 -0.687836
  9 9.024060 0.000001 0.000000 0.000000 0.000000 0.000000
 10 0.242650 0.232113 1.700352 -1.089351 -1.277511 -2.380706
 11 6.384778 -0.000001 0.000002 -0.584169 0.119232 -1.035131
 12 10.242681 -0.000000 0.000000 -0.000000 0.000000 -1.752207
 13 11.375560 0.000001 -0.000001 -2.184741 -0.483707 0.679312
 14 0.728679 0.023431 -1.008290 1.627471 0.842372 0.191441
 15 2.136498 0.000000 0.000001 0.000000 0.000000 0.898844
 16 2.313138 -0.000001 0.000000 0.000000 0.000000 0.000000
 17 3.115507 -0.886042 -0.021432 -0.523248 -0.008991 0.590544
 18 2.011151 -0.000000 -0.000001 -0.000000 0.000000 1.951110
 19 2.141379 -0.000000 0.000001 0.000000 0.000000 0.000000
 20 1.734172 0.000001 -0.000000 0.000000 -0.000000 0.976392
 21 0.000006 -4.440593 -0.000001 1.570544 -0.062990 -0.195737
 22 4.112854 -0.572205 -1.309457 -1.644301 0.094718 0.119721
 23 6.000000 -0.000000 0.000000 -1.998781 -0.000000 -0.000000
 24 0.000001 -4.440599 0.000001 1.569944 -0.062987 0.004053
 25 11.375561 0.000000 0.000003 -1.822849 -0.288393 0.297005
 26 -0.000000 -4.440606 -0.000001 1.570144 -0.062988 0.004040
 27 10.510130 0.000000 -0.000001 -0.000000 0.000000 -2.446900
 28 -0.000001 -1.748401 4.999998 -0.000000 0.004007 1.602291
 29 5.499998 0.000000 0.000000 0.207239 0.000000 0.000000
 30 -0.000003 -1.940597 5.000002 -0.044472 0.004003 -0.000180
 31 6.551492 -0.000000 0.000002 -0.384149 0.144027 -0.636088
 32 0.000000 -1.940599 5.000002 -0.027189 -0.053376 0.005295
 33 6.551492 0.000000 0.000002 -0.170092 0.098391 -0.293460
 34 0.000000 -1.940599 4.999997 -0.066572 -0.152786 -0.110311
 35 -0.242644 -0.225043 -1.700351 2.831023 1.454171 -0.589058
 36 6.384777 0.000000 -0.000000 0.694411 0.087301 -0.693454
 37 10.242681 -0.000000 -0.000002 -0.000000 0.000000 -1.784967
 38 11.375559 0.000001 -0.000002 2.081898 0.419005 0.618404
 39 0.728682 0.023431 1.008293 -1.627471 -0.842372 0.191441
 40 2.136498 0.000001 -0.000001 -0.000000 -0.000000 0.898845
 41 2.313139 -0.000000 -0.000000 0.000000 0.000000 3.141593
 42 3.115508 -0.886041 0.021431 0.523248 0.008990 0.590544
 43 2.011150 0.000001 0.000001 -0.000000 0.000000 1.951110
 44 2.141379 0.000000 0.000002 0.000000 0.000000 3.141593
 45 1.734173 -0.000001 0.000000 0.000000 -0.000000 0.976392
 46 0.136315 -3.738194 2.525892 1.493698 2.759406 -1.474501
 47 3.771411 0.416402 1.053531 1.765650 0.074575 0.195753
 48 11.389366 -0.000820 0.158779 1.786531 0.248951 0.284832
 49 0.000001 -4.440602 0.000001 1.570144 -3.078602 0.004040
 50 6.000000 0.000001 -0.000002 1.786532 -0.000000 -0.000000
 51 0.000002 -4.440601 -0.000000 1.569944 -3.078603 0.004053
 52 10.510131 0.000000 -0.000001 0.000000 0.000000 -2.463280
 53 0.000000 -1.748398 -4.999999 -3.141593 0.004007 -1.539299
 54 5.499999 -0.000000 -0.000002 -0.229220 0.000000 -0.000000
 55 -0.000000 0.000000 -5.000002 -0.044472 3.137589 -0.000177
 56 6.551492 -0.000001 -0.000000 0.229220 -0.036697 -0.248759
 57 -1.266844 -1.937442 -4.950562 -0.066572 -2.988806 -0.110308
 58 6.551492 -0.000001 -0.000000 0.229220 -0.036697 -0.248759
 59 0.699370 -1.944207 -5.006849 -0.027189 -3.088217 0.005298
 60 4.226147 -0.003203 -0.000000 0.071177 -0.069924 0.152442
 61 0.000001 5.000000 -0.000000 -0.153564 0.000087 2.718702
 62 0.000005 -0.000004 -3.713579 0.119535 -2.936655 -0.885276
 63 -0.000001 0.000001 5.000000 3.053195 1.558589 -0.074929
 64 -0.000004 0.000005 3.713579 -0.311487 -2.845558 -0.582080
 65 -0.000001 0.000000 -5.000000 -0.088726 1.558589 3.066335
 66 7.363605 1.646646 0.495663 -3.141593 -1.570796 0.000000
 67 -0.000003 0.000005 3.619081 -0.441735 -2.434423 -1.159240
 68 16.573919 -0.000001 0.000001 -0.000000 -0.000000 -2.011748
 69 15.128181 0.000001 0.000001 0.026832 0.026147 -0.175154
 70 5.758666 4.244731 0.000000 0.000000 -0.000000 2.033309
 71 3.177726 0.000000 0.000000 0.000000 0.000000 3.141593
 72 15.708952 0.000002 0.000001 0.013957 0.013894 -0.093781
 73 0.275148 0.189215 -3.445207 3.130898 0.000409 -1.514604
 74 17.210194 -0.000002 0.000002 -0.000000 0.000000 -2.319003
 75 0.000000 -0.000000 -5.000000 -0.079433 1.546568 -1.570857
 76 0.000005 -0.000003 -3.619079 0.260448 -2.945758 -1.468642
 77 16.573919 -0.000000 0.000001 0.000000 0.000000 -1.562392
 78 15.128181 0.000001 0.000001 0.265624 -0.173430 0.666428
 79 5.758665 4.244731 0.000000 -0.000000 0.000000 1.483530
 80 4.003935 0.000000 0.000000 0.000000 0.000000 0.000000
 81 15.708953 0.000000 0.000001 0.195074 -0.100553 0.460486
 82 0.273998 0.191090 3.439762 -3.130907 -0.000437 -1.508107
 83 17.210196 -0.000001 0.000000 -0.000000 0.000000 -2.116793
 84 0.000000 -0.000000 5.000000 -0.079311 1.595025 -1.570737
time 8
  0 0.000000 0.000000 32.947224 -0.243067 0.535714 -2.432935
  1 13.773752 5.584524 -22.520977 -0.544290 0.221328 2.303921
  2 -2.276935 0.000003 -1.238186 -1.570795 -1.570451 0.000000
  3 1.796670 0.711980 -0.000977 0.309865 -0.220383 -0.222130
  4 4.119407 -0.003167 -0.000299 0.091290 0.052114 0.253395
  5 4.118960 -0.003236 -0.000385 0.117940 0.072342 0.118277
  6 4.118817 -0.003266 -0.000242 0.073885 0.067451 0.070477
  7 4.119613 -0.003359 -0.000460 0.131875 -0.157216 0.271628
  8 4.443599 -0.000000 0.000000 0.021628 -0.074680 -0.710139
  9 9.024060 0.000000 0.000000 0.000000 0.000000 0.000000
 10 0.271292 0.228565 1.696493 -1.094550 -1.296074 -2.383923
 11 6.384778 0.000000 -0.000001 -0.585939 0.108837 -1.028069
 12 10.242682 -0.000000 0.000000 0.000000 -0.000000 -1.744701
 13 11.375561 -0.000002 0.000002 -2.205477 -0.448250 0.713486
 14 0.728681 0.023430 -1.008294 1.627471 0.842372 0.191441
 15 2.136498 -0.000000 0.000000 0.000000 0.000000 0.898845
 16 2.313139 -0.000000 -0.000000 0.000000 0.000000 0.000000
 17 3.115507 -0.886042 -0.021434 -0.523248 -0.008990 0.590544
 18 2.011150 0.000000 -0.000004 -0.000000 0.000000 1.951110
 19 2.141379 -0.000001 0.000001 0.000000 0.000000 0.000000
 20 1.734174 0.000000 -0.000000 -0.000000 0.000000 0.976392
 21 0.000005 -4.440594 0.000000 1.570544 -0.062990 -0.195737
 22 4.112853 -0.572205 -1.309459 -1.644301 0.094718 0.119721
 23 5.999999 -0.000001 0.000001 -2.017204 -0.000000 0.000000
 24 0.000001 -4.440602 -0.000001 1.569944 -0.062987 0.004053
 25 11.375561 0.000000 0.000004 -1.835349 -0.275208 0.316362
 26 -0.000001 -4.440604 -0.000002 1.570144 -0.062988 0.004040
 27 10.510129 0.000000 0.000002 0.000000 -0.000000 -2.443147
 28 -0.000000 -1.748400 4.999997 0.000000 0.004007 1.602290
 29 5.500000 -0.000000 0.000001 0.210057 -0.000000 -0.000000
 30 -0.000002 -1.940598 4.999999 -0.044472 0.004003 -0.000180
 31 6.551492 0.000001 -0.000001 -0.388017 0.137407 -0.633666
 32 0.000001 -1.940599 5.000002 -0.027189 -0.053376 0.005295
 33 6.551492 0.000001 -0.000001 -0.172550 0.095470 -0.292664
 34 0.000000 -1.940600 4.999997 -0.066572 -0.152786 -0.110311
 35 -0.271286 -0.221490 -1.696492 2.752372 1.467402 -0.675443
 36 6.384777 -0.000001 -0.000001 0.702602 0.089047 -0.685360
 37 10.242682 -0.000000 -0.000001 -0.000000 -0.000000 -1.797338
 38 11.375559 -0.000000 -0.000000 2.082491 0.417561 0.620482
 39 0.728679 0.023430 1.008293 -1.627471 -0.842372 0.191441
 40 2.136497 -0.000001 0.000002 -0.000000 -0.000000 0.898845
 41 2.313139 -0.000001 0.000001 0.000000 0.000000 3.141593
 42 3.115505 -0.886042 0.021432 0.523248 0.008990 0.590544
 43 2.011150 0.000000 -0.000000 -0.000000 -0.000000 1.951110
 44 2.141378 -0.000001 0.000001 0.000000 0.000000 3.141593
 45 1.734173 -0.000001 0.000001 -0.000000 -0.000000 0.976392
 46 0.136314 -3.738193 2.525890 1.493698 2.759406 -1.474501
 47 3.771408 0.416401 1.053531 1.765650 0.074575 0.195753
 48 11.389366 -0.000820 0.158780 1.786859 0.248387 0.285931
 49 0.000001 -4.440600 0.000000 1.570144 -3.078602 0.004040
 50 6.000000 -0.000001 -0.000002 1.786859 -0.000000 0.000000
 51 0.000002 -4.440601 -0.000000 1.569944 -3.078603 0.004053
 52 10.510133 0.000001 0.000002 -0.000000 0.000000 -2.469465
 53 0.000000 -1.748399 -5.000002 -3.141593 0.004007 -1.539299
 54 5.499999 0.000000 -0.000001 -0.231702 0.000000 0.000000
 55 -0.000001 -0.000000 -4.999998 -0.044472 3.137589 -0.000177
 56 6.551491 0.000000 -0.000001 0.231702 -0.036437 -0.247590
 57 -1.266843 -1.937443 -4.950559 -0.066572 -2.988806 -0.110308
 58 6.551492 0.000000 -0.000001 0.231702 -0.036437 -0.247590
 59 0.699370 -1.944208 -5.006844 -0.027189 -3.088217 0.005298
 60 4.226145 -0.003201 0.000000 0.070811 -0.078610 0.155740
 61 -0.000000 5.000001 0.000000 -0.153564 0.000087 2.718702
 62 0.000005 -0.000004 -3.713579 0.119535 -2.936655 -0.885276
 63 -0.000001 0.000001 5.000000 3.053195 1.558589 -0.074929
 64 -0.000004 0.000005 3.713579 -0.311487 -2.845558 -0.582080
 65 -0.000001 0.000000 -5.000000 -0.088726 1.558589 3.066335
 66 7.363605 1.646646 0.495663 -3.141593 -1.570796 0.000000
 67 -0.000003 0.000005 3.619081 -0.441735 -2.434423 -1.159240
 68 16.573919 -0.000001 0.000001 -0.000000 -0.000000 -2.011748
 69 15.128181 0.000001 0.000001 0.026832 0.026147 -0.175154
 70 5.758666 4.244731 0.000000 0.000000 -0.000000 2.033309
 71 3.177726 0.000000 0.000000 0.000000 0.000000 3.141593
 72 15.708952 0.000002 0.000001 0.013957 0.013894 -0.093781
 73 0.275148 0.189215 -3.445207 3.130898 0.000409 -1.514604
 74 17.210194 -0.000002 0.000002 -0.000000 0.000000 -2.319003
 75 0.000000 -0.000000 -5.000000 -0.079433 1.546568 -1.570857
 76 0.000005 -0.000003 -3.619079 0.260448 -2.945758 -1.468642
 77 16.573919 -0.000000 0.000001 0.000000 0.000000 -1.562392
 78 15.128181 0.000001 0.000001 0.265624 -0.173430 0.666428
 79 5.758665 4.244731 0.000000 -0.000000 0.000000 1.483530
 80 4.003935 0.000000 0.000000 0.000000 0.000000 0.000000
 81 15.708953 0.000000 0.000001 0.195074 -0.100553 0.460486
 82 0.273998 0.191090 3.439762 -3.130907 -0.000437 -1.508107
 83 17.210196 -0.000001 0.000000 -0.000000 0.000000 -2.116793
 84 0.000000 -0.000000 5.000000 -0.079311 1.595025 -1.570737
time 9
  0 0.000000 0.000000 32.947224 -0.243067 0.535714 -2.432935
  1 13.773752 5.584524 -22.520977 -0.544290 0.221328 2.303921
  2 -2.276935 0.000003 -1.238186 -1.570795 -1.570451 0.000000
  3 1.796670 0.711980 -0.000977 0.309865 -0.220383 -0.222130
  4 4.119407 -0.003167 -0.000299 0.091290 0.052114 0.253395
  5 4.118969 -0.003235 -0.000390 0.119532 0.071515 0.120928
  6 4.118816 -0.003264 -0.000242 0.073885 0.067451 0.070477
  7 4.119634 -0.003358 -0.000455 0.130707 -0.167790 0.275523
  8 4.443599 -0.000000 0.000000 0.014208 -0.063838 -0.725372
  9 9.024061 0.000000 0.000000 0.000000 0.000000 0.000000
 10 0.289371 0.226198 1.693815 -1.089351 -1.309592 -2.393950
 11 6.384778 0.000000 0.000003 -0.587615 0.098945 -1.023904
 12 10.242681 -0.000000 0.000002 -0.000000 0.000000 -1.737940
 13 11.375560 0.000002 -0.000005 -2.221715 -0.417272 0.741638
 14 0.728680 0.023430 -1.008294 1.627471 0.842372 0.191441
 15 2.136496 0.000003 -0.000002 0.000000 -0.000000 0.898844
 16 2.313139 -0.000003 0.000001 0.000000 0.000000 0.000000
 17 3.115506 -0.886040 -0.021430 -0.523248 -0.008991 0.590544
 18 2.011152 -0.000000 -0.000003 -0.000000 -0.000000 1.951110
 19 2.141379 0.000000 0.000002 0.000000 0.000000 0.000000
 20 1.734172 0.000001 -0.000002 0.000000 -0.000000 0.976392
 21 0.000006 -4.440593 0.000003 1.570544 -0.062990 -0.195737
 22 4.112854 -0.572203 -1.309456 -1.644301 0.094718 0.119721
 23 5.999999 0.000001 -0.000003 -2.032180 -0.000000 0.000000
 24 0.000001 -4.440602 -0.000001 1.569944 -0.062987 0.004053
 25 11.375561 0.000001 -0.000001 -1.845719 -0.263612 0.332569
 26 -0.000000 -4.440605 -0.000001 1.570144 -0.062988 0.004040
 27 10.510130 0.000000 0.000001 -0.000000 -0.000000 -2.439766
 28 -0.000001 -1.748401 5.000001 0.000000 0.004007 1.602291
 29 5.499999 -0.000000 0.000002 0.212628 -0.000000 -0.000000
 30 -0.000001 -1.940599 5.000002 -0.044472 0.004003 -0.000180
 31 6.551492 -0.000001 0.000002 -0.391638 0.131434 -0.632420
 32 0.000001 -1.940599 5.000001 -0.027189 -0.053376 0.005295
 33 6.551492 -0.000001 0.000002 -0.174777 0.092874 -0.292334
 34 0.000000 -1.940598 4.999997 -0.066572 -0.152786 -0.110311
 35 -0.289368 -0.219118 -1.693816 2.691054 1.475334 -0.741654
 36 6.384777 -0.000000 -0.000001 0.710654 0.091700 -0.678345
 37 10.242682 -0.000000 -0.000002 -0.000000 0.000000 -1.807449
 38 11.375560 -0.000000 -0.000002 2.083217 0.415978 0.622737
 39 0.728682 0.023431 1.008290 -1.627471 -0.842372 0.191441
 40 2.136500 -0.000000 -0.000003 -0.000000 -0.000000 0.898845
 41 2.313139 0.000000 0.000001 0.000000 0.000000 3.141593
 42 3.115507 -0.886041 0.021431 0.523248 0.008990 0.590544
 43 2.011150 -0.000000 -0.000001 -0.000000 -0.000000 1.951110
 44 2.141379 -0.000000 -0.000000 0.000000 0.000000 3.141593
 45 1.734172 -0.000001 0.000002 -0.000000 -0.000000 0.976392
 46 0.136314 -3.738191 2.525889 1.493698 2.759406 -1.474501
 47 3.771411 0.416399 1.053531 1.765650 0.074575 0.195753
 48 11.389365 -0.000821 0.158777 1.787257 0.247775 0.287120
 49 0.000001 -4.440600 0.000002 1.570144 -3.078602 0.004040
 50 6.000000 -0.000000 -0.000003 1.787257 -0.000000 -0.000000
 51 0.000002 -4.440600 0.000001 1.569944 -3.078603 0.004053
 52 10.510132 0.000001 0.000000 0.000000 0.000000 -2.474521
 53 -0.000000 -1.748399 -5.000001 3.141593 0.004007 -1.539299
 54 5.500000 0.000000 -0.000002 -0.234189 -0.000000 -0.000000
 55 -0.000001 0.000000 -5.000001 -0.044472 3.137590 -0.000177
 56 6.551491 -0.000001 -0.000000 0.234189 -0.035988 -0.246618
 57 -1.266844 -1.937443 -4.950560 -0.066572 -2.988806 -0.110308
 58 6.551492 -0.000001 -0.000000 0.234189 -0.035988 -0.246618
 59 0.699371 -1.944207 -5.006847 -0.027189 -3.088217 0.005298
 60 4.226146 -0.003201 -0.000000 0.070565 -0.084093 0.157813
 61 -0.000000 5.000000 -0.000000 -0.153564 0.000087 2.718702
 62 0.000005 -0.000004 -3.713579 0.119535 -2.936655 -0.885276
 63 -0.000001 0.000001 5.000000 3.053195 1.558589 -0.074929
 64 -0.000004 0.000005 3.713579 -0.311487 -2.845558 -0.582080
 65 -0.000001 0.000000 -5.000000 -0.088726 1.558589 3.066335
 66 7.363605 1.646646 0.495663 -3.141593 -1.570796 0.000000
 67 -0.000003 0.000005 3.619081 -0.441735 -2.434423 -1.159240
 68 16.573919 -0.000001 0.000001 -0.000000 -0.000000 -2.011748
 69 15.128181 0.000001 0.000001 0.026832 0.026147 -0.175154
 70 5.758666 4.244731 0.000000 0.000000 -0.000000 2.033309
 71 3.177726 0.000000 0.000000 0.000000 0.000000 3.141593
 72 15.708952 0.000002 0.000001 0.013957 0.013894 -0.093781
 73 0.275148 0.189215 -3.445207 3.130898 0.000409 -1.514604
 74 17.210194 -0.000002 0.000002 -0.000000 0.000000 -2.319003
 75 0.000000 -0.000000 -5.000000 -0.079433 1.546568 -1.570857
 76 0.000005 -0.000003 -3.619079 0.260448 -2.945758 -1.468642
 77 16.573919 -0.000000 0.000001 0.000000 0.000000 -1.562392
 78 15.128181 0.000001 0.000001 0.265624 -0.173430 0.666428
 79 5.758665 4.244731 0.000000 -0.000000 0.000000 1.483530
 80 4.003935 0.000000 0.000000 0.000000 0.000000 0.000000
 81 15.708953 0.000000 0.000001 0.195074 -0.100553 0.460486
 82 0.273998 0.191090 3.439762 -3.130907 -0.000437 -1.508107
 83 17.210196 -0.000001 0.000000 -0.000000 0.000000 -2.116793
 84 0.000000 -0.000000 5.000000 -0.079311 1.595025 -1.570737
time 10
  0 0.000000 0.000000 32.947224 -0.243067 0.535714 -2.432935
  1 13.773752 5.584524 -22.520977 -0.544290 0.221328 2.303921
  2 -2.276935 0.000003 -1.238186 -1.570795 -1.570451 0.000000
  3 1.796670 0.711980 -0.000977 0.309865 -0.220383 -0.222130
  4 4.119407 -0.003167 -0.000299 0.091290 0.052114 0.253395
  5 4.118979 -0.003235 -0.000395 0.121028 0.070785 0.123627
  6 4.118816 -0.003264 -0.000241 0.073885 0.067451 0.070477
  7 4.119642 -0.003351 -0.000452 0.129974 -0.174226 0.277904
  8 4.443598 0.000001 -0.000000 0.009190 -0.057684 -0.735730
  9 9.024061 0.000000 -0.000000 0.000000 0.000000 0.000000
 10 0.300360 0.224711 1.692096 -1.092716 -1.316517 -2.393737
 11 6.384777 0.000001 0.000001 -0.589431 0.093982 -1.023417
 12 10.242682 -0.000000 -0.000000 0.000000 0.000000 -1.735819
 13 11.375562 0.000001 -0.000001 -2.227985 -0.404397 0.753072
 14 0.728681 0.023431 -1.008289 1.627471 0.842372 0.191441
 15 2.136498 0.000001 0.000001 -0.000000 -0.000000 0.898844
 16 2.313139 -0.000001 0.000001 0.000000 0.000000 0.000000
 17 3.115508 -0.886041 -0.021430 -0.523248 -0.008991 0.590544
 18 2.011150 0.000001 0.000000 0.000000 0.000000 1.951110
 19 2.141380 -0.000000 0.000001 0.000000 0.000000 0.000000
 20 1.734173 0.000001 0.000002 0.000000 -0.000000 0.976392
 21 0.000006 -4.440593 0.000001 1.570544 -0.062990 -0.195737
 22 4.112854 -0.572204 -1.309454 -1.644301 0.094718 0.119721
 23 5.999999 -0.000000 -0.000002 -2.038110 0.000000 0.000000
 24 0.000001 -4.440600 -0.000001 1.569944 -0.062987 0.004053
 25 11.375561 -0.000000 0.000003 -1.849874 -0.258779 0.339195
 26 -0.000002 -4.440604 -0.000001 1.570144 -0.062988 0.004040
 27 10.510130 0.000001 -0.000000 0.000000 0.000000 -2.438706
 28 -0.000002 -1.748400 4.999998 0.000000 0.004007 1.602290
 29 5.500000 0.000000 -0.000000 0.214220 0.000000 -0.000000
 30 -0.000002 -1.940598 5.000001 -0.044472 0.004003 -0.000180
 31 6.551491 -0.000002 -0.000002 -0.394084 0.128633 -0.632496
 32 0.000001 -1.940598 5.000000 -0.027189 -0.053376 0.005295
 33 6.551491 -0.000002 -0.000002 -0.176128 0.091736 -0.292423
 34 -0.000000 -1.940600 4.999996 -0.066572 -0.152786 -0.110311
 35 -0.300357 -0.217632 -1.692096 2.648375 1.479947 -0.787310
 36 6.384776 -0.000004 0.000002 0.718450 0.095425 -0.672703
 37 10.242682 0.000001 -0.000000 -0.000000 -0.000000 -1.814841
 38 11.375563 -0.000001 -0.000001 2.084031 0.414313 0.625124
 39 0.728681 0.023431 1.008291 -1.627471 -0.842372 0.191441
 40 2.136498 -0.000000 0.000002 -0.000000 -0.000000 0.898845
 41 2.313140 0.000001 -0.000002 0.000000 0.000000 3.141593
 42 3.115507 -0.886041 0.021432 0.523248 0.008990 0.590544
 43 2.011150 -0.000001 0.000001 -0.000000 -0.000000 1.951110
 44 2.141379 -0.000001 0.000000 0.000000 0.000000 3.141593
 45 1.734173 -0.000002 -0.000001 0.000000 0.000000 0.976392
 46 0.136315 -3.738194 2.525892 1.493698 2.759406 -1.474501
 47 3.771411 0.416400 1.053531 1.765650 0.074575 0.195753
 48 11.389366 -0.000819 0.158782 1.787700 0.247134 0.288374
 49 0.000000 -4.440600 -0.000000 1.570144 -3.078602 0.004040
 50 6.000000 -0.000001 -0.000002 1.787700 -0.000000 0.000000
 51 0.000001 -4.440602 -0.000000 1.569944 -3.078603 0.004053
 52 10.510132 -0.000000 0.000003 -0.000000 -0.000000 -2.478217
 53 0.000000 -1.748399 -5.000002 3.141593 0.004007 -1.539299
 54 5.500000 0.000000 0.000002 -0.236655 -0.000000 -0.000000
 55 -0.000001 -0.000000 -4.999998 -0.044472 3.137590 -0.000177
 56 6.551491 -0.000001 0.000002 0.236655 -0.035315 -0.245900
 57 -1.266844 -1.937442 -4.950562 -0.066572 -2.988806 -0.110308
 58 6.551492 -0.000001 0.000001 0.236655 -0.035315 -0.245900
 59 0.699371 -1.944207 -5.006848 -0.027189 -3.088217 0.005298
 60 4.226148 -0.003203 0.000000 0.070411 -0.087426 0.159070
 61 -0.000001 4.999999 -0.000000 -0.153564 0.000087 2.718702
 62 0.000005 -0.000004 -3.713579 0.119535 -2.936655 -0.885276
 63 -0.000001 0.000001 5.000000 3.053195 1.558589 -0.074929
 64 -0.000004 0.000005 3.713579 -0.311487 -2.845558 -0.582080
 65 -0.000001 0.000000 -5.000000 -0.088726 1.558589 3.066335
 66 7.363605 1.646646 0.495663 -3.141593 -1.570796 0.000000
 67 -0.000003 0.000005 3.619081 -0.441735 -2.434423 -1.159240
 68 16.573919 -0.000001 0.000001 -0.000000 -0.000000 -2.011748
 69 15.128181 0.000001 0.000001 0.026832 0.026147 -0.175154
 70 5.758666 4.244731 0.000000 0.000000 -0.000000 2.033309
 71 3.177726 0.000000 0.000000 0.000000 0.000000 3.141593
 72 15.708952 0.000002 0.000001 0.013957 0.013894 -0.093781
 73 0.275148 0.189215 -3.445207 3.130898 0.000409 -1.514604
 74 17.210194 -0.000002 0.000002 -0.000000 0.000000 -2.319003
 75 0.000000 -0.000000 -5.000000 -0.079433 1.546568 -1.570857
 76 0.000005 -0.000003 -3.619079 0.260448 -2.945758 -1.468642
 77 16.573919 -0.000000 0.000001 0.000000 0.000000 -1.562392
 78 15.128181 0.000001 0.000001 0.265624 -0.173430 0.666428
 79 5.758665 4.244731 0.000000 -0.000000 0.000000 1.483530
 80 4.003935 0.000000 0.000000 0.000000 0.000000 0.000000
 81 15.708953 0.000000 0.000001 0.195074 -0.100553 0.460486
 82 0.273998 0.191090 3.439762 -3.130907 -0.000437 -1.508107
 83 17.210196 -0.000001 0.000000 -0.000000 0.000000 -2.116793
 84 0.000000 -0.000000 5.000000 -0.079311 1.595025 -1.570737
time 11
  0 0.000000 0.000000 32.947224 -0.243067 0.535714 -2.432935
  1 13.773752 5.584524 -22.520977 -0.544290 0.221328 2.303921
  2 -2.276935 0.000003 -1.238186 -1.570795 -1.570451 0.000000
  3 1.796670 0.711980 -0.000977 0.309865 -0.220383 -0.222130
  4 4.119407 -0.003167 -0.000299 0.091290 0.052114 0.253395
  5 4.118985 -0.003232 -0.000399 0.122363 0.070199 0.126311
  6 4.118819 -0.003267 -0.000242 0.073885 0.067451 0.070477
  7 4.119650 -0.003349 -0.000449 0.129372 -0.179407 0.279826
  8 4.443599 -0.000001 0.000001 0.005050 -0.053012 -0.744556
  9 9.024060 -0.000001 -0.000000 0.000000 0.000000 0.000000
 10 0.309196 0.223488 1.690663 -1.089561 -1.323223 -2.399153
 11 6.384776 -0.000000 0.000000 -0.591436 0.088755 -1.021312
 12 10.242682 -0.000001 -0.000002 0.000000 -0.000000 -1.733276
 13 11.375562 -0.000001 0.000001 -2.235363 -0.388598 0.766735
 14 0.728682 0.023431 -1.008293 1.627471 0.842372 0.191441
 15 2.136500 -0.000002 0.000002 -0.000000 0.000000 0.898845
 16 2.313140 0.000002 -0.000000 0.000000 0.000000 0.000000
 17 3.115506 -0.886042 -0.021432 -0.523248 -0.008991 0.590544
 18 2.011151 -0.000000 -0.000002 0.000000 0.000000 1.951110
 19 2.141379 0.000000 0.000002 0.000000 0.000000 0.000000
 20 1.734173 -0.000000 -0.000001 -0.000000 0.000000 0.976392
 21 0.000006 -4.440594 -0.000002 1.570544 -0.062990 -0.195737
 22 4.112855 -0.572205 -1.309460 -1.644301 0.094718 0.119721
 23 6.000000 0.000001 -0.000001 -2.045209 -0.000000 0.000000
 24 0.000001 -4.440601 -0.000003 1.569944 -0.062987 0.004053
 25 11.375561 0.000000 0.000002 -1.854892 -0.252833 0.347163
 26 -0.000001 -4.440605 -0.000000 1.570144 -0.062988 0.004040
 27 10.510131 -0.000001 -0.000002 0.000000 -0.000000 -2.437434
 28 0.000001 -1.748400 4.999997 -0.000000 0.004007 1.602290
 29 5.499999 -0.000000 0.000001 0.215956 0.000000 -0.000000
 30 -0.000003 -1.940597 5.000001 -0.044472 0.004003 -0.000180
 31 6.551491 -0.000000 -0.000000 -0.396705 0.125531 -0.631935
 32 -0.000000 -1.940598 4.999999 -0.027189 -0.053376 0.005295
 33 6.551491 -0.000000 -0.000000 -0.177613 0.090445 -0.292253
 34 0.000000 -1.940598 4.999999 -0.066572 -0.152786 -0.110311
 35 -0.309194 -0.216411 -1.690663 2.610688 1.483522 -0.827394
 36 6.384777 -0.000000 -0.000000 0.724869 0.099497 -0.668829
 37 10.242683 0.000000 -0.000001 -0.000000 -0.000000 -1.819073
 38 11.375561 -0.000002 -0.000004 2.084752 0.412696 0.627516
 39 0.728681 0.023431 1.008293 -1.627471 -0.842372 0.191441
 40 2.136496 -0.000001 0.000001 -0.000000 -0.000000 0.898844
 41 2.313139 0.000000 0.000001 0.000000 0.000000 3.141593
 42 3.115507 -0.886040 0.021430 0.523248 0.008991 0.590544
 43 2.011150 -0.000001 0.000001 -0.000000 -0.000000 1.951110
 44 2.141380 -0.000001 0.000001 0.000000 0.000000 3.141593
 45 1.734173 -0.000001 -0.000001 0.000000 -0.000000 0.976392
 46 0.136315 -3.738193 2.525891 1.493698 2.759406 -1.474501
 47 3.771410 0.416402 1.053532 1.765650 0.074575 0.195753
 48 11.389367 -0.000819 0.158781 1.788094 0.246512 0.289629
 49 0.000000 -4.440598 0.000001 1.570144 -3.078602 0.004040
 50 6.000000 0.000001 0.000000 1.788094 -0.000000 -0.000000
 51 0.000001 -4.440603 0.000001 1.569944 -3.078603 0.004053
 52 10.510133 0.000001 0.000000 0.000000 -0.000000 -2.480333
 53 0.000001 -1.748399 -5.000000 -3.141593 0.004007 -1.539299
 54 5.500001 0.000000 -0.000000 -0.238730 -0.000000 0.000000
 55 -0.000001 -0.000000 -5.000002 -0.044472 3.137589 -0.000177
 56 6.551492 0.000000 -0.000000 0.238730 -0.034539 -0.245472
 57 -1.266844 -1.937443 -4.950559 -0.066572 -2.988806 -0.110308
 58 6.551492 0.000000 -0.000000 0.238730 -0.034539 -0.245472
 59 0.699370 -1.944207 -5.006845 -0.027189 -3.088217 0.005298
 60 4.226146 -0.003202 0.000000 0.070284 -0.090105 0.160079
 61 -0.000002 5.000000 0.000000 -0.153564 0.000087 2.718702
 62 0.000005 -0.000004 -3.713579 0.119535 -2.936655 -0.885276
 63 -0.000001 0.000001 5.000000 3.053195 1.558589 -0.074929
 64 -0.000004 0.000005 3.713579 -0.311487 -2.845558 -0.582080
 65 -0.000001 0.000000 -5.000000 -0.088726 1.558589 3.066335
 66 7.363605 1.646646 0.495663 -3.141593 -1.570796 0.000000
 67 -0.000003 0.000005 3.619081 -0.441735 -2.434423 -1.159240
 68 16.573919 -0.000001 0.000001 -0.000000 -0.000000 -2.011748
 69 15.128181 0.000001 0.000001 0.026832 0.026147 -0.175154
 70 5.758666 4.244731 0.000000 0.000000 -0.000000 2.033309
 71 3.177726 0.000000 0.000000 0.000000 0.000000 3.141593
 72 15.708952 0.000002 0.000001 0.013957 0.013894 -0.093781
 73 0.275148 0.189215 -3.445207 3.130898 0.000409 -1.514604
 74 17.210194 -0.000002 0.000002 -0.000000 0.000000 -2.319003
 75 0.000000 -0.000000 -5.000000 -0.079433 1.546568 -1.570857
 76 0.000005 -0.000003 -3.619079 0.260448 -2.945758 -1.468642
 77 16.573919 -0.000000 0.000001 0.000000 0.000000 -1.562392
 78 15.128181 0.000001 0.000001 0.265624 -0.173430 0.666428
 79 5.758665 4.244731 0.000000 -0.000000 0.000000 1.483530
 80 4.003935 0.000000 0.000000 0.000000 0.000000 0.000000
 81 15.708953 0.000000 0.000001 0.195074 -0.100553 0.460486
 82 0.273998 0.191090 3.439762 -3.130907 -0.000437 -1.508107
 83 17.210196 -0.000001 0.000000 -0.000000 0.000000 -2.116793
 84 0.000000 -0.000000 5.000000 -0.079311 1.595025 -1.570737
time 12
  0 0.000000 0.000000 32.947224 -0.243067 0.535714 -2.432935
  1 13.773752 5.584524 -22.520977 -0.544290 0.221328 2.303921
  2 -2.276935 0.000003 -1.238186 -1.570795 -1.570451 0.000000
  3 1.796670 0.711980 -0.000977 0.309865 -0.220383 -0.222130
  4 4.119407 -0.003167 -0.000299 0.091290 0.052114 0.253395
  5 4.118992 -0.003229 -0.000402 0.123475 0.069802 0.128920
  6 4.118816 -0.003264 -0.000242 0.073885 0.067451 0.070477
  7 4.119657 -0.003349 -0.000448 0.128897 -0.183428 0.281321
  8 4.443600 0.000000 0.000001 0.001833 -0.049681 -0.751884
  9 9.024061 -0.000001 0.000000 0.000000 0.000000 0.000000
 10 0.316052 0.222523 1.689521 -1.068974 -1.331628 -2.420714
 11 6.384777 0.000000 0.000003 -0.593417 0.079595 -1.018120
 12 10.242682 0.000000 0.000001 0.000000 0.000000 -1.726815
 13 11.375562 -0.000000 0.000002 -2.247641 -0.360578 0.789963
 14 0.728680 0.023430 -1.008295 1.627471 0.842372 0.191441
 15 2.136498 -0.000002 0.000001 0.000000 0.000000 0.898844
 16 2.313139 0.000002 0.000001 0.000000 0.000000 0.000000
 17 3.115507 -0.886041 -0.021433 -0.523248 -0.008990 0.590544
 18 2.011153 -0.000001 -0.000000 0.000000 0.000000 1.951110
 19 2.141380 0.000001 -0.000001 0.000000 0.000000 0.000000
 20 1.734173 0.000000 -0.000001 0.000000 0.000000 0.976392
 21 0.000006 -4.440594 -0.000002 1.570544 -0.062990 -0.195737
 22 4.112854 -0.572205 -1.309460 -1.644301 0.094718 0.119721
 23 6.000000 0.000001 0.000000 -2.057346 -0.000000 -0.000000
 24 0.000001 -4.440601 -0.000000 1.569944 -0.062987 0.004053
 25 11.375561 0.000001 0.000003 -1.863581 -0.242237 0.360844
 26 -0.000001 -4.440605 0.000001 1.570144 -0.062988 0.004040
 27 10.510131 0.000001 -0.000001 -0.000000 -0.000000 -2.434204
 28 -0.000001 -1.748400 5.000000 0.000000 0.004007 1.602290
 29 5.500000 0.000000 0.000000 0.218419 0.000000 -0.000000
 30 -0.000001 -1.940598 5.000000 -0.044472 0.004003 -0.000180
 31 6.551491 -0.000001 0.000001 -0.400271 0.120144 -0.631086
 32 -0.000001 -1.940598 5.000000 -0.027189 -0.053376 0.005295
 33 6.551491 -0.000001 0.000001 -0.179733 0.088134 -0.292055
 34 0.000000 -1.940597 4.999997 -0.066572 -0.152786 -0.110311
 35 -0.316047 -0.215445 -1.689520 2.579199 1.486198 -0.860744
 36 6.384777 -0.000002 0.000002 0.730042 0.102566 -0.665225
 37 10.242682 -0.000000 0.000000 0.000000 0.000000 -1.823627
 38 11.375558 -0.000001 -0.000003 2.085325 0.411184 0.629679
 39 0.728681 0.023430 1.008293 -1.627471 -0.842372 0.191441
 40 2.136497 -0.000000 -0.000000 -0.000000 -0.000000 0.898845
 41 2.313139 -0.000000 -0.000001 0.000000 0.000000 3.141593
 42 3.115506 -0.886042 0.021433 0.523248 0.008991 0.590544
 43 2.011152 -0.000001 -0.000001 -0.000000 -0.000000 1.951110
 44 2.141379 0.000001 -0.000000 0.000000 0.000000 3.141593
 45 1.734172 -0.000001 -0.000001 0.000000 -0.000000 0.976392
 46 0.136314 -3.738194 2.525891 1.493698 2.759406 -1.474501
 47 3.771409 0.416399 1.053534 1.765650 0.074575 0.195753
 48 11.389365 -0.000820 0.158779 1.788418 0.245921 0.290774
 49 0.000001 -4.440601 0.000000 1.570144 -3.078602 0.004040
 50 5.999999 -0.000001 -0.000001 1.788418 -0.000000 0.000000
 51 0.000003 -4.440602 0.000000 1.569944 -3.078603 0.004053
 52 10.510132 0.000000 -0.000001 0.000000 0.000000 -2.482610
 53 -0.000000 -1.748399 -5.000002 -3.141593 0.004007 -1.539299
 54 5.500000 0.000000 -0.000001 -0.240378 -0.000000 0.000000
 55 0.000000 -0.000001 -5.000000 -0.044472 3.137589 -0.000177
 56 6.551491 0.000002 -0.000000 0.240378 -0.033934 -0.245047
 57 -1.266844 -1.937443 -4.950562 -0.066572 -2.988806 -0.110308
 58 6.551491 0.000002 -0.000000 0.240378 -0.033934 -0.245047
 59 0.699370 -1.944207 -5.006848 -0.027189 -3.088217 0.005298
 60 4.226148 -0.003203 0.000000 0.070183 -0.092184 0.160861
 61 0.000001 5.000000 -0.000000 -0.153564 0.000087 2.718702
 62 0.000005 -0.000004 -3.713579 0.119535 -2.936655 -0.885276
 63 -0.000001 0.000001 5.000000 3.053195 1.558589 -0.074929
 64 -0.000004 0.000005 3.713579 -0.311487 -2.845558 -0.582080
 65 -0.000001 0.000000 -5.000000 -0.088726 1.558589 3.066335
 66 7.363605 1.646646 0.495663 -3.141593 -1.570796 0.000000
 67 -0.000003 0.000005 3.619081 -0.441735 -2.434423 -1.159240
 68 16.573919 -0.000001 0.000001 -0.000000 -0.000000 -2.011748
 69 15.128181 0.000001 0.000001 0.026832 0.026147 -0.175154
 70 5.758666 4.244731 0.000000 0.000000 -0.000000 2.033309
 71 3.177726 0.000000 0.000000 0.000000 0.000000 3.141593
 72 15.708952 0.000002 0.000001 0.013957 0.013894 -0.093781
 73 0.275148 0.189215 -3.445207 3.130898 0.000409 -1.514604
 74 17.210194 -0.000002 0.000002 -0.000000 0.000000 -2.319003
 75 0.000000 -0.000000 -5.000000 -0.079433 1.546568 -1.570857
 76 0.000005 -0.000003 -3.619079 0.260448 -2.945758 -1.468642
 77 16.573919 -0.000000 0.000001 0.000000 0.000000 -1.562392
 78 15.128181 0.000001 0.000001 0.265624 -0.173430 0.666428
 79 5.758665 4.244731 0.000000 -0.000000 0.000000 1.483530
 80 4.003935 0.000000 0.000000 0.000000 0.000000 0.000000
 81 15.708953 0.000000 0.000001 0.195074 -0.100553 0.460486
 82 0.273998 0.191090 3.439762 -3.130907 -0.000437 -1.508107
 83 17.210196 -0.000001 0.000000 -0.000000 0.000000 -2.116793
 84 0.000000 -0.000000 5.000000 -0.079311 1.595025 -1.570737
time 13
  0 0.000000 0.000000 32.947224 -0.243067 0.535714 -2.432935
  1 13.773752 5.584524 -22.520977 -0.544290 0.221328 2.303921
  2 -2.276935 0.000003 -1.238186 -1.570795 -1.570451 0.000000
  3 1.796670 0.711980 -0.000977 0.309865 -0.220383 -0.222130
  4 4.119407 -0.003167 -0.000299 0.091290 0.052114 0.253395
  5 4.119001 -0.003229 -0.000405 0.124300 0.069642 0.131393
  6 4.118818 -0.003266 -0.000242 0.073885 0.067451 0.070477
  7 4.119661 -0.003348 -0.000446 0.128543 -0.186388 0.282424
  8 4.443598 -0.000001 0.000000 -0.000424 -0.047554 -0.757755
  9 9.024063 0.000000 0.000000 0.000000 0.000000 0.000000
 10 0.321089 0.221805 1.688663 -1.057793 -1.336940 -2.432772
 11 6.384777 -0.000002 0.000001 -0.595375 0.072666 -1.018700
 12 10.242681 -0.000001 -0.000002 -0.000000 0.000000 -1.722140
 13 11.375561 0.000001 -0.000003 -2.254491 -0.343889 0.803383
 14 0.728680 0.023431 -1.008293 1.627471 0.842372 0.191441
 15 2.136496 0.000000 0.000000 -0.000000 0.000000 0.898844
 16 2.313138 0.000002 -0.000000 0.000000 0.000000 0.000000
 17 3.115505 -0.886041 -0.021434 -0.523248 -0.008991 0.590544
 18 2.011150 -0.000000 -0.000002 0.000000 0.000000 1.951110
 19 2.141379 0.000000 0.000002 0.000000 0.000000 0.000000
 20 1.734172 0.000000 -0.000003 0.000000 0.000000 0.976392
 21 0.000006 -4.440593 0.000001 1.570544 -0.062990 -0.195737
 22 4.112852 -0.572204 -1.309459 -1.644301 0.094718 0.119721
 23 5.999999 0.000000 -0.000003 -2.064310 0.000000 -0.000000
 24 0.000001 -4.440602 0.000001 1.569944 -0.062987 0.004053
 25 11.375561 -0.000000 0.000001 -1.868626 -0.235905 0.368804
 26 -0.000001 -4.440606 0.000000 1.570144 -0.062988 0.004040
 27 10.510129 -0.000000 -0.000001 -0.000000 -0.000000 -2.431866
 28 -0.000001 -1.748400 5.000000 0.000000 0.004007 1.602291
 29 5.499999 0.000000 -0.000001 0.220384 0.000000 -0.000000
 30 -0.000001 -1.940598 4.999999 -0.044472 0.004003 -0.000180
 31 6.551491 -0.000002 0.000001 -0.403295 0.116383 -0.631685
 32 0.000000 -1.940598 5.000001 -0.027189 -0.053376 0.005295
 33 6.551491 -0.000002 0.000001 -0.181397 0.086607 -0.292395
 34 0.000000 -1.940598 4.999996 -0.066572 -0.152786 -0.110311
 35 -0.321090 -0.214727 -1.688663 2.554701 1.488110 -0.886612
 36 6.384777 -0.000000 0.000001 0.736617 0.107039 -0.661679
 37 10.242682 -0.000000 -0.000001 -0.000000 -0.000000 -1.828459
 38 11.375561 0.000000 -0.000001 2.086091 0.409615 0.631748
 39 0.728681 0.023431 1.008292 -1.627471 -0.842372 0.191441
 40 2.136497 0.000000 -0.000001 -0.000000 -0.000000 0.898844
 41 2.313138 -0.000000 -0.000001 0.000000 0.000000 3.141593
 42 3.115507 -0.886042 0.021431 0.523248 0.008991 0.590544
 43 2.011152 -0.000001 -0.000002 -0.000000 -0.000000 1.951110
 44 2.141380 0.000001 0.000003 0.000000 0.000000 3.141593
 45 1.734172 -0.000001 -0.000001 -0.000000 -0.000000 0.976392
 46 0.136315 -3.738192 2.525889 1.493698 2.759406 -1.474501
 47 3.771411 0.416400 1.053531 1.765650 0.074575 0.195753
 48 11.389366 -0.000820 0.158778 1.788849 0.245312 0.291870
 49 0.000001 -4.440599 -0.000000 1.570144 -3.078602 0.004040
 50 6.000000 0.000000 -0.000002 1.788849 -0.000000 -0.000000
 51 0.000001 -4.440600 -0.000001 1.569944 -3.078603 0.004053
 52 10.510133 0.000001 0.000001 -0.000000 -0.000000 -2.485026
 53 0.000000 -1.748399 -5.000005 -3.141593 0.004007 -1.539299
 54 5.500000 0.000001 -0.000001 -0.242503 0.000000 0.000000
 55 -0.000001 -0.000001 -5.000001 -0.044472 3.137590 -0.000177
 56 6.551491 0.000001 0.000000 0.242504 -0.033079 -0.244691
 57 -1.266844 -1.937442 -4.950560 -0.066572 -2.988806 -0.110308
 58 6.551492 0.000001 0.000000 0.242504 -0.033079 -0.244691
 59 0.699370 -1.944206 -5.006848 -0.027189 -3.088217 0.005298
 60 4.226144 -0.003201 -0.000000 0.070109 -0.093713 0.161435
 61 -0.000001 5.000000 0.000000 -0.153564 0.000087 2.718702
 62 0.000005 -0.000004 -3.713579 0.119535 -2.936655 -0.885276
 63 -0.000001 0.000001 5.000000 3.053195 1.558589 -0.074929
 64 -0.000004 0.000005 3.713579 -0.311487 -2.845558 -0.582080
 65 -0.000001 0.000000 -5.000000 -0.088726 1.558589 3.066335
 66 7.363605 1.646646 0.495663 -3.141593 -1.570796 0.000000
 67 -0.000003 0.000005 3.619081 -0.441735 -2.434423 -1.159240
 68 16.573919 -0.000001 0.000001 -0.000000 -0.000000 -2.011748
 69 15.128181 0.000001 0.000001 0.026832 0.026147 -0.175154
 70 5.758666 4.244731 0.000000 0.000000 -0.000000 2.033309
 71 3.177726 0.000000 0.000000 0.000000 0.000000 3.141593
 72 15.708952 0.000002 0.000001 0.013957 0.013894 -0.093781
 73 0.275148 0.189215 -3.445207 3.130898 0.000409 -1.514604
 74 17.210194 -0.000002 0.000002 -0.000000 0.000000 -2.319003
 75 0.000000 -0.000000 -5.000000 -0.079433 1.546568 -1.570857
 76 0.000005 -0.000003 -3.619079 0.260448 -2.945758 -1.468642
 77 16.573919 -0.000000 0.000001 0.000000 0.000000 -1.562392
 78 15.128181 0.000001 0.000001 0.265624 -0.173430 0.666428
 79 5.758665 4.244731 0.000000 -0.000000 0.000000 1.483530
 80 4.003935 0.000000 0.000000 0.000000 0.000000 0.000000
 81 15.708953 0.000000 0.000001 0.195074 -0.100553 0.460486
 82 0.273998 0.191090 3.439762 -3.130907 -0.000437 -1.508107
 83 17.210196 -0.000001 0.000000 -0.000000 0.000000 -2.116793
 84 0.000000 -0.000000 5.000000 -0.079311 1.595025 -1.570737
time 14
  0 0.000000 0.000000 32.947224 -0.243067 0.535714 -2.432935
  1 13.773752 5.584524 -22.520977 -0.544290 0.221328 2.303921
  2 -2.276935 0.000003 -1.238186 -1.570795 -1.570451 0.000000
  3 1.796670 0.711980 -0.000977 0.309865 -0.220383 -0.222130
  4 4.119407 -0.003167 -0.000299 0.091290 0.052114 0.253395
  5 4.119011 -0.003229 -0.000407 0.124775 0.069765 0.133670
  6 4.118814 -0.003262 -0.000241 0.073885 0.067451 0.070477
  7 4.119664 -0.003345 -0.000445 0.128303 -0.188382 0.283168
  8 4.443598 -0.000002 0.000000 -0.001695 -0.046501 -0.762211
  9 9.024063 -0.000001 0.000000 0.000000 0.000000 0.000000
 10 0.324485 0.221314 1.688077 -1.058328 -1.339148 -2.433158
 11 6.384776 0.000000 -0.000002 -0.597221 0.068657 -1.022522
 12 10.242682 -0.000000 -0.000003 0.000000 0.000000 -1.719934
 13 11.375561 -0.000000 0.000000 -2.256269 -0.339529 0.806858
 14 0.728681 0.023431 -1.008294 1.627471 0.842372 0.191441
 15 2.136495 0.000001 -0.000000 -0.000000 0.000000 0.898844
 16 2.313140 0.000001 -0.000001 0.000000 0.000000 0.000000
 17 3.115507 -0.886040 -0.021431 -0.523248 -0.008990 0.590544
 18 2.011152 -0.000000 0.000000 0.000000 0.000000 1.951110
 19 2.141380 0.000001 0.000001 0.000000 0.000000 0.000000
 20 1.734172 0.000001 -0.000002 0.000000 -0.000000 0.976392
 21 0.000006 -4.440594 -0.000001 1.570544 -0.062990 -0.195737
 22 4.112853 -0.572202 -1.309456 -1.644301 0.094718 0.119721
 23 6.000000 -0.000001 0.000002 -2.066131 0.000000 -0.000000
 24 0.000001 -4.440603 -0.000000 1.569944 -0.062987 0.004053
 25 11.375562 -0.000001 0.000004 -1.869949 -0.234253 0.370866
 26 -0.000002 -4.440602 -0.000000 1.570144 -0.062988 0.004040
 27 10.510129 0.000000 -0.000003 -0.000000 -0.000000 -2.430763
 28 0.000001 -1.748401 4.999999 -0.000000 0.004007 1.602290
 29 5.499998 0.000000 -0.000002 0.221728 -0.000000 0.000000
 30 -0.000001 -1.940599 5.000002 -0.044472 0.004003 -0.000180
 31 6.551491 0.000000 -0.000001 -0.405578 0.114556 -0.633492
 32 0.000001 -1.940599 5.000001 -0.027189 -0.053376 0.005295
 33 6.551491 0.000000 -0.000001 -0.182505 0.085985 -0.293164
 34 -0.000000 -1.940600 4.999997 -0.066572 -0.152786 -0.110311
 35 -0.324483 -0.214242 -1.688076 2.537532 1.489367 -0.904703
 36 6.384777 -0.000000 -0.000001 0.741981 0.111737 -0.659607
 37 10.242682 -0.000000 -0.000002 -0.000000 0.000000 -1.831244
 38 11.375560 -0.000001 0.000001 2.086747 0.408218 0.633611
 39 0.728681 0.023433 1.008290 -1.627471 -0.842372 0.191441
 40 2.136497 0.000001 -0.000001 -0.000000 -0.000000 0.898845
 41 2.313139 -0.000001 -0.000002 0.000000 0.000000 3.141593
 42 3.115507 -0.886040 0.021431 0.523248 0.008990 0.590544
 43 2.011151 0.000001 0.000001 -0.000000 -0.000000 1.951110
 44 2.141379 -0.000000 -0.000000 0.000000 0.000000 3.141593
 45 1.734171 -0.000000 -0.000000 0.000000 -0.000000 0.976392
 46 0.136315 -3.738193 2.525892 1.493698 2.759406 -1.474501
 47 3.771410 0.416400 1.053532 1.765650 0.074575 0.195753
 48 11.389366 -0.000819 0.158784 1.789220 0.244770 0.292857
 49 0.000000 -4.440600 0.000001 1.570144 -3.078602 0.004040
 50 6.000000 -0.000000 0.000002 1.789220 0.000000 -0.000000
 51 0.000001 -4.440601 -0.000000 1.569944 -3.078603 0.004053
 52 10.510132 0.000000 -0.000000 -0.000000 -0.000000 -2.486418
 53 -0.000001 -1.748399 -4.999999 3.141593 0.004007 -1.539299
 54 5.500001 0.000001 0.000001 -0.244288 -0.000000 -0.000000
 55 0.000000 0.000001 -5.000000 -0.044472 3.137590 -0.000177
 56 6.551491 -0.000001 0.000001 0.244288 -0.032155 -0.244575
 57 -1.266844 -1.937444 -4.950562 -0.066572 -2.988806 -0.110308
 58 6.551491 -0.000001 0.000001 0.244288 -0.032155 -0.244575
 59 0.699370 -1.944208 -5.006850 -0.027189 -3.088217 0.005298
 60 4.226146 -0.003203 0.000000 0.070058 -0.094742 0.161822
 61 -0.000000 5.000001 -0.000000 -0.153564 0.000087 2.718702
 62 0.000005 -0.000004 -3.713579 0.119535 -2.936655 -0.885276
 63 -0.000001 0.000001 5.000000 3.053195 1.558589 -0.074929
 64 -0.000004 0.000005 3.713579 -0.311487 -2.845558 -0.582080
 65 -0.000001 0.000000 -5.000000 -0.088726 1.558589 3.066335
 66 7.363605 1.646646 0.495663 -3.141593 -1.570796 0.000000
 67 -0.000003 0.000005 3.619081 -0.441735 -2.434423 -1.159240
 68 16.573919 -0.000001 0.000001 -0.000000 -0.000000 -2.011748
 69 15.128181 0.000001 0.000001 0.026832 0.026147 -0.175154
 70 5.758666 4.244731 0.000000 0.000000 -0.000000 2.033309
 71 3.177726 0.000000 0.000000 0.000000 0.000000 3.141593
 72 15.708952 0.000002 0.000001 0.013957 0.013894 -0.093781
 73 0.275148 0.189215 -3.445207 3.130898 0.000409 -1.514604
 74 17.210194 -0.000002 0.000002 -0.000000 0.000000 -2.319003
 75 0.000000 -0.000000 -5.000000 -0.079433 1.546568 -1.570857
 76 0.000005 -0.000003 -3.619079 0.260448 -2.945758 -1.468642
 77 16.573919 -0.000000 0.000001 0.000000 0.000000 -1.562392
 78 15.128181 0.000001 0.000001 0.265624 -0.173430 0.666428
 79 5.758665 4.244731 0.000000 -0.000000 0.000000 1.483530
 80 4.003935 0.000000 0.000000 0.000000 0.000000 0.000000
 81 15.708953 0.000000 0.000001 0.195074 -0.100553 0.460486
 82 0.273998 0.191090 3.439762 -3.130907 -0.000437 -1.508107
 83 17.210196 -0.000001 0.000000 -0.000000 0.000000 -2.116793
 84 0.000000 -0.000000 5.000000 -0.079311 1.595025 -1.570737
time 15
  0 0.000000 0.000000 32.947224 -0.243067 0.535714 -2.432935
  1 13.773752 5.584524 -22.520977 -0.544290 0.221328 2.303921
  2 -2.276935 0.000003 -1.238186 -1.570795 -1.570451 0.000000
  3 1.796670 0.711980 -0.000977 0.309865 -0.220383 -0.222130
  4 4.119407 -0.003167 -0.000299 0.091290 0.052114 0.253395
  5 4.119014 -0.003226 -0.000407 0.124837 0.070218 0.135689
  6 4.118818 -0.003265 -0.000242 0.073885 0.067451 0.070477
  7 4.119666 -0.003346 -0.000444 0.128166 -0.189507 0.283589
  8 4.443600 -0.000003 0.000000 -0.001963 -0.046401 -0.765299
  9 9.024062 -0.000001 0.000000 0.000000 0.000000 0.000000
 10 0.326402 0.221038 1.687743 -1.067580 -1.338914 -2.424796
 11 6.384777 0.000002 0.000002 -0.598882 0.067174 -1.028431
 12 10.242682 0.000001 -0.000003 -0.000000 -0.000000 -1.719869
 13 11.375562 -0.000001 0.000005 -2.254337 -0.344519 0.802894
 14 0.728681 0.023432 -1.008294 1.627471 0.842372 0.191441
 15 2.136497 0.000001 -0.000000 -0.000000 0.000000 0.898845
 16 2.313139 -0.000001 0.000000 0.000000 0.000000 0.000000
 17 3.115507 -0.886041 -0.021434 -0.523248 -0.008990 0.590544
 18 2.011151 0.000001 0.000000 -0.000000 0.000000 1.951110
 19 2.141379 0.000000 0.000001 0.000000 0.000000 0.000000
 20 1.734172 0.000001 -0.000000 -0.000000 -0.000000 0.976392
 21 0.000006 -4.440593 -0.000003 1.570544 -0.062990 -0.195737
 22 4.112854 -0.572203 -1.309459 -1.644301 0.094718 0.119721
 23 6.000000 0.000001 0.000001 -2.064125 -0.000000 -0.000000
 24 0.000001 -4.440602 -0.000001 1.569944 -0.062987 0.004053
 25 11.375561 -0.000000 0.000005 -1.868484 -0.236153 0.368506
 26 0.000000 -4.440604 -0.000001 1.570144 -0.062988 0.004040
 27 10.510130 0.000001 -0.000002 -0.000000 -0.000000 -2.430731
 28 0.000001 -1.748402 4.999999 0.000000 0.004007 1.602291
 29 5.499999 0.000000 -0.000001 0.222520 -0.000000 -0.000000
 30 -0.000002 -1.940597 5.000002 -0.044472 0.004003 -0.000180
 31 6.551491 0.000002 0.000002 -0.407161 0.114327 -0.636064
 32 -0.000000 -1.940599 5.000001 -0.027189 -0.053376 0.005295
 33 6.551491 0.000002 0.000002 -0.183123 0.086095 -0.294191
 34 -0.000000 -1.940597 4.999996 -0.066572 -0.152786 -0.110311
 35 -0.326398 -0.213965 -1.687743 2.527600 1.490065 -0.915156
 36 6.384777 -0.000002 0.000000 0.745962 0.116623 -0.659133
 37 10.242683 -0.000001 0.000001 -0.000000 -0.000000 -1.831930
 38 11.375562 -0.000002 -0.000000 2.087261 0.407057 0.635207
 39 0.728680 0.023430 1.008291 -1.627471 -0.842372 0.191441
 40 2.136496 0.000000 -0.000000 0.000000 -0.000000 0.898844
 41 2.313138 -0.000001 -0.000001 0.000000 0.000000 3.141593
 42 3.115507 -0.886042 0.021431 0.523248 0.008990 0.590544
 43 2.011151 -0.000001 0.000005 0.000000 -0.000000 1.951110
 44 2.141380 -0.000000 -0.000001 0.000000 0.000000 3.141593
 45 1.734172 -0.000001 0.000001 -0.000000 -0.000000 0.976392
 46 0.136314 -3.738193 2.525891 1.493698 2.759406 -1.474501
 47 3.771409 0.416399 1.053531 1.765650 0.074575 0.195753
 48 11.389367 -0.000820 0.158782 1.789511 0.244320 0.293701
 49 -0.000000 -4.440597 -0.000000 1.570144 -3.078602 0.004040
 50 6.000000 0.000000 0.000001 1.789511 -0.000000 0.000000
 51 0.000002 -4.440602 0.000000 1.569944 -3.078603 0.004053
 52 10.510131 -0.000000 0.000004 -0.000000 -0.000000 -2.486762
 53 0.000000 -1.748399 -5.000000 -3.141593 0.004007 -1.539299
 54 5.500000 0.000000 0.000003 -0.245685 0.000000 -0.000000
 55 -0.000001 -0.000000 -5.000000 -0.044472 3.137589 -0.000177
 56 6.551491 -0.000001 0.000000 0.245685 -0.031169 -0.244715
 57 -1.266844 -1.937444 -4.950560 -0.066572 -2.988806 -0.110308
 58 6.551492 -0.000001 0.000000 0.245685 -0.031169 -0.244715
 59 0.699369 -1.944207 -5.006848 -0.027189 -3.088217 0.005298
 60 4.226147 -0.003203 0.000000 0.070029 -0.095323 0.162040
 61 -0.000001 5.000001 -0.000000 -0.153564 0.000087 2.718702
 62 0.000005 -0.000004 -3.713579 0.119535 -2.936655 -0.885276
 63 -0.000001 0.000001 5.000000 3.053195 1.558589 -0.074929
 64 -0.000004 0.000005 3.713579 -0.311487 -2.845558 -0.582080
 65 -0.000001 0.000000 -5.000000 -0.088726 1.558589 3.066335
 66 7.363605 1.646646 0.495663 -3.141593 -1.570796 0.000000
 67 -0.000003 0.000005 3.619081 -0.441735 -2.434423 -1.159240
 68 16.573919 -0.000001 0.000001 -0.000000 -0.000000 -2.011748
 69 15.128181 0.000001 0.000001 0.026832 0.026147 -0.175154
 70 5.758666 4.244731 0.000000 0.000000 -0.000000 2.033309
 71 3.177726 0.000000 0.000000 0.000000 0.000000 3.141593
 72 15.708952 0.000002 0.000001 0.013957 0.013894 -0.093781
 73 0.275148 0.189215 -3.445207 3.130898 0.000409 -1.514604
 74 17.210194 -0.000002 0.000002 -0.000000 0.000000 -2.319003
 75 0.000000 -0.000000 -5.000000 -0.079433 1.546568 -1.570857
 76 0.000005 -0.000003 -3.619079 0.260448 -2.945758 -1.468642
 77 16.573919 -0.000000 0.000001 0.000000 0.000000 -1.562392
 78 15.128181 0.000001 0.000001 0.265624 -0.173430 0.666428
 79 5.758665 4.244731 0.000000 -0.000000 0.000000 1.483530
 80 4.003935 0.000000 0.000000 0.000000 0.000000 0.000000
 81 15.708953 0.000000 0.000001 0.195074 -0.100553 0.460486
 82 0.273998 0.191090 3.439762 -3.130907 -0.000437 -1.508107
 83 17.210196 -0.000001 0.000000 -0.000000 0.000000 -2.116793
 84 0.000000 -0.000000 5.000000 -0.079311 1.595025 -1.570737
time 16
  0 0.000000 0.000000 32.947224 -0.243067 0.535714 -2.432935
  1 13.773752 5.584524 -22.520977 -0.544290 0.221328 2.303921
  2 -2.276935 0.000003 -1.238186 -1.570795 -1.570451 0.000000
  3 1.796670 0.711980 -0.000977 0.309865 -0.220383 -0.222130
  4 4.119407 -0.003167 -0.000299 0.091290 0.052114 0.253395
  5 4.119020 -0.003226 -0.000406 0.124425 0.071049 0.137388
  6 4.118817 -0.003265 -0.000241 0.073885 0.067451 0.070477
  7 4.119667 -0.003345 -0.000445 0.128123 -0.189861 0.283721
  8 4.443598 0.000000 0.000000 -0.001214 -0.047135 -0.767070
  9 9.024061 -0.000002 0.000001 0.000000 0.000000 0.000000
 10 0.327004 0.220953 1.687638 -1.082005 -1.336864 -2.411135
 11 6.384777 0.000001 0.000002 -0.600291 0.067811 -1.035277
 12 10.242681 0.000000 0.000001 -0.000000 0.000000 -1.721599
 13 11.375561 0.000001 -0.000000 -2.249743 -0.355787 0.793792
 14 0.728680 0.023431 -1.008291 1.627471 0.842372 0.191441
 15 2.136497 0.000000 -0.000000 -0.000000 0.000000 0.898844
 16 2.313140 -0.000002 0.000000 0.000000 0.000000 0.000000
 17 3.115506 -0.886041 -0.021430 -0.523248 -0.008991 0.590544
 18 2.011150 0.000000 -0.000000 0.000000 -0.000000 1.951110
 19 2.141379 0.000000 0.000000 0.000000 0.000000 0.000000
 20 1.734172 0.000000 0.000000 0.000000 0.000000 0.976392
 21 0.000006 -4.440594 -0.000002 1.570544 -0.062990 -0.195737
 22 4.112852 -0.572203 -1.309455 -1.644301 0.094718 0.119721
 23 6.000000 0.000000 0.000001 -2.059444 -0.000000 0.000000
 24 0.000002 -4.440600 0.000001 1.569944 -0.062987 0.004053
 25 11.375561 -0.000000 0.000003 -1.865091 -0.240426 0.363113
 26 -0.000001 -4.440607 -0.000002 1.570144 -0.062988 0.004040
 27 10.510131 0.000000 -0.000001 -0.000000 0.000000 -2.431596
 28 -0.000000 -1.748402 4.999999 -0.000000 0.004007 1.602290
 29 5.500000 0.000000 0.000002 0.222818 -0.000000 -0.000000
 30 -0.000002 -1.940598 5.000000 -0.044472 0.004003 -0.000180
 31 6.551491 -0.000000 -0.000001 -0.408067 0.115366 -0.638953
 32 0.000001 -1.940599 5.000000 -0.027189 -0.053376 0.005295
 33 6.551491 -0.000000 -0.000001 -0.183311 0.086765 -0.295305
 34 -0.000000 -1.940598 4.999996 -0.066572 -0.152786 -0.110311
 35 -0.327000 -0.213873 -1.687637 2.524442 1.490282 -0.918478
 36 6.384777 0.000000 -0.000001 0.748506 0.121718 -0.660331
 37 10.242682 0.000000 -0.000001 0.000000 0.000000 -1.830539
 38 11.375559 -0.000001 -0.000002 2.087623 0.406180 0.636473
 39 0.728681 0.023430 1.008293 -1.627471 -0.842372 0.191441
 40 2.136497 0.000001 0.000001 -0.000000 -0.000000 0.898845
 41 2.313138 0.000000 0.000001 0.000000 0.000000 3.141593
 42 3.115508 -0.886040 0.021430 0.523248 0.008991 0.590544
 43 2.011151 -0.000000 0.000001 -0.000000 0.000000 1.951110
 44 2.141380 -0.000000 -0.000001 0.000000 0.000000 3.141593
 45 1.734172 -0.000001 -0.000001 -0.000000 0.000000 0.976392
 46 0.136315 -3.738193 2.525888 1.493698 2.759406 -1.474501
 47 3.771411 0.416400 1.053532 1.765650 0.074575 0.195753
 48 11.389366 -0.000820 0.158781 1.789714 0.243981 0.294367
 49 0.000001 -4.440601 0.000001 1.570144 -3.078602 0.004040
 50 6.000000 -0.000000 -0.000002 1.789714 -0.000000 -0.000000
 51 0.000002 -4.440601 0.000000 1.569944 -3.078603 0.004053
 52 10.510132 0.000000 0.000000 0.000000 -0.000000 -2.486066
 53 0.000001 -1.748400 -5.000002 -3.141593 0.004007 -1.539299
 54 5.500000 0.000001 0.000001 -0.246687 -0.000000 0.000000
 55 -0.000001 -0.000000 -5.000003 -0.044472 3.137589 -0.000177
 56 6.551491 -0.000000 -0.000000 0.246687 -0.030120 -0.245121
 57 -1.266844 -1.937442 -4.950561 -0.066572 -2.988806 -0.110308
 58 6.551491 -0.000000 -0.000000 0.246687 -0.030120 -0.245121
 59 0.699371 -1.944208 -5.006845 -0.027189 -3.088217 0.005298
 60 4.226144 -0.003200 -0.000000 0.070020 -0.095506 0.162109
 61 -0.000002 5.000000 -0.000000 -0.153564 0.000087 2.718702
 62 0.000005 -0.000004 -3.713579 0.119535 -2.936655 -0.885276
 63 -0.000001 0.000001 5.000000 3.053195 1.558589 -0.074929
 64 -0.000004 0.000005 3.713579 -0.311487 -2.845558 -0.582080
 65 -0.000001 0.000000 -5.000000 -0.088726 1.558589 3.066335
 66 7.363605 1.646646 0.495663 -3.141593 -1.570796 0.000000
 67 -0.000003 0.000005 3.619081 -0.441735 -2.434423 -1.159240
 68 16.573919 -0.000001 0.000001 -0.000000 -0.000000 -2.011748
 69 15.128181 0.000001 0.000001 0.026832 0.026147 -0.175154
 70 5.758666 4.244731 0.000000 0.000000 -0.000000 2.033309
 71 3.177726 0.000000 0.000000 0.000000 0.000000 3.141593
 72 15.708952 0.000002 0.000001 0.013957 0.013894 -0.093781
 73 0.275148 0.189215 -3.445207 3.130898 0.000409 -1.514604
 74 17.210194 -0.000002 0.000002 -0.000000 0.000000 -2.319003
 75 0.000000 -0.000000 -5.000000 -0.079433 1.546568 -1.570857
 76 0.000005 -0.000003 -3.619079 0.260448 -2.945758 -1.468642
 77 16.573919 -0.000000 0.000001 0.000000 0.000000 -1.562392
 78 15.128181 0.000001 0.000001 0.265624 -0.173430 0.666428
 79 5.758665 4.244731 0.000000 -0.000000 0.000000 1.483530
 80 4.003935 0.000000 0.000000 0.000000 0.000000 0.000000
 81 15.708953 0.000000 0.000001 0.195074 -0.100553 0.460486
 82 0.273998 0.191090 3.439762 -3.130907 -0.000437 -1.508107
 83 17.210196 -0.000001 0.000000 -0.000000 0.000000 -2.116793
 84 0.000000 -0.000000 5.000000 -0.079311 1.595025 -1.570737
time 17
  0 0.000000 0.000000 32.947224 -0.243067 0.535714 -2.432935
  1 13.773752 5.584524 -22.520977 -0.544290 0.221328 2.303921
  2 -2.276935 0.000003 -1.238186 -1.570795 -1.570451 0.000000
  3 1.796670 0.711980 -0.000977 0.309865 -0.220383 -0.222130
  4 4.119407 -0.003167 -0.000299 0.091290 0.052114 0.253395
  5 4.119025 -0.003227 -0.000403 0.123473 0.072303 0.138705
  6 4.118817 -0.003264 -0.000241 0.073885 0.067451 0.070477
  7 4.119667 -0.003346 -0.000444 0.128163 -0.189540 0.283601
  8 4.443598 -0.000001 0.000001 0.000559 -0.048594 -0.767576
  9 9.024063 -0.000001 0.000000 0.000000 0.000000 0.000000
 10 0.326456 0.221031 1.687734 -1.097996 -1.333638 -2.395679
 11 6.384777 -0.000000 -0.000001 -0.601368 0.070167 -1.041918
 12 10.242682 -0.000000 -0.000002 0.000000 -0.000000 -1.724780
 13 11.375561 0.000001 -0.000002 -2.243518 -0.370254 0.781824
 14 0.728681 0.023430 -1.008291 1.627471 0.842372 0.191441
 15 2.136500 -0.000003 0.000003 -0.000000 0.000000 0.898844
 16 2.313141 0.000001 -0.000000 0.000000 0.000000 0.000000
 17 3.115507 -0.886042 -0.021431 -0.523248 -0.008991 0.590544
 18 2.011152 -0.000000 0.000003 0.000000 0.000000 1.951110
 19 2.141380 0.000001 -0.000001 0.000000 0.000000 0.000000
 20 1.734172 0.000001 0.000002 0.000000 -0.000000 0.976392
 21 0.000005 -4.440592 -0.000002 1.570544 -0.062990 -0.195737
 22 4.112854 -0.572205 -1.309455 -1.644301 0.094718 0.119721
 23 6.000000 0.000001 -0.000003 -2.053232 -0.000000 0.000000
 24 0.000002 -4.440603 0.000001 1.569944 -0.062987 0.004053
 25 11.375561 -0.000001 0.000002 -1.860628 -0.245888 0.356066
 26 -0.000001 -4.440603 0.000001 1.570144 -0.062988 0.004040
 27 10.510130 0.000001 -0.000001 0.000000 0.000000 -2.433186
 28 -0.000001 -1.748401 4.999997 -0.000000 0.004007 1.602291
 29 5.500000 0.000000 -0.000002 0.222670 -0.000000 -0.000000
 30 -0.000001 -1.940598 4.999999 -0.044472 0.004003 -0.000180
 31 6.551491 0.000000 0.000001 -0.408302 0.117350 -0.641697
 32 0.000001 -1.940598 5.000000 -0.027189 -0.053376 0.005295
 33 6.551491 0.000000 0.000001 -0.183120 0.087824 -0.296329
 34 0.000000 -1.940598 4.999996 -0.066572 -0.152786 -0.110311
 35 -0.326456 -0.213952 -1.687734 2.527315 1.490085 -0.915456
 36 6.384777 0.000003 -0.000003 0.749566 0.127044 -0.663279
 37 10.242682 -0.000000 -0.000003 0.000000 0.000000 -1.827082
 38 11.375559 0.000001 0.000002 2.087833 0.405628 0.637349
 39 0.728680 0.023431 1.008291 -1.627471 -0.842372 0.191441
 40 2.136495 -0.000000 0.000000 -0.000000 -0.000000 0.898845
 41 2.313139 0.000000 -0.000000 0.000000 0.000000 3.141593
 42 3.115506 -0.886041 0.021431 0.523248 0.008991 0.590544
 43 2.011151 -0.000000 0.000003 0.000000 0.000000 1.951110
 44 2.141380 0.000001 -0.000001 0.000000 0.000000 3.141593
 45 1.734173 -0.000002 0.000001 -0.000000 0.000000 0.976392
 46 0.136314 -3.738194 2.525892 1.493698 2.759406 -1.474501
 47 3.771410 0.416401 1.053531 1.765650 0.074575 0.195753
 48 11.389365 -0.000819 0.158783 1.789829 0.243769 0.294824
 49 -0.000000 -4.440597 -0.000001 1.570144 -3.078602 0.004040
 50 6.000000 -0.000000 0.000000 1.789829 -0.000000 0.000000
 51 0.000003 -4.440603 0.000001 1.569944 -3.078602 0.004053
 52 10.510132 0.000000 0.000001 -0.000000 0.000000 -2.484337
 53 -0.000000 -1.748400 -5.000002 -3.141593 0.004007 -1.539299
 54 5.500001 0.000000 -0.000000 -0.247290 0.000000 -0.000000
 55 0.000001 -0.000001 -5.000000 -0.044472 3.137589 -0.000177
 56 6.551491 0.000001 -0.000001 0.247290 -0.029007 -0.245802
 57 -1.266844 -1.937443 -4.950562 -0.066572 -2.988806 -0.110308
 58 6.551491 0.000001 -0.000001 0.247290 -0.029007 -0.245802
 59 0.699370 -1.944206 -5.006849 -0.027189 -3.088217 0.005298
 60 4.226146 -0.003202 -0.000000 0.070028 -0.095340 0.162046
 61 -0.000000 5.000000 0.000000 -0.153564 0.000087 2.718702
 62 0.000005 -0.000004 -3.713579 0.119535 -2.936655 -0.885276
 63 -0.000001 0.000001 5.000000 3.053195 1.558589 -0.074929
 64 -0.000004 0.000005 3.713579 -0.311487 -2.845558 -0.582080
 65 -0.000001 0.000000 -5.000000 -0.088726 1.558589 3.066335
 66 7.363605 1.646646 0.495663 -3.141593 -1.570796 0.000000
 67 -0.000003 0.000005 3.619081 -0.441735 -2.434423 -1.159240
 68 16.573919 -0.000001 0.000001 -0.000000 -0.000000 -2.011748
 69 15.128181 0.000001 0.000001 0.026832 0.026147 -0.175154
 70 5.758666 4.244731 0.000000 0.000000 -0.000000 2.033309
 71 3.177726 0.000000 0.000000 0.000000 0.000000 3.141593
 72 15.708952 0.000002 0.000001 0.013957 0.013894 -0.093781
 73 0.275148 0.189215 -3.445207 3.130898 0.000409 -1.514604
 74 17.210194 -0.000002 0.000002 -0.000000 0.000000 -2.319003
 75 0.000000 -0.000000 -5.000000 -0.079433 1.546568 -1.570857
 76 0.000005 -0.000003 -3.619079 0.260448 -2.945758 -1.468642
 77 16.573919 -0.000000 0.000001 0.000000 0.000000 -1.562392
 78 15.128181 0.000001 0.000001 0.265624 -0.173430 0.666428
 79 5.758665 4.244731 0.000000 -0.000000 0.000000 1.483530
 80 4.003935 0.000000 0.000000 0.000000 0.000000 0.000000
 81 15.708953 0.000000 0.000001 0.195074 -0.100553 0.460486
 82 0.273998 0.191090 3.439762 -3.130907 -0.000437 -1.508107
 83 17.210196 -0.000001 0.000000 -0.000000 0.000000 -2.116793
 84 0.000000 -0.000000 5.000000 -0.079311 1.595025 -1.570737
time 18
  0 0.000000 0.000000 32.947224 -0.243067 0.535714 -2.432935
  1 13.773752 5.584524 -22.520977 -0.544290 0.221328 2.303921
  2 -2.276935 0.000003 -1.238186 -1.570795 -1.570451 0.000000
  3 1.796670 0.711980 -0.000977 0.309865 -0.220383 -0.222130
  4 4.119407 -0.003167 -0.000299 0.091290 0.052114 0.253395
  5 4.119027 -0.003226 -0.000397 0.121920 0.074027 0.139577
  6 4.118818 -0.003266 -0.000242 0.073885 0.067451 0.070477
  7 4.119664 -0.003347 -0.000445 0.128272 -0.188639 0.283264
  8 4.443597 -0.000002 0.000000 0.003358 -0.050672 -0.766870
  9 9.024064 -0.000000 0.000000 0.000000 0.000000 0.000000
 10 0.324923 0.221253 1.688001 -1.112201 -1.329918 -2.381679
 11 6.384777 0.000000 0.000001 -0.602012 0.073853 -1.047209
 12 10.242681 -0.000000 0.000003 0.000000 0.000000 -1.729064
 13 11.375560 0.000000 -0.000003 -2.236849 -0.384891 0.769353
 14 0.728681 0.023432 -1.008293 1.627471 0.842372 0.191441
 15 2.136496 0.000002 -0.000001 0.000000 0.000000 0.898845
 16 2.313137 -0.000001 -0.000000 0.000000 0.000000 0.000000
 17 3.115507 -0.886039 -0.021430 -0.523248 -0.008990 0.590544
 18 2.011152 -0.000001 -0.000001 -0.000000 0.000000 1.951110
 19 2.141380 0.000001 -0.000001 0.000000 0.000000 0.000000
 20 1.734172 0.000001 -0.000002 -0.000000 -0.000000 0.976392
 21 0.000006 -4.440593 -0.000001 1.570544 -0.062990 -0.195737
 22 4.112854 -0.572202 -1.309456 -1.644301 0.094718 0.119721
 23 6.000000 -0.000001 -0.000001 -2.046720 -0.000000 -0.000000
 24 0.000002 -4.440600 -0.000001 1.569944 -0.062987 0.004053
 25 11.375561 -0.000001 0.000002 -1.855997 -0.251388 0.348779
 26 -0.000002 -4.440603 -0.000000 1.570144 -0.062988 0.004040
 27 10.510129 0.000001 0.000002 0.000000 0.000000 -2.435328
 28 0.000001 -1.748402 5.000000 -0.000000 0.004007 1.602290
 29 5.499999 0.000000 0.000003 0.222118 0.000000 -0.000000
 30 -0.000003 -1.940599 5.000000 -0.044472 0.004003 -0.000180
 31 6.551490 -0.000002 -0.000002 -0.407861 0.119952 -0.643815
 32 0.000002 -1.940599 5.000000 -0.027189 -0.053376 0.005295
 33 6.551490 -0.000002 -0.000002 -0.182596 0.089097 -0.297083
 34 0.000000 -1.940599 4.999994 -0.066572 -0.152786 -0.110311
 35 -0.324921 -0.214178 -1.688001 2.535277 1.489527 -0.907076
 36 6.384777 -0.000003 0.000001 0.749105 0.132618 -0.668056
 37 10.242682 0.000001 0.000001 -0.000000 0.000000 -1.821558
 38 11.375561 0.000000 0.000000 2.087895 0.405435 0.637766
 39 0.728681 0.023431 1.008293 -1.627471 -0.842372 0.191441
 40 2.136498 -0.000001 -0.000003 -0.000000 -0.000000 0.898845
 41 2.313140 -0.000001 0.000001 0.000000 0.000000 3.141593
 42 3.115507 -0.886041 0.021432 0.523248 0.008991 0.590544
 43 2.011150 -0.000000 0.000005 0.000000 -0.000000 1.951110
 44 2.141379 -0.000000 -0.000000 0.000000 0.000000 3.141593
 45 1.734172 -0.000001 0.000003 0.000000 0.000000 0.976392
 46 0.136315 -3.738192 2.525888 1.493698 2.759406 -1.474501
 47 3.771410 0.416399 1.053532 1.765650 0.074575 0.195753
 48 11.389367 -0.000821 0.158778 1.789856 0.243698 0.295035
 49 0.000000 -4.440598 0.000001 1.570144 -3.078602 0.004040
 50 6.000000 -0.000000 -0.000002 1.789856 -0.000000 0.000000
 51 0.000003 -4.440602 0.000000 1.569944 -3.078603 0.004053
 52 10.510131 0.000000 0.000002 0.000000 0.000000 -2.481575
 53 -0.000000 -1.748399 -5.000000 -3.141593 0.004007 -1.539299
 54 5.500000 0.000001 0.000000 -0.247493 -0.000000 -0.000000
 55 0.000000 -0.000000 -4.999999 -0.044472 3.137589 -0.000177
 56 6.551491 -0.000001 0.000000 0.247493 -0.027831 -0.246765
 57 -1.266843 -1.937443 -4.950558 -0.066572 -2.988806 -0.110308
 58 6.551491 -0.000001 0.000000 0.247493 -0.027831 -0.246765
 59 0.699370 -1.944205 -5.006847 -0.027189 -3.088217 0.005298
 60 4.226145 -0.003203 -0.000000 0.070051 -0.094875 0.161872
 61 -0.000000 5.000001 0.000000 -0.153564 0.000087 2.718702
 62 0.000005 -0.000004 -3.713579 0.119535 -2.936655 -0.885276
 63 -0.000001 0.000001 5.000000 3.053195 1.558589 -0.074929
 64 -0.000004 0.000005 3.713579 -0.311487 -2.845558 -0.582080
 65 -0.000001 0.000000 -5.000000 -0.088726 1.558589 3.066335
 66 7.363605 1.646646 0.495663 -3.141593 -1.570796 0.000000
 67 -0.000003 0.000005 3.619081 -0.441735 -2.434423 -1.159240
 68 16.573919 -0.000001 0.000001 -0.000000 -0.000000 -2.011748
 69 15.128181 0.000001 0.000001 0.026832 0.026147 -0.175154
 70 5.758666 4.244731 0.000000 0.000000 -0.000000 2.033309
 71 3.177726 0.000000 0.000000 0.000000 0.000000 3.141593
 72 15.708952 0.000002 0.000001 0.013957 0.013894 -0.093781
 73 0.275148 0.189215 -3.445207 3.130898 0.000409 -1.514604
 74 17.210194 -0.000002 0.000002 -0.000000 0.000000 -2.319003
 75 0.000000 -0.000000 -5.000000 -0.079433 1.546568 -1.570857
 76 0.000005 -0.000003 -3.619079 0.260448 -2.945758 -1.468642
 77 16.573919 -0.000000 0.000001 0.000000 0.000000 -1.562392
 78 15.128181 0.000001 0.000001 0.265624 -0.173430 0.666428
 79 5.758665 4.244731 0.000000 -0.000000 0.000000 1.483530
 80 4.003935 0.000000 0.000000 0.000000 0.000000 0.000000
 81 15.708953 0.000000 0.000001 0.195074 -0.100553 0.460486
 82 0.273998 0.191090 3.439762 -3.130907 -0.000437 -1.508107
 83 17.210196 -0.000001 0.000000 -0.000000 0.000000 -2.116793
 84 0.000000 -0.000000 5.000000 -0.079311 1.595025 -1.570737
time 19
  0 0.000000 0.000000 32.947224 -0.243067 0.535714 -2.432935
  1 13.773752 5.584524 -22.520977 -0.544290 0.221328 2.303921
  2 -2.276935 0.000003 -1.238186 -1.570795 -1.570451 0.000000
  3 1.796670 0.711980 -0.000977 0.309865 -0.220383 -0.222130
  4 4.119407 -0.003167 -0.000299 0.091290 0.052114 0.253395
  5 4.119030 -0.003229 -0.000394 0.120702 0.075275 0.139856
  6 4.118813 -0.003261 -0.000242 0.073885 0.067451 0.070477
  7 4.119663 -0.003347 -0.000446 0.128439 -0.187256 0.282748
  8 4.443598 0.000000 -0.000000 0.005868 -0.052797 -0.765163
  9 9.024063 -0.000001 0.000000 0.000000 0.000000 0.000000
 10 0.322569 0.221591 1.688409 -1.121630 -1.326428 -2.372035
 11 6.384777 -0.000001 -0.000000 -0.601527 0.077191 -1.051872
 12 10.242682 -0.000001 0.000001 0.000000 -0.000000 -1.733167
 13 11.375560 0.000002 -0.000001 -2.231158 -0.396773 0.758996
 14 0.728682 0.023431 -1.008292 1.627471 0.842372 0.191441
 15 2.136496 -0.000001 -0.000001 -0.000000 -0.000000 0.898844
 16 2.313138 -0.000002 0.000000 0.000000 0.000000 0.000000
 17 3.115507 -0.886040 -0.021430 -0.523248 -0.008990 0.590544
 18 2.011150 0.000001 -0.000003 -0.000000 0.000000 1.951110
 19 2.141379 0.000000 0.000001 0.000000 0.000000 0.000000
 20 1.734172 0.000001 -0.000000 -0.000000 0.000000 0.976392
 21 0.000006 -4.440594 0.000001 1.570544 -0.062990 -0.195737
 22 4.112853 -0.572202 -1.309455 -1.644301 0.094718 0.119721
 23 6.000000 0.000000 0.000001 -2.041265 -0.000000 -0.000000
 24 0.000001 -4.440602 0.000001 1.569944 -0.062987 0.004053
 25 11.375562 0.000001 0.000003 -1.852149 -0.255837 0.342764
 26 -0.000001 -4.440601 0.000000 1.570144 -0.062988 0.004040
 27 10.510131 0.000000 -0.000001 -0.000000 -0.000000 -2.437380
 28 -0.000001 -1.748401 4.999997 -0.000000 0.004007 1.602291
 29 5.500000 0.000000 0.000002 0.221230 0.000000 0.000000
 30 -0.000001 -1.940598 5.000000 -0.044472 0.004003 -0.000180
 31 6.551491 -0.000001 -0.000000 -0.406749 0.122291 -0.645637
 32 0.000000 -1.940599 5.000004 -0.027189 -0.053376 0.005295
 33 6.551491 -0.000001 -0.000000 -0.181804 0.090183 -0.297758
 34 -0.000000 -1.940598 4.999998 -0.066572 -0.152786 -0.110311
 35 -0.322569 -0.214511 -1.688409 2.547291 1.488660 -0.894422
 36 6.384777 0.000003 -0.000002 0.748068 0.136773 -0.672528
 37 10.242682 -0.000001 0.000003 0.000000 0.000000 -1.815604
 38 11.375559 0.000000 -0.000002 2.087846 0.405513 0.637829
 39 0.728681 0.023433 1.008290 -1.627471 -0.842372 0.191441
 40 2.136497 -0.000002 -0.000000 -0.000000 -0.000000 0.898844
 41 2.313141 0.000000 -0.000001 0.000000 0.000000 3.141593
 42 3.115505 -0.886041 0.021432 0.523248 0.008991 0.590544
 43 2.011153 -0.000002 0.000003 -0.000000 0.000000 1.951110
 44 2.141380 0.000000 -0.000001 0.000000 0.000000 3.141593
 45 1.734172 -0.000001 0.000001 -0.000000 0.000000 0.976392
 46 0.136315 -3.738193 2.525892 1.493698 2.759406 -1.474501
 47 3.771410 0.416400 1.053532 1.765650 0.074575 0.195753
 48 11.389366 -0.000819 0.158778 1.789819 0.243734 0.295057
 49 0.000001 -4.440597 -0.000001 1.570144 -3.078602 0.004040
 50 5.999999 -0.000000 -0.000002 1.789819 0.000000 0.000000
 51 0.000002 -4.440601 0.000000 1.569944 -3.078603 0.004053
 52 10.510132 0.000001 0.000004 0.000000 0.000000 -2.478598
 53 0.000001 -1.748399 -5.000000 3.141593 0.004007 -1.539299
 54 5.500000 0.000000 0.000004 -0.247465 -0.000000 0.000000
 55 -0.000001 -0.000000 -4.999998 -0.044472 3.137589 -0.000177
 56 6.551491 0.000002 -0.000001 0.247465 -0.026966 -0.247616
 57 -1.266844 -1.937441 -4.950561 -0.066572 -2.988806 -0.110308
 58 6.551491 0.000002 -0.000001 0.247465 -0.026966 -0.247616
 59 0.699370 -1.944206 -5.006846 -0.027189 -3.088217 0.005298
 60 4.226145 -0.003201 -0.000000 0.070087 -0.094161 0.161604
 61 -0.000000 4.999998 -0.000000 -0.153564 0.000087 2.718702
 62 0.000005 -0.000004 -3.713579 0.119535 -2.936655 -0.885276
 63 -0.000001 0.000001 5.000000 3.053195 1.558589 -0.074929
 64 -0.000004 0.000005 3.713579 -0.311487 -2.845558 -0.582080
 65 -0.000001 0.000000 -5.000000 -0.088726 1.558589 3.066335
 66 7.363605 1.646646 0.495663 -3.141593 -1.570796 0.000000
 67 -0.000003 0.000005 3.619081 -0.441735 -2.434423 -1.159240
 68 16.573919 -0.000001 0.000001 -0.000000 -0.000000 -2.011748
 69 15.128181 0.000001 0.000001 0.026832 0.026147 -0.175154
 70 5.758666 4.244731 0.000000 0.000000 -0.000000 2.033309
 71 3.177726 0.000000 0.000000 0.000000 0.000000 3.141593
 72 15.708952 0.000002 0.000001 0.013957 0.013894 -0.093781
 73 0.275148 0.189215 -3.445207 3.130898 0.000409 -1.514604
 74 17.210194 -0.000002 0.000002 -0.000000 0.000000 -2.319003
 75 0.000000 -0.000000 -5.000000 -0.079433 1.546568 -1.570857
 76 0.000005 -0.000003 -3.619079 0.260448 -2.945758 -1.468642
 77 16.573919 -0.000000 0.000001 0.000000 0.000000 -1.562392
 78 15.128181 0.000001 0.000001 0.265624 -0.173430 0.666428
 79 5.758665 4.244731 0.000000 -0.000000 0.000000 1.483530
 80 4.003935 0.000000 0.000000 0.000000 0.000000 0.000000
 81 15.708953 0.000000 0.000001 0.195074 -0.100553 0.460486
 82 0.273998 0.191090 3.439762 -3.130907 -0.000437 -1.508107
 83 17.210196 -0.000001 0.000000 -0.000000 0.000000 -2.116793
 84 0.000000 -0.000000 5.000000 -0.079311 1.595025 -1.570737
time 20
  0 0.000000 0.000000 32.947224 -0.243067 0.535714 -2.432935
  1 13.773752 5.584524 -22.520977 -0.544290 0.221328 2.303921
  2 -2.276935 0.000003 -1.238186 -1.570795 -1.570451 0.000000
  3 1.796670 0.711980 -0.000977 0.309865 -0.220383 -0.222130
  4 4.119407 -0.003167 -0.000299 0.091290 0.052114 0.253395
  5 4.119034 -0.003224 -0.000394 0.121027 0.075634 0.142444
  6 4.118817 -0.003266 -0.000241 0.073885 0.067451 0.070477
  7 4.119661 -0.003349 -0.000447 0.128651 -0.185487 0.282088
  8 4.443599 0.000001 0.000000 0.007231 -0.055943 -0.765307
  9 9.024062 -0.000001 0.000000 0.000000 0.000000 0.000000
 10 0.319558 0.222025 1.688926 -1.123243 -1.323970 -2.369691
 11 6.384776 -0.000002 -0.000000 -0.602346 0.078862 -1.054903
 12 10.242682 0.000000 -0.000001 0.000000 -0.000000 -1.738332
 13 11.375562 0.000002 -0.000002 -2.228226 -0.402571 0.754080
 14 0.728682 0.023430 -1.008293 1.627471 0.842372 0.191441
 15 2.136496 -0.000002 0.000002 0.000000 0.000000 0.898844
 16 2.313139 0.000001 -0.000000 0.000000 0.000000 0.000000
 17 3.115507 -0.886041 -0.021431 -0.523248 -0.008990 0.590544
 18 2.011152 -0.000000 0.000004 -0.000000 0.000000 1.951110
 19 2.141379 -0.000000 -0.000001 0.000000 0.000000 0.000000
 20 1.734172 0.000001 0.000002 -0.000000 0.000000 0.976392
 21 0.000006 -4.440594 -0.000001 1.570544 -0.062990 -0.195737
 22 4.112854 -0.572204 -1.309457 -1.644301 0.094718 0.119721
 23 6.000000 -0.000000 0.000000 -2.038489 0.000000 -0.000000
 24 0.000001 -4.440603 -0.000002 1.569944 -0.062987 0.004053
 25 11.375561 0.000001 0.000002 -1.850197 -0.258010 0.339896
 26 0.000001 -4.440601 0.000000 1.570144 -0.062988 0.004040
 27 10.510130 0.000000 -0.000003 -0.000000 -0.000000 -2.439962
 28 -0.000001 -1.748401 5.000000 -0.000000 0.004007 1.602291
 29 5.499999 0.000000 -0.000001 0.221147 0.000000 0.000000
 30 -0.000001 -1.940599 5.000000 -0.044472 0.004003 -0.000180
 31 6.551490 0.000001 0.000003 -0.406891 0.123556 -0.646908
 32 0.000000 -1.940599 4.999999 -0.027189 -0.053376 0.005295
 33 6.551490 0.000001 0.000003 -0.181698 0.090837 -0.298207
 34 -0.000000 -1.940600 4.999993 -0.066572 -0.152786 -0.110311
 35 -0.319554 -0.214941 -1.688926 2.562279 1.487534 -0.878616
 36 6.384776 0.000001 0.000000 0.749874 0.141782 -0.673867
 37 10.242682 -0.000001 -0.000001 -0.000000 -0.000000 -1.812209
 38 11.375561 0.000000 -0.000001 2.088042 0.404296 0.639852
 39 0.728681 0.023431 1.008292 -1.627471 -0.842372 0.191441
 40 2.136498 -0.000002 -0.000002 -0.000000 -0.000000 0.898844
 41 2.313138 0.000001 -0.000001 0.000000 0.000000 3.141593
 42 3.115505 -0.886040 0.021430 0.523248 0.008991 0.590544
 43 2.011151 -0.000001 0.000000 -0.000000 0.000000 1.951110
 44 2.141380 0.000000 -0.000001 0.000000 0.000000 3.141593
 45 1.734172 -0.000002 -0.000002 -0.000000 -0.000000 0.976392
 46 0.136315 -3.738192 2.525893 1.493698 2.759406 -1.474501
 47 3.771408 0.416401 1.053532 1.765650 0.074575 0.195753
 48 11.389367 -0.000818 0.158781 1.789937 0.243254 0.296120
 49 0.000002 -4.440598 -0.000000 1.570144 -3.078602 0.004040
 50 6.000000 0.000001 -0.000000 1.789937 -0.000000 -0.000000
 51 0.000001 -4.440603 0.000002 1.569944 -3.078603 0.004053
 52 10.510131 0.000000 0.000001 0.000000 0.000000 -2.476901
 53 0.000000 -1.748400 -5.000000 -3.141593 0.004007 -1.539299
 54 5.500000 -0.000000 -0.000002 -0.248262 0.000000 0.000000
 55 0.000000 -0.000000 -4.999997 -0.044472 3.137590 -0.000177
 56 6.551490 0.000000 0.000001 0.248262 -0.025902 -0.248033
 57 -1.266843 -1.937443 -4.950558 -0.066572 -2.988806 -0.110308
 58 6.551491 0.000000 0.000001 0.248262 -0.025902 -0.248033
 59 0.699371 -1.944208 -5.006845 -0.027189 -3.088217 0.005298
 60 4.226146 -0.003201 -0.000000 0.070131 -0.093248 0.161260
 61 0.000000 5.000000 -0.000000 -0.153564 0.000087 2.718702
 62 0.000005 -0.000004 -3.713579 0.119535 -2.936655 -0.885276
 63 -0.000001 0.000001 5.000000 3.053195 1.558589 -0.074929
 64 -0.000004 0.000005 3.713579 -0.311487 -2.845558 -0.582080
 65 -0.000001 0.000000 -5.000000 -0.088726 1.558589 3.066335
 66 7.363605 1.646646 0.495663 -3.141593 -1.570796 0.000000
 67 -0.000003 0.000005 3.619081 -0.441735 -2.434423 -1.159240
 68 16.573919 -0.000001 0.000001 -0.000000 -0.000000 -2.011748
 69 15.128181 0.000001 0.000001 0.026832 0.026147 -0.175154
 70 5.758666 4.244731 0.000000 0.000000 -0.000000 2.033309
 71 3.177726 0.000000 0.000000 0.000000 0.000000 3.141593
 72 15.708952 0.000002 0.000001 0.013957 0.013894 -0.093781
 73 0.275148 0.189215 -3.445207 3.130898 0.000409 -1.514604
 74 17.210194 -0.000002 0.000002 -0.000000 0.000000 -2.319003
 75 0.000000 -0.000000 -5.000000 -0.079433 1.546568 -1.570857
 76 0.000005 -0.000003 -3.619079 0.260448 -2.945758 -1.468642
 77 16.573919 -0.000000 0.000001 0.000000 0.000000 -1.562392
 78 15.128181 0.000001 0.000001 0.265624 -0.173430 0.666428
 79 5.758665 4.244731 0.000000 -0.000000 0.000000 1.483530
 80 4.003935 0.000000 0.000000 0.000000 0.000000 0.000000
 81 15.708953 0.000000 0.000001 0.195074 -0.100553 0.460486
 82 0.273998 0.191090 3.439762 -3.130907 -0.000437 -1.508107
 83 17.210196 -0.000001 0.000000 -0.000000 0.000000 -2.116793
 84 0.000000 -0.000000 5.000000 -0.079311 1.595025 -1.570737
time 21
  0 0.000000 0.000000 32.947224 -0.243067 0.535714 -2.432935
  1 13.773752 5.584524 -22.520977 -0.544290 0.221328 2.303921
  2 -2.276935 0.000003 -1.238186 -1.570795 -1.570451 0.000000
  3 1.796670 0.711980 -0.000977 0.309865 -0.220383 -0.222130
  4 4.119407 -0.003167 -0.000299 0.091290 0.052114 0.253395
  5 4.119044 -0.003226 -0.000390 0.119698 0.077567 0.144909
  6 4.118814 -0.003262 -0.000241 0.073885 0.067451 0.070477
  7 4.119658 -0.003352 -0.000447 0.128897 -0.183428 0.281321
  8 4.443598 0.000003 0.000000 0.010884 -0.060032 -0.764640
  9 9.024061 -0.000002 0.000001 0.000000 0.000000 0.000000
 10 0.316050 0.222525 1.689521 -1.118112 -1.322508 -2.373662
 11 6.384777 -0.000001 0.000001 -0.604675 0.081710 -1.051765
 12 10.242680 0.000000 0.000001 -0.000000 0.000000 -1.743183
 13 11.375561 0.000001 -0.000002 -2.227944 -0.402983 0.753629
 14 0.728679 0.023430 -1.008294 1.627471 0.842372 0.191441
 15 2.136497 -0.000000 0.000001 -0.000000 0.000000 0.898844
 16 2.313138 -0.000000 0.000001 0.000000 0.000000 0.000000
 17 3.115506 -0.886041 -0.021433 -0.523248 -0.008990 0.590544
 18 2.011152 -0.000000 0.000002 -0.000000 0.000000 1.951110
 19 2.141380 0.000001 -0.000003 0.000000 0.000000 0.000000
 20 1.734173 0.000000 0.000002 -0.000000 -0.000000 0.976392
 21 0.000006 -4.440593 -0.000002 1.570544 -0.062990 -0.195737
 22 4.112854 -0.572204 -1.309459 -1.644301 0.094718 0.119721
 23 6.000000 0.000000 0.000001 -2.038240 -0.000000 -0.000000
 24 -0.000000 -4.440602 -0.000001 1.569944 -0.062987 0.004053
 25 11.375562 0.000001 0.000003 -1.850030 -0.258153 0.339651
 26 -0.000000 -4.440605 -0.000001 1.570144 -0.062988 0.004040
 27 10.510129 -0.000000 0.000001 0.000000 0.000000 -2.442388
 28 -0.000001 -1.748400 5.000000 0.000000 0.004007 1.602291
 29 5.499999 -0.000000 -0.000000 0.221462 0.000000 -0.000000
 30 -0.000001 -1.940597 5.000000 -0.044472 0.004003 -0.000180
 31 6.551491 -0.000000 0.000001 -0.407574 0.124878 -0.645563
 32 -0.000001 -1.940598 5.000002 -0.027189 -0.053376 0.005295
 33 6.551491 -0.000000 0.000001 -0.181954 0.091460 -0.297531
 34 -0.000000 -1.940599 4.999994 -0.066572 -0.152786 -0.110311
 35 -0.316050 -0.215441 -1.689521 2.579199 1.486198 -0.860744
 36 6.384777 -0.000001 0.000001 0.749527 0.149212 -0.679180
 37 10.242683 0.000001 0.000002 -0.000000 0.000000 -1.805424
 38 11.375562 -0.000002 -0.000005 2.088124 0.403420 0.641380
 39 0.728681 0.023431 1.008293 -1.627471 -0.842372 0.191441
 40 2.136497 0.000001 0.000001 -0.000000 -0.000000 0.898844
 41 2.313140 -0.000002 0.000001 0.000000 0.000000 3.141593
 42 3.115509 -0.886042 0.021432 0.523248 0.008990 0.590544
 43 2.011151 -0.000000 0.000003 -0.000000 -0.000000 1.951110
 44 2.141380 0.000000 -0.000001 0.000000 0.000000 3.141593
 45 1.734172 -0.000001 0.000000 -0.000000 0.000000 0.976392
 46 0.136315 -3.738192 2.525889 1.493698 2.759406 -1.474501
 47 3.771412 0.416401 1.053532 1.765650 0.074575 0.195753
 48 11.389366 -0.000820 0.158778 1.789989 0.242907 0.296921
 49 0.000000 -4.440598 -0.000000 1.570144 -3.078602 0.004040
 50 6.000000 -0.000000 -0.000003 1.789989 -0.000000 -0.000000
 51 0.000002 -4.440602 0.000000 1.569944 -3.078603 0.004053
 52 10.510133 0.000001 0.000002 0.000000 0.000000 -2.473509
 53 0.000000 -1.748399 -5.000000 3.141593 0.004007 -1.539299
 54 5.500000 -0.000000 0.000000 -0.248627 -0.000000 -0.000000
 55 -0.000001 -0.000000 -5.000003 -0.044472 3.137589 -0.000177
 56 6.551491 0.000002 -0.000000 0.248627 -0.024308 -0.249142
 57 -1.266844 -1.937443 -4.950561 -0.066572 -2.988806 -0.110308
 58 6.551491 0.000002 -0.000000 0.248627 -0.024308 -0.249142
 59 0.699370 -1.944208 -5.006847 -0.027189 -3.088217 0.005298
 60 4.226146 -0.003203 0.000000 0.070183 -0.092184 0.160861
 61 0.000001 5.000000 0.000000 -0.153564 0.000087 2.718701
 62 0.000005 -0.000004 -3.713579 0.119535 -2.936655 -0.885276
 63 -0.000001 0.000001 5.000000 3.053195 1.558589 -0.074929
 64 -0.000004 0.000005 3.713579 -0.311487 -2.845558 -0.582080
 65 -0.000001 0.000000 -5.000000 -0.088726 1.558589 3.066335
 66 7.363605 1.646646 0.495663 -3.141593 -1.570796 0.000000
 67 -0.000003 0.000005 3.619081 -0.441735 -2.434423 -1.159240
 68 16.573919 -0.000001 0.000001 -0.000000 -0.000000 -2.011748
 69 15.128181 0.000001 0.000001 0.026832 0.026147 -0.175154
 70 5.758666 4.244731 0.000000 0.000000 -0.000000 2.033309
 71 3.177726 0.000000 0.000000 0.000000 0.000000 3.141593
 72 15.708952 0.000002 0.000001 0.013957 0.013894 -0.093781
 73 0.275148 0.189215 -3.445207 3.130898 0.000409 -1.514604
 74 17.210194 -0.000002 0.000002 -0.000000 0.000000 -2.319003
 75 0.000000 -0.000000 -5.000000 -0.079433 1.546568 -1.570857
 76 0.000005 -0.000003 -3.619079 0.260448 -2.945758 -1.468642
 77 16.573919 -0.000000 0.000001 0.000000 0.000000 -1.562392
 78 15.128181 0.000001 0.000001 0.265624 -0.173430 0.666428
 79 5.758665 4.244731 0.000000 -0.000000 0.000000 1.483530
 80 4.003935 0.000000 0.000000 0.000000 0.000000 0.000000
 81 15.708953 0.000000 0.000001 0.195074 -0.100553 0.460486
 82 0.273998 0.191090 3.439762 -3.130907 -0.000437 -1.508107
 83 17.210196 -0.000001 0.000000 -0.000000 0.000000 -2.116793
 84 0.000000 -0.000000 5.000000 -0.079311 1.595025 -1.570737
time 22
  0 0.000000 0.000000 32.947224 -0.243067 0.535714 -2.432935
  1 13.773752 5.584524 -22.520977 -0.544290 0.221328 2.303921
  2 -2.276935 0.000003 -1.238186 -1.570795 -1.570451 0.000000
  3 1.796670 0.711980 -0.000977 0.309865 -0.220383 -0.222130
  4 4.119407 -0.003167 -0.000299 0.091290 0.052114 0.253395
  5 4.119048 -0.003225 -0.000380 0.116765 0.080824 0.146445
  6 4.118818 -0.003266 -0.000241 0.073885 0.067451 0.070477
  7 4.119655 -0.003351 -0.000449 0.129164 -0.181176 0.280483
  8 4.443597 0.000002 0.000000 0.016484 -0.064520 -0.762621
  9 9.024061 0.000000 -0.000000 0.000000 0.000000 0.000000
 10 0.312212 0.223067 1.690164 -1.111796 -1.321053 -2.378676
 11 6.384777 -0.000002 -0.000000 -0.606765 0.085780 -1.047012
 12 10.242682 -0.000000 0.000000 -0.000000 -0.000000 -1.747913
 13 11.375562 -0.000000 0.000001 -2.227974 -0.402784 0.753397
 14 0.728680 0.023430 -1.008293 1.627471 0.842372 0.191441
 15 2.136498 -0.000001 0.000001 0.000000 0.000000 0.898845
 16 2.313139 -0.000001 -0.000001 0.000000 0.000000 0.000000
 17 3.115506 -0.886042 -0.021431 -0.523248 -0.008990 0.590544
 18 2.011151 -0.000000 -0.000003 -0.000000 0.000000 1.951110
 19 2.141380 0.000000 0.000001 0.000000 0.000000 0.000000
 20 1.734172 0.000001 -0.000003 -0.000000 0.000000 0.976391
 21 0.000006 -4.440594 0.000001 1.570544 -0.062990 -0.195737
 22 4.112852 -0.572204 -1.309457 -1.644301 0.094718 0.119721
 23 6.000000 0.000000 -0.000001 -2.038301 0.000000 -0.000000
 24 0.000002 -4.440601 0.000000 1.569944 -0.062987 0.004053
 25 11.375561 0.000001 0.000002 -1.850091 -0.258050 0.339573
 26 -0.000002 -4.440603 0.000000 1.570144 -0.062988 0.004040
 27 10.510129 0.000001 0.000001 -0.000000 -0.000000 -2.444752
 28 0.000000 -1.748401 5.000001 -0.000000 0.004007 1.602290
 29 5.500000 0.000000 0.000000 0.221491 0.000000 0.000000
 30 -0.000002 -1.940599 5.000002 -0.044472 0.004003 -0.000180
 31 6.551491 -0.000000 -0.000000 -0.407762 0.126715 -0.643469
 32 0.000001 -1.940600 5.000000 -0.027189 -0.053376 0.005295
 33 6.551491 -0.000000 -0.000000 -0.181977 0.092259 -0.296531
 34 -0.000000 -1.940599 4.999996 -0.066572 -0.152786 -0.110311
 35 -0.312212 -0.215982 -1.690164 2.597081 1.484711 -0.841820
 36 6.384777 0.000002 -0.000000 0.746552 0.157830 -0.688342
 37 10.242682 0.000000 -0.000000 0.000000 0.000000 -1.795190
 38 11.375560 0.000001 0.000001 2.088035 0.403242 0.641823
 39 0.728683 0.023431 1.008292 -1.627471 -0.842372 0.191441
 40 2.136496 0.000000 0.000002 -0.000000 -0.000000 0.898844
 41 2.313140 0.000000 -0.000001 0.000000 0.000000 3.141593
 42 3.115507 -0.886040 0.021432 0.523248 0.008991 0.590544
 43 2.011149 0.000000 0.000001 -0.000000 -0.000000 1.951110
 44 2.141379 -0.000000 -0.000001 0.000000 0.000000 3.141593
 45 1.734172 -0.000002 0.000001 -0.000000 -0.000000 0.976392
 46 0.136316 -3.738193 2.525890 1.493698 2.759406 -1.474501
 47 3.771411 0.416400 1.053533 1.765650 0.074575 0.195753
 48 11.389367 -0.000820 0.158780 1.789940 0.242835 0.297150
 49 0.000001 -4.440599 -0.000000 1.570144 -3.078602 0.004040
 50 5.999999 0.000000 0.000000 1.789940 -0.000000 -0.000000
 51 0.000001 -4.440601 -0.000000 1.569944 -3.078603 0.004053
 52 10.510133 0.000000 0.000004 0.000000 0.000000 -2.468391
 53 0.000001 -1.748399 -5.000001 -3.141593 0.004007 -1.539299
 54 5.500000 -0.000000 0.000001 -0.248384 -0.000000 0.000000
 55 -0.000000 0.000000 -5.000001 -0.044472 3.137589 -0.000177
 56 6.551491 0.000002 -0.000000 0.248384 -0.022470 -0.250855
 57 -1.266844 -1.937443 -4.950559 -0.066572 -2.988806 -0.110308
 58 6.551491 0.000002 -0.000000 0.248384 -0.022470 -0.250855
 59 0.699370 -1.944207 -5.006847 -0.027189 -3.088217 0.005298
 60 4.226145 -0.003199 -0.000000 0.070240 -0.091020 0.160423
 61 -0.000002 5.000002 -0.000000 -0.153564 0.000087 2.718701
 62 0.000005 -0.000004 -3.713579 0.119535 -2.936655 -0.885276
 63 -0.000001 0.000001 5.000000 3.053195 1.558589 -0.074929
 64 -0.000004 0.000005 3.713579 -0.311487 -2.845558 -0.582080
 65 -0.000001 0.000000 -5.000000 -0.088726 1.558589 3.066335
 66 7.363605 1.646646 0.495663 -3.141593 -1.570796 0.000000
 67 -0.000003 0.000005 3.619081 -0.441735 -2.434423 -1.159240
 68 16.573919 -0.000001 0.000001 -0.000000 -0.000000 -2.011748
 69 15.128181 0.000001 0.000001 0.026832 0.026147 -0.175154
 70 5.758666 4.244731 0.000000 0.000000 -0.000000 2.033309
 71 3.177726 0.000000 0.000000 0.000000 0.000000 3.141593
 72 15.708952 0.000002 0.000001 0.013957 0.013894 -0.093781
 73 0.275148 0.189215 -3.445207 3.130898 0.000409 -1.514604
 74 17.210194 -0.000002 0.000002 -0.000000 0.000000 -2.319003
 75 0.000000 -0.000000 -5.000000 -0.079433 1.546568 -1.570857
 76 0.000005 -0.000003 -3.619079 0.260448 -2.945758 -1.468642
 77 16.573919 -0.000000 0.000001 0.000000 0.000000 -1.562392
 78 15.128181 0.000001 0.000001 0.265624 -0.173430 0.666428
 79 5.758665 4.244731 0.000000 -0.000000 0.000000 1.483530
 80 4.003935 0.000000 0.000000 0.000000 0.000000 0.000000
 81 15.708953 0.000000 0.000001 0.195074 -0.100553 0.460486
 82 0.273998 0.191090 3.439762 -3.130907 -0.000437 -1.508107
 83 17.210196 -0.000001 0.000000 -0.000000 0.000000 -2.116793
 84 0.000000 -0.000000 5.000000 -0.079311 1.595025 -1.570737
time 23
  0 0.000000 0.000000 32.947224 -0.243067 0.535714 -2.432935
  1 13.773752 5.584524 -22.520977 -0.544290 0.221328 2.303921
  2 -2.276935 0.000003 -1.238186 -1.570795 -1.570451 0.000000
  3 1.796670 0.711980 -0.000977 0.309865 -0.220383 -0.222130
  4 4.119407 -0.003167 -0.000299 0.091290 0.052114 0.253395
  5 4.119050 -0.003226 -0.000367 0.112651 0.085034 0.147200
  6 4.118817 -0.003266 -0.000242 0.073885 0.067451 0.070477
  7 4.119648 -0.003349 -0.000450 0.129440 -0.178828 0.279611
  8 4.443599 0.000002 0.000000 0.023455 -0.069226 -0.759605
  9 9.024060 0.000001 0.000000 0.000000 0.000000 0.000000
 10 0.308210 0.223625 1.690826 -1.105279 -1.319528 -2.383835
 11 6.384778 0.000001 0.000002 -0.607758 0.091998 -1.040548
 12 10.242682 -0.000000 -0.000001 0.000000 0.000000 -1.754543
 13 11.375561 -0.000001 0.000001 -2.228026 -0.402585 0.752958
 14 0.728680 0.023432 -1.008290 1.627471 0.842372 0.191441
 15 2.136497 0.000000 -0.000000 -0.000000 -0.000000 0.898844
 16 2.313139 -0.000000 -0.000000 0.000000 0.000000 0.000000
 17 3.115506 -0.886041 -0.021431 -0.523248 -0.008990 0.590544
 18 2.011150 0.000000 -0.000003 -0.000000 0.000000 1.951110
 19 2.141379 -0.000001 0.000001 0.000000 0.000000 0.000000
 20 1.734171 0.000001 -0.000001 -0.000000 -0.000000 0.976392
 21 0.000006 -4.440593 -0.000000 1.570544 -0.062990 -0.195737
 22 4.112853 -0.572203 -1.309455 -1.644301 0.094718 0.119721
 23 6.000000 0.000001 -0.000002 -2.038388 0.000000 -0.000000
 24 0.000001 -4.440599 0.000001 1.569944 -0.062987 0.004053
 25 11.375562 0.000001 0.000002 -1.850177 -0.257937 0.339400
 26 -0.000001 -4.440604 0.000002 1.570144 -0.062988 0.004040
 27 10.510130 0.000000 0.000000 -0.000000 -0.000000 -2.448068
 28 -0.000000 -1.748400 4.999998 0.000000 0.004007 1.602291
 29 5.499999 0.000000 0.000002 0.220765 -0.000000 0.000000
 30 -0.000002 -1.940598 5.000001 -0.044472 0.004003 -0.000180
 31 6.551492 0.000001 0.000002 -0.406676 0.129560 -0.640522
 32 0.000000 -1.940599 5.000000 -0.027189 -0.053376 0.005295
 33 6.551492 0.000001 0.000002 -0.181378 0.093406 -0.295169
 34 -0.000000 -1.940598 4.999999 -0.066572 -0.152786 -0.110311
 35 -0.308206 -0.216545 -1.690825 2.615058 1.483129 -0.822757
 36 6.384777 0.000002 -0.000001 0.741570 0.167172 -0.700370
 37 10.242682 -0.000000 0.000001 -0.000000 -0.000000 -1.782341
 38 11.375561 0.000000 -0.000001 2.087830 0.403595 0.641348
 39 0.728680 0.023431 1.008293 -1.627471 -0.842372 0.191441
 40 2.136497 -0.000001 0.000001 -0.000000 -0.000000 0.898845
 41 2.313139 -0.000001 -0.000001 0.000000 0.000000 3.141593
 42 3.115506 -0.886041 0.021433 0.523248 0.008991 0.590544
 43 2.011152 0.000001 0.000000 -0.000000 -0.000000 1.951110
 44 2.141379 0.000000 0.000000 0.000000 0.000000 3.141593
 45 1.734173 -0.000001 0.000001 0.000000 -0.000000 0.976392
 46 0.136315 -3.738192 2.525891 1.493698 2.759406 -1.474501
 47 3.771409 0.416401 1.053531 1.765650 0.074575 0.195753
 48 11.389366 -0.000819 0.158784 1.789827 0.242968 0.296902
 49 0.000001 -4.440597 -0.000000 1.570144 -3.078602 0.004040
 50 6.000000 0.000000 0.000001 1.789827 -0.000000 0.000000
 51 0.000002 -4.440601 -0.000000 1.569944 -3.078603 0.004053
 52 10.510131 0.000001 -0.000001 0.000000 0.000000 -2.461967
 53 -0.000001 -1.748399 -5.000000 -3.141593 0.004007 -1.539299
 54 5.500000 0.000001 -0.000000 -0.247701 -0.000000 -0.000000
 55 -0.000001 0.000000 -5.000001 -0.044472 3.137590 -0.000177
 56 6.551491 -0.000000 0.000001 0.247701 -0.020502 -0.252994
 57 -1.266843 -1.937445 -4.950557 -0.066572 -2.988806 -0.110308
 58 6.551492 -0.000000 0.000001 0.247701 -0.020502 -0.252994
 59 0.699370 -1.944207 -5.006846 -0.027189 -3.088217 0.005298
 60 4.226145 -0.003200 -0.000000 0.070298 -0.089806 0.159966
 61 -0.000000 5.000000 -0.000000 -0.153564 0.000087 2.718702
 62 0.000005 -0.000004 -3.713579 0.119535 -2.936655 -0.885276
 63 -0.000001 0.000001 5.000000 3.053195 1.558589 -0.074929
 64 -0.000004 0.000005 3.713579 -0.311487 -2.845558 -0.582080
 65 -0.000001 0.000000 -5.000000 -0.088726 1.558589 3.066335
 66 7.363605 1.646646 0.495663 -3.141593 -1.570796 0.000000
 67 -0.000003 0.000005 3.619081 -0.441735 -2.434423 -1.159240
 68 16.573919 -0.000001 0.000001 -0.000000 -0.000000 -2.011748
 69 15.128181 0.000001 0.000001 0.026832 0.026147 -0.175154
 70 5.758666 4.244731 0.000000 0.000000 -0.000000 2.033309
 71 3.177726 0.000000 0.000000 0.000000 0.000000 3.141593
 72 15.708952 0.000002 0.000001 0.013957 0.013894 -0.093781
 73 0.275148 0.189215 -3.445207 3.130898 0.000409 -1.514604
 74 17.210194 -0.000002 0.000002 -0.000000 0.000000 -2.319003
 75 0.000000 -0.000000 -5.000000 -0.079433 1.546568 -1.570857
 76 0.000005 -0.000003 -3.619079 0.260448 -2.945758 -1.468642
 77 16.573919 -0.000000 0.000001 0.000000 0.000000 -1.562392
 78 15.128181 0.000001 0.000001 0.265624 -0.173430 0.666428
 79 5.758665 4.244731 0.000000 -0.000000 0.000000 1.483530
 80 4.003935 0.000000 0.000000 0.000000 0.000000 0.000000
 81 15.708953 0.000000 0.000001 0.195074 -0.100553 0.460486
 82 0.273998 0.191090 3.439762 -3.130907 -0.000437 -1.508107
 83 17.210196 -0.000001 0.000000 -0.000000 0.000000 -2.116793
 84 0.000000 -0.000000 5.000000 -0.079311 1.595025 -1.570737
time 24
  0 0.000000 0.000000 32.947224 -0.243067 0.535714 -2.432935
  1 13.773752 5.584524 -22.520977 -0.544290 0.221328 2.303921
  2 -2.276935 0.000003 -1.238186 -1.570795 -1.570451 0.000000
  3 1.796670 0.711980 -0.000977 0.309865 -0.220383 -0.222130
  4 4.119407 -0.003167 -0.000299 0.091290 0.052114 0.253395
  5 4.119051 -0.003229 -0.000351 0.107776 0.089824 0.147325
  6 4.118815 -0.003264 -0.000241 0.073885 0.067451 0.070477
  7 4.119644 -0.003349 -0.000451 0.129713 -0.176479 0.278739
  8 4.443599 -0.000002 0.000000 0.031226 -0.073966 -0.755944
  9 9.024061 -0.000001 0.000000 0.000000 0.000000 0.000000
 10 0.304204 0.224177 1.691479 -1.098833 -1.317995 -2.388924
 11 6.384777 -0.000003 0.000000 -0.608520 0.100322 -1.030899
 12 10.242682 -0.000000 0.000000 -0.000000 -0.000000 -1.762418
 13 11.375561 -0.000000 0.000001 -2.228078 -0.402410 0.752383
 14 0.728680 0.023429 -1.008294 1.627471 0.842372 0.191441
 15 2.136494 -0.000000 0.000000 -0.000000 0.000000 0.898844
 16 2.313140 0.000000 0.000000 0.000000 0.000000 0.000000
 17 3.115506 -0.886042 -0.021433 -0.523248 -0.008990 0.590544
 18 2.011152 -0.000001 0.000000 0.000000 0.000000 1.951110
 19 2.141379 0.000000 0.000001 0.000000 0.000000 0.000000
 20 1.734174 0.000001 0.000001 -0.000000 -0.000000 0.976392
 21 0.000006 -4.440593 -0.000001 1.570544 -0.062990 -0.195737
 22 4.112854 -0.572205 -1.309459 -1.644301 0.094718 0.119721
 23 6.000000 0.000000 -0.000001 -2.038479 0.000000 -0.000000
 24 0.000001 -4.440603 0.000001 1.569944 -0.062987 0.004053
 25 11.375562 0.000001 0.000002 -1.850269 -0.257828 0.339162
 26 -0.000001 -4.440603 0.000001 1.570144 -0.062988 0.004040
 27 10.510131 -0.000000 -0.000001 0.000000 -0.000000 -2.452005
 28 0.000000 -1.748400 4.999999 0.000000 0.004007 1.602290
 29 5.500000 -0.000000 0.000000 0.219660 0.000000 -0.000000
 30 -0.000002 -1.940598 5.000002 -0.044472 0.004003 -0.000180
 31 6.551492 -0.000000 0.000002 -0.404929 0.133240 -0.636180
 32 -0.000000 -1.940599 5.000001 -0.027189 -0.053376 0.005295
 33 6.551492 -0.000000 0.000002 -0.180473 0.094846 -0.293194
 34 -0.000000 -1.940598 4.999998 -0.066572 -0.152786 -0.110311
 35 -0.304200 -0.217105 -1.691478 2.632372 1.481518 -0.804356
 36 6.384777 -0.000000 0.000001 0.735223 0.176781 -0.714273
 37 10.242682 0.000001 0.000002 0.000000 0.000000 -1.767723
 38 11.375560 0.000000 -0.000001 2.087562 0.404312 0.640134
 39 0.728682 0.023431 1.008293 -1.627471 -0.842372 0.191441
 40 2.136495 0.000000 0.000001 -0.000000 -0.000000 0.898844
 41 2.313140 -0.000001 0.000001 0.000000 0.000000 3.141593
 42 3.115508 -0.886040 0.021431 0.523248 0.008990 0.590544
 43 2.011151 -0.000001 -0.000000 -0.000000 -0.000000 1.951110
 44 2.141380 -0.000000 -0.000002 0.000000 0.000000 3.141593
 45 1.734172 -0.000002 -0.000000 -0.000000 0.000000 0.976392
 46 0.136314 -3.738194 2.525892 1.493698 2.759406 -1.474501
 47 3.771411 0.416400 1.053532 1.765650 0.074575 0.195753
 48 11.389367 -0.000821 0.158780 1.789685 0.243240 0.296275
 49 -0.000000 -4.440598 -0.000000 1.570144 -3.078602 0.004040
 50 6.000000 0.000000 0.000002 1.789685 -0.000000 -0.000000
 51 0.000002 -4.440600 0.000000 1.569944 -3.078603 0.004053
 52 10.510131 0.000000 0.000002 -0.000000 0.000000 -2.454658
 53 -0.000000 -1.748399 -4.999999 3.141593 0.004007 -1.539299
 54 5.499999 0.000000 -0.000000 -0.246740 0.000000 -0.000000
 55 -0.000000 0.000000 -5.000001 -0.044472 3.137589 -0.000177
 56 6.551491 0.000001 -0.000001 0.246740 -0.018506 -0.255387
 57 -1.266843 -1.937444 -4.950558 -0.066572 -2.988806 -0.110308
 58 6.551492 0.000001 -0.000001 0.246740 -0.018506 -0.255387
 59 0.699370 -1.944207 -5.006846 -0.027189 -3.088217 0.005298
 60 4.226145 -0.003202 0.000000 0.070356 -0.088591 0.159509
 61 -0.000001 5.000000 -0.000000 -0.153564 0.000087 2.718702
 62 0.000005 -0.000004 -3.713579 0.119535 -2.936655 -0.885276
 63 -0.000001 0.000001 5.000000 3.053195 1.558589 -0.074929
 64 -0.000004 0.000005 3.713579 -0.311487 -2.845558 -0.582080
 65 -0.000001 0.000000 -5.000000 -0.088726 1.558589 3.066335
 66 7.363605 1.646646 0.495663 -3.141593 -1.570796 0.000000
 67 -0.000003 0.000005 3.619081 -0.441735 -2.434423 -1.159240
 68 16.573919 -0.000001 0.000001 -0.000000 -0.000000 -2.011748
 69 15.128181 0.000001 0.000001 0.026832 0.026147 -0.175154
 70 5.758666 4.244731 0.000000 0.000000 -0.000000 2.033309
 71 3.177726 0.000000 0.000000 0.000000 0.000000 3.141593
 72 15.708952 0.000002 0.000001 0.013957 0.013894 -0.093781
 73 0.275148 0.189215 -3.445207 3.130898 0.000409 -1.514604
 74 17.210194 -0.000002 0.000002 -0.000000 0.000000 -2.319003
 75 0.000000 -0.000000 -5.000000 -0.079433 1.546568 -1.570857
 76 0.000005 -0.000003 -3.619079 0.260448 -2.945758 -1.468642
 77 16.573919 -0.000000 0.000001 0.000000 0.000000 -1.562392
 78 15.128181 0.000001 0.000001 0.265624 -0.173430 0.666428
 79 5.758665 4.244731 0.000000 -0.000000 0.000000 1.483530
 80 4.003935 0.000000 0.000000 0.000000 0.000000 0.000000
 81 15.708953 0.000000 0.000001 0.195074 -0.100553 0.460486
 82 0.273998 0.191090 3.439762 -3.130907 -0.000437 -1.508107
 83 17.210196 -0.000001 0.000000 -0.000000 0.000000 -2.116793
 84 0.000000 -0.000000 5.000000 -0.079311 1.595025 -1.570737
time 25
  0 0.000000 0.000000 32.947224 -0.243067 0.535714 -2.432935
  1 13.773752 5.584524 -22.520977 -0.544290 0.221328 2.303921
  2 -2.276935 0.000003 -1.238186 -1.570795 -1.570451 0.000000
  3 1.796670 0.711980 -0.000977 0.309865 -0.220383 -0.222130
  4 4.119407 -0.003167 -0.000299 0.091290 0.052114 0.253395
  5 4.119050 -0.003231 -0.000334 0.102561 0.094819 0.146976
  6 4.118816 -0.003264 -0.000241 0.073885 0.067451 0.070477
  7 4.119644 -0.003354 -0.000452 0.129974 -0.174226 0.277904
  8 4.443598 -0.000002 0.000000 0.039229 -0.078548 -0.751977
  9 9.024059 -0.000000 0.000000 0.000000 0.000000 0.000000
 10 0.300359 0.224707 1.692096 -1.092716 -1.316517 -2.393737
 11 6.384776 -0.000001 0.000001 -0.608951 0.109987 -1.019181
 12 10.242682 -0.000000 0.000001 0.000000 0.000000 -1.771023
 13 11.375562 0.000001 0.000001 -2.228128 -0.402259 0.751683
 14 0.728679 0.023431 -1.008293 1.627471 0.842372 0.191441
 15 2.136498 0.000001 0.000000 0.000000 0.000000 0.898845
 16 2.313138 -0.000000 0.000001 0.000000 0.000000 0.000000
 17 3.115505 -0.886040 -0.021431 -0.523248 -0.008990 0.590544
 18 2.011151 -0.000001 0.000003 -0.000000 0.000000 1.951110
 19 2.141379 -0.000000 -0.000001 0.000000 0.000000 0.000000
 20 1.734172 0.000000 0.000000 0.000000 -0.000000 0.976392
 21 0.000005 -4.440594 0.000000 1.570544 -0.062990 -0.195737
 22 4.112853 -0.572203 -1.309457 -1.644301 0.094718 0.119721
 23 5.999999 0.000001 -0.000000 -2.038570 0.000000 -0.000000
 24 0.000002 -4.440600 -0.000000 1.569944 -0.062987 0.004053
 25 11.375561 -0.000000 0.000005 -1.850364 -0.257723 0.338865
 26 -0.000000 -4.440601 0.000001 1.570144 -0.062988 0.004040
 27 10.510132 -0.000000 -0.000000 -0.000000 -0.000000 -2.456308
 28 -0.000000 -1.748401 5.000000 0.000000 0.004007 1.602291
 29 5.500000 0.000000 0.000000 0.218299 -0.000000 0.000000
 30 -0.000002 -1.940598 4.999999 -0.044472 0.004003 -0.000180
 31 6.551490 0.000000 0.000001 -0.402735 0.137430 -0.630981
 32 -0.000000 -1.940599 5.000000 -0.027189 -0.053376 0.005295
 33 6.551490 0.000000 0.000001 -0.179361 0.096467 -0.290840
 34 -0.000000 -1.940599 4.999996 -0.066572 -0.152786 -0.110311
 35 -0.300360 -0.217631 -1.692096 2.648376 1.479947 -0.787310
 36 6.384778 0.000001 -0.000002 0.728168 0.186225 -0.729046
 37 10.242682 -0.000000 0.000000 0.000000 0.000000 -1.752204
 38 11.375560 -0.000002 -0.000004 2.087272 0.405237 0.638383
 39 0.728683 0.023432 1.008292 -1.627471 -0.842372 0.191441
 40 2.136493 -0.000001 0.000003 -0.000000 -0.000000 0.898845
 41 2.313140 -0.000001 -0.000002 0.000000 0.000000 3.141593
 42 3.115509 -0.886042 0.021432 0.523248 0.008991 0.590544
 43 2.011151 -0.000002 -0.000001 -0.000000 -0.000000 1.951110
 44 2.141380 0.000000 -0.000001 0.000000 0.000000 3.141593
 45 1.734172 -0.000001 -0.000003 -0.000000 0.000000 0.976392
 46 0.136315 -3.738194 2.525893 1.493698 2.759406 -1.474501
 47 3.771412 0.416401 1.053531 1.765650 0.074575 0.195753
 48 11.389368 -0.000820 0.158780 1.789541 0.243588 0.295378
 49 0.000000 -4.440599 0.000001 1.570144 -3.078602 0.004040
 50 6.000000 -0.000001 -0.000002 1.789541 0.000000 0.000000
 51 0.000002 -4.440600 -0.000001 1.569944 -3.078603 0.004053
 52 10.510131 0.000001 -0.000002 0.000000 0.000000 -2.446898
 53 0.000001 -1.748400 -5.000000 3.141593 0.004007 -1.539299
 54 5.500000 0.000001 0.000001 -0.245655 0.000000 0.000000
 55 0.000001 -0.000001 -5.000000 -0.044472 3.137589 -0.000177
 56 6.551491 0.000000 -0.000001 0.245655 -0.016578 -0.257869
 57 -1.266843 -1.937443 -4.950561 -0.066572 -2.988806 -0.110308
 58 6.551492 0.000000 -0.000001 0.245655 -0.016578 -0.257869
 59 0.699370 -1.944207 -5.006848 -0.027189 -3.088217 0.005298
 60 4.226147 -0.003202 0.000000 0.070411 -0.087426 0.159070
 61 -0.000001 5.000000 -0.000000 -0.153564 0.000087 2.718702
 62 0.000005 -0.000004 -3.713579 0.119535 -2.936655 -0.885276
 63 -0.000001 0.000001 5.000000 3.053195 1.558589 -0.074929
 64 -0.000004 0.000005 3.713579 -0.311487 -2.845558 -0.582080
 65 -0.000001 0.000000 -5.000000 -0.088726 1.558589 3.066335
 66 7.363605 1.646646 0.495663 -3.141593 -1.570796 0.000000
 67 -0.000003 0.000005 3.619081 -0.441735 -2.434423 -1.159240
 68 16.573919 -0.000001 0.000001 -0.000000 -0.000000 -2.011748
 69 15.128181 0.000001 0.000001 0.026832 0.026147 -0.175154
 70 5.758666 4.244731 0.000000 0.000000 -0.000000 2.033309
 71 3.177726 0.000000 0.000000 0.000000 0.000000 3.141593
 72 15.708952 0.000002 0.000001 0.013957 0.013894 -0.093781
 73 0.275148 0.189215 -3.445207 3.130898 0.000409 -1.514604
 74 17.210194 -0.000002 0.000002 -0.000000 0.000000 -2.319003
 75 0.000000 -0.000000 -5.000000 -0.079433 1.546568 -1.570857
 76 0.000005 -0.000003 -3.619079 0.260448 -2.945758 -1.468642
 77 16.573919 -0.000000 0.000001 0.000000 0.000000 -1.562392
 78 15.128181 0.000001 0.000001 0.265624 -0.173430 0.666428
 79 5.758665 4.244731 0.000000 -0.000000 0.000000 1.483530
 80 4.003935 0.000000 0.000000 0.000000 0.000000 0.000000
 81 15.708953 0.000000 0.000001 0.195074 -0.100553 0.460486
 82 0.273998 0.191090 3.439762 -3.130907 -0.000437 -1.508107
 83 17.210196 -0.000001 0.000000 -0.000000 0.000000 -2.116793
 84 0.000000 -0.000000 5.000000 -0.079311 1.595025 -1.570737
time 26
  0 0.000000 0.000000 32.947224 -0.243067 0.535714 -2.432935
  1 13.773752 5.584524 -22.520977 -0.544290 0.221328 2.303921
  2 -2.276935 0.000003 -1.238186 -1.570795 -1.570451 0.000000
  3 1.796670 0.711980 -0.000977 0.309865 -0.220383 -0.222130
  4 4.119407 -0.003167 -0.000299 0.091290 0.052114 0.253395
  5 4.119050 -0.003235 -0.000318 0.097429 0.099647 0.146317
  6 4.118816 -0.003263 -0.000242 0.073885 0.067451 0.070477
  7 4.119637 -0.003352 -0.000453 0.130210 -0.172167 0.277141
  8 4.443599 -0.000002 0.000000 0.046903 -0.082767 -0.748041
  9 9.024064 -0.000001 0.000000 0.000000 0.000000 0.000000
 10 0.296846 0.225187 1.692654 -1.087179 -1.315160 -2.398083
 11 6.384778 -0.000002 0.000001 -0.608909 0.120206 -1.006617
 12 10.242682 -0.000000 -0.000003 0.000000 -0.000000 -1.779922
 13 11.375561 0.000000 0.000001 -2.228171 -0.402135 0.750891
 14 0.728681 0.023430 -1.008292 1.627471 0.842372 0.191441
 15 2.136495 0.000002 -0.000000 -0.000000 -0.000000 0.898845
 16 2.313139 -0.000001 0.000001 0.000000 0.000000 0.000000
 17 3.115507 -0.886041 -0.021431 -0.523248 -0.008990 0.590544
 18 2.011152 -0.000001 0.000002 -0.000000 -0.000000 1.951110
 19 2.141380 0.000000 -0.000003 0.000000 0.000000 0.000000
 20 1.734172 0.000001 -0.000001 -0.000000 -0.000000 0.976392
 21 0.000006 -4.440594 0.000000 1.570544 -0.062990 -0.195737
 22 4.112854 -0.572205 -1.309457 -1.644301 0.094718 0.119721
 23 6.000000 0.000001 0.000001 -2.038658 -0.000000 0.000000
 24 0.000002 -4.440602 0.000001 1.569944 -0.062987 0.004053
 25 11.375562 -0.000000 0.000005 -1.850459 -0.257624 0.338523
 26 0.000001 -4.440604 0.000002 1.570144 -0.062988 0.004040
 27 10.510129 0.000000 -0.000002 -0.000000 -0.000000 -2.460758
 28 -0.000000 -1.748401 4.999997 0.000000 0.004007 1.602291
 29 5.500000 0.000000 -0.000002 0.216772 -0.000000 -0.000000
 30 -0.000002 -1.940598 5.000000 -0.044472 0.004003 -0.000180
 31 6.551492 -0.000001 0.000002 -0.400248 0.141817 -0.625483
 32 -0.000000 -1.940599 5.000004 -0.027189 -0.053376 0.005295
 33 6.551492 -0.000001 0.000002 -0.178111 0.098154 -0.288352
 34 0.000000 -1.940601 4.999997 -0.066572 -0.152786 -0.110311
 35 -0.296844 -0.218113 -1.692654 2.662512 1.478491 -0.772221
 36 6.384777 -0.000001 -0.000002 0.721078 0.195108 -0.743663
 37 10.242682 0.000001 0.000001 -0.000000 -0.000000 -1.736680
 38 11.375562 -0.000002 -0.000002 2.086995 0.406230 0.636332
 39 0.728680 0.023431 1.008292 -1.627471 -0.842372 0.191441
 40 2.136496 -0.000001 -0.000001 -0.000000 -0.000000 0.898844
 41 2.313139 0.000002 -0.000000 0.000000 0.000000 3.141593
 42 3.115506 -0.886040 0.021430 0.523248 0.008991 0.590544
 43 2.011152 -0.000001 -0.000001 -0.000000 -0.000000 1.951110
 44 2.141380 0.000000 -0.000001 0.000000 0.000000 3.141593
 45 1.734172 -0.000002 0.000001 0.000000 0.000000 0.976392
 46 0.136315 -3.738192 2.525893 1.493698 2.759406 -1.474501
 47 3.771410 0.416401 1.053531 1.765650 0.074575 0.195753
 48 11.389366 -0.000820 0.158781 1.789413 0.243957 0.294333
 49 0.000001 -4.440599 0.000001 1.570144 -3.078602 0.004040
 50 6.000001 -0.000000 -0.000001 1.789413 -0.000000 -0.000000
 51 0.000001 -4.440598 0.000001 1.569944 -3.078603 0.004053
 52 10.510132 0.000001 0.000002 0.000000 0.000000 -2.439137
 53 0.000001 -1.748400 -5.000004 -3.141593 0.004007 -1.539299
 54 5.500000 0.000001 0.000001 -0.244590 -0.000000 -0.000000
 55 -0.000000 0.000000 -5.000000 -0.044472 3.137589 -0.000177
 56 6.551491 0.000001 -0.000001 0.244590 -0.014796 -0.260283
 57 -1.266844 -1.937441 -4.950563 -0.066572 -2.988806 -0.110308
 58 6.551491 0.000001 -0.000001 0.244590 -0.014796 -0.260283
 59 0.699370 -1.944206 -5.006849 -0.027189 -3.088217 0.005298
 60 4.226144 -0.003200 -0.000000 0.070461 -0.086360 0.158668
 61 -0.000000 5.000000 0.000000 -0.153564 0.000087 2.718702
 62 0.000005 -0.000004 -3.713579 0.119535 -2.936655 -0.885276
 63 -0.000001 0.000001 5.000000 3.053195 1.558589 -0.074929
 64 -0.000004 0.000005 3.713579 -0.311487 -2.845558 -0.582080
 65 -0.000001 0.000000 -5.000000 -0.088726 1.558589 3.066335
 66 7.363605 1.646646 0.495663 -3.141593 -1.570796 0.000000
 67 -0.000003 0.000005 3.619081 -0.441735 -2.434423 -1.159240
 68 16.573919 -0.000001 0.000001 -0.000000 -0.000000 -2.011748
 69 15.128181 0.000001 0.000001 0.026832 0.026147 -0.175154
 70 5.758666 4.244731 0.000000 0.000000 -0.000000 2.033309
 71 3.177726 0.000000 0.000000 0.000000 0.000000 3.141593
 72 15.708952 0.000002 0.000001 0.013957 0.013894 -0.093781
 73 0.275148 0.189215 -3.445207 3.130898 0.000409 -1.514604
 74 17.210194 -0.000002 0.000002 -0.000000 0.000000 -2.319003
 75 0.000000 -0.000000 -5.000000 -0.079433 1.546568 -1.570857
 76 0.000005 -0.000003 -3.619079 0.260448 -2.945758 -1.468642
 77 16.573919 -0.000000 0.000001 0.000000 0.000000 -1.562392
 78 15.128181 0.000001 0.000001 0.265624 -0.173430 0.666428
 79 5.758665 4.244731 0.000000 -0.000000 0.000000 1.483530
 80 4.003935 0.000000 0.000000 0.000000 0.000000 0.000000
 81 15.708953 0.000000 0.000001 0.195074 -0.100553 0.460486
 82 0.273998 0.191090 3.439762 -3.130907 -0.000437 -1.508107
 83 17.210196 -0.000001 0.000000 -0.000000 0.000000 -2.116793
 84 0.000000 -0.000000 5.000000 -0.079311 1.595025 -1.570737
time 27
  0 0.000000 0.000000 32.947224 -0.243067 0.535714 -2.432935
  1 13.773752 5.584524 -22.520977 -0.544290 0.221328 2.303921
  2 -2.276935 0.000003 -1.238186 -1.570795 -1.570451 0.000000
  3 1.796670 0.711980 -0.000977 0.309865 -0.220383 -0.222130
  4 4.119407 -0.003167 -0.000299 0.091290 0.052114 0.253395
  5 4.119045 -0.003234 -0.000302 0.092805 0.103937 0.145520
  6 4.118818 -0.003265 -0.000241 0.073885 0.067451 0.070477
  7 4.119636 -0.003356 -0.000454 0.130412 -0.170397 0.276486
  8 4.443599 0.000000 0.000000 0.053692 -0.086406 -0.744463
  9 9.024064 -0.000001 0.000000 0.000000 0.000000 0.000000
 10 0.293823 0.225601 1.693127 -1.082463 -1.313989 -2.401776
 11 6.384777 0.000001 0.000001 -0.608293 0.130185 -0.994434
 12 10.242680 -0.000001 -0.000001 0.000000 0.000000 -1.788705
 13 11.375559 0.000001 -0.000002 -2.228202 -0.402041 0.750071
 14 0.728679 0.023432 -1.008291 1.627471 0.842372 0.191441
 15 2.136496 -0.000002 0.000000 -0.000000 -0.000000 0.898844
 16 2.313139 0.000003 -0.000001 0.000000 0.000000 0.000000
 17 3.115505 -0.886040 -0.021430 -0.523248 -0.008990 0.590544
 18 2.011151 -0.000000 -0.000000 0.000000 0.000000 1.951110
 19 2.141379 -0.000001 0.000000 0.000000 0.000000 0.000000
 20 1.734173 0.000001 0.000002 -0.000000 -0.000000 0.976392
 21 0.000006 -4.440595 0.000002 1.570544 -0.062990 -0.195737
 22 4.112852 -0.572204 -1.309458 -1.644301 0.094718 0.119721
 23 6.000000 -0.000001 -0.000001 -2.038733 -0.000000 -0.000000
 24 0.000001 -4.440603 0.000000 1.569944 -0.062987 0.004053
 25 11.375561 -0.000000 0.000001 -1.850545 -0.257537 0.338164
 26 -0.000002 -4.440607 -0.000000 1.570144 -0.062988 0.004040
 27 10.510128 -0.000000 0.000000 0.000000 -0.000000 -2.465149
 28 -0.000000 -1.748400 4.999999 -0.000000 0.004007 1.602291
 29 5.500000 0.000000 -0.000002 0.215151 0.000000 -0.000000
 30 -0.000002 -1.940598 5.000001 -0.044472 0.004003 -0.000180
 31 6.551492 0.000001 0.000001 -0.397592 0.146090 -0.620210
 32 0.000000 -1.940598 5.000001 -0.027189 -0.053376 0.005295
 33 6.551492 0.000001 0.000001 -0.176784 0.099789 -0.285965
 34 0.000000 -1.940600 4.999997 -0.066572 -0.152786 -0.110311
 35 -0.293821 -0.218521 -1.693127 2.674293 1.477224 -0.759620
 36 6.384778 -0.000001 -0.000001 0.714636 0.203061 -0.757079
 37 10.242681 -0.000000 0.000001 0.000000 0.000000 -1.722084
 38 11.375560 0.000000 -0.000001 2.086752 0.407168 0.634248
 39 0.728683 0.023430 1.008293 -1.627471 -0.842372 0.191441
 40 2.136500 -0.000000 -0.000002 -0.000000 -0.000000 0.898845
 41 2.313138 0.000002 0.000002 0.000000 0.000000 3.141593
 42 3.115508 -0.886041 0.021431 0.523248 0.008990 0.590544
 43 2.011151 -0.000002 0.000002 0.000000 0.000000 1.951110
 44 2.141380 0.000000 0.000001 0.000000 0.000000 3.141593
 45 1.734173 -0.000002 -0.000000 0.000000 0.000000 0.976392
 46 0.136315 -3.738191 2.525891 1.493698 2.759406 -1.474501
 47 3.771412 0.416399 1.053534 1.765650 0.074575 0.195753
 48 11.389365 -0.000820 0.158779 1.789312 0.244302 0.293277
 49 0.000002 -4.440600 0.000001 1.570144 -3.078602 0.004040
 50 6.000000 -0.000000 -0.000002 1.789312 0.000000 -0.000000
 51 0.000002 -4.440601 -0.000000 1.569944 -3.078603 0.004053
 52 10.510131 -0.000000 0.000002 0.000000 -0.000000 -2.431838
 53 0.000000 -1.748399 -5.000001 3.141593 0.004007 -1.539299
 54 5.499999 0.000000 -0.000001 -0.243680 0.000000 -0.000000
 55 0.000001 0.000000 -4.999998 -0.044472 3.137589 -0.000177
 56 6.551491 0.000001 -0.000001 0.243680 -0.013230 -0.262476
 57 -1.266845 -1.937441 -4.950560 -0.066572 -2.988806 -0.110308
 58 6.551492 0.000001 -0.000002 0.243680 -0.013230 -0.262476
 59 0.699370 -1.944208 -5.006846 -0.027189 -3.088217 0.005298
 60 4.226146 -0.003202 0.000000 0.070503 -0.085443 0.158322
 61 0.000001 5.000000 -0.000000 -0.153564 0.000087 2.718702
 62 0.000005 -0.000004 -3.713579 0.119535 -2.936655 -0.885276
 63 -0.000001 0.000001 5.000000 3.053195 1.558589 -0.074929
 64 -0.000004 0.000005 3.713579 -0.311487 -2.845558 -0.582080
 65 -0.000001 0.000000 -5.000000 -0.088726 1.558589 3.066335
 66 7.363605 1.646646 0.495663 -3.141593 -1.570796 0.000000
 67 -0.000003 0.000005 3.619081 -0.441735 -2.434423 -1.159240
 68 16.573919 -0.000001 0.000001 -0.000000 -0.000000 -2.011748
 69 15.128181 0.000001 0.000001 0.026832 0.026147 -0.175154
 70 5.758666 4.244731 0.000000 0.000000 -0.000000 2.033309
 71 3.177726 0.000000 0.000000 0.000000 0.000000 3.141593
 72 15.708952 0.000002 0.000001 0.013957 0.013894 -0.093781
 73 0.275148 0.189215 -3.445207 3.130898 0.000409 -1.514604
 74 17.210194 -0.000002 0.000002 -0.000000 0.000000 -2.319003
 75 0.000000 -0.000000 -5.000000 -0.079433 1.546568 -1.570857
 76 0.000005 -0.000003 -3.619079 0.260448 -2.945758 -1.468642
 77 16.573919 -0.000000 0.000001 0.000000 0.000000 -1.562392
 78 15.128181 0.000001 0.000001 0.265624 -0.173430 0.666428
 79 5.758665 4.244731 0.000000 -0.000000 0.000000 1.483530
 80 4.003935 0.000000 0.000000 0.000000 0.000000 0.000000
 81 15.708953 0.000000 0.000001 0.195074 -0.100553 0.460486
 82 0.273998 0.191090 3.439762 -3.130907 -0.000437 -1.508107
 83 17.210196 -0.000001 0.000000 -0.000000 0.000000 -2.116793
 84 0.000000 -0.000000 5.000000 -0.079311 1.595025 -1.570737
time 28
  0 0.000000 0.000000 32.947224 -0.243067 0.535714 -2.432935
  1 13.773752 5.584524 -22.520977 -0.544290 0.221328 2.303921
  2 -2.276935 0.000003 -1.238186 -1.570795 -1.570451 0.000000
  3 1.796670 0.711980 -0.000977 0.309865 -0.220383 -0.222130
  4 4.119407 -0.003167 -0.000299 0.091290 0.052114 0.253395
  5 4.119045 -0.003237 -0.000290 0.089118 0.107320 0.144763
  6 4.118814 -0.003261 -0.000241 0.073885 0.067451 0.070477
  7 4.119635 -0.003355 -0.000454 0.130569 -0.169013 0.275975
  8 4.443597 0.000001 -0.000000 0.059043 -0.089241 -0.741566
  9 9.024062 -0.000000 0.000000 0.000000 0.000000 0.000000
 10 0.291460 0.225915 1.693494 -1.078802 -1.313070 -2.404637
 11 6.384777 -0.000001 -0.000001 -0.607043 0.139119 -0.983869
 12 10.242681 0.000000 -0.000002 0.000000 0.000000 -1.796988
 13 11.375562 0.000000 0.000002 -2.228209 -0.401987 0.749320
 14 0.728682 0.023431 -1.008291 1.627471 0.842372 0.191441
 15 2.136497 0.000001 0.000001 -0.000000 -0.000000 0.898844
 16 2.313138 0.000001 0.000000 0.000000 0.000000 0.000000
 17 3.115506 -0.886040 -0.021431 -0.523248 -0.008991 0.590544
 18 2.011149 0.000001 -0.000002 0.000000 0.000000 1.951110
 19 2.141378 -0.000000 -0.000000 0.000000 0.000000 0.000000
 20 1.734172 0.000000 0.000000 0.000000 0.000000 0.976392
 21 0.000006 -4.440594 0.000000 1.570544 -0.062990 -0.195737
 22 4.112855 -0.572203 -1.309458 -1.644301 0.094718 0.119721
 23 6.000000 -0.000000 0.000001 -2.038782 0.000000 -0.000000
 24 0.000001 -4.440600 0.000000 1.569944 -0.062987 0.004053
 25 11.375562 0.000001 0.000002 -1.850608 -0.257471 0.337832
 26 -0.000002 -4.440605 -0.000002 1.570144 -0.062988 0.004040
 27 10.510130 0.000000 -0.000002 0.000000 0.000000 -2.469290
 28 -0.000001 -1.748401 4.999997 0.000000 0.004007 1.602291
 29 5.499999 0.000000 -0.000000 0.213501 0.000000 -0.000000
 30 -0.000002 -1.940597 5.000001 -0.044472 0.004003 -0.000180
 31 6.551492 0.000001 0.000001 -0.394870 0.149938 -0.615664
 32 0.000001 -1.940598 5.000000 -0.027189 -0.053376 0.005295
 33 6.551492 0.000001 0.000001 -0.175427 0.101250 -0.283910
 34 -0.000000 -1.940597 4.999998 -0.066572 -0.152786 -0.110311
 35 -0.291459 -0.218838 -1.693494 2.683277 1.476224 -0.749996
 36 6.384777 0.000001 -0.000000 0.709533 0.209749 -0.768228
 37 10.242683 0.000000 0.000002 0.000000 0.000000 -1.709378
 38 11.375562 -0.000002 -0.000003 2.086559 0.407943 0.632426
 39 0.728681 0.023430 1.008293 -1.627471 -0.842372 0.191441
 40 2.136496 -0.000001 -0.000002 -0.000000 -0.000000 0.898844
 41 2.313139 -0.000000 0.000001 0.000000 0.000000 3.141593
 42 3.115508 -0.886042 0.021433 0.523248 0.008991 0.590544
 43 2.011151 0.000000 0.000002 -0.000000 0.000000 1.951110
 44 2.141379 0.000001 0.000001 0.000000 0.000000 3.141593
 45 1.734173 -0.000001 -0.000000 0.000000 -0.000000 0.976392
 46 0.136315 -3.738193 2.525890 1.493698 2.759406 -1.474501
 47 3.771411 0.416399 1.053533 1.765650 0.074575 0.195753
 48 11.389365 -0.000820 0.158779 1.789240 0.244584 0.292358
 49 -0.000000 -4.440598 0.000000 1.570144 -3.078602 0.004040
 50 6.000000 -0.000000 -0.000003 1.789240 -0.000000 -0.000000
 51 0.000002 -4.440603 0.000000 1.569944 -3.078603 0.004053
 52 10.510131 -0.000000 0.000001 0.000000 -0.000000 -2.425486
 53 -0.000001 -1.748399 -4.999999 3.141593 0.004007 -1.539299
 54 5.500000 0.000000 0.000002 -0.243047 0.000000 -0.000000
 55 -0.000000 0.000000 -5.000003 -0.044472 3.137589 -0.000177
 56 6.551491 -0.000001 0.000002 0.243047 -0.011942 -0.264294
 57 -1.266844 -1.937443 -4.950562 -0.066572 -2.988806 -0.110308
 58 6.551492 -0.000001 0.000002 0.243047 -0.011942 -0.264294
 59 0.699370 -1.944207 -5.006849 -0.027189 -3.088217 0.005298
 60 4.226147 -0.003200 0.000000 0.070536 -0.084727 0.158052
 61 -0.000001 5.000001 -0.000000 -0.153564 0.000087 2.718702
 62 0.000005 -0.000004 -3.713579 0.119535 -2.936655 -0.885276
 63 -0.000001 0.000001 5.000000 3.053195 1.558589 -0.074929
 64 -0.000004 0.000005 3.713579 -0.311487 -2.845558 -0.582080
 65 -0.000001 0.000000 -5.000000 -0.088726 1.558589 3.066335
 66 7.363605 1.646646 0.495663 -3.141593 -1.570796 0.000000
 67 -0.000003 0.000005 3.619081 -0.441735 -2.434423 -1.159240
 68 16.573919 -0.000001 0.000001 -0.000000 -0.000000 -2.011748
 69 15.128181 0.000001 0.000001 0.026832 0.026147 -0.175154
 70 5.758666 4.244731 0.000000 0.000000 -0.000000 2.033309
 71 3.177726 0.000000 0.000000 0.000000 0.000000 3.141593
 72 15.708952 0.000002 0.000001 0.013957 0.013894 -0.093781
 73 0.275148 0.189215 -3.445207 3.130898 0.000409 -1.514604
 74 17.210194 -0.000002 0.000002 -0.000000 0.000000 -2.319003
 75 0.000000 -0.000000 -5.000000 -0.079433 1.546568 -1.570857
 76 0.000005 -0.000003 -3.619079 0.260448 -2.945758 -1.468642
 77 16.573919 -0.000000 0.000001 0.000000 0.000000 -1.562392
 78 15.128181 0.000001 0.000001 0.265624 -0.173430 0.666428
 79 5.758665 4.244731 0.000000 -0.000000 0.000000 1.483530
 80 4.003935 0.000000 0.000000 0.000000 0.000000 0.000000
 81 15.708953 0.000000 0.000001 0.195074 -0.100553 0.460486
 82 0.273998 0.191090 3.439762 -3.130907 -0.000437 -1.508107
 83 17.210196 -0.000001 0.000000 -0.000000 0.000000 -2.116793
 84 0.000000 -0.000000 5.000000 -0.079311 1.595025 -1.570737
time 29
  0 0.000000 0.000000 32.947224 -0.243067 0.535714 -2.432935
  1 13.773752 5.584524 -22.520977 -0.544290 0.221328 2.303921
  2 -2.276935 0.000003 -1.238186 -1.570795 -1.570451 0.000000
  3 1.796670 0.711980 -0.000977 0.309865 -0.220383 -0.222130
  4 4.119407 -0.003167 -0.000299 0.091290 0.052114 0.253395
  5 4.119042 -0.003237 -0.000282 0.086798 0.109429 0.144230
  6 4.118814 -0.003260 -0.000241 0.073885 0.067451 0.070477
  7 4.119634 -0.003359 -0.000454 0.130670 -0.168112 0.275642
  8 4.443598 -0.000001 -0.000000 0.062404 -0.091041 -0.739672
  9 9.024063 -0.000001 -0.000000 0.000000 0.000000 0.000000
 10 0.289920 0.226123 1.693730 -1.076430 -1.312470 -2.406487
 11 6.384777 -0.000002 0.000002 -0.605231 0.146057 -0.976293
 12 10.242682 0.000000 0.000001 -0.000000 -0.000000 -1.804197
 13 11.375562 0.000002 0.000000 -2.228183 -0.401980 0.748771
 14 0.728680 0.023430 -1.008293 1.627471 0.842372 0.191441
 15 2.136497 0.000000 0.000000 -0.000000 0.000000 0.898844
 16 2.313139 0.000000 0.000001 0.000000 0.000000 0.000000
 17 3.115505 -0.886041 -0.021432 -0.523248 -0.008991 0.590544
 18 2.011152 -0.000001 0.000001 0.000000 -0.000000 1.951110
 19 2.141381 0.000001 0.000001 0.000000 0.000000 0.000000
 20 1.734172 0.000000 0.000000 0.000000 0.000000 0.976392
 21 0.000006 -4.440595 0.000001 1.570544 -0.062990 -0.195737
 22 4.112854 -0.572204 -1.309458 -1.644301 0.094718 0.119721
 23 6.000000 -0.000001 0.000002 -2.038789 0.000000 -0.000000
 24 0.000001 -4.440602 -0.000001 1.569944 -0.062987 0.004053
 25 11.375561 0.000000 0.000004 -1.850635 -0.257435 0.337587
 26 -0.000001 -4.440604 0.000001 1.570144 -0.062988 0.004040
 27 10.510131 0.000001 -0.000000 0.000000 -0.000000 -2.472895
 28 0.000001 -1.748401 5.000000 -0.000000 0.004007 1.602290
 29 5.500001 0.000000 -0.000001 0.211927 0.000000 -0.000000
 30 -0.000001 -1.940599 4.999999 -0.044472 0.004003 -0.000180
 31 6.551492 -0.000002 0.000001 -0.392257 0.152980 -0.612390
 32 -0.000000 -1.940599 5.000003 -0.027189 -0.053376 0.005295
 33 6.551492 -0.000002 0.000001 -0.174128 0.102388 -0.282440
 34 0.000000 -1.940599 4.999995 -0.066572 -0.152786 -0.110311
 35 -0.289919 -0.219045 -1.693731 2.689022 1.475569 -0.743835
 36 6.384777 0.000000 -0.000002 0.706467 0.214849 -0.776031
 37 10.242682 -0.000000 -0.000003 0.000000 0.000000 -1.699550
 38 11.375560 0.000000 0.000001 2.086428 0.408454 0.631177
 39 0.728682 0.023430 1.008293 -1.627471 -0.842372 0.191441
 40 2.136494 -0.000001 -0.000000 -0.000000 -0.000000 0.898844
 41 2.313140 -0.000001 -0.000001 0.000000 0.000000 3.141593
 42 3.115507 -0.886041 0.021432 0.523248 0.008991 0.590544
 43 2.011151 -0.000001 -0.000001 0.000000 0.000000 1.951110
 44 2.141380 0.000000 0.000001 0.000000 0.000000 3.141593
 45 1.734172 -0.000001 -0.000001 -0.000000 -0.000000 0.976392
 46 0.136314 -3.738192 2.525890 1.493698 2.759406 -1.474501
 47 3.771411 0.416400 1.053532 1.765650 0.074575 0.195753
 48 11.389365 -0.000821 0.158780 1.789193 0.244768 0.291730
 49 0.000001 -4.440599 0.000001 1.570144 -3.078602 0.004040
 50 5.999999 0.000000 0.000002 1.789193 -0.000000 -0.000000
 51 0.000001 -4.440603 0.000001 1.569944 -3.078603 0.004053
 52 10.510132 0.000000 0.000001 0.000000 -0.000000 -2.420571
 53 0.000001 -1.748400 -5.000000 3.141593 0.004007 -1.539299
 54 5.500000 -0.000000 -0.000002 -0.242811 -0.000000 0.000000
 55 0.000001 -0.000001 -5.000000 -0.044472 3.137589 -0.000177
 56 6.551492 0.000001 -0.000003 0.242810 -0.010989 -0.265582
 57 -1.266844 -1.937444 -4.950559 -0.066572 -2.988806 -0.110308
 58 6.551492 0.000001 -0.000003 0.242810 -0.010989 -0.265582
 59 0.699371 -1.944209 -5.006845 -0.027189 -3.088217 0.005298
 60 4.226146 -0.003204 0.000000 0.070557 -0.084260 0.157876
 61 -0.000002 5.000002 -0.000000 -0.153564 0.000087 2.718702
 62 0.000005 -0.000004 -3.713579 0.119535 -2.936655 -0.885276
 63 -0.000001 0.000001 5.000000 3.053195 1.558589 -0.074929
 64 -0.000004 0.000005 3.713579 -0.311487 -2.845558 -0.582080
 65 -0.000001 0.000000 -5.000000 -0.088726 1.558589 3.066335
 66 7.363605 1.646646 0.495663 -3.141593 -1.570796 0.000000
 67 -0.000003 0.000005 3.619081 -0.441735 -2.434423 -1.159240
 68 16.573919 -0.000001 0.000001 -0.000000 -0.000000 -2.011748
 69 15.128181 0.000001 0.000001 0.026832 0.026147 -0.175154
 70 5.758666 4.244731 0.000000 0.000000 -0.000000 2.033309
 71 3.177726 0.000000 0.000000 0.000000 0.000000 3.141593
 72 15.708952 0.000002 0.000001 0.013957 0.013894 -0.093781
 73 0.275148 0.189215 -3.445207 3.130898 0.000409 -1.514604
 74 17.210194 -0.000002 0.000002 -0.000000 0.000000 -2.319003
 75 0.000000 -0.000000 -5.000000 -0.079433 1.546568 -1.570857
 76 0.000005 -0.000003 -3.619079 0.260448 -2.945758 -1.468642
 77 16.573919 -0.000000 0.000001 0.000000 0.000000 -1.562392
 78 15.128181 0.000001 0.000001 0.265624 -0.173430 0.666428
 79 5.758665 4.244731 0.000000 -0.000000 0.000000 1.483530
 80 4.003935 0.000000 0.000000 0.000000 0.000000 0.000000
 81 15.708953 0.000000 0.000001 0.195074 -0.100553 0.460486
 82 0.273998 0.191090 3.439762 -3.130907 -0.000437 -1.508107
 83 17.210196 -0.000001 0.000000 -0.000000 0.000000 -2.116793
 84 0.000000 -0.000000 5.000000 -0.079311 1.595025 -1.570737
time 30
  0 0.000000 0.000000 32.947224 -0.243067 0.535714 -2.432935
  1 13.773752 5.584524 -22.520977 -0.544290 0.221328 2.303921
  2 -2.276935 0.000003 -1.238186 -1.570795 -1.570451 0.000000
  3 1.796670 0.711980 -0.000977 0.309865 -0.220383 -0.222130
  4 4.119407 -0.003167 -0.000299 0.091290 0.052114 0.253395
  5 4.119042 -0.003238 -0.000281 0.086215 0.109957 0.144087
  6 4.118818 -0.003265 -0.000242 0.073885 0.067451 0.070477
  7 4.119630 -0.003354 -0.000455 0.130707 -0.167790 0.275523
  8 4.443599 -0.000003 -0.000000 0.063300 -0.091595 -0.739078
  9 9.024061 0.000001 -0.000000 0.000000 0.000000 0.000000
 10 0.289372 0.226194 1.693815 -1.075586 -1.312256 -2.407145
 11 6.384778 0.000001 0.000000 -0.604188 0.148554 -0.973917
 12 10.242682 0.000000 -0.000003 0.000000 -0.000000 -1.807216
 13 11.375561 0.000001 0.000002 -2.228154 -0.401993 0.748604
 14 0.728679 0.023431 -1.008291 1.627471 0.842372 0.191441
 15 2.136496 -0.000000 -0.000000 0.000000 -0.000000 0.898844
 16 2.313139 -0.000001 0.000000 0.000000 0.000000 0.000000
 17 3.115506 -0.886041 -0.021431 -0.523248 -0.008991 0.590544
 18 2.011148 0.000000 -0.000005 -0.000000 0.000000 1.951110
 19 2.141379 -0.000001 0.000001 0.000000 0.000000 0.000000
 20 1.734172 0.000001 -0.000002 -0.000000 -0.000000 0.976392
 21 0.000006 -4.440593 0.000002 1.570544 -0.062990 -0.195737
 22 4.112853 -0.572203 -1.309454 -1.644301 0.094718 0.119721
 23 5.999999 -0.000000 0.000001 -2.038773 0.000000 0.000000
 24 0.000001 -4.440599 -0.000002 1.569944 -0.062987 0.004053
 25 11.375560 -0.000001 0.000005 -1.850631 -0.257429 0.337511
 26 -0.000002 -4.440602 0.000001 1.570144 -0.062988 0.004040
 27 10.510130 0.000000 -0.000003 0.000000 0.000000 -2.474404
 28 -0.000000 -1.748401 5.000001 -0.000000 0.004007 1.602291
 29 5.500000 0.000000 -0.000003 0.211210 -0.000000 -0.000000
 30 -0.000002 -1.940598 4.999999 -0.044472 0.004003 -0.000180
 31 6.551492 -0.000000 -0.000000 -0.391060 0.154107 -0.611343
 32 -0.000001 -1.940597 5.000002 -0.027189 -0.053376 0.005295
 33 6.551492 -0.000000 -0.000000 -0.173534 0.102800 -0.281976
 34 -0.000000 -1.940598 4.999997 -0.066572 -0.152786 -0.110311
 35 -0.289368 -0.219123 -1.693815 2.691054 1.475334 -0.741654
 36 6.384777 -0.000001 0.000001 0.705856 0.217011 -0.778690
 37 10.242681 0.000000 -0.000001 0.000000 0.000000 -1.695457
 38 11.375560 -0.000001 -0.000003 2.086381 0.408597 0.630820
 39 0.728679 0.023430 1.008292 -1.627471 -0.842372 0.191441
 40 2.136495 -0.000001 0.000001 -0.000000 -0.000000 0.898845
 41 2.313140 -0.000001 0.000001 0.000000 0.000000 3.141593
 42 3.115505 -0.886043 0.021432 0.523248 0.008991 0.590544
 43 2.011150 -0.000001 0.000003 -0.000000 -0.000000 1.951110
 44 2.141379 -0.000000 -0.000003 0.000000 0.000000 3.141593
 45 1.734173 -0.000001 -0.000000 -0.000000 0.000000 0.976392
 46 0.136315 -3.738194 2.525889 1.493698 2.759406 -1.474501
 47 3.771409 0.416399 1.053532 1.765650 0.074575 0.195753
 48 11.389365 -0.000819 0.158781 1.789176 0.244819 0.291551
 49 0.000002 -4.440601 0.000002 1.570144 -3.078602 0.004040
 50 6.000000 0.000000 -0.000002 1.789176 -0.000000 0.000000
 51 0.000001 -4.440601 0.000000 1.569944 -3.078603 0.004053
 52 10.510131 0.000001 -0.000001 0.000000 -0.000000 -2.418525
 53 0.000000 -1.748399 -5.000002 -3.141593 0.004007 -1.539299
 54 5.500000 0.000000 -0.000000 -0.242896 -0.000000 0.000000
 55 0.000001 -0.000001 -4.999998 -0.044472 3.137590 -0.000177
 56 6.551491 -0.000001 0.000001 0.242896 -0.010601 -0.266039
 57 -1.266844 -1.937444 -4.950559 -0.066572 -2.988806 -0.110308
 58 6.551491 -0.000001 0.000001 0.242896 -0.010601 -0.266039
 59 0.699370 -1.944208 -5.006848 -0.027189 -3.088217 0.005298
 60 4.226144 -0.003201 -0.000000 0.070565 -0.084093 0.157813
 61 -0.000000 5.000002 -0.000000 -0.153564 0.000087 2.718702
 62 0.000005 -0.000004 -3.713579 0.119535 -2.936655 -0.885276
 63 -0.000001 0.000001 5.000000 3.053195 1.558589 -0.074929
 64 -0.000004 0.000005 3.713579 -0.311487 -2.845558 -0.582080
 65 -0.000001 0.000000 -5.000000 -0.088726 1.558589 3.066335
 66 7.363605 1.646646 0.495663 -3.141593 -1.570796 0.000000
 67 -0.000003 0.000005 3.619081 -0.441735 -2.434423 -1.159240
 68 16.573919 -0.000001 0.000001 -0.000000 -0.000000 -2.011748
 69 15.128181 0.000001 0.000001 0.026832 0.026147 -0.175154
 70 5.758666 4.244731 0.000000 0.000000 -0.000000 2.033309
 71 3.177726 0.000000 0.000000 0.000000 0.000000 3.141593
 72 15.708952 0.000002 0.000001 0.013957 0.013894 -0.093781
 73 0.275148 0.189215 -3.445207 3.130898 0.000409 -1.514604
 74 17.210194 -0.000002 0.000002 -0.000000 0.000000 -2.319003
 75 0.000000 -0.000000 -5.000000 -0.079433 1.546568 -1.570857
 76 0.000005 -0.000003 -3.619079 0.260448 -2.945758 -1.468642
 77 16.573919 -0.000000 0.000001 0.000000 0.000000 -1.562392
 78 15.128181 0.000001 0.000001 0.265624 -0.173430 0.666428
 79 5.758665 4.244731 0.000000 -0.000000 0.000000 1.483530
 80 4.003935 0.000000 0.000000 0.000000 0.000000 0.000000
 81 15.708953 0.000000 0.000001 0.195074 -0.100553 0.460486
 82 0.273998 0.191090 3.439762 -3.130907 -0.000437 -1.508107
 83 17.210196 -0.000001 0.000000 -0.000000 0.000000 -2.116793
 84 0.000000 -0.000000 5.000000 -0.079311 1.595025 -1.570737
end
