version 1
nodes
  0 "Bip01"  -1
  1 "Bip01 Footsteps"   0
  2 "Bip01 Pelvis"   0
  3 "Bip01 Spine"   2
  4 "Bip01 Spine1"   3
  5 "Bip01 Spine2"   4
  6 "Bip01 Spine3"   5
  7 "Bip01 Neck"   6
  8 "Bip01 Head"   7
  9 "Dummy21"   8
 10 "Bip01 L Clavicle"   7
 11 "Bip01 L UpperArm"  10
 12 "Bip01 L Forearm"  11
 13 "Bip01 L Hand"  12
 14 "Bip01 L Finger0"  13
 15 "Bip01 L Finger01"  14
 16 "Dummy06"  15
 17 "Bip01 L Finger1"  13
 18 "Bip01 L Finger11"  17
 19 "Dummy03"  18
 20 "-- L knuckle"  17
 21 "-- L knuckle_end"  20
 22 "-- L Forearm twist"  12
 23 "-- L Forearm twist_end"  22
 24 "-- L wrist"  12
 25 "-- L wrist_end"  24
 26 "-- L Elbow"  11
 27 "--L Elbow_end"  26
 28 "-- L bicep twist"  11
 29 "-- L bicep twist_end"  28
 30 "-- L shoulder outside"  10
 31 "-- L shoulder outside_end"  30
 32 "-- L Shoulder inside"  10
 33 "-- L Shoulder inside_end"  32
 34 "Bip01 R Clavicle"   7
 35 "Bip01 R UpperArm"  34
 36 "Bip01 R Forearm"  35
 37 "Bip01 R Hand"  36
 38 "Bip01 R Finger0"  37
 39 "Bip01 R Finger01"  38
 40 "Dummy01"  39
 41 "Bip01 R Finger1"  37
 42 "Bip01 R Finger11"  41
 43 "Dummy02"  42
 44 "-- R knuckle"  41
 45 "Point06"  44
 46 "Cylinder01"  37
 47 "-- R wrist"  36
 48 "-- R wrist_end"  47
 49 "-- R forearm twist"  36
 50 "-- R forearm twist_end"  49
 51 "-- R Elbow"  35
 52 "--R Elbow_end"  51
 53 "-- R bicep twist"  35
 54 "-- R bicep twist_end"  53
 55 "-- R Shoulder inside"  34
 56 "-- R Shoulder inside_end"  55
 57 "-- R shoulder outside"  34
 58 "-- R shoulder outside_end"  57
 59 "-- Neck smooth"   6
 60 "-- neck smooth end"  59
 61 "-- R Butt"   2
 62 "--R Butt_end"  61
 63 "-- L butt"   2
 64 "--L butt_end"  63
 65 "GIGN01"   2
 66 "Bip01 L Thigh"   2
 67 "Bip01 L Calf"  66
 68 "Bip01 L Foot"  67
 69 "Bip01 L Toe0"  68
 70 "Dummy16"  69
 71 "-- L ankle"  67
 72 "-- L ankleend"  71
 73 "-- L Knee"  66
 74 "--L Knee_end"  73
 75 "Bip01 R Thigh"   2
 76 "Bip01 R Calf"  75
 77 "Bip01 R Foot"  76
 78 "Bip01 R Toe0"  77
 79 "Dummy11"  78
 80 "-- R Ankle"  76
 81 "-- R ankleend"  80
 82 "-- R Knee"  75
 83 "--R Knee_end"  82
end
skeleton
time 0
  0 1.130557 9.712686 27.009436 -0.281436 0.436358 -2.443536
  1 11.368429 6.770639 -23.418964 -0.498313 0.132926 2.346876
  2 -2.276933 0.000003 -1.238186 -1.570795 -1.570451 0.000000
  3 1.796997 0.712108 0.001391 -0.441019 0.105753 -0.099011
  4 4.118603 -0.003272 0.000228 -0.070181 0.121935 -0.008483
  5 4.118606 -0.003272 0.000230 -0.070181 0.121937 -0.008456
  6 4.118599 -0.003271 0.000228 -0.070116 0.113224 -0.007955
  7 4.120611 -0.002910 -0.000103 0.029148 -0.008690 0.604347
  8 4.443599 -0.000001 -0.000001 1.272226 -0.773946 -0.395772
  9 9.024060 -0.000001 -0.000001 0.000000 0.000000 0.000000
 10 0.015057 0.054029 1.731919 -0.232790 -1.275997 2.760178
 11 6.384776 0.000000 0.000002 -0.439870 0.289125 0.957406
 12 10.242682 0.000001 0.000001 -0.000000 -0.000000 -2.110313
 13 11.375562 0.000000 0.000004 -0.895275 0.306469 0.157725
 14 0.728681 0.023433 -1.008293 1.705251 0.347372 0.567022
 15 2.136496 -0.000000 0.000001 -0.000000 0.000000 0.287979
 16 2.313139 0.000001 -0.000000 0.000000 0.000000 0.000000
 17 3.115506 -0.886039 -0.021432 -0.000782 0.000152 0.191986
 18 2.011151 0.000001 0.000001 -0.000000 0.000000 0.659566
 19 2.141381 0.000001 0.000000 0.000000 0.000000 0.000000
 20 1.734172 0.000003 -0.000000 0.000000 0.000000 0.330185
 21 0.000007 -4.440590 -0.000001 1.570544 -0.062990 -0.195737
 22 5.999999 0.000000 -0.000000 -1.062736 0.000000 -0.000000
 23 0.000002 -4.440603 0.000000 1.569944 -0.062987 0.004053
 24 11.375561 -0.000000 0.000004 -1.242062 0.182654 0.056651
 25 -0.000001 -4.440602 0.000000 1.570144 -0.062988 0.004040
 26 10.510129 0.000001 0.000000 -0.000000 -0.000000 -2.625953
 27 0.000000 -1.748400 5.000000 0.000000 0.004007 1.602290
 28 5.499998 0.000000 0.000002 0.208255 -0.000000 0.000000
 29 -0.000002 -1.940599 5.000001 -0.044472 0.004003 -0.000180
 30 6.551492 -0.000000 -0.000002 -0.351353 0.107826 0.597417
 31 -0.000000 -1.940598 5.000002 -0.027189 -0.053376 0.005295
 32 6.551492 -0.000000 -0.000002 -0.174781 0.025248 0.288355
 33 0.000000 -1.940599 4.999993 -0.066572 -0.152786 -0.110311
 34 -0.015053 -0.046955 -1.731920 -1.251801 2.269671 1.365671
 35 6.384776 0.000000 0.000001 1.254202 -0.269566 -0.996748
 36 10.242682 0.000001 -0.000001 0.000000 0.000000 -1.506291
 37 11.375559 -0.000001 -0.000001 2.445803 1.086070 0.492952
 38 0.728681 0.023430 1.008291 -1.705251 -0.347372 0.567022
 39 2.136497 0.000001 0.000000 -0.000000 -0.000000 0.287979
 40 2.313138 0.000000 -0.000001 0.000000 0.000000 3.141593
 41 3.115507 -0.886041 0.021432 0.253529 0.012992 0.141301
 42 2.011152 0.000000 0.000000 -0.000000 -0.000000 1.532231
 43 2.141379 -0.000001 -0.000000 0.000000 0.000000 3.141593
 44 1.734173 -0.000001 -0.000000 -0.000000 0.000000 0.765986
 45 0.136315 -3.738194 2.525890 1.493698 2.759406 -1.474501
 46 3.726727 -0.053314 2.419486 -0.262762 2.898943 1.398576
 47 11.389365 -0.000821 0.158780 1.858403 0.566319 0.049050
 48 -0.000003 -4.440599 0.000000 1.570144 -3.078602 0.004040
 49 5.999999 -0.000001 -0.000001 1.858402 -0.000000 0.000000
 50 -0.000000 -4.440601 -0.000001 1.569944 -3.078603 0.004053
 51 10.510130 0.000001 0.000000 0.000000 -0.000000 -2.323942
 52 -0.000001 -1.748399 -5.000000 -3.141593 0.004007 -1.539299
 53 5.499999 0.000000 -0.000001 -0.347297 0.000000 -0.000000
 54 0.000000 0.000001 -4.999998 -0.044472 3.137589 -0.000177
 55 6.551490 -0.000000 0.000001 0.347297 -0.181473 -0.228274
 56 -1.266843 -1.937444 -4.950560 -0.066572 -2.988806 -0.110308
 57 6.551490 -0.000000 0.000001 0.347297 -0.181473 -0.228274
 58 0.699371 -1.944208 -5.006848 -0.027189 -3.088217 0.005298
 59 4.226144 -0.003201 -0.000000 0.015193 -0.002204 0.314335
 60 0.000001 5.000000 0.000001 -0.153564 0.000087 2.718702
 61 0.000005 -0.000005 -3.713579 0.095503 -3.012510 -0.750673
 62 0.000001 0.000000 5.000000 3.053197 1.558589 -0.074927
 63 -0.000006 0.000005 3.713580 -0.334411 -2.825096 -0.524885
 64 -0.000001 -0.000000 -5.000000 -0.088728 1.558589 3.066333
 65 7.363604 1.646646 0.495662 -3.141593 -1.570796 0.000000
 66 -0.000006 0.000005 3.619081 -0.528285 -2.367383 -1.007256
 67 16.573921 -0.000001 0.000002 -0.000000 0.000000 -2.019199
 68 15.128181 0.000000 -0.000003 0.031619 0.086785 -0.033197
 69 5.758666 4.244731 0.000000 0.000000 -0.000000 2.033309
 70 3.177726 0.000001 -0.000000 0.000000 0.000000 3.141593
 71 15.708951 0.000002 -0.000004 0.016155 0.048356 -0.018185
 72 0.275149 0.189215 -3.445208 3.130898 0.000409 -1.514604
 73 17.210190 -0.000001 0.000002 0.000000 -0.000000 -2.322356
 74 0.000001 -0.000000 -5.000000 -0.079433 1.546568 -1.570859
 75 0.000007 -0.000005 -3.619080 0.196495 -3.011952 -1.279118
 76 16.573921 -0.000001 0.000000 -0.000000 -0.000000 -1.611348
 77 15.128181 -0.000000 0.000000 0.214418 -0.027533 0.774389
 78 5.758665 4.244731 -0.000001 -0.000000 -0.000000 1.483530
 79 4.003934 0.000000 0.000000 0.000000 0.000000 0.000000
 80 15.708954 0.000000 0.000001 0.153371 0.002792 0.528179
 81 0.273998 0.191089 3.439761 -3.130907 -0.000437 -1.508107
 82 17.210192 -0.000001 0.000000 0.000000 -0.000000 -2.138823
 83 0.000001 0.000001 5.000000 -0.079311 1.595025 -1.570737
time 1
  0 1.130557 9.712686 27.009436 -0.281436 0.436358 -2.443536
  1 11.368429 6.770639 -23.418964 -0.498313 0.132926 2.346876
  2 -2.276933 0.000003 -1.238186 -1.570795 -1.570451 0.000000
  3 1.796930 0.712089 0.001341 -0.424055 0.100118 -0.116932
  4 4.118613 -0.003274 0.000191 -0.058875 0.122599 -0.004069
  5 4.118613 -0.003274 0.000192 -0.058978 0.124852 -0.003877
  6 4.118614 -0.003273 0.000192 -0.058836 0.114045 -0.003613
  7 4.120378 -0.003061 -0.000110 0.031153 -0.001407 0.524985
  8 4.443598 -0.000001 -0.000000 1.186744 -0.782146 -0.264419
  9 9.024062 -0.000002 -0.000000 0.000000 0.000000 0.000000
 10 0.002438 0.057503 1.731878 -0.438166 -1.222660 3.032968
 11 6.384776 -0.000000 -0.000001 -0.332152 0.300202 1.123959
 12 10.242682 0.000002 -0.000004 0.000000 -0.000000 -2.149392
 13 11.375561 -0.000002 0.000003 -0.895275 0.306469 0.157725
 14 0.728681 0.023430 -1.008293 1.705251 0.347372 0.567022
 15 2.136498 -0.000000 0.000001 0.000000 0.000000 0.287979
 16 2.313138 -0.000000 0.000001 0.000000 0.000000 0.000000
 17 3.115507 -0.886044 -0.021430 -0.000782 0.000152 0.191986
 18 2.011151 0.000000 0.000000 0.000000 -0.000000 0.659566
 19 2.141379 -0.000000 -0.000000 0.000000 0.000000 0.000000
 20 1.734173 0.000002 0.000000 0.000000 -0.000000 0.330185
 21 0.000006 -4.440593 0.000001 1.570544 -0.062990 -0.195737
 22 6.000000 0.000000 -0.000000 -1.062736 0.000000 -0.000000
 23 0.000001 -4.440600 0.000000 1.569944 -0.062987 0.004053
 24 11.375562 -0.000000 0.000004 -1.242062 0.182654 0.056650
 25 -0.000001 -4.440604 -0.000000 1.570144 -0.062988 0.004040
 26 10.510130 0.000001 -0.000004 0.000000 0.000000 -2.645492
 27 0.000001 -1.748400 5.000000 0.000000 0.004007 1.602291
 28 5.500000 0.000001 -0.000001 0.183653 0.000000 0.000000
 29 -0.000002 -1.940598 4.999999 -0.044472 0.004003 -0.000180
 30 6.551490 -0.000000 -0.000000 -0.306597 0.120146 0.656064
 31 -0.000001 -1.940599 5.000003 -0.027189 -0.053376 0.005295
 32 6.551490 -0.000000 -0.000000 -0.154249 0.031999 0.313918
 33 -0.000001 -1.940599 4.999997 -0.066572 -0.152786 -0.110311
 34 -0.002437 -0.050427 -1.731879 -1.189750 2.197345 1.495129
 35 6.384776 -0.000000 -0.000000 1.448597 -0.110608 -1.224604
 36 10.242680 0.000001 0.000002 -0.000000 -0.000000 -1.497239
 37 11.375563 -0.000001 -0.000001 2.301619 1.047297 0.311334
 38 0.728680 0.023431 1.008292 -1.705251 -0.347372 0.567022
 39 2.136501 -0.000000 -0.000000 -0.000000 -0.000000 0.287979
 40 2.313136 0.000001 0.000000 0.000000 0.000000 3.141593
 41 3.115505 -0.886042 0.021432 0.253529 0.012992 0.141302
 42 2.011150 -0.000000 0.000000 -0.000000 -0.000000 1.532231
 43 2.141380 -0.000000 0.000000 0.000000 0.000000 3.141593
 44 1.734173 -0.000001 -0.000000 -0.000000 0.000000 0.765986
 45 0.136315 -3.738193 2.525891 1.493698 2.759406 -1.474501
 46 3.726728 -0.053311 2.419487 -0.262762 2.898943 1.398576
 47 11.389367 -0.000820 0.158781 1.837296 0.533668 0.008313
 48 -0.000000 -4.440600 -0.000001 1.570144 -3.078602 0.004040
 49 5.999999 0.000001 -0.000000 1.837296 -0.000000 -0.000000
 50 0.000001 -4.440602 0.000001 1.569944 -3.078603 0.004053
 51 10.510129 -0.000001 0.000003 0.000000 -0.000000 -2.319416
 52 -0.000000 -1.748399 -5.000002 3.141593 0.004007 -1.539299
 53 5.499999 0.000001 0.000002 -0.396498 0.000000 -0.000000
 54 -0.000000 0.000001 -4.999997 -0.044472 3.137589 -0.000177
 55 6.551490 -0.000001 0.000000 0.396498 -0.181844 -0.266255
 56 -1.266843 -1.937443 -4.950561 -0.066572 -2.988806 -0.110308
 57 6.551490 -0.000000 0.000000 0.396498 -0.181844 -0.266255
 58 0.699371 -1.944208 -5.006848 -0.027189 -3.088217 0.005298
 59 4.226148 -0.003202 0.000000 0.015704 0.001316 0.278670
 60 -0.000000 5.000000 0.000000 -0.153564 0.000087 2.718702
 61 0.000005 -0.000005 -3.713579 0.095503 -3.012510 -0.750673
 62 0.000001 0.000000 5.000000 3.053197 1.558589 -0.074927
 63 -0.000006 0.000005 3.713580 -0.334411 -2.825096 -0.524885
 64 -0.000001 -0.000000 -5.000000 -0.088728 1.558589 3.066333
 65 7.363604 1.646646 0.495662 -3.141593 -1.570796 0.000000
 66 -0.000006 0.000005 3.619081 -0.528285 -2.367383 -1.007256
 67 16.573921 -0.000001 0.000002 -0.000000 0.000000 -2.019199
 68 15.128181 0.000000 -0.000003 0.031619 0.086785 -0.033197
 69 5.758666 4.244731 0.000000 0.000000 -0.000000 2.033309
 70 3.177726 0.000001 -0.000000 0.000000 0.000000 3.141593
 71 15.708951 0.000002 -0.000004 0.016155 0.048356 -0.018185
 72 0.275149 0.189215 -3.445208 3.130898 0.000409 -1.514604
 73 17.210190 -0.000001 0.000002 0.000000 -0.000000 -2.322356
 74 0.000001 -0.000000 -5.000000 -0.079433 1.546568 -1.570859
 75 0.000007 -0.000005 -3.619080 0.196495 -3.011952 -1.279118
 76 16.573921 -0.000001 0.000000 -0.000000 -0.000000 -1.611348
 77 15.128181 -0.000000 0.000000 0.214418 -0.027533 0.774389
 78 5.758665 4.244731 -0.000001 -0.000000 -0.000000 1.483530
 79 4.003934 0.000000 0.000000 0.000000 0.000000 0.000000
 80 15.708954 0.000000 0.000001 0.153371 0.002792 0.528179
 81 0.273998 0.191089 3.439761 -3.130907 -0.000437 -1.508107
 82 17.210192 -0.000001 0.000000 0.000000 -0.000000 -2.138823
 83 0.000001 0.000001 5.000000 -0.079311 1.595025 -1.570737
time 2
  0 1.130557 9.712686 27.009436 -0.281436 0.436358 -2.443536
  1 11.368429 6.770639 -23.418964 -0.498313 0.132926 2.346876
  2 -2.276933 0.000003 -1.238186 -1.570795 -1.570451 0.000000
  3 1.796881 0.712033 0.001198 -0.375516 0.059253 -0.109622
  4 4.118643 -0.003279 0.000085 -0.025572 0.124847 0.008978
  5 4.118645 -0.003277 0.000085 -0.025904 0.133970 0.009824
  6 4.118646 -0.003279 0.000084 -0.025605 0.116746 0.009230
  7 4.120107 -0.003198 -0.000116 0.032666 0.009202 0.440859
  8 4.443598 0.000001 -0.000000 1.006004 -0.727529 -0.115866
  9 9.024062 -0.000000 -0.000000 0.000000 0.000000 0.000000
 10 -0.015945 0.060123 1.731723 -0.597126 -1.151479 -3.021839
 11 6.384776 0.000000 -0.000001 -0.250703 0.286553 1.208329
 12 10.242681 0.000001 0.000001 -0.000000 0.000000 -2.209821
 13 11.375561 -0.000001 0.000002 -0.895275 0.306469 0.157725
 14 0.728681 0.023432 -1.008293 1.705251 0.347372 0.567022
 15 2.136497 -0.000001 -0.000000 0.000000 0.000000 0.287979
 16 2.313138 0.000001 0.000000 0.000000 0.000000 0.000000
 17 3.115507 -0.886042 -0.021432 -0.000782 0.000152 0.191986
 18 2.011150 -0.000000 -0.000000 0.000000 -0.000000 0.659566
 19 2.141380 -0.000001 -0.000001 0.000000 0.000000 0.000000
 20 1.734172 0.000000 0.000000 0.000000 -0.000000 0.330185
 21 0.000006 -4.440592 -0.000001 1.570544 -0.062990 -0.195737
 22 6.000000 -0.000001 0.000001 -1.062736 0.000000 0.000000
 23 0.000001 -4.440601 -0.000000 1.569944 -0.062987 0.004053
 24 11.375562 -0.000001 0.000002 -1.242062 0.182654 0.056651
 25 -0.000001 -4.440603 0.000001 1.570144 -0.062988 0.004040
 26 10.510131 0.000001 -0.000001 0.000000 -0.000000 -2.675707
 27 0.000000 -1.748401 5.000000 0.000000 0.004007 1.602291
 28 5.499999 0.000001 0.000002 0.156251 -0.000000 -0.000000
 29 -0.000001 -1.940599 4.999997 -0.044472 0.004003 -0.000180
 30 6.551490 0.000001 0.000000 -0.257065 0.126191 0.689626
 31 0.000000 -1.940598 5.000004 -0.027189 -0.053376 0.005295
 32 6.551490 0.000001 0.000000 -0.131548 0.037767 0.328361
 33 -0.000000 -1.940599 4.999993 -0.066572 -0.152786 -0.110311
 34 0.015950 -0.053048 -1.731723 2.042074 1.021757 -1.485233
 35 6.384776 0.000000 0.000001 1.639063 0.129229 -1.347477
 36 10.242680 -0.000002 0.000002 -0.000000 -0.000000 -1.492976
 37 11.375562 0.000000 0.000000 2.166447 0.989003 0.133684
 38 0.728684 0.023430 1.008291 -1.705251 -0.347372 0.567022
 39 2.136497 -0.000000 0.000001 0.000000 0.000000 0.287979
 40 2.313140 0.000001 -0.000001 0.000000 0.000000 3.141593
 41 3.115508 -0.886042 0.021432 0.253529 0.012992 0.141302
 42 2.011148 -0.000001 0.000001 0.000000 0.000000 1.532231
 43 2.141380 -0.000001 -0.000000 0.000000 0.000000 3.141593
 44 1.734171 -0.000003 -0.000000 0.000000 -0.000000 0.765986
 45 0.136313 -3.738192 2.525892 1.493698 2.759406 -1.474501
 46 3.726729 -0.053312 2.419487 -0.262762 2.898943 1.398576
 47 11.389366 -0.000818 0.158782 1.814716 0.495999 -0.035563
 48 0.000002 -4.440598 0.000000 1.570144 -3.078602 0.004040
 49 6.000000 0.000000 -0.000001 1.814716 -0.000000 0.000000
 50 0.000002 -4.440599 0.000001 1.569944 -3.078603 0.004053
 51 10.510130 -0.000003 0.000001 -0.000000 0.000000 -2.317285
 52 -0.000001 -1.748398 -5.000001 -3.141593 0.004007 -1.539299
 53 5.499999 -0.000000 0.000001 -0.445562 0.000000 0.000000
 54 -0.000001 -0.000001 -5.000000 -0.044472 3.137589 -0.000177
 55 6.551491 0.000001 -0.000002 0.445562 -0.178628 -0.288963
 56 -1.266842 -1.937443 -4.950559 -0.066572 -2.988806 -0.110308
 57 6.551492 0.000001 -0.000001 0.445562 -0.178628 -0.288963
 58 0.699370 -1.944208 -5.006845 -0.027189 -3.088217 0.005298
 59 4.226146 -0.003201 -0.000000 0.015985 0.006544 0.239334
 60 0.000001 5.000000 0.000000 -0.153564 0.000087 2.718702
 61 0.000005 -0.000005 -3.713579 0.095503 -3.012510 -0.750673
 62 0.000001 0.000000 5.000000 3.053197 1.558589 -0.074927
 63 -0.000006 0.000005 3.713580 -0.334411 -2.825096 -0.524885
 64 -0.000001 -0.000000 -5.000000 -0.088728 1.558589 3.066333
 65 7.363604 1.646646 0.495662 -3.141593 -1.570796 0.000000
 66 -0.000006 0.000005 3.619081 -0.528285 -2.367383 -1.007256
 67 16.573921 -0.000001 0.000002 -0.000000 0.000000 -2.019199
 68 15.128181 0.000000 -0.000003 0.031619 0.086785 -0.033197
 69 5.758666 4.244731 0.000000 0.000000 -0.000000 2.033309
 70 3.177726 0.000001 -0.000000 0.000000 0.000000 3.141593
 71 15.708951 0.000002 -0.000004 0.016155 0.048356 -0.018185
 72 0.275149 0.189215 -3.445208 3.130898 0.000409 -1.514604
 73 17.210190 -0.000001 0.000002 0.000000 -0.000000 -2.322356
 74 0.000001 -0.000000 -5.000000 -0.079433 1.546568 -1.570859
 75 0.000007 -0.000005 -3.619080 0.196495 -3.011952 -1.279118
 76 16.573921 -0.000001 0.000000 -0.000000 -0.000000 -1.611348
 77 15.128181 -0.000000 0.000000 0.214418 -0.027533 0.774389
 78 5.758665 4.244731 -0.000001 -0.000000 -0.000000 1.483530
 79 4.003934 0.000000 0.000000 0.000000 0.000000 0.000000
 80 15.708954 0.000000 0.000001 0.153371 0.002792 0.528179
 81 0.273998 0.191089 3.439761 -3.130907 -0.000437 -1.508107
 82 17.210192 -0.000001 0.000000 0.000000 -0.000000 -2.138823
 83 0.000001 0.000001 5.000000 -0.079311 1.595025 -1.570737
time 3
  0 1.130557 9.712686 27.009436 -0.281436 0.436358 -2.443536
  1 11.368429 6.770639 -23.418964 -0.498313 0.132926 2.346876
  2 -2.276933 0.000003 -1.238186 -1.570795 -1.570451 0.000000
  3 1.796866 0.711956 0.000978 -0.303323 -0.010403 -0.085502
  4 4.118688 -0.003277 -0.000082 0.025257 0.128345 0.029032
  5 4.118693 -0.003276 -0.000079 0.024819 0.148288 0.031376
  6 4.118689 -0.003278 -0.000081 0.025128 0.120925 0.029002
  7 4.119871 -0.003304 -0.000119 0.033756 0.013392 0.366284
  8 4.443597 0.000002 0.000000 0.785652 -0.619089 -0.008786
  9 9.024059 0.000000 -0.000000 0.000000 0.000000 0.000000
 10 -0.023207 0.062009 1.731578 -0.714037 -1.080424 -2.847451
 11 6.384776 0.000001 0.000000 -0.191049 0.275496 1.212369
 12 10.242682 0.000000 -0.000000 -0.000000 0.000000 -2.270250
 13 11.375560 -0.000001 -0.000002 -0.895275 0.306469 0.157725
 14 0.728681 0.023430 -1.008293 1.705251 0.347372 0.567022
 15 2.136494 0.000001 0.000002 0.000000 -0.000000 0.287979
 16 2.313141 -0.000002 -0.000001 0.000000 0.000000 0.000000
 17 3.115507 -0.886041 -0.021434 -0.000782 0.000152 0.191986
 18 2.011151 0.000001 -0.000001 0.000000 -0.000000 0.659566
 19 2.141380 -0.000000 -0.000001 0.000000 0.000000 0.000000
 20 1.734173 0.000002 -0.000001 0.000000 0.000000 0.330185
 21 0.000006 -4.440594 -0.000001 1.570544 -0.062990 -0.195737
 22 5.999999 -0.000001 0.000000 -1.062736 -0.000000 0.000000
 23 0.000001 -4.440603 -0.000000 1.569944 -0.062987 0.004053
 24 11.375560 -0.000002 0.000002 -1.242062 0.182654 0.056650
 25 -0.000001 -4.440604 -0.000001 1.570144 -0.062988 0.004040
 26 10.510130 0.000001 -0.000002 -0.000000 0.000000 -2.705921
 27 -0.000000 -1.748400 5.000000 -0.000000 0.004007 1.602290
 28 5.500000 0.000000 -0.000003 0.126993 -0.000000 -0.000000
 29 -0.000001 -1.940598 5.000000 -0.044472 0.004003 -0.000180
 30 6.551491 0.000000 -0.000001 -0.203822 0.134851 0.684214
 31 0.000000 -1.940599 5.000000 -0.027189 -0.053376 0.005295
 32 6.551491 0.000000 -0.000001 -0.107545 0.046791 0.326551
 33 -0.000001 -1.940599 4.999999 -0.066572 -0.152786 -0.110311
 34 0.023204 -0.054927 -1.731579 2.156251 1.102849 -1.308396
 35 6.384776 0.000001 -0.000002 1.700968 0.436903 -1.282073
 36 10.242680 0.000000 0.000001 -0.000000 -0.000000 -1.371751
 37 11.375559 0.000000 0.000002 2.133835 0.967778 0.055607
 38 0.728680 0.023432 1.008293 -1.705251 -0.347372 0.567022
 39 2.136496 -0.000001 -0.000000 -0.000000 -0.000000 0.287979
 40 2.313140 -0.000000 0.000000 0.000000 0.000000 3.141593
 41 3.115505 -0.886041 0.021432 0.253529 0.012992 0.141301
 42 2.011150 0.000001 0.000001 -0.000000 -0.000000 1.532231
 43 2.141380 -0.000002 0.000001 0.000000 0.000000 3.141593
 44 1.734170 -0.000001 0.000001 -0.000000 -0.000000 0.765986
 45 0.136315 -3.738193 2.525889 1.493698 2.759406 -1.474501
 46 3.726726 -0.053311 2.419487 -0.262762 2.898943 1.398576
 47 11.389365 -0.000819 0.158783 1.813303 0.482901 -0.061284
 48 -0.000003 -4.440599 0.000001 1.570144 -3.078602 0.004040
 49 6.000000 -0.000000 0.000001 1.813302 -0.000000 0.000000
 50 0.000001 -4.440600 -0.000000 1.569944 -3.078603 0.004053
 51 10.510131 0.000001 0.000002 0.000000 -0.000000 -2.256672
 52 0.000000 -1.748399 -5.000000 -3.141593 0.004007 -1.539299
 53 5.500000 0.000000 0.000000 -0.456720 -0.000000 0.000000
 54 -0.000000 -0.000001 -5.000000 -0.044472 3.137589 -0.000177
 55 6.551490 0.000001 -0.000000 0.456720 -0.114433 -0.294389
 56 -1.266844 -1.937443 -4.950559 -0.066572 -2.988806 -0.110308
 57 6.551490 0.000001 -0.000000 0.456720 -0.114433 -0.294389
 58 0.699369 -1.944208 -5.006845 -0.027189 -3.088217 0.005298
 59 4.226144 -0.003201 0.000000 0.016505 0.008518 0.202849
 60 0.000000 5.000001 -0.000000 -0.153564 0.000087 2.718702
 61 0.000005 -0.000005 -3.713579 0.095503 -3.012510 -0.750673
 62 0.000001 0.000000 5.000000 3.053197 1.558589 -0.074927
 63 -0.000006 0.000005 3.713580 -0.334411 -2.825096 -0.524885
 64 -0.000001 -0.000000 -5.000000 -0.088728 1.558589 3.066333
 65 7.363604 1.646646 0.495662 -3.141593 -1.570796 0.000000
 66 -0.000006 0.000005 3.619081 -0.528285 -2.367383 -1.007256
 67 16.573921 -0.000001 0.000002 -0.000000 0.000000 -2.019199
 68 15.128181 0.000000 -0.000003 0.031619 0.086785 -0.033197
 69 5.758666 4.244731 0.000000 0.000000 -0.000000 2.033309
 70 3.177726 0.000001 -0.000000 0.000000 0.000000 3.141593
 71 15.708951 0.000002 -0.000004 0.016155 0.048356 -0.018185
 72 0.275149 0.189215 -3.445208 3.130898 0.000409 -1.514604
 73 17.210190 -0.000001 0.000002 0.000000 -0.000000 -2.322356
 74 0.000001 -0.000000 -5.000000 -0.079433 1.546568 -1.570859
 75 0.000007 -0.000005 -3.619080 0.196495 -3.011952 -1.279118
 76 16.573921 -0.000001 0.000000 -0.000000 -0.000000 -1.611348
 77 15.128181 -0.000000 0.000000 0.214418 -0.027533 0.774389
 78 5.758665 4.244731 -0.000001 -0.000000 -0.000000 1.483530
 79 4.003934 0.000000 0.000000 0.000000 0.000000 0.000000
 80 15.708954 0.000000 0.000001 0.153371 0.002792 0.528179
 81 0.273998 0.191089 3.439761 -3.130907 -0.000437 -1.508107
 82 17.210192 -0.000001 0.000000 0.000000 -0.000000 -2.138823
 83 0.000001 0.000001 5.000000 -0.079311 1.595025 -1.570737
time 4
  0 1.130557 9.712686 27.009436 -0.281436 0.436358 -2.443536
  1 11.368429 6.770639 -23.418964 -0.498313 0.132926 2.346876
  2 -2.276933 0.000003 -1.238186 -1.570795 -1.570451 0.000000
  3 1.796890 0.711884 0.000720 -0.222937 -0.090600 -0.059089
  4 4.118735 -0.003265 -0.000268 0.082547 0.131238 0.051799
  5 4.118747 -0.003266 -0.000266 0.082386 0.163324 0.056547
  6 4.118735 -0.003265 -0.000267 0.082327 0.124596 0.051494
  7 4.119701 -0.003362 -0.000125 0.035467 0.001542 0.315588
  8 4.443600 -0.000001 0.000000 0.582628 -0.492533 0.025638
  9 9.024062 -0.000001 -0.000000 0.000000 0.000000 0.000000
 10 -0.002674 0.064976 1.731629 -0.808356 -1.026213 -2.722342
 11 6.384776 0.000001 0.000002 -0.135031 0.280562 1.170885
 12 10.242682 -0.000000 0.000001 -0.000000 -0.000000 -2.309329
 13 11.375560 -0.000000 0.000000 -0.895275 0.306469 0.157725
 14 0.728680 0.023430 -1.008293 1.705251 0.347372 0.567022
 15 2.136498 -0.000000 0.000000 0.000000 0.000000 0.287979
 16 2.313140 -0.000002 -0.000001 0.000000 0.000000 0.000000
 17 3.115506 -0.886040 -0.021433 -0.000782 0.000152 0.191986
 18 2.011151 -0.000001 -0.000000 -0.000000 -0.000000 0.659566
 19 2.141377 0.000000 0.000001 0.000000 0.000000 0.000000
 20 1.734172 -0.000000 0.000001 -0.000000 0.000000 0.330185
 21 0.000005 -4.440593 -0.000001 1.570544 -0.062990 -0.195737
 22 5.999999 -0.000001 0.000002 -1.062736 -0.000000 -0.000000
 23 0.000002 -4.440601 -0.000001 1.569944 -0.062987 0.004053
 24 11.375560 -0.000002 0.000004 -1.242062 0.182654 0.056651
 25 -0.000001 -4.440606 -0.000000 1.570144 -0.062988 0.004040
 26 10.510130 -0.000000 0.000000 0.000000 0.000000 -2.725461
 27 -0.000000 -1.748401 5.000000 -0.000000 0.004007 1.602290
 28 5.500000 -0.000000 -0.000002 0.097119 -0.000000 -0.000000
 29 -0.000002 -1.940597 5.000002 -0.044472 0.004003 -0.000180
 30 6.551491 0.000000 -0.000000 -0.148464 0.156322 0.657723
 31 -0.000000 -1.940598 5.000002 -0.027189 -0.053376 0.005295
 32 6.551491 0.000000 -0.000001 -0.083162 0.062584 0.315455
 33 -0.000001 -1.940599 4.999999 -0.066572 -0.152786 -0.110311
 34 0.002676 -0.057899 -1.731629 2.299857 1.192570 -1.124929
 35 6.384776 -0.000001 -0.000000 1.558538 0.633756 -1.133924
 36 10.242682 -0.000000 0.000002 -0.000000 0.000000 -1.220416
 37 11.375561 -0.000000 -0.000001 2.288290 1.055918 0.176022
 38 0.728681 0.023432 1.008291 -1.705251 -0.347372 0.567022
 39 2.136501 0.000002 -0.000000 -0.000000 0.000000 0.287979
 40 2.313136 -0.000001 0.000000 0.000000 0.000000 3.141593
 41 3.115508 -0.886039 0.021431 0.253529 0.012992 0.141301
 42 2.011149 -0.000000 -0.000000 -0.000000 0.000000 1.532231
 43 2.141380 -0.000003 -0.000000 0.000000 0.000000 3.141593
 44 1.734170 -0.000001 0.000001 0.000000 0.000000 0.765986
 45 0.136318 -3.738193 2.525888 1.493698 2.759406 -1.474501
 46 3.726729 -0.053310 2.419486 -0.262762 2.898943 1.398576
 47 11.389366 -0.000819 0.158780 1.851564 0.531182 -0.045622
 48 0.000004 -4.440599 -0.000000 1.570144 -3.078602 0.004040
 49 5.999998 0.000001 -0.000000 1.851564 0.000000 0.000000
 50 0.000003 -4.440600 -0.000000 1.569944 -3.078603 0.004053
 51 10.510132 -0.000000 0.000002 -0.000000 -0.000000 -2.181004
 52 0.000001 -1.748397 -5.000000 -3.141593 0.004007 -1.539299
 53 5.500001 0.000000 0.000001 -0.439576 -0.000000 -0.000000
 54 -0.000000 -0.000002 -5.000002 -0.044472 3.137589 -0.000177
 55 6.551490 -0.000001 -0.000000 0.439576 -0.009219 -0.320325
 56 -1.266842 -1.937444 -4.950557 -0.066572 -2.988806 -0.110308
 57 6.551491 -0.000001 -0.000000 0.439576 -0.009219 -0.320325
 58 0.699371 -1.944208 -5.006845 -0.027189 -3.088217 0.005298
 59 4.226147 -0.003201 0.000000 0.017867 0.002179 0.177126
 60 -0.000002 5.000000 -0.000000 -0.153564 0.000087 2.718702
 61 0.000005 -0.000005 -3.713579 0.095503 -3.012510 -0.750673
 62 0.000001 0.000000 5.000000 3.053197 1.558589 -0.074927
 63 -0.000006 0.000005 3.713580 -0.334411 -2.825096 -0.524885
 64 -0.000001 -0.000000 -5.000000 -0.088728 1.558589 3.066333
 65 7.363604 1.646646 0.495662 -3.141593 -1.570796 0.000000
 66 -0.000006 0.000005 3.619081 -0.528285 -2.367383 -1.007256
 67 16.573921 -0.000001 0.000002 -0.000000 0.000000 -2.019199
 68 15.128181 0.000000 -0.000003 0.031619 0.086785 -0.033197
 69 5.758666 4.244731 0.000000 0.000000 -0.000000 2.033309
 70 3.177726 0.000001 -0.000000 0.000000 0.000000 3.141593
 71 15.708951 0.000002 -0.000004 0.016155 0.048356 -0.018185
 72 0.275149 0.189215 -3.445208 3.130898 0.000409 -1.514604
 73 17.210190 -0.000001 0.000002 0.000000 -0.000000 -2.322356
 74 0.000001 -0.000000 -5.000000 -0.079433 1.546568 -1.570859
 75 0.000007 -0.000005 -3.619080 0.196495 -3.011952 -1.279118
 76 16.573921 -0.000001 0.000000 -0.000000 -0.000000 -1.611348
 77 15.128181 -0.000000 0.000000 0.214418 -0.027533 0.774389
 78 5.758665 4.244731 -0.000001 -0.000000 -0.000000 1.483530
 79 4.003934 0.000000 0.000000 0.000000 0.000000 0.000000
 80 15.708954 0.000000 0.000001 0.153371 0.002792 0.528179
 81 0.273998 0.191089 3.439761 -3.130907 -0.000437 -1.508107
 82 17.210192 -0.000001 0.000000 0.000000 -0.000000 -2.138823
 83 0.000001 0.000001 5.000000 -0.079311 1.595025 -1.570737
time 5
  0 1.130557 9.712686 27.009436 -0.281436 0.436358 -2.443536
  1 11.368429 6.770639 -23.418964 -0.498313 0.132926 2.346876
  2 -2.276933 0.000003 -1.238186 -1.570795 -1.570451 0.000000
  3 1.796939 0.711834 0.000466 -0.144893 -0.164095 -0.039321
  4 4.118782 -0.003244 -0.000443 0.136831 0.131733 0.073383
  5 4.118786 -0.003244 -0.000442 0.137321 0.174711 0.081041
  6 4.118783 -0.003243 -0.000442 0.136549 0.125869 0.072865
  7 4.119637 -0.003383 -0.000136 0.038457 -0.037706 0.294853
  8 4.443597 0.000002 -0.000000 0.425527 -0.372441 0.013288
  9 9.024062 -0.000003 0.000000 0.000000 0.000000 0.000000
 10 0.065317 0.070108 1.730209 -0.899021 -1.005449 -2.634603
 11 6.384776 0.000000 0.000001 -0.076664 0.305393 1.107255
 12 10.242682 -0.000001 -0.000003 -0.000000 0.000000 -2.305707
 13 11.375559 -0.000000 0.000002 -0.895275 0.306469 0.157725
 14 0.728681 0.023431 -1.008292 1.705251 0.347372 0.567022
 15 2.136498 0.000001 -0.000001 -0.000000 -0.000000 0.287979
 16 2.313138 0.000000 -0.000000 0.000000 0.000000 0.000000
 17 3.115506 -0.886041 -0.021430 -0.000782 0.000152 0.191986
 18 2.011152 0.000000 -0.000003 0.000000 -0.000000 0.659566
 19 2.141379 0.000001 0.000001 0.000000 0.000000 0.000000
 20 1.734172 0.000000 -0.000001 0.000000 0.000000 0.330185
 21 0.000005 -4.440594 0.000002 1.570544 -0.062990 -0.195737
 22 5.999999 0.000000 0.000002 -1.062736 -0.000000 0.000000
 23 0.000002 -4.440599 0.000000 1.569944 -0.062987 0.004053
 24 11.375560 -0.000000 0.000002 -1.242062 0.182654 0.056650
 25 -0.000000 -4.440604 -0.000000 1.570144 -0.062988 0.004040
 26 10.510130 -0.000001 -0.000004 -0.000000 0.000000 -2.723650
 27 -0.000000 -1.748401 4.999999 -0.000000 0.004007 1.602291
 28 5.500000 -0.000001 -0.000001 0.069474 -0.000000 0.000000
 29 -0.000001 -1.940598 5.000002 -0.044472 0.004003 -0.000180
 30 6.551491 0.000000 -0.000000 -0.095994 0.192225 0.627364
 31 0.000001 -1.940599 5.000000 -0.027189 -0.053376 0.005295
 32 6.551491 0.000000 -0.000000 -0.060665 0.084795 0.301675
 33 -0.000000 -1.940599 4.999997 -0.066572 -0.152786 -0.110311
 34 -0.065316 -0.063028 -1.730209 2.474046 1.292692 -0.941273
 35 6.384776 -0.000001 0.000001 1.261692 0.848661 -1.009340
 36 10.242682 0.000000 0.000000 -0.000000 -0.000000 -0.978601
 37 11.375565 0.000001 -0.000004 2.681905 1.169797 0.543030
 38 0.728679 0.023431 1.008292 -1.705251 -0.347372 0.567022
 39 2.136499 0.000001 -0.000000 0.000000 -0.000000 0.287979
 40 2.313140 0.000000 0.000000 0.000000 0.000000 3.141593
 41 3.115505 -0.886041 0.021432 0.253529 0.012992 0.141302
 42 2.011149 -0.000001 -0.000001 -0.000000 -0.000000 1.532231
 43 2.141380 -0.000000 -0.000001 0.000000 0.000000 3.141593
 44 1.734174 -0.000000 -0.000001 0.000000 -0.000000 0.765986
 45 0.136316 -3.738191 2.525890 1.493698 2.759406 -1.474501
 46 3.726727 -0.053311 2.419488 -0.262762 2.898943 1.398576
 47 11.389366 -0.000819 0.158780 1.919024 0.616393 0.002073
 48 -0.000001 -4.440598 0.000001 1.570144 -3.078602 0.004040
 49 6.000000 0.000000 -0.000001 1.919024 0.000000 -0.000000
 50 0.000003 -4.440603 0.000001 1.569944 -3.078603 0.004053
 51 10.510133 -0.000001 -0.000001 -0.000000 0.000000 -2.060097
 52 0.000002 -1.748398 -5.000003 -3.141593 0.004007 -1.539299
 53 5.500001 -0.000001 -0.000002 -0.399790 0.000000 0.000000
 54 -0.000001 -0.000000 -5.000000 -0.044472 3.137589 -0.000177
 55 6.551491 0.000000 -0.000000 0.399790 0.083484 -0.339269
 56 -1.266843 -1.937443 -4.950558 -0.066572 -2.988806 -0.110308
 57 6.551491 -0.000000 -0.000000 0.399790 0.083484 -0.339269
 58 0.699371 -1.944208 -5.006847 -0.027189 -3.088217 0.005298
 59 4.226147 -0.003201 0.000000 0.020570 -0.018505 0.166475
 60 0.000002 4.999999 0.000001 -0.153564 0.000087 2.718702
 61 0.000005 -0.000005 -3.713579 0.095503 -3.012510 -0.750673
 62 0.000001 0.000000 5.000000 3.053197 1.558589 -0.074927
 63 -0.000006 0.000005 3.713580 -0.334411 -2.825096 -0.524885
 64 -0.000001 -0.000000 -5.000000 -0.088728 1.558589 3.066333
 65 7.363604 1.646646 0.495662 -3.141593 -1.570796 0.000000
 66 -0.000006 0.000005 3.619081 -0.528285 -2.367383 -1.007256
 67 16.573921 -0.000001 0.000002 -0.000000 0.000000 -2.019199
 68 15.128181 0.000000 -0.000003 0.031619 0.086785 -0.033197
 69 5.758666 4.244731 0.000000 0.000000 -0.000000 2.033309
 70 3.177726 0.000001 -0.000000 0.000000 0.000000 3.141593
 71 15.708951 0.000002 -0.000004 0.016155 0.048356 -0.018185
 72 0.275149 0.189215 -3.445208 3.130898 0.000409 -1.514604
 73 17.210190 -0.000001 0.000002 0.000000 -0.000000 -2.322356
 74 0.000001 -0.000000 -5.000000 -0.079433 1.546568 -1.570859
 75 0.000007 -0.000005 -3.619080 0.196495 -3.011952 -1.279118
 76 16.573921 -0.000001 0.000000 -0.000000 -0.000000 -1.611348
 77 15.128181 -0.000000 0.000000 0.214418 -0.027533 0.774389
 78 5.758665 4.244731 -0.000001 -0.000000 -0.000000 1.483530
 79 4.003934 0.000000 0.000000 0.000000 0.000000 0.000000
 80 15.708954 0.000000 0.000001 0.153371 0.002792 0.528179
 81 0.273998 0.191089 3.439761 -3.130907 -0.000437 -1.508107
 82 17.210192 -0.000001 0.000000 0.000000 -0.000000 -2.138823
 83 0.000001 0.000001 5.000000 -0.079311 1.595025 -1.570737
time 6
  0 1.130557 9.712686 27.009436 -0.281436 0.436358 -2.443536
  1 11.368429 6.770639 -23.418964 -0.498313 0.132926 2.346876
  2 -2.276933 0.000003 -1.238186 -1.570795 -1.570451 0.000000
  3 1.797001 0.711805 0.000229 -0.072451 -0.221850 -0.027959
  4 4.118821 -0.003216 -0.000593 0.183721 0.128767 0.091764
  5 4.118829 -0.003220 -0.000595 0.185016 0.179958 0.102273
  6 4.118822 -0.003216 -0.000593 0.183408 0.123648 0.091111
  7 4.119648 -0.003381 -0.000144 0.041042 -0.096434 0.295567
  8 4.443598 -0.000000 -0.000001 0.310413 -0.263146 -0.016060
  9 9.024061 0.000000 -0.000001 0.000000 0.000000 0.000000
 10 0.166834 0.074297 1.723218 -0.987452 -1.017002 -2.570974
 11 6.384776 -0.000000 0.000001 -0.026983 0.358399 1.017802
 12 10.242682 -0.000001 -0.000001 -0.000000 0.000000 -2.238032
 13 11.375560 -0.000001 0.000002 -0.895275 0.306469 0.157725
 14 0.728681 0.023430 -1.008290 1.705251 0.347372 0.567022
 15 2.136499 -0.000000 -0.000000 0.000000 0.000000 0.287979
 16 2.313138 -0.000002 -0.000000 0.000000 0.000000 0.000000
 17 3.115506 -0.886041 -0.021431 -0.000782 0.000152 0.191986
 18 2.011150 -0.000000 -0.000002 0.000000 0.000000 0.659566
 19 2.141381 0.000000 -0.000002 0.000000 0.000000 0.000000
 20 1.734173 0.000001 -0.000002 0.000000 0.000000 0.330185
 21 0.000005 -4.440595 0.000000 1.570544 -0.062990 -0.195737
 22 6.000000 -0.000001 -0.000002 -1.062736 -0.000000 0.000000
 23 0.000001 -4.440601 0.000002 1.569944 -0.062987 0.004053
 24 11.375560 -0.000001 0.000002 -1.242062 0.182654 0.056650
 25 -0.000002 -4.440605 -0.000000 1.570144 -0.062988 0.004040
 26 10.510131 -0.000001 0.000002 -0.000000 -0.000000 -2.689812
 27 0.000001 -1.748401 4.999997 -0.000000 0.004007 1.602290
 28 5.500000 -0.000000 0.000001 0.050259 0.000000 0.000000
 29 -0.000001 -1.940598 5.000000 -0.044472 0.004003 -0.000180
 30 6.551491 -0.000000 0.000001 -0.057286 0.242550 0.593341
 31 -0.000000 -1.940598 5.000000 -0.027189 -0.053376 0.005295
 32 6.551491 0.000000 0.000000 -0.045222 0.112571 0.285166
 33 -0.000000 -1.940598 4.999997 -0.066572 -0.152786 -0.110311
 34 -0.166834 -0.067218 -1.723219 2.730390 1.390609 -0.700544
 35 6.384777 -0.000001 -0.000001 0.719803 1.031977 -1.118195
 36 10.242683 -0.000000 -0.000001 -0.000000 -0.000000 -0.619845
 37 11.375561 0.000001 -0.000000 3.042430 1.196530 0.860307
 38 0.728679 0.023430 1.008292 -1.705251 -0.347372 0.567022
 39 2.136495 -0.000000 -0.000001 0.000000 -0.000000 0.287979
 40 2.313138 0.000000 0.000001 0.000000 0.000000 3.141593
 41 3.115507 -0.886040 0.021432 0.253529 0.012992 0.141302
 42 2.011153 0.000001 -0.000002 0.000000 0.000000 1.532231
 43 2.141378 0.000001 0.000001 0.000000 0.000000 3.141593
 44 1.734175 -0.000001 0.000000 0.000000 -0.000000 0.765986
 45 0.136313 -3.738191 2.525890 1.493698 2.759406 -1.474501
 46 3.726728 -0.053311 2.419487 -0.262762 2.898943 1.398576
 47 11.389367 -0.000818 0.158778 1.976839 0.670181 0.035292
 48 -0.000002 -4.440598 0.000001 1.570144 -3.078602 0.004040
 49 6.000000 0.000000 -0.000003 1.976839 0.000000 -0.000000
 50 0.000003 -4.440601 -0.000001 1.569944 -3.078603 0.004053
 51 10.510132 0.000000 0.000001 0.000000 -0.000000 -1.880719
 52 0.000001 -1.748399 -5.000001 -3.141593 0.004007 -1.539299
 53 5.500000 0.000000 0.000002 -0.338380 -0.000000 -0.000000
 54 0.000000 -0.000000 -4.999999 -0.044472 3.137589 -0.000177
 55 6.551490 -0.000001 -0.000001 0.338380 0.161104 -0.354454
 56 -1.266843 -1.937444 -4.950561 -0.066572 -2.988806 -0.110308
 57 6.551491 -0.000001 -0.000001 0.338380 0.161104 -0.354454
 58 0.699370 -1.944208 -5.006850 -0.027189 -3.088217 0.005298
 59 4.226145 -0.003201 -0.000000 0.023646 -0.049332 0.166840
 60 0.000001 5.000001 -0.000001 -0.153564 0.000087 2.718702
 61 0.000005 -0.000005 -3.713579 0.095503 -3.012510 -0.750673
 62 0.000001 0.000000 5.000000 3.053197 1.558589 -0.074927
 63 -0.000006 0.000005 3.713580 -0.334411 -2.825096 -0.524885
 64 -0.000001 -0.000000 -5.000000 -0.088728 1.558589 3.066333
 65 7.363604 1.646646 0.495662 -3.141593 -1.570796 0.000000
 66 -0.000006 0.000005 3.619081 -0.528285 -2.367383 -1.007256
 67 16.573921 -0.000001 0.000002 -0.000000 0.000000 -2.019199
 68 15.128181 0.000000 -0.000003 0.031619 0.086785 -0.033197
 69 5.758666 4.244731 0.000000 0.000000 -0.000000 2.033309
 70 3.177726 0.000001 -0.000000 0.000000 0.000000 3.141593
 71 15.708951 0.000002 -0.000004 0.016155 0.048356 -0.018185
 72 0.275149 0.189215 -3.445208 3.130898 0.000409 -1.514604
 73 17.210190 -0.000001 0.000002 0.000000 -0.000000 -2.322356
 74 0.000001 -0.000000 -5.000000 -0.079433 1.546568 -1.570859
 75 0.000007 -0.000005 -3.619080 0.196495 -3.011952 -1.279118
 76 16.573921 -0.000001 0.000000 -0.000000 -0.000000 -1.611348
 77 15.128181 -0.000000 0.000000 0.214418 -0.027533 0.774389
 78 5.758665 4.244731 -0.000001 -0.000000 -0.000000 1.483530
 79 4.003934 0.000000 0.000000 0.000000 0.000000 0.000000
 80 15.708954 0.000000 0.000001 0.153371 0.002792 0.528179
 81 0.273998 0.191089 3.439761 -3.130907 -0.000437 -1.508107
 82 17.210192 -0.000001 0.000000 0.000000 -0.000000 -2.138823
 83 0.000001 0.000001 5.000000 -0.079311 1.595025 -1.570737
time 7
  0 1.130557 9.712686 27.009436 -0.281436 0.436358 -2.443536
  1 11.368429 6.770639 -23.418964 -0.498313 0.132926 2.346876
  2 -2.276933 0.000003 -1.238186 -1.570795 -1.570451 0.000000
  3 1.797054 0.711795 0.000027 -0.009168 -0.255282 -0.025529
  4 4.118851 -0.003191 -0.000707 0.219059 0.121571 0.104994
  5 4.118855 -0.003195 -0.000708 0.220969 0.177002 0.117555
  6 4.118853 -0.003191 -0.000707 0.218746 0.117134 0.104287
  7 4.119704 -0.003362 -0.000143 0.041006 -0.155145 0.310363
  8 4.443598 0.000003 -0.000000 0.224853 -0.169476 -0.053419
  9 9.024061 0.000002 -0.000002 0.000000 0.000000 0.000000
 10 0.267746 0.073715 1.710470 -1.068326 -1.040515 -2.525347
 11 6.384777 0.000000 0.000002 0.005235 0.441100 0.922811
 12 10.242681 -0.000002 0.000001 0.000000 -0.000000 -2.091837
 13 11.375560 0.000001 0.000003 -0.893345 0.310230 0.160049
 14 0.728680 0.023430 -1.008290 1.705251 0.347372 0.567022
 15 2.136497 0.000001 -0.000000 -0.000000 0.000000 0.287979
 16 2.313139 0.000001 -0.000001 0.000000 0.000000 0.000000
 17 3.115505 -0.886042 -0.021429 -0.000782 0.000152 0.191986
 18 2.011151 0.000000 0.000002 0.000000 -0.000000 0.659566
 19 2.141380 0.000000 -0.000003 0.000000 0.000000 0.000000
 20 1.734171 0.000001 0.000002 -0.000000 -0.000000 0.330185
 21 0.000004 -4.440592 0.000002 1.570544 -0.062990 -0.195737
 22 5.999999 0.000000 0.000000 -1.061383 0.000000 -0.000000
 23 0.000001 -4.440603 -0.000000 1.569944 -0.062987 0.004053
 24 11.375560 0.000000 0.000003 -1.241362 0.184809 0.057369
 25 -0.000001 -4.440603 0.000000 1.570144 -0.062988 0.004040
 26 10.510130 -0.000002 0.000002 -0.000000 0.000000 -2.616715
 27 0.000000 -1.748401 4.999996 -0.000000 0.004007 1.602290
 28 5.500000 -0.000001 0.000003 0.042640 0.000000 -0.000000
 29 -0.000002 -1.940598 5.000003 -0.044472 0.004003 -0.000180
 30 6.551491 -0.000000 -0.000000 -0.037855 0.306011 0.560155
 31 -0.000001 -1.940599 5.000002 -0.027189 -0.053376 0.005295
 32 6.551491 -0.000000 -0.000000 -0.039488 0.144809 0.268081
 33 -0.000001 -1.940599 4.999996 -0.066572 -0.152786 -0.110311
 34 -0.267744 -0.066632 -1.710471 -3.057559 1.459478 -0.237987
 35 6.384777 0.000002 -0.000002 -0.145416 1.002292 -1.667126
 36 10.242682 0.000001 -0.000002 0.000000 0.000000 -0.007206
 37 11.375561 0.000002 -0.000000 2.827402 1.171958 0.563304
 38 0.728684 0.023430 1.008292 -1.705251 -0.347372 0.567022
 39 2.136497 0.000000 -0.000001 -0.000000 0.000000 0.287979
 40 2.313139 0.000001 0.000000 0.000000 0.000000 3.141593
 41 3.115508 -0.886041 0.021431 0.253529 0.012992 0.141302
 42 2.011153 0.000000 0.000001 -0.000000 0.000000 1.532231
 43 2.141379 0.000002 -0.000001 0.000000 0.000000 3.141593
 44 1.734171 -0.000001 -0.000001 -0.000000 0.000000 0.765986
 45 0.136317 -3.738192 2.525890 1.493698 2.759406 -1.474501
 46 3.726727 -0.053313 2.419487 -0.262762 2.898943 1.398576
 47 11.389366 -0.000818 0.158782 1.967559 0.624162 -0.015943
 48 0.000003 -4.440599 0.000001 1.570144 -3.078602 0.004040
 49 6.000000 0.000001 0.000000 1.967560 0.000000 -0.000000
 50 0.000003 -4.440601 0.000000 1.569944 -3.078603 0.004053
 51 10.510132 0.000001 -0.000003 0.000000 0.000000 -1.574397
 52 0.000000 -1.748399 -5.000000 -3.141593 0.004007 -1.539299
 53 5.500000 0.000001 -0.000003 -0.120696 0.000000 -0.000000
 54 0.000000 -0.000000 -5.000000 -0.044472 3.137590 -0.000177
 55 6.551490 0.000001 -0.000000 0.120696 0.291353 -0.395238
 56 -1.266844 -1.937442 -4.950561 -0.066572 -2.988806 -0.110308
 57 6.551491 0.000001 -0.000000 0.120696 0.291353 -0.395238
 58 0.699371 -1.944209 -5.006847 -0.027189 -3.088217 0.005298
 59 4.226146 -0.003203 0.000000 0.025692 -0.079896 0.174199
 60 0.000001 5.000001 -0.000000 -0.153564 0.000087 2.718702
 61 0.000005 -0.000005 -3.713579 0.095503 -3.012510 -0.750673
 62 0.000001 0.000000 5.000000 3.053197 1.558589 -0.074927
 63 -0.000006 0.000005 3.713580 -0.334411 -2.825096 -0.524885
 64 -0.000001 -0.000000 -5.000000 -0.088728 1.558589 3.066333
 65 7.363604 1.646646 0.495662 -3.141593 -1.570796 0.000000
 66 -0.000006 0.000005 3.619081 -0.528285 -2.367383 -1.007256
 67 16.573921 -0.000001 0.000002 -0.000000 0.000000 -2.019199
 68 15.128181 0.000000 -0.000003 0.031619 0.086785 -0.033197
 69 5.758666 4.244731 0.000000 0.000000 -0.000000 2.033309
 70 3.177726 0.000001 -0.000000 0.000000 0.000000 3.141593
 71 15.708951 0.000002 -0.000004 0.016155 0.048356 -0.018185
 72 0.275149 0.189215 -3.445208 3.130898 0.000409 -1.514604
 73 17.210190 -0.000001 0.000002 0.000000 -0.000000 -2.322356
 74 0.000001 -0.000000 -5.000000 -0.079433 1.546568 -1.570859
 75 0.000007 -0.000005 -3.619080 0.196495 -3.011952 -1.279118
 76 16.573921 -0.000001 0.000000 -0.000000 -0.000000 -1.611348
 77 15.128181 -0.000000 0.000000 0.214418 -0.027533 0.774389
 78 5.758665 4.244731 -0.000001 -0.000000 -0.000000 1.483530
 79 4.003934 0.000000 0.000000 0.000000 0.000000 0.000000
 80 15.708954 0.000000 0.000001 0.153371 0.002792 0.528179
 81 0.273998 0.191089 3.439761 -3.130907 -0.000437 -1.508107
 82 17.210192 -0.000001 0.000000 0.000000 -0.000000 -2.138823
 83 0.000001 0.000001 5.000000 -0.079311 1.595025 -1.570737
time 8
  0 1.130557 9.712686 27.009436 -0.281436 0.436358 -2.443536
  1 11.368429 6.770639 -23.418964 -0.498313 0.132926 2.346876
  2 -2.276933 0.000003 -1.238186 -1.570795 -1.570451 0.000000
  3 1.797083 0.711798 -0.000140 0.043666 -0.264807 -0.029867
  4 4.118878 -0.003172 -0.000785 0.242896 0.111125 0.113779
  5 4.118874 -0.003172 -0.000784 0.245083 0.167179 0.127353
  6 4.118879 -0.003173 -0.000783 0.242603 0.107286 0.113082
  7 4.119781 -0.003334 -0.000133 0.038102 -0.194162 0.331912
  8 4.443598 0.000001 0.000000 0.144900 -0.099177 -0.104748
  9 9.024060 0.000000 -0.000001 0.000000 0.000000 0.000000
 10 0.334318 0.068296 1.698930 -1.127196 -1.052840 -2.502552
 11 6.384776 -0.000001 -0.000003 0.040002 0.550217 0.851648
 12 10.242682 -0.000002 -0.000004 0.000000 0.000000 -1.893099
 13 11.375560 0.000001 0.000002 -0.888610 0.319346 0.165738
 14 0.728681 0.023430 -1.008293 1.705251 0.347372 0.567022
 15 2.136495 -0.000001 -0.000000 -0.000000 -0.000000 0.287979
 16 2.313141 0.000001 -0.000001 0.000000 0.000000 0.000000
 17 3.115506 -0.886040 -0.021434 -0.000782 0.000152 0.191986
 18 2.011151 -0.000000 0.000002 0.000000 0.000000 0.659566
 19 2.141381 0.000000 -0.000002 0.000000 0.000000 0.000000
 20 1.734173 0.000001 0.000001 -0.000000 0.000000 0.330185
 21 0.000005 -4.440594 -0.000000 1.570544 -0.062990 -0.195737
 22 5.999999 0.000000 -0.000001 -1.058071 0.000000 0.000000
 23 0.000001 -4.440600 0.000001 1.569944 -0.062987 0.004053
 24 11.375560 0.000001 0.000002 -1.239657 0.190024 0.059114
 25 -0.000001 -4.440602 0.000000 1.570144 -0.062988 0.004040
 26 10.510129 -0.000001 -0.000001 0.000000 -0.000000 -2.517345
 27 0.000000 -1.748401 4.999999 0.000000 0.004007 1.602290
 28 5.500000 -0.000001 -0.000002 0.040050 -0.000000 0.000000
 29 -0.000001 -1.940598 5.000002 -0.044472 0.004003 -0.000180
 30 6.551492 0.000001 -0.000000 -0.025588 0.384063 0.533261
 31 0.000001 -1.940598 5.000004 -0.027189 -0.053376 0.005295
 32 6.551492 0.000001 -0.000000 -0.038029 0.182779 0.252521
 33 -0.000000 -1.940599 4.999995 -0.066572 -0.152786 -0.110311
 34 -0.334316 -0.061221 -1.698928 -2.580672 1.482331 0.206021
 35 6.384776 0.000001 -0.000002 -0.284873 0.723127 -1.643676
 36 10.242682 0.000001 -0.000001 0.000000 -0.000000 0.249602
 37 11.375561 0.000003 -0.000002 2.026390 0.512449 -0.479607
 38 0.728678 0.023432 1.008292 -1.705251 -0.347372 0.567022
 39 2.136497 0.000001 0.000003 -0.000000 -0.000000 0.287979
 40 2.313138 -0.000001 -0.000002 0.000000 0.000000 3.141593
 41 3.115506 -0.886040 0.021431 0.253529 0.012992 0.141301
 42 2.011151 0.000000 0.000001 0.000000 0.000000 1.532231
 43 2.141382 0.000000 -0.000000 0.000000 0.000000 3.141593
 44 1.734172 -0.000000 0.000001 -0.000000 -0.000000 0.765986
 45 0.136314 -3.738192 2.525890 1.493698 2.759406 -1.474501
 46 3.726726 -0.053312 2.419486 -0.262762 2.898943 1.398576
 47 11.389366 -0.000817 0.158779 1.818118 0.237103 -0.268248
 48 0.000000 -4.440598 0.000001 1.570144 -3.078602 0.004040
 49 6.000000 0.000001 -0.000003 1.818118 -0.000000 0.000000
 50 0.000002 -4.440601 0.000001 1.569944 -3.078603 0.004053
 51 10.510129 0.000001 -0.000002 -0.000000 -0.000000 -1.695597
 52 -0.000000 -1.748399 -5.000002 3.141593 0.004007 -1.539299
 53 5.499999 0.000001 -0.000001 -0.017123 0.000000 0.000000
 54 0.000001 0.000001 -5.000002 -0.044472 3.137589 -0.000177
 55 6.551491 0.000001 -0.000002 0.017123 0.278012 -0.407513
 56 -1.266843 -1.937444 -4.950561 -0.066572 -2.988806 -0.110308
 57 6.551491 0.000001 -0.000002 0.017123 0.278012 -0.407513
 58 0.699371 -1.944210 -5.006846 -0.027189 -3.088217 0.005298
 59 4.226148 -0.003202 -0.000000 0.026023 -0.099963 0.184771
 60 0.000000 5.000003 -0.000001 -0.153564 0.000087 2.718702
 61 0.000005 -0.000005 -3.713579 0.095503 -3.012510 -0.750673
 62 0.000001 0.000000 5.000000 3.053197 1.558589 -0.074927
 63 -0.000006 0.000005 3.713580 -0.334411 -2.825096 -0.524885
 64 -0.000001 -0.000000 -5.000000 -0.088728 1.558589 3.066333
 65 7.363604 1.646646 0.495662 -3.141593 -1.570796 0.000000
 66 -0.000006 0.000005 3.619081 -0.528285 -2.367383 -1.007256
 67 16.573921 -0.000001 0.000002 -0.000000 0.000000 -2.019199
 68 15.128181 0.000000 -0.000003 0.031619 0.086785 -0.033197
 69 5.758666 4.244731 0.000000 0.000000 -0.000000 2.033309
 70 3.177726 0.000001 -0.000000 0.000000 0.000000 3.141593
 71 15.708951 0.000002 -0.000004 0.016155 0.048356 -0.018185
 72 0.275149 0.189215 -3.445208 3.130898 0.000409 -1.514604
 73 17.210190 -0.000001 0.000002 0.000000 -0.000000 -2.322356
 74 0.000001 -0.000000 -5.000000 -0.079433 1.546568 -1.570859
 75 0.000007 -0.000005 -3.619080 0.196495 -3.011952 -1.279118
 76 16.573921 -0.000001 0.000000 -0.000000 -0.000000 -1.611348
 77 15.128181 -0.000000 0.000000 0.214418 -0.027533 0.774389
 78 5.758665 4.244731 -0.000001 -0.000000 -0.000000 1.483530
 79 4.003934 0.000000 0.000000 0.000000 0.000000 0.000000
 80 15.708954 0.000000 0.000001 0.153371 0.002792 0.528179
 81 0.273998 0.191089 3.439761 -3.130907 -0.000437 -1.508107
 82 17.210192 -0.000001 0.000000 0.000000 -0.000000 -2.138823
 83 0.000001 0.000001 5.000000 -0.079311 1.595025 -1.570737
time 9
  0 1.130557 9.712686 27.009436 -0.281436 0.436358 -2.443536
  1 11.368429 6.770639 -23.418964 -0.498313 0.132926 2.346876
  2 -2.276933 0.000003 -1.238186 -1.570795 -1.570451 0.000000
  3 1.797112 0.711807 -0.000302 0.094578 -0.264259 -0.034752
  4 4.118904 -0.003154 -0.000848 0.262808 0.097904 0.121496
  5 4.118898 -0.003152 -0.000848 0.265083 0.152734 0.135552
  6 4.118906 -0.003156 -0.000847 0.262548 0.094673 0.120844
  7 4.119867 -0.003299 -0.000118 0.033469 -0.206144 0.359269
  8 4.443600 -0.000003 0.000000 0.041783 -0.048411 -0.183116
  9 9.024059 -0.000001 -0.000001 0.000000 0.000000 0.000000
 10 0.354666 0.060282 1.695086 -1.149740 -1.050180 -2.513607
 11 6.384777 0.000000 -0.000001 0.077894 0.693837 0.779058
 12 10.242682 -0.000002 -0.000004 0.000000 -0.000000 -1.673549
 13 11.375560 0.000001 0.000002 -0.882664 0.330571 0.172852
 14 0.728680 0.023431 -1.008291 1.705251 0.347372 0.567022
 15 2.136497 -0.000000 -0.000001 -0.000000 -0.000000 0.287979
 16 2.313138 0.000000 -0.000001 0.000000 0.000000 0.000000
 17 3.115505 -0.886041 -0.021429 -0.000782 0.000152 0.191986
 18 2.011149 0.000001 -0.000001 0.000000 -0.000000 0.659566
 19 2.141381 0.000000 -0.000000 0.000000 0.000000 0.000000
 20 1.734172 0.000001 -0.000001 0.000000 0.000000 0.330185
 21 0.000005 -4.440594 0.000000 1.570544 -0.062990 -0.195737
 22 5.999999 0.000001 -0.000001 -1.053935 0.000000 -0.000000
 23 0.000002 -4.440601 -0.000001 1.569944 -0.062987 0.004053
 24 11.375562 0.000002 0.000003 -1.237541 0.196425 0.061267
 25 0.000000 -4.440602 -0.000000 1.570144 -0.062988 0.004040
 26 10.510130 -0.000002 -0.000002 0.000000 -0.000000 -2.407571
 27 0.000000 -1.748401 5.000001 -0.000000 0.004007 1.602290
 28 5.500000 -0.000001 -0.000002 0.043582 -0.000000 0.000000
 29 -0.000002 -1.940598 5.000001 -0.044472 0.004003 -0.000180
 30 6.551490 -0.000000 -0.000003 -0.022941 0.480601 0.500291
 31 -0.000000 -1.940599 5.000001 -0.027189 -0.053376 0.005295
 32 6.551490 -0.000000 -0.000003 -0.041655 0.227888 0.232930
 33 -0.000001 -1.940599 4.999994 -0.066572 -0.152786 -0.110311
 34 -0.354661 -0.053214 -1.695085 -2.397694 1.482833 0.358011
 35 6.384777 -0.000000 -0.000001 -0.217839 0.446638 -1.482833
 36 10.242682 0.000001 -0.000002 -0.000000 -0.000000 0.262369
 37 11.375560 0.000001 -0.000000 2.081653 -0.523239 -0.958831
 38 0.728680 0.023430 1.008293 -1.705251 -0.347372 0.567022
 39 2.136497 0.000001 0.000000 0.000000 -0.000000 0.287979
 40 2.313139 0.000000 0.000000 0.000000 0.000000 3.141593
 41 3.115508 -0.886040 0.021429 0.253529 0.012992 0.141302
 42 2.011151 0.000001 0.000000 -0.000000 -0.000000 1.532231
 43 2.141380 0.000001 0.000001 0.000000 0.000000 3.141593
 44 1.734173 -0.000000 -0.000000 -0.000000 0.000000 0.765986
 45 0.136317 -3.738191 2.525890 1.493698 2.759406 -1.474501
 46 3.726728 -0.053312 2.419487 -0.262762 2.898943 1.398576
 47 11.389366 -0.000818 0.158779 1.745648 -0.314522 -0.422749
 48 -0.000001 -4.440601 0.000001 1.570144 -3.078602 0.004040
 49 5.999999 0.000001 -0.000004 1.745648 0.000000 -0.000000
 50 0.000002 -4.440600 0.000000 1.569944 -3.078603 0.004053
 51 10.510131 0.000001 0.000001 -0.000000 -0.000000 -1.701981
 52 0.000000 -1.748400 -5.000002 -3.141593 0.004007 -1.539299
 53 5.499999 0.000001 -0.000001 0.010742 0.000000 -0.000000
 54 0.000000 0.000001 -4.999998 -0.044472 3.137589 -0.000177
 55 6.551491 -0.000002 0.000000 -0.010741 0.195840 -0.388565
 56 -1.266843 -1.937442 -4.950561 -0.066572 -2.988806 -0.110308
 57 6.551491 -0.000002 0.000000 -0.010741 0.195840 -0.388565
 58 0.699371 -1.944207 -5.006848 -0.027189 -3.088217 0.005298
 59 4.226148 -0.003202 0.000000 0.024799 -0.105906 0.198275
 60 0.000000 5.000002 -0.000001 -0.153564 0.000087 2.718702
 61 0.000005 -0.000005 -3.713579 0.095503 -3.012510 -0.750673
 62 0.000001 0.000000 5.000000 3.053197 1.558589 -0.074927
 63 -0.000006 0.000005 3.713580 -0.334411 -2.825096 -0.524885
 64 -0.000001 -0.000000 -5.000000 -0.088728 1.558589 3.066333
 65 7.363604 1.646646 0.495662 -3.141593 -1.570796 0.000000
 66 -0.000006 0.000005 3.619081 -0.528285 -2.367383 -1.007256
 67 16.573921 -0.000001 0.000002 -0.000000 0.000000 -2.019199
 68 15.128181 0.000000 -0.000003 0.031619 0.086785 -0.033197
 69 5.758666 4.244731 0.000000 0.000000 -0.000000 2.033309
 70 3.177726 0.000001 -0.000000 0.000000 0.000000 3.141593
 71 15.708951 0.000002 -0.000004 0.016155 0.048356 -0.018185
 72 0.275149 0.189215 -3.445208 3.130898 0.000409 -1.514604
 73 17.210190 -0.000001 0.000002 0.000000 -0.000000 -2.322356
 74 0.000001 -0.000000 -5.000000 -0.079433 1.546568 -1.570859
 75 0.000007 -0.000005 -3.619080 0.196495 -3.011952 -1.279118
 76 16.573921 -0.000001 0.000000 -0.000000 -0.000000 -1.611348
 77 15.128181 -0.000000 0.000000 0.214418 -0.027533 0.774389
 78 5.758665 4.244731 -0.000001 -0.000000 -0.000000 1.483530
 79 4.003934 0.000000 0.000000 0.000000 0.000000 0.000000
 80 15.708954 0.000000 0.000001 0.153371 0.002792 0.528179
 81 0.273998 0.191089 3.439761 -3.130907 -0.000437 -1.508107
 82 17.210192 -0.000001 0.000000 0.000000 -0.000000 -2.138823
 83 0.000001 0.000001 5.000000 -0.079311 1.595025 -1.570737
time 10
  0 1.130557 9.712686 27.009436 -0.281436 0.436358 -2.443536
  1 11.368429 6.770639 -23.418964 -0.498313 0.132926 2.346876
  2 -2.276933 0.000003 -1.238186 -1.570795 -1.570451 0.000000
  3 1.797133 0.711825 -0.000453 0.142545 -0.254899 -0.039652
  4 4.118929 -0.003135 -0.000900 0.279100 0.082832 0.127855
  5 4.118928 -0.003138 -0.000903 0.281281 0.134996 0.141909
  6 4.118932 -0.003137 -0.000900 0.278880 0.080205 0.127276
  7 4.120020 -0.003241 -0.000097 0.027775 -0.212340 0.406641
  8 4.443599 -0.000001 0.000001 -0.100084 -0.024994 -0.327001
  9 9.024061 -0.000002 -0.000000 0.000000 0.000000 0.000000
 10 0.365168 0.050572 1.693152 -1.154237 -1.051862 -2.557221
 11 6.384776 -0.000000 0.000000 0.090313 0.845684 0.689579
 12 10.242682 -0.000001 -0.000002 0.000000 -0.000000 -1.446482
 13 11.375562 0.000001 0.000002 -0.877192 0.340693 0.179373
 14 0.728680 0.023432 -1.008291 1.705251 0.347372 0.567022
 15 2.136497 0.000001 -0.000000 -0.000000 0.000000 0.287979
 16 2.313139 -0.000000 0.000000 0.000000 0.000000 0.000000
 17 3.115506 -0.886041 -0.021430 -0.000782 0.000152 0.191986
 18 2.011152 0.000001 -0.000001 0.000000 -0.000000 0.659566
 19 2.141379 0.000000 0.000001 0.000000 0.000000 0.000000
 20 1.734173 0.000000 -0.000001 0.000000 -0.000000 0.330185
 21 0.000007 -4.440594 -0.000000 1.570544 -0.062990 -0.195737
 22 6.000000 0.000002 0.000001 -1.050148 0.000000 -0.000000
 23 0.000002 -4.440600 -0.000001 1.569944 -0.062987 0.004053
 24 11.375561 0.000002 0.000005 -1.235618 0.202180 0.063214
 25 -0.000002 -4.440604 -0.000001 1.570144 -0.062988 0.004040
 26 10.510131 -0.000001 -0.000003 0.000000 0.000000 -2.294037
 27 0.000000 -1.748401 5.000001 -0.000000 0.004007 1.602291
 28 5.500000 -0.000000 -0.000001 0.057367 0.000000 0.000000
 29 -0.000001 -1.940599 4.999999 -0.044472 0.004003 -0.000180
 30 6.551490 -0.000000 -0.000000 -0.041865 0.577066 0.452970
 31 -0.000000 -1.940598 4.999999 -0.027189 -0.053376 0.005295
 32 6.551490 -0.000000 -0.000000 -0.053391 0.270696 0.207903
 33 0.000001 -1.940598 4.999999 -0.066572 -0.152786 -0.110311
 34 -0.365165 -0.043494 -1.693151 -2.364965 1.482158 0.342504
 35 6.384776 0.000000 -0.000001 -0.168458 0.257624 -1.331851
 36 10.242680 0.000001 -0.000000 0.000000 0.000000 -0.002367
 37 11.375560 0.000002 -0.000002 2.213410 -0.714225 -1.090231
 38 0.728679 0.023430 1.008293 -1.705251 -0.347372 0.567022
 39 2.136498 -0.000001 -0.000000 -0.000000 -0.000000 0.287979
 40 2.313139 -0.000000 -0.000000 0.000000 0.000000 3.141593
 41 3.115506 -0.886041 0.021432 0.253529 0.012992 0.141301
 42 2.011152 0.000001 -0.000001 0.000000 0.000000 1.532231
 43 2.141380 0.000000 0.000001 0.000000 0.000000 3.141593
 44 1.734174 -0.000000 -0.000000 0.000000 0.000000 0.765986
 45 0.136315 -3.738193 2.525890 1.493698 2.759406 -1.474501
 46 3.726727 -0.053313 2.419487 -0.262762 2.898943 1.398576
 47 11.389365 -0.000819 0.158782 1.748328 -0.424216 -0.437548
 48 -0.000001 -4.440599 -0.000000 1.570144 -3.078602 0.004040
 49 5.999999 0.000001 0.000001 1.748328 -0.000000 0.000000
 50 0.000002 -4.440603 -0.000000 1.569944 -3.078603 0.004053
 51 10.510130 0.000001 -0.000000 0.000000 -0.000000 -1.571980
 52 -0.000000 -1.748399 -5.000002 3.141593 0.004007 -1.539299
 53 5.499998 0.000000 -0.000002 0.023972 0.000000 -0.000000
 54 -0.000000 0.000000 -5.000001 -0.044472 3.137589 -0.000177
 55 6.551490 -0.000000 -0.000000 -0.023972 0.119552 -0.348914
 56 -1.266842 -1.937443 -4.950558 -0.066572 -2.988806 -0.110308
 57 6.551490 -0.000000 -0.000000 -0.023972 0.119552 -0.348914
 58 0.699371 -1.944208 -5.006846 -0.027189 -3.088217 0.005298
 59 4.226145 -0.003201 -0.000000 0.023404 -0.108601 0.221355
 60 -0.000000 5.000000 -0.000001 -0.153564 0.000087 2.718702
 61 0.000005 -0.000005 -3.713579 0.095503 -3.012510 -0.750673
 62 0.000001 0.000000 5.000000 3.053197 1.558589 -0.074927
 63 -0.000006 0.000005 3.713580 -0.334411 -2.825096 -0.524885
 64 -0.000001 -0.000000 -5.000000 -0.088728 1.558589 3.066333
 65 7.363604 1.646646 0.495662 -3.141593 -1.570796 0.000000
 66 -0.000006 0.000005 3.619081 -0.528285 -2.367383 -1.007256
 67 16.573921 -0.000001 0.000002 -0.000000 0.000000 -2.019199
 68 15.128181 0.000000 -0.000003 0.031619 0.086785 -0.033197
 69 5.758666 4.244731 0.000000 0.000000 -0.000000 2.033309
 70 3.177726 0.000001 -0.000000 0.000000 0.000000 3.141593
 71 15.708951 0.000002 -0.000004 0.016155 0.048356 -0.018185
 72 0.275149 0.189215 -3.445208 3.130898 0.000409 -1.514604
 73 17.210190 -0.000001 0.000002 0.000000 -0.000000 -2.322356
 74 0.000001 -0.000000 -5.000000 -0.079433 1.546568 -1.570859
 75 0.000007 -0.000005 -3.619080 0.196495 -3.011952 -1.279118
 76 16.573921 -0.000001 0.000000 -0.000000 -0.000000 -1.611348
 77 15.128181 -0.000000 0.000000 0.214418 -0.027533 0.774389
 78 5.758665 4.244731 -0.000001 -0.000000 -0.000000 1.483530
 79 4.003934 0.000000 0.000000 0.000000 0.000000 0.000000
 80 15.708954 0.000000 0.000001 0.153371 0.002792 0.528179
 81 0.273998 0.191089 3.439761 -3.130907 -0.000437 -1.508107
 82 17.210192 -0.000001 0.000000 0.000000 -0.000000 -2.138823
 83 0.000001 0.000001 5.000000 -0.079311 1.595025 -1.570737
time 11
  0 1.130557 9.712686 27.009436 -0.281436 0.436358 -2.443536
  1 11.368429 6.770639 -23.418964 -0.498313 0.132926 2.346876
  2 -2.276933 0.000003 -1.238186 -1.570795 -1.570451 0.000000
  3 1.797145 0.711848 -0.000594 0.186705 -0.238041 -0.044287
  4 4.118957 -0.003121 -0.000944 0.292105 0.066826 0.132617
  5 4.118951 -0.003122 -0.000944 0.294042 0.115281 0.146261
  6 4.118959 -0.003124 -0.000942 0.291930 0.064780 0.132126
  7 4.120184 -0.003164 -0.000078 0.022211 -0.205718 0.458995
  8 4.443600 0.000000 0.000000 -0.252317 -0.029254 -0.478068
  9 9.024061 0.000000 -0.000001 0.000000 0.000000 0.000000
 10 0.353943 0.041207 1.695767 -1.136896 -1.051058 -2.621922
 11 6.384777 0.000000 -0.000000 0.028733 0.970488 0.539466
 12 10.242682 -0.000002 -0.000001 -0.000000 -0.000000 -1.208760
 13 11.375562 0.000002 -0.000002 -0.873983 0.346537 0.183187
 14 0.728682 0.023433 -1.008291 1.705251 0.347372 0.567022
 15 2.136500 -0.000000 -0.000001 0.000000 -0.000000 0.287979
 16 2.313138 0.000003 0.000000 0.000000 0.000000 0.000000
 17 3.115507 -0.886040 -0.021430 -0.000782 0.000152 0.191986
 18 2.011151 0.000001 0.000001 -0.000000 0.000000 0.659566
 19 2.141381 -0.000001 0.000001 0.000000 0.000000 0.000000
 20 1.734172 0.000001 0.000002 0.000000 -0.000000 0.330185
 21 0.000005 -4.440593 0.000002 1.570544 -0.062990 -0.195737
 22 6.000000 0.000000 -0.000000 -1.047936 0.000000 0.000000
 23 0.000002 -4.440601 0.000000 1.569944 -0.062987 0.004053
 24 11.375562 0.000002 0.000002 -1.234501 0.205496 0.064341
 25 -0.000001 -4.440604 0.000000 1.570144 -0.062988 0.004040
 26 10.510131 -0.000002 -0.000001 0.000000 -0.000000 -2.175176
 27 0.000000 -1.748401 4.999996 -0.000000 0.004007 1.602290
 28 5.500000 -0.000001 0.000001 0.082674 0.000000 -0.000000
 29 -0.000002 -1.940598 5.000002 -0.044472 0.004003 -0.000180
 30 6.551493 0.000001 0.000001 -0.091704 0.653191 0.377911
 31 -0.000000 -1.940598 5.000003 -0.027189 -0.053376 0.005295
 32 6.551493 0.000001 0.000001 -0.073849 0.302843 0.175051
 33 -0.000000 -1.940599 4.999994 -0.066572 -0.152786 -0.110311
 34 -0.353940 -0.034127 -1.695768 -2.399279 1.466112 0.255224
 35 6.384777 0.000000 -0.000001 -0.134019 -0.014093 -1.177838
 36 10.242680 0.000000 -0.000000 0.000000 -0.000000 -0.617718
 37 11.375561 0.000001 0.000002 2.408639 -0.831902 -1.216269
 38 0.728681 0.023431 1.008291 -1.705251 -0.347372 0.567022
 39 2.136497 -0.000000 -0.000001 0.000000 -0.000000 0.287979
 40 2.313139 0.000001 -0.000000 0.000000 0.000000 3.141593
 41 3.115507 -0.886041 0.021429 0.253529 0.012992 0.141302
 42 2.011150 -0.000000 -0.000001 0.000000 -0.000000 1.532231
 43 2.141379 0.000000 -0.000000 0.000000 0.000000 3.141593
 44 1.734173 -0.000002 -0.000001 0.000000 -0.000000 0.765986
 45 0.136315 -3.738193 2.525889 1.493698 2.759406 -1.474501
 46 3.726728 -0.053312 2.419486 -0.262762 2.898943 1.398576
 47 11.389366 -0.000820 0.158783 1.780265 -0.508432 -0.441558
 48 0.000000 -4.440598 -0.000000 1.570144 -3.078602 0.004040
 49 6.000000 -0.000000 0.000001 1.780265 -0.000000 0.000000
 50 0.000001 -4.440601 -0.000000 1.569944 -3.078603 0.004053
 51 10.510131 0.000001 0.000001 0.000000 0.000000 -1.879655
 52 0.000000 -1.748401 -5.000001 -3.141593 0.004007 -1.539299
 53 5.499999 0.000000 -0.000001 0.050742 0.000000 0.000000
 54 -0.000000 0.000000 -5.000000 -0.044472 3.137589 -0.000177
 55 6.551490 0.000001 -0.000002 -0.050742 0.021178 -0.318345
 56 -1.266843 -1.937445 -4.950559 -0.066572 -2.988806 -0.110308
 57 6.551491 0.000001 -0.000002 -0.050742 0.021178 -0.318345
 58 0.699372 -1.944209 -5.006846 -0.027189 -3.088217 0.005298
 59 4.226145 -0.003200 -0.000000 0.021644 -0.104714 0.246376
 60 0.000001 4.999999 0.000000 -0.153564 0.000087 2.718702
 61 0.000005 -0.000005 -3.713579 0.095503 -3.012510 -0.750673
 62 0.000001 0.000000 5.000000 3.053197 1.558589 -0.074927
 63 -0.000006 0.000005 3.713580 -0.334411 -2.825096 -0.524885
 64 -0.000001 -0.000000 -5.000000 -0.088728 1.558589 3.066333
 65 7.363604 1.646646 0.495662 -3.141593 -1.570796 0.000000
 66 -0.000006 0.000005 3.619081 -0.528285 -2.367383 -1.007256
 67 16.573921 -0.000001 0.000002 -0.000000 0.000000 -2.019199
 68 15.128181 0.000000 -0.000003 0.031619 0.086785 -0.033197
 69 5.758666 4.244731 0.000000 0.000000 -0.000000 2.033309
 70 3.177726 0.000001 -0.000000 0.000000 0.000000 3.141593
 71 15.708951 0.000002 -0.000004 0.016155 0.048356 -0.018185
 72 0.275149 0.189215 -3.445208 3.130898 0.000409 -1.514604
 73 17.210190 -0.000001 0.000002 0.000000 -0.000000 -2.322356
 74 0.000001 -0.000000 -5.000000 -0.079433 1.546568 -1.570859
 75 0.000007 -0.000005 -3.619080 0.196495 -3.011952 -1.279118
 76 16.573921 -0.000001 0.000000 -0.000000 -0.000000 -1.611348
 77 15.128181 -0.000000 0.000000 0.214418 -0.027533 0.774389
 78 5.758665 4.244731 -0.000001 -0.000000 -0.000000 1.483530
 79 4.003934 0.000000 0.000000 0.000000 0.000000 0.000000
 80 15.708954 0.000000 0.000001 0.153371 0.002792 0.528179
 81 0.273998 0.191089 3.439761 -3.130907 -0.000437 -1.508107
 82 17.210192 -0.000001 0.000000 0.000000 -0.000000 -2.138823
 83 0.000001 0.000001 5.000000 -0.079311 1.595025 -1.570737
time 12
  0 1.130557 9.712686 27.009436 -0.281436 0.436358 -2.443536
  1 11.368429 6.770639 -23.418964 -0.498313 0.132926 2.346876
  2 -2.276933 0.000003 -1.238186 -1.570795 -1.570451 0.000000
  3 1.797145 0.711874 -0.000722 0.226362 -0.215024 -0.048645
  4 4.118979 -0.003109 -0.000976 0.302185 0.050789 0.135566
  5 4.118972 -0.003107 -0.000977 0.303775 0.094883 0.148498
  6 4.118978 -0.003111 -0.000975 0.302056 0.049289 0.135174
  7 4.120291 -0.003110 -0.000060 0.017384 -0.200162 0.493661
  8 4.443599 -0.000003 -0.000001 -0.366942 -0.024445 -0.566113
  9 9.024059 0.000001 -0.000001 0.000000 0.000000 0.000000
 10 0.344513 0.033052 1.697869 -1.119755 -1.057768 -2.667090
 11 6.384778 0.000001 0.000003 -0.133785 1.036005 0.295649
 12 10.242680 -0.000001 0.000001 -0.000000 0.000000 -0.955700
 13 11.375560 0.000000 0.000001 -0.874861 0.344944 0.182144
 14 0.728679 0.023430 -1.008292 1.705251 0.347372 0.567022
 15 2.136497 0.000002 -0.000000 -0.000000 0.000000 0.287979
 16 2.313139 -0.000000 -0.000000 0.000000 0.000000 0.000000
 17 3.115507 -0.886040 -0.021432 -0.000782 0.000152 0.191986
 18 2.011152 0.000001 0.000000 0.000000 0.000000 0.659566
 19 2.141377 0.000001 0.000000 0.000000 0.000000 0.000000
 20 1.734174 0.000001 0.000000 -0.000000 0.000000 0.330185
 21 0.000006 -4.440594 0.000000 1.570544 -0.062990 -0.195737
 22 5.999999 -0.000000 0.000002 -1.048541 0.000000 -0.000000
 23 0.000001 -4.440599 -0.000001 1.569944 -0.062987 0.004053
 24 11.375561 0.000000 0.000005 -1.234806 0.204593 0.064033
 25 -0.000001 -4.440605 -0.000001 1.570144 -0.062988 0.004040
 26 10.510129 -0.000001 0.000002 -0.000000 -0.000000 -2.048646
 27 0.000000 -1.748402 4.999999 -0.000000 0.004007 1.602290
 28 5.499999 -0.000001 0.000001 0.116639 0.000000 0.000000
 29 -0.000000 -1.940598 4.999998 -0.044472 0.004003 -0.000180
 30 6.551493 0.000001 0.000003 -0.171395 0.693467 0.266530
 31 0.000001 -1.940598 5.000003 -0.027189 -0.053376 0.005295
 32 6.551493 0.000001 0.000003 -0.100547 0.319965 0.132198
 33 0.000001 -1.940598 4.999997 -0.066572 -0.152786 -0.110311
 34 -0.344510 -0.025980 -1.697870 -2.441756 1.458683 0.178949
 35 6.384777 -0.000002 0.000001 -0.110266 -0.273490 -1.037975
 36 10.242680 0.000001 0.000001 0.000000 0.000000 -1.240483
 37 11.375561 -0.000001 0.000001 2.482238 -0.825921 -1.184862
 38 0.728681 0.023431 1.008293 -1.705251 -0.347372 0.567022
 39 2.136497 0.000000 -0.000000 -0.000000 0.000000 0.287979
 40 2.313139 -0.000001 0.000000 0.000000 0.000000 3.141593
 41 3.115507 -0.886041 0.021432 0.253529 0.012992 0.141301
 42 2.011150 0.000001 0.000001 0.000000 0.000000 1.532231
 43 2.141379 0.000000 -0.000000 0.000000 0.000000 3.141593
 44 1.734172 -0.000001 0.000001 -0.000000 0.000000 0.765986
 45 0.136315 -3.738193 2.525890 1.493698 2.759406 -1.474501
 46 3.726728 -0.053312 2.419488 -0.262762 2.898943 1.398576
 47 11.389366 -0.000820 0.158782 1.818459 -0.509791 -0.419909
 48 -0.000000 -4.440599 -0.000001 1.570144 -3.078602 0.004040
 49 6.000000 -0.000001 -0.000001 1.818459 -0.000000 -0.000000
 50 0.000002 -4.440600 -0.000002 1.569944 -3.078603 0.004053
 51 10.510131 0.000000 0.000003 0.000000 0.000000 -2.191038
 52 -0.000000 -1.748401 -5.000001 3.141593 0.004007 -1.539299
 53 5.499999 0.000000 0.000002 0.065580 0.000000 -0.000000
 54 0.000002 0.000001 -5.000000 -0.044472 3.137589 -0.000177
 55 6.551490 0.000000 -0.000000 -0.065580 -0.070832 -0.291943
 56 -1.266841 -1.937443 -4.950558 -0.066572 -2.988806 -0.110308
 57 6.551490 -0.000000 -0.000001 -0.065580 -0.070832 -0.291943
 58 0.699372 -1.944208 -5.006845 -0.027189 -3.088217 0.005298
 59 4.226147 -0.003202 0.000000 0.019820 -0.101683 0.262563
 60 0.000001 5.000000 0.000001 -0.153564 0.000087 2.718702
 61 0.000005 -0.000005 -3.713579 0.095503 -3.012510 -0.750673
 62 0.000001 0.000000 5.000000 3.053197 1.558589 -0.074927
 63 -0.000006 0.000005 3.713580 -0.334411 -2.825096 -0.524885
 64 -0.000001 -0.000000 -5.000000 -0.088728 1.558589 3.066333
 65 7.363604 1.646646 0.495662 -3.141593 -1.570796 0.000000
 66 -0.000006 0.000005 3.619081 -0.528285 -2.367383 -1.007256
 67 16.573921 -0.000001 0.000002 -0.000000 0.000000 -2.019199
 68 15.128181 0.000000 -0.000003 0.031619 0.086785 -0.033197
 69 5.758666 4.244731 0.000000 0.000000 -0.000000 2.033309
 70 3.177726 0.000001 -0.000000 0.000000 0.000000 3.141593
 71 15.708951 0.000002 -0.000004 0.016155 0.048356 -0.018185
 72 0.275149 0.189215 -3.445208 3.130898 0.000409 -1.514604
 73 17.210190 -0.000001 0.000002 0.000000 -0.000000 -2.322356
 74 0.000001 -0.000000 -5.000000 -0.079433 1.546568 -1.570859
 75 0.000007 -0.000005 -3.619080 0.196495 -3.011952 -1.279118
 76 16.573921 -0.000001 0.000000 -0.000000 -0.000000 -1.611348
 77 15.128181 -0.000000 0.000000 0.214418 -0.027533 0.774389
 78 5.758665 4.244731 -0.000001 -0.000000 -0.000000 1.483530
 79 4.003934 0.000000 0.000000 0.000000 0.000000 0.000000
 80 15.708954 0.000000 0.000001 0.153371 0.002792 0.528179
 81 0.273998 0.191089 3.439761 -3.130907 -0.000437 -1.508107
 82 17.210192 -0.000001 0.000000 0.000000 -0.000000 -2.138823
 83 0.000001 0.000001 5.000000 -0.079311 1.595025 -1.570737
time 13
  0 1.130557 9.712686 27.009436 -0.281436 0.436358 -2.443536
  1 11.368429 6.770639 -23.418964 -0.498313 0.132926 2.346876
  2 -2.276933 0.000003 -1.238186 -1.570795 -1.570451 0.000000
  3 1.797134 0.711900 -0.000834 0.260963 -0.187192 -0.052968
  4 4.118992 -0.003097 -0.000999 0.309711 0.035614 0.136501
  5 4.118991 -0.003099 -0.001001 0.310905 0.075081 0.148526
  6 4.118994 -0.003102 -0.000999 0.309626 0.034609 0.136205
  7 4.120359 -0.003073 -0.000044 0.012488 -0.199827 0.516690
  8 4.443598 0.000001 0.000000 -0.437182 0.008055 -0.597298
  9 9.024061 -0.000001 -0.000000 0.000000 0.000000 0.000000
 10 0.343943 0.024744 1.698108 -1.103184 -1.076418 -2.698589
 11 6.384777 0.000000 -0.000001 -0.317006 1.033020 0.029920
 12 10.242684 -0.000001 -0.000001 -0.000000 -0.000000 -0.716580
 13 11.375562 -0.000001 -0.000000 -0.881519 0.332705 0.174218
 14 0.728680 0.023431 -1.008292 1.705251 0.347372 0.567022
 15 2.136499 0.000002 -0.000000 -0.000000 -0.000000 0.287979
 16 2.313138 -0.000000 -0.000001 0.000000 0.000000 0.000000
 17 3.115506 -0.886040 -0.021430 -0.000782 0.000152 0.191986
 18 2.011150 -0.000000 -0.000000 -0.000000 0.000000 0.659566
 19 2.141379 0.000000 -0.000001 0.000000 0.000000 0.000000
 20 1.734173 -0.000001 -0.000001 -0.000000 -0.000000 0.330185
 21 0.000007 -4.440593 0.000000 1.570544 -0.062990 -0.195737
 22 5.999999 0.000000 0.000001 -1.053141 -0.000000 -0.000000
 23 0.000002 -4.440599 0.000001 1.569944 -0.062987 0.004053
 24 11.375561 -0.000000 0.000004 -1.237137 0.197640 0.061677
 25 -0.000001 -4.440605 -0.000001 1.570144 -0.062988 0.004040
 26 10.510132 -0.000002 0.000000 -0.000000 0.000000 -1.929086
 27 0.000000 -1.748400 4.999999 -0.000000 0.004007 1.602290
 28 5.500000 -0.000001 0.000003 0.147770 -0.000000 -0.000000
 29 -0.000000 -1.940598 4.999999 -0.044472 0.004003 -0.000180
 30 6.551492 0.000001 -0.000000 -0.252669 0.693494 0.136147
 31 0.000000 -1.940598 5.000001 -0.027189 -0.053376 0.005295
 32 6.551491 0.000001 -0.000000 -0.124516 0.322349 0.082594
 33 -0.000000 -1.940599 4.999994 -0.066572 -0.152786 -0.110311
 34 -0.343942 -0.017662 -1.698109 -2.495426 1.468030 0.105159
 35 6.384777 -0.000000 -0.000001 -0.068425 -0.462955 -0.932836
 36 10.242683 0.000000 0.000001 -0.000000 -0.000000 -1.593207
 37 11.375562 0.000000 0.000003 2.448484 -0.787869 -1.074025
 38 0.728681 0.023430 1.008292 -1.705251 -0.347372 0.567022
 39 2.136496 0.000001 0.000000 0.000000 -0.000000 0.287979
 40 2.313138 0.000001 -0.000001 0.000000 0.000000 3.141593
 41 3.115506 -0.886041 0.021432 0.253529 0.012992 0.141302
 42 2.011151 -0.000000 0.000001 -0.000000 -0.000000 1.532231
 43 2.141379 0.000001 0.000000 0.000000 0.000000 3.141593
 44 1.734172 -0.000001 0.000000 -0.000000 -0.000000 0.765986
 45 0.136316 -3.738192 2.525892 1.493698 2.759406 -1.474501
 46 3.726728 -0.053313 2.419487 -0.262762 2.898943 1.398576
 47 11.389365 -0.000819 0.158784 1.832880 -0.477316 -0.386233
 48 -0.000001 -4.440598 0.000002 1.570144 -3.078602 0.004040
 49 5.999999 -0.000000 0.000001 1.832880 0.000000 0.000000
 50 0.000001 -4.440601 -0.000000 1.569944 -3.078603 0.004053
 51 10.510134 0.000000 0.000002 0.000000 0.000000 -2.367400
 52 0.000001 -1.748400 -5.000002 -3.141593 0.004007 -1.539299
 53 5.500001 -0.000000 0.000000 0.062900 -0.000000 0.000000
 54 -0.000002 0.000001 -5.000001 -0.044472 3.137589 -0.000177
 55 6.551491 -0.000001 0.000000 -0.062900 -0.142840 -0.269192
 56 -1.266842 -1.937443 -4.950560 -0.066572 -2.988806 -0.110308
 57 6.551491 -0.000001 0.000000 -0.062900 -0.142840 -0.269192
 58 0.699371 -1.944208 -5.006846 -0.027189 -3.088217 0.005298
 59 4.226145 -0.003200 -0.000002 0.017955 -0.101527 0.273066
 60 -0.000000 5.000001 -0.000001 -0.153564 0.000087 2.718702
 61 0.000005 -0.000005 -3.713579 0.095503 -3.012510 -0.750673
 62 0.000001 0.000000 5.000000 3.053197 1.558589 -0.074927
 63 -0.000006 0.000005 3.713580 -0.334411 -2.825096 -0.524885
 64 -0.000001 -0.000000 -5.000000 -0.088728 1.558589 3.066333
 65 7.363604 1.646646 0.495662 -3.141593 -1.570796 0.000000
 66 -0.000006 0.000005 3.619081 -0.528285 -2.367383 -1.007256
 67 16.573921 -0.000001 0.000002 -0.000000 0.000000 -2.019199
 68 15.128181 0.000000 -0.000003 0.031619 0.086785 -0.033197
 69 5.758666 4.244731 0.000000 0.000000 -0.000000 2.033309
 70 3.177726 0.000001 -0.000000 0.000000 0.000000 3.141593
 71 15.708951 0.000002 -0.000004 0.016155 0.048356 -0.018185
 72 0.275149 0.189215 -3.445208 3.130898 0.000409 -1.514604
 73 17.210190 -0.000001 0.000002 0.000000 -0.000000 -2.322356
 74 0.000001 -0.000000 -5.000000 -0.079433 1.546568 -1.570859
 75 0.000007 -0.000005 -3.619080 0.196495 -3.011952 -1.279118
 76 16.573921 -0.000001 0.000000 -0.000000 -0.000000 -1.611348
 77 15.128181 -0.000000 0.000000 0.214418 -0.027533 0.774389
 78 5.758665 4.244731 -0.000001 -0.000000 -0.000000 1.483530
 79 4.003934 0.000000 0.000000 0.000000 0.000000 0.000000
 80 15.708954 0.000000 0.000001 0.153371 0.002792 0.528179
 81 0.273998 0.191089 3.439761 -3.130907 -0.000437 -1.508107
 82 17.210192 -0.000001 0.000000 0.000000 -0.000000 -2.138823
 83 0.000001 0.000001 5.000000 -0.079311 1.595025 -1.570737
time 14
  0 1.130557 9.712686 27.009436 -0.281436 0.436358 -2.443536
  1 11.368429 6.770639 -23.418964 -0.498313 0.132926 2.346876
  2 -2.276933 0.000003 -1.238186 -1.570795 -1.570451 0.000000
  3 1.797107 0.711928 -0.000929 0.290067 -0.155889 -0.057721
  4 4.119004 -0.003095 -0.001017 0.315062 0.022182 0.135214
  5 4.118997 -0.003091 -0.001017 0.315860 0.057139 0.146254
  6 4.118999 -0.003093 -0.001016 0.315015 0.021607 0.135007
  7 4.120401 -0.003051 -0.000026 0.007701 -0.199809 0.530971
  8 4.443598 0.000000 -0.000001 -0.498001 0.038472 -0.607918
  9 9.024061 -0.000001 -0.000001 0.000000 0.000000 0.000000
 10 0.343913 0.016612 1.698197 -1.078390 -1.103272 -2.727093
 11 6.384775 -0.000001 -0.000000 -0.355135 1.009599 -0.087668
 12 10.242682 -0.000001 -0.000003 0.000000 -0.000000 -0.614878
 13 11.375561 -0.000002 0.000002 -0.895275 0.306469 0.157725
 14 0.728680 0.023428 -1.008292 1.705251 0.347372 0.567022
 15 2.136497 -0.000001 -0.000000 0.000000 0.000000 0.287979
 16 2.313139 0.000001 -0.000000 0.000000 0.000000 0.000000
 17 3.115507 -0.886042 -0.021431 -0.000782 0.000152 0.191986
 18 2.011151 0.000000 0.000000 -0.000000 -0.000000 0.659566
 19 2.141380 -0.000000 0.000001 0.000000 0.000000 0.000000
 20 1.734173 0.000000 0.000001 0.000000 0.000000 0.330185
 21 0.000006 -4.440593 0.000000 1.570544 -0.062990 -0.195737
 22 6.000000 0.000000 0.000001 -1.062736 -0.000000 -0.000000
 23 0.000002 -4.440603 0.000001 1.569944 -0.062987 0.004053
 24 11.375562 -0.000000 0.000003 -1.242062 0.182654 0.056650
 25 -0.000001 -4.440606 -0.000001 1.570144 -0.062988 0.004040
 26 10.510130 -0.000001 -0.000002 0.000000 -0.000000 -1.878236
 27 0.000001 -1.748401 4.999999 -0.000000 0.004007 1.602291
 28 5.499999 -0.000001 -0.000001 0.147633 -0.000000 0.000000
 29 -0.000001 -1.940598 5.000000 -0.044472 0.004003 -0.000180
 30 6.551490 -0.000000 0.000000 -0.263961 0.671417 0.060793
 31 -0.000000 -1.940599 5.000003 -0.027189 -0.053376 0.005295
 32 6.551490 -0.000000 0.000000 -0.123513 0.316279 0.049990
 33 -0.000000 -1.940599 4.999996 -0.066572 -0.152786 -0.110311
 34 -0.343912 -0.009532 -1.698200 -2.515342 1.475180 0.072851
 35 6.384776 0.000001 -0.000002 -0.022698 -0.547506 -0.882003
 36 10.242682 0.000000 0.000001 0.000000 -0.000000 -1.665917
 37 11.375560 0.000003 0.000002 2.417207 -0.772137 -1.021508
 38 0.728680 0.023430 1.008293 -1.705251 -0.347372 0.567022
 39 2.136497 -0.000001 0.000001 -0.000000 -0.000000 0.287979
 40 2.313138 0.000000 0.000000 0.000000 0.000000 3.141593
 41 3.115506 -0.886042 0.021432 0.253529 0.012992 0.141301
 42 2.011150 -0.000000 0.000002 0.000000 -0.000000 1.532231
 43 2.141379 0.000001 -0.000001 0.000000 0.000000 3.141593
 44 1.734172 -0.000001 0.000001 0.000000 -0.000000 0.765986
 45 0.136315 -3.738193 2.525891 1.493698 2.759406 -1.474501
 46 3.726727 -0.053313 2.419487 -0.262762 2.898943 1.398576
 47 11.389366 -0.000818 0.158783 1.831293 -0.461976 -0.371102
 48 0.000000 -4.440598 0.000001 1.570144 -3.078602 0.004040
 49 6.000000 0.000001 0.000000 1.831292 -0.000000 -0.000000
 50 0.000001 -4.440600 0.000002 1.569944 -3.078603 0.004053
 51 10.510132 0.000001 0.000001 0.000000 0.000000 -2.403754
 52 -0.000001 -1.748400 -5.000000 -3.141593 0.004007 -1.539299
 53 5.500000 0.000001 0.000000 0.055320 -0.000000 0.000000
 54 0.000001 0.000001 -5.000000 -0.044472 3.137589 -0.000177
 55 6.551491 -0.000000 -0.000001 -0.055320 -0.176332 -0.257270
 56 -1.266845 -1.937443 -4.950561 -0.066572 -2.988806 -0.110308
 57 6.551491 -0.000000 -0.000001 -0.055320 -0.176332 -0.257270
 58 0.699371 -1.944209 -5.006846 -0.027189 -3.088217 0.005298
 59 4.226146 -0.003201 -0.000001 0.015944 -0.101659 0.279481
 60 0.000001 4.999999 0.000002 -0.153564 0.000087 2.718702
 61 0.000005 -0.000005 -3.713579 0.095503 -3.012510 -0.750673
 62 0.000001 0.000000 5.000000 3.053197 1.558589 -0.074927
 63 -0.000006 0.000005 3.713580 -0.334411 -2.825096 -0.524885
 64 -0.000001 -0.000000 -5.000000 -0.088728 1.558589 3.066333
 65 7.363604 1.646646 0.495662 -3.141593 -1.570796 0.000000
 66 -0.000006 0.000005 3.619081 -0.528285 -2.367383 -1.007256
 67 16.573921 -0.000001 0.000002 -0.000000 0.000000 -2.019199
 68 15.128181 0.000000 -0.000003 0.031619 0.086785 -0.033197
 69 5.758666 4.244731 0.000000 0.000000 -0.000000 2.033309
 70 3.177726 0.000001 -0.000000 0.000000 0.000000 3.141593
 71 15.708951 0.000002 -0.000004 0.016155 0.048356 -0.018185
 72 0.275149 0.189215 -3.445208 3.130898 0.000409 -1.514604
 73 17.210190 -0.000001 0.000002 0.000000 -0.000000 -2.322356
 74 0.000001 -0.000000 -5.000000 -0.079433 1.546568 -1.570859
 75 0.000007 -0.000005 -3.619080 0.196495 -3.011952 -1.279118
 76 16.573921 -0.000001 0.000000 -0.000000 -0.000000 -1.611348
 77 15.128181 -0.000000 0.000000 0.214418 -0.027533 0.774389
 78 5.758665 4.244731 -0.000001 -0.000000 -0.000000 1.483530
 79 4.003934 0.000000 0.000000 0.000000 0.000000 0.000000
 80 15.708954 0.000000 0.000001 0.153371 0.002792 0.528179
 81 0.273998 0.191089 3.439761 -3.130907 -0.000437 -1.508107
 82 17.210192 -0.000001 0.000000 0.000000 -0.000000 -2.138823
 83 0.000001 0.000001 5.000000 -0.079311 1.595025 -1.570737
time 15
  0 1.130557 9.712686 27.009436 -0.281436 0.436358 -2.443536
  1 11.368429 6.770639 -23.418964 -0.498313 0.132926 2.346876
  2 -2.276933 0.000003 -1.238186 -1.570795 -1.570451 0.000000
  3 1.797139 0.711944 -0.000980 0.306633 -0.153106 -0.049557
  4 4.119000 -0.003090 -0.001028 0.318483 0.011781 0.131712
  5 4.118996 -0.003087 -0.001028 0.318944 0.042891 0.141843
  6 4.119002 -0.003091 -0.001027 0.318465 0.011545 0.131576
  7 4.120432 -0.003032 -0.000010 0.002984 -0.199579 0.542247
  8 4.443597 0.000001 -0.000001 -0.533821 0.061847 -0.628717
  9 9.024058 -0.000000 -0.000001 0.000000 0.000000 0.000000
 10 0.343522 0.008602 1.698318 -1.043404 -1.135867 -2.760816
 11 6.384775 -0.000002 -0.000003 -0.291230 1.017902 -0.079140
 12 10.242682 -0.000001 -0.000002 0.000000 -0.000000 -0.672518
 13 11.375563 0.000002 -0.000000 -0.913409 0.269784 0.135710
 14 0.728681 0.023431 -1.008292 1.705251 0.347372 0.567022
 15 2.136496 -0.000002 0.000001 -0.000000 0.000000 0.287979
 16 2.313141 0.000000 -0.000001 0.000000 0.000000 0.000000
 17 3.115506 -0.886042 -0.021430 -0.000782 0.000152 0.191986
 18 2.011152 -0.000001 -0.000000 -0.000000 0.000000 0.659566
 19 2.141379 0.000001 -0.000001 0.000000 0.000000 0.000000
 20 1.734172 -0.000000 0.000000 -0.000000 -0.000000 0.330185
 21 0.000007 -4.440594 0.000002 1.570544 -0.062990 -0.195737
 22 6.000000 0.000000 0.000001 -1.075571 -0.000000 0.000000
 23 0.000002 -4.440601 -0.000001 1.569944 -0.062987 0.004053
 24 11.375562 0.000002 0.000004 -1.248792 0.161497 0.049671
 25 -0.000000 -4.440602 0.000001 1.570144 -0.062988 0.004040
 26 10.510130 -0.000001 -0.000004 0.000000 0.000000 -1.907055
 27 0.000001 -1.748402 5.000000 0.000000 0.004007 1.602291
 28 5.499999 -0.000001 -0.000000 0.124672 -0.000000 -0.000000
 29 -0.000003 -1.940598 5.000002 -0.044472 0.004003 -0.000180
 30 6.551491 -0.000001 -0.000001 -0.221584 0.663625 0.053565
 31 0.000001 -1.940598 5.000003 -0.027189 -0.053376 0.005295
 32 6.551491 -0.000001 -0.000001 -0.104464 0.314564 0.042976
 33 0.000001 -1.940598 4.999994 -0.066572 -0.152786 -0.110311
 34 -0.343521 -0.001521 -1.698321 -2.538395 1.483299 0.040549
 35 6.384776 0.000002 -0.000003 -0.019014 -0.640313 -0.802232
 36 10.242681 -0.000000 0.000001 -0.000000 0.000000 -1.713331
 37 11.375561 -0.000001 0.000001 2.379581 -0.793321 -0.967301
 38 0.728680 0.023430 1.008292 -1.705251 -0.347372 0.567022
 39 2.136497 0.000000 -0.000000 0.000000 -0.000000 0.287979
 40 2.313139 -0.000001 0.000000 0.000000 0.000000 3.141593
 41 3.115506 -0.886041 0.021431 0.253529 0.012992 0.141302
 42 2.011150 -0.000001 -0.000001 0.000000 -0.000000 1.532231
 43 2.141380 0.000000 -0.000000 0.000000 0.000000 3.141593
 44 1.734172 -0.000001 0.000001 -0.000000 0.000000 0.765986
 45 0.136314 -3.738193 2.525889 1.493698 2.759406 -1.474501
 46 3.726728 -0.053313 2.419487 -0.262762 2.898943 1.398576
 47 11.389366 -0.000820 0.158782 1.816621 -0.462784 -0.346773
 48 0.000000 -4.440599 0.000000 1.570144 -3.078602 0.004040
 49 6.000000 -0.000001 0.000001 1.816621 -0.000000 -0.000000
 50 0.000001 -4.440600 0.000000 1.569944 -3.078603 0.004053
 51 10.510131 -0.000000 0.000002 -0.000000 -0.000000 -2.427462
 52 -0.000001 -1.748400 -5.000001 3.141593 0.004007 -1.539299
 53 5.499999 -0.000000 0.000001 0.059578 0.000000 0.000000
 54 0.000001 0.000000 -5.000000 -0.044472 3.137589 -0.000177
 55 6.551491 0.000000 -0.000000 -0.059578 -0.207113 -0.240578
 56 -1.266841 -1.937443 -4.950559 -0.066572 -2.988806 -0.110308
 57 6.551492 0.000000 -0.000001 -0.059578 -0.207113 -0.240578
 58 0.699370 -1.944208 -5.006845 -0.027189 -3.088217 0.005298
 59 4.226144 -0.003200 -0.000001 0.013878 -0.101730 0.284503
 60 -0.000001 5.000002 -0.000001 -0.153564 0.000087 2.718702
 61 0.000005 -0.000005 -3.713579 0.095503 -3.012510 -0.750673
 62 0.000001 0.000000 5.000000 3.053197 1.558589 -0.074927
 63 -0.000006 0.000005 3.713580 -0.334411 -2.825096 -0.524885
 64 -0.000001 -0.000000 -5.000000 -0.088728 1.558589 3.066333
 65 7.363604 1.646646 0.495662 -3.141593 -1.570796 0.000000
 66 -0.000006 0.000005 3.619081 -0.528285 -2.367383 -1.007256
 67 16.573921 -0.000001 0.000002 -0.000000 0.000000 -2.019199
 68 15.128181 0.000000 -0.000003 0.031619 0.086785 -0.033197
 69 5.758666 4.244731 0.000000 0.000000 -0.000000 2.033309
 70 3.177726 0.000001 -0.000000 0.000000 0.000000 3.141593
 71 15.708951 0.000002 -0.000004 0.016155 0.048356 -0.018185
 72 0.275149 0.189215 -3.445208 3.130898 0.000409 -1.514604
 73 17.210190 -0.000001 0.000002 0.000000 -0.000000 -2.322356
 74 0.000001 -0.000000 -5.000000 -0.079433 1.546568 -1.570859
 75 0.000007 -0.000005 -3.619080 0.196495 -3.011952 -1.279118
 76 16.573921 -0.000001 0.000000 -0.000000 -0.000000 -1.611348
 77 15.128181 -0.000000 0.000000 0.214418 -0.027533 0.774389
 78 5.758665 4.244731 -0.000001 -0.000000 -0.000000 1.483530
 79 4.003934 0.000000 0.000000 0.000000 0.000000 0.000000
 80 15.708954 0.000000 0.000001 0.153371 0.002792 0.528179
 81 0.273998 0.191089 3.439761 -3.130907 -0.000437 -1.508107
 82 17.210192 -0.000001 0.000000 0.000000 -0.000000 -2.138823
 83 0.000001 0.000001 5.000000 -0.079311 1.595025 -1.570737
time 16
  0 1.130557 9.712686 27.009436 -0.281436 0.436358 -2.443536
  1 11.368429 6.770639 -23.418964 -0.498313 0.132926 2.346876
  2 -2.276933 0.000003 -1.238186 -1.570795 -1.570451 0.000000
  3 1.797155 0.711953 -0.001008 0.315586 -0.150765 -0.045202
  4 4.118994 -0.003090 -0.001032 0.320123 0.006112 0.127624
  5 4.118993 -0.003088 -0.001032 0.320381 0.034886 0.137162
  6 4.118992 -0.003089 -0.001032 0.320120 0.006069 0.127527
  7 4.120455 -0.003018 0.000006 -0.001667 -0.199155 0.550991
  8 4.443599 0.000001 0.000000 -0.551935 0.080377 -0.630619
  9 9.024061 -0.000001 -0.000001 0.000000 0.000000 0.000000
 10 0.342802 0.000704 1.698470 -0.999825 -1.171419 -2.799670
 11 6.384775 -0.000001 -0.000002 -0.165370 1.027790 0.003083
 12 10.242682 -0.000001 -0.000001 0.000000 0.000000 -0.775060
 13 11.375559 0.000000 -0.000002 -0.932311 0.228755 0.112383
 14 0.728682 0.023432 -1.008292 1.705251 0.347372 0.567022
 15 2.136498 -0.000002 -0.000000 -0.000000 0.000000 0.287979
 16 2.313139 0.000001 -0.000001 0.000000 0.000000 0.000000
 17 3.115507 -0.886041 -0.021432 -0.000782 0.000152 0.191986
 18 2.011150 0.000002 0.000002 0.000000 -0.000000 0.659566
 19 2.141379 -0.000000 -0.000001 0.000000 0.000000 0.000000
 20 1.734172 0.000002 0.000000 0.000000 0.000000 0.330185
 21 0.000005 -4.440593 0.000000 1.570544 -0.062990 -0.195737
 22 6.000000 0.000001 -0.000001 -1.089171 -0.000000 0.000000
 23 0.000000 -4.440601 -0.000000 1.569944 -0.062987 0.004053
 24 11.375562 0.000002 0.000001 -1.256116 0.137550 0.041932
 25 -0.000000 -4.440603 0.000001 1.570144 -0.062988 0.004040
 26 10.510129 -0.000001 0.000000 -0.000000 0.000000 -1.958326
 27 -0.000000 -1.748401 5.000000 0.000000 0.004007 1.602290
 28 5.500000 -0.000001 -0.000001 0.087566 -0.000000 0.000000
 29 -0.000001 -1.940599 5.000000 -0.044472 0.004003 -0.000180
 30 6.551491 0.000001 0.000000 -0.147182 0.657110 0.085152
 31 -0.000000 -1.940599 5.000000 -0.027189 -0.053376 0.005295
 32 6.551491 0.000001 0.000000 -0.074137 0.312731 0.050786
 33 -0.000001 -1.940599 4.999995 -0.066572 -0.152786 -0.110311
 34 -0.342800 0.006376 -1.698471 -2.692314 1.504862 -0.116988
 35 6.384776 0.000001 -0.000001 -0.001659 -0.847005 -0.699829
 36 10.242682 -0.000000 -0.000000 -0.000000 0.000000 -1.734868
 37 11.375559 0.000000 0.000002 2.346965 -0.778581 -0.827894
 38 0.728680 0.023431 1.008292 -1.705251 -0.347372 0.567022
 39 2.136497 -0.000000 -0.000000 0.000000 -0.000000 0.287979
 40 2.313139 0.000001 -0.000001 0.000000 0.000000 3.141593
 41 3.115506 -0.886041 0.021430 0.253529 0.012992 0.141302
 42 2.011151 -0.000000 -0.000001 -0.000000 -0.000000 1.532231
 43 2.141380 -0.000001 0.000000 0.000000 0.000000 3.141593
 44 1.734173 -0.000001 0.000000 -0.000000 0.000000 0.765986
 45 0.136315 -3.738193 2.525890 1.493698 2.759406 -1.474501
 46 3.726728 -0.053312 2.419487 -0.262762 2.898943 1.398576
 47 11.389366 -0.000819 0.158783 1.826858 -0.442401 -0.292112
 48 0.000001 -4.440598 0.000000 1.570144 -3.078602 0.004040
 49 5.999999 0.000000 0.000000 1.826858 0.000000 -0.000000
 50 0.000001 -4.440601 -0.000000 1.569944 -3.078603 0.004053
 51 10.510131 0.000000 0.000001 0.000000 0.000000 -2.438231
 52 0.000000 -1.748401 -5.000000 -3.141593 0.004007 -1.539299
 53 5.500000 0.000000 0.000000 0.073293 0.000000 -0.000000
 54 -0.000001 0.000001 -5.000000 -0.044472 3.137589 -0.000177
 55 6.551491 -0.000001 0.000001 -0.073293 -0.269600 -0.210684
 56 -1.266844 -1.937444 -4.950559 -0.066572 -2.988806 -0.110308
 57 6.551491 -0.000001 0.000001 -0.073293 -0.269600 -0.210684
 58 0.699371 -1.944209 -5.006845 -0.027189 -3.088217 0.005298
 59 4.226146 -0.003202 -0.000000 0.011768 -0.101738 0.288364
 60 -0.000001 5.000001 0.000000 -0.153564 0.000087 2.718702
 61 0.000005 -0.000005 -3.713579 0.095503 -3.012510 -0.750673
 62 0.000001 0.000000 5.000000 3.053197 1.558589 -0.074927
 63 -0.000006 0.000005 3.713580 -0.334411 -2.825096 -0.524885
 64 -0.000001 -0.000000 -5.000000 -0.088728 1.558589 3.066333
 65 7.363604 1.646646 0.495662 -3.141593 -1.570796 0.000000
 66 -0.000006 0.000005 3.619081 -0.528285 -2.367383 -1.007256
 67 16.573921 -0.000001 0.000002 -0.000000 0.000000 -2.019199
 68 15.128181 0.000000 -0.000003 0.031619 0.086785 -0.033197
 69 5.758666 4.244731 0.000000 0.000000 -0.000000 2.033309
 70 3.177726 0.000001 -0.000000 0.000000 0.000000 3.141593
 71 15.708951 0.000002 -0.000004 0.016155 0.048356 -0.018185
 72 0.275149 0.189215 -3.445208 3.130898 0.000409 -1.514604
 73 17.210190 -0.000001 0.000002 0.000000 -0.000000 -2.322356
 74 0.000001 -0.000000 -5.000000 -0.079433 1.546568 -1.570859
 75 0.000007 -0.000005 -3.619080 0.196495 -3.011952 -1.279118
 76 16.573921 -0.000001 0.000000 -0.000000 -0.000000 -1.611348
 77 15.128181 -0.000000 0.000000 0.214418 -0.027533 0.774389
 78 5.758665 4.244731 -0.000001 -0.000000 -0.000000 1.483530
 79 4.003934 0.000000 0.000000 0.000000 0.000000 0.000000
 80 15.708954 0.000000 0.000001 0.153371 0.002792 0.528179
 81 0.273998 0.191089 3.439761 -3.130907 -0.000437 -1.508107
 82 17.210192 -0.000001 0.000000 0.000000 -0.000000 -2.138823
 83 0.000001 0.000001 5.000000 -0.079311 1.595025 -1.570737
time 17
  0 1.130557 9.712686 27.009436 -0.281436 0.436358 -2.443536
  1 11.368429 6.770639 -23.418964 -0.498313 0.132926 2.346876
  2 -2.276933 0.000003 -1.238186 -1.570795 -1.570451 0.000000
  3 1.797160 0.711955 -0.001017 0.318158 -0.149929 -0.043974
  4 4.118990 -0.003090 -0.001034 0.320566 0.004514 0.125787
  5 4.118988 -0.003088 -0.001033 0.320762 0.032565 0.135132
  6 4.118990 -0.003090 -0.001034 0.320568 0.004530 0.125701
  7 4.120470 -0.003004 0.000020 -0.006255 -0.198554 0.557675
  8 4.443599 -0.000000 -0.000001 -0.556378 0.088792 -0.623458
  9 9.024060 0.000000 -0.000001 0.000000 0.000000 0.000000
 10 0.341782 -0.007091 1.698644 -0.944766 -1.209315 -2.847197
 11 6.384777 0.000001 0.000004 -0.006260 1.038033 0.123825
 12 10.242682 -0.000002 -0.000000 -0.000000 -0.000000 -0.901384
 13 11.375561 0.000001 -0.000001 -0.951556 0.183716 0.088164
 14 0.728681 0.023431 -1.008291 1.705251 0.347372 0.567022
 15 2.136497 -0.000001 0.000001 -0.000000 0.000000 0.287979
 16 2.313138 -0.000001 -0.000001 0.000000 0.000000 0.000000
 17 3.115506 -0.886041 -0.021431 -0.000782 0.000152 0.191986
 18 2.011151 0.000001 -0.000001 -0.000000 0.000000 0.659566
 19 2.141380 0.000000 -0.000001 0.000000 0.000000 0.000000
 20 1.734173 0.000002 -0.000001 0.000000 0.000000 0.330185
 21 0.000005 -4.440593 0.000001 1.570544 -0.062990 -0.195737
 22 6.000000 0.000001 -0.000002 -1.103235 -0.000000 -0.000000
 23 0.000002 -4.440598 -0.000000 1.569944 -0.062987 0.004053
 24 11.375561 0.000001 0.000004 -1.263925 0.110923 0.033517
 25 -0.000001 -4.440605 0.000000 1.570144 -0.062988 0.004040
 26 10.510131 -0.000002 -0.000000 0.000000 -0.000000 -2.021488
 27 -0.000000 -1.748402 4.999998 -0.000000 0.004007 1.602291
 28 5.500000 -0.000002 -0.000001 0.043000 -0.000000 0.000000
 29 -0.000002 -1.940598 5.000000 -0.044472 0.004003 -0.000180
 30 6.551491 -0.000000 0.000001 -0.056989 0.651681 0.134487
 31 0.000000 -1.940599 5.000003 -0.027189 -0.053376 0.005295
 32 6.551491 -0.000000 0.000001 -0.037751 0.311455 0.065493
 33 -0.000000 -1.940597 4.999999 -0.066572 -0.152786 -0.110311
 34 -0.341778 0.014167 -1.698645 3.124649 1.528103 -0.583326
 35 6.384776 0.000001 -0.000001 0.027688 -1.086795 -0.575679
 36 10.242684 -0.000000 0.000000 -0.000000 -0.000000 -1.716891
 37 11.375561 0.000002 0.000002 2.247179 -0.676727 -0.544775
 38 0.728680 0.023431 1.008290 -1.705251 -0.347372 0.567022
 39 2.136498 -0.000000 0.000000 0.000000 0.000000 0.287979
 40 2.313139 0.000002 -0.000000 0.000000 0.000000 3.141593
 41 3.115506 -0.886040 0.021430 0.253529 0.012992 0.141301
 42 2.011151 -0.000000 0.000000 -0.000000 -0.000000 1.532231
 43 2.141379 0.000001 0.000001 0.000000 0.000000 3.141593
 44 1.734172 -0.000001 0.000001 -0.000000 -0.000000 0.765986
 45 0.136316 -3.738192 2.525891 1.493698 2.759406 -1.474501
 46 3.726727 -0.053312 2.419485 -0.262762 2.898943 1.398576
 47 11.389366 -0.000818 0.158784 1.837669 -0.374871 -0.195056
 48 -0.000000 -4.440598 0.000001 1.570144 -3.078602 0.004040
 49 5.999999 0.000001 0.000001 1.837669 -0.000000 0.000000
 50 0.000001 -4.440601 -0.000001 1.569944 -3.078603 0.004053
 51 10.510133 0.000000 0.000000 0.000000 -0.000000 -2.429241
 52 -0.000000 -1.748399 -5.000002 -3.141593 0.004007 -1.539299
 53 5.500000 0.000001 0.000000 0.090420 -0.000000 -0.000000
 54 -0.000000 0.000001 -5.000000 -0.044472 3.137589 -0.000177
 55 6.551492 -0.000001 0.000001 -0.090420 -0.333627 -0.171389
 56 -1.266843 -1.937442 -4.950561 -0.066572 -2.988806 -0.110308
 57 6.551492 -0.000002 0.000001 -0.090420 -0.333627 -0.171389
 58 0.699372 -1.944208 -5.006847 -0.027189 -3.088217 0.005298
 59 4.226147 -0.003203 0.000000 0.009623 -0.101681 0.291291
 60 -0.000001 5.000000 -0.000000 -0.153564 0.000087 2.718702
 61 0.000005 -0.000005 -3.713579 0.095503 -3.012510 -0.750673
 62 0.000001 0.000000 5.000000 3.053197 1.558589 -0.074927
 63 -0.000006 0.000005 3.713580 -0.334411 -2.825096 -0.524885
 64 -0.000001 -0.000000 -5.000000 -0.088728 1.558589 3.066333
 65 7.363604 1.646646 0.495662 -3.141593 -1.570796 0.000000
 66 -0.000006 0.000005 3.619081 -0.528285 -2.367383 -1.007256
 67 16.573921 -0.000001 0.000002 -0.000000 0.000000 -2.019199
 68 15.128181 0.000000 -0.000003 0.031619 0.086785 -0.033197
 69 5.758666 4.244731 0.000000 0.000000 -0.000000 2.033309
 70 3.177726 0.000001 -0.000000 0.000000 0.000000 3.141593
 71 15.708951 0.000002 -0.000004 0.016155 0.048356 -0.018185
 72 0.275149 0.189215 -3.445208 3.130898 0.000409 -1.514604
 73 17.210190 -0.000001 0.000002 0.000000 -0.000000 -2.322356
 74 0.000001 -0.000000 -5.000000 -0.079433 1.546568 -1.570859
 75 0.000007 -0.000005 -3.619080 0.196495 -3.011952 -1.279118
 76 16.573921 -0.000001 0.000000 -0.000000 -0.000000 -1.611348
 77 15.128181 -0.000000 0.000000 0.214418 -0.027533 0.774389
 78 5.758665 4.244731 -0.000001 -0.000000 -0.000000 1.483530
 79 4.003934 0.000000 0.000000 0.000000 0.000000 0.000000
 80 15.708954 0.000000 0.000001 0.153371 0.002792 0.528179
 81 0.273998 0.191089 3.439761 -3.130907 -0.000437 -1.508107
 82 17.210192 -0.000001 0.000000 0.000000 -0.000000 -2.138823
 83 0.000001 0.000001 5.000000 -0.079311 1.595025 -1.570737
time 18
  0 1.130557 9.712686 27.009436 -0.281436 0.436358 -2.443536
  1 11.368429 6.770639 -23.418964 -0.498313 0.132926 2.346876
  2 -2.276933 0.000003 -1.238186 -1.570795 -1.570451 0.000000
  3 1.797162 0.711957 -0.001022 0.319897 -0.149225 -0.043152
  4 4.118987 -0.003090 -0.001035 0.320831 0.003419 0.124240
  5 4.118981 -0.003086 -0.001034 0.320981 0.030940 0.133439
  6 4.118986 -0.003091 -0.001034 0.320836 0.003476 0.124161
  7 4.120483 -0.002997 0.000037 -0.010786 -0.197793 0.562773
  8 4.443599 -0.000001 -0.000001 -0.557048 0.097202 -0.612250
  9 9.024059 -0.000000 -0.000001 0.000000 0.000000 0.000000
 10 0.340488 -0.014789 1.698838 -0.873757 -1.248777 -2.908516
 11 6.384777 0.000002 0.000003 0.158048 1.035540 0.243107
 12 10.242684 -0.000002 -0.000004 0.000000 -0.000000 -1.037119
 13 11.375562 0.000002 0.000001 -0.970777 0.135025 0.063406
 14 0.728681 0.023430 -1.008293 1.705251 0.347372 0.567022
 15 2.136497 0.000000 0.000001 -0.000000 0.000000 0.287979
 16 2.313140 0.000000 -0.000000 0.000000 0.000000 0.000000
 17 3.115507 -0.886042 -0.021432 -0.000782 0.000152 0.191986
 18 2.011152 0.000000 0.000000 -0.000000 -0.000000 0.659566
 19 2.141380 -0.000000 0.000001 0.000000 0.000000 0.000000
 20 1.734173 0.000001 0.000002 -0.000000 0.000000 0.330185
 21 0.000007 -4.440593 0.000001 1.570544 -0.062990 -0.195737
 22 5.999999 0.000000 0.000002 -1.117479 -0.000000 0.000000
 23 0.000001 -4.440600 0.000001 1.569944 -0.062987 0.004053
 24 11.375562 0.000002 0.000004 -1.272112 0.081789 0.024534
 25 0.000001 -4.440603 0.000000 1.570144 -0.062988 0.004040
 26 10.510130 -0.000002 -0.000004 0.000000 0.000000 -2.089356
 27 0.000000 -1.748401 4.999999 0.000000 0.004007 1.602290
 28 5.500000 -0.000001 -0.000003 -0.006421 -0.000000 0.000000
 29 -0.000002 -1.940598 5.000000 -0.044472 0.004003 -0.000180
 30 6.551491 0.000001 0.000001 0.039833 0.641119 0.175466
 31 0.000001 -1.940599 5.000002 -0.027189 -0.053376 0.005295
 32 6.551491 0.000001 0.000001 0.002871 0.308569 0.076209
 33 -0.000001 -1.940598 4.999998 -0.066572 -0.152786 -0.110311
 34 -0.340485 0.021865 -1.698839 2.143102 1.528715 -1.562858
 35 6.384777 -0.000002 0.000001 0.049991 -1.300372 -0.422388
 36 10.242683 -0.000002 -0.000001 0.000000 0.000000 -1.669275
 37 11.375560 -0.000000 0.000001 2.095924 -0.470682 -0.243725
 38 0.728680 0.023431 1.008292 -1.705251 -0.347372 0.567022
 39 2.136497 -0.000001 0.000000 0.000000 -0.000000 0.287979
 40 2.313139 -0.000000 0.000000 0.000000 0.000000 3.141593
 41 3.115506 -0.886041 0.021431 0.253529 0.012992 0.141302
 42 2.011150 -0.000001 -0.000000 0.000000 -0.000000 1.532231
 43 2.141381 -0.000000 0.000000 0.000000 0.000000 3.141593
 44 1.734172 -0.000001 0.000000 -0.000000 0.000000 0.765986
 45 0.136313 -3.738191 2.525890 1.493698 2.759406 -1.474501
 46 3.726727 -0.053312 2.419486 -0.262762 2.898943 1.398576
 47 11.389364 -0.000819 0.158782 1.813061 -0.263170 -0.091819
 48 -0.000001 -4.440599 -0.000001 1.570144 -3.078602 0.004040
 49 5.999999 0.000001 -0.000000 1.813061 -0.000000 -0.000000
 50 0.000002 -4.440602 -0.000000 1.569944 -3.078603 0.004053
 51 10.510132 -0.000002 0.000000 0.000000 -0.000000 -2.405434
 52 0.000000 -1.748400 -5.000001 -3.141593 0.004007 -1.539299
 53 5.499999 -0.000000 0.000000 0.098767 -0.000000 -0.000000
 54 -0.000000 0.000000 -5.000000 -0.044472 3.137590 -0.000177
 55 6.551490 -0.000001 0.000000 -0.098767 -0.386330 -0.129335
 56 -1.266841 -1.937445 -4.950559 -0.066572 -2.988806 -0.110308
 57 6.551491 -0.000001 -0.000000 -0.098767 -0.386330 -0.129335
 58 0.699373 -1.944209 -5.006846 -0.027189 -3.088217 0.005298
 59 4.226146 -0.003202 -0.000000 0.007454 -0.101561 0.293504
 60 0.000001 4.999999 0.000000 -0.153564 0.000087 2.718701
 61 0.000005 -0.000005 -3.713579 0.095503 -3.012510 -0.750673
 62 0.000001 0.000000 5.000000 3.053197 1.558589 -0.074927
 63 -0.000006 0.000005 3.713580 -0.334411 -2.825096 -0.524885
 64 -0.000001 -0.000000 -5.000000 -0.088728 1.558589 3.066333
 65 7.363604 1.646646 0.495662 -3.141593 -1.570796 0.000000
 66 -0.000006 0.000005 3.619081 -0.528285 -2.367383 -1.007256
 67 16.573921 -0.000001 0.000002 -0.000000 0.000000 -2.019199
 68 15.128181 0.000000 -0.000003 0.031619 0.086785 -0.033197
 69 5.758666 4.244731 0.000000 0.000000 -0.000000 2.033309
 70 3.177726 0.000001 -0.000000 0.000000 0.000000 3.141593
 71 15.708951 0.000002 -0.000004 0.016155 0.048356 -0.018185
 72 0.275149 0.189215 -3.445208 3.130898 0.000409 -1.514604
 73 17.210190 -0.000001 0.000002 0.000000 -0.000000 -2.322356
 74 0.000001 -0.000000 -5.000000 -0.079433 1.546568 -1.570859
 75 0.000007 -0.000005 -3.619080 0.196495 -3.011952 -1.279118
 76 16.573921 -0.000001 0.000000 -0.000000 -0.000000 -1.611348
 77 15.128181 -0.000000 0.000000 0.214418 -0.027533 0.774389
 78 5.758665 4.244731 -0.000001 -0.000000 -0.000000 1.483530
 79 4.003934 0.000000 0.000000 0.000000 0.000000 0.000000
 80 15.708954 0.000000 0.000001 0.153371 0.002792 0.528179
 81 0.273998 0.191089 3.439761 -3.130907 -0.000437 -1.508107
 82 17.210192 -0.000001 0.000000 0.000000 -0.000000 -2.138823
 83 0.000001 0.000001 5.000000 -0.079311 1.595025 -1.570737
time 19
  0 1.130557 9.712686 27.009436 -0.281436 0.436358 -2.443536
  1 11.368429 6.770639 -23.418964 -0.498313 0.132926 2.346876
  2 -2.276933 0.000003 -1.238186 -1.570795 -1.570451 0.000000
  3 1.797167 0.711961 -0.001034 0.323697 -0.146504 -0.041370
  4 4.118974 -0.003090 -0.001035 0.321064 0.000722 0.119339
  5 4.118971 -0.003089 -0.001035 0.321090 0.026759 0.128115
  6 4.118972 -0.003092 -0.001035 0.321075 0.000881 0.119280
  7 4.120493 -0.002990 0.000052 -0.015267 -0.196888 0.566759
  8 4.443598 0.000000 -0.000000 -0.557046 0.116609 -0.593627
  9 9.024061 -0.000001 -0.000000 0.000000 0.000000 0.000000
 10 0.338951 -0.022405 1.699047 -0.779771 -1.288738 -2.991295
 11 6.384777 0.000001 0.000001 0.306439 1.008645 0.335625
 12 10.242682 -0.000002 0.000001 0.000000 0.000000 -1.173249
 13 11.375562 0.000002 -0.000000 -0.989666 0.083065 0.038400
 14 0.728680 0.023431 -1.008292 1.705251 0.347372 0.567022
 15 2.136497 0.000001 -0.000000 -0.000000 0.000000 0.287979
 16 2.313140 0.000001 -0.000000 0.000000 0.000000 0.000000
 17 3.115506 -0.886040 -0.021431 -0.000782 0.000152 0.191986
 18 2.011151 0.000001 0.000000 -0.000000 0.000000 0.659566
 19 2.141380 -0.000000 0.000000 0.000000 0.000000 0.000000
 20 1.734172 0.000002 0.000001 -0.000000 0.000000 0.330185
 21 0.000005 -4.440594 0.000001 1.570544 -0.062990 -0.195737
 22 5.999999 0.000001 0.000000 -1.131643 -0.000000 0.000000
 23 -0.000000 -4.440602 0.000000 1.569944 -0.062987 0.004053
 24 11.375560 0.000001 0.000003 -1.280575 0.050414 0.015117
 25 -0.000000 -4.440602 0.000001 1.570144 -0.062988 0.004040
 26 10.510130 -0.000001 0.000001 -0.000000 -0.000000 -2.157421
 27 -0.000001 -1.748402 5.000001 0.000000 0.004007 1.602290
 28 5.500000 -0.000002 -0.000001 -0.060305 0.000000 0.000000
 29 -0.000000 -1.940599 5.000000 -0.044472 0.004003 -0.000180
 30 6.551492 0.000001 0.000001 0.140591 0.622203 0.198756
 31 0.000001 -1.940599 5.000000 -0.027189 -0.053376 0.005295
 32 6.551492 0.000001 0.000001 0.047547 0.302292 0.079252
 33 -0.000000 -1.940600 4.999995 -0.066572 -0.152786 -0.110311
 34 -0.338948 0.029483 -1.699046 1.547239 1.493883 -2.155117
 35 6.384778 -0.000003 0.000001 -0.009700 -1.468897 -0.185125
 36 10.242682 -0.000002 0.000000 0.000000 -0.000000 -1.595390
 37 11.375561 0.000002 0.000000 1.969195 -0.171536 -0.054148
 38 0.728680 0.023430 1.008292 -1.705251 -0.347372 0.567022
 39 2.136497 -0.000000 0.000001 0.000000 -0.000000 0.287979
 40 2.313139 0.000001 0.000000 0.000000 0.000000 3.141593
 41 3.115505 -0.886041 0.021432 0.253529 0.012992 0.141302
 42 2.011151 -0.000000 -0.000001 -0.000000 -0.000000 1.532231
 43 2.141381 0.000001 0.000000 0.000000 0.000000 3.141593
 44 1.734172 -0.000001 -0.000000 0.000000 -0.000000 0.765986
 45 0.136314 -3.738192 2.525890 1.493698 2.759406 -1.474501
 46 3.726726 -0.053312 2.419487 -0.262762 2.898943 1.398576
 47 11.389365 -0.000819 0.158782 1.768665 -0.099333 -0.020953
 48 0.000000 -4.440599 0.000001 1.570144 -3.078602 0.004040
 49 5.999999 0.000000 0.000000 1.768665 -0.000000 0.000000
 50 0.000003 -4.440602 0.000001 1.569944 -3.078603 0.004053
 51 10.510132 -0.000003 0.000001 -0.000000 0.000000 -2.368491
 52 0.000000 -1.748399 -5.000000 -3.141593 0.004007 -1.539299
 53 5.500000 -0.000003 -0.000001 0.084853 0.000000 -0.000000
 54 0.000001 -0.000000 -5.000000 -0.044472 3.137589 -0.000177
 55 6.551491 -0.000002 0.000001 -0.084853 -0.434295 -0.081711
 56 -1.266842 -1.937444 -4.950559 -0.066572 -2.988806 -0.110308
 57 6.551491 -0.000002 0.000000 -0.084853 -0.434295 -0.081711
 58 0.699369 -1.944207 -5.006847 -0.027189 -3.088217 0.005298
 59 4.226147 -0.003202 -0.000000 0.005270 -0.101379 0.295218
 60 -0.000000 5.000002 -0.000001 -0.153564 0.000087 2.718702
 61 0.000005 -0.000005 -3.713579 0.095503 -3.012510 -0.750673
 62 0.000001 0.000000 5.000000 3.053197 1.558589 -0.074927
 63 -0.000006 0.000005 3.713580 -0.334411 -2.825096 -0.524885
 64 -0.000001 -0.000000 -5.000000 -0.088728 1.558589 3.066333
 65 7.363604 1.646646 0.495662 -3.141593 -1.570796 0.000000
 66 -0.000006 0.000005 3.619081 -0.528285 -2.367383 -1.007256
 67 16.573921 -0.000001 0.000002 -0.000000 0.000000 -2.019199
 68 15.128181 0.000000 -0.000003 0.031619 0.086785 -0.033197
 69 5.758666 4.244731 0.000000 0.000000 -0.000000 2.033309
 70 3.177726 0.000001 -0.000000 0.000000 0.000000 3.141593
 71 15.708951 0.000002 -0.000004 0.016155 0.048356 -0.018185
 72 0.275149 0.189215 -3.445208 3.130898 0.000409 -1.514604
 73 17.210190 -0.000001 0.000002 0.000000 -0.000000 -2.322356
 74 0.000001 -0.000000 -5.000000 -0.079433 1.546568 -1.570859
 75 0.000007 -0.000005 -3.619080 0.196495 -3.011952 -1.279118
 76 16.573921 -0.000001 0.000000 -0.000000 -0.000000 -1.611348
 77 15.128181 -0.000000 0.000000 0.214418 -0.027533 0.774389
 78 5.758665 4.244731 -0.000001 -0.000000 -0.000000 1.483530
 79 4.003934 0.000000 0.000000 0.000000 0.000000 0.000000
 80 15.708954 0.000000 0.000001 0.153371 0.002792 0.528179
 81 0.273998 0.191089 3.439761 -3.130907 -0.000437 -1.508107
 82 17.210192 -0.000001 0.000000 0.000000 -0.000000 -2.138823
 83 0.000001 0.000001 5.000000 -0.079311 1.595025 -1.570737
time 20
  0 1.130557 9.712686 27.009436 -0.281436 0.436358 -2.443536
  1 11.368429 6.770639 -23.418964 -0.498313 0.132926 2.346876
  2 -2.276933 0.000003 -1.238186 -1.570795 -1.570451 0.000000
  3 1.797166 0.711964 -0.001043 0.326461 -0.140610 -0.040126
  4 4.118949 -0.003094 -0.001033 0.320088 -0.002250 0.110769
  5 4.118952 -0.003095 -0.001032 0.319948 0.021629 0.118889
  6 4.118948 -0.003093 -0.001032 0.320106 -0.001978 0.110731
  7 4.120497 -0.002983 0.000066 -0.019704 -0.195856 0.570105
  8 4.443599 -0.000002 0.000001 -0.549033 0.144174 -0.562715
  9 9.024060 -0.000001 -0.000001 0.000000 0.000000 0.000000
 10 0.337198 -0.029955 1.699265 -0.651818 -1.327608 -3.107152
 11 6.384776 -0.000002 -0.000001 0.432460 0.960537 0.399810
 12 10.242682 -0.000003 -0.000002 -0.000000 0.000000 -1.303661
 13 11.375560 0.000002 -0.000002 -1.007968 0.028239 0.013375
 14 0.728681 0.023431 -1.008292 1.705251 0.347372 0.567022
 15 2.136495 -0.000000 0.000001 -0.000000 0.000000 0.287979
 16 2.313140 -0.000001 -0.000000 0.000000 0.000000 0.000000
 17 3.115506 -0.886040 -0.021432 -0.000782 0.000152 0.191986
 18 2.011151 0.000001 -0.000001 0.000000 0.000000 0.659566
 19 2.141379 -0.000000 0.000001 0.000000 0.000000 0.000000
 20 1.734173 0.000000 -0.000001 0.000000 0.000000 0.330185
 21 0.000006 -4.440591 -0.000000 1.570544 -0.062990 -0.195737
 22 6.000000 0.000000 -0.000002 -1.145502 -0.000000 -0.000000
 23 -0.000000 -4.440601 0.000000 1.569944 -0.062987 0.004053
 24 11.375561 0.000001 -0.000000 -1.289219 0.017175 0.005429
 25 -0.000003 -4.440603 0.000000 1.570144 -0.062988 0.004040
 26 10.510129 -0.000002 -0.000001 0.000000 0.000000 -2.222627
 27 -0.000001 -1.748401 5.000000 0.000000 0.004007 1.602290
 28 5.500000 -0.000003 -0.000002 -0.114525 0.000000 0.000000
 29 -0.000001 -1.940598 5.000002 -0.044472 0.004003 -0.000180
 30 6.551491 -0.000001 0.000000 0.239393 0.599372 0.212170
 31 -0.000000 -1.940597 5.000000 -0.027189 -0.053376 0.005295
 32 6.551491 -0.000001 0.000000 0.092679 0.293895 0.078555
 33 -0.000001 -1.940600 4.999994 -0.066572 -0.152786 -0.110311
 34 -0.337195 0.037027 -1.699263 1.319493 1.439956 -2.378499
 35 6.384776 -0.000001 -0.000002 1.410672 -1.589865 -1.466291
 36 10.242683 -0.000002 0.000000 0.000000 0.000000 -1.507037
 37 11.375560 0.000000 -0.000000 1.888532 0.145293 0.014566
 38 0.728680 0.023431 1.008293 -1.705251 -0.347372 0.567022
 39 2.136497 0.000002 -0.000001 0.000000 -0.000000 0.287979
 40 2.313138 -0.000001 0.000001 0.000000 0.000000 3.141593
 41 3.115505 -0.886041 0.021432 0.253529 0.012992 0.141301
 42 2.011149 0.000000 0.000000 0.000000 -0.000000 1.532231
 43 2.141379 0.000000 -0.000000 0.000000 0.000000 3.141593
 44 1.734172 -0.000002 0.000000 -0.000000 -0.000000 0.765986
 45 0.136314 -3.738192 2.525890 1.493698 2.759406 -1.474501
 46 3.726727 -0.053313 2.419486 -0.262762 2.898943 1.398576
 47 11.389365 -0.000819 0.158781 1.729295 0.082511 0.001500
 48 0.000001 -4.440599 -0.000000 1.570144 -3.078602 0.004040
 49 5.999999 -0.000000 -0.000000 1.729295 -0.000000 -0.000000
 50 0.000003 -4.440602 0.000000 1.569944 -3.078603 0.004053
 51 10.510132 -0.000001 0.000001 0.000000 -0.000000 -2.324315
 52 -0.000000 -1.748400 -5.000000 3.141593 0.004007 -1.539299
 53 5.500000 -0.000001 -0.000000 0.039659 0.000000 0.000000
 54 0.000001 -0.000000 -5.000000 -0.044472 3.137589 -0.000177
 55 6.551490 -0.000002 -0.000000 -0.039659 -0.475386 -0.021017
 56 -1.266844 -1.937443 -4.950560 -0.066572 -2.988806 -0.110308
 57 6.551491 -0.000002 -0.000001 -0.039659 -0.475386 -0.021017
 58 0.699372 -1.944209 -5.006845 -0.027189 -3.088217 0.005298
 59 4.226145 -0.003202 -0.000000 0.003081 -0.101139 0.296648
 60 0.000001 4.999998 0.000001 -0.153564 0.000087 2.718702
 61 0.000005 -0.000005 -3.713579 0.095503 -3.012510 -0.750673
 62 0.000001 0.000000 5.000000 3.053197 1.558589 -0.074927
 63 -0.000006 0.000005 3.713580 -0.334411 -2.825096 -0.524885
 64 -0.000001 -0.000000 -5.000000 -0.088728 1.558589 3.066333
 65 7.363604 1.646646 0.495662 -3.141593 -1.570796 0.000000
 66 -0.000006 0.000005 3.619081 -0.528285 -2.367383 -1.007256
 67 16.573921 -0.000001 0.000002 -0.000000 0.000000 -2.019199
 68 15.128181 0.000000 -0.000003 0.031619 0.086785 -0.033197
 69 5.758666 4.244731 0.000000 0.000000 -0.000000 2.033309
 70 3.177726 0.000001 -0.000000 0.000000 0.000000 3.141593
 71 15.708951 0.000002 -0.000004 0.016155 0.048356 -0.018185
 72 0.275149 0.189215 -3.445208 3.130898 0.000409 -1.514604
 73 17.210190 -0.000001 0.000002 0.000000 -0.000000 -2.322356
 74 0.000001 -0.000000 -5.000000 -0.079433 1.546568 -1.570859
 75 0.000007 -0.000005 -3.619080 0.196495 -3.011952 -1.279118
 76 16.573921 -0.000001 0.000000 -0.000000 -0.000000 -1.611348
 77 15.128181 -0.000000 0.000000 0.214418 -0.027533 0.774389
 78 5.758665 4.244731 -0.000001 -0.000000 -0.000000 1.483530
 79 4.003934 0.000000 0.000000 0.000000 0.000000 0.000000
 80 15.708954 0.000000 0.000001 0.153371 0.002792 0.528179
 81 0.273998 0.191089 3.439761 -3.130907 -0.000437 -1.508107
 82 17.210192 -0.000001 0.000000 0.000000 -0.000000 -2.138823
 83 0.000001 0.000001 5.000000 -0.079311 1.595025 -1.570737
time 21
  0 1.130557 9.712686 27.009436 -0.281436 0.436358 -2.443536
  1 11.368429 6.770639 -23.418964 -0.498313 0.132926 2.346876
  2 -2.276933 0.000003 -1.238186 -1.570795 -1.570451 0.000000
  3 1.797155 0.711963 -0.001043 0.325807 -0.131248 -0.040577
  4 4.118917 -0.003100 -0.001023 0.317171 -0.004354 0.099055
  5 4.118917 -0.003100 -0.001022 0.316868 0.017070 0.106377
  6 4.118916 -0.003102 -0.001023 0.317193 -0.004002 0.099031
  7 4.120509 -0.002984 0.000084 -0.024106 -0.194713 0.573286
  8 4.443597 0.000002 -0.000001 -0.527923 0.174907 -0.517495
  9 9.024062 -0.000002 -0.000000 0.000000 0.000000 0.000000
 10 0.335254 -0.037436 1.699483 -0.473805 -1.362854 3.010383
 11 6.384776 0.000001 0.000001 0.536365 0.897559 0.436712
 12 10.242682 -0.000003 -0.000000 -0.000000 -0.000000 -1.423567
 13 11.375559 0.000002 -0.000001 -1.025482 -0.029026 -0.011494
 14 0.728680 0.023432 -1.008292 1.705251 0.347372 0.567022
 15 2.136497 -0.000000 -0.000000 -0.000000 0.000000 0.287979
 16 2.313138 0.000001 -0.000000 0.000000 0.000000 0.000000
 17 3.115506 -0.886040 -0.021430 -0.000782 0.000152 0.191986
 18 2.011150 0.000002 0.000000 -0.000000 -0.000000 0.659566
 19 2.141379 0.000000 -0.000000 0.000000 0.000000 0.000000
 20 1.734170 0.000002 -0.000001 0.000000 -0.000000 0.330185
 21 0.000007 -4.440593 -0.000000 1.570544 -0.062990 -0.195737
 22 6.000000 0.000000 -0.000001 -1.158880 0.000000 0.000000
 23 -0.000000 -4.440602 -0.000001 1.569944 -0.062987 0.004053
 24 11.375561 0.000001 0.000002 -1.297960 -0.017435 -0.004344
 25 -0.000000 -4.440604 0.000000 1.570144 -0.062988 0.004040
 26 10.510130 -0.000002 0.000000 -0.000000 -0.000000 -2.282580
 27 0.000000 -1.748402 4.999998 -0.000000 0.004007 1.602291
 28 5.499999 -0.000001 0.000001 -0.164826 -0.000000 0.000000
 29 -0.000001 -1.940597 5.000001 -0.044472 0.004003 -0.000180
 30 6.551491 0.000001 0.000001 0.330072 0.575775 0.220937
 31 0.000001 -1.940598 5.000001 -0.027189 -0.053376 0.005295
 32 6.551491 0.000001 0.000001 0.134563 0.284573 0.076772
 33 -0.000000 -1.940598 4.999997 -0.066572 -0.152786 -0.110311
 34 -0.335252 0.044519 -1.699484 1.221284 1.385035 -2.473872
 35 6.384776 -0.000001 -0.000000 0.604132 -1.624292 -0.601431
 36 10.242681 -0.000002 0.000001 -0.000000 0.000000 -1.430332
 37 11.375559 0.000000 -0.000001 1.855449 0.350210 0.014420
 38 0.728681 0.023431 1.008291 -1.705251 -0.347372 0.567022
 39 2.136497 -0.000000 -0.000000 0.000000 -0.000000 0.287979
 40 2.313139 0.000001 -0.000001 0.000000 0.000000 3.141593
 41 3.115506 -0.886041 0.021431 0.253529 0.012992 0.141302
 42 2.011150 0.000000 -0.000000 -0.000000 0.000000 1.532231
 43 2.141379 0.000000 -0.000001 0.000000 0.000000 3.141593
 44 1.734173 -0.000001 -0.000001 0.000000 0.000000 0.765986
 45 0.136314 -3.738193 2.525890 1.493698 2.759406 -1.474501
 46 3.726727 -0.053313 2.419486 -0.262762 2.898943 1.398576
 47 11.389365 -0.000818 0.158780 1.710634 0.191641 -0.007237
 48 0.000002 -4.440599 0.000001 1.570144 -3.078602 0.004040
 49 5.999999 0.000000 -0.000001 1.710634 0.000000 0.000000
 50 0.000003 -4.440601 0.000000 1.569944 -3.078603 0.004053
 51 10.510131 -0.000003 0.000001 -0.000000 -0.000000 -2.285962
 52 0.000001 -1.748401 -5.000000 -3.141593 0.004007 -1.539299
 53 5.500000 -0.000002 -0.000000 0.009408 -0.000000 -0.000000
 54 -0.000001 0.000000 -5.000000 -0.044472 3.137589 -0.000177
 55 6.551490 0.000000 -0.000001 -0.009408 -0.491054 0.013221
 56 -1.266842 -1.937444 -4.950560 -0.066572 -2.988806 -0.110308
 57 6.551490 -0.000000 -0.000001 -0.009408 -0.491054 0.013221
 58 0.699372 -1.944209 -5.006847 -0.027189 -3.088217 0.005298
 59 4.226146 -0.003203 -0.000000 0.000897 -0.100845 0.298007
 60 -0.000001 5.000001 -0.000000 -0.153564 0.000087 2.718702
 61 0.000005 -0.000005 -3.713579 0.095503 -3.012510 -0.750673
 62 0.000001 0.000000 5.000000 3.053197 1.558589 -0.074927
 63 -0.000006 0.000005 3.713580 -0.334411 -2.825096 -0.524885
 64 -0.000001 -0.000000 -5.000000 -0.088728 1.558589 3.066333
 65 7.363604 1.646646 0.495662 -3.141593 -1.570796 0.000000
 66 -0.000006 0.000005 3.619081 -0.528285 -2.367383 -1.007256
 67 16.573921 -0.000001 0.000002 -0.000000 0.000000 -2.019199
 68 15.128181 0.000000 -0.000003 0.031619 0.086785 -0.033197
 69 5.758666 4.244731 0.000000 0.000000 -0.000000 2.033309
 70 3.177726 0.000001 -0.000000 0.000000 0.000000 3.141593
 71 15.708951 0.000002 -0.000004 0.016155 0.048356 -0.018185
 72 0.275149 0.189215 -3.445208 3.130898 0.000409 -1.514604
 73 17.210190 -0.000001 0.000002 0.000000 -0.000000 -2.322356
 74 0.000001 -0.000000 -5.000000 -0.079433 1.546568 -1.570859
 75 0.000007 -0.000005 -3.619080 0.196495 -3.011952 -1.279118
 76 16.573921 -0.000001 0.000000 -0.000000 -0.000000 -1.611348
 77 15.128181 -0.000000 0.000000 0.214418 -0.027533 0.774389
 78 5.758665 4.244731 -0.000001 -0.000000 -0.000000 1.483530
 79 4.003934 0.000000 0.000000 0.000000 0.000000 0.000000
 80 15.708954 0.000000 0.000001 0.153371 0.002792 0.528179
 81 0.273998 0.191089 3.439761 -3.130907 -0.000437 -1.508107
 82 17.210192 -0.000001 0.000000 0.000000 -0.000000 -2.138823
 83 0.000001 0.000001 5.000000 -0.079311 1.595025 -1.570737
time 22
  0 1.130557 9.712686 27.009436 -0.281436 0.436358 -2.443536
  1 11.368429 6.770639 -23.418964 -0.498313 0.132926 2.346876
  2 -2.276933 0.000003 -1.238186 -1.570795 -1.570451 0.000000
  3 1.797132 0.711960 -0.001031 0.321479 -0.119378 -0.042875
  4 4.118876 -0.003110 -0.001009 0.312516 -0.005256 0.085506
  5 4.118874 -0.003107 -0.001007 0.312084 0.013721 0.091994
  6 4.118876 -0.003111 -0.001008 0.312537 -0.004873 0.085488
  7 4.120514 -0.002976 0.000098 -0.028480 -0.193476 0.576774
  8 4.443599 -0.000003 -0.000000 -0.494641 0.203535 -0.461301
  9 9.024059 0.000000 -0.000001 0.000000 0.000000 0.000000
 10 0.333151 -0.044887 1.699701 -0.227750 -1.390421 2.776350
 11 6.384777 0.000001 0.000004 0.618289 0.827744 0.441051
 12 10.242682 -0.000003 -0.000001 0.000000 -0.000000 -1.528694
 13 11.375558 0.000002 0.000001 -1.042044 -0.088292 -0.036082
 14 0.728681 0.023431 -1.008292 1.705251 0.347372 0.567022
 15 2.136498 0.000001 -0.000001 0.000000 0.000000 0.287979
 16 2.313141 0.000000 -0.000000 0.000000 0.000000 0.000000
 17 3.115506 -0.886042 -0.021431 -0.000782 0.000152 0.191986
 18 2.011151 0.000001 0.000001 -0.000000 0.000000 0.659566
 19 2.141379 -0.000001 -0.000001 0.000000 0.000000 0.000000
 20 1.734172 0.000002 0.000000 0.000000 0.000000 0.330185
 21 0.000006 -4.440594 0.000002 1.570544 -0.062990 -0.195737
 22 5.999998 0.000000 0.000001 -1.171665 -0.000000 -0.000000
 23 -0.000000 -4.440600 0.000001 1.569944 -0.062987 0.004053
 24 11.375560 0.000001 0.000004 -1.306733 -0.052844 -0.014004
 25 -0.000003 -4.440603 -0.000000 1.570144 -0.062988 0.004040
 26 10.510130 -0.000003 -0.000001 0.000000 -0.000000 -2.335143
 27 0.000001 -1.748400 4.999999 -0.000000 0.004007 1.602291
 28 5.499999 -0.000001 0.000000 -0.208804 0.000000 -0.000000
 29 -0.000000 -1.940599 5.000000 -0.044472 0.004003 -0.000180
 30 6.551490 -0.000001 -0.000000 0.408431 0.554912 0.220491
 31 -0.000000 -1.940595 5.000000 -0.027189 -0.053376 0.005295
 32 6.551490 -0.000001 -0.000000 0.171196 0.275692 0.071820
 33 -0.000001 -1.940599 4.999997 -0.066572 -0.152786 -0.110311
 34 -0.333148 0.051960 -1.699702 1.187434 1.362922 -2.508929
 35 6.384776 -0.000000 -0.000000 0.384489 -1.630329 -0.391500
 36 10.242682 -0.000002 0.000000 -0.000000 -0.000000 -1.369511
 37 11.375560 0.000002 -0.000001 1.860089 0.398257 0.015407
 38 0.728681 0.023431 1.008292 -1.705251 -0.347372 0.567022
 39 2.136497 -0.000001 -0.000000 0.000000 -0.000000 0.287979
 40 2.313139 0.000000 -0.000000 0.000000 0.000000 3.141593
 41 3.115507 -0.886041 0.021431 0.253529 0.012992 0.141302
 42 2.011150 -0.000001 0.000000 -0.000000 0.000000 1.532231
 43 2.141379 -0.000000 -0.000000 0.000000 0.000000 3.141593
 44 1.734172 -0.000002 -0.000000 0.000000 0.000000 0.765986
 45 0.136314 -3.738193 2.525890 1.493698 2.759406 -1.474501
 46 3.726727 -0.053313 2.419486 -0.262762 2.898943 1.398576
 47 11.389366 -0.000818 0.158781 1.712177 0.215866 -0.009267
 48 -0.000001 -4.440598 0.000001 1.570144 -3.078602 0.004040
 49 6.000000 0.000001 0.000000 1.712177 -0.000000 0.000000
 50 0.000001 -4.440601 0.000000 1.569944 -3.078603 0.004053
 51 10.510130 0.000000 0.000002 -0.000000 -0.000000 -2.255552
 52 0.000001 -1.748401 -5.000001 -3.141593 0.004007 -1.539299
 53 5.500000 -0.000001 -0.000000 0.012517 -0.000000 0.000000
 54 -0.000001 -0.000001 -5.000000 -0.044472 3.137589 -0.000177
 55 6.551490 0.000001 -0.000002 -0.012517 -0.494664 0.005300
 56 -1.266844 -1.937443 -4.950561 -0.066572 -2.988806 -0.110308
 57 6.551490 0.000001 -0.000002 -0.012517 -0.494664 0.005300
 58 0.699369 -1.944208 -5.006846 -0.027189 -3.088217 0.005298
 59 4.226146 -0.003203 -0.000000 -0.001273 -0.100505 0.299505
 60 0.000001 5.000000 0.000001 -0.153564 0.000087 2.718702
 61 0.000005 -0.000005 -3.713579 0.095503 -3.012510 -0.750673
 62 0.000001 0.000000 5.000000 3.053197 1.558589 -0.074927
 63 -0.000006 0.000005 3.713580 -0.334411 -2.825096 -0.524885
 64 -0.000001 -0.000000 -5.000000 -0.088728 1.558589 3.066333
 65 7.363604 1.646646 0.495662 -3.141593 -1.570796 0.000000
 66 -0.000006 0.000005 3.619081 -0.528285 -2.367383 -1.007256
 67 16.573921 -0.000001 0.000002 -0.000000 0.000000 -2.019199
 68 15.128181 0.000000 -0.000003 0.031619 0.086785 -0.033197
 69 5.758666 4.244731 0.000000 0.000000 -0.000000 2.033309
 70 3.177726 0.000001 -0.000000 0.000000 0.000000 3.141593
 71 15.708951 0.000002 -0.000004 0.016155 0.048356 -0.018185
 72 0.275149 0.189215 -3.445208 3.130898 0.000409 -1.514604
 73 17.210190 -0.000001 0.000002 0.000000 -0.000000 -2.322356
 74 0.000001 -0.000000 -5.000000 -0.079433 1.546568 -1.570859
 75 0.000007 -0.000005 -3.619080 0.196495 -3.011952 -1.279118
 76 16.573921 -0.000001 0.000000 -0.000000 -0.000000 -1.611348
 77 15.128181 -0.000000 0.000000 0.214418 -0.027533 0.774389
 78 5.758665 4.244731 -0.000001 -0.000000 -0.000000 1.483530
 79 4.003934 0.000000 0.000000 0.000000 0.000000 0.000000
 80 15.708954 0.000000 0.000001 0.153371 0.002792 0.528179
 81 0.273998 0.191089 3.439761 -3.130907 -0.000437 -1.508107
 82 17.210192 -0.000001 0.000000 0.000000 -0.000000 -2.138823
 83 0.000001 0.000001 5.000000 -0.079311 1.595025 -1.570737
time 23
  0 1.130557 9.712686 27.009436 -0.281436 0.436358 -2.443536
  1 11.368429 6.770639 -23.418964 -0.498313 0.132926 2.346876
  2 -2.276933 0.000003 -1.238186 -1.570795 -1.570451 0.000000
  3 1.797105 0.711953 -0.001010 0.314137 -0.105642 -0.046740
  4 4.118829 -0.003119 -0.000990 0.306476 -0.005195 0.070652
  5 4.118830 -0.003118 -0.000988 0.305956 0.011381 0.076293
  6 4.118828 -0.003119 -0.000989 0.306493 -0.004819 0.070631
  7 4.120523 -0.002969 0.000113 -0.032835 -0.192160 0.581045
  8 4.443599 -0.000003 0.000001 -0.451861 0.227691 -0.397361
  9 9.024059 0.000000 -0.000001 0.000000 0.000000 0.000000
 10 0.330914 -0.052305 1.699912 0.087955 -1.404717 2.471731
 11 6.384776 0.000000 -0.000003 0.678725 0.756002 0.408796
 12 10.242682 -0.000003 -0.000000 0.000000 -0.000000 -1.614965
 13 11.375563 0.000002 -0.000001 -1.057529 -0.149102 -0.060305
 14 0.728681 0.023431 -1.008293 1.705251 0.347372 0.567022
 15 2.136495 0.000000 0.000000 0.000000 -0.000000 0.287979
 16 2.313139 -0.000000 -0.000000 0.000000 0.000000 0.000000
 17 3.115506 -0.886040 -0.021432 -0.000782 0.000152 0.191986
 18 2.011151 0.000001 0.000001 0.000000 -0.000000 0.659566
 19 2.141378 0.000000 -0.000000 0.000000 0.000000 0.000000
 20 1.734173 0.000001 0.000001 0.000000 -0.000000 0.330185
 21 0.000006 -4.440593 0.000000 1.570544 -0.062990 -0.195737
 22 6.000000 0.000001 -0.000001 -1.183806 -0.000000 -0.000000
 23 0.000001 -4.440600 -0.000001 1.569944 -0.062987 0.004053
 24 11.375562 0.000001 0.000003 -1.315486 -0.088451 -0.023364
 25 -0.000000 -4.440603 0.000000 1.570144 -0.062988 0.004040
 26 10.510130 -0.000002 0.000000 0.000000 -0.000000 -2.378278
 27 -0.000002 -1.748401 5.000000 -0.000000 0.004007 1.602291
 28 5.500000 -0.000002 0.000000 -0.244569 0.000000 -0.000000
 29 -0.000001 -1.940599 4.999999 -0.044472 0.004003 -0.000180
 30 6.551491 0.000001 -0.000001 0.470766 0.538508 0.206041
 31 0.000000 -1.940597 5.000001 -0.027189 -0.053376 0.005295
 32 6.551491 0.000001 -0.000001 0.201071 0.267722 0.061555
 33 -0.000000 -1.940600 4.999997 -0.066572 -0.152786 -0.110311
 34 -0.330910 0.059378 -1.699911 1.133684 1.285485 -2.562089
 35 6.384777 -0.000000 -0.000000 0.848482 -1.630520 -0.892361
 36 10.242682 -0.000002 0.000000 -0.000000 0.000000 -1.327950
 37 11.375559 0.000001 -0.000001 1.842670 0.510394 0.001372
 38 0.728681 0.023431 1.008292 -1.705251 -0.347372 0.567022
 39 2.136496 -0.000000 -0.000000 0.000000 -0.000000 0.287979
 40 2.313139 0.000001 -0.000000 0.000000 0.000000 3.141593
 41 3.115507 -0.886041 0.021431 0.253529 0.012992 0.141302
 42 2.011150 0.000000 -0.000001 0.000000 0.000000 1.532231
 43 2.141379 0.000001 0.000001 0.000000 0.000000 3.141593
 44 1.734172 -0.000001 -0.000001 -0.000000 0.000000 0.765986
 45 0.136315 -3.738193 2.525891 1.493698 2.759406 -1.474501
 46 3.726727 -0.053313 2.419487 -0.262762 2.898943 1.398576
 47 11.389365 -0.000817 0.158780 1.702702 0.269716 -0.021017
 48 0.000001 -4.440598 0.000000 1.570144 -3.078602 0.004040
 49 5.999999 0.000001 -0.000001 1.702702 0.000000 0.000000
 50 0.000002 -4.440601 0.000000 1.569944 -3.078603 0.004053
 51 10.510133 -0.000001 0.000002 -0.000000 0.000000 -2.234771
 52 0.000000 -1.748400 -5.000001 -3.141593 0.004007 -1.539299
 53 5.500000 -0.000001 0.000000 0.042766 0.000000 0.000000
 54 0.000001 -0.000002 -4.999999 -0.044472 3.137589 -0.000177
 55 6.551490 0.000001 -0.000001 -0.042766 -0.488062 -0.004358
 56 -1.266844 -1.937445 -4.950559 -0.066572 -2.988806 -0.110308
 57 6.551491 0.000001 -0.000001 -0.042766 -0.488062 -0.004358
 58 0.699370 -1.944208 -5.006848 -0.027189 -3.088217 0.005298
 59 4.226145 -0.003202 0.000000 -0.003420 -0.100124 0.301354
 60 -0.000000 5.000001 0.000000 -0.153564 0.000087 2.718702
 61 0.000005 -0.000005 -3.713579 0.095503 -3.012510 -0.750673
 62 0.000001 0.000000 5.000000 3.053197 1.558589 -0.074927
 63 -0.000006 0.000005 3.713580 -0.334411 -2.825096 -0.524885
 64 -0.000001 -0.000000 -5.000000 -0.088728 1.558589 3.066333
 65 7.363604 1.646646 0.495662 -3.141593 -1.570796 0.000000
 66 -0.000006 0.000005 3.619081 -0.528285 -2.367383 -1.007256
 67 16.573921 -0.000001 0.000002 -0.000000 0.000000 -2.019199
 68 15.128181 0.000000 -0.000003 0.031619 0.086785 -0.033197
 69 5.758666 4.244731 0.000000 0.000000 -0.000000 2.033309
 70 3.177726 0.000001 -0.000000 0.000000 0.000000 3.141593
 71 15.708951 0.000002 -0.000004 0.016155 0.048356 -0.018185
 72 0.275149 0.189215 -3.445208 3.130898 0.000409 -1.514604
 73 17.210190 -0.000001 0.000002 0.000000 -0.000000 -2.322356
 74 0.000001 -0.000000 -5.000000 -0.079433 1.546568 -1.570859
 75 0.000007 -0.000005 -3.619080 0.196495 -3.011952 -1.279118
 76 16.573921 -0.000001 0.000000 -0.000000 -0.000000 -1.611348
 77 15.128181 -0.000000 0.000000 0.214418 -0.027533 0.774389
 78 5.758665 4.244731 -0.000001 -0.000000 -0.000000 1.483530
 79 4.003934 0.000000 0.000000 0.000000 0.000000 0.000000
 80 15.708954 0.000000 0.000001 0.153371 0.002792 0.528179
 81 0.273998 0.191089 3.439761 -3.130907 -0.000437 -1.508107
 82 17.210192 -0.000001 0.000000 0.000000 -0.000000 -2.138823
 83 0.000001 0.000001 5.000000 -0.079311 1.595025 -1.570737
time 24
  0 1.130557 9.712686 27.009436 -0.281436 0.436358 -2.443536
  1 11.368429 6.770639 -23.418964 -0.498313 0.132926 2.346876
  2 -2.276933 0.000003 -1.238186 -1.570795 -1.570451 0.000000
  3 1.797071 0.711944 -0.000982 0.304472 -0.090524 -0.051877
  4 4.118778 -0.003128 -0.000967 0.299369 -0.004456 0.054800
  5 4.118783 -0.003130 -0.000966 0.298802 0.009751 0.059593
  6 4.118778 -0.003127 -0.000968 0.299382 -0.004118 0.054771
  7 4.120539 -0.002960 0.000129 -0.037181 -0.190782 0.586572
  8 4.443598 -0.000000 -0.000001 -0.402516 0.245967 -0.328821
  9 9.024061 -0.000001 -0.000001 0.000000 0.000000 0.000000
 10 0.328568 -0.059707 1.700107 0.429857 -1.401082 2.139395
 11 6.384776 -0.000000 -0.000001 0.718340 0.686797 0.341664
 12 10.242682 0.000000 0.000003 -0.000000 -0.000000 -1.678569
 13 11.375560 0.000001 -0.000002 -1.071838 -0.210993 -0.084109
 14 0.728680 0.023431 -1.008292 1.705251 0.347372 0.567022
 15 2.136497 -0.000001 -0.000001 0.000000 -0.000000 0.287979
 16 2.313139 0.000001 0.000000 0.000000 0.000000 0.000000
 17 3.115505 -0.886042 -0.021431 -0.000782 0.000152 0.191986
 18 2.011151 0.000001 0.000001 -0.000000 0.000000 0.659566
 19 2.141380 -0.000000 0.000000 0.000000 0.000000 0.000000
 20 1.734172 0.000001 0.000000 0.000000 0.000000 0.330185
 21 0.000005 -4.440593 0.000001 1.570544 -0.062990 -0.195737
 22 5.999996 0.000000 0.000000 -1.195309 0.000000 0.000000
 23 0.000000 -4.440600 0.000000 1.569944 -0.062987 0.004053
 24 11.375559 0.000001 0.000003 -1.324189 -0.123694 -0.032268
 25 -0.000002 -4.440603 0.000001 1.570144 -0.062988 0.004040
 26 10.510131 -0.000000 0.000002 -0.000000 0.000000 -2.410081
 27 0.000000 -1.748400 4.999997 -0.000000 0.004007 1.602291
 28 5.500000 -0.000000 0.000002 -0.269929 0.000000 0.000000
 29 0.000000 -1.940599 5.000000 -0.044472 0.004003 -0.000180
 30 6.551491 0.000001 0.000001 0.512435 0.526584 0.174284
 31 0.000001 -1.940597 5.000000 -0.027189 -0.053376 0.005295
 32 6.551491 0.000001 0.000001 0.222483 0.260420 0.044751
 33 0.000000 -1.940597 4.999996 -0.066572 -0.152786 -0.110311
 34 -0.328567 0.066787 -1.700108 1.100631 1.194339 -2.598574
 35 6.384776 0.000001 -0.000004 -1.498416 -1.483205 1.362048
 36 10.242682 -0.000000 0.000001 -0.000000 -0.000000 -1.325166
 37 11.375563 0.000002 -0.000001 1.783937 0.591849 -0.023901
 38 0.728680 0.023431 1.008293 -1.705251 -0.347372 0.567022
 39 2.136497 -0.000001 -0.000000 0.000000 -0.000000 0.287979
 40 2.313138 -0.000001 -0.000000 0.000000 0.000000 3.141593
 41 3.115507 -0.886041 0.021431 0.253529 0.012992 0.141302
 42 2.011150 -0.000000 0.000000 0.000000 -0.000000 1.532231
 43 2.141379 0.000000 0.000000 0.000000 0.000000 3.141593
 44 1.734172 -0.000001 0.000000 -0.000000 0.000000 0.765986
 45 0.136315 -3.738194 2.525891 1.493698 2.759406 -1.474501
 46 3.726727 -0.053313 2.419487 -0.262762 2.898943 1.398576
 47 11.389366 -0.000818 0.158781 1.675191 0.306730 -0.032661
 48 0.000001 -4.440599 0.000001 1.570144 -3.078602 0.004040
 49 5.999999 -0.000000 -0.000000 1.675191 0.000000 0.000000
 50 0.000002 -4.440602 -0.000000 1.569944 -3.078603 0.004053
 51 10.510131 -0.000000 0.000002 0.000000 0.000000 -2.233379
 52 0.000001 -1.748401 -5.000000 -3.141593 0.004007 -1.539299
 53 5.500001 -0.000002 -0.000000 0.099526 -0.000000 0.000000
 54 -0.000001 -0.000001 -5.000000 -0.044472 3.137589 -0.000177
 55 6.551491 -0.000002 0.000000 -0.099526 -0.465137 -0.029694
 56 -1.266844 -1.937443 -4.950560 -0.066572 -2.988806 -0.110308
 57 6.551491 -0.000002 0.000000 -0.099526 -0.465137 -0.029694
 58 0.699372 -1.944209 -5.006846 -0.027189 -3.088217 0.005298
 59 4.226144 -0.003200 -0.000001 -0.005536 -0.099713 0.303762
 60 -0.000003 5.000001 -0.000000 -0.153564 0.000087 2.718702
 61 0.000005 -0.000005 -3.713579 0.095503 -3.012510 -0.750673
 62 0.000001 0.000000 5.000000 3.053197 1.558589 -0.074927
 63 -0.000006 0.000005 3.713580 -0.334411 -2.825096 -0.524885
 64 -0.000001 -0.000000 -5.000000 -0.088728 1.558589 3.066333
 65 7.363604 1.646646 0.495662 -3.141593 -1.570796 0.000000
 66 -0.000006 0.000005 3.619081 -0.528285 -2.367383 -1.007256
 67 16.573921 -0.000001 0.000002 -0.000000 0.000000 -2.019199
 68 15.128181 0.000000 -0.000003 0.031619 0.086785 -0.033197
 69 5.758666 4.244731 0.000000 0.000000 -0.000000 2.033309
 70 3.177726 0.000001 -0.000000 0.000000 0.000000 3.141593
 71 15.708951 0.000002 -0.000004 0.016155 0.048356 -0.018185
 72 0.275149 0.189215 -3.445208 3.130898 0.000409 -1.514604
 73 17.210190 -0.000001 0.000002 0.000000 -0.000000 -2.322356
 74 0.000001 -0.000000 -5.000000 -0.079433 1.546568 -1.570859
 75 0.000007 -0.000005 -3.619080 0.196495 -3.011952 -1.279118
 76 16.573921 -0.000001 0.000000 -0.000000 -0.000000 -1.611348
 77 15.128181 -0.000000 0.000000 0.214418 -0.027533 0.774389
 78 5.758665 4.244731 -0.000001 -0.000000 -0.000000 1.483530
 79 4.003934 0.000000 0.000000 0.000000 0.000000 0.000000
 80 15.708954 0.000000 0.000001 0.153371 0.002792 0.528179
 81 0.273998 0.191089 3.439761 -3.130907 -0.000437 -1.508107
 82 17.210192 -0.000001 0.000000 0.000000 -0.000000 -2.138823
 83 0.000001 0.000001 5.000000 -0.079311 1.595025 -1.570737
time 25
  0 1.130557 9.712686 27.009436 -0.281436 0.436358 -2.443536
  1 11.368429 6.770639 -23.418964 -0.498313 0.132926 2.346876
  2 -2.276933 0.000003 -1.238186 -1.570795 -1.570451 0.000000
  3 1.797033 0.711935 -0.000947 0.293179 -0.074504 -0.057973
  4 4.118728 -0.003139 -0.000943 0.291519 -0.003315 0.038262
  5 4.118725 -0.003138 -0.000941 0.290947 0.008541 0.042212
  6 4.118728 -0.003139 -0.000943 0.291528 -0.003036 0.038221
  7 4.120609 -0.002911 0.000145 -0.041959 -0.189917 0.611456
  8 4.443599 0.000001 -0.000000 -0.347278 0.264349 -0.278176
  9 9.024060 -0.000001 -0.000001 0.000000 0.000000 0.000000
 10 0.327098 -0.067838 1.700069 0.740347 -1.377351 1.819298
 11 6.384778 0.000001 0.000003 0.737828 0.625230 0.249068
 12 10.242682 -0.000002 0.000002 0.000000 0.000000 -1.716329
 13 11.375560 -0.000000 -0.000003 -1.084894 -0.273492 -0.107467
 14 0.728681 0.023430 -1.008292 1.705251 0.347372 0.567022
 15 2.136497 0.000000 -0.000000 -0.000000 -0.000000 0.287979
 16 2.313139 0.000000 0.000000 0.000000 0.000000 0.000000
 17 3.115506 -0.886041 -0.021431 -0.000782 0.000152 0.191986
 18 2.011151 0.000001 0.000001 0.000000 0.000000 0.659566
 19 2.141378 0.000000 -0.000001 0.000000 0.000000 0.000000
 20 1.734172 0.000002 0.000000 0.000000 0.000000 0.330185
 21 0.000006 -4.440593 0.000000 1.570544 -0.062990 -0.195737
 22 6.000000 0.000001 -0.000002 -1.206222 -0.000000 -0.000000
 23 -0.000000 -4.440600 -0.000000 1.569944 -0.062987 0.004053
 24 11.375560 0.000001 0.000000 -1.332821 -0.158107 -0.040605
 25 -0.000003 -4.440603 0.000001 1.570144 -0.062988 0.004040
 26 10.510132 -0.000004 0.000001 -0.000000 -0.000000 -2.428961
 27 0.000000 -1.748401 4.999998 -0.000000 0.004007 1.602290
 28 5.500000 -0.000000 0.000001 -0.282952 0.000000 -0.000000
 29 -0.000002 -1.940596 5.000000 -0.044472 0.004003 -0.000180
 30 6.551491 0.000001 0.000003 0.528994 0.517513 0.122809
 31 0.000000 -1.940597 5.000000 -0.027189 -0.053376 0.005295
 32 6.551491 0.000001 0.000003 0.233960 0.253014 0.020684
 33 -0.000000 -1.940597 4.999996 -0.066572 -0.152786 -0.110311
 34 -0.327094 0.074919 -1.700069 1.086466 1.090632 -2.639911
 35 6.384777 0.000000 -0.000002 -1.134903 -1.396992 0.867150
 36 10.242683 -0.000002 0.000000 -0.000000 -0.000000 -1.357025
 37 11.375560 0.000002 -0.000001 1.696135 0.641744 -0.055673
 38 0.728682 0.023431 1.008292 -1.705251 -0.347372 0.567022
 39 2.136497 -0.000001 -0.000000 0.000000 -0.000000 0.287979
 40 2.313140 0.000000 -0.000000 0.000000 0.000000 3.141593
 41 3.115506 -0.886041 0.021432 0.253529 0.012992 0.141302
 42 2.011150 0.000000 -0.000000 0.000000 -0.000000 1.532231
 43 2.141379 -0.000000 -0.000000 0.000000 0.000000 3.141593
 44 1.734171 -0.000001 0.000000 0.000000 0.000000 0.765986
 45 0.136314 -3.738191 2.525891 1.493698 2.759406 -1.474501
 46 3.726727 -0.053312 2.419487 -0.262762 2.898943 1.398576
 47 11.389367 -0.000818 0.158781 1.635645 0.328675 -0.041916
 48 0.000001 -4.440599 0.000001 1.570144 -3.078602 0.004040
 49 6.000001 0.000001 -0.000001 1.635645 0.000000 -0.000000
 50 0.000003 -4.440601 0.000000 1.569944 -3.078603 0.004053
 51 10.510131 0.000001 0.000002 -0.000000 -0.000000 -2.249309
 52 0.000001 -1.748398 -5.000001 3.141593 0.004007 -1.539299
 53 5.500000 0.000001 0.000001 0.150893 -0.000000 0.000000
 54 0.000002 -0.000002 -5.000000 -0.044472 3.137589 -0.000177
 55 6.551491 0.000001 -0.000002 -0.150893 -0.433038 -0.045264
 56 -1.266842 -1.937445 -4.950559 -0.066572 -2.988806 -0.110308
 57 6.551491 0.000001 -0.000002 -0.150893 -0.433038 -0.045264
 58 0.699371 -1.944209 -5.006847 -0.027189 -3.088217 0.005298
 59 4.226146 -0.003201 0.000000 -0.007328 -0.099555 0.314721
 60 0.000001 5.000001 -0.000000 -0.153564 0.000087 2.718702
 61 0.000005 -0.000005 -3.713579 0.095503 -3.012510 -0.750673
 62 0.000001 0.000000 5.000000 3.053197 1.558589 -0.074927
 63 -0.000006 0.000005 3.713580 -0.334411 -2.825096 -0.524885
 64 -0.000001 -0.000000 -5.000000 -0.088728 1.558589 3.066333
 65 7.363604 1.646646 0.495662 -3.141593 -1.570796 0.000000
 66 -0.000006 0.000005 3.619081 -0.528285 -2.367383 -1.007256
 67 16.573921 -0.000001 0.000002 -0.000000 0.000000 -2.019199
 68 15.128181 0.000000 -0.000003 0.031619 0.086785 -0.033197
 69 5.758666 4.244731 0.000000 0.000000 -0.000000 2.033309
 70 3.177726 0.000001 -0.000000 0.000000 0.000000 3.141593
 71 15.708951 0.000002 -0.000004 0.016155 0.048356 -0.018185
 72 0.275149 0.189215 -3.445208 3.130898 0.000409 -1.514604
 73 17.210190 -0.000001 0.000002 0.000000 -0.000000 -2.322356
 74 0.000001 -0.000000 -5.000000 -0.079433 1.546568 -1.570859
 75 0.000007 -0.000005 -3.619080 0.196495 -3.011952 -1.279118
 76 16.573921 -0.000001 0.000000 -0.000000 -0.000000 -1.611348
 77 15.128181 -0.000000 0.000000 0.214418 -0.027533 0.774389
 78 5.758665 4.244731 -0.000001 -0.000000 -0.000000 1.483530
 79 4.003934 0.000000 0.000000 0.000000 0.000000 0.000000
 80 15.708954 0.000000 0.000001 0.153371 0.002792 0.528179
 81 0.273998 0.191089 3.439761 -3.130907 -0.000437 -1.508107
 82 17.210192 -0.000001 0.000000 0.000000 -0.000000 -2.138823
 83 0.000001 0.000001 5.000000 -0.079311 1.595025 -1.570737
time 26
  0 1.130557 9.712686 27.009436 -0.281436 0.436358 -2.443536
  1 11.368429 6.770639 -23.418964 -0.498313 0.132926 2.346876
  2 -2.276933 0.000003 -1.238186 -1.570795 -1.570451 0.000000
  3 1.796993 0.711925 -0.000910 0.280964 -0.058054 -0.064688
  4 4.118673 -0.003149 -0.000917 0.283259 -0.002036 0.021351
  5 4.118671 -0.003148 -0.000915 0.282724 0.007478 0.024472
  6 4.118671 -0.003147 -0.000917 0.283264 -0.001827 0.021297
  7 4.120679 -0.002863 0.000162 -0.046717 -0.188938 0.636333
  8 4.443598 -0.000001 -0.000000 -0.288078 0.277468 -0.224052
  9 9.024060 0.000000 -0.000000 0.000000 0.000000 0.000000
 10 0.325429 -0.075942 1.700029 0.969120 -1.340291 1.580367
 11 6.384777 0.000000 0.000001 0.738706 0.576001 0.146048
 12 10.242683 -0.000002 -0.000000 -0.000000 0.000000 -1.726239
 13 11.375562 -0.000000 -0.000001 -1.096634 -0.336120 -0.130372
 14 0.728680 0.023430 -1.008292 1.705251 0.347372 0.567022
 15 2.136497 0.000001 0.000001 0.000000 0.000000 0.287979
 16 2.313140 -0.000000 -0.000001 0.000000 0.000000 0.000000
 17 3.115505 -0.886041 -0.021432 -0.000782 0.000152 0.191986
 18 2.011151 0.000001 -0.000000 0.000000 0.000000 0.659566
 19 2.141380 -0.000000 0.000000 0.000000 0.000000 0.000000
 20 1.734173 0.000002 -0.000000 0.000000 -0.000000 0.330185
 21 0.000006 -4.440594 -0.000001 1.570544 -0.062990 -0.195737
 22 6.000003 0.000001 -0.000001 -1.216609 0.000000 -0.000000
 23 0.000001 -4.440599 -0.000000 1.569944 -0.062987 0.004053
 24 11.375562 0.000000 0.000002 -1.341371 -0.191350 -0.048315
 25 -0.000001 -4.440603 -0.000000 1.570144 -0.062988 0.004040
 26 10.510131 0.000001 -0.000001 0.000000 0.000000 -2.433916
 27 0.000000 -1.748400 4.999998 0.000000 0.004007 1.602290
 28 5.500000 0.000001 -0.000000 -0.283169 -0.000000 -0.000000
 29 -0.000001 -1.940596 4.999999 -0.044472 0.004003 -0.000180
 30 6.551491 -0.000001 -0.000002 0.519210 0.507710 0.052148
 31 0.000001 -1.940599 5.000002 -0.027189 -0.053376 0.005295
 32 6.551491 -0.000001 -0.000002 0.235146 0.244252 -0.010267
 33 -0.000000 -1.940598 4.999996 -0.066572 -0.152786 -0.110311
 34 -0.325428 0.083018 -1.700029 1.081513 0.980969 -2.677649
 35 6.384777 -0.000003 0.000002 -1.038368 -1.270309 0.617314
 36 10.242681 -0.000002 0.000001 -0.000000 0.000000 -1.415783
 37 11.375560 0.000002 -0.000002 1.596869 0.662193 -0.087102
 38 0.728681 0.023431 1.008291 -1.705251 -0.347372 0.567022
 39 2.136497 -0.000001 -0.000001 0.000000 -0.000000 0.287979
 40 2.313139 0.000001 -0.000000 0.000000 0.000000 3.141593
 41 3.115507 -0.886041 0.021430 0.253529 0.012992 0.141302
 42 2.011150 -0.000000 0.000001 -0.000000 0.000000 1.532231
 43 2.141379 0.000000 0.000001 0.000000 0.000000 3.141593
 44 1.734172 -0.000001 -0.000000 -0.000000 0.000000 0.765986
 45 0.136315 -3.738193 2.525891 1.493698 2.759406 -1.474501
 46 3.726728 -0.053313 2.419487 -0.262762 2.898943 1.398576
 47 11.389364 -0.000819 0.158780 1.591251 0.337762 -0.047858
 48 0.000000 -4.440598 0.000001 1.570144 -3.078602 0.004040
 49 5.999999 0.000001 -0.000001 1.591251 -0.000000 0.000000
 50 0.000003 -4.440601 0.000000 1.569944 -3.078603 0.004053
 51 10.510134 -0.000003 0.000001 0.000000 0.000000 -2.278687
 52 0.000001 -1.748400 -5.000001 3.141593 0.004007 -1.539299
 53 5.500002 -0.000002 0.000000 0.192288 -0.000000 0.000000
 54 -0.000000 -0.000001 -5.000000 -0.044472 3.137589 -0.000177
 55 6.551490 -0.000001 -0.000000 -0.192288 -0.399322 -0.046666
 56 -1.266843 -1.937441 -4.950561 -0.066572 -2.988806 -0.110308
 57 6.551491 -0.000001 -0.000001 -0.192288 -0.399322 -0.046666
 58 0.699371 -1.944207 -5.006848 -0.027189 -3.088217 0.005298
 59 4.226147 -0.003203 -0.000000 -0.009122 -0.099387 0.325592
 60 -0.000000 5.000000 -0.000001 -0.153564 0.000087 2.718702
 61 0.000005 -0.000005 -3.713579 0.095503 -3.012510 -0.750673
 62 0.000001 0.000000 5.000000 3.053197 1.558589 -0.074927
 63 -0.000006 0.000005 3.713580 -0.334411 -2.825096 -0.524885
 64 -0.000001 -0.000000 -5.000000 -0.088728 1.558589 3.066333
 65 7.363604 1.646646 0.495662 -3.141593 -1.570796 0.000000
 66 -0.000006 0.000005 3.619081 -0.528285 -2.367383 -1.007256
 67 16.573921 -0.000001 0.000002 -0.000000 0.000000 -2.019199
 68 15.128181 0.000000 -0.000003 0.031619 0.086785 -0.033197
 69 5.758666 4.244731 0.000000 0.000000 -0.000000 2.033309
 70 3.177726 0.000001 -0.000000 0.000000 0.000000 3.141593
 71 15.708951 0.000002 -0.000004 0.016155 0.048356 -0.018185
 72 0.275149 0.189215 -3.445208 3.130898 0.000409 -1.514604
 73 17.210190 -0.000001 0.000002 0.000000 -0.000000 -2.322356
 74 0.000001 -0.000000 -5.000000 -0.079433 1.546568 -1.570859
 75 0.000007 -0.000005 -3.619080 0.196495 -3.011952 -1.279118
 76 16.573921 -0.000001 0.000000 -0.000000 -0.000000 -1.611348
 77 15.128181 -0.000000 0.000000 0.214418 -0.027533 0.774389
 78 5.758665 4.244731 -0.000001 -0.000000 -0.000000 1.483530
 79 4.003934 0.000000 0.000000 0.000000 0.000000 0.000000
 80 15.708954 0.000000 0.000001 0.153371 0.002792 0.528179
 81 0.273998 0.191089 3.439761 -3.130907 -0.000437 -1.508107
 82 17.210192 -0.000001 0.000000 0.000000 -0.000000 -2.138823
 83 0.000001 0.000001 5.000000 -0.079311 1.595025 -1.570737
time 27
  0 1.130557 9.712686 27.009436 -0.281436 0.436358 -2.443536
  1 11.368429 6.770639 -23.418964 -0.498313 0.132926 2.346876
  2 -2.276933 0.000003 -1.238186 -1.570795 -1.570451 0.000000
  3 1.796953 0.711916 -0.000872 0.268546 -0.041627 -0.071654
  4 4.118619 -0.003156 -0.000891 0.274931 -0.000864 0.004386
  5 4.118615 -0.003155 -0.000889 0.274473 0.006303 0.006695
  6 4.118620 -0.003158 -0.000890 0.274933 -0.000726 0.004319
  7 4.120742 -0.002811 0.000179 -0.051453 -0.187844 0.661201
  8 4.443598 -0.000002 -0.000000 -0.227413 0.285537 -0.168829
  9 9.024059 -0.000002 -0.000001 0.000000 0.000000 0.000000
 10 0.323569 -0.084014 1.699988 1.130007 -1.295571 1.408701
 11 6.384776 0.000001 -0.000003 0.724299 0.541378 0.046428
 12 10.242682 -0.000002 -0.000001 0.000000 0.000000 -1.707909
 13 11.375561 -0.000001 -0.000001 -1.107010 -0.398395 -0.152826
 14 0.728680 0.023431 -1.008292 1.705251 0.347372 0.567022
 15 2.136497 0.000001 -0.000000 0.000000 0.000000 0.287979
 16 2.313139 0.000000 -0.000000 0.000000 0.000000 0.000000
 17 3.115506 -0.886040 -0.021432 -0.000782 0.000152 0.191986
 18 2.011152 -0.000000 0.000000 -0.000000 0.000000 0.659566
 19 2.141379 0.000000 0.000000 0.000000 0.000000 0.000000
 20 1.734173 0.000001 -0.000000 -0.000000 -0.000000 0.330185
 21 0.000004 -4.440593 -0.000000 1.570544 -0.062990 -0.195737
 22 6.000001 0.000001 -0.000000 -1.226534 -0.000000 0.000000
 23 0.000001 -4.440601 -0.000000 1.569944 -0.062987 0.004053
 24 11.375562 -0.000000 0.000002 -1.349827 -0.223208 -0.055381
 25 -0.000000 -4.440604 0.000000 1.570144 -0.062988 0.004040
 26 10.510133 -0.000002 -0.000002 0.000000 -0.000000 -2.424751
 27 -0.000000 -1.748401 4.999999 -0.000000 0.004007 1.602291
 28 5.499999 0.000001 -0.000001 -0.273095 0.000000 0.000000
 29 -0.000001 -1.940601 5.000000 -0.044472 0.004003 -0.000180
 30 6.551490 0.000001 -0.000002 0.488989 0.492881 -0.030343
 31 0.000000 -1.940597 5.000001 -0.027189 -0.053376 0.005295
 32 6.551490 0.000001 -0.000002 0.227959 0.233019 -0.045257
 33 -0.000001 -1.940599 4.999994 -0.066572 -0.152786 -0.110311
 34 -0.323567 0.091088 -1.699988 1.084154 0.869173 -2.714031
 35 6.384776 -0.000000 0.000001 -1.027844 -1.116186 0.447865
 36 10.242682 0.000001 0.000001 0.000000 -0.000000 -1.491401
 37 11.375563 0.000003 0.000000 1.503337 0.660534 -0.115023
 38 0.728681 0.023430 1.008292 -1.705251 -0.347372 0.567022
 39 2.136496 -0.000000 -0.000000 0.000000 -0.000000 0.287979
 40 2.313139 0.000001 0.000000 0.000000 0.000000 3.141593
 41 3.115507 -0.886042 0.021432 0.253529 0.012992 0.141301
 42 2.011151 -0.000000 -0.000001 0.000000 0.000000 1.532231
 43 2.141379 0.000001 0.000001 0.000000 0.000000 3.141593
 44 1.734173 -0.000001 -0.000002 -0.000000 -0.000000 0.765986
 45 0.136314 -3.738193 2.525891 1.493698 2.759406 -1.474501
 46 3.726728 -0.053313 2.419488 -0.262762 2.898943 1.398576
 47 11.389367 -0.000817 0.158782 1.549077 0.337611 -0.052215
 48 -0.000000 -4.440599 0.000001 1.570144 -3.078602 0.004040
 49 6.000000 0.000001 0.000000 1.549077 0.000000 -0.000000
 50 0.000002 -4.440601 0.000001 1.569944 -3.078603 0.004053
 51 10.510132 -0.000000 0.000002 0.000000 0.000000 -2.316497
 52 0.000001 -1.748400 -5.000001 -3.141593 0.004007 -1.539299
 53 5.500000 0.000001 0.000000 0.227934 -0.000000 0.000000
 54 -0.000001 -0.000002 -5.000000 -0.044472 3.137589 -0.000177
 55 6.551490 -0.000000 0.000000 -0.227934 -0.364663 -0.041381
 56 -1.266843 -1.937443 -4.950559 -0.066572 -2.988806 -0.110308
 57 6.551491 -0.000000 0.000000 -0.227934 -0.364663 -0.041381
 58 0.699371 -1.944209 -5.006846 -0.027189 -3.088217 0.005298
 59 4.226144 -0.003202 0.000000 -0.010920 -0.099209 0.336388
 60 0.000000 5.000000 -0.000000 -0.153564 0.000087 2.718702
 61 0.000005 -0.000005 -3.713579 0.095503 -3.012510 -0.750673
 62 0.000001 0.000000 5.000000 3.053197 1.558589 -0.074927
 63 -0.000006 0.000005 3.713580 -0.334411 -2.825096 -0.524885
 64 -0.000001 -0.000000 -5.000000 -0.088728 1.558589 3.066333
 65 7.363604 1.646646 0.495662 -3.141593 -1.570796 0.000000
 66 -0.000006 0.000005 3.619081 -0.528285 -2.367383 -1.007256
 67 16.573921 -0.000001 0.000002 -0.000000 0.000000 -2.019199
 68 15.128181 0.000000 -0.000003 0.031619 0.086785 -0.033197
 69 5.758666 4.244731 0.000000 0.000000 -0.000000 2.033309
 70 3.177726 0.000001 -0.000000 0.000000 0.000000 3.141593
 71 15.708951 0.000002 -0.000004 0.016155 0.048356 -0.018185
 72 0.275149 0.189215 -3.445208 3.130898 0.000409 -1.514604
 73 17.210190 -0.000001 0.000002 0.000000 -0.000000 -2.322356
 74 0.000001 -0.000000 -5.000000 -0.079433 1.546568 -1.570859
 75 0.000007 -0.000005 -3.619080 0.196495 -3.011952 -1.279118
 76 16.573921 -0.000001 0.000000 -0.000000 -0.000000 -1.611348
 77 15.128181 -0.000000 0.000000 0.214418 -0.027533 0.774389
 78 5.758665 4.244731 -0.000001 -0.000000 -0.000000 1.483530
 79 4.003934 0.000000 0.000000 0.000000 0.000000 0.000000
 80 15.708954 0.000000 0.000001 0.153371 0.002792 0.528179
 81 0.273998 0.191089 3.439761 -3.130907 -0.000437 -1.508107
 82 17.210192 -0.000001 0.000000 0.000000 -0.000000 -2.138823
 83 0.000001 0.000001 5.000000 -0.079311 1.595025 -1.570737
time 28
  0 1.130557 9.712686 27.009436 -0.281436 0.436358 -2.443536
  1 11.368429 6.770639 -23.418964 -0.498313 0.132926 2.346876
  2 -2.276933 0.000003 -1.238186 -1.570795 -1.570451 0.000000
  3 1.796916 0.711910 -0.000834 0.256660 -0.025659 -0.078469
  4 4.118566 -0.003164 -0.000866 0.266884 -0.000029 -0.012311
  5 4.118563 -0.003163 -0.000864 0.266542 0.004777 -0.010789
  6 4.118565 -0.003163 -0.000865 0.266884 0.000045 -0.012388
  7 4.120816 -0.002759 0.000196 -0.056165 -0.186637 0.686060
  8 4.443598 0.000002 -0.000001 -0.167734 0.289355 -0.114878
  9 9.024059 0.000001 -0.000001 0.000000 0.000000 0.000000
 10 0.321513 -0.092039 1.699945 1.244357 -1.246947 1.282895
 11 6.384776 0.000002 0.000002 0.699840 0.520512 -0.042607
 12 10.242683 -0.000001 -0.000001 0.000000 -0.000000 -1.662646
 13 11.375562 -0.000002 -0.000001 -1.115984 -0.459832 -0.174837
 14 0.728681 0.023431 -1.008292 1.705251 0.347372 0.567022
 15 2.136497 0.000001 -0.000001 0.000000 -0.000000 0.287979
 16 2.313139 -0.000000 0.000000 0.000000 0.000000 0.000000
 17 3.115506 -0.886041 -0.021432 -0.000782 0.000152 0.191986
 18 2.011151 0.000001 0.000000 0.000000 0.000000 0.659566
 19 2.141380 0.000000 -0.000000 0.000000 0.000000 0.000000
 20 1.734172 0.000000 -0.000001 0.000000 0.000000 0.330185
 21 0.000006 -4.440593 -0.000001 1.570544 -0.062990 -0.195737
 22 6.000002 -0.000001 -0.000001 -1.236047 -0.000000 -0.000000
 23 0.000001 -4.440601 -0.000001 1.569944 -0.062987 0.004053
 24 11.375563 -0.000001 0.000002 -1.358171 -0.253566 -0.061821
 25 -0.000000 -4.440602 0.000000 1.570144 -0.062988 0.004040
 26 10.510132 0.000000 -0.000001 -0.000000 0.000000 -2.402119
 27 0.000001 -1.748403 4.999999 0.000000 0.004007 1.602290
 28 5.500000 0.000001 0.000000 -0.258099 0.000000 -0.000000
 29 -0.000003 -1.940596 5.000000 -0.044472 0.004003 -0.000180
 30 6.551490 0.000002 0.000000 0.450847 0.472315 -0.111236
 31 0.000001 -1.940600 4.999999 -0.027189 -0.053376 0.005295
 32 6.551490 0.000002 0.000000 0.216558 0.219825 -0.079265
 33 -0.000001 -1.940598 4.999996 -0.066572 -0.152786 -0.110311
 34 -0.321513 0.099123 -1.699945 1.093073 0.759537 -2.750268
 35 6.384775 -0.000002 0.000001 -1.044896 -0.946502 0.315990
 36 10.242683 -0.000001 0.000001 0.000000 -0.000000 -1.572142
 37 11.375561 0.000002 0.000001 1.426699 0.649608 -0.142823
 38 0.728681 0.023431 1.008291 -1.705251 -0.347372 0.567022
 39 2.136497 0.000001 0.000000 -0.000000 -0.000000 0.287979
 40 2.313138 -0.000000 0.000000 0.000000 0.000000 3.141593
 41 3.115506 -0.886042 0.021432 0.253529 0.012992 0.141301
 42 2.011150 -0.000000 -0.000000 -0.000000 -0.000000 1.532231
 43 2.141380 -0.000000 -0.000001 0.000000 0.000000 3.141593
 44 1.734173 -0.000001 -0.000001 0.000000 0.000000 0.765986
 45 0.136314 -3.738193 2.525892 1.493698 2.759406 -1.474501
 46 3.726727 -0.053313 2.419487 -0.262762 2.898943 1.398576
 47 11.389366 -0.000817 0.158783 1.514568 0.333735 -0.058728
 48 0.000000 -4.440599 0.000001 1.570144 -3.078602 0.004040
 49 6.000000 0.000002 0.000001 1.514568 -0.000000 -0.000000
 50 0.000001 -4.440601 0.000000 1.569944 -3.078603 0.004053
 51 10.510132 0.000000 0.000002 0.000000 -0.000000 -2.356868
 52 0.000001 -1.748400 -5.000002 3.141593 0.004007 -1.539299
 53 5.500001 -0.000001 0.000000 0.259146 -0.000000 0.000000
 54 -0.000001 -0.000001 -5.000000 -0.044472 3.137589 -0.000177
 55 6.551489 -0.000002 -0.000001 -0.259146 -0.328759 -0.034934
 56 -1.266842 -1.937445 -4.950559 -0.066572 -2.988806 -0.110308
 57 6.551489 -0.000001 -0.000001 -0.259146 -0.328759 -0.034934
 58 0.699371 -1.944209 -5.006845 -0.027189 -3.088217 0.005298
 59 4.226147 -0.003202 0.000001 -0.012723 -0.099022 0.347121
 60 -0.000000 5.000001 -0.000001 -0.153564 0.000087 2.718702
 61 0.000005 -0.000005 -3.713579 0.095503 -3.012510 -0.750673
 62 0.000001 0.000000 5.000000 3.053197 1.558589 -0.074927
 63 -0.000006 0.000005 3.713580 -0.334411 -2.825096 -0.524885
 64 -0.000001 -0.000000 -5.000000 -0.088728 1.558589 3.066333
 65 7.363604 1.646646 0.495662 -3.141593 -1.570796 0.000000
 66 -0.000006 0.000005 3.619081 -0.528285 -2.367383 -1.007256
 67 16.573921 -0.000001 0.000002 -0.000000 0.000000 -2.019199
 68 15.128181 0.000000 -0.000003 0.031619 0.086785 -0.033197
 69 5.758666 4.244731 0.000000 0.000000 -0.000000 2.033309
 70 3.177726 0.000001 -0.000000 0.000000 0.000000 3.141593
 71 15.708951 0.000002 -0.000004 0.016155 0.048356 -0.018185
 72 0.275149 0.189215 -3.445208 3.130898 0.000409 -1.514604
 73 17.210190 -0.000001 0.000002 0.000000 -0.000000 -2.322356
 74 0.000001 -0.000000 -5.000000 -0.079433 1.546568 -1.570859
 75 0.000007 -0.000005 -3.619080 0.196495 -3.011952 -1.279118
 76 16.573921 -0.000001 0.000000 -0.000000 -0.000000 -1.611348
 77 15.128181 -0.000000 0.000000 0.214418 -0.027533 0.774389
 78 5.758665 4.244731 -0.000001 -0.000000 -0.000000 1.483530
 79 4.003934 0.000000 0.000000 0.000000 0.000000 0.000000
 80 15.708954 0.000000 0.000001 0.153371 0.002792 0.528179
 81 0.273998 0.191089 3.439761 -3.130907 -0.000437 -1.508107
 82 17.210192 -0.000001 0.000000 0.000000 -0.000000 -2.138823
 83 0.000001 0.000001 5.000000 -0.079311 1.595025 -1.570737
time 29
  0 1.130557 9.712686 27.009436 -0.281436 0.436358 -2.443536
  1 11.368429 6.770639 -23.418964 -0.498313 0.132926 2.346876
  2 -2.276933 0.000003 -1.238186 -1.570795 -1.570451 0.000000
  3 1.796884 0.711903 -0.000801 0.246060 -0.010564 -0.084696
  4 4.118512 -0.003168 -0.000842 0.259476 0.000255 -0.028413
  5 4.118512 -0.003168 -0.000841 0.259289 0.002674 -0.027652
  6 4.118511 -0.003169 -0.000842 0.259476 0.000284 -0.028497
  7 4.120878 -0.002704 0.000212 -0.060850 -0.185318 0.710910
  8 4.443598 -0.000001 -0.000000 -0.111310 0.290283 -0.064427
  9 9.024060 -0.000001 -0.000000 0.000000 0.000000 0.000000
 10 0.319267 -0.100033 1.699901 1.327997 -1.196727 1.187074
 11 6.384778 0.000000 -0.000003 0.671235 0.510769 -0.120545
 12 10.242682 0.000001 -0.000003 0.000000 -0.000000 -1.593107
 13 11.375561 -0.000000 0.000001 -1.123526 -0.519946 -0.196411
 14 0.728681 0.023429 -1.008292 1.705251 0.347372 0.567022
 15 2.136498 0.000000 0.000001 -0.000000 -0.000000 0.287979
 16 2.313139 0.000000 0.000001 0.000000 0.000000 0.000000
 17 3.115507 -0.886041 -0.021432 -0.000782 0.000152 0.191986
 18 2.011150 -0.000001 -0.000001 -0.000000 0.000000 0.659566
 19 2.141379 -0.000000 0.000001 0.000000 0.000000 0.000000
 20 1.734172 -0.000001 -0.000001 0.000000 -0.000000 0.330185
 21 0.000006 -4.440593 -0.000001 1.570544 -0.062990 -0.195737
 22 5.999999 0.000000 0.000000 -1.245172 -0.000000 -0.000000
 23 0.000002 -4.440600 -0.000000 1.569944 -0.062987 0.004053
 24 11.375560 -0.000000 0.000004 -1.366379 -0.282382 -0.067673
 25 0.000000 -4.440603 -0.000001 1.570144 -0.062988 0.004040
 26 10.510131 0.000001 -0.000002 -0.000000 0.000000 -2.367350
 27 -0.000000 -1.748403 4.999999 -0.000000 0.004007 1.602290
 28 5.500000 0.000001 -0.000002 -0.243203 0.000000 0.000000
 29 -0.000002 -1.940598 5.000000 -0.044472 0.004003 -0.000180
 30 6.551492 0.000001 -0.000002 0.415692 0.449943 -0.180347
 31 0.000000 -1.940598 5.000001 -0.027189 -0.053376 0.005295
 32 6.551492 0.000001 -0.000002 0.204942 0.206732 -0.108475
 33 0.000000 -1.940599 4.999994 -0.066572 -0.152786 -0.110311
 34 -0.319267 0.107111 -1.699901 1.104185 0.673371 -2.784723
 35 6.384777 -0.000002 -0.000000 -1.065402 -0.804511 0.222831
 36 10.242682 -0.000002 0.000000 0.000000 -0.000000 -1.630198
 37 11.375561 0.000002 0.000001 1.386142 0.642322 -0.161229
 38 0.728680 0.023431 1.008293 -1.705251 -0.347372 0.567022
 39 2.136496 0.000001 -0.000000 -0.000000 0.000000 0.287979
 40 2.313138 0.000000 -0.000000 0.000000 0.000000 3.141593
 41 3.115506 -0.886040 0.021431 0.253529 0.012992 0.141302
 42 2.011151 0.000000 0.000000 -0.000000 -0.000000 1.532231
 43 2.141379 0.000000 0.000001 0.000000 0.000000 3.141593
 44 1.734173 -0.000001 0.000001 -0.000000 -0.000000 0.765986
 45 0.136313 -3.738193 2.525892 1.493698 2.759406 -1.474501
 46 3.726727 -0.053313 2.419488 -0.262762 2.898943 1.398576
 47 11.389365 -0.000818 0.158782 1.496494 0.331234 -0.064289
 48 0.000000 -4.440599 0.000001 1.570144 -3.078602 0.004040
 49 6.000000 0.000001 -0.000000 1.496494 0.000000 -0.000000
 50 0.000001 -4.440601 0.000001 1.569944 -3.078603 0.004053
 51 10.510131 -0.000001 0.000002 -0.000000 0.000000 -2.385895
 52 0.000001 -1.748398 -5.000001 -3.141593 0.004007 -1.539299
 53 5.499999 0.000000 0.000001 0.281347 -0.000000 0.000000
 54 -0.000002 0.000003 -5.000001 -0.044472 3.137589 -0.000177
 55 6.551490 -0.000002 -0.000001 -0.281347 -0.298347 -0.032547
 56 -1.266843 -1.937444 -4.950559 -0.066572 -2.988806 -0.110308
 57 6.551491 -0.000001 -0.000001 -0.281347 -0.298347 -0.032547
 58 0.699372 -1.944210 -5.006845 -0.027189 -3.088217 0.005298
 59 4.226144 -0.003201 -0.000000 -0.014532 -0.098827 0.357802
 60 -0.000001 5.000002 -0.000000 -0.153564 0.000087 2.718702
 61 0.000005 -0.000005 -3.713579 0.095503 -3.012510 -0.750673
 62 0.000001 0.000000 5.000000 3.053197 1.558589 -0.074927
 63 -0.000006 0.000005 3.713580 -0.334411 -2.825096 -0.524885
 64 -0.000001 -0.000000 -5.000000 -0.088728 1.558589 3.066333
 65 7.363604 1.646646 0.495662 -3.141593 -1.570796 0.000000
 66 -0.000006 0.000005 3.619081 -0.528285 -2.367383 -1.007256
 67 16.573921 -0.000001 0.000002 -0.000000 0.000000 -2.019199
 68 15.128181 0.000000 -0.000003 0.031619 0.086785 -0.033197
 69 5.758666 4.244731 0.000000 0.000000 -0.000000 2.033309
 70 3.177726 0.000001 -0.000000 0.000000 0.000000 3.141593
 71 15.708951 0.000002 -0.000004 0.016155 0.048356 -0.018185
 72 0.275149 0.189215 -3.445208 3.130898 0.000409 -1.514604
 73 17.210190 -0.000001 0.000002 0.000000 -0.000000 -2.322356
 74 0.000001 -0.000000 -5.000000 -0.079433 1.546568 -1.570859
 75 0.000007 -0.000005 -3.619080 0.196495 -3.011952 -1.279118
 76 16.573921 -0.000001 0.000000 -0.000000 -0.000000 -1.611348
 77 15.128181 -0.000000 0.000000 0.214418 -0.027533 0.774389
 78 5.758665 4.244731 -0.000001 -0.000000 -0.000000 1.483530
 79 4.003934 0.000000 0.000000 0.000000 0.000000 0.000000
 80 15.708954 0.000000 0.000001 0.153371 0.002792 0.528179
 81 0.273998 0.191089 3.439761 -3.130907 -0.000437 -1.508107
 82 17.210192 -0.000001 0.000000 0.000000 -0.000000 -2.138823
 83 0.000001 0.000001 5.000000 -0.079311 1.595025 -1.570737
time 30
  0 1.130557 9.712686 27.009436 -0.281436 0.436358 -2.443536
  1 11.368429 6.770639 -23.418964 -0.498313 0.132926 2.346876
  2 -2.276933 0.000003 -1.238186 -1.570795 -1.570451 0.000000
  3 1.796855 0.711899 -0.000773 0.237518 0.003259 -0.089870
  4 4.118464 -0.003171 -0.000822 0.253073 -0.000208 -0.043589
  5 4.118466 -0.003173 -0.000821 0.253073 -0.000211 -0.043563
  6 4.118465 -0.003172 -0.000821 0.253073 -0.000197 -0.043676
  7 4.120940 -0.002647 0.000227 -0.065506 -0.183886 0.735748
  8 4.443598 0.000000 -0.000000 -0.060126 0.290154 -0.019456
  9 9.024061 -0.000000 -0.000000 0.000000 0.000000 0.000000
 10 0.316829 -0.107977 1.699855 1.391034 -1.146400 1.111092
 11 6.384777 0.000001 -0.000000 0.643504 0.509441 -0.190662
 12 10.242680 0.000001 -0.000002 0.000000 0.000000 -1.502685
 13 11.375558 0.000000 0.000000 -1.129619 -0.578252 -0.217546
 14 0.728681 0.023431 -1.008292 1.705251 0.347372 0.567022
 15 2.136497 -0.000000 0.000000 -0.000000 -0.000000 0.287979
 16 2.313140 0.000000 -0.000000 0.000000 0.000000 0.000000
 17 3.115507 -0.886042 -0.021432 -0.000782 0.000152 0.191986
 18 2.011150 -0.000000 -0.000001 0.000000 0.000000 0.659566
 19 2.141380 0.000001 0.000000 0.000000 0.000000 0.000000
 20 1.734173 0.000001 -0.000000 -0.000000 0.000000 0.330185
 21 0.000007 -4.440592 0.000000 1.570544 -0.062990 -0.195737
 22 5.999998 -0.000001 -0.000000 -1.253910 -0.000000 0.000000
 23 0.000002 -4.440599 -0.000001 1.569944 -0.062987 0.004053
 24 11.375560 0.000000 0.000003 -1.374415 -0.309651 -0.072985
 25 -0.000002 -4.440604 -0.000001 1.570144 -0.062988 0.004040
 26 10.510131 0.000001 -0.000002 0.000000 0.000000 -2.322139
 27 0.000001 -1.748403 4.999999 -0.000000 0.004007 1.602291
 28 5.500001 0.000000 -0.000001 -0.230905 -0.000000 -0.000000
 29 -0.000003 -1.940598 5.000000 -0.044472 0.004003 -0.000180
 30 6.551490 0.000001 0.000002 0.387907 0.429649 -0.236180
 31 -0.000001 -1.940598 5.000001 -0.027189 -0.053376 0.005295
 32 6.551490 0.000001 0.000002 0.195213 0.195287 -0.132356
 33 -0.000002 -1.940599 4.999998 -0.066572 -0.152786 -0.110311
 34 -0.316829 0.115054 -1.699854 1.109130 0.641383 -2.813187
 35 6.384776 0.000000 -0.000000 -1.082966 -0.754694 0.177282
 36 10.242681 -0.000004 0.000001 -0.000000 0.000000 -1.637710
 37 11.375557 0.000001 -0.000002 1.398317 0.632083 -0.141100
 38 0.728681 0.023432 1.008291 -1.705251 -0.347372 0.567022
 39 2.136497 0.000001 0.000000 -0.000000 -0.000000 0.287979
 40 2.313140 -0.000000 0.000000 0.000000 0.000000 3.141593
 41 3.115507 -0.886041 0.021430 0.253529 0.012992 0.141302
 42 2.011151 0.000000 -0.000000 0.000000 -0.000000 1.532231
 43 2.141379 0.000001 -0.000000 0.000000 0.000000 3.141593
 44 1.734172 -0.000001 0.000001 0.000000 0.000000 0.765986
 45 0.136314 -3.738193 2.525890 1.493698 2.759406 -1.474501
 46 3.726728 -0.053312 2.419485 -0.262762 2.898943 1.398576
 47 11.389364 -0.000818 0.158780 1.500127 0.326297 -0.055718
 48 0.000001 -4.440599 0.000001 1.570144 -3.078602 0.004040
 49 5.999999 0.000002 -0.000001 1.500127 0.000000 0.000000
 50 0.000003 -4.440601 -0.000000 1.569944 -3.078603 0.004053
 51 10.510131 -0.000002 0.000001 -0.000000 0.000000 -2.389651
 52 0.000000 -1.748403 -5.000001 -3.141593 0.004007 -1.539299
 53 5.499999 -0.000001 0.000000 0.290127 0.000000 -0.000000
 54 -0.000001 0.000002 -5.000000 -0.044472 3.137589 -0.000177
 55 6.551490 0.000000 0.000000 -0.290127 -0.286097 -0.036807
 56 -1.266844 -1.937444 -4.950560 -0.066572 -2.988806 -0.110308
 57 6.551491 0.000001 0.000000 -0.290127 -0.286097 -0.036807
 58 0.699371 -1.944208 -5.006848 -0.027189 -3.088217 0.005298
 59 4.226145 -0.003202 -0.000000 -0.016350 -0.098624 0.368446
 60 0.000001 5.000001 -0.000000 -0.153564 0.000087 2.718702
 61 0.000005 -0.000005 -3.713579 0.095503 -3.012510 -0.750673
 62 0.000001 0.000000 5.000000 3.053197 1.558589 -0.074927
 63 -0.000006 0.000005 3.713580 -0.334411 -2.825096 -0.524885
 64 -0.000001 -0.000000 -5.000000 -0.088728 1.558589 3.066333
 65 7.363604 1.646646 0.495662 -3.141593 -1.570796 0.000000
 66 -0.000006 0.000005 3.619081 -0.528285 -2.367383 -1.007256
 67 16.573921 -0.000001 0.000002 -0.000000 0.000000 -2.019199
 68 15.128181 0.000000 -0.000003 0.031619 0.086785 -0.033197
 69 5.758666 4.244731 0.000000 0.000000 -0.000000 2.033309
 70 3.177726 0.000001 -0.000000 0.000000 0.000000 3.141593
 71 15.708951 0.000002 -0.000004 0.016155 0.048356 -0.018185
 72 0.275149 0.189215 -3.445208 3.130898 0.000409 -1.514604
 73 17.210190 -0.000001 0.000002 0.000000 -0.000000 -2.322356
 74 0.000001 -0.000000 -5.000000 -0.079433 1.546568 -1.570859
 75 0.000007 -0.000005 -3.619080 0.196495 -3.011952 -1.279118
 76 16.573921 -0.000001 0.000000 -0.000000 -0.000000 -1.611348
 77 15.128181 -0.000000 0.000000 0.214418 -0.027533 0.774389
 78 5.758665 4.244731 -0.000001 -0.000000 -0.000000 1.483530
 79 4.003934 0.000000 0.000000 0.000000 0.000000 0.000000
 80 15.708954 0.000000 0.000001 0.153371 0.002792 0.528179
 81 0.273998 0.191089 3.439761 -3.130907 -0.000437 -1.508107
 82 17.210192 -0.000001 0.000000 0.000000 -0.000000 -2.138823
 83 0.000001 0.000001 5.000000 -0.079311 1.595025 -1.570737
end
