version 1
nodes
  0 "Bip01"  -1
  1 "Bip01 Footsteps"   0
  2 "Bip01 Pelvis"   0
  3 "Bip01 Spine"   2
  4 "Bip01 Spine1"   3
  5 "Bip01 Spine2"   4
  6 "Bip01 Spine3"   5
  7 "Bip01 Neck"   6
  8 "Bip01 Head"   7
  9 "Dummy21"   8
 10 "Bip01 L Clavicle"   7
 11 "Bip01 L UpperArm"  10
 12 "Bip01 L Forearm"  11
 13 "Bip01 L Hand"  12
 14 "Bip01 L Finger0"  13
 15 "Bip01 L Finger01"  14
 16 "Dummy06"  15
 17 "Bip01 L Finger1"  13
 18 "Bip01 L Finger11"  17
 19 "Dummy03"  18
 20 "-- L knuckle"  17
 21 "-- L knuckle_end"  20
 22 "-- L Forearm twist"  12
 23 "-- L Forearm twist_end"  22
 24 "-- L wrist"  12
 25 "-- L wrist_end"  24
 26 "-- L Elbow"  11
 27 "--L Elbow_end"  26
 28 "-- L bicep twist"  11
 29 "-- L bicep twist_end"  28
 30 "-- L shoulder outside"  10
 31 "-- L shoulder outside_end"  30
 32 "-- L Shoulder inside"  10
 33 "-- L Shoulder inside_end"  32
 34 "Bip01 R Clavicle"   7
 35 "Bip01 R UpperArm"  34
 36 "Bip01 R Forearm"  35
 37 "Bip01 R Hand"  36
 38 "Bip01 R Finger0"  37
 39 "Bip01 R Finger01"  38
 40 "Dummy01"  39
 41 "Bip01 R Finger1"  37
 42 "Bip01 R Finger11"  41
 43 "Dummy02"  42
 44 "-- R knuckle"  41
 45 "Point06"  44
 46 "Cylinder01"  37
 47 "-- R wrist"  36
 48 "-- R wrist_end"  47
 49 "-- R forearm twist"  36
 50 "-- R forearm twist_end"  49
 51 "-- R Elbow"  35
 52 "--R Elbow_end"  51
 53 "-- R bicep twist"  35
 54 "-- R bicep twist_end"  53
 55 "-- R Shoulder inside"  34
 56 "-- R Shoulder inside_end"  55
 57 "-- R shoulder outside"  34
 58 "-- R shoulder outside_end"  57
 59 "-- Neck smooth"   6
 60 "-- neck smooth end"  59
 61 "-- R Butt"   2
 62 "--R Butt_end"  61
 63 "-- L butt"   2
 64 "--L butt_end"  63
 65 "GIGN01"   2
 66 "Bip01 L Thigh"   2
 67 "Bip01 L Calf"  66
 68 "Bip01 L Foot"  67
 69 "Bip01 L Toe0"  68
 70 "Dummy16"  69
 71 "-- L ankle"  67
 72 "-- L ankleend"  71
 73 "-- L Knee"  66
 74 "--L Knee_end"  73
 75 "Bip01 R Thigh"   2
 76 "Bip01 R Calf"  75
 77 "Bip01 R Foot"  76
 78 "Bip01 R Toe0"  77
 79 "Dummy11"  78
 80 "-- R Ankle"  76
 81 "-- R ankleend"  80
 82 "-- R Knee"  75
 83 "--R Knee_end"  82
end
skeleton
time 0
  0 1.130557 9.712685 27.009436 -0.281436 0.436358 -2.443536
  1 11.368427 6.770639 -23.418964 -0.498313 0.132926 2.346876
  2 -2.276934 0.000002 -1.238186 -1.570795 -1.570451 0.000000
  3 1.796068 0.712315 -0.001407 0.446101 -0.110238 -0.424074
  4 4.118629 -0.003227 -0.000594 0.183506 0.134122 0.031545
  5 4.119498 -0.003102 -0.000570 0.175960 0.113435 0.301699
  6 4.119499 -0.003102 -0.000571 0.175457 0.086048 0.296697
  7 4.117915 -0.003365 0.000857 -0.277227 -0.483047 -0.070579
  8 4.443597 -0.000000 0.000001 1.267380 -0.611805 -0.073957
  9 9.024060 -0.000004 0.000000 0.000000 0.000000 0.000000
 10 0.804814 -0.416436 1.475880 -1.787609 -1.318252 -1.250033
 11 6.384776 -0.000001 -0.000002 -0.126049 0.381669 0.575415
 12 10.242682 -0.000001 -0.000003 -0.000000 -0.000000 -2.256954
 13 11.375559 -0.000001 0.000003 -0.281168 0.217320 -0.229261
 14 0.728682 0.023431 -1.008292 1.705251 0.347372 0.567022
 15 2.136496 -0.000001 -0.000000 -0.000000 0.000000 0.287979
 16 2.313140 -0.000001 0.000000 0.000000 0.000000 0.000000
 17 3.115507 -0.886042 -0.021432 -0.000782 0.000152 0.191986
 18 2.011149 -0.000001 0.000001 0.000000 -0.000000 0.659566
 19 2.141380 -0.000000 -0.000002 0.000000 0.000000 0.000000
 20 1.734172 -0.000000 0.000001 0.000000 -0.000000 0.330185
 21 0.000006 -4.440594 -0.000000 1.570544 -0.062990 -0.195737
 22 5.999999 -0.000001 0.000002 -0.565984 0.000000 0.000000
 23 0.000000 -4.440602 -0.000000 1.569944 -0.062987 0.004053
 24 11.375560 -0.000002 0.000003 -0.925526 0.072933 -0.171138
 25 -0.000002 -4.440606 -0.000001 1.570144 -0.062988 0.004040
 26 10.510131 -0.000002 -0.000003 -0.000000 0.000000 -2.699274
 27 0.000001 -1.748401 4.999996 0.000000 0.004007 1.602291
 28 5.500000 0.000000 -0.000002 0.065196 0.000000 -0.000000
 29 -0.000000 -1.940595 5.000001 -0.044472 0.004003 -0.000180
 30 6.551492 0.000002 0.000001 -0.086661 0.272917 0.454328
 31 0.000001 -1.940599 5.000001 -0.027189 -0.053376 0.005295
 32 6.551492 0.000002 0.000001 -0.057538 0.128631 0.223080
 33 -0.000000 -1.940599 4.999996 -0.066572 -0.152786 -0.110311
 34 -0.804814 0.423512 -1.475878 0.367792 0.784100 -2.535399
 35 6.384776 0.000001 -0.000001 1.510562 0.359867 -0.786511
 36 10.242682 -0.000000 0.000002 0.000000 0.000000 -1.481057
 37 11.375564 -0.000000 -0.000002 2.814382 0.651111 0.495203
 38 0.728680 0.023432 1.008292 -1.705251 -0.347372 0.567022
 39 2.136499 0.000000 0.000001 0.000000 0.000000 0.287979
 40 2.313139 0.000001 -0.000001 0.000000 0.000000 3.141593
 41 3.115506 -0.886038 0.021432 0.253529 0.012992 0.141301
 42 2.011153 0.000001 -0.000000 -0.000000 0.000000 1.532231
 43 2.141378 0.000001 0.000001 0.000000 0.000000 3.141593
 44 1.734172 -0.000001 -0.000000 0.000000 0.000000 0.765986
 45 0.136315 -3.738192 2.525890 1.493698 2.759406 -1.474501
 46 3.726727 -0.053310 2.419487 -0.262762 2.898943 1.398576
 47 11.389367 -0.000818 0.158781 2.110864 0.403415 0.117082
 48 -0.000002 -4.440598 -0.000000 1.570144 -3.078602 0.004040
 49 6.000000 0.000000 -0.000000 2.110864 -0.000000 -0.000000
 50 0.000002 -4.440602 0.000001 1.569944 -3.078603 0.004053
 51 10.510131 -0.000002 0.000002 0.000000 0.000000 -2.311325
 52 0.000000 -1.748400 -5.000001 -3.141593 0.004007 -1.539299
 53 5.500000 -0.000001 0.000001 -0.448666 0.000000 0.000000
 54 -0.000000 -0.000001 -4.999999 -0.044472 3.137589 -0.000177
 55 6.551490 -0.000001 0.000001 0.448666 -0.038345 -0.268593
 56 -1.266843 -1.937444 -4.950562 -0.066572 -2.988806 -0.110308
 57 6.551491 -0.000001 0.000001 0.448666 -0.038345 -0.268593
 58 0.699371 -1.944208 -5.006849 -0.027189 -3.088217 0.005298
 59 4.226145 -0.003202 0.000000 -0.140881 -0.249292 -0.058938
 60 -0.000000 5.000001 -0.000000 -0.153564 0.000087 2.718702
 61 0.000005 -0.000005 -3.713578 0.095503 -3.012510 -0.750673
 62 0.000001 0.000001 4.999999 3.053197 1.558589 -0.074927
 63 -0.000006 0.000005 3.713580 -0.334411 -2.825096 -0.524885
 64 -0.000000 -0.000000 -5.000000 -0.088728 1.558589 3.066333
 65 7.363604 1.646647 0.495663 -3.141593 -1.570796 0.000000
 66 -0.000005 0.000005 3.619082 -0.528285 -2.367383 -1.007256
 67 16.573921 -0.000001 0.000002 -0.000000 0.000000 -2.019199
 68 15.128181 0.000000 -0.000003 0.031619 0.086785 -0.033197
 69 5.758665 4.244731 0.000000 0.000000 -0.000000 2.033309
 70 3.177726 0.000000 -0.000000 0.000000 0.000000 3.141593
 71 15.708951 0.000002 -0.000004 0.016155 0.048356 -0.018185
 72 0.275148 0.189215 -3.445208 3.130898 0.000409 -1.514604
 73 17.210192 -0.000002 0.000002 0.000000 -0.000000 -2.322356
 74 0.000001 -0.000000 -5.000000 -0.079433 1.546568 -1.570859
 75 0.000007 -0.000005 -3.619079 0.196495 -3.011952 -1.279118
 76 16.573921 -0.000000 0.000000 -0.000000 -0.000000 -1.611348
 77 15.128181 -0.000001 0.000000 0.214418 -0.027533 0.774389
 78 5.758665 4.244731 -0.000001 -0.000000 -0.000000 1.483530
 79 4.003934 0.000000 0.000000 0.000000 0.000000 0.000000
 80 15.708955 -0.000000 0.000001 0.153371 0.002792 0.528179
 81 0.273998 0.191089 3.439762 -3.130907 -0.000437 -1.508107
 82 17.210192 -0.000000 0.000000 0.000000 -0.000000 -2.138823
 83 0.000001 0.000001 5.000000 -0.079311 1.595025 -1.570737
time 1
  0 1.130557 9.712685 27.009436 -0.281436 0.436358 -2.443536
  1 11.368427 6.770639 -23.418964 -0.498313 0.132926 2.346876
  2 -2.276934 0.000002 -1.238186 -1.570795 -1.570451 0.000000
  3 1.796072 0.712332 -0.001445 0.459238 -0.115688 -0.430173
  4 4.118602 -0.003213 -0.000660 0.203873 0.112883 0.022928
  5 4.119476 -0.003095 -0.000638 0.196382 0.089444 0.292933
  6 4.119478 -0.003097 -0.000638 0.196141 0.064708 0.288461
  7 4.117897 -0.003352 0.000884 -0.287506 -0.490422 -0.069167
  8 4.443600 0.000000 -0.000001 1.210642 -0.475944 -0.066071
  9 9.024060 0.000001 0.000001 0.000000 0.000000 0.000000
 10 0.816111 -0.429888 1.465752 -1.782189 -1.237083 -1.287636
 11 6.384778 -0.000002 -0.000002 -0.092863 0.337230 0.651036
 12 10.242682 -0.000001 -0.000000 -0.000000 0.000000 -2.237691
 13 11.375561 -0.000000 -0.000003 -0.281168 0.217320 -0.229261
 14 0.728680 0.023432 -1.008292 1.705251 0.347372 0.567022
 15 2.136498 -0.000001 0.000001 0.000000 -0.000000 0.287979
 16 2.313139 -0.000001 -0.000000 0.000000 0.000000 0.000000
 17 3.115506 -0.886042 -0.021432 -0.000782 0.000152 0.191986
 18 2.011153 0.000001 -0.000001 -0.000000 -0.000000 0.659566
 19 2.141378 -0.000000 -0.000002 0.000000 0.000000 0.000000
 20 1.734174 0.000001 -0.000002 -0.000000 -0.000000 0.330185
 21 0.000005 -4.440593 0.000003 1.570544 -0.062990 -0.195737
 22 5.999999 -0.000000 -0.000000 -0.565984 -0.000000 -0.000000
 23 0.000001 -4.440601 -0.000001 1.569944 -0.062987 0.004053
 24 11.375560 0.000000 0.000002 -0.925526 0.072934 -0.171138
 25 -0.000001 -4.440604 0.000001 1.570144 -0.062988 0.004040
 26 10.510130 -0.000002 -0.000002 0.000000 -0.000000 -2.689642
 27 -0.000000 -1.748400 5.000000 0.000000 0.004007 1.602291
 28 5.499999 -0.000000 -0.000001 0.054211 0.000000 -0.000000
 29 -0.000001 -1.940597 5.000000 -0.044472 0.004003 -0.000180
 30 6.551492 -0.000000 -0.000001 -0.069770 0.235985 0.482385
 31 -0.000000 -1.940598 5.000003 -0.027189 -0.053376 0.005295
 32 6.551492 -0.000000 -0.000001 -0.048085 0.111235 0.236252
 33 0.000000 -1.940597 4.999996 -0.066572 -0.152786 -0.110311
 34 -0.816107 0.436967 -1.465752 0.320447 0.808186 -2.577203
 35 6.384776 -0.000000 -0.000001 1.552236 0.258111 -0.696692
 36 10.242682 -0.000002 -0.000000 0.000000 -0.000000 -1.527843
 37 11.375561 0.000002 -0.000000 2.776129 0.660722 0.482155
 38 0.728681 0.023431 1.008292 -1.705251 -0.347372 0.567022
 39 2.136496 -0.000000 -0.000000 0.000000 -0.000000 0.287979
 40 2.313140 -0.000000 -0.000001 0.000000 0.000000 3.141593
 41 3.115507 -0.886040 0.021431 0.253529 0.012992 0.141301
 42 2.011148 -0.000002 -0.000001 -0.000000 -0.000000 1.532231
 43 2.141380 -0.000000 0.000001 0.000000 0.000000 3.141593
 44 1.734173 -0.000001 0.000000 0.000000 -0.000000 0.765986
 45 0.136315 -3.738192 2.525890 1.493698 2.759406 -1.474501
 46 3.726727 -0.053312 2.419486 -0.262762 2.898943 1.398576
 47 11.389367 -0.000819 0.158780 2.092899 0.403539 0.112379
 48 0.000002 -4.440599 0.000001 1.570144 -3.078602 0.004040
 49 6.000000 0.000001 -0.000001 2.092899 0.000000 -0.000000
 50 0.000002 -4.440601 0.000000 1.569944 -3.078603 0.004053
 51 10.510132 -0.000001 0.000001 0.000000 0.000000 -2.334718
 52 0.000000 -1.748399 -4.999999 -3.141593 0.004007 -1.539299
 53 5.500000 -0.000002 -0.000001 -0.455780 0.000000 -0.000000
 54 0.000000 -0.000001 -5.000000 -0.044472 3.137589 -0.000177
 55 6.551490 -0.000002 0.000001 0.455780 -0.061722 -0.245159
 56 -1.266844 -1.937443 -4.950562 -0.066572 -2.988806 -0.110308
 57 6.551491 -0.000002 0.000001 0.455780 -0.061722 -0.245159
 58 0.699371 -1.944208 -5.006846 -0.027189 -3.088217 0.005298
 59 4.226147 -0.003202 -0.000000 -0.145779 -0.252959 -0.059146
 60 0.000000 4.999999 -0.000000 -0.153564 0.000087 2.718702
 61 0.000005 -0.000005 -3.713578 0.095503 -3.012510 -0.750673
 62 0.000001 0.000001 4.999999 3.053197 1.558589 -0.074927
 63 -0.000006 0.000005 3.713580 -0.334411 -2.825096 -0.524885
 64 -0.000000 -0.000000 -5.000000 -0.088728 1.558589 3.066333
 65 7.363604 1.646647 0.495663 -3.141593 -1.570796 0.000000
 66 -0.000005 0.000005 3.619082 -0.528285 -2.367383 -1.007256
 67 16.573921 -0.000001 0.000002 -0.000000 0.000000 -2.019199
 68 15.128181 0.000000 -0.000003 0.031619 0.086785 -0.033197
 69 5.758665 4.244731 0.000000 0.000000 -0.000000 2.033309
 70 3.177726 0.000000 -0.000000 0.000000 0.000000 3.141593
 71 15.708951 0.000002 -0.000004 0.016155 0.048356 -0.018185
 72 0.275148 0.189215 -3.445208 3.130898 0.000409 -1.514604
 73 17.210192 -0.000002 0.000002 0.000000 -0.000000 -2.322356
 74 0.000001 -0.000000 -5.000000 -0.079433 1.546568 -1.570859
 75 0.000007 -0.000005 -3.619079 0.196495 -3.011952 -1.279118
 76 16.573921 -0.000000 0.000000 -0.000000 -0.000000 -1.611348
 77 15.128181 -0.000001 0.000000 0.214418 -0.027533 0.774389
 78 5.758665 4.244731 -0.000001 -0.000000 -0.000000 1.483530
 79 4.003934 0.000000 0.000000 0.000000 0.000000 0.000000
 80 15.708955 -0.000000 0.000001 0.153371 0.002792 0.528179
 81 0.273998 0.191089 3.439762 -3.130907 -0.000437 -1.508107
 82 17.210192 -0.000000 0.000000 0.000000 -0.000000 -2.138823
 83 0.000001 0.000001 5.000000 -0.079311 1.595025 -1.570737
time 2
  0 1.130557 9.712685 27.009436 -0.281436 0.436358 -2.443536
  1 11.368427 6.770639 -23.418964 -0.498313 0.132926 2.346876
  2 -2.276934 0.000002 -1.238186 -1.570795 -1.570451 0.000000
  3 1.796069 0.712351 -0.001477 0.470745 -0.121892 -0.437373
  4 4.118580 -0.003198 -0.000729 0.224984 0.091248 0.013227
  5 4.119451 -0.003087 -0.000707 0.217609 0.065222 0.283033
  6 4.119456 -0.003087 -0.000707 0.217638 0.043020 0.279141
  7 4.117868 -0.003336 0.000930 -0.304753 -0.502682 -0.066612
  8 4.443597 0.000000 0.000001 1.156669 -0.329775 -0.070183
  9 9.024060 -0.000000 0.000001 0.000000 0.000000 0.000000
 10 0.834787 -0.452065 1.448406 -1.793821 -1.142696 -1.312011
 11 6.384776 -0.000003 -0.000001 -0.070902 0.284042 0.732657
 12 10.242682 -0.000002 -0.000003 0.000000 -0.000000 -2.240719
 13 11.375559 -0.000001 0.000002 -0.281168 0.217320 -0.229261
 14 0.728680 0.023430 -1.008294 1.705251 0.347372 0.567022
 15 2.136499 -0.000000 -0.000000 0.000000 -0.000000 0.287979
 16 2.313138 0.000000 -0.000001 0.000000 0.000000 0.000000
 17 3.115506 -0.886041 -0.021435 -0.000782 0.000152 0.191986
 18 2.011153 0.000001 -0.000004 -0.000000 -0.000000 0.659566
 19 2.141379 0.000000 0.000001 0.000000 0.000000 0.000000
 20 1.734173 0.000001 -0.000001 -0.000000 0.000000 0.330185
 21 0.000004 -4.440594 -0.000002 1.570544 -0.062990 -0.195737
 22 5.999999 -0.000001 0.000002 -0.565984 -0.000000 0.000000
 23 0.000001 -4.440602 0.000000 1.569944 -0.062987 0.004053
 24 11.375561 -0.000000 0.000003 -0.925526 0.072934 -0.171138
 25 -0.000003 -4.440605 -0.000000 1.570144 -0.062988 0.004040
 26 10.510129 -0.000001 -0.000002 -0.000000 0.000000 -2.691156
 27 0.000000 -1.748401 4.999997 -0.000000 0.004007 1.602291
 28 5.499999 -0.000000 -0.000001 0.046401 0.000000 0.000000
 29 -0.000001 -1.940597 5.000002 -0.044472 0.004003 -0.000180
 30 6.551492 -0.000002 0.000000 -0.059378 0.194354 0.510051
 31 0.000001 -1.940597 5.000004 -0.027189 -0.053376 0.005295
 32 6.551492 -0.000002 0.000000 -0.041189 0.091215 0.249416
 33 0.000001 -1.940597 4.999998 -0.066572 -0.152786 -0.110311
 34 -0.834787 0.459142 -1.448405 0.188480 0.875144 -2.704656
 35 6.384777 0.000001 -0.000002 1.593902 0.123462 -0.577365
 36 10.242682 0.000000 0.000002 0.000000 0.000000 -1.642613
 37 11.375562 -0.000000 -0.000003 2.665338 0.693004 0.446555
 38 0.728681 0.023431 1.008292 -1.705251 -0.347372 0.567022
 39 2.136500 0.000000 0.000000 0.000000 0.000000 0.287979
 40 2.313138 0.000000 0.000000 0.000000 0.000000 3.141593
 41 3.115509 -0.886040 0.021431 0.253529 0.012992 0.141302
 42 2.011155 0.000001 0.000000 0.000000 -0.000000 1.532231
 43 2.141379 0.000003 0.000000 0.000000 0.000000 3.141593
 44 1.734175 -0.000000 0.000000 -0.000000 -0.000000 0.765986
 45 0.136317 -3.738195 2.525890 1.493698 2.759406 -1.474501
 46 3.726728 -0.053312 2.419487 -0.262762 2.898943 1.398576
 47 11.389366 -0.000819 0.158779 2.040183 0.406793 0.099183
 48 -0.000000 -4.440599 0.000000 1.570144 -3.078602 0.004040
 49 5.999998 0.000000 -0.000001 2.040184 0.000000 0.000000
 50 0.000001 -4.440602 -0.000000 1.569944 -3.078603 0.004053
 51 10.510132 0.000000 0.000003 0.000000 0.000000 -2.392103
 52 -0.000000 -1.748400 -5.000000 -3.141593 0.004007 -1.539299
 53 5.500000 -0.000000 0.000001 -0.463367 0.000000 -0.000000
 54 0.000000 0.000000 -4.999998 -0.044472 3.137589 -0.000177
 55 6.551491 0.000001 -0.000001 0.463367 -0.092829 -0.210757
 56 -1.266843 -1.937444 -4.950561 -0.066572 -2.988806 -0.110308
 57 6.551492 0.000001 -0.000001 0.463367 -0.092829 -0.210757
 58 0.699371 -1.944208 -5.006849 -0.027189 -3.088217 0.005298
 59 4.226145 -0.003201 0.000000 -0.153945 -0.259064 -0.059442
 60 -0.000000 5.000001 0.000001 -0.153564 0.000087 2.718702
 61 0.000005 -0.000005 -3.713578 0.095503 -3.012510 -0.750673
 62 0.000001 0.000001 4.999999 3.053197 1.558589 -0.074927
 63 -0.000006 0.000005 3.713580 -0.334411 -2.825096 -0.524885
 64 -0.000000 -0.000000 -5.000000 -0.088728 1.558589 3.066333
 65 7.363604 1.646647 0.495663 -3.141593 -1.570796 0.000000
 66 -0.000005 0.000005 3.619082 -0.528285 -2.367383 -1.007256
 67 16.573921 -0.000001 0.000002 -0.000000 0.000000 -2.019199
 68 15.128181 0.000000 -0.000003 0.031619 0.086785 -0.033197
 69 5.758665 4.244731 0.000000 0.000000 -0.000000 2.033309
 70 3.177726 0.000000 -0.000000 0.000000 0.000000 3.141593
 71 15.708951 0.000002 -0.000004 0.016155 0.048356 -0.018185
 72 0.275148 0.189215 -3.445208 3.130898 0.000409 -1.514604
 73 17.210192 -0.000002 0.000002 0.000000 -0.000000 -2.322356
 74 0.000001 -0.000000 -5.000000 -0.079433 1.546568 -1.570859
 75 0.000007 -0.000005 -3.619079 0.196495 -3.011952 -1.279118
 76 16.573921 -0.000000 0.000000 -0.000000 -0.000000 -1.611348
 77 15.128181 -0.000001 0.000000 0.214418 -0.027533 0.774389
 78 5.758665 4.244731 -0.000001 -0.000000 -0.000000 1.483530
 79 4.003934 0.000000 0.000000 0.000000 0.000000 0.000000
 80 15.708955 -0.000000 0.000001 0.153371 0.002792 0.528179
 81 0.273998 0.191089 3.439762 -3.130907 -0.000437 -1.508107
 82 17.210192 -0.000000 0.000000 0.000000 -0.000000 -2.138823
 83 0.000001 0.000001 5.000000 -0.079311 1.595025 -1.570737
time 3
  0 1.130557 9.712685 27.009436 -0.281436 0.436358 -2.443536
  1 11.368427 6.770639 -23.418964 -0.498313 0.132926 2.346876
  2 -2.276934 0.000002 -1.238186 -1.570795 -1.570451 0.000000
  3 1.796067 0.712368 -0.001506 0.481202 -0.128624 -0.445146
  4 4.118559 -0.003182 -0.000799 0.246595 0.069383 0.002631
  5 4.119430 -0.003076 -0.000778 0.239379 0.040853 0.272144
  6 4.119431 -0.003073 -0.000778 0.239683 0.021136 0.268917
  7 4.117862 -0.003329 0.000938 -0.308220 -0.505129 -0.066070
  8 4.443601 -0.000002 -0.000001 1.084297 -0.209640 -0.066090
  9 9.024060 -0.000001 0.000001 0.000000 0.000000 0.000000
 10 0.838502 -0.456464 1.444866 -1.796106 -1.063840 -1.346486
 11 6.384777 0.000000 0.000002 -0.073372 0.238584 0.805363
 12 10.242681 -0.000001 0.000003 -0.000000 0.000000 -2.242371
 13 11.375559 0.000001 -0.000002 -0.281168 0.217320 -0.229261
 14 0.728681 0.023431 -1.008291 1.705251 0.347372 0.567022
 15 2.136497 0.000001 -0.000001 -0.000000 -0.000000 0.287979
 16 2.313138 -0.000000 -0.000001 0.000000 0.000000 0.000000
 17 3.115505 -0.886041 -0.021430 -0.000782 0.000152 0.191986
 18 2.011152 -0.000000 0.000003 -0.000000 -0.000000 0.659566
 19 2.141379 -0.000000 -0.000002 0.000000 0.000000 0.000000
 20 1.734172 0.000001 0.000002 0.000000 -0.000000 0.330185
 21 0.000004 -4.440593 0.000000 1.570544 -0.062990 -0.195737
 22 5.999998 -0.000000 -0.000002 -0.565984 -0.000000 0.000000
 23 0.000000 -4.440601 0.000001 1.569944 -0.062987 0.004053
 24 11.375558 -0.000000 0.000002 -0.925526 0.072933 -0.171138
 25 -0.000001 -4.440604 0.000001 1.570144 -0.062988 0.004040
 26 10.510130 -0.000002 0.000001 0.000000 -0.000000 -2.691982
 27 -0.000000 -1.748401 5.000000 0.000000 0.004007 1.602291
 28 5.499999 -0.000001 0.000001 0.047121 -0.000000 0.000000
 29 0.000000 -1.940597 5.000001 -0.044472 0.004003 -0.000180
 30 6.551491 0.000000 0.000001 -0.063771 0.158015 0.532903
 31 0.000001 -1.940597 5.000000 -0.027189 -0.053376 0.005295
 32 6.551491 0.000000 0.000001 -0.041437 0.072898 0.260383
 33 -0.000000 -1.940599 4.999998 -0.066572 -0.152786 -0.110311
 34 -0.838495 0.463537 -1.444868 -0.020851 0.967081 -2.930032
 35 6.384776 -0.000001 -0.000000 1.630419 -0.018200 -0.444477
 36 10.242682 -0.000001 0.000001 -0.000000 0.000000 -1.773214
 37 11.375559 0.000000 -0.000002 2.490926 0.749742 0.390278
 38 0.728681 0.023432 1.008292 -1.705251 -0.347372 0.567022
 39 2.136496 0.000000 0.000000 0.000000 0.000000 0.287979
 40 2.313142 0.000000 -0.000001 0.000000 0.000000 3.141593
 41 3.115506 -0.886041 0.021431 0.253529 0.012992 0.141301
 42 2.011156 0.000000 0.000001 -0.000000 -0.000000 1.532231
 43 2.141379 0.000000 0.000000 0.000000 0.000000 3.141593
 44 1.734176 -0.000001 0.000000 0.000000 0.000000 0.765986
 45 0.136318 -3.738195 2.525890 1.493698 2.759406 -1.474501
 46 3.726727 -0.053311 2.419487 -0.262762 2.898943 1.398576
 47 11.389367 -0.000818 0.158778 1.957450 0.416594 0.079146
 48 0.000001 -4.440599 -0.000001 1.570144 -3.078602 0.004040
 49 6.000000 0.000000 -0.000003 1.957450 0.000000 -0.000000
 50 0.000002 -4.440601 0.000000 1.569944 -3.078603 0.004053
 51 10.510131 -0.000002 0.000001 0.000000 -0.000000 -2.457403
 52 -0.000001 -1.748400 -5.000001 3.141593 0.004007 -1.539299
 53 5.500000 -0.000001 0.000001 -0.470892 0.000000 0.000000
 54 -0.000001 -0.000001 -5.000002 -0.044472 3.137589 -0.000177
 55 6.551490 -0.000000 -0.000000 0.470892 -0.126345 -0.165256
 56 -1.266844 -1.937443 -4.950562 -0.066572 -2.988806 -0.110308
 57 6.551491 -0.000000 -0.000000 0.470892 -0.126345 -0.165256
 58 0.699371 -1.944208 -5.006845 -0.027189 -3.088217 0.005298
 59 4.226146 -0.003200 -0.000001 -0.155579 -0.260284 -0.059493
 60 -0.000002 5.000002 -0.000000 -0.153564 0.000087 2.718701
 61 0.000005 -0.000005 -3.713578 0.095503 -3.012510 -0.750673
 62 0.000001 0.000001 4.999999 3.053197 1.558589 -0.074927
 63 -0.000006 0.000005 3.713580 -0.334411 -2.825096 -0.524885
 64 -0.000000 -0.000000 -5.000000 -0.088728 1.558589 3.066333
 65 7.363604 1.646647 0.495663 -3.141593 -1.570796 0.000000
 66 -0.000005 0.000005 3.619082 -0.528285 -2.367383 -1.007256
 67 16.573921 -0.000001 0.000002 -0.000000 0.000000 -2.019199
 68 15.128181 0.000000 -0.000003 0.031619 0.086785 -0.033197
 69 5.758665 4.244731 0.000000 0.000000 -0.000000 2.033309
 70 3.177726 0.000000 -0.000000 0.000000 0.000000 3.141593
 71 15.708951 0.000002 -0.000004 0.016155 0.048356 -0.018185
 72 0.275148 0.189215 -3.445208 3.130898 0.000409 -1.514604
 73 17.210192 -0.000002 0.000002 0.000000 -0.000000 -2.322356
 74 0.000001 -0.000000 -5.000000 -0.079433 1.546568 -1.570859
 75 0.000007 -0.000005 -3.619079 0.196495 -3.011952 -1.279118
 76 16.573921 -0.000000 0.000000 -0.000000 -0.000000 -1.611348
 77 15.128181 -0.000001 0.000000 0.214418 -0.027533 0.774389
 78 5.758665 4.244731 -0.000001 -0.000000 -0.000000 1.483530
 79 4.003934 0.000000 0.000000 0.000000 0.000000 0.000000
 80 15.708955 -0.000000 0.000001 0.153371 0.002792 0.528179
 81 0.273998 0.191089 3.439762 -3.130907 -0.000437 -1.508107
 82 17.210192 -0.000000 0.000000 0.000000 -0.000000 -2.138823
 83 0.000001 0.000001 5.000000 -0.079311 1.595025 -1.570737
time 4
  0 1.130557 9.712685 27.009436 -0.281436 0.436358 -2.443536
  1 11.368427 6.770639 -23.418964 -0.498313 0.132926 2.346876
  2 -2.276934 0.000002 -1.238186 -1.570795 -1.570451 0.000000
  3 1.796066 0.712383 -0.001534 0.491185 -0.135677 -0.452956
  4 4.118537 -0.003162 -0.000870 0.268459 0.047446 -0.008650
  5 4.119404 -0.003064 -0.000848 0.261429 0.016413 0.260431
  6 4.119412 -0.003064 -0.000850 0.262010 -0.000805 0.257991
  7 4.117917 -0.003365 0.000857 -0.277227 -0.483047 -0.070579
  8 4.443597 -0.000001 0.000000 0.981559 -0.146903 -0.039068
  9 9.024062 0.000000 0.000000 0.000000 0.000000 0.000000
 10 0.804813 -0.416436 1.475880 -1.767842 -1.027727 -1.406597
 11 6.384777 -0.000000 -0.000001 -0.101356 0.218286 0.855902
 12 10.242680 -0.000001 0.000000 0.000000 0.000000 -2.218979
 13 11.375560 0.000003 -0.000001 -0.281168 0.217320 -0.229261
 14 0.728679 0.023431 -1.008291 1.705251 0.347372 0.567022
 15 2.136497 -0.000000 0.000001 0.000000 -0.000000 0.287979
 16 2.313138 0.000001 0.000000 0.000000 0.000000 0.000000
 17 3.115505 -0.886041 -0.021430 -0.000782 0.000152 0.191986
 18 2.011150 0.000000 -0.000001 0.000000 -0.000000 0.659566
 19 2.141380 -0.000001 -0.000000 0.000000 0.000000 0.000000
 20 1.734171 0.000001 0.000001 0.000000 -0.000000 0.330185
 21 0.000005 -4.440594 -0.000002 1.570544 -0.062990 -0.195737
 22 5.999998 0.000002 0.000000 -0.565984 0.000000 0.000000
 23 0.000002 -4.440601 -0.000002 1.569944 -0.062987 0.004053
 24 11.375561 0.000002 -0.000001 -0.925526 0.072933 -0.171138
 25 -0.000001 -4.440603 -0.000001 1.570144 -0.062988 0.004040
 26 10.510128 -0.000002 0.000000 0.000000 0.000000 -2.680286
 27 -0.000002 -1.748401 4.999999 0.000000 0.004007 1.602290
 28 5.499998 -0.000001 -0.000000 0.058397 -0.000000 -0.000000
 29 -0.000001 -1.940598 4.999999 -0.044472 0.004003 -0.000180
 30 6.551492 -0.000000 -0.000002 -0.085196 0.136940 0.548076
 31 0.000000 -1.940599 5.000000 -0.027189 -0.053376 0.005295
 32 6.551492 -0.000000 -0.000002 -0.050657 0.060929 0.267672
 33 -0.000000 -1.940598 4.999996 -0.066572 -0.152786 -0.110311
 34 -0.804815 0.423512 -1.475878 -0.283656 1.061167 3.043395
 35 6.384778 -0.000000 0.000000 1.650924 -0.145299 -0.320525
 36 10.242681 -0.000000 0.000000 -0.000000 0.000000 -1.879676
 37 11.375562 0.000001 -0.000001 2.265868 0.815155 0.305757
 38 0.728681 0.023431 1.008292 -1.705251 -0.347372 0.567022
 39 2.136500 0.000001 -0.000001 0.000000 -0.000000 0.287979
 40 2.313139 0.000000 -0.000000 0.000000 0.000000 3.141593
 41 3.115507 -0.886040 0.021432 0.253529 0.012992 0.141301
 42 2.011149 -0.000001 -0.000001 0.000000 -0.000000 1.532231
 43 2.141379 -0.000002 0.000001 0.000000 0.000000 3.141593
 44 1.734172 -0.000001 -0.000000 0.000000 0.000000 0.765986
 45 0.136315 -3.738192 2.525890 1.493698 2.759406 -1.474501
 46 3.726726 -0.053312 2.419487 -0.262762 2.898943 1.398576
 47 11.389368 -0.000818 0.158780 1.855665 0.428939 0.054312
 48 -0.000000 -4.440598 -0.000000 1.570144 -3.078602 0.004040
 49 6.000002 0.000000 -0.000001 1.855665 -0.000000 0.000000
 50 0.000003 -4.440602 -0.000001 1.569944 -3.078603 0.004053
 51 10.510131 0.000000 0.000001 -0.000000 -0.000000 -2.510634
 52 0.000001 -1.748400 -5.000002 3.141593 0.004007 -1.539299
 53 5.499999 0.000000 0.000000 -0.474818 0.000000 0.000000
 54 -0.000001 -0.000001 -5.000001 -0.044472 3.137589 -0.000177
 55 6.551491 -0.000001 0.000001 0.474818 -0.154327 -0.110371
 56 -1.266843 -1.937443 -4.950558 -0.066572 -2.988806 -0.110308
 57 6.551492 -0.000001 0.000001 0.474818 -0.154327 -0.110371
 58 0.699371 -1.944207 -5.006848 -0.027189 -3.088217 0.005298
 59 4.226148 -0.003203 -0.000001 -0.140881 -0.249292 -0.058938
 60 0.000001 5.000000 -0.000000 -0.153564 0.000087 2.718702
 61 0.000005 -0.000005 -3.713578 0.095503 -3.012510 -0.750673
 62 0.000001 0.000001 4.999999 3.053197 1.558589 -0.074927
 63 -0.000006 0.000005 3.713580 -0.334411 -2.825096 -0.524885
 64 -0.000000 -0.000000 -5.000000 -0.088728 1.558589 3.066333
 65 7.363604 1.646647 0.495663 -3.141593 -1.570796 0.000000
 66 -0.000005 0.000005 3.619082 -0.528285 -2.367383 -1.007256
 67 16.573921 -0.000001 0.000002 -0.000000 0.000000 -2.019199
 68 15.128181 0.000000 -0.000003 0.031619 0.086785 -0.033197
 69 5.758665 4.244731 0.000000 0.000000 -0.000000 2.033309
 70 3.177726 0.000000 -0.000000 0.000000 0.000000 3.141593
 71 15.708951 0.000002 -0.000004 0.016155 0.048356 -0.018185
 72 0.275148 0.189215 -3.445208 3.130898 0.000409 -1.514604
 73 17.210192 -0.000002 0.000002 0.000000 -0.000000 -2.322356
 74 0.000001 -0.000000 -5.000000 -0.079433 1.546568 -1.570859
 75 0.000007 -0.000005 -3.619079 0.196495 -3.011952 -1.279118
 76 16.573921 -0.000000 0.000000 -0.000000 -0.000000 -1.611348
 77 15.128181 -0.000001 0.000000 0.214418 -0.027533 0.774389
 78 5.758665 4.244731 -0.000001 -0.000000 -0.000000 1.483530
 79 4.003934 0.000000 0.000000 0.000000 0.000000 0.000000
 80 15.708955 -0.000000 0.000001 0.153371 0.002792 0.528179
 81 0.273998 0.191089 3.439762 -3.130907 -0.000437 -1.508107
 82 17.210192 -0.000000 0.000000 0.000000 -0.000000 -2.138823
 83 0.000001 0.000001 5.000000 -0.079311 1.595025 -1.570737
time 5
  0 1.130557 9.712685 27.009436 -0.281436 0.436358 -2.443536
  1 11.368427 6.770639 -23.418964 -0.498313 0.132926 2.346876
  2 -2.276934 0.000002 -1.238186 -1.570795 -1.570451 0.000000
  3 1.796067 0.712398 -0.001562 0.501263 -0.142871 -0.460261
  4 4.118515 -0.003141 -0.000939 0.290325 0.025580 -0.020383
  5 4.119384 -0.003049 -0.000918 0.283497 -0.008036 0.248089
  6 4.119392 -0.003050 -0.000920 0.284346 -0.022674 0.246589
  7 4.118040 -0.003433 0.000638 -0.199577 -0.425838 -0.078508
  8 4.443598 -0.000001 0.000000 0.837320 -0.148509 0.025754
  9 9.024060 0.000002 0.000000 0.000000 0.000000 0.000000
 10 0.715761 -0.309307 1.546654 -1.680845 -1.051403 -1.513483
 11 6.384777 0.000001 0.000004 -0.149184 0.234805 0.869339
 12 10.242681 -0.000001 0.000002 -0.000000 0.000000 -2.146877
 13 11.375560 0.000000 -0.000003 -0.281168 0.217320 -0.229261
 14 0.728679 0.023431 -1.008293 1.705251 0.347372 0.567022
 15 2.136499 0.000002 0.000001 0.000000 0.000000 0.287979
 16 2.313139 -0.000001 -0.000001 0.000000 0.000000 0.000000
 17 3.115505 -0.886040 -0.021433 -0.000782 0.000152 0.191986
 18 2.011151 -0.000001 0.000000 0.000000 0.000000 0.659566
 19 2.141380 -0.000001 0.000001 0.000000 0.000000 0.000000
 20 1.734171 -0.000000 0.000002 0.000000 0.000000 0.330185
 21 0.000006 -4.440593 0.000001 1.570544 -0.062990 -0.195737
 22 6.000000 -0.000001 -0.000003 -0.565985 0.000000 0.000000
 23 0.000001 -4.440601 0.000002 1.569944 -0.062987 0.004053
 24 11.375560 0.000001 0.000001 -0.925526 0.072934 -0.171138
 25 -0.000002 -4.440604 0.000001 1.570144 -0.062988 0.004040
 26 10.510131 -0.000001 0.000003 -0.000000 0.000000 -2.644235
 27 -0.000000 -1.748401 4.999997 -0.000000 0.004007 1.602291
 28 5.500000 -0.000000 0.000002 0.078939 -0.000000 0.000000
 29 0.000001 -1.940598 5.000002 -0.044472 0.004003 -0.000180
 30 6.551491 -0.000002 0.000001 -0.120434 0.139308 0.551595
 31 0.000002 -1.940598 4.999999 -0.027189 -0.053376 0.005295
 32 6.551491 -0.000002 0.000001 -0.067878 0.059524 0.269506
 33 -0.000000 -1.940599 4.999996 -0.066572 -0.152786 -0.110311
 34 -0.715757 0.316383 -1.546654 -0.561491 1.156476 2.698578
 35 6.384777 -0.000001 -0.000000 1.646957 -0.250636 -0.225203
 36 10.242682 0.000000 -0.000001 0.000000 -0.000000 -1.951214
 37 11.375560 -0.000000 -0.000003 2.014027 0.858252 0.191853
 38 0.728680 0.023431 1.008292 -1.705251 -0.347372 0.567022
 39 2.136497 -0.000001 -0.000000 0.000000 -0.000000 0.287979
 40 2.313138 0.000000 -0.000001 0.000000 0.000000 3.141593
 41 3.115505 -0.886041 0.021432 0.253529 0.012992 0.141302
 42 2.011150 -0.000001 0.000000 0.000000 -0.000000 1.532231
 43 2.141379 -0.000002 0.000000 0.000000 0.000000 3.141593
 44 1.734174 -0.000001 -0.000000 0.000000 -0.000000 0.765986
 45 0.136316 -3.738191 2.525890 1.493698 2.759406 -1.474501
 46 3.726729 -0.053312 2.419487 -0.262762 2.898943 1.398576
 47 11.389364 -0.000819 0.158780 1.750525 0.434323 0.028371
 48 -0.000002 -4.440598 -0.000000 1.570144 -3.078602 0.004040
 49 5.999998 0.000000 -0.000001 1.750525 -0.000000 0.000000
 50 0.000001 -4.440599 -0.000001 1.569944 -3.078603 0.004053
 51 10.510131 -0.000000 -0.000001 0.000000 -0.000000 -2.546403
 52 -0.000000 -1.748399 -5.000000 3.141593 0.004007 -1.539299
 53 5.500000 0.000000 -0.000001 -0.471447 0.000000 0.000000
 54 0.000001 -0.000000 -5.000000 -0.044472 3.137589 -0.000177
 55 6.551490 -0.000001 -0.000000 0.471447 -0.171604 -0.052757
 56 -1.266842 -1.937443 -4.950558 -0.066572 -2.988806 -0.110308
 57 6.551491 -0.000001 -0.000001 0.471447 -0.171604 -0.052757
 58 0.699371 -1.944208 -5.006846 -0.027189 -3.088217 0.005298
 59 4.226145 -0.003202 -0.000001 -0.103193 -0.220908 -0.056571
 60 -0.000001 4.999999 -0.000000 -0.153564 0.000087 2.718702
 61 0.000005 -0.000005 -3.713578 0.095503 -3.012510 -0.750673
 62 0.000001 0.000001 4.999999 3.053197 1.558589 -0.074927
 63 -0.000006 0.000005 3.713580 -0.334411 -2.825096 -0.524885
 64 -0.000000 -0.000000 -5.000000 -0.088728 1.558589 3.066333
 65 7.363604 1.646647 0.495663 -3.141593 -1.570796 0.000000
 66 -0.000005 0.000005 3.619082 -0.528285 -2.367383 -1.007256
 67 16.573921 -0.000001 0.000002 -0.000000 0.000000 -2.019199
 68 15.128181 0.000000 -0.000003 0.031619 0.086785 -0.033197
 69 5.758665 4.244731 0.000000 0.000000 -0.000000 2.033309
 70 3.177726 0.000000 -0.000000 0.000000 0.000000 3.141593
 71 15.708951 0.000002 -0.000004 0.016155 0.048356 -0.018185
 72 0.275148 0.189215 -3.445208 3.130898 0.000409 -1.514604
 73 17.210192 -0.000002 0.000002 0.000000 -0.000000 -2.322356
 74 0.000001 -0.000000 -5.000000 -0.079433 1.546568 -1.570859
 75 0.000007 -0.000005 -3.619079 0.196495 -3.011952 -1.279118
 76 16.573921 -0.000000 0.000000 -0.000000 -0.000000 -1.611348
 77 15.128181 -0.000001 0.000000 0.214418 -0.027533 0.774389
 78 5.758665 4.244731 -0.000001 -0.000000 -0.000000 1.483530
 79 4.003934 0.000000 0.000000 0.000000 0.000000 0.000000
 80 15.708955 -0.000000 0.000001 0.153371 0.002792 0.528179
 81 0.273998 0.191089 3.439762 -3.130907 -0.000437 -1.508107
 82 17.210192 -0.000000 0.000000 0.000000 -0.000000 -2.138823
 83 0.000001 0.000001 5.000000 -0.079311 1.595025 -1.570737
time 6
  0 1.130557 9.712685 27.009436 -0.281436 0.436358 -2.443536
  1 11.368427 6.770639 -23.418964 -0.498313 0.132926 2.346876
  2 -2.276934 0.000002 -1.238186 -1.570795 -1.570451 0.000000
  3 1.796072 0.712414 -0.001589 0.511999 -0.150052 -0.466515
  4 4.118499 -0.003121 -0.001007 0.311937 0.003918 -0.032311
  5 4.119366 -0.003036 -0.000987 0.305317 -0.032445 0.235335
  6 4.119370 -0.003029 -0.000989 0.306415 -0.044357 0.234961
  7 4.118206 -0.003504 0.000310 -0.093187 -0.344060 -0.081373
  8 4.443598 -0.000000 0.000000 0.660007 -0.172188 0.120290
  9 9.024063 -0.000001 0.000001 0.000000 0.000000 0.000000
 10 0.584469 -0.148251 1.624093 -1.511754 -1.121984 -1.685332
 11 6.384776 0.000002 0.000004 -0.214967 0.271490 0.824417
 12 10.242682 -0.000001 -0.000002 -0.000000 -0.000000 -2.033846
 13 11.375561 0.000001 -0.000002 -0.281168 0.217320 -0.229261
 14 0.728679 0.023430 -1.008291 1.705251 0.347372 0.567022
 15 2.136496 -0.000002 -0.000001 0.000000 -0.000000 0.287979
 16 2.313140 -0.000002 0.000000 0.000000 0.000000 0.000000
 17 3.115506 -0.886040 -0.021433 -0.000782 0.000152 0.191986
 18 2.011149 0.000000 0.000002 0.000000 0.000000 0.659566
 19 2.141381 -0.000000 0.000001 0.000000 0.000000 0.000000
 20 1.734172 -0.000000 0.000000 -0.000000 0.000000 0.330185
 21 0.000005 -4.440593 0.000001 1.570544 -0.062990 -0.195737
 22 6.000000 0.000001 -0.000000 -0.565984 0.000000 -0.000000
 23 0.000001 -4.440600 -0.000002 1.569944 -0.062987 0.004053
 24 11.375561 0.000001 0.000002 -0.925526 0.072934 -0.171138
 25 -0.000002 -4.440603 -0.000001 1.570144 -0.062988 0.004040
 26 10.510129 -0.000001 -0.000002 0.000000 -0.000000 -2.587719
 27 -0.000001 -1.748400 4.999997 -0.000000 0.004007 1.602290
 28 5.499999 -0.000001 -0.000002 0.104684 0.000000 0.000000
 29 -0.000001 -1.940597 5.000001 -0.044472 0.004003 -0.000180
 30 6.551490 0.000001 0.000001 -0.163557 0.156754 0.537334
 31 -0.000000 -1.940598 5.000002 -0.027189 -0.053376 0.005295
 32 6.551490 0.000001 0.000001 -0.089600 0.065289 0.263345
 33 -0.000001 -1.940598 4.999994 -0.066572 -0.152786 -0.110311
 34 -0.584466 0.155327 -1.624092 -0.905011 1.246756 2.291194
 35 6.384776 -0.000001 0.000001 1.615726 -0.337280 -0.167651
 36 10.242680 0.000001 -0.000000 0.000000 -0.000000 -1.997679
 37 11.375560 0.000000 -0.000002 1.763603 0.854310 0.066994
 38 0.728678 0.023431 1.008291 -1.705251 -0.347372 0.567022
 39 2.136495 0.000001 0.000001 0.000000 -0.000000 0.287979
 40 2.313142 -0.000000 -0.000001 0.000000 0.000000 3.141593
 41 3.115506 -0.886041 0.021432 0.253529 0.012992 0.141302
 42 2.011150 0.000000 -0.000000 0.000000 -0.000000 1.532231
 43 2.141380 -0.000002 0.000000 0.000000 0.000000 3.141593
 44 1.734172 -0.000001 0.000000 -0.000000 -0.000000 0.765986
 45 0.136315 -3.738193 2.525890 1.493698 2.759406 -1.474501
 46 3.726726 -0.053312 2.419486 -0.262762 2.898943 1.398576
 47 11.389366 -0.000820 0.158780 1.651633 0.424860 0.004543
 48 -0.000003 -4.440599 -0.000000 1.570144 -3.078602 0.004040
 49 5.999999 -0.000001 -0.000000 1.651633 0.000000 0.000000
 50 0.000003 -4.440601 -0.000001 1.569944 -3.078603 0.004053
 51 10.510131 -0.000000 -0.000000 -0.000000 -0.000000 -2.569636
 52 -0.000001 -1.748399 -5.000000 -3.141593 0.004007 -1.539299
 53 5.500000 -0.000000 0.000000 -0.459713 0.000000 -0.000000
 54 0.000001 -0.000000 -5.000000 -0.044472 3.137589 -0.000177
 55 6.551490 0.000001 -0.000002 0.459713 -0.182483 -0.007558
 56 -1.266843 -1.937443 -4.950559 -0.066572 -2.988806 -0.110308
 57 6.551490 0.000001 -0.000002 0.459713 -0.182483 -0.007558
 58 0.699370 -1.944207 -5.006846 -0.027189 -3.088217 0.005298
 59 4.226143 -0.003200 -0.000000 -0.049900 -0.180308 -0.050946
 60 -0.000001 5.000000 -0.000000 -0.153564 0.000087 2.718702
 61 0.000005 -0.000005 -3.713578 0.095503 -3.012510 -0.750673
 62 0.000001 0.000001 4.999999 3.053197 1.558589 -0.074927
 63 -0.000006 0.000005 3.713580 -0.334411 -2.825096 -0.524885
 64 -0.000000 -0.000000 -5.000000 -0.088728 1.558589 3.066333
 65 7.363604 1.646647 0.495663 -3.141593 -1.570796 0.000000
 66 -0.000005 0.000005 3.619082 -0.528285 -2.367383 -1.007256
 67 16.573921 -0.000001 0.000002 -0.000000 0.000000 -2.019199
 68 15.128181 0.000000 -0.000003 0.031619 0.086785 -0.033197
 69 5.758665 4.244731 0.000000 0.000000 -0.000000 2.033309
 70 3.177726 0.000000 -0.000000 0.000000 0.000000 3.141593
 71 15.708951 0.000002 -0.000004 0.016155 0.048356 -0.018185
 72 0.275148 0.189215 -3.445208 3.130898 0.000409 -1.514604
 73 17.210192 -0.000002 0.000002 0.000000 -0.000000 -2.322356
 74 0.000001 -0.000000 -5.000000 -0.079433 1.546568 -1.570859
 75 0.000007 -0.000005 -3.619079 0.196495 -3.011952 -1.279118
 76 16.573921 -0.000000 0.000000 -0.000000 -0.000000 -1.611348
 77 15.128181 -0.000001 0.000000 0.214418 -0.027533 0.774389
 78 5.758665 4.244731 -0.000001 -0.000000 -0.000000 1.483530
 79 4.003934 0.000000 0.000000 0.000000 0.000000 0.000000
 80 15.708955 -0.000000 0.000001 0.153371 0.002792 0.528179
 81 0.273998 0.191089 3.439762 -3.130907 -0.000437 -1.508107
 82 17.210192 -0.000000 0.000000 0.000000 -0.000000 -2.138823
 83 0.000001 0.000001 5.000000 -0.079311 1.595025 -1.570737
time 7
  0 1.130557 9.712685 27.009436 -0.281436 0.436358 -2.443536
  1 11.368427 6.770639 -23.418964 -0.498313 0.132926 2.346876
  2 -2.276934 0.000002 -1.238186 -1.570795 -1.570451 0.000000
  3 1.796084 0.712428 -0.001622 0.523951 -0.157092 -0.471172
  4 4.118484 -0.003097 -0.001072 0.333033 -0.017425 -0.044154
  5 4.119343 -0.003017 -0.001050 0.326620 -0.056780 0.222414
  6 4.119360 -0.003014 -0.001055 0.327929 -0.065756 0.223381
  7 4.118358 -0.003531 -0.000066 0.019230 -0.255361 -0.074270
  8 4.443599 0.000001 0.000001 0.472973 -0.180328 0.220505
  9 9.024060 0.000002 0.000000 0.000000 0.000000 0.000000
 10 0.437680 0.035772 1.676223 -1.245027 -1.193135 -1.946223
 11 6.384777 -0.000001 -0.000000 -0.288305 0.319563 0.744230
 12 10.242681 -0.000000 0.000003 -0.000000 0.000000 -1.890334
 13 11.375560 0.000000 -0.000002 -0.274224 0.216841 -0.226428
 14 0.728681 0.023431 -1.008292 1.705251 0.347372 0.567022
 15 2.136494 -0.000000 -0.000000 0.000000 -0.000000 0.287979
 16 2.313141 0.000000 -0.000001 0.000000 0.000000 0.000000
 17 3.115506 -0.886039 -0.021431 -0.000782 0.000152 0.191986
 18 2.011150 0.000001 0.000001 -0.000000 -0.000000 0.659566
 19 2.141379 -0.000001 0.000000 0.000000 0.000000 0.000000
 20 1.734171 0.000001 0.000000 -0.000000 -0.000000 0.330185
 21 0.000006 -4.440593 -0.000003 1.570544 -0.062990 -0.195737
 22 6.000000 -0.000000 -0.000004 -0.560205 -0.000000 -0.000000
 23 0.000000 -4.440601 -0.000000 1.569944 -0.062987 0.004053
 24 11.375562 0.000000 -0.000001 -0.922142 0.072976 -0.169833
 25 -0.000001 -4.440602 0.000001 1.570144 -0.062988 0.004040
 26 10.510131 -0.000000 0.000004 0.000000 -0.000000 -2.515964
 27 -0.000001 -1.748401 4.999998 -0.000000 0.004007 1.602291
 28 5.500001 0.000000 0.000003 0.130226 0.000000 -0.000000
 29 -0.000002 -1.940597 5.000002 -0.044472 0.004003 -0.000180
 30 6.551491 0.000001 0.000002 -0.205657 0.187108 0.511280
 31 0.000000 -1.940598 5.000002 -0.027189 -0.053376 0.005295
 32 6.551491 0.000001 0.000002 -0.111248 0.077835 0.251914
 33 -0.000000 -1.940598 4.999996 -0.066572 -0.152786 -0.110311
 34 -0.437676 -0.028691 -1.676221 -1.356664 1.305693 1.793956
 35 6.384777 -0.000001 -0.000001 1.553830 -0.407291 -0.154980
 36 10.242682 0.000001 0.000001 -0.000000 0.000000 -2.025320
 37 11.375561 -0.000001 -0.000000 1.556847 0.789123 -0.031517
 38 0.728680 0.023431 1.008292 -1.705251 -0.347372 0.567022
 39 2.136497 -0.000001 0.000000 -0.000000 0.000000 0.287979
 40 2.313140 0.000001 -0.000001 0.000000 0.000000 3.141593
 41 3.115507 -0.886041 0.021431 0.253529 0.012992 0.141301
 42 2.011150 0.000000 0.000000 -0.000000 -0.000000 1.532231
 43 2.141379 0.000000 0.000001 0.000000 0.000000 3.141593
 44 1.734173 -0.000001 -0.000000 0.000000 0.000000 0.765986
 45 0.136315 -3.738193 2.525890 1.493698 2.759406 -1.474501
 46 3.726729 -0.053312 2.419487 -0.262762 2.898943 1.398576
 47 11.389365 -0.000820 0.158781 1.568030 0.394367 -0.013873
 48 0.000001 -4.440598 -0.000001 1.570144 -3.078602 0.004040
 49 5.999999 -0.000000 0.000000 1.568030 -0.000000 -0.000000
 50 0.000003 -4.440600 -0.000000 1.569944 -3.078603 0.004053
 51 10.510131 0.000002 0.000002 0.000000 0.000000 -2.583456
 52 0.000001 -1.748398 -5.000000 -3.141593 0.004007 -1.539299
 53 5.499999 0.000001 0.000000 -0.438872 0.000000 0.000000
 54 0.000000 -0.000000 -5.000000 -0.044472 3.137589 -0.000177
 55 6.551490 -0.000002 0.000000 0.438872 -0.197632 0.008620
 56 -1.266843 -1.937444 -4.950559 -0.066572 -2.988806 -0.110308
 57 6.551491 -0.000002 0.000000 0.438872 -0.197632 0.008620
 58 0.699371 -1.944209 -5.006848 -0.027189 -3.088217 0.005298
 59 4.226146 -0.003203 -0.000000 0.007747 -0.135776 -0.041905
 60 0.000000 5.000000 -0.000000 -0.153564 0.000087 2.718702
 61 0.000005 -0.000005 -3.713578 0.095503 -3.012510 -0.750673
 62 0.000001 0.000001 4.999999 3.053197 1.558589 -0.074927
 63 -0.000006 0.000005 3.713580 -0.334411 -2.825096 -0.524885
 64 -0.000000 -0.000000 -5.000000 -0.088728 1.558589 3.066333
 65 7.363604 1.646647 0.495663 -3.141593 -1.570796 0.000000
 66 -0.000005 0.000005 3.619082 -0.528285 -2.367383 -1.007256
 67 16.573921 -0.000001 0.000002 -0.000000 0.000000 -2.019199
 68 15.128181 0.000000 -0.000003 0.031619 0.086785 -0.033197
 69 5.758665 4.244731 0.000000 0.000000 -0.000000 2.033309
 70 3.177726 0.000000 -0.000000 0.000000 0.000000 3.141593
 71 15.708951 0.000002 -0.000004 0.016155 0.048356 -0.018185
 72 0.275148 0.189215 -3.445208 3.130898 0.000409 -1.514604
 73 17.210192 -0.000002 0.000002 0.000000 -0.000000 -2.322356
 74 0.000001 -0.000000 -5.000000 -0.079433 1.546568 -1.570859
 75 0.000007 -0.000005 -3.619079 0.196495 -3.011952 -1.279118
 76 16.573921 -0.000000 0.000000 -0.000000 -0.000000 -1.611348
 77 15.128181 -0.000001 0.000000 0.214418 -0.027533 0.774389
 78 5.758665 4.244731 -0.000001 -0.000000 -0.000000 1.483530
 79 4.003934 0.000000 0.000000 0.000000 0.000000 0.000000
 80 15.708955 -0.000000 0.000001 0.153371 0.002792 0.528179
 81 0.273998 0.191089 3.439762 -3.130907 -0.000437 -1.508107
 82 17.210192 -0.000000 0.000000 0.000000 -0.000000 -2.138823
 83 0.000001 0.000001 5.000000 -0.079311 1.595025 -1.570737
time 8
  0 1.130557 9.712685 27.009436 -0.281436 0.436358 -2.443536
  1 11.368427 6.770639 -23.418964 -0.498313 0.132926 2.346876
  2 -2.276934 0.000002 -1.238186 -1.570795 -1.570451 0.000000
  3 1.796103 0.712443 -0.001659 0.537674 -0.163904 -0.473682
  4 4.118474 -0.003075 -0.001134 0.353338 -0.038350 -0.055610
  5 4.119335 -0.002998 -0.001113 0.347131 -0.081027 0.209597
  6 4.119343 -0.002992 -0.001116 0.348594 -0.086788 0.212150
  7 4.118468 -0.003512 -0.000409 0.117793 -0.177633 -0.059671
  8 4.443599 -0.000001 0.000001 0.306551 -0.160558 0.294438
  9 9.024059 0.000000 0.000000 0.000000 0.000000 0.000000
 10 0.306172 0.203960 1.693638 -0.933679 -1.227218 -2.250707
 11 6.384778 -0.000001 0.000002 -0.357710 0.416256 0.640797
 12 10.242682 -0.000000 0.000001 0.000000 -0.000000 -1.679166
 13 11.375562 -0.000001 -0.000001 -0.247671 0.214831 -0.215625
 14 0.728680 0.023431 -1.008291 1.705251 0.347372 0.567022
 15 2.136498 0.000001 0.000001 -0.000000 0.000000 0.287979
 16 2.313139 -0.000001 0.000000 0.000000 0.000000 0.000000
 17 3.115505 -0.886041 -0.021430 -0.000782 0.000152 0.191986
 18 2.011152 -0.000000 -0.000002 0.000000 0.000000 0.659566
 19 2.141379 0.000001 0.000003 0.000000 0.000000 0.000000
 20 1.734171 -0.000000 -0.000001 -0.000000 -0.000000 0.330185
 21 0.000006 -4.440593 -0.000002 1.570544 -0.062990 -0.195737
 22 6.000000 -0.000000 0.000001 -0.538018 -0.000000 -0.000000
 23 0.000001 -4.440601 0.000001 1.569944 -0.062987 0.004053
 24 11.375561 -0.000001 0.000007 -0.909194 0.073093 -0.164802
 25 -0.000001 -4.440605 0.000000 1.570144 -0.062988 0.004040
 26 10.510130 -0.000000 0.000001 0.000000 -0.000000 -2.410379
 27 0.000000 -1.748400 4.999997 0.000000 0.004007 1.602291
 28 5.499999 0.000000 0.000001 0.151308 0.000000 -0.000000
 29 -0.000001 -1.940598 5.000000 -0.044472 0.004003 -0.000180
 30 6.551492 0.000002 0.000003 -0.237499 0.262394 0.470670
 31 0.000001 -1.940600 5.000002 -0.027189 -0.053376 0.005295
 32 6.551492 0.000002 0.000003 -0.129451 0.113291 0.233873
 33 0.000000 -1.940599 4.999995 -0.066572 -0.152786 -0.110311
 34 -0.306171 -0.196884 -1.693639 -1.798838 1.324472 1.328968
 35 6.384777 0.000001 0.000000 1.448374 -0.453512 -0.187581
 36 10.242681 0.000000 -0.000002 0.000000 -0.000000 -2.026071
 37 11.375561 -0.000002 -0.000002 1.426480 0.658380 -0.076271
 38 0.728681 0.023431 1.008291 -1.705251 -0.347372 0.567022
 39 2.136499 -0.000000 0.000000 -0.000000 0.000000 0.287979
 40 2.313138 -0.000000 0.000001 0.000000 0.000000 3.141593
 41 3.115508 -0.886041 0.021432 0.253529 0.012992 0.141302
 42 2.011153 -0.000000 0.000001 -0.000000 -0.000000 1.532231
 43 2.141379 0.000000 0.000000 0.000000 0.000000 3.141593
 44 1.734174 -0.000001 0.000000 -0.000000 -0.000000 0.765986
 45 0.136315 -3.738191 2.525890 1.493698 2.759406 -1.474501
 46 3.726729 -0.053312 2.419487 -0.262762 2.898943 1.398576
 47 11.389367 -0.000821 0.158780 1.508649 0.337351 -0.023905
 48 -0.000001 -4.440598 -0.000001 1.570144 -3.078602 0.004040
 49 6.000000 0.000000 -0.000001 1.508649 0.000000 -0.000000
 50 0.000002 -4.440602 -0.000000 1.569944 -3.078603 0.004053
 51 10.510130 0.000000 -0.000002 0.000000 0.000000 -2.583832
 52 -0.000000 -1.748399 -5.000000 3.141593 0.004007 -1.539299
 53 5.500000 0.000000 -0.000000 -0.407111 -0.000000 -0.000000
 54 0.000001 0.000000 -5.000000 -0.044472 3.137589 -0.000177
 55 6.551491 0.000001 0.000001 0.407111 -0.218189 -0.003961
 56 -1.266844 -1.937443 -4.950559 -0.066572 -2.988806 -0.110308
 57 6.551492 0.000001 0.000001 0.407111 -0.218189 -0.003961
 58 0.699371 -1.944209 -5.006846 -0.027189 -3.088217 0.005298
 59 4.226146 -0.003201 -0.000000 0.058703 -0.095904 -0.031385
 60 0.000001 5.000000 -0.000000 -0.153564 0.000087 2.718702
 61 0.000005 -0.000005 -3.713578 0.095503 -3.012510 -0.750673
 62 0.000001 0.000001 4.999999 3.053197 1.558589 -0.074927
 63 -0.000006 0.000005 3.713580 -0.334411 -2.825096 -0.524885
 64 -0.000000 -0.000000 -5.000000 -0.088728 1.558589 3.066333
 65 7.363604 1.646647 0.495663 -3.141593 -1.570796 0.000000
 66 -0.000005 0.000005 3.619082 -0.528285 -2.367383 -1.007256
 67 16.573921 -0.000001 0.000002 -0.000000 0.000000 -2.019199
 68 15.128181 0.000000 -0.000003 0.031619 0.086785 -0.033197
 69 5.758665 4.244731 0.000000 0.000000 -0.000000 2.033309
 70 3.177726 0.000000 -0.000000 0.000000 0.000000 3.141593
 71 15.708951 0.000002 -0.000004 0.016155 0.048356 -0.018185
 72 0.275148 0.189215 -3.445208 3.130898 0.000409 -1.514604
 73 17.210192 -0.000002 0.000002 0.000000 -0.000000 -2.322356
 74 0.000001 -0.000000 -5.000000 -0.079433 1.546568 -1.570859
 75 0.000007 -0.000005 -3.619079 0.196495 -3.011952 -1.279118
 76 16.573921 -0.000000 0.000000 -0.000000 -0.000000 -1.611348
 77 15.128181 -0.000001 0.000000 0.214418 -0.027533 0.774389
 78 5.758665 4.244731 -0.000001 -0.000000 -0.000000 1.483530
 79 4.003934 0.000000 0.000000 0.000000 0.000000 0.000000
 80 15.708955 -0.000000 0.000001 0.153371 0.002792 0.528179
 81 0.273998 0.191089 3.439762 -3.130907 -0.000437 -1.508107
 82 17.210192 -0.000000 0.000000 0.000000 -0.000000 -2.138823
 83 0.000001 0.000001 5.000000 -0.079311 1.595025 -1.570737
time 9
  0 1.130557 9.712685 27.009436 -0.281436 0.436358 -2.443536
  1 11.368427 6.770639 -23.418964 -0.498313 0.132926 2.346876
  2 -2.276934 0.000002 -1.238186 -1.570795 -1.570451 0.000000
  3 1.796132 0.712459 -0.001701 0.553714 -0.170440 -0.473494
  4 4.118471 -0.003052 -0.001193 0.372573 -0.058772 -0.066352
  5 4.119327 -0.002979 -0.001171 0.366568 -0.105185 0.197181
  6 4.119338 -0.002971 -0.001173 0.368104 -0.107387 0.201589
  7 4.118523 -0.003478 -0.000638 0.182565 -0.127447 -0.046005
  8 4.443598 -0.000001 0.000000 0.188251 -0.123118 0.315021
  9 9.024059 -0.000001 0.000000 0.000000 0.000000 0.000000
 10 0.220235 0.315560 1.690107 -0.698185 -1.232344 -2.479757
 11 6.384777 -0.000002 -0.000002 -0.419252 0.533460 0.515002
 12 10.242681 -0.000000 0.000001 0.000000 -0.000000 -1.481741
 13 11.375563 0.000001 -0.000001 -0.210450 0.211537 -0.200565
 14 0.728681 0.023431 -1.008293 1.705251 0.347372 0.567022
 15 2.136496 0.000002 0.000000 0.000000 -0.000000 0.287979
 16 2.313139 0.000001 0.000001 0.000000 0.000000 0.000000
 17 3.115508 -0.886042 -0.021431 -0.000782 0.000152 0.191986
 18 2.011152 0.000000 -0.000003 0.000000 -0.000000 0.659566
 19 2.141379 0.000001 0.000003 0.000000 0.000000 0.000000
 20 1.734172 0.000000 -0.000001 0.000000 0.000000 0.330185
 21 0.000007 -4.440592 -0.000002 1.570544 -0.062990 -0.195737
 22 6.000000 0.000000 0.000000 -0.506673 0.000000 0.000000
 23 0.000002 -4.440601 0.000002 1.569944 -0.062987 0.004053
 24 11.375563 0.000000 0.000003 -0.891017 0.073135 -0.157646
 25 -0.000001 -4.440602 -0.000002 1.570144 -0.062988 0.004040
 26 10.510128 -0.000000 0.000001 -0.000000 0.000000 -2.311667
 27 -0.000000 -1.748401 4.999999 -0.000000 0.004007 1.602291
 28 5.499998 -0.000000 0.000001 0.166205 0.000000 0.000000
 29 -0.000002 -1.940598 5.000000 -0.044472 0.004003 -0.000180
 30 6.551492 0.000000 -0.000001 -0.259974 0.367419 0.411151
 31 -0.000000 -1.940600 5.000002 -0.027189 -0.053376 0.005295
 32 6.551492 0.000001 -0.000001 -0.142323 0.164034 0.207039
 33 -0.000000 -1.940600 4.999995 -0.066572 -0.152786 -0.110311
 34 -0.220233 -0.308484 -1.690107 -2.052591 1.302033 1.062906
 35 6.384777 0.000001 0.000000 1.274162 -0.407243 -0.277545
 36 10.242683 0.000001 0.000001 0.000000 0.000000 -1.887585
 37 11.375562 -0.000001 0.000001 1.327996 0.450703 -0.087311
 38 0.728681 0.023432 1.008292 -1.705251 -0.347372 0.567022
 39 2.136500 0.000001 -0.000002 -0.000000 0.000000 0.287979
 40 2.313139 0.000000 0.000001 0.000000 0.000000 3.141593
 41 3.115508 -0.886043 0.021432 0.253529 0.012992 0.141301
 42 2.011152 -0.000001 0.000002 0.000000 0.000000 1.532231
 43 2.141380 -0.000000 -0.000000 0.000000 0.000000 3.141593
 44 1.734171 -0.000001 -0.000000 0.000000 0.000000 0.765986
 45 0.136316 -3.738191 2.525890 1.493698 2.759406 -1.474501
 46 3.726728 -0.053311 2.419487 -0.262762 2.898943 1.398576
 47 11.389366 -0.000820 0.158783 1.456561 0.242626 -0.030538
 48 0.000002 -4.440598 -0.000000 1.570144 -3.078602 0.004040
 49 6.000001 -0.000001 -0.000001 1.456561 0.000000 -0.000000
 50 0.000002 -4.440600 -0.000001 1.569944 -3.078603 0.004053
 51 10.510133 0.000001 0.000002 -0.000000 0.000000 -2.514589
 52 -0.000001 -1.748399 -5.000000 3.141593 0.004007 -1.539299
 53 5.500000 -0.000001 -0.000000 -0.371915 -0.000000 -0.000000
 54 -0.000002 0.000000 -5.000000 -0.044472 3.137589 -0.000177
 55 6.551492 -0.000001 0.000002 0.371915 -0.218399 -0.051265
 56 -1.266844 -1.937443 -4.950562 -0.066572 -2.988806 -0.110308
 57 6.551492 -0.000001 0.000002 0.371915 -0.218399 -0.051265
 58 0.699372 -1.944209 -5.006847 -0.027189 -3.088217 0.005298
 59 4.226146 -0.003202 -0.000000 0.092112 -0.069557 -0.023216
 60 0.000001 4.999999 0.000000 -0.153564 0.000087 2.718702
 61 0.000005 -0.000005 -3.713578 0.095503 -3.012510 -0.750673
 62 0.000001 0.000001 4.999999 3.053197 1.558589 -0.074927
 63 -0.000006 0.000005 3.713580 -0.334411 -2.825096 -0.524885
 64 -0.000000 -0.000000 -5.000000 -0.088728 1.558589 3.066333
 65 7.363604 1.646647 0.495663 -3.141593 -1.570796 0.000000
 66 -0.000005 0.000005 3.619082 -0.528285 -2.367383 -1.007256
 67 16.573921 -0.000001 0.000002 -0.000000 0.000000 -2.019199
 68 15.128181 0.000000 -0.000003 0.031619 0.086785 -0.033197
 69 5.758665 4.244731 0.000000 0.000000 -0.000000 2.033309
 70 3.177726 0.000000 -0.000000 0.000000 0.000000 3.141593
 71 15.708951 0.000002 -0.000004 0.016155 0.048356 -0.018185
 72 0.275148 0.189215 -3.445208 3.130898 0.000409 -1.514604
 73 17.210192 -0.000002 0.000002 0.000000 -0.000000 -2.322356
 74 0.000001 -0.000000 -5.000000 -0.079433 1.546568 -1.570859
 75 0.000007 -0.000005 -3.619079 0.196495 -3.011952 -1.279118
 76 16.573921 -0.000000 0.000000 -0.000000 -0.000000 -1.611348
 77 15.128181 -0.000001 0.000000 0.214418 -0.027533 0.774389
 78 5.758665 4.244731 -0.000001 -0.000000 -0.000000 1.483530
 79 4.003934 0.000000 0.000000 0.000000 0.000000 0.000000
 80 15.708955 -0.000000 0.000001 0.153371 0.002792 0.528179
 81 0.273998 0.191089 3.439762 -3.130907 -0.000437 -1.508107
 82 17.210192 -0.000000 0.000000 0.000000 -0.000000 -2.138823
 83 0.000001 0.000001 5.000000 -0.079311 1.595025 -1.570737
time 10
  0 1.130557 9.712685 27.009436 -0.281436 0.436358 -2.443536
  1 11.368427 6.770639 -23.418964 -0.498313 0.132926 2.346876
  2 -2.276934 0.000002 -1.238186 -1.570795 -1.570451 0.000000
  3 1.796175 0.712475 -0.001751 0.572612 -0.176704 -0.470051
  4 4.118468 -0.003030 -0.001244 0.390444 -0.078622 -0.076035
  5 4.119321 -0.002959 -0.001221 0.384637 -0.129273 0.185485
  6 4.119338 -0.002953 -0.001226 0.386142 -0.127502 0.192043
  7 4.118535 -0.003460 -0.000736 0.210924 -0.105205 -0.042022
  8 4.443599 0.000001 0.000000 0.115633 -0.090441 0.288841
  9 9.024059 -0.000000 0.000001 0.000000 0.000000 0.000000
 10 0.181955 0.364298 1.684954 -0.584575 -1.231096 -2.586264
 11 6.384777 0.000001 0.000000 -0.482536 0.656987 0.369878
 12 10.242682 -0.000001 0.000001 0.000000 -0.000000 -1.309385
 13 11.375560 -0.000001 -0.000001 -0.172456 0.207604 -0.185310
 14 0.728680 0.023431 -1.008293 1.705251 0.347372 0.567022
 15 2.136497 -0.000001 -0.000000 0.000000 -0.000000 0.287979
 16 2.313140 0.000001 0.000000 0.000000 0.000000 0.000000
 17 3.115507 -0.886041 -0.021432 -0.000782 0.000152 0.191986
 18 2.011153 0.000002 0.000001 0.000000 0.000000 0.659566
 19 2.141379 -0.000000 -0.000001 0.000000 0.000000 0.000000
 20 1.734173 0.000001 0.000002 0.000000 -0.000000 0.330185
 21 0.000006 -4.440592 0.000002 1.570544 -0.062990 -0.195737
 22 6.000000 0.000000 -0.000001 -0.474365 0.000000 -0.000000
 23 0.000002 -4.440600 -0.000001 1.569944 -0.062987 0.004053
 24 11.375561 0.000000 0.000004 -0.872424 0.073029 -0.150211
 25 -0.000002 -4.440604 0.000002 1.570144 -0.062988 0.004040
 26 10.510129 0.000000 0.000001 -0.000000 -0.000000 -2.225489
 27 -0.000000 -1.748402 5.000000 -0.000000 0.004007 1.602290
 28 5.499999 0.000000 -0.000000 0.183552 0.000000 0.000000
 29 -0.000001 -1.940598 5.000002 -0.044472 0.004003 -0.000180
 30 6.551492 -0.000002 -0.000003 -0.293127 0.482020 0.330175
 31 -0.000000 -1.940600 5.000003 -0.027189 -0.053376 0.005295
 32 6.551492 -0.000002 -0.000003 -0.156555 0.218711 0.171331
 33 -0.000001 -1.940599 4.999995 -0.066572 -0.152786 -0.110311
 34 -0.181953 -0.357221 -1.684953 -2.091046 1.349640 1.036595
 35 6.384776 -0.000001 0.000002 0.990889 -0.178847 -0.423699
 36 10.242680 0.000001 -0.000001 -0.000000 0.000000 -1.529242
 37 11.375562 -0.000001 0.000001 1.319728 0.124956 -0.048409
 38 0.728681 0.023429 1.008292 -1.705251 -0.347372 0.567022
 39 2.136497 -0.000001 -0.000002 0.000000 -0.000000 0.287979
 40 2.313139 0.000000 0.000001 0.000000 0.000000 3.141593
 41 3.115507 -0.886041 0.021432 0.253529 0.012992 0.141301
 42 2.011152 -0.000002 0.000001 -0.000000 0.000000 1.532231
 43 2.141380 0.000001 -0.000001 0.000000 0.000000 3.141593
 44 1.734173 0.000001 -0.000000 -0.000000 -0.000000 0.765986
 45 0.136316 -3.738192 2.525890 1.493698 2.759406 -1.474501
 46 3.726729 -0.053310 2.419487 -0.262762 2.898943 1.398576
 47 11.389367 -0.000821 0.158781 1.445806 0.072077 -0.023404
 48 0.000001 -4.440599 0.000000 1.570144 -3.078602 0.004040
 49 6.000000 -0.000002 -0.000001 1.445806 -0.000000 0.000000
 50 0.000001 -4.440601 -0.000001 1.569944 -3.078603 0.004053
 51 10.510131 0.000002 0.000004 -0.000000 -0.000000 -2.335418
 52 0.000000 -1.748400 -5.000001 -3.141593 0.004007 -1.539299
 53 5.500000 0.000001 0.000002 -0.315066 0.000000 -0.000000
 54 0.000000 0.000001 -5.000002 -0.044472 3.137590 -0.000177
 55 6.551490 0.000002 -0.000000 0.315066 -0.131390 -0.161067
 56 -1.266843 -1.937444 -4.950560 -0.066572 -2.988806 -0.110308
 57 6.551491 0.000002 -0.000000 0.315066 -0.131390 -0.161067
 58 0.699370 -1.944208 -5.006847 -0.027189 -3.088217 0.005298
 59 4.226146 -0.003200 0.000001 0.106652 -0.057769 -0.021096
 60 0.000000 5.000001 0.000000 -0.153564 0.000087 2.718702
 61 0.000005 -0.000005 -3.713578 0.095503 -3.012510 -0.750673
 62 0.000001 0.000001 4.999999 3.053197 1.558589 -0.074927
 63 -0.000006 0.000005 3.713580 -0.334411 -2.825096 -0.524885
 64 -0.000000 -0.000000 -5.000000 -0.088728 1.558589 3.066333
 65 7.363604 1.646647 0.495663 -3.141593 -1.570796 0.000000
 66 -0.000005 0.000005 3.619082 -0.528285 -2.367383 -1.007256
 67 16.573921 -0.000001 0.000002 -0.000000 0.000000 -2.019199
 68 15.128181 0.000000 -0.000003 0.031619 0.086785 -0.033197
 69 5.758665 4.244731 0.000000 0.000000 -0.000000 2.033309
 70 3.177726 0.000000 -0.000000 0.000000 0.000000 3.141593
 71 15.708951 0.000002 -0.000004 0.016155 0.048356 -0.018185
 72 0.275148 0.189215 -3.445208 3.130898 0.000409 -1.514604
 73 17.210192 -0.000002 0.000002 0.000000 -0.000000 -2.322356
 74 0.000001 -0.000000 -5.000000 -0.079433 1.546568 -1.570859
 75 0.000007 -0.000005 -3.619079 0.196495 -3.011952 -1.279118
 76 16.573921 -0.000000 0.000000 -0.000000 -0.000000 -1.611348
 77 15.128181 -0.000001 0.000000 0.214418 -0.027533 0.774389
 78 5.758665 4.244731 -0.000001 -0.000000 -0.000000 1.483530
 79 4.003934 0.000000 0.000000 0.000000 0.000000 0.000000
 80 15.708955 -0.000000 0.000001 0.153371 0.002792 0.528179
 81 0.273998 0.191089 3.439762 -3.130907 -0.000437 -1.508107
 82 17.210192 -0.000000 0.000000 0.000000 -0.000000 -2.138823
 83 0.000001 0.000001 5.000000 -0.079311 1.595025 -1.570737
time 11
  0 1.130557 9.712685 27.009436 -0.281436 0.436358 -2.443536
  1 11.368427 6.770639 -23.418964 -0.498313 0.132926 2.346876
  2 -2.276934 0.000002 -1.238186 -1.570795 -1.570451 0.000000
  3 1.796230 0.712495 -0.001808 0.594897 -0.182763 -0.462792
  4 4.118476 -0.003014 -0.001292 0.406647 -0.097842 -0.084293
  5 4.119321 -0.002940 -0.001265 0.401033 -0.153324 0.174854
  6 4.119339 -0.002932 -0.001270 0.402378 -0.147092 0.183879
  7 4.118519 -0.003457 -0.000764 0.218737 -0.097839 -0.046519
  8 4.443599 0.000000 0.000000 0.063185 -0.072158 0.243717
  9 9.024060 0.000002 0.000001 0.000000 0.000000 0.000000
 10 0.169259 0.377733 1.683345 -0.534079 -1.233572 -2.627049
 11 6.384777 0.000001 -0.000000 -0.562388 0.753906 0.200665
 12 10.242682 0.000001 -0.000001 0.000000 -0.000000 -1.146073
 13 11.375563 -0.000001 -0.000001 -0.143501 0.204220 -0.173775
 14 0.728682 0.023432 -1.008292 1.705251 0.347372 0.567022
 15 2.136495 -0.000001 -0.000000 -0.000000 0.000000 0.287979
 16 2.313140 -0.000000 0.000000 0.000000 0.000000 0.000000
 17 3.115508 -0.886041 -0.021428 -0.000782 0.000152 0.191986
 18 2.011151 0.000000 0.000003 -0.000000 -0.000000 0.659566
 19 2.141379 -0.000000 -0.000002 0.000000 0.000000 0.000000
 20 1.734172 0.000000 0.000001 0.000000 -0.000000 0.330185
 21 0.000005 -4.440594 -0.000002 1.570544 -0.062990 -0.195737
 22 6.000001 -0.000000 -0.000003 -0.449524 0.000000 -0.000000
 23 0.000002 -4.440601 0.000000 1.569944 -0.062987 0.004053
 24 11.375562 -0.000001 0.000002 -0.858227 0.072845 -0.144456
 25 -0.000000 -4.440601 0.000000 1.570144 -0.062988 0.004040
 26 10.510129 -0.000000 -0.000003 0.000000 0.000000 -2.143833
 27 -0.000000 -1.748401 4.999999 0.000000 0.004007 1.602291
 28 5.499999 0.000000 -0.000001 0.208844 -0.000000 0.000000
 29 -0.000003 -1.940598 5.000003 -0.044472 0.004003 -0.000180
 30 6.551492 -0.000001 -0.000002 -0.351052 0.571151 0.228188
 31 0.000001 -1.940598 5.000002 -0.027189 -0.053376 0.005295
 32 6.551492 -0.000001 -0.000002 -0.176428 0.260706 0.129391
 33 0.000001 -1.940599 4.999996 -0.066572 -0.152786 -0.110311
 34 -0.169258 -0.370652 -1.683347 -1.988986 1.422245 1.157620
 35 6.384777 0.000001 -0.000002 0.635870 0.169271 -0.670418
 36 10.242681 0.000001 -0.000000 -0.000000 0.000000 -0.948971
 37 11.375562 -0.000002 0.000002 1.332436 -0.226367 0.003047
 38 0.728682 0.023431 1.008292 -1.705251 -0.347372 0.567022
 39 2.136499 0.000002 0.000000 0.000000 0.000000 0.287979
 40 2.313138 0.000000 0.000000 0.000000 0.000000 3.141593
 41 3.115506 -0.886041 0.021431 0.253529 0.012992 0.141301
 42 2.011151 -0.000001 -0.000000 0.000000 -0.000000 1.532231
 43 2.141379 -0.000001 -0.000000 0.000000 0.000000 3.141593
 44 1.734172 -0.000002 -0.000000 0.000000 0.000000 0.765986
 45 0.136314 -3.738192 2.525890 1.493698 2.759406 -1.474501
 46 3.726727 -0.053312 2.419487 -0.262762 2.898943 1.398576
 47 11.389367 -0.000820 0.158782 1.452259 -0.126235 -0.006445
 48 -0.000000 -4.440600 0.000000 1.570144 -3.078602 0.004040
 49 6.000000 -0.000002 -0.000002 1.452259 -0.000000 -0.000000
 50 -0.000000 -4.440602 0.000000 1.569944 -3.078603 0.004053
 51 10.510131 0.000000 0.000002 0.000000 0.000000 -2.045281
 52 -0.000000 -1.748401 -5.000001 3.141593 0.004007 -1.539299
 53 5.499999 0.000000 -0.000001 -0.214001 0.000000 0.000000
 54 0.000000 0.000000 -5.000000 -0.044472 3.137590 -0.000177
 55 6.551492 -0.000000 -0.000000 0.214001 -0.006609 -0.247892
 56 -1.266843 -1.937444 -4.950558 -0.066572 -2.988806 -0.110308
 57 6.551492 -0.000000 -0.000000 0.214001 -0.006609 -0.247892
 58 0.699370 -1.944208 -5.006845 -0.027189 -3.088217 0.005298
 59 4.226146 -0.003202 -0.000000 0.110605 -0.053985 -0.023846
 60 -0.000000 5.000001 -0.000001 -0.153564 0.000087 2.718702
 61 0.000005 -0.000005 -3.713578 0.095503 -3.012510 -0.750673
 62 0.000001 0.000001 4.999999 3.053197 1.558589 -0.074927
 63 -0.000006 0.000005 3.713580 -0.334411 -2.825096 -0.524885
 64 -0.000000 -0.000000 -5.000000 -0.088728 1.558589 3.066333
 65 7.363604 1.646647 0.495663 -3.141593 -1.570796 0.000000
 66 -0.000005 0.000005 3.619082 -0.528285 -2.367383 -1.007256
 67 16.573921 -0.000001 0.000002 -0.000000 0.000000 -2.019199
 68 15.128181 0.000000 -0.000003 0.031619 0.086785 -0.033197
 69 5.758665 4.244731 0.000000 0.000000 -0.000000 2.033309
 70 3.177726 0.000000 -0.000000 0.000000 0.000000 3.141593
 71 15.708951 0.000002 -0.000004 0.016155 0.048356 -0.018185
 72 0.275148 0.189215 -3.445208 3.130898 0.000409 -1.514604
 73 17.210192 -0.000002 0.000002 0.000000 -0.000000 -2.322356
 74 0.000001 -0.000000 -5.000000 -0.079433 1.546568 -1.570859
 75 0.000007 -0.000005 -3.619079 0.196495 -3.011952 -1.279118
 76 16.573921 -0.000000 0.000000 -0.000000 -0.000000 -1.611348
 77 15.128181 -0.000001 0.000000 0.214418 -0.027533 0.774389
 78 5.758665 4.244731 -0.000001 -0.000000 -0.000000 1.483530
 79 4.003934 0.000000 0.000000 0.000000 0.000000 0.000000
 80 15.708955 -0.000000 0.000001 0.153371 0.002792 0.528179
 81 0.273998 0.191089 3.439762 -3.130907 -0.000437 -1.508107
 82 17.210192 -0.000000 0.000000 0.000000 -0.000000 -2.138823
 83 0.000001 0.000001 5.000000 -0.079311 1.595025 -1.570737
time 12
  0 1.130557 9.712685 27.009436 -0.281436 0.436358 -2.443536
  1 11.368427 6.770639 -23.418964 -0.498313 0.132926 2.346876
  2 -2.276934 0.000002 -1.238186 -1.570795 -1.570451 0.000000
  3 1.796339 0.712511 -0.001883 0.623610 -0.190135 -0.440044
  4 4.118495 -0.002992 -0.001338 0.423403 -0.118509 -0.088997
  5 4.119344 -0.002915 -0.001309 0.417662 -0.182439 0.168369
  6 4.119362 -0.002905 -0.001314 0.418557 -0.169464 0.181023
  7 4.118487 -0.003454 -0.000743 0.212916 -0.100863 -0.054561
  8 4.443601 -0.000002 -0.000000 0.000311 -0.065181 0.185425
  9 9.024061 0.000002 0.000001 0.000000 0.000000 0.000000
 10 0.174477 0.367813 1.684987 -0.522577 -1.240631 -2.629302
 11 6.384776 -0.000001 -0.000000 -0.658739 0.795786 -0.014253
 12 10.242682 -0.000001 -0.000003 0.000000 0.000000 -0.959941
 13 11.375562 -0.000002 0.000001 -0.133320 0.202950 -0.169740
 14 0.728680 0.023431 -1.008294 1.705251 0.347372 0.567022
 15 2.136497 -0.000002 0.000000 -0.000000 -0.000000 0.287979
 16 2.313139 -0.000001 -0.000000 0.000000 0.000000 0.000000
 17 3.115505 -0.886042 -0.021433 -0.000782 0.000152 0.191986
 18 2.011152 0.000000 0.000001 -0.000000 0.000000 0.659566
 19 2.141381 -0.000001 0.000001 0.000000 0.000000 0.000000
 20 1.734173 0.000001 0.000000 -0.000000 -0.000000 0.330185
 21 0.000007 -4.440594 -0.000001 1.570544 -0.062990 -0.195737
 22 6.000000 -0.000001 -0.000001 -0.440742 0.000000 0.000000
 23 0.000002 -4.440600 0.000001 1.569944 -0.062987 0.004053
 24 11.375561 -0.000001 0.000002 -0.853230 0.072760 -0.142414
 25 -0.000002 -4.440604 0.000002 1.570144 -0.062988 0.004040
 26 10.510130 -0.000000 -0.000003 0.000000 -0.000000 -2.050767
 27 0.000000 -1.748401 5.000000 -0.000000 0.004007 1.602291
 28 5.500000 -0.000000 -0.000002 0.240645 -0.000000 -0.000000
 29 -0.000001 -1.940599 5.000000 -0.044472 0.004003 -0.000180
 30 6.551490 0.000001 0.000001 -0.432052 0.615904 0.091962
 31 0.000000 -1.940598 5.000002 -0.027189 -0.053376 0.005295
 32 6.551490 0.000001 0.000001 -0.200799 0.284505 0.075684
 33 -0.000001 -1.940597 4.999995 -0.066572 -0.152786 -0.110311
 34 -0.174468 -0.360741 -1.684988 -1.747183 1.455271 1.412126
 35 6.384775 0.000002 -0.000002 0.178851 0.408239 -1.189994
 36 10.242681 -0.000001 -0.000001 -0.000000 -0.000000 -0.002514
 37 11.375560 -0.000002 0.000001 1.314455 -0.509636 0.066605
 38 0.728681 0.023431 1.008291 -1.705251 -0.347372 0.567022
 39 2.136498 -0.000000 0.000000 -0.000000 -0.000000 0.287979
 40 2.313138 0.000000 -0.000000 0.000000 0.000000 3.141593
 41 3.115505 -0.886041 0.021432 0.253529 0.012992 0.141302
 42 2.011153 0.000001 0.000001 -0.000000 -0.000000 1.532231
 43 2.141380 0.000001 -0.000001 0.000000 0.000000 3.141593
 44 1.734172 -0.000001 -0.000000 -0.000000 -0.000000 0.765986
 45 0.136315 -3.738192 2.525890 1.493698 2.759406 -1.474501
 46 3.726728 -0.053312 2.419487 -0.262762 2.898943 1.398576
 47 11.389367 -0.000821 0.158782 1.450275 -0.270540 0.015151
 48 0.000001 -4.440602 0.000000 1.570144 -3.078602 0.004040
 49 6.000000 -0.000000 0.000000 1.450275 0.000000 -0.000000
 50 0.000000 -4.440601 -0.000001 1.569944 -3.078603 0.004053
 51 10.510130 -0.000001 0.000003 -0.000000 -0.000000 -1.572053
 52 -0.000000 -1.748399 -5.000000 -3.141593 0.004007 -1.539299
 53 5.500000 -0.000001 0.000002 -0.114559 0.000000 -0.000000
 54 -0.000002 0.000000 -5.000001 -0.044472 3.137590 -0.000177
 55 6.551490 -0.000001 0.000001 0.114559 0.091230 -0.318790
 56 -1.266842 -1.937444 -4.950560 -0.066572 -2.988806 -0.110308
 57 6.551491 -0.000001 0.000001 0.114559 0.091230 -0.318790
 58 0.699371 -1.944210 -5.006847 -0.027189 -3.088217 0.005298
 59 4.226147 -0.003202 0.000001 0.107561 -0.055760 -0.028513
 60 -0.000001 5.000001 0.000001 -0.153564 0.000087 2.718702
 61 0.000005 -0.000005 -3.713578 0.095503 -3.012510 -0.750673
 62 0.000001 0.000001 4.999999 3.053197 1.558589 -0.074927
 63 -0.000006 0.000005 3.713580 -0.334411 -2.825096 -0.524885
 64 -0.000000 -0.000000 -5.000000 -0.088728 1.558589 3.066333
 65 7.363604 1.646647 0.495663 -3.141593 -1.570796 0.000000
 66 -0.000005 0.000005 3.619082 -0.528285 -2.367383 -1.007256
 67 16.573921 -0.000001 0.000002 -0.000000 0.000000 -2.019199
 68 15.128181 0.000000 -0.000003 0.031619 0.086785 -0.033197
 69 5.758665 4.244731 0.000000 0.000000 -0.000000 2.033309
 70 3.177726 0.000000 -0.000000 0.000000 0.000000 3.141593
 71 15.708951 0.000002 -0.000004 0.016155 0.048356 -0.018185
 72 0.275148 0.189215 -3.445208 3.130898 0.000409 -1.514604
 73 17.210192 -0.000002 0.000002 0.000000 -0.000000 -2.322356
 74 0.000001 -0.000000 -5.000000 -0.079433 1.546568 -1.570859
 75 0.000007 -0.000005 -3.619079 0.196495 -3.011952 -1.279118
 76 16.573921 -0.000000 0.000000 -0.000000 -0.000000 -1.611348
 77 15.128181 -0.000001 0.000000 0.214418 -0.027533 0.774389
 78 5.758665 4.244731 -0.000001 -0.000000 -0.000000 1.483530
 79 4.003934 0.000000 0.000000 0.000000 0.000000 0.000000
 80 15.708955 -0.000000 0.000001 0.153371 0.002792 0.528179
 81 0.273998 0.191089 3.439762 -3.130907 -0.000437 -1.508107
 82 17.210192 -0.000000 0.000000 0.000000 -0.000000 -2.138823
 83 0.000001 0.000001 5.000000 -0.079311 1.595025 -1.570737
time 13
  0 1.130557 9.712685 27.009436 -0.281436 0.436358 -2.443536
  1 11.368427 6.770639 -23.418964 -0.498313 0.132926 2.346876
  2 -2.276934 0.000002 -1.238186 -1.570795 -1.570451 0.000000
  3 1.796509 0.712531 -0.001973 0.660119 -0.200181 -0.398176
  4 4.118534 -0.002971 -0.001385 0.440512 -0.141027 -0.089158
  5 4.119394 -0.002886 -0.001348 0.434226 -0.217880 0.167065
  6 4.119412 -0.002873 -0.001353 0.434268 -0.195342 0.184827
  7 4.118469 -0.003465 -0.000700 0.200419 -0.109884 -0.060731
  8 4.443598 0.000000 -0.000000 -0.086338 -0.066316 0.123985
  9 9.024060 -0.000001 0.000001 0.000000 0.000000 0.000000
 10 0.190017 0.346403 1.687797 -0.528032 -1.250595 -2.618071
 11 6.384778 -0.000000 0.000000 -0.752858 0.766472 -0.272746
 12 10.242682 -0.000001 -0.000003 0.000000 0.000000 -0.719652
 13 11.375558 -0.000002 0.000001 -0.151672 0.205208 -0.177021
 14 0.728681 0.023431 -1.008290 1.705251 0.347373 0.567022
 15 2.136497 -0.000001 0.000000 -0.000000 -0.000000 0.287979
 16 2.313139 -0.000002 0.000000 0.000000 0.000000 0.000000
 17 3.115506 -0.886041 -0.021430 -0.000782 0.000152 0.191986
 18 2.011153 -0.000000 0.000002 0.000000 0.000000 0.659566
 19 2.141378 0.000001 -0.000003 0.000000 0.000000 0.000000
 20 1.734172 0.000000 0.000001 0.000000 0.000000 0.330185
 21 0.000007 -4.440594 0.000002 1.570544 -0.062990 -0.195737
 22 6.000000 -0.000001 0.000001 -0.456554 -0.000000 0.000000
 23 0.000000 -4.440601 0.000002 1.569944 -0.062987 0.004053
 24 11.375561 -0.000001 0.000003 -0.862236 0.072906 -0.146088
 25 -0.000001 -4.440602 0.000000 1.570144 -0.062988 0.004040
 26 10.510129 -0.000000 -0.000000 0.000000 -0.000000 -1.930622
 27 0.000000 -1.748402 4.999999 0.000000 0.004007 1.602291
 28 5.500000 -0.000000 -0.000000 0.273955 -0.000000 0.000000
 29 -0.000003 -1.940598 5.000003 -0.044472 0.004003 -0.000180
 30 6.551492 0.000000 0.000000 -0.519822 0.592949 -0.091550
 31 0.000000 -1.940599 5.000002 -0.027189 -0.053376 0.005295
 32 6.551492 0.000000 0.000000 -0.225949 0.283738 -0.000860
 33 0.000000 -1.940599 4.999996 -0.066572 -0.152786 -0.110311
 34 -0.190015 -0.339325 -1.687797 -1.618890 1.441197 1.543849
 35 6.384777 -0.000001 -0.000000 0.057183 0.357095 -1.042551
 36 10.242681 -0.000002 0.000001 0.000000 0.000000 -0.254128
 37 11.375561 -0.000002 -0.000000 1.244252 -0.710014 0.176854
 38 0.728681 0.023431 1.008292 -1.705251 -0.347372 0.567022
 39 2.136496 0.000000 -0.000001 0.000000 0.000000 0.287979
 40 2.313139 -0.000000 -0.000000 0.000000 0.000000 3.141593
 41 3.115507 -0.886041 0.021432 0.253529 0.012992 0.141302
 42 2.011150 0.000001 -0.000000 -0.000000 -0.000000 1.532231
 43 2.141381 0.000000 -0.000001 0.000000 0.000000 3.141593
 44 1.734172 -0.000000 -0.000000 -0.000000 -0.000000 0.765986
 45 0.136313 -3.738192 2.525891 1.493698 2.759406 -1.474501
 46 3.726728 -0.053311 2.419487 -0.262762 2.898943 1.398576
 47 11.389366 -0.000821 0.158781 1.433700 -0.364841 0.051367
 48 -0.000000 -4.440597 0.000000 1.570144 -3.078602 0.004040
 49 5.999998 -0.000001 -0.000000 1.433700 -0.000000 0.000000
 50 0.000002 -4.440603 0.000000 1.569944 -3.078603 0.004053
 51 10.510130 -0.000002 0.000001 -0.000000 -0.000000 -1.697860
 52 -0.000000 -1.748399 -5.000001 3.141593 0.004007 -1.539299
 53 5.499998 -0.000001 0.000001 -0.055794 -0.000000 0.000000
 54 -0.000000 -0.000000 -4.999998 -0.044472 3.137589 -0.000177
 55 6.551492 -0.000001 0.000000 0.055794 0.106807 -0.289339
 56 -1.266843 -1.937444 -4.950557 -0.066572 -2.988806 -0.110308
 57 6.551492 -0.000001 0.000000 0.055794 0.106807 -0.289339
 58 0.699370 -1.944207 -5.006845 -0.027189 -3.088217 0.005298
 59 4.226146 -0.003201 -0.000000 0.101104 -0.060626 -0.032003
 60 -0.000000 5.000003 -0.000001 -0.153564 0.000087 2.718702
 61 0.000005 -0.000005 -3.713578 0.095503 -3.012510 -0.750673
 62 0.000001 0.000001 4.999999 3.053197 1.558589 -0.074927
 63 -0.000006 0.000005 3.713580 -0.334411 -2.825096 -0.524885
 64 -0.000000 -0.000000 -5.000000 -0.088728 1.558589 3.066333
 65 7.363604 1.646647 0.495663 -3.141593 -1.570796 0.000000
 66 -0.000005 0.000005 3.619082 -0.528285 -2.367383 -1.007256
 67 16.573921 -0.000001 0.000002 -0.000000 0.000000 -2.019199
 68 15.128181 0.000000 -0.000003 0.031619 0.086785 -0.033197
 69 5.758665 4.244731 0.000000 0.000000 -0.000000 2.033309
 70 3.177726 0.000000 -0.000000 0.000000 0.000000 3.141593
 71 15.708951 0.000002 -0.000004 0.016155 0.048356 -0.018185
 72 0.275148 0.189215 -3.445208 3.130898 0.000409 -1.514604
 73 17.210192 -0.000002 0.000002 0.000000 -0.000000 -2.322356
 74 0.000001 -0.000000 -5.000000 -0.079433 1.546568 -1.570859
 75 0.000007 -0.000005 -3.619079 0.196495 -3.011952 -1.279118
 76 16.573921 -0.000000 0.000000 -0.000000 -0.000000 -1.611348
 77 15.128181 -0.000001 0.000000 0.214418 -0.027533 0.774389
 78 5.758665 4.244731 -0.000001 -0.000000 -0.000000 1.483530
 79 4.003934 0.000000 0.000000 0.000000 0.000000 0.000000
 80 15.708955 -0.000000 0.000001 0.153371 0.002792 0.528179
 81 0.273998 0.191089 3.439762 -3.130907 -0.000437 -1.508107
 82 17.210192 -0.000000 0.000000 0.000000 -0.000000 -2.138823
 83 0.000001 0.000001 5.000000 -0.079311 1.595025 -1.570737
time 14
  0 1.130557 9.712685 27.009436 -0.281436 0.436358 -2.443536
  1 11.368427 6.770639 -23.418964 -0.498313 0.132926 2.346876
  2 -2.276934 0.000002 -1.238186 -1.570795 -1.570451 0.000000
  3 1.796708 0.712569 -0.002074 0.702646 -0.212251 -0.348690
  4 4.118583 -0.002956 -0.001420 0.454012 -0.162806 -0.085881
  5 4.119452 -0.002856 -0.001373 0.447038 -0.253872 0.168611
  6 4.119470 -0.002843 -0.001380 0.445965 -0.220719 0.192058
  7 4.118474 -0.003475 -0.000657 0.188065 -0.120317 -0.059615
  8 4.443599 0.000002 0.000000 -0.181596 -0.068027 0.071054
  9 9.024060 -0.000000 0.000001 0.000000 0.000000 0.000000
 10 0.207975 0.325140 1.689865 -0.527184 -1.261559 -2.619738
 11 6.384777 0.000002 0.000001 -0.821238 0.668964 -0.544995
 12 10.242681 -0.000000 -0.000001 0.000000 -0.000000 -0.413150
 13 11.375562 -0.000001 -0.000003 -0.208506 0.211350 -0.199781
 14 0.728681 0.023431 -1.008291 1.705251 0.347372 0.567022
 15 2.136498 -0.000001 0.000000 -0.000000 0.000000 0.287979
 16 2.313140 0.000001 0.000001 0.000000 0.000000 0.000000
 17 3.115506 -0.886041 -0.021431 -0.000782 0.000152 0.191986
 18 2.011151 -0.000001 0.000001 0.000000 0.000000 0.659566
 19 2.141380 -0.000002 0.000002 0.000000 0.000000 0.000000
 20 1.734173 0.000000 0.000001 0.000000 0.000000 0.330185
 21 0.000007 -4.440593 -0.000002 1.570544 -0.062990 -0.195737
 22 6.000000 -0.000000 -0.000002 -0.505028 0.000000 0.000000
 23 0.000002 -4.440599 -0.000002 1.569944 -0.062987 0.004053
 24 11.375561 -0.000001 0.000001 -0.890066 0.073134 -0.157269
 25 -0.000001 -4.440603 -0.000000 1.570144 -0.062988 0.004040
 26 10.510130 -0.000001 -0.000002 0.000000 0.000000 -1.777371
 27 -0.000000 -1.748402 4.999997 0.000000 0.004007 1.602291
 28 5.500001 -0.000001 -0.000002 0.287929 -0.000000 0.000000
 29 -0.000002 -1.940599 4.999998 -0.044472 0.004003 -0.000180
 30 6.551492 0.000002 -0.000000 -0.557305 0.482793 -0.309005
 31 -0.000000 -1.940599 5.000001 -0.027189 -0.053376 0.005295
 32 6.551492 0.000002 -0.000000 -0.235785 0.248732 -0.106724
 33 -0.000000 -1.940599 4.999999 -0.066572 -0.152786 -0.110311
 34 -0.207969 -0.318061 -1.689864 -1.589644 1.421886 1.567922
 35 6.384777 -0.000001 0.000002 0.039540 0.288456 -0.750267
 36 10.242681 -0.000001 -0.000001 -0.000000 -0.000000 -0.816102
 37 11.375560 -0.000000 0.000000 1.129734 -0.867055 0.345453
 38 0.728679 0.023431 1.008292 -1.705251 -0.347372 0.567022
 39 2.136499 -0.000000 0.000000 0.000000 -0.000000 0.287979
 40 2.313139 0.000001 -0.000001 0.000000 0.000000 3.141593
 41 3.115506 -0.886040 0.021432 0.253529 0.012992 0.141302
 42 2.011150 0.000000 0.000001 0.000000 -0.000000 1.532231
 43 2.141379 0.000001 -0.000001 0.000000 0.000000 3.141593
 44 1.734172 -0.000001 0.000000 0.000000 -0.000000 0.765986
 45 0.136314 -3.738193 2.525890 1.493698 2.759406 -1.474501
 46 3.726727 -0.053312 2.419487 -0.262762 2.898943 1.398576
 47 11.389368 -0.000820 0.158782 1.414480 -0.441234 0.100515
 48 -0.000000 -4.440601 0.000000 1.570144 -3.078602 0.004040
 49 6.000000 -0.000000 -0.000001 1.414480 -0.000000 -0.000000
 50 0.000002 -4.440602 -0.000001 1.569944 -3.078603 0.004053
 51 10.510130 -0.000001 -0.000001 -0.000000 -0.000000 -1.978847
 52 0.000000 -1.748401 -5.000003 -3.141593 0.004007 -1.539299
 53 5.500000 -0.000001 -0.000001 -0.032454 -0.000000 0.000000
 54 0.000000 -0.000001 -5.000000 -0.044472 3.137589 -0.000177
 55 6.551491 -0.000000 0.000000 0.032454 0.094954 -0.251464
 56 -1.266842 -1.937445 -4.950559 -0.066572 -2.988806 -0.110308
 57 6.551491 -0.000000 0.000000 0.032454 0.094954 -0.251464
 58 0.699371 -1.944209 -5.006846 -0.027189 -3.088217 0.005298
 59 4.226145 -0.003200 0.000001 0.094781 -0.066069 -0.031242
 60 0.000001 5.000000 -0.000000 -0.153564 0.000087 2.718702
 61 0.000005 -0.000005 -3.713578 0.095503 -3.012510 -0.750673
 62 0.000001 0.000001 4.999999 3.053197 1.558589 -0.074927
 63 -0.000006 0.000005 3.713580 -0.334411 -2.825096 -0.524885
 64 -0.000000 -0.000000 -5.000000 -0.088728 1.558589 3.066333
 65 7.363604 1.646647 0.495663 -3.141593 -1.570796 0.000000
 66 -0.000005 0.000005 3.619082 -0.528285 -2.367383 -1.007256
 67 16.573921 -0.000001 0.000002 -0.000000 0.000000 -2.019199
 68 15.128181 0.000000 -0.000003 0.031619 0.086785 -0.033197
 69 5.758665 4.244731 0.000000 0.000000 -0.000000 2.033309
 70 3.177726 0.000000 -0.000000 0.000000 0.000000 3.141593
 71 15.708951 0.000002 -0.000004 0.016155 0.048356 -0.018185
 72 0.275148 0.189215 -3.445208 3.130898 0.000409 -1.514604
 73 17.210192 -0.000002 0.000002 0.000000 -0.000000 -2.322356
 74 0.000001 -0.000000 -5.000000 -0.079433 1.546568 -1.570859
 75 0.000007 -0.000005 -3.619079 0.196495 -3.011952 -1.279118
 76 16.573921 -0.000000 0.000000 -0.000000 -0.000000 -1.611348
 77 15.128181 -0.000001 0.000000 0.214418 -0.027533 0.774389
 78 5.758665 4.244731 -0.000001 -0.000000 -0.000000 1.483530
 79 4.003934 0.000000 0.000000 0.000000 0.000000 0.000000
 80 15.708955 -0.000000 0.000001 0.153371 0.002792 0.528179
 81 0.273998 0.191089 3.439762 -3.130907 -0.000437 -1.508107
 82 17.210192 -0.000000 0.000000 0.000000 -0.000000 -2.138823
 83 0.000001 0.000001 5.000000 -0.079311 1.595025 -1.570737
time 15
  0 1.130557 9.712685 27.009436 -0.281436 0.436358 -2.443536
  1 11.368427 6.770639 -23.418964 -0.498313 0.132926 2.346876
  2 -2.276934 0.000002 -1.238186 -1.570795 -1.570451 0.000000
  3 1.796904 0.712635 -0.002180 0.749848 -0.224656 -0.303029
  4 4.118627 -0.002950 -0.001432 0.459950 -0.181171 -0.080013
  5 4.119503 -0.002838 -0.001376 0.452414 -0.284552 0.171117
  6 4.119524 -0.002827 -0.001386 0.450221 -0.241430 0.199747
  7 4.118525 -0.003480 -0.000637 0.182565 -0.127447 -0.046005
  8 4.443599 0.000000 -0.000000 -0.268977 -0.061251 0.028923
  9 9.024062 0.000000 0.000001 0.000000 0.000000 0.000000
 10 0.220235 0.315563 1.690106 -0.507003 -1.269658 -2.651852
 11 6.384777 0.000001 -0.000000 -0.840395 0.566232 -0.756667
 12 10.242681 -0.000001 -0.000001 0.000000 -0.000000 -0.167445
 13 11.375562 -0.000001 -0.000003 -0.281169 0.217320 -0.229261
 14 0.728681 0.023431 -1.008293 1.705251 0.347372 0.567022
 15 2.136495 -0.000000 -0.000000 -0.000000 -0.000000 0.287979
 16 2.313140 -0.000001 0.000000 0.000000 0.000000 0.000000
 17 3.115507 -0.886042 -0.021432 -0.000782 0.000152 0.191986
 18 2.011151 -0.000000 -0.000003 0.000000 0.000000 0.659566
 19 2.141380 0.000000 0.000001 0.000000 0.000000 0.000000
 20 1.734172 -0.000000 -0.000002 -0.000000 -0.000000 0.330185
 21 0.000006 -4.440594 0.000000 1.570544 -0.062990 -0.195737
 22 6.000000 -0.000000 -0.000002 -0.565985 -0.000000 0.000000
 23 0.000000 -4.440599 0.000001 1.569944 -0.062987 0.004053
 24 11.375562 -0.000001 -0.000000 -0.925526 0.072933 -0.171138
 25 -0.000001 -4.440602 -0.000001 1.570144 -0.062988 0.004040
 26 10.510129 -0.000001 -0.000002 -0.000000 0.000000 -1.654519
 27 0.000000 -1.748401 4.999997 -0.000000 0.004007 1.602291
 28 5.499998 -0.000000 -0.000000 0.268283 -0.000000 -0.000000
 29 -0.000002 -1.940598 5.000000 -0.044472 0.004003 -0.000180
 30 6.551491 0.000001 -0.000001 -0.520041 0.380595 -0.461496
 31 0.000001 -1.940598 5.000000 -0.027189 -0.053376 0.005295
 32 6.551491 0.000001 -0.000001 -0.218947 0.209598 -0.189072
 33 0.000000 -1.940600 4.999998 -0.066572 -0.152786 -0.110311
 34 -0.220231 -0.308485 -1.690106 -1.622088 1.411520 1.518892
 35 6.384777 -0.000001 -0.000002 0.003489 0.203663 -0.656052
 36 10.242682 -0.000002 -0.000000 0.000000 -0.000000 -1.108864
 37 11.375561 0.000001 -0.000002 0.988267 -0.970280 0.534533
 38 0.728680 0.023432 1.008292 -1.705251 -0.347372 0.567022
 39 2.136497 0.000000 -0.000000 -0.000000 0.000000 0.287979
 40 2.313140 0.000000 -0.000000 0.000000 0.000000 3.141593
 41 3.115507 -0.886041 0.021431 0.253529 0.012992 0.141301
 42 2.011151 0.000001 0.000000 0.000000 -0.000000 1.532231
 43 2.141379 0.000002 -0.000000 0.000000 0.000000 3.141593
 44 1.734173 -0.000001 -0.000000 0.000000 -0.000000 0.765986
 45 0.136313 -3.738192 2.525890 1.493698 2.759406 -1.474501
 46 3.726728 -0.053311 2.419487 -0.262762 2.898943 1.398576
 47 11.389366 -0.000818 0.158782 1.395912 -0.499751 0.147500
 48 -0.000000 -4.440599 0.000001 1.570144 -3.078602 0.004040
 49 5.999999 0.000000 -0.000001 1.395912 0.000000 -0.000000
 50 0.000002 -4.440599 -0.000000 1.569944 -3.078603 0.004053
 51 10.510131 -0.000002 0.000000 -0.000000 0.000000 -2.125228
 52 0.000000 -1.748400 -5.000001 3.141593 0.004007 -1.539299
 53 5.500000 -0.000000 -0.000002 -0.012269 0.000000 -0.000000
 54 -0.000000 0.000000 -5.000002 -0.044472 3.137589 -0.000177
 55 6.551490 0.000000 -0.000001 0.012269 0.071803 -0.241335
 56 -1.266842 -1.937445 -4.950559 -0.066572 -2.988806 -0.110308
 57 6.551491 0.000000 -0.000002 0.012269 0.071803 -0.241335
 58 0.699370 -1.944208 -5.006847 -0.027189 -3.088217 0.005298
 59 4.226146 -0.003200 -0.000000 0.092112 -0.069557 -0.023216
 60 0.000000 5.000001 0.000001 -0.153564 0.000087 2.718702
 61 0.000005 -0.000005 -3.713578 0.095503 -3.012510 -0.750673
 62 0.000001 0.000001 4.999999 3.053197 1.558589 -0.074927
 63 -0.000006 0.000005 3.713580 -0.334411 -2.825096 -0.524885
 64 -0.000000 -0.000000 -5.000000 -0.088728 1.558589 3.066333
 65 7.363604 1.646647 0.495663 -3.141593 -1.570796 0.000000
 66 -0.000005 0.000005 3.619082 -0.528285 -2.367383 -1.007256
 67 16.573921 -0.000001 0.000002 -0.000000 0.000000 -2.019199
 68 15.128181 0.000000 -0.000003 0.031619 0.086785 -0.033197
 69 5.758665 4.244731 0.000000 0.000000 -0.000000 2.033309
 70 3.177726 0.000000 -0.000000 0.000000 0.000000 3.141593
 71 15.708951 0.000002 -0.000004 0.016155 0.048356 -0.018185
 72 0.275148 0.189215 -3.445208 3.130898 0.000409 -1.514604
 73 17.210192 -0.000002 0.000002 0.000000 -0.000000 -2.322356
 74 0.000001 -0.000000 -5.000000 -0.079433 1.546568 -1.570859
 75 0.000007 -0.000005 -3.619079 0.196495 -3.011952 -1.279118
 76 16.573921 -0.000000 0.000000 -0.000000 -0.000000 -1.611348
 77 15.128181 -0.000001 0.000000 0.214418 -0.027533 0.774389
 78 5.758665 4.244731 -0.000001 -0.000000 -0.000000 1.483530
 79 4.003934 0.000000 0.000000 0.000000 0.000000 0.000000
 80 15.708955 -0.000000 0.000001 0.153371 0.002792 0.528179
 81 0.273998 0.191089 3.439762 -3.130907 -0.000437 -1.508107
 82 17.210192 -0.000000 0.000000 0.000000 -0.000000 -2.138823
 83 0.000001 0.000001 5.000000 -0.079311 1.595025 -1.570737
time 16
  0 1.130557 9.712685 27.009436 -0.281436 0.436358 -2.443536
  1 11.368427 6.770639 -23.418964 -0.498313 0.132926 2.346876
  2 -2.276934 0.000002 -1.238186 -1.570795 -1.570451 0.000000
  3 1.797056 0.712729 -0.002292 0.800910 -0.234405 -0.272460
  4 4.118666 -0.002961 -0.001413 0.454420 -0.193335 -0.072282
  5 4.119528 -0.002840 -0.001353 0.446730 -0.303992 0.172888
  6 4.119552 -0.002831 -0.001363 0.443756 -0.253213 0.204995
  7 4.118608 -0.003480 -0.000638 0.182709 -0.131713 -0.022730
  8 4.443598 0.000001 0.000000 -0.323388 -0.049707 -0.005738
  9 9.024063 -0.000002 -0.000000 0.000000 0.000000 0.000000
 10 0.227564 0.315631 1.689123 -0.456417 -1.276771 -2.721900
 11 6.384776 -0.000001 0.000001 -0.778487 0.566064 -0.821376
 12 10.242682 -0.000001 -0.000002 0.000000 -0.000000 -0.199301
 13 11.375560 -0.000001 -0.000003 -0.389994 0.222297 -0.273941
 14 0.728680 0.023431 -1.008291 1.705251 0.347372 0.567022
 15 2.136498 -0.000001 -0.000000 0.000000 0.000000 0.287979
 16 2.313138 0.000003 0.000000 0.000000 0.000000 0.000000
 17 3.115506 -0.886040 -0.021431 -0.000782 0.000152 0.191986
 18 2.011149 0.000000 -0.000001 0.000000 -0.000000 0.659566
 19 2.141380 -0.000001 -0.000000 0.000000 0.000000 0.000000
 20 1.734173 0.000001 -0.000001 -0.000000 0.000000 0.330185
 21 0.000007 -4.440595 -0.000000 1.570544 -0.062990 -0.195737
 22 6.000000 -0.000001 -0.000003 -0.655377 0.000000 -0.000000
 23 0.000001 -4.440602 0.000002 1.569944 -0.062987 0.004053
 24 11.375563 -0.000001 -0.000000 -0.978446 0.071632 -0.191054
 25 -0.000002 -4.440603 -0.000000 1.570144 -0.062988 0.004040
 26 10.510129 -0.000001 -0.000001 0.000000 0.000000 -1.670447
 27 0.000000 -1.748401 4.999999 -0.000000 0.004007 1.602290
 28 5.500001 -0.000001 -0.000002 0.227182 0.000000 -0.000000
 29 -0.000004 -1.940598 4.999999 -0.044472 0.004003 -0.000180
 30 6.551490 0.000000 -0.000000 -0.447017 0.370436 -0.504003
 31 -0.000000 -1.940598 5.000003 -0.027189 -0.053376 0.005295
 32 6.551490 0.000000 -0.000000 -0.184708 0.203623 -0.214252
 33 0.000000 -1.940599 4.999995 -0.066572 -0.152786 -0.110311
 34 -0.227560 -0.308555 -1.689122 -1.663398 1.413903 1.453587
 35 6.384776 -0.000000 0.000000 -0.029964 0.132548 -0.699478
 36 10.242682 -0.000001 0.000001 0.000000 -0.000000 -1.173025
 37 11.375563 0.000001 0.000002 0.879193 -1.024799 0.665164
 38 0.728681 0.023431 1.008292 -1.705251 -0.347372 0.567022
 39 2.136497 -0.000001 0.000001 0.000000 0.000000 0.287979
 40 2.313140 0.000001 -0.000001 0.000000 0.000000 3.141593
 41 3.115505 -0.886041 0.021431 0.253529 0.012992 0.141301
 42 2.011152 -0.000000 0.000001 -0.000000 -0.000000 1.532231
 43 2.141380 0.000001 0.000000 0.000000 0.000000 3.141593
 44 1.734171 -0.000002 -0.000000 -0.000000 0.000000 0.765986
 45 0.136314 -3.738193 2.525890 1.493698 2.759406 -1.474501
 46 3.726727 -0.053312 2.419487 -0.262762 2.898943 1.398576
 47 11.389366 -0.000819 0.158784 1.383173 -0.536389 0.173688
 48 0.000000 -4.440598 0.000000 1.570144 -3.078602 0.004040
 49 6.000000 0.000000 0.000001 1.383173 -0.000000 -0.000000
 50 0.000002 -4.440599 -0.000001 1.569944 -3.078603 0.004053
 51 10.510131 -0.000001 0.000003 0.000000 0.000000 -2.157309
 52 0.000000 -1.748401 -5.000001 3.141593 0.004007 -1.539299
 53 5.500000 -0.000001 0.000004 0.001961 -0.000000 0.000000
 54 0.000001 -0.000000 -4.999997 -0.044472 3.137590 -0.000177
 55 6.551490 -0.000001 0.000001 -0.001961 0.049050 -0.248686
 56 -1.266845 -1.937442 -4.950560 -0.066572 -2.988806 -0.110308
 57 6.551491 -0.000001 0.000001 -0.001961 0.049050 -0.248686
 58 0.699370 -1.944208 -5.006845 -0.027189 -3.088217 0.005298
 59 4.226145 -0.003201 -0.000000 0.092452 -0.071358 -0.009530
 60 0.000001 5.000000 0.000001 -0.153564 0.000087 2.718702
 61 0.000005 -0.000005 -3.713578 0.095503 -3.012510 -0.750673
 62 0.000001 0.000001 4.999999 3.053197 1.558589 -0.074927
 63 -0.000006 0.000005 3.713580 -0.334411 -2.825096 -0.524885
 64 -0.000000 -0.000000 -5.000000 -0.088728 1.558589 3.066333
 65 7.363604 1.646647 0.495663 -3.141593 -1.570796 0.000000
 66 -0.000005 0.000005 3.619082 -0.528285 -2.367383 -1.007256
 67 16.573921 -0.000001 0.000002 -0.000000 0.000000 -2.019199
 68 15.128181 0.000000 -0.000003 0.031619 0.086785 -0.033197
 69 5.758665 4.244731 0.000000 0.000000 -0.000000 2.033309
 70 3.177726 0.000000 -0.000000 0.000000 0.000000 3.141593
 71 15.708951 0.000002 -0.000004 0.016155 0.048356 -0.018185
 72 0.275148 0.189215 -3.445208 3.130898 0.000409 -1.514604
 73 17.210192 -0.000002 0.000002 0.000000 -0.000000 -2.322356
 74 0.000001 -0.000000 -5.000000 -0.079433 1.546568 -1.570859
 75 0.000007 -0.000005 -3.619079 0.196495 -3.011952 -1.279118
 76 16.573921 -0.000000 0.000000 -0.000000 -0.000000 -1.611348
 77 15.128181 -0.000001 0.000000 0.214418 -0.027533 0.774389
 78 5.758665 4.244731 -0.000001 -0.000000 -0.000000 1.483530
 79 4.003934 0.000000 0.000000 0.000000 0.000000 0.000000
 80 15.708955 -0.000000 0.000001 0.153371 0.002792 0.528179
 81 0.273998 0.191089 3.439762 -3.130907 -0.000437 -1.508107
 82 17.210192 -0.000000 0.000000 0.000000 -0.000000 -2.138823
 83 0.000001 0.000001 5.000000 -0.079311 1.595025 -1.570737
time 17
  0 1.130557 9.712685 27.009436 -0.281436 0.436358 -2.443536
  1 11.368427 6.770639 -23.418964 -0.498313 0.132926 2.346876
  2 -2.276934 0.000002 -1.238186 -1.570795 -1.570451 0.000000
  3 1.797136 0.712845 -0.002408 0.855332 -0.237088 -0.267893
  4 4.118683 -0.002988 -0.001353 0.433626 -0.196399 -0.063554
  5 4.119515 -0.002872 -0.001294 0.426504 -0.306276 0.171964
  6 4.119540 -0.002861 -0.001306 0.423413 -0.251858 0.204660
  7 4.118703 -0.003479 -0.000638 0.182752 -0.136557 0.003704
  8 4.443597 0.000001 0.000000 -0.316577 -0.045317 -0.032420
  9 9.024061 -0.000001 0.000000 0.000000 0.000000 0.000000
 10 0.235881 0.315500 1.688006 -0.380164 -1.285593 -2.818949
 11 6.384777 -0.000002 0.000002 -0.612484 0.638717 -0.727896
 12 10.242681 -0.000001 -0.000001 0.000000 -0.000000 -0.500784
 13 11.375563 -0.000001 -0.000004 -0.593953 0.218784 -0.357980
 14 0.728681 0.023432 -1.008293 1.705251 0.347372 0.567022
 15 2.136495 -0.000001 0.000000 -0.000000 0.000000 0.287979
 16 2.313140 0.000003 0.000001 0.000000 0.000000 0.000000
 17 3.115505 -0.886041 -0.021432 -0.000782 0.000152 0.191986
 18 2.011151 0.000001 0.000001 0.000000 -0.000000 0.659566
 19 2.141380 -0.000001 0.000002 0.000000 0.000000 0.000000
 20 1.734173 0.000002 0.000001 0.000000 -0.000000 0.330185
 21 0.000006 -4.440593 -0.000000 1.570544 -0.062990 -0.195737
 22 6.000000 -0.000000 0.000000 -0.817996 -0.000000 0.000000
 23 0.000001 -4.440600 -0.000000 1.569944 -0.062987 0.004053
 24 11.375563 -0.000001 0.000001 -1.077429 0.066082 -0.225771
 25 -0.000000 -4.440604 0.000001 1.570144 -0.062988 0.004040
 26 10.510130 -0.000001 -0.000002 -0.000000 0.000000 -1.821188
 27 0.000000 -1.748400 5.000000 -0.000000 0.004007 1.602291
 28 5.500000 -0.000001 -0.000003 0.162159 0.000000 -0.000000
 29 -0.000003 -1.940599 5.000000 -0.044472 0.004003 -0.000180
 30 6.551491 -0.000002 0.000002 -0.331319 0.406340 -0.472345
 31 0.000002 -1.940599 5.000002 -0.027189 -0.053376 0.005295
 32 6.551491 -0.000002 0.000002 -0.130899 0.214072 -0.204817
 33 0.000001 -1.940600 4.999994 -0.066572 -0.152786 -0.110311
 34 -0.235879 -0.308424 -1.688005 -1.678557 1.421435 1.412319
 35 6.384778 -0.000000 0.000001 -0.064618 0.099262 -0.822794
 36 10.242681 -0.000002 -0.000000 0.000000 0.000000 -1.111428
 37 11.375560 0.000001 -0.000001 0.852600 -1.040383 0.690987
 38 0.728681 0.023431 1.008291 -1.705251 -0.347372 0.567022
 39 2.136496 0.000001 -0.000000 -0.000000 0.000000 0.287979
 40 2.313138 -0.000001 0.000000 0.000000 0.000000 3.141593
 41 3.115505 -0.886042 0.021430 0.253529 0.012992 0.141302
 42 2.011150 -0.000001 -0.000000 0.000000 0.000000 1.532231
 43 2.141380 0.000000 0.000001 0.000000 0.000000 3.141593
 44 1.734172 -0.000002 -0.000000 0.000000 0.000000 0.765986
 45 0.136314 -3.738192 2.525890 1.493698 2.759406 -1.474501
 46 3.726727 -0.053312 2.419486 -0.262762 2.898943 1.398576
 47 11.389367 -0.000819 0.158781 1.380350 -0.546385 0.175935
 48 0.000000 -4.440599 -0.000000 1.570144 -3.078602 0.004040
 49 6.000000 0.000000 -0.000001 1.380350 -0.000000 -0.000000
 50 0.000002 -4.440599 -0.000000 1.569944 -3.078603 0.004053
 51 10.510131 -0.000002 -0.000000 -0.000000 0.000000 -2.126510
 52 0.000000 -1.748400 -5.000001 -3.141593 0.004007 -1.539299
 53 5.499999 -0.000001 0.000001 0.013646 0.000000 0.000000
 54 -0.000000 0.000000 -5.000000 -0.044472 3.137589 -0.000177
 55 6.551491 0.000002 -0.000000 -0.013646 0.040642 -0.264989
 56 -1.266845 -1.937442 -4.950561 -0.066572 -2.988806 -0.110308
 57 6.551493 -0.000001 0.000002 -0.013646 0.040642 -0.264989
 58 0.699372 -1.944209 -5.006846 -0.027189 -3.088217 0.005298
 59 4.226146 -0.003202 -0.000000 0.092786 -0.073376 0.006015
 60 0.000001 5.000000 0.000001 -0.153564 0.000087 2.718702
 61 0.000005 -0.000005 -3.713578 0.095503 -3.012510 -0.750673
 62 0.000001 0.000001 4.999999 3.053197 1.558589 -0.074927
 63 -0.000006 0.000005 3.713580 -0.334411 -2.825096 -0.524885
 64 -0.000000 -0.000000 -5.000000 -0.088728 1.558589 3.066333
 65 7.363604 1.646647 0.495663 -3.141593 -1.570796 0.000000
 66 -0.000005 0.000005 3.619082 -0.528285 -2.367383 -1.007256
 67 16.573921 -0.000001 0.000002 -0.000000 0.000000 -2.019199
 68 15.128181 0.000000 -0.000003 0.031619 0.086785 -0.033197
 69 5.758665 4.244731 0.000000 0.000000 -0.000000 2.033309
 70 3.177726 0.000000 -0.000000 0.000000 0.000000 3.141593
 71 15.708951 0.000002 -0.000004 0.016155 0.048356 -0.018185
 72 0.275148 0.189215 -3.445208 3.130898 0.000409 -1.514604
 73 17.210192 -0.000002 0.000002 0.000000 -0.000000 -2.322356
 74 0.000001 -0.000000 -5.000000 -0.079433 1.546568 -1.570859
 75 0.000007 -0.000005 -3.619079 0.196495 -3.011952 -1.279118
 76 16.573921 -0.000000 0.000000 -0.000000 -0.000000 -1.611348
 77 15.128181 -0.000001 0.000000 0.214418 -0.027533 0.774389
 78 5.758665 4.244731 -0.000001 -0.000000 -0.000000 1.483530
 79 4.003934 0.000000 0.000000 0.000000 0.000000 0.000000
 80 15.708955 -0.000000 0.000001 0.153371 0.002792 0.528179
 81 0.273998 0.191089 3.439762 -3.130907 -0.000437 -1.508107
 82 17.210192 -0.000000 0.000000 0.000000 -0.000000 -2.138823
 83 0.000001 0.000001 5.000000 -0.079311 1.595025 -1.570737
time 18
  0 1.130557 9.712685 27.009436 -0.281436 0.436358 -2.443536
  1 11.368427 6.770639 -23.418964 -0.498313 0.132926 2.346876
  2 -2.276934 0.000002 -1.238186 -1.570795 -1.570451 0.000000
  3 1.797155 0.712982 -0.002526 0.912558 -0.231994 -0.283567
  4 4.118685 -0.003029 -0.001260 0.401762 -0.191850 -0.054541
  5 4.119470 -0.002922 -0.001210 0.395736 -0.294854 0.168522
  6 4.119498 -0.002912 -0.001221 0.393036 -0.240227 0.199507
  7 4.118805 -0.003473 -0.000636 0.182649 -0.141894 0.032854
  8 4.443598 0.000000 0.000001 -0.263283 -0.046378 -0.051099
  9 9.024058 0.000003 0.000001 0.000000 0.000000 0.000000
 10 0.245040 0.315094 1.686775 -0.290918 -1.293380 -2.931095
 11 6.384776 0.000001 0.000002 -0.450020 0.629223 -0.640182
 12 10.242682 -0.000001 -0.000003 -0.000000 -0.000000 -0.721681
 13 11.375562 -0.000001 0.000002 -0.839480 0.192425 -0.456137
 14 0.728680 0.023432 -1.008292 1.705251 0.347372 0.567022
 15 2.136497 0.000000 0.000001 0.000000 -0.000000 0.287979
 16 2.313140 0.000002 -0.000000 0.000000 0.000000 0.000000
 17 3.115507 -0.886040 -0.021430 -0.000782 0.000152 0.191986
 18 2.011150 -0.000001 -0.000000 0.000000 -0.000000 0.659566
 19 2.141379 0.000000 0.000001 0.000000 0.000000 0.000000
 20 1.734173 0.000001 -0.000001 -0.000000 0.000000 0.330185
 21 0.000005 -4.440592 0.000002 1.570544 -0.062990 -0.195737
 22 6.000001 0.000000 0.000002 -1.008197 0.000000 -0.000000
 23 0.000003 -4.440601 0.000000 1.569944 -0.062987 0.004053
 24 11.375563 -0.000001 0.000004 -1.197373 0.054264 -0.263314
 25 0.000000 -4.440603 0.000001 1.570144 -0.062988 0.004040
 26 10.510128 -0.000000 -0.000001 0.000000 -0.000000 -1.931637
 27 0.000000 -1.748400 5.000001 -0.000000 0.004007 1.602291
 28 5.499999 -0.000000 -0.000002 0.110761 -0.000000 0.000000
 29 -0.000001 -1.940599 5.000002 -0.044472 0.004003 -0.000180
 30 6.551491 -0.000000 -0.000000 -0.236755 0.405380 -0.452389
 31 0.000002 -1.940600 5.000003 -0.027189 -0.053376 0.005295
 32 6.551491 -0.000000 -0.000000 -0.088429 0.208998 -0.201922
 33 0.000001 -1.940600 4.999997 -0.066572 -0.152786 -0.110311
 34 -0.245036 -0.308018 -1.686774 -1.689298 1.430429 1.373003
 35 6.384776 0.000001 -0.000000 -0.103390 0.069387 -0.966724
 36 10.242682 -0.000002 -0.000001 0.000000 0.000000 -1.051079
 37 11.375562 0.000001 0.000003 0.892921 -1.026306 0.641612
 38 0.728680 0.023431 1.008291 -1.705251 -0.347372 0.567022
 39 2.136496 0.000001 -0.000000 -0.000000 0.000000 0.287979
 40 2.313138 -0.000000 0.000000 0.000000 0.000000 3.141593
 41 3.115505 -0.886041 0.021430 0.253529 0.012992 0.141301
 42 2.011150 -0.000001 -0.000001 0.000000 -0.000000 1.532231
 43 2.141380 -0.000000 0.000001 0.000000 0.000000 3.141593
 44 1.734173 -0.000001 -0.000001 -0.000000 0.000000 0.765986
 45 0.136314 -3.738191 2.525889 1.493698 2.759406 -1.474501
 46 3.726726 -0.053311 2.419487 -0.262762 2.898943 1.398576
 47 11.389366 -0.000819 0.158782 1.384935 -0.535073 0.165509
 48 0.000001 -4.440598 -0.000000 1.570144 -3.078602 0.004040
 49 6.000000 0.000001 0.000000 1.384935 0.000000 -0.000000
 50 0.000002 -4.440601 0.000000 1.569944 -3.078603 0.004053
 51 10.510131 -0.000002 0.000000 -0.000000 -0.000000 -2.096336
 52 0.000000 -1.748399 -4.999999 3.141593 0.004007 -1.539299
 53 5.500000 -0.000001 0.000001 0.027958 -0.000000 -0.000000
 54 -0.000002 0.000000 -4.999999 -0.044472 3.137589 -0.000177
 55 6.551490 0.000002 -0.000000 -0.027958 0.037086 -0.284137
 56 -1.266844 -1.937443 -4.950560 -0.066572 -2.988806 -0.110308
 57 6.551490 0.000002 -0.000000 -0.027958 0.037086 -0.284137
 58 0.699370 -1.944207 -5.006847 -0.027189 -3.088217 0.005298
 59 4.226144 -0.003200 0.000000 0.093092 -0.075563 0.023120
 60 0.000001 5.000000 0.000000 -0.153564 0.000087 2.718702
 61 0.000005 -0.000005 -3.713578 0.095503 -3.012510 -0.750673
 62 0.000001 0.000001 4.999999 3.053197 1.558589 -0.074927
 63 -0.000006 0.000005 3.713580 -0.334411 -2.825096 -0.524885
 64 -0.000000 -0.000000 -5.000000 -0.088728 1.558589 3.066333
 65 7.363604 1.646647 0.495663 -3.141593 -1.570796 0.000000
 66 -0.000005 0.000005 3.619082 -0.528285 -2.367383 -1.007256
 67 16.573921 -0.000001 0.000002 -0.000000 0.000000 -2.019199
 68 15.128181 0.000000 -0.000003 0.031619 0.086785 -0.033197
 69 5.758665 4.244731 0.000000 0.000000 -0.000000 2.033309
 70 3.177726 0.000000 -0.000000 0.000000 0.000000 3.141593
 71 15.708951 0.000002 -0.000004 0.016155 0.048356 -0.018185
 72 0.275148 0.189215 -3.445208 3.130898 0.000409 -1.514604
 73 17.210192 -0.000002 0.000002 0.000000 -0.000000 -2.322356
 74 0.000001 -0.000000 -5.000000 -0.079433 1.546568 -1.570859
 75 0.000007 -0.000005 -3.619079 0.196495 -3.011952 -1.279118
 76 16.573921 -0.000000 0.000000 -0.000000 -0.000000 -1.611348
 77 15.128181 -0.000001 0.000000 0.214418 -0.027533 0.774389
 78 5.758665 4.244731 -0.000001 -0.000000 -0.000000 1.483530
 79 4.003934 0.000000 0.000000 0.000000 0.000000 0.000000
 80 15.708955 -0.000000 0.000001 0.153371 0.002792 0.528179
 81 0.273998 0.191089 3.439762 -3.130907 -0.000437 -1.508107
 82 17.210192 -0.000000 0.000000 0.000000 -0.000000 -2.138823
 83 0.000001 0.000001 5.000000 -0.079311 1.595025 -1.570737
time 19
  0 1.130557 9.712685 27.009436 -0.281436 0.436358 -2.443536
  1 11.368427 6.770639 -23.418964 -0.498313 0.132926 2.346876
  2 -2.276934 0.000002 -1.238186 -1.570795 -1.570451 0.000000
  3 1.797156 0.713132 -0.002644 0.972095 -0.221875 -0.305684
  4 4.118678 -0.003068 -0.001154 0.365890 -0.183419 -0.045417
  5 4.119420 -0.002977 -0.001115 0.361076 -0.277608 0.164133
  6 4.119442 -0.002964 -0.001123 0.358903 -0.224335 0.192547
  7 4.118919 -0.003465 -0.000634 0.182362 -0.147637 0.064279
  8 4.443598 -0.000001 0.000001 -0.194317 -0.049119 -0.063432
  9 9.024063 -0.000001 0.000000 0.000000 0.000000 0.000000
 10 0.254889 0.314346 1.685453 -0.188852 -1.299321 -3.057750
 11 6.384776 -0.000002 0.000001 -0.317393 0.540610 -0.611604
 12 10.242681 -0.000000 -0.000000 -0.000000 -0.000000 -0.850934
 13 11.375562 -0.000001 -0.000000 -1.099467 0.138739 -0.551057
 14 0.728679 0.023431 -1.008291 1.705251 0.347372 0.567022
 15 2.136497 0.000000 -0.000001 0.000000 0.000000 0.287979
 16 2.313141 0.000002 0.000000 0.000000 0.000000 0.000000
 17 3.115505 -0.886041 -0.021431 -0.000782 0.000152 0.191986
 18 2.011150 -0.000001 0.000001 -0.000000 0.000000 0.659566
 19 2.141379 0.000000 0.000001 0.000000 0.000000 0.000000
 20 1.734172 0.000001 -0.000001 0.000000 -0.000000 0.330185
 21 0.000006 -4.440593 0.000000 1.570544 -0.062990 -0.195737
 22 6.000001 0.000000 0.000001 -1.207000 -0.000000 0.000000
 23 0.000002 -4.440601 0.000000 1.569944 -0.062987 0.004053
 24 11.375564 0.000000 0.000003 -1.326963 0.036001 -0.298089
 25 -0.000001 -4.440602 0.000001 1.570144 -0.062988 0.004040
 26 10.510128 -0.000001 -0.000001 -0.000000 0.000000 -1.996264
 27 0.000000 -1.748402 4.999999 -0.000000 0.004007 1.602291
 28 5.500000 -0.000001 -0.000002 0.074986 -0.000000 -0.000000
 29 -0.000003 -1.940597 5.000000 -0.044472 0.004003 -0.000180
 30 6.551492 0.000001 0.000003 -0.168056 0.362791 -0.459593
 31 0.000001 -1.940599 5.000001 -0.027189 -0.053376 0.005295
 32 6.551492 0.000001 0.000003 -0.059008 0.185735 -0.211900
 33 0.000001 -1.940600 4.999995 -0.066572 -0.152786 -0.110311
 34 -0.254884 -0.307274 -1.685453 -1.701868 1.443289 1.330161
 35 6.384776 0.000001 -0.000001 -0.128815 0.035206 -1.101548
 36 10.242682 -0.000002 0.000001 0.000000 -0.000000 -0.992875
 37 11.375560 -0.000000 0.000002 0.966418 -0.994626 0.546103
 38 0.728680 0.023431 1.008291 -1.705251 -0.347372 0.567022
 39 2.136498 0.000000 0.000000 -0.000000 0.000000 0.287979
 40 2.313139 -0.000000 -0.000000 0.000000 0.000000 3.141593
 41 3.115506 -0.886041 0.021431 0.253529 0.012992 0.141302
 42 2.011152 -0.000001 -0.000001 0.000000 -0.000000 1.532231
 43 2.141380 0.000000 0.000001 0.000000 0.000000 3.141593
 44 1.734172 -0.000001 0.000000 -0.000000 0.000000 0.765986
 45 0.136314 -3.738193 2.525890 1.493698 2.759406 -1.474501
 46 3.726726 -0.053312 2.419487 -0.262762 2.898943 1.398576
 47 11.389365 -0.000819 0.158783 1.392740 -0.512379 0.143769
 48 0.000001 -4.440598 -0.000001 1.570144 -3.078602 0.004040
 49 6.000000 0.000001 0.000001 1.392740 0.000000 -0.000000
 50 0.000001 -4.440601 0.000000 1.569944 -3.078603 0.004053
 51 10.510132 -0.000002 0.000000 -0.000000 -0.000000 -2.067234
 52 0.000000 -1.748401 -5.000002 -3.141593 0.004007 -1.539299
 53 5.500000 -0.000001 0.000001 0.040974 -0.000000 0.000000
 54 0.000002 -0.000000 -4.999998 -0.044472 3.137589 -0.000177
 55 6.551491 -0.000001 0.000001 -0.040974 0.033270 -0.304473
 56 -1.266844 -1.937443 -4.950562 -0.066572 -2.988806 -0.110308
 57 6.551491 -0.000001 0.000001 -0.040974 0.033270 -0.304473
 58 0.699369 -1.944206 -5.006847 -0.027189 -3.088217 0.005298
 59 4.226144 -0.003199 0.000001 0.093353 -0.077870 0.041464
 60 0.000000 5.000000 0.000001 -0.153564 0.000087 2.718702
 61 0.000005 -0.000005 -3.713578 0.095503 -3.012510 -0.750673
 62 0.000001 0.000001 4.999999 3.053197 1.558589 -0.074927
 63 -0.000006 0.000005 3.713580 -0.334411 -2.825096 -0.524885
 64 -0.000000 -0.000000 -5.000000 -0.088728 1.558589 3.066333
 65 7.363604 1.646647 0.495663 -3.141593 -1.570796 0.000000
 66 -0.000005 0.000005 3.619082 -0.528285 -2.367383 -1.007256
 67 16.573921 -0.000001 0.000002 -0.000000 0.000000 -2.019199
 68 15.128181 0.000000 -0.000003 0.031619 0.086785 -0.033197
 69 5.758665 4.244731 0.000000 0.000000 -0.000000 2.033309
 70 3.177726 0.000000 -0.000000 0.000000 0.000000 3.141593
 71 15.708951 0.000002 -0.000004 0.016155 0.048356 -0.018185
 72 0.275148 0.189215 -3.445208 3.130898 0.000409 -1.514604
 73 17.210192 -0.000002 0.000002 0.000000 -0.000000 -2.322356
 74 0.000001 -0.000000 -5.000000 -0.079433 1.546568 -1.570859
 75 0.000007 -0.000005 -3.619079 0.196495 -3.011952 -1.279118
 76 16.573921 -0.000000 0.000000 -0.000000 -0.000000 -1.611348
 77 15.128181 -0.000001 0.000000 0.214418 -0.027533 0.774389
 78 5.758665 4.244731 -0.000001 -0.000000 -0.000000 1.483530
 79 4.003934 0.000000 0.000000 0.000000 0.000000 0.000000
 80 15.708955 -0.000000 0.000001 0.153371 0.002792 0.528179
 81 0.273998 0.191089 3.439762 -3.130907 -0.000437 -1.508107
 82 17.210192 -0.000000 0.000000 0.000000 -0.000000 -2.138823
 83 0.000001 0.000001 5.000000 -0.079311 1.595025 -1.570737
time 20
  0 1.130557 9.712685 27.009436 -0.281436 0.436358 -2.443536
  1 11.368427 6.770639 -23.418964 -0.498313 0.132926 2.346876
  2 -2.276934 0.000002 -1.238186 -1.570795 -1.570451 0.000000
  3 1.797142 0.713299 -0.002759 1.033360 -0.206548 -0.332620
  4 4.118670 -0.003111 -0.001037 0.326629 -0.171534 -0.036560
  5 4.119352 -0.003029 -0.001009 0.323131 -0.255384 0.158358
  6 4.119377 -0.003020 -0.001015 0.321509 -0.204905 0.183602
  7 4.119037 -0.003452 -0.000633 0.181860 -0.153696 0.097535
  8 4.443598 -0.000000 0.000000 -0.112492 -0.054964 -0.068150
  9 9.024062 0.000001 0.000001 0.000000 0.000000 0.000000
 10 0.265265 0.313218 1.684059 -0.075253 -1.302571 3.085975
 11 6.384776 -0.000001 0.000000 -0.210896 0.406084 -0.621252
 12 10.242681 -0.000002 -0.000001 -0.000000 0.000000 -0.915989
 13 11.375559 0.000001 0.000000 -1.349339 0.063862 -0.627813
 14 0.728681 0.023433 -1.008292 1.705251 0.347372 0.567022
 15 2.136499 0.000002 -0.000001 0.000000 -0.000000 0.287979
 16 2.313137 0.000002 -0.000001 0.000000 0.000000 0.000000
 17 3.115505 -0.886040 -0.021431 -0.000782 0.000152 0.191986
 18 2.011150 -0.000001 0.000002 -0.000000 0.000000 0.659566
 19 2.141381 0.000001 0.000001 0.000000 0.000000 0.000000
 20 1.734172 0.000000 0.000001 -0.000000 0.000000 0.330185
 21 0.000005 -4.440594 0.000001 1.570544 -0.062990 -0.195737
 22 6.000001 0.000001 -0.000000 -1.398919 0.000000 0.000000
 23 0.000001 -4.440600 -0.000000 1.569944 -0.062987 0.004053
 24 11.375562 0.000001 0.000002 -1.455216 0.013482 -0.326458
 25 -0.000002 -4.440606 -0.000000 1.570144 -0.062988 0.004040
 26 10.510131 -0.000003 -0.000001 0.000000 0.000000 -2.028791
 27 0.000000 -1.748398 4.999999 0.000000 0.004007 1.602290
 28 5.500000 -0.000001 -0.000001 0.051354 -0.000000 0.000000
 29 -0.000001 -1.940599 4.999999 -0.044472 0.004003 -0.000180
 30 6.551491 0.000000 0.000001 -0.118377 0.287039 -0.475938
 31 -0.000000 -1.940598 5.000002 -0.027189 -0.053376 0.005295
 32 6.551491 0.000000 0.000001 -0.039971 0.147090 -0.225733
 33 -0.000001 -1.940598 4.999994 -0.066572 -0.152786 -0.110311
 34 -0.265264 -0.306142 -1.684059 -1.726462 1.462373 1.274364
 35 6.384776 -0.000001 -0.000000 -0.117778 -0.000267 -1.243384
 36 10.242681 -0.000001 0.000000 0.000000 -0.000000 -0.920071
 37 11.375562 0.000000 -0.000001 1.041716 -0.957923 0.431054
 38 0.728680 0.023431 1.008292 -1.705251 -0.347372 0.567022
 39 2.136497 -0.000000 -0.000000 -0.000000 0.000000 0.287979
 40 2.313139 0.000001 -0.000000 0.000000 0.000000 3.141593
 41 3.115506 -0.886041 0.021430 0.253529 0.012992 0.141302
 42 2.011150 -0.000000 -0.000000 -0.000000 -0.000000 1.532231
 43 2.141379 -0.000000 0.000001 0.000000 0.000000 3.141593
 44 1.734172 -0.000001 -0.000000 0.000000 0.000000 0.765986
 45 0.136314 -3.738192 2.525889 1.493698 2.759406 -1.474501
 46 3.726727 -0.053312 2.419487 -0.262762 2.898943 1.398576
 47 11.389366 -0.000819 0.158781 1.399806 -0.488017 0.111876
 48 0.000000 -4.440599 0.000001 1.570144 -3.078602 0.004040
 49 6.000000 -0.000000 0.000000 1.399806 0.000000 -0.000000
 50 0.000002 -4.440600 0.000001 1.569944 -3.078603 0.004053
 51 10.510130 -0.000002 0.000002 0.000000 0.000000 -2.030832
 52 -0.000001 -1.748398 -5.000000 -3.141593 0.004007 -1.539299
 53 5.500000 -0.000001 0.000002 0.044852 -0.000000 0.000000
 54 -0.000000 -0.000000 -5.000001 -0.044472 3.137589 -0.000177
 55 6.551490 -0.000002 0.000000 -0.044853 0.024725 -0.331782
 56 -1.266843 -1.937444 -4.950560 -0.066572 -2.988806 -0.110308
 57 6.551491 -0.000002 0.000000 -0.044853 0.024725 -0.331782
 58 0.699370 -1.944209 -5.006845 -0.027189 -3.088217 0.005298
 59 4.226145 -0.003202 0.000000 0.093553 -0.080251 0.060711
 60 0.000001 5.000000 -0.000000 -0.153564 0.000087 2.718702
 61 0.000005 -0.000005 -3.713578 0.095503 -3.012510 -0.750673
 62 0.000001 0.000001 4.999999 3.053197 1.558589 -0.074927
 63 -0.000006 0.000005 3.713580 -0.334411 -2.825096 -0.524885
 64 -0.000000 -0.000000 -5.000000 -0.088728 1.558589 3.066333
 65 7.363604 1.646647 0.495663 -3.141593 -1.570796 0.000000
 66 -0.000005 0.000005 3.619082 -0.528285 -2.367383 -1.007256
 67 16.573921 -0.000001 0.000002 -0.000000 0.000000 -2.019199
 68 15.128181 0.000000 -0.000003 0.031619 0.086785 -0.033197
 69 5.758665 4.244731 0.000000 0.000000 -0.000000 2.033309
 70 3.177726 0.000000 -0.000000 0.000000 0.000000 3.141593
 71 15.708951 0.000002 -0.000004 0.016155 0.048356 -0.018185
 72 0.275148 0.189215 -3.445208 3.130898 0.000409 -1.514604
 73 17.210192 -0.000002 0.000002 0.000000 -0.000000 -2.322356
 74 0.000001 -0.000000 -5.000000 -0.079433 1.546568 -1.570859
 75 0.000007 -0.000005 -3.619079 0.196495 -3.011952 -1.279118
 76 16.573921 -0.000000 0.000000 -0.000000 -0.000000 -1.611348
 77 15.128181 -0.000001 0.000000 0.214418 -0.027533 0.774389
 78 5.758665 4.244731 -0.000001 -0.000000 -0.000000 1.483530
 79 4.003934 0.000000 0.000000 0.000000 0.000000 0.000000
 80 15.708955 -0.000000 0.000001 0.153371 0.002792 0.528179
 81 0.273998 0.191089 3.439762 -3.130907 -0.000437 -1.508107
 82 17.210192 -0.000000 0.000000 0.000000 -0.000000 -2.138823
 83 0.000001 0.000001 5.000000 -0.079311 1.595025 -1.570737
time 21
  0 1.130557 9.712685 27.009436 -0.281436 0.436358 -2.443536
  1 11.368427 6.770639 -23.418964 -0.498313 0.132926 2.346876
  2 -2.276934 0.000002 -1.238186 -1.570795 -1.570451 0.000000
  3 1.797116 0.713481 -0.002868 1.095757 -0.186033 -0.362776
  4 4.118655 -0.003150 -0.000910 0.284573 -0.156659 -0.028329
  5 4.119285 -0.003085 -0.000892 0.282456 -0.229062 0.150802
  6 4.119305 -0.003072 -0.000895 0.281317 -0.182675 0.172528
  7 4.119163 -0.003440 -0.000630 0.181121 -0.159980 0.132179
  8 4.443597 0.000002 -0.000000 -0.020961 -0.065779 -0.064335
  9 9.024058 0.000001 0.000001 0.000000 0.000000 0.000000
 10 0.276019 0.311671 1.682614 0.047200 -1.302330 2.936800
 11 6.384777 0.000001 -0.000000 -0.118453 0.272957 -0.628808
 12 10.242682 -0.000002 0.000000 -0.000000 0.000000 -0.955872
 13 11.375561 0.000001 0.000000 -1.569322 -0.018056 -0.679235
 14 0.728681 0.023433 -1.008292 1.705251 0.347372 0.567022
 15 2.136497 -0.000001 0.000001 -0.000000 0.000000 0.287979
 16 2.313139 0.000002 -0.000000 0.000000 0.000000 0.000000
 17 3.115505 -0.886040 -0.021431 -0.000782 0.000152 0.191986
 18 2.011149 -0.000002 0.000001 -0.000000 -0.000000 0.659566
 19 2.141381 -0.000002 0.000000 0.000000 0.000000 0.000000
 20 1.734171 -0.000001 0.000000 -0.000000 0.000000 0.330185
 21 0.000005 -4.440593 0.000000 1.570544 -0.062990 -0.195737
 22 6.000000 0.000001 -0.000000 -1.570325 -0.000000 -0.000000
 23 0.000001 -4.440603 0.000000 1.569944 -0.062987 0.004053
 24 11.375562 0.000002 0.000003 -1.571324 -0.009574 -0.347098
 25 0.000000 -4.440605 0.000000 1.570144 -0.062988 0.004040
 26 10.510130 -0.000001 0.000002 -0.000000 -0.000000 -2.048732
 27 -0.000000 -1.748402 4.999999 0.000000 0.004007 1.602291
 28 5.499997 -0.000001 0.000002 0.029766 0.000000 0.000000
 29 -0.000000 -1.940599 4.999999 -0.044472 0.004003 -0.000180
 30 6.551492 0.000001 0.000000 -0.071632 0.201272 -0.484239
 31 0.000000 -1.940599 5.000004 -0.027189 -0.053376 0.005295
 32 6.551492 0.000001 0.000000 -0.022791 0.103007 -0.234517
 33 0.000000 -1.940600 4.999996 -0.066572 -0.152786 -0.110311
 34 -0.276019 -0.304590 -1.682614 -1.789010 1.489872 1.180453
 35 6.384777 -0.000002 -0.000001 -0.047950 -0.031160 -1.385648
 36 10.242683 -0.000001 0.000003 -0.000000 0.000000 -0.851242
 37 11.375561 0.000000 -0.000002 1.100256 -0.932395 0.310427
 38 0.728681 0.023432 1.008292 -1.705251 -0.347372 0.567022
 39 2.136495 0.000002 -0.000000 0.000000 -0.000000 0.287979
 40 2.313139 0.000000 0.000000 0.000000 0.000000 3.141593
 41 3.115506 -0.886040 0.021431 0.253529 0.012992 0.141302
 42 2.011149 0.000002 0.000000 0.000000 -0.000000 1.532231
 43 2.141379 -0.000001 -0.000000 0.000000 0.000000 3.141593
 44 1.734172 -0.000000 -0.000000 0.000000 -0.000000 0.765986
 45 0.136315 -3.738192 2.525890 1.493698 2.759406 -1.474501
 46 3.726727 -0.053311 2.419486 -0.262762 2.898943 1.398576
 47 11.389364 -0.000819 0.158779 1.403058 -0.470858 0.070050
 48 -0.000000 -4.440599 -0.000000 1.570144 -3.078602 0.004040
 49 5.999999 0.000000 -0.000003 1.403058 -0.000000 -0.000000
 50 0.000002 -4.440600 0.000001 1.569944 -3.078603 0.004053
 51 10.510131 -0.000001 0.000001 0.000000 -0.000000 -1.996417
 52 0.000001 -1.748400 -5.000000 3.141593 0.004007 -1.539299
 53 5.500000 -0.000001 0.000001 0.026103 -0.000000 0.000000
 54 -0.000001 -0.000001 -5.000000 -0.044472 3.137589 -0.000177
 55 6.551491 -0.000002 -0.000002 -0.026103 0.002184 -0.373644
 56 -1.266844 -1.937443 -4.950562 -0.066572 -2.988806 -0.110308
 57 6.551491 -0.000002 -0.000002 -0.026103 0.002184 -0.373644
 58 0.699371 -1.944207 -5.006849 -0.027189 -3.088217 0.005298
 59 4.226146 -0.003203 -0.000000 0.093688 -0.082662 0.080518
 60 -0.000000 5.000002 -0.000000 -0.153564 0.000087 2.718702
 61 0.000005 -0.000005 -3.713578 0.095503 -3.012510 -0.750673
 62 0.000001 0.000001 4.999999 3.053197 1.558589 -0.074927
 63 -0.000006 0.000005 3.713580 -0.334411 -2.825096 -0.524885
 64 -0.000000 -0.000000 -5.000000 -0.088728 1.558589 3.066333
 65 7.363604 1.646647 0.495663 -3.141593 -1.570796 0.000000
 66 -0.000005 0.000005 3.619082 -0.528285 -2.367383 -1.007256
 67 16.573921 -0.000001 0.000002 -0.000000 0.000000 -2.019199
 68 15.128181 0.000000 -0.000003 0.031619 0.086785 -0.033197
 69 5.758665 4.244731 0.000000 0.000000 -0.000000 2.033309
 70 3.177726 0.000000 -0.000000 0.000000 0.000000 3.141593
 71 15.708951 0.000002 -0.000004 0.016155 0.048356 -0.018185
 72 0.275148 0.189215 -3.445208 3.130898 0.000409 -1.514604
 73 17.210192 -0.000002 0.000002 0.000000 -0.000000 -2.322356
 74 0.000001 -0.000000 -5.000000 -0.079433 1.546568 -1.570859
 75 0.000007 -0.000005 -3.619079 0.196495 -3.011952 -1.279118
 76 16.573921 -0.000000 0.000000 -0.000000 -0.000000 -1.611348
 77 15.128181 -0.000001 0.000000 0.214418 -0.027533 0.774389
 78 5.758665 4.244731 -0.000001 -0.000000 -0.000000 1.483530
 79 4.003934 0.000000 0.000000 0.000000 0.000000 0.000000
 80 15.708955 -0.000000 0.000001 0.153371 0.002792 0.528179
 81 0.273998 0.191089 3.439762 -3.130907 -0.000437 -1.508107
 82 17.210192 -0.000000 0.000000 0.000000 -0.000000 -2.138823
 83 0.000001 0.000001 5.000000 -0.079311 1.595025 -1.570737
time 22
  0 1.130557 9.712685 27.009436 -0.281436 0.436358 -2.443536
  1 11.368427 6.770639 -23.418964 -0.498313 0.132926 2.346876
  2 -2.276934 0.000002 -1.238186 -1.570795 -1.570451 0.000000
  3 1.797084 0.713677 -0.002968 1.158733 -0.160570 -0.394630
  4 4.118641 -0.003186 -0.000773 0.240285 -0.139295 -0.021036
  5 4.119205 -0.003135 -0.000764 0.239543 -0.199553 0.141151
  6 4.119230 -0.003129 -0.000767 0.238760 -0.158400 0.159240
  7 4.119287 -0.003416 -0.000625 0.180133 -0.166398 0.167767
  8 4.443599 -0.000000 0.000000 0.076783 -0.083744 -0.051738
  9 9.024060 -0.000000 -0.000000 0.000000 0.000000 0.000000
 10 0.286991 0.309684 1.681140 0.174521 -1.297953 2.782313
 11 6.384776 0.000001 0.000004 -0.036512 0.178283 -0.602899
 12 10.242683 -0.000001 0.000001 -0.000000 -0.000000 -1.001302
 13 11.375561 0.000001 0.000001 -1.742293 -0.090183 -0.706761
 14 0.728681 0.023432 -1.008292 1.705251 0.347372 0.567022
 15 2.136496 -0.000001 0.000001 0.000000 0.000000 0.287979
 16 2.313139 0.000001 0.000001 0.000000 0.000000 0.000000
 17 3.115507 -0.886042 -0.021431 -0.000782 0.000152 0.191986
 18 2.011151 0.000001 -0.000001 0.000000 -0.000000 0.659566
 19 2.141378 0.000001 0.000001 0.000000 0.000000 0.000000
 20 1.734171 0.000000 0.000000 0.000000 -0.000000 0.330185
 21 0.000005 -4.440593 0.000001 1.570544 -0.062990 -0.195737
 22 6.000000 0.000001 0.000001 -1.707083 0.000000 -0.000000
 23 0.000003 -4.440599 -0.000000 1.569944 -0.062987 0.004053
 24 11.375561 0.000001 0.000004 -1.664251 -0.029228 -0.360408
 25 0.000000 -4.440605 0.000001 1.570144 -0.062988 0.004040
 26 10.510132 -0.000000 0.000001 -0.000000 -0.000000 -2.071447
 27 0.000001 -1.748401 5.000000 -0.000000 0.004007 1.602290
 28 5.499999 0.000000 0.000002 0.006124 0.000000 0.000000
 29 0.000001 -1.940598 5.000000 -0.044472 0.004003 -0.000180
 30 6.551491 0.000000 0.000002 -0.023638 0.133255 -0.478054
 31 0.000000 -1.940597 5.000000 -0.027189 -0.053376 0.005295
 32 6.551491 0.000000 0.000002 -0.003701 0.067002 -0.234428
 33 0.000000 -1.940598 4.999996 -0.066572 -0.152786 -0.110311
 34 -0.286990 -0.302605 -1.681141 -1.995005 1.525372 0.943484
 35 6.384777 -0.000001 -0.000000 0.081242 -0.061005 -1.506367
 36 10.242681 -0.000001 -0.000001 0.000000 0.000000 -0.811040
 37 11.375562 0.000002 0.000001 1.148404 -0.918837 0.175959
 38 0.728681 0.023430 1.008292 -1.705251 -0.347372 0.567022
 39 2.136498 0.000000 -0.000000 0.000000 -0.000000 0.287979
 40 2.313139 0.000001 0.000000 0.000000 0.000000 3.141593
 41 3.115505 -0.886042 0.021431 0.253529 0.012992 0.141301
 42 2.011152 0.000001 -0.000000 -0.000000 -0.000000 1.532231
 43 2.141379 -0.000000 0.000000 0.000000 0.000000 3.141593
 44 1.734173 -0.000002 -0.000001 0.000000 0.000000 0.765986
 45 0.136313 -3.738193 2.525889 1.493698 2.759406 -1.474501
 46 3.726726 -0.053313 2.419487 -0.262762 2.898943 1.398576
 47 11.389367 -0.000819 0.158780 1.403149 -0.460329 0.017009
 48 -0.000000 -4.440599 0.000000 1.570144 -3.078602 0.004040
 49 6.000001 0.000001 -0.000001 1.403149 0.000000 0.000000
 50 0.000002 -4.440598 -0.000000 1.569944 -3.078603 0.004053
 51 10.510130 -0.000001 0.000001 0.000000 0.000000 -1.976316
 52 0.000000 -1.748400 -5.000001 -3.141593 0.004007 -1.539299
 53 5.499999 -0.000001 -0.000001 -0.029046 -0.000000 0.000000
 54 -0.000002 -0.000000 -5.000000 -0.044472 3.137589 -0.000177
 55 6.551491 0.000002 -0.000002 0.029046 -0.043745 -0.433470
 56 -1.266844 -1.937443 -4.950561 -0.066572 -2.988806 -0.110308
 57 6.551491 0.000002 -0.000002 0.029046 -0.043745 -0.433470
 58 0.699371 -1.944208 -5.006847 -0.027189 -3.088217 0.005298
 59 4.226145 -0.003203 0.000000 0.093753 -0.085064 0.100551
 60 -0.000001 5.000001 0.000000 -0.153564 0.000087 2.718702
 61 0.000005 -0.000005 -3.713578 0.095503 -3.012510 -0.750673
 62 0.000001 0.000001 4.999999 3.053197 1.558589 -0.074927
 63 -0.000006 0.000005 3.713580 -0.334411 -2.825096 -0.524885
 64 -0.000000 -0.000000 -5.000000 -0.088728 1.558589 3.066333
 65 7.363604 1.646647 0.495663 -3.141593 -1.570796 0.000000
 66 -0.000005 0.000005 3.619082 -0.528285 -2.367383 -1.007256
 67 16.573921 -0.000001 0.000002 -0.000000 0.000000 -2.019199
 68 15.128181 0.000000 -0.000003 0.031619 0.086785 -0.033197
 69 5.758665 4.244731 0.000000 0.000000 -0.000000 2.033309
 70 3.177726 0.000000 -0.000000 0.000000 0.000000 3.141593
 71 15.708951 0.000002 -0.000004 0.016155 0.048356 -0.018185
 72 0.275148 0.189215 -3.445208 3.130898 0.000409 -1.514604
 73 17.210192 -0.000002 0.000002 0.000000 -0.000000 -2.322356
 74 0.000001 -0.000000 -5.000000 -0.079433 1.546568 -1.570859
 75 0.000007 -0.000005 -3.619079 0.196495 -3.011952 -1.279118
 76 16.573921 -0.000000 0.000000 -0.000000 -0.000000 -1.611348
 77 15.128181 -0.000001 0.000000 0.214418 -0.027533 0.774389
 78 5.758665 4.244731 -0.000001 -0.000000 -0.000000 1.483530
 79 4.003934 0.000000 0.000000 0.000000 0.000000 0.000000
 80 15.708955 -0.000000 0.000001 0.153371 0.002792 0.528179
 81 0.273998 0.191089 3.439762 -3.130907 -0.000437 -1.508107
 82 17.210192 -0.000000 0.000000 0.000000 -0.000000 -2.138823
 83 0.000001 0.000001 5.000000 -0.079311 1.595025 -1.570737
time 23
  0 1.130557 9.712685 27.009436 -0.281436 0.436358 -2.443536
  1 11.368427 6.770639 -23.418964 -0.498313 0.132926 2.346876
  2 -2.276934 0.000002 -1.238186 -1.570795 -1.570451 0.000000
  3 1.797044 0.713888 -0.003057 1.221822 -0.130614 -0.426781
  4 4.118631 -0.003219 -0.000629 0.194294 -0.119971 -0.014926
  5 4.119124 -0.003177 -0.000627 0.194829 -0.167788 0.129194
  6 4.119147 -0.003173 -0.000628 0.194250 -0.132830 0.143732
  7 4.119414 -0.003389 -0.000620 0.178896 -0.172857 0.203853
  8 4.443598 -0.000000 0.000000 0.176973 -0.111033 -0.030976
  9 9.024059 -0.000000 0.000000 0.000000 0.000000 0.000000
 10 0.298023 0.307264 1.679659 0.301998 -1.289040 2.627640
 11 6.384777 -0.000001 0.000001 0.028262 0.133052 -0.529774
 12 10.242683 -0.000001 0.000001 0.000000 -0.000000 -1.059717
 13 11.375560 0.000002 -0.000000 -1.850186 -0.137307 -0.717553
 14 0.728680 0.023430 -1.008293 1.705251 0.347372 0.567022
 15 2.136496 -0.000001 -0.000000 0.000000 0.000000 0.287979
 16 2.313139 -0.000000 -0.000001 0.000000 0.000000 0.000000
 17 3.115506 -0.886041 -0.021430 -0.000782 0.000152 0.191986
 18 2.011149 0.000001 0.000000 -0.000000 -0.000000 0.659566
 19 2.141379 -0.000000 0.000001 0.000000 0.000000 0.000000
 20 1.734172 0.000001 -0.000000 -0.000000 0.000000 0.330185
 21 0.000006 -4.440593 0.000001 1.570544 -0.062990 -0.195737
 22 6.000000 0.000001 0.000001 -1.793176 0.000000 0.000000
 23 0.000001 -4.440601 0.000000 1.569944 -0.062987 0.004053
 24 11.375560 0.000002 0.000004 -1.722584 -0.041951 -0.367408
 25 -0.000002 -4.440602 -0.000000 1.570144 -0.062988 0.004040
 26 10.510133 -0.000002 -0.000001 -0.000000 -0.000000 -2.100655
 27 -0.000001 -1.748401 5.000001 0.000000 0.004007 1.602291
 28 5.500001 -0.000000 0.000000 -0.015185 -0.000000 0.000000
 29 -0.000001 -1.940597 5.000001 -0.044472 0.004003 -0.000180
 30 6.551492 0.000000 0.000001 0.016583 0.099950 -0.455259
 31 -0.000000 -1.940597 5.000002 -0.027189 -0.053376 0.005295
 32 6.551492 0.000000 0.000001 0.013827 0.048446 -0.224826
 33 0.000000 -1.940599 4.999997 -0.066572 -0.152786 -0.110311
 34 -0.298023 -0.300187 -1.679659 2.979147 1.550676 -0.396020
 35 6.384777 0.000002 0.000001 0.250928 -0.097678 -1.610059
 36 10.242681 -0.000001 0.000002 0.000000 -0.000000 -0.778783
 37 11.375562 0.000001 0.000000 1.197197 -0.904027 0.021281
 38 0.728680 0.023431 1.008292 -1.705251 -0.347372 0.567022
 39 2.136497 0.000000 0.000000 -0.000000 0.000000 0.287979
 40 2.313141 0.000000 0.000000 0.000000 0.000000 3.141593
 41 3.115506 -0.886041 0.021430 0.253529 0.012992 0.141301
 42 2.011150 0.000000 0.000000 -0.000000 0.000000 1.532231
 43 2.141379 0.000000 -0.000000 0.000000 0.000000 3.141593
 44 1.734172 -0.000001 0.000000 0.000000 -0.000000 0.765986
 45 0.136314 -3.738193 2.525889 1.493698 2.759406 -1.474501
 46 3.726727 -0.053313 2.419487 -0.262762 2.898943 1.398576
 47 11.389366 -0.000819 0.158781 1.402894 -0.449606 -0.045433
 48 0.000001 -4.440598 0.000001 1.570144 -3.078602 0.004040
 49 6.000000 0.000000 -0.000002 1.402894 0.000000 0.000000
 50 0.000002 -4.440600 0.000001 1.569944 -3.078603 0.004053
 51 10.510131 -0.000001 0.000003 0.000000 -0.000000 -1.960188
 52 0.000000 -1.748401 -5.000001 -3.141593 0.004007 -1.539299
 53 5.499999 -0.000001 0.000001 -0.092165 0.000000 0.000000
 54 0.000001 -0.000001 -5.000000 -0.044472 3.137589 -0.000177
 55 6.551491 -0.000000 0.000003 0.092166 -0.095585 -0.483443
 56 -1.266844 -1.937442 -4.950561 -0.066572 -2.988806 -0.110308
 57 6.551491 -0.000000 0.000003 0.092166 -0.095585 -0.483443
 58 0.699371 -1.944208 -5.006846 -0.027189 -3.088217 0.005298
 59 4.226146 -0.003201 0.000000 0.093754 -0.087423 0.120491
 60 -0.000001 5.000002 -0.000000 -0.153564 0.000087 2.718702
 61 0.000005 -0.000005 -3.713578 0.095503 -3.012510 -0.750673
 62 0.000001 0.000001 4.999999 3.053197 1.558589 -0.074927
 63 -0.000006 0.000005 3.713580 -0.334411 -2.825096 -0.524885
 64 -0.000000 -0.000000 -5.000000 -0.088728 1.558589 3.066333
 65 7.363604 1.646647 0.495663 -3.141593 -1.570796 0.000000
 66 -0.000005 0.000005 3.619082 -0.528285 -2.367383 -1.007256
 67 16.573921 -0.000001 0.000002 -0.000000 0.000000 -2.019199
 68 15.128181 0.000000 -0.000003 0.031619 0.086785 -0.033197
 69 5.758665 4.244731 0.000000 0.000000 -0.000000 2.033309
 70 3.177726 0.000000 -0.000000 0.000000 0.000000 3.141593
 71 15.708951 0.000002 -0.000004 0.016155 0.048356 -0.018185
 72 0.275148 0.189215 -3.445208 3.130898 0.000409 -1.514604
 73 17.210192 -0.000002 0.000002 0.000000 -0.000000 -2.322356
 74 0.000001 -0.000000 -5.000000 -0.079433 1.546568 -1.570859
 75 0.000007 -0.000005 -3.619079 0.196495 -3.011952 -1.279118
 76 16.573921 -0.000000 0.000000 -0.000000 -0.000000 -1.611348
 77 15.128181 -0.000001 0.000000 0.214418 -0.027533 0.774389
 78 5.758665 4.244731 -0.000001 -0.000000 -0.000000 1.483530
 79 4.003934 0.000000 0.000000 0.000000 0.000000 0.000000
 80 15.708955 -0.000000 0.000001 0.153371 0.002792 0.528179
 81 0.273998 0.191089 3.439762 -3.130907 -0.000437 -1.508107
 82 17.210192 -0.000000 0.000000 0.000000 -0.000000 -2.138823
 83 0.000001 0.000001 5.000000 -0.079311 1.595025 -1.570737
time 24
  0 1.130557 9.712685 27.009436 -0.281436 0.436358 -2.443536
  1 11.368427 6.770639 -23.418964 -0.498313 0.132926 2.346876
  2 -2.276934 0.000002 -1.238186 -1.570795 -1.570451 0.000000
  3 1.797008 0.714110 -0.003133 1.284677 -0.096818 -0.457987
  4 4.118618 -0.003245 -0.000478 0.147098 -0.099238 -0.010167
  5 4.119037 -0.003214 -0.000482 0.148706 -0.134709 0.114839
  6 4.119062 -0.003213 -0.000481 0.148186 -0.106703 0.126082
  7 4.119537 -0.003356 -0.000614 0.177421 -0.179268 0.239988
  8 4.443599 -0.000001 0.000000 0.275750 -0.149404 -0.003536
  9 9.024060 -0.000000 0.000001 0.000000 0.000000 0.000000
 10 0.308960 0.304443 1.678189 0.397096 -1.278730 2.503405
 11 6.384777 -0.000002 0.000000 0.063664 0.140121 -0.410201
 12 10.242683 -0.000000 -0.000002 -0.000000 0.000000 -1.103265
 13 11.375560 0.000002 0.000001 -1.876270 -0.148839 -0.719395
 14 0.728681 0.023432 -1.008293 1.705251 0.347372 0.567022
 15 2.136496 0.000001 0.000000 0.000000 -0.000000 0.287979
 16 2.313139 -0.000001 0.000000 0.000000 0.000000 0.000000
 17 3.115506 -0.886041 -0.021431 -0.000782 0.000152 0.191986
 18 2.011151 0.000000 0.000000 -0.000000 0.000000 0.659566
 19 2.141379 0.000000 0.000000 0.000000 0.000000 0.000000
 20 1.734172 0.000001 -0.000000 -0.000000 -0.000000 0.330185
 21 0.000006 -4.440593 0.000002 1.570544 -0.062990 -0.195737
 22 6.000000 0.000000 0.000002 -1.814062 0.000000 -0.000000
 23 0.000001 -4.440602 0.000001 1.569944 -0.062987 0.004053
 24 11.375561 0.000002 0.000003 -1.736694 -0.045066 -0.368952
 25 -0.000001 -4.440601 -0.000000 1.570144 -0.062988 0.004040
 26 10.510132 -0.000001 -0.000002 -0.000000 0.000000 -2.122429
 27 0.000001 -1.748401 4.999999 0.000000 0.004007 1.602290
 28 5.500000 0.000001 -0.000000 -0.026877 -0.000000 0.000000
 29 -0.000001 -1.940599 4.999999 -0.044472 0.004003 -0.000180
 30 6.551491 -0.000001 0.000000 0.036303 0.112468 -0.410443
 31 0.000001 -1.940599 5.000003 -0.027189 -0.053376 0.005295
 32 6.551491 -0.000001 0.000000 0.023724 0.053957 -0.203827
 33 0.000001 -1.940599 4.999998 -0.066572 -0.152786 -0.110311
 34 -0.308956 -0.297370 -1.678190 1.947723 1.514109 -1.457285
 35 6.384776 0.000001 0.000002 0.443995 -0.150454 -1.697453
 36 10.242681 -0.000001 0.000002 0.000000 -0.000000 -0.751892
 37 11.375562 -0.000001 -0.000000 1.244178 -0.886127 -0.145414
 38 0.728681 0.023431 1.008292 -1.705251 -0.347372 0.567022
 39 2.136497 -0.000001 0.000001 -0.000000 0.000000 0.287979
 40 2.313140 0.000000 -0.000001 0.000000 0.000000 3.141593
 41 3.115507 -0.886042 0.021431 0.253529 0.012992 0.141302
 42 2.011150 0.000000 -0.000000 -0.000000 -0.000000 1.532231
 43 2.141378 -0.000000 -0.000001 0.000000 0.000000 3.141593
 44 1.734173 -0.000001 -0.000002 -0.000000 0.000000 0.765986
 45 0.136314 -3.738194 2.525890 1.493698 2.759406 -1.474501
 46 3.726728 -0.053312 2.419487 -0.262762 2.898943 1.398576
 47 11.389366 -0.000820 0.158782 1.402848 -0.437626 -0.112753
 48 0.000001 -4.440599 0.000000 1.570144 -3.078602 0.004040
 49 6.000000 0.000000 0.000000 1.402848 0.000000 0.000000
 50 0.000002 -4.440602 0.000000 1.569944 -3.078603 0.004053
 51 10.510131 -0.000001 0.000003 0.000000 -0.000000 -1.946742
 52 0.000000 -1.748400 -5.000001 3.141593 0.004007 -1.539299
 53 5.500000 -0.000000 0.000002 -0.128738 0.000000 -0.000000
 54 -0.000001 -0.000001 -5.000000 -0.044472 3.137589 -0.000177
 55 6.551490 0.000002 0.000000 0.128738 -0.145365 -0.495894
 56 -1.266843 -1.937444 -4.950559 -0.066572 -2.988806 -0.110308
 57 6.551490 0.000002 0.000000 0.128738 -0.145365 -0.495894
 58 0.699370 -1.944208 -5.006845 -0.027189 -3.088217 0.005298
 59 4.226147 -0.003203 0.000000 0.093695 -0.089710 0.140048
 60 -0.000002 5.000002 0.000000 -0.153564 0.000087 2.718702
 61 0.000005 -0.000005 -3.713578 0.095503 -3.012510 -0.750673
 62 0.000001 0.000001 4.999999 3.053197 1.558589 -0.074927
 63 -0.000006 0.000005 3.713580 -0.334411 -2.825096 -0.524885
 64 -0.000000 -0.000000 -5.000000 -0.088728 1.558589 3.066333
 65 7.363604 1.646647 0.495663 -3.141593 -1.570796 0.000000
 66 -0.000005 0.000005 3.619082 -0.528285 -2.367383 -1.007256
 67 16.573921 -0.000001 0.000002 -0.000000 0.000000 -2.019199
 68 15.128181 0.000000 -0.000003 0.031619 0.086785 -0.033197
 69 5.758665 4.244731 0.000000 0.000000 -0.000000 2.033309
 70 3.177726 0.000000 -0.000000 0.000000 0.000000 3.141593
 71 15.708951 0.000002 -0.000004 0.016155 0.048356 -0.018185
 72 0.275148 0.189215 -3.445208 3.130898 0.000409 -1.514604
 73 17.210192 -0.000002 0.000002 0.000000 -0.000000 -2.322356
 74 0.000001 -0.000000 -5.000000 -0.079433 1.546568 -1.570859
 75 0.000007 -0.000005 -3.619079 0.196495 -3.011952 -1.279118
 76 16.573921 -0.000000 0.000000 -0.000000 -0.000000 -1.611348
 77 15.128181 -0.000001 0.000000 0.214418 -0.027533 0.774389
 78 5.758665 4.244731 -0.000001 -0.000000 -0.000000 1.483530
 79 4.003934 0.000000 0.000000 0.000000 0.000000 0.000000
 80 15.708955 -0.000000 0.000001 0.153371 0.002792 0.528179
 81 0.273998 0.191089 3.439762 -3.130907 -0.000437 -1.508107
 82 17.210192 -0.000000 0.000000 0.000000 -0.000000 -2.138823
 83 0.000001 0.000001 5.000000 -0.079311 1.595025 -1.570737
time 25
  0 1.130557 9.712685 27.009436 -0.281436 0.436358 -2.443536
  1 11.368427 6.770639 -23.418964 -0.498313 0.132926 2.346876
  2 -2.276934 0.000002 -1.238186 -1.570795 -1.570451 0.000000
  3 1.796972 0.714342 -0.003193 1.347082 -0.060015 -0.487179
  4 4.118608 -0.003264 -0.000325 0.099174 -0.077657 -0.006836
  5 4.118955 -0.003243 -0.000331 0.101543 -0.101247 0.098124
  6 4.118975 -0.003243 -0.000330 0.100977 -0.080730 0.106467
  7 4.119659 -0.003321 -0.000608 0.175733 -0.185543 0.275722
  8 4.443597 0.000000 0.000000 0.369477 -0.199794 0.028419
  9 9.024061 0.000000 0.000001 0.000000 0.000000 0.000000
 10 0.319654 0.301264 1.676753 0.491121 -1.265191 2.381213
 11 6.384778 -0.000002 -0.000003 0.073594 0.169509 -0.244244
 12 10.242684 -0.000001 -0.000003 0.000000 -0.000000 -1.154266
 13 11.375561 0.000000 0.000004 -1.822082 -0.124929 -0.715232
 14 0.728680 0.023432 -1.008292 1.705251 0.347372 0.567022
 15 2.136496 0.000001 -0.000001 -0.000000 -0.000000 0.287979
 16 2.313138 0.000000 -0.000000 0.000000 0.000000 0.000000
 17 3.115505 -0.886041 -0.021431 -0.000782 0.000152 0.191986
 18 2.011151 -0.000002 -0.000000 0.000000 -0.000000 0.659566
 19 2.141380 0.000001 0.000000 0.000000 0.000000 0.000000
 20 1.734172 0.000000 -0.000001 0.000000 -0.000000 0.330185
 21 0.000006 -4.440592 0.000001 1.570544 -0.062990 -0.195737
 22 6.000000 0.000001 0.000000 -1.770700 0.000000 -0.000000
 23 0.000002 -4.440604 0.000000 1.569944 -0.062987 0.004053
 24 11.375562 0.000002 0.000006 -1.707379 -0.038610 -0.365679
 25 -0.000001 -4.440603 0.000000 1.570144 -0.062988 0.004040
 26 10.510130 -0.000000 -0.000002 0.000000 -0.000000 -2.147929
 27 -0.000001 -1.748402 5.000000 0.000000 0.004007 1.602291
 28 5.499999 0.000000 -0.000001 -0.029182 -0.000000 -0.000000
 29 -0.000001 -1.940599 4.999998 -0.044472 0.004003 -0.000180
 30 6.551491 0.000000 -0.000001 0.039300 0.156452 -0.318701
 31 0.000000 -1.940599 5.000000 -0.027189 -0.053376 0.005295
 32 6.551491 0.000000 -0.000001 0.025807 0.076601 -0.159484
 33 0.000000 -1.940599 4.999995 -0.066572 -0.152786 -0.110311
 34 -0.319651 -0.294189 -1.676754 -1.367001 1.677727 1.482104
 35 6.384777 0.000002 -0.000001 0.643204 -0.225079 -1.772041
 36 10.242681 -0.000001 0.000001 0.000000 0.000000 -0.727792
 37 11.375563 0.000000 0.000001 1.286616 -0.864090 -0.315710
 38 0.728681 0.023432 1.008292 -1.705251 -0.347372 0.567022
 39 2.136497 -0.000002 -0.000001 0.000000 -0.000000 0.287979
 40 2.313140 0.000001 0.000001 0.000000 0.000000 3.141593
 41 3.115505 -0.886041 0.021432 0.253529 0.012992 0.141301
 42 2.011151 0.000001 0.000001 -0.000000 0.000000 1.532231
 43 2.141378 0.000001 0.000001 0.000000 0.000000 3.141593
 44 1.734173 -0.000001 0.000000 -0.000000 0.000000 0.765986
 45 0.136314 -3.738192 2.525890 1.493698 2.759406 -1.474501
 46 3.726728 -0.053311 2.419486 -0.262762 2.898943 1.398576
 47 11.389367 -0.000820 0.158782 1.402917 -0.423625 -0.180894
 48 -0.000001 -4.440600 0.000002 1.570144 -3.078602 0.004040
 49 5.999999 -0.000002 -0.000001 1.402917 0.000000 0.000000
 50 0.000001 -4.440601 0.000002 1.569944 -3.078603 0.004053
 51 10.510130 -0.000001 0.000002 -0.000000 0.000000 -1.934692
 52 0.000000 -1.748402 -5.000001 3.141593 0.004007 -1.539299
 53 5.499997 -0.000001 -0.000001 -0.145304 -0.000000 -0.000000
 54 -0.000003 -0.000000 -5.000000 -0.044472 3.137590 -0.000177
 55 6.551491 0.000001 -0.000001 0.145304 -0.200719 -0.487559
 56 -1.266843 -1.937442 -4.950562 -0.066572 -2.988806 -0.110308
 57 6.551492 0.000001 -0.000001 0.145304 -0.200719 -0.487559
 58 0.699371 -1.944208 -5.006847 -0.027189 -3.088217 0.005298
 59 4.226145 -0.003201 0.000001 0.093588 -0.091904 0.158963
 60 0.000002 5.000002 -0.000000 -0.153564 0.000087 2.718702
 61 0.000005 -0.000005 -3.713578 0.095503 -3.012510 -0.750673
 62 0.000001 0.000001 4.999999 3.053197 1.558589 -0.074927
 63 -0.000006 0.000005 3.713580 -0.334411 -2.825096 -0.524885
 64 -0.000000 -0.000000 -5.000000 -0.088728 1.558589 3.066333
 65 7.363604 1.646647 0.495663 -3.141593 -1.570796 0.000000
 66 -0.000005 0.000005 3.619082 -0.528285 -2.367383 -1.007256
 67 16.573921 -0.000001 0.000002 -0.000000 0.000000 -2.019199
 68 15.128181 0.000000 -0.000003 0.031619 0.086785 -0.033197
 69 5.758665 4.244731 0.000000 0.000000 -0.000000 2.033309
 70 3.177726 0.000000 -0.000000 0.000000 0.000000 3.141593
 71 15.708951 0.000002 -0.000004 0.016155 0.048356 -0.018185
 72 0.275148 0.189215 -3.445208 3.130898 0.000409 -1.514604
 73 17.210192 -0.000002 0.000002 0.000000 -0.000000 -2.322356
 74 0.000001 -0.000000 -5.000000 -0.079433 1.546568 -1.570859
 75 0.000007 -0.000005 -3.619079 0.196495 -3.011952 -1.279118
 76 16.573921 -0.000000 0.000000 -0.000000 -0.000000 -1.611348
 77 15.128181 -0.000001 0.000000 0.214418 -0.027533 0.774389
 78 5.758665 4.244731 -0.000001 -0.000000 -0.000000 1.483530
 79 4.003934 0.000000 0.000000 0.000000 0.000000 0.000000
 80 15.708955 -0.000000 0.000001 0.153371 0.002792 0.528179
 81 0.273998 0.191089 3.439762 -3.130907 -0.000437 -1.508107
 82 17.210192 -0.000000 0.000000 0.000000 -0.000000 -2.138823
 83 0.000001 0.000001 5.000000 -0.079311 1.595025 -1.570737
time 26
  0 1.130557 9.712685 27.009436 -0.281436 0.436358 -2.443536
  1 11.368427 6.770639 -23.418964 -0.498313 0.132926 2.346876
  2 -2.276934 0.000002 -1.238186 -1.570795 -1.570451 0.000000
  3 1.796947 0.714580 -0.003238 1.408949 -0.021187 -0.513473
  4 4.118591 -0.003275 -0.000166 0.050983 -0.055789 -0.004917
  5 4.118873 -0.003263 -0.000177 0.053714 -0.068306 0.079221
  6 4.118892 -0.003264 -0.000174 0.053048 -0.055575 0.085162
  7 4.119782 -0.003286 -0.000602 0.173867 -0.191598 0.310601
  8 4.443599 0.000000 0.000001 0.455127 -0.262063 0.062362
  9 9.024059 0.000000 -0.000000 0.000000 0.000000 0.000000
 10 0.329957 0.297798 1.675370 0.584986 -1.247792 2.260882
 11 6.384775 0.000000 0.000002 0.045506 0.219780 -0.000518
 12 10.242682 -0.000001 0.000002 0.000000 -0.000000 -1.226910
 13 11.375562 0.000003 0.000002 -1.633572 -0.044214 -0.690876
 14 0.728680 0.023431 -1.008292 1.705251 0.347372 0.567022
 15 2.136496 -0.000001 -0.000000 -0.000000 -0.000000 0.287979
 16 2.313139 0.000001 -0.000000 0.000000 0.000000 0.000000
 17 3.115505 -0.886040 -0.021430 -0.000782 0.000152 0.191986
 18 2.011151 0.000002 -0.000001 -0.000000 -0.000000 0.659566
 19 2.141380 -0.000000 0.000000 0.000000 0.000000 0.000000
 20 1.734172 0.000001 -0.000000 -0.000000 0.000000 0.330185
 21 0.000006 -4.440594 0.000001 1.570544 -0.062990 -0.195737
 22 6.000000 0.000001 0.000002 -1.620924 -0.000000 -0.000000
 23 0.000002 -4.440602 0.000000 1.569944 -0.062987 0.004053
 24 11.375562 0.000002 0.000004 -1.605713 -0.016746 -0.352342
 25 0.000000 -4.440603 0.000001 1.570144 -0.062988 0.004040
 26 10.510130 -0.000001 0.000002 0.000000 -0.000000 -2.184252
 27 0.000001 -1.748400 4.999998 -0.000000 0.004007 1.602291
 28 5.500000 -0.000001 0.000001 -0.021275 -0.000000 0.000000
 29 -0.000002 -1.940598 5.000002 -0.044472 0.004003 -0.000180
 30 6.551490 0.000001 0.000002 0.035739 0.231060 -0.005965
 31 0.000002 -1.940598 5.000001 -0.027189 -0.053376 0.005295
 32 6.551490 0.000001 0.000002 0.018071 0.116455 -0.004024
 33 0.000001 -1.940599 4.999998 -0.066572 -0.152786 -0.110311
 34 -0.329955 -0.290719 -1.675369 -1.430655 1.729391 1.390293
 35 6.384776 0.000000 0.000003 0.832740 -0.321260 -1.838637
 36 10.242680 -0.000001 0.000001 0.000000 -0.000000 -0.703901
 37 11.375560 -0.000000 0.000002 1.322015 -0.837734 -0.481440
 38 0.728680 0.023432 1.008292 -1.705251 -0.347372 0.567022
 39 2.136496 -0.000002 -0.000001 -0.000000 0.000000 0.287979
 40 2.313139 0.000001 0.000001 0.000000 0.000000 3.141593
 41 3.115507 -0.886038 0.021430 0.253529 0.012992 0.141301
 42 2.011151 0.000000 0.000000 0.000000 -0.000000 1.532231
 43 2.141380 -0.000000 -0.000001 0.000000 0.000000 3.141593
 44 1.734173 -0.000001 0.000000 -0.000000 -0.000000 0.765986
 45 0.136317 -3.738193 2.525889 1.493698 2.759406 -1.474501
 46 3.726728 -0.053311 2.419487 -0.262762 2.898943 1.398576
 47 11.389365 -0.000818 0.158785 1.402500 -0.407381 -0.246881
 48 0.000001 -4.440598 0.000001 1.570144 -3.078602 0.004040
 49 5.999999 -0.000000 0.000001 1.402500 -0.000000 -0.000000
 50 0.000000 -4.440603 0.000002 1.569944 -3.078603 0.004053
 51 10.510131 -0.000001 0.000002 -0.000000 0.000000 -1.922747
 52 0.000001 -1.748400 -5.000001 3.141593 0.004007 -1.539299
 53 5.500000 -0.000001 0.000001 -0.147718 0.000000 -0.000000
 54 -0.000002 -0.000000 -5.000000 -0.044472 3.137589 -0.000177
 55 6.551490 0.000001 0.000003 0.147718 -0.258581 -0.467537
 56 -1.266844 -1.937442 -4.950559 -0.066572 -2.988806 -0.110308
 57 6.551491 0.000001 0.000003 0.147718 -0.258581 -0.467537
 58 0.699370 -1.944206 -5.006846 -0.027189 -3.088217 0.005298
 59 4.226147 -0.003203 0.000000 0.093441 -0.093985 0.177013
 60 -0.000000 5.000000 0.000001 -0.153564 0.000087 2.718702
 61 0.000005 -0.000005 -3.713578 0.095503 -3.012510 -0.750673
 62 0.000001 0.000001 4.999999 3.053197 1.558589 -0.074927
 63 -0.000006 0.000005 3.713580 -0.334411 -2.825096 -0.524885
 64 -0.000000 -0.000000 -5.000000 -0.088728 1.558589 3.066333
 65 7.363604 1.646647 0.495663 -3.141593 -1.570796 0.000000
 66 -0.000005 0.000005 3.619082 -0.528285 -2.367383 -1.007256
 67 16.573921 -0.000001 0.000002 -0.000000 0.000000 -2.019199
 68 15.128181 0.000000 -0.000003 0.031619 0.086785 -0.033197
 69 5.758665 4.244731 0.000000 0.000000 -0.000000 2.033309
 70 3.177726 0.000000 -0.000000 0.000000 0.000000 3.141593
 71 15.708951 0.000002 -0.000004 0.016155 0.048356 -0.018185
 72 0.275148 0.189215 -3.445208 3.130898 0.000409 -1.514604
 73 17.210192 -0.000002 0.000002 0.000000 -0.000000 -2.322356
 74 0.000001 -0.000000 -5.000000 -0.079433 1.546568 -1.570859
 75 0.000007 -0.000005 -3.619079 0.196495 -3.011952 -1.279118
 76 16.573921 -0.000000 0.000000 -0.000000 -0.000000 -1.611348
 77 15.128181 -0.000001 0.000000 0.214418 -0.027533 0.774389
 78 5.758665 4.244731 -0.000001 -0.000000 -0.000000 1.483530
 79 4.003934 0.000000 0.000000 0.000000 0.000000 0.000000
 80 15.708955 -0.000000 0.000001 0.153371 0.002792 0.528179
 81 0.273998 0.191089 3.439762 -3.130907 -0.000437 -1.508107
 82 17.210192 -0.000000 0.000000 0.000000 -0.000000 -2.138823
 83 0.000001 0.000001 5.000000 -0.079311 1.595025 -1.570737
time 27
  0 1.130557 9.712685 27.009436 -0.281436 0.436358 -2.443536
  1 11.368427 6.770639 -23.418964 -0.498313 0.132926 2.346876
  2 -2.276934 0.000002 -1.238186 -1.570795 -1.570451 0.000000
  3 1.796924 0.714823 -0.003264 1.470298 0.018563 -0.536161
  4 4.118593 -0.003280 -0.000010 0.002985 -0.034177 -0.004299
  5 4.118792 -0.003272 -0.000019 0.005620 -0.036743 0.058441
  6 4.118809 -0.003274 -0.000015 0.004862 -0.031840 0.062543
  7 4.119890 -0.003242 -0.000594 0.171870 -0.197353 0.344167
  8 4.443598 0.000001 0.000000 0.530663 -0.334954 0.095688
  9 9.024059 -0.000002 0.000001 0.000000 0.000000 0.000000
 10 0.339743 0.294121 1.674055 0.666051 -1.228773 2.154379
 11 6.384776 0.000000 -0.000000 -0.001644 0.284993 0.289615
 12 10.242682 -0.000002 0.000001 -0.000000 -0.000000 -1.287971
 13 11.375561 0.000004 0.000001 -1.344222 0.065604 -0.626421
 14 0.728681 0.023432 -1.008291 1.705251 0.347372 0.567022
 15 2.136497 0.000001 -0.000001 0.000000 0.000000 0.287979
 16 2.313138 0.000001 -0.000002 0.000000 0.000000 0.000000
 17 3.115506 -0.886040 -0.021432 -0.000782 0.000152 0.191986
 18 2.011151 -0.000001 -0.000000 -0.000000 0.000000 0.659566
 19 2.141380 0.000000 0.000002 0.000000 0.000000 0.000000
 20 1.734173 -0.000000 0.000000 -0.000000 -0.000000 0.330185
 21 0.000005 -4.440594 0.000001 1.570544 -0.062990 -0.195737
 22 5.999999 0.000000 0.000000 -1.394963 0.000000 -0.000000
 23 0.000001 -4.440603 -0.000001 1.569944 -0.062987 0.004053
 24 11.375561 0.000003 0.000004 -1.452549 0.013986 -0.325929
 25 -0.000001 -4.440603 -0.000001 1.570144 -0.062988 0.004040
 26 10.510129 -0.000002 0.000001 -0.000000 0.000000 -2.214782
 27 0.000000 -1.748402 5.000001 -0.000000 0.004007 1.602291
 28 5.500000 0.000000 0.000002 0.003006 -0.000000 0.000000
 29 0.000000 -1.940598 5.000002 -0.044472 0.004003 -0.000180
 30 6.551491 0.000000 -0.000001 0.011880 0.239893 0.339291
 31 0.000000 -1.940598 5.000000 -0.027189 -0.053376 0.005295
 32 6.551491 0.000000 -0.000001 -0.004386 0.119703 0.167012
 33 0.000001 -1.940600 4.999996 -0.066572 -0.152786 -0.110311
 34 -0.339737 -0.287043 -1.674055 -1.463108 1.779436 1.330749
 35 6.384776 -0.000000 0.000000 1.000001 -0.432487 -1.901736
 36 10.242679 -0.000000 -0.000001 0.000000 0.000000 -0.677644
 37 11.375560 0.000001 -0.000000 1.348641 -0.807611 -0.635134
 38 0.728681 0.023430 1.008293 -1.705251 -0.347372 0.567022
 39 2.136497 -0.000001 0.000000 0.000000 -0.000000 0.287979
 40 2.313140 0.000001 -0.000000 0.000000 0.000000 3.141593
 41 3.115506 -0.886041 0.021431 0.253529 0.012992 0.141302
 42 2.011151 -0.000000 -0.000000 0.000000 -0.000000 1.532231
 43 2.141379 0.000000 -0.000000 0.000000 0.000000 3.141593
 44 1.734172 -0.000002 0.000001 0.000000 0.000000 0.765986
 45 0.136316 -3.738192 2.525889 1.493698 2.759406 -1.474501
 46 3.726728 -0.053311 2.419485 -0.262762 2.898943 1.398576
 47 11.389366 -0.000821 0.158780 1.400939 -0.389161 -0.308729
 48 0.000001 -4.440599 0.000000 1.570144 -3.078602 0.004040
 49 6.000000 -0.000000 -0.000001 1.400939 -0.000000 0.000000
 50 0.000002 -4.440600 -0.000001 1.569944 -3.078603 0.004053
 51 10.510130 0.000001 0.000001 0.000000 0.000000 -1.909618
 52 -0.000000 -1.748399 -5.000002 -3.141593 0.004007 -1.539299
 53 5.500000 0.000001 0.000001 -0.138845 -0.000000 -0.000000
 54 -0.000001 0.000001 -5.000000 -0.044472 3.137589 -0.000177
 55 6.551491 0.000000 -0.000002 0.138845 -0.311300 -0.440647
 56 -1.266842 -1.937442 -4.950559 -0.066572 -2.988806 -0.110308
 57 6.551491 -0.000000 -0.000001 0.138845 -0.311300 -0.440647
 58 0.699371 -1.944208 -5.006845 -0.027189 -3.088217 0.005298
 59 4.226147 -0.003202 -0.000001 0.093266 -0.095936 0.194000
 60 0.000001 4.999999 0.000000 -0.153564 0.000087 2.718702
 61 0.000005 -0.000005 -3.713578 0.095503 -3.012510 -0.750673
 62 0.000001 0.000001 4.999999 3.053197 1.558589 -0.074927
 63 -0.000006 0.000005 3.713580 -0.334411 -2.825096 -0.524885
 64 -0.000000 -0.000000 -5.000000 -0.088728 1.558589 3.066333
 65 7.363604 1.646647 0.495663 -3.141593 -1.570796 0.000000
 66 -0.000005 0.000005 3.619082 -0.528285 -2.367383 -1.007256
 67 16.573921 -0.000001 0.000002 -0.000000 0.000000 -2.019199
 68 15.128181 0.000000 -0.000003 0.031619 0.086785 -0.033197
 69 5.758665 4.244731 0.000000 0.000000 -0.000000 2.033309
 70 3.177726 0.000000 -0.000000 0.000000 0.000000 3.141593
 71 15.708951 0.000002 -0.000004 0.016155 0.048356 -0.018185
 72 0.275148 0.189215 -3.445208 3.130898 0.000409 -1.514604
 73 17.210192 -0.000002 0.000002 0.000000 -0.000000 -2.322356
 74 0.000001 -0.000000 -5.000000 -0.079433 1.546568 -1.570859
 75 0.000007 -0.000005 -3.619079 0.196495 -3.011952 -1.279118
 76 16.573921 -0.000000 0.000000 -0.000000 -0.000000 -1.611348
 77 15.128181 -0.000001 0.000000 0.214418 -0.027533 0.774389
 78 5.758665 4.244731 -0.000001 -0.000000 -0.000000 1.483530
 79 4.003934 0.000000 0.000000 0.000000 0.000000 0.000000
 80 15.708955 -0.000000 0.000001 0.153371 0.002792 0.528179
 81 0.273998 0.191089 3.439762 -3.130907 -0.000437 -1.508107
 82 17.210192 -0.000000 0.000000 0.000000 -0.000000 -2.138823
 83 0.000001 0.000001 5.000000 -0.079311 1.595025 -1.570737
time 28
  0 1.130557 9.712685 27.009436 -0.281436 0.436358 -2.443536
  1 11.368427 6.770639 -23.418964 -0.498313 0.132926 2.346876
  2 -2.276934 0.000002 -1.238186 -1.570795 -1.570451 0.000000
  3 1.796914 0.715065 -0.003272 1.531221 0.058039 -0.554706
  4 4.118587 -0.003278 0.000146 -0.044351 -0.013340 -0.004783
  5 4.118720 -0.003273 0.000137 -0.042288 -0.007348 0.036232
  6 4.118727 -0.003274 0.000141 -0.043077 -0.010054 0.039081
  7 4.119892 -0.003244 -0.000594 0.171870 -0.197353 0.344168
  8 4.443598 -0.000000 0.000000 0.599343 -0.415907 0.157102
  9 9.024060 0.000000 0.000001 0.000000 0.000000 0.000000
 10 0.339741 0.294122 1.674055 0.733612 -1.211459 2.094541
 11 6.384777 0.000001 0.000000 -0.052417 0.352819 0.600060
 12 10.242682 -0.000002 -0.000002 -0.000000 0.000000 -1.328188
 13 11.375559 -0.000001 -0.000000 -0.984621 0.165647 -0.510656
 14 0.728680 0.023431 -1.008291 1.705251 0.347372 0.567022
 15 2.136499 0.000001 0.000000 0.000000 -0.000000 0.287979
 16 2.313137 0.000000 -0.000001 0.000000 0.000000 0.000000
 17 3.115507 -0.886039 -0.021431 -0.000782 0.000152 0.191986
 18 2.011151 0.000001 0.000001 -0.000000 -0.000000 0.659566
 19 2.141380 0.000000 -0.000002 0.000000 0.000000 0.000000
 20 1.734173 0.000001 0.000002 0.000000 -0.000000 0.330185
 21 0.000005 -4.440592 -0.000001 1.570544 -0.062990 -0.195737
 22 6.000000 0.000002 -0.000002 -1.119258 0.000000 0.000000
 23 0.000002 -4.440598 0.000001 1.569944 -0.062987 0.004053
 24 11.375562 0.000001 0.000001 -1.269291 0.044766 -0.283368
 25 -0.000001 -4.440603 -0.000001 1.570144 -0.062988 0.004040
 26 10.510131 -0.000002 -0.000001 -0.000000 0.000000 -2.234890
 27 0.000000 -1.748401 4.999998 -0.000000 0.004007 1.602291
 28 5.500000 -0.000000 0.000001 0.038363 -0.000000 0.000000
 29 -0.000002 -1.940598 5.000002 -0.044472 0.004003 -0.000180
 30 6.551491 0.000000 0.000001 -0.041357 0.253459 0.466558
 31 0.000001 -1.940598 5.000000 -0.027189 -0.053376 0.005295
 32 6.551491 0.000000 0.000001 -0.034899 0.121741 0.227926
 33 -0.000001 -1.940597 4.999996 -0.066572 -0.152786 -0.110311
 34 -0.339739 -0.287042 -1.674054 -1.488536 1.825191 1.311755
 35 6.384776 -0.000001 0.000001 1.152879 -0.554413 -1.956682
 36 10.242680 -0.000000 0.000001 0.000000 0.000000 -0.652206
 37 11.375562 0.000001 0.000003 1.367480 -0.774410 -0.782773
 38 0.728680 0.023429 1.008292 -1.705251 -0.347372 0.567022
 39 2.136497 0.000001 0.000002 0.000000 -0.000000 0.287979
 40 2.313140 0.000001 0.000002 0.000000 0.000000 3.141593
 41 3.115506 -0.886042 0.021431 0.253529 0.012992 0.141302
 42 2.011152 -0.000001 -0.000000 0.000000 0.000000 1.532231
 43 2.141379 0.000000 0.000000 0.000000 0.000000 3.141593
 44 1.734172 -0.000001 0.000000 0.000000 0.000000 0.765986
 45 0.136316 -3.738192 2.525890 1.493698 2.759406 -1.474501
 46 3.726728 -0.053315 2.419487 -0.262762 2.898943 1.398576
 47 11.389365 -0.000822 0.158782 1.397421 -0.369040 -0.369909
 48 -0.000000 -4.440600 0.000002 1.570144 -3.078602 0.004040
 49 6.000000 0.000000 0.000001 1.397421 -0.000000 -0.000000
 50 0.000002 -4.440599 -0.000000 1.569944 -3.078603 0.004053
 51 10.510130 0.000000 0.000002 0.000000 0.000000 -1.896899
 52 -0.000001 -1.748400 -5.000001 3.141593 0.004007 -1.539299
 53 5.499997 -0.000001 0.000000 -0.122041 0.000000 -0.000000
 54 0.000000 -0.000000 -4.999999 -0.044472 3.137589 -0.000177
 55 6.551489 -0.000001 0.000002 0.122041 -0.357100 -0.408503
 56 -1.266844 -1.937442 -4.950561 -0.066572 -2.988806 -0.110308
 57 6.551490 0.000000 -0.000002 0.122041 -0.357100 -0.408503
 58 0.699370 -1.944207 -5.006846 -0.027189 -3.088217 0.005298
 59 4.226145 -0.003202 -0.000001 0.093266 -0.095936 0.194000
 60 -0.000000 4.999999 -0.000001 -0.153564 0.000087 2.718702
 61 0.000005 -0.000005 -3.713578 0.095503 -3.012510 -0.750673
 62 0.000001 0.000001 4.999999 3.053197 1.558589 -0.074927
 63 -0.000006 0.000005 3.713580 -0.334411 -2.825096 -0.524885
 64 -0.000000 -0.000000 -5.000000 -0.088728 1.558589 3.066333
 65 7.363604 1.646647 0.495663 -3.141593 -1.570796 0.000000
 66 -0.000005 0.000005 3.619082 -0.528285 -2.367383 -1.007256
 67 16.573921 -0.000001 0.000002 -0.000000 0.000000 -2.019199
 68 15.128181 0.000000 -0.000003 0.031619 0.086785 -0.033197
 69 5.758665 4.244731 0.000000 0.000000 -0.000000 2.033309
 70 3.177726 0.000000 -0.000000 0.000000 0.000000 3.141593
 71 15.708951 0.000002 -0.000004 0.016155 0.048356 -0.018185
 72 0.275148 0.189215 -3.445208 3.130898 0.000409 -1.514604
 73 17.210192 -0.000002 0.000002 0.000000 -0.000000 -2.322356
 74 0.000001 -0.000000 -5.000000 -0.079433 1.546568 -1.570859
 75 0.000007 -0.000005 -3.619079 0.196495 -3.011952 -1.279118
 76 16.573921 -0.000000 0.000000 -0.000000 -0.000000 -1.611348
 77 15.128181 -0.000001 0.000000 0.214418 -0.027533 0.774389
 78 5.758665 4.244731 -0.000001 -0.000000 -0.000000 1.483530
 79 4.003934 0.000000 0.000000 0.000000 0.000000 0.000000
 80 15.708955 -0.000000 0.000001 0.153371 0.002792 0.528179
 81 0.273998 0.191089 3.439762 -3.130907 -0.000437 -1.508107
 82 17.210192 -0.000000 0.000000 0.000000 -0.000000 -2.138823
 83 0.000001 0.000001 5.000000 -0.079311 1.595025 -1.570737
time 29
  0 1.130557 9.712685 27.009436 -0.281436 0.436358 -2.443536
  1 11.368427 6.770639 -23.418964 -0.498313 0.132926 2.346876
  2 -2.276934 0.000002 -1.238186 -1.570795 -1.570451 0.000000
  3 1.796917 0.715302 -0.003265 1.591841 0.095981 -0.568743
  4 4.118584 -0.003267 0.000298 -0.090540 0.006243 -0.006083
  5 4.118653 -0.003266 0.000292 -0.089493 0.019175 0.013171
  6 4.118650 -0.003265 0.000296 -0.090216 0.009344 0.015340
  7 4.119887 -0.003242 -0.000593 0.171870 -0.197353 0.344168
  8 4.443599 -0.000000 0.000001 0.655751 -0.500807 0.213771
  9 9.024060 0.000001 0.000001 0.000000 0.000000 0.000000
 10 0.339745 0.294118 1.674055 0.799754 -1.191356 2.036754
 11 6.384777 -0.000001 0.000001 -0.089920 0.414360 0.916855
 12 10.242682 -0.000002 -0.000000 0.000000 -0.000000 -1.365735
 13 11.375562 0.000000 0.000002 -0.592194 0.218886 -0.357260
 14 0.728680 0.023431 -1.008293 1.705251 0.347372 0.567022
 15 2.136497 -0.000000 0.000001 -0.000000 0.000000 0.287979
 16 2.313139 -0.000000 -0.000002 0.000000 0.000000 0.000000
 17 3.115506 -0.886041 -0.021433 -0.000782 0.000152 0.191986
 18 2.011151 -0.000002 0.000002 -0.000000 -0.000000 0.659566
 19 2.141379 0.000001 0.000002 0.000000 0.000000 0.000000
 20 1.734172 0.000001 0.000002 -0.000000 -0.000000 0.330185
 21 0.000006 -4.440594 0.000000 1.570544 -0.062990 -0.195737
 22 6.000000 0.000000 0.000001 -0.816616 -0.000000 -0.000000
 23 0.000001 -4.440602 -0.000001 1.569944 -0.062987 0.004053
 24 11.375561 0.000001 0.000004 -1.076574 0.066146 -0.225486
 25 0.000001 -4.440603 0.000001 1.570144 -0.062988 0.004040
 26 10.510128 -0.000001 -0.000001 -0.000000 0.000000 -2.253664
 27 0.000001 -1.748402 4.999999 -0.000000 0.004007 1.602291
 28 5.500000 -0.000002 -0.000002 0.073070 -0.000000 -0.000000
 29 -0.000000 -1.940599 4.999998 -0.044472 0.004003 -0.000180
 30 6.551490 0.000000 0.000003 -0.095395 0.272476 0.557089
 31 0.000001 -1.940599 5.000003 -0.027189 -0.053376 0.005295
 32 6.551490 0.000000 0.000003 -0.064484 0.124885 0.269386
 33 0.000001 -1.940599 4.999998 -0.066572 -0.152786 -0.110311
 34 -0.339737 -0.287043 -1.674055 -1.507892 1.872875 1.299133
 35 6.384777 -0.000000 -0.000000 1.289742 -0.722089 -1.981557
 36 10.242682 0.000001 0.000001 0.000000 0.000000 -0.678334
 37 11.375559 -0.000000 0.000000 1.379371 -0.738952 -0.930769
 38 0.728681 0.023430 1.008293 -1.705251 -0.347372 0.567022
 39 2.136497 0.000001 -0.000000 0.000000 -0.000000 0.287979
 40 2.313139 -0.000000 -0.000001 0.000000 0.000000 3.141593
 41 3.115505 -0.886039 0.021431 0.253529 0.012992 0.141301
 42 2.011152 -0.000002 -0.000001 0.000000 0.000000 1.532231
 43 2.141380 0.000001 0.000001 0.000000 0.000000 3.141593
 44 1.734173 -0.000003 -0.000000 0.000000 0.000000 0.765986
 45 0.136315 -3.738194 2.525891 1.493698 2.759406 -1.474501
 46 3.726728 -0.053310 2.419486 -0.262762 2.898943 1.398576
 47 11.389365 -0.000819 0.158782 1.391104 -0.347255 -0.434248
 48 -0.000000 -4.440598 0.000000 1.570144 -3.078602 0.004040
 49 6.000000 0.000003 0.000001 1.391104 0.000000 -0.000000
 50 0.000001 -4.440602 0.000001 1.569944 -3.078603 0.004053
 51 10.510129 0.000001 0.000001 -0.000000 -0.000000 -1.909963
 52 0.000001 -1.748400 -5.000001 3.141593 0.004007 -1.539299
 53 5.499999 0.000001 0.000000 -0.091339 -0.000000 0.000000
 54 -0.000002 -0.000000 -5.000000 -0.044472 3.137590 -0.000177
 55 6.551491 -0.000001 0.000002 0.091339 -0.400328 -0.364223
 56 -1.266842 -1.937443 -4.950556 -0.066572 -2.988806 -0.110308
 57 6.551491 -0.000001 0.000002 0.091339 -0.400328 -0.364223
 58 0.699371 -1.944208 -5.006845 -0.027189 -3.088217 0.005298
 59 4.226143 -0.003201 -0.000000 0.093266 -0.095936 0.194000
 60 0.000000 5.000000 0.000000 -0.153564 0.000087 2.718702
 61 0.000005 -0.000005 -3.713578 0.095503 -3.012510 -0.750673
 62 0.000001 0.000001 4.999999 3.053197 1.558589 -0.074927
 63 -0.000006 0.000005 3.713580 -0.334411 -2.825096 -0.524885
 64 -0.000000 -0.000000 -5.000000 -0.088728 1.558589 3.066333
 65 7.363604 1.646647 0.495663 -3.141593 -1.570796 0.000000
 66 -0.000005 0.000005 3.619082 -0.528285 -2.367383 -1.007256
 67 16.573921 -0.000001 0.000002 -0.000000 0.000000 -2.019199
 68 15.128181 0.000000 -0.000003 0.031619 0.086785 -0.033197
 69 5.758665 4.244731 0.000000 0.000000 -0.000000 2.033309
 70 3.177726 0.000000 -0.000000 0.000000 0.000000 3.141593
 71 15.708951 0.000002 -0.000004 0.016155 0.048356 -0.018185
 72 0.275148 0.189215 -3.445208 3.130898 0.000409 -1.514604
 73 17.210192 -0.000002 0.000002 0.000000 -0.000000 -2.322356
 74 0.000001 -0.000000 -5.000000 -0.079433 1.546568 -1.570859
 75 0.000007 -0.000005 -3.619079 0.196495 -3.011952 -1.279118
 76 16.573921 -0.000000 0.000000 -0.000000 -0.000000 -1.611348
 77 15.128181 -0.000001 0.000000 0.214418 -0.027533 0.774389
 78 5.758665 4.244731 -0.000001 -0.000000 -0.000000 1.483530
 79 4.003934 0.000000 0.000000 0.000000 0.000000 0.000000
 80 15.708955 -0.000000 0.000001 0.153371 0.002792 0.528179
 81 0.273998 0.191089 3.439762 -3.130907 -0.000437 -1.508107
 82 17.210192 -0.000000 0.000000 0.000000 -0.000000 -2.138823
 83 0.000001 0.000001 5.000000 -0.079311 1.595025 -1.570737
time 30
  0 1.130557 9.712685 27.009436 -0.281436 0.436358 -2.443536
  1 11.368427 6.770639 -23.418964 -0.498313 0.132926 2.346876
  2 -2.276934 0.000002 -1.238186 -1.570795 -1.570451 0.000000
  3 1.796933 0.715532 -0.003241 1.652266 0.131086 -0.578077
  4 4.118588 -0.003250 0.000441 -0.135069 0.024136 -0.007841
  5 4.118587 -0.003250 0.000442 -0.135402 0.042223 -0.010040
  6 4.118592 -0.003250 0.000443 -0.135955 0.026011 -0.008045
  7 4.119889 -0.003241 -0.000594 0.171870 -0.197353 0.344168
  8 4.443601 -0.000002 -0.000000 0.700341 -0.586286 0.264120
  9 9.024060 -0.000000 0.000001 0.000000 0.000000 0.000000
 10 0.339744 0.294118 1.674055 0.854857 -1.171788 1.989346
 11 6.384777 -0.000000 -0.000000 -0.086583 0.454680 1.195739
 12 10.242681 -0.000002 -0.000000 0.000000 0.000000 -1.410911
 13 11.375558 0.000000 0.000001 -0.281169 0.217320 -0.229261
 14 0.728681 0.023431 -1.008291 1.705251 0.347372 0.567022
 15 2.136497 -0.000001 -0.000000 -0.000000 -0.000000 0.287979
 16 2.313139 0.000000 0.000001 0.000000 0.000000 0.000000
 17 3.115507 -0.886040 -0.021431 -0.000782 0.000152 0.191986
 18 2.011152 0.000000 0.000001 0.000000 -0.000000 0.659566
 19 2.141379 0.000000 0.000001 0.000000 0.000000 0.000000
 20 1.734173 0.000001 -0.000000 -0.000000 0.000000 0.330185
 21 0.000006 -4.440592 -0.000001 1.570544 -0.062990 -0.195737
 22 6.000000 -0.000000 -0.000000 -0.565985 -0.000000 0.000000
 23 0.000001 -4.440601 0.000001 1.569944 -0.062987 0.004053
 24 11.375563 0.000001 0.000002 -0.925526 0.072934 -0.171138
 25 -0.000001 -4.440602 -0.000001 1.570144 -0.062988 0.004040
 26 10.510130 -0.000002 -0.000000 0.000000 0.000000 -2.276252
 27 -0.000000 -1.748400 4.999998 -0.000000 0.004007 1.602291
 28 5.499998 -0.000001 0.000002 0.096828 -0.000000 0.000000
 29 -0.000001 -1.940599 5.000000 -0.044472 0.004003 -0.000180
 30 6.551491 -0.000001 0.000001 -0.130287 0.290841 0.661932
 31 0.000000 -1.940599 5.000002 -0.027189 -0.053376 0.005295
 32 6.551491 -0.000001 0.000001 -0.084672 0.126881 0.314059
 33 0.000000 -1.940600 4.999996 -0.066572 -0.152786 -0.110311
 34 -0.339735 -0.287047 -1.674055 -1.522939 1.920611 1.290869
 35 6.384777 0.000000 -0.000000 1.410618 -0.811123 -1.981691
 36 10.242681 0.000001 -0.000000 0.000000 0.000000 -0.596534
 37 11.375561 0.000002 0.000000 1.383919 -0.702615 -1.073603
 38 0.728681 0.023430 1.008294 -1.705251 -0.347372 0.567022
 39 2.136497 0.000001 0.000000 0.000000 -0.000000 0.287979
 40 2.313139 0.000001 0.000002 0.000000 0.000000 3.141593
 41 3.115506 -0.886040 0.021432 0.253529 0.012992 0.141302
 42 2.011151 -0.000000 0.000002 -0.000000 -0.000000 1.532231
 43 2.141380 0.000001 -0.000001 0.000000 0.000000 3.141593
 44 1.734172 0.000001 -0.000001 -0.000000 -0.000000 0.765986
 45 0.136316 -3.738192 2.525891 1.493698 2.759406 -1.474501
 46 3.726728 -0.053312 2.419488 -0.262762 2.898943 1.398576
 47 11.389365 -0.000817 0.158781 1.381955 -0.324815 -0.500698
 48 0.000000 -4.440599 0.000001 1.570144 -3.078602 0.004040
 49 5.999999 0.000000 -0.000001 1.381955 -0.000000 0.000000
 50 0.000002 -4.440601 0.000000 1.569944 -3.078603 0.004053
 51 10.510133 0.000003 0.000001 -0.000000 -0.000000 -1.869063
 52 0.000001 -1.748398 -5.000001 3.141593 0.004007 -1.539299
 53 5.499999 0.000001 -0.000001 -0.079270 0.000000 0.000000
 54 -0.000003 0.000001 -5.000000 -0.044472 3.137589 -0.000177
 55 6.551490 0.000000 0.000000 0.079270 -0.423475 -0.333832
 56 -1.266844 -1.937443 -4.950562 -0.066572 -2.988806 -0.110308
 57 6.551490 0.000000 0.000000 0.079270 -0.423475 -0.333832
 58 0.699370 -1.944208 -5.006847 -0.027189 -3.088217 0.005298
 59 4.226146 -0.003201 -0.000000 0.093266 -0.095936 0.194000
 60 -0.000003 5.000000 0.000001 -0.153564 0.000087 2.718702
 61 0.000005 -0.000005 -3.713578 0.095503 -3.012510 -0.750673
 62 0.000001 0.000001 4.999999 3.053197 1.558589 -0.074927
 63 -0.000006 0.000005 3.713580 -0.334411 -2.825096 -0.524885
 64 -0.000000 -0.000000 -5.000000 -0.088728 1.558589 3.066333
 65 7.363604 1.646647 0.495663 -3.141593 -1.570796 0.000000
 66 -0.000005 0.000005 3.619082 -0.528285 -2.367383 -1.007256
 67 16.573921 -0.000001 0.000002 -0.000000 0.000000 -2.019199
 68 15.128181 0.000000 -0.000003 0.031619 0.086785 -0.033197
 69 5.758665 4.244731 0.000000 0.000000 -0.000000 2.033309
 70 3.177726 0.000000 -0.000000 0.000000 0.000000 3.141593
 71 15.708951 0.000002 -0.000004 0.016155 0.048356 -0.018185
 72 0.275148 0.189215 -3.445208 3.130898 0.000409 -1.514604
 73 17.210192 -0.000002 0.000002 0.000000 -0.000000 -2.322356
 74 0.000001 -0.000000 -5.000000 -0.079433 1.546568 -1.570859
 75 0.000007 -0.000005 -3.619079 0.196495 -3.011952 -1.279118
 76 16.573921 -0.000000 0.000000 -0.000000 -0.000000 -1.611348
 77 15.128181 -0.000001 0.000000 0.214418 -0.027533 0.774389
 78 5.758665 4.244731 -0.000001 -0.000000 -0.000000 1.483530
 79 4.003934 0.000000 0.000000 0.000000 0.000000 0.000000
 80 15.708955 -0.000000 0.000001 0.153371 0.002792 0.528179
 81 0.273998 0.191089 3.439762 -3.130907 -0.000437 -1.508107
 82 17.210192 -0.000000 0.000000 0.000000 -0.000000 -2.138823
 83 0.000001 0.000001 5.000000 -0.079311 1.595025 -1.570737
end
