version 1
nodes
  0 "Bip01"  -1
  1 "Bip01 Footsteps"   0
  2 "Bip01 Pelvis"   0
  3 "Bip01 Spine"   2
  4 "Bip01 Spine1"   3
  5 "Bip01 Spine2"   4
  6 "Bip01 Spine3"   5
  7 "Bip01 Neck"   6
  8 "Bip01 Head"   7
  9 "Dummy21"   8
 10 "Bip01 L Clavicle"   7
 11 "Bip01 L UpperArm"  10
 12 "Bip01 L Forearm"  11
 13 "Bip01 L Hand"  12
 14 "Bip01 L Finger0"  13
 15 "Bip01 L Finger01"  14
 16 "Dummy06"  15
 17 "Bip01 L Finger1"  13
 18 "Bip01 L Finger11"  17
 19 "Dummy03"  18
 20 "-- L knuckle"  17
 21 "-- L knuckle_end"  20
 22 "-- L Forearm twist"  12
 23 "-- L Forearm twist_end"  22
 24 "-- L wrist"  12
 25 "-- L wrist_end"  24
 26 "-- L Elbow"  11
 27 "--L Elbow_end"  26
 28 "-- L bicep twist"  11
 29 "-- L bicep twist_end"  28
 30 "-- L shoulder outside"  10
 31 "-- L shoulder outside_end"  30
 32 "-- L Shoulder inside"  10
 33 "-- L Shoulder inside_end"  32
 34 "Bip01 R Clavicle"   7
 35 "Bip01 R UpperArm"  34
 36 "Bip01 R Forearm"  35
 37 "Bip01 R Hand"  36
 38 "Bip01 R Finger0"  37
 39 "Bip01 R Finger01"  38
 40 "Dummy01"  39
 41 "Bip01 R Finger1"  37
 42 "Bip01 R Finger11"  41
 43 "Dummy02"  42
 44 "-- R knuckle"  41
 45 "Point06"  44
 46 "Cylinder01"  37
 47 "-- R wrist"  36
 48 "-- R wrist_end"  47
 49 "-- R forearm twist"  36
 50 "-- R forearm twist_end"  49
 51 "-- R Elbow"  35
 52 "--R Elbow_end"  51
 53 "-- R bicep twist"  35
 54 "-- R bicep twist_end"  53
 55 "-- R Shoulder inside"  34
 56 "-- R Shoulder inside_end"  55
 57 "-- R shoulder outside"  34
 58 "-- R shoulder outside_end"  57
 59 "-- Neck smooth"   6
 60 "-- neck smooth end"  59
 61 "-- R Butt"   2
 62 "--R Butt_end"  61
 63 "-- L butt"   2
 64 "--L butt_end"  63
 65 "GIGN01"   2
 66 "Bip01 L Thigh"   2
 67 "Bip01 L Calf"  66
 68 "Bip01 L Foot"  67
 69 "Bip01 L Toe0"  68
 70 "Dummy16"  69
 71 "-- L ankle"  67
 72 "-- L ankleend"  71
 73 "-- L Knee"  66
 74 "--L Knee_end"  73
 75 "Bip01 R Thigh"   2
 76 "Bip01 R Calf"  75
 77 "Bip01 R Foot"  76
 78 "Bip01 R Toe0"  77
 79 "Dummy11"  78
 80 "-- R Ankle"  76
 81 "-- R ankleend"  80
 82 "-- R Knee"  75
 83 "--R Knee_end"  82
end
skeleton
time 0
  0 1.130557 9.712686 27.009436 -0.281436 0.436358 -2.443536
  1 11.368428 6.770639 -23.418964 -0.498313 0.132926 2.346876
  2 -2.276933 0.000003 -1.238186 -1.570795 -1.570451 0.000000
  3 1.795560 0.712271 0.000619 -0.192812 -0.158949 -0.482794
  4 4.118354 -0.003135 0.000925 -0.288679 0.119858 -0.115811
  5 4.119593 -0.002984 0.000935 -0.307666 0.346722 0.212905
  6 4.119027 -0.003166 0.000743 -0.231063 0.146819 0.098735
  7 4.120766 -0.002797 -0.000001 -0.000130 -0.161209 0.659376
  8 4.443599 -0.000000 0.000001 0.178802 -0.212976 -0.983993
  9 9.024064 0.000001 -0.000000 0.000000 0.000000 0.000000
 10 0.278121 0.003312 1.710255 1.155701 -1.225616 1.383956
 11 6.384776 -0.000001 0.000005 -0.064355 0.311508 -0.895730
 12 10.242682 0.000001 -0.000000 0.000000 -0.000000 -1.117589
 13 11.375559 -0.000000 -0.000000 -0.895275 0.306469 0.157725
 14 0.728682 0.023432 -1.008292 1.705251 0.347372 0.567022
 15 2.136497 0.000000 -0.000001 -0.000000 -0.000000 0.287979
 16 2.313140 -0.000001 -0.000001 0.000000 0.000000 0.000000
 17 3.115507 -0.886040 -0.021432 -0.000782 0.000152 0.191986
 18 2.011151 -0.000000 -0.000000 -0.000000 -0.000000 0.659566
 19 2.141380 -0.000002 -0.000000 0.000000 0.000000 0.000000
 20 1.734171 0.000000 -0.000000 -0.000000 -0.000000 0.330185
 21 0.000006 -4.440593 0.000001 1.570544 -0.062990 -0.195737
 22 5.999998 0.000000 0.000001 -1.062736 0.000000 -0.000000
 23 0.000001 -4.440603 0.000000 1.569944 -0.062987 0.004053
 24 11.375560 0.000002 0.000001 -1.242062 0.182654 0.056650
 25 -0.000001 -4.440603 -0.000000 1.570144 -0.062988 0.004040
 26 10.510130 0.000001 0.000001 0.000000 0.000000 -2.129591
 27 -0.000000 -1.748401 5.000000 -0.000000 0.004007 1.602291
 28 5.500001 0.000000 -0.000002 -0.006335 -0.000000 0.000000
 29 -0.000001 -1.940598 5.000001 -0.044472 0.004003 -0.000180
 30 6.551491 -0.000001 0.000001 -0.015490 0.224282 -0.559849
 31 0.000001 -1.940598 5.000003 -0.027189 -0.053376 0.005295
 32 6.551491 -0.000001 0.000001 0.008158 0.109837 -0.269359
 33 0.000000 -1.940599 4.999994 -0.066572 -0.152786 -0.110311
 34 -0.278117 0.003764 -1.710254 1.257844 0.700033 -2.566648
 35 6.384776 -0.000000 0.000001 1.604908 -0.519215 0.463603
 36 10.242683 -0.000001 0.000002 -0.000000 0.000000 -1.739011
 37 11.375559 -0.000000 0.000001 1.324957 0.437160 -0.061565
 38 0.728680 0.023430 1.008293 -1.705251 -0.347372 0.567022
 39 2.136496 0.000000 -0.000002 -0.000000 -0.000000 0.287979
 40 2.313140 0.000001 0.000001 0.000000 0.000000 3.141593
 41 3.115504 -0.886041 0.021431 0.253529 0.012992 0.141302
 42 2.011154 0.000001 -0.000000 -0.000000 -0.000000 1.532231
 43 2.141379 -0.000001 -0.000000 0.000000 0.000000 3.141593
 44 1.734175 -0.000002 0.000000 0.000000 -0.000000 0.765986
 45 0.136314 -3.738194 2.525890 1.493698 2.759406 -1.474501
 46 3.726726 -0.053312 2.419487 -0.262762 2.898943 1.398576
 47 11.389365 -0.000820 0.158781 1.453458 0.235665 -0.016953
 48 0.000002 -4.440600 0.000001 1.570144 -3.078602 0.004040
 49 5.999997 0.000000 0.000001 1.453458 0.000000 0.000000
 50 0.000003 -4.440601 0.000002 1.569944 -3.078603 0.004053
 51 10.510132 0.000001 0.000003 -0.000000 0.000000 -2.440302
 52 -0.000001 -1.748400 -5.000001 -3.141593 0.004007 -1.539299
 53 5.500000 0.000000 0.000002 -0.457071 -0.000000 0.000000
 54 -0.000001 -0.000002 -5.000000 -0.044472 3.137590 -0.000177
 55 6.551491 -0.000000 0.000002 0.457071 -0.034673 0.253005
 56 -1.266843 -1.937443 -4.950560 -0.066572 -2.988806 -0.110308
 57 6.551491 -0.000000 0.000002 0.457071 -0.034673 0.253005
 58 0.699370 -1.944208 -5.006847 -0.027189 -3.088217 0.005298
 59 4.226145 -0.003202 -0.000000 0.012404 -0.081591 0.337048
 60 -0.000001 5.000000 0.000000 -0.153564 0.000087 2.718702
 61 0.000005 -0.000004 -3.713578 0.095503 -3.012510 -0.750673
 62 0.000003 0.000000 4.999999 3.053197 1.558589 -0.074927
 63 -0.000006 0.000006 3.713580 -0.334411 -2.825096 -0.524885
 64 -0.000001 -0.000001 -5.000000 -0.088728 1.558589 3.066333
 65 7.363603 1.646647 0.495663 -3.141593 -1.570796 0.000000
 66 -0.000006 0.000006 3.619082 -0.528285 -2.367383 -1.007256
 67 16.573921 -0.000001 0.000002 -0.000000 0.000000 -2.019199
 68 15.128181 0.000000 -0.000003 0.031619 0.086785 -0.033197
 69 5.758666 4.244731 0.000000 0.000000 -0.000000 2.033309
 70 3.177726 0.000001 -0.000000 0.000000 0.000000 3.141593
 71 15.708951 0.000002 -0.000004 0.016155 0.048356 -0.018185
 72 0.275149 0.189215 -3.445208 3.130898 0.000409 -1.514604
 73 17.210190 -0.000001 0.000002 0.000000 -0.000000 -2.322356
 74 0.000001 -0.000000 -5.000000 -0.079433 1.546568 -1.570859
 75 0.000006 -0.000004 -3.619079 0.196495 -3.011952 -1.279118
 76 16.573919 -0.000000 0.000000 -0.000000 -0.000000 -1.611348
 77 15.128181 -0.000001 0.000000 0.214418 -0.027533 0.774389
 78 5.758665 4.244730 -0.000000 -0.000000 -0.000000 1.483530
 79 4.003934 0.000000 -0.000000 0.000000 0.000000 0.000000
 80 15.708955 -0.000000 0.000001 0.153371 0.002792 0.528179
 81 0.273997 0.191089 3.439762 -3.130907 -0.000437 -1.508107
 82 17.210192 -0.000000 0.000000 0.000000 -0.000000 -2.138823
 83 0.000001 0.000001 5.000000 -0.079311 1.595025 -1.570737
time 1
  0 1.130557 9.712686 27.009436 -0.281436 0.436358 -2.443536
  1 11.368428 6.770639 -23.418964 -0.498313 0.132926 2.346876
  2 -2.276933 0.000003 -1.238186 -1.570795 -1.570451 0.000000
  3 1.795556 0.712266 0.000585 -0.181607 -0.140967 -0.488584
  4 4.118345 -0.003145 0.000893 -0.277094 0.116538 -0.114662
  5 4.119592 -0.002995 0.000901 -0.295330 0.336895 0.217320
  6 4.119022 -0.003175 0.000704 -0.217459 0.091658 0.110910
  7 4.120549 -0.002956 -0.000010 0.002738 -0.120300 0.581848
  8 4.443597 0.000002 -0.000000 0.138730 -0.092569 -0.976203
  9 9.024061 0.000001 0.000000 0.000000 0.000000 0.000000
 10 0.207942 0.008246 1.720192 0.968283 -1.267041 1.634382
 11 6.384776 -0.000001 -0.000001 0.031786 0.334222 -0.681785
 12 10.242682 -0.000001 0.000001 -0.000000 0.000000 -1.204691
 13 11.375559 -0.000000 0.000002 -0.914140 0.216726 0.084887
 14 0.728680 0.023431 -1.008292 1.705251 0.347372 0.567022
 15 2.136496 -0.000000 -0.000000 -0.000000 0.000000 0.287979
 16 2.313139 -0.000000 -0.000001 0.000000 0.000000 0.000000
 17 3.115507 -0.886039 -0.021432 -0.000782 0.000152 0.191986
 18 2.011151 0.000000 -0.000000 -0.000000 -0.000000 0.659566
 19 2.141380 -0.000001 0.000001 0.000000 0.000000 0.000000
 20 1.734171 -0.000000 0.000000 -0.000000 0.000000 0.330185
 21 0.000004 -4.440593 0.000001 1.570544 -0.062990 -0.195737
 22 5.999999 0.000000 -0.000000 -1.075078 -0.000000 -0.000000
 23 0.000001 -4.440599 0.000000 1.569944 -0.062987 0.004053
 24 11.375560 0.000001 0.000003 -1.246228 0.129213 0.027123
 25 -0.000001 -4.440603 -0.000000 1.570144 -0.062988 0.004040
 26 10.510130 0.000000 0.000003 0.000000 0.000000 -2.173142
 27 -0.000000 -1.748401 4.999999 -0.000000 0.004007 1.602291
 28 5.500000 0.000000 0.000002 -0.033461 0.000000 -0.000000
 29 -0.000002 -1.940598 5.000000 -0.044472 0.004003 -0.000180
 30 6.551491 -0.000001 -0.000001 0.033351 0.235942 -0.493449
 31 -0.000000 -1.940598 5.000003 -0.027189 -0.053376 0.005295
 32 6.551491 -0.000001 -0.000001 0.030724 0.113279 -0.240434
 33 -0.000001 -1.940598 4.999998 -0.066572 -0.152786 -0.110311
 34 -0.207942 -0.001165 -1.720192 1.201512 0.872656 -2.550489
 35 6.384776 0.000000 -0.000000 1.627862 -0.258644 0.561041
 36 10.242682 0.000002 0.000001 0.000000 0.000000 -1.772300
 37 11.375563 -0.000000 -0.000000 1.121060 0.671965 0.037248
 38 0.728682 0.023431 1.008292 -1.705251 -0.347372 0.567022
 39 2.136496 0.000000 0.000001 0.000000 0.000000 0.287979
 40 2.313140 0.000000 -0.000000 0.000000 0.000000 3.141593
 41 3.115507 -0.886042 0.021431 0.253529 0.012992 0.141301
 42 2.011155 0.000001 -0.000000 0.000000 -0.000000 1.532231
 43 2.141380 -0.000000 -0.000000 0.000000 0.000000 3.141593
 44 1.734174 -0.000001 -0.000000 -0.000000 0.000000 0.765986
 45 0.136315 -3.738192 2.525890 1.493698 2.759406 -1.474501
 46 3.726727 -0.053314 2.419487 -0.262762 2.898943 1.398576
 47 11.389370 -0.000819 0.158781 1.355101 0.344697 0.064761
 48 0.000002 -4.440598 0.000000 1.570144 -3.078602 0.004040
 49 6.000000 -0.000000 -0.000000 1.355101 0.000000 -0.000000
 50 0.000002 -4.440599 0.000001 1.569944 -3.078603 0.004053
 51 10.510130 0.000000 0.000002 -0.000000 -0.000000 -2.456947
 52 0.000000 -1.748399 -5.000000 -3.141593 0.004007 -1.539299
 53 5.500000 0.000002 0.000001 -0.468912 0.000000 -0.000000
 54 -0.000001 -0.000002 -5.000000 -0.044472 3.137589 -0.000177
 55 6.551491 -0.000000 -0.000001 0.468912 0.053510 0.229043
 56 -1.266842 -1.937445 -4.950558 -0.066572 -2.988806 -0.110308
 57 6.551491 -0.000000 -0.000001 0.468912 0.053510 0.229043
 58 0.699371 -1.944209 -5.006848 -0.027189 -3.088217 0.005298
 59 4.226147 -0.003201 0.000000 0.009366 -0.061101 0.303593
 60 0.000000 5.000002 -0.000000 -0.153564 0.000087 2.718702
 61 0.000005 -0.000004 -3.713578 0.095503 -3.012510 -0.750673
 62 0.000003 0.000000 4.999999 3.053197 1.558589 -0.074927
 63 -0.000006 0.000006 3.713580 -0.334411 -2.825096 -0.524885
 64 -0.000001 -0.000001 -5.000000 -0.088728 1.558589 3.066333
 65 7.363603 1.646647 0.495663 -3.141593 -1.570796 0.000000
 66 -0.000006 0.000006 3.619082 -0.528285 -2.367383 -1.007256
 67 16.573921 -0.000001 0.000002 -0.000000 0.000000 -2.019199
 68 15.128181 0.000000 -0.000003 0.031619 0.086785 -0.033197
 69 5.758666 4.244731 0.000000 0.000000 -0.000000 2.033309
 70 3.177726 0.000001 -0.000000 0.000000 0.000000 3.141593
 71 15.708951 0.000002 -0.000004 0.016155 0.048356 -0.018185
 72 0.275149 0.189215 -3.445208 3.130898 0.000409 -1.514604
 73 17.210190 -0.000001 0.000002 0.000000 -0.000000 -2.322356
 74 0.000001 -0.000000 -5.000000 -0.079433 1.546568 -1.570859
 75 0.000006 -0.000004 -3.619079 0.196495 -3.011952 -1.279118
 76 16.573919 -0.000000 0.000000 -0.000000 -0.000000 -1.611348
 77 15.128181 -0.000001 0.000000 0.214418 -0.027533 0.774389
 78 5.758665 4.244730 -0.000000 -0.000000 -0.000000 1.483530
 79 4.003934 0.000000 -0.000000 0.000000 0.000000 0.000000
 80 15.708955 -0.000000 0.000001 0.153371 0.002792 0.528179
 81 0.273997 0.191089 3.439762 -3.130907 -0.000437 -1.508107
 82 17.210192 -0.000000 0.000000 0.000000 -0.000000 -2.138823
 83 0.000001 0.000001 5.000000 -0.079311 1.595025 -1.570737
time 2
  0 1.130557 9.712686 27.009436 -0.281436 0.436358 -2.443536
  1 11.368428 6.770639 -23.418964 -0.498313 0.132926 2.346876
  2 -2.276933 0.000003 -1.238186 -1.570795 -1.570451 0.000000
  3 1.795562 0.712250 0.000524 -0.161878 -0.111727 -0.492297
  4 4.118341 -0.003163 0.000823 -0.254684 0.112488 -0.111337
  5 4.119585 -0.003016 0.000835 -0.271685 0.321478 0.226405
  6 4.119019 -0.003191 0.000631 -0.194138 0.032942 0.122998
  7 4.120287 -0.003112 -0.000009 0.002573 -0.078444 0.495832
  8 4.443595 0.000000 -0.000000 0.047065 0.026730 -0.986777
  9 9.024058 -0.000000 -0.000000 0.000000 0.000000 0.000000
 10 0.135779 0.007979 1.727387 0.727696 -1.294100 1.947569
 11 6.384777 0.000000 0.000001 0.130116 0.303143 -0.499754
 12 10.242682 -0.000001 0.000003 -0.000000 -0.000000 -1.306761
 13 11.375561 0.000001 -0.000001 -0.926720 0.119089 0.009737
 14 0.728680 0.023431 -1.008292 1.705251 0.347372 0.567022
 15 2.136497 0.000000 0.000000 0.000000 0.000000 0.287979
 16 2.313138 -0.000000 0.000000 0.000000 0.000000 0.000000
 17 3.115506 -0.886041 -0.021431 -0.000782 0.000152 0.191986
 18 2.011152 0.000000 -0.000000 -0.000000 -0.000000 0.659566
 19 2.141377 -0.000001 0.000000 0.000000 0.000000 0.000000
 20 1.734173 0.000001 -0.000000 -0.000000 0.000000 0.330185
 21 0.000006 -4.440594 0.000001 1.570544 -0.062990 -0.195737
 22 5.999999 0.000001 0.000000 -1.083716 -0.000000 0.000000
 23 0.000001 -4.440600 0.000000 1.569944 -0.062987 0.004053
 24 11.375559 0.000001 0.000003 -1.249418 0.068517 -0.005707
 25 -0.000001 -4.440601 0.000001 1.570144 -0.062988 0.004040
 26 10.510131 -0.000002 0.000003 -0.000000 -0.000000 -2.224177
 27 -0.000000 -1.748402 4.999999 -0.000000 0.004007 1.602291
 28 5.500000 -0.000001 0.000004 -0.059546 -0.000000 -0.000000
 29 -0.000000 -1.940598 5.000001 -0.044472 0.004003 -0.000180
 30 6.551492 0.000000 0.000001 0.082001 0.225272 -0.434083
 31 -0.000000 -1.940598 5.000003 -0.027189 -0.053376 0.005295
 32 6.551492 0.000001 0.000000 0.052303 0.106414 -0.214466
 33 0.000000 -1.940599 4.999993 -0.066572 -0.152786 -0.110311
 34 -0.135781 -0.000902 -1.727387 1.077215 1.066627 -2.587957
 35 6.384776 -0.000000 -0.000003 1.626611 0.055614 0.636314
 36 10.242681 -0.000002 -0.000000 0.000000 -0.000000 -1.706476
 37 11.375562 0.000001 0.000000 0.771513 0.920178 -0.059881
 38 0.728681 0.023429 1.008292 -1.705251 -0.347372 0.567022
 39 2.136499 -0.000001 -0.000001 0.000000 0.000000 0.287979
 40 2.313141 -0.000000 0.000000 0.000000 0.000000 3.141593
 41 3.115507 -0.886043 0.021431 0.253529 0.012992 0.141302
 42 2.011148 -0.000002 -0.000000 -0.000000 -0.000000 1.532231
 43 2.141380 -0.000000 -0.000000 0.000000 0.000000 3.141593
 44 1.734169 -0.000002 -0.000001 -0.000000 -0.000000 0.765986
 45 0.136318 -3.738192 2.525891 1.493698 2.759406 -1.474501
 46 3.726729 -0.053314 2.419487 -0.262762 2.898943 1.398576
 47 11.389368 -0.000819 0.158780 1.224747 0.465103 0.081184
 48 0.000000 -4.440602 0.000001 1.570144 -3.078602 0.004040
 49 6.000001 0.000001 -0.000000 1.224747 -0.000000 -0.000000
 50 0.000003 -4.440601 0.000001 1.569944 -3.078603 0.004053
 51 10.510132 -0.000001 0.000001 0.000000 0.000000 -2.424034
 52 0.000002 -1.748398 -5.000001 3.141593 0.004007 -1.539299
 53 5.500000 -0.000002 -0.000000 -0.462614 0.000000 0.000000
 54 -0.000001 -0.000003 -5.000000 -0.044472 3.137590 -0.000177
 55 6.551490 0.000000 -0.000003 0.462614 0.152964 0.181432
 56 -1.266843 -1.937444 -4.950561 -0.066572 -2.988806 -0.110308
 57 6.551490 0.000000 -0.000003 0.462614 0.152964 0.181432
 58 0.699370 -1.944208 -5.006847 -0.027189 -3.088217 0.005298
 59 4.226143 -0.003201 -0.000000 0.005591 -0.040191 0.264955
 60 -0.000001 5.000000 0.000000 -0.153564 0.000087 2.718702
 61 0.000005 -0.000004 -3.713578 0.095503 -3.012510 -0.750673
 62 0.000003 0.000000 4.999999 3.053197 1.558589 -0.074927
 63 -0.000006 0.000006 3.713580 -0.334411 -2.825096 -0.524885
 64 -0.000001 -0.000001 -5.000000 -0.088728 1.558589 3.066333
 65 7.363603 1.646647 0.495663 -3.141593 -1.570796 0.000000
 66 -0.000006 0.000006 3.619082 -0.528285 -2.367383 -1.007256
 67 16.573921 -0.000001 0.000002 -0.000000 0.000000 -2.019199
 68 15.128181 0.000000 -0.000003 0.031619 0.086785 -0.033197
 69 5.758666 4.244731 0.000000 0.000000 -0.000000 2.033309
 70 3.177726 0.000001 -0.000000 0.000000 0.000000 3.141593
 71 15.708951 0.000002 -0.000004 0.016155 0.048356 -0.018185
 72 0.275149 0.189215 -3.445208 3.130898 0.000409 -1.514604
 73 17.210190 -0.000001 0.000002 0.000000 -0.000000 -2.322356
 74 0.000001 -0.000000 -5.000000 -0.079433 1.546568 -1.570859
 75 0.000006 -0.000004 -3.619079 0.196495 -3.011952 -1.279118
 76 16.573919 -0.000000 0.000000 -0.000000 -0.000000 -1.611348
 77 15.128181 -0.000001 0.000000 0.214418 -0.027533 0.774389
 78 5.758665 4.244730 -0.000000 -0.000000 -0.000000 1.483530
 79 4.003934 0.000000 -0.000000 0.000000 0.000000 0.000000
 80 15.708955 -0.000000 0.000001 0.153371 0.002792 0.528179
 81 0.273997 0.191089 3.439762 -3.130907 -0.000437 -1.508107
 82 17.210192 -0.000000 0.000000 0.000000 -0.000000 -2.138823
 83 0.000001 0.000001 5.000000 -0.079311 1.595025 -1.570737
time 3
  0 1.130557 9.712686 27.009436 -0.281436 0.436358 -2.443536
  1 11.368428 6.770639 -23.418964 -0.498313 0.132926 2.346876
  2 -2.276933 0.000003 -1.238186 -1.570795 -1.570451 0.000000
  3 1.795579 0.712226 0.000436 -0.133881 -0.070843 -0.492274
  4 4.118344 -0.003190 0.000715 -0.221164 0.107718 -0.105722
  5 4.119580 -0.003043 0.000736 -0.236699 0.300212 0.239866
  6 4.119018 -0.003210 0.000525 -0.160769 -0.029582 0.133414
  7 4.120074 -0.003220 0.000004 -0.001190 -0.038607 0.427847
  8 4.443595 0.000002 -0.000001 -0.087931 0.104600 -1.030194
  9 9.024061 -0.000000 0.000000 0.000000 0.000000 0.000000
 10 0.066877 0.001475 1.731428 0.463929 -1.301530 2.267571
 11 6.384777 -0.000000 0.000002 0.206972 0.225653 -0.365042
 12 10.242682 -0.000001 0.000000 -0.000000 -0.000000 -1.418186
 13 11.375561 0.000001 0.000000 -0.931917 0.016520 -0.066844
 14 0.728680 0.023433 -1.008292 1.705251 0.347372 0.567022
 15 2.136497 0.000000 -0.000000 0.000000 0.000000 0.287979
 16 2.313139 0.000001 0.000000 0.000000 0.000000 0.000000
 17 3.115507 -0.886040 -0.021431 -0.000782 0.000152 0.191986
 18 2.011151 0.000001 0.000000 -0.000000 0.000000 0.659566
 19 2.141379 -0.000001 0.000001 0.000000 0.000000 0.000000
 20 1.734172 0.000001 0.000000 -0.000000 0.000000 0.330185
 21 0.000006 -4.440593 0.000001 1.570544 -0.062990 -0.195737
 22 6.000000 0.000001 -0.000001 -1.087166 0.000000 -0.000000
 23 0.000001 -4.440602 0.000001 1.569944 -0.062987 0.004053
 24 11.375561 0.000000 0.000004 -1.251141 0.003156 -0.040353
 25 -0.000001 -4.440605 0.000001 1.570144 -0.062988 0.004040
 26 10.510129 -0.000001 0.000002 -0.000000 -0.000000 -2.279889
 27 -0.000000 -1.748401 4.999998 -0.000000 0.004007 1.602290
 28 5.499999 -0.000000 0.000001 -0.082751 -0.000000 0.000000
 29 -0.000000 -1.940599 5.000000 -0.044472 0.004003 -0.000180
 30 6.551492 -0.000000 0.000002 0.126982 0.183420 -0.382891
 31 0.000002 -1.940600 5.000000 -0.027189 -0.053376 0.005295
 32 6.551492 -0.000000 0.000002 0.071348 0.084752 -0.191618
 33 0.000001 -1.940599 4.999997 -0.066572 -0.152786 -0.110311
 34 -0.066879 0.005604 -1.731429 0.852660 1.239333 -2.736637
 35 6.384777 0.000000 0.000003 1.640827 0.197956 0.713627
 36 10.242682 0.000001 0.000000 -0.000000 -0.000000 -1.553730
 37 11.375558 -0.000000 -0.000001 0.281201 1.094236 -0.426902
 38 0.728682 0.023431 1.008294 -1.705251 -0.347372 0.567022
 39 2.136497 -0.000001 -0.000002 0.000000 0.000000 0.287979
 40 2.313139 -0.000001 0.000003 0.000000 0.000000 3.141593
 41 3.115506 -0.886042 0.021432 0.253529 0.012992 0.141301
 42 2.011151 0.000002 0.000001 -0.000000 -0.000000 1.532231
 43 2.141377 0.000000 -0.000001 0.000000 0.000000 3.141593
 44 1.734172 -0.000000 -0.000001 -0.000000 0.000000 0.765986
 45 0.136317 -3.738192 2.525892 1.493698 2.759406 -1.474501
 46 3.726727 -0.053314 2.419487 -0.262762 2.898943 1.398576
 47 11.389368 -0.000819 0.158781 1.113490 0.580699 0.041722
 48 0.000001 -4.440598 0.000001 1.570144 -3.078602 0.004040
 49 5.999999 -0.000000 -0.000001 1.113490 -0.000000 0.000000
 50 0.000001 -4.440600 0.000000 1.569944 -3.078603 0.004053
 51 10.510132 0.000001 0.000000 -0.000000 -0.000000 -2.347661
 52 0.000001 -1.748399 -5.000000 -3.141593 0.004007 -1.539299
 53 5.500000 0.000000 -0.000001 -0.452270 0.000000 -0.000000
 54 -0.000001 -0.000001 -5.000000 -0.044472 3.137589 -0.000177
 55 6.551491 0.000001 0.000000 0.452270 0.196553 0.161655
 56 -1.266845 -1.937444 -4.950561 -0.066572 -2.988806 -0.110308
 57 6.551491 0.000001 0.000000 0.452270 0.196553 0.161655
 58 0.699369 -1.944209 -5.006847 -0.027189 -3.088217 0.005298
 59 4.226146 -0.003201 -0.000000 0.001176 -0.020089 0.233060
 60 -0.000001 5.000002 0.000000 -0.153564 0.000087 2.718702
 61 0.000005 -0.000004 -3.713578 0.095503 -3.012510 -0.750673
 62 0.000003 0.000000 4.999999 3.053197 1.558589 -0.074927
 63 -0.000006 0.000006 3.713580 -0.334411 -2.825096 -0.524885
 64 -0.000001 -0.000001 -5.000000 -0.088728 1.558589 3.066333
 65 7.363603 1.646647 0.495663 -3.141593 -1.570796 0.000000
 66 -0.000006 0.000006 3.619082 -0.528285 -2.367383 -1.007256
 67 16.573921 -0.000001 0.000002 -0.000000 0.000000 -2.019199
 68 15.128181 0.000000 -0.000003 0.031619 0.086785 -0.033197
 69 5.758666 4.244731 0.000000 0.000000 -0.000000 2.033309
 70 3.177726 0.000001 -0.000000 0.000000 0.000000 3.141593
 71 15.708951 0.000002 -0.000004 0.016155 0.048356 -0.018185
 72 0.275149 0.189215 -3.445208 3.130898 0.000409 -1.514604
 73 17.210190 -0.000001 0.000002 0.000000 -0.000000 -2.322356
 74 0.000001 -0.000000 -5.000000 -0.079433 1.546568 -1.570859
 75 0.000006 -0.000004 -3.619079 0.196495 -3.011952 -1.279118
 76 16.573919 -0.000000 0.000000 -0.000000 -0.000000 -1.611348
 77 15.128181 -0.000001 0.000000 0.214418 -0.027533 0.774389
 78 5.758665 4.244730 -0.000000 -0.000000 -0.000000 1.483530
 79 4.003934 0.000000 -0.000000 0.000000 0.000000 0.000000
 80 15.708955 -0.000000 0.000001 0.153371 0.002792 0.528179
 81 0.273997 0.191089 3.439762 -3.130907 -0.000437 -1.508107
 82 17.210192 -0.000000 0.000000 0.000000 -0.000000 -2.138823
 83 0.000001 0.000001 5.000000 -0.079311 1.595025 -1.570737
time 4
  0 1.130557 9.712686 27.009436 -0.281436 0.436358 -2.443536
  1 11.368428 6.770639 -23.418964 -0.498313 0.132926 2.346876
  2 -2.276933 0.000003 -1.238186 -1.570795 -1.570451 0.000000
  3 1.795610 0.712195 0.000322 -0.098559 -0.019312 -0.487144
  4 4.118348 -0.003219 0.000575 -0.177482 0.102222 -0.098037
  5 4.119582 -0.003071 0.000603 -0.191725 0.273322 0.256632
  6 4.119024 -0.003230 0.000384 -0.117974 -0.095670 0.140304
  7 4.119992 -0.003253 0.000024 -0.006679 -0.003543 0.404311
  8 4.443602 0.000000 -0.000001 -0.242779 0.112843 -1.097598
  9 9.024061 -0.000000 0.000001 0.000000 0.000000 0.000000
 10 0.006140 -0.008039 1.732670 0.221082 -1.292426 2.524036
 11 6.384776 0.000000 0.000002 0.251394 0.119191 -0.281033
 12 10.242682 -0.000001 0.000000 -0.000000 -0.000000 -1.533354
 13 11.375561 0.000002 0.000000 -0.929145 -0.087855 -0.144445
 14 0.728680 0.023430 -1.008292 1.705251 0.347372 0.567022
 15 2.136497 0.000001 -0.000000 0.000000 0.000000 0.287979
 16 2.313138 0.000000 -0.000001 0.000000 0.000000 0.000000
 17 3.115506 -0.886042 -0.021430 -0.000782 0.000152 0.191986
 18 2.011151 -0.000001 0.000001 0.000000 -0.000000 0.659566
 19 2.141381 0.000001 -0.000000 0.000000 0.000000 0.000000
 20 1.734172 0.000001 0.000001 0.000000 -0.000000 0.330185
 21 0.000007 -4.440593 0.000001 1.570544 -0.062990 -0.195737
 22 6.000000 0.000001 0.000000 -1.084912 -0.000000 -0.000000
 23 0.000000 -4.440604 0.000001 1.569944 -0.062987 0.004053
 24 11.375561 0.000001 0.000005 -1.251250 -0.062857 -0.074773
 25 -0.000001 -4.440603 0.000000 1.570144 -0.062988 0.004040
 26 10.510130 -0.000002 -0.000001 -0.000000 -0.000000 -2.337473
 27 -0.000000 -1.748402 5.000001 -0.000000 0.004007 1.602290
 28 5.499999 -0.000001 0.000000 -0.100646 -0.000000 0.000000
 29 -0.000001 -1.940598 5.000000 -0.044472 0.004003 -0.000180
 30 6.551491 0.000000 0.000001 0.163669 0.105018 -0.343639
 31 0.000000 -1.940598 5.000001 -0.027189 -0.053376 0.005295
 32 6.551491 0.000000 0.000001 0.085823 0.045253 -0.172904
 33 -0.000000 -1.940599 4.999997 -0.066572 -0.152786 -0.110311
 34 -0.006132 0.015115 -1.732672 0.437222 1.369740 -3.116708
 35 6.384777 -0.000001 0.000000 1.616088 0.174189 0.914635
 36 10.242683 0.000002 -0.000000 0.000000 0.000000 -1.315908
 37 11.375561 0.000000 -0.000000 -0.315699 1.218914 -1.025080
 38 0.728680 0.023429 1.008292 -1.705251 -0.347372 0.567022
 39 2.136497 -0.000000 -0.000000 -0.000000 -0.000000 0.287979
 40 2.313139 -0.000000 -0.000000 0.000000 0.000000 3.141593
 41 3.115505 -0.886042 0.021432 0.253529 0.012992 0.141301
 42 2.011150 -0.000000 -0.000000 -0.000000 -0.000000 1.532231
 43 2.141378 -0.000001 0.000000 0.000000 0.000000 3.141593
 44 1.734172 -0.000002 0.000000 0.000000 -0.000000 0.765986
 45 0.136317 -3.738192 2.525892 1.493698 2.759406 -1.474501
 46 3.726728 -0.053314 2.419488 -0.262762 2.898943 1.398576
 47 11.389364 -0.000820 0.158781 1.077116 0.712490 0.006880
 48 0.000000 -4.440598 -0.000000 1.570144 -3.078602 0.004040
 49 6.000000 -0.000001 -0.000002 1.077115 -0.000000 0.000000
 50 0.000005 -4.440600 -0.000001 1.569944 -3.078603 0.004053
 51 10.510132 0.000004 0.000001 0.000000 0.000000 -2.228750
 52 -0.000002 -1.748398 -4.999999 -3.141593 0.004007 -1.539299
 53 5.500000 0.000003 -0.000000 -0.441704 -0.000000 0.000000
 54 -0.000000 -0.000001 -4.999999 -0.044472 3.137589 -0.000177
 55 6.551492 -0.000001 0.000000 0.441704 0.201274 0.190238
 56 -1.266845 -1.937443 -4.950560 -0.066572 -2.988806 -0.110308
 57 6.551492 -0.000001 0.000000 0.441704 0.201274 0.190238
 58 0.699368 -1.944208 -5.006847 -0.027189 -3.088217 0.005298
 59 4.226146 -0.003202 -0.000000 -0.003210 -0.002175 0.221721
 60 -0.000001 5.000002 -0.000000 -0.153564 0.000087 2.718702
 61 0.000005 -0.000004 -3.713578 0.095503 -3.012510 -0.750673
 62 0.000003 0.000000 4.999999 3.053197 1.558589 -0.074927
 63 -0.000006 0.000006 3.713580 -0.334411 -2.825096 -0.524885
 64 -0.000001 -0.000001 -5.000000 -0.088728 1.558589 3.066333
 65 7.363603 1.646647 0.495663 -3.141593 -1.570796 0.000000
 66 -0.000006 0.000006 3.619082 -0.528285 -2.367383 -1.007256
 67 16.573921 -0.000001 0.000002 -0.000000 0.000000 -2.019199
 68 15.128181 0.000000 -0.000003 0.031619 0.086785 -0.033197
 69 5.758666 4.244731 0.000000 0.000000 -0.000000 2.033309
 70 3.177726 0.000001 -0.000000 0.000000 0.000000 3.141593
 71 15.708951 0.000002 -0.000004 0.016155 0.048356 -0.018185
 72 0.275149 0.189215 -3.445208 3.130898 0.000409 -1.514604
 73 17.210190 -0.000001 0.000002 0.000000 -0.000000 -2.322356
 74 0.000001 -0.000000 -5.000000 -0.079433 1.546568 -1.570859
 75 0.000006 -0.000004 -3.619079 0.196495 -3.011952 -1.279118
 76 16.573919 -0.000000 0.000000 -0.000000 -0.000000 -1.611348
 77 15.128181 -0.000001 0.000000 0.214418 -0.027533 0.774389
 78 5.758665 4.244730 -0.000000 -0.000000 -0.000000 1.483530
 79 4.003934 0.000000 -0.000000 0.000000 0.000000 0.000000
 80 15.708955 -0.000000 0.000001 0.153371 0.002792 0.528179
 81 0.273997 0.191089 3.439762 -3.130907 -0.000437 -1.508107
 82 17.210192 -0.000000 0.000000 0.000000 -0.000000 -2.138823
 83 0.000001 0.000001 5.000000 -0.079311 1.595025 -1.570737
time 5
  0 1.130557 9.712686 27.009436 -0.281436 0.436358 -2.443536
  1 11.368428 6.770639 -23.418964 -0.498313 0.132926 2.346876
  2 -2.276933 0.000003 -1.238186 -1.570795 -1.570451 0.000000
  3 1.795650 0.712162 0.000189 -0.058152 0.039401 -0.476563
  4 4.118349 -0.003244 0.000414 -0.126839 0.096080 -0.089035
  5 4.119594 -0.003095 0.000446 -0.140385 0.242180 0.274676
  6 4.119030 -0.003244 0.000221 -0.068296 -0.164174 0.141932
  7 4.120035 -0.003235 0.000042 -0.011941 0.028625 0.417192
  8 4.443600 0.000000 0.000000 -0.401884 0.068248 -1.161970
  9 9.024062 0.000001 -0.000000 0.000000 0.000000 0.000000
 10 -0.049590 -0.017147 1.731887 0.011186 -1.271642 2.712434
 11 6.384776 -0.000001 0.000002 0.264939 0.004479 -0.235602
 12 10.242681 -0.000001 -0.000000 -0.000000 -0.000000 -1.646650
 13 11.375560 0.000000 0.000002 -0.918238 -0.190847 -0.222827
 14 0.728680 0.023429 -1.008291 1.705251 0.347372 0.567022
 15 2.136497 0.000001 -0.000000 -0.000000 0.000000 0.287979
 16 2.313139 0.000001 0.000000 0.000000 0.000000 0.000000
 17 3.115506 -0.886043 -0.021430 -0.000782 0.000152 0.191986
 18 2.011151 -0.000001 -0.000000 0.000000 -0.000000 0.659566
 19 2.141379 -0.000001 0.000000 0.000000 0.000000 0.000000
 20 1.734172 -0.000001 0.000000 0.000000 -0.000000 0.330185
 21 0.000006 -4.440593 0.000000 1.570544 -0.062990 -0.195737
 22 5.999999 0.000001 0.000000 -1.077620 -0.000000 -0.000000
 23 0.000001 -4.440601 0.000001 1.569944 -0.062987 0.004053
 24 11.375560 0.000001 0.000003 -1.250019 -0.125573 -0.107144
 25 -0.000001 -4.440603 0.000000 1.570144 -0.062988 0.004040
 26 10.510129 0.000000 0.000002 0.000000 0.000000 -2.394121
 27 0.000000 -1.748401 5.000000 -0.000000 0.004007 1.602291
 28 5.499999 0.000000 0.000002 -0.110656 0.000000 0.000000
 29 -0.000001 -1.940599 4.999999 -0.044472 0.004003 -0.000180
 30 6.551491 -0.000001 0.000000 0.187300 0.001681 -0.314471
 31 0.000001 -1.940599 5.000001 -0.027189 -0.053376 0.005295
 32 6.551491 -0.000001 0.000000 0.093579 -0.006514 -0.157034
 33 0.000000 -1.940600 4.999997 -0.066572 -0.152786 -0.110311
 34 0.049597 0.024223 -1.731887 -0.308686 1.438361 2.417899
 35 6.384776 0.000000 0.000001 1.559528 0.271557 1.024938
 36 10.242682 -0.000001 -0.000001 -0.000000 0.000000 -0.960214
 37 11.375560 0.000000 -0.000000 1.537489 1.945501 0.827309
 38 0.728681 0.023432 1.008293 -1.705251 -0.347372 0.567022
 39 2.136497 -0.000001 0.000001 -0.000000 0.000000 0.287979
 40 2.313139 -0.000002 0.000002 0.000000 0.000000 3.141593
 41 3.115506 -0.886040 0.021432 0.253529 0.012992 0.141302
 42 2.011151 0.000001 0.000001 0.000000 -0.000000 1.532231
 43 2.141382 0.000000 -0.000000 0.000000 0.000000 3.141593
 44 1.734172 -0.000001 0.000000 0.000000 -0.000000 0.765986
 45 0.136314 -3.738192 2.525890 1.493698 2.759406 -1.474501
 46 3.726728 -0.053312 2.419487 -0.262762 2.898943 1.398576
 47 11.389366 -0.000820 0.158780 1.151682 0.934448 0.083915
 48 0.000001 -4.440597 0.000000 1.570144 -3.078602 0.004040
 49 6.000000 0.000001 -0.000001 1.151682 0.000000 -0.000000
 50 0.000002 -4.440600 -0.000000 1.569944 -3.078603 0.004053
 51 10.510132 0.000000 0.000001 0.000000 -0.000000 -2.050903
 52 -0.000001 -1.748401 -5.000000 -3.141593 0.004007 -1.539299
 53 5.500000 -0.000001 -0.000000 -0.415746 -0.000000 0.000000
 54 0.000000 -0.000001 -5.000000 -0.044472 3.137590 -0.000177
 55 6.551490 -0.000000 0.000001 0.415746 0.225880 0.192148
 56 -1.266843 -1.937444 -4.950560 -0.066572 -2.988806 -0.110308
 57 6.551492 0.000001 0.000001 0.415746 0.225880 0.192148
 58 0.699370 -1.944208 -5.006845 -0.027189 -3.088217 0.005298
 59 4.226146 -0.003203 -0.000000 -0.007284 0.014256 0.227991
 60 0.000002 4.999999 -0.000000 -0.153564 0.000087 2.718702
 61 0.000005 -0.000004 -3.713578 0.095503 -3.012510 -0.750673
 62 0.000003 0.000000 4.999999 3.053197 1.558589 -0.074927
 63 -0.000006 0.000006 3.713580 -0.334411 -2.825096 -0.524885
 64 -0.000001 -0.000001 -5.000000 -0.088728 1.558589 3.066333
 65 7.363603 1.646647 0.495663 -3.141593 -1.570796 0.000000
 66 -0.000006 0.000006 3.619082 -0.528285 -2.367383 -1.007256
 67 16.573921 -0.000001 0.000002 -0.000000 0.000000 -2.019199
 68 15.128181 0.000000 -0.000003 0.031619 0.086785 -0.033197
 69 5.758666 4.244731 0.000000 0.000000 -0.000000 2.033309
 70 3.177726 0.000001 -0.000000 0.000000 0.000000 3.141593
 71 15.708951 0.000002 -0.000004 0.016155 0.048356 -0.018185
 72 0.275149 0.189215 -3.445208 3.130898 0.000409 -1.514604
 73 17.210190 -0.000001 0.000002 0.000000 -0.000000 -2.322356
 74 0.000001 -0.000000 -5.000000 -0.079433 1.546568 -1.570859
 75 0.000006 -0.000004 -3.619079 0.196495 -3.011952 -1.279118
 76 16.573919 -0.000000 0.000000 -0.000000 -0.000000 -1.611348
 77 15.128181 -0.000001 0.000000 0.214418 -0.027533 0.774389
 78 5.758665 4.244730 -0.000000 -0.000000 -0.000000 1.483530
 79 4.003934 0.000000 -0.000000 0.000000 0.000000 0.000000
 80 15.708955 -0.000000 0.000001 0.153371 0.002792 0.528179
 81 0.273997 0.191089 3.439762 -3.130907 -0.000437 -1.508107
 82 17.210192 -0.000000 0.000000 0.000000 -0.000000 -2.138823
 83 0.000001 0.000001 5.000000 -0.079311 1.595025 -1.570737
time 6
  0 1.130557 9.712686 27.009436 -0.281436 0.436358 -2.443536
  1 11.368428 6.770639 -23.418964 -0.498313 0.132926 2.346876
  2 -2.276933 0.000003 -1.238186 -1.570795 -1.570451 0.000000
  3 1.795688 0.712137 0.000052 -0.016085 0.099774 -0.461599
  4 4.118360 -0.003262 0.000242 -0.074347 0.089559 -0.079851
  5 4.119605 -0.003110 0.000283 -0.087996 0.209389 0.291636
  6 4.119040 -0.003251 0.000051 -0.016035 -0.233149 0.137437
  7 4.120113 -0.003200 0.000060 -0.016744 0.061192 0.439645
  8 4.443598 -0.000001 -0.000000 -0.559971 0.003907 -1.205245
  9 9.024060 -0.000000 0.000000 0.000000 0.000000 0.000000
 10 -0.105964 -0.025422 1.729235 -0.166682 -1.240451 2.860066
 11 6.384777 -0.000000 -0.000002 0.253985 -0.101795 -0.206543
 12 10.242681 -0.000000 0.000001 0.000000 -0.000000 -1.752462
 13 11.375561 0.000001 -0.000001 -0.899472 -0.289308 -0.301613
 14 0.728680 0.023431 -1.008292 1.705251 0.347372 0.567022
 15 2.136496 0.000001 0.000001 0.000000 -0.000000 0.287979
 16 2.313140 -0.000000 -0.000001 0.000000 0.000000 0.000000
 17 3.115506 -0.886042 -0.021431 -0.000782 0.000152 0.191986
 18 2.011150 0.000001 0.000000 -0.000000 0.000000 0.659566
 19 2.141379 -0.000001 0.000000 0.000000 0.000000 0.000000
 20 1.734172 0.000003 -0.000000 -0.000000 -0.000000 0.330185
 21 0.000006 -4.440593 0.000000 1.570544 -0.062990 -0.195737
 22 5.999999 0.000000 0.000000 -1.066614 0.000000 0.000000
 23 0.000002 -4.440600 0.000001 1.569944 -0.062987 0.004053
 24 11.375560 0.000001 0.000003 -1.247916 -0.182539 -0.136476
 25 -0.000001 -4.440602 0.000000 1.570144 -0.062988 0.004040
 26 10.510130 -0.000001 -0.000001 0.000000 -0.000000 -2.447027
 27 -0.000000 -1.748401 4.999999 0.000000 0.004007 1.602291
 28 5.500000 -0.000001 0.000000 -0.110476 0.000000 -0.000000
 29 -0.000001 -1.940599 5.000000 -0.044472 0.004003 -0.000180
 30 6.551491 0.000000 -0.000002 0.192967 -0.099639 -0.284631
 31 -0.000001 -1.940598 5.000003 -0.027189 -0.053376 0.005295
 32 6.551491 0.000000 -0.000002 0.092804 -0.056665 -0.139700
 33 -0.000001 -1.940599 4.999998 -0.066572 -0.152786 -0.110311
 34 0.105965 0.032500 -1.729235 -1.203973 1.416740 1.506657
 35 6.384775 -0.000001 0.000003 1.487863 0.412887 1.071612
 36 10.242680 0.000002 -0.000002 -0.000000 0.000000 -0.520967
 37 11.375563 -0.000001 -0.000002 0.810550 2.224375 -0.001019
 38 0.728679 0.023429 1.008291 -1.705251 -0.347372 0.567022
 39 2.136496 0.000002 -0.000001 0.000000 -0.000000 0.287979
 40 2.313139 -0.000001 0.000000 0.000000 0.000000 3.141593
 41 3.115505 -0.886042 0.021430 0.253529 0.012992 0.141302
 42 2.011150 -0.000001 -0.000000 0.000000 -0.000000 1.532231
 43 2.141382 0.000001 -0.000000 0.000000 0.000000 3.141593
 44 1.734171 -0.000002 -0.000000 0.000000 -0.000000 0.765986
 45 0.136315 -3.738192 2.525891 1.493698 2.759406 -1.474501
 46 3.726726 -0.053314 2.419485 -0.262762 2.898943 1.398576
 47 11.389366 -0.000820 0.158780 1.550699 1.056553 0.451993
 48 -0.000002 -4.440601 0.000001 1.570144 -3.078602 0.004040
 49 5.999999 -0.000000 -0.000001 1.550699 -0.000000 0.000000
 50 0.000000 -4.440601 -0.000001 1.569944 -3.078603 0.004053
 51 10.510131 0.000001 -0.000001 -0.000000 0.000000 -1.831280
 52 -0.000001 -1.748400 -5.000000 -3.141593 0.004007 -1.539299
 53 5.499999 0.000001 -0.000001 -0.380957 -0.000000 0.000000
 54 0.000000 0.000000 -5.000000 -0.044472 3.137589 -0.000177
 55 6.551490 -0.000001 0.000002 0.380957 0.253582 0.181827
 56 -1.266842 -1.937444 -4.950561 -0.066572 -2.988806 -0.110308
 57 6.551490 -0.000001 0.000002 0.380957 0.253582 0.181827
 58 0.699371 -1.944209 -5.006848 -0.027189 -3.088217 0.005298
 59 4.226145 -0.003201 -0.000000 -0.011321 0.030783 0.238729
 60 -0.000000 5.000002 -0.000001 -0.153564 0.000087 2.718702
 61 0.000005 -0.000004 -3.713578 0.095503 -3.012510 -0.750673
 62 0.000003 0.000000 4.999999 3.053197 1.558589 -0.074927
 63 -0.000006 0.000006 3.713580 -0.334411 -2.825096 -0.524885
 64 -0.000001 -0.000001 -5.000000 -0.088728 1.558589 3.066333
 65 7.363603 1.646647 0.495663 -3.141593 -1.570796 0.000000
 66 -0.000006 0.000006 3.619082 -0.528285 -2.367383 -1.007256
 67 16.573921 -0.000001 0.000002 -0.000000 0.000000 -2.019199
 68 15.128181 0.000000 -0.000003 0.031619 0.086785 -0.033197
 69 5.758666 4.244731 0.000000 0.000000 -0.000000 2.033309
 70 3.177726 0.000001 -0.000000 0.000000 0.000000 3.141593
 71 15.708951 0.000002 -0.000004 0.016155 0.048356 -0.018185
 72 0.275149 0.189215 -3.445208 3.130898 0.000409 -1.514604
 73 17.210190 -0.000001 0.000002 0.000000 -0.000000 -2.322356
 74 0.000001 -0.000000 -5.000000 -0.079433 1.546568 -1.570859
 75 0.000006 -0.000004 -3.619079 0.196495 -3.011952 -1.279118
 76 16.573919 -0.000000 0.000000 -0.000000 -0.000000 -1.611348
 77 15.128181 -0.000001 0.000000 0.214418 -0.027533 0.774389
 78 5.758665 4.244730 -0.000000 -0.000000 -0.000000 1.483530
 79 4.003934 0.000000 -0.000000 0.000000 0.000000 0.000000
 80 15.708955 -0.000000 0.000001 0.153371 0.002792 0.528179
 81 0.273997 0.191089 3.439762 -3.130907 -0.000437 -1.508107
 82 17.210192 -0.000000 0.000000 0.000000 -0.000000 -2.138823
 83 0.000001 0.000001 5.000000 -0.079311 1.595025 -1.570737
time 7
  0 1.130557 9.712686 27.009436 -0.281436 0.436358 -2.443536
  1 11.368428 6.770639 -23.418964 -0.498313 0.132926 2.346876
  2 -2.276933 0.000003 -1.238186 -1.570795 -1.570451 0.000000
  3 1.795726 0.712119 -0.000082 0.024948 0.157324 -0.443566
  4 4.118375 -0.003271 0.000078 -0.024083 0.082992 -0.071247
  5 4.119615 -0.003117 0.000126 -0.038530 0.177310 0.306212
  6 4.119051 -0.003246 -0.000112 0.035428 -0.300920 0.127089
  7 4.120208 -0.003151 0.000072 -0.020531 0.093823 0.470026
  8 4.443600 -0.000000 -0.000001 -0.707901 -0.061002 -1.220492
  9 9.024060 -0.000000 0.000000 0.000000 0.000000 0.000000
 10 -0.162331 -0.031880 1.724736 -0.310912 -1.202064 2.967005
 11 6.384776 0.000001 0.000001 0.223038 -0.191431 -0.175196
 12 10.242682 0.000001 0.000001 -0.000000 0.000000 -1.845177
 13 11.375562 0.000001 -0.000000 -0.873694 -0.380249 -0.379955
 14 0.728680 0.023432 -1.008292 1.705251 0.347372 0.567022
 15 2.136496 0.000000 0.000003 0.000000 -0.000000 0.287979
 16 2.313139 0.000000 -0.000002 0.000000 0.000000 0.000000
 17 3.115506 -0.886041 -0.021431 -0.000782 0.000152 0.191986
 18 2.011151 -0.000001 0.000001 0.000000 -0.000000 0.659566
 19 2.141382 0.000001 -0.000000 0.000000 0.000000 0.000000
 20 1.734172 -0.000000 0.000001 0.000000 0.000000 0.330185
 21 0.000005 -4.440594 0.000001 1.570544 -0.062990 -0.195737
 22 6.000000 0.000001 -0.000001 -1.053209 0.000000 -0.000000
 23 0.000000 -4.440602 0.000000 1.569944 -0.062987 0.004053
 24 11.375561 0.000000 0.000004 -1.245365 -0.232892 -0.162534
 25 -0.000001 -4.440606 0.000000 1.570144 -0.062988 0.004040
 26 10.510131 -0.000001 -0.000002 0.000000 -0.000000 -2.493385
 27 0.000000 -1.748401 5.000001 0.000000 0.004007 1.602290
 28 5.500000 -0.000001 -0.000001 -0.099742 -0.000000 -0.000000
 29 -0.000002 -1.940597 5.000001 -0.044472 0.004003 -0.000180
 30 6.551490 0.000001 0.000000 0.178625 -0.183498 -0.243558
 31 0.000000 -1.940599 4.999999 -0.027189 -0.053376 0.005295
 32 6.551490 0.000001 0.000000 0.083360 -0.097210 -0.117208
 33 -0.000000 -1.940598 4.999997 -0.066572 -0.152786 -0.110311
 34 0.162336 0.038958 -1.724736 -1.653397 1.334299 1.029650
 35 6.384777 -0.000002 0.000002 1.365422 0.540081 0.961575
 36 10.242682 0.000001 -0.000000 0.000000 0.000000 -0.127444
 37 11.375559 -0.000001 -0.000001 0.560739 2.437988 -0.500872
 38 0.728680 0.023434 1.008294 -1.705251 -0.347372 0.567022
 39 2.136497 0.000000 -0.000000 -0.000000 -0.000000 0.287979
 40 2.313139 -0.000001 -0.000001 0.000000 0.000000 3.141593
 41 3.115508 -0.886039 0.021431 0.253529 0.012992 0.141302
 42 2.011150 0.000002 0.000000 -0.000000 -0.000000 1.532231
 43 2.141376 -0.000002 -0.000000 0.000000 0.000000 3.141593
 44 1.734173 -0.000001 -0.000001 -0.000000 -0.000000 0.765986
 45 0.136314 -3.738193 2.525890 1.493698 2.759406 -1.474501
 46 3.726729 -0.053311 2.419487 -0.262762 2.898943 1.398576
 47 11.389366 -0.000821 0.158779 2.002220 0.968930 0.774034
 48 0.000001 -4.440598 -0.000001 1.570144 -3.078602 0.004040
 49 5.999999 -0.000001 -0.000001 2.002220 -0.000000 0.000000
 50 0.000004 -4.440602 0.000001 1.569944 -3.078603 0.004053
 51 10.510131 0.000000 0.000000 -0.000000 0.000000 -1.634519
 52 0.000000 -1.748398 -5.000002 -3.141593 0.004007 -1.539299
 53 5.500000 -0.000001 -0.000000 -0.347551 -0.000000 -0.000000
 54 0.000001 0.000000 -5.000000 -0.044472 3.137589 -0.000177
 55 6.551490 -0.000001 -0.000001 0.347551 0.264641 0.154673
 56 -1.266843 -1.937443 -4.950560 -0.066572 -2.988806 -0.110308
 57 6.551491 -0.000001 -0.000001 0.347551 0.264641 0.154673
 58 0.699371 -1.944209 -5.006846 -0.027189 -3.088217 0.005298
 59 4.226145 -0.003202 -0.000001 -0.015135 0.047205 0.252967
 60 0.000000 5.000000 0.000000 -0.153564 0.000087 2.718702
 61 0.000005 -0.000004 -3.713578 0.095503 -3.012510 -0.750673
 62 0.000003 0.000000 4.999999 3.053197 1.558589 -0.074927
 63 -0.000006 0.000006 3.713580 -0.334411 -2.825096 -0.524885
 64 -0.000001 -0.000001 -5.000000 -0.088728 1.558589 3.066333
 65 7.363603 1.646647 0.495663 -3.141593 -1.570796 0.000000
 66 -0.000006 0.000006 3.619082 -0.528285 -2.367383 -1.007256
 67 16.573921 -0.000001 0.000002 -0.000000 0.000000 -2.019199
 68 15.128181 0.000000 -0.000003 0.031619 0.086785 -0.033197
 69 5.758666 4.244731 0.000000 0.000000 -0.000000 2.033309
 70 3.177726 0.000001 -0.000000 0.000000 0.000000 3.141593
 71 15.708951 0.000002 -0.000004 0.016155 0.048356 -0.018185
 72 0.275149 0.189215 -3.445208 3.130898 0.000409 -1.514604
 73 17.210190 -0.000001 0.000002 0.000000 -0.000000 -2.322356
 74 0.000001 -0.000000 -5.000000 -0.079433 1.546568 -1.570859
 75 0.000006 -0.000004 -3.619079 0.196495 -3.011952 -1.279118
 76 16.573919 -0.000000 0.000000 -0.000000 -0.000000 -1.611348
 77 15.128181 -0.000001 0.000000 0.214418 -0.027533 0.774389
 78 5.758665 4.244730 -0.000000 -0.000000 -0.000000 1.483530
 79 4.003934 0.000000 -0.000000 0.000000 0.000000 0.000000
 80 15.708955 -0.000000 0.000001 0.153371 0.002792 0.528179
 81 0.273997 0.191089 3.439762 -3.130907 -0.000437 -1.508107
 82 17.210192 -0.000000 0.000000 0.000000 -0.000000 -2.138823
 83 0.000001 0.000001 5.000000 -0.079311 1.595025 -1.570737
time 8
  0 1.130557 9.712686 27.009436 -0.281436 0.436358 -2.443536
  1 11.368428 6.770639 -23.418964 -0.498313 0.132926 2.346876
  2 -2.276933 0.000003 -1.238186 -1.570795 -1.570451 0.000000
  3 1.795758 0.712111 -0.000201 0.062690 0.208532 -0.423950
  4 4.118389 -0.003272 -0.000069 0.020764 0.076740 -0.063676
  5 4.119629 -0.003115 -0.000015 0.005091 0.147992 0.317917
  6 4.119063 -0.003237 -0.000256 0.083277 -0.366251 0.112047
  7 4.120326 -0.003089 0.000080 -0.022868 0.126149 0.506721
  8 4.443600 -0.000002 -0.000000 -0.839173 -0.109244 -1.211455
  9 9.024058 0.000001 0.000000 0.000000 0.000000 0.000000
 10 -0.218001 -0.035773 1.718502 -0.425786 -1.159426 3.039178
 11 6.384776 0.000001 -0.000002 0.172721 -0.261132 -0.126814
 12 10.242681 0.000001 0.000002 0.000000 -0.000000 -1.919182
 13 11.375563 0.000000 -0.000002 -0.842528 -0.460966 -0.456191
 14 0.728680 0.023431 -1.008292 1.705251 0.347372 0.567022
 15 2.136497 0.000001 0.000001 0.000000 0.000000 0.287979
 16 2.313139 0.000001 -0.000000 0.000000 0.000000 0.000000
 17 3.115507 -0.886043 -0.021431 -0.000782 0.000152 0.191986
 18 2.011151 0.000000 0.000000 -0.000000 0.000000 0.659566
 19 2.141379 -0.000001 0.000000 0.000000 0.000000 0.000000
 20 1.734173 0.000000 0.000001 -0.000000 0.000000 0.330185
 21 0.000006 -4.440591 0.000000 1.570544 -0.062990 -0.195737
 22 6.000000 -0.000000 0.000001 -1.038504 -0.000000 0.000000
 23 0.000001 -4.440602 0.000000 1.569944 -0.062987 0.004053
 24 11.375563 0.000000 0.000003 -1.242660 -0.276563 -0.185391
 25 -0.000000 -4.440604 0.000000 1.570144 -0.062988 0.004040
 26 10.510130 0.000000 -0.000001 0.000000 -0.000000 -2.530387
 27 -0.000000 -1.748400 5.000000 0.000000 0.004007 1.602291
 28 5.500000 -0.000000 0.000000 -0.078953 -0.000000 -0.000000
 29 -0.000002 -1.940599 4.999998 -0.044472 0.004003 -0.000180
 30 6.551490 0.000001 -0.000002 0.143698 -0.249275 -0.177669
 31 -0.000000 -1.940599 4.999999 -0.027189 -0.053376 0.005295
 32 6.551490 0.000001 -0.000002 0.065798 -0.128004 -0.083774
 33 -0.000000 -1.940600 4.999996 -0.066572 -0.152786 -0.110311
 34 0.218005 0.042849 -1.718502 -1.833897 1.233372 0.813252
 35 6.384775 -0.000001 -0.000000 1.153962 0.589709 0.744051
 36 10.242682 -0.000002 -0.000002 -0.000000 -0.000000 0.144645
 37 11.375558 0.000001 -0.000001 0.489820 2.412247 -0.941412
 38 0.728681 0.023429 1.008291 -1.705251 -0.347372 0.567022
 39 2.136500 -0.000002 0.000003 -0.000000 0.000000 0.287979
 40 2.313139 0.000000 -0.000002 0.000000 0.000000 3.141593
 41 3.115506 -0.886042 0.021432 0.253529 0.012992 0.141302
 42 2.011151 -0.000002 -0.000001 0.000000 0.000000 1.532231
 43 2.141379 0.000000 0.000001 0.000000 0.000000 3.141593
 44 1.734172 -0.000001 -0.000001 -0.000000 0.000000 0.765986
 45 0.136315 -3.738193 2.525890 1.493698 2.759406 -1.474501
 46 3.726728 -0.053314 2.419486 -0.262762 2.898943 1.398576
 47 11.389364 -0.000820 0.158780 2.148430 0.861299 0.697574
 48 0.000000 -4.440600 0.000002 1.570144 -3.078602 0.004040
 49 5.999997 0.000001 0.000000 2.148430 -0.000000 0.000000
 50 0.000003 -4.440601 0.000000 1.569944 -3.078603 0.004053
 51 10.510129 -0.000002 -0.000000 0.000000 -0.000000 -1.643119
 52 -0.000000 -1.748398 -5.000000 -3.141593 0.004007 -1.539299
 53 5.499999 -0.000002 -0.000001 -0.312053 0.000000 -0.000000
 54 0.000002 0.000001 -5.000000 -0.044472 3.137589 -0.000177
 55 6.551490 -0.000001 -0.000000 0.312053 0.253823 0.129108
 56 -1.266842 -1.937443 -4.950560 -0.066572 -2.988806 -0.110308
 57 6.551490 -0.000001 -0.000000 0.312053 0.253823 0.129108
 58 0.699371 -1.944208 -5.006848 -0.027189 -3.088217 0.005298
 59 4.226145 -0.003201 -0.000000 -0.018577 0.063338 0.269770
 60 -0.000000 5.000002 -0.000000 -0.153564 0.000087 2.718701
 61 0.000005 -0.000004 -3.713578 0.095503 -3.012510 -0.750673
 62 0.000003 0.000000 4.999999 3.053197 1.558589 -0.074927
 63 -0.000006 0.000006 3.713580 -0.334411 -2.825096 -0.524885
 64 -0.000001 -0.000001 -5.000000 -0.088728 1.558589 3.066333
 65 7.363603 1.646647 0.495663 -3.141593 -1.570796 0.000000
 66 -0.000006 0.000006 3.619082 -0.528285 -2.367383 -1.007256
 67 16.573921 -0.000001 0.000002 -0.000000 0.000000 -2.019199
 68 15.128181 0.000000 -0.000003 0.031619 0.086785 -0.033197
 69 5.758666 4.244731 0.000000 0.000000 -0.000000 2.033309
 70 3.177726 0.000001 -0.000000 0.000000 0.000000 3.141593
 71 15.708951 0.000002 -0.000004 0.016155 0.048356 -0.018185
 72 0.275149 0.189215 -3.445208 3.130898 0.000409 -1.514604
 73 17.210190 -0.000001 0.000002 0.000000 -0.000000 -2.322356
 74 0.000001 -0.000000 -5.000000 -0.079433 1.546568 -1.570859
 75 0.000006 -0.000004 -3.619079 0.196495 -3.011952 -1.279118
 76 16.573919 -0.000000 0.000000 -0.000000 -0.000000 -1.611348
 77 15.128181 -0.000001 0.000000 0.214418 -0.027533 0.774389
 78 5.758665 4.244730 -0.000000 -0.000000 -0.000000 1.483530
 79 4.003934 0.000000 -0.000000 0.000000 0.000000 0.000000
 80 15.708955 -0.000000 0.000001 0.153371 0.002792 0.528179
 81 0.273997 0.191089 3.439762 -3.130907 -0.000437 -1.508107
 82 17.210192 -0.000000 0.000000 0.000000 -0.000000 -2.138823
 83 0.000001 0.000001 5.000000 -0.079311 1.595025 -1.570737
time 9
  0 1.130557 9.712686 27.009436 -0.281436 0.436358 -2.443536
  1 11.368428 6.770639 -23.418964 -0.498313 0.132926 2.346876
  2 -2.276933 0.000003 -1.238186 -1.570795 -1.570451 0.000000
  3 1.795787 0.712105 -0.000302 0.095069 0.250635 -0.404360
  4 4.118401 -0.003267 -0.000188 0.057645 0.071158 -0.057371
  5 4.119642 -0.003108 -0.000132 0.040626 0.123185 0.326783
  6 4.119078 -0.003224 -0.000372 0.124909 -0.428384 0.094183
  7 4.120458 -0.003013 0.000082 -0.023456 0.157763 0.548132
  8 4.443598 -0.000001 -0.000000 -0.945635 -0.130026 -1.188873
  9 9.024061 0.000000 0.000000 0.000000 0.000000 0.000000
 10 -0.272225 -0.036604 1.710731 -0.516926 -1.114967 3.083828
 11 6.384777 0.000001 -0.000000 0.100399 -0.308495 -0.050194
 12 10.242680 0.000000 -0.000001 -0.000000 0.000000 -1.968862
 13 11.375561 -0.000000 -0.000001 -0.808592 -0.529171 -0.527555
 14 0.728680 0.023431 -1.008293 1.705251 0.347372 0.567022
 15 2.136496 0.000001 0.000001 0.000000 0.000000 0.287979
 16 2.313139 -0.000000 -0.000001 0.000000 0.000000 0.000000
 17 3.115507 -0.886043 -0.021432 -0.000782 0.000152 0.191986
 18 2.011151 0.000000 -0.000000 -0.000000 -0.000000 0.659566
 19 2.141379 0.000000 -0.000000 0.000000 0.000000 0.000000
 20 1.734172 0.000003 -0.000001 0.000000 -0.000000 0.330185
 21 0.000006 -4.440596 0.000001 1.570544 -0.062990 -0.195737
 22 5.999999 -0.000000 -0.000001 -1.023533 -0.000000 -0.000000
 23 0.000002 -4.440601 0.000001 1.569944 -0.062987 0.004053
 24 11.375561 -0.000001 0.000003 -1.240012 -0.313515 -0.205035
 25 -0.000001 -4.440604 0.000000 1.570144 -0.062988 0.004040
 26 10.510129 0.000001 -0.000001 -0.000000 0.000000 -2.555228
 27 -0.000000 -1.748402 4.999999 0.000000 0.004007 1.602291
 28 5.499999 0.000000 0.000000 -0.046895 0.000000 0.000000
 29 -0.000001 -1.940599 5.000000 -0.044472 0.004003 -0.000180
 30 6.551490 0.000001 0.000000 0.084182 -0.296277 -0.066471
 31 0.000000 -1.940597 5.000001 -0.027189 -0.053376 0.005295
 32 6.551490 0.000001 0.000000 0.039243 -0.149265 -0.029819
 33 -0.000000 -1.940601 4.999994 -0.066572 -0.152786 -0.110311
 34 0.272230 0.043676 -1.710731 -1.918237 1.175465 0.687455
 35 6.384776 0.000000 -0.000002 0.900142 0.598015 0.559861
 36 10.242682 -0.000001 0.000001 -0.000000 -0.000000 0.209052
 37 11.375563 -0.000003 -0.000002 1.209590 0.840545 -0.583520
 38 0.728680 0.023432 1.008292 -1.705251 -0.347372 0.567022
 39 2.136497 -0.000001 -0.000001 -0.000000 -0.000000 0.287979
 40 2.313138 0.000000 -0.000001 0.000000 0.000000 3.141593
 41 3.115508 -0.886041 0.021432 0.253529 0.012992 0.141301
 42 2.011149 -0.000000 -0.000001 0.000000 0.000000 1.532231
 43 2.141380 -0.000002 0.000000 0.000000 0.000000 3.141593
 44 1.734169 0.000000 -0.000000 -0.000000 -0.000000 0.765986
 45 0.136315 -3.738194 2.525891 1.493698 2.759406 -1.474501
 46 3.726728 -0.053311 2.419487 -0.262762 2.898943 1.398576
 47 11.389368 -0.000822 0.158780 1.482649 0.432328 -0.226573
 48 0.000002 -4.440598 0.000000 1.570144 -3.078602 0.004040
 49 6.000000 -0.000001 0.000000 1.482649 0.000000 0.000000
 50 0.000002 -4.440602 -0.000001 1.569944 -3.078603 0.004053
 51 10.510131 -0.000002 0.000001 0.000000 -0.000000 -1.675322
 52 0.000000 -1.748400 -5.000002 -3.141593 0.004007 -1.539299
 53 5.499999 -0.000000 0.000001 -0.262480 -0.000000 0.000000
 54 -0.000000 0.000000 -5.000000 -0.044472 3.137589 -0.000177
 55 6.551490 -0.000001 -0.000002 0.262479 0.237835 0.115167
 56 -1.266842 -1.937442 -4.950559 -0.066572 -2.988806 -0.110308
 57 6.551490 -0.000001 -0.000002 0.262479 0.237835 0.115167
 58 0.699370 -1.944207 -5.006845 -0.027189 -3.088217 0.005298
 59 4.226147 -0.003201 0.000000 -0.021534 0.079021 0.288270
 60 0.000000 5.000001 -0.000000 -0.153564 0.000087 2.718702
 61 0.000005 -0.000004 -3.713578 0.095503 -3.012510 -0.750673
 62 0.000003 0.000000 4.999999 3.053197 1.558589 -0.074927
 63 -0.000006 0.000006 3.713580 -0.334411 -2.825096 -0.524885
 64 -0.000001 -0.000001 -5.000000 -0.088728 1.558589 3.066333
 65 7.363603 1.646647 0.495663 -3.141593 -1.570796 0.000000
 66 -0.000006 0.000006 3.619082 -0.528285 -2.367383 -1.007256
 67 16.573921 -0.000001 0.000002 -0.000000 0.000000 -2.019199
 68 15.128181 0.000000 -0.000003 0.031619 0.086785 -0.033197
 69 5.758666 4.244731 0.000000 0.000000 -0.000000 2.033309
 70 3.177726 0.000001 -0.000000 0.000000 0.000000 3.141593
 71 15.708951 0.000002 -0.000004 0.016155 0.048356 -0.018185
 72 0.275149 0.189215 -3.445208 3.130898 0.000409 -1.514604
 73 17.210190 -0.000001 0.000002 0.000000 -0.000000 -2.322356
 74 0.000001 -0.000000 -5.000000 -0.079433 1.546568 -1.570859
 75 0.000006 -0.000004 -3.619079 0.196495 -3.011952 -1.279118
 76 16.573919 -0.000000 0.000000 -0.000000 -0.000000 -1.611348
 77 15.128181 -0.000001 0.000000 0.214418 -0.027533 0.774389
 78 5.758665 4.244730 -0.000000 -0.000000 -0.000000 1.483530
 79 4.003934 0.000000 -0.000000 0.000000 0.000000 0.000000
 80 15.708955 -0.000000 0.000001 0.153371 0.002792 0.528179
 81 0.273997 0.191089 3.439762 -3.130907 -0.000437 -1.508107
 82 17.210192 -0.000000 0.000000 0.000000 -0.000000 -2.138823
 83 0.000001 0.000001 5.000000 -0.079311 1.595025 -1.570737
time 10
  0 1.130557 9.712686 27.009436 -0.281436 0.436358 -2.443536
  1 11.368428 6.770639 -23.418964 -0.498313 0.132926 2.346876
  2 -2.276933 0.000003 -1.238186 -1.570795 -1.570451 0.000000
  3 1.795815 0.712101 -0.000380 0.120765 0.282207 -0.385842
  4 4.118412 -0.003262 -0.000279 0.085277 0.066504 -0.052254
  5 4.119651 -0.003099 -0.000218 0.067033 0.103904 0.333313
  6 4.119090 -0.003210 -0.000458 0.158617 -0.487193 0.075648
  7 4.120591 -0.002926 0.000077 -0.022138 0.188229 0.592650
  8 4.443599 -0.000003 -0.000001 -1.020122 -0.121635 -1.165400
  9 9.024064 0.000001 0.000000 0.000000 0.000000 0.000000
 10 -0.324229 -0.034143 1.701698 -0.589244 -1.070666 3.107487
 11 6.384776 -0.000001 -0.000000 0.003810 -0.329094 0.058473
 12 10.242682 0.000001 -0.000001 0.000000 -0.000000 -1.988606
 13 11.375561 -0.000003 -0.000001 -0.775583 -0.583070 -0.590047
 14 0.728681 0.023430 -1.008293 1.705251 0.347372 0.567022
 15 2.136496 0.000001 -0.000000 0.000000 0.000000 0.287979
 16 2.313139 -0.000001 -0.000001 0.000000 0.000000 0.000000
 17 3.115508 -0.886043 -0.021431 -0.000782 0.000152 0.191986
 18 2.011151 0.000001 -0.000000 -0.000000 -0.000000 0.659566
 19 2.141378 -0.000001 -0.000000 0.000000 0.000000 0.000000
 20 1.734173 -0.000001 0.000001 0.000000 0.000000 0.330185
 21 0.000006 -4.440594 0.000001 1.570544 -0.062990 -0.195737
 22 6.000000 -0.000001 -0.000001 -1.009519 0.000000 -0.000000
 23 0.000001 -4.440602 0.000001 1.569944 -0.062987 0.004053
 24 11.375561 -0.000002 0.000003 -1.237620 -0.343342 -0.221166
 25 -0.000001 -4.440603 0.000000 1.570144 -0.062988 0.004040
 26 10.510130 0.000002 -0.000000 -0.000000 0.000000 -2.565099
 27 -0.000001 -1.748401 5.000000 -0.000000 0.004007 1.602290
 28 5.500000 0.000001 0.000001 -0.002477 -0.000000 -0.000000
 29 -0.000002 -1.940597 5.000000 -0.044472 0.004003 -0.000180
 30 6.551491 -0.000000 -0.000000 -0.001929 -0.309272 0.094098
 31 -0.000000 -1.940598 5.000002 -0.027189 -0.053376 0.005295
 32 6.551491 -0.000000 -0.000000 0.002755 -0.154986 0.046500
 33 0.000000 -1.940599 4.999998 -0.066572 -0.152786 -0.110311
 34 0.324231 0.041217 -1.701699 -2.088171 1.142462 0.463129
 35 6.384776 -0.000002 0.000002 0.533186 0.598019 0.526193
 36 10.242681 -0.000001 0.000000 0.000000 0.000000 -0.425569
 37 11.375564 -0.000001 -0.000002 1.169832 0.262765 -0.509683
 38 0.728680 0.023431 1.008291 -1.705251 -0.347372 0.567022
 39 2.136496 0.000000 -0.000001 -0.000000 0.000000 0.287979
 40 2.313141 0.000001 0.000000 0.000000 0.000000 3.141593
 41 3.115507 -0.886041 0.021429 0.253529 0.012992 0.141302
 42 2.011149 0.000001 0.000001 -0.000000 0.000000 1.532231
 43 2.141382 0.000000 0.000004 0.000000 0.000000 3.141593
 44 1.734171 -0.000001 0.000001 0.000000 0.000000 0.765986
 45 0.136316 -3.738191 2.525891 1.493698 2.759406 -1.474501
 46 3.726726 -0.053311 2.419488 -0.262762 2.898943 1.398576
 47 11.389367 -0.000820 0.158782 1.387458 0.163418 -0.255452
 48 0.000000 -4.440598 -0.000001 1.570144 -3.078602 0.004040
 49 6.000001 -0.000000 0.000000 1.387458 -0.000000 0.000000
 50 0.000001 -4.440601 -0.000001 1.569944 -3.078603 0.004053
 51 10.510132 -0.000001 -0.000002 -0.000000 0.000000 -1.783581
 52 -0.000001 -1.748399 -5.000000 3.141593 0.004007 -1.539299
 53 5.499998 -0.000000 -0.000001 -0.142706 0.000000 -0.000000
 54 0.000002 0.000001 -5.000000 -0.044472 3.137589 -0.000177
 55 6.551490 -0.000002 0.000001 0.142706 0.206387 0.165534
 56 -1.266843 -1.937442 -4.950559 -0.066572 -2.988806 -0.110308
 57 6.551491 -0.000002 0.000001 0.142706 0.206387 0.165534
 58 0.699371 -1.944207 -5.006846 -0.027189 -3.088217 0.005298
 59 4.226145 -0.003200 0.000000 -0.023923 0.094108 0.307681
 60 0.000000 5.000001 0.000000 -0.153564 0.000087 2.718702
 61 0.000005 -0.000004 -3.713578 0.095503 -3.012510 -0.750673
 62 0.000003 0.000000 4.999999 3.053197 1.558589 -0.074927
 63 -0.000006 0.000006 3.713580 -0.334411 -2.825096 -0.524885
 64 -0.000001 -0.000001 -5.000000 -0.088728 1.558589 3.066333
 65 7.363603 1.646647 0.495663 -3.141593 -1.570796 0.000000
 66 -0.000006 0.000006 3.619082 -0.528285 -2.367383 -1.007256
 67 16.573921 -0.000001 0.000002 -0.000000 0.000000 -2.019199
 68 15.128181 0.000000 -0.000003 0.031619 0.086785 -0.033197
 69 5.758666 4.244731 0.000000 0.000000 -0.000000 2.033309
 70 3.177726 0.000001 -0.000000 0.000000 0.000000 3.141593
 71 15.708951 0.000002 -0.000004 0.016155 0.048356 -0.018185
 72 0.275149 0.189215 -3.445208 3.130898 0.000409 -1.514604
 73 17.210190 -0.000001 0.000002 0.000000 -0.000000 -2.322356
 74 0.000001 -0.000000 -5.000000 -0.079433 1.546568 -1.570859
 75 0.000006 -0.000004 -3.619079 0.196495 -3.011952 -1.279118
 76 16.573919 -0.000000 0.000000 -0.000000 -0.000000 -1.611348
 77 15.128181 -0.000001 0.000000 0.214418 -0.027533 0.774389
 78 5.758665 4.244730 -0.000000 -0.000000 -0.000000 1.483530
 79 4.003934 0.000000 -0.000000 0.000000 0.000000 0.000000
 80 15.708955 -0.000000 0.000001 0.153371 0.002792 0.528179
 81 0.273997 0.191089 3.439762 -3.130907 -0.000437 -1.508107
 82 17.210192 -0.000000 0.000000 0.000000 -0.000000 -2.138823
 83 0.000001 0.000001 5.000000 -0.079311 1.595025 -1.570737
time 11
  0 1.130557 9.712686 27.009436 -0.281436 0.436358 -2.443536
  1 11.368428 6.770639 -23.418964 -0.498313 0.132926 2.346876
  2 -2.276933 0.000003 -1.238186 -1.570795 -1.570451 0.000000
  3 1.795802 0.712114 -0.000432 0.138448 0.305209 -0.383403
  4 4.118418 -0.003257 -0.000339 0.103767 0.063271 -0.051640
  5 4.119648 -0.003095 -0.000276 0.084680 0.090612 0.334618
  6 4.119088 -0.003203 -0.000518 0.179990 -0.492628 0.064767
  7 4.120723 -0.002833 0.000066 -0.018902 0.217102 0.638640
  8 4.443599 -0.000001 -0.000001 -1.035754 -0.127794 -1.135401
  9 9.024060 0.000000 -0.000000 0.000000 0.000000 0.000000
 10 -0.373231 -0.028447 1.691743 -0.646425 -1.028159 3.115479
 11 6.384776 -0.000001 0.000001 -0.078224 -0.284334 0.196728
 12 10.242682 0.000001 -0.000002 -0.000000 0.000000 -1.972800
 13 11.375561 -0.000003 0.000002 -0.748055 -0.621332 -0.638629
 14 0.728680 0.023432 -1.008293 1.705251 0.347372 0.567022
 15 2.136497 0.000001 0.000002 0.000000 -0.000000 0.287979
 16 2.313139 0.000001 -0.000000 0.000000 0.000000 0.000000
 17 3.115507 -0.886041 -0.021433 -0.000782 0.000152 0.191986
 18 2.011151 0.000000 -0.000000 0.000000 -0.000000 0.659566
 19 2.141379 -0.000001 -0.000000 0.000000 0.000000 0.000000
 20 1.734173 -0.000001 0.000000 0.000000 -0.000000 0.330185
 21 0.000007 -4.440595 0.000000 1.570544 -0.062990 -0.195737
 22 6.000000 -0.000002 0.000000 -0.998027 0.000000 0.000000
 23 0.000002 -4.440599 -0.000002 1.569944 -0.062987 0.004053
 24 11.375561 -0.000002 0.000003 -1.235711 -0.365180 -0.233166
 25 -0.000000 -4.440600 -0.000000 1.570144 -0.062988 0.004040
 26 10.510131 0.000002 -0.000002 0.000000 -0.000000 -2.557197
 27 -0.000000 -1.748402 5.000003 -0.000000 0.004007 1.602291
 28 5.500000 0.000001 -0.000003 0.033448 -0.000000 -0.000000
 29 -0.000002 -1.940598 5.000002 -0.044472 0.004003 -0.000180
 30 6.551491 -0.000001 0.000001 -0.071026 -0.252676 0.263571
 31 0.000001 -1.940599 4.999999 -0.027189 -0.053376 0.005295
 32 6.551491 -0.000001 0.000001 -0.026756 -0.128462 0.128267
 33 -0.000000 -1.940599 4.999994 -0.066572 -0.152786 -0.110311
 34 0.373233 0.035523 -1.691744 -2.228475 1.107826 0.267139
 35 6.384776 0.000000 0.000000 0.210360 0.563916 0.203400
 36 10.242682 -0.000001 -0.000001 0.000000 -0.000000 -0.673122
 37 11.375560 0.000000 -0.000000 1.144771 -0.075111 -0.282886
 38 0.728682 0.023431 1.008291 -1.705251 -0.347372 0.567022
 39 2.136497 -0.000001 -0.000001 -0.000000 -0.000000 0.287979
 40 2.313139 0.000001 0.000000 0.000000 0.000000 3.141593
 41 3.115507 -0.886040 0.021432 0.253529 0.012992 0.141301
 42 2.011150 0.000001 -0.000002 -0.000000 -0.000000 1.532231
 43 2.141379 0.000001 0.000003 0.000000 0.000000 3.141593
 44 1.734171 -0.000000 -0.000000 -0.000000 -0.000000 0.765986
 45 0.136315 -3.738190 2.525889 1.493698 2.759406 -1.474501
 46 3.726728 -0.053311 2.419488 -0.262762 2.898943 1.398576
 47 11.389366 -0.000820 0.158782 1.356060 -0.024485 -0.163589
 48 -0.000000 -4.440598 0.000000 1.570144 -3.078602 0.004040
 49 5.999999 -0.000001 -0.000001 1.356060 -0.000000 0.000000
 50 0.000001 -4.440602 -0.000003 1.569944 -3.078603 0.004053
 51 10.510131 -0.000001 -0.000000 0.000000 -0.000000 -1.907357
 52 -0.000001 -1.748401 -5.000000 -3.141593 0.004007 -1.539299
 53 5.500000 -0.000000 -0.000001 -0.065734 0.000000 -0.000000
 54 -0.000000 -0.000000 -4.999999 -0.044472 3.137589 -0.000177
 55 6.551491 0.000001 -0.000002 0.065734 0.210158 0.088656
 56 -1.266843 -1.937443 -4.950560 -0.066572 -2.988806 -0.110308
 57 6.551491 0.000001 -0.000002 0.065734 0.210158 0.088656
 58 0.699370 -1.944207 -5.006848 -0.027189 -3.088217 0.005298
 59 4.226147 -0.003201 -0.000000 -0.025688 0.108461 0.327293
 60 0.000001 5.000001 -0.000000 -0.153564 0.000087 2.718702
 61 0.000005 -0.000004 -3.713578 0.095503 -3.012510 -0.750673
 62 0.000003 0.000000 4.999999 3.053197 1.558589 -0.074927
 63 -0.000006 0.000006 3.713580 -0.334411 -2.825096 -0.524885
 64 -0.000001 -0.000001 -5.000000 -0.088728 1.558589 3.066333
 65 7.363603 1.646647 0.495663 -3.141593 -1.570796 0.000000
 66 -0.000006 0.000006 3.619082 -0.528285 -2.367383 -1.007256
 67 16.573921 -0.000001 0.000002 -0.000000 0.000000 -2.019199
 68 15.128181 0.000000 -0.000003 0.031619 0.086785 -0.033197
 69 5.758666 4.244731 0.000000 0.000000 -0.000000 2.033309
 70 3.177726 0.000001 -0.000000 0.000000 0.000000 3.141593
 71 15.708951 0.000002 -0.000004 0.016155 0.048356 -0.018185
 72 0.275149 0.189215 -3.445208 3.130898 0.000409 -1.514604
 73 17.210190 -0.000001 0.000002 0.000000 -0.000000 -2.322356
 74 0.000001 -0.000000 -5.000000 -0.079433 1.546568 -1.570859
 75 0.000006 -0.000004 -3.619079 0.196495 -3.011952 -1.279118
 76 16.573919 -0.000000 0.000000 -0.000000 -0.000000 -1.611348
 77 15.128181 -0.000001 0.000000 0.214418 -0.027533 0.774389
 78 5.758665 4.244730 -0.000000 -0.000000 -0.000000 1.483530
 79 4.003934 0.000000 -0.000000 0.000000 0.000000 0.000000
 80 15.708955 -0.000000 0.000001 0.153371 0.002792 0.528179
 81 0.273997 0.191089 3.439762 -3.130907 -0.000437 -1.508107
 82 17.210192 -0.000000 0.000000 0.000000 -0.000000 -2.138823
 83 0.000001 0.000001 5.000000 -0.079311 1.595025 -1.570737
time 12
  0 1.130557 9.712686 27.009436 -0.281436 0.436358 -2.443536
  1 11.368428 6.770639 -23.418964 -0.498313 0.132926 2.346876
  2 -2.276933 0.000003 -1.238186 -1.570795 -1.570451 0.000000
  3 1.795794 0.712122 -0.000465 0.149595 0.319067 -0.381068
  4 4.118415 -0.003253 -0.000374 0.114439 0.061125 -0.051255
  5 4.119650 -0.003090 -0.000309 0.094812 0.082478 0.335292
  6 4.119092 -0.003198 -0.000551 0.192411 -0.495955 0.058443
  7 4.120847 -0.002735 0.000047 -0.013888 0.243946 0.684417
  8 4.443599 0.000001 -0.000000 -1.024326 -0.120026 -1.118995
  9 9.024063 0.000001 0.000000 0.000000 0.000000 0.000000
 10 -0.418512 -0.019814 1.681256 -0.682349 -0.992586 3.103676
 11 6.384777 0.000001 -0.000003 -0.184480 -0.170238 0.393660
 12 10.242682 -0.000001 -0.000001 -0.000000 -0.000000 -1.821280
 13 11.375559 -0.000001 0.000001 -0.758621 -0.607261 -0.620299
 14 0.728681 0.023429 -1.008292 1.705251 0.347372 0.567022
 15 2.136497 0.000002 0.000001 0.000000 0.000000 0.287979
 16 2.313139 0.000001 -0.000001 0.000000 0.000000 0.000000
 17 3.115507 -0.886043 -0.021432 -0.000782 0.000152 0.191986
 18 2.011151 0.000001 0.000001 -0.000000 -0.000000 0.659566
 19 2.141379 -0.000000 -0.000000 0.000000 0.000000 0.000000
 20 1.734173 0.000000 -0.000000 -0.000000 -0.000000 0.330185
 21 0.000006 -4.440593 -0.000001 1.570544 -0.062990 -0.195737
 22 6.000000 -0.000002 -0.000001 -1.002427 -0.000000 -0.000000
 23 0.000002 -4.440600 0.000000 1.569944 -0.062987 0.004053
 24 11.375561 -0.000002 0.000002 -1.236437 -0.357066 -0.228687
 25 -0.000000 -4.440606 -0.000001 1.570144 -0.062988 0.004040
 26 10.510131 -0.000001 -0.000001 -0.000000 -0.000000 -2.481436
 27 -0.000001 -1.748401 4.999997 -0.000000 0.004007 1.602291
 28 5.500000 0.000000 0.000001 0.073379 0.000000 -0.000000
 29 -0.000002 -1.940598 5.000002 -0.044472 0.004003 -0.000180
 30 6.551491 0.000001 -0.000003 -0.136748 -0.139663 0.402021
 31 -0.000000 -1.940599 5.000001 -0.027189 -0.053376 0.005295
 32 6.551491 0.000001 -0.000003 -0.060600 -0.076036 0.196354
 33 -0.000001 -1.940598 4.999993 -0.066572 -0.152786 -0.110311
 34 0.418514 0.026898 -1.681256 -2.245977 1.088929 0.204368
 35 6.384777 0.000001 -0.000003 0.125554 0.529882 0.193180
 36 10.242683 -0.000002 -0.000001 -0.000000 0.000000 -0.948640
 37 11.375561 0.000001 -0.000001 1.176498 -0.228126 -0.172788
 38 0.728680 0.023431 1.008290 -1.705251 -0.347372 0.567022
 39 2.136495 -0.000000 -0.000001 -0.000000 0.000000 0.287979
 40 2.313139 -0.000000 0.000000 0.000000 0.000000 3.141593
 41 3.115506 -0.886040 0.021431 0.253529 0.012992 0.141301
 42 2.011151 0.000000 0.000002 -0.000000 0.000000 1.532231
 43 2.141378 -0.000001 -0.000002 0.000000 0.000000 3.141593
 44 1.734173 -0.000001 0.000001 -0.000000 -0.000000 0.765986
 45 0.136317 -3.738191 2.525889 1.493698 2.759406 -1.474501
 46 3.726727 -0.053312 2.419485 -0.262762 2.898943 1.398576
 47 11.389367 -0.000819 0.158779 1.371566 -0.117264 -0.110191
 48 0.000000 -4.440598 -0.000001 1.570144 -3.078602 0.004040
 49 6.000000 -0.000002 -0.000000 1.371566 -0.000000 0.000000
 50 0.000001 -4.440601 -0.000001 1.569944 -3.078603 0.004053
 51 10.510134 -0.000002 0.000000 0.000000 -0.000000 -2.045116
 52 0.000001 -1.748399 -5.000000 3.141593 0.004007 -1.539299
 53 5.500001 -0.000001 0.000001 -0.034366 0.000000 0.000000
 54 0.000001 0.000001 -5.000000 -0.044472 3.137589 -0.000177
 55 6.551491 0.000000 -0.000003 0.034366 0.201368 0.099831
 56 -1.266842 -1.937443 -4.950560 -0.066572 -2.988806 -0.110308
 57 6.551491 0.000000 -0.000003 0.034366 0.201368 0.099831
 58 0.699372 -1.944208 -5.006846 -0.027189 -3.088217 0.005298
 59 4.226144 -0.003202 -0.000001 -0.026798 0.121944 0.346445
 60 0.000001 4.999999 -0.000001 -0.153564 0.000087 2.718702
 61 0.000005 -0.000004 -3.713578 0.095503 -3.012510 -0.750673
 62 0.000003 0.000000 4.999999 3.053197 1.558589 -0.074927
 63 -0.000006 0.000006 3.713580 -0.334411 -2.825096 -0.524885
 64 -0.000001 -0.000001 -5.000000 -0.088728 1.558589 3.066333
 65 7.363603 1.646647 0.495663 -3.141593 -1.570796 0.000000
 66 -0.000006 0.000006 3.619082 -0.528285 -2.367383 -1.007256
 67 16.573921 -0.000001 0.000002 -0.000000 0.000000 -2.019199
 68 15.128181 0.000000 -0.000003 0.031619 0.086785 -0.033197
 69 5.758666 4.244731 0.000000 0.000000 -0.000000 2.033309
 70 3.177726 0.000001 -0.000000 0.000000 0.000000 3.141593
 71 15.708951 0.000002 -0.000004 0.016155 0.048356 -0.018185
 72 0.275149 0.189215 -3.445208 3.130898 0.000409 -1.514604
 73 17.210190 -0.000001 0.000002 0.000000 -0.000000 -2.322356
 74 0.000001 -0.000000 -5.000000 -0.079433 1.546568 -1.570859
 75 0.000006 -0.000004 -3.619079 0.196495 -3.011952 -1.279118
 76 16.573919 -0.000000 0.000000 -0.000000 -0.000000 -1.611348
 77 15.128181 -0.000001 0.000000 0.214418 -0.027533 0.774389
 78 5.758665 4.244730 -0.000000 -0.000000 -0.000000 1.483530
 79 4.003934 0.000000 -0.000000 0.000000 0.000000 0.000000
 80 15.708955 -0.000000 0.000001 0.153371 0.002792 0.528179
 81 0.273997 0.191089 3.439762 -3.130907 -0.000437 -1.508107
 82 17.210192 -0.000000 0.000000 0.000000 -0.000000 -2.138823
 83 0.000001 0.000001 5.000000 -0.079311 1.595025 -1.570737
time 13
  0 1.130557 9.712686 27.009436 -0.281436 0.436358 -2.443536
  1 11.368428 6.770639 -23.418964 -0.498313 0.132926 2.346876
  2 -2.276933 0.000003 -1.238186 -1.570795 -1.570451 0.000000
  3 1.795795 0.712126 -0.000484 0.156261 0.326318 -0.378444
  4 4.118417 -0.003251 -0.000391 0.119670 0.059748 -0.050853
  5 4.119654 -0.003089 -0.000325 0.099712 0.077978 0.335784
  6 4.119087 -0.003191 -0.000570 0.198539 -0.497907 0.055512
  7 4.120965 -0.002637 0.000025 -0.007374 0.268358 0.728233
  8 4.443599 -0.000000 -0.000001 -0.993768 -0.105079 -1.113462
  9 9.024061 0.000000 -0.000000 0.000000 0.000000 0.000000
 10 -0.459432 -0.008784 1.670656 -0.694070 -0.968404 3.070924
 11 6.384776 0.000001 0.000001 -0.237903 0.083435 0.706842
 12 10.242682 -0.000000 -0.000001 -0.000000 0.000000 -1.641727
 13 11.375559 0.000001 -0.000003 -0.811706 -0.523531 -0.521357
 14 0.728680 0.023431 -1.008294 1.705251 0.347372 0.567022
 15 2.136496 -0.000002 -0.000001 -0.000000 -0.000000 0.287979
 16 2.313139 0.000003 0.000001 0.000000 0.000000 0.000000
 17 3.115506 -0.886041 -0.021432 -0.000782 0.000152 0.191986
 18 2.011151 0.000003 -0.000003 0.000000 0.000000 0.659566
 19 2.141379 0.000001 0.000001 0.000000 0.000000 0.000000
 20 1.734172 0.000002 -0.000002 0.000000 -0.000000 0.330185
 21 0.000004 -4.440596 -0.000000 1.570544 -0.062990 -0.195737
 22 5.999999 -0.000001 -0.000004 -1.024876 -0.000000 -0.000000
 23 -0.000001 -4.440602 0.000001 1.569944 -0.062987 0.004053
 24 11.375561 0.000001 -0.000002 -1.240245 -0.310436 -0.203386
 25 -0.000001 -4.440602 -0.000002 1.570144 -0.062988 0.004040
 26 10.510131 0.000000 -0.000001 0.000000 -0.000000 -2.391660
 27 -0.000001 -1.748400 4.999999 0.000000 0.004007 1.602291
 28 5.500000 -0.000000 -0.000003 0.099006 0.000000 0.000000
 29 -0.000001 -1.940598 5.000000 -0.044472 0.004003 -0.000180
 30 6.551492 0.000001 -0.000002 -0.166369 0.033714 0.511096
 31 -0.000000 -1.940599 5.000001 -0.027189 -0.053376 0.005295
 32 6.551492 0.000001 -0.000002 -0.083539 0.005973 0.250765
 33 -0.000000 -1.940599 4.999995 -0.066572 -0.152786 -0.110311
 34 0.459433 0.015861 -1.670656 -2.231517 1.073030 0.178377
 35 6.384776 -0.000001 0.000002 0.111053 0.455398 0.274792
 36 10.242682 -0.000001 0.000001 -0.000000 -0.000000 -1.165182
 37 11.375561 0.000003 0.000002 1.258616 -0.344482 -0.156051
 38 0.728680 0.023430 1.008290 -1.705251 -0.347372 0.567022
 39 2.136496 0.000002 -0.000000 0.000000 -0.000000 0.287979
 40 2.313139 0.000000 0.000000 0.000000 0.000000 3.141593
 41 3.115507 -0.886040 0.021431 0.253529 0.012992 0.141302
 42 2.011152 0.000002 0.000001 -0.000000 -0.000000 1.532231
 43 2.141378 0.000001 0.000000 0.000000 0.000000 3.141593
 44 1.734173 -0.000000 -0.000001 -0.000000 0.000000 0.765986
 45 0.136315 -3.738191 2.525890 1.493698 2.759406 -1.474501
 46 3.726728 -0.053311 2.419486 -0.262762 2.898943 1.398576
 47 11.389366 -0.000816 0.158781 1.411873 -0.181598 -0.101852
 48 0.000001 -4.440599 0.000001 1.570144 -3.078602 0.004040
 49 6.000000 0.000002 0.000002 1.411873 -0.000000 0.000000
 50 0.000001 -4.440601 0.000001 1.569944 -3.078603 0.004053
 51 10.510131 -0.000000 0.000000 -0.000000 -0.000000 -2.153387
 52 0.000000 -1.748400 -5.000000 -3.141593 0.004007 -1.539299
 53 5.499998 -0.000000 0.000001 -0.026739 -0.000000 -0.000000
 54 -0.000002 -0.000001 -4.999999 -0.044472 3.137590 -0.000177
 55 6.551490 -0.000000 0.000001 0.026739 0.175514 0.143986
 56 -1.266842 -1.937443 -4.950559 -0.066572 -2.988806 -0.110308
 57 6.551491 -0.000000 0.000001 0.026739 0.175514 0.143986
 58 0.699370 -1.944208 -5.006845 -0.027189 -3.088217 0.005298
 59 4.226144 -0.003201 -0.000000 -0.027248 0.134412 0.364492
 60 -0.000001 5.000000 -0.000000 -0.153564 0.000087 2.718702
 61 0.000005 -0.000004 -3.713578 0.095503 -3.012510 -0.750673
 62 0.000003 0.000000 4.999999 3.053197 1.558589 -0.074927
 63 -0.000006 0.000006 3.713580 -0.334411 -2.825096 -0.524885
 64 -0.000001 -0.000001 -5.000000 -0.088728 1.558589 3.066333
 65 7.363603 1.646647 0.495663 -3.141593 -1.570796 0.000000
 66 -0.000006 0.000006 3.619082 -0.528285 -2.367383 -1.007256
 67 16.573921 -0.000001 0.000002 -0.000000 0.000000 -2.019199
 68 15.128181 0.000000 -0.000003 0.031619 0.086785 -0.033197
 69 5.758666 4.244731 0.000000 0.000000 -0.000000 2.033309
 70 3.177726 0.000001 -0.000000 0.000000 0.000000 3.141593
 71 15.708951 0.000002 -0.000004 0.016155 0.048356 -0.018185
 72 0.275149 0.189215 -3.445208 3.130898 0.000409 -1.514604
 73 17.210190 -0.000001 0.000002 0.000000 -0.000000 -2.322356
 74 0.000001 -0.000000 -5.000000 -0.079433 1.546568 -1.570859
 75 0.000006 -0.000004 -3.619079 0.196495 -3.011952 -1.279118
 76 16.573919 -0.000000 0.000000 -0.000000 -0.000000 -1.611348
 77 15.128181 -0.000001 0.000000 0.214418 -0.027533 0.774389
 78 5.758665 4.244730 -0.000000 -0.000000 -0.000000 1.483530
 79 4.003934 0.000000 -0.000000 0.000000 0.000000 0.000000
 80 15.708955 -0.000000 0.000001 0.153371 0.002792 0.528179
 81 0.273997 0.191089 3.439762 -3.130907 -0.000437 -1.508107
 82 17.210192 -0.000000 0.000000 0.000000 -0.000000 -2.138823
 83 0.000001 0.000001 5.000000 -0.079311 1.595025 -1.570737
time 14
  0 1.130557 9.712686 27.009436 -0.281436 0.436358 -2.443536
  1 11.368428 6.770639 -23.418964 -0.498313 0.132926 2.346876
  2 -2.276933 0.000003 -1.238186 -1.570795 -1.570451 0.000000
  3 1.795799 0.712125 -0.000498 0.160598 0.329985 -0.375453
  4 4.118412 -0.003250 -0.000399 0.122039 0.058783 -0.050364
  5 4.119655 -0.003087 -0.000331 0.101857 0.075413 0.336279
  6 4.119093 -0.003192 -0.000576 0.201340 -0.499153 0.054457
  7 4.121061 -0.002546 -0.000001 0.000237 0.289991 0.768268
  8 4.443599 0.000003 -0.000000 -0.953798 -0.087095 -1.114455
  9 9.024062 -0.000000 -0.000000 0.000000 0.000000 0.000000
 10 -0.495463 0.003932 1.660372 -0.693800 -0.951755 3.030699
 11 6.384776 0.000002 0.000000 -0.248169 0.343655 0.986817
 12 10.242682 -0.000003 -0.000003 -0.000000 0.000000 -1.378748
 13 11.375558 0.000001 0.000003 -0.864709 -0.405932 -0.403410
 14 0.728681 0.023430 -1.008290 1.705251 0.347372 0.567022
 15 2.136498 -0.000000 -0.000001 0.000000 -0.000000 0.287979
 16 2.313139 0.000001 -0.000001 0.000000 0.000000 0.000000
 17 3.115505 -0.886041 -0.021430 -0.000782 0.000152 0.191986
 18 2.011151 -0.000000 0.000001 -0.000000 -0.000000 0.659566
 19 2.141380 0.000000 0.000000 0.000000 0.000000 0.000000
 20 1.734172 0.000002 -0.000000 0.000000 -0.000000 0.330185
 21 0.000005 -4.440596 0.000003 1.570544 -0.062990 -0.195737
 22 6.000000 0.000002 0.000001 -1.048839 -0.000000 0.000000
 23 0.000002 -4.440600 -0.000001 1.569944 -0.062987 0.004053
 24 11.375560 0.000003 0.000003 -1.244550 -0.246844 -0.169803
 25 -0.000000 -4.440602 -0.000000 1.570144 -0.062988 0.004040
 26 10.510129 -0.000002 0.000001 -0.000000 0.000000 -2.260170
 27 0.000000 -1.748401 5.000000 -0.000000 0.004007 1.602291
 28 5.500000 -0.000002 -0.000003 0.135097 0.000000 -0.000000
 29 -0.000001 -1.940597 5.000000 -0.044472 0.004003 -0.000180
 30 6.551491 0.000001 -0.000001 -0.213421 0.181438 0.587826
 31 0.000001 -1.940597 5.000000 -0.027189 -0.053376 0.005295
 32 6.551491 0.000001 -0.000001 -0.115133 0.071625 0.285728
 33 -0.000001 -1.940597 4.999998 -0.066572 -0.152786 -0.110311
 34 0.495464 0.003152 -1.660372 -2.176408 1.077792 0.203166
 35 6.384777 -0.000000 -0.000004 0.065379 0.365478 0.241866
 36 10.242683 -0.000000 -0.000003 -0.000000 -0.000000 -1.411704
 37 11.375561 0.000002 0.000002 1.292519 -0.416494 -0.094158
 38 0.728681 0.023431 1.008294 -1.705251 -0.347372 0.567022
 39 2.136494 0.000003 0.000000 0.000000 0.000000 0.287979
 40 2.313138 -0.000002 -0.000001 0.000000 0.000000 3.141593
 41 3.115507 -0.886040 0.021433 0.253529 0.012992 0.141302
 42 2.011152 0.000001 0.000001 -0.000000 -0.000000 1.532231
 43 2.141379 -0.000001 0.000001 0.000000 0.000000 3.141593
 44 1.734171 -0.000002 -0.000001 -0.000000 -0.000000 0.765986
 45 0.136314 -3.738192 2.525891 1.493698 2.759406 -1.474501
 46 3.726728 -0.053311 2.419487 -0.262762 2.898943 1.398576
 47 11.389366 -0.000817 0.158785 1.430442 -0.221246 -0.069000
 48 -0.000000 -4.440598 -0.000002 1.570144 -3.078602 0.004040
 49 6.000000 0.000001 0.000002 1.430442 0.000000 0.000000
 50 0.000001 -4.440599 -0.000002 1.569944 -3.078603 0.004053
 51 10.510132 -0.000001 -0.000001 -0.000000 -0.000000 -2.276649
 52 -0.000000 -1.748399 -5.000000 -3.141593 0.004007 -1.539299
 53 5.500000 -0.000000 -0.000002 -0.017081 0.000000 -0.000000
 54 -0.000002 -0.000001 -4.999998 -0.044472 3.137589 -0.000177
 55 6.551491 -0.000001 -0.000003 0.017081 0.151465 0.141934
 56 -1.266842 -1.937443 -4.950560 -0.066572 -2.988806 -0.110308
 57 6.551491 -0.000001 -0.000003 0.017081 0.151465 0.141934
 58 0.699372 -1.944208 -5.006848 -0.027189 -3.088217 0.005298
 59 4.226144 -0.003201 -0.000000 -0.027061 0.145706 0.380776
 60 -0.000001 5.000000 -0.000000 -0.153564 0.000087 2.718702
 61 0.000005 -0.000004 -3.713578 0.095503 -3.012510 -0.750673
 62 0.000003 0.000000 4.999999 3.053197 1.558589 -0.074927
 63 -0.000006 0.000006 3.713580 -0.334411 -2.825096 -0.524885
 64 -0.000001 -0.000001 -5.000000 -0.088728 1.558589 3.066333
 65 7.363603 1.646647 0.495663 -3.141593 -1.570796 0.000000
 66 -0.000006 0.000006 3.619082 -0.528285 -2.367383 -1.007256
 67 16.573921 -0.000001 0.000002 -0.000000 0.000000 -2.019199
 68 15.128181 0.000000 -0.000003 0.031619 0.086785 -0.033197
 69 5.758666 4.244731 0.000000 0.000000 -0.000000 2.033309
 70 3.177726 0.000001 -0.000000 0.000000 0.000000 3.141593
 71 15.708951 0.000002 -0.000004 0.016155 0.048356 -0.018185
 72 0.275149 0.189215 -3.445208 3.130898 0.000409 -1.514604
 73 17.210190 -0.000001 0.000002 0.000000 -0.000000 -2.322356
 74 0.000001 -0.000000 -5.000000 -0.079433 1.546568 -1.570859
 75 0.000006 -0.000004 -3.619079 0.196495 -3.011952 -1.279118
 76 16.573919 -0.000000 0.000000 -0.000000 -0.000000 -1.611348
 77 15.128181 -0.000001 0.000000 0.214418 -0.027533 0.774389
 78 5.758665 4.244730 -0.000000 -0.000000 -0.000000 1.483530
 79 4.003934 0.000000 -0.000000 0.000000 0.000000 0.000000
 80 15.708955 -0.000000 0.000001 0.153371 0.002792 0.528179
 81 0.273997 0.191089 3.439762 -3.130907 -0.000437 -1.508107
 82 17.210192 -0.000000 0.000000 0.000000 -0.000000 -2.138823
 83 0.000001 0.000001 5.000000 -0.079311 1.595025 -1.570737
time 15
  0 1.130557 9.712686 27.009436 -0.281436 0.436358 -2.443536
  1 11.368428 6.770639 -23.418964 -0.498313 0.132926 2.346876
  2 -2.276933 0.000003 -1.238186 -1.570795 -1.570451 0.000000
  3 1.795809 0.712123 -0.000507 0.164081 0.331725 -0.371069
  4 4.118416 -0.003249 -0.000403 0.123236 0.058055 -0.049499
  5 4.119658 -0.003087 -0.000335 0.102867 0.073774 0.337127
  6 4.119094 -0.003190 -0.000581 0.202762 -0.500068 0.054522
  7 4.121150 -0.002457 -0.000049 0.014391 0.282311 0.807735
  8 4.443598 0.000002 -0.000000 -0.888360 -0.009464 -1.133285
  9 9.024060 0.000000 0.000000 0.000000 0.000000 0.000000
 10 -0.482696 0.027484 1.663956 -0.676324 -0.963479 2.976876
 11 6.384777 0.000000 -0.000000 -0.338266 0.391181 0.911376
 12 10.242681 -0.000001 0.000000 -0.000000 0.000000 -0.846942
 13 11.375559 0.000001 -0.000003 -0.897331 -0.298211 -0.309007
 14 0.728681 0.023431 -1.008291 1.705251 0.347372 0.567022
 15 2.136498 -0.000002 -0.000001 0.000000 0.000000 0.287979
 16 2.313139 0.000003 -0.000000 0.000000 0.000000 0.000000
 17 3.115506 -0.886041 -0.021430 -0.000782 0.000152 0.191986
 18 2.011149 -0.000001 0.000001 0.000000 0.000000 0.659566
 19 2.141381 -0.000000 0.000001 0.000000 0.000000 0.000000
 20 1.734172 0.000000 0.000001 0.000000 -0.000000 0.330185
 21 0.000006 -4.440592 0.000000 1.570544 -0.062990 -0.195737
 22 6.000001 -0.000000 -0.000001 -1.065439 -0.000000 -0.000000
 23 0.000001 -4.440599 0.000001 1.569944 -0.062987 0.004053
 24 11.375562 0.000001 0.000002 -1.247690 -0.187553 -0.139062
 25 -0.000001 -4.440602 0.000002 1.570144 -0.062988 0.004040
 26 10.510130 -0.000002 -0.000000 -0.000000 0.000000 -1.994267
 27 -0.000001 -1.748401 5.000000 -0.000000 0.004007 1.602291
 28 5.500000 -0.000000 -0.000000 0.167809 0.000000 -0.000000
 29 -0.000001 -1.940598 5.000003 -0.044472 0.004003 -0.000180
 30 6.551491 0.000000 -0.000000 -0.269723 0.200635 0.564559
 31 0.000001 -1.940599 4.999999 -0.027189 -0.053376 0.005295
 32 6.551491 0.000000 -0.000000 -0.142516 0.077295 0.275798
 33 -0.000000 -1.940598 4.999995 -0.066572 -0.152786 -0.110311
 34 0.482699 -0.020406 -1.663956 -2.071563 1.121342 0.283519
 35 6.384776 -0.000000 0.000001 0.008776 0.269330 0.158845
 36 10.242681 -0.000000 -0.000002 0.000000 0.000000 -1.638799
 37 11.375560 0.000003 0.000003 1.308293 -0.415055 -0.031499
 38 0.728681 0.023431 1.008291 -1.705251 -0.347372 0.567022
 39 2.136499 -0.000001 -0.000001 -0.000000 -0.000000 0.287979
 40 2.313138 0.000001 0.000000 0.000000 0.000000 3.141593
 41 3.115507 -0.886041 0.021431 0.253529 0.012992 0.141302
 42 2.011151 -0.000001 0.000002 0.000000 -0.000000 1.532231
 43 2.141381 -0.000001 0.000001 0.000000 0.000000 3.141593
 44 1.734174 -0.000001 0.000002 0.000000 -0.000000 0.765986
 45 0.136315 -3.738192 2.525890 1.493698 2.759406 -1.474501
 46 3.726729 -0.053311 2.419487 -0.262762 2.898943 1.398576
 47 11.389365 -0.000819 0.158784 1.440747 -0.222697 -0.034101
 48 -0.000000 -4.440599 -0.000002 1.570144 -3.078602 0.004040
 49 5.999999 0.000001 0.000002 1.440747 0.000000 0.000000
 50 0.000001 -4.440602 0.000001 1.569944 -3.078603 0.004053
 51 10.510132 0.000000 -0.000003 -0.000000 0.000000 -2.390196
 52 -0.000002 -1.748400 -5.000002 -3.141593 0.004007 -1.539299
 53 5.500000 0.000000 -0.000002 -0.002136 -0.000000 0.000000
 54 0.000001 0.000002 -5.000001 -0.044472 3.137589 -0.000177
 55 6.551490 -0.000000 -0.000000 0.002136 0.126008 0.114189
 56 -1.266843 -1.937443 -4.950560 -0.066572 -2.988806 -0.110308
 57 6.551490 -0.000000 -0.000000 0.002136 0.126008 0.114189
 58 0.699371 -1.944208 -5.006847 -0.027189 -3.088217 0.005298
 59 4.226145 -0.003202 -0.000000 -0.020846 0.143106 0.397501
 60 -0.000001 5.000000 0.000000 -0.153564 0.000087 2.718702
 61 0.000005 -0.000004 -3.713578 0.095503 -3.012510 -0.750673
 62 0.000003 0.000000 4.999999 3.053197 1.558589 -0.074927
 63 -0.000006 0.000006 3.713580 -0.334411 -2.825096 -0.524885
 64 -0.000001 -0.000001 -5.000000 -0.088728 1.558589 3.066333
 65 7.363603 1.646647 0.495663 -3.141593 -1.570796 0.000000
 66 -0.000006 0.000006 3.619082 -0.528285 -2.367383 -1.007256
 67 16.573921 -0.000001 0.000002 -0.000000 0.000000 -2.019199
 68 15.128181 0.000000 -0.000003 0.031619 0.086785 -0.033197
 69 5.758666 4.244731 0.000000 0.000000 -0.000000 2.033309
 70 3.177726 0.000001 -0.000000 0.000000 0.000000 3.141593
 71 15.708951 0.000002 -0.000004 0.016155 0.048356 -0.018185
 72 0.275149 0.189215 -3.445208 3.130898 0.000409 -1.514604
 73 17.210190 -0.000001 0.000002 0.000000 -0.000000 -2.322356
 74 0.000001 -0.000000 -5.000000 -0.079433 1.546568 -1.570859
 75 0.000006 -0.000004 -3.619079 0.196495 -3.011952 -1.279118
 76 16.573919 -0.000000 0.000000 -0.000000 -0.000000 -1.611348
 77 15.128181 -0.000001 0.000000 0.214418 -0.027533 0.774389
 78 5.758665 4.244730 -0.000000 -0.000000 -0.000000 1.483530
 79 4.003934 0.000000 -0.000000 0.000000 0.000000 0.000000
 80 15.708955 -0.000000 0.000001 0.153371 0.002792 0.528179
 81 0.273997 0.191089 3.439762 -3.130907 -0.000437 -1.508107
 82 17.210192 -0.000000 0.000000 0.000000 -0.000000 -2.138823
 83 0.000001 0.000001 5.000000 -0.079311 1.595025 -1.570737
time 16
  0 1.130557 9.712686 27.009436 -0.281436 0.436358 -2.443536
  1 11.368428 6.770639 -23.418964 -0.498313 0.132926 2.346876
  2 -2.276933 0.000003 -1.238186 -1.570795 -1.570451 0.000000
  3 1.795823 0.712117 -0.000517 0.167193 0.332145 -0.365098
  4 4.118423 -0.003249 -0.000404 0.123832 0.057493 -0.048201
  5 4.119664 -0.003085 -0.000337 0.103288 0.072702 0.338401
  6 4.119095 -0.003189 -0.000583 0.203464 -0.500781 0.055410
  7 4.121220 -0.002385 -0.000105 0.030276 0.240572 0.838605
  8 4.443598 0.000001 -0.000000 -0.889304 0.069706 -1.153032
  9 9.024059 0.000000 0.000000 0.000000 0.000000 0.000000
 10 -0.412837 0.054478 1.682050 -0.645283 -1.003437 2.919895
 11 6.384776 0.000001 0.000002 -0.383189 0.360800 0.771837
 12 10.242682 -0.000001 -0.000000 0.000000 0.000000 -0.550358
 13 11.375560 -0.000000 -0.000001 -0.906616 -0.256917 -0.275133
 14 0.728681 0.023432 -1.008292 1.705251 0.347372 0.567022
 15 2.136497 -0.000002 -0.000001 0.000000 -0.000000 0.287979
 16 2.313139 0.000002 -0.000000 0.000000 0.000000 0.000000
 17 3.115507 -0.886040 -0.021429 -0.000782 0.000152 0.191986
 18 2.011150 -0.000000 -0.000003 0.000000 0.000000 0.659566
 19 2.141380 -0.000003 0.000002 0.000000 0.000000 0.000000
 20 1.734174 0.000001 -0.000001 -0.000000 -0.000000 0.330185
 21 0.000006 -4.440591 0.000001 1.570544 -0.062990 -0.195737
 22 6.000000 0.000000 -0.000002 -1.070641 -0.000000 -0.000000
 23 0.000001 -4.440599 -0.000001 1.569944 -0.062987 0.004053
 24 11.375561 0.000001 0.000004 -1.248691 -0.164118 -0.126985
 25 -0.000000 -4.440600 -0.000001 1.570144 -0.062988 0.004040
 26 10.510130 -0.000001 0.000003 -0.000000 -0.000000 -1.845975
 27 0.000001 -1.748401 4.999995 0.000000 0.004007 1.602290
 28 5.500000 -0.000000 0.000002 0.170434 -0.000000 -0.000000
 29 -0.000000 -1.940599 4.999999 -0.044472 0.004003 -0.000180
 30 6.551490 0.000001 0.000002 -0.275709 0.192892 0.521259
 31 -0.000000 -1.940599 5.000002 -0.027189 -0.053376 0.005295
 32 6.551490 0.000001 0.000002 -0.144739 0.075191 0.256778
 33 -0.000001 -1.940599 4.999995 -0.066572 -0.152786 -0.110311
 34 0.412840 -0.047396 -1.682049 -1.895853 1.192735 0.441473
 35 6.384776 0.000001 -0.000003 -0.053352 0.173006 0.070976
 36 10.242683 -0.000002 0.000001 -0.000000 -0.000000 -1.825799
 37 11.375562 -0.000000 0.000002 1.328214 -0.365549 0.007619
 38 0.728680 0.023432 1.008291 -1.705251 -0.347372 0.567022
 39 2.136494 -0.000000 0.000000 0.000000 -0.000000 0.287979
 40 2.313141 -0.000001 0.000001 0.000000 0.000000 3.141593
 41 3.115505 -0.886040 0.021431 0.253529 0.012992 0.141302
 42 2.011148 -0.000001 -0.000000 0.000000 0.000000 1.532231
 43 2.141380 -0.000002 0.000000 0.000000 0.000000 3.141593
 44 1.734174 -0.000000 0.000001 -0.000000 -0.000000 0.765986
 45 0.136312 -3.738192 2.525891 1.493698 2.759406 -1.474501
 46 3.726728 -0.053309 2.419487 -0.262762 2.898943 1.398576
 47 11.389366 -0.000819 0.158783 1.451595 -0.198993 -0.009428
 48 0.000000 -4.440600 0.000000 1.570144 -3.078602 0.004040
 49 6.000000 -0.000000 0.000002 1.451595 -0.000000 0.000000
 50 0.000001 -4.440603 -0.000001 1.569944 -3.078603 0.004053
 51 10.510133 -0.000001 -0.000001 -0.000000 -0.000000 -2.483696
 52 -0.000001 -1.748400 -5.000004 -3.141593 0.004007 -1.539299
 53 5.500000 -0.000002 0.000002 0.020161 0.000000 0.000000
 54 0.000001 0.000000 -4.999999 -0.044472 3.137589 -0.000177
 55 6.551490 -0.000001 -0.000002 -0.020161 0.092985 0.064645
 56 -1.266843 -1.937444 -4.950558 -0.066572 -2.988806 -0.110308
 57 6.551490 -0.000001 -0.000002 -0.020161 0.092985 0.064645
 58 0.699371 -1.944209 -5.006844 -0.027189 -3.088217 0.005298
 59 4.226149 -0.003201 -0.000001 -0.009694 0.123866 0.411620
 60 0.000000 5.000000 -0.000000 -0.153564 0.000087 2.718702
 61 0.000005 -0.000004 -3.713578 0.095503 -3.012510 -0.750673
 62 0.000003 0.000000 4.999999 3.053197 1.558589 -0.074927
 63 -0.000006 0.000006 3.713580 -0.334411 -2.825096 -0.524885
 64 -0.000001 -0.000001 -5.000000 -0.088728 1.558589 3.066333
 65 7.363603 1.646647 0.495663 -3.141593 -1.570796 0.000000
 66 -0.000006 0.000006 3.619082 -0.528285 -2.367383 -1.007256
 67 16.573921 -0.000001 0.000002 -0.000000 0.000000 -2.019199
 68 15.128181 0.000000 -0.000003 0.031619 0.086785 -0.033197
 69 5.758666 4.244731 0.000000 0.000000 -0.000000 2.033309
 70 3.177726 0.000001 -0.000000 0.000000 0.000000 3.141593
 71 15.708951 0.000002 -0.000004 0.016155 0.048356 -0.018185
 72 0.275149 0.189215 -3.445208 3.130898 0.000409 -1.514604
 73 17.210190 -0.000001 0.000002 0.000000 -0.000000 -2.322356
 74 0.000001 -0.000000 -5.000000 -0.079433 1.546568 -1.570859
 75 0.000006 -0.000004 -3.619079 0.196495 -3.011952 -1.279118
 76 16.573919 -0.000000 0.000000 -0.000000 -0.000000 -1.611348
 77 15.128181 -0.000001 0.000000 0.214418 -0.027533 0.774389
 78 5.758665 4.244730 -0.000000 -0.000000 -0.000000 1.483530
 79 4.003934 0.000000 -0.000000 0.000000 0.000000 0.000000
 80 15.708955 -0.000000 0.000001 0.153371 0.002792 0.528179
 81 0.273997 0.191089 3.439762 -3.130907 -0.000437 -1.508107
 82 17.210192 -0.000000 0.000000 0.000000 -0.000000 -2.138823
 83 0.000001 0.000001 5.000000 -0.079311 1.595025 -1.570737
time 17
  0 1.130557 9.712686 27.009436 -0.281436 0.436358 -2.443536
  1 11.368428 6.770639 -23.418964 -0.498313 0.132926 2.346876
  2 -2.276933 0.000003 -1.238186 -1.570795 -1.570451 0.000000
  3 1.795842 0.712110 -0.000522 0.168565 0.329984 -0.358902
  4 4.118428 -0.003251 -0.000400 0.122361 0.057237 -0.046828
  5 4.119666 -0.003083 -0.000331 0.101724 0.073036 0.339703
  6 4.119103 -0.003190 -0.000577 0.201753 -0.500991 0.057674
  7 4.121272 -0.002318 -0.000154 0.044470 0.189171 0.864154
  8 4.443598 0.000000 0.000000 -0.989585 0.091143 -1.164233
  9 9.024062 -0.000000 0.000000 0.000000 0.000000 0.000000
 10 -0.325832 0.079190 1.700126 -0.604585 -1.050090 2.858189
 11 6.384776 0.000001 0.000000 -0.380923 0.367497 0.734626
 12 10.242682 -0.000001 -0.000000 0.000000 -0.000000 -0.507356
 13 11.375562 0.000001 -0.000001 -0.909713 -0.242416 -0.263666
 14 0.728681 0.023432 -1.008292 1.705251 0.347372 0.567022
 15 2.136498 -0.000003 -0.000001 0.000000 -0.000000 0.287979
 16 2.313139 0.000001 0.000001 0.000000 0.000000 0.000000
 17 3.115506 -0.886039 -0.021431 -0.000782 0.000152 0.191986
 18 2.011149 -0.000001 -0.000000 -0.000000 0.000000 0.659566
 19 2.141380 0.000001 -0.000000 0.000000 0.000000 0.000000
 20 1.734172 0.000003 -0.000002 0.000000 -0.000000 0.330185
 21 0.000006 -4.440594 -0.000000 1.570544 -0.062990 -0.195737
 22 6.000000 0.000001 -0.000000 -1.072484 -0.000000 -0.000000
 23 0.000001 -4.440601 -0.000001 1.569944 -0.062987 0.004053
 24 11.375561 0.000001 0.000002 -1.249125 -0.155775 -0.122801
 25 -0.000002 -4.440603 0.000001 1.570144 -0.062988 0.004040
 26 10.510131 -0.000000 -0.000000 -0.000000 -0.000000 -1.824474
 27 0.000000 -1.748399 4.999998 0.000000 0.004007 1.602290
 28 5.500000 -0.000000 0.000000 0.166444 0.000000 0.000000
 29 -0.000002 -1.940598 5.000003 -0.044472 0.004003 -0.000180
 30 6.551490 0.000002 0.000001 -0.267848 0.204785 0.507951
 31 0.000001 -1.940599 4.999998 -0.027189 -0.053376 0.005295
 32 6.551490 0.000002 0.000001 -0.141559 0.082045 0.250885
 33 -0.000000 -1.940599 4.999996 -0.066572 -0.152786 -0.110311
 34 0.325834 -0.072115 -1.700127 -1.627744 1.253625 0.692724
 35 6.384776 -0.000001 -0.000000 -0.119211 0.081209 -0.014651
 36 10.242682 -0.000001 -0.000001 -0.000000 0.000000 -1.968971
 37 11.375562 0.000001 0.000001 1.351489 -0.292112 0.026977
 38 0.728682 0.023432 1.008292 -1.705251 -0.347372 0.567022
 39 2.136498 0.000000 0.000000 -0.000000 0.000000 0.287979
 40 2.313138 -0.000000 0.000000 0.000000 0.000000 3.141593
 41 3.115506 -0.886040 0.021431 0.253529 0.012992 0.141302
 42 2.011150 -0.000001 0.000001 -0.000000 0.000000 1.532231
 43 2.141380 -0.000001 -0.000000 0.000000 0.000000 3.141593
 44 1.734171 -0.000002 0.000001 -0.000000 0.000000 0.765986
 45 0.136312 -3.738192 2.525890 1.493698 2.759406 -1.474501
 46 3.726728 -0.053311 2.419487 -0.262762 2.898943 1.398576
 47 11.389367 -0.000819 0.158782 1.462890 -0.161654 0.005487
 48 -0.000001 -4.440600 0.000000 1.570144 -3.078602 0.004040
 49 6.000001 0.000000 0.000000 1.462890 -0.000000 0.000000
 50 0.000001 -4.440600 -0.000000 1.569944 -3.078603 0.004053
 51 10.510131 -0.000003 0.000002 -0.000000 0.000000 -2.555282
 52 -0.000001 -1.748399 -5.000001 -3.141593 0.004007 -1.539299
 53 5.500000 -0.000000 -0.000001 0.046688 -0.000000 0.000000
 54 0.000000 -0.000001 -5.000000 -0.044472 3.137589 -0.000177
 55 6.551490 0.000000 -0.000001 -0.046688 0.048166 -0.010534
 56 -1.266843 -1.937445 -4.950559 -0.066572 -2.988806 -0.110308
 57 6.551491 0.000000 -0.000001 -0.046688 0.048166 -0.010534
 58 0.699371 -1.944209 -5.006848 -0.027189 -3.088217 0.005298
 59 4.226146 -0.003201 -0.000000 0.002177 0.099778 0.423726
 60 0.000001 5.000000 -0.000000 -0.153564 0.000087 2.718702
 61 0.000005 -0.000004 -3.713578 0.095503 -3.012510 -0.750673
 62 0.000003 0.000000 4.999999 3.053197 1.558589 -0.074927
 63 -0.000006 0.000006 3.713580 -0.334411 -2.825096 -0.524885
 64 -0.000001 -0.000001 -5.000000 -0.088728 1.558589 3.066333
 65 7.363603 1.646647 0.495663 -3.141593 -1.570796 0.000000
 66 -0.000006 0.000006 3.619082 -0.528285 -2.367383 -1.007256
 67 16.573921 -0.000001 0.000002 -0.000000 0.000000 -2.019199
 68 15.128181 0.000000 -0.000003 0.031619 0.086785 -0.033197
 69 5.758666 4.244731 0.000000 0.000000 -0.000000 2.033309
 70 3.177726 0.000001 -0.000000 0.000000 0.000000 3.141593
 71 15.708951 0.000002 -0.000004 0.016155 0.048356 -0.018185
 72 0.275149 0.189215 -3.445208 3.130898 0.000409 -1.514604
 73 17.210190 -0.000001 0.000002 0.000000 -0.000000 -2.322356
 74 0.000001 -0.000000 -5.000000 -0.079433 1.546568 -1.570859
 75 0.000006 -0.000004 -3.619079 0.196495 -3.011952 -1.279118
 76 16.573919 -0.000000 0.000000 -0.000000 -0.000000 -1.611348
 77 15.128181 -0.000001 0.000000 0.214418 -0.027533 0.774389
 78 5.758665 4.244730 -0.000000 -0.000000 -0.000000 1.483530
 79 4.003934 0.000000 -0.000000 0.000000 0.000000 0.000000
 80 15.708955 -0.000000 0.000001 0.153371 0.002792 0.528179
 81 0.273997 0.191089 3.439762 -3.130907 -0.000437 -1.508107
 82 17.210192 -0.000000 0.000000 0.000000 -0.000000 -2.138823
 83 0.000001 0.000001 5.000000 -0.079311 1.595025 -1.570737
time 18
  0 1.130557 9.712686 27.009436 -0.281436 0.436358 -2.443536
  1 11.368428 6.770639 -23.418964 -0.498313 0.132926 2.346876
  2 -2.276933 0.000003 -1.238186 -1.570795 -1.570451 0.000000
  3 1.795857 0.712102 -0.000512 0.165282 0.322504 -0.355098
  4 4.118434 -0.003253 -0.000378 0.115704 0.057606 -0.046070
  5 4.119666 -0.003086 -0.000311 0.095206 0.076595 0.340245
  6 4.119106 -0.003192 -0.000555 0.194023 -0.500014 0.062556
  7 4.121346 -0.002235 -0.000212 0.060250 0.131943 0.895047
  8 4.443599 0.000001 -0.000000 -1.094886 0.111650 -1.178332
  9 9.024060 0.000001 -0.000000 0.000000 0.000000 0.000000
 10 -0.227960 0.106964 1.714543 -0.545646 -1.099259 2.772875
 11 6.384776 0.000001 -0.000001 -0.344495 0.398497 0.715199
 12 10.242683 -0.000001 -0.000001 0.000000 -0.000000 -0.541709
 13 11.375565 -0.000000 -0.000000 -0.917539 -0.210017 -0.239882
 14 0.728679 0.023430 -1.008292 1.705251 0.347372 0.567022
 15 2.136497 0.000000 -0.000001 0.000000 -0.000000 0.287979
 16 2.313138 0.000003 -0.000000 0.000000 0.000000 0.000000
 17 3.115506 -0.886041 -0.021432 -0.000782 0.000152 0.191986
 18 2.011151 0.000001 0.000002 -0.000000 -0.000000 0.659566
 19 2.141379 0.000000 0.000002 0.000000 0.000000 0.000000
 20 1.734173 0.000002 0.000001 -0.000000 0.000000 0.330185
 21 0.000005 -4.440593 0.000001 1.570544 -0.062990 -0.195737
 22 6.000001 0.000001 -0.000002 -1.077535 0.000000 0.000000
 23 0.000002 -4.440602 0.000001 1.569944 -0.062987 0.004053
 24 11.375561 0.000001 0.000003 -1.250852 -0.136949 -0.114183
 25 -0.000000 -4.440604 -0.000001 1.570144 -0.062988 0.004040
 26 10.510131 -0.000001 -0.000002 -0.000000 -0.000000 -1.841651
 27 -0.000001 -1.748401 5.000001 -0.000000 0.004007 1.602290
 28 5.500000 -0.000001 -0.000000 0.151747 -0.000000 -0.000000
 29 -0.000002 -1.940598 5.000001 -0.044472 0.004003 -0.000180
 30 6.551491 0.000002 -0.000001 -0.239411 0.237450 0.497202
 31 0.000000 -1.940598 5.000000 -0.027189 -0.053376 0.005295
 32 6.551491 0.000002 -0.000001 -0.129626 0.100113 0.245875
 33 0.000000 -1.940600 4.999994 -0.066572 -0.152786 -0.110311
 34 0.227962 -0.099882 -1.714543 -1.283378 1.288847 1.009287
 35 6.384777 -0.000000 -0.000004 -0.183058 -0.001318 -0.099709
 36 10.242681 -0.000002 -0.000002 0.000000 0.000000 -2.064939
 37 11.375560 0.000000 0.000002 1.375670 -0.217341 0.036355
 38 0.728681 0.023431 1.008292 -1.705251 -0.347372 0.567022
 39 2.136496 0.000000 0.000000 0.000000 0.000000 0.287979
 40 2.313138 -0.000000 0.000000 0.000000 0.000000 3.141593
 41 3.115507 -0.886040 0.021431 0.253529 0.012992 0.141302
 42 2.011150 0.000000 -0.000000 -0.000000 -0.000000 1.532231
 43 2.141378 0.000002 0.000001 0.000000 0.000000 3.141593
 44 1.734171 -0.000002 0.000001 -0.000000 0.000000 0.765986
 45 0.136316 -3.738193 2.525890 1.493698 2.759406 -1.474501
 46 3.726727 -0.053313 2.419487 -0.262762 2.898943 1.398576
 47 11.389366 -0.000819 0.158782 1.474362 -0.122043 0.014455
 48 0.000001 -4.440599 0.000001 1.570144 -3.078602 0.004040
 49 5.999998 -0.000000 -0.000001 1.474362 -0.000000 -0.000000
 50 0.000002 -4.440602 0.000000 1.569944 -3.078603 0.004053
 51 10.510130 -0.000002 -0.000002 0.000000 -0.000000 -2.603266
 52 -0.000001 -1.748399 -5.000000 3.141593 0.004007 -1.539299
 53 5.499999 -0.000002 -0.000002 0.068887 -0.000000 -0.000000
 54 0.000000 -0.000001 -5.000001 -0.044472 3.137589 -0.000177
 55 6.551491 -0.000001 -0.000002 -0.068887 0.001685 -0.087138
 56 -1.266843 -1.937444 -4.950560 -0.066572 -2.988806 -0.110308
 57 6.551491 -0.000001 -0.000002 -0.068887 0.001685 -0.087138
 58 0.699370 -1.944208 -5.006849 -0.027189 -3.088217 0.005298
 59 4.226147 -0.003202 -0.000000 0.015752 0.073146 0.438153
 60 -0.000000 4.999999 -0.000000 -0.153564 0.000087 2.718702
 61 0.000005 -0.000004 -3.713578 0.095503 -3.012510 -0.750673
 62 0.000003 0.000000 4.999999 3.053197 1.558589 -0.074927
 63 -0.000006 0.000006 3.713580 -0.334411 -2.825096 -0.524885
 64 -0.000001 -0.000001 -5.000000 -0.088728 1.558589 3.066333
 65 7.363603 1.646647 0.495663 -3.141593 -1.570796 0.000000
 66 -0.000006 0.000006 3.619082 -0.528285 -2.367383 -1.007256
 67 16.573921 -0.000001 0.000002 -0.000000 0.000000 -2.019199
 68 15.128181 0.000000 -0.000003 0.031619 0.086785 -0.033197
 69 5.758666 4.244731 0.000000 0.000000 -0.000000 2.033309
 70 3.177726 0.000001 -0.000000 0.000000 0.000000 3.141593
 71 15.708951 0.000002 -0.000004 0.016155 0.048356 -0.018185
 72 0.275149 0.189215 -3.445208 3.130898 0.000409 -1.514604
 73 17.210190 -0.000001 0.000002 0.000000 -0.000000 -2.322356
 74 0.000001 -0.000000 -5.000000 -0.079433 1.546568 -1.570859
 75 0.000006 -0.000004 -3.619079 0.196495 -3.011952 -1.279118
 76 16.573919 -0.000000 0.000000 -0.000000 -0.000000 -1.611348
 77 15.128181 -0.000001 0.000000 0.214418 -0.027533 0.774389
 78 5.758665 4.244730 -0.000000 -0.000000 -0.000000 1.483530
 79 4.003934 0.000000 -0.000000 0.000000 0.000000 0.000000
 80 15.708955 -0.000000 0.000001 0.153371 0.002792 0.528179
 81 0.273997 0.191089 3.439762 -3.130907 -0.000437 -1.508107
 82 17.210192 -0.000000 0.000000 0.000000 -0.000000 -2.138823
 83 0.000001 0.000001 5.000000 -0.079311 1.595025 -1.570737
time 19
  0 1.130557 9.712686 27.009436 -0.281436 0.436358 -2.443536
  1 11.368428 6.770639 -23.418964 -0.498313 0.132926 2.346876
  2 -2.276933 0.000003 -1.238186 -1.570795 -1.570451 0.000000
  3 1.795872 0.712091 -0.000484 0.155141 0.307712 -0.355583
  4 4.118434 -0.003259 -0.000331 0.101515 0.058845 -0.046474
  5 4.119666 -0.003089 -0.000265 0.081498 0.084747 0.339345
  6 4.119104 -0.003200 -0.000511 0.177603 -0.497245 0.070934
  7 4.121411 -0.002138 -0.000264 0.074737 0.071486 0.925493
  8 4.443599 0.000001 -0.000000 -1.184564 0.132706 -1.192755
  9 9.024061 -0.000000 0.000000 0.000000 0.000000 0.000000
 10 -0.123763 0.132582 1.723471 -0.466481 -1.147801 2.667157
 11 6.384777 -0.000000 -0.000001 -0.281113 0.442987 0.735181
 12 10.242682 -0.000001 -0.000001 -0.000000 -0.000000 -0.677457
 13 11.375561 0.000001 -0.000001 -0.926443 -0.178367 -0.219096
 14 0.728680 0.023431 -1.008291 1.705251 0.347372 0.567022
 15 2.136496 -0.000002 0.000000 0.000000 0.000000 0.287979
 16 2.313140 0.000002 0.000001 0.000000 0.000000 0.000000
 17 3.115507 -0.886039 -0.021431 -0.000782 0.000152 0.191986
 18 2.011150 0.000001 -0.000000 -0.000000 0.000000 0.659566
 19 2.141378 -0.000001 0.000000 0.000000 0.000000 0.000000
 20 1.734172 0.000001 -0.000000 0.000000 -0.000000 0.330185
 21 0.000005 -4.440593 0.000001 1.570544 -0.062990 -0.195737
 22 6.000000 0.000001 0.000001 -1.083700 0.000000 -0.000000
 23 0.000002 -4.440600 0.000000 1.569944 -0.062987 0.004053
 24 11.375561 0.000000 0.000003 -1.253535 -0.118342 -0.106763
 25 -0.000001 -4.440604 0.000000 1.570144 -0.062988 0.004040
 26 10.510130 -0.000002 -0.000003 0.000000 0.000000 -1.909525
 27 0.000000 -1.748402 5.000000 0.000000 0.004007 1.602291
 28 5.500000 -0.000001 -0.000001 0.131433 -0.000000 -0.000000
 29 -0.000002 -1.940596 5.000001 -0.044472 0.004003 -0.000180
 30 6.551492 -0.000000 -0.000002 -0.200144 0.277521 0.498327
 31 -0.000000 -1.940598 5.000000 -0.027189 -0.053376 0.005295
 32 6.551492 -0.000000 -0.000002 -0.113047 0.121847 0.245506
 33 -0.000001 -1.940599 4.999998 -0.066572 -0.152786 -0.110311
 34 0.123766 -0.125505 -1.723471 -0.932164 1.295977 1.326596
 35 6.384777 0.000000 -0.000001 -0.238656 -0.081195 -0.176241
 36 10.242682 0.000001 -0.000002 -0.000000 0.000000 -2.120646
 37 11.375558 0.000000 0.000001 1.408669 -0.171075 0.044882
 38 0.728680 0.023432 1.008292 -1.705251 -0.347372 0.567022
 39 2.136497 -0.000000 0.000000 0.000000 0.000000 0.287979
 40 2.313138 -0.000000 0.000001 0.000000 0.000000 3.141593
 41 3.115506 -0.886039 0.021431 0.253529 0.012992 0.141302
 42 2.011151 0.000001 -0.000000 -0.000000 -0.000000 1.532231
 43 2.141379 0.000000 0.000001 0.000000 0.000000 3.141593
 44 1.734172 -0.000001 0.000001 -0.000000 -0.000000 0.765986
 45 0.136313 -3.738192 2.525891 1.493698 2.759406 -1.474501
 46 3.726727 -0.053311 2.419487 -0.262762 2.898943 1.398576
 47 11.389365 -0.000820 0.158782 1.490559 -0.096837 0.021779
 48 0.000000 -4.440600 0.000000 1.570144 -3.078602 0.004040
 49 5.999999 0.000001 0.000001 1.490559 0.000000 0.000000
 50 0.000001 -4.440602 -0.000000 1.569944 -3.078603 0.004053
 51 10.510131 -0.000001 0.000001 -0.000000 -0.000000 -2.631119
 52 -0.000000 -1.748401 -5.000003 -3.141593 0.004007 -1.539299
 53 5.499999 0.000002 -0.000002 0.084435 0.000000 -0.000000
 54 0.000000 -0.000000 -5.000000 -0.044472 3.137589 -0.000177
 55 6.551491 -0.000001 0.000002 -0.084435 -0.036399 -0.134039
 56 -1.266843 -1.937443 -4.950561 -0.066572 -2.988806 -0.110308
 57 6.551492 -0.000001 0.000002 -0.084435 -0.036399 -0.134039
 58 0.699371 -1.944209 -5.006845 -0.027189 -3.088217 0.005298
 59 4.226147 -0.003201 -0.000000 0.029536 0.044920 0.452359
 60 -0.000002 5.000001 0.000000 -0.153564 0.000087 2.718702
 61 0.000005 -0.000004 -3.713578 0.095503 -3.012510 -0.750673
 62 0.000003 0.000000 4.999999 3.053197 1.558589 -0.074927
 63 -0.000006 0.000006 3.713580 -0.334411 -2.825096 -0.524885
 64 -0.000001 -0.000001 -5.000000 -0.088728 1.558589 3.066333
 65 7.363603 1.646647 0.495663 -3.141593 -1.570796 0.000000
 66 -0.000006 0.000006 3.619082 -0.528285 -2.367383 -1.007256
 67 16.573921 -0.000001 0.000002 -0.000000 0.000000 -2.019199
 68 15.128181 0.000000 -0.000003 0.031619 0.086785 -0.033197
 69 5.758666 4.244731 0.000000 0.000000 -0.000000 2.033309
 70 3.177726 0.000001 -0.000000 0.000000 0.000000 3.141593
 71 15.708951 0.000002 -0.000004 0.016155 0.048356 -0.018185
 72 0.275149 0.189215 -3.445208 3.130898 0.000409 -1.514604
 73 17.210190 -0.000001 0.000002 0.000000 -0.000000 -2.322356
 74 0.000001 -0.000000 -5.000000 -0.079433 1.546568 -1.570859
 75 0.000006 -0.000004 -3.619079 0.196495 -3.011952 -1.279118
 76 16.573919 -0.000000 0.000000 -0.000000 -0.000000 -1.611348
 77 15.128181 -0.000001 0.000000 0.214418 -0.027533 0.774389
 78 5.758665 4.244730 -0.000000 -0.000000 -0.000000 1.483530
 79 4.003934 0.000000 -0.000000 0.000000 0.000000 0.000000
 80 15.708955 -0.000000 0.000001 0.153371 0.002792 0.528179
 81 0.273997 0.191089 3.439762 -3.130907 -0.000437 -1.508107
 82 17.210192 -0.000000 0.000000 0.000000 -0.000000 -2.138823
 83 0.000001 0.000001 5.000000 -0.079311 1.595025 -1.570737
time 20
  0 1.130557 9.712686 27.009436 -0.281436 0.436358 -2.443536
  1 11.368428 6.770639 -23.418964 -0.498313 0.132926 2.346876
  2 -2.276933 0.000003 -1.238186 -1.570795 -1.570451 0.000000
  3 1.795879 0.712081 -0.000435 0.138563 0.286112 -0.359955
  4 4.118431 -0.003265 -0.000262 0.080220 0.060902 -0.048047
  5 4.119665 -0.003095 -0.000198 0.060990 0.097209 0.336865
  6 4.119104 -0.003210 -0.000442 0.153081 -0.492592 0.082457
  7 4.121470 -0.002056 -0.000304 0.085915 0.010720 0.950212
  8 4.443598 0.000001 -0.000000 -1.248774 0.152496 -1.204816
  9 9.024060 0.000000 0.000000 0.000000 0.000000 0.000000
 10 -0.018576 0.152210 1.726231 -0.367420 -1.193080 2.546389
 11 6.384777 -0.000000 -0.000002 -0.232552 0.462849 0.715516
 12 10.242681 -0.000000 -0.000000 0.000000 0.000000 -0.763222
 13 11.375564 0.000001 -0.000003 -0.934958 -0.151311 -0.203122
 14 0.728680 0.023431 -1.008292 1.705251 0.347372 0.567022
 15 2.136496 -0.000001 -0.000002 -0.000000 -0.000000 0.287979
 16 2.313139 0.000000 0.000001 0.000000 0.000000 0.000000
 17 3.115506 -0.886041 -0.021431 -0.000782 0.000152 0.191986
 18 2.011152 0.000000 0.000000 -0.000000 0.000000 0.659566
 19 2.141379 -0.000001 0.000000 0.000000 0.000000 0.000000
 20 1.734173 0.000000 -0.000000 -0.000000 -0.000000 0.330185
 21 0.000005 -4.440593 0.000001 1.570544 -0.062990 -0.195737
 22 6.000000 0.000001 -0.000000 -1.089829 -0.000000 -0.000000
 23 -0.000000 -4.440602 -0.000001 1.569944 -0.062987 0.004053
 24 11.375561 0.000003 0.000003 -1.256533 -0.102301 -0.101163
 25 -0.000000 -4.440602 0.000001 1.570144 -0.062988 0.004040
 26 10.510132 -0.000001 -0.000003 0.000000 -0.000000 -1.952408
 27 -0.000001 -1.748402 5.000001 0.000000 0.004007 1.602291
 28 5.499999 0.000001 0.000001 0.113796 -0.000000 -0.000000
 29 -0.000001 -1.940598 5.000000 -0.044472 0.004003 -0.000180
 30 6.551491 0.000000 -0.000002 -0.167211 0.302683 0.490147
 31 0.000001 -1.940598 5.000000 -0.027189 -0.053376 0.005295
 32 6.551491 0.000000 -0.000002 -0.098544 0.136371 0.240779
 33 0.000001 -1.940599 4.999995 -0.066572 -0.152786 -0.110311
 34 0.018579 -0.145134 -1.726231 -0.645252 1.289611 1.579416
 35 6.384776 0.000000 -0.000003 -0.280228 -0.167772 -0.222370
 36 10.242682 -0.000001 0.000001 -0.000000 0.000000 -2.151372
 37 11.375558 0.000000 0.000001 1.464390 -0.187732 0.057906
 38 0.728680 0.023432 1.008290 -1.705251 -0.347372 0.567022
 39 2.136497 -0.000000 -0.000001 -0.000000 0.000000 0.287979
 40 2.313140 0.000002 0.000001 0.000000 0.000000 3.141593
 41 3.115506 -0.886040 0.021431 0.253529 0.012992 0.141302
 42 2.011150 0.000000 0.000002 -0.000000 -0.000000 1.532231
 43 2.141380 -0.000001 -0.000001 0.000000 0.000000 3.141593
 44 1.734173 -0.000000 0.000001 -0.000000 0.000000 0.765986
 45 0.136315 -3.738192 2.525890 1.493698 2.759406 -1.474501
 46 3.726727 -0.053312 2.419487 -0.262762 2.898943 1.398576
 47 11.389366 -0.000820 0.158781 1.518712 -0.105710 0.030418
 48 -0.000001 -4.440599 0.000001 1.570144 -3.078602 0.004040
 49 5.999999 -0.000001 -0.000001 1.518712 -0.000000 -0.000000
 50 0.000002 -4.440602 0.000000 1.569944 -3.078603 0.004053
 51 10.510131 0.000001 0.000001 0.000000 -0.000000 -2.646482
 52 -0.000001 -1.748402 -5.000002 -3.141593 0.004007 -1.539299
 53 5.500000 0.000001 0.000001 0.095476 -0.000000 0.000000
 54 -0.000000 0.000001 -5.000001 -0.044472 3.137590 -0.000177
 55 6.551490 -0.000001 -0.000000 -0.095476 -0.072578 -0.152450
 56 -1.266843 -1.937442 -4.950559 -0.066572 -2.988806 -0.110308
 57 6.551491 -0.000001 -0.000000 -0.095476 -0.072578 -0.152450
 58 0.699370 -1.944206 -5.006847 -0.027189 -3.088217 0.005298
 59 4.226147 -0.003203 -0.000001 0.042171 0.016193 0.463934
 60 -0.000002 5.000001 -0.000000 -0.153564 0.000087 2.718702
 61 0.000005 -0.000004 -3.713578 0.095503 -3.012510 -0.750673
 62 0.000003 0.000000 4.999999 3.053197 1.558589 -0.074927
 63 -0.000006 0.000006 3.713580 -0.334411 -2.825096 -0.524885
 64 -0.000001 -0.000001 -5.000000 -0.088728 1.558589 3.066333
 65 7.363603 1.646647 0.495663 -3.141593 -1.570796 0.000000
 66 -0.000006 0.000006 3.619082 -0.528285 -2.367383 -1.007256
 67 16.573921 -0.000001 0.000002 -0.000000 0.000000 -2.019199
 68 15.128181 0.000000 -0.000003 0.031619 0.086785 -0.033197
 69 5.758666 4.244731 0.000000 0.000000 -0.000000 2.033309
 70 3.177726 0.000001 -0.000000 0.000000 0.000000 3.141593
 71 15.708951 0.000002 -0.000004 0.016155 0.048356 -0.018185
 72 0.275149 0.189215 -3.445208 3.130898 0.000409 -1.514604
 73 17.210190 -0.000001 0.000002 0.000000 -0.000000 -2.322356
 74 0.000001 -0.000000 -5.000000 -0.079433 1.546568 -1.570859
 75 0.000006 -0.000004 -3.619079 0.196495 -3.011952 -1.279118
 76 16.573919 -0.000000 0.000000 -0.000000 -0.000000 -1.611348
 77 15.128181 -0.000001 0.000000 0.214418 -0.027533 0.774389
 78 5.758665 4.244730 -0.000000 -0.000000 -0.000000 1.483530
 79 4.003934 0.000000 -0.000000 0.000000 0.000000 0.000000
 80 15.708955 -0.000000 0.000001 0.153371 0.002792 0.528179
 81 0.273997 0.191089 3.439762 -3.130907 -0.000437 -1.508107
 82 17.210192 -0.000000 0.000000 0.000000 -0.000000 -2.138823
 83 0.000001 0.000001 5.000000 -0.079311 1.595025 -1.570737
time 21
  0 1.130557 9.712686 27.009436 -0.281436 0.436358 -2.443536
  1 11.368428 6.770639 -23.418964 -0.498313 0.132926 2.346876
  2 -2.276933 0.000003 -1.238186 -1.570795 -1.570451 0.000000
  3 1.795885 0.712070 -0.000372 0.117326 0.259488 -0.366688
  4 4.118427 -0.003271 -0.000176 0.053686 0.063561 -0.050509
  5 4.119664 -0.003102 -0.000115 0.035430 0.112827 0.332978
  6 4.119099 -0.003220 -0.000356 0.122729 -0.486276 0.096142
  7 4.121506 -0.001996 -0.000328 0.092549 -0.047236 0.964260
  8 4.443598 -0.000002 -0.000001 -1.283659 0.168800 -1.212180
  9 9.024062 0.000000 0.000000 0.000000 0.000000 0.000000
 10 0.081814 0.163488 1.723381 -0.253053 -1.233598 2.420053
 11 6.384777 0.000001 0.000000 -0.215788 0.447005 0.629715
 12 10.242682 -0.000001 0.000001 0.000000 0.000000 -0.755768
 13 11.375561 0.000001 0.000001 -0.942324 -0.128887 -0.190806
 14 0.728681 0.023431 -1.008292 1.705251 0.347372 0.567022
 15 2.136496 -0.000001 -0.000001 -0.000000 0.000000 0.287979
 16 2.313140 -0.000001 0.000000 0.000000 0.000000 0.000000
 17 3.115505 -0.886042 -0.021431 -0.000782 0.000152 0.191986
 18 2.011150 0.000002 -0.000000 0.000000 0.000000 0.659566
 19 2.141379 -0.000001 -0.000000 0.000000 0.000000 0.000000
 20 1.734172 0.000001 -0.000000 0.000000 0.000000 0.330185
 21 0.000005 -4.440594 0.000001 1.570544 -0.062990 -0.195737
 22 5.999999 -0.000000 0.000002 -1.095239 0.000000 0.000000
 23 0.000001 -4.440599 0.000002 1.569944 -0.062987 0.004053
 24 11.375562 0.000001 0.000004 -1.259328 -0.088922 -0.096863
 25 -0.000002 -4.440602 -0.000001 1.570144 -0.062988 0.004040
 26 10.510131 -0.000002 -0.000001 -0.000000 0.000000 -1.948680
 27 -0.000001 -1.748401 5.000000 0.000000 0.004007 1.602290
 28 5.500000 -0.000001 0.000001 0.102227 0.000000 -0.000000
 29 -0.000002 -1.940596 5.000003 -0.044472 0.004003 -0.000180
 30 6.551492 -0.000000 -0.000002 -0.147918 0.305697 0.464328
 31 0.000001 -1.940598 5.000000 -0.027189 -0.053376 0.005295
 32 6.551492 -0.000000 -0.000002 -0.088839 0.140078 0.228628
 33 0.000000 -1.940598 4.999997 -0.066572 -0.152786 -0.110311
 34 -0.081811 -0.156415 -1.723381 -0.424724 1.281593 1.773410
 35 6.384777 -0.000001 -0.000001 -0.336034 -0.213732 -0.182951
 36 10.242682 -0.000003 0.000000 0.000000 0.000000 -2.199454
 37 11.375558 -0.000002 -0.000000 1.478259 -0.249260 -0.040004
 38 0.728681 0.023431 1.008291 -1.705251 -0.347372 0.567022
 39 2.136496 -0.000002 -0.000000 -0.000000 0.000000 0.287979
 40 2.313139 0.000001 0.000000 0.000000 0.000000 3.141593
 41 3.115506 -0.886041 0.021432 0.253529 0.012992 0.141301
 42 2.011151 0.000001 0.000001 -0.000000 -0.000000 1.532231
 43 2.141379 -0.000002 -0.000002 0.000000 0.000000 3.141593
 44 1.734173 -0.000001 0.000001 -0.000000 -0.000000 0.765986
 45 0.136314 -3.738192 2.525890 1.493698 2.759406 -1.474501
 46 3.726728 -0.053312 2.419487 -0.262762 2.898943 1.398576
 47 11.389365 -0.000819 0.158783 1.523852 -0.137674 -0.026424
 48 0.000000 -4.440599 0.000001 1.570144 -3.078602 0.004040
 49 5.999999 -0.000001 0.000000 1.523852 0.000000 0.000000
 50 0.000002 -4.440602 -0.000001 1.569944 -3.078603 0.004053
 51 10.510131 -0.000003 0.000002 -0.000000 0.000000 -2.670523
 52 -0.000000 -1.748397 -5.000000 3.141593 0.004007 -1.539299
 53 5.500000 -0.000002 0.000000 0.113872 0.000000 0.000000
 54 -0.000000 -0.000000 -5.000000 -0.044472 3.137590 -0.000177
 55 6.551491 -0.000001 -0.000001 -0.113872 -0.097093 -0.135716
 56 -1.266843 -1.937442 -4.950560 -0.066572 -2.988806 -0.110308
 57 6.551491 -0.000001 -0.000001 -0.113872 -0.097093 -0.135716
 58 0.699371 -1.944207 -5.006848 -0.027189 -3.088217 0.005298
 59 4.226143 -0.003200 -0.000001 0.052441 -0.011788 0.470552
 60 0.000000 4.999999 -0.000000 -0.153564 0.000087 2.718702
 61 0.000005 -0.000004 -3.713578 0.095503 -3.012510 -0.750673
 62 0.000003 0.000000 4.999999 3.053197 1.558589 -0.074927
 63 -0.000006 0.000006 3.713580 -0.334411 -2.825096 -0.524885
 64 -0.000001 -0.000001 -5.000000 -0.088728 1.558589 3.066333
 65 7.363603 1.646647 0.495663 -3.141593 -1.570796 0.000000
 66 -0.000006 0.000006 3.619082 -0.528285 -2.367383 -1.007256
 67 16.573921 -0.000001 0.000002 -0.000000 0.000000 -2.019199
 68 15.128181 0.000000 -0.000003 0.031619 0.086785 -0.033197
 69 5.758666 4.244731 0.000000 0.000000 -0.000000 2.033309
 70 3.177726 0.000001 -0.000000 0.000000 0.000000 3.141593
 71 15.708951 0.000002 -0.000004 0.016155 0.048356 -0.018185
 72 0.275149 0.189215 -3.445208 3.130898 0.000409 -1.514604
 73 17.210190 -0.000001 0.000002 0.000000 -0.000000 -2.322356
 74 0.000001 -0.000000 -5.000000 -0.079433 1.546568 -1.570859
 75 0.000006 -0.000004 -3.619079 0.196495 -3.011952 -1.279118
 76 16.573919 -0.000000 0.000000 -0.000000 -0.000000 -1.611348
 77 15.128181 -0.000001 0.000000 0.214418 -0.027533 0.774389
 78 5.758665 4.244730 -0.000000 -0.000000 -0.000000 1.483530
 79 4.003934 0.000000 -0.000000 0.000000 0.000000 0.000000
 80 15.708955 -0.000000 0.000001 0.153371 0.002792 0.528179
 81 0.273997 0.191089 3.439762 -3.130907 -0.000437 -1.508107
 82 17.210192 -0.000000 0.000000 0.000000 -0.000000 -2.138823
 83 0.000001 0.000001 5.000000 -0.079311 1.595025 -1.570737
time 22
  0 1.130557 9.712686 27.009436 -0.281436 0.436358 -2.443536
  1 11.368428 6.770639 -23.418964 -0.498313 0.132926 2.346876
  2 -2.276933 0.000003 -1.238186 -1.570795 -1.570451 0.000000
  3 1.795886 0.712061 -0.000297 0.092646 0.229084 -0.374757
  4 4.118420 -0.003274 -0.000077 0.023192 0.066662 -0.053697
  5 4.119661 -0.003105 -0.000018 0.005991 0.130782 0.327740
  6 4.119097 -0.003232 -0.000257 0.088134 -0.478426 0.111256
  7 4.121512 -0.001987 -0.000331 0.093997 -0.099219 0.962827
  8 4.443599 -0.000003 -0.000000 -1.283278 0.181186 -1.213101
  9 9.024061 0.000001 0.000000 0.000000 0.000000 0.000000
 10 0.171635 0.165363 1.716588 -0.133666 -1.269606 2.303245
 11 6.384777 -0.000001 -0.000001 -0.219816 0.402895 0.503428
 12 10.242682 -0.000000 -0.000002 0.000000 0.000000 -0.678425
 13 11.375560 0.000001 -0.000003 -0.947671 -0.111133 -0.180994
 14 0.728680 0.023430 -1.008291 1.705251 0.347372 0.567022
 15 2.136497 0.000001 -0.000001 -0.000000 0.000000 0.287979
 16 2.313139 -0.000001 0.000000 0.000000 0.000000 0.000000
 17 3.115506 -0.886041 -0.021431 -0.000782 0.000152 0.191986
 18 2.011151 -0.000000 -0.000000 0.000000 0.000000 0.659566
 19 2.141380 0.000000 -0.000000 0.000000 0.000000 0.000000
 20 1.734173 0.000001 -0.000001 -0.000000 -0.000000 0.330185
 21 0.000005 -4.440593 -0.000001 1.570544 -0.062990 -0.195737
 22 5.999998 0.000000 -0.000001 -1.099202 -0.000000 -0.000000
 23 -0.000001 -4.440600 -0.000001 1.569944 -0.062987 0.004053
 24 11.375560 0.000000 0.000000 -1.261383 -0.078254 -0.093307
 25 -0.000002 -4.440604 -0.000000 1.570144 -0.062988 0.004040
 26 10.510131 0.000000 -0.000003 0.000000 -0.000000 -1.910009
 27 -0.000000 -1.748400 4.999999 -0.000000 0.004007 1.602291
 28 5.499999 0.000001 -0.000000 0.095717 0.000000 0.000000
 29 -0.000002 -1.940598 4.999999 -0.044472 0.004003 -0.000180
 30 6.551490 0.000001 0.000002 -0.139603 0.293187 0.424683
 31 0.000001 -1.940598 4.999999 -0.027189 -0.053376 0.005295
 32 6.551490 0.000001 0.000002 -0.083161 0.136030 0.210522
 33 -0.000001 -1.940597 4.999996 -0.066572 -0.152786 -0.110311
 34 -0.171631 -0.158295 -1.716588 -0.252258 1.268212 1.935012
 35 6.384776 0.000000 -0.000001 -0.386487 -0.283521 -0.150141
 36 10.242682 -0.000001 0.000000 -0.000000 -0.000000 -2.205328
 37 11.375559 -0.000001 0.000001 1.514344 -0.331925 -0.154145
 38 0.728681 0.023431 1.008292 -1.705251 -0.347372 0.567022
 39 2.136497 -0.000001 0.000000 0.000000 -0.000000 0.287979
 40 2.313138 0.000000 0.000000 0.000000 0.000000 3.141593
 41 3.115506 -0.886040 0.021432 0.253529 0.012992 0.141302
 42 2.011151 0.000001 0.000000 0.000000 -0.000000 1.532231
 43 2.141379 0.000000 0.000002 0.000000 0.000000 3.141593
 44 1.734172 -0.000001 -0.000000 -0.000000 0.000000 0.765986
 45 0.136314 -3.738192 2.525891 1.493698 2.759406 -1.474501
 46 3.726727 -0.053313 2.419489 -0.262762 2.898943 1.398576
 47 11.389365 -0.000818 0.158783 1.537674 -0.179419 -0.088876
 48 -0.000001 -4.440599 -0.000001 1.570144 -3.078602 0.004040
 49 5.999999 0.000002 0.000002 1.537674 -0.000000 -0.000000
 50 0.000001 -4.440599 -0.000001 1.569944 -3.078603 0.004053
 51 10.510130 0.000001 -0.000000 -0.000000 -0.000000 -2.673460
 52 0.000001 -1.748399 -5.000001 3.141593 0.004007 -1.539299
 53 5.500000 -0.000000 0.000000 0.130338 0.000000 0.000000
 54 -0.000000 -0.000001 -5.000001 -0.044472 3.137590 -0.000177
 55 6.551491 -0.000000 0.000000 -0.130338 -0.130682 -0.119978
 56 -1.266842 -1.937443 -4.950558 -0.066572 -2.988806 -0.110308
 57 6.551491 -0.000001 -0.000000 -0.130338 -0.130682 -0.119978
 58 0.699371 -1.944205 -5.006848 -0.027189 -3.088217 0.005298
 59 4.226146 -0.003202 -0.000000 0.059277 -0.037656 0.469975
 60 -0.000000 5.000002 0.000001 -0.153564 0.000087 2.718702
 61 0.000005 -0.000004 -3.713578 0.095503 -3.012510 -0.750673
 62 0.000003 0.000000 4.999999 3.053197 1.558589 -0.074927
 63 -0.000006 0.000006 3.713580 -0.334411 -2.825096 -0.524885
 64 -0.000001 -0.000001 -5.000000 -0.088728 1.558589 3.066333
 65 7.363603 1.646647 0.495663 -3.141593 -1.570796 0.000000
 66 -0.000006 0.000006 3.619082 -0.528285 -2.367383 -1.007256
 67 16.573921 -0.000001 0.000002 -0.000000 0.000000 -2.019199
 68 15.128181 0.000000 -0.000003 0.031619 0.086785 -0.033197
 69 5.758666 4.244731 0.000000 0.000000 -0.000000 2.033309
 70 3.177726 0.000001 -0.000000 0.000000 0.000000 3.141593
 71 15.708951 0.000002 -0.000004 0.016155 0.048356 -0.018185
 72 0.275149 0.189215 -3.445208 3.130898 0.000409 -1.514604
 73 17.210190 -0.000001 0.000002 0.000000 -0.000000 -2.322356
 74 0.000001 -0.000000 -5.000000 -0.079433 1.546568 -1.570859
 75 0.000006 -0.000004 -3.619079 0.196495 -3.011952 -1.279118
 76 16.573919 -0.000000 0.000000 -0.000000 -0.000000 -1.611348
 77 15.128181 -0.000001 0.000000 0.214418 -0.027533 0.774389
 78 5.758665 4.244730 -0.000000 -0.000000 -0.000000 1.483530
 79 4.003934 0.000000 -0.000000 0.000000 0.000000 0.000000
 80 15.708955 -0.000000 0.000001 0.153371 0.002792 0.528179
 81 0.273997 0.191089 3.439762 -3.130907 -0.000437 -1.508107
 82 17.210192 -0.000000 0.000000 0.000000 -0.000000 -2.138823
 83 0.000001 0.000001 5.000000 -0.079311 1.595025 -1.570737
time 23
  0 1.130557 9.712686 27.009436 -0.281436 0.436358 -2.443536
  1 11.368428 6.770639 -23.418964 -0.498313 0.132926 2.346876
  2 -2.276933 0.000003 -1.238186 -1.570795 -1.570451 0.000000
  3 1.795879 0.712056 -0.000212 0.065650 0.196110 -0.383281
  4 4.118419 -0.003274 0.000033 -0.010031 0.070047 -0.057452
  5 4.119654 -0.003107 0.000085 -0.026200 0.150280 0.321245
  6 4.119090 -0.003239 -0.000149 0.050805 -0.469226 0.127106
  7 4.121475 -0.002039 -0.000315 0.089926 -0.142181 0.941090
  8 4.443599 -0.000001 -0.000001 -1.241547 0.191847 -1.207134
  9 9.024063 0.000000 -0.000001 0.000000 0.000000 0.000000
 10 0.245530 0.157571 1.708305 -0.025666 -1.303285 2.217107
 11 6.384777 -0.000001 -0.000003 -0.221792 0.351790 0.377097
 12 10.242682 0.000000 -0.000002 -0.000000 -0.000000 -0.582237
 13 11.375562 0.000002 -0.000002 -0.950049 -0.098080 -0.172534
 14 0.728681 0.023430 -1.008291 1.705251 0.347372 0.567022
 15 2.136496 -0.000001 -0.000000 0.000000 0.000000 0.287979
 16 2.313140 0.000001 -0.000001 0.000000 0.000000 0.000000
 17 3.115506 -0.886041 -0.021430 -0.000782 0.000152 0.191986
 18 2.011150 0.000001 0.000000 0.000000 -0.000000 0.659566
 19 2.141379 0.000001 0.000000 0.000000 0.000000 0.000000
 20 1.734171 0.000001 0.000001 -0.000000 0.000000 0.330185
 21 0.000006 -4.440594 0.000000 1.570544 -0.062990 -0.195737
 22 5.999999 0.000001 -0.000003 -1.100952 0.000000 -0.000000
 23 0.000001 -4.440601 -0.000000 1.569944 -0.062987 0.004053
 24 11.375561 0.000001 -0.000000 -1.262154 -0.070311 -0.089911
 25 0.000000 -4.440602 -0.000001 1.570144 -0.062988 0.004040
 26 10.510130 0.000000 0.000000 -0.000000 -0.000000 -1.861915
 27 -0.000000 -1.748402 5.000000 0.000000 0.004007 1.602291
 28 5.500000 -0.000000 -0.000000 0.090833 0.000000 0.000000
 29 -0.000002 -1.940597 5.000001 -0.044472 0.004003 -0.000180
 30 6.551491 -0.000000 -0.000002 -0.134589 0.278323 0.377148
 31 -0.000000 -1.940599 5.000002 -0.027189 -0.053376 0.005295
 32 6.551491 -0.000000 -0.000002 -0.078788 0.130685 0.188482
 33 -0.000002 -1.940598 4.999997 -0.066572 -0.152786 -0.110311
 34 -0.245526 -0.150495 -1.708306 -0.133197 1.251584 2.065448
 35 6.384776 0.000000 -0.000001 -0.404853 -0.351825 -0.114248
 36 10.242679 -0.000003 0.000000 0.000000 0.000000 -2.191020
 37 11.375558 0.000001 0.000001 1.589705 -0.434137 -0.279824
 38 0.728680 0.023431 1.008293 -1.705251 -0.347372 0.567022
 39 2.136497 -0.000004 -0.000001 0.000000 -0.000000 0.287979
 40 2.313140 0.000000 0.000001 0.000000 0.000000 3.141593
 41 3.115506 -0.886041 0.021432 0.253529 0.012992 0.141302
 42 2.011150 0.000000 -0.000000 -0.000000 -0.000000 1.532231
 43 2.141380 -0.000001 -0.000001 0.000000 0.000000 3.141593
 44 1.734172 -0.000001 -0.000002 0.000000 -0.000000 0.765986
 45 0.136315 -3.738191 2.525891 1.493698 2.759406 -1.474501
 46 3.726728 -0.053312 2.419486 -0.262762 2.898943 1.398576
 47 11.389365 -0.000818 0.158782 1.566151 -0.230133 -0.148921
 48 0.000002 -4.440598 -0.000001 1.570144 -3.078602 0.004040
 49 5.999998 0.000000 0.000001 1.566151 -0.000000 -0.000000
 50 0.000002 -4.440601 -0.000000 1.569944 -3.078603 0.004053
 51 10.510129 -0.000002 0.000001 -0.000000 -0.000000 -2.666306
 52 0.000002 -1.748399 -5.000001 -3.141593 0.004007 -1.539299
 53 5.500000 -0.000003 0.000001 0.138083 -0.000000 0.000000
 54 -0.000001 -0.000001 -5.000001 -0.044472 3.137590 -0.000177
 55 6.551490 0.000001 -0.000001 -0.138083 -0.161208 -0.102540
 56 -1.266843 -1.937445 -4.950559 -0.066572 -2.988806 -0.110308
 57 6.551490 0.000001 -0.000001 -0.138083 -0.161208 -0.102540
 58 0.699371 -1.944210 -5.006845 -0.027189 -3.088217 0.005298
 59 4.226146 -0.003201 -0.000000 0.061745 -0.059996 0.460128
 60 0.000002 5.000001 -0.000001 -0.153564 0.000087 2.718702
 61 0.000005 -0.000004 -3.713578 0.095503 -3.012510 -0.750673
 62 0.000003 0.000000 4.999999 3.053197 1.558589 -0.074927
 63 -0.000006 0.000006 3.713580 -0.334411 -2.825096 -0.524885
 64 -0.000001 -0.000001 -5.000000 -0.088728 1.558589 3.066333
 65 7.363603 1.646647 0.495663 -3.141593 -1.570796 0.000000
 66 -0.000006 0.000006 3.619082 -0.528285 -2.367383 -1.007256
 67 16.573921 -0.000001 0.000002 -0.000000 0.000000 -2.019199
 68 15.128181 0.000000 -0.000003 0.031619 0.086785 -0.033197
 69 5.758666 4.244731 0.000000 0.000000 -0.000000 2.033309
 70 3.177726 0.000001 -0.000000 0.000000 0.000000 3.141593
 71 15.708951 0.000002 -0.000004 0.016155 0.048356 -0.018185
 72 0.275149 0.189215 -3.445208 3.130898 0.000409 -1.514604
 73 17.210190 -0.000001 0.000002 0.000000 -0.000000 -2.322356
 74 0.000001 -0.000000 -5.000000 -0.079433 1.546568 -1.570859
 75 0.000006 -0.000004 -3.619079 0.196495 -3.011952 -1.279118
 76 16.573919 -0.000000 0.000000 -0.000000 -0.000000 -1.611348
 77 15.128181 -0.000001 0.000000 0.214418 -0.027533 0.774389
 78 5.758665 4.244730 -0.000000 -0.000000 -0.000000 1.483530
 79 4.003934 0.000000 -0.000000 0.000000 0.000000 0.000000
 80 15.708955 -0.000000 0.000001 0.153371 0.002792 0.528179
 81 0.273997 0.191089 3.439762 -3.130907 -0.000437 -1.508107
 82 17.210192 -0.000000 0.000000 0.000000 -0.000000 -2.138823
 83 0.000001 0.000001 5.000000 -0.079311 1.595025 -1.570737
time 24
  0 1.130557 9.712686 27.009436 -0.281436 0.436358 -2.443536
  1 11.368428 6.770639 -23.418964 -0.498313 0.132926 2.346876
  2 -2.276933 0.000003 -1.238186 -1.570795 -1.570451 0.000000
  3 1.795875 0.712053 -0.000122 0.037405 0.161797 -0.391517
  4 4.118413 -0.003270 0.000146 -0.044749 0.073563 -0.061595
  5 4.119647 -0.003103 0.000194 -0.060006 0.170529 0.313661
  6 4.119085 -0.003244 -0.000037 0.012215 -0.458942 0.143052
  7 4.121385 -0.002166 -0.000279 0.080409 -0.175335 0.895255
  8 4.443598 -0.000003 -0.000001 -1.161097 0.204880 -1.195039
  9 9.024059 0.000000 0.000000 0.000000 0.000000 0.000000
 10 0.302251 0.140575 1.700642 0.055158 -1.338547 2.181061
 11 6.384774 0.000002 0.000002 -0.207855 0.317274 0.274733
 12 10.242682 0.000000 -0.000002 0.000000 -0.000000 -0.513668
 13 11.375563 0.000002 -0.000002 -0.948449 -0.089758 -0.164299
 14 0.728681 0.023431 -1.008291 1.705251 0.347372 0.567022
 15 2.136497 -0.000001 0.000000 -0.000000 -0.000000 0.287979
 16 2.313140 0.000002 0.000000 0.000000 0.000000 0.000000
 17 3.115506 -0.886041 -0.021431 -0.000782 0.000152 0.191986
 18 2.011152 -0.000000 0.000001 -0.000000 0.000000 0.659566
 19 2.141379 0.000000 0.000001 0.000000 0.000000 0.000000
 20 1.734173 0.000000 0.000001 -0.000000 -0.000000 0.330185
 21 0.000005 -4.440593 0.000001 1.570544 -0.062990 -0.195737
 22 6.000000 0.000001 -0.000001 -1.099695 0.000000 -0.000000
 23 0.000002 -4.440599 0.000000 1.569944 -0.062987 0.004053
 24 11.375561 0.000001 0.000002 -1.261088 -0.065079 -0.086077
 25 -0.000001 -4.440604 -0.000000 1.570144 -0.062988 0.004040
 26 10.510129 0.000001 0.000001 -0.000000 0.000000 -1.827630
 27 0.000001 -1.748401 4.999997 0.000000 0.004007 1.602290
 28 5.499998 0.000000 0.000001 0.084151 0.000000 -0.000000
 29 -0.000002 -1.940597 5.000002 -0.044472 0.004003 -0.000180
 30 6.551489 0.000001 -0.000000 -0.125958 0.272850 0.325335
 31 -0.000001 -1.940598 5.000002 -0.027189 -0.053376 0.005295
 32 6.551489 0.000001 -0.000000 -0.072931 0.129943 0.163795
 33 -0.000000 -1.940599 4.999996 -0.066572 -0.152786 -0.110311
 34 -0.302247 -0.133508 -1.700644 -0.066946 1.232869 2.169969
 35 6.384777 -0.000002 0.000003 -0.413773 -0.436120 -0.075716
 36 10.242681 -0.000002 0.000001 -0.000000 0.000000 -2.154742
 37 11.375560 -0.000001 -0.000003 1.719571 -0.548049 -0.415018
 38 0.728680 0.023431 1.008293 -1.705251 -0.347372 0.567022
 39 2.136497 0.000003 0.000001 0.000000 0.000000 0.287979
 40 2.313138 -0.000001 -0.000000 0.000000 0.000000 3.141593
 41 3.115506 -0.886041 0.021432 0.253529 0.012992 0.141301
 42 2.011150 0.000000 -0.000001 0.000000 -0.000000 1.532231
 43 2.141379 -0.000001 -0.000001 0.000000 0.000000 3.141593
 44 1.734171 -0.000001 0.000001 0.000000 0.000000 0.765986
 45 0.136314 -3.738192 2.525892 1.493698 2.759406 -1.474501
 46 3.726727 -0.053312 2.419488 -0.262762 2.898943 1.398576
 47 11.389366 -0.000819 0.158779 1.613183 -0.287669 -0.200830
 48 0.000001 -4.440600 0.000001 1.570144 -3.078602 0.004040
 49 6.000000 0.000001 -0.000001 1.613183 -0.000000 -0.000000
 50 0.000002 -4.440602 0.000001 1.569944 -3.078603 0.004053
 51 10.510131 -0.000002 0.000003 0.000000 0.000000 -2.648167
 52 0.000001 -1.748402 -5.000001 3.141593 0.004007 -1.539299
 53 5.499999 0.000000 0.000001 0.143723 -0.000000 -0.000000
 54 -0.000001 0.000001 -5.000001 -0.044472 3.137590 -0.000177
 55 6.551490 -0.000001 0.000000 -0.143723 -0.192203 -0.084938
 56 -1.266843 -1.937441 -4.950561 -0.066572 -2.988806 -0.110308
 57 6.551491 -0.000001 0.000000 -0.143723 -0.192203 -0.084938
 58 0.699370 -1.944206 -5.006847 -0.027189 -3.088217 0.005298
 59 4.226146 -0.003201 -0.000000 0.059497 -0.078389 0.439639
 60 -0.000000 5.000000 -0.000000 -0.153564 0.000087 2.718702
 61 0.000005 -0.000004 -3.713578 0.095503 -3.012510 -0.750673
 62 0.000003 0.000000 4.999999 3.053197 1.558589 -0.074927
 63 -0.000006 0.000006 3.713580 -0.334411 -2.825096 -0.524885
 64 -0.000001 -0.000001 -5.000000 -0.088728 1.558589 3.066333
 65 7.363603 1.646647 0.495663 -3.141593 -1.570796 0.000000
 66 -0.000006 0.000006 3.619082 -0.528285 -2.367383 -1.007256
 67 16.573921 -0.000001 0.000002 -0.000000 0.000000 -2.019199
 68 15.128181 0.000000 -0.000003 0.031619 0.086785 -0.033197
 69 5.758666 4.244731 0.000000 0.000000 -0.000000 2.033309
 70 3.177726 0.000001 -0.000000 0.000000 0.000000 3.141593
 71 15.708951 0.000002 -0.000004 0.016155 0.048356 -0.018185
 72 0.275149 0.189215 -3.445208 3.130898 0.000409 -1.514604
 73 17.210190 -0.000001 0.000002 0.000000 -0.000000 -2.322356
 74 0.000001 -0.000000 -5.000000 -0.079433 1.546568 -1.570859
 75 0.000006 -0.000004 -3.619079 0.196495 -3.011952 -1.279118
 76 16.573919 -0.000000 0.000000 -0.000000 -0.000000 -1.611348
 77 15.128181 -0.000001 0.000000 0.214418 -0.027533 0.774389
 78 5.758665 4.244730 -0.000000 -0.000000 -0.000000 1.483530
 79 4.003934 0.000000 -0.000000 0.000000 0.000000 0.000000
 80 15.708955 -0.000000 0.000001 0.153371 0.002792 0.528179
 81 0.273997 0.191089 3.439762 -3.130907 -0.000437 -1.508107
 82 17.210192 -0.000000 0.000000 0.000000 -0.000000 -2.138823
 83 0.000001 0.000001 5.000000 -0.079311 1.595025 -1.570737
time 25
  0 1.130557 9.712686 27.009436 -0.281436 0.436358 -2.443536
  1 11.368428 6.770639 -23.418964 -0.498313 0.132926 2.346876
  2 -2.276933 0.000003 -1.238186 -1.570795 -1.570451 0.000000
  3 1.795865 0.712055 -0.000030 0.008928 0.127389 -0.398874
  4 4.118407 -0.003263 0.000261 -0.079727 0.077066 -0.065932
  5 4.119642 -0.003095 0.000304 -0.094268 0.190759 0.305258
  6 4.119084 -0.003243 0.000076 -0.026222 -0.447928 0.158517
  7 4.121239 -0.002353 -0.000233 0.067107 -0.201491 0.828573
  8 4.443598 0.000001 0.000000 -1.056431 0.225911 -1.179265
  9 9.024060 0.000000 -0.000001 0.000000 0.000000 0.000000
 10 0.346767 0.117376 1.693847 0.103614 -1.377477 2.197098
 11 6.384776 0.000001 0.000000 -0.179023 0.311249 0.199277
 12 10.242682 0.000001 -0.000001 0.000000 -0.000000 -0.489724
 13 11.375561 0.000001 -0.000001 -0.941834 -0.086215 -0.155198
 14 0.728681 0.023431 -1.008293 1.705251 0.347372 0.567022
 15 2.136497 0.000001 0.000000 -0.000000 0.000000 0.287979
 16 2.313138 -0.000001 0.000000 0.000000 0.000000 0.000000
 17 3.115507 -0.886040 -0.021431 -0.000782 0.000152 0.191986
 18 2.011150 0.000000 -0.000002 0.000000 -0.000000 0.659566
 19 2.141379 -0.000000 0.000001 0.000000 0.000000 0.000000
 20 1.734172 0.000001 0.000000 -0.000000 0.000000 0.330185
 21 0.000005 -4.440593 0.000000 1.570544 -0.062990 -0.195737
 22 6.000000 0.000001 -0.000000 -1.094622 0.000000 0.000000
 23 0.000001 -4.440600 0.000000 1.569944 -0.062987 0.004053
 24 11.375562 0.000001 0.000002 -1.257634 -0.062535 -0.081199
 25 -0.000003 -4.440604 -0.000001 1.570144 -0.062988 0.004040
 26 10.510129 0.000002 -0.000001 -0.000000 0.000000 -1.815658
 27 0.000001 -1.748400 4.999997 0.000000 0.004007 1.602290
 28 5.499999 0.000002 0.000001 0.074422 -0.000000 -0.000000
 29 -0.000003 -1.940598 5.000000 -0.044472 0.004003 -0.000180
 30 6.551492 -0.000000 -0.000002 -0.111493 0.282791 0.271394
 31 0.000001 -1.940599 5.000000 -0.027189 -0.053376 0.005295
 32 6.551492 -0.000000 -0.000002 -0.064541 0.136753 0.137442
 33 0.000000 -1.940600 4.999995 -0.066572 -0.152786 -0.110311
 34 -0.346765 -0.110298 -1.693846 -0.042617 1.213342 2.255888
 35 6.384777 -0.000001 0.000002 -0.410183 -0.530930 -0.035809
 36 10.242681 -0.000002 0.000001 0.000000 -0.000000 -2.102952
 37 11.375560 0.000002 0.000001 1.913611 -0.661439 -0.558950
 38 0.728680 0.023431 1.008291 -1.705251 -0.347372 0.567022
 39 2.136497 0.000002 0.000000 0.000000 -0.000000 0.287979
 40 2.313138 0.000000 0.000001 0.000000 0.000000 3.141593
 41 3.115505 -0.886040 0.021429 0.253529 0.012992 0.141302
 42 2.011151 0.000000 -0.000001 0.000000 0.000000 1.532231
 43 2.141379 -0.000001 -0.000002 0.000000 0.000000 3.141593
 44 1.734172 -0.000001 -0.000002 -0.000000 -0.000000 0.765986
 45 0.136314 -3.738192 2.525890 1.493698 2.759406 -1.474501
 46 3.726727 -0.053311 2.419486 -0.262762 2.898943 1.398576
 47 11.389363 -0.000820 0.158781 1.680029 -0.349640 -0.240938
 48 -0.000000 -4.440599 -0.000000 1.570144 -3.078602 0.004040
 49 5.999998 -0.000001 -0.000001 1.680029 0.000000 0.000000
 50 0.000002 -4.440603 0.000000 1.569944 -3.078603 0.004053
 51 10.510131 -0.000003 0.000003 -0.000000 -0.000000 -2.622272
 52 0.000001 -1.748398 -5.000002 -3.141593 0.004007 -1.539299
 53 5.499999 -0.000002 0.000001 0.145376 -0.000000 -0.000000
 54 -0.000002 0.000000 -5.000001 -0.044472 3.137590 -0.000177
 55 6.551491 -0.000000 -0.000001 -0.145376 -0.219879 -0.069268
 56 -1.266844 -1.937442 -4.950561 -0.066572 -2.988806 -0.110308
 57 6.551491 -0.000001 -0.000001 -0.145376 -0.219879 -0.069268
 58 0.699371 -1.944207 -5.006848 -0.027189 -3.088217 0.005298
 59 4.226148 -0.003203 -0.000000 0.053709 -0.093886 0.410278
 60 0.000001 4.999999 -0.000000 -0.153564 0.000087 2.718702
 61 0.000005 -0.000004 -3.713578 0.095503 -3.012510 -0.750673
 62 0.000003 0.000000 4.999999 3.053197 1.558589 -0.074927
 63 -0.000006 0.000006 3.713580 -0.334411 -2.825096 -0.524885
 64 -0.000001 -0.000001 -5.000000 -0.088728 1.558589 3.066333
 65 7.363603 1.646647 0.495663 -3.141593 -1.570796 0.000000
 66 -0.000006 0.000006 3.619082 -0.528285 -2.367383 -1.007256
 67 16.573921 -0.000001 0.000002 -0.000000 0.000000 -2.019199
 68 15.128181 0.000000 -0.000003 0.031619 0.086785 -0.033197
 69 5.758666 4.244731 0.000000 0.000000 -0.000000 2.033309
 70 3.177726 0.000001 -0.000000 0.000000 0.000000 3.141593
 71 15.708951 0.000002 -0.000004 0.016155 0.048356 -0.018185
 72 0.275149 0.189215 -3.445208 3.130898 0.000409 -1.514604
 73 17.210190 -0.000001 0.000002 0.000000 -0.000000 -2.322356
 74 0.000001 -0.000000 -5.000000 -0.079433 1.546568 -1.570859
 75 0.000006 -0.000004 -3.619079 0.196495 -3.011952 -1.279118
 76 16.573919 -0.000000 0.000000 -0.000000 -0.000000 -1.611348
 77 15.128181 -0.000001 0.000000 0.214418 -0.027533 0.774389
 78 5.758665 4.244730 -0.000000 -0.000000 -0.000000 1.483530
 79 4.003934 0.000000 -0.000000 0.000000 0.000000 0.000000
 80 15.708955 -0.000000 0.000001 0.153371 0.002792 0.528179
 81 0.273997 0.191089 3.439762 -3.130907 -0.000437 -1.508107
 82 17.210192 -0.000000 0.000000 0.000000 -0.000000 -2.138823
 83 0.000001 0.000001 5.000000 -0.079311 1.595025 -1.570737
time 26
  0 1.130557 9.712686 27.009436 -0.281436 0.436358 -2.443536
  1 11.368428 6.770639 -23.418964 -0.498313 0.132926 2.346876
  2 -2.276933 0.000003 -1.238186 -1.570795 -1.570451 0.000000
  3 1.795857 0.712059 0.000060 -0.018793 0.094139 -0.404907
  4 4.118403 -0.003251 0.000371 -0.113727 0.080427 -0.070246
  5 4.119637 -0.003085 0.000408 -0.127797 0.210225 0.296406
  6 4.119081 -0.003239 0.000188 -0.063149 -0.436625 0.173011
  7 4.121033 -0.002568 -0.000179 0.051705 -0.223210 0.746693
  8 4.443598 -0.000003 0.000000 -0.939736 0.260795 -1.161582
  9 9.024063 0.000000 -0.000000 0.000000 0.000000 0.000000
 10 0.383555 0.090862 1.687479 0.107716 -1.419462 2.271682
 11 6.384776 0.000000 -0.000001 -0.145640 0.332657 0.141986
 12 10.242680 0.000002 -0.000002 -0.000000 -0.000000 -0.490903
 13 11.375562 0.000000 -0.000003 -0.929166 -0.087538 -0.144207
 14 0.728680 0.023431 -1.008292 1.705251 0.347372 0.567022
 15 2.136496 -0.000001 -0.000000 0.000000 -0.000000 0.287979
 16 2.313140 0.000001 -0.000000 0.000000 0.000000 0.000000
 17 3.115505 -0.886042 -0.021430 -0.000782 0.000152 0.191986
 18 2.011150 0.000000 0.000000 0.000000 0.000000 0.659566
 19 2.141380 0.000000 0.000001 0.000000 0.000000 0.000000
 20 1.734172 0.000001 0.000001 0.000000 0.000000 0.330185
 21 0.000006 -4.440594 0.000000 1.570544 -0.062990 -0.195737
 22 5.999999 -0.000000 -0.000001 -1.084926 0.000000 0.000000
 23 0.000000 -4.440601 0.000000 1.569944 -0.062987 0.004053
 24 11.375561 0.000001 0.000002 -1.251252 -0.062660 -0.074670
 25 -0.000001 -4.440603 0.000001 1.570144 -0.062988 0.004040
 26 10.510128 0.000002 -0.000002 0.000000 -0.000000 -1.816248
 27 -0.000000 -1.748402 5.000000 -0.000000 0.004007 1.602290
 28 5.499998 0.000002 -0.000001 0.063707 -0.000000 -0.000000
 29 -0.000003 -1.940598 5.000000 -0.044472 0.004003 -0.000180
 30 6.551491 -0.000000 -0.000001 -0.095313 0.307227 0.215011
 31 0.000002 -1.940599 5.000001 -0.027189 -0.053376 0.005295
 32 6.551491 -0.000000 -0.000001 -0.055292 0.150449 0.109474
 33 0.000000 -1.940599 4.999996 -0.066572 -0.152786 -0.110311
 34 -0.383552 -0.083788 -1.687477 -0.050070 1.194012 2.327180
 35 6.384777 -0.000001 0.000002 -0.390026 -0.631916 0.000927
 36 10.242679 0.000000 -0.000000 0.000000 -0.000000 -2.040590
 37 11.375560 0.000002 -0.000000 2.171098 -0.762133 -0.708342
 38 0.728680 0.023431 1.008291 -1.705251 -0.347372 0.567022
 39 2.136496 -0.000001 0.000000 -0.000000 -0.000000 0.287979
 40 2.313139 0.000002 0.000000 0.000000 0.000000 3.141593
 41 3.115505 -0.886041 0.021432 0.253529 0.012992 0.141302
 42 2.011150 0.000000 -0.000001 0.000000 -0.000000 1.532231
 43 2.141379 -0.000000 -0.000000 0.000000 0.000000 3.141593
 44 1.734173 -0.000001 -0.000001 -0.000000 0.000000 0.765986
 45 0.136314 -3.738193 2.525890 1.493698 2.759406 -1.474501
 46 3.726726 -0.053312 2.419486 -0.262762 2.898943 1.398576
 47 11.389365 -0.000818 0.158780 1.765733 -0.414909 -0.264985
 48 -0.000001 -4.440599 0.000000 1.570144 -3.078602 0.004040
 49 6.000000 0.000002 -0.000000 1.765733 0.000000 -0.000000
 50 0.000002 -4.440601 0.000000 1.569944 -3.078603 0.004053
 51 10.510129 -0.000001 0.000001 0.000000 0.000000 -2.591091
 52 0.000001 -1.748402 -5.000001 3.141593 0.004007 -1.539299
 53 5.500000 -0.000001 0.000000 0.140815 -0.000000 -0.000000
 54 -0.000000 0.000002 -5.000000 -0.044472 3.137589 -0.000177
 55 6.551490 -0.000001 0.000001 -0.140815 -0.243251 -0.057300
 56 -1.266843 -1.937442 -4.950560 -0.066572 -2.988806 -0.110308
 57 6.551491 -0.000001 0.000001 -0.140815 -0.243251 -0.057300
 58 0.699371 -1.944207 -5.006847 -0.027189 -3.088217 0.005298
 59 4.226144 -0.003201 0.000001 0.045671 -0.107419 0.374523
 60 0.000000 4.999998 -0.000001 -0.153564 0.000087 2.718702
 61 0.000005 -0.000004 -3.713578 0.095503 -3.012510 -0.750673
 62 0.000003 0.000000 4.999999 3.053197 1.558589 -0.074927
 63 -0.000006 0.000006 3.713580 -0.334411 -2.825096 -0.524885
 64 -0.000001 -0.000001 -5.000000 -0.088728 1.558589 3.066333
 65 7.363603 1.646647 0.495663 -3.141593 -1.570796 0.000000
 66 -0.000006 0.000006 3.619082 -0.528285 -2.367383 -1.007256
 67 16.573921 -0.000001 0.000002 -0.000000 0.000000 -2.019199
 68 15.128181 0.000000 -0.000003 0.031619 0.086785 -0.033197
 69 5.758666 4.244731 0.000000 0.000000 -0.000000 2.033309
 70 3.177726 0.000001 -0.000000 0.000000 0.000000 3.141593
 71 15.708951 0.000002 -0.000004 0.016155 0.048356 -0.018185
 72 0.275149 0.189215 -3.445208 3.130898 0.000409 -1.514604
 73 17.210190 -0.000001 0.000002 0.000000 -0.000000 -2.322356
 74 0.000001 -0.000000 -5.000000 -0.079433 1.546568 -1.570859
 75 0.000006 -0.000004 -3.619079 0.196495 -3.011952 -1.279118
 76 16.573919 -0.000000 0.000000 -0.000000 -0.000000 -1.611348
 77 15.128181 -0.000001 0.000000 0.214418 -0.027533 0.774389
 78 5.758665 4.244730 -0.000000 -0.000000 -0.000000 1.483530
 79 4.003934 0.000000 -0.000000 0.000000 0.000000 0.000000
 80 15.708955 -0.000000 0.000001 0.153371 0.002792 0.528179
 81 0.273997 0.191089 3.439762 -3.130907 -0.000437 -1.508107
 82 17.210192 -0.000000 0.000000 0.000000 -0.000000 -2.138823
 83 0.000001 0.000001 5.000000 -0.079311 1.595025 -1.570737
time 27
  0 1.130557 9.712686 27.009436 -0.281436 0.436358 -2.443536
  1 11.368428 6.770639 -23.418964 -0.498313 0.132926 2.346876
  2 -2.276933 0.000003 -1.238186 -1.570795 -1.570451 0.000000
  3 1.795849 0.712065 0.000145 -0.044774 0.063296 -0.409306
  4 4.118402 -0.003238 0.000474 -0.145508 0.083527 -0.074302
  5 4.119630 -0.003071 0.000508 -0.159355 0.228221 0.287582
  6 4.119081 -0.003234 0.000290 -0.097271 -0.425549 0.186129
  7 4.120782 -0.002786 -0.000124 0.035693 -0.242911 0.655246
  8 4.443598 -0.000001 0.000000 -0.823653 0.311950 -1.142371
  9 9.024060 0.000000 -0.000000 0.000000 0.000000 0.000000
 10 0.416768 0.063553 1.680783 0.035145 -1.462424 2.431707
 11 6.384776 0.000000 -0.000001 -0.106063 0.388355 0.085715
 12 10.242682 0.000000 -0.000001 0.000000 0.000000 -0.497406
 13 11.375560 -0.000001 -0.000001 -0.896881 -0.113723 -0.134773
 14 0.728681 0.023431 -1.008293 1.705251 0.347372 0.567022
 15 2.136498 0.000000 0.000000 0.000000 -0.000000 0.287979
 16 2.313139 -0.000001 0.000000 0.000000 0.000000 0.000000
 17 3.115506 -0.886042 -0.021433 -0.000782 0.000152 0.191986
 18 2.011152 0.000001 0.000002 0.000000 0.000000 0.659566
 19 2.141379 0.000000 0.000000 0.000000 0.000000 0.000000
 20 1.734172 -0.000000 0.000001 0.000000 0.000000 0.330185
 21 0.000004 -4.440593 -0.000000 1.570544 -0.062990 -0.195737
 22 5.999999 -0.000000 -0.000001 -1.060282 -0.000000 -0.000000
 23 0.000002 -4.440600 -0.000001 1.569944 -0.062987 0.004053
 24 11.375560 0.000000 0.000002 -1.235646 -0.077165 -0.066082
 25 -0.000000 -4.440603 0.000001 1.570144 -0.062988 0.004040
 26 10.510130 0.000000 -0.000002 -0.000000 -0.000000 -1.819499
 27 -0.000000 -1.748401 4.999998 -0.000000 0.004007 1.602291
 28 5.499999 0.000001 -0.000000 0.050311 0.000000 -0.000000
 29 -0.000002 -1.940597 5.000002 -0.044472 0.004003 -0.000180
 30 6.551491 0.000000 -0.000000 -0.075881 0.348767 0.143087
 31 0.000001 -1.940599 4.999999 -0.027189 -0.053376 0.005295
 32 6.551491 0.000000 -0.000000 -0.043614 0.172411 0.073519
 33 -0.000002 -1.940598 4.999996 -0.066572 -0.152786 -0.110311
 34 -0.416765 -0.056477 -1.680780 -0.079440 1.174929 2.387437
 35 6.384777 0.000000 0.000003 -0.348741 -0.735153 0.027834
 36 10.242681 0.000001 0.000001 0.000000 -0.000000 -1.971903
 37 11.375561 0.000000 -0.000000 2.477831 -0.843556 -0.854358
 38 0.728680 0.023431 1.008292 -1.705251 -0.347372 0.567022
 39 2.136497 0.000002 0.000000 0.000000 0.000000 0.287979
 40 2.313138 -0.000001 0.000001 0.000000 0.000000 3.141593
 41 3.115505 -0.886041 0.021431 0.253529 0.012992 0.141302
 42 2.011150 -0.000001 0.000001 0.000000 0.000000 1.532231
 43 2.141380 -0.000000 -0.000002 0.000000 0.000000 3.141593
 44 1.734172 -0.000001 0.000001 -0.000000 -0.000000 0.765986
 45 0.136314 -3.738191 2.525891 1.493698 2.759406 -1.474501
 46 3.726727 -0.053312 2.419488 -0.262762 2.898943 1.398576
 47 11.389366 -0.000821 0.158781 1.867729 -0.484647 -0.267835
 48 0.000001 -4.440599 0.000000 1.570144 -3.078602 0.004040
 49 6.000000 -0.000002 -0.000000 1.867729 -0.000000 0.000000
 50 0.000002 -4.440601 -0.000001 1.569944 -3.078603 0.004053
 51 10.510129 0.000003 0.000000 0.000000 -0.000000 -2.556748
 52 0.000001 -1.748399 -5.000000 -3.141593 0.004007 -1.539299
 53 5.500000 0.000001 0.000001 0.128362 0.000000 -0.000000
 54 -0.000001 0.000001 -4.999998 -0.044472 3.137589 -0.000177
 55 6.551491 0.000001 0.000001 -0.128362 -0.262796 -0.049365
 56 -1.266843 -1.937445 -4.950559 -0.066572 -2.988806 -0.110308
 57 6.551491 0.000001 0.000001 -0.128362 -0.262796 -0.049365
 58 0.699370 -1.944206 -5.006848 -0.027189 -3.088217 0.005298
 59 4.226148 -0.003202 -0.000001 0.036528 -0.119947 0.334350
 60 0.000001 5.000000 -0.000001 -0.153564 0.000087 2.718702
 61 0.000005 -0.000004 -3.713578 0.095503 -3.012510 -0.750673
 62 0.000003 0.000000 4.999999 3.053197 1.558589 -0.074927
 63 -0.000006 0.000006 3.713580 -0.334411 -2.825096 -0.524885
 64 -0.000001 -0.000001 -5.000000 -0.088728 1.558589 3.066333
 65 7.363603 1.646647 0.495663 -3.141593 -1.570796 0.000000
 66 -0.000006 0.000006 3.619082 -0.528285 -2.367383 -1.007256
 67 16.573921 -0.000001 0.000002 -0.000000 0.000000 -2.019199
 68 15.128181 0.000000 -0.000003 0.031619 0.086785 -0.033197
 69 5.758666 4.244731 0.000000 0.000000 -0.000000 2.033309
 70 3.177726 0.000001 -0.000000 0.000000 0.000000 3.141593
 71 15.708951 0.000002 -0.000004 0.016155 0.048356 -0.018185
 72 0.275149 0.189215 -3.445208 3.130898 0.000409 -1.514604
 73 17.210190 -0.000001 0.000002 0.000000 -0.000000 -2.322356
 74 0.000001 -0.000000 -5.000000 -0.079433 1.546568 -1.570859
 75 0.000006 -0.000004 -3.619079 0.196495 -3.011952 -1.279118
 76 16.573919 -0.000000 0.000000 -0.000000 -0.000000 -1.611348
 77 15.128181 -0.000001 0.000000 0.214418 -0.027533 0.774389
 78 5.758665 4.244730 -0.000000 -0.000000 -0.000000 1.483530
 79 4.003934 0.000000 -0.000000 0.000000 0.000000 0.000000
 80 15.708955 -0.000000 0.000001 0.153371 0.002792 0.528179
 81 0.273997 0.191089 3.439762 -3.130907 -0.000437 -1.508107
 82 17.210192 -0.000000 0.000000 0.000000 -0.000000 -2.138823
 83 0.000001 0.000001 5.000000 -0.079311 1.595025 -1.570737
time 28
  0 1.130557 9.712686 27.009436 -0.281436 0.436358 -2.443536
  1 11.368428 6.770639 -23.418964 -0.498313 0.132926 2.346876
  2 -2.276933 0.000003 -1.238186 -1.570795 -1.570451 0.000000
  3 1.795842 0.712073 0.000222 -0.068015 0.036091 -0.411866
  4 4.118402 -0.003224 0.000565 -0.173828 0.086265 -0.077846
  5 4.119632 -0.003056 0.000595 -0.187662 0.244082 0.279361
  6 4.119079 -0.003224 0.000380 -0.127350 -0.415273 0.197545
  7 4.120497 -0.002988 -0.000071 0.020593 -0.262693 0.559855
  8 4.443599 -0.000003 -0.000000 -0.720700 0.377247 -1.122106
  9 9.024063 0.000000 -0.000000 0.000000 0.000000 0.000000
 10 0.449957 0.037987 1.672924 -0.212709 -1.501926 2.770434
 11 6.384779 -0.000002 -0.000003 -0.055831 0.477123 -0.000503
 12 10.242682 -0.000000 -0.000002 -0.000000 -0.000000 -0.513199
 13 11.375561 -0.000001 -0.000002 -0.839645 -0.172434 -0.130462
 14 0.728681 0.023431 -1.008292 1.705251 0.347372 0.567022
 15 2.136496 0.000000 0.000000 0.000000 -0.000000 0.287979
 16 2.313140 -0.000001 -0.000000 0.000000 0.000000 0.000000
 17 3.115506 -0.886041 -0.021432 -0.000782 0.000152 0.191986
 18 2.011150 0.000000 0.000001 0.000000 0.000000 0.659566
 19 2.141379 0.000000 0.000000 0.000000 0.000000 0.000000
 20 1.734172 0.000000 0.000000 -0.000000 0.000000 0.330185
 21 0.000006 -4.440593 0.000000 1.570544 -0.062990 -0.195737
 22 5.999999 0.000001 -0.000001 -1.016796 0.000000 -0.000000
 23 -0.000000 -4.440602 0.000000 1.569944 -0.062987 0.004053
 24 11.375561 0.000000 0.000001 -1.208728 -0.110445 -0.055710
 25 -0.000001 -4.440604 -0.000000 1.570144 -0.062988 0.004040
 26 10.510130 -0.000001 -0.000002 0.000000 0.000000 -1.827396
 27 0.000000 -1.748401 5.000000 -0.000000 0.004007 1.602290
 28 5.500000 -0.000001 -0.000002 0.026975 -0.000000 0.000000
 29 -0.000002 -1.940598 5.000001 -0.044472 0.004003 -0.000180
 30 6.551493 -0.000001 -0.000001 -0.045532 0.397864 0.013180
 31 -0.000001 -1.940597 5.000002 -0.027189 -0.053376 0.005295
 32 6.551493 -0.000001 -0.000001 -0.022883 0.197893 0.008718
 33 0.000000 -1.940599 4.999997 -0.066572 -0.152786 -0.110311
 34 -0.449955 -0.030913 -1.672923 -0.120853 1.155471 2.440247
 35 6.384776 -0.000000 -0.000002 -0.282211 -0.836279 0.038327
 36 10.242682 -0.000000 0.000002 0.000000 -0.000000 -1.901398
 37 11.375560 -0.000001 -0.000001 2.810698 -0.907206 -0.986038
 38 0.728681 0.023431 1.008293 -1.705251 -0.347372 0.567022
 39 2.136495 0.000003 -0.000001 0.000000 0.000000 0.287979
 40 2.313139 -0.000001 -0.000000 0.000000 0.000000 3.141593
 41 3.115507 -0.886043 0.021430 0.253529 0.012992 0.141301
 42 2.011151 0.000002 0.000002 0.000000 -0.000000 1.532231
 43 2.141379 0.000000 -0.000000 0.000000 0.000000 3.141593
 44 1.734173 0.000000 0.000002 0.000000 0.000000 0.765986
 45 0.136315 -3.738194 2.525890 1.493698 2.759406 -1.474501
 46 3.726728 -0.053312 2.419488 -0.262762 2.898943 1.398576
 47 11.389366 -0.000821 0.158780 1.977935 -0.558693 -0.248777
 48 0.000000 -4.440599 0.000001 1.570144 -3.078602 0.004040
 49 5.999999 -0.000000 -0.000000 1.977935 0.000000 -0.000000
 50 0.000002 -4.440600 0.000002 1.569944 -3.078603 0.004053
 51 10.510131 0.000001 0.000002 0.000000 0.000000 -2.521495
 52 0.000002 -1.748401 -5.000001 -3.141593 0.004007 -1.539299
 53 5.500000 0.000001 0.000001 0.106920 -0.000000 0.000000
 54 -0.000001 -0.000001 -4.999999 -0.044472 3.137589 -0.000177
 55 6.551491 0.000000 -0.000003 -0.106920 -0.279188 -0.043864
 56 -1.266843 -1.937443 -4.950558 -0.066572 -2.988806 -0.110308
 57 6.551491 0.000000 -0.000003 -0.106920 -0.279188 -0.043864
 58 0.699371 -1.944209 -5.006845 -0.027189 -3.088217 0.005298
 59 4.226145 -0.003201 -0.000000 0.027355 -0.132354 0.291436
 60 -0.000000 5.000000 0.000002 -0.153565 0.000087 2.718702
 61 0.000005 -0.000004 -3.713578 0.095503 -3.012510 -0.750673
 62 0.000003 0.000000 4.999999 3.053197 1.558589 -0.074927
 63 -0.000006 0.000006 3.713580 -0.334411 -2.825096 -0.524885
 64 -0.000001 -0.000001 -5.000000 -0.088728 1.558589 3.066333
 65 7.363603 1.646647 0.495663 -3.141593 -1.570796 0.000000
 66 -0.000006 0.000006 3.619082 -0.528285 -2.367383 -1.007256
 67 16.573921 -0.000001 0.000002 -0.000000 0.000000 -2.019199
 68 15.128181 0.000000 -0.000003 0.031619 0.086785 -0.033197
 69 5.758666 4.244731 0.000000 0.000000 -0.000000 2.033309
 70 3.177726 0.000001 -0.000000 0.000000 0.000000 3.141593
 71 15.708951 0.000002 -0.000004 0.016155 0.048356 -0.018185
 72 0.275149 0.189215 -3.445208 3.130898 0.000409 -1.514604
 73 17.210190 -0.000001 0.000002 0.000000 -0.000000 -2.322356
 74 0.000001 -0.000000 -5.000000 -0.079433 1.546568 -1.570859
 75 0.000006 -0.000004 -3.619079 0.196495 -3.011952 -1.279118
 76 16.573919 -0.000000 0.000000 -0.000000 -0.000000 -1.611348
 77 15.128181 -0.000001 0.000000 0.214418 -0.027533 0.774389
 78 5.758665 4.244730 -0.000000 -0.000000 -0.000000 1.483530
 79 4.003934 0.000000 -0.000000 0.000000 0.000000 0.000000
 80 15.708955 -0.000000 0.000001 0.153371 0.002792 0.528179
 81 0.273997 0.191089 3.439762 -3.130907 -0.000437 -1.508107
 82 17.210192 -0.000000 0.000000 0.000000 -0.000000 -2.138823
 83 0.000001 0.000001 5.000000 -0.079311 1.595025 -1.570737
time 29
  0 1.130557 9.712686 27.009436 -0.281436 0.436358 -2.443536
  1 11.368428 6.770639 -23.418964 -0.498313 0.132926 2.346876
  2 -2.276933 0.000003 -1.238186 -1.570795 -1.570451 0.000000
  3 1.795836 0.712081 0.000285 -0.087476 0.013733 -0.412465
  4 4.118404 -0.003211 0.000639 -0.197443 0.088545 -0.080611
  5 4.119632 -0.003040 0.000667 -0.211398 0.257175 0.272390
  6 4.119077 -0.003213 0.000456 -0.152187 -0.406415 0.207000
  7 4.120201 -0.003159 -0.000028 0.008042 -0.284248 0.466117
  8 4.443598 0.000001 0.000000 -0.642906 0.450118 -1.103116
  9 9.024060 -0.000000 0.000001 0.000000 0.000000 0.000000
 10 0.485917 0.016908 1.663138 -0.895293 -1.525555 -2.741194
 11 6.384777 -0.000002 -0.000002 -0.014788 0.578341 -0.116989
 12 10.242682 0.000000 -0.000002 0.000000 -0.000000 -0.532708
 13 11.375562 -0.000000 -0.000002 -0.771657 -0.244101 -0.132224
 14 0.728680 0.023431 -1.008292 1.705251 0.347372 0.567022
 15 2.136498 0.000000 -0.000000 0.000000 -0.000000 0.287979
 16 2.313138 -0.000000 -0.000000 0.000000 0.000000 0.000000
 17 3.115505 -0.886042 -0.021432 -0.000782 0.000152 0.191986
 18 2.011150 -0.000000 -0.000000 0.000000 0.000000 0.659566
 19 2.141380 0.000000 -0.000000 0.000000 0.000000 0.000000
 20 1.734172 0.000000 0.000000 0.000000 0.000000 0.330185
 21 0.000007 -4.440594 0.000000 1.570544 -0.062990 -0.195737
 22 6.000001 0.000000 -0.000001 -0.965582 0.000000 0.000000
 23 -0.000000 -4.440601 -0.000001 1.569944 -0.062987 0.004053
 24 11.375561 -0.000000 0.000002 -1.177794 -0.150905 -0.045478
 25 -0.000001 -4.440604 -0.000001 1.570144 -0.062988 0.004040
 26 10.510128 0.000001 -0.000002 0.000000 0.000000 -1.837150
 27 0.000001 -1.748403 5.000000 -0.000000 0.004007 1.602290
 28 5.500000 0.000000 -0.000002 -0.004383 0.000000 0.000000
 29 -0.000002 -1.940600 5.000000 -0.044472 0.004003 -0.000180
 30 6.551490 -0.000000 -0.000000 -0.006902 0.439523 -0.148592
 31 -0.000000 -1.940599 5.000001 -0.027189 -0.053376 0.005295
 32 6.551490 -0.000000 -0.000000 0.005162 0.217340 -0.071204
 33 0.000001 -1.940599 4.999997 -0.066572 -0.152786 -0.110311
 34 -0.485914 -0.009830 -1.663137 -0.164225 1.134615 2.489472
 35 6.384777 -0.000000 0.000000 -0.188928 -0.930251 0.029446
 36 10.242682 -0.000001 0.000001 -0.000000 -0.000000 -1.834728
 37 11.375562 -0.000002 -0.000000 -3.134135 -0.958618 -1.098976
 38 0.728682 0.023430 1.008291 -1.705251 -0.347372 0.567022
 39 2.136497 -0.000001 0.000001 -0.000000 0.000000 0.287979
 40 2.313139 -0.000000 -0.000001 0.000000 0.000000 3.141593
 41 3.115507 -0.886042 0.021431 0.253529 0.012992 0.141301
 42 2.011149 0.000001 -0.000000 0.000000 -0.000000 1.532231
 43 2.141379 0.000000 -0.000000 0.000000 0.000000 3.141593
 44 1.734171 -0.000001 -0.000001 0.000000 0.000000 0.765986
 45 0.136314 -3.738194 2.525890 1.493698 2.759406 -1.474501
 46 3.726729 -0.053313 2.419489 -0.262762 2.898943 1.398576
 47 11.389368 -0.000819 0.158782 2.079482 -0.629441 -0.214565
 48 0.000002 -4.440599 -0.000001 1.570144 -3.078602 0.004040
 49 6.000000 -0.000002 0.000000 2.079482 0.000000 -0.000000
 50 -0.000001 -4.440602 -0.000000 1.569944 -3.078603 0.004053
 51 10.510131 -0.000002 0.000003 -0.000000 -0.000000 -2.488160
 52 -0.000000 -1.748401 -5.000001 3.141593 0.004007 -1.539299
 53 5.500000 -0.000001 0.000002 0.075518 -0.000000 0.000000
 54 -0.000001 -0.000001 -5.000000 -0.044472 3.137589 -0.000177
 55 6.551491 -0.000000 0.000001 -0.075518 -0.293011 -0.036715
 56 -1.266844 -1.937443 -4.950560 -0.066572 -2.988806 -0.110308
 57 6.551491 -0.000000 0.000000 -0.075518 -0.293011 -0.036715
 58 0.699371 -1.944209 -5.006846 -0.027189 -3.088217 0.005298
 59 4.226147 -0.003202 0.000000 0.019227 -0.145369 0.247558
 60 -0.000001 5.000003 0.000001 -0.153564 0.000087 2.718702
 61 0.000005 -0.000004 -3.713578 0.095503 -3.012510 -0.750673
 62 0.000003 0.000000 4.999999 3.053197 1.558589 -0.074927
 63 -0.000006 0.000006 3.713580 -0.334411 -2.825096 -0.524885
 64 -0.000001 -0.000001 -5.000000 -0.088728 1.558589 3.066333
 65 7.363603 1.646647 0.495663 -3.141593 -1.570796 0.000000
 66 -0.000006 0.000006 3.619082 -0.528285 -2.367383 -1.007256
 67 16.573921 -0.000001 0.000002 -0.000000 0.000000 -2.019199
 68 15.128181 0.000000 -0.000003 0.031619 0.086785 -0.033197
 69 5.758666 4.244731 0.000000 0.000000 -0.000000 2.033309
 70 3.177726 0.000001 -0.000000 0.000000 0.000000 3.141593
 71 15.708951 0.000002 -0.000004 0.016155 0.048356 -0.018185
 72 0.275149 0.189215 -3.445208 3.130898 0.000409 -1.514604
 73 17.210190 -0.000001 0.000002 0.000000 -0.000000 -2.322356
 74 0.000001 -0.000000 -5.000000 -0.079433 1.546568 -1.570859
 75 0.000006 -0.000004 -3.619079 0.196495 -3.011952 -1.279118
 76 16.573919 -0.000000 0.000000 -0.000000 -0.000000 -1.611348
 77 15.128181 -0.000001 0.000000 0.214418 -0.027533 0.774389
 78 5.758665 4.244730 -0.000000 -0.000000 -0.000000 1.483530
 79 4.003934 0.000000 -0.000000 0.000000 0.000000 0.000000
 80 15.708955 -0.000000 0.000001 0.153371 0.002792 0.528179
 81 0.273997 0.191089 3.439762 -3.130907 -0.000437 -1.508107
 82 17.210192 -0.000000 0.000000 0.000000 -0.000000 -2.138823
 83 0.000001 0.000001 5.000000 -0.079311 1.595025 -1.570737
time 30
  0 1.130557 9.712686 27.009436 -0.281436 0.436358 -2.443536
  1 11.368428 6.770639 -23.418964 -0.498313 0.132926 2.346876
  2 -2.276933 0.000003 -1.238186 -1.570795 -1.570451 0.000000
  3 1.795840 0.712085 0.000333 -0.102072 -0.002602 -0.411014
  4 4.118401 -0.003199 0.000697 -0.215107 0.090278 -0.082320
  5 4.119637 -0.003028 0.000719 -0.229213 0.266895 0.267362
  6 4.119075 -0.003204 0.000512 -0.170607 -0.399610 0.214273
  7 4.119915 -0.003287 0.000000 -0.000254 -0.308861 0.379575
  8 4.443598 0.000000 0.000000 -0.601926 0.520611 -1.090455
  9 9.024059 -0.000000 0.000000 0.000000 0.000000 0.000000
 10 0.526702 0.003114 1.650730 1.410190 -1.626061 1.318266
 11 6.384776 -0.000000 0.000001 0.006724 0.666421 -0.262032
 12 10.242682 -0.000001 -0.000001 -0.000000 -0.000000 -0.550361
 13 11.375561 0.000000 -0.000001 -0.931744 -0.027206 -0.099269
 14 0.728680 0.023432 -1.008292 1.705251 0.347372 0.567022
 15 2.136497 -0.000000 -0.000000 -0.000000 -0.000000 0.287979
 16 2.313138 0.000000 -0.000000 0.000000 0.000000 0.000000
 17 3.115506 -0.886041 -0.021431 -0.000782 0.000152 0.191986
 18 2.011151 0.000001 -0.000000 -0.000000 -0.000000 0.659566
 19 2.141379 0.000000 -0.000000 0.000000 0.000000 0.000000
 20 1.734172 0.000001 -0.000000 0.000000 -0.000000 0.330185
 21 0.000007 -4.440593 -0.000000 1.570544 -0.062990 -0.195737
 22 5.999999 0.000000 -0.000000 -1.086901 -0.000000 -0.000000
 23 0.000001 -4.440601 -0.000001 1.569944 -0.062987 0.004053
 24 11.375560 -0.000000 0.000003 -1.251375 -0.024692 -0.054930
 25 -0.000001 -4.440603 -0.000001 1.570144 -0.062988 0.004040
 26 10.510132 -0.000001 -0.000001 -0.000000 -0.000000 -1.845976
 27 0.000000 -1.748400 4.999998 -0.000000 0.004007 1.602291
 28 5.500001 -0.000001 -0.000001 -0.032480 0.000000 -0.000000
 29 -0.000001 -1.940599 5.000000 -0.044472 0.004003 -0.000180
 30 6.551492 -0.000002 -0.000000 0.027582 0.475045 -0.276108
 31 -0.000001 -1.940599 5.000002 -0.027189 -0.053376 0.005295
 32 6.551492 -0.000002 -0.000000 0.030187 0.231147 -0.132575
 33 0.000001 -1.940600 4.999996 -0.066572 -0.152786 -0.110311
 34 -0.526699 0.003962 -1.650729 -0.199487 1.111121 2.539062
 35 6.384776 -0.000000 -0.000000 -0.074012 -1.012662 0.007080
 36 10.242681 0.000001 -0.000001 -0.000000 -0.000000 -1.779247
 37 11.375563 0.000000 0.000002 -2.800858 -1.000145 -1.198898
 38 0.728680 0.023432 1.008292 -1.705251 -0.347372 0.567022
 39 2.136497 -0.000002 0.000001 0.000000 -0.000000 0.287979
 40 2.313138 0.000002 -0.000001 0.000000 0.000000 3.141593
 41 3.115506 -0.886042 0.021429 0.253529 0.012992 0.141301
 42 2.011150 -0.000001 0.000000 0.000000 0.000000 1.532231
 43 2.141381 -0.000000 0.000001 0.000000 0.000000 3.141593
 44 1.734172 -0.000001 0.000001 0.000000 0.000000 0.765986
 45 0.136314 -3.738192 2.525890 1.493698 2.759406 -1.474501
 46 3.726727 -0.053313 2.419485 -0.262762 2.898943 1.398576
 47 11.389366 -0.000821 0.158782 2.161602 -0.689367 -0.171084
 48 -0.000000 -4.440599 0.000001 1.570144 -3.078602 0.004040
 49 5.999999 -0.000001 -0.000002 2.161602 -0.000000 -0.000000
 50 0.000001 -4.440601 -0.000001 1.569944 -3.078603 0.004053
 51 10.510129 0.000001 0.000001 -0.000000 0.000000 -2.460420
 52 0.000000 -1.748399 -4.999999 -3.141593 0.004007 -1.539299
 53 5.500000 -0.000001 0.000001 0.032948 0.000000 0.000000
 54 -0.000000 -0.000000 -5.000000 -0.044472 3.137589 -0.000177
 55 6.551490 -0.000001 0.000000 -0.032949 -0.305463 -0.020658
 56 -1.266843 -1.937444 -4.950559 -0.066572 -2.988806 -0.110308
 57 6.551491 -0.000001 0.000001 -0.032949 -0.305463 -0.020658
 58 0.699370 -1.944209 -5.006846 -0.027189 -3.088217 0.005298
 59 4.226145 -0.003200 0.000001 0.013231 -0.159529 0.205068
 60 0.000001 5.000002 0.000000 -0.153564 0.000087 2.718702
 61 0.000005 -0.000004 -3.713578 0.095503 -3.012510 -0.750673
 62 0.000003 0.000000 4.999999 3.053197 1.558589 -0.074927
 63 -0.000006 0.000006 3.713580 -0.334411 -2.825096 -0.524885
 64 -0.000001 -0.000001 -5.000000 -0.088728 1.558589 3.066333
 65 7.363603 1.646647 0.495663 -3.141593 -1.570796 0.000000
 66 -0.000006 0.000006 3.619082 -0.528285 -2.367383 -1.007256
 67 16.573921 -0.000001 0.000002 -0.000000 0.000000 -2.019199
 68 15.128181 0.000000 -0.000003 0.031619 0.086785 -0.033197
 69 5.758666 4.244731 0.000000 0.000000 -0.000000 2.033309
 70 3.177726 0.000001 -0.000000 0.000000 0.000000 3.141593
 71 15.708951 0.000002 -0.000004 0.016155 0.048356 -0.018185
 72 0.275149 0.189215 -3.445208 3.130898 0.000409 -1.514604
 73 17.210190 -0.000001 0.000002 0.000000 -0.000000 -2.322356
 74 0.000001 -0.000000 -5.000000 -0.079433 1.546568 -1.570859
 75 0.000006 -0.000004 -3.619079 0.196495 -3.011952 -1.279118
 76 16.573919 -0.000000 0.000000 -0.000000 -0.000000 -1.611348
 77 15.128181 -0.000001 0.000000 0.214418 -0.027533 0.774389
 78 5.758665 4.244730 -0.000000 -0.000000 -0.000000 1.483530
 79 4.003934 0.000000 -0.000000 0.000000 0.000000 0.000000
 80 15.708955 -0.000000 0.000001 0.153371 0.002792 0.528179
 81 0.273997 0.191089 3.439762 -3.130907 -0.000437 -1.508107
 82 17.210192 -0.000000 0.000000 0.000000 -0.000000 -2.138823
 83 0.000001 0.000001 5.000000 -0.079311 1.595025 -1.570737
end
