version 1
nodes
  0 "Bip01"  -1
  1 "Bip01 Footsteps"   0
  2 "Bip01 Pelvis"   0
  3 "Bip01 Spine"   2
  4 "Bip01 Spine1"   3
  5 "Bip01 Spine2"   4
  6 "Bip01 Spine3"   5
  7 "Bip01 Neck"   6
  8 "Bip01 Head"   7
  9 "Dummy21"   8
 10 "Bip01 L Clavicle"   7
 11 "Bip01 L UpperArm"  10
 12 "Bip01 L Forearm"  11
 13 "Bip01 L Hand"  12
 14 "Bip01 L Finger0"  13
 15 "Bip01 L Finger01"  14
 16 "Dummy06"  15
 17 "Bip01 L Finger1"  13
 18 "Bip01 L Finger11"  17
 19 "Dummy03"  18
 20 "-- L knuckle"  17
 21 "-- L knuckle_end"  20
 22 "-- L Forearm twist"  12
 23 "-- L Forearm twist_end"  22
 24 "-- L wrist"  12
 25 "-- L wrist_end"  24
 26 "-- L Elbow"  11
 27 "--L Elbow_end"  26
 28 "-- L bicep twist"  11
 29 "-- L bicep twist_end"  28
 30 "-- L shoulder outside"  10
 31 "-- L shoulder outside_end"  30
 32 "-- L Shoulder inside"  10
 33 "-- L Shoulder inside_end"  32
 34 "Bip01 R Clavicle"   7
 35 "Bip01 R UpperArm"  34
 36 "Bip01 R Forearm"  35
 37 "Bip01 R Hand"  36
 38 "Bip01 R Finger0"  37
 39 "Bip01 R Finger01"  38
 40 "Dummy01"  39
 41 "Bip01 R Finger1"  37
 42 "Bip01 R Finger11"  41
 43 "Dummy02"  42
 44 "-- R knuckle"  41
 45 "Point06"  44
 46 "Beretta Elite"  37
 47 "-- R wrist"  36
 48 "-- R wrist_end"  47
 49 "-- R forearm twist"  36
 50 "-- R forearm twist_end"  49
 51 "-- R Elbow"  35
 52 "--R Elbow_end"  51
 53 "-- R bicep twist"  35
 54 "-- R bicep twist_end"  53
 55 "-- R Shoulder inside"  34
 56 "-- R Shoulder inside_end"  55
 57 "-- R shoulder outside"  34
 58 "-- R shoulder outside_end"  57
 59 "-- Neck smooth"   6
 60 "-- neck smooth end"  59
 61 "-- R Butt"   2
 62 "--R Butt_end"  61
 63 "-- L butt"   2
 64 "--L butt_end"  63
 65 "GIGN01"   2
 66 "Bip01 L Thigh"   2
 67 "Bip01 L Calf"  66
 68 "Bip01 L Foot"  67
 69 "Bip01 L Toe0"  68
 70 "Dummy16"  69
 71 "-- L ankle"  67
 72 "-- L ankleend"  71
 73 "-- L Knee"  66
 74 "--L Knee_end"  73
 75 "Bip01 R Thigh"   2
 76 "Bip01 R Calf"  75
 77 "Bip01 R Foot"  76
 78 "Bip01 R Toe0"  77
 79 "Dummy11"  78
 80 "-- R Ankle"  76
 81 "-- R ankleend"  80
 82 "-- R Knee"  75
 83 "--R Knee_end"  82
end
skeleton
time 0
  0 -0.650000 0.000000 33.899605 -0.025849 0.174554 -1.569172
  1 5.685103 0.833236 -32.227173 -0.174512 -0.026131 1.569196
  2 -2.276935 0.000003 -1.238188 -1.570795 -1.570451 0.000000
  3 1.797402 0.711815 0.000221 -0.068153 -0.030403 0.082323
  4 4.119091 -0.003235 0.000230 -0.070097 -0.024964 0.151341
  5 4.119092 -0.003236 0.000229 -0.070097 -0.024963 0.151367
  6 4.119673 -0.003092 0.000240 -0.073373 -0.010197 0.333946
  7 4.118497 -0.003483 -0.000618 0.177227 0.130624 -0.007061
  8 4.443600 0.000001 -0.000000 0.184292 0.042592 -0.348493
  9 9.024065 -0.000001 0.000000 0.000000 0.000000 0.000000
 10 -0.225690 0.306413 1.691051 1.345281 -1.174602 1.791861
 11 6.384777 -0.000000 0.000000 -1.054893 -0.270192 -1.189741
 12 10.242682 0.000002 0.000000 0.000000 0.000000 -1.236101
 13 11.375562 -0.000001 0.000001 -3.111015 0.463733 -0.090927
 14 0.728681 0.023431 -1.008292 2.038136 0.634976 1.094199
 15 2.136500 0.000000 -0.000000 0.000000 -0.000000 0.287979
 16 2.313137 0.000001 -0.000000 0.000000 0.000000 0.000000
 17 3.115506 -0.886041 -0.021430 -0.428318 0.000355 0.462512
 18 2.011152 0.000001 -0.000003 -0.000000 -0.000000 0.930092
 19 2.141378 0.000001 0.000002 0.000000 0.000000 0.000000
 20 1.734171 -0.000000 -0.000002 0.000000 -0.000000 0.464590
 21 0.000006 -4.440594 0.000000 1.570544 -0.062990 -0.195737
 22 6.000000 -0.000001 0.000000 -2.770660 0.000000 -0.000000
 23 0.000000 -4.440601 0.000001 1.569944 -0.062987 0.004053
 24 11.375562 0.000000 0.000003 -2.307534 0.266131 0.062237
 25 -0.000001 -4.440603 -0.000000 1.570144 -0.062988 0.004040
 26 10.510130 0.000002 -0.000000 0.000000 0.000000 -2.188847
 27 0.000002 -1.748401 5.000000 0.000000 0.004007 1.602290
 28 5.500000 0.000003 0.000000 0.435999 -0.000000 0.000000
 29 -0.000003 -1.940599 5.000003 -0.044472 0.004003 -0.000180
 30 6.551492 0.000001 0.000000 -0.811200 -0.092517 -0.781820
 31 0.000001 -1.940598 5.000000 -0.027189 -0.053376 0.005295
 32 6.551492 0.000001 0.000000 -0.351306 0.040937 -0.337624
 33 -0.000001 -1.940599 4.999997 -0.066572 -0.152786 -0.110311
 34 0.225694 -0.299332 -1.691051 2.904402 1.438921 -0.209795
 35 6.384777 -0.000001 -0.000000 0.312719 0.792521 -1.517913
 36 10.242681 0.000001 -0.000001 0.000000 -0.000000 -0.914682
 37 11.375562 -0.000000 -0.000003 2.987821 0.184131 0.726680
 38 0.728682 0.023431 1.008293 -1.539000 -0.370199 0.101110
 39 2.136499 -0.000003 -0.000000 0.000000 0.000000 0.287979
 40 2.313140 0.000000 -0.000000 0.000000 0.000000 3.141593
 41 3.115508 -0.886041 0.021432 0.495459 0.148146 0.639838
 42 2.011153 0.000000 0.000003 0.000000 0.000000 2.038377
 43 2.141380 0.000001 -0.000002 0.000000 0.000000 3.141593
 44 1.734173 -0.000002 -0.000002 0.000000 0.000000 1.019987
 45 0.136315 -3.738194 2.525888 1.493698 2.759406 -1.474501
 46 5.031116 -0.189688 1.849665 -2.967941 -0.035742 1.570790
 47 11.389367 -0.000818 0.158780 2.257421 0.233998 0.327354
 48 -0.000001 -4.440598 -0.000000 1.570144 -3.078602 0.004040
 49 5.999999 -0.000000 -0.000001 2.257421 0.000000 0.000000
 50 0.000002 -4.440601 -0.000002 1.569944 -3.078603 0.004053
 51 10.510132 -0.000000 -0.000002 -0.000000 0.000000 -2.028137
 52 -0.000000 -1.748399 -5.000000 3.141593 0.004007 -1.539299
 53 5.500000 0.000000 -0.000002 -0.249469 0.000000 0.000000
 54 0.000000 -0.000000 -5.000003 -0.044472 3.137589 -0.000177
 55 6.551492 0.000000 -0.000001 0.249469 0.148339 -0.428411
 56 -1.266844 -1.937444 -4.950559 -0.066572 -2.988806 -0.110308
 57 6.551492 0.000000 -0.000001 0.249469 0.148339 -0.428411
 58 0.699370 -1.944207 -5.006846 -0.027189 -3.088217 0.005298
 59 4.226145 -0.003201 0.000000 0.090044 0.070130 -0.007695
 60 -0.000002 5.000000 0.000000 -0.153564 0.000087 2.718702
 61 0.000004 -0.000004 -3.713580 0.365818 2.880119 -0.191589
 62 0.000002 -0.000000 5.000000 3.053196 1.558589 -0.074928
 63 -0.000007 0.000006 3.713580 -0.001619 -3.122277 -0.475127
 64 0.000002 -0.000000 -5.000000 -0.088726 1.558589 3.066335
 65 7.363602 1.646647 0.495663 3.141593 -1.570796 0.000000
 66 -0.000005 0.000007 3.619081 0.008255 -3.110080 -0.985231
 67 16.573919 0.000000 -0.000000 -0.000000 -0.000000 -1.065827
 68 15.128180 0.000001 0.000000 -0.102296 0.010178 0.114297
 69 5.758665 4.244730 0.000000 0.000000 0.000000 1.667687
 70 3.177726 0.000000 -0.000000 0.000000 0.000000 3.141593
 71 15.708951 0.000001 0.000000 -0.051525 0.003996 0.061523
 72 0.275148 0.189215 -3.445208 3.130898 0.000409 -1.514604
 73 17.210192 -0.000000 -0.000000 -0.000000 -0.000000 -1.893339
 74 0.000001 0.000000 -4.999999 -0.079433 1.546568 -1.570857
 75 0.000002 -0.000003 -3.619081 0.577895 2.675801 -0.242118
 76 16.573921 -0.000001 -0.000002 -0.000000 -0.000000 -1.163030
 77 15.128181 0.000001 0.000001 0.089479 0.309197 0.659208
 78 5.758666 4.244730 -0.000001 -0.000000 -0.000000 1.815142
 79 4.003934 -0.000000 0.000001 0.000000 0.000000 0.000000
 80 15.708954 0.000001 0.000002 0.042277 0.226871 0.443133
 81 0.273998 0.191089 3.439762 -3.130907 -0.000437 -1.508107
 82 17.210194 -0.000001 -0.000002 0.000000 -0.000000 -1.937080
 83 -0.000000 -0.000001 5.000000 -0.079319 1.595025 -1.570742
time 1
  0 -0.650000 0.000000 33.899605 -0.025849 0.174554 -1.569172
  1 5.685103 0.833236 -32.227173 -0.174512 -0.026131 1.569196
  2 -2.276935 0.000003 -1.238188 -1.570795 -1.570451 0.000000
  3 1.797398 0.711814 0.000221 -0.068142 -0.028095 0.081212
  4 4.119093 -0.003236 0.000229 -0.070102 -0.025692 0.151154
  5 4.119090 -0.003236 0.000229 -0.070103 -0.026166 0.151213
  6 4.119670 -0.003091 0.000241 -0.073381 -0.010926 0.333761
  7 4.118496 -0.003483 -0.000619 0.177227 0.130624 -0.007061
  8 4.443597 0.000001 0.000000 0.183347 0.042810 -0.347320
  9 9.024063 -0.000001 0.000000 0.000000 0.000000 0.000000
 10 -0.225690 0.306410 1.691051 1.345281 -1.174602 1.791861
 11 6.384777 -0.000001 -0.000001 -1.053867 -0.268139 -1.190791
 12 10.242682 -0.000001 0.000002 -0.000000 -0.000000 -1.231272
 13 11.375560 0.000001 0.000001 -3.107320 0.462709 -0.100755
 14 0.728680 0.023432 -1.008291 2.038137 0.634976 1.094199
 15 2.136498 -0.000000 -0.000000 0.000000 -0.000000 0.287979
 16 2.313139 0.000000 -0.000001 0.000000 0.000000 0.000000
 17 3.115505 -0.886042 -0.021429 -0.428318 0.000355 0.462512
 18 2.011153 0.000001 -0.000001 0.000000 -0.000000 0.930092
 19 2.141377 0.000001 -0.000000 0.000000 0.000000 0.000000
 20 1.734173 0.000000 0.000000 0.000000 -0.000000 0.464590
 21 0.000007 -4.440594 0.000001 1.570544 -0.062990 -0.195737
 22 6.000000 0.000000 0.000001 -2.767220 -0.000000 -0.000000
 23 0.000001 -4.440599 -0.000001 1.569944 -0.062987 0.004053
 24 11.375561 -0.000001 0.000005 -2.305269 0.267830 0.056258
 25 0.000000 -4.440603 -0.000001 1.570144 -0.062988 0.004040
 26 10.510132 0.000001 0.000001 0.000000 0.000000 -2.186432
 27 0.000002 -1.748401 5.000000 0.000000 0.004007 1.602290
 28 5.500002 0.000002 0.000000 0.435366 -0.000000 0.000000
 29 -0.000000 -1.940598 4.999999 -0.044472 0.004003 -0.000180
 30 6.551492 -0.000001 -0.000000 -0.809979 -0.091149 -0.782024
 31 -0.000002 -1.940599 5.000004 -0.027189 -0.053376 0.005295
 32 6.551492 -0.000001 -0.000000 -0.350819 0.041387 -0.337718
 33 -0.000001 -1.940599 4.999996 -0.066572 -0.152786 -0.110311
 34 0.225691 -0.299332 -1.691050 2.904402 1.438921 -0.209795
 35 6.384775 -0.000001 -0.000002 0.311645 0.788518 -1.517284
 36 10.242682 0.000000 0.000002 -0.000000 0.000000 -0.914782
 37 11.375562 -0.000000 0.000001 2.987544 0.193532 0.725203
 38 0.728681 0.023431 1.008292 -1.539000 -0.370199 0.101110
 39 2.136496 0.000000 0.000000 -0.000000 0.000000 0.287979
 40 2.313140 -0.000001 0.000000 0.000000 0.000000 3.141593
 41 3.115507 -0.886041 0.021431 0.495459 0.148146 0.639838
 42 2.011152 -0.000000 0.000002 0.000000 -0.000000 2.038377
 43 2.141379 0.000000 -0.000003 0.000000 0.000000 3.141593
 44 1.734172 -0.000000 0.000001 -0.000000 0.000000 1.019987
 45 0.136315 -3.738194 2.525891 1.493698 2.759406 -1.474501
 46 5.031115 -0.189687 1.849663 -2.967941 -0.035742 1.570790
 47 11.389366 -0.000819 0.158783 2.256056 0.238308 0.324476
 48 -0.000000 -4.440600 -0.000001 1.570144 -3.078602 0.004040
 49 6.000000 -0.000000 0.000000 2.256056 -0.000000 0.000000
 50 0.000002 -4.440602 0.000002 1.569944 -3.078603 0.004053
 51 10.510132 0.000000 0.000002 0.000000 -0.000000 -2.028187
 52 0.000001 -1.748400 -5.000005 3.141593 0.004007 -1.539299
 53 5.500000 -0.000000 0.000000 -0.248873 0.000000 -0.000000
 54 0.000000 0.000000 -5.000000 -0.044472 3.137589 -0.000177
 55 6.551490 -0.000002 -0.000001 0.248873 0.147717 -0.428595
 56 -1.266843 -1.937443 -4.950560 -0.066572 -2.988806 -0.110308
 57 6.551490 -0.000002 -0.000001 0.248873 0.147717 -0.428595
 58 0.699370 -1.944208 -5.006847 -0.027189 -3.088217 0.005298
 59 4.226144 -0.003201 0.000000 0.090044 0.070130 -0.007696
 60 0.000002 4.999999 -0.000000 -0.153564 0.000087 2.718702
 61 0.000004 -0.000004 -3.713580 0.365818 2.880119 -0.191589
 62 0.000002 -0.000000 5.000000 3.053196 1.558589 -0.074928
 63 -0.000007 0.000006 3.713580 -0.001619 -3.122277 -0.475127
 64 0.000002 -0.000000 -5.000000 -0.088726 1.558589 3.066335
 65 7.363602 1.646647 0.495663 3.141593 -1.570796 0.000000
 66 -0.000005 0.000007 3.619081 0.008255 -3.110080 -0.985231
 67 16.573919 0.000000 -0.000000 -0.000000 -0.000000 -1.065827
 68 15.128180 0.000001 0.000000 -0.102296 0.010178 0.114297
 69 5.758665 4.244730 0.000000 0.000000 0.000000 1.667687
 70 3.177726 0.000000 -0.000000 0.000000 0.000000 3.141593
 71 15.708951 0.000001 0.000000 -0.051525 0.003996 0.061523
 72 0.275148 0.189215 -3.445208 3.130898 0.000409 -1.514604
 73 17.210192 -0.000000 -0.000000 -0.000000 -0.000000 -1.893339
 74 0.000001 0.000000 -4.999999 -0.079433 1.546568 -1.570857
 75 0.000002 -0.000003 -3.619081 0.577895 2.675801 -0.242118
 76 16.573921 -0.000001 -0.000002 -0.000000 -0.000000 -1.163030
 77 15.128181 0.000001 0.000001 0.089479 0.309197 0.659208
 78 5.758666 4.244730 -0.000001 -0.000000 -0.000000 1.815142
 79 4.003934 -0.000000 0.000001 0.000000 0.000000 0.000000
 80 15.708954 0.000001 0.000002 0.042277 0.226871 0.443133
 81 0.273998 0.191089 3.439762 -3.130907 -0.000437 -1.508107
 82 17.210194 -0.000001 -0.000002 0.000000 -0.000000 -1.937080
 83 -0.000000 -0.000001 5.000000 -0.079319 1.595025 -1.570742
time 2
  0 -0.650000 0.000000 33.899605 -0.025849 0.174554 -1.569172
  1 5.685103 0.833236 -32.227173 -0.174512 -0.026131 1.569196
  2 -2.276935 0.000003 -1.238188 -1.570795 -1.570451 0.000000
  3 1.797398 0.711814 0.000221 -0.068133 -0.025491 0.079958
  4 4.119089 -0.003235 0.000230 -0.070107 -0.026514 0.150942
  5 4.119089 -0.003236 0.000229 -0.070111 -0.027523 0.151040
  6 4.119668 -0.003092 0.000241 -0.073390 -0.011749 0.333553
  7 4.118498 -0.003484 -0.000619 0.177227 0.130624 -0.007061
  8 4.443601 -0.000003 0.000000 0.182284 0.043058 -0.345995
  9 9.024064 -0.000001 0.000000 0.000000 0.000000 0.000000
 10 -0.225689 0.306409 1.691051 1.345281 -1.174602 1.791862
 11 6.384776 -0.000001 -0.000000 -1.052713 -0.265847 -1.191990
 12 10.242682 0.000003 0.000000 0.000000 0.000000 -1.225813
 13 11.375562 -0.000002 0.000001 -3.103130 0.461571 -0.111811
 14 0.728681 0.023432 -1.008292 2.038136 0.634975 1.094199
 15 2.136497 -0.000001 0.000001 -0.000000 -0.000000 0.287979
 16 2.313138 0.000001 -0.000001 0.000000 0.000000 0.000000
 17 3.115506 -0.886042 -0.021431 -0.428318 0.000355 0.462512
 18 2.011150 -0.000001 0.000001 0.000000 -0.000000 0.930092
 19 2.141380 0.000000 0.000001 0.000000 0.000000 0.000000
 20 1.734171 0.000000 0.000001 0.000000 -0.000000 0.464590
 21 0.000005 -4.440594 0.000001 1.570544 -0.062990 -0.195737
 22 5.999999 -0.000000 -0.000000 -2.763340 -0.000000 -0.000000
 23 0.000002 -4.440601 -0.000001 1.569944 -0.062987 0.004053
 24 11.375562 -0.000001 0.000004 -2.302712 0.269716 0.049550
 25 0.000001 -4.440603 -0.000002 1.570144 -0.062988 0.004040
 26 10.510133 0.000003 -0.000000 -0.000000 0.000000 -2.183703
 27 -0.000001 -1.748401 4.999998 0.000000 0.004007 1.602290
 28 5.500001 0.000003 -0.000001 0.434654 -0.000000 0.000000
 29 -0.000001 -1.940598 5.000000 -0.044472 0.004003 -0.000180
 30 6.551491 -0.000002 -0.000003 -0.808608 -0.089625 -0.782269
 31 0.000000 -1.940599 5.000000 -0.027189 -0.053376 0.005295
 32 6.551491 -0.000002 -0.000003 -0.350271 0.041890 -0.337829
 33 -0.000002 -1.940599 4.999998 -0.066572 -0.152786 -0.110311
 34 0.225695 -0.299335 -1.691051 2.904402 1.438921 -0.209795
 35 6.384776 -0.000000 -0.000000 0.310433 0.783999 -1.516578
 36 10.242682 -0.000000 0.000000 0.000000 0.000000 -0.914895
 37 11.375563 0.000001 -0.000002 2.987213 0.204140 0.723530
 38 0.728680 0.023431 1.008291 -1.539000 -0.370199 0.101110
 39 2.136495 0.000001 0.000000 -0.000000 0.000000 0.287979
 40 2.313141 -0.000001 -0.000000 0.000000 0.000000 3.141593
 41 3.115506 -0.886041 0.021433 0.495459 0.148146 0.639838
 42 2.011151 -0.000001 -0.000004 -0.000000 -0.000000 2.038377
 43 2.141380 -0.000001 0.000002 0.000000 0.000000 3.141593
 44 1.734173 -0.000001 -0.000000 -0.000000 -0.000000 1.019987
 45 0.136315 -3.738194 2.525890 1.493698 2.759406 -1.474501
 46 5.031114 -0.189687 1.849661 -2.967941 -0.035742 1.570790
 47 11.389366 -0.000819 0.158780 2.254488 0.243158 0.321210
 48 -0.000002 -4.440599 0.000002 1.570144 -3.078602 0.004040
 49 6.000000 0.000001 0.000000 2.254488 -0.000000 0.000000
 50 0.000003 -4.440599 0.000000 1.569944 -3.078603 0.004053
 51 10.510132 0.000000 0.000002 -0.000000 -0.000000 -2.028244
 52 -0.000000 -1.748399 -5.000003 -3.141593 0.004007 -1.539299
 53 5.500000 0.000000 0.000001 -0.248194 -0.000000 -0.000000
 54 0.000001 0.000000 -5.000000 -0.044472 3.137589 -0.000177
 55 6.551490 -0.000001 0.000000 0.248194 0.147011 -0.428797
 56 -1.266843 -1.937443 -4.950558 -0.066572 -2.988806 -0.110308
 57 6.551491 -0.000001 0.000000 0.248194 0.147011 -0.428797
 58 0.699371 -1.944206 -5.006847 -0.027189 -3.088217 0.005298
 59 4.226146 -0.003201 -0.000000 0.090044 0.070130 -0.007695
 60 0.000002 4.999998 -0.000000 -0.153564 0.000087 2.718702
 61 0.000004 -0.000004 -3.713580 0.365818 2.880119 -0.191589
 62 0.000002 -0.000000 5.000000 3.053196 1.558589 -0.074928
 63 -0.000007 0.000006 3.713580 -0.001619 -3.122277 -0.475127
 64 0.000002 -0.000000 -5.000000 -0.088726 1.558589 3.066335
 65 7.363602 1.646647 0.495663 3.141593 -1.570796 0.000000
 66 -0.000005 0.000007 3.619081 0.008255 -3.110080 -0.985231
 67 16.573919 0.000000 -0.000000 -0.000000 -0.000000 -1.065827
 68 15.128180 0.000001 0.000000 -0.102296 0.010178 0.114297
 69 5.758665 4.244730 0.000000 0.000000 0.000000 1.667687
 70 3.177726 0.000000 -0.000000 0.000000 0.000000 3.141593
 71 15.708951 0.000001 0.000000 -0.051525 0.003996 0.061523
 72 0.275148 0.189215 -3.445208 3.130898 0.000409 -1.514604
 73 17.210192 -0.000000 -0.000000 -0.000000 -0.000000 -1.893339
 74 0.000001 0.000000 -4.999999 -0.079433 1.546568 -1.570857
 75 0.000002 -0.000003 -3.619081 0.577895 2.675801 -0.242118
 76 16.573921 -0.000001 -0.000002 -0.000000 -0.000000 -1.163030
 77 15.128181 0.000001 0.000001 0.089479 0.309197 0.659208
 78 5.758666 4.244730 -0.000001 -0.000000 -0.000000 1.815142
 79 4.003934 -0.000000 0.000001 0.000000 0.000000 0.000000
 80 15.708954 0.000001 0.000002 0.042277 0.226871 0.443133
 81 0.273998 0.191089 3.439762 -3.130907 -0.000437 -1.508107
 82 17.210194 -0.000001 -0.000002 0.000000 -0.000000 -1.937080
 83 -0.000000 -0.000001 5.000000 -0.079319 1.595025 -1.570742
time 3
  0 -0.650000 0.000000 33.899605 -0.025849 0.174554 -1.569172
  1 5.685103 0.833236 -32.227173 -0.174512 -0.026131 1.569196
  2 -2.276935 0.000003 -1.238188 -1.570795 -1.570451 0.000000
  3 1.797394 0.711813 0.000221 -0.068128 -0.022718 0.078623
  4 4.119088 -0.003235 0.000230 -0.070113 -0.027389 0.150718
  5 4.119087 -0.003235 0.000230 -0.070118 -0.028968 0.150855
  6 4.119674 -0.003093 0.000240 -0.073399 -0.012625 0.333331
  7 4.118496 -0.003482 -0.000618 0.177227 0.130624 -0.007061
  8 4.443599 -0.000003 -0.000000 0.181157 0.043323 -0.344582
  9 9.024063 -0.000002 0.000000 0.000000 0.000000 0.000000
 10 -0.225690 0.306409 1.691051 1.345281 -1.174602 1.791862
 11 6.384776 -0.000001 0.000003 -1.051486 -0.263433 -1.193280
 12 10.242681 -0.000000 0.000001 -0.000000 -0.000000 -1.219988
 13 11.375561 0.000000 0.000000 -3.098643 0.460380 -0.123546
 14 0.728681 0.023433 -1.008295 2.038136 0.634975 1.094199
 15 2.136498 -0.000000 -0.000000 0.000000 -0.000000 0.287979
 16 2.313140 -0.000000 -0.000000 0.000000 0.000000 0.000000
 17 3.115506 -0.886041 -0.021434 -0.428318 0.000355 0.462512
 18 2.011150 0.000001 -0.000002 -0.000000 -0.000000 0.930092
 19 2.141381 0.000001 -0.000001 0.000000 0.000000 0.000000
 20 1.734169 0.000000 0.000001 0.000000 -0.000000 0.464590
 21 0.000005 -4.440594 -0.000002 1.570544 -0.062990 -0.195737
 22 5.999999 0.000001 -0.000000 -2.759212 -0.000000 -0.000000
 23 0.000003 -4.440599 -0.000001 1.569944 -0.062987 0.004053
 24 11.375559 0.000000 0.000003 -2.299986 0.271687 0.042451
 25 -0.000001 -4.440602 0.000001 1.570144 -0.062988 0.004040
 26 10.510132 0.000002 -0.000000 0.000000 -0.000000 -2.180790
 27 -0.000000 -1.748401 4.999999 0.000000 0.004007 1.602290
 28 5.500000 0.000001 0.000000 0.433898 0.000000 -0.000000
 29 -0.000000 -1.940599 5.000001 -0.044472 0.004003 -0.000180
 30 6.551490 0.000000 0.000003 -0.807155 -0.088023 -0.782547
 31 -0.000001 -1.940599 5.000001 -0.027189 -0.053376 0.005295
 32 6.551490 0.000000 0.000003 -0.349687 0.042421 -0.337954
 33 0.000000 -1.940599 4.999996 -0.066572 -0.152786 -0.110311
 34 0.225693 -0.299336 -1.691051 2.904403 1.438921 -0.209795
 35 6.384776 0.000001 0.000000 0.309141 0.779183 -1.515831
 36 10.242681 -0.000000 -0.000004 0.000000 0.000000 -0.915015
 37 11.375561 0.000000 -0.000000 2.986840 0.215437 0.721740
 38 0.728681 0.023431 1.008292 -1.539000 -0.370199 0.101110
 39 2.136498 -0.000005 -0.000000 -0.000000 0.000000 0.287979
 40 2.313140 -0.000000 -0.000000 0.000000 0.000000 3.141593
 41 3.115507 -0.886041 0.021432 0.495459 0.148146 0.639838
 42 2.011150 0.000000 0.000002 0.000000 0.000000 2.038377
 43 2.141379 -0.000001 -0.000001 0.000000 0.000000 3.141593
 44 1.734172 -0.000001 0.000002 0.000000 0.000000 1.019987
 45 0.136315 -3.738193 2.525890 1.493698 2.759406 -1.474501
 46 5.031114 -0.189688 1.849662 -2.967941 -0.035742 1.570790
 47 11.389365 -0.000819 0.158779 2.252787 0.248306 0.317711
 48 0.000003 -4.440598 0.000001 1.570144 -3.078602 0.004040
 49 6.000000 0.000001 -0.000001 2.252787 0.000000 0.000000
 50 0.000002 -4.440600 0.000001 1.569944 -3.078603 0.004053
 51 10.510132 0.000000 -0.000002 -0.000000 0.000000 -2.028304
 52 0.000000 -1.748399 -5.000001 3.141593 0.004007 -1.539299
 53 5.500000 -0.000001 -0.000004 -0.247463 -0.000000 0.000000
 54 0.000000 0.000000 -5.000003 -0.044472 3.137589 -0.000177
 55 6.551490 0.000003 0.000000 0.247463 0.146253 -0.429003
 56 -1.266844 -1.937443 -4.950561 -0.066572 -2.988806 -0.110308
 57 6.551491 0.000002 0.000000 0.247463 0.146253 -0.429003
 58 0.699370 -1.944207 -5.006847 -0.027189 -3.088217 0.005298
 59 4.226145 -0.003201 0.000000 0.090044 0.070130 -0.007695
 60 -0.000001 5.000002 -0.000000 -0.153564 0.000087 2.718702
 61 0.000004 -0.000004 -3.713580 0.365818 2.880119 -0.191589
 62 0.000002 -0.000000 5.000000 3.053196 1.558589 -0.074928
 63 -0.000007 0.000006 3.713580 -0.001619 -3.122277 -0.475127
 64 0.000002 -0.000000 -5.000000 -0.088726 1.558589 3.066335
 65 7.363602 1.646647 0.495663 3.141593 -1.570796 0.000000
 66 -0.000005 0.000007 3.619081 0.008255 -3.110080 -0.985231
 67 16.573919 0.000000 -0.000000 -0.000000 -0.000000 -1.065827
 68 15.128180 0.000001 0.000000 -0.102296 0.010178 0.114297
 69 5.758665 4.244730 0.000000 0.000000 0.000000 1.667687
 70 3.177726 0.000000 -0.000000 0.000000 0.000000 3.141593
 71 15.708951 0.000001 0.000000 -0.051525 0.003996 0.061523
 72 0.275148 0.189215 -3.445208 3.130898 0.000409 -1.514604
 73 17.210192 -0.000000 -0.000000 -0.000000 -0.000000 -1.893339
 74 0.000001 0.000000 -4.999999 -0.079433 1.546568 -1.570857
 75 0.000002 -0.000003 -3.619081 0.577895 2.675801 -0.242118
 76 16.573921 -0.000001 -0.000002 -0.000000 -0.000000 -1.163030
 77 15.128181 0.000001 0.000001 0.089479 0.309197 0.659208
 78 5.758666 4.244730 -0.000001 -0.000000 -0.000000 1.815142
 79 4.003934 -0.000000 0.000001 0.000000 0.000000 0.000000
 80 15.708954 0.000001 0.000002 0.042277 0.226871 0.443133
 81 0.273998 0.191089 3.439762 -3.130907 -0.000437 -1.508107
 82 17.210194 -0.000001 -0.000002 0.000000 -0.000000 -1.937080
 83 -0.000000 -0.000001 5.000000 -0.079319 1.595025 -1.570742
time 4
  0 -0.650000 0.000000 33.899605 -0.025849 0.174554 -1.569172
  1 5.685103 0.833236 -32.227173 -0.174512 -0.026131 1.569196
  2 -2.276935 0.000003 -1.238188 -1.570795 -1.570451 0.000000
  3 1.797390 0.711813 0.000221 -0.068125 -0.019902 0.077268
  4 4.119085 -0.003235 0.000230 -0.070119 -0.028278 0.150489
  5 4.119088 -0.003236 0.000230 -0.070126 -0.030436 0.150667
  6 4.119671 -0.003096 0.000240 -0.073408 -0.013514 0.333105
  7 4.118495 -0.003481 -0.000618 0.177227 0.130624 -0.007061
  8 4.443599 -0.000001 -0.000000 0.180018 0.043594 -0.343144
  9 9.024064 -0.000002 0.000000 0.000000 0.000000 0.000000
 10 -0.225690 0.306410 1.691051 1.345281 -1.174602 1.791861
 11 6.384776 -0.000001 0.000002 -1.050245 -0.261012 -1.194604
 12 10.242681 0.000001 0.000000 -0.000000 -0.000000 -1.214064
 13 11.375562 -0.000000 0.000001 -3.094063 0.459191 -0.135418
 14 0.728680 0.023431 -1.008289 2.038136 0.634975 1.094199
 15 2.136495 0.000000 0.000000 0.000000 -0.000000 0.287979
 16 2.313137 0.000001 0.000001 0.000000 0.000000 0.000000
 17 3.115506 -0.886042 -0.021429 -0.428318 0.000355 0.462512
 18 2.011153 0.000001 -0.000003 -0.000000 0.000000 0.930092
 19 2.141381 -0.000000 0.000001 0.000000 0.000000 0.000000
 20 1.734175 0.000002 -0.000003 0.000000 0.000000 0.464590
 21 0.000006 -4.440593 -0.000001 1.570544 -0.062990 -0.195737
 22 6.000000 -0.000002 0.000001 -2.755024 -0.000000 0.000000
 23 0.000003 -4.440600 -0.000001 1.569944 -0.062987 0.004053
 24 11.375560 -0.000000 0.000004 -2.297216 0.273649 0.035294
 25 -0.000003 -4.440603 -0.000001 1.570144 -0.062988 0.004040
 26 10.510131 0.000003 -0.000001 -0.000000 0.000000 -2.177828
 27 0.000002 -1.748400 4.999998 -0.000000 0.004007 1.602291
 28 5.500000 0.000003 -0.000001 0.433132 -0.000000 0.000000
 29 -0.000001 -1.940598 5.000000 -0.044472 0.004003 -0.000180
 30 6.551490 -0.000001 0.000001 -0.805688 -0.086418 -0.782847
 31 -0.000000 -1.940597 4.999999 -0.027189 -0.053376 0.005295
 32 6.551490 -0.000001 0.000001 -0.349095 0.042953 -0.338086
 33 -0.000000 -1.940599 4.999993 -0.066572 -0.152786 -0.110311
 34 0.225693 -0.299335 -1.691051 2.904402 1.438921 -0.209795
 35 6.384776 -0.000001 0.000002 0.307829 0.774292 -1.515077
 36 10.242681 -0.000001 0.000000 -0.000000 -0.000000 -0.915137
 37 11.375563 0.000002 0.000001 2.986439 0.226906 0.719913
 38 0.728682 0.023431 1.008290 -1.539000 -0.370199 0.101110
 39 2.136495 -0.000001 0.000000 -0.000000 0.000000 0.287979
 40 2.313140 -0.000001 0.000000 0.000000 0.000000 3.141593
 41 3.115508 -0.886041 0.021431 0.495459 0.148146 0.639838
 42 2.011149 0.000001 0.000000 0.000000 0.000000 2.038377
 43 2.141378 -0.000001 0.000000 0.000000 0.000000 3.141593
 44 1.734172 -0.000001 -0.000001 -0.000000 -0.000000 1.019987
 45 0.136316 -3.738193 2.525890 1.493698 2.759406 -1.474501
 46 5.031115 -0.189688 1.849662 -2.967941 -0.035742 1.570790
 47 11.389367 -0.000818 0.158782 2.251024 0.253516 0.314138
 48 -0.000002 -4.440598 -0.000000 1.570144 -3.078602 0.004040
 49 6.000000 0.000000 -0.000001 2.251024 0.000000 -0.000000
 50 0.000001 -4.440599 -0.000000 1.569944 -3.078603 0.004053
 51 10.510132 0.000000 0.000004 -0.000000 0.000000 -2.028365
 52 0.000000 -1.748399 -5.000001 3.141593 0.004007 -1.539299
 53 5.500000 -0.000000 0.000000 -0.246713 0.000000 -0.000000
 54 0.000000 0.000000 -5.000000 -0.044472 3.137589 -0.000177
 55 6.551491 -0.000001 0.000003 0.246713 0.145478 -0.429204
 56 -1.266843 -1.937444 -4.950559 -0.066572 -2.988806 -0.110308
 57 6.551492 0.000001 0.000000 0.246713 0.145478 -0.429204
 58 0.699371 -1.944208 -5.006845 -0.027189 -3.088217 0.005298
 59 4.226144 -0.003202 0.000000 0.090044 0.070130 -0.007695
 60 -0.000002 5.000000 -0.000000 -0.153564 0.000087 2.718702
 61 0.000004 -0.000004 -3.713580 0.365818 2.880119 -0.191589
 62 0.000002 -0.000000 5.000000 3.053196 1.558589 -0.074928
 63 -0.000007 0.000006 3.713580 -0.001619 -3.122277 -0.475127
 64 0.000002 -0.000000 -5.000000 -0.088726 1.558589 3.066335
 65 7.363602 1.646647 0.495663 3.141593 -1.570796 0.000000
 66 -0.000005 0.000007 3.619081 0.008255 -3.110080 -0.985231
 67 16.573919 0.000000 -0.000000 -0.000000 -0.000000 -1.065827
 68 15.128180 0.000001 0.000000 -0.102296 0.010178 0.114297
 69 5.758665 4.244730 0.000000 0.000000 0.000000 1.667687
 70 3.177726 0.000000 -0.000000 0.000000 0.000000 3.141593
 71 15.708951 0.000001 0.000000 -0.051525 0.003996 0.061523
 72 0.275148 0.189215 -3.445208 3.130898 0.000409 -1.514604
 73 17.210192 -0.000000 -0.000000 -0.000000 -0.000000 -1.893339
 74 0.000001 0.000000 -4.999999 -0.079433 1.546568 -1.570857
 75 0.000002 -0.000003 -3.619081 0.577895 2.675801 -0.242118
 76 16.573921 -0.000001 -0.000002 -0.000000 -0.000000 -1.163030
 77 15.128181 0.000001 0.000001 0.089479 0.309197 0.659208
 78 5.758666 4.244730 -0.000001 -0.000000 -0.000000 1.815142
 79 4.003934 -0.000000 0.000001 0.000000 0.000000 0.000000
 80 15.708954 0.000001 0.000002 0.042277 0.226871 0.443133
 81 0.273998 0.191089 3.439762 -3.130907 -0.000437 -1.508107
 82 17.210194 -0.000001 -0.000002 0.000000 -0.000000 -1.937080
 83 -0.000000 -0.000001 5.000000 -0.079319 1.595025 -1.570742
time 5
  0 -0.650000 0.000000 33.899605 -0.025849 0.174554 -1.569172
  1 5.685103 0.833236 -32.227173 -0.174512 -0.026131 1.569196
  2 -2.276935 0.000003 -1.238188 -1.570795 -1.570451 0.000000
  3 1.797386 0.711813 0.000221 -0.068127 -0.017171 0.075953
  4 4.119087 -0.003236 0.000229 -0.070124 -0.029140 0.150268
  5 4.119083 -0.003235 0.000230 -0.070133 -0.031859 0.150485
  6 4.119669 -0.003093 0.000240 -0.073416 -0.014377 0.332887
  7 4.118497 -0.003483 -0.000619 0.177227 0.130624 -0.007061
  8 4.443597 -0.000001 0.000000 0.178918 0.043858 -0.341747
  9 9.024063 -0.000001 0.000000 0.000000 0.000000 0.000000
 10 -0.225692 0.306410 1.691051 1.345281 -1.174602 1.791861
 11 6.384776 -0.000000 0.000001 -1.049046 -0.258690 -1.195901
 12 10.242681 0.000001 0.000000 0.000000 0.000000 -1.208310
 13 11.375561 -0.000000 0.000000 -3.089596 0.458059 -0.146893
 14 0.728680 0.023430 -1.008291 2.038136 0.634975 1.094199
 15 2.136497 -0.000001 0.000001 0.000000 -0.000000 0.287979
 16 2.313141 0.000000 0.000000 0.000000 0.000000 0.000000
 17 3.115506 -0.886040 -0.021429 -0.428318 0.000355 0.462512
 18 2.011151 0.000001 -0.000002 -0.000000 -0.000000 0.930092
 19 2.141380 0.000000 0.000003 0.000000 0.000000 0.000000
 20 1.734171 0.000001 -0.000001 -0.000000 0.000000 0.464590
 21 0.000004 -4.440594 0.000000 1.570544 -0.062990 -0.195737
 22 5.999999 -0.000001 0.000000 -2.750965 -0.000000 -0.000000
 23 0.000001 -4.440600 -0.000000 1.569944 -0.062987 0.004053
 24 11.375561 0.000001 0.000004 -2.294528 0.275514 0.028404
 25 0.000000 -4.440604 -0.000000 1.570144 -0.062988 0.004040
 26 10.510130 0.000004 -0.000002 0.000000 -0.000000 -2.174951
 27 0.000003 -1.748400 5.000000 0.000000 0.004007 1.602291
 28 5.499999 0.000001 0.000000 0.432392 0.000000 0.000000
 29 -0.000001 -1.940599 4.999999 -0.044472 0.004003 -0.000180
 30 6.551491 -0.000001 -0.000000 -0.804273 -0.084881 -0.783153
 31 -0.000001 -1.940598 5.000004 -0.027189 -0.053376 0.005295
 32 6.551491 -0.000001 -0.000000 -0.348522 0.043465 -0.338220
 33 -0.000000 -1.940599 4.999996 -0.066572 -0.152786 -0.110311
 34 0.225691 -0.299334 -1.691051 2.904402 1.438921 -0.209795
 35 6.384776 -0.000003 -0.000001 0.306556 0.769545 -1.514349
 36 10.242682 -0.000001 0.000001 -0.000000 -0.000000 -0.915256
 37 11.375562 0.000001 -0.000000 2.986029 0.238029 0.718132
 38 0.728680 0.023431 1.008294 -1.539000 -0.370199 0.101110
 39 2.136497 -0.000001 -0.000000 -0.000000 0.000000 0.287979
 40 2.313138 0.000003 -0.000000 0.000000 0.000000 3.141593
 41 3.115508 -0.886041 0.021434 0.495459 0.148146 0.639838
 42 2.011151 -0.000001 -0.000003 0.000000 0.000000 2.038377
 43 2.141379 0.000000 0.000001 0.000000 0.000000 3.141593
 44 1.734173 -0.000002 -0.000002 -0.000000 -0.000000 1.019987
 45 0.136315 -3.738192 2.525892 1.493698 2.759406 -1.474501
 46 5.031113 -0.189688 1.849663 -2.967941 -0.035742 1.570790
 47 11.389366 -0.000818 0.158782 2.249280 0.258552 0.310651
 48 0.000001 -4.440599 0.000001 1.570144 -3.078602 0.004040
 49 5.999999 0.000001 0.000002 2.249280 -0.000000 0.000000
 50 0.000002 -4.440601 -0.000001 1.569944 -3.078603 0.004053
 51 10.510131 -0.000000 0.000003 -0.000000 0.000000 -2.028424
 52 0.000000 -1.748400 -5.000002 3.141593 0.004007 -1.539299
 53 5.499999 0.000000 0.000002 -0.245978 -0.000000 0.000000
 54 -0.000000 0.000001 -4.999999 -0.044472 3.137589 -0.000177
 55 6.551491 -0.000001 -0.000002 0.245978 0.144721 -0.429390
 56 -1.266844 -1.937443 -4.950559 -0.066572 -2.988806 -0.110308
 57 6.551492 -0.000001 -0.000002 0.245978 0.144721 -0.429390
 58 0.699371 -1.944209 -5.006845 -0.027189 -3.088217 0.005298
 59 4.226145 -0.003201 -0.000000 0.090044 0.070130 -0.007695
 60 0.000002 5.000001 -0.000000 -0.153564 0.000087 2.718702
 61 0.000004 -0.000004 -3.713580 0.365818 2.880119 -0.191589
 62 0.000002 -0.000000 5.000000 3.053196 1.558589 -0.074928
 63 -0.000007 0.000006 3.713580 -0.001619 -3.122277 -0.475127
 64 0.000002 -0.000000 -5.000000 -0.088726 1.558589 3.066335
 65 7.363602 1.646647 0.495663 3.141593 -1.570796 0.000000
 66 -0.000005 0.000007 3.619081 0.008255 -3.110080 -0.985231
 67 16.573919 0.000000 -0.000000 -0.000000 -0.000000 -1.065827
 68 15.128180 0.000001 0.000000 -0.102296 0.010178 0.114297
 69 5.758665 4.244730 0.000000 0.000000 0.000000 1.667687
 70 3.177726 0.000000 -0.000000 0.000000 0.000000 3.141593
 71 15.708951 0.000001 0.000000 -0.051525 0.003996 0.061523
 72 0.275148 0.189215 -3.445208 3.130898 0.000409 -1.514604
 73 17.210192 -0.000000 -0.000000 -0.000000 -0.000000 -1.893339
 74 0.000001 0.000000 -4.999999 -0.079433 1.546568 -1.570857
 75 0.000002 -0.000003 -3.619081 0.577895 2.675801 -0.242118
 76 16.573921 -0.000001 -0.000002 -0.000000 -0.000000 -1.163030
 77 15.128181 0.000001 0.000001 0.089479 0.309197 0.659208
 78 5.758666 4.244730 -0.000001 -0.000000 -0.000000 1.815142
 79 4.003934 -0.000000 0.000001 0.000000 0.000000 0.000000
 80 15.708954 0.000001 0.000002 0.042277 0.226871 0.443133
 81 0.273998 0.191089 3.439762 -3.130907 -0.000437 -1.508107
 82 17.210194 -0.000001 -0.000002 0.000000 -0.000000 -1.937080
 83 -0.000000 -0.000001 5.000000 -0.079319 1.595025 -1.570742
time 6
  0 -0.650000 0.000000 33.899605 -0.025849 0.174554 -1.569172
  1 5.685103 0.833236 -32.227173 -0.174512 -0.026131 1.569196
  2 -2.276935 0.000003 -1.238188 -1.570795 -1.570451 0.000000
  3 1.797382 0.711813 0.000221 -0.068132 -0.014652 0.074741
  4 4.119084 -0.003236 0.000230 -0.070129 -0.029935 0.150063
  5 4.119090 -0.003238 0.000229 -0.070139 -0.033172 0.150318
  6 4.119669 -0.003094 0.000241 -0.073424 -0.015172 0.332685
  7 4.118497 -0.003484 -0.000619 0.177227 0.130624 -0.007061
  8 4.443599 0.000000 0.000000 0.177908 0.044103 -0.340457
  9 9.024064 -0.000002 0.000000 0.000000 0.000000 0.000000
 10 -0.225690 0.306410 1.691051 1.345281 -1.174602 1.791861
 11 6.384777 -0.000002 0.000001 -1.047943 -0.256571 -1.197110
 12 10.242682 0.000001 0.000001 -0.000000 -0.000000 -1.202993
 13 11.375561 -0.000002 0.000002 -3.085454 0.457034 -0.157444
 14 0.728680 0.023429 -1.008290 2.038137 0.634976 1.094199
 15 2.136495 -0.000001 0.000002 0.000000 -0.000000 0.287979
 16 2.313139 -0.000000 -0.000000 0.000000 0.000000 0.000000
 17 3.115507 -0.886039 -0.021430 -0.428318 0.000355 0.462512
 18 2.011153 0.000001 0.000001 -0.000000 0.000000 0.930092
 19 2.141381 0.000000 0.000002 0.000000 0.000000 0.000000
 20 1.734174 0.000001 0.000000 0.000000 -0.000000 0.464590
 21 0.000004 -4.440594 0.000000 1.570544 -0.062990 -0.195737
 22 5.999999 0.000001 0.000001 -2.747222 0.000000 -0.000000
 23 0.000002 -4.440600 0.000001 1.569944 -0.062987 0.004053
 24 11.375561 -0.000001 0.000005 -2.292045 0.277200 0.022093
 25 -0.000000 -4.440603 -0.000003 1.570144 -0.062988 0.004040
 26 10.510131 0.000000 0.000000 0.000000 -0.000000 -2.172293
 27 0.000003 -1.748400 5.000000 0.000000 0.004007 1.602291
 28 5.500000 -0.000000 0.000001 0.431711 0.000000 -0.000000
 29 -0.000002 -1.940600 5.000001 -0.044472 0.004003 -0.000180
 30 6.551491 -0.000001 0.000001 -0.802974 -0.083480 -0.783450
 31 0.000001 -1.940600 5.000000 -0.027189 -0.053376 0.005295
 32 6.551491 -0.000001 0.000001 -0.347994 0.043932 -0.338349
 33 -0.000002 -1.940599 4.999999 -0.066572 -0.152786 -0.110311
 34 0.225691 -0.299331 -1.691051 2.904402 1.438921 -0.209795
 35 6.384776 0.000002 -0.000003 0.305382 0.765163 -1.513682
 36 10.242682 0.000000 -0.000000 -0.000000 -0.000000 -0.915365
 37 11.375561 0.000001 -0.000001 2.985631 0.248289 0.716481
 38 0.728681 0.023431 1.008292 -1.539000 -0.370199 0.101110
 39 2.136494 -0.000000 -0.000000 -0.000000 0.000000 0.287979
 40 2.313139 -0.000001 -0.000000 0.000000 0.000000 3.141593
 41 3.115506 -0.886041 0.021429 0.495459 0.148146 0.639838
 42 2.011149 0.000000 -0.000000 0.000000 0.000000 2.038377
 43 2.141379 0.000000 -0.000001 0.000000 0.000000 3.141593
 44 1.734171 -0.000001 0.000001 0.000000 0.000000 1.019987
 45 0.136314 -3.738194 2.525892 1.493698 2.759406 -1.474501
 46 5.031114 -0.189688 1.849661 -2.967941 -0.035742 1.570790
 47 11.389366 -0.000819 0.158780 2.247642 0.263181 0.307417
 48 0.000000 -4.440597 -0.000001 1.570144 -3.078602 0.004040
 49 6.000000 -0.000000 -0.000001 2.247643 0.000000 -0.000000
 50 0.000002 -4.440601 0.000000 1.569944 -3.078603 0.004053
 51 10.510131 0.000000 0.000001 0.000000 0.000000 -2.028479
 52 -0.000000 -1.748400 -5.000000 3.141593 0.004007 -1.539299
 53 5.500000 0.000000 -0.000001 -0.245293 -0.000000 -0.000000
 54 -0.000000 -0.000000 -5.000002 -0.044472 3.137589 -0.000177
 55 6.551491 0.000002 -0.000002 0.245293 0.144018 -0.429555
 56 -1.266843 -1.937441 -4.950560 -0.066572 -2.988806 -0.110308
 57 6.551491 0.000002 -0.000002 0.245293 0.144018 -0.429555
 58 0.699371 -1.944207 -5.006846 -0.027189 -3.088217 0.005298
 59 4.226146 -0.003203 -0.000001 0.090044 0.070130 -0.007695
 60 -0.000001 5.000003 0.000000 -0.153564 0.000087 2.718702
 61 0.000004 -0.000004 -3.713580 0.365818 2.880119 -0.191589
 62 0.000002 -0.000000 5.000000 3.053196 1.558589 -0.074928
 63 -0.000007 0.000006 3.713580 -0.001619 -3.122277 -0.475127
 64 0.000002 -0.000000 -5.000000 -0.088726 1.558589 3.066335
 65 7.363602 1.646647 0.495663 3.141593 -1.570796 0.000000
 66 -0.000005 0.000007 3.619081 0.008255 -3.110080 -0.985231
 67 16.573919 0.000000 -0.000000 -0.000000 -0.000000 -1.065827
 68 15.128180 0.000001 0.000000 -0.102296 0.010178 0.114297
 69 5.758665 4.244730 0.000000 0.000000 0.000000 1.667687
 70 3.177726 0.000000 -0.000000 0.000000 0.000000 3.141593
 71 15.708951 0.000001 0.000000 -0.051525 0.003996 0.061523
 72 0.275148 0.189215 -3.445208 3.130898 0.000409 -1.514604
 73 17.210192 -0.000000 -0.000000 -0.000000 -0.000000 -1.893339
 74 0.000001 0.000000 -4.999999 -0.079433 1.546568 -1.570857
 75 0.000002 -0.000003 -3.619081 0.577895 2.675801 -0.242118
 76 16.573921 -0.000001 -0.000002 -0.000000 -0.000000 -1.163030
 77 15.128181 0.000001 0.000001 0.089479 0.309197 0.659208
 78 5.758666 4.244730 -0.000001 -0.000000 -0.000000 1.815142
 79 4.003934 -0.000000 0.000001 0.000000 0.000000 0.000000
 80 15.708954 0.000001 0.000002 0.042277 0.226871 0.443133
 81 0.273998 0.191089 3.439762 -3.130907 -0.000437 -1.508107
 82 17.210194 -0.000001 -0.000002 0.000000 -0.000000 -1.937080
 83 -0.000000 -0.000001 5.000000 -0.079319 1.595025 -1.570742
time 7
  0 -0.650000 0.000000 33.899605 -0.025849 0.174554 -1.569172
  1 5.685103 0.833236 -32.227173 -0.174512 -0.026131 1.569196
  2 -2.276935 0.000003 -1.238188 -1.570795 -1.570451 0.000000
  3 1.797378 0.711813 0.000221 -0.068138 -0.012471 0.073691
  4 4.119086 -0.003236 0.000229 -0.070133 -0.030623 0.149887
  5 4.119086 -0.003236 0.000230 -0.070144 -0.034308 0.150172
  6 4.119665 -0.003093 0.000241 -0.073431 -0.015861 0.332511
  7 4.118497 -0.003482 -0.000618 0.177227 0.130624 -0.007061
  8 4.443599 0.000002 0.000000 0.177038 0.044316 -0.339338
  9 9.024064 -0.000001 0.000000 0.000000 0.000000 0.000000
 10 -0.225688 0.306410 1.691051 1.345281 -1.174602 1.791861
 11 6.384776 -0.000001 -0.000001 -1.046991 -0.254755 -1.198166
 12 10.242682 -0.000002 0.000001 0.000000 0.000000 -1.198386
 13 11.375561 -0.000001 0.000001 -3.081855 0.456160 -0.166548
 14 0.728681 0.023430 -1.008292 2.038136 0.634975 1.094199
 15 2.136495 -0.000000 -0.000000 0.000000 -0.000000 0.287979
 16 2.313139 -0.000001 0.000000 0.000000 0.000000 0.000000
 17 3.115507 -0.886041 -0.021432 -0.428318 0.000355 0.462512
 18 2.011151 0.000001 0.000003 -0.000000 -0.000000 0.930092
 19 2.141382 0.000000 -0.000002 0.000000 0.000000 0.000000
 20 1.734174 0.000002 0.000002 0.000000 -0.000000 0.464590
 21 0.000008 -4.440593 -0.000000 1.570544 -0.062990 -0.195737
 22 6.000000 -0.000000 -0.000000 -2.743984 -0.000000 -0.000000
 23 -0.000001 -4.440601 0.000000 1.569944 -0.062987 0.004053
 24 11.375561 0.000001 0.000003 -2.289896 0.278633 0.016668
 25 -0.000002 -4.440604 0.000001 1.570144 -0.062988 0.004040
 26 10.510131 0.000000 0.000000 0.000000 -0.000000 -2.169989
 27 0.000001 -1.748400 4.999999 0.000000 0.004007 1.602291
 28 5.500000 0.000000 0.000001 0.431123 0.000000 0.000000
 29 -0.000002 -1.940598 5.000000 -0.044472 0.004003 -0.000180
 30 6.551490 0.000001 -0.000000 -0.801856 -0.082282 -0.783718
 31 0.000001 -1.940598 5.000000 -0.027189 -0.053376 0.005295
 32 6.551490 0.000001 -0.000000 -0.347537 0.044333 -0.338465
 33 -0.000001 -1.940599 4.999996 -0.066572 -0.152786 -0.110311
 34 0.225693 -0.299332 -1.691051 2.904402 1.438921 -0.209795
 35 6.384776 -0.000001 -0.000001 0.304365 0.761369 -1.513108
 36 10.242682 -0.000001 -0.000001 0.000000 0.000000 -0.915459
 37 11.375562 0.000000 -0.000004 2.985272 0.257169 0.715044
 38 0.728682 0.023431 1.008289 -1.539000 -0.370199 0.101110
 39 2.136497 -0.000001 0.000000 -0.000000 0.000000 0.287979
 40 2.313138 -0.000000 -0.000000 0.000000 0.000000 3.141593
 41 3.115508 -0.886041 0.021428 0.495459 0.148146 0.639838
 42 2.011150 -0.000001 -0.000001 0.000000 0.000000 2.038377
 43 2.141380 0.000001 -0.000001 0.000000 0.000000 3.141593
 44 1.734172 -0.000001 0.000001 0.000000 0.000000 1.019987
 45 0.136315 -3.738192 2.525892 1.493698 2.759406 -1.474501
 46 5.031115 -0.189687 1.849660 -2.967941 -0.035742 1.570790
 47 11.389366 -0.000820 0.158779 2.246202 0.267175 0.304603
 48 0.000002 -4.440601 -0.000001 1.570144 -3.078602 0.004040
 49 6.000000 0.000000 -0.000003 2.246202 0.000000 -0.000000
 50 0.000002 -4.440604 0.000001 1.569944 -3.078603 0.004053
 51 10.510131 -0.000000 0.000001 0.000000 0.000000 -2.028526
 52 -0.000000 -1.748400 -5.000001 3.141593 0.004007 -1.539299
 53 5.500000 -0.000000 0.000001 -0.244695 -0.000000 0.000000
 54 0.000000 0.000001 -5.000000 -0.044472 3.137589 -0.000177
 55 6.551490 -0.000000 -0.000001 0.244695 0.143406 -0.429692
 56 -1.266844 -1.937442 -4.950560 -0.066572 -2.988806 -0.110308
 57 6.551491 -0.000001 -0.000001 0.244695 0.143406 -0.429692
 58 0.699370 -1.944207 -5.006849 -0.027189 -3.088217 0.005298
 59 4.226146 -0.003201 0.000000 0.090044 0.070130 -0.007695
 60 -0.000002 5.000000 -0.000000 -0.153564 0.000087 2.718702
 61 0.000004 -0.000004 -3.713580 0.365818 2.880119 -0.191589
 62 0.000002 -0.000000 5.000000 3.053196 1.558589 -0.074928
 63 -0.000007 0.000006 3.713580 -0.001619 -3.122277 -0.475127
 64 0.000002 -0.000000 -5.000000 -0.088726 1.558589 3.066335
 65 7.363602 1.646647 0.495663 3.141593 -1.570796 0.000000
 66 -0.000005 0.000007 3.619081 0.008255 -3.110080 -0.985231
 67 16.573919 0.000000 -0.000000 -0.000000 -0.000000 -1.065827
 68 15.128180 0.000001 0.000000 -0.102296 0.010178 0.114297
 69 5.758665 4.244730 0.000000 0.000000 0.000000 1.667687
 70 3.177726 0.000000 -0.000000 0.000000 0.000000 3.141593
 71 15.708951 0.000001 0.000000 -0.051525 0.003996 0.061523
 72 0.275148 0.189215 -3.445208 3.130898 0.000409 -1.514604
 73 17.210192 -0.000000 -0.000000 -0.000000 -0.000000 -1.893339
 74 0.000001 0.000000 -4.999999 -0.079433 1.546568 -1.570857
 75 0.000002 -0.000003 -3.619081 0.577895 2.675801 -0.242118
 76 16.573921 -0.000001 -0.000002 -0.000000 -0.000000 -1.163030
 77 15.128181 0.000001 0.000001 0.089479 0.309197 0.659208
 78 5.758666 4.244730 -0.000001 -0.000000 -0.000000 1.815142
 79 4.003934 -0.000000 0.000001 0.000000 0.000000 0.000000
 80 15.708954 0.000001 0.000002 0.042277 0.226871 0.443133
 81 0.273998 0.191089 3.439762 -3.130907 -0.000437 -1.508107
 82 17.210194 -0.000001 -0.000002 0.000000 -0.000000 -1.937080
 83 -0.000000 -0.000001 5.000000 -0.079319 1.595025 -1.570742
time 8
  0 -0.650000 0.000000 33.899605 -0.025849 0.174554 -1.569172
  1 5.685103 0.833236 -32.227173 -0.174512 -0.026131 1.569196
  2 -2.276935 0.000003 -1.238188 -1.570795 -1.570451 0.000000
  3 1.797375 0.711813 0.000221 -0.068145 -0.010756 0.072866
  4 4.119085 -0.003237 0.000229 -0.070136 -0.031164 0.149748
  5 4.119083 -0.003236 0.000229 -0.070148 -0.035202 0.150058
  6 4.119664 -0.003094 0.000241 -0.073436 -0.016403 0.332373
  7 4.118500 -0.003485 -0.000620 0.177227 0.130624 -0.007061
  8 4.443600 0.000001 0.000000 0.176355 0.044484 -0.338457
  9 9.024064 -0.000001 0.000000 0.000000 0.000000 0.000000
 10 -0.225690 0.306413 1.691051 1.345281 -1.174602 1.791861
 11 6.384778 -0.000001 0.000001 -1.046244 -0.253337 -1.199001
 12 10.242683 0.000000 0.000001 -0.000000 -0.000000 -1.194761
 13 11.375561 -0.000001 0.000002 -3.079013 0.455483 -0.173689
 14 0.728681 0.023431 -1.008291 2.038136 0.634976 1.094199
 15 2.136498 0.000000 -0.000001 0.000000 -0.000000 0.287979
 16 2.313139 -0.000001 -0.000000 0.000000 0.000000 0.000000
 17 3.115507 -0.886040 -0.021431 -0.428318 0.000355 0.462512
 18 2.011149 -0.000001 0.000002 -0.000000 0.000000 0.930092
 19 2.141379 -0.000001 0.000001 0.000000 0.000000 0.000000
 20 1.734171 -0.000000 0.000002 -0.000000 0.000000 0.464590
 21 0.000004 -4.440594 0.000002 1.570544 -0.062990 -0.195737
 22 6.000000 0.000002 0.000001 -2.741437 0.000000 0.000000
 23 -0.000000 -4.440601 0.000001 1.569944 -0.062987 0.004053
 24 11.375561 0.000001 0.000005 -2.288205 0.279743 0.012426
 25 -0.000001 -4.440604 0.000002 1.570144 -0.062988 0.004040
 26 10.510132 -0.000000 0.000001 -0.000000 0.000000 -2.168177
 27 0.000002 -1.748399 4.999998 -0.000000 0.004007 1.602290
 28 5.500000 -0.000000 0.000001 0.430661 -0.000000 -0.000000
 29 -0.000002 -1.940599 5.000001 -0.044472 0.004003 -0.000180
 30 6.551492 -0.000001 0.000000 -0.800979 -0.081347 -0.783935
 31 -0.000000 -1.940599 5.000003 -0.027189 -0.053376 0.005295
 32 6.551493 -0.000001 0.000000 -0.347178 0.044646 -0.338558
 33 0.000000 -1.940599 4.999995 -0.066572 -0.152786 -0.110311
 34 0.225693 -0.299332 -1.691051 2.904402 1.438921 -0.209795
 35 6.384776 -0.000000 0.000001 0.303566 0.758385 -1.512658
 36 10.242682 -0.000000 0.000001 -0.000000 -0.000000 -0.915534
 37 11.375561 0.000001 0.000001 2.984980 0.264152 0.713910
 38 0.728680 0.023431 1.008292 -1.539000 -0.370199 0.101110
 39 2.136496 -0.000001 -0.000000 -0.000000 0.000000 0.287979
 40 2.313138 0.000000 -0.000000 0.000000 0.000000 3.141593
 41 3.115505 -0.886041 0.021431 0.495459 0.148146 0.639838
 42 2.011151 0.000000 -0.000001 -0.000000 0.000000 2.038377
 43 2.141379 0.000000 -0.000003 0.000000 0.000000 3.141593
 44 1.734173 -0.000001 -0.000000 -0.000000 -0.000000 1.019987
 45 0.136314 -3.738194 2.525889 1.493698 2.759406 -1.474501
 46 5.031112 -0.189688 1.849663 -2.967941 -0.035742 1.570790
 47 11.389365 -0.000819 0.158784 2.245054 0.270308 0.302381
 48 0.000001 -4.440600 0.000000 1.570144 -3.078602 0.004040
 49 5.999999 -0.000000 0.000002 2.245054 -0.000000 0.000000
 50 0.000001 -4.440601 0.000000 1.569944 -3.078603 0.004053
 51 10.510132 0.000000 0.000001 -0.000000 -0.000000 -2.028563
 52 -0.000001 -1.748400 -4.999999 -3.141593 0.004007 -1.539299
 53 5.500000 -0.000000 0.000000 -0.244222 0.000000 0.000000
 54 -0.000001 -0.000000 -5.000003 -0.044472 3.137589 -0.000177
 55 6.551490 0.000002 -0.000001 0.244222 0.142922 -0.429796
 56 -1.266844 -1.937440 -4.950562 -0.066572 -2.988806 -0.110308
 57 6.551490 0.000002 -0.000001 0.244222 0.142922 -0.429796
 58 0.699370 -1.944205 -5.006849 -0.027189 -3.088217 0.005298
 59 4.226146 -0.003201 -0.000000 0.090044 0.070130 -0.007695
 60 -0.000002 5.000001 -0.000000 -0.153564 0.000087 2.718702
 61 0.000004 -0.000004 -3.713580 0.365818 2.880119 -0.191589
 62 0.000002 -0.000000 5.000000 3.053196 1.558589 -0.074928
 63 -0.000007 0.000006 3.713580 -0.001619 -3.122277 -0.475127
 64 0.000002 -0.000000 -5.000000 -0.088726 1.558589 3.066335
 65 7.363602 1.646647 0.495663 3.141593 -1.570796 0.000000
 66 -0.000005 0.000007 3.619081 0.008255 -3.110080 -0.985231
 67 16.573919 0.000000 -0.000000 -0.000000 -0.000000 -1.065827
 68 15.128180 0.000001 0.000000 -0.102296 0.010178 0.114297
 69 5.758665 4.244730 0.000000 0.000000 0.000000 1.667687
 70 3.177726 0.000000 -0.000000 0.000000 0.000000 3.141593
 71 15.708951 0.000001 0.000000 -0.051525 0.003996 0.061523
 72 0.275148 0.189215 -3.445208 3.130898 0.000409 -1.514604
 73 17.210192 -0.000000 -0.000000 -0.000000 -0.000000 -1.893339
 74 0.000001 0.000000 -4.999999 -0.079433 1.546568 -1.570857
 75 0.000002 -0.000003 -3.619081 0.577895 2.675801 -0.242118
 76 16.573921 -0.000001 -0.000002 -0.000000 -0.000000 -1.163030
 77 15.128181 0.000001 0.000001 0.089479 0.309197 0.659208
 78 5.758666 4.244730 -0.000001 -0.000000 -0.000000 1.815142
 79 4.003934 -0.000000 0.000001 0.000000 0.000000 0.000000
 80 15.708954 0.000001 0.000002 0.042277 0.226871 0.443133
 81 0.273998 0.191089 3.439762 -3.130907 -0.000437 -1.508107
 82 17.210194 -0.000001 -0.000002 0.000000 -0.000000 -1.937080
 83 -0.000000 -0.000001 5.000000 -0.079319 1.595025 -1.570742
time 9
  0 -0.650000 0.000000 33.899605 -0.025849 0.174554 -1.569172
  1 5.685103 0.833236 -32.227173 -0.174512 -0.026131 1.569196
  2 -2.276935 0.000003 -1.238188 -1.570795 -1.570451 0.000000
  3 1.797374 0.711812 0.000221 -0.068150 -0.009634 0.072326
  4 4.119087 -0.003237 0.000230 -0.070138 -0.031518 0.149657
  5 4.119083 -0.003236 0.000230 -0.070151 -0.035787 0.149983
  6 4.119665 -0.003094 0.000240 -0.073439 -0.016757 0.332284
  7 4.118497 -0.003483 -0.000619 0.177227 0.130624 -0.007061
  8 4.443600 0.000000 0.000000 0.175910 0.044595 -0.337881
  9 9.024062 -0.000001 0.000000 0.000000 0.000000 0.000000
 10 -0.225689 0.306411 1.691051 1.345281 -1.174602 1.791862
 11 6.384776 -0.000001 0.000003 -1.045757 -0.252415 -1.199550
 12 10.242681 -0.000001 -0.000000 0.000000 0.000000 -1.192388
 13 11.375564 -0.000001 0.000000 -3.077149 0.455044 -0.178354
 14 0.728681 0.023432 -1.008290 2.038136 0.634975 1.094199
 15 2.136499 -0.000000 0.000002 0.000000 -0.000000 0.287979
 16 2.313137 0.000001 -0.000001 0.000000 0.000000 0.000000
 17 3.115508 -0.886041 -0.021430 -0.428318 0.000355 0.462512
 18 2.011152 0.000002 -0.000003 -0.000000 -0.000000 0.930092
 19 2.141379 0.000001 0.000002 0.000000 0.000000 0.000000
 20 1.734173 0.000001 -0.000000 0.000000 -0.000000 0.464590
 21 0.000006 -4.440593 -0.000001 1.570544 -0.062990 -0.195737
 22 6.000000 -0.000001 -0.000000 -2.739771 -0.000000 -0.000000
 23 -0.000000 -4.440599 -0.000000 1.569944 -0.062987 0.004053
 24 11.375562 -0.000001 0.000003 -2.287097 0.280460 0.009662
 25 -0.000002 -4.440603 0.000000 1.570144 -0.062988 0.004040
 26 10.510130 -0.000001 -0.000000 -0.000000 0.000000 -2.166990
 27 0.000000 -1.748400 4.999999 -0.000000 0.004007 1.602291
 28 5.499999 -0.000002 0.000001 0.430359 -0.000000 0.000000
 29 -0.000002 -1.940599 5.000002 -0.044472 0.004003 -0.000180
 30 6.551492 -0.000002 0.000001 -0.800407 -0.080739 -0.784081
 31 0.000001 -1.940597 5.000002 -0.027189 -0.053376 0.005295
 32 6.551492 -0.000002 0.000001 -0.346944 0.044850 -0.338620
 33 0.000001 -1.940599 4.999995 -0.066572 -0.152786 -0.110311
 34 0.225694 -0.299334 -1.691051 2.904402 1.438921 -0.209796
 35 6.384776 0.000001 -0.000003 0.303043 0.756431 -1.512365
 36 10.242681 -0.000000 -0.000003 0.000000 -0.000000 -0.915582
 37 11.375561 0.000000 0.000002 2.984784 0.268721 0.713165
 38 0.728679 0.023431 1.008290 -1.539000 -0.370199 0.101110
 39 2.136499 -0.000001 -0.000000 -0.000000 0.000000 0.287979
 40 2.313141 0.000000 -0.000000 0.000000 0.000000 3.141593
 41 3.115507 -0.886041 0.021432 0.495459 0.148146 0.639838
 42 2.011152 -0.000001 0.000001 0.000000 0.000000 2.038377
 43 2.141380 -0.000001 0.000002 0.000000 0.000000 3.141593
 44 1.734173 -0.000002 0.000000 -0.000000 0.000000 1.019987
 45 0.136315 -3.738193 2.525890 1.493698 2.759406 -1.474501
 46 5.031113 -0.189688 1.849663 -2.967941 -0.035742 1.570790
 47 11.389366 -0.000818 0.158783 2.244295 0.272355 0.300923
 48 0.000000 -4.440598 0.000001 1.570144 -3.078602 0.004040
 49 5.999999 -0.000001 -0.000001 2.244295 0.000000 0.000000
 50 0.000001 -4.440600 0.000002 1.569944 -3.078603 0.004053
 51 10.510132 -0.000001 -0.000001 -0.000000 0.000000 -2.028587
 52 -0.000000 -1.748399 -5.000001 -3.141593 0.004007 -1.539299
 53 5.500000 -0.000000 0.000001 -0.243910 -0.000000 -0.000000
 54 0.000000 0.000000 -5.000000 -0.044472 3.137589 -0.000177
 55 6.551490 0.000001 -0.000002 0.243910 0.142604 -0.429862
 56 -1.266843 -1.937444 -4.950557 -0.066572 -2.988806 -0.110308
 57 6.551491 0.000001 -0.000002 0.243910 0.142604 -0.429862
 58 0.699371 -1.944210 -5.006844 -0.027189 -3.088217 0.005298
 59 4.226146 -0.003202 -0.000000 0.090044 0.070130 -0.007695
 60 -0.000001 5.000000 0.000000 -0.153564 0.000087 2.718702
 61 0.000004 -0.000004 -3.713580 0.365818 2.880119 -0.191589
 62 0.000002 -0.000000 5.000000 3.053196 1.558589 -0.074928
 63 -0.000007 0.000006 3.713580 -0.001619 -3.122277 -0.475127
 64 0.000002 -0.000000 -5.000000 -0.088726 1.558589 3.066335
 65 7.363602 1.646647 0.495663 3.141593 -1.570796 0.000000
 66 -0.000005 0.000007 3.619081 0.008255 -3.110080 -0.985231
 67 16.573919 0.000000 -0.000000 -0.000000 -0.000000 -1.065827
 68 15.128180 0.000001 0.000000 -0.102296 0.010178 0.114297
 69 5.758665 4.244730 0.000000 0.000000 0.000000 1.667687
 70 3.177726 0.000000 -0.000000 0.000000 0.000000 3.141593
 71 15.708951 0.000001 0.000000 -0.051525 0.003996 0.061523
 72 0.275148 0.189215 -3.445208 3.130898 0.000409 -1.514604
 73 17.210192 -0.000000 -0.000000 -0.000000 -0.000000 -1.893339
 74 0.000001 0.000000 -4.999999 -0.079433 1.546568 -1.570857
 75 0.000002 -0.000003 -3.619081 0.577895 2.675801 -0.242118
 76 16.573921 -0.000001 -0.000002 -0.000000 -0.000000 -1.163030
 77 15.128181 0.000001 0.000001 0.089479 0.309197 0.659208
 78 5.758666 4.244730 -0.000001 -0.000000 -0.000000 1.815142
 79 4.003934 -0.000000 0.000001 0.000000 0.000000 0.000000
 80 15.708954 0.000001 0.000002 0.042277 0.226871 0.443133
 81 0.273998 0.191089 3.439762 -3.130907 -0.000437 -1.508107
 82 17.210194 -0.000001 -0.000002 0.000000 -0.000000 -1.937080
 83 -0.000000 -0.000001 5.000000 -0.079319 1.595025 -1.570742
time 10
  0 -0.650000 0.000000 33.899605 -0.025849 0.174554 -1.569172
  1 5.685103 0.833236 -32.227173 -0.174512 -0.026131 1.569196
  2 -2.276935 0.000003 -1.238188 -1.570795 -1.570451 0.000000
  3 1.797374 0.711812 0.000221 -0.068152 -0.009232 0.072132
  4 4.119085 -0.003237 0.000230 -0.070138 -0.031645 0.149624
  5 4.119084 -0.003236 0.000230 -0.070152 -0.035996 0.149956
  6 4.119664 -0.003092 0.000241 -0.073440 -0.016884 0.332251
  7 4.118496 -0.003483 -0.000618 0.177227 0.130624 -0.007061
  8 4.443599 0.000001 -0.000000 0.175750 0.044634 -0.337674
  9 9.024063 -0.000001 0.000000 0.000000 0.000000 0.000000
 10 -0.225690 0.306413 1.691051 1.345281 -1.174602 1.791861
 11 6.384776 0.000001 0.000005 -1.045582 -0.252085 -1.199747
 12 10.242681 -0.000003 0.000001 0.000000 -0.000000 -1.191537
 13 11.375563 -0.000001 0.000000 -3.076480 0.454888 -0.180024
 14 0.728679 0.023430 -1.008293 2.038136 0.634975 1.094199
 15 2.136496 -0.000000 0.000001 0.000000 -0.000000 0.287979
 16 2.313143 0.000000 0.000000 0.000000 0.000000 0.000000
 17 3.115506 -0.886040 -0.021433 -0.428318 0.000355 0.462512
 18 2.011151 0.000001 -0.000002 0.000000 -0.000000 0.930092
 19 2.141379 0.000001 0.000003 0.000000 0.000000 0.000000
 20 1.734171 0.000000 -0.000002 0.000000 -0.000000 0.464590
 21 0.000006 -4.440594 -0.000002 1.570544 -0.062990 -0.195737
 22 6.000001 0.000000 -0.000000 -2.739173 -0.000000 0.000000
 23 0.000001 -4.440602 0.000001 1.569944 -0.062987 0.004053
 24 11.375562 -0.000000 0.000003 -2.286700 0.280716 0.008673
 25 -0.000000 -4.440603 -0.000001 1.570144 -0.062988 0.004040
 26 10.510131 -0.000002 0.000000 0.000000 0.000000 -2.166565
 27 -0.000002 -1.748400 4.999999 -0.000000 0.004007 1.602290
 28 5.500000 -0.000002 -0.000000 0.430251 -0.000000 0.000000
 29 -0.000002 -1.940598 5.000000 -0.044472 0.004003 -0.000180
 30 6.551492 -0.000001 0.000001 -0.800202 -0.080521 -0.784134
 31 0.000000 -1.940597 5.000001 -0.027189 -0.053376 0.005295
 32 6.551492 -0.000001 0.000001 -0.346860 0.044923 -0.338643
 33 -0.000001 -1.940598 4.999995 -0.066572 -0.152786 -0.110311
 34 0.225695 -0.299334 -1.691051 2.904402 1.438921 -0.209796
 35 6.384776 -0.000001 0.000002 0.302855 0.755731 -1.512260
 36 10.242680 -0.000001 -0.000000 -0.000000 -0.000000 -0.915600
 37 11.375561 0.000002 0.000002 2.984713 0.270359 0.712898
 38 0.728681 0.023431 1.008294 -1.539000 -0.370199 0.101110
 39 2.136498 0.000000 -0.000000 -0.000000 0.000000 0.287979
 40 2.313138 -0.000001 -0.000000 0.000000 0.000000 3.141593
 41 3.115506 -0.886041 0.021431 0.495459 0.148146 0.639838
 42 2.011149 -0.000000 -0.000000 0.000000 0.000000 2.038377
 43 2.141378 0.000000 -0.000002 0.000000 0.000000 3.141593
 44 1.734171 -0.000001 -0.000000 0.000000 -0.000000 1.019987
 45 0.136315 -3.738191 2.525889 1.493698 2.759406 -1.474501
 46 5.031112 -0.189688 1.849663 -2.967941 -0.035742 1.570790
 47 11.389365 -0.000819 0.158780 2.244022 0.273087 0.300399
 48 -0.000000 -4.440598 0.000000 1.570144 -3.078602 0.004040
 49 6.000000 0.000001 0.000001 2.244022 -0.000000 0.000000
 50 0.000001 -4.440600 0.000000 1.569944 -3.078603 0.004053
 51 10.510132 0.000000 0.000003 0.000000 0.000000 -2.028596
 52 0.000001 -1.748399 -5.000002 -3.141593 0.004007 -1.539299
 53 5.500000 -0.000000 -0.000000 -0.243798 -0.000000 -0.000000
 54 0.000000 -0.000001 -4.999997 -0.044472 3.137589 -0.000177
 55 6.551491 0.000002 0.000000 0.243798 0.142490 -0.429885
 56 -1.266844 -1.937443 -4.950560 -0.066572 -2.988806 -0.110308
 57 6.551492 0.000002 0.000000 0.243798 0.142490 -0.429885
 58 0.699370 -1.944208 -5.006845 -0.027189 -3.088217 0.005298
 59 4.226145 -0.003202 0.000000 0.090044 0.070130 -0.007695
 60 0.000002 5.000001 -0.000000 -0.153564 0.000087 2.718702
 61 0.000004 -0.000004 -3.713580 0.365818 2.880119 -0.191589
 62 0.000002 -0.000000 5.000000 3.053196 1.558589 -0.074928
 63 -0.000007 0.000006 3.713580 -0.001619 -3.122277 -0.475127
 64 0.000002 -0.000000 -5.000000 -0.088726 1.558589 3.066335
 65 7.363602 1.646647 0.495663 3.141593 -1.570796 0.000000
 66 -0.000005 0.000007 3.619081 0.008255 -3.110080 -0.985231
 67 16.573919 0.000000 -0.000000 -0.000000 -0.000000 -1.065827
 68 15.128180 0.000001 0.000000 -0.102296 0.010178 0.114297
 69 5.758665 4.244730 0.000000 0.000000 0.000000 1.667687
 70 3.177726 0.000000 -0.000000 0.000000 0.000000 3.141593
 71 15.708951 0.000001 0.000000 -0.051525 0.003996 0.061523
 72 0.275148 0.189215 -3.445208 3.130898 0.000409 -1.514604
 73 17.210192 -0.000000 -0.000000 -0.000000 -0.000000 -1.893339
 74 0.000001 0.000000 -4.999999 -0.079433 1.546568 -1.570857
 75 0.000002 -0.000003 -3.619081 0.577895 2.675801 -0.242118
 76 16.573921 -0.000001 -0.000002 -0.000000 -0.000000 -1.163030
 77 15.128181 0.000001 0.000001 0.089479 0.309197 0.659208
 78 5.758666 4.244730 -0.000001 -0.000000 -0.000000 1.815142
 79 4.003934 -0.000000 0.000001 0.000000 0.000000 0.000000
 80 15.708954 0.000001 0.000002 0.042277 0.226871 0.443133
 81 0.273998 0.191089 3.439762 -3.130907 -0.000437 -1.508107
 82 17.210194 -0.000001 -0.000002 0.000000 -0.000000 -1.937080
 83 -0.000000 -0.000001 5.000000 -0.079319 1.595025 -1.570742
time 11
  0 -0.650000 0.000000 33.899605 -0.025849 0.174554 -1.569172
  1 5.685103 0.833236 -32.227173 -0.174512 -0.026131 1.569196
  2 -2.276935 0.000003 -1.238188 -1.570795 -1.570451 0.000000
  3 1.797374 0.711812 0.000221 -0.068150 -0.009634 0.072326
  4 4.119087 -0.003237 0.000230 -0.070138 -0.031518 0.149657
  5 4.119083 -0.003236 0.000230 -0.070151 -0.035787 0.149983
  6 4.119665 -0.003094 0.000240 -0.073439 -0.016757 0.332284
  7 4.118497 -0.003484 -0.000619 0.177227 0.130624 -0.007061
  8 4.443600 0.000000 -0.000000 0.175910 0.044595 -0.337881
  9 9.024062 -0.000001 0.000000 0.000000 0.000000 0.000000
 10 -0.225689 0.306411 1.691051 1.345281 -1.174602 1.791861
 11 6.384777 -0.000000 0.000003 -1.045757 -0.252415 -1.199550
 12 10.242683 0.000001 -0.000000 -0.000000 -0.000000 -1.192388
 13 11.375562 -0.000003 0.000002 -3.077149 0.455044 -0.178353
 14 0.728680 0.023432 -1.008291 2.038136 0.634975 1.094199
 15 2.136498 0.000001 0.000000 0.000000 -0.000000 0.287979
 16 2.313136 0.000001 0.000001 0.000000 0.000000 0.000000
 17 3.115506 -0.886039 -0.021432 -0.428318 0.000355 0.462512
 18 2.011152 0.000002 -0.000000 -0.000000 -0.000000 0.930092
 19 2.141380 0.000001 0.000001 0.000000 0.000000 0.000000
 20 1.734171 0.000001 -0.000000 -0.000000 -0.000000 0.464590
 21 0.000004 -4.440594 -0.000000 1.570544 -0.062990 -0.195737
 22 6.000000 0.000000 0.000000 -2.739771 0.000000 0.000000
 23 0.000004 -4.440600 -0.000002 1.569944 -0.062987 0.004053
 24 11.375563 -0.000001 0.000005 -2.287097 0.280460 0.009662
 25 -0.000000 -4.440604 0.000001 1.570144 -0.062988 0.004040
 26 10.510133 0.000001 -0.000001 0.000000 -0.000000 -2.166991
 27 -0.000000 -1.748401 4.999999 0.000000 0.004007 1.602290
 28 5.500000 0.000001 -0.000001 0.430360 -0.000000 0.000000
 29 -0.000002 -1.940600 5.000003 -0.044472 0.004003 -0.000180
 30 6.551493 -0.000001 0.000001 -0.800407 -0.080739 -0.784081
 31 0.000002 -1.940598 5.000000 -0.027189 -0.053376 0.005295
 32 6.551493 -0.000001 0.000001 -0.346944 0.044850 -0.338620
 33 0.000002 -1.940600 4.999995 -0.066572 -0.152786 -0.110311
 34 0.225694 -0.299334 -1.691051 2.904402 1.438921 -0.209796
 35 6.384777 0.000001 -0.000003 0.303042 0.756431 -1.512365
 36 10.242681 -0.000000 -0.000000 0.000000 -0.000000 -0.915582
 37 11.375562 0.000000 -0.000003 2.984784 0.268721 0.713166
 38 0.728679 0.023431 1.008292 -1.539000 -0.370199 0.101110
 39 2.136498 -0.000002 0.000000 -0.000000 0.000000 0.287979
 40 2.313138 0.000000 -0.000000 0.000000 0.000000 3.141593
 41 3.115506 -0.886041 0.021435 0.495459 0.148146 0.639838
 42 2.011150 0.000000 -0.000001 -0.000000 0.000000 2.038377
 43 2.141380 0.000000 0.000000 0.000000 0.000000 3.141593
 44 1.734173 -0.000002 -0.000001 0.000000 0.000000 1.019987
 45 0.136315 -3.738191 2.525889 1.493698 2.759406 -1.474501
 46 5.031113 -0.189688 1.849665 -2.967941 -0.035742 1.570790
 47 11.389366 -0.000819 0.158782 2.244295 0.272355 0.300923
 48 0.000000 -4.440598 0.000000 1.570144 -3.078602 0.004040
 49 6.000000 0.000000 -0.000002 2.244295 -0.000000 -0.000000
 50 0.000002 -4.440601 0.000000 1.569944 -3.078603 0.004053
 51 10.510132 -0.000000 -0.000002 -0.000000 0.000000 -2.028588
 52 -0.000000 -1.748399 -4.999998 3.141593 0.004007 -1.539299
 53 5.500000 0.000000 0.000000 -0.243910 0.000000 0.000000
 54 0.000000 0.000000 -5.000000 -0.044472 3.137589 -0.000177
 55 6.551491 0.000001 -0.000002 0.243910 0.142604 -0.429862
 56 -1.266843 -1.937445 -4.950557 -0.066572 -2.988806 -0.110308
 57 6.551491 0.000001 -0.000002 0.243910 0.142604 -0.429862
 58 0.699370 -1.944210 -5.006844 -0.027189 -3.088217 0.005298
 59 4.226146 -0.003202 -0.000000 0.090044 0.070130 -0.007695
 60 -0.000001 5.000000 -0.000000 -0.153564 0.000087 2.718702
 61 0.000004 -0.000004 -3.713580 0.365818 2.880119 -0.191589
 62 0.000002 -0.000000 5.000000 3.053196 1.558589 -0.074928
 63 -0.000007 0.000006 3.713580 -0.001619 -3.122277 -0.475127
 64 0.000002 -0.000000 -5.000000 -0.088726 1.558589 3.066335
 65 7.363602 1.646647 0.495663 3.141593 -1.570796 0.000000
 66 -0.000005 0.000007 3.619081 0.008255 -3.110080 -0.985231
 67 16.573919 0.000000 -0.000000 -0.000000 -0.000000 -1.065827
 68 15.128180 0.000001 0.000000 -0.102296 0.010178 0.114297
 69 5.758665 4.244730 0.000000 0.000000 0.000000 1.667687
 70 3.177726 0.000000 -0.000000 0.000000 0.000000 3.141593
 71 15.708951 0.000001 0.000000 -0.051525 0.003996 0.061523
 72 0.275148 0.189215 -3.445208 3.130898 0.000409 -1.514604
 73 17.210192 -0.000000 -0.000000 -0.000000 -0.000000 -1.893339
 74 0.000001 0.000000 -4.999999 -0.079433 1.546568 -1.570857
 75 0.000002 -0.000003 -3.619081 0.577895 2.675801 -0.242118
 76 16.573921 -0.000001 -0.000002 -0.000000 -0.000000 -1.163030
 77 15.128181 0.000001 0.000001 0.089479 0.309197 0.659208
 78 5.758666 4.244730 -0.000001 -0.000000 -0.000000 1.815142
 79 4.003934 -0.000000 0.000001 0.000000 0.000000 0.000000
 80 15.708954 0.000001 0.000002 0.042277 0.226871 0.443133
 81 0.273998 0.191089 3.439762 -3.130907 -0.000437 -1.508107
 82 17.210194 -0.000001 -0.000002 0.000000 -0.000000 -1.937080
 83 -0.000000 -0.000001 5.000000 -0.079319 1.595025 -1.570742
time 12
  0 -0.650000 0.000000 33.899605 -0.025849 0.174554 -1.569172
  1 5.685103 0.833236 -32.227173 -0.174512 -0.026131 1.569196
  2 -2.276935 0.000003 -1.238188 -1.570795 -1.570451 0.000000
  3 1.797375 0.711813 0.000221 -0.068145 -0.010756 0.072866
  4 4.119085 -0.003237 0.000229 -0.070136 -0.031164 0.149747
  5 4.119086 -0.003236 0.000229 -0.070148 -0.035202 0.150058
  6 4.119664 -0.003094 0.000241 -0.073436 -0.016403 0.332373
  7 4.118500 -0.003485 -0.000620 0.177227 0.130624 -0.007061
  8 4.443600 0.000001 0.000000 0.176355 0.044484 -0.338457
  9 9.024065 -0.000001 0.000000 0.000000 0.000000 0.000000
 10 -0.225690 0.306413 1.691051 1.345281 -1.174602 1.791862
 11 6.384777 -0.000002 0.000001 -1.046244 -0.253338 -1.199001
 12 10.242683 0.000000 0.000000 -0.000000 0.000000 -1.194761
 13 11.375563 -0.000002 0.000002 -3.079013 0.455483 -0.173689
 14 0.728681 0.023430 -1.008291 2.038136 0.634975 1.094199
 15 2.136495 0.000000 0.000000 0.000000 -0.000000 0.287979
 16 2.313141 -0.000000 0.000001 0.000000 0.000000 0.000000
 17 3.115509 -0.886039 -0.021434 -0.428318 0.000355 0.462512
 18 2.011148 -0.000003 0.000004 -0.000000 -0.000000 0.930092
 19 2.141379 0.000000 -0.000001 0.000000 0.000000 0.000000
 20 1.734173 0.000000 0.000002 -0.000000 -0.000000 0.464590
 21 0.000004 -4.440593 -0.000002 1.570544 -0.062990 -0.195737
 22 6.000000 0.000000 0.000001 -2.741437 0.000000 -0.000000
 23 0.000002 -4.440602 0.000001 1.569944 -0.062987 0.004053
 24 11.375563 -0.000000 0.000005 -2.288204 0.279743 0.012426
 25 -0.000000 -4.440603 0.000002 1.570144 -0.062988 0.004040
 26 10.510130 0.000001 -0.000000 -0.000000 0.000000 -2.168177
 27 0.000000 -1.748400 4.999998 0.000000 0.004007 1.602290
 28 5.500000 -0.000001 0.000000 0.430661 0.000000 0.000000
 29 -0.000001 -1.940600 5.000001 -0.044472 0.004003 -0.000180
 30 6.551492 -0.000002 -0.000000 -0.800979 -0.081347 -0.783936
 31 -0.000000 -1.940600 5.000003 -0.027189 -0.053376 0.005295
 32 6.551492 -0.000002 -0.000000 -0.347178 0.044646 -0.338558
 33 0.000001 -1.940600 4.999996 -0.066572 -0.152786 -0.110311
 34 0.225693 -0.299332 -1.691051 2.904402 1.438921 -0.209796
 35 6.384776 -0.000000 0.000001 0.303566 0.758384 -1.512658
 36 10.242682 -0.000000 0.000000 -0.000000 -0.000000 -0.915534
 37 11.375562 0.000001 0.000000 2.984980 0.264152 0.713910
 38 0.728682 0.023431 1.008293 -1.539000 -0.370199 0.101110
 39 2.136498 -0.000001 -0.000000 -0.000000 0.000000 0.287979
 40 2.313140 0.000000 0.000000 0.000000 0.000000 3.141593
 41 3.115506 -0.886041 0.021431 0.495459 0.148146 0.639838
 42 2.011151 0.000000 0.000002 0.000000 -0.000000 2.038377
 43 2.141379 -0.000001 -0.000003 0.000000 0.000000 3.141593
 44 1.734173 -0.000000 0.000003 -0.000000 -0.000000 1.019987
 45 0.136315 -3.738193 2.525889 1.493698 2.759406 -1.474501
 46 5.031114 -0.189688 1.849663 -2.967941 -0.035742 1.570790
 47 11.389367 -0.000818 0.158783 2.245054 0.270308 0.302381
 48 0.000001 -4.440597 0.000001 1.570144 -3.078602 0.004040
 49 6.000000 0.000001 0.000001 2.245054 -0.000000 0.000000
 50 0.000001 -4.440600 0.000001 1.569944 -3.078603 0.004053
 51 10.510133 -0.000001 0.000001 0.000000 -0.000000 -2.028563
 52 -0.000000 -1.748400 -5.000000 3.141593 0.004007 -1.539299
 53 5.500000 -0.000001 -0.000000 -0.244222 0.000000 0.000000
 54 -0.000001 0.000000 -5.000000 -0.044472 3.137589 -0.000177
 55 6.551490 0.000003 -0.000000 0.244222 0.142922 -0.429796
 56 -1.266844 -1.937441 -4.950563 -0.066572 -2.988806 -0.110308
 57 6.551491 0.000002 -0.000000 0.244222 0.142922 -0.429796
 58 0.699370 -1.944206 -5.006850 -0.027189 -3.088217 0.005298
 59 4.226146 -0.003201 -0.000000 0.090044 0.070130 -0.007695
 60 -0.000002 5.000001 0.000000 -0.153564 0.000087 2.718702
 61 0.000004 -0.000004 -3.713580 0.365818 2.880119 -0.191589
 62 0.000002 -0.000000 5.000000 3.053196 1.558589 -0.074928
 63 -0.000007 0.000006 3.713580 -0.001619 -3.122277 -0.475127
 64 0.000002 -0.000000 -5.000000 -0.088726 1.558589 3.066335
 65 7.363602 1.646647 0.495663 3.141593 -1.570796 0.000000
 66 -0.000005 0.000007 3.619081 0.008255 -3.110080 -0.985231
 67 16.573919 0.000000 -0.000000 -0.000000 -0.000000 -1.065827
 68 15.128180 0.000001 0.000000 -0.102296 0.010178 0.114297
 69 5.758665 4.244730 0.000000 0.000000 0.000000 1.667687
 70 3.177726 0.000000 -0.000000 0.000000 0.000000 3.141593
 71 15.708951 0.000001 0.000000 -0.051525 0.003996 0.061523
 72 0.275148 0.189215 -3.445208 3.130898 0.000409 -1.514604
 73 17.210192 -0.000000 -0.000000 -0.000000 -0.000000 -1.893339
 74 0.000001 0.000000 -4.999999 -0.079433 1.546568 -1.570857
 75 0.000002 -0.000003 -3.619081 0.577895 2.675801 -0.242118
 76 16.573921 -0.000001 -0.000002 -0.000000 -0.000000 -1.163030
 77 15.128181 0.000001 0.000001 0.089479 0.309197 0.659208
 78 5.758666 4.244730 -0.000001 -0.000000 -0.000000 1.815142
 79 4.003934 -0.000000 0.000001 0.000000 0.000000 0.000000
 80 15.708954 0.000001 0.000002 0.042277 0.226871 0.443133
 81 0.273998 0.191089 3.439762 -3.130907 -0.000437 -1.508107
 82 17.210194 -0.000001 -0.000002 0.000000 -0.000000 -1.937080
 83 -0.000000 -0.000001 5.000000 -0.079319 1.595025 -1.570742
time 13
  0 -0.650000 0.000000 33.899605 -0.025849 0.174554 -1.569172
  1 5.685103 0.833236 -32.227173 -0.174512 -0.026131 1.569196
  2 -2.276935 0.000003 -1.238188 -1.570795 -1.570451 0.000000
  3 1.797378 0.711813 0.000221 -0.068138 -0.012471 0.073691
  4 4.119086 -0.003236 0.000229 -0.070133 -0.030623 0.149887
  5 4.119086 -0.003236 0.000230 -0.070144 -0.034308 0.150172
  6 4.119665 -0.003093 0.000241 -0.073431 -0.015861 0.332511
  7 4.118497 -0.003482 -0.000618 0.177227 0.130624 -0.007061
  8 4.443599 0.000002 0.000000 0.177038 0.044316 -0.339338
  9 9.024064 -0.000001 0.000000 0.000000 0.000000 0.000000
 10 -0.225688 0.306410 1.691051 1.345281 -1.174602 1.791861
 11 6.384776 -0.000001 -0.000001 -1.046991 -0.254755 -1.198166
 12 10.242682 -0.000002 0.000001 0.000000 0.000000 -1.198386
 13 11.375561 -0.000001 0.000001 -3.081855 0.456160 -0.166548
 14 0.728681 0.023430 -1.008292 2.038136 0.634975 1.094199
 15 2.136495 -0.000000 -0.000000 0.000000 -0.000000 0.287979
 16 2.313139 -0.000001 0.000000 0.000000 0.000000 0.000000
 17 3.115507 -0.886041 -0.021432 -0.428318 0.000355 0.462512
 18 2.011151 0.000001 0.000003 -0.000000 -0.000000 0.930092
 19 2.141382 0.000000 -0.000002 0.000000 0.000000 0.000000
 20 1.734174 0.000002 0.000002 0.000000 -0.000000 0.464590
 21 0.000008 -4.440593 -0.000000 1.570544 -0.062990 -0.195737
 22 6.000000 -0.000000 -0.000000 -2.743984 -0.000000 -0.000000
 23 -0.000001 -4.440601 0.000000 1.569944 -0.062987 0.004053
 24 11.375561 0.000001 0.000003 -2.289896 0.278633 0.016668
 25 -0.000002 -4.440604 0.000001 1.570144 -0.062988 0.004040
 26 10.510131 0.000000 0.000000 0.000000 -0.000000 -2.169989
 27 0.000001 -1.748400 4.999999 0.000000 0.004007 1.602291
 28 5.500000 0.000000 0.000001 0.431123 0.000000 0.000000
 29 -0.000002 -1.940598 5.000000 -0.044472 0.004003 -0.000180
 30 6.551490 0.000001 -0.000000 -0.801856 -0.082282 -0.783718
 31 0.000001 -1.940598 5.000000 -0.027189 -0.053376 0.005295
 32 6.551490 0.000001 -0.000000 -0.347537 0.044333 -0.338465
 33 -0.000001 -1.940599 4.999996 -0.066572 -0.152786 -0.110311
 34 0.225693 -0.299332 -1.691051 2.904402 1.438921 -0.209795
 35 6.384776 -0.000001 -0.000001 0.304365 0.761369 -1.513108
 36 10.242682 -0.000001 -0.000001 0.000000 0.000000 -0.915459
 37 11.375562 0.000000 -0.000004 2.985272 0.257169 0.715044
 38 0.728682 0.023431 1.008289 -1.539000 -0.370199 0.101110
 39 2.136497 -0.000001 0.000000 -0.000000 0.000000 0.287979
 40 2.313138 -0.000000 -0.000000 0.000000 0.000000 3.141593
 41 3.115508 -0.886041 0.021428 0.495459 0.148146 0.639838
 42 2.011150 -0.000001 -0.000001 0.000000 0.000000 2.038377
 43 2.141380 0.000001 -0.000001 0.000000 0.000000 3.141593
 44 1.734172 -0.000001 0.000001 0.000000 0.000000 1.019987
 45 0.136315 -3.738192 2.525892 1.493698 2.759406 -1.474501
 46 5.031115 -0.189687 1.849660 -2.967941 -0.035742 1.570790
 47 11.389366 -0.000820 0.158779 2.246202 0.267175 0.304603
 48 0.000002 -4.440601 -0.000001 1.570144 -3.078602 0.004040
 49 6.000000 0.000000 -0.000003 2.246202 0.000000 -0.000000
 50 0.000002 -4.440604 0.000001 1.569944 -3.078603 0.004053
 51 10.510131 -0.000000 0.000001 0.000000 0.000000 -2.028526
 52 -0.000000 -1.748400 -5.000001 3.141593 0.004007 -1.539299
 53 5.500000 -0.000000 0.000001 -0.244695 -0.000000 0.000000
 54 0.000000 0.000001 -5.000000 -0.044472 3.137589 -0.000177
 55 6.551490 -0.000000 -0.000001 0.244695 0.143406 -0.429692
 56 -1.266844 -1.937442 -4.950560 -0.066572 -2.988806 -0.110308
 57 6.551491 -0.000001 -0.000001 0.244695 0.143406 -0.429692
 58 0.699370 -1.944207 -5.006849 -0.027189 -3.088217 0.005298
 59 4.226146 -0.003201 0.000000 0.090044 0.070130 -0.007695
 60 -0.000002 5.000000 -0.000000 -0.153564 0.000087 2.718702
 61 0.000004 -0.000004 -3.713580 0.365818 2.880119 -0.191589
 62 0.000002 -0.000000 5.000000 3.053196 1.558589 -0.074928
 63 -0.000007 0.000006 3.713580 -0.001619 -3.122277 -0.475127
 64 0.000002 -0.000000 -5.000000 -0.088726 1.558589 3.066335
 65 7.363602 1.646647 0.495663 3.141593 -1.570796 0.000000
 66 -0.000005 0.000007 3.619081 0.008255 -3.110080 -0.985231
 67 16.573919 0.000000 -0.000000 -0.000000 -0.000000 -1.065827
 68 15.128180 0.000001 0.000000 -0.102296 0.010178 0.114297
 69 5.758665 4.244730 0.000000 0.000000 0.000000 1.667687
 70 3.177726 0.000000 -0.000000 0.000000 0.000000 3.141593
 71 15.708951 0.000001 0.000000 -0.051525 0.003996 0.061523
 72 0.275148 0.189215 -3.445208 3.130898 0.000409 -1.514604
 73 17.210192 -0.000000 -0.000000 -0.000000 -0.000000 -1.893339
 74 0.000001 0.000000 -4.999999 -0.079433 1.546568 -1.570857
 75 0.000002 -0.000003 -3.619081 0.577895 2.675801 -0.242118
 76 16.573921 -0.000001 -0.000002 -0.000000 -0.000000 -1.163030
 77 15.128181 0.000001 0.000001 0.089479 0.309197 0.659208
 78 5.758666 4.244730 -0.000001 -0.000000 -0.000000 1.815142
 79 4.003934 -0.000000 0.000001 0.000000 0.000000 0.000000
 80 15.708954 0.000001 0.000002 0.042277 0.226871 0.443133
 81 0.273998 0.191089 3.439762 -3.130907 -0.000437 -1.508107
 82 17.210194 -0.000001 -0.000002 0.000000 -0.000000 -1.937080
 83 -0.000000 -0.000001 5.000000 -0.079319 1.595025 -1.570742
time 14
  0 -0.650000 0.000000 33.899605 -0.025849 0.174554 -1.569172
  1 5.685103 0.833236 -32.227173 -0.174512 -0.026131 1.569196
  2 -2.276935 0.000003 -1.238188 -1.570795 -1.570451 0.000000
  3 1.797382 0.711813 0.000221 -0.068132 -0.014652 0.074741
  4 4.119084 -0.003236 0.000230 -0.070129 -0.029935 0.150063
  5 4.119090 -0.003237 0.000229 -0.070139 -0.033172 0.150317
  6 4.119669 -0.003094 0.000240 -0.073424 -0.015172 0.332685
  7 4.118496 -0.003483 -0.000619 0.177227 0.130624 -0.007061
  8 4.443599 -0.000000 0.000000 0.177908 0.044103 -0.340457
  9 9.024063 -0.000001 0.000000 0.000000 0.000000 0.000000
 10 -0.225689 0.306411 1.691051 1.345281 -1.174602 1.791861
 11 6.384776 -0.000002 0.000001 -1.047943 -0.256571 -1.197110
 12 10.242681 -0.000001 0.000001 -0.000000 0.000000 -1.202993
 13 11.375559 -0.000001 0.000000 -3.085455 0.457034 -0.157444
 14 0.728680 0.023429 -1.008292 2.038136 0.634975 1.094199
 15 2.136493 -0.000001 0.000001 -0.000000 -0.000000 0.287979
 16 2.313142 0.000001 0.000000 0.000000 0.000000 0.000000
 17 3.115507 -0.886039 -0.021433 -0.428318 0.000355 0.462512
 18 2.011151 0.000001 0.000000 -0.000000 -0.000000 0.930092
 19 2.141381 -0.000000 0.000001 0.000000 0.000000 0.000000
 20 1.734173 0.000002 0.000001 0.000000 -0.000000 0.464590
 21 0.000007 -4.440593 0.000002 1.570544 -0.062990 -0.195737
 22 5.999998 0.000002 -0.000000 -2.747222 0.000000 -0.000000
 23 -0.000001 -4.440600 0.000001 1.569944 -0.062987 0.004053
 24 11.375561 0.000001 0.000004 -2.292045 0.277200 0.022093
 25 0.000001 -4.440603 -0.000001 1.570144 -0.062988 0.004040
 26 10.510131 0.000002 -0.000000 0.000000 -0.000000 -2.172293
 27 0.000002 -1.748400 5.000001 0.000000 0.004007 1.602291
 28 5.500000 0.000002 -0.000000 0.431711 -0.000000 0.000000
 29 -0.000003 -1.940599 5.000000 -0.044472 0.004003 -0.000180
 30 6.551491 -0.000002 0.000001 -0.802974 -0.083480 -0.783450
 31 0.000001 -1.940600 5.000001 -0.027189 -0.053376 0.005295
 32 6.551491 -0.000002 0.000001 -0.347994 0.043932 -0.338349
 33 -0.000001 -1.940599 4.999997 -0.066572 -0.152786 -0.110311
 34 0.225691 -0.299331 -1.691051 2.904402 1.438921 -0.209795
 35 6.384776 0.000002 -0.000002 0.305382 0.765163 -1.513682
 36 10.242682 0.000000 -0.000000 -0.000000 -0.000000 -0.915365
 37 11.375561 0.000001 -0.000000 2.985631 0.248289 0.716481
 38 0.728682 0.023431 1.008294 -1.539000 -0.370199 0.101110
 39 2.136496 0.000001 -0.000000 -0.000000 0.000000 0.287979
 40 2.313138 0.000001 -0.000000 0.000000 0.000000 3.141593
 41 3.115507 -0.886041 0.021430 0.495459 0.148146 0.639838
 42 2.011149 0.000000 -0.000002 -0.000000 0.000000 2.038377
 43 2.141378 -0.000000 0.000002 0.000000 0.000000 3.141593
 44 1.734172 -0.000001 -0.000001 0.000000 0.000000 1.019987
 45 0.136315 -3.738192 2.525889 1.493698 2.759406 -1.474501
 46 5.031115 -0.189688 1.849662 -2.967941 -0.035742 1.570790
 47 11.389367 -0.000818 0.158780 2.247642 0.263181 0.307417
 48 -0.000001 -4.440599 -0.000002 1.570144 -3.078602 0.004040
 49 6.000000 0.000001 -0.000001 2.247642 0.000000 0.000000
 50 0.000002 -4.440600 -0.000000 1.569944 -3.078603 0.004053
 51 10.510131 0.000000 0.000001 0.000000 0.000000 -2.028479
 52 0.000001 -1.748400 -5.000000 3.141593 0.004007 -1.539299
 53 5.500000 0.000000 -0.000001 -0.245294 -0.000000 -0.000000
 54 -0.000000 -0.000000 -5.000002 -0.044472 3.137589 -0.000177
 55 6.551491 0.000002 -0.000001 0.245294 0.144018 -0.429555
 56 -1.266844 -1.937442 -4.950562 -0.066572 -2.988806 -0.110308
 57 6.551491 0.000002 -0.000001 0.245294 0.144018 -0.429555
 58 0.699370 -1.944207 -5.006848 -0.027189 -3.088217 0.005298
 59 4.226146 -0.003202 -0.000001 0.090044 0.070130 -0.007695
 60 -0.000002 5.000002 0.000000 -0.153564 0.000087 2.718702
 61 0.000004 -0.000004 -3.713580 0.365818 2.880119 -0.191589
 62 0.000002 -0.000000 5.000000 3.053196 1.558589 -0.074928
 63 -0.000007 0.000006 3.713580 -0.001619 -3.122277 -0.475127
 64 0.000002 -0.000000 -5.000000 -0.088726 1.558589 3.066335
 65 7.363602 1.646647 0.495663 3.141593 -1.570796 0.000000
 66 -0.000005 0.000007 3.619081 0.008255 -3.110080 -0.985231
 67 16.573919 0.000000 -0.000000 -0.000000 -0.000000 -1.065827
 68 15.128180 0.000001 0.000000 -0.102296 0.010178 0.114297
 69 5.758665 4.244730 0.000000 0.000000 0.000000 1.667687
 70 3.177726 0.000000 -0.000000 0.000000 0.000000 3.141593
 71 15.708951 0.000001 0.000000 -0.051525 0.003996 0.061523
 72 0.275148 0.189215 -3.445208 3.130898 0.000409 -1.514604
 73 17.210192 -0.000000 -0.000000 -0.000000 -0.000000 -1.893339
 74 0.000001 0.000000 -4.999999 -0.079433 1.546568 -1.570857
 75 0.000002 -0.000003 -3.619081 0.577895 2.675801 -0.242118
 76 16.573921 -0.000001 -0.000002 -0.000000 -0.000000 -1.163030
 77 15.128181 0.000001 0.000001 0.089479 0.309197 0.659208
 78 5.758666 4.244730 -0.000001 -0.000000 -0.000000 1.815142
 79 4.003934 -0.000000 0.000001 0.000000 0.000000 0.000000
 80 15.708954 0.000001 0.000002 0.042277 0.226871 0.443133
 81 0.273998 0.191089 3.439762 -3.130907 -0.000437 -1.508107
 82 17.210194 -0.000001 -0.000002 0.000000 -0.000000 -1.937080
 83 -0.000000 -0.000001 5.000000 -0.079319 1.595025 -1.570742
time 15
  0 -0.650000 0.000000 33.899605 -0.025849 0.174554 -1.569172
  1 5.685103 0.833236 -32.227173 -0.174512 -0.026131 1.569196
  2 -2.276935 0.000003 -1.238188 -1.570795 -1.570451 0.000000
  3 1.797386 0.711813 0.000221 -0.068127 -0.017171 0.075953
  4 4.119087 -0.003236 0.000229 -0.070124 -0.029140 0.150268
  5 4.119083 -0.003235 0.000230 -0.070133 -0.031859 0.150485
  6 4.119669 -0.003093 0.000240 -0.073416 -0.014377 0.332887
  7 4.118497 -0.003483 -0.000619 0.177227 0.130624 -0.007061
  8 4.443597 -0.000001 0.000000 0.178918 0.043858 -0.341747
  9 9.024063 -0.000001 0.000000 0.000000 0.000000 0.000000
 10 -0.225692 0.306410 1.691051 1.345281 -1.174602 1.791861
 11 6.384776 -0.000000 0.000001 -1.049046 -0.258690 -1.195901
 12 10.242681 0.000001 0.000000 0.000000 0.000000 -1.208310
 13 11.375561 -0.000000 0.000000 -3.089596 0.458059 -0.146893
 14 0.728680 0.023430 -1.008291 2.038136 0.634975 1.094199
 15 2.136497 -0.000001 0.000001 0.000000 -0.000000 0.287979
 16 2.313141 0.000000 0.000000 0.000000 0.000000 0.000000
 17 3.115506 -0.886040 -0.021429 -0.428318 0.000355 0.462512
 18 2.011151 0.000001 -0.000002 -0.000000 -0.000000 0.930092
 19 2.141380 0.000000 0.000003 0.000000 0.000000 0.000000
 20 1.734171 0.000001 -0.000001 -0.000000 0.000000 0.464590
 21 0.000004 -4.440594 0.000000 1.570544 -0.062990 -0.195737
 22 5.999999 -0.000001 0.000000 -2.750965 -0.000000 -0.000000
 23 0.000001 -4.440600 -0.000000 1.569944 -0.062987 0.004053
 24 11.375561 0.000001 0.000004 -2.294528 0.275514 0.028404
 25 0.000000 -4.440604 -0.000000 1.570144 -0.062988 0.004040
 26 10.510130 0.000004 -0.000002 0.000000 -0.000000 -2.174951
 27 0.000003 -1.748400 5.000000 0.000000 0.004007 1.602291
 28 5.499999 0.000001 0.000000 0.432392 0.000000 0.000000
 29 -0.000001 -1.940599 4.999999 -0.044472 0.004003 -0.000180
 30 6.551491 -0.000001 -0.000000 -0.804273 -0.084881 -0.783153
 31 -0.000001 -1.940598 5.000004 -0.027189 -0.053376 0.005295
 32 6.551491 -0.000001 -0.000000 -0.348522 0.043465 -0.338220
 33 -0.000000 -1.940599 4.999996 -0.066572 -0.152786 -0.110311
 34 0.225691 -0.299334 -1.691051 2.904402 1.438921 -0.209795
 35 6.384776 -0.000003 -0.000001 0.306556 0.769545 -1.514349
 36 10.242682 -0.000001 0.000001 -0.000000 -0.000000 -0.915256
 37 11.375562 0.000001 -0.000000 2.986029 0.238029 0.718132
 38 0.728680 0.023431 1.008294 -1.539000 -0.370199 0.101110
 39 2.136497 -0.000001 -0.000000 -0.000000 0.000000 0.287979
 40 2.313138 0.000003 -0.000000 0.000000 0.000000 3.141593
 41 3.115508 -0.886041 0.021434 0.495459 0.148146 0.639838
 42 2.011151 -0.000001 -0.000003 0.000000 0.000000 2.038377
 43 2.141379 0.000000 0.000001 0.000000 0.000000 3.141593
 44 1.734173 -0.000002 -0.000002 -0.000000 -0.000000 1.019987
 45 0.136315 -3.738192 2.525892 1.493698 2.759406 -1.474501
 46 5.031113 -0.189688 1.849663 -2.967941 -0.035742 1.570790
 47 11.389366 -0.000818 0.158782 2.249280 0.258552 0.310651
 48 0.000001 -4.440599 0.000001 1.570144 -3.078602 0.004040
 49 5.999999 0.000001 0.000002 2.249280 -0.000000 0.000000
 50 0.000002 -4.440601 -0.000001 1.569944 -3.078603 0.004053
 51 10.510131 -0.000000 0.000003 -0.000000 0.000000 -2.028424
 52 0.000000 -1.748400 -5.000002 3.141593 0.004007 -1.539299
 53 5.499999 0.000000 0.000002 -0.245978 -0.000000 0.000000
 54 -0.000000 0.000001 -4.999999 -0.044472 3.137589 -0.000177
 55 6.551491 -0.000001 -0.000002 0.245978 0.144721 -0.429390
 56 -1.266844 -1.937443 -4.950559 -0.066572 -2.988806 -0.110308
 57 6.551492 -0.000001 -0.000002 0.245978 0.144721 -0.429390
 58 0.699371 -1.944209 -5.006845 -0.027189 -3.088217 0.005298
 59 4.226145 -0.003201 -0.000000 0.090044 0.070130 -0.007695
 60 0.000002 5.000001 -0.000000 -0.153564 0.000087 2.718702
 61 0.000004 -0.000004 -3.713580 0.365818 2.880119 -0.191589
 62 0.000002 -0.000000 5.000000 3.053196 1.558589 -0.074928
 63 -0.000007 0.000006 3.713580 -0.001619 -3.122277 -0.475127
 64 0.000002 -0.000000 -5.000000 -0.088726 1.558589 3.066335
 65 7.363602 1.646647 0.495663 3.141593 -1.570796 0.000000
 66 -0.000005 0.000007 3.619081 0.008255 -3.110080 -0.985231
 67 16.573919 0.000000 -0.000000 -0.000000 -0.000000 -1.065827
 68 15.128180 0.000001 0.000000 -0.102296 0.010178 0.114297
 69 5.758665 4.244730 0.000000 0.000000 0.000000 1.667687
 70 3.177726 0.000000 -0.000000 0.000000 0.000000 3.141593
 71 15.708951 0.000001 0.000000 -0.051525 0.003996 0.061523
 72 0.275148 0.189215 -3.445208 3.130898 0.000409 -1.514604
 73 17.210192 -0.000000 -0.000000 -0.000000 -0.000000 -1.893339
 74 0.000001 0.000000 -4.999999 -0.079433 1.546568 -1.570857
 75 0.000002 -0.000003 -3.619081 0.577895 2.675801 -0.242118
 76 16.573921 -0.000001 -0.000002 -0.000000 -0.000000 -1.163030
 77 15.128181 0.000001 0.000001 0.089479 0.309197 0.659208
 78 5.758666 4.244730 -0.000001 -0.000000 -0.000000 1.815142
 79 4.003934 -0.000000 0.000001 0.000000 0.000000 0.000000
 80 15.708954 0.000001 0.000002 0.042277 0.226871 0.443133
 81 0.273998 0.191089 3.439762 -3.130907 -0.000437 -1.508107
 82 17.210194 -0.000001 -0.000002 0.000000 -0.000000 -1.937080
 83 -0.000000 -0.000001 5.000000 -0.079319 1.595025 -1.570742
time 16
  0 -0.650000 0.000000 33.899605 -0.025849 0.174554 -1.569172
  1 5.685103 0.833236 -32.227173 -0.174512 -0.026131 1.569196
  2 -2.276935 0.000003 -1.238188 -1.570795 -1.570451 0.000000
  3 1.797390 0.711813 0.000221 -0.068125 -0.019902 0.077268
  4 4.119085 -0.003235 0.000230 -0.070119 -0.028278 0.150489
  5 4.119088 -0.003236 0.000230 -0.070126 -0.030436 0.150667
  6 4.119671 -0.003096 0.000240 -0.073408 -0.013514 0.333105
  7 4.118495 -0.003481 -0.000618 0.177227 0.130624 -0.007061
  8 4.443599 -0.000001 -0.000000 0.180018 0.043594 -0.343144
  9 9.024064 -0.000002 0.000000 0.000000 0.000000 0.000000
 10 -0.225690 0.306410 1.691051 1.345281 -1.174602 1.791861
 11 6.384776 -0.000001 0.000002 -1.050245 -0.261012 -1.194604
 12 10.242683 0.000001 0.000001 -0.000000 0.000000 -1.214064
 13 11.375560 -0.000001 -0.000000 -3.094062 0.459191 -0.135418
 14 0.728681 0.023430 -1.008291 2.038136 0.634975 1.094199
 15 2.136497 0.000000 -0.000000 0.000000 -0.000000 0.287979
 16 2.313136 0.000000 0.000000 0.000000 0.000000 0.000000
 17 3.115508 -0.886039 -0.021432 -0.428318 0.000355 0.462512
 18 2.011153 0.000001 -0.000002 -0.000000 -0.000000 0.930092
 19 2.141381 -0.000000 -0.000002 0.000000 0.000000 0.000000
 20 1.734174 0.000002 -0.000002 0.000000 -0.000000 0.464590
 21 0.000005 -4.440594 -0.000001 1.570544 -0.062990 -0.195737
 22 6.000000 0.000000 0.000000 -2.755024 -0.000000 0.000000
 23 -0.000000 -4.440600 0.000000 1.569944 -0.062987 0.004053
 24 11.375560 0.000000 0.000003 -2.297216 0.273649 0.035294
 25 -0.000000 -4.440603 0.000001 1.570144 -0.062988 0.004040
 26 10.510132 0.000000 0.000001 -0.000000 0.000000 -2.177829
 27 0.000001 -1.748400 4.999999 -0.000000 0.004007 1.602290
 28 5.500000 0.000001 0.000000 0.433132 0.000000 0.000000
 29 -0.000002 -1.940600 5.000000 -0.044472 0.004003 -0.000180
 30 6.551490 -0.000001 0.000001 -0.805688 -0.086418 -0.782847
 31 -0.000001 -1.940598 5.000001 -0.027189 -0.053376 0.005295
 32 6.551490 -0.000001 0.000001 -0.349095 0.042953 -0.338086
 33 0.000001 -1.940599 4.999996 -0.066572 -0.152786 -0.110311
 34 0.225693 -0.299335 -1.691051 2.904402 1.438921 -0.209795
 35 6.384776 -0.000001 0.000002 0.307829 0.774292 -1.515077
 36 10.242681 -0.000000 -0.000003 -0.000000 -0.000000 -0.915137
 37 11.375561 0.000002 0.000003 2.986439 0.226906 0.719913
 38 0.728681 0.023431 1.008292 -1.539000 -0.370199 0.101110
 39 2.136494 -0.000002 0.000000 -0.000000 0.000000 0.287979
 40 2.313138 0.000000 -0.000000 0.000000 0.000000 3.141593
 41 3.115507 -0.886041 0.021433 0.495459 0.148146 0.639838
 42 2.011152 -0.000001 0.000002 0.000000 0.000000 2.038377
 43 2.141380 0.000001 -0.000002 0.000000 0.000000 3.141593
 44 1.734173 -0.000002 0.000000 -0.000000 -0.000000 1.019987
 45 0.136315 -3.738194 2.525892 1.493698 2.759406 -1.474501
 46 5.031114 -0.189688 1.849664 -2.967941 -0.035742 1.570790
 47 11.389367 -0.000818 0.158780 2.251024 0.253516 0.314138
 48 -0.000000 -4.440599 0.000002 1.570144 -3.078602 0.004040
 49 6.000000 0.000001 0.000000 2.251024 0.000000 0.000000
 50 0.000002 -4.440599 0.000001 1.569944 -3.078603 0.004053
 51 10.510132 -0.000000 0.000001 -0.000000 0.000000 -2.028365
 52 0.000000 -1.748400 -5.000001 3.141593 0.004007 -1.539299
 53 5.500000 -0.000001 -0.000003 -0.246713 0.000000 -0.000000
 54 0.000000 -0.000000 -4.999999 -0.044472 3.137589 -0.000177
 55 6.551491 -0.000001 0.000003 0.246713 0.145479 -0.429204
 56 -1.266844 -1.937444 -4.950561 -0.066572 -2.988806 -0.110308
 57 6.551492 0.000001 0.000001 0.246713 0.145479 -0.429204
 58 0.699370 -1.944208 -5.006846 -0.027189 -3.088217 0.005298
 59 4.226144 -0.003202 0.000000 0.090044 0.070130 -0.007695
 60 -0.000002 5.000000 -0.000000 -0.153564 0.000087 2.718702
 61 0.000004 -0.000004 -3.713580 0.365818 2.880119 -0.191589
 62 0.000002 -0.000000 5.000000 3.053196 1.558589 -0.074928
 63 -0.000007 0.000006 3.713580 -0.001619 -3.122277 -0.475127
 64 0.000002 -0.000000 -5.000000 -0.088726 1.558589 3.066335
 65 7.363602 1.646647 0.495663 3.141593 -1.570796 0.000000
 66 -0.000005 0.000007 3.619081 0.008255 -3.110080 -0.985231
 67 16.573919 0.000000 -0.000000 -0.000000 -0.000000 -1.065827
 68 15.128180 0.000001 0.000000 -0.102296 0.010178 0.114297
 69 5.758665 4.244730 0.000000 0.000000 0.000000 1.667687
 70 3.177726 0.000000 -0.000000 0.000000 0.000000 3.141593
 71 15.708951 0.000001 0.000000 -0.051525 0.003996 0.061523
 72 0.275148 0.189215 -3.445208 3.130898 0.000409 -1.514604
 73 17.210192 -0.000000 -0.000000 -0.000000 -0.000000 -1.893339
 74 0.000001 0.000000 -4.999999 -0.079433 1.546568 -1.570857
 75 0.000002 -0.000003 -3.619081 0.577895 2.675801 -0.242118
 76 16.573921 -0.000001 -0.000002 -0.000000 -0.000000 -1.163030
 77 15.128181 0.000001 0.000001 0.089479 0.309197 0.659208
 78 5.758666 4.244730 -0.000001 -0.000000 -0.000000 1.815142
 79 4.003934 -0.000000 0.000001 0.000000 0.000000 0.000000
 80 15.708954 0.000001 0.000002 0.042277 0.226871 0.443133
 81 0.273998 0.191089 3.439762 -3.130907 -0.000437 -1.508107
 82 17.210194 -0.000001 -0.000002 0.000000 -0.000000 -1.937080
 83 -0.000000 -0.000001 5.000000 -0.079319 1.595025 -1.570742
time 17
  0 -0.650000 0.000000 33.899605 -0.025849 0.174554 -1.569172
  1 5.685103 0.833236 -32.227173 -0.174512 -0.026131 1.569196
  2 -2.276935 0.000003 -1.238188 -1.570795 -1.570451 0.000000
  3 1.797394 0.711813 0.000221 -0.068128 -0.022718 0.078623
  4 4.119088 -0.003235 0.000230 -0.070113 -0.027389 0.150718
  5 4.119087 -0.003235 0.000230 -0.070118 -0.028968 0.150855
  6 4.119674 -0.003093 0.000240 -0.073399 -0.012625 0.333331
  7 4.118496 -0.003482 -0.000618 0.177227 0.130624 -0.007061
  8 4.443599 -0.000003 -0.000000 0.181157 0.043323 -0.344582
  9 9.024063 -0.000002 0.000000 0.000000 0.000000 0.000000
 10 -0.225690 0.306409 1.691051 1.345281 -1.174602 1.791862
 11 6.384776 -0.000001 0.000003 -1.051486 -0.263433 -1.193280
 12 10.242681 -0.000000 0.000001 -0.000000 -0.000000 -1.219988
 13 11.375561 0.000000 0.000000 -3.098643 0.460380 -0.123546
 14 0.728681 0.023433 -1.008295 2.038136 0.634975 1.094199
 15 2.136498 -0.000000 -0.000000 0.000000 -0.000000 0.287979
 16 2.313140 -0.000000 -0.000000 0.000000 0.000000 0.000000
 17 3.115506 -0.886041 -0.021434 -0.428318 0.000355 0.462512
 18 2.011150 0.000001 -0.000002 -0.000000 -0.000000 0.930092
 19 2.141381 0.000001 -0.000001 0.000000 0.000000 0.000000
 20 1.734169 0.000000 0.000001 0.000000 -0.000000 0.464590
 21 0.000005 -4.440594 -0.000002 1.570544 -0.062990 -0.195737
 22 5.999999 0.000001 -0.000000 -2.759212 -0.000000 -0.000000
 23 0.000003 -4.440599 -0.000001 1.569944 -0.062987 0.004053
 24 11.375559 0.000000 0.000003 -2.299986 0.271687 0.042451
 25 -0.000001 -4.440602 0.000001 1.570144 -0.062988 0.004040
 26 10.510132 0.000002 -0.000000 0.000000 -0.000000 -2.180790
 27 -0.000000 -1.748401 4.999999 0.000000 0.004007 1.602290
 28 5.500000 0.000001 0.000000 0.433898 0.000000 -0.000000
 29 -0.000000 -1.940599 5.000001 -0.044472 0.004003 -0.000180
 30 6.551490 0.000000 0.000003 -0.807155 -0.088023 -0.782547
 31 -0.000001 -1.940599 5.000001 -0.027189 -0.053376 0.005295
 32 6.551490 0.000000 0.000003 -0.349687 0.042421 -0.337954
 33 0.000000 -1.940599 4.999996 -0.066572 -0.152786 -0.110311
 34 0.225693 -0.299336 -1.691051 2.904403 1.438921 -0.209795
 35 6.384776 0.000001 0.000000 0.309141 0.779183 -1.515831
 36 10.242681 -0.000000 -0.000004 0.000000 0.000000 -0.915015
 37 11.375561 0.000000 -0.000000 2.986840 0.215437 0.721740
 38 0.728681 0.023431 1.008292 -1.539000 -0.370199 0.101110
 39 2.136498 -0.000005 -0.000000 -0.000000 0.000000 0.287979
 40 2.313140 -0.000000 -0.000000 0.000000 0.000000 3.141593
 41 3.115507 -0.886041 0.021432 0.495459 0.148146 0.639838
 42 2.011150 0.000000 0.000002 0.000000 0.000000 2.038377
 43 2.141379 -0.000001 -0.000001 0.000000 0.000000 3.141593
 44 1.734172 -0.000001 0.000002 0.000000 0.000000 1.019987
 45 0.136315 -3.738193 2.525890 1.493698 2.759406 -1.474501
 46 5.031114 -0.189688 1.849662 -2.967941 -0.035742 1.570790
 47 11.389365 -0.000819 0.158779 2.252787 0.248306 0.317711
 48 0.000003 -4.440598 0.000001 1.570144 -3.078602 0.004040
 49 6.000000 0.000001 -0.000001 2.252787 0.000000 0.000000
 50 0.000002 -4.440600 0.000001 1.569944 -3.078603 0.004053
 51 10.510132 0.000000 -0.000002 -0.000000 0.000000 -2.028304
 52 0.000000 -1.748399 -5.000001 3.141593 0.004007 -1.539299
 53 5.500000 -0.000001 -0.000004 -0.247463 -0.000000 0.000000
 54 0.000000 0.000000 -5.000003 -0.044472 3.137589 -0.000177
 55 6.551490 0.000003 0.000000 0.247463 0.146253 -0.429003
 56 -1.266844 -1.937443 -4.950561 -0.066572 -2.988806 -0.110308
 57 6.551491 0.000002 0.000000 0.247463 0.146253 -0.429003
 58 0.699370 -1.944207 -5.006847 -0.027189 -3.088217 0.005298
 59 4.226145 -0.003201 0.000000 0.090044 0.070130 -0.007695
 60 -0.000001 5.000002 -0.000000 -0.153564 0.000087 2.718702
 61 0.000004 -0.000004 -3.713580 0.365818 2.880119 -0.191589
 62 0.000002 -0.000000 5.000000 3.053196 1.558589 -0.074928
 63 -0.000007 0.000006 3.713580 -0.001619 -3.122277 -0.475127
 64 0.000002 -0.000000 -5.000000 -0.088726 1.558589 3.066335
 65 7.363602 1.646647 0.495663 3.141593 -1.570796 0.000000
 66 -0.000005 0.000007 3.619081 0.008255 -3.110080 -0.985231
 67 16.573919 0.000000 -0.000000 -0.000000 -0.000000 -1.065827
 68 15.128180 0.000001 0.000000 -0.102296 0.010178 0.114297
 69 5.758665 4.244730 0.000000 0.000000 0.000000 1.667687
 70 3.177726 0.000000 -0.000000 0.000000 0.000000 3.141593
 71 15.708951 0.000001 0.000000 -0.051525 0.003996 0.061523
 72 0.275148 0.189215 -3.445208 3.130898 0.000409 -1.514604
 73 17.210192 -0.000000 -0.000000 -0.000000 -0.000000 -1.893339
 74 0.000001 0.000000 -4.999999 -0.079433 1.546568 -1.570857
 75 0.000002 -0.000003 -3.619081 0.577895 2.675801 -0.242118
 76 16.573921 -0.000001 -0.000002 -0.000000 -0.000000 -1.163030
 77 15.128181 0.000001 0.000001 0.089479 0.309197 0.659208
 78 5.758666 4.244730 -0.000001 -0.000000 -0.000000 1.815142
 79 4.003934 -0.000000 0.000001 0.000000 0.000000 0.000000
 80 15.708954 0.000001 0.000002 0.042277 0.226871 0.443133
 81 0.273998 0.191089 3.439762 -3.130907 -0.000437 -1.508107
 82 17.210194 -0.000001 -0.000002 0.000000 -0.000000 -1.937080
 83 -0.000000 -0.000001 5.000000 -0.079319 1.595025 -1.570742
time 18
  0 -0.650000 0.000000 33.899605 -0.025849 0.174554 -1.569172
  1 5.685103 0.833236 -32.227173 -0.174512 -0.026131 1.569196
  2 -2.276935 0.000003 -1.238188 -1.570795 -1.570451 0.000000
  3 1.797398 0.711814 0.000221 -0.068133 -0.025491 0.079958
  4 4.119089 -0.003235 0.000230 -0.070107 -0.026514 0.150942
  5 4.119089 -0.003236 0.000229 -0.070111 -0.027523 0.151040
  6 4.119668 -0.003092 0.000241 -0.073390 -0.011749 0.333553
  7 4.118498 -0.003485 -0.000619 0.177227 0.130624 -0.007061
  8 4.443601 -0.000002 0.000000 0.182284 0.043058 -0.345995
  9 9.024064 -0.000001 0.000000 0.000000 0.000000 0.000000
 10 -0.225689 0.306410 1.691051 1.345281 -1.174602 1.791861
 11 6.384776 0.000000 -0.000000 -1.052713 -0.265846 -1.191989
 12 10.242682 -0.000000 0.000001 0.000000 -0.000000 -1.225813
 13 11.375561 0.000001 0.000001 -3.103130 0.461571 -0.111811
 14 0.728682 0.023431 -1.008293 2.038136 0.634975 1.094199
 15 2.136500 -0.000000 0.000002 0.000000 -0.000000 0.287979
 16 2.313137 0.000000 -0.000001 0.000000 0.000000 0.000000
 17 3.115506 -0.886041 -0.021431 -0.428318 0.000355 0.462512
 18 2.011152 -0.000000 -0.000003 -0.000000 0.000000 0.930092
 19 2.141381 -0.000000 0.000002 0.000000 0.000000 0.000000
 20 1.734174 0.000001 -0.000002 -0.000000 -0.000000 0.464590
 21 0.000004 -4.440594 0.000002 1.570544 -0.062990 -0.195737
 22 5.999998 0.000002 -0.000000 -2.763340 -0.000000 0.000000
 23 0.000002 -4.440601 0.000000 1.569944 -0.062987 0.004053
 24 11.375559 0.000001 0.000003 -2.302711 0.269716 0.049550
 25 -0.000001 -4.440603 -0.000003 1.570144 -0.062988 0.004040
 26 10.510131 0.000000 0.000000 -0.000000 0.000000 -2.183703
 27 0.000002 -1.748400 4.999999 -0.000000 0.004007 1.602290
 28 5.500000 -0.000001 0.000001 0.434654 -0.000000 -0.000000
 29 -0.000002 -1.940598 5.000000 -0.044472 0.004003 -0.000180
 30 6.551491 -0.000001 -0.000003 -0.808608 -0.089625 -0.782269
 31 -0.000001 -1.940600 5.000000 -0.027189 -0.053376 0.005295
 32 6.551491 -0.000001 -0.000003 -0.350271 0.041890 -0.337829
 33 -0.000000 -1.940598 4.999998 -0.066572 -0.152786 -0.110311
 34 0.225695 -0.299334 -1.691051 2.904402 1.438921 -0.209795
 35 6.384775 -0.000003 0.000002 0.310432 0.783999 -1.516578
 36 10.242682 -0.000001 0.000000 0.000000 0.000000 -0.914895
 37 11.375562 0.000002 -0.000002 2.987213 0.204140 0.723530
 38 0.728679 0.023431 1.008292 -1.539000 -0.370199 0.101110
 39 2.136495 -0.000000 0.000000 0.000000 0.000000 0.287979
 40 2.313140 0.000001 -0.000000 0.000000 0.000000 3.141593
 41 3.115505 -0.886041 0.021431 0.495459 0.148146 0.639838
 42 2.011150 -0.000001 -0.000002 0.000000 0.000000 2.038377
 43 2.141380 0.000000 -0.000000 0.000000 0.000000 3.141593
 44 1.734172 -0.000001 0.000002 -0.000000 0.000000 1.019987
 45 0.136315 -3.738194 2.525892 1.493698 2.759406 -1.474501
 46 5.031114 -0.189687 1.849663 -2.967941 -0.035742 1.570790
 47 11.389366 -0.000819 0.158781 2.254488 0.243158 0.321210
 48 0.000000 -4.440600 0.000002 1.570144 -3.078602 0.004040
 49 6.000000 0.000001 0.000001 2.254488 -0.000000 0.000000
 50 0.000003 -4.440600 -0.000000 1.569944 -3.078603 0.004053
 51 10.510132 -0.000000 0.000002 -0.000000 -0.000000 -2.028244
 52 -0.000000 -1.748399 -5.000003 -3.141593 0.004007 -1.539299
 53 5.500000 -0.000000 0.000001 -0.248194 -0.000000 -0.000000
 54 0.000000 -0.000000 -5.000000 -0.044472 3.137589 -0.000177
 55 6.551490 -0.000000 0.000000 0.248194 0.147011 -0.428797
 56 -1.266843 -1.937443 -4.950559 -0.066572 -2.988806 -0.110308
 57 6.551491 -0.000000 0.000000 0.248194 0.147011 -0.428797
 58 0.699371 -1.944207 -5.006847 -0.027189 -3.088217 0.005298
 59 4.226146 -0.003202 -0.000000 0.090044 0.070130 -0.007695
 60 0.000002 4.999999 -0.000000 -0.153564 0.000087 2.718702
 61 0.000004 -0.000004 -3.713580 0.365818 2.880119 -0.191589
 62 0.000002 -0.000000 5.000000 3.053196 1.558589 -0.074928
 63 -0.000007 0.000006 3.713580 -0.001619 -3.122277 -0.475127
 64 0.000002 -0.000000 -5.000000 -0.088726 1.558589 3.066335
 65 7.363602 1.646647 0.495663 3.141593 -1.570796 0.000000
 66 -0.000005 0.000007 3.619081 0.008255 -3.110080 -0.985231
 67 16.573919 0.000000 -0.000000 -0.000000 -0.000000 -1.065827
 68 15.128180 0.000001 0.000000 -0.102296 0.010178 0.114297
 69 5.758665 4.244730 0.000000 0.000000 0.000000 1.667687
 70 3.177726 0.000000 -0.000000 0.000000 0.000000 3.141593
 71 15.708951 0.000001 0.000000 -0.051525 0.003996 0.061523
 72 0.275148 0.189215 -3.445208 3.130898 0.000409 -1.514604
 73 17.210192 -0.000000 -0.000000 -0.000000 -0.000000 -1.893339
 74 0.000001 0.000000 -4.999999 -0.079433 1.546568 -1.570857
 75 0.000002 -0.000003 -3.619081 0.577895 2.675801 -0.242118
 76 16.573921 -0.000001 -0.000002 -0.000000 -0.000000 -1.163030
 77 15.128181 0.000001 0.000001 0.089479 0.309197 0.659208
 78 5.758666 4.244730 -0.000001 -0.000000 -0.000000 1.815142
 79 4.003934 -0.000000 0.000001 0.000000 0.000000 0.000000
 80 15.708954 0.000001 0.000002 0.042277 0.226871 0.443133
 81 0.273998 0.191089 3.439762 -3.130907 -0.000437 -1.508107
 82 17.210194 -0.000001 -0.000002 0.000000 -0.000000 -1.937080
 83 -0.000000 -0.000001 5.000000 -0.079319 1.595025 -1.570742
time 19
  0 -0.650000 0.000000 33.899605 -0.025849 0.174554 -1.569172
  1 5.685103 0.833236 -32.227173 -0.174512 -0.026131 1.569196
  2 -2.276935 0.000003 -1.238188 -1.570795 -1.570451 0.000000
  3 1.797398 0.711814 0.000221 -0.068142 -0.028095 0.081212
  4 4.119093 -0.003236 0.000229 -0.070102 -0.025692 0.151154
  5 4.119090 -0.003235 0.000229 -0.070103 -0.026166 0.151213
  6 4.119672 -0.003093 0.000240 -0.073381 -0.010926 0.333761
  7 4.118496 -0.003483 -0.000618 0.177227 0.130624 -0.007061
  8 4.443599 0.000001 0.000000 0.183347 0.042810 -0.347320
  9 9.024062 -0.000001 0.000000 0.000000 0.000000 0.000000
 10 -0.225688 0.306410 1.691050 1.345281 -1.174602 1.791861
 11 6.384776 -0.000003 -0.000002 -1.053867 -0.268139 -1.190791
 12 10.242682 -0.000000 -0.000001 0.000000 -0.000000 -1.231272
 13 11.375561 0.000000 0.000001 -3.107320 0.462709 -0.100755
 14 0.728680 0.023432 -1.008291 2.038136 0.634975 1.094199
 15 2.136497 0.000000 0.000000 0.000000 -0.000000 0.287979
 16 2.313140 0.000001 -0.000000 0.000000 0.000000 0.000000
 17 3.115506 -0.886039 -0.021431 -0.428318 0.000355 0.462512
 18 2.011152 0.000002 -0.000002 -0.000000 -0.000000 0.930092
 19 2.141377 0.000000 -0.000001 0.000000 0.000000 0.000000
 20 1.734172 0.000001 -0.000000 0.000000 -0.000000 0.464590
 21 0.000006 -4.440593 -0.000002 1.570544 -0.062990 -0.195737
 22 6.000000 -0.000002 0.000000 -2.767220 -0.000000 -0.000000
 23 0.000003 -4.440602 0.000001 1.569944 -0.062987 0.004053
 24 11.375560 0.000000 0.000003 -2.305269 0.267830 0.056258
 25 -0.000000 -4.440603 -0.000000 1.570144 -0.062988 0.004040
 26 10.510132 0.000001 -0.000002 -0.000000 0.000000 -2.186432
 27 -0.000000 -1.748401 5.000000 0.000000 0.004007 1.602291
 28 5.500000 -0.000001 -0.000000 0.435366 0.000000 -0.000000
 29 -0.000001 -1.940601 5.000003 -0.044472 0.004003 -0.000180
 30 6.551491 -0.000002 -0.000002 -0.809979 -0.091149 -0.782024
 31 -0.000000 -1.940599 5.000002 -0.027189 -0.053376 0.005295
 32 6.551491 -0.000002 -0.000002 -0.350819 0.041387 -0.337718
 33 -0.000001 -1.940599 4.999997 -0.066572 -0.152786 -0.110311
 34 0.225693 -0.299332 -1.691051 2.904402 1.438921 -0.209796
 35 6.384775 -0.000001 -0.000001 0.311645 0.788518 -1.517284
 36 10.242683 0.000001 -0.000001 -0.000000 0.000000 -0.914782
 37 11.375562 0.000000 -0.000002 2.987543 0.193532 0.725203
 38 0.728681 0.023431 1.008292 -1.539000 -0.370199 0.101110
 39 2.136496 0.000001 -0.000000 0.000000 0.000000 0.287979
 40 2.313140 -0.000000 0.000000 0.000000 0.000000 3.141593
 41 3.115507 -0.886041 0.021430 0.495459 0.148146 0.639838
 42 2.011150 0.000001 0.000002 0.000000 0.000000 2.038377
 43 2.141379 0.000000 -0.000003 0.000000 0.000000 3.141593
 44 1.734172 -0.000001 0.000001 -0.000000 0.000000 1.019987
 45 0.136315 -3.738192 2.525889 1.493698 2.759406 -1.474501
 46 5.031116 -0.189688 1.849663 -2.967941 -0.035742 1.570790
 47 11.389367 -0.000819 0.158780 2.256056 0.238308 0.324476
 48 0.000001 -4.440600 0.000001 1.570144 -3.078602 0.004040
 49 6.000000 -0.000000 -0.000003 2.256056 0.000000 0.000000
 50 0.000002 -4.440602 0.000001 1.569944 -3.078603 0.004053
 51 10.510132 -0.000000 -0.000001 0.000000 -0.000000 -2.028187
 52 0.000000 -1.748400 -5.000003 3.141593 0.004007 -1.539299
 53 5.500000 -0.000000 -0.000003 -0.248873 0.000000 0.000000
 54 -0.000000 0.000000 -5.000002 -0.044472 3.137589 -0.000177
 55 6.551489 -0.000002 0.000000 0.248873 0.147718 -0.428595
 56 -1.266843 -1.937441 -4.950559 -0.066572 -2.988806 -0.110308
 57 6.551490 -0.000002 0.000000 0.248873 0.147718 -0.428595
 58 0.699371 -1.944206 -5.006846 -0.027189 -3.088217 0.005298
 59 4.226144 -0.003201 0.000000 0.090044 0.070130 -0.007696
 60 -0.000001 4.999999 -0.000000 -0.153564 0.000087 2.718702
 61 0.000004 -0.000004 -3.713580 0.365818 2.880119 -0.191589
 62 0.000002 -0.000000 5.000000 3.053196 1.558589 -0.074928
 63 -0.000007 0.000006 3.713580 -0.001619 -3.122277 -0.475127
 64 0.000002 -0.000000 -5.000000 -0.088726 1.558589 3.066335
 65 7.363602 1.646647 0.495663 3.141593 -1.570796 0.000000
 66 -0.000005 0.000007 3.619081 0.008255 -3.110080 -0.985231
 67 16.573919 0.000000 -0.000000 -0.000000 -0.000000 -1.065827
 68 15.128180 0.000001 0.000000 -0.102296 0.010178 0.114297
 69 5.758665 4.244730 0.000000 0.000000 0.000000 1.667687
 70 3.177726 0.000000 -0.000000 0.000000 0.000000 3.141593
 71 15.708951 0.000001 0.000000 -0.051525 0.003996 0.061523
 72 0.275148 0.189215 -3.445208 3.130898 0.000409 -1.514604
 73 17.210192 -0.000000 -0.000000 -0.000000 -0.000000 -1.893339
 74 0.000001 0.000000 -4.999999 -0.079433 1.546568 -1.570857
 75 0.000002 -0.000003 -3.619081 0.577895 2.675801 -0.242118
 76 16.573921 -0.000001 -0.000002 -0.000000 -0.000000 -1.163030
 77 15.128181 0.000001 0.000001 0.089479 0.309197 0.659208
 78 5.758666 4.244730 -0.000001 -0.000000 -0.000000 1.815142
 79 4.003934 -0.000000 0.000001 0.000000 0.000000 0.000000
 80 15.708954 0.000001 0.000002 0.042277 0.226871 0.443133
 81 0.273998 0.191089 3.439762 -3.130907 -0.000437 -1.508107
 82 17.210194 -0.000001 -0.000002 0.000000 -0.000000 -1.937080
 83 -0.000000 -0.000001 5.000000 -0.079319 1.595025 -1.570742
time 20
  0 -0.650000 0.000000 33.899605 -0.025849 0.174554 -1.569172
  1 5.685103 0.833236 -32.227173 -0.174512 -0.026131 1.569196
  2 -2.276935 0.000003 -1.238188 -1.570795 -1.570451 0.000000
  3 1.797402 0.711815 0.000221 -0.068153 -0.030403 0.082323
  4 4.119091 -0.003235 0.000230 -0.070097 -0.024964 0.151341
  5 4.119092 -0.003236 0.000229 -0.070097 -0.024963 0.151367
  6 4.119673 -0.003092 0.000240 -0.073373 -0.010197 0.333946
  7 4.118497 -0.003483 -0.000618 0.177227 0.130624 -0.007061
  8 4.443600 0.000001 -0.000000 0.184292 0.042592 -0.348493
  9 9.024065 -0.000001 0.000000 0.000000 0.000000 0.000000
 10 -0.225690 0.306413 1.691051 1.345281 -1.174602 1.791861
 11 6.384777 -0.000000 0.000000 -1.054893 -0.270192 -1.189741
 12 10.242682 0.000002 0.000000 0.000000 0.000000 -1.236101
 13 11.375562 -0.000001 0.000001 -3.111015 0.463733 -0.090927
 14 0.728681 0.023431 -1.008292 2.038136 0.634976 1.094199
 15 2.136500 0.000000 -0.000000 0.000000 -0.000000 0.287979
 16 2.313137 0.000001 -0.000000 0.000000 0.000000 0.000000
 17 3.115506 -0.886041 -0.021430 -0.428318 0.000355 0.462512
 18 2.011152 0.000001 -0.000003 -0.000000 -0.000000 0.930092
 19 2.141378 0.000001 0.000002 0.000000 0.000000 0.000000
 20 1.734171 -0.000000 -0.000002 0.000000 -0.000000 0.464590
 21 0.000006 -4.440594 0.000000 1.570544 -0.062990 -0.195737
 22 6.000000 -0.000001 0.000000 -2.770660 0.000000 -0.000000
 23 0.000000 -4.440601 0.000001 1.569944 -0.062987 0.004053
 24 11.375562 0.000000 0.000003 -2.307534 0.266131 0.062237
 25 -0.000001 -4.440603 -0.000000 1.570144 -0.062988 0.004040
 26 10.510130 0.000002 -0.000000 0.000000 0.000000 -2.188847
 27 0.000002 -1.748401 5.000000 0.000000 0.004007 1.602290
 28 5.500000 0.000003 0.000000 0.435999 -0.000000 0.000000
 29 -0.000003 -1.940599 5.000003 -0.044472 0.004003 -0.000180
 30 6.551492 0.000001 0.000000 -0.811200 -0.092517 -0.781820
 31 0.000001 -1.940598 5.000000 -0.027189 -0.053376 0.005295
 32 6.551492 0.000001 0.000000 -0.351306 0.040937 -0.337624
 33 -0.000001 -1.940599 4.999997 -0.066572 -0.152786 -0.110311
 34 0.225694 -0.299332 -1.691051 2.904402 1.438921 -0.209795
 35 6.384777 -0.000001 -0.000000 0.312719 0.792521 -1.517913
 36 10.242681 0.000001 -0.000001 0.000000 -0.000000 -0.914682
 37 11.375562 -0.000000 -0.000003 2.987821 0.184131 0.726680
 38 0.728682 0.023431 1.008293 -1.539000 -0.370199 0.101110
 39 2.136499 -0.000003 -0.000000 0.000000 0.000000 0.287979
 40 2.313140 0.000000 -0.000000 0.000000 0.000000 3.141593
 41 3.115508 -0.886041 0.021432 0.495459 0.148146 0.639838
 42 2.011153 0.000000 0.000003 0.000000 0.000000 2.038377
 43 2.141380 0.000001 -0.000002 0.000000 0.000000 3.141593
 44 1.734173 -0.000002 -0.000002 0.000000 0.000000 1.019987
 45 0.136315 -3.738194 2.525888 1.493698 2.759406 -1.474501
 46 5.031116 -0.189688 1.849665 -2.967941 -0.035742 1.570790
 47 11.389367 -0.000818 0.158780 2.257421 0.233998 0.327354
 48 -0.000001 -4.440598 -0.000000 1.570144 -3.078602 0.004040
 49 5.999999 -0.000000 -0.000001 2.257421 0.000000 0.000000
 50 0.000002 -4.440601 -0.000002 1.569944 -3.078603 0.004053
 51 10.510132 -0.000000 -0.000002 -0.000000 0.000000 -2.028137
 52 -0.000000 -1.748399 -5.000000 3.141593 0.004007 -1.539299
 53 5.500000 0.000000 -0.000002 -0.249469 0.000000 0.000000
 54 0.000000 -0.000000 -5.000003 -0.044472 3.137589 -0.000177
 55 6.551492 0.000000 -0.000001 0.249469 0.148339 -0.428411
 56 -1.266844 -1.937444 -4.950559 -0.066572 -2.988806 -0.110308
 57 6.551492 0.000000 -0.000001 0.249469 0.148339 -0.428411
 58 0.699370 -1.944207 -5.006846 -0.027189 -3.088217 0.005298
 59 4.226145 -0.003201 0.000000 0.090044 0.070130 -0.007695
 60 -0.000002 5.000000 0.000000 -0.153564 0.000087 2.718702
 61 0.000004 -0.000004 -3.713580 0.365818 2.880119 -0.191589
 62 0.000002 -0.000000 5.000000 3.053196 1.558589 -0.074928
 63 -0.000007 0.000006 3.713580 -0.001619 -3.122277 -0.475127
 64 0.000002 -0.000000 -5.000000 -0.088726 1.558589 3.066335
 65 7.363602 1.646647 0.495663 3.141593 -1.570796 0.000000
 66 -0.000005 0.000007 3.619081 0.008255 -3.110080 -0.985231
 67 16.573919 0.000000 -0.000000 -0.000000 -0.000000 -1.065827
 68 15.128180 0.000001 0.000000 -0.102296 0.010178 0.114297
 69 5.758665 4.244730 0.000000 0.000000 0.000000 1.667687
 70 3.177726 0.000000 -0.000000 0.000000 0.000000 3.141593
 71 15.708951 0.000001 0.000000 -0.051525 0.003996 0.061523
 72 0.275148 0.189215 -3.445208 3.130898 0.000409 -1.514604
 73 17.210192 -0.000000 -0.000000 -0.000000 -0.000000 -1.893339
 74 0.000001 0.000000 -4.999999 -0.079433 1.546568 -1.570857
 75 0.000002 -0.000003 -3.619081 0.577895 2.675801 -0.242118
 76 16.573921 -0.000001 -0.000002 -0.000000 -0.000000 -1.163030
 77 15.128181 0.000001 0.000001 0.089479 0.309197 0.659208
 78 5.758666 4.244730 -0.000001 -0.000000 -0.000000 1.815142
 79 4.003934 -0.000000 0.000001 0.000000 0.000000 0.000000
 80 15.708954 0.000001 0.000002 0.042277 0.226871 0.443133
 81 0.273998 0.191089 3.439762 -3.130907 -0.000437 -1.508107
 82 17.210194 -0.000001 -0.000002 0.000000 -0.000000 -1.937080
 83 -0.000000 -0.000001 5.000000 -0.079319 1.595025 -1.570742
end
