version 1
nodes
  0 "Bip01"  -1
  1 "Bip01 Footsteps"   0
  2 "Bip01 Pelvis"   0
  3 "Bip01 Spine"   2
  4 "Bip01 Spine1"   3
  5 "Bip01 Spine2"   4
  6 "Bip01 Spine3"   5
  7 "Bip01 Neck"   6
  8 "Bip01 Head"   7
  9 "Dummy21"   8
 10 "Bip01 L Clavicle"   7
 11 "Bip01 L UpperArm"  10
 12 "Bip01 L Forearm"  11
 13 "Bip01 L Hand"  12
 14 "Bip01 L Finger0"  13
 15 "Bip01 L Finger01"  14
 16 "Dummy06"  15
 17 "Bip01 L Finger1"  13
 18 "Bip01 L Finger11"  17
 19 "Dummy03"  18
 20 "-- L knuckle"  17
 21 "-- L knuckle_end"  20
 22 "-- L Forearm twist"  12
 23 "-- L Forearm twist_end"  22
 24 "-- L wrist"  12
 25 "-- L wrist_end"  24
 26 "-- L Elbow"  11
 27 "--L Elbow_end"  26
 28 "-- L bicep twist"  11
 29 "-- L bicep twist_end"  28
 30 "-- L shoulder outside"  10
 31 "-- L shoulder outside_end"  30
 32 "-- L Shoulder inside"  10
 33 "-- L Shoulder inside_end"  32
 34 "Bip01 R Clavicle"   7
 35 "Bip01 R UpperArm"  34
 36 "Bip01 R Forearm"  35
 37 "Bip01 R Hand"  36
 38 "Bip01 R Finger0"  37
 39 "Bip01 R Finger01"  38
 40 "Dummy01"  39
 41 "Bip01 R Finger1"  37
 42 "Bip01 R Finger11"  41
 43 "Dummy02"  42
 44 "-- R knuckle"  41
 45 "Point06"  44
 46 "Beretta Elite"  37
 47 "-- R wrist"  36
 48 "-- R wrist_end"  47
 49 "-- R forearm twist"  36
 50 "-- R forearm twist_end"  49
 51 "-- R Elbow"  35
 52 "--R Elbow_end"  51
 53 "-- R bicep twist"  35
 54 "-- R bicep twist_end"  53
 55 "-- R Shoulder inside"  34
 56 "-- R Shoulder inside_end"  55
 57 "-- R shoulder outside"  34
 58 "-- R shoulder outside_end"  57
 59 "-- Neck smooth"   6
 60 "-- neck smooth end"  59
 61 "-- R Butt"   2
 62 "--R Butt_end"  61
 63 "-- L butt"   2
 64 "--L butt_end"  63
 65 "GIGN01"   2
 66 "Bip01 L Thigh"   2
 67 "Bip01 L Calf"  66
 68 "Bip01 L Foot"  67
 69 "Bip01 L Toe0"  68
 70 "Dummy16"  69
 71 "-- L ankle"  67
 72 "-- L ankleend"  71
 73 "-- L Knee"  66
 74 "--L Knee_end"  73
 75 "Bip01 R Thigh"   2
 76 "Bip01 R Calf"  75
 77 "Bip01 R Foot"  76
 78 "Bip01 R Toe0"  77
 79 "Dummy11"  78
 80 "-- R Ankle"  76
 81 "-- R ankleend"  80
 82 "-- R Knee"  75
 83 "--R Knee_end"  82
end
skeleton
time 0
  0 -0.650000 0.000000 33.899605 -0.025849 0.174554 -1.569172
  1 5.685103 0.833236 -32.227173 -0.174512 -0.026131 1.569196
  2 -2.276935 0.000003 -1.238188 -1.570795 -1.570451 0.000000
  3 1.796931 0.711826 -0.000396 0.120903 0.103006 -0.052526
  4 4.118463 -0.003253 -0.000394 0.120694 0.055784 -0.035347
  5 4.118896 -0.003244 -0.000387 0.118225 -0.046067 0.084266
  6 4.119555 -0.002706 -0.001587 0.505644 -0.035914 0.319361
  7 4.118378 -0.003491 -0.000532 0.151631 -0.098502 -0.079145
  8 4.443598 0.000000 0.000000 0.604472 0.180820 -0.395187
  9 9.024064 0.000000 0.000000 0.000000 0.000000 0.000000
 10 0.170401 0.263995 1.704537 -2.740722 -1.404280 -0.340005
 11 6.384777 0.000001 0.000001 1.566115 2.250104 1.233852
 12 10.242682 0.000000 -0.000000 0.000000 0.000000 -2.001832
 13 11.375562 -0.000002 -0.000001 -2.650930 0.309399 -0.013642
 14 0.728682 0.023432 -1.008295 1.705251 0.347372 0.567022
 15 2.136499 -0.000000 -0.000000 -0.000000 -0.000000 0.287979
 16 2.313138 -0.000001 -0.000000 0.000000 0.000000 0.000000
 17 3.115506 -0.886042 -0.021431 -0.000782 0.000152 0.191986
 18 2.011148 -0.000001 0.000001 -0.000000 0.000000 0.659566
 19 2.141379 -0.000000 -0.000000 0.000000 0.000000 0.000000
 20 1.734173 0.000002 -0.000003 0.000000 -0.000000 0.330185
 21 0.000007 -4.440593 0.000003 1.570544 -0.062990 -0.195737
 22 6.000000 -0.000002 -0.000000 -2.395068 0.000000 -0.000000
 23 0.000001 -4.440600 -0.000001 1.569944 -0.062987 0.004053
 24 11.375561 -0.000001 0.000002 -2.101379 0.173460 0.041347
 25 -0.000000 -4.440603 -0.000000 1.570144 -0.062988 0.004040
 26 10.510129 0.000000 -0.000000 -0.000000 0.000000 -2.571712
 27 0.000002 -1.748401 4.999999 0.000000 0.004007 1.602291
 28 5.500000 0.000001 -0.000001 0.147295 -0.000000 0.000000
 29 -0.000002 -1.940599 5.000000 -0.044472 0.004003 -0.000180
 30 6.551491 0.000001 -0.000001 -0.826730 0.970589 -1.258057
 31 0.000000 -1.940598 5.000002 -0.027189 -0.053376 0.005295
 32 6.551491 0.000001 -0.000001 -0.090115 0.446845 -0.294133
 33 -0.000000 -1.940598 4.999997 -0.066572 -0.152786 -0.110311
 34 -0.170401 -0.256917 -1.704537 0.262460 1.485811 -2.814652
 35 6.384777 -0.000001 0.000001 0.171502 0.371647 -1.795558
 36 10.242682 0.000001 -0.000001 0.000000 -0.000000 -1.154571
 37 11.375560 -0.000000 0.000001 2.736347 0.583659 0.380474
 38 0.728679 0.023431 1.008291 -1.539000 -0.370199 0.101110
 39 2.136497 -0.000000 0.000000 -0.000000 0.000000 0.287979
 40 2.313138 -0.000000 -0.000000 0.000000 0.000000 3.141593
 41 3.115505 -0.886041 0.021430 0.495459 0.148146 0.639838
 42 2.011151 0.000000 0.000003 0.000000 0.000000 2.038377
 43 2.141380 0.000001 -0.000002 0.000000 0.000000 3.141593
 44 1.734172 0.000000 0.000003 0.000000 0.000000 1.019987
 45 0.136315 -3.738194 2.525889 1.493698 2.759406 -1.474501
 46 5.031115 -0.189687 1.849663 -2.967941 -0.035742 1.570790
 47 11.389367 -0.000820 0.158781 2.096106 0.356694 0.088417
 48 0.000000 -4.440599 -0.000000 1.570144 -3.078602 0.004040
 49 6.000002 -0.000001 -0.000002 2.096106 -0.000000 0.000000
 50 0.000001 -4.440601 -0.000001 1.569944 -3.078603 0.004053
 51 10.510131 0.000001 0.000001 -0.000000 0.000000 -2.148082
 52 0.000000 -1.748399 -5.000002 -3.141593 0.004007 -1.539299
 53 5.500000 0.000000 0.000000 -0.128883 -0.000000 0.000000
 54 0.000001 -0.000000 -4.999998 -0.044472 3.137590 -0.000177
 55 6.551490 -0.000001 -0.000000 0.128883 0.072716 -0.516215
 56 -1.266842 -1.937443 -4.950557 -0.066572 -2.988806 -0.110308
 57 6.551491 -0.000001 -0.000001 0.128883 0.072716 -0.516215
 58 0.699370 -1.944208 -5.006846 -0.027189 -3.088217 0.005298
 59 4.226143 -0.003200 -0.000000 0.076288 -0.054404 -0.043857
 60 0.000001 5.000000 -0.000001 -0.153564 0.000087 2.718702
 61 0.000004 -0.000005 -3.713580 0.365818 2.880119 -0.191589
 62 0.000002 0.000000 5.000000 3.053196 1.558589 -0.074928
 63 -0.000007 0.000005 3.713580 -0.001619 -3.122277 -0.475127
 64 0.000002 -0.000000 -5.000000 -0.088726 1.558589 3.066335
 65 7.363602 1.646647 0.495663 3.141593 -1.570796 0.000000
 66 -0.000005 0.000006 3.619081 0.008255 -3.110080 -0.985231
 67 16.573919 0.000001 -0.000000 -0.000000 -0.000000 -1.065827
 68 15.128181 0.000000 0.000000 -0.102296 0.010178 0.114297
 69 5.758665 4.244730 0.000000 0.000000 0.000000 1.667687
 70 3.177726 0.000000 0.000000 0.000000 0.000000 3.141593
 71 15.708953 0.000001 0.000000 -0.051525 0.003996 0.061523
 72 0.275148 0.189215 -3.445208 3.130898 0.000409 -1.514604
 73 17.210192 0.000000 -0.000000 -0.000000 -0.000000 -1.893339
 74 -0.000000 -0.000000 -4.999999 -0.079433 1.546568 -1.570857
 75 0.000002 -0.000003 -3.619081 0.577895 2.675801 -0.242118
 76 16.573921 -0.000001 -0.000002 -0.000000 -0.000000 -1.163030
 77 15.128181 0.000001 0.000001 0.089479 0.309197 0.659208
 78 5.758666 4.244730 -0.000001 -0.000000 -0.000000 1.815142
 79 4.003934 -0.000000 0.000001 0.000000 0.000000 0.000000
 80 15.708953 0.000001 0.000001 0.042277 0.226871 0.443133
 81 0.273998 0.191089 3.439763 -3.130907 -0.000437 -1.508107
 82 17.210194 -0.000001 -0.000002 0.000000 -0.000000 -1.937080
 83 -0.000000 -0.000001 5.000000 -0.079319 1.595025 -1.570742
time 1
  0 -0.650000 0.000000 33.899605 -0.025849 0.174554 -1.569172
  1 5.685103 0.833236 -32.227173 -0.174512 -0.026131 1.569196
  2 -2.276935 0.000003 -1.238188 -1.570795 -1.570451 0.000000
  3 1.796931 0.711826 -0.000396 0.120903 0.103006 -0.052526
  4 4.118463 -0.003253 -0.000394 0.120694 0.055784 -0.035347
  5 4.118896 -0.003244 -0.000387 0.118225 -0.046067 0.084266
  6 4.119555 -0.002706 -0.001587 0.505644 -0.035914 0.319361
  7 4.118378 -0.003491 -0.000532 0.151631 -0.098502 -0.079145
  8 4.443598 0.000000 0.000000 0.604472 0.180820 -0.395187
  9 9.024064 0.000000 0.000000 0.000000 0.000000 0.000000
 10 0.170401 0.263995 1.704537 -2.740722 -1.404280 -0.340005
 11 6.384777 0.000001 0.000001 1.566115 2.250104 1.233852
 12 10.242682 0.000000 -0.000000 0.000000 0.000000 -2.001832
 13 11.375562 -0.000002 -0.000001 -2.650930 0.309399 -0.013642
 14 0.728682 0.023432 -1.008295 1.705251 0.347372 0.567022
 15 2.136499 -0.000000 -0.000000 -0.000000 -0.000000 0.287979
 16 2.313138 -0.000001 -0.000000 0.000000 0.000000 0.000000
 17 3.115506 -0.886042 -0.021431 -0.000782 0.000152 0.191986
 18 2.011148 -0.000001 0.000001 -0.000000 0.000000 0.659566
 19 2.141379 -0.000000 -0.000000 0.000000 0.000000 0.000000
 20 1.734173 0.000002 -0.000003 0.000000 -0.000000 0.330185
 21 0.000007 -4.440593 0.000003 1.570544 -0.062990 -0.195737
 22 6.000000 -0.000002 -0.000000 -2.395068 0.000000 -0.000000
 23 0.000001 -4.440600 -0.000001 1.569944 -0.062987 0.004053
 24 11.375561 -0.000001 0.000002 -2.101379 0.173460 0.041347
 25 -0.000000 -4.440603 -0.000000 1.570144 -0.062988 0.004040
 26 10.510129 0.000000 -0.000000 -0.000000 0.000000 -2.571712
 27 0.000002 -1.748401 4.999999 0.000000 0.004007 1.602291
 28 5.500000 0.000001 -0.000001 0.147295 -0.000000 0.000000
 29 -0.000002 -1.940599 5.000000 -0.044472 0.004003 -0.000180
 30 6.551491 0.000001 -0.000001 -0.826730 0.970589 -1.258057
 31 0.000000 -1.940598 5.000002 -0.027189 -0.053376 0.005295
 32 6.551491 0.000001 -0.000001 -0.090115 0.446845 -0.294133
 33 -0.000000 -1.940598 4.999997 -0.066572 -0.152786 -0.110311
 34 -0.170401 -0.256917 -1.704537 0.262460 1.485811 -2.814652
 35 6.384777 -0.000001 0.000001 0.171502 0.371647 -1.795558
 36 10.242682 0.000001 -0.000001 0.000000 -0.000000 -1.154571
 37 11.375560 -0.000000 0.000001 2.736347 0.583659 0.380474
 38 0.728679 0.023431 1.008291 -1.539000 -0.370199 0.101110
 39 2.136497 -0.000000 0.000000 -0.000000 0.000000 0.287979
 40 2.313138 -0.000000 -0.000000 0.000000 0.000000 3.141593
 41 3.115505 -0.886041 0.021430 0.495459 0.148146 0.639838
 42 2.011151 0.000000 0.000003 0.000000 0.000000 2.038377
 43 2.141380 0.000001 -0.000002 0.000000 0.000000 3.141593
 44 1.734172 0.000000 0.000003 0.000000 0.000000 1.019987
 45 0.136315 -3.738194 2.525889 1.493698 2.759406 -1.474501
 46 5.031115 -0.189687 1.849663 -2.967941 -0.035742 1.570790
 47 11.389367 -0.000820 0.158781 2.096106 0.356694 0.088417
 48 0.000000 -4.440599 -0.000000 1.570144 -3.078602 0.004040
 49 6.000002 -0.000001 -0.000002 2.096106 -0.000000 0.000000
 50 0.000001 -4.440601 -0.000001 1.569944 -3.078603 0.004053
 51 10.510131 0.000001 0.000001 -0.000000 0.000000 -2.148082
 52 0.000000 -1.748399 -5.000002 -3.141593 0.004007 -1.539299
 53 5.500000 0.000000 0.000000 -0.128883 -0.000000 0.000000
 54 0.000001 -0.000000 -4.999998 -0.044472 3.137590 -0.000177
 55 6.551490 -0.000001 -0.000000 0.128883 0.072716 -0.516215
 56 -1.266842 -1.937443 -4.950557 -0.066572 -2.988806 -0.110308
 57 6.551491 -0.000001 -0.000001 0.128883 0.072716 -0.516215
 58 0.699370 -1.944208 -5.006846 -0.027189 -3.088217 0.005298
 59 4.226143 -0.003200 -0.000000 0.076288 -0.054404 -0.043857
 60 0.000001 5.000000 -0.000001 -0.153564 0.000087 2.718702
 61 0.000004 -0.000005 -3.713580 0.365818 2.880119 -0.191589
 62 0.000002 0.000000 5.000000 3.053196 1.558589 -0.074928
 63 -0.000007 0.000005 3.713580 -0.001619 -3.122277 -0.475127
 64 0.000002 -0.000000 -5.000000 -0.088726 1.558589 3.066335
 65 7.363602 1.646647 0.495663 3.141593 -1.570796 0.000000
 66 -0.000005 0.000006 3.619081 0.008255 -3.110080 -0.985231
 67 16.573919 0.000001 -0.000000 -0.000000 -0.000000 -1.065827
 68 15.128181 0.000000 0.000000 -0.102296 0.010178 0.114297
 69 5.758665 4.244730 0.000000 0.000000 0.000000 1.667687
 70 3.177726 0.000000 0.000000 0.000000 0.000000 3.141593
 71 15.708953 0.000001 0.000000 -0.051525 0.003996 0.061523
 72 0.275148 0.189215 -3.445208 3.130898 0.000409 -1.514604
 73 17.210192 0.000000 -0.000000 -0.000000 -0.000000 -1.893339
 74 -0.000000 -0.000000 -4.999999 -0.079433 1.546568 -1.570857
 75 0.000002 -0.000003 -3.619081 0.577895 2.675801 -0.242118
 76 16.573921 -0.000001 -0.000002 -0.000000 -0.000000 -1.163030
 77 15.128181 0.000001 0.000001 0.089479 0.309197 0.659208
 78 5.758666 4.244730 -0.000001 -0.000000 -0.000000 1.815142
 79 4.003934 -0.000000 0.000001 0.000000 0.000000 0.000000
 80 15.708953 0.000001 0.000001 0.042277 0.226871 0.443133
 81 0.273998 0.191089 3.439763 -3.130907 -0.000437 -1.508107
 82 17.210194 -0.000001 -0.000002 0.000000 -0.000000 -1.937080
 83 -0.000000 -0.000001 5.000000 -0.079319 1.595025 -1.570742
time 2
  0 -0.650000 0.000000 33.899605 -0.025849 0.174554 -1.569172
  1 5.685103 0.833236 -32.227173 -0.174512 -0.026131 1.569196
  2 -2.276935 0.000003 -1.238188 -1.570795 -1.570451 0.000000
  3 1.796931 0.711826 -0.000396 0.120903 0.103006 -0.052526
  4 4.118463 -0.003253 -0.000394 0.120694 0.055784 -0.035347
  5 4.118896 -0.003244 -0.000387 0.118225 -0.046067 0.084266
  6 4.119555 -0.002706 -0.001587 0.505644 -0.035914 0.319361
  7 4.118378 -0.003491 -0.000532 0.151631 -0.098502 -0.079145
  8 4.443598 0.000000 0.000000 0.604472 0.180820 -0.395187
  9 9.024064 0.000000 0.000000 0.000000 0.000000 0.000000
 10 0.170401 0.263995 1.704537 -2.740722 -1.404280 -0.340005
 11 6.384777 0.000001 0.000001 1.566115 2.250104 1.233852
 12 10.242682 0.000000 -0.000000 0.000000 0.000000 -2.001832
 13 11.375562 -0.000002 -0.000001 -2.650930 0.309399 -0.013642
 14 0.728682 0.023432 -1.008295 1.705251 0.347372 0.567022
 15 2.136499 -0.000000 -0.000000 -0.000000 -0.000000 0.287979
 16 2.313138 -0.000001 -0.000000 0.000000 0.000000 0.000000
 17 3.115506 -0.886042 -0.021431 -0.000782 0.000152 0.191986
 18 2.011148 -0.000001 0.000001 -0.000000 0.000000 0.659566
 19 2.141379 -0.000000 -0.000000 0.000000 0.000000 0.000000
 20 1.734173 0.000002 -0.000003 0.000000 -0.000000 0.330185
 21 0.000007 -4.440593 0.000003 1.570544 -0.062990 -0.195737
 22 6.000000 -0.000002 -0.000000 -2.395068 0.000000 -0.000000
 23 0.000001 -4.440600 -0.000001 1.569944 -0.062987 0.004053
 24 11.375561 -0.000001 0.000002 -2.101379 0.173460 0.041347
 25 -0.000000 -4.440603 -0.000000 1.570144 -0.062988 0.004040
 26 10.510129 0.000000 -0.000000 -0.000000 0.000000 -2.571712
 27 0.000002 -1.748401 4.999999 0.000000 0.004007 1.602291
 28 5.500000 0.000001 -0.000001 0.147295 -0.000000 0.000000
 29 -0.000002 -1.940599 5.000000 -0.044472 0.004003 -0.000180
 30 6.551491 0.000001 -0.000001 -0.826730 0.970589 -1.258057
 31 0.000000 -1.940598 5.000002 -0.027189 -0.053376 0.005295
 32 6.551491 0.000001 -0.000001 -0.090115 0.446845 -0.294133
 33 -0.000000 -1.940598 4.999997 -0.066572 -0.152786 -0.110311
 34 -0.170401 -0.256917 -1.704537 0.262460 1.485811 -2.814652
 35 6.384777 -0.000001 0.000001 0.171502 0.371647 -1.795558
 36 10.242682 0.000001 -0.000001 0.000000 -0.000000 -1.154571
 37 11.375560 -0.000000 0.000001 2.736347 0.583659 0.380474
 38 0.728679 0.023431 1.008291 -1.539000 -0.370199 0.101110
 39 2.136497 -0.000000 0.000000 -0.000000 0.000000 0.287979
 40 2.313138 -0.000000 -0.000000 0.000000 0.000000 3.141593
 41 3.115505 -0.886041 0.021430 0.495459 0.148146 0.639838
 42 2.011151 0.000000 0.000003 0.000000 0.000000 2.038377
 43 2.141380 0.000001 -0.000002 0.000000 0.000000 3.141593
 44 1.734172 0.000000 0.000003 0.000000 0.000000 1.019987
 45 0.136315 -3.738194 2.525889 1.493698 2.759406 -1.474501
 46 5.031115 -0.189687 1.849663 -2.967941 -0.035742 1.570790
 47 11.389367 -0.000820 0.158781 2.096106 0.356694 0.088417
 48 0.000000 -4.440599 -0.000000 1.570144 -3.078602 0.004040
 49 6.000002 -0.000001 -0.000002 2.096106 -0.000000 0.000000
 50 0.000001 -4.440601 -0.000001 1.569944 -3.078603 0.004053
 51 10.510131 0.000001 0.000001 -0.000000 0.000000 -2.148082
 52 0.000000 -1.748399 -5.000002 -3.141593 0.004007 -1.539299
 53 5.500000 0.000000 0.000000 -0.128883 -0.000000 0.000000
 54 0.000001 -0.000000 -4.999998 -0.044472 3.137590 -0.000177
 55 6.551490 -0.000001 -0.000000 0.128883 0.072716 -0.516215
 56 -1.266842 -1.937443 -4.950557 -0.066572 -2.988806 -0.110308
 57 6.551491 -0.000001 -0.000001 0.128883 0.072716 -0.516215
 58 0.699370 -1.944208 -5.006846 -0.027189 -3.088217 0.005298
 59 4.226143 -0.003200 -0.000000 0.076288 -0.054404 -0.043857
 60 0.000001 5.000000 -0.000001 -0.153564 0.000087 2.718702
 61 0.000004 -0.000005 -3.713580 0.365818 2.880119 -0.191589
 62 0.000002 0.000000 5.000000 3.053196 1.558589 -0.074928
 63 -0.000007 0.000005 3.713580 -0.001619 -3.122277 -0.475127
 64 0.000002 -0.000000 -5.000000 -0.088726 1.558589 3.066335
 65 7.363602 1.646647 0.495663 3.141593 -1.570796 0.000000
 66 -0.000005 0.000006 3.619081 0.008255 -3.110080 -0.985231
 67 16.573919 0.000001 -0.000000 -0.000000 -0.000000 -1.065827
 68 15.128181 0.000000 0.000000 -0.102296 0.010178 0.114297
 69 5.758665 4.244730 0.000000 0.000000 0.000000 1.667687
 70 3.177726 0.000000 0.000000 0.000000 0.000000 3.141593
 71 15.708953 0.000001 0.000000 -0.051525 0.003996 0.061523
 72 0.275148 0.189215 -3.445208 3.130898 0.000409 -1.514604
 73 17.210192 0.000000 -0.000000 -0.000000 -0.000000 -1.893339
 74 -0.000000 -0.000000 -4.999999 -0.079433 1.546568 -1.570857
 75 0.000002 -0.000003 -3.619081 0.577895 2.675801 -0.242118
 76 16.573921 -0.000001 -0.000002 -0.000000 -0.000000 -1.163030
 77 15.128181 0.000001 0.000001 0.089479 0.309197 0.659208
 78 5.758666 4.244730 -0.000001 -0.000000 -0.000000 1.815142
 79 4.003934 -0.000000 0.000001 0.000000 0.000000 0.000000
 80 15.708953 0.000001 0.000001 0.042277 0.226871 0.443133
 81 0.273998 0.191089 3.439763 -3.130907 -0.000437 -1.508107
 82 17.210194 -0.000001 -0.000002 0.000000 -0.000000 -1.937080
 83 -0.000000 -0.000001 5.000000 -0.079319 1.595025 -1.570742
time 3
  0 -0.650000 0.000000 33.899605 -0.025849 0.174554 -1.569172
  1 5.685103 0.833236 -32.227173 -0.174512 -0.026131 1.569196
  2 -2.276935 0.000003 -1.238188 -1.570795 -1.570451 0.000000
  3 1.796931 0.711826 -0.000396 0.120903 0.103006 -0.052526
  4 4.118463 -0.003253 -0.000394 0.120694 0.055784 -0.035347
  5 4.118896 -0.003244 -0.000387 0.118225 -0.046067 0.084266
  6 4.119555 -0.002706 -0.001587 0.505644 -0.035914 0.319361
  7 4.118378 -0.003491 -0.000532 0.151631 -0.098502 -0.079145
  8 4.443598 0.000000 0.000000 0.604472 0.180820 -0.395187
  9 9.024064 0.000000 0.000000 0.000000 0.000000 0.000000
 10 0.170401 0.263995 1.704537 -2.740722 -1.404280 -0.340005
 11 6.384777 0.000001 0.000001 1.566115 2.250104 1.233852
 12 10.242682 0.000000 -0.000000 0.000000 0.000000 -2.001832
 13 11.375562 -0.000002 -0.000001 -2.650930 0.309399 -0.013642
 14 0.728682 0.023432 -1.008295 1.705251 0.347372 0.567022
 15 2.136499 -0.000000 -0.000000 -0.000000 -0.000000 0.287979
 16 2.313138 -0.000001 -0.000000 0.000000 0.000000 0.000000
 17 3.115506 -0.886042 -0.021431 -0.000782 0.000152 0.191986
 18 2.011148 -0.000001 0.000001 -0.000000 0.000000 0.659566
 19 2.141379 -0.000000 -0.000000 0.000000 0.000000 0.000000
 20 1.734173 0.000002 -0.000003 0.000000 -0.000000 0.330185
 21 0.000007 -4.440593 0.000003 1.570544 -0.062990 -0.195737
 22 6.000000 -0.000002 -0.000000 -2.395068 0.000000 -0.000000
 23 0.000001 -4.440600 -0.000001 1.569944 -0.062987 0.004053
 24 11.375561 -0.000001 0.000002 -2.101379 0.173460 0.041347
 25 -0.000000 -4.440603 -0.000000 1.570144 -0.062988 0.004040
 26 10.510129 0.000000 -0.000000 -0.000000 0.000000 -2.571712
 27 0.000002 -1.748401 4.999999 0.000000 0.004007 1.602291
 28 5.500000 0.000001 -0.000001 0.147295 -0.000000 0.000000
 29 -0.000002 -1.940599 5.000000 -0.044472 0.004003 -0.000180
 30 6.551491 0.000001 -0.000001 -0.826730 0.970589 -1.258057
 31 0.000000 -1.940598 5.000002 -0.027189 -0.053376 0.005295
 32 6.551491 0.000001 -0.000001 -0.090115 0.446845 -0.294133
 33 -0.000000 -1.940598 4.999997 -0.066572 -0.152786 -0.110311
 34 -0.170401 -0.256917 -1.704537 0.262460 1.485811 -2.814652
 35 6.384777 -0.000001 0.000001 0.171502 0.371647 -1.795558
 36 10.242682 0.000001 -0.000001 0.000000 -0.000000 -1.154571
 37 11.375560 -0.000000 0.000001 2.736347 0.583659 0.380474
 38 0.728679 0.023431 1.008291 -1.539000 -0.370199 0.101110
 39 2.136497 -0.000000 0.000000 -0.000000 0.000000 0.287979
 40 2.313138 -0.000000 -0.000000 0.000000 0.000000 3.141593
 41 3.115505 -0.886041 0.021430 0.495459 0.148146 0.639838
 42 2.011151 0.000000 0.000003 0.000000 0.000000 2.038377
 43 2.141380 0.000001 -0.000002 0.000000 0.000000 3.141593
 44 1.734172 0.000000 0.000003 0.000000 0.000000 1.019987
 45 0.136315 -3.738194 2.525889 1.493698 2.759406 -1.474501
 46 5.031115 -0.189687 1.849663 -2.967941 -0.035742 1.570790
 47 11.389367 -0.000820 0.158781 2.096106 0.356694 0.088417
 48 0.000000 -4.440599 -0.000000 1.570144 -3.078602 0.004040
 49 6.000002 -0.000001 -0.000002 2.096106 -0.000000 0.000000
 50 0.000001 -4.440601 -0.000001 1.569944 -3.078603 0.004053
 51 10.510131 0.000001 0.000001 -0.000000 0.000000 -2.148082
 52 0.000000 -1.748399 -5.000002 -3.141593 0.004007 -1.539299
 53 5.500000 0.000000 0.000000 -0.128883 -0.000000 0.000000
 54 0.000001 -0.000000 -4.999998 -0.044472 3.137590 -0.000177
 55 6.551490 -0.000001 -0.000000 0.128883 0.072716 -0.516215
 56 -1.266842 -1.937443 -4.950557 -0.066572 -2.988806 -0.110308
 57 6.551491 -0.000001 -0.000001 0.128883 0.072716 -0.516215
 58 0.699370 -1.944208 -5.006846 -0.027189 -3.088217 0.005298
 59 4.226143 -0.003200 -0.000000 0.076288 -0.054404 -0.043857
 60 0.000001 5.000000 -0.000001 -0.153564 0.000087 2.718702
 61 0.000004 -0.000005 -3.713580 0.365818 2.880119 -0.191589
 62 0.000002 0.000000 5.000000 3.053196 1.558589 -0.074928
 63 -0.000007 0.000005 3.713580 -0.001619 -3.122277 -0.475127
 64 0.000002 -0.000000 -5.000000 -0.088726 1.558589 3.066335
 65 7.363602 1.646647 0.495663 3.141593 -1.570796 0.000000
 66 -0.000005 0.000006 3.619081 0.008255 -3.110080 -0.985231
 67 16.573919 0.000001 -0.000000 -0.000000 -0.000000 -1.065827
 68 15.128181 0.000000 0.000000 -0.102296 0.010178 0.114297
 69 5.758665 4.244730 0.000000 0.000000 0.000000 1.667687
 70 3.177726 0.000000 0.000000 0.000000 0.000000 3.141593
 71 15.708953 0.000001 0.000000 -0.051525 0.003996 0.061523
 72 0.275148 0.189215 -3.445208 3.130898 0.000409 -1.514604
 73 17.210192 0.000000 -0.000000 -0.000000 -0.000000 -1.893339
 74 -0.000000 -0.000000 -4.999999 -0.079433 1.546568 -1.570857
 75 0.000002 -0.000003 -3.619081 0.577895 2.675801 -0.242118
 76 16.573921 -0.000001 -0.000002 -0.000000 -0.000000 -1.163030
 77 15.128181 0.000001 0.000001 0.089479 0.309197 0.659208
 78 5.758666 4.244730 -0.000001 -0.000000 -0.000000 1.815142
 79 4.003934 -0.000000 0.000001 0.000000 0.000000 0.000000
 80 15.708953 0.000001 0.000001 0.042277 0.226871 0.443133
 81 0.273998 0.191089 3.439763 -3.130907 -0.000437 -1.508107
 82 17.210194 -0.000001 -0.000002 0.000000 -0.000000 -1.937080
 83 -0.000000 -0.000001 5.000000 -0.079319 1.595025 -1.570742
time 4
  0 -0.650000 0.000000 33.899605 -0.025849 0.174554 -1.569172
  1 5.685103 0.833236 -32.227173 -0.174512 -0.026131 1.569196
  2 -2.276935 0.000003 -1.238188 -1.570795 -1.570451 0.000000
  3 1.796931 0.711826 -0.000396 0.120903 0.103006 -0.052526
  4 4.118463 -0.003253 -0.000394 0.120694 0.055784 -0.035347
  5 4.118896 -0.003244 -0.000387 0.118225 -0.046067 0.084266
  6 4.119555 -0.002706 -0.001587 0.505644 -0.035914 0.319361
  7 4.118378 -0.003491 -0.000532 0.151631 -0.098502 -0.079145
  8 4.443598 0.000000 0.000000 0.604472 0.180820 -0.395187
  9 9.024064 0.000000 0.000000 0.000000 0.000000 0.000000
 10 0.170401 0.263995 1.704537 -2.740722 -1.404280 -0.340005
 11 6.384777 0.000001 0.000001 1.566115 2.250104 1.233852
 12 10.242682 0.000000 -0.000000 0.000000 0.000000 -2.001832
 13 11.375562 -0.000002 -0.000001 -2.650930 0.309399 -0.013642
 14 0.728682 0.023432 -1.008295 1.705251 0.347372 0.567022
 15 2.136499 -0.000000 -0.000000 -0.000000 -0.000000 0.287979
 16 2.313138 -0.000001 -0.000000 0.000000 0.000000 0.000000
 17 3.115506 -0.886042 -0.021431 -0.000782 0.000152 0.191986
 18 2.011148 -0.000001 0.000001 -0.000000 0.000000 0.659566
 19 2.141379 -0.000000 -0.000000 0.000000 0.000000 0.000000
 20 1.734173 0.000002 -0.000003 0.000000 -0.000000 0.330185
 21 0.000007 -4.440593 0.000003 1.570544 -0.062990 -0.195737
 22 6.000000 -0.000002 -0.000000 -2.395068 0.000000 -0.000000
 23 0.000001 -4.440600 -0.000001 1.569944 -0.062987 0.004053
 24 11.375561 -0.000001 0.000002 -2.101379 0.173460 0.041347
 25 -0.000000 -4.440603 -0.000000 1.570144 -0.062988 0.004040
 26 10.510129 0.000000 -0.000000 -0.000000 0.000000 -2.571712
 27 0.000002 -1.748401 4.999999 0.000000 0.004007 1.602291
 28 5.500000 0.000001 -0.000001 0.147295 -0.000000 0.000000
 29 -0.000002 -1.940599 5.000000 -0.044472 0.004003 -0.000180
 30 6.551491 0.000001 -0.000001 -0.826730 0.970589 -1.258057
 31 0.000000 -1.940598 5.000002 -0.027189 -0.053376 0.005295
 32 6.551491 0.000001 -0.000001 -0.090115 0.446845 -0.294133
 33 -0.000000 -1.940598 4.999997 -0.066572 -0.152786 -0.110311
 34 -0.170401 -0.256917 -1.704537 0.262460 1.485811 -2.814652
 35 6.384777 -0.000001 0.000001 0.171502 0.371647 -1.795558
 36 10.242682 0.000001 -0.000001 0.000000 -0.000000 -1.154571
 37 11.375560 -0.000000 0.000001 2.736347 0.583659 0.380474
 38 0.728679 0.023431 1.008291 -1.539000 -0.370199 0.101110
 39 2.136497 -0.000000 0.000000 -0.000000 0.000000 0.287979
 40 2.313138 -0.000000 -0.000000 0.000000 0.000000 3.141593
 41 3.115505 -0.886041 0.021430 0.495459 0.148146 0.639838
 42 2.011151 0.000000 0.000003 0.000000 0.000000 2.038377
 43 2.141380 0.000001 -0.000002 0.000000 0.000000 3.141593
 44 1.734172 0.000000 0.000003 0.000000 0.000000 1.019987
 45 0.136315 -3.738194 2.525889 1.493698 2.759406 -1.474501
 46 5.031115 -0.189687 1.849663 -2.967941 -0.035742 1.570790
 47 11.389367 -0.000820 0.158781 2.096106 0.356694 0.088417
 48 0.000000 -4.440599 -0.000000 1.570144 -3.078602 0.004040
 49 6.000002 -0.000001 -0.000002 2.096106 -0.000000 0.000000
 50 0.000001 -4.440601 -0.000001 1.569944 -3.078603 0.004053
 51 10.510131 0.000001 0.000001 -0.000000 0.000000 -2.148082
 52 0.000000 -1.748399 -5.000002 -3.141593 0.004007 -1.539299
 53 5.500000 0.000000 0.000000 -0.128883 -0.000000 0.000000
 54 0.000001 -0.000000 -4.999998 -0.044472 3.137590 -0.000177
 55 6.551490 -0.000001 -0.000000 0.128883 0.072716 -0.516215
 56 -1.266842 -1.937443 -4.950557 -0.066572 -2.988806 -0.110308
 57 6.551491 -0.000001 -0.000001 0.128883 0.072716 -0.516215
 58 0.699370 -1.944208 -5.006846 -0.027189 -3.088217 0.005298
 59 4.226143 -0.003200 -0.000000 0.076288 -0.054404 -0.043857
 60 0.000001 5.000000 -0.000001 -0.153564 0.000087 2.718702
 61 0.000004 -0.000005 -3.713580 0.365818 2.880119 -0.191589
 62 0.000002 0.000000 5.000000 3.053196 1.558589 -0.074928
 63 -0.000007 0.000005 3.713580 -0.001619 -3.122277 -0.475127
 64 0.000002 -0.000000 -5.000000 -0.088726 1.558589 3.066335
 65 7.363602 1.646647 0.495663 3.141593 -1.570796 0.000000
 66 -0.000005 0.000006 3.619081 0.008255 -3.110080 -0.985231
 67 16.573919 0.000001 -0.000000 -0.000000 -0.000000 -1.065827
 68 15.128181 0.000000 0.000000 -0.102296 0.010178 0.114297
 69 5.758665 4.244730 0.000000 0.000000 0.000000 1.667687
 70 3.177726 0.000000 0.000000 0.000000 0.000000 3.141593
 71 15.708953 0.000001 0.000000 -0.051525 0.003996 0.061523
 72 0.275148 0.189215 -3.445208 3.130898 0.000409 -1.514604
 73 17.210192 0.000000 -0.000000 -0.000000 -0.000000 -1.893339
 74 -0.000000 -0.000000 -4.999999 -0.079433 1.546568 -1.570857
 75 0.000002 -0.000003 -3.619081 0.577895 2.675801 -0.242118
 76 16.573921 -0.000001 -0.000002 -0.000000 -0.000000 -1.163030
 77 15.128181 0.000001 0.000001 0.089479 0.309197 0.659208
 78 5.758666 4.244730 -0.000001 -0.000000 -0.000000 1.815142
 79 4.003934 -0.000000 0.000001 0.000000 0.000000 0.000000
 80 15.708953 0.000001 0.000001 0.042277 0.226871 0.443133
 81 0.273998 0.191089 3.439763 -3.130907 -0.000437 -1.508107
 82 17.210194 -0.000001 -0.000002 0.000000 -0.000000 -1.937080
 83 -0.000000 -0.000001 5.000000 -0.079319 1.595025 -1.570742
time 5
  0 -0.650000 0.000000 33.899605 -0.025849 0.174554 -1.569172
  1 5.685103 0.833236 -32.227173 -0.174512 -0.026131 1.569196
  2 -2.276935 0.000003 -1.238188 -1.570795 -1.570451 0.000000
  3 1.796931 0.711826 -0.000396 0.120903 0.103006 -0.052526
  4 4.118463 -0.003253 -0.000394 0.120694 0.055784 -0.035347
  5 4.118896 -0.003244 -0.000387 0.118225 -0.046067 0.084266
  6 4.119555 -0.002706 -0.001587 0.505644 -0.035914 0.319361
  7 4.118378 -0.003491 -0.000532 0.151631 -0.098502 -0.079145
  8 4.443598 0.000000 0.000000 0.604472 0.180820 -0.395187
  9 9.024064 0.000000 0.000000 0.000000 0.000000 0.000000
 10 0.170401 0.263995 1.704537 -2.740722 -1.404280 -0.340005
 11 6.384777 0.000001 0.000001 1.566115 2.250104 1.233852
 12 10.242682 0.000000 -0.000000 0.000000 0.000000 -2.001832
 13 11.375562 -0.000002 -0.000001 -2.650930 0.309399 -0.013642
 14 0.728682 0.023432 -1.008295 1.705251 0.347372 0.567022
 15 2.136499 -0.000000 -0.000000 -0.000000 -0.000000 0.287979
 16 2.313138 -0.000001 -0.000000 0.000000 0.000000 0.000000
 17 3.115506 -0.886042 -0.021431 -0.000782 0.000152 0.191986
 18 2.011148 -0.000001 0.000001 -0.000000 0.000000 0.659566
 19 2.141379 -0.000000 -0.000000 0.000000 0.000000 0.000000
 20 1.734173 0.000002 -0.000003 0.000000 -0.000000 0.330185
 21 0.000007 -4.440593 0.000003 1.570544 -0.062990 -0.195737
 22 6.000000 -0.000002 -0.000000 -2.395068 0.000000 -0.000000
 23 0.000001 -4.440600 -0.000001 1.569944 -0.062987 0.004053
 24 11.375561 -0.000001 0.000002 -2.101379 0.173460 0.041347
 25 -0.000000 -4.440603 -0.000000 1.570144 -0.062988 0.004040
 26 10.510129 0.000000 -0.000000 -0.000000 0.000000 -2.571712
 27 0.000002 -1.748401 4.999999 0.000000 0.004007 1.602291
 28 5.500000 0.000001 -0.000001 0.147295 -0.000000 0.000000
 29 -0.000002 -1.940599 5.000000 -0.044472 0.004003 -0.000180
 30 6.551491 0.000001 -0.000001 -0.826730 0.970589 -1.258057
 31 0.000000 -1.940598 5.000002 -0.027189 -0.053376 0.005295
 32 6.551491 0.000001 -0.000001 -0.090115 0.446845 -0.294133
 33 -0.000000 -1.940598 4.999997 -0.066572 -0.152786 -0.110311
 34 -0.170401 -0.256917 -1.704537 0.262460 1.485811 -2.814652
 35 6.384777 -0.000001 0.000001 0.171502 0.371647 -1.795558
 36 10.242682 0.000001 -0.000001 0.000000 -0.000000 -1.154571
 37 11.375560 -0.000000 0.000001 2.736347 0.583659 0.380474
 38 0.728679 0.023431 1.008291 -1.539000 -0.370199 0.101110
 39 2.136497 -0.000000 0.000000 -0.000000 0.000000 0.287979
 40 2.313138 -0.000000 -0.000000 0.000000 0.000000 3.141593
 41 3.115505 -0.886041 0.021430 0.495459 0.148146 0.639838
 42 2.011151 0.000000 0.000003 0.000000 0.000000 2.038377
 43 2.141380 0.000001 -0.000002 0.000000 0.000000 3.141593
 44 1.734172 0.000000 0.000003 0.000000 0.000000 1.019987
 45 0.136315 -3.738194 2.525889 1.493698 2.759406 -1.474501
 46 5.031115 -0.189687 1.849663 -2.967941 -0.035742 1.570790
 47 11.389367 -0.000820 0.158781 2.096106 0.356694 0.088417
 48 0.000000 -4.440599 -0.000000 1.570144 -3.078602 0.004040
 49 6.000002 -0.000001 -0.000002 2.096106 -0.000000 0.000000
 50 0.000001 -4.440601 -0.000001 1.569944 -3.078603 0.004053
 51 10.510131 0.000001 0.000001 -0.000000 0.000000 -2.148082
 52 0.000000 -1.748399 -5.000002 -3.141593 0.004007 -1.539299
 53 5.500000 0.000000 0.000000 -0.128883 -0.000000 0.000000
 54 0.000001 -0.000000 -4.999998 -0.044472 3.137590 -0.000177
 55 6.551490 -0.000001 -0.000000 0.128883 0.072716 -0.516215
 56 -1.266842 -1.937443 -4.950557 -0.066572 -2.988806 -0.110308
 57 6.551491 -0.000001 -0.000001 0.128883 0.072716 -0.516215
 58 0.699370 -1.944208 -5.006846 -0.027189 -3.088217 0.005298
 59 4.226143 -0.003200 -0.000000 0.076288 -0.054404 -0.043857
 60 0.000001 5.000000 -0.000001 -0.153564 0.000087 2.718702
 61 0.000004 -0.000005 -3.713580 0.365818 2.880119 -0.191589
 62 0.000002 0.000000 5.000000 3.053196 1.558589 -0.074928
 63 -0.000007 0.000005 3.713580 -0.001619 -3.122277 -0.475127
 64 0.000002 -0.000000 -5.000000 -0.088726 1.558589 3.066335
 65 7.363602 1.646647 0.495663 3.141593 -1.570796 0.000000
 66 -0.000005 0.000006 3.619081 0.008255 -3.110080 -0.985231
 67 16.573919 0.000001 -0.000000 -0.000000 -0.000000 -1.065827
 68 15.128181 0.000000 0.000000 -0.102296 0.010178 0.114297
 69 5.758665 4.244730 0.000000 0.000000 0.000000 1.667687
 70 3.177726 0.000000 0.000000 0.000000 0.000000 3.141593
 71 15.708953 0.000001 0.000000 -0.051525 0.003996 0.061523
 72 0.275148 0.189215 -3.445208 3.130898 0.000409 -1.514604
 73 17.210192 0.000000 -0.000000 -0.000000 -0.000000 -1.893339
 74 -0.000000 -0.000000 -4.999999 -0.079433 1.546568 -1.570857
 75 0.000002 -0.000003 -3.619081 0.577895 2.675801 -0.242118
 76 16.573921 -0.000001 -0.000002 -0.000000 -0.000000 -1.163030
 77 15.128181 0.000001 0.000001 0.089479 0.309197 0.659208
 78 5.758666 4.244730 -0.000001 -0.000000 -0.000000 1.815142
 79 4.003934 -0.000000 0.000001 0.000000 0.000000 0.000000
 80 15.708953 0.000001 0.000001 0.042277 0.226871 0.443133
 81 0.273998 0.191089 3.439763 -3.130907 -0.000437 -1.508107
 82 17.210194 -0.000001 -0.000002 0.000000 -0.000000 -1.937080
 83 -0.000000 -0.000001 5.000000 -0.079319 1.595025 -1.570742
time 6
  0 -0.650000 0.000000 33.899605 -0.025849 0.174554 -1.569172
  1 5.685103 0.833236 -32.227173 -0.174512 -0.026131 1.569196
  2 -2.276935 0.000003 -1.238188 -1.570795 -1.570451 0.000000
  3 1.796931 0.711826 -0.000396 0.120903 0.103006 -0.052526
  4 4.118463 -0.003253 -0.000394 0.120694 0.055784 -0.035347
  5 4.118896 -0.003244 -0.000387 0.118225 -0.046067 0.084266
  6 4.119555 -0.002706 -0.001587 0.505644 -0.035914 0.319361
  7 4.118378 -0.003491 -0.000532 0.151631 -0.098502 -0.079145
  8 4.443598 0.000000 0.000000 0.604472 0.180820 -0.395187
  9 9.024064 0.000000 0.000000 0.000000 0.000000 0.000000
 10 0.170401 0.263995 1.704537 -2.740722 -1.404280 -0.340005
 11 6.384777 0.000001 0.000001 1.566115 2.250104 1.233852
 12 10.242682 0.000000 -0.000000 0.000000 0.000000 -2.001832
 13 11.375562 -0.000002 -0.000001 -2.650930 0.309399 -0.013642
 14 0.728682 0.023432 -1.008295 1.705251 0.347372 0.567022
 15 2.136499 -0.000000 -0.000000 -0.000000 -0.000000 0.287979
 16 2.313138 -0.000001 -0.000000 0.000000 0.000000 0.000000
 17 3.115506 -0.886042 -0.021431 -0.000782 0.000152 0.191986
 18 2.011148 -0.000001 0.000001 -0.000000 0.000000 0.659566
 19 2.141379 -0.000000 -0.000000 0.000000 0.000000 0.000000
 20 1.734173 0.000002 -0.000003 0.000000 -0.000000 0.330185
 21 0.000007 -4.440593 0.000003 1.570544 -0.062990 -0.195737
 22 6.000000 -0.000002 -0.000000 -2.395068 0.000000 -0.000000
 23 0.000001 -4.440600 -0.000001 1.569944 -0.062987 0.004053
 24 11.375561 -0.000001 0.000002 -2.101379 0.173460 0.041347
 25 -0.000000 -4.440603 -0.000000 1.570144 -0.062988 0.004040
 26 10.510129 0.000000 -0.000000 -0.000000 0.000000 -2.571712
 27 0.000002 -1.748401 4.999999 0.000000 0.004007 1.602291
 28 5.500000 0.000001 -0.000001 0.147295 -0.000000 0.000000
 29 -0.000002 -1.940599 5.000000 -0.044472 0.004003 -0.000180
 30 6.551491 0.000001 -0.000001 -0.826730 0.970589 -1.258057
 31 0.000000 -1.940598 5.000002 -0.027189 -0.053376 0.005295
 32 6.551491 0.000001 -0.000001 -0.090115 0.446845 -0.294133
 33 -0.000000 -1.940598 4.999997 -0.066572 -0.152786 -0.110311
 34 -0.170401 -0.256917 -1.704537 0.262460 1.485811 -2.814652
 35 6.384777 -0.000001 0.000001 0.171502 0.371647 -1.795558
 36 10.242682 0.000001 -0.000001 0.000000 -0.000000 -1.154571
 37 11.375560 -0.000000 0.000001 2.736347 0.583659 0.380474
 38 0.728679 0.023431 1.008291 -1.539000 -0.370199 0.101110
 39 2.136497 -0.000000 0.000000 -0.000000 0.000000 0.287979
 40 2.313138 -0.000000 -0.000000 0.000000 0.000000 3.141593
 41 3.115505 -0.886041 0.021430 0.495459 0.148146 0.639838
 42 2.011151 0.000000 0.000003 0.000000 0.000000 2.038377
 43 2.141380 0.000001 -0.000002 0.000000 0.000000 3.141593
 44 1.734172 0.000000 0.000003 0.000000 0.000000 1.019987
 45 0.136315 -3.738194 2.525889 1.493698 2.759406 -1.474501
 46 5.031115 -0.189687 1.849663 -2.967941 -0.035742 1.570790
 47 11.389367 -0.000820 0.158781 2.096106 0.356694 0.088417
 48 0.000000 -4.440599 -0.000000 1.570144 -3.078602 0.004040
 49 6.000002 -0.000001 -0.000002 2.096106 -0.000000 0.000000
 50 0.000001 -4.440601 -0.000001 1.569944 -3.078603 0.004053
 51 10.510131 0.000001 0.000001 -0.000000 0.000000 -2.148082
 52 0.000000 -1.748399 -5.000002 -3.141593 0.004007 -1.539299
 53 5.500000 0.000000 0.000000 -0.128883 -0.000000 0.000000
 54 0.000001 -0.000000 -4.999998 -0.044472 3.137590 -0.000177
 55 6.551490 -0.000001 -0.000000 0.128883 0.072716 -0.516215
 56 -1.266842 -1.937443 -4.950557 -0.066572 -2.988806 -0.110308
 57 6.551491 -0.000001 -0.000001 0.128883 0.072716 -0.516215
 58 0.699370 -1.944208 -5.006846 -0.027189 -3.088217 0.005298
 59 4.226143 -0.003200 -0.000000 0.076288 -0.054404 -0.043857
 60 0.000001 5.000000 -0.000001 -0.153564 0.000087 2.718702
 61 0.000004 -0.000005 -3.713580 0.365818 2.880119 -0.191589
 62 0.000002 0.000000 5.000000 3.053196 1.558589 -0.074928
 63 -0.000007 0.000005 3.713580 -0.001619 -3.122277 -0.475127
 64 0.000002 -0.000000 -5.000000 -0.088726 1.558589 3.066335
 65 7.363602 1.646647 0.495663 3.141593 -1.570796 0.000000
 66 -0.000005 0.000006 3.619081 0.008255 -3.110080 -0.985231
 67 16.573919 0.000001 -0.000000 -0.000000 -0.000000 -1.065827
 68 15.128181 0.000000 0.000000 -0.102296 0.010178 0.114297
 69 5.758665 4.244730 0.000000 0.000000 0.000000 1.667687
 70 3.177726 0.000000 0.000000 0.000000 0.000000 3.141593
 71 15.708953 0.000001 0.000000 -0.051525 0.003996 0.061523
 72 0.275148 0.189215 -3.445208 3.130898 0.000409 -1.514604
 73 17.210192 0.000000 -0.000000 -0.000000 -0.000000 -1.893339
 74 -0.000000 -0.000000 -4.999999 -0.079433 1.546568 -1.570857
 75 0.000002 -0.000003 -3.619081 0.577895 2.675801 -0.242118
 76 16.573921 -0.000001 -0.000002 -0.000000 -0.000000 -1.163030
 77 15.128181 0.000001 0.000001 0.089479 0.309197 0.659208
 78 5.758666 4.244730 -0.000001 -0.000000 -0.000000 1.815142
 79 4.003934 -0.000000 0.000001 0.000000 0.000000 0.000000
 80 15.708953 0.000001 0.000001 0.042277 0.226871 0.443133
 81 0.273998 0.191089 3.439763 -3.130907 -0.000437 -1.508107
 82 17.210194 -0.000001 -0.000002 0.000000 -0.000000 -1.937080
 83 -0.000000 -0.000001 5.000000 -0.079319 1.595025 -1.570742
time 7
  0 -0.650000 0.000000 33.899605 -0.025849 0.174554 -1.569172
  1 5.685103 0.833236 -32.227173 -0.174512 -0.026131 1.569196
  2 -2.276935 0.000003 -1.238188 -1.570795 -1.570451 0.000000
  3 1.796931 0.711826 -0.000396 0.120903 0.103006 -0.052526
  4 4.118463 -0.003253 -0.000394 0.120694 0.055784 -0.035347
  5 4.118896 -0.003244 -0.000387 0.118225 -0.046067 0.084266
  6 4.119555 -0.002706 -0.001587 0.505644 -0.035914 0.319361
  7 4.118378 -0.003491 -0.000532 0.151631 -0.098502 -0.079145
  8 4.443598 0.000000 0.000000 0.604472 0.180820 -0.395187
  9 9.024064 0.000000 0.000000 0.000000 0.000000 0.000000
 10 0.170401 0.263995 1.704537 -2.740722 -1.404280 -0.340005
 11 6.384777 0.000001 0.000001 1.566115 2.250104 1.233852
 12 10.242682 0.000000 -0.000000 0.000000 0.000000 -2.001832
 13 11.375562 -0.000002 -0.000001 -2.650930 0.309399 -0.013642
 14 0.728682 0.023432 -1.008295 1.705251 0.347372 0.567022
 15 2.136499 -0.000000 -0.000000 -0.000000 -0.000000 0.287979
 16 2.313138 -0.000001 -0.000000 0.000000 0.000000 0.000000
 17 3.115506 -0.886042 -0.021431 -0.000782 0.000152 0.191986
 18 2.011148 -0.000001 0.000001 -0.000000 0.000000 0.659566
 19 2.141379 -0.000000 -0.000000 0.000000 0.000000 0.000000
 20 1.734173 0.000002 -0.000003 0.000000 -0.000000 0.330185
 21 0.000007 -4.440593 0.000003 1.570544 -0.062990 -0.195737
 22 6.000000 -0.000002 -0.000000 -2.395068 0.000000 -0.000000
 23 0.000001 -4.440600 -0.000001 1.569944 -0.062987 0.004053
 24 11.375561 -0.000001 0.000002 -2.101379 0.173460 0.041347
 25 -0.000000 -4.440603 -0.000000 1.570144 -0.062988 0.004040
 26 10.510129 0.000000 -0.000000 -0.000000 0.000000 -2.571712
 27 0.000002 -1.748401 4.999999 0.000000 0.004007 1.602291
 28 5.500000 0.000001 -0.000001 0.147295 -0.000000 0.000000
 29 -0.000002 -1.940599 5.000000 -0.044472 0.004003 -0.000180
 30 6.551491 0.000001 -0.000001 -0.826730 0.970589 -1.258057
 31 0.000000 -1.940598 5.000002 -0.027189 -0.053376 0.005295
 32 6.551491 0.000001 -0.000001 -0.090115 0.446845 -0.294133
 33 -0.000000 -1.940598 4.999997 -0.066572 -0.152786 -0.110311
 34 -0.170401 -0.256917 -1.704537 0.262460 1.485811 -2.814652
 35 6.384777 -0.000001 0.000001 0.171502 0.371647 -1.795558
 36 10.242682 0.000001 -0.000001 0.000000 -0.000000 -1.154571
 37 11.375560 -0.000000 0.000001 2.736347 0.583659 0.380474
 38 0.728679 0.023431 1.008291 -1.539000 -0.370199 0.101110
 39 2.136497 -0.000000 0.000000 -0.000000 0.000000 0.287979
 40 2.313138 -0.000000 -0.000000 0.000000 0.000000 3.141593
 41 3.115505 -0.886041 0.021430 0.495459 0.148146 0.639838
 42 2.011151 0.000000 0.000003 0.000000 0.000000 2.038377
 43 2.141380 0.000001 -0.000002 0.000000 0.000000 3.141593
 44 1.734172 0.000000 0.000003 0.000000 0.000000 1.019987
 45 0.136315 -3.738194 2.525889 1.493698 2.759406 -1.474501
 46 5.031115 -0.189687 1.849663 -2.967941 -0.035742 1.570790
 47 11.389367 -0.000820 0.158781 2.096106 0.356694 0.088417
 48 0.000000 -4.440599 -0.000000 1.570144 -3.078602 0.004040
 49 6.000002 -0.000001 -0.000002 2.096106 -0.000000 0.000000
 50 0.000001 -4.440601 -0.000001 1.569944 -3.078603 0.004053
 51 10.510131 0.000001 0.000001 -0.000000 0.000000 -2.148082
 52 0.000000 -1.748399 -5.000002 -3.141593 0.004007 -1.539299
 53 5.500000 0.000000 0.000000 -0.128883 -0.000000 0.000000
 54 0.000001 -0.000000 -4.999998 -0.044472 3.137590 -0.000177
 55 6.551490 -0.000001 -0.000000 0.128883 0.072716 -0.516215
 56 -1.266842 -1.937443 -4.950557 -0.066572 -2.988806 -0.110308
 57 6.551491 -0.000001 -0.000001 0.128883 0.072716 -0.516215
 58 0.699370 -1.944208 -5.006846 -0.027189 -3.088217 0.005298
 59 4.226143 -0.003200 -0.000000 0.076288 -0.054404 -0.043857
 60 0.000001 5.000000 -0.000001 -0.153564 0.000087 2.718702
 61 0.000004 -0.000005 -3.713580 0.365818 2.880119 -0.191589
 62 0.000002 0.000000 5.000000 3.053196 1.558589 -0.074928
 63 -0.000007 0.000005 3.713580 -0.001619 -3.122277 -0.475127
 64 0.000002 -0.000000 -5.000000 -0.088726 1.558589 3.066335
 65 7.363602 1.646647 0.495663 3.141593 -1.570796 0.000000
 66 -0.000005 0.000006 3.619081 0.008255 -3.110080 -0.985231
 67 16.573919 0.000001 -0.000000 -0.000000 -0.000000 -1.065827
 68 15.128181 0.000000 0.000000 -0.102296 0.010178 0.114297
 69 5.758665 4.244730 0.000000 0.000000 0.000000 1.667687
 70 3.177726 0.000000 0.000000 0.000000 0.000000 3.141593
 71 15.708953 0.000001 0.000000 -0.051525 0.003996 0.061523
 72 0.275148 0.189215 -3.445208 3.130898 0.000409 -1.514604
 73 17.210192 0.000000 -0.000000 -0.000000 -0.000000 -1.893339
 74 -0.000000 -0.000000 -4.999999 -0.079433 1.546568 -1.570857
 75 0.000002 -0.000003 -3.619081 0.577895 2.675801 -0.242118
 76 16.573921 -0.000001 -0.000002 -0.000000 -0.000000 -1.163030
 77 15.128181 0.000001 0.000001 0.089479 0.309197 0.659208
 78 5.758666 4.244730 -0.000001 -0.000000 -0.000000 1.815142
 79 4.003934 -0.000000 0.000001 0.000000 0.000000 0.000000
 80 15.708953 0.000001 0.000001 0.042277 0.226871 0.443133
 81 0.273998 0.191089 3.439763 -3.130907 -0.000437 -1.508107
 82 17.210194 -0.000001 -0.000002 0.000000 -0.000000 -1.937080
 83 -0.000000 -0.000001 5.000000 -0.079319 1.595025 -1.570742
time 8
  0 -0.650000 0.000000 33.899605 -0.025849 0.174554 -1.569172
  1 5.685103 0.833236 -32.227173 -0.174512 -0.026131 1.569196
  2 -2.276935 0.000003 -1.238188 -1.570795 -1.570451 0.000000
  3 1.796931 0.711826 -0.000396 0.120903 0.103006 -0.052526
  4 4.118463 -0.003253 -0.000394 0.120694 0.055784 -0.035347
  5 4.118896 -0.003244 -0.000387 0.118225 -0.046067 0.084266
  6 4.119555 -0.002706 -0.001587 0.505644 -0.035914 0.319361
  7 4.118378 -0.003491 -0.000532 0.151631 -0.098502 -0.079145
  8 4.443598 0.000000 0.000000 0.604472 0.180820 -0.395187
  9 9.024064 0.000000 0.000000 0.000000 0.000000 0.000000
 10 0.170401 0.263995 1.704537 -2.740722 -1.404280 -0.340005
 11 6.384777 0.000001 0.000001 1.566115 2.250104 1.233852
 12 10.242682 0.000000 -0.000000 0.000000 0.000000 -2.001832
 13 11.375562 -0.000002 -0.000001 -2.650930 0.309399 -0.013642
 14 0.728682 0.023432 -1.008295 1.705251 0.347372 0.567022
 15 2.136499 -0.000000 -0.000000 -0.000000 -0.000000 0.287979
 16 2.313138 -0.000001 -0.000000 0.000000 0.000000 0.000000
 17 3.115506 -0.886042 -0.021431 -0.000782 0.000152 0.191986
 18 2.011148 -0.000001 0.000001 -0.000000 0.000000 0.659566
 19 2.141379 -0.000000 -0.000000 0.000000 0.000000 0.000000
 20 1.734173 0.000002 -0.000003 0.000000 -0.000000 0.330185
 21 0.000007 -4.440593 0.000003 1.570544 -0.062990 -0.195737
 22 6.000000 -0.000002 -0.000000 -2.395068 0.000000 -0.000000
 23 0.000001 -4.440600 -0.000001 1.569944 -0.062987 0.004053
 24 11.375561 -0.000001 0.000002 -2.101379 0.173460 0.041347
 25 -0.000000 -4.440603 -0.000000 1.570144 -0.062988 0.004040
 26 10.510129 0.000000 -0.000000 -0.000000 0.000000 -2.571712
 27 0.000002 -1.748401 4.999999 0.000000 0.004007 1.602291
 28 5.500000 0.000001 -0.000001 0.147295 -0.000000 0.000000
 29 -0.000002 -1.940599 5.000000 -0.044472 0.004003 -0.000180
 30 6.551491 0.000001 -0.000001 -0.826730 0.970589 -1.258057
 31 0.000000 -1.940598 5.000002 -0.027189 -0.053376 0.005295
 32 6.551491 0.000001 -0.000001 -0.090115 0.446845 -0.294133
 33 -0.000000 -1.940598 4.999997 -0.066572 -0.152786 -0.110311
 34 -0.170401 -0.256917 -1.704537 0.262460 1.485811 -2.814652
 35 6.384777 -0.000001 0.000001 0.171502 0.371647 -1.795558
 36 10.242682 0.000001 -0.000001 0.000000 -0.000000 -1.154571
 37 11.375560 -0.000000 0.000001 2.736347 0.583659 0.380474
 38 0.728679 0.023431 1.008291 -1.539000 -0.370199 0.101110
 39 2.136497 -0.000000 0.000000 -0.000000 0.000000 0.287979
 40 2.313138 -0.000000 -0.000000 0.000000 0.000000 3.141593
 41 3.115505 -0.886041 0.021430 0.495459 0.148146 0.639838
 42 2.011151 0.000000 0.000003 0.000000 0.000000 2.038377
 43 2.141380 0.000001 -0.000002 0.000000 0.000000 3.141593
 44 1.734172 0.000000 0.000003 0.000000 0.000000 1.019987
 45 0.136315 -3.738194 2.525889 1.493698 2.759406 -1.474501
 46 5.031115 -0.189687 1.849663 -2.967941 -0.035742 1.570790
 47 11.389367 -0.000820 0.158781 2.096106 0.356694 0.088417
 48 0.000000 -4.440599 -0.000000 1.570144 -3.078602 0.004040
 49 6.000002 -0.000001 -0.000002 2.096106 -0.000000 0.000000
 50 0.000001 -4.440601 -0.000001 1.569944 -3.078603 0.004053
 51 10.510131 0.000001 0.000001 -0.000000 0.000000 -2.148082
 52 0.000000 -1.748399 -5.000002 -3.141593 0.004007 -1.539299
 53 5.500000 0.000000 0.000000 -0.128883 -0.000000 0.000000
 54 0.000001 -0.000000 -4.999998 -0.044472 3.137590 -0.000177
 55 6.551490 -0.000001 -0.000000 0.128883 0.072716 -0.516215
 56 -1.266842 -1.937443 -4.950557 -0.066572 -2.988806 -0.110308
 57 6.551491 -0.000001 -0.000001 0.128883 0.072716 -0.516215
 58 0.699370 -1.944208 -5.006846 -0.027189 -3.088217 0.005298
 59 4.226143 -0.003200 -0.000000 0.076288 -0.054404 -0.043857
 60 0.000001 5.000000 -0.000001 -0.153564 0.000087 2.718702
 61 0.000004 -0.000005 -3.713580 0.365818 2.880119 -0.191589
 62 0.000002 0.000000 5.000000 3.053196 1.558589 -0.074928
 63 -0.000007 0.000005 3.713580 -0.001619 -3.122277 -0.475127
 64 0.000002 -0.000000 -5.000000 -0.088726 1.558589 3.066335
 65 7.363602 1.646647 0.495663 3.141593 -1.570796 0.000000
 66 -0.000005 0.000006 3.619081 0.008255 -3.110080 -0.985231
 67 16.573919 0.000001 -0.000000 -0.000000 -0.000000 -1.065827
 68 15.128181 0.000000 0.000000 -0.102296 0.010178 0.114297
 69 5.758665 4.244730 0.000000 0.000000 0.000000 1.667687
 70 3.177726 0.000000 0.000000 0.000000 0.000000 3.141593
 71 15.708953 0.000001 0.000000 -0.051525 0.003996 0.061523
 72 0.275148 0.189215 -3.445208 3.130898 0.000409 -1.514604
 73 17.210192 0.000000 -0.000000 -0.000000 -0.000000 -1.893339
 74 -0.000000 -0.000000 -4.999999 -0.079433 1.546568 -1.570857
 75 0.000002 -0.000003 -3.619081 0.577895 2.675801 -0.242118
 76 16.573921 -0.000001 -0.000002 -0.000000 -0.000000 -1.163030
 77 15.128181 0.000001 0.000001 0.089479 0.309197 0.659208
 78 5.758666 4.244730 -0.000001 -0.000000 -0.000000 1.815142
 79 4.003934 -0.000000 0.000001 0.000000 0.000000 0.000000
 80 15.708953 0.000001 0.000001 0.042277 0.226871 0.443133
 81 0.273998 0.191089 3.439763 -3.130907 -0.000437 -1.508107
 82 17.210194 -0.000001 -0.000002 0.000000 -0.000000 -1.937080
 83 -0.000000 -0.000001 5.000000 -0.079319 1.595025 -1.570742
time 9
  0 -0.650000 0.000000 33.899605 -0.025849 0.174554 -1.569172
  1 5.685103 0.833236 -32.227173 -0.174512 -0.026131 1.569196
  2 -2.276935 0.000003 -1.238188 -1.570795 -1.570451 0.000000
  3 1.796931 0.711826 -0.000396 0.120903 0.103006 -0.052526
  4 4.118463 -0.003253 -0.000394 0.120694 0.055784 -0.035347
  5 4.118896 -0.003244 -0.000387 0.118225 -0.046067 0.084266
  6 4.119555 -0.002706 -0.001587 0.505644 -0.035914 0.319361
  7 4.118378 -0.003491 -0.000532 0.151631 -0.098502 -0.079145
  8 4.443598 0.000000 0.000000 0.604472 0.180820 -0.395187
  9 9.024064 0.000000 0.000000 0.000000 0.000000 0.000000
 10 0.170401 0.263995 1.704537 -2.740722 -1.404280 -0.340005
 11 6.384777 0.000001 0.000001 1.566115 2.250104 1.233852
 12 10.242682 0.000000 -0.000000 0.000000 0.000000 -2.001832
 13 11.375562 -0.000002 -0.000001 -2.650930 0.309399 -0.013642
 14 0.728682 0.023432 -1.008295 1.705251 0.347372 0.567022
 15 2.136499 -0.000000 -0.000000 -0.000000 -0.000000 0.287979
 16 2.313138 -0.000001 -0.000000 0.000000 0.000000 0.000000
 17 3.115506 -0.886042 -0.021431 -0.000782 0.000152 0.191986
 18 2.011148 -0.000001 0.000001 -0.000000 0.000000 0.659566
 19 2.141379 -0.000000 -0.000000 0.000000 0.000000 0.000000
 20 1.734173 0.000002 -0.000003 0.000000 -0.000000 0.330185
 21 0.000007 -4.440593 0.000003 1.570544 -0.062990 -0.195737
 22 6.000000 -0.000002 -0.000000 -2.395068 0.000000 -0.000000
 23 0.000001 -4.440600 -0.000001 1.569944 -0.062987 0.004053
 24 11.375561 -0.000001 0.000002 -2.101379 0.173460 0.041347
 25 -0.000000 -4.440603 -0.000000 1.570144 -0.062988 0.004040
 26 10.510129 0.000000 -0.000000 -0.000000 0.000000 -2.571712
 27 0.000002 -1.748401 4.999999 0.000000 0.004007 1.602291
 28 5.500000 0.000001 -0.000001 0.147295 -0.000000 0.000000
 29 -0.000002 -1.940599 5.000000 -0.044472 0.004003 -0.000180
 30 6.551491 0.000001 -0.000001 -0.826730 0.970589 -1.258057
 31 0.000000 -1.940598 5.000002 -0.027189 -0.053376 0.005295
 32 6.551491 0.000001 -0.000001 -0.090115 0.446845 -0.294133
 33 -0.000000 -1.940598 4.999997 -0.066572 -0.152786 -0.110311
 34 -0.170401 -0.256917 -1.704537 0.262460 1.485811 -2.814652
 35 6.384777 -0.000001 0.000001 0.171502 0.371647 -1.795558
 36 10.242682 0.000001 -0.000001 0.000000 -0.000000 -1.154571
 37 11.375560 -0.000000 0.000001 2.736347 0.583659 0.380474
 38 0.728679 0.023431 1.008291 -1.539000 -0.370199 0.101110
 39 2.136497 -0.000000 0.000000 -0.000000 0.000000 0.287979
 40 2.313138 -0.000000 -0.000000 0.000000 0.000000 3.141593
 41 3.115505 -0.886041 0.021430 0.495459 0.148146 0.639838
 42 2.011151 0.000000 0.000003 0.000000 0.000000 2.038377
 43 2.141380 0.000001 -0.000002 0.000000 0.000000 3.141593
 44 1.734172 0.000000 0.000003 0.000000 0.000000 1.019987
 45 0.136315 -3.738194 2.525889 1.493698 2.759406 -1.474501
 46 5.031115 -0.189687 1.849663 -2.967941 -0.035742 1.570790
 47 11.389367 -0.000820 0.158781 2.096106 0.356694 0.088417
 48 0.000000 -4.440599 -0.000000 1.570144 -3.078602 0.004040
 49 6.000002 -0.000001 -0.000002 2.096106 -0.000000 0.000000
 50 0.000001 -4.440601 -0.000001 1.569944 -3.078603 0.004053
 51 10.510131 0.000001 0.000001 -0.000000 0.000000 -2.148082
 52 0.000000 -1.748399 -5.000002 -3.141593 0.004007 -1.539299
 53 5.500000 0.000000 0.000000 -0.128883 -0.000000 0.000000
 54 0.000001 -0.000000 -4.999998 -0.044472 3.137590 -0.000177
 55 6.551490 -0.000001 -0.000000 0.128883 0.072716 -0.516215
 56 -1.266842 -1.937443 -4.950557 -0.066572 -2.988806 -0.110308
 57 6.551491 -0.000001 -0.000001 0.128883 0.072716 -0.516215
 58 0.699370 -1.944208 -5.006846 -0.027189 -3.088217 0.005298
 59 4.226143 -0.003200 -0.000000 0.076288 -0.054404 -0.043857
 60 0.000001 5.000000 -0.000001 -0.153564 0.000087 2.718702
 61 0.000004 -0.000005 -3.713580 0.365818 2.880119 -0.191589
 62 0.000002 0.000000 5.000000 3.053196 1.558589 -0.074928
 63 -0.000007 0.000005 3.713580 -0.001619 -3.122277 -0.475127
 64 0.000002 -0.000000 -5.000000 -0.088726 1.558589 3.066335
 65 7.363602 1.646647 0.495663 3.141593 -1.570796 0.000000
 66 -0.000005 0.000006 3.619081 0.008255 -3.110080 -0.985231
 67 16.573919 0.000001 -0.000000 -0.000000 -0.000000 -1.065827
 68 15.128181 0.000000 0.000000 -0.102296 0.010178 0.114297
 69 5.758665 4.244730 0.000000 0.000000 0.000000 1.667687
 70 3.177726 0.000000 0.000000 0.000000 0.000000 3.141593
 71 15.708953 0.000001 0.000000 -0.051525 0.003996 0.061523
 72 0.275148 0.189215 -3.445208 3.130898 0.000409 -1.514604
 73 17.210192 0.000000 -0.000000 -0.000000 -0.000000 -1.893339
 74 -0.000000 -0.000000 -4.999999 -0.079433 1.546568 -1.570857
 75 0.000002 -0.000003 -3.619081 0.577895 2.675801 -0.242118
 76 16.573921 -0.000001 -0.000002 -0.000000 -0.000000 -1.163030
 77 15.128181 0.000001 0.000001 0.089479 0.309197 0.659208
 78 5.758666 4.244730 -0.000001 -0.000000 -0.000000 1.815142
 79 4.003934 -0.000000 0.000001 0.000000 0.000000 0.000000
 80 15.708953 0.000001 0.000001 0.042277 0.226871 0.443133
 81 0.273998 0.191089 3.439763 -3.130907 -0.000437 -1.508107
 82 17.210194 -0.000001 -0.000002 0.000000 -0.000000 -1.937080
 83 -0.000000 -0.000001 5.000000 -0.079319 1.595025 -1.570742
time 10
  0 -0.650000 0.000000 33.899605 -0.025849 0.174554 -1.569172
  1 5.685103 0.833236 -32.227173 -0.174512 -0.026131 1.569196
  2 -2.276935 0.000003 -1.238188 -1.570795 -1.570451 0.000000
  3 1.796931 0.711826 -0.000396 0.120903 0.103006 -0.052526
  4 4.118463 -0.003253 -0.000394 0.120694 0.055784 -0.035347
  5 4.118896 -0.003244 -0.000387 0.118225 -0.046067 0.084266
  6 4.119555 -0.002706 -0.001587 0.505644 -0.035914 0.319361
  7 4.118378 -0.003491 -0.000532 0.151631 -0.098502 -0.079145
  8 4.443598 0.000000 0.000000 0.604472 0.180820 -0.395187
  9 9.024064 0.000000 0.000000 0.000000 0.000000 0.000000
 10 0.170401 0.263995 1.704537 -2.740722 -1.404280 -0.340005
 11 6.384777 0.000001 0.000001 1.566115 2.250104 1.233852
 12 10.242682 0.000000 -0.000000 0.000000 0.000000 -2.001832
 13 11.375562 -0.000002 -0.000001 -2.650930 0.309399 -0.013642
 14 0.728682 0.023432 -1.008295 1.705251 0.347372 0.567022
 15 2.136499 -0.000000 -0.000000 -0.000000 -0.000000 0.287979
 16 2.313138 -0.000001 -0.000000 0.000000 0.000000 0.000000
 17 3.115506 -0.886042 -0.021431 -0.000782 0.000152 0.191986
 18 2.011148 -0.000001 0.000001 -0.000000 0.000000 0.659566
 19 2.141379 -0.000000 -0.000000 0.000000 0.000000 0.000000
 20 1.734173 0.000002 -0.000003 0.000000 -0.000000 0.330185
 21 0.000007 -4.440593 0.000003 1.570544 -0.062990 -0.195737
 22 6.000000 -0.000002 -0.000000 -2.395068 0.000000 -0.000000
 23 0.000001 -4.440600 -0.000001 1.569944 -0.062987 0.004053
 24 11.375561 -0.000001 0.000002 -2.101379 0.173460 0.041347
 25 -0.000000 -4.440603 -0.000000 1.570144 -0.062988 0.004040
 26 10.510129 0.000000 -0.000000 -0.000000 0.000000 -2.571712
 27 0.000002 -1.748401 4.999999 0.000000 0.004007 1.602291
 28 5.500000 0.000001 -0.000001 0.147295 -0.000000 0.000000
 29 -0.000002 -1.940599 5.000000 -0.044472 0.004003 -0.000180
 30 6.551491 0.000001 -0.000001 -0.826730 0.970589 -1.258057
 31 0.000000 -1.940598 5.000002 -0.027189 -0.053376 0.005295
 32 6.551491 0.000001 -0.000001 -0.090115 0.446845 -0.294133
 33 -0.000000 -1.940598 4.999997 -0.066572 -0.152786 -0.110311
 34 -0.170401 -0.256917 -1.704537 0.262460 1.485811 -2.814652
 35 6.384777 -0.000001 0.000001 0.171502 0.371647 -1.795558
 36 10.242682 0.000001 -0.000001 0.000000 -0.000000 -1.154571
 37 11.375560 -0.000000 0.000001 2.736347 0.583659 0.380474
 38 0.728679 0.023431 1.008291 -1.539000 -0.370199 0.101110
 39 2.136497 -0.000000 0.000000 -0.000000 0.000000 0.287979
 40 2.313138 -0.000000 -0.000000 0.000000 0.000000 3.141593
 41 3.115505 -0.886041 0.021430 0.495459 0.148146 0.639838
 42 2.011151 0.000000 0.000003 0.000000 0.000000 2.038377
 43 2.141380 0.000001 -0.000002 0.000000 0.000000 3.141593
 44 1.734172 0.000000 0.000003 0.000000 0.000000 1.019987
 45 0.136315 -3.738194 2.525889 1.493698 2.759406 -1.474501
 46 5.031115 -0.189687 1.849663 -2.967941 -0.035742 1.570790
 47 11.389367 -0.000820 0.158781 2.096106 0.356694 0.088417
 48 0.000000 -4.440599 -0.000000 1.570144 -3.078602 0.004040
 49 6.000002 -0.000001 -0.000002 2.096106 -0.000000 0.000000
 50 0.000001 -4.440601 -0.000001 1.569944 -3.078603 0.004053
 51 10.510131 0.000001 0.000001 -0.000000 0.000000 -2.148082
 52 0.000000 -1.748399 -5.000002 -3.141593 0.004007 -1.539299
 53 5.500000 0.000000 0.000000 -0.128883 -0.000000 0.000000
 54 0.000001 -0.000000 -4.999998 -0.044472 3.137590 -0.000177
 55 6.551490 -0.000001 -0.000000 0.128883 0.072716 -0.516215
 56 -1.266842 -1.937443 -4.950557 -0.066572 -2.988806 -0.110308
 57 6.551491 -0.000001 -0.000001 0.128883 0.072716 -0.516215
 58 0.699370 -1.944208 -5.006846 -0.027189 -3.088217 0.005298
 59 4.226143 -0.003200 -0.000000 0.076288 -0.054404 -0.043857
 60 0.000001 5.000000 -0.000001 -0.153564 0.000087 2.718702
 61 0.000004 -0.000005 -3.713580 0.365818 2.880119 -0.191589
 62 0.000002 0.000000 5.000000 3.053196 1.558589 -0.074928
 63 -0.000007 0.000005 3.713580 -0.001619 -3.122277 -0.475127
 64 0.000002 -0.000000 -5.000000 -0.088726 1.558589 3.066335
 65 7.363602 1.646647 0.495663 3.141593 -1.570796 0.000000
 66 -0.000005 0.000006 3.619081 0.008255 -3.110080 -0.985231
 67 16.573919 0.000001 -0.000000 -0.000000 -0.000000 -1.065827
 68 15.128181 0.000000 0.000000 -0.102296 0.010178 0.114297
 69 5.758665 4.244730 0.000000 0.000000 0.000000 1.667687
 70 3.177726 0.000000 0.000000 0.000000 0.000000 3.141593
 71 15.708953 0.000001 0.000000 -0.051525 0.003996 0.061523
 72 0.275148 0.189215 -3.445208 3.130898 0.000409 -1.514604
 73 17.210192 0.000000 -0.000000 -0.000000 -0.000000 -1.893339
 74 -0.000000 -0.000000 -4.999999 -0.079433 1.546568 -1.570857
 75 0.000002 -0.000003 -3.619081 0.577895 2.675801 -0.242118
 76 16.573921 -0.000001 -0.000002 -0.000000 -0.000000 -1.163030
 77 15.128181 0.000001 0.000001 0.089479 0.309197 0.659208
 78 5.758666 4.244730 -0.000001 -0.000000 -0.000000 1.815142
 79 4.003934 -0.000000 0.000001 0.000000 0.000000 0.000000
 80 15.708953 0.000001 0.000001 0.042277 0.226871 0.443133
 81 0.273998 0.191089 3.439763 -3.130907 -0.000437 -1.508107
 82 17.210194 -0.000001 -0.000002 0.000000 -0.000000 -1.937080
 83 -0.000000 -0.000001 5.000000 -0.079319 1.595025 -1.570742
time 11
  0 -0.650000 0.000000 33.899605 -0.025849 0.174554 -1.569172
  1 5.685103 0.833236 -32.227173 -0.174512 -0.026131 1.569196
  2 -2.276935 0.000003 -1.238188 -1.570795 -1.570451 0.000000
  3 1.796931 0.711826 -0.000396 0.120903 0.103006 -0.052526
  4 4.118463 -0.003253 -0.000394 0.120694 0.055784 -0.035347
  5 4.118896 -0.003244 -0.000387 0.118225 -0.046067 0.084266
  6 4.119555 -0.002706 -0.001587 0.505644 -0.035914 0.319361
  7 4.118378 -0.003491 -0.000532 0.151631 -0.098502 -0.079145
  8 4.443598 0.000000 0.000000 0.604472 0.180820 -0.395187
  9 9.024064 0.000000 0.000000 0.000000 0.000000 0.000000
 10 0.170401 0.263995 1.704537 -2.740722 -1.404280 -0.340005
 11 6.384777 0.000001 0.000001 1.566115 2.250104 1.233852
 12 10.242682 0.000000 -0.000000 0.000000 0.000000 -2.001832
 13 11.375562 -0.000002 -0.000001 -2.650930 0.309399 -0.013642
 14 0.728682 0.023432 -1.008295 1.705251 0.347372 0.567022
 15 2.136499 -0.000000 -0.000000 -0.000000 -0.000000 0.287979
 16 2.313138 -0.000001 -0.000000 0.000000 0.000000 0.000000
 17 3.115506 -0.886042 -0.021431 -0.000782 0.000152 0.191986
 18 2.011148 -0.000001 0.000001 -0.000000 0.000000 0.659566
 19 2.141379 -0.000000 -0.000000 0.000000 0.000000 0.000000
 20 1.734173 0.000002 -0.000003 0.000000 -0.000000 0.330185
 21 0.000007 -4.440593 0.000003 1.570544 -0.062990 -0.195737
 22 6.000000 -0.000002 -0.000000 -2.395068 0.000000 -0.000000
 23 0.000001 -4.440600 -0.000001 1.569944 -0.062987 0.004053
 24 11.375561 -0.000001 0.000002 -2.101379 0.173460 0.041347
 25 -0.000000 -4.440603 -0.000000 1.570144 -0.062988 0.004040
 26 10.510129 0.000000 -0.000000 -0.000000 0.000000 -2.571712
 27 0.000002 -1.748401 4.999999 0.000000 0.004007 1.602291
 28 5.500000 0.000001 -0.000001 0.147295 -0.000000 0.000000
 29 -0.000002 -1.940599 5.000000 -0.044472 0.004003 -0.000180
 30 6.551491 0.000001 -0.000001 -0.826730 0.970589 -1.258057
 31 0.000000 -1.940598 5.000002 -0.027189 -0.053376 0.005295
 32 6.551491 0.000001 -0.000001 -0.090115 0.446845 -0.294133
 33 -0.000000 -1.940598 4.999997 -0.066572 -0.152786 -0.110311
 34 -0.170401 -0.256917 -1.704537 0.262460 1.485811 -2.814652
 35 6.384777 -0.000001 0.000001 0.171502 0.371647 -1.795558
 36 10.242682 0.000001 -0.000001 0.000000 -0.000000 -1.154571
 37 11.375560 -0.000000 0.000001 2.736347 0.583659 0.380474
 38 0.728679 0.023431 1.008291 -1.539000 -0.370199 0.101110
 39 2.136497 -0.000000 0.000000 -0.000000 0.000000 0.287979
 40 2.313138 -0.000000 -0.000000 0.000000 0.000000 3.141593
 41 3.115505 -0.886041 0.021430 0.495459 0.148146 0.639838
 42 2.011151 0.000000 0.000003 0.000000 0.000000 2.038377
 43 2.141380 0.000001 -0.000002 0.000000 0.000000 3.141593
 44 1.734172 0.000000 0.000003 0.000000 0.000000 1.019987
 45 0.136315 -3.738194 2.525889 1.493698 2.759406 -1.474501
 46 5.031115 -0.189687 1.849663 -2.967941 -0.035742 1.570790
 47 11.389367 -0.000820 0.158781 2.096106 0.356694 0.088417
 48 0.000000 -4.440599 -0.000000 1.570144 -3.078602 0.004040
 49 6.000002 -0.000001 -0.000002 2.096106 -0.000000 0.000000
 50 0.000001 -4.440601 -0.000001 1.569944 -3.078603 0.004053
 51 10.510131 0.000001 0.000001 -0.000000 0.000000 -2.148082
 52 0.000000 -1.748399 -5.000002 -3.141593 0.004007 -1.539299
 53 5.500000 0.000000 0.000000 -0.128883 -0.000000 0.000000
 54 0.000001 -0.000000 -4.999998 -0.044472 3.137590 -0.000177
 55 6.551490 -0.000001 -0.000000 0.128883 0.072716 -0.516215
 56 -1.266842 -1.937443 -4.950557 -0.066572 -2.988806 -0.110308
 57 6.551491 -0.000001 -0.000001 0.128883 0.072716 -0.516215
 58 0.699370 -1.944208 -5.006846 -0.027189 -3.088217 0.005298
 59 4.226143 -0.003200 -0.000000 0.076288 -0.054404 -0.043857
 60 0.000001 5.000000 -0.000001 -0.153564 0.000087 2.718702
 61 0.000004 -0.000005 -3.713580 0.365818 2.880119 -0.191589
 62 0.000002 0.000000 5.000000 3.053196 1.558589 -0.074928
 63 -0.000007 0.000005 3.713580 -0.001619 -3.122277 -0.475127
 64 0.000002 -0.000000 -5.000000 -0.088726 1.558589 3.066335
 65 7.363602 1.646647 0.495663 3.141593 -1.570796 0.000000
 66 -0.000005 0.000006 3.619081 0.008255 -3.110080 -0.985231
 67 16.573919 0.000001 -0.000000 -0.000000 -0.000000 -1.065827
 68 15.128181 0.000000 0.000000 -0.102296 0.010178 0.114297
 69 5.758665 4.244730 0.000000 0.000000 0.000000 1.667687
 70 3.177726 0.000000 0.000000 0.000000 0.000000 3.141593
 71 15.708953 0.000001 0.000000 -0.051525 0.003996 0.061523
 72 0.275148 0.189215 -3.445208 3.130898 0.000409 -1.514604
 73 17.210192 0.000000 -0.000000 -0.000000 -0.000000 -1.893339
 74 -0.000000 -0.000000 -4.999999 -0.079433 1.546568 -1.570857
 75 0.000002 -0.000003 -3.619081 0.577895 2.675801 -0.242118
 76 16.573921 -0.000001 -0.000002 -0.000000 -0.000000 -1.163030
 77 15.128181 0.000001 0.000001 0.089479 0.309197 0.659208
 78 5.758666 4.244730 -0.000001 -0.000000 -0.000000 1.815142
 79 4.003934 -0.000000 0.000001 0.000000 0.000000 0.000000
 80 15.708953 0.000001 0.000001 0.042277 0.226871 0.443133
 81 0.273998 0.191089 3.439763 -3.130907 -0.000437 -1.508107
 82 17.210194 -0.000001 -0.000002 0.000000 -0.000000 -1.937080
 83 -0.000000 -0.000001 5.000000 -0.079319 1.595025 -1.570742
time 12
  0 -0.650000 0.000000 33.899605 -0.025849 0.174554 -1.569172
  1 5.685103 0.833236 -32.227173 -0.174512 -0.026131 1.569196
  2 -2.276935 0.000003 -1.238188 -1.570795 -1.570451 0.000000
  3 1.796931 0.711826 -0.000396 0.120903 0.103006 -0.052526
  4 4.118463 -0.003253 -0.000394 0.120694 0.055784 -0.035347
  5 4.118896 -0.003244 -0.000387 0.118225 -0.046067 0.084266
  6 4.119555 -0.002706 -0.001587 0.505644 -0.035914 0.319361
  7 4.118378 -0.003491 -0.000532 0.151631 -0.098502 -0.079145
  8 4.443598 0.000000 0.000000 0.604472 0.180820 -0.395187
  9 9.024064 0.000000 0.000000 0.000000 0.000000 0.000000
 10 0.170401 0.263995 1.704537 -2.740722 -1.404280 -0.340005
 11 6.384777 0.000001 0.000001 1.566115 2.250104 1.233852
 12 10.242682 0.000000 -0.000000 0.000000 0.000000 -2.001832
 13 11.375562 -0.000002 -0.000001 -2.650930 0.309399 -0.013642
 14 0.728682 0.023432 -1.008295 1.705251 0.347372 0.567022
 15 2.136499 -0.000000 -0.000000 -0.000000 -0.000000 0.287979
 16 2.313138 -0.000001 -0.000000 0.000000 0.000000 0.000000
 17 3.115506 -0.886042 -0.021431 -0.000782 0.000152 0.191986
 18 2.011148 -0.000001 0.000001 -0.000000 0.000000 0.659566
 19 2.141379 -0.000000 -0.000000 0.000000 0.000000 0.000000
 20 1.734173 0.000002 -0.000003 0.000000 -0.000000 0.330185
 21 0.000007 -4.440593 0.000003 1.570544 -0.062990 -0.195737
 22 6.000000 -0.000002 -0.000000 -2.395068 0.000000 -0.000000
 23 0.000001 -4.440600 -0.000001 1.569944 -0.062987 0.004053
 24 11.375561 -0.000001 0.000002 -2.101379 0.173460 0.041347
 25 -0.000000 -4.440603 -0.000000 1.570144 -0.062988 0.004040
 26 10.510129 0.000000 -0.000000 -0.000000 0.000000 -2.571712
 27 0.000002 -1.748401 4.999999 0.000000 0.004007 1.602291
 28 5.500000 0.000001 -0.000001 0.147295 -0.000000 0.000000
 29 -0.000002 -1.940599 5.000000 -0.044472 0.004003 -0.000180
 30 6.551491 0.000001 -0.000001 -0.826730 0.970589 -1.258057
 31 0.000000 -1.940598 5.000002 -0.027189 -0.053376 0.005295
 32 6.551491 0.000001 -0.000001 -0.090115 0.446845 -0.294133
 33 -0.000000 -1.940598 4.999997 -0.066572 -0.152786 -0.110311
 34 -0.170401 -0.256917 -1.704537 0.262460 1.485811 -2.814652
 35 6.384777 -0.000001 0.000001 0.171502 0.371647 -1.795558
 36 10.242682 0.000001 -0.000001 0.000000 -0.000000 -1.154571
 37 11.375560 -0.000000 0.000001 2.736347 0.583659 0.380474
 38 0.728679 0.023431 1.008291 -1.539000 -0.370199 0.101110
 39 2.136497 -0.000000 0.000000 -0.000000 0.000000 0.287979
 40 2.313138 -0.000000 -0.000000 0.000000 0.000000 3.141593
 41 3.115505 -0.886041 0.021430 0.495459 0.148146 0.639838
 42 2.011151 0.000000 0.000003 0.000000 0.000000 2.038377
 43 2.141380 0.000001 -0.000002 0.000000 0.000000 3.141593
 44 1.734172 0.000000 0.000003 0.000000 0.000000 1.019987
 45 0.136315 -3.738194 2.525889 1.493698 2.759406 -1.474501
 46 5.031115 -0.189687 1.849663 -2.967941 -0.035742 1.570790
 47 11.389367 -0.000820 0.158781 2.096106 0.356694 0.088417
 48 0.000000 -4.440599 -0.000000 1.570144 -3.078602 0.004040
 49 6.000002 -0.000001 -0.000002 2.096106 -0.000000 0.000000
 50 0.000001 -4.440601 -0.000001 1.569944 -3.078603 0.004053
 51 10.510131 0.000001 0.000001 -0.000000 0.000000 -2.148082
 52 0.000000 -1.748399 -5.000002 -3.141593 0.004007 -1.539299
 53 5.500000 0.000000 0.000000 -0.128883 -0.000000 0.000000
 54 0.000001 -0.000000 -4.999998 -0.044472 3.137590 -0.000177
 55 6.551490 -0.000001 -0.000000 0.128883 0.072716 -0.516215
 56 -1.266842 -1.937443 -4.950557 -0.066572 -2.988806 -0.110308
 57 6.551491 -0.000001 -0.000001 0.128883 0.072716 -0.516215
 58 0.699370 -1.944208 -5.006846 -0.027189 -3.088217 0.005298
 59 4.226143 -0.003200 -0.000000 0.076288 -0.054404 -0.043857
 60 0.000001 5.000000 -0.000001 -0.153564 0.000087 2.718702
 61 0.000004 -0.000005 -3.713580 0.365818 2.880119 -0.191589
 62 0.000002 0.000000 5.000000 3.053196 1.558589 -0.074928
 63 -0.000007 0.000005 3.713580 -0.001619 -3.122277 -0.475127
 64 0.000002 -0.000000 -5.000000 -0.088726 1.558589 3.066335
 65 7.363602 1.646647 0.495663 3.141593 -1.570796 0.000000
 66 -0.000005 0.000006 3.619081 0.008255 -3.110080 -0.985231
 67 16.573919 0.000001 -0.000000 -0.000000 -0.000000 -1.065827
 68 15.128181 0.000000 0.000000 -0.102296 0.010178 0.114297
 69 5.758665 4.244730 0.000000 0.000000 0.000000 1.667687
 70 3.177726 0.000000 0.000000 0.000000 0.000000 3.141593
 71 15.708953 0.000001 0.000000 -0.051525 0.003996 0.061523
 72 0.275148 0.189215 -3.445208 3.130898 0.000409 -1.514604
 73 17.210192 0.000000 -0.000000 -0.000000 -0.000000 -1.893339
 74 -0.000000 -0.000000 -4.999999 -0.079433 1.546568 -1.570857
 75 0.000002 -0.000003 -3.619081 0.577895 2.675801 -0.242118
 76 16.573921 -0.000001 -0.000002 -0.000000 -0.000000 -1.163030
 77 15.128181 0.000001 0.000001 0.089479 0.309197 0.659208
 78 5.758666 4.244730 -0.000001 -0.000000 -0.000000 1.815142
 79 4.003934 -0.000000 0.000001 0.000000 0.000000 0.000000
 80 15.708953 0.000001 0.000001 0.042277 0.226871 0.443133
 81 0.273998 0.191089 3.439763 -3.130907 -0.000437 -1.508107
 82 17.210194 -0.000001 -0.000002 0.000000 -0.000000 -1.937080
 83 -0.000000 -0.000001 5.000000 -0.079319 1.595025 -1.570742
time 13
  0 -0.650000 0.000000 33.899605 -0.025849 0.174554 -1.569172
  1 5.685103 0.833236 -32.227173 -0.174512 -0.026131 1.569196
  2 -2.276935 0.000003 -1.238188 -1.570795 -1.570451 0.000000
  3 1.796931 0.711826 -0.000396 0.120903 0.103006 -0.052526
  4 4.118463 -0.003253 -0.000394 0.120694 0.055784 -0.035347
  5 4.118896 -0.003244 -0.000387 0.118225 -0.046067 0.084266
  6 4.119555 -0.002706 -0.001587 0.505644 -0.035914 0.319361
  7 4.118378 -0.003491 -0.000532 0.151631 -0.098502 -0.079145
  8 4.443598 0.000000 0.000000 0.604472 0.180820 -0.395187
  9 9.024064 0.000000 0.000000 0.000000 0.000000 0.000000
 10 0.170401 0.263995 1.704537 -2.740722 -1.404280 -0.340005
 11 6.384777 0.000001 0.000001 1.566115 2.250104 1.233852
 12 10.242682 0.000000 -0.000000 0.000000 0.000000 -2.001832
 13 11.375562 -0.000002 -0.000001 -2.650930 0.309399 -0.013642
 14 0.728682 0.023432 -1.008295 1.705251 0.347372 0.567022
 15 2.136499 -0.000000 -0.000000 -0.000000 -0.000000 0.287979
 16 2.313138 -0.000001 -0.000000 0.000000 0.000000 0.000000
 17 3.115506 -0.886042 -0.021431 -0.000782 0.000152 0.191986
 18 2.011148 -0.000001 0.000001 -0.000000 0.000000 0.659566
 19 2.141379 -0.000000 -0.000000 0.000000 0.000000 0.000000
 20 1.734173 0.000002 -0.000003 0.000000 -0.000000 0.330185
 21 0.000007 -4.440593 0.000003 1.570544 -0.062990 -0.195737
 22 6.000000 -0.000002 -0.000000 -2.395068 0.000000 -0.000000
 23 0.000001 -4.440600 -0.000001 1.569944 -0.062987 0.004053
 24 11.375561 -0.000001 0.000002 -2.101379 0.173460 0.041347
 25 -0.000000 -4.440603 -0.000000 1.570144 -0.062988 0.004040
 26 10.510129 0.000000 -0.000000 -0.000000 0.000000 -2.571712
 27 0.000002 -1.748401 4.999999 0.000000 0.004007 1.602291
 28 5.500000 0.000001 -0.000001 0.147295 -0.000000 0.000000
 29 -0.000002 -1.940599 5.000000 -0.044472 0.004003 -0.000180
 30 6.551491 0.000001 -0.000001 -0.826730 0.970589 -1.258057
 31 0.000000 -1.940598 5.000002 -0.027189 -0.053376 0.005295
 32 6.551491 0.000001 -0.000001 -0.090115 0.446845 -0.294133
 33 -0.000000 -1.940598 4.999997 -0.066572 -0.152786 -0.110311
 34 -0.170401 -0.256917 -1.704537 0.262460 1.485811 -2.814652
 35 6.384777 -0.000001 0.000001 0.171502 0.371647 -1.795558
 36 10.242682 0.000001 -0.000001 0.000000 -0.000000 -1.154571
 37 11.375560 -0.000000 0.000001 2.736347 0.583659 0.380474
 38 0.728679 0.023431 1.008291 -1.539000 -0.370199 0.101110
 39 2.136497 -0.000000 0.000000 -0.000000 0.000000 0.287979
 40 2.313138 -0.000000 -0.000000 0.000000 0.000000 3.141593
 41 3.115505 -0.886041 0.021430 0.495459 0.148146 0.639838
 42 2.011151 0.000000 0.000003 0.000000 0.000000 2.038377
 43 2.141380 0.000001 -0.000002 0.000000 0.000000 3.141593
 44 1.734172 0.000000 0.000003 0.000000 0.000000 1.019987
 45 0.136315 -3.738194 2.525889 1.493698 2.759406 -1.474501
 46 5.031115 -0.189687 1.849663 -2.967941 -0.035742 1.570790
 47 11.389367 -0.000820 0.158781 2.096106 0.356694 0.088417
 48 0.000000 -4.440599 -0.000000 1.570144 -3.078602 0.004040
 49 6.000002 -0.000001 -0.000002 2.096106 -0.000000 0.000000
 50 0.000001 -4.440601 -0.000001 1.569944 -3.078603 0.004053
 51 10.510131 0.000001 0.000001 -0.000000 0.000000 -2.148082
 52 0.000000 -1.748399 -5.000002 -3.141593 0.004007 -1.539299
 53 5.500000 0.000000 0.000000 -0.128883 -0.000000 0.000000
 54 0.000001 -0.000000 -4.999998 -0.044472 3.137590 -0.000177
 55 6.551490 -0.000001 -0.000000 0.128883 0.072716 -0.516215
 56 -1.266842 -1.937443 -4.950557 -0.066572 -2.988806 -0.110308
 57 6.551491 -0.000001 -0.000001 0.128883 0.072716 -0.516215
 58 0.699370 -1.944208 -5.006846 -0.027189 -3.088217 0.005298
 59 4.226143 -0.003200 -0.000000 0.076288 -0.054404 -0.043857
 60 0.000001 5.000000 -0.000001 -0.153564 0.000087 2.718702
 61 0.000004 -0.000005 -3.713580 0.365818 2.880119 -0.191589
 62 0.000002 0.000000 5.000000 3.053196 1.558589 -0.074928
 63 -0.000007 0.000005 3.713580 -0.001619 -3.122277 -0.475127
 64 0.000002 -0.000000 -5.000000 -0.088726 1.558589 3.066335
 65 7.363602 1.646647 0.495663 3.141593 -1.570796 0.000000
 66 -0.000005 0.000006 3.619081 0.008255 -3.110080 -0.985231
 67 16.573919 0.000001 -0.000000 -0.000000 -0.000000 -1.065827
 68 15.128181 0.000000 0.000000 -0.102296 0.010178 0.114297
 69 5.758665 4.244730 0.000000 0.000000 0.000000 1.667687
 70 3.177726 0.000000 0.000000 0.000000 0.000000 3.141593
 71 15.708953 0.000001 0.000000 -0.051525 0.003996 0.061523
 72 0.275148 0.189215 -3.445208 3.130898 0.000409 -1.514604
 73 17.210192 0.000000 -0.000000 -0.000000 -0.000000 -1.893339
 74 -0.000000 -0.000000 -4.999999 -0.079433 1.546568 -1.570857
 75 0.000002 -0.000003 -3.619081 0.577895 2.675801 -0.242118
 76 16.573921 -0.000001 -0.000002 -0.000000 -0.000000 -1.163030
 77 15.128181 0.000001 0.000001 0.089479 0.309197 0.659208
 78 5.758666 4.244730 -0.000001 -0.000000 -0.000000 1.815142
 79 4.003934 -0.000000 0.000001 0.000000 0.000000 0.000000
 80 15.708953 0.000001 0.000001 0.042277 0.226871 0.443133
 81 0.273998 0.191089 3.439763 -3.130907 -0.000437 -1.508107
 82 17.210194 -0.000001 -0.000002 0.000000 -0.000000 -1.937080
 83 -0.000000 -0.000001 5.000000 -0.079319 1.595025 -1.570742
time 14
  0 -0.650000 0.000000 33.899605 -0.025849 0.174554 -1.569172
  1 5.685103 0.833236 -32.227173 -0.174512 -0.026131 1.569196
  2 -2.276935 0.000003 -1.238188 -1.570795 -1.570451 0.000000
  3 1.796931 0.711826 -0.000396 0.120903 0.103006 -0.052526
  4 4.118463 -0.003253 -0.000394 0.120694 0.055784 -0.035347
  5 4.118896 -0.003244 -0.000387 0.118225 -0.046067 0.084266
  6 4.119555 -0.002706 -0.001587 0.505644 -0.035914 0.319361
  7 4.118378 -0.003491 -0.000532 0.151631 -0.098502 -0.079145
  8 4.443598 0.000000 0.000000 0.604472 0.180820 -0.395187
  9 9.024064 0.000000 0.000000 0.000000 0.000000 0.000000
 10 0.170401 0.263995 1.704537 -2.740722 -1.404280 -0.340005
 11 6.384777 0.000001 0.000001 1.566115 2.250104 1.233852
 12 10.242682 0.000000 -0.000000 0.000000 0.000000 -2.001832
 13 11.375562 -0.000002 -0.000001 -2.650930 0.309399 -0.013642
 14 0.728682 0.023432 -1.008295 1.705251 0.347372 0.567022
 15 2.136499 -0.000000 -0.000000 -0.000000 -0.000000 0.287979
 16 2.313138 -0.000001 -0.000000 0.000000 0.000000 0.000000
 17 3.115506 -0.886042 -0.021431 -0.000782 0.000152 0.191986
 18 2.011148 -0.000001 0.000001 -0.000000 0.000000 0.659566
 19 2.141379 -0.000000 -0.000000 0.000000 0.000000 0.000000
 20 1.734173 0.000002 -0.000003 0.000000 -0.000000 0.330185
 21 0.000007 -4.440593 0.000003 1.570544 -0.062990 -0.195737
 22 6.000000 -0.000002 -0.000000 -2.395068 0.000000 -0.000000
 23 0.000001 -4.440600 -0.000001 1.569944 -0.062987 0.004053
 24 11.375561 -0.000001 0.000002 -2.101379 0.173460 0.041347
 25 -0.000000 -4.440603 -0.000000 1.570144 -0.062988 0.004040
 26 10.510129 0.000000 -0.000000 -0.000000 0.000000 -2.571712
 27 0.000002 -1.748401 4.999999 0.000000 0.004007 1.602291
 28 5.500000 0.000001 -0.000001 0.147295 -0.000000 0.000000
 29 -0.000002 -1.940599 5.000000 -0.044472 0.004003 -0.000180
 30 6.551491 0.000001 -0.000001 -0.826730 0.970589 -1.258057
 31 0.000000 -1.940598 5.000002 -0.027189 -0.053376 0.005295
 32 6.551491 0.000001 -0.000001 -0.090115 0.446845 -0.294133
 33 -0.000000 -1.940598 4.999997 -0.066572 -0.152786 -0.110311
 34 -0.170401 -0.256917 -1.704537 0.262460 1.485811 -2.814652
 35 6.384777 -0.000001 0.000001 0.171502 0.371647 -1.795558
 36 10.242682 0.000001 -0.000001 0.000000 -0.000000 -1.154571
 37 11.375560 -0.000000 0.000001 2.736347 0.583659 0.380474
 38 0.728679 0.023431 1.008291 -1.539000 -0.370199 0.101110
 39 2.136497 -0.000000 0.000000 -0.000000 0.000000 0.287979
 40 2.313138 -0.000000 -0.000000 0.000000 0.000000 3.141593
 41 3.115505 -0.886041 0.021430 0.495459 0.148146 0.639838
 42 2.011151 0.000000 0.000003 0.000000 0.000000 2.038377
 43 2.141380 0.000001 -0.000002 0.000000 0.000000 3.141593
 44 1.734172 0.000000 0.000003 0.000000 0.000000 1.019987
 45 0.136315 -3.738194 2.525889 1.493698 2.759406 -1.474501
 46 5.031115 -0.189687 1.849663 -2.967941 -0.035742 1.570790
 47 11.389367 -0.000820 0.158781 2.096106 0.356694 0.088417
 48 0.000000 -4.440599 -0.000000 1.570144 -3.078602 0.004040
 49 6.000002 -0.000001 -0.000002 2.096106 -0.000000 0.000000
 50 0.000001 -4.440601 -0.000001 1.569944 -3.078603 0.004053
 51 10.510131 0.000001 0.000001 -0.000000 0.000000 -2.148082
 52 0.000000 -1.748399 -5.000002 -3.141593 0.004007 -1.539299
 53 5.500000 0.000000 0.000000 -0.128883 -0.000000 0.000000
 54 0.000001 -0.000000 -4.999998 -0.044472 3.137590 -0.000177
 55 6.551490 -0.000001 -0.000000 0.128883 0.072716 -0.516215
 56 -1.266842 -1.937443 -4.950557 -0.066572 -2.988806 -0.110308
 57 6.551491 -0.000001 -0.000001 0.128883 0.072716 -0.516215
 58 0.699370 -1.944208 -5.006846 -0.027189 -3.088217 0.005298
 59 4.226143 -0.003200 -0.000000 0.076288 -0.054404 -0.043857
 60 0.000001 5.000000 -0.000001 -0.153564 0.000087 2.718702
 61 0.000004 -0.000005 -3.713580 0.365818 2.880119 -0.191589
 62 0.000002 0.000000 5.000000 3.053196 1.558589 -0.074928
 63 -0.000007 0.000005 3.713580 -0.001619 -3.122277 -0.475127
 64 0.000002 -0.000000 -5.000000 -0.088726 1.558589 3.066335
 65 7.363602 1.646647 0.495663 3.141593 -1.570796 0.000000
 66 -0.000005 0.000006 3.619081 0.008255 -3.110080 -0.985231
 67 16.573919 0.000001 -0.000000 -0.000000 -0.000000 -1.065827
 68 15.128181 0.000000 0.000000 -0.102296 0.010178 0.114297
 69 5.758665 4.244730 0.000000 0.000000 0.000000 1.667687
 70 3.177726 0.000000 0.000000 0.000000 0.000000 3.141593
 71 15.708953 0.000001 0.000000 -0.051525 0.003996 0.061523
 72 0.275148 0.189215 -3.445208 3.130898 0.000409 -1.514604
 73 17.210192 0.000000 -0.000000 -0.000000 -0.000000 -1.893339
 74 -0.000000 -0.000000 -4.999999 -0.079433 1.546568 -1.570857
 75 0.000002 -0.000003 -3.619081 0.577895 2.675801 -0.242118
 76 16.573921 -0.000001 -0.000002 -0.000000 -0.000000 -1.163030
 77 15.128181 0.000001 0.000001 0.089479 0.309197 0.659208
 78 5.758666 4.244730 -0.000001 -0.000000 -0.000000 1.815142
 79 4.003934 -0.000000 0.000001 0.000000 0.000000 0.000000
 80 15.708953 0.000001 0.000001 0.042277 0.226871 0.443133
 81 0.273998 0.191089 3.439763 -3.130907 -0.000437 -1.508107
 82 17.210194 -0.000001 -0.000002 0.000000 -0.000000 -1.937080
 83 -0.000000 -0.000001 5.000000 -0.079319 1.595025 -1.570742
time 15
  0 -0.650000 0.000000 33.899605 -0.025849 0.174554 -1.569172
  1 5.685103 0.833236 -32.227173 -0.174512 -0.026131 1.569196
  2 -2.276935 0.000003 -1.238188 -1.570795 -1.570451 0.000000
  3 1.796931 0.711826 -0.000396 0.120903 0.103006 -0.052526
  4 4.118463 -0.003253 -0.000394 0.120694 0.055784 -0.035347
  5 4.118896 -0.003244 -0.000387 0.118225 -0.046067 0.084266
  6 4.119555 -0.002706 -0.001587 0.505644 -0.035914 0.319361
  7 4.118378 -0.003491 -0.000532 0.151631 -0.098502 -0.079145
  8 4.443598 0.000000 0.000000 0.604472 0.180820 -0.395187
  9 9.024064 0.000000 0.000000 0.000000 0.000000 0.000000
 10 0.170401 0.263995 1.704537 -2.740722 -1.404280 -0.340005
 11 6.384777 0.000001 0.000001 1.566115 2.250104 1.233852
 12 10.242682 0.000000 -0.000000 0.000000 0.000000 -2.001832
 13 11.375562 -0.000002 -0.000001 -2.650930 0.309399 -0.013642
 14 0.728682 0.023432 -1.008295 1.705251 0.347372 0.567022
 15 2.136499 -0.000000 -0.000000 -0.000000 -0.000000 0.287979
 16 2.313138 -0.000001 -0.000000 0.000000 0.000000 0.000000
 17 3.115506 -0.886042 -0.021431 -0.000782 0.000152 0.191986
 18 2.011148 -0.000001 0.000001 -0.000000 0.000000 0.659566
 19 2.141379 -0.000000 -0.000000 0.000000 0.000000 0.000000
 20 1.734173 0.000002 -0.000003 0.000000 -0.000000 0.330185
 21 0.000007 -4.440593 0.000003 1.570544 -0.062990 -0.195737
 22 6.000000 -0.000002 -0.000000 -2.395068 0.000000 -0.000000
 23 0.000001 -4.440600 -0.000001 1.569944 -0.062987 0.004053
 24 11.375561 -0.000001 0.000002 -2.101379 0.173460 0.041347
 25 -0.000000 -4.440603 -0.000000 1.570144 -0.062988 0.004040
 26 10.510129 0.000000 -0.000000 -0.000000 0.000000 -2.571712
 27 0.000002 -1.748401 4.999999 0.000000 0.004007 1.602291
 28 5.500000 0.000001 -0.000001 0.147295 -0.000000 0.000000
 29 -0.000002 -1.940599 5.000000 -0.044472 0.004003 -0.000180
 30 6.551491 0.000001 -0.000001 -0.826730 0.970589 -1.258057
 31 0.000000 -1.940598 5.000002 -0.027189 -0.053376 0.005295
 32 6.551491 0.000001 -0.000001 -0.090115 0.446845 -0.294133
 33 -0.000000 -1.940598 4.999997 -0.066572 -0.152786 -0.110311
 34 -0.170401 -0.256917 -1.704537 0.262460 1.485811 -2.814652
 35 6.384777 -0.000001 0.000001 0.171502 0.371647 -1.795558
 36 10.242682 0.000001 -0.000001 0.000000 -0.000000 -1.154571
 37 11.375560 -0.000000 0.000001 2.736347 0.583659 0.380474
 38 0.728679 0.023431 1.008291 -1.539000 -0.370199 0.101110
 39 2.136497 -0.000000 0.000000 -0.000000 0.000000 0.287979
 40 2.313138 -0.000000 -0.000000 0.000000 0.000000 3.141593
 41 3.115505 -0.886041 0.021430 0.495459 0.148146 0.639838
 42 2.011151 0.000000 0.000003 0.000000 0.000000 2.038377
 43 2.141380 0.000001 -0.000002 0.000000 0.000000 3.141593
 44 1.734172 0.000000 0.000003 0.000000 0.000000 1.019987
 45 0.136315 -3.738194 2.525889 1.493698 2.759406 -1.474501
 46 5.031115 -0.189687 1.849663 -2.967941 -0.035742 1.570790
 47 11.389367 -0.000820 0.158781 2.096106 0.356694 0.088417
 48 0.000000 -4.440599 -0.000000 1.570144 -3.078602 0.004040
 49 6.000002 -0.000001 -0.000002 2.096106 -0.000000 0.000000
 50 0.000001 -4.440601 -0.000001 1.569944 -3.078603 0.004053
 51 10.510131 0.000001 0.000001 -0.000000 0.000000 -2.148082
 52 0.000000 -1.748399 -5.000002 -3.141593 0.004007 -1.539299
 53 5.500000 0.000000 0.000000 -0.128883 -0.000000 0.000000
 54 0.000001 -0.000000 -4.999998 -0.044472 3.137590 -0.000177
 55 6.551490 -0.000001 -0.000000 0.128883 0.072716 -0.516215
 56 -1.266842 -1.937443 -4.950557 -0.066572 -2.988806 -0.110308
 57 6.551491 -0.000001 -0.000001 0.128883 0.072716 -0.516215
 58 0.699370 -1.944208 -5.006846 -0.027189 -3.088217 0.005298
 59 4.226143 -0.003200 -0.000000 0.076288 -0.054404 -0.043857
 60 0.000001 5.000000 -0.000001 -0.153564 0.000087 2.718702
 61 0.000004 -0.000005 -3.713580 0.365818 2.880119 -0.191589
 62 0.000002 0.000000 5.000000 3.053196 1.558589 -0.074928
 63 -0.000007 0.000005 3.713580 -0.001619 -3.122277 -0.475127
 64 0.000002 -0.000000 -5.000000 -0.088726 1.558589 3.066335
 65 7.363602 1.646647 0.495663 3.141593 -1.570796 0.000000
 66 -0.000005 0.000006 3.619081 0.008255 -3.110080 -0.985231
 67 16.573919 0.000001 -0.000000 -0.000000 -0.000000 -1.065827
 68 15.128181 0.000000 0.000000 -0.102296 0.010178 0.114297
 69 5.758665 4.244730 0.000000 0.000000 0.000000 1.667687
 70 3.177726 0.000000 0.000000 0.000000 0.000000 3.141593
 71 15.708953 0.000001 0.000000 -0.051525 0.003996 0.061523
 72 0.275148 0.189215 -3.445208 3.130898 0.000409 -1.514604
 73 17.210192 0.000000 -0.000000 -0.000000 -0.000000 -1.893339
 74 -0.000000 -0.000000 -4.999999 -0.079433 1.546568 -1.570857
 75 0.000002 -0.000003 -3.619081 0.577895 2.675801 -0.242118
 76 16.573921 -0.000001 -0.000002 -0.000000 -0.000000 -1.163030
 77 15.128181 0.000001 0.000001 0.089479 0.309197 0.659208
 78 5.758666 4.244730 -0.000001 -0.000000 -0.000000 1.815142
 79 4.003934 -0.000000 0.000001 0.000000 0.000000 0.000000
 80 15.708953 0.000001 0.000001 0.042277 0.226871 0.443133
 81 0.273998 0.191089 3.439763 -3.130907 -0.000437 -1.508107
 82 17.210194 -0.000001 -0.000002 0.000000 -0.000000 -1.937080
 83 -0.000000 -0.000001 5.000000 -0.079319 1.595025 -1.570742
time 16
  0 -0.650000 0.000000 33.899605 -0.025849 0.174554 -1.569172
  1 5.685103 0.833236 -32.227173 -0.174512 -0.026131 1.569196
  2 -2.276935 0.000003 -1.238188 -1.570795 -1.570451 0.000000
  3 1.796931 0.711826 -0.000396 0.120903 0.103006 -0.052526
  4 4.118463 -0.003253 -0.000394 0.120694 0.055784 -0.035347
  5 4.118896 -0.003244 -0.000387 0.118225 -0.046067 0.084266
  6 4.119555 -0.002706 -0.001587 0.505644 -0.035914 0.319361
  7 4.118378 -0.003491 -0.000532 0.151631 -0.098502 -0.079145
  8 4.443598 0.000000 0.000000 0.604472 0.180820 -0.395187
  9 9.024064 0.000000 0.000000 0.000000 0.000000 0.000000
 10 0.170401 0.263995 1.704537 -2.740722 -1.404280 -0.340005
 11 6.384777 0.000001 0.000001 1.566115 2.250104 1.233852
 12 10.242682 0.000000 -0.000000 0.000000 0.000000 -2.001832
 13 11.375562 -0.000002 -0.000001 -2.650930 0.309399 -0.013642
 14 0.728682 0.023432 -1.008295 1.705251 0.347372 0.567022
 15 2.136499 -0.000000 -0.000000 -0.000000 -0.000000 0.287979
 16 2.313138 -0.000001 -0.000000 0.000000 0.000000 0.000000
 17 3.115506 -0.886042 -0.021431 -0.000782 0.000152 0.191986
 18 2.011148 -0.000001 0.000001 -0.000000 0.000000 0.659566
 19 2.141379 -0.000000 -0.000000 0.000000 0.000000 0.000000
 20 1.734173 0.000002 -0.000003 0.000000 -0.000000 0.330185
 21 0.000007 -4.440593 0.000003 1.570544 -0.062990 -0.195737
 22 6.000000 -0.000002 -0.000000 -2.395068 0.000000 -0.000000
 23 0.000001 -4.440600 -0.000001 1.569944 -0.062987 0.004053
 24 11.375561 -0.000001 0.000002 -2.101379 0.173460 0.041347
 25 -0.000000 -4.440603 -0.000000 1.570144 -0.062988 0.004040
 26 10.510129 0.000000 -0.000000 -0.000000 0.000000 -2.571712
 27 0.000002 -1.748401 4.999999 0.000000 0.004007 1.602291
 28 5.500000 0.000001 -0.000001 0.147295 -0.000000 0.000000
 29 -0.000002 -1.940599 5.000000 -0.044472 0.004003 -0.000180
 30 6.551491 0.000001 -0.000001 -0.826730 0.970589 -1.258057
 31 0.000000 -1.940598 5.000002 -0.027189 -0.053376 0.005295
 32 6.551491 0.000001 -0.000001 -0.090115 0.446845 -0.294133
 33 -0.000000 -1.940598 4.999997 -0.066572 -0.152786 -0.110311
 34 -0.170401 -0.256917 -1.704537 0.262460 1.485811 -2.814652
 35 6.384777 -0.000001 0.000001 0.171502 0.371647 -1.795558
 36 10.242682 0.000001 -0.000001 0.000000 -0.000000 -1.154571
 37 11.375560 -0.000000 0.000001 2.736347 0.583659 0.380474
 38 0.728679 0.023431 1.008291 -1.539000 -0.370199 0.101110
 39 2.136497 -0.000000 0.000000 -0.000000 0.000000 0.287979
 40 2.313138 -0.000000 -0.000000 0.000000 0.000000 3.141593
 41 3.115505 -0.886041 0.021430 0.495459 0.148146 0.639838
 42 2.011151 0.000000 0.000003 0.000000 0.000000 2.038377
 43 2.141380 0.000001 -0.000002 0.000000 0.000000 3.141593
 44 1.734172 0.000000 0.000003 0.000000 0.000000 1.019987
 45 0.136315 -3.738194 2.525889 1.493698 2.759406 -1.474501
 46 5.031115 -0.189687 1.849663 -2.967941 -0.035742 1.570790
 47 11.389367 -0.000820 0.158781 2.096106 0.356694 0.088417
 48 0.000000 -4.440599 -0.000000 1.570144 -3.078602 0.004040
 49 6.000002 -0.000001 -0.000002 2.096106 -0.000000 0.000000
 50 0.000001 -4.440601 -0.000001 1.569944 -3.078603 0.004053
 51 10.510131 0.000001 0.000001 -0.000000 0.000000 -2.148082
 52 0.000000 -1.748399 -5.000002 -3.141593 0.004007 -1.539299
 53 5.500000 0.000000 0.000000 -0.128883 -0.000000 0.000000
 54 0.000001 -0.000000 -4.999998 -0.044472 3.137590 -0.000177
 55 6.551490 -0.000001 -0.000000 0.128883 0.072716 -0.516215
 56 -1.266842 -1.937443 -4.950557 -0.066572 -2.988806 -0.110308
 57 6.551491 -0.000001 -0.000001 0.128883 0.072716 -0.516215
 58 0.699370 -1.944208 -5.006846 -0.027189 -3.088217 0.005298
 59 4.226143 -0.003200 -0.000000 0.076288 -0.054404 -0.043857
 60 0.000001 5.000000 -0.000001 -0.153564 0.000087 2.718702
 61 0.000004 -0.000005 -3.713580 0.365818 2.880119 -0.191589
 62 0.000002 0.000000 5.000000 3.053196 1.558589 -0.074928
 63 -0.000007 0.000005 3.713580 -0.001619 -3.122277 -0.475127
 64 0.000002 -0.000000 -5.000000 -0.088726 1.558589 3.066335
 65 7.363602 1.646647 0.495663 3.141593 -1.570796 0.000000
 66 -0.000005 0.000006 3.619081 0.008255 -3.110080 -0.985231
 67 16.573919 0.000001 -0.000000 -0.000000 -0.000000 -1.065827
 68 15.128181 0.000000 0.000000 -0.102296 0.010178 0.114297
 69 5.758665 4.244730 0.000000 0.000000 0.000000 1.667687
 70 3.177726 0.000000 0.000000 0.000000 0.000000 3.141593
 71 15.708953 0.000001 0.000000 -0.051525 0.003996 0.061523
 72 0.275148 0.189215 -3.445208 3.130898 0.000409 -1.514604
 73 17.210192 0.000000 -0.000000 -0.000000 -0.000000 -1.893339
 74 -0.000000 -0.000000 -4.999999 -0.079433 1.546568 -1.570857
 75 0.000002 -0.000003 -3.619081 0.577895 2.675801 -0.242118
 76 16.573921 -0.000001 -0.000002 -0.000000 -0.000000 -1.163030
 77 15.128181 0.000001 0.000001 0.089479 0.309197 0.659208
 78 5.758666 4.244730 -0.000001 -0.000000 -0.000000 1.815142
 79 4.003934 -0.000000 0.000001 0.000000 0.000000 0.000000
 80 15.708953 0.000001 0.000001 0.042277 0.226871 0.443133
 81 0.273998 0.191089 3.439763 -3.130907 -0.000437 -1.508107
 82 17.210194 -0.000001 -0.000002 0.000000 -0.000000 -1.937080
 83 -0.000000 -0.000001 5.000000 -0.079319 1.595025 -1.570742
time 17
  0 -0.650000 0.000000 33.899605 -0.025849 0.174554 -1.569172
  1 5.685103 0.833236 -32.227173 -0.174512 -0.026131 1.569196
  2 -2.276935 0.000003 -1.238188 -1.570795 -1.570451 0.000000
  3 1.796931 0.711826 -0.000396 0.120903 0.103006 -0.052526
  4 4.118463 -0.003253 -0.000394 0.120694 0.055784 -0.035347
  5 4.118896 -0.003244 -0.000387 0.118225 -0.046067 0.084266
  6 4.119555 -0.002706 -0.001587 0.505644 -0.035914 0.319361
  7 4.118378 -0.003491 -0.000532 0.151631 -0.098502 -0.079145
  8 4.443598 0.000000 0.000000 0.604472 0.180820 -0.395187
  9 9.024064 0.000000 0.000000 0.000000 0.000000 0.000000
 10 0.170401 0.263995 1.704537 -2.740722 -1.404280 -0.340005
 11 6.384777 0.000001 0.000001 1.566115 2.250104 1.233852
 12 10.242682 0.000000 -0.000000 0.000000 0.000000 -2.001832
 13 11.375562 -0.000002 -0.000001 -2.650930 0.309399 -0.013642
 14 0.728682 0.023432 -1.008295 1.705251 0.347372 0.567022
 15 2.136499 -0.000000 -0.000000 -0.000000 -0.000000 0.287979
 16 2.313138 -0.000001 -0.000000 0.000000 0.000000 0.000000
 17 3.115506 -0.886042 -0.021431 -0.000782 0.000152 0.191986
 18 2.011148 -0.000001 0.000001 -0.000000 0.000000 0.659566
 19 2.141379 -0.000000 -0.000000 0.000000 0.000000 0.000000
 20 1.734173 0.000002 -0.000003 0.000000 -0.000000 0.330185
 21 0.000007 -4.440593 0.000003 1.570544 -0.062990 -0.195737
 22 6.000000 -0.000002 -0.000000 -2.395068 0.000000 -0.000000
 23 0.000001 -4.440600 -0.000001 1.569944 -0.062987 0.004053
 24 11.375561 -0.000001 0.000002 -2.101379 0.173460 0.041347
 25 -0.000000 -4.440603 -0.000000 1.570144 -0.062988 0.004040
 26 10.510129 0.000000 -0.000000 -0.000000 0.000000 -2.571712
 27 0.000002 -1.748401 4.999999 0.000000 0.004007 1.602291
 28 5.500000 0.000001 -0.000001 0.147295 -0.000000 0.000000
 29 -0.000002 -1.940599 5.000000 -0.044472 0.004003 -0.000180
 30 6.551491 0.000001 -0.000001 -0.826730 0.970589 -1.258057
 31 0.000000 -1.940598 5.000002 -0.027189 -0.053376 0.005295
 32 6.551491 0.000001 -0.000001 -0.090115 0.446845 -0.294133
 33 -0.000000 -1.940598 4.999997 -0.066572 -0.152786 -0.110311
 34 -0.170401 -0.256917 -1.704537 0.262460 1.485811 -2.814652
 35 6.384777 -0.000001 0.000001 0.171502 0.371647 -1.795558
 36 10.242682 0.000001 -0.000001 0.000000 -0.000000 -1.154571
 37 11.375560 -0.000000 0.000001 2.736347 0.583659 0.380474
 38 0.728679 0.023431 1.008291 -1.539000 -0.370199 0.101110
 39 2.136497 -0.000000 0.000000 -0.000000 0.000000 0.287979
 40 2.313138 -0.000000 -0.000000 0.000000 0.000000 3.141593
 41 3.115505 -0.886041 0.021430 0.495459 0.148146 0.639838
 42 2.011151 0.000000 0.000003 0.000000 0.000000 2.038377
 43 2.141380 0.000001 -0.000002 0.000000 0.000000 3.141593
 44 1.734172 0.000000 0.000003 0.000000 0.000000 1.019987
 45 0.136315 -3.738194 2.525889 1.493698 2.759406 -1.474501
 46 5.031115 -0.189687 1.849663 -2.967941 -0.035742 1.570790
 47 11.389367 -0.000820 0.158781 2.096106 0.356694 0.088417
 48 0.000000 -4.440599 -0.000000 1.570144 -3.078602 0.004040
 49 6.000002 -0.000001 -0.000002 2.096106 -0.000000 0.000000
 50 0.000001 -4.440601 -0.000001 1.569944 -3.078603 0.004053
 51 10.510131 0.000001 0.000001 -0.000000 0.000000 -2.148082
 52 0.000000 -1.748399 -5.000002 -3.141593 0.004007 -1.539299
 53 5.500000 0.000000 0.000000 -0.128883 -0.000000 0.000000
 54 0.000001 -0.000000 -4.999998 -0.044472 3.137590 -0.000177
 55 6.551490 -0.000001 -0.000000 0.128883 0.072716 -0.516215
 56 -1.266842 -1.937443 -4.950557 -0.066572 -2.988806 -0.110308
 57 6.551491 -0.000001 -0.000001 0.128883 0.072716 -0.516215
 58 0.699370 -1.944208 -5.006846 -0.027189 -3.088217 0.005298
 59 4.226143 -0.003200 -0.000000 0.076288 -0.054404 -0.043857
 60 0.000001 5.000000 -0.000001 -0.153564 0.000087 2.718702
 61 0.000004 -0.000005 -3.713580 0.365818 2.880119 -0.191589
 62 0.000002 0.000000 5.000000 3.053196 1.558589 -0.074928
 63 -0.000007 0.000005 3.713580 -0.001619 -3.122277 -0.475127
 64 0.000002 -0.000000 -5.000000 -0.088726 1.558589 3.066335
 65 7.363602 1.646647 0.495663 3.141593 -1.570796 0.000000
 66 -0.000005 0.000006 3.619081 0.008255 -3.110080 -0.985231
 67 16.573919 0.000001 -0.000000 -0.000000 -0.000000 -1.065827
 68 15.128181 0.000000 0.000000 -0.102296 0.010178 0.114297
 69 5.758665 4.244730 0.000000 0.000000 0.000000 1.667687
 70 3.177726 0.000000 0.000000 0.000000 0.000000 3.141593
 71 15.708953 0.000001 0.000000 -0.051525 0.003996 0.061523
 72 0.275148 0.189215 -3.445208 3.130898 0.000409 -1.514604
 73 17.210192 0.000000 -0.000000 -0.000000 -0.000000 -1.893339
 74 -0.000000 -0.000000 -4.999999 -0.079433 1.546568 -1.570857
 75 0.000002 -0.000003 -3.619081 0.577895 2.675801 -0.242118
 76 16.573921 -0.000001 -0.000002 -0.000000 -0.000000 -1.163030
 77 15.128181 0.000001 0.000001 0.089479 0.309197 0.659208
 78 5.758666 4.244730 -0.000001 -0.000000 -0.000000 1.815142
 79 4.003934 -0.000000 0.000001 0.000000 0.000000 0.000000
 80 15.708953 0.000001 0.000001 0.042277 0.226871 0.443133
 81 0.273998 0.191089 3.439763 -3.130907 -0.000437 -1.508107
 82 17.210194 -0.000001 -0.000002 0.000000 -0.000000 -1.937080
 83 -0.000000 -0.000001 5.000000 -0.079319 1.595025 -1.570742
time 18
  0 -0.650000 0.000000 33.899605 -0.025849 0.174554 -1.569172
  1 5.685103 0.833236 -32.227173 -0.174512 -0.026131 1.569196
  2 -2.276935 0.000003 -1.238188 -1.570795 -1.570451 0.000000
  3 1.796931 0.711826 -0.000396 0.120903 0.103006 -0.052526
  4 4.118463 -0.003253 -0.000394 0.120694 0.055784 -0.035347
  5 4.118896 -0.003244 -0.000387 0.118225 -0.046067 0.084266
  6 4.119555 -0.002706 -0.001587 0.505644 -0.035914 0.319361
  7 4.118378 -0.003491 -0.000532 0.151631 -0.098502 -0.079145
  8 4.443598 0.000000 0.000000 0.604472 0.180820 -0.395187
  9 9.024064 0.000000 0.000000 0.000000 0.000000 0.000000
 10 0.170401 0.263995 1.704537 -2.740722 -1.404280 -0.340005
 11 6.384777 0.000001 0.000001 1.566115 2.250104 1.233852
 12 10.242682 0.000000 -0.000000 0.000000 0.000000 -2.001832
 13 11.375562 -0.000002 -0.000001 -2.650930 0.309399 -0.013642
 14 0.728682 0.023432 -1.008295 1.705251 0.347372 0.567022
 15 2.136499 -0.000000 -0.000000 -0.000000 -0.000000 0.287979
 16 2.313138 -0.000001 -0.000000 0.000000 0.000000 0.000000
 17 3.115506 -0.886042 -0.021431 -0.000782 0.000152 0.191986
 18 2.011148 -0.000001 0.000001 -0.000000 0.000000 0.659566
 19 2.141379 -0.000000 -0.000000 0.000000 0.000000 0.000000
 20 1.734173 0.000002 -0.000003 0.000000 -0.000000 0.330185
 21 0.000007 -4.440593 0.000003 1.570544 -0.062990 -0.195737
 22 6.000000 -0.000002 -0.000000 -2.395068 0.000000 -0.000000
 23 0.000001 -4.440600 -0.000001 1.569944 -0.062987 0.004053
 24 11.375561 -0.000001 0.000002 -2.101379 0.173460 0.041347
 25 -0.000000 -4.440603 -0.000000 1.570144 -0.062988 0.004040
 26 10.510129 0.000000 -0.000000 -0.000000 0.000000 -2.571712
 27 0.000002 -1.748401 4.999999 0.000000 0.004007 1.602291
 28 5.500000 0.000001 -0.000001 0.147295 -0.000000 0.000000
 29 -0.000002 -1.940599 5.000000 -0.044472 0.004003 -0.000180
 30 6.551491 0.000001 -0.000001 -0.826730 0.970589 -1.258057
 31 0.000000 -1.940598 5.000002 -0.027189 -0.053376 0.005295
 32 6.551491 0.000001 -0.000001 -0.090115 0.446845 -0.294133
 33 -0.000000 -1.940598 4.999997 -0.066572 -0.152786 -0.110311
 34 -0.170401 -0.256917 -1.704537 0.262460 1.485811 -2.814652
 35 6.384777 -0.000001 0.000001 0.171502 0.371647 -1.795558
 36 10.242682 0.000001 -0.000001 0.000000 -0.000000 -1.154571
 37 11.375560 -0.000000 0.000001 2.736347 0.583659 0.380474
 38 0.728679 0.023431 1.008291 -1.539000 -0.370199 0.101110
 39 2.136497 -0.000000 0.000000 -0.000000 0.000000 0.287979
 40 2.313138 -0.000000 -0.000000 0.000000 0.000000 3.141593
 41 3.115505 -0.886041 0.021430 0.495459 0.148146 0.639838
 42 2.011151 0.000000 0.000003 0.000000 0.000000 2.038377
 43 2.141380 0.000001 -0.000002 0.000000 0.000000 3.141593
 44 1.734172 0.000000 0.000003 0.000000 0.000000 1.019987
 45 0.136315 -3.738194 2.525889 1.493698 2.759406 -1.474501
 46 5.031115 -0.189687 1.849663 -2.967941 -0.035742 1.570790
 47 11.389367 -0.000820 0.158781 2.096106 0.356694 0.088417
 48 0.000000 -4.440599 -0.000000 1.570144 -3.078602 0.004040
 49 6.000002 -0.000001 -0.000002 2.096106 -0.000000 0.000000
 50 0.000001 -4.440601 -0.000001 1.569944 -3.078603 0.004053
 51 10.510131 0.000001 0.000001 -0.000000 0.000000 -2.148082
 52 0.000000 -1.748399 -5.000002 -3.141593 0.004007 -1.539299
 53 5.500000 0.000000 0.000000 -0.128883 -0.000000 0.000000
 54 0.000001 -0.000000 -4.999998 -0.044472 3.137590 -0.000177
 55 6.551490 -0.000001 -0.000000 0.128883 0.072716 -0.516215
 56 -1.266842 -1.937443 -4.950557 -0.066572 -2.988806 -0.110308
 57 6.551491 -0.000001 -0.000001 0.128883 0.072716 -0.516215
 58 0.699370 -1.944208 -5.006846 -0.027189 -3.088217 0.005298
 59 4.226143 -0.003200 -0.000000 0.076288 -0.054404 -0.043857
 60 0.000001 5.000000 -0.000001 -0.153564 0.000087 2.718702
 61 0.000004 -0.000005 -3.713580 0.365818 2.880119 -0.191589
 62 0.000002 0.000000 5.000000 3.053196 1.558589 -0.074928
 63 -0.000007 0.000005 3.713580 -0.001619 -3.122277 -0.475127
 64 0.000002 -0.000000 -5.000000 -0.088726 1.558589 3.066335
 65 7.363602 1.646647 0.495663 3.141593 -1.570796 0.000000
 66 -0.000005 0.000006 3.619081 0.008255 -3.110080 -0.985231
 67 16.573919 0.000001 -0.000000 -0.000000 -0.000000 -1.065827
 68 15.128181 0.000000 0.000000 -0.102296 0.010178 0.114297
 69 5.758665 4.244730 0.000000 0.000000 0.000000 1.667687
 70 3.177726 0.000000 0.000000 0.000000 0.000000 3.141593
 71 15.708953 0.000001 0.000000 -0.051525 0.003996 0.061523
 72 0.275148 0.189215 -3.445208 3.130898 0.000409 -1.514604
 73 17.210192 0.000000 -0.000000 -0.000000 -0.000000 -1.893339
 74 -0.000000 -0.000000 -4.999999 -0.079433 1.546568 -1.570857
 75 0.000002 -0.000003 -3.619081 0.577895 2.675801 -0.242118
 76 16.573921 -0.000001 -0.000002 -0.000000 -0.000000 -1.163030
 77 15.128181 0.000001 0.000001 0.089479 0.309197 0.659208
 78 5.758666 4.244730 -0.000001 -0.000000 -0.000000 1.815142
 79 4.003934 -0.000000 0.000001 0.000000 0.000000 0.000000
 80 15.708953 0.000001 0.000001 0.042277 0.226871 0.443133
 81 0.273998 0.191089 3.439763 -3.130907 -0.000437 -1.508107
 82 17.210194 -0.000001 -0.000002 0.000000 -0.000000 -1.937080
 83 -0.000000 -0.000001 5.000000 -0.079319 1.595025 -1.570742
time 19
  0 -0.650000 0.000000 33.899605 -0.025849 0.174554 -1.569172
  1 5.685103 0.833236 -32.227173 -0.174512 -0.026131 1.569196
  2 -2.276935 0.000003 -1.238188 -1.570795 -1.570451 0.000000
  3 1.796931 0.711826 -0.000396 0.120903 0.103006 -0.052526
  4 4.118463 -0.003253 -0.000394 0.120694 0.055784 -0.035347
  5 4.118896 -0.003244 -0.000387 0.118225 -0.046067 0.084266
  6 4.119555 -0.002706 -0.001587 0.505644 -0.035914 0.319361
  7 4.118378 -0.003491 -0.000532 0.151631 -0.098502 -0.079145
  8 4.443598 0.000000 0.000000 0.604472 0.180820 -0.395187
  9 9.024064 0.000000 0.000000 0.000000 0.000000 0.000000
 10 0.170401 0.263995 1.704537 -2.740722 -1.404280 -0.340005
 11 6.384777 0.000001 0.000001 1.566115 2.250104 1.233852
 12 10.242682 0.000000 -0.000000 0.000000 0.000000 -2.001832
 13 11.375562 -0.000002 -0.000001 -2.650930 0.309399 -0.013642
 14 0.728682 0.023432 -1.008295 1.705251 0.347372 0.567022
 15 2.136499 -0.000000 -0.000000 -0.000000 -0.000000 0.287979
 16 2.313138 -0.000001 -0.000000 0.000000 0.000000 0.000000
 17 3.115506 -0.886042 -0.021431 -0.000782 0.000152 0.191986
 18 2.011148 -0.000001 0.000001 -0.000000 0.000000 0.659566
 19 2.141379 -0.000000 -0.000000 0.000000 0.000000 0.000000
 20 1.734173 0.000002 -0.000003 0.000000 -0.000000 0.330185
 21 0.000007 -4.440593 0.000003 1.570544 -0.062990 -0.195737
 22 6.000000 -0.000002 -0.000000 -2.395068 0.000000 -0.000000
 23 0.000001 -4.440600 -0.000001 1.569944 -0.062987 0.004053
 24 11.375561 -0.000001 0.000002 -2.101379 0.173460 0.041347
 25 -0.000000 -4.440603 -0.000000 1.570144 -0.062988 0.004040
 26 10.510129 0.000000 -0.000000 -0.000000 0.000000 -2.571712
 27 0.000002 -1.748401 4.999999 0.000000 0.004007 1.602291
 28 5.500000 0.000001 -0.000001 0.147295 -0.000000 0.000000
 29 -0.000002 -1.940599 5.000000 -0.044472 0.004003 -0.000180
 30 6.551491 0.000001 -0.000001 -0.826730 0.970589 -1.258057
 31 0.000000 -1.940598 5.000002 -0.027189 -0.053376 0.005295
 32 6.551491 0.000001 -0.000001 -0.090115 0.446845 -0.294133
 33 -0.000000 -1.940598 4.999997 -0.066572 -0.152786 -0.110311
 34 -0.170401 -0.256917 -1.704537 0.262460 1.485811 -2.814652
 35 6.384777 -0.000001 0.000001 0.171502 0.371647 -1.795558
 36 10.242682 0.000001 -0.000001 0.000000 -0.000000 -1.154571
 37 11.375560 -0.000000 0.000001 2.736347 0.583659 0.380474
 38 0.728679 0.023431 1.008291 -1.539000 -0.370199 0.101110
 39 2.136497 -0.000000 0.000000 -0.000000 0.000000 0.287979
 40 2.313138 -0.000000 -0.000000 0.000000 0.000000 3.141593
 41 3.115505 -0.886041 0.021430 0.495459 0.148146 0.639838
 42 2.011151 0.000000 0.000003 0.000000 0.000000 2.038377
 43 2.141380 0.000001 -0.000002 0.000000 0.000000 3.141593
 44 1.734172 0.000000 0.000003 0.000000 0.000000 1.019987
 45 0.136315 -3.738194 2.525889 1.493698 2.759406 -1.474501
 46 5.031115 -0.189687 1.849663 -2.967941 -0.035742 1.570790
 47 11.389367 -0.000820 0.158781 2.096106 0.356694 0.088417
 48 0.000000 -4.440599 -0.000000 1.570144 -3.078602 0.004040
 49 6.000002 -0.000001 -0.000002 2.096106 -0.000000 0.000000
 50 0.000001 -4.440601 -0.000001 1.569944 -3.078603 0.004053
 51 10.510131 0.000001 0.000001 -0.000000 0.000000 -2.148082
 52 0.000000 -1.748399 -5.000002 -3.141593 0.004007 -1.539299
 53 5.500000 0.000000 0.000000 -0.128883 -0.000000 0.000000
 54 0.000001 -0.000000 -4.999998 -0.044472 3.137590 -0.000177
 55 6.551490 -0.000001 -0.000000 0.128883 0.072716 -0.516215
 56 -1.266842 -1.937443 -4.950557 -0.066572 -2.988806 -0.110308
 57 6.551491 -0.000001 -0.000001 0.128883 0.072716 -0.516215
 58 0.699370 -1.944208 -5.006846 -0.027189 -3.088217 0.005298
 59 4.226143 -0.003200 -0.000000 0.076288 -0.054404 -0.043857
 60 0.000001 5.000000 -0.000001 -0.153564 0.000087 2.718702
 61 0.000004 -0.000005 -3.713580 0.365818 2.880119 -0.191589
 62 0.000002 0.000000 5.000000 3.053196 1.558589 -0.074928
 63 -0.000007 0.000005 3.713580 -0.001619 -3.122277 -0.475127
 64 0.000002 -0.000000 -5.000000 -0.088726 1.558589 3.066335
 65 7.363602 1.646647 0.495663 3.141593 -1.570796 0.000000
 66 -0.000005 0.000006 3.619081 0.008255 -3.110080 -0.985231
 67 16.573919 0.000001 -0.000000 -0.000000 -0.000000 -1.065827
 68 15.128181 0.000000 0.000000 -0.102296 0.010178 0.114297
 69 5.758665 4.244730 0.000000 0.000000 0.000000 1.667687
 70 3.177726 0.000000 0.000000 0.000000 0.000000 3.141593
 71 15.708953 0.000001 0.000000 -0.051525 0.003996 0.061523
 72 0.275148 0.189215 -3.445208 3.130898 0.000409 -1.514604
 73 17.210192 0.000000 -0.000000 -0.000000 -0.000000 -1.893339
 74 -0.000000 -0.000000 -4.999999 -0.079433 1.546568 -1.570857
 75 0.000002 -0.000003 -3.619081 0.577895 2.675801 -0.242118
 76 16.573921 -0.000001 -0.000002 -0.000000 -0.000000 -1.163030
 77 15.128181 0.000001 0.000001 0.089479 0.309197 0.659208
 78 5.758666 4.244730 -0.000001 -0.000000 -0.000000 1.815142
 79 4.003934 -0.000000 0.000001 0.000000 0.000000 0.000000
 80 15.708953 0.000001 0.000001 0.042277 0.226871 0.443133
 81 0.273998 0.191089 3.439763 -3.130907 -0.000437 -1.508107
 82 17.210194 -0.000001 -0.000002 0.000000 -0.000000 -1.937080
 83 -0.000000 -0.000001 5.000000 -0.079319 1.595025 -1.570742
time 20
  0 -0.650000 0.000000 33.899605 -0.025849 0.174554 -1.569172
  1 5.685103 0.833236 -32.227173 -0.174512 -0.026131 1.569196
  2 -2.276935 0.000003 -1.238188 -1.570795 -1.570451 0.000000
  3 1.796931 0.711826 -0.000396 0.120903 0.103006 -0.052526
  4 4.118463 -0.003253 -0.000394 0.120694 0.055784 -0.035347
  5 4.118896 -0.003244 -0.000387 0.118225 -0.046067 0.084266
  6 4.119555 -0.002706 -0.001587 0.505644 -0.035914 0.319361
  7 4.118378 -0.003491 -0.000532 0.151631 -0.098502 -0.079145
  8 4.443598 0.000000 0.000000 0.604472 0.180820 -0.395187
  9 9.024064 0.000000 0.000000 0.000000 0.000000 0.000000
 10 0.170401 0.263995 1.704537 -2.740722 -1.404280 -0.340005
 11 6.384777 0.000001 0.000001 1.566115 2.250104 1.233852
 12 10.242682 0.000000 -0.000000 0.000000 0.000000 -2.001832
 13 11.375562 -0.000002 -0.000001 -2.650930 0.309399 -0.013642
 14 0.728682 0.023432 -1.008295 1.705251 0.347372 0.567022
 15 2.136499 -0.000000 -0.000000 -0.000000 -0.000000 0.287979
 16 2.313138 -0.000001 -0.000000 0.000000 0.000000 0.000000
 17 3.115506 -0.886042 -0.021431 -0.000782 0.000152 0.191986
 18 2.011148 -0.000001 0.000001 -0.000000 0.000000 0.659566
 19 2.141379 -0.000000 -0.000000 0.000000 0.000000 0.000000
 20 1.734173 0.000002 -0.000003 0.000000 -0.000000 0.330185
 21 0.000007 -4.440593 0.000003 1.570544 -0.062990 -0.195737
 22 6.000000 -0.000002 -0.000000 -2.395068 0.000000 -0.000000
 23 0.000001 -4.440600 -0.000001 1.569944 -0.062987 0.004053
 24 11.375561 -0.000001 0.000002 -2.101379 0.173460 0.041347
 25 -0.000000 -4.440603 -0.000000 1.570144 -0.062988 0.004040
 26 10.510129 0.000000 -0.000000 -0.000000 0.000000 -2.571712
 27 0.000002 -1.748401 4.999999 0.000000 0.004007 1.602291
 28 5.500000 0.000001 -0.000001 0.147295 -0.000000 0.000000
 29 -0.000002 -1.940599 5.000000 -0.044472 0.004003 -0.000180
 30 6.551491 0.000001 -0.000001 -0.826730 0.970589 -1.258057
 31 0.000000 -1.940598 5.000002 -0.027189 -0.053376 0.005295
 32 6.551491 0.000001 -0.000001 -0.090115 0.446845 -0.294133
 33 -0.000000 -1.940598 4.999997 -0.066572 -0.152786 -0.110311
 34 -0.170401 -0.256917 -1.704537 0.262460 1.485811 -2.814652
 35 6.384777 -0.000001 0.000001 0.171502 0.371647 -1.795558
 36 10.242682 0.000001 -0.000001 0.000000 -0.000000 -1.154571
 37 11.375560 -0.000000 0.000001 2.736347 0.583659 0.380474
 38 0.728679 0.023431 1.008291 -1.539000 -0.370199 0.101110
 39 2.136497 -0.000000 0.000000 -0.000000 0.000000 0.287979
 40 2.313138 -0.000000 -0.000000 0.000000 0.000000 3.141593
 41 3.115505 -0.886041 0.021430 0.495459 0.148146 0.639838
 42 2.011151 0.000000 0.000003 0.000000 0.000000 2.038377
 43 2.141380 0.000001 -0.000002 0.000000 0.000000 3.141593
 44 1.734172 0.000000 0.000003 0.000000 0.000000 1.019987
 45 0.136315 -3.738194 2.525889 1.493698 2.759406 -1.474501
 46 5.031115 -0.189687 1.849663 -2.967941 -0.035742 1.570790
 47 11.389367 -0.000820 0.158781 2.096106 0.356694 0.088417
 48 0.000000 -4.440599 -0.000000 1.570144 -3.078602 0.004040
 49 6.000002 -0.000001 -0.000002 2.096106 -0.000000 0.000000
 50 0.000001 -4.440601 -0.000001 1.569944 -3.078603 0.004053
 51 10.510131 0.000001 0.000001 -0.000000 0.000000 -2.148082
 52 0.000000 -1.748399 -5.000002 -3.141593 0.004007 -1.539299
 53 5.500000 0.000000 0.000000 -0.128883 -0.000000 0.000000
 54 0.000001 -0.000000 -4.999998 -0.044472 3.137590 -0.000177
 55 6.551490 -0.000001 -0.000000 0.128883 0.072716 -0.516215
 56 -1.266842 -1.937443 -4.950557 -0.066572 -2.988806 -0.110308
 57 6.551491 -0.000001 -0.000001 0.128883 0.072716 -0.516215
 58 0.699370 -1.944208 -5.006846 -0.027189 -3.088217 0.005298
 59 4.226143 -0.003200 -0.000000 0.076288 -0.054404 -0.043857
 60 0.000001 5.000000 -0.000001 -0.153564 0.000087 2.718702
 61 0.000004 -0.000005 -3.713580 0.365818 2.880119 -0.191589
 62 0.000002 0.000000 5.000000 3.053196 1.558589 -0.074928
 63 -0.000007 0.000005 3.713580 -0.001619 -3.122277 -0.475127
 64 0.000002 -0.000000 -5.000000 -0.088726 1.558589 3.066335
 65 7.363602 1.646647 0.495663 3.141593 -1.570796 0.000000
 66 -0.000005 0.000006 3.619081 0.008255 -3.110080 -0.985231
 67 16.573919 0.000001 -0.000000 -0.000000 -0.000000 -1.065827
 68 15.128181 0.000000 0.000000 -0.102296 0.010178 0.114297
 69 5.758665 4.244730 0.000000 0.000000 0.000000 1.667687
 70 3.177726 0.000000 0.000000 0.000000 0.000000 3.141593
 71 15.708953 0.000001 0.000000 -0.051525 0.003996 0.061523
 72 0.275148 0.189215 -3.445208 3.130898 0.000409 -1.514604
 73 17.210192 0.000000 -0.000000 -0.000000 -0.000000 -1.893339
 74 -0.000000 -0.000000 -4.999999 -0.079433 1.546568 -1.570857
 75 0.000002 -0.000003 -3.619081 0.577895 2.675801 -0.242118
 76 16.573921 -0.000001 -0.000002 -0.000000 -0.000000 -1.163030
 77 15.128181 0.000001 0.000001 0.089479 0.309197 0.659208
 78 5.758666 4.244730 -0.000001 -0.000000 -0.000000 1.815142
 79 4.003934 -0.000000 0.000001 0.000000 0.000000 0.000000
 80 15.708953 0.000001 0.000001 0.042277 0.226871 0.443133
 81 0.273998 0.191089 3.439763 -3.130907 -0.000437 -1.508107
 82 17.210194 -0.000001 -0.000002 0.000000 -0.000000 -1.937080
 83 -0.000000 -0.000001 5.000000 -0.079319 1.595025 -1.570742
end
